t,x,y,z,success,ik_ms,total_ms,dx,dy,dz,robot_ms,setup_ms,loop_ms,iterations,iter_ms,pos_err_mm,track_err_mm,mem_kb,deadline_missed
1778558382.502378,0.214273,-0.145177,0.484037,1,2.3943,2.624,-0.001727,0.008323,0.006037,0.0008,1.259,1.1345,2,0.56727,0.1831,0.1831,151976,0
1778558382.552475,0.213885,-0.142958,0.486298,1,0.4862,0.6656,-0.002115,0.010541,0.008297,0.0008,0.1627,0.3227,1,0.32267,0.1735,0.1735,152000,0
1778558382.602552,0.213408,-0.141442,0.488087,1,0.4703,0.655,-0.002592,0.012057,0.010087,0.0007,0.1623,0.3074,1,0.30737,0.1549,0.1549,152000,0
1778558382.652652,0.21319,-0.139846,0.488967,1,0.4514,0.6416,-0.00281,0.013654,0.010966,0.0007,0.1547,0.296,1,0.29601,0.1495,0.1495,152004,0
1778558382.702779,0.213108,-0.137785,0.490061,1,0.4441,0.6219,-0.002892,0.015714,0.012061,0.0009,0.1502,0.293,1,0.29299,0.1375,0.1375,152020,0
1778558382.753954,0.213156,-0.137439,0.490195,1,0.5607,0.8047,-0.002844,0.01606,0.012195,0.0008,0.186,0.3739,1,0.37394,0.1326,0.1326,152024,0
1778558382.804049,0.213206,-0.137215,0.490161,1,0.4821,0.6856,-0.002794,0.016285,0.012161,0.0013,0.1687,0.3121,1,0.31215,0.1315,0.1315,152024,0
1778558382.854146,0.213314,-0.137031,0.489962,1,0.4448,0.7051,-0.002686,0.016469,0.011961,0.0008,0.1533,0.2908,1,0.29081,0.1333,0.1333,152024,0
1778558382.90424,0.213052,-0.137754,0.48975,1,0.5292,0.707,-0.002948,0.015745,0.01175,0.0009,0.163,0.3654,1,0.36537,0.1308,0.1308,152040,0
1778558382.954339,0.21287,-0.138688,0.489519,1,0.3142,0.4617,-0.00313,0.014811,0.011518,0.0005,0.1169,0.1968,1,0.1968,0.1306,0.1306,152040,0
1778558383.004861,0.212597,-0.139711,0.489342,1,0.4867,0.7261,-0.003403,0.013788,0.011342,0.0009,0.1606,0.3251,1,0.32514,0.1286,0.1286,152040,0
1778558383.054971,0.212424,-0.140343,0.489086,1,0.6285,0.8702,-0.003576,0.013156,0.011086,0.0011,0.2042,0.4232,1,0.4232,0.1275,0.1275,152040,0
1778558383.10507,0.212265,-0.141284,0.488524,1,0.5121,0.6887,-0.003735,0.012215,0.010523,0.0007,0.2105,0.3009,1,0.30087,0.1254,0.1254,152044,0
1778558383.155177,0.212296,-0.141269,0.487943,1,0.4638,0.6566,-0.003704,0.012231,0.009943,0.001,0.1625,0.3003,1,0.30029,0.1268,0.1268,152044,0
1778558383.20528,0.212303,-0.141233,0.487502,1,0.5025,0.7063,-0.003697,0.012266,0.009502,0.0009,0.1779,0.3236,1,0.32364,0.1288,0.1288,152044,0
1778558383.255403,0.212294,-0.141079,0.4873,1,0.5164,0.7204,-0.003706,0.012421,0.009299,0.0007,0.1932,0.3225,1,0.3225,0.1289,0.1289,152044,0
1778558383.305493,0.212207,-0.140686,0.487217,1,0.437,0.6115,-0.003793,0.012813,0.009217,0.0007,0.1553,0.281,1,0.28096,0.1295,0.1295,152044,0
1778558383.355649,0.212098,-0.140409,0.487258,1,0.4371,0.8047,-0.003902,0.01309,0.009258,0.0009,0.1616,0.2746,1,0.2746,0.1304,0.1304,152044,0
1778558383.405823,0.212212,-0.140363,0.487465,1,0.466,0.6506,-0.003788,0.013137,0.009465,0.001,0.1646,0.3004,1,0.30041,0.1306,0.1306,152048,0
1778558383.455932,0.212566,-0.140409,0.488002,1,0.4438,0.7728,-0.003434,0.01309,0.010002,0.0008,0.1566,0.2863,1,0.28632,0.1308,0.1308,152060,0
1778558383.50603,0.213969,-0.140432,0.490667,1,0.4572,0.6348,-0.002031,0.013067,0.012666,0.0014,0.17,0.2859,1,0.28589,0.1339,0.1339,152064,0
1778558383.556115,0.215562,-0.140201,0.493161,1,0.4471,0.6267,-0.000438,0.013298,0.01516,0.0006,0.1421,0.3045,1,0.30447,0.1362,0.1362,152076,0
1778558383.60622,0.217375,-0.140153,0.495692,1,0.4559,0.6469,0.001375,0.013346,0.017692,0.0009,0.1739,0.281,1,0.281,0.1383,0.1383,152076,0
1778558383.656295,0.220155,-0.140155,0.498937,1,0.5027,0.7157,0.004155,0.013344,0.020936,0.0009,0.1753,0.3265,1,0.32654,0.1441,0.1441,152076,0
1778558383.706391,0.227105,-0.141204,0.505708,1,0.4504,0.6162,0.011105,0.012295,0.027708,0.0006,0.1596,0.2902,1,0.29025,0.2229,0.2229,152076,0
1778558383.756574,0.231209,-0.142225,0.509416,1,0.4884,0.6682,0.015209,0.011274,0.031416,0.0009,0.17,0.3175,1,0.31746,0.1612,0.1612,152076,0
1778558383.806744,0.236651,-0.143683,0.513596,1,0.4304,0.6384,0.020651,0.009816,0.035596,0.0007,0.1491,0.2806,1,0.28056,0.1808,0.1808,152076,0
1778558383.856851,0.242991,-0.145083,0.518082,1,0.4399,0.6183,0.026991,0.008417,0.040081,0.0013,0.1585,0.2801,1,0.28011,0.2004,0.2004,152076,0
1778558383.906951,0.258152,-0.146273,0.526887,1,0.4411,0.6394,0.042152,0.007226,0.048887,0.0007,0.1591,0.2813,1,0.28133,0.6397,0.6397,152080,0
1778558383.957035,0.266902,-0.14667,0.532214,1,0.4385,0.6342,0.050902,0.00683,0.054213,0.0008,0.1552,0.2826,1,0.28257,0.2923,0.2923,152080,0
1778558384.007138,0.275542,-0.147361,0.538123,1,0.4799,0.6455,0.059542,0.006139,0.060123,0.0006,0.1588,0.3205,1,0.32051,0.3229,0.3229,152080,0
1778558384.057212,0.283836,-0.146889,0.542438,1,0.4502,0.6244,0.067836,0.00661,0.064438,0.0014,0.1567,0.2921,1,0.29211,0.3278,0.3278,152080,0
1778558384.10729,0.304341,-0.146615,0.551114,1,0.4485,0.6322,0.088341,0.006885,0.073113,0.0009,0.1533,0.2942,1,0.29421,1.1806,1.1806,152084,0
1778558384.157382,0.313808,-0.145879,0.555089,1,0.4845,0.6807,0.097808,0.00762,0.077089,0.0011,0.1729,0.3104,1,0.31043,0.5244,0.5244,152084,0
1778558384.207459,0.322675,-0.144336,0.55824,1,0.4466,0.6261,0.106675,0.009163,0.08024,0.0005,0.1616,0.2845,1,0.28454,0.5629,0.5629,152084,0
1778558384.257636,0.331205,-0.142858,0.562305,1,0.517,0.7114,0.115205,0.010641,0.084305,0.0008,0.1654,0.3508,1,0.35077,0.6277,0.6277,152084,0
1778558384.307742,0.345979,-0.139087,0.569215,1,0.4585,0.6297,0.129979,0.014412,0.091215,0.0006,0.1654,0.2925,1,0.2925,1.1665,1.1665,152088,0
1778558384.357861,0.35276,-0.137184,0.572243,1,0.524,0.7333,0.13676,0.016315,0.094243,0.0008,0.1758,0.3474,1,0.34741,0.8276,0.8276,152088,0
1778558384.408125,0.35,-0.15,0.6,1,0.4113,0.6033,0.143229,0.018675,0.097181,0.0008,0.1339,0.2766,1,0.27663,2.3396,2.3396,152088,0
1778558384.458214,0.35,-0.15,0.6,1,0.4661,0.6577,0.148958,0.020894,0.099698,0.0007,0.168,0.2974,1,0.29737,0.5886,0.5886,152092,0
1778558384.508335,0.35,-0.15,0.6,1,0.6085,0.8319,0.158896,0.026021,0.099354,0.001,0.1875,0.4201,1,0.42006,0.5692,0.5692,152092,0
1778558384.55851,0.4,-0.1,0.6,1,0.7536,0.9418,0.160529,0.028739,0.097194,0.0007,0.1663,0.5867,3,0.19558,1.8971,1.8971,152092,0
1778558384.608676,0.4,-0.1,0.55,1,4.0596,4.9991,0.161631,0.030938,0.094734,0.0009,0.1741,3.8846,25,0.15538,3.4901,3.4901,152100,0
1778558384.658766,0.4,-0.1,0.55,1,4.362,5.5209,0.163348,0.033047,0.091888,0.0007,0.1619,4.1994,25,0.16798,3.4822,3.4822,152100,0
1778558384.708858,0.4,-0.1,0.55,1,4.7281,5.5642,0.166381,0.034806,0.08938,0.0012,0.1647,4.5623,25,0.18249,3.4689,3.4689,152104,0
1778558384.759063,0.38334,-0.118501,0.566374,1,0.6784,0.8573,0.16734,0.034998,0.088374,0.0009,0.1561,0.5214,2,0.26071,1.8159,1.8159,152104,0
1778558384.809164,0.4,-0.1,0.55,1,3.7617,6.7961,0.166327,0.034425,0.087816,0.001,0.1605,3.6003,25,0.14401,3.4621,3.4621,152104,0
1778558384.859586,0.4,-0.1,0.55,1,4.4247,4.972,0.16364,0.033853,0.086543,0.0006,0.1059,4.3182,25,0.17273,3.4637,3.4637,152104,0
1778558384.909667,0.35,-0.1,0.55,1,0.4518,0.7658,0.151443,0.032021,0.08423,0.0003,0.1075,0.344,3,0.11466,0.9588,0.9588,152104,0
1778558384.959879,0.359294,-0.122404,0.561743,1,0.4712,0.6711,0.143294,0.031096,0.083742,0.0008,0.1551,0.3153,1,0.31527,1.2793,1.2793,152104,0
1778558385.010094,0.349206,-0.12356,0.561082,1,0.4511,0.6569,0.133206,0.029939,0.083082,0.0007,0.1541,0.2964,1,0.29635,1.2879,1.2879,152176,0
1778558385.060298,0.35,-0.15,0.55,1,0.5205,0.7128,0.113263,0.026666,0.082356,0.0007,0.1688,0.351,1,0.35102,1.3755,1.3755,152176,0
1778558385.110397,0.3,-0.15,0.55,1,0.6193,1.5581,0.102756,0.025479,0.082263,0.0008,0.1499,0.4685,2,0.23426,1.1343,1.1343,152176,0
1778558385.160565,0.311053,-0.129741,0.559631,1,0.4928,1.2557,0.095053,0.023759,0.081631,0.0007,0.1552,0.3369,1,0.33686,1.1932,1.1932,152184,0
1778558385.210672,0.300923,-0.131687,0.558713,1,0.426,1.1698,0.084923,0.021813,0.080713,0.001,0.1376,0.2874,1,0.28743,0.4619,0.4619,152184,0
1778558385.260774,0.281635,-0.135993,0.556067,1,0.4605,1.1297,0.065635,0.017506,0.078066,0.0009,0.1518,0.3078,1,0.30777,0.9448,0.9448,152200,0
1778558385.311052,0.270959,-0.138489,0.554012,1,0.4854,3.8405,0.054959,0.01501,0.076012,0.0012,0.1651,0.3191,1,0.31911,0.3809,0.3809,152200,0
1778558385.361144,0.260984,-0.140761,0.551761,1,0.4575,3.1049,0.044984,0.012739,0.073761,0.0007,0.1511,0.3057,1,0.30569,0.2335,0.2335,152200,0
1778558385.411476,0.250545,-0.142914,0.548793,1,0.2842,0.3935,0.034545,0.010586,0.070793,0.0004,0.1108,0.173,1,0.17301,0.2062,0.2062,152200,0
1778558385.461579,0.228797,-0.146838,0.540916,1,0.2842,0.3971,0.012797,0.006661,0.062916,0.0004,0.109,0.1747,1,0.17473,1.1502,1.1502,152204,0
1778558385.511745,0.217651,-0.148546,0.536142,1,0.4585,0.6458,0.001651,0.004953,0.058142,0.0007,0.1592,0.2986,1,0.29864,0.2145,0.2145,152204,0
1778558385.561851,0.208155,-0.149408,0.532405,1,0.4792,0.67,-0.007845,0.004091,0.054404,0.0006,0.1656,0.3131,1,0.31306,0.0975,0.0975,152208,0
1778558385.611937,0.196697,-0.148733,0.526403,1,0.4368,0.6219,-0.019303,0.004766,0.048402,0.0007,0.1495,0.2866,1,0.28663,0.2141,0.2141,152208,0
1778558385.662027,0.179961,-0.146677,0.514756,1,0.436,0.6289,-0.036039,0.006822,0.036756,0.0007,0.1451,0.2902,1,0.29021,0.6553,0.6553,152208,0
1778558385.712209,0.171674,-0.146949,0.508894,1,0.6213,0.8193,-0.044326,0.00655,0.030893,0.0007,0.2574,0.3632,1,0.3632,0.0659,0.0659,152208,0
1778558385.763933,0.163991,-0.147531,0.503862,1,0.525,1.045,-0.052009,0.005968,0.025862,0.0015,0.1823,0.3412,1,0.34124,0.086,0.086,152208,0
1778558385.814025,0.15652,-0.148423,0.49918,1,0.5201,0.7253,-0.05948,0.005077,0.021179,0.0006,0.173,0.3465,1,0.34652,0.1059,0.1059,152208,0
1778558385.864123,0.1444,-0.150417,0.493378,1,0.4422,0.6154,-0.0716,0.003082,0.015377,0.0009,0.1523,0.2891,1,0.28909,0.2941,0.2941,152208,0
1778558385.91422,0.140373,-0.150462,0.490664,1,0.4912,0.6748,-0.075627,0.003037,0.012663,0.0008,0.1689,0.3215,1,0.32152,0.1849,0.1849,152208,0
1778558385.964571,0.137038,-0.150122,0.48743,1,0.55,0.7507,-0.078962,0.003377,0.00943,0.0005,0.192,0.3575,1,0.3575,0.1891,0.1891,152220,0
1778558386.014676,0.135452,-0.150191,0.484855,1,0.4551,0.6555,-0.080548,0.003308,0.006854,0.0007,0.1588,0.2956,1,0.29555,0.209,0.209,152220,0
1778558386.064765,0.137504,-0.152314,0.481004,1,0.4361,0.6096,-0.078496,0.001185,0.003004,0.0006,0.1547,0.2808,1,0.28079,0.174,0.174,152220,0
1778558386.114866,0.140629,-0.154419,0.481131,1,0.4567,0.6412,-0.075371,-0.00092,0.00313,0.0007,0.1518,0.3042,1,0.30424,0.1728,0.1728,152220,0
1778558386.164978,0.144252,-0.157056,0.482122,1,0.6042,0.8352,-0.071748,-0.003557,0.004122,0.0008,0.1797,0.4237,1,0.42374,0.1605,0.1605,152220,0
1778558386.215054,0.14823,-0.159715,0.483425,1,0.4595,0.6674,-0.06777,-0.006216,0.005424,0.0008,0.1516,0.3071,1,0.30707,0.1529,0.1529,152220,0
1778558386.265139,0.160144,-0.165455,0.48714,1,0.4684,0.6714,-0.055856,-0.011956,0.00914,0.0008,0.1664,0.3012,1,0.30116,0.2391,0.2391,152220,0
1778558386.315217,0.169222,-0.168293,0.490742,1,0.4884,0.6579,-0.046778,-0.014794,0.012741,0.0005,0.1537,0.3341,1,0.33412,0.1152,0.1152,152220,0
1778558386.36532,0.179483,-0.170518,0.494099,1,0.4394,0.6246,-0.036517,-0.017019,0.016099,0.0007,0.147,0.2917,1,0.29171,0.1739,0.1739,152224,0
1778558386.415416,0.191893,-0.173503,0.498834,1,0.459,0.6531,-0.024107,-0.020004,0.020833,0.0006,0.1579,0.3005,1,0.3005,0.2939,0.2939,152224,0
1778558386.465504,0.218987,-0.179588,0.510002,1,0.4835,0.6863,0.002987,-0.026088,0.032002,0.0008,0.1638,0.319,1,0.31896,1.7184,1.7184,152224,0
1778558386.515869,0.232697,-0.182612,0.516409,1,0.4412,0.625,0.016697,-0.029113,0.038409,0.0009,0.1546,0.2858,1,0.28576,0.3885,0.3885,152224,0
1778558386.566064,0.24555,-0.184713,0.52252,1,0.4299,0.6176,0.02955,-0.031213,0.044519,0.0006,0.1516,0.2777,1,0.27775,0.3591,0.3591,152224,0
1778558386.61616,0.256427,-0.184899,0.527908,1,0.4393,0.6209,0.040427,-0.0314,0.049907,0.0007,0.151,0.2876,1,0.2876,0.2869,0.2869,152228,0
1778558386.666256,0.279329,-0.184593,0.537918,1,0.4476,0.6396,0.063329,-0.031094,0.059918,0.0008,0.1467,0.3002,1,0.30018,1.3634,1.3634,152228,0
1778558386.716357,0.291563,-0.183841,0.543624,1,0.4683,0.6729,0.075563,-0.030342,0.065624,0.0011,0.1556,0.3116,1,0.31164,0.5337,0.5337,152232,0
1778558386.766487,0.303382,-0.184464,0.550318,1,0.4639,0.7107,0.087382,-0.030965,0.072318,0.0006,0.1556,0.3077,1,0.30767,0.5836,0.5836,152232,0
1778558386.816822,0.316096,-0.184477,0.555028,1,0.4743,0.6661,0.100096,-0.030977,0.077028,0.0007,0.1529,0.3207,1,0.3207,0.6441,0.6441,152244,0
1778558386.867025,0.340632,-0.18394,0.564614,1,0.4291,0.6187,0.124632,-0.030441,0.086614,0.0008,0.1498,0.2786,1,0.27857,2.1692,2.1692,152244,0
1778558386.917119,0.351792,-0.181792,0.567252,1,0.4189,0.6109,0.135792,-0.028293,0.089252,0.0006,0.1422,0.2761,1,0.27608,1.0609,1.0609,152244,0
1778558386.967235,0.35,-0.2,0.55,1,0.5893,0.8145,0.144685,-0.026079,0.091224,0.0009,0.204,0.3844,1,0.38437,1.7127,1.7127,152244,0
1778558387.017334,0.35,-0.2,0.55,1,0.4445,0.6205,0.15258,-0.022885,0.093691,0.0008,0.1482,0.2954,1,0.29544,0.7516,0.7516,152244,0
1778558387.067426,0.4,-0.15,0.55,1,0.8222,1.0089,0.163319,-0.013042,0.095587,0.0008,0.1777,0.6437,3,0.21456,2.8353,2.8353,152248,0
1778558387.11752,0.4,-0.15,0.55,1,0.4807,0.6636,0.167522,-0.006533,0.095981,0.0007,0.1734,0.3066,1,0.30661,2.9281,2.9281,152248,0
1778558387.16763,0.386878,-0.152755,0.57385,1,0.4965,0.6892,0.170878,0.000744,0.095849,0.0009,0.1797,0.3158,1,0.31584,2.4818,2.4818,152252,0
1778558387.217738,0.390465,-0.146775,0.573221,1,0.4935,0.6882,0.174465,0.006724,0.095221,0.0006,0.1507,0.3421,1,0.34212,1.5829,1.5829,152252,0
1778558387.267918,0.397345,-0.136963,0.571207,1,0.4694,0.6566,0.181345,0.016536,0.093207,0.0008,0.1627,0.3059,1,0.30585,2.3453,2.3453,152252,0
1778558387.318035,0.400614,-0.133026,0.569633,1,0.4717,0.6461,0.184614,0.020473,0.091632,0.0006,0.159,0.3121,1,0.31209,2.5542,2.5542,152252,0
1778558387.368145,0.401672,-0.129355,0.567748,1,0.5395,0.7248,0.185672,0.024145,0.089748,0.001,0.1799,0.3586,1,0.3586,2.8771,2.8771,152252,0
1778558387.418492,0.402194,-0.126153,0.565677,1,0.703,1.5541,0.186194,0.027346,0.087677,0.0005,0.1081,0.5944,2,0.29718,2.5407,2.5407,152252,0
1778558387.468592,0.396634,-0.118563,0.561918,1,0.6151,0.8079,0.180634,0.034937,0.083918,0.0006,0.1404,0.4741,2,0.23704,2.1852,2.1852,152260,0
1778558387.518677,0.391581,-0.113905,0.560535,1,0.6117,0.7867,0.175581,0.039594,0.082534,0.0009,0.153,0.4579,2,0.22894,1.9071,1.9071,152260,0
1778558387.568764,0.386,-0.109242,0.559571,1,0.6188,0.8011,0.17,0.044258,0.081571,0.0008,0.1525,0.4654,2,0.2327,1.6659,1.6659,152264,0
1778558387.618859,0.379037,-0.105108,0.559359,1,0.6426,1.474,0.163037,0.048391,0.081359,0.0006,0.1664,0.4756,2,0.23781,1.4203,1.4203,152264,0
1778558387.668971,0.35714,-0.096306,0.558314,1,0.7948,1.0117,0.14114,0.057193,0.080313,0.001,0.1738,0.6201,2,0.31005,1.2864,1.2864,152264,0
1778558387.719131,0.34303,-0.093904,0.55667,1,0.4526,0.6236,0.12703,0.059595,0.07867,0.0008,0.1591,0.2927,1,0.29266,2.7558,2.7558,152264,0
1778558387.769297,0.327723,-0.092228,0.554344,1,0.5081,0.6958,0.111723,0.061271,0.076343,0.0009,0.1745,0.3327,1,0.33269,1.8792,1.8792,152264,0
1778558387.819408,0.312312,-0.092049,0.551303,1,0.4619,0.6553,0.096312,0.061451,0.073303,0.0007,0.1666,0.2946,1,0.29465,1.1383,1.1383,152264,0
1778558387.869542,0.281967,-0.094571,0.543925,1,0.4462,0.6368,0.065967,0.058928,0.065925,0.0011,0.1591,0.2861,1,0.28606,2.3388,2.3388,152264,0
1778558387.919747,0.3,-0.1,0.55,1,0.4275,0.606,0.050338,0.056217,0.062004,0.0007,0.146,0.2808,1,0.2808,1.5064,1.5064,152268,0
1778558387.969953,0.25,-0.1,0.5,1,0.6057,0.7793,0.034407,0.052966,0.057015,0.0008,0.1502,0.4548,2,0.22741,0.6711,0.6711,152268,0
1778558388.020058,0.2,-0.1,0.5,1,0.7204,1.3121,0.004865,0.045624,0.046833,0.0006,0.1904,0.5293,2,0.26467,0.715,0.715,152268,0
1778558388.070128,0.207895,-0.112093,0.520044,1,0.5748,1.3177,-0.008105,0.041406,0.042044,0.0007,0.1671,0.407,1,0.40701,1.2509,1.2509,152280,0
1778558388.120217,0.194149,-0.117881,0.514984,1,0.4382,0.6209,-0.021851,0.035618,0.036984,0.0008,0.149,0.2884,1,0.28843,0.379,0.379,152280,0
1778558388.170317,0.2,-0.1,0.5,1,0.4593,1.2186,-0.031679,0.029822,0.032799,0.0008,0.1624,0.2961,1,0.29609,1.3163,1.3163,152280,0
1778558388.22063,0.163219,-0.137698,0.502214,1,0.5852,1.3963,-0.052781,0.015801,0.024214,0.0008,0.1385,0.446,2,0.22299,0.2915,0.2915,152280,0
1778558388.271052,0.156478,-0.144596,0.499752,1,0.4461,0.6281,-0.059522,0.008903,0.021752,0.0014,0.1607,0.284,1,0.28403,0.0824,0.0824,152280,0
1778558388.321157,0.150421,-0.152223,0.497576,1,0.458,1.2379,-0.065579,0.001276,0.019576,0.0006,0.166,0.2914,1,0.2914,0.1348,0.1348,152284,0
1778558388.371289,0.146696,-0.158726,0.496134,1,0.3713,0.5209,-0.069304,-0.005227,0.018134,0.0007,0.127,0.2436,1,0.24358,0.1136,0.1136,152284,0
1778558388.421413,0.151763,-0.168364,0.493285,1,0.4292,0.6109,-0.064237,-0.014865,0.015285,0.0006,0.1387,0.2899,1,0.28991,0.5201,0.5201,152284,0
1778558388.471684,0.164243,-0.172011,0.490403,1,0.2871,0.4041,-0.051757,-0.018512,0.012403,0.0005,0.1055,0.1811,1,0.18107,0.178,0.178,152284,0
1778558388.524017,0.2,-0.2,0.5,1,0.6362,0.8351,-0.033848,-0.025112,0.010404,0.0006,0.1507,0.4849,2,0.24245,0.0468,0.0468,152284,0
1778558388.574607,0.200516,-0.185574,0.487465,1,0.4746,0.687,-0.015484,-0.032074,0.009465,0.0009,0.1544,0.3193,1,0.3193,0.7744,0.7744,152284,0
1778558388.624799,0.229802,-0.196579,0.487384,1,0.4696,0.668,0.013802,-0.04308,0.009383,0.0009,0.1669,0.3017,1,0.30174,2.0919,2.0919,152284,0
1778558388.674934,0.241437,-0.199572,0.489759,1,0.5039,0.7045,0.025437,-0.046073,0.011759,0.0008,0.1646,0.3385,1,0.3385,0.4065,0.4065,152284,0
1778558388.725006,0.251499,-0.201996,0.489219,1,0.4485,0.6586,0.035499,-0.048497,0.011219,0.0009,0.1624,0.2852,1,0.28519,0.3903,0.3903,152292,0
1778558388.775112,0.258674,-0.20436,0.489455,1,0.5467,0.7369,0.042674,-0.050861,0.011454,0.0006,0.1697,0.3764,1,0.37636,0.3627,0.3627,152304,0
1778558388.825228,0.264931,-0.206066,0.489578,1,0.5486,0.7863,0.048931,-0.052567,0.011577,0.0011,0.1797,0.3678,1,0.36781,0.4015,0.4015,152304,0
1778558388.875332,0.267384,-0.206642,0.488525,1,0.4932,0.6824,0.051384,-0.053143,0.010525,0.0009,0.166,0.3263,1,0.3263,0.3528,0.3528,152304,0
1778558388.92541,0.269728,-0.20698,0.486614,1,0.4885,0.6668,0.053728,-0.053481,0.008614,0.0006,0.1716,0.3163,1,0.31627,0.3749,0.3749,152304,0
1778558388.975631,0.271308,-0.207327,0.484406,1,0.4297,0.6147,0.055308,-0.053827,0.006406,0.0007,0.1464,0.2826,1,0.28258,0.4002,0.4002,152304,0
1778558389.025845,0.25,-0.2,0.5,1,0.46,0.6605,0.057185,-0.052928,0.002182,0.0008,0.1554,0.3038,1,0.30385,1.8638,1.8638,152304,0
1778558389.075965,0.25,-0.2,0.5,1,0.4595,0.6706,0.058602,-0.052287,-0.000278,0.0008,0.1537,0.305,1,0.30499,0.3051,0.3051,152304,0
1778558389.126076,0.3,-0.2,0.5,1,0.6291,0.8149,0.059717,-0.051982,-0.002211,0.0008,0.1688,0.4595,2,0.22976,0.5915,0.5915,152308,0
1778558389.176175,0.3,-0.2,0.45,1,0.6251,0.8113,0.06089,-0.051429,-0.003395,0.0008,0.1621,0.4622,2,0.23112,1.0448,1.0448,152308,0
1778558389.226258,0.3,-0.2,0.45,1,0.494,0.6771,0.0629,-0.049835,-0.005934,0.0006,0.1662,0.3272,1,0.32716,0.9762,0.9762,152308,0
1778558389.276377,0.3,-0.2,0.45,1,0.5712,0.7987,0.063026,-0.048814,-0.005768,0.0011,0.2037,0.3665,1,0.36646,0.9781,0.9781,152308,0
1778558389.326471,0.3,-0.2,0.45,1,0.4324,0.6043,0.063246,-0.048058,-0.005345,0.0007,0.1473,0.2844,1,0.28444,0.978,0.978,152308,0
1778558389.376647,0.3,-0.2,0.45,1,0.5008,0.6955,0.063849,-0.04835,-0.005202,0.0006,0.1666,0.3335,1,0.33355,0.9765,0.9765,152308,0
1778558389.426798,0.28147,-0.201525,0.473193,1,0.4783,0.6811,0.06547,-0.048025,-0.004807,0.0011,0.1506,0.3266,1,0.32665,2.7052,2.7052,152312,0
1778558389.476933,0.282236,-0.201541,0.473003,1,0.43,0.6235,0.066236,-0.048042,-0.004997,0.0014,0.1443,0.2843,1,0.28431,0.5348,0.5348,152316,0
1778558389.527981,0.282768,-0.201631,0.472849,1,0.6634,0.8669,0.066768,-0.048132,-0.005151,0.0009,0.1655,0.497,1,0.49703,0.5225,0.5225,152328,0
1778558389.578096,0.28313,-0.201589,0.472773,1,0.4385,0.6246,0.06713,-0.04809,-0.005228,0.0006,0.1493,0.2886,1,0.28855,0.5254,0.5254,152328,0
1778558389.628177,0.28311,-0.201347,0.472317,1,0.2899,0.5303,0.06711,-0.047848,-0.005683,0.0004,0.1052,0.1844,1,0.18437,0.5281,0.5281,152328,0
1778558389.678397,0.283315,-0.201302,0.472043,1,0.6744,0.8565,0.067315,-0.047803,-0.005957,0.0007,0.1479,0.5259,1,0.52592,0.5312,0.5312,152328,0
1778558389.728502,0.28367,-0.201265,0.472187,1,0.4519,0.645,0.06767,-0.047766,-0.005813,0.0008,0.1665,0.2846,1,0.28463,0.5328,0.5328,152328,0
1778558389.778674,0.284403,-0.201402,0.472345,1,0.4603,1.2954,0.068403,-0.047903,-0.005655,0.0014,0.1586,0.3003,1,0.30028,0.5385,0.5385,152328,0
1778558389.828901,0.285712,-0.201512,0.472456,1,0.4752,0.658,0.069712,-0.048013,-0.005544,0.0008,0.1676,0.3068,1,0.3068,0.5538,0.5538,152328,0
1778558389.878983,0.286177,-0.201632,0.472295,1,0.4351,0.6324,0.070177,-0.048133,-0.005706,0.0007,0.1484,0.286,1,0.28599,0.5553,0.5553,152332,0
1778558389.929072,0.286555,-0.201552,0.471984,1,0.2875,0.4167,0.070555,-0.048053,-0.006017,0.0006,0.1091,0.1778,1,0.17782,0.5611,0.5611,152332,0
1778558389.979362,0.286862,-0.201395,0.471555,1,0.2952,0.43,0.070862,-0.047896,-0.006446,0.0005,0.1105,0.1843,1,0.1843,0.5674,0.5674,152332,0
1778558390.029467,0.287641,-0.201252,0.471442,1,0.5342,0.739,0.071641,-0.047753,-0.006559,0.001,0.2021,0.3311,1,0.3311,0.5774,0.5774,152332,0
1778558390.079759,0.288389,-0.201182,0.471659,1,0.3267,0.6059,0.072389,-0.047683,-0.006341,0.0004,0.1062,0.2201,1,0.22009,0.5834,0.5834,152332,0
1778558390.129931,0.289404,-0.201089,0.472013,1,0.4507,0.6488,0.073404,-0.04759,-0.005987,0.0008,0.1594,0.2905,1,0.29046,0.5914,0.5914,152332,0
1778558390.180284,0.291129,-0.201334,0.472418,1,0.5019,1.6401,0.075129,-0.047835,-0.005582,0.001,0.1769,0.324,1,0.32402,0.6083,0.6083,152332,0
1778558390.230458,0.291937,-0.201652,0.472479,1,0.5357,1.2191,0.075937,-0.048153,-0.005522,0.001,0.19,0.3447,1,0.3447,0.6139,0.6139,152340,0
1778558390.280623,0.292866,-0.202236,0.472645,1,0.455,2.4151,0.076866,-0.048736,-0.005356,0.001,0.156,0.298,1,0.29803,0.6235,0.6235,152340,0
1778558390.330734,0.293835,-0.202855,0.472523,1,0.4257,1.31,0.077835,-0.049356,-0.005478,0.0011,0.1364,0.2882,1,0.28823,0.6358,0.6358,152344,0
1778558390.380828,0.29473,-0.203046,0.471607,1,0.4627,1.2809,0.07873,-0.049547,-0.006393,0.0006,0.152,0.31,1,0.31004,0.6535,0.6535,152344,0
1778558390.431284,0.294806,-0.203069,0.471455,1,0.5576,0.788,0.078806,-0.04957,-0.006546,0.0011,0.1962,0.3603,1,0.36032,0.6523,0.6523,152344,0
1778558390.48154,0.295102,-0.203103,0.471146,1,0.4559,0.6373,0.079102,-0.049604,-0.006854,0.0012,0.1622,0.2924,1,0.29241,0.6581,0.6581,152344,0
1778558390.531739,0.295272,-0.203088,0.470983,1,0.4649,1.3161,0.079272,-0.049589,-0.007017,0.0007,0.1666,0.2976,1,0.29763,0.6613,0.6613,152344,0
1778558390.584181,0.295254,-0.20309,0.470573,1,0.4394,0.603,0.079254,-0.049591,-0.007427,0.0009,0.1481,0.2904,1,0.29039,0.6645,0.6645,152344,0
1778558390.634274,0.295113,-0.202958,0.470367,1,0.458,0.8655,0.079113,-0.049459,-0.007633,0.0007,0.1596,0.2977,1,0.29766,0.6642,0.6642,152344,0
1778558390.684369,0.295112,-0.202966,0.47019,1,0.4687,0.65,0.079112,-0.049467,-0.00781,0.0009,0.169,0.2988,1,0.29882,0.6651,0.6651,152344,0
1778558390.734547,0.295158,-0.203082,0.470349,1,0.5038,0.6941,0.079158,-0.049583,-0.007651,0.0008,0.1766,0.3264,1,0.32642,0.6654,0.6654,152348,0
1778558390.784655,0.295337,-0.20287,0.470313,1,0.4525,0.6224,0.079337,-0.049371,-0.007687,0.0009,0.159,0.2926,1,0.29261,0.6668,0.6668,152348,0
1778558390.834823,0.295227,-0.202772,0.470047,1,0.4758,0.6649,0.079227,-0.049273,-0.007953,0.001,0.1657,0.3091,1,0.30912,0.6677,0.6677,152348,0
1778558390.884925,0.295012,-0.202789,0.469811,1,0.4859,0.6775,0.079012,-0.049289,-0.008189,0.0009,0.1751,0.3098,1,0.30981,0.6676,0.6676,152348,0
1778558390.935022,0.294752,-0.202875,0.469661,1,0.4948,0.7028,0.078752,-0.049376,-0.008339,0.0009,0.1625,0.3314,1,0.33141,0.6657,0.6657,152348,0
1778558390.985111,0.294296,-0.202723,0.469488,1,0.4631,0.6319,0.078296,-0.049224,-0.008512,0.0008,0.1509,0.3114,1,0.31144,0.6623,0.6623,152360,0
1778558391.035227,0.294046,-0.202572,0.46943,1,0.5039,0.7169,0.078046,-0.049073,-0.00857,0.0007,0.1691,0.334,1,0.33404,0.658,0.658,152360,0
1778558391.085328,0.29388,-0.202555,0.469401,1,0.5258,0.7024,0.07788,-0.049056,-0.0086,0.0007,0.1816,0.3434,1,0.34344,0.6558,0.6558,152364,0
1778558391.135448,0.293736,-0.20264,0.469265,1,0.475,0.6743,0.077736,-0.049141,-0.008735,0.0009,0.1749,0.2991,1,0.29915,0.6551,0.6551,152364,0
1778558391.185546,0.293349,-0.202409,0.469177,1,0.4387,0.6058,0.077349,-0.04891,-0.008823,0.0009,0.1551,0.2827,1,0.28266,0.6519,0.6519,152364,0
1778558391.235743,0.293372,-0.202221,0.469178,1,0.4184,0.6074,0.077372,-0.048722,-0.008822,0.0008,0.1406,0.2771,1,0.27708,0.6513,0.6513,152364,0
1778558391.285844,0.293406,-0.202074,0.469139,1,0.4676,0.6273,0.077406,-0.048575,-0.008862,0.0009,0.17,0.2967,1,0.2967,0.6517,0.6517,152364,0
1778558391.336059,0.293415,-0.201934,0.469071,1,0.4653,0.6594,0.077415,-0.048435,-0.008929,0.001,0.161,0.3033,1,0.30329,0.6523,0.6523,152364,0
1778558391.386125,0.293465,-0.202097,0.469418,1,0.4195,0.5817,0.077465,-0.048598,-0.008583,0.0007,0.1441,0.2747,1,0.27466,0.652,0.652,152364,0
1778558391.436227,0.293479,-0.202061,0.469587,1,0.4337,0.6271,0.077479,-0.048562,-0.008413,0.0006,0.1515,0.2816,1,0.28161,0.6493,0.6493,152364,0
1778558391.486335,0.293326,-0.201978,0.469547,1,0.4731,0.6559,0.077326,-0.048479,-0.008454,0.0012,0.168,0.304,1,0.30396,0.6479,0.6479,152364,0
1778558391.536702,0.292926,-0.201888,0.46922,1,0.4649,0.6477,0.076926,-0.048389,-0.00878,0.0007,0.1555,0.3087,1,0.30869,0.6463,0.6463,152380,0
1778558391.586795,0.292037,-0.201712,0.46868,1,0.4668,0.6513,0.076037,-0.048213,-0.009321,0.0008,0.1582,0.3078,1,0.30784,0.6437,0.6437,152380,0
1778558391.636955,0.291709,-0.201541,0.468671,1,0.4643,0.6563,0.075709,-0.048042,-0.00933,0.0007,0.164,0.2995,1,0.29952,0.6383,0.6383,152380,0
1778558391.687038,0.291501,-0.201486,0.468742,1,0.4606,0.6252,0.075501,-0.047986,-0.009258,0.0008,0.1695,0.2902,1,0.29023,0.6353,0.6353,152380,0
1778558391.737129,0.291391,-0.201441,0.468657,1,0.4569,0.6388,0.075391,-0.047942,-0.009344,0.0009,0.1615,0.2946,1,0.29458,0.6343,0.6343,152380,0
1778558391.787223,0.291247,-0.201505,0.468436,1,0.4821,0.6532,0.075247,-0.048006,-0.009565,0.0009,0.1673,0.3139,1,0.31393,0.6351,0.6351,152380,0
1778558391.837321,0.291157,-0.201561,0.468324,1,0.4662,0.6562,0.075157,-0.048061,-0.009677,0.0006,0.1537,0.3119,1,0.31188,0.6344,0.6344,152380,0
1778558391.887416,0.291176,-0.201591,0.468301,1,0.4903,0.6579,0.075176,-0.048092,-0.009699,0.0005,0.172,0.3178,1,0.31784,0.6346,0.6346,152380,0
1778558391.937613,0.291223,-0.201594,0.468276,1,0.5018,0.6894,0.075223,-0.048094,-0.009724,0.0007,0.1596,0.3414,1,0.34136,0.6351,0.6351,152384,0
1778558391.987725,0.291269,-0.201463,0.468334,1,0.4686,0.649,0.075269,-0.047964,-0.009666,0.0007,0.1577,0.3102,1,0.31024,0.635,0.635,152384,0
1778558392.037825,0.291245,-0.201473,0.468385,1,0.4475,0.6299,0.075245,-0.047973,-0.009615,0.0008,0.1562,0.2905,1,0.29054,0.6346,0.6346,152384,0
1778558392.087914,0.291256,-0.201591,0.468401,1,0.4249,0.5903,0.075256,-0.048092,-0.0096,0.0008,0.1424,0.2817,1,0.28171,0.6346,0.6346,152384,0
1778558392.13802,0.291324,-0.201651,0.468397,1,0.4548,0.6515,0.075324,-0.048152,-0.009603,0.0008,0.1634,0.2906,1,0.29064,0.6353,0.6353,152384,0
1778558392.188101,0.291476,-0.201821,0.468391,1,0.4357,0.6157,0.075476,-0.048322,-0.009609,0.0011,0.1487,0.2859,1,0.28594,0.6373,0.6373,152384,0
1778558392.238396,0.291563,-0.201896,0.468327,1,0.4933,0.6977,0.075563,-0.048397,-0.009673,0.0008,0.1808,0.3116,1,0.31164,0.6388,0.6388,152388,0
1778558392.288476,0.291604,-0.201973,0.468317,1,0.4779,0.6651,0.075604,-0.048474,-0.009684,0.0007,0.1674,0.3098,1,0.3098,0.6394,0.6394,152388,0
1778558392.338551,0.291643,-0.202033,0.468301,1,0.4316,0.6079,0.075643,-0.048534,-0.009699,0.0005,0.148,0.2831,1,0.28307,0.6399,0.6399,152392,0
1778558392.388665,0.291674,-0.202065,0.468228,1,0.5771,1.1054,0.075674,-0.048566,-0.009772,0.0011,0.1837,0.3923,1,0.39233,0.6408,0.6408,152392,0
1778558392.43876,0.291653,-0.202035,0.468234,1,0.4924,0.678,0.075653,-0.048536,-0.009767,0.0007,0.1661,0.3256,1,0.3256,0.6408,0.6408,152400,0
1778558392.488861,0.291643,-0.202081,0.468209,1,0.4459,0.6221,0.075643,-0.048582,-0.009791,0.0009,0.1606,0.2843,1,0.28432,0.6409,0.6409,152400,0
1778558392.538943,0.291584,-0.202115,0.468225,1,0.4553,0.6499,0.075584,-0.048616,-0.009775,0.0008,0.1606,0.2939,1,0.29394,0.6405,0.6405,152400,0
1778558392.589046,0.291538,-0.202126,0.468181,1,0.4518,0.6373,0.075538,-0.048627,-0.009819,0.001,0.1672,0.2836,1,0.28356,0.6405,0.6405,152400,0
1778558392.639132,0.291561,-0.202126,0.46807,1,0.4523,0.6372,0.075561,-0.048627,-0.00993,0.0008,0.159,0.2925,1,0.29254,0.6416,0.6416,152400,0
1778558392.689221,0.291613,-0.202122,0.468012,1,0.4651,0.6307,0.075613,-0.048623,-0.009989,0.0009,0.1583,0.306,1,0.30601,0.6429,0.6429,152400,0
1778558392.739309,0.291716,-0.202122,0.468037,1,0.4721,1.4164,0.075716,-0.048623,-0.009963,0.0013,0.1567,0.3141,1,0.31411,0.6439,0.6439,152404,0
1778558392.789406,0.291932,-0.20196,0.468029,1,0.4263,0.5903,0.075932,-0.048461,-0.009971,0.0008,0.1407,0.2848,1,0.28481,0.6461,0.6461,152404,0
1778558392.83949,0.291917,-0.201904,0.468317,1,0.4181,0.5914,0.075917,-0.048405,-0.009683,0.0007,0.1404,0.277,1,0.27702,0.6455,0.6455,152408,0
1778558392.88958,0.291887,-0.201933,0.469474,1,0.4796,0.6491,0.075887,-0.048434,-0.008526,0.0007,0.1676,0.3113,1,0.31128,0.6489,0.6489,152408,0
1778558392.940066,0.290022,-0.201824,0.473167,1,0.4441,0.6286,0.074022,-0.048324,-0.004833,0.0008,0.1463,0.297,1,0.29696,0.716,0.716,152408,0
1778558392.990159,0.286112,-0.20127,0.476341,1,0.6763,1.3371,0.070112,-0.04777,-0.001659,0.001,0.1637,0.5116,1,0.51165,0.6337,0.6337,152408,0
1778558393.040262,0.282499,-0.200791,0.478609,1,0.4548,0.6415,0.066499,-0.047292,0.000608,0.0008,0.1591,0.295,1,0.29498,0.5147,0.5147,152408,0
1778558393.090372,0.3,-0.2,0.5,1,0.7376,1.8598,0.061189,-0.046231,0.002418,0.0007,0.3598,0.3771,1,0.37706,1.5131,1.5131,152424,0
1778558393.140462,0.264739,-0.19622,0.485366,1,0.6089,1.4565,0.048739,-0.04272,0.007366,0.0003,0.1053,0.5033,2,0.25164,0.3568,0.3568,152424,0
1778558393.190563,0.258987,-0.194265,0.487722,1,0.451,1.3426,0.042987,-0.040766,0.009722,0.0008,0.1497,0.3004,1,0.30042,0.3883,0.3883,152424,0
1778558393.240788,0.251236,-0.190879,0.490061,1,0.4476,1.462,0.035236,-0.03738,0.01206,0.0008,0.1448,0.302,1,0.30203,0.4278,0.4278,152424,0
1778558393.290858,0.242091,-0.186693,0.490965,1,0.4406,1.4805,0.026091,-0.033194,0.012964,0.0008,0.1511,0.2887,1,0.2887,0.3766,0.3766,152424,0
1778558393.341003,0.2,-0.2,0.5,1,0.6855,0.8986,0.005136,-0.025259,0.013357,0.0008,0.1603,0.5244,2,0.26222,0.2528,0.2528,152424,0
1778558393.391089,0.209284,-0.174904,0.490623,1,0.471,1.4274,-0.006716,-0.021405,0.012623,0.0007,0.1613,0.3089,1,0.30895,1.73,1.73,152424,0
1778558393.441176,0.197585,-0.171083,0.48911,1,0.437,2.738,-0.018415,-0.017584,0.011109,0.0012,0.1397,0.2961,1,0.29614,0.4084,0.4084,152428,0
1778558393.491926,0.184707,-0.16703,0.487519,1,0.4756,0.6529,-0.031293,-0.01353,0.009519,0.0006,0.1652,0.3098,1,0.3098,0.4544,0.4544,152428,0
1778558393.542016,0.159263,-0.159486,0.485949,1,0.5202,0.7224,-0.056737,-0.005987,0.007949,0.0006,0.1709,0.3487,1,0.34867,1.6115,1.6115,152428,0
1778558393.592119,0.148546,-0.156576,0.486542,1,0.5292,0.6974,-0.067454,-0.003077,0.008542,0.0009,0.1676,0.3608,1,0.36078,0.3997,0.3997,152428,0
1778558393.642203,0.13729,-0.153203,0.487712,1,0.4501,0.63,-0.07871,0.000296,0.009712,0.0007,0.1492,0.3002,1,0.3002,0.4706,0.4706,152428,0
1778558393.692301,0.126997,-0.149414,0.489002,1,0.4545,0.6224,-0.089003,0.004085,0.011002,0.0011,0.1591,0.2942,1,0.29421,0.4624,0.4624,152428,0
1778558393.742466,0.1041,-0.14197,0.49532,1,0.4344,0.6224,-0.1119,0.011529,0.01732,0.0008,0.1591,0.2746,1,0.27457,1.6867,1.6867,152428,0
1778558393.79257,0.093416,-0.138684,0.497498,1,0.4845,0.6735,-0.122584,0.014815,0.019498,0.001,0.1593,0.3242,1,0.32418,0.4047,0.4047,152428,0
1778558393.842809,0.083541,-0.134182,0.498049,1,0.4305,0.6277,-0.132459,0.019317,0.020048,0.0007,0.1468,0.283,1,0.28304,0.3853,0.3853,152428,0
1778558393.893948,0.1,-0.15,0.5,1,0.4941,0.6871,-0.140726,0.025311,0.017637,0.0008,0.1759,0.3174,1,0.31743,1.1695,1.1695,152432,0
1778558393.944032,0.059867,-0.12079,0.493009,1,0.674,1.0849,-0.156133,0.032709,0.015008,0.0008,0.1643,0.5089,2,0.25445,0.4322,0.4322,152432,0
1778558393.994142,0.054038,-0.118745,0.492179,1,0.5191,0.7084,-0.161962,0.034754,0.014179,0.0008,0.1613,0.3569,1,0.35694,0.4526,0.4526,152444,0
1778558394.044235,0.049362,-0.116933,0.491649,1,0.4488,0.6377,-0.166638,0.036566,0.013649,0.0008,0.1572,0.2909,1,0.29086,0.4673,0.4673,152444,0
1778558394.094335,0.046037,-0.115702,0.491283,1,0.4792,0.6754,-0.169963,0.037797,0.013282,0.0007,0.1634,0.3152,1,0.31516,0.4888,0.4888,152444,0
1778558394.144435,0.043586,-0.114579,0.492939,1,0.4644,0.634,-0.172414,0.03892,0.014939,0.0008,0.1672,0.2965,1,0.29648,0.5205,0.5205,152444,0
1778558394.194551,0.043213,-0.11408,0.49425,1,0.4348,0.6253,-0.172787,0.039419,0.01625,0.0084,0.1412,0.2852,1,0.28525,0.5155,0.5155,152444,0
1778558394.244794,0.043903,-0.113391,0.496346,1,0.4369,0.6281,-0.172097,0.040108,0.018345,0.0007,0.1474,0.2888,1,0.28877,0.5068,0.5068,152444,0
1778558394.294985,0.044274,-0.113171,0.497887,1,0.4456,0.6391,-0.171726,0.040328,0.019886,0.0008,0.1552,0.2896,1,0.28956,0.5148,0.5148,152448,0
1778558394.345084,0.043179,-0.113366,0.499647,1,0.4801,0.6845,-0.172821,0.040133,0.021647,0.0011,0.147,0.332,1,0.33196,0.5306,0.5306,152448,0
1778558394.39518,0.041542,-0.113908,0.499229,1,0.4705,0.645,-0.174458,0.039591,0.021229,0.0008,0.1698,0.2998,1,0.29984,0.528,0.528,152448,0
1778558394.445285,0.040395,-0.115673,0.498012,1,0.4816,0.6667,-0.175605,0.037826,0.020012,0.0007,0.1605,0.3205,1,0.32049,0.5139,0.5139,152448,0
1778558394.495387,0.039749,-0.118813,0.496392,1,0.5779,0.7692,-0.176251,0.034686,0.018391,0.0011,0.2525,0.3244,1,0.32435,0.4934,0.4934,152448,0
1778558394.545487,0.039074,-0.132974,0.494187,1,0.4876,0.6826,-0.176926,0.020525,0.016187,0.0008,0.1762,0.3107,1,0.31067,0.1669,0.1669,152448,0
1778558394.595588,0.038985,-0.141214,0.494301,1,0.4588,0.6206,-0.177015,0.012286,0.016301,0.0013,0.1614,0.2961,1,0.29606,0.2942,0.2942,152448,0
1778558394.645664,0.038898,-0.151316,0.496079,1,0.4651,0.6478,-0.177102,0.002184,0.018078,0.0008,0.1651,0.2992,1,0.29916,0.2873,0.2873,152448,0
1778558394.695745,0.039753,-0.161988,0.499732,1,0.4944,0.6774,-0.176247,-0.008489,0.021731,0.0008,0.1608,0.3328,1,0.3328,0.2817,0.2817,152452,0
1778558394.745828,0.044285,-0.183217,0.5099,1,0.4905,0.6753,-0.171715,-0.029718,0.0319,0.0007,0.1573,0.3325,1,0.33246,1.1103,1.1103,152452,0
1778558394.795951,0.048832,-0.195298,0.516292,1,0.5226,0.7423,-0.167168,-0.041798,0.038292,0.001,0.1878,0.3337,1,0.33375,1.8953,1.8953,152452,0
1778558394.846028,0.053887,-0.206094,0.522973,1,0.6392,0.8219,-0.162113,-0.052595,0.044973,0.0006,0.1468,0.4918,2,0.2459,0.8042,0.8042,152460,0
1778558394.896117,0.061808,-0.216219,0.528369,1,0.6307,0.8009,-0.154192,-0.06272,0.050369,0.0007,0.1549,0.4751,2,0.23757,0.9014,0.9014,152460,0
1778558394.946216,0.079949,-0.235669,0.539814,1,0.7744,0.9711,-0.136051,-0.08217,0.061814,0.0006,0.1491,0.6247,3,0.20824,0.7332,0.7332,152460,0
1778558394.99631,0.089752,-0.243985,0.544843,1,0.9034,1.0909,-0.126248,-0.090485,0.066843,0.0008,0.1752,0.7274,3,0.24246,0.6518,0.6518,152460,0
1778558395.046409,0.100989,-0.253048,0.551295,1,0.9944,1.233,-0.115011,-0.099549,0.073295,0.0008,0.1896,0.804,3,0.26801,0.5459,0.5459,152460,0
1778558395.096601,0.112538,-0.259416,0.556646,1,0.8433,1.0165,-0.103462,-0.105917,0.078646,0.0006,0.1493,0.6935,3,0.23115,0.5251,0.5251,152464,0
1778558395.146705,0.15,-0.25,0.55,1,0.7651,0.9579,-0.076588,-0.119774,0.089964,0.0009,0.1581,0.6061,3,0.20203,0.5518,0.5518,152464,0
1778558395.196889,0.15,-0.3,0.55,1,0.9048,1.0989,-0.062229,-0.12479,0.093868,0.001,0.1773,0.7265,3,0.24216,0.857,0.857,152464,0
1778558395.246987,0.15,-0.3,0.6,1,0.8177,0.9907,-0.046576,-0.128819,0.097403,0.0007,0.15,0.6671,3,0.22236,0.8409,0.8409,152524,0
1778558395.297106,0.2,-0.3,0.6,1,0.7877,0.9767,-0.031653,-0.130251,0.100794,0.0008,0.1622,0.6247,3,0.20825,1.3235,1.3235,152524,0
1778558395.347264,0.2,-0.3,0.6,1,0.8098,0.9886,-0.001643,-0.125355,0.104211,0.0008,0.1606,0.6485,3,0.21615,0.5854,0.5854,152524,0
1778558395.397362,0.25,-0.25,0.6,1,0.6302,0.797,0.012182,-0.120062,0.105342,0.0007,0.1611,0.4684,2,0.2342,0.3375,0.3375,152524,0
1778558395.447541,0.24437,-0.265397,0.583677,1,0.6373,0.8271,0.02837,-0.111898,0.105677,0.0008,0.1741,0.4623,2,0.23117,0.2738,0.2738,152524,0
1778558395.497633,0.259766,-0.257119,0.583593,1,0.7115,0.9218,0.043766,-0.10362,0.105593,0.0008,0.1653,0.5454,2,0.27268,0.2721,0.2721,152528,0
1778558395.547813,0.289811,-0.238362,0.583353,1,0.4696,0.6713,0.073811,-0.084862,0.105352,0.0009,0.1603,0.3083,1,0.30835,2.102,2.102,152528,0
1778558395.597866,0.305054,-0.226746,0.583411,1,0.4767,0.6555,0.089054,-0.073247,0.105411,0.0007,0.1611,0.3149,1,0.3149,1.3021,1.3021,152528,0
1778558395.648124,0.3,-0.2,0.6,1,0.5488,0.7315,0.105383,-0.0602,0.105653,0.0007,0.165,0.3832,1,0.38318,1.8643,1.8643,152528,0
1778558395.698224,0.333284,-0.200058,0.584155,1,0.7032,0.9025,0.117284,-0.046559,0.106155,0.0007,0.1628,0.5397,2,0.26987,0.4906,0.4906,152528,0
1778558395.748323,0.357515,-0.169319,0.586149,1,0.6554,1.1021,0.141515,-0.01582,0.108149,0.0007,0.1543,0.5004,2,0.2502,0.7407,0.7407,152528,0
1778558395.798478,0.366921,-0.152009,0.58714,1,0.4806,0.6696,0.150921,0.00149,0.109139,0.0014,0.1708,0.3083,1,0.30834,1.3144,1.3144,152528,0
1778558395.84858,0.35,-0.15,0.6,1,0.4659,0.6555,0.156413,0.020273,0.109584,0.0012,0.1614,0.3032,1,0.3032,2.1209,2.1209,152528,0
1778558395.898754,0.377659,-0.115931,0.588845,1,0.7546,1.0517,0.161659,0.037569,0.110845,0.0009,0.1587,0.595,2,0.2975,1.2906,1.2906,152532,0
1778558395.948859,0.380931,-0.084772,0.588977,1,0.7384,0.958,0.164931,0.068728,0.110977,0.0008,0.166,0.5716,2,0.28582,1.3224,1.3224,152532,0
1778558395.998962,0.4,-0.05,0.6,1,4.5711,5.6824,0.161221,0.085237,0.110474,0.0008,0.1606,4.4097,25,0.17639,3.4618,3.4618,152532,0
1778558396.049105,0.370399,-0.054526,0.587879,1,0.6661,0.8474,0.154399,0.098973,0.109879,0.0009,0.1672,0.498,2,0.24901,2.0804,2.0804,152532,0
1778558396.099211,0.358314,-0.041194,0.585335,1,0.7585,0.958,0.142314,0.112306,0.107335,0.0007,0.183,0.5748,2,0.28741,1.5894,1.5894,152532,0
1778558396.149308,0.3,-0.05,0.55,1,0.7004,0.9089,0.108559,0.13329,0.096396,0.0006,0.1579,0.5419,2,0.27093,1.3807,1.3807,152544,0
1778558396.199402,0.3,-0.05,0.55,1,0.4912,0.6749,0.090763,0.141078,0.087308,0.0008,0.1762,0.3143,1,0.31425,2.2648,2.2648,152544,0
1778558396.249514,0.3,-0.05,0.55,1,0.4855,0.6821,0.076084,0.14454,0.07859,0.0009,0.1751,0.3095,1,0.30955,1.2239,1.2239,152544,0
1778558396.299606,0.3,-0.05,0.55,1,0.4291,0.6041,0.054076,0.145224,0.06819,0.0008,0.1343,0.294,1,0.29403,1.0161,1.0161,152548,0
1778558396.349701,0.25,-0.05,0.5,1,0.6158,0.8088,0.012506,0.141511,0.045777,0.001,0.1478,0.467,2,0.23352,0.6009,0.6009,152548,0
1778558396.399815,0.2,-0.05,0.5,1,0.6085,0.7894,-0.005985,0.138357,0.035351,0.0008,0.1576,0.4501,2,0.22503,0.5487,0.5487,152548,0
1778558396.449866,0.2,-0.05,0.5,1,0.4596,0.6504,-0.023869,0.133234,0.025869,0.0007,0.1606,0.2983,1,0.29832,0.3444,0.3444,152552,0
1778558396.500417,0.159601,-0.029148,0.490893,1,0.6232,1.0965,-0.056399,0.124351,0.012893,0.0007,0.1434,0.4791,2,0.23953,0.4201,0.4201,152552,0
1778558396.550517,0.144618,-0.034365,0.487022,1,0.4862,1.2808,-0.071382,0.119134,0.009021,0.0006,0.1696,0.3161,1,0.31606,0.518,0.518,152552,0
1778558396.600694,0.131289,-0.038113,0.481326,1,0.4444,1.0839,-0.084711,0.115387,0.003326,0.0006,0.1578,0.286,1,0.28602,0.4044,0.4044,152552,0
1778558396.650794,0.120714,-0.042897,0.480361,1,0.4387,1.1931,-0.095286,0.110602,0.002361,0.0015,0.1501,0.2871,1,0.28707,0.4209,0.4209,152556,0
1778558396.70106,0.103712,-0.053761,0.483856,1,0.5754,0.865,-0.112288,0.099739,0.005856,0.0012,0.1846,0.3897,1,0.38966,0.8728,0.8728,152556,0
1778558396.751701,0.09824,-0.058674,0.488857,1,0.3021,0.4167,-0.11776,0.094825,0.010857,0.0005,0.1074,0.1941,1,0.19412,0.4395,0.4395,152568,0
1778558396.8018,0.09395,-0.063169,0.497105,1,0.4907,0.6983,-0.12205,0.09033,0.019104,0.0008,0.1637,0.3262,1,0.32624,0.4827,0.4827,152568,0
1778558396.85392,0.0911,-0.066091,0.504132,1,0.4808,0.6887,-0.1249,0.087408,0.026132,0.0014,0.1541,0.3254,1,0.32536,0.5154,0.5154,152568,0
1778558396.904001,0.1,-0.05,0.5,1,0.4695,0.6574,-0.13104,0.081492,0.046249,0.0008,0.1543,0.3144,1,0.31438,0.8403,0.8403,152568,0
1778558396.954156,0.1,-0.05,0.5,1,0.5361,0.9933,-0.133196,0.079752,0.054548,0.0007,0.1797,0.3557,1,0.35568,0.589,0.589,152568,0
1778558397.004479,0.05,-0.1,0.55,1,0.7117,0.9332,-0.135992,0.078364,0.063734,0.0008,0.1678,0.543,2,0.27152,1.6949,1.6949,152568,0
1778558397.054578,0.05,-0.1,0.55,1,0.443,0.6254,-0.137975,0.077789,0.071864,0.0008,0.1622,0.28,1,0.27998,1.9953,1.9953,152568,0
1778558397.104731,0.05,-0.1,0.55,1,0.4949,0.6823,-0.140957,0.07755,0.08558,0.0007,0.1632,0.331,1,0.33101,2.6131,2.6131,152572,0
1778558397.154836,0.05,-0.1,0.55,1,0.5115,0.7128,-0.142091,0.077484,0.090672,0.0011,0.1725,0.3379,1,0.33786,2.7404,2.7404,152572,0
1778558397.204957,0.05,-0.1,0.55,1,0.4978,0.7186,-0.142396,0.077341,0.093704,0.0007,0.1749,0.3222,1,0.32224,2.7829,2.7829,152572,0
1778558397.255045,0.05,-0.1,0.55,1,0.4338,0.6163,-0.142188,0.077224,0.095,0.0009,0.1556,0.2773,1,0.27733,2.8044,2.8044,152572,0
1778558397.305141,0.05,-0.1,0.55,1,0.4966,0.6815,-0.141987,0.076997,0.092467,0.0007,0.1636,0.3324,1,0.33241,2.8269,2.8269,152572,0
1778558397.35524,0.05,-0.1,0.55,1,0.5988,0.8195,-0.141775,0.076792,0.089258,0.0008,0.1846,0.4133,1,0.41335,2.8228,2.8228,152588,0
1778558397.40534,0.05,-0.1,0.55,1,0.5219,0.7382,-0.140261,0.07675,0.084135,0.0014,0.1788,0.3418,1,0.34176,2.8841,2.8841,152588,0
1778558397.455446,0.05,-0.1,0.55,1,0.4554,0.6686,-0.139616,0.076594,0.078813,0.0007,0.1561,0.2987,1,0.29866,2.8632,2.8632,152592,0
1778558397.505512,0.05,-0.1,0.55,1,0.4396,0.6179,-0.140345,0.076196,0.071475,0.0005,0.1513,0.2877,1,0.28769,2.813,2.813,152592,0
1778558397.555626,0.05,-0.1,0.55,1,0.5349,0.7214,-0.141036,0.076122,0.069255,0.0007,0.1777,0.3565,1,0.35647,2.8497,2.8497,152592,0
1778558397.605717,0.05,-0.1,0.55,1,0.4418,0.623,-0.141642,0.075999,0.068273,0.0007,0.1445,0.2966,1,0.29658,2.8184,2.8184,152592,0
1778558397.65582,0.05,-0.1,0.55,1,0.4449,0.6403,-0.141246,0.075783,0.066721,0.0007,0.1545,0.2896,1,0.28962,2.8388,2.8388,152592,0
1778558397.70591,0.05,-0.1,0.55,1,0.4519,0.6433,-0.141139,0.073511,0.06479,0.0013,0.1666,0.284,1,0.28403,2.7754,2.7754,152592,0
1778558397.756006,0.05,-0.1,0.55,1,0.4465,0.6395,-0.139932,0.072322,0.06174,0.0012,0.1516,0.2937,1,0.29375,2.9582,2.9582,152592,0
1778558397.806099,0.05,-0.1,0.55,1,0.4987,0.6807,-0.137592,0.072427,0.056312,0.0006,0.1551,0.3429,1,0.34292,2.9422,2.9422,152592,0
1778558397.856186,0.05,-0.1,0.55,1,0.4492,0.6358,-0.136116,0.071492,0.052794,0.0007,0.155,0.2935,1,0.29352,2.8317,2.8317,152596,0
1778558397.906292,0.1,-0.1,0.5,1,0.9079,1.1413,-0.13318,0.069607,0.046588,0.0017,0.1979,0.7084,2,0.35419,0.1727,0.1727,152604,0
1778558397.956373,0.1,-0.1,0.5,1,0.4471,0.6304,-0.132526,0.068826,0.043821,0.0007,0.1561,0.2903,1,0.29029,0.3379,0.3379,152604,0
1778558398.006476,0.084333,-0.085289,0.518598,1,0.673,0.8838,-0.131667,0.06821,0.040597,0.0006,0.1094,0.5629,1,0.56293,2.2482,2.2482,152604,0
1778558398.056577,0.083948,-0.085225,0.516312,1,0.4596,0.6536,-0.132052,0.068274,0.038311,0.0011,0.1649,0.2936,1,0.29365,0.4295,0.4295,152604,0
1778558398.106757,0.082211,-0.084358,0.515989,1,0.5214,0.7224,-0.133789,0.069141,0.037989,0.0008,0.1684,0.3523,1,0.35228,0.4298,0.4298,152604,0
1778558398.156868,0.081318,-0.08424,0.516868,1,0.4835,0.7407,-0.134682,0.069259,0.038868,0.0008,0.1575,0.3252,1,0.32516,0.4375,0.4375,152604,0
1778558398.206958,0.1,-0.1,0.5,1,0.4781,0.6625,-0.135591,0.069498,0.039456,0.0007,0.1681,0.3093,1,0.30927,2.5073,2.5073,152604,0
1778558398.257141,0.1,-0.1,0.5,1,0.4451,0.6219,-0.137502,0.069528,0.040533,0.0006,0.149,0.2955,1,0.29546,0.3193,0.3193,152608,0
1778558398.307233,0.05,-0.1,0.5,1,0.6379,0.8041,-0.141713,0.068989,0.041312,0.0008,0.1627,0.4744,2,0.23719,0.4569,0.4569,152608,0
1778558398.357336,0.05,-0.1,0.5,1,0.5797,0.8124,-0.144207,0.06793,0.041862,0.0015,0.2041,0.3741,1,0.37409,0.4756,0.4756,152608,0
1778558398.407505,0.05,-0.1,0.5,1,0.465,0.6232,-0.147095,0.065237,0.042645,0.0014,0.1799,0.2836,1,0.28364,0.4813,0.4813,152608,0
1778558398.457678,0.065417,-0.09381,0.52213,1,0.5111,0.6931,-0.150583,0.059689,0.04413,0.001,0.17,0.3401,1,0.34012,1.8542,1.8542,152608,0
1778558398.507868,0.056817,-0.11236,0.525853,1,0.4553,0.6301,-0.159183,0.04114,0.047853,0.0006,0.1537,0.301,1,0.30105,1.0613,1.0613,152608,0
1778558398.55795,0.05,-0.15,0.55,1,0.6002,0.7896,-0.163037,0.027621,0.050459,0.0007,0.1453,0.4541,2,0.22707,0.5141,0.5141,152608,0
1778558398.608067,0.049828,-0.138779,0.531962,1,0.7132,0.9227,-0.166172,0.01472,0.053962,0.0007,0.1731,0.5394,2,0.26969,0.6257,0.6257,152608,0
1778558398.658164,0.04691,-0.149028,0.535882,1,0.4439,0.622,-0.16909,0.004471,0.057881,0.0006,0.1475,0.2959,1,0.29586,0.9784,0.9784,152612,0
1778558398.708264,0.041697,-0.161182,0.544304,1,0.4546,0.6215,-0.174303,-0.007682,0.066303,0.0009,0.1542,0.2995,1,0.29955,1.9626,1.9626,152612,0
1778558398.758341,0.040179,-0.164059,0.54757,1,0.7006,0.8984,-0.175821,-0.01056,0.069569,0.0008,0.1664,0.5335,2,0.26675,0.9313,0.9313,152612,0
1778558398.80845,0.039088,-0.166435,0.549823,1,0.6652,0.8399,-0.176912,-0.012936,0.071822,0.0007,0.1594,0.5052,2,0.25259,0.9558,0.9558,152624,0
1778558398.858552,0.038458,-0.169292,0.551859,1,0.6433,1.4785,-0.177542,-0.015793,0.073859,0.0009,0.1766,0.4659,2,0.23293,0.9894,0.9894,152624,0
1778558398.908659,0.037645,-0.177135,0.557052,1,0.8269,1.0475,-0.178355,-0.023636,0.079052,0.0007,0.1738,0.6525,2,0.32623,1.5815,1.5815,152624,0
1778558398.958862,0.0368,-0.18263,0.560617,1,4.3075,7.3459,-0.1792,-0.029131,0.082617,0.0007,0.1561,4.1507,25,0.16603,4.0862,4.0862,152624,0
1778558399.009019,0.035048,-0.189552,0.565128,1,2.8573,3.0168,-0.180952,-0.036052,0.087128,0.0004,0.1056,2.7512,25,0.11005,7.1614,7.1614,152624,0
1778558399.059238,0.033747,-0.196538,0.569111,1,3.9758,5.5063,-0.182253,-0.043039,0.09111,0.0021,0.1752,3.7985,25,0.15194,9.2048,9.2048,152628,0
1778558399.109416,0.05,-0.2,0.55,1,0.647,1.0434,-0.184382,-0.058089,0.098805,0.0005,0.1364,0.5101,2,0.25503,0.5516,0.5516,152628,0
1778558399.159516,0.05,-0.2,0.55,1,0.6197,0.8054,-0.184761,-0.06474,0.101599,0.0008,0.1523,0.4667,2,0.23333,0.5653,0.5653,152628,0
1778558399.209618,0.05,-0.25,0.6,1,5.4447,6.0012,-0.184026,-0.072285,0.103772,0.0017,0.1663,5.2767,25,0.21107,3.0226,3.0226,152628,0
1778558399.259757,0.036532,-0.244305,0.583061,1,0.9686,1.7143,-0.179468,-0.090806,0.10506,0.0012,0.1485,0.819,4,0.20474,1.2924,1.2924,152628,0
1778558399.310721,0.040501,-0.25483,0.58161,1,1.0537,1.781,-0.175499,-0.101331,0.103609,0.0008,0.1558,0.8971,4,0.22427,1.3289,1.3289,152628,0
1778558399.360834,0.044538,-0.266591,0.579465,1,0.932,1.5725,-0.171462,-0.113092,0.101465,0.0008,0.1565,0.7747,4,0.19367,1.6717,1.6717,152628,0
1778558399.410924,0.05,-0.3,0.6,1,1.2672,1.5213,-0.167262,-0.123345,0.098216,0.0008,0.1679,1.0985,5,0.21969,1.5897,1.5897,152628,0
1778558399.461464,0.058398,-0.2974,0.568692,1,1.0017,1.1809,-0.157602,-0.1439,0.090691,0.0007,0.1635,0.8375,4,0.20937,1.4537,1.4537,152648,0
1778558399.511889,0.063279,-0.306847,0.565455,1,0.9785,1.3122,-0.152721,-0.153348,0.087455,0.0007,0.1547,0.823,4,0.20576,1.8434,1.8434,152648,0
1778558399.561973,0.068666,-0.316606,0.563337,1,0.9489,1.1161,-0.147334,-0.163106,0.085337,0.0007,0.1621,0.786,4,0.19651,2.4986,2.4986,152648,0
1778558399.612067,0.1,-0.35,0.55,1,0.9212,1.0875,-0.139967,-0.172548,0.083274,0.0008,0.1404,0.78,4,0.19501,1.2976,1.2976,152648,0
1778558399.662139,0.09614,-0.339522,0.55781,1,0.9492,1.203,-0.11986,-0.186023,0.079809,0.0008,0.1486,0.7999,4,0.19997,2.6501,2.6501,152648,0
1778558399.712231,0.110462,-0.343719,0.556888,1,0.9154,1.1513,-0.105538,-0.190219,0.078887,0.0007,0.1446,0.7701,4,0.19253,1.7118,1.7118,152648,0
1778558399.762336,0.12719,-0.344699,0.556314,1,0.9314,1.2036,-0.08881,-0.1912,0.078313,0.0007,0.1545,0.7762,4,0.19405,1.5052,1.5052,152648,0
1778558399.81243,0.145551,-0.34308,0.55613,1,0.922,1.1637,-0.070449,-0.189581,0.078129,0.0006,0.1618,0.7596,4,0.18989,0.6562,0.6562,152660,0
1778558399.862504,0.183447,-0.334919,0.557908,1,0.79,1.044,-0.032553,-0.18142,0.079908,0.0008,0.1534,0.6359,3,0.21197,1.5709,1.5709,152664,0
1778558399.912602,0.205099,-0.328452,0.559631,1,0.8153,1.0721,-0.010901,-0.174953,0.081631,0.0009,0.1531,0.6612,3,0.22041,0.7726,0.7726,152664,0
1778558399.962703,0.2,-0.3,0.55,1,0.9091,1.355,0.008317,-0.167166,0.08374,0.0006,0.1664,0.7421,3,0.24737,0.4303,0.4303,152664,0
1778558400.012781,0.243888,-0.311514,0.564467,1,0.9608,1.2294,0.027888,-0.158015,0.086467,0.0008,0.1753,0.7847,3,0.26156,0.4919,0.4919,152664,0
1778558400.063544,0.284249,-0.288093,0.572046,1,0.6929,1.0246,0.068249,-0.134593,0.094046,0.0004,0.1693,0.5231,2,0.26156,0.2357,0.2357,152664,0
1778558400.114581,0.3,-0.25,0.6,1,0.6572,0.8374,0.08621,-0.12051,0.098125,0.0008,0.169,0.4875,2,0.24375,0.3062,0.3062,152664,0
1778558400.164768,0.316637,-0.259501,0.579598,1,0.617,0.8143,0.100637,-0.106001,0.101598,0.0006,0.1499,0.4665,2,0.23323,0.3984,0.3984,152664,0
1778558400.214933,0.331499,-0.242331,0.583849,1,0.4849,0.704,0.115499,-0.088831,0.105848,0.0007,0.1721,0.3121,1,0.31208,2.3981,2.3981,152664,0
1778558400.265022,0.356307,-0.210536,0.592582,1,0.4624,0.6453,0.140307,-0.057037,0.114582,0.0007,0.1606,0.3012,1,0.30118,2.5346,2.5346,152668,0
1778558400.315125,0.363911,-0.190398,0.595452,1,0.5428,0.7391,0.147911,-0.036898,0.117451,0.0016,0.183,0.3582,1,0.3582,0.9429,0.9429,152668,0
1778558400.365224,0.35,-0.15,0.6,1,0.6159,0.8034,0.156706,-0.01992,0.119434,0.0007,0.1463,0.4689,2,0.23444,0.5797,0.5797,152668,0
1778558400.415405,0.377723,-0.155633,0.598215,1,0.7441,1.1941,0.161723,-0.002133,0.120215,0.0013,0.1789,0.5639,2,0.28196,0.9542,0.9542,152668,0
1778558400.465572,0.4,-0.1,0.6,1,0.6922,0.9026,0.161216,0.033161,0.120078,0.0014,0.1784,0.5124,2,0.25622,2.3326,2.3326,152668,0
1778558400.515678,0.372446,-0.106174,0.596465,1,0.4927,0.6764,0.156446,0.047325,0.118464,0.0016,0.1663,0.3248,1,0.32478,1.9269,1.9269,152676,0
1778558400.565866,0.363977,-0.092395,0.593431,1,0.4697,0.6657,0.147977,0.061104,0.115431,0.0009,0.1582,0.3105,1,0.3105,2.8686,2.8686,152676,0
1778558400.616037,0.354184,-0.08222,0.592406,1,0.4487,0.6387,0.138184,0.071279,0.114405,0.001,0.1602,0.2874,1,0.28741,1.307,1.307,152676,0
1778558400.666128,0.35,-0.05,0.6,1,0.6392,0.8283,0.110795,0.087463,0.110299,0.0007,0.159,0.4795,2,0.23977,0.8936,0.8936,152676,0
1778558400.716225,0.3,-0.05,0.55,1,0.6277,0.8042,0.09675,0.092867,0.107945,0.0008,0.1536,0.4733,2,0.23667,0.8198,0.8198,152676,0
1778558400.766325,0.3,-0.05,0.55,1,0.4751,0.6655,0.081131,0.097261,0.103853,0.0008,0.1675,0.3068,1,0.30683,0.6162,0.6162,152676,0
1778558400.8165,0.3,-0.05,0.55,1,0.4661,0.6468,0.063686,0.100584,0.098269,0.001,0.1756,0.2895,1,0.28952,0.6033,0.6033,152676,0
1778558400.866632,0.25,-0.05,0.6,1,0.6073,0.798,0.025196,0.104879,0.085145,0.0008,0.1504,0.4561,2,0.22806,1.2833,1.2833,152680,0
1778558400.916909,0.2,-0.05,0.6,1,0.3789,0.4964,0.003553,0.105361,0.07674,0.0005,0.1127,0.2657,2,0.13284,0.7324,0.7324,152680,0
1778558400.967107,0.2,-0.05,0.5,1,0.3578,0.4691,-0.016241,0.10523,0.068716,0.0004,0.1043,0.2531,2,0.12654,1.0937,1.0937,152680,0
1778558401.01721,0.2,-0.05,0.5,1,0.4588,0.6343,-0.037565,0.103913,0.059711,0.0007,0.1504,0.3077,1,0.30768,0.3626,0.3626,152684,0
1778558401.067304,0.139953,-0.054806,0.520693,1,0.6861,0.8877,-0.076047,0.098693,0.042693,0.0006,0.1697,0.5157,2,0.25787,0.5753,0.5753,152684,0
1778558401.117386,0.123509,-0.05912,0.513607,1,0.4971,0.6927,-0.092491,0.094379,0.035606,0.0008,0.1877,0.3086,1,0.30864,0.5103,0.5103,152684,0
1778558401.167582,0.106517,-0.064216,0.506381,1,0.4652,0.8161,-0.109483,0.089283,0.028381,0.0007,0.1741,0.2903,1,0.29033,0.5863,0.5863,152684,0
1778558401.217742,0.093067,-0.069546,0.501701,1,0.4468,0.6325,-0.122933,0.083953,0.0237,0.0007,0.1556,0.2904,1,0.29044,0.2853,0.2853,152684,0
1778558401.267817,0.069611,-0.086304,0.497947,1,0.4411,0.6296,-0.146389,0.067196,0.019947,0.0012,0.1486,0.2912,1,0.29124,1.6103,1.6103,152684,0
1778558401.317938,0.059118,-0.096861,0.497738,1,0.496,0.6893,-0.156882,0.056639,0.019738,0.001,0.1798,0.3152,1,0.31518,0.2662,0.2662,152684,0
1778558401.368032,0.0506,-0.107507,0.499152,1,0.5498,0.7575,-0.1654,0.045993,0.021152,0.0007,0.1707,0.3784,1,0.37835,0.2515,0.2515,152696,0
1778558401.418337,0.043905,-0.118812,0.501126,1,0.4415,1.1569,-0.172095,0.034687,0.023125,0.0008,0.1394,0.3014,1,0.30136,0.2316,0.2316,152700,0
1778558401.468411,0.035669,-0.144072,0.510105,1,0.4553,0.6313,-0.180331,0.009427,0.032105,0.0005,0.1546,0.3001,1,0.30014,1.5624,1.5624,152700,0
1778558401.518511,0.03468,-0.156073,0.514854,1,0.5564,0.7604,-0.18132,-0.002574,0.036854,0.0008,0.1808,0.3748,1,0.37482,0.4275,0.4275,152700,0
1778558401.568693,0.05,-0.15,0.5,1,0.4675,0.6591,-0.181106,-0.01482,0.04227,0.0009,0.1728,0.2937,1,0.29374,1.4541,1.4541,152700,0
1778558401.618907,0.038734,-0.185828,0.527207,1,0.6843,0.8534,-0.177266,-0.032328,0.049207,0.0008,0.1671,0.5164,2,0.25819,0.6239,0.6239,152700,0
1778558401.668979,0.05558,-0.220685,0.537748,1,0.6868,0.8789,-0.16042,-0.067185,0.059748,0.0008,0.1667,0.5193,2,0.25966,1.1572,1.1572,152700,0
1778558401.719077,0.069042,-0.237866,0.542018,1,0.8573,1.2563,-0.146958,-0.084366,0.064017,0.0006,0.1593,0.6973,3,0.23244,0.7818,0.7818,152700,0
1778558401.769174,0.085737,-0.256334,0.547729,1,0.7845,0.9658,-0.130263,-0.102835,0.069729,0.0007,0.1693,0.6145,3,0.20483,0.4018,0.4018,152700,0
1778558401.8193,0.105772,-0.271838,0.552311,1,0.9011,2.3254,-0.110228,-0.118339,0.074311,0.0009,0.1709,0.7293,3,0.24311,0.599,0.599,152704,0
1778558401.869386,0.149393,-0.295543,0.558951,1,0.813,0.9868,-0.066607,-0.142043,0.080951,0.0006,0.1612,0.6513,3,0.21709,2.0705,2.0705,152708,0
1778558401.919484,0.171342,-0.303718,0.560939,1,0.7945,0.9727,-0.044658,-0.150219,0.082939,0.0007,0.1756,0.6182,3,0.20606,0.8916,0.8916,152708,0
1778558401.969634,0.193262,-0.309235,0.565743,1,0.8186,1.0083,-0.022738,-0.155736,0.087743,0.0006,0.1639,0.6541,3,0.21803,0.7459,0.7459,152708,0
1778558402.020475,0.235666,-0.306879,0.570942,1,0.6479,1.1229,0.019666,-0.15338,0.092942,0.0008,0.1803,0.4668,2,0.23342,1.9911,1.9911,152708,0
1778558402.070571,0.254716,-0.301268,0.573404,1,0.7145,1.5203,0.038716,-0.147768,0.095404,0.001,0.1614,0.5521,2,0.27606,0.1871,0.1871,152708,0
1778558402.120668,0.25,-0.3,0.6,1,0.7189,1.5032,0.055327,-0.139834,0.098276,0.0007,0.1603,0.5579,2,0.27894,0.3101,0.3101,152708,0
1778558402.170749,0.288127,-0.285366,0.579663,1,0.709,1.1222,0.072127,-0.131867,0.101663,0.0008,0.1532,0.5551,2,0.27753,0.3059,0.3059,152708,0
1778558402.220836,0.323072,-0.255368,0.587606,1,0.4679,0.657,0.107072,-0.101869,0.109605,0.0009,0.1652,0.3018,1,0.30182,2.8304,2.8304,152712,0
1778558402.270955,0.337254,-0.240044,0.591143,1,0.4368,1.4211,0.121254,-0.086545,0.113142,0.0008,0.141,0.295,1,0.29502,1.3084,1.3084,152712,0
1778558402.321066,0.351014,-0.222001,0.595227,1,0.4699,3.265,0.135014,-0.068501,0.117227,0.0017,0.1697,0.2985,1,0.29847,1.1483,1.1483,152712,0
1778558402.371139,0.356442,-0.196248,0.596947,1,0.4522,1.1173,0.140442,-0.042749,0.118947,0.0012,0.1497,0.3013,1,0.30129,0.9321,0.9321,152712,0
1778558402.421582,0.370657,-0.153933,0.602601,1,0.3885,0.5462,0.154657,-0.000434,0.124601,0.0006,0.1232,0.2647,2,0.13235,0.8258,0.8258,152712,0
1778558402.471686,0.371663,-0.130631,0.603677,1,0.3458,0.4964,0.155663,0.022868,0.125677,0.0006,0.1278,0.2174,1,0.21738,1.3994,1.3994,152712,0
1778558402.521959,0.370042,-0.111098,0.604616,1,0.4586,0.6512,0.154042,0.042401,0.126615,0.001,0.1547,0.303,1,0.30298,1.6328,1.6328,152712,0
1778558402.572056,0.366193,-0.091755,0.60484,1,0.65,0.8298,0.150193,0.061744,0.126839,0.0006,0.1664,0.483,2,0.24149,0.8294,0.8294,152712,0
1778558402.622155,0.349205,-0.063812,0.602705,1,0.6191,0.7917,0.133205,0.089687,0.124705,0.0007,0.1503,0.468,2,0.23401,0.9702,0.9702,152716,0
1778558402.672235,0.335849,-0.05363,0.599395,1,0.6137,0.8017,0.119849,0.09987,0.121395,0.0009,0.1568,0.456,2,0.22801,0.8452,0.8452,152716,0
1778558402.72234,0.322348,-0.047099,0.595465,1,0.7137,0.9012,0.106348,0.1064,0.117465,0.0008,0.1653,0.5475,2,0.27376,0.7634,0.7634,152716,0
1778558402.772457,0.3,-0.05,0.55,1,0.6356,0.8407,0.090687,0.11012,0.111658,0.0006,0.1602,0.4748,2,0.23738,0.7495,0.7495,152716,0
1778558402.822642,0.25,-0.05,0.6,1,0.7094,0.9086,0.052583,0.111248,0.096667,0.0008,0.1758,0.5327,2,0.26635,2.1341,2.1341,152716,0
1778558402.873673,0.25,-0.05,0.6,1,0.4596,0.653,0.034175,0.109407,0.089289,0.0009,0.1674,0.2913,1,0.29126,0.8494,0.8494,152716,0
1778558402.924084,0.25,-0.05,0.6,1,0.4482,0.6511,0.013666,0.105843,0.081231,0.0007,0.1529,0.2945,1,0.29451,0.7099,0.7099,152720,0
1778558402.974179,0.2,-0.05,0.6,1,0.6418,0.8307,-0.009582,0.101928,0.072058,0.0008,0.1592,0.4818,2,0.24089,1.0256,1.0256,152720,0
1778558403.024304,0.15,-0.05,0.5,1,0.7669,0.9709,-0.056447,0.091586,0.056422,0.0008,0.1823,0.5839,2,0.29194,1.4289,1.4289,152736,0
1778558403.074515,0.15,-0.05,0.5,1,0.4756,0.6612,-0.07823,0.087156,0.048492,0.0008,0.1718,0.303,1,0.30297,0.2658,0.2658,152736,0
1778558403.124679,0.1,-0.05,0.5,1,0.6165,0.7905,-0.095735,0.082341,0.042336,0.0011,0.1566,0.4588,2,0.22942,0.4541,0.4541,152736,0
1778558403.174839,0.10031,-0.077083,0.514201,1,0.4656,0.6516,-0.11569,0.076416,0.036201,0.0007,0.1711,0.2937,1,0.29375,1.6875,1.6875,152736,0
1778558403.225252,0.071966,-0.08661,0.50581,1,0.5082,1.2674,-0.144034,0.066889,0.02781,0.0006,0.1561,0.3515,1,0.35152,2.0604,2.0604,152748,0
1778558403.275342,0.058166,-0.093953,0.503539,1,0.4362,0.5976,-0.157834,0.059546,0.025538,0.0005,0.1485,0.2871,1,0.28715,0.3631,0.3631,152748,0
1778558403.325439,0.046488,-0.101855,0.502529,1,0.4572,0.6332,-0.169512,0.051644,0.024528,0.0012,0.1615,0.2944,1,0.29445,0.348,0.348,152748,0
1778558403.375653,0.035791,-0.110924,0.502983,1,0.4836,0.6671,-0.180209,0.042575,0.024982,0.0008,0.1646,0.3182,1,0.3182,0.3802,0.3802,152748,0
1778558403.425684,0.022128,-0.135653,0.506463,1,0.4356,0.6105,-0.193872,0.017846,0.028462,0.0008,0.1457,0.2891,1,0.28913,1.5258,1.5258,152752,0
1778558403.475775,0.020909,-0.150625,0.509475,1,0.5496,0.7798,-0.195091,0.002875,0.031475,0.0008,0.1792,0.3696,1,0.3696,0.4679,0.4679,152760,0
1778558403.525907,-0.0,-0.15,0.5,1,0.5305,0.7254,-0.192107,-0.012978,0.033215,0.0008,0.2169,0.3129,1,0.31288,0.5915,0.5915,152760,0
1778558403.575975,0.030489,-0.187528,0.513564,1,0.6767,0.863,-0.185511,-0.034028,0.035563,0.0009,0.1624,0.5133,2,0.25667,0.7199,0.7199,152760,0
1778558403.626078,0.05253,-0.228776,0.519505,1,0.6944,0.8855,-0.16347,-0.075277,0.041504,0.0009,0.173,0.5205,2,0.26023,2.8395,2.8395,152760,0
1778558403.676192,0.065503,-0.246608,0.523491,1,0.7812,0.9728,-0.150497,-0.093109,0.04549,0.001,0.1446,0.6356,3,0.21186,0.5621,0.5621,152760,0
1778558403.72627,0.1,-0.25,0.55,1,0.8093,1.275,-0.13484,-0.10873,0.051273,0.0006,0.1511,0.6575,3,0.21918,0.6292,0.6292,152760,0
1778558403.77638,0.100099,-0.2734,0.533059,1,0.8056,0.9895,-0.115901,-0.119901,0.055059,0.0008,0.1721,0.6328,3,0.21092,0.8383,0.8383,152760,0
1778558403.82648,0.141894,-0.289126,0.544847,1,0.8682,1.0476,-0.074106,-0.135626,0.066847,0.0009,0.1758,0.6915,3,0.23049,1.0401,1.0401,152764,0
1778558403.876574,0.168645,-0.294856,0.551156,1,0.8173,1.0106,-0.047355,-0.141356,0.073156,0.0009,0.1712,0.6452,3,0.21507,0.6668,0.6668,152764,0
1778558403.926702,0.196916,-0.298281,0.561036,1,0.9886,1.22,-0.019084,-0.144782,0.083035,0.0008,0.1861,0.8017,3,0.26725,0.5624,0.5624,152764,0
1778558403.976877,0.220679,-0.295382,0.570742,1,0.3833,0.5069,0.004679,-0.141883,0.092742,0.0005,0.1114,0.2714,2,0.13568,1.4365,1.4365,152764,0
1778558404.026978,0.25,-0.25,0.6,1,0.6063,0.7818,0.050095,-0.120255,0.108193,0.0009,0.1492,0.4562,2,0.22809,0.2733,0.2733,152764,0
1778558404.077129,0.286502,-0.257263,0.591926,1,0.7768,1.0494,0.070502,-0.103764,0.113925,0.0007,0.165,0.6111,2,0.30554,0.3215,0.3215,152764,0
1778558404.127629,0.304332,-0.239202,0.595239,1,0.5476,0.8046,0.088332,-0.085703,0.117238,0.001,0.1767,0.3699,1,0.36991,1.0973,1.0973,152764,0
1778558404.177721,0.322066,-0.219773,0.597245,1,0.2686,0.4409,0.106066,-0.066274,0.119245,0.0012,0.1016,0.1658,1,0.16579,0.9964,0.9964,152764,0
1778558404.22784,0.347601,-0.179019,0.600797,1,0.6033,0.8047,0.131601,-0.02552,0.122797,0.0006,0.155,0.4477,2,0.22385,0.8293,0.8293,152768,0
1778558404.277934,0.357515,-0.158773,0.603999,1,0.4825,0.6955,0.141515,-0.005274,0.125998,0.0009,0.1566,0.325,1,0.32497,1.2415,1.2415,152768,0
1778558404.329938,0.36567,-0.136698,0.606205,1,0.4746,0.6915,0.14967,0.016802,0.128204,0.0008,0.1661,0.3077,1,0.3077,1.4613,1.4613,152768,0
1778558404.380161,0.358419,-0.086939,0.603606,1,0.9292,1.7638,0.142419,0.06656,0.125606,0.001,0.1941,0.7341,2,0.36705,0.762,0.762,152780,0
1778558404.430262,0.35238,-0.069893,0.601472,1,0.691,1.4036,0.13638,0.083606,0.123472,0.001,0.1617,0.5283,2,0.26417,0.7536,0.7536,152780,0
1778558404.480376,0.340374,-0.051745,0.597611,1,0.7308,1.4541,0.124374,0.101754,0.119611,0.0012,0.1826,0.547,2,0.2735,0.8094,0.8094,152780,0
1778558404.530465,0.32721,-0.040096,0.594294,1,0.7574,3.4805,0.11121,0.113403,0.116294,0.0006,0.1642,0.5927,2,0.29633,0.7814,0.7814,152780,0
1778558404.580675,0.3,-0.05,0.55,1,0.6903,1.6131,0.07829,0.124857,0.106778,0.0008,0.1489,0.5407,2,0.27034,1.0682,1.0682,152780,0
1778558404.63079,0.25,-0.05,0.6,1,0.7163,1.4006,0.060301,0.125057,0.10091,0.0009,0.164,0.5514,2,0.27569,1.9327,1.9327,152784,0
1778558404.680953,0.25,-0.05,0.6,1,0.4272,1.218,0.037612,0.124703,0.09121,0.0008,0.1406,0.2859,1,0.28591,0.5316,0.5316,152784,0
1778558404.731047,0.25,-0.05,0.6,1,0.5827,1.3379,0.015236,0.121262,0.082438,0.0007,0.1607,0.4213,1,0.42128,0.4794,0.4794,152784,0
1778558404.781385,0.2,-0.05,0.5,1,0.6764,0.8681,-0.028817,0.112014,0.062575,0.0007,0.1459,0.5298,2,0.2649,1.071,1.071,152784,0
1778558404.831789,0.15,-0.05,0.5,1,0.8624,3.7852,-0.052472,0.106671,0.051439,0.0005,0.2074,0.6544,2,0.32721,0.5333,0.5333,152784,0
1778558404.881969,0.146114,-0.051037,0.52175,1,0.474,0.6598,-0.069886,0.102462,0.04375,0.0008,0.1649,0.3083,1,0.30829,1.2268,1.2268,152784,0
1778558404.932072,0.127113,-0.056592,0.514539,1,0.4676,0.657,-0.088887,0.096907,0.036539,0.0007,0.1625,0.3044,1,0.30442,0.6339,0.6339,152784,0
1778558404.982174,0.095257,-0.068604,0.501756,1,0.4622,0.6504,-0.120743,0.084895,0.023756,0.0007,0.1614,0.3002,1,0.30022,2.8674,2.8674,152784,0
1778558405.03235,0.1,-0.05,0.5,1,0.4871,0.6945,-0.133984,0.078674,0.018862,0.0012,0.16,0.3259,1,0.32593,0.8668,0.8668,152788,0
1778558405.082424,0.069881,-0.083209,0.493672,1,0.6985,0.8967,-0.146119,0.07029,0.015672,0.0008,0.1779,0.5199,2,0.25993,0.4227,0.4227,152788,0
1778558405.132484,0.060634,-0.090435,0.492369,1,0.5156,0.7143,-0.155366,0.063064,0.014369,0.0006,0.1805,0.3345,1,0.33446,0.2351,0.2351,152788,0
1778558405.182548,0.043892,-0.110146,0.494677,1,0.4391,0.6337,-0.172108,0.043354,0.016677,0.0007,0.1485,0.2899,1,0.28993,1.0757,1.0757,152788,0
1778558405.232701,0.036996,-0.122859,0.497065,1,0.4207,0.5875,-0.179004,0.030641,0.019065,0.0009,0.1458,0.2739,1,0.27391,0.1066,0.1066,152788,0
1778558405.282899,0.032451,-0.132794,0.49999,1,0.4693,0.6792,-0.183549,0.020706,0.02199,0.0009,0.169,0.2994,1,0.29936,0.2161,0.2161,152788,0
1778558405.333218,0.0293,-0.144852,0.504009,1,0.4369,0.5995,-0.1867,0.008647,0.026009,0.0008,0.1554,0.2807,1,0.28067,0.121,0.121,152788,0
1778558405.383594,0.05,-0.15,0.5,1,0.4357,0.6276,-0.186969,-0.013956,0.035715,0.0006,0.1421,0.293,1,0.293,0.6874,0.6874,152788,0
1778558405.43417,0.05,-0.2,0.5,1,0.715,1.1049,-0.182892,-0.02722,0.040577,0.0008,0.1796,0.5346,2,0.2673,0.7538,0.7538,152804,0
1778558405.484285,0.040429,-0.194956,0.523053,1,0.6173,0.8006,-0.175571,-0.041456,0.045053,0.0008,0.1485,0.468,2,0.234,0.6607,0.6607,152804,0
1778558405.534384,0.051262,-0.211537,0.52786,1,0.6314,0.8193,-0.164738,-0.058037,0.049859,0.0008,0.1768,0.4538,2,0.22692,0.766,0.766,152804,0
1778558405.584556,0.079143,-0.241699,0.534627,1,0.784,0.9621,-0.136857,-0.0882,0.056626,0.0007,0.1543,0.6291,3,0.20969,0.6188,0.6188,152804,0
1778558405.634738,0.097064,-0.255359,0.538749,1,0.7767,0.9555,-0.118936,-0.10186,0.060749,0.0008,0.1496,0.6263,3,0.20878,0.5355,0.5355,152804,0
1778558405.685033,0.119391,-0.267694,0.544248,1,0.8562,1.039,-0.096609,-0.114194,0.066248,0.0007,0.1617,0.6938,3,0.23126,0.5757,0.5757,152804,0
1778558405.735141,0.138579,-0.276249,0.547885,1,0.8438,1.03,-0.077421,-0.122749,0.069884,0.0009,0.1781,0.6648,3,0.22159,0.5875,0.5875,152808,0
1778558405.785338,0.186943,-0.291457,0.556893,1,0.7663,0.9363,-0.029057,-0.137957,0.078893,0.0007,0.1454,0.6203,3,0.20675,0.7597,0.7597,152808,0
1778558405.835544,0.214292,-0.294179,0.56157,1,0.6134,0.795,-0.001708,-0.14068,0.08357,0.0009,0.1471,0.4654,2,0.23271,1.4605,1.4605,152812,0
1778558405.885734,0.232385,-0.292629,0.56554,1,0.6565,0.8498,0.016385,-0.13913,0.08754,0.0007,0.1675,0.4883,2,0.24416,0.309,0.309,152812,0
1778558405.935972,0.255873,-0.28538,0.569011,1,0.6096,0.7847,0.039873,-0.131881,0.091011,0.0012,0.1476,0.4607,2,0.23037,0.152,0.152,152812,0
1778558405.986173,0.292236,-0.263618,0.573808,1,0.71,0.9148,0.076236,-0.110119,0.095808,0.001,0.1699,0.5392,2,0.2696,0.3058,0.3058,152812,0
1778558406.036471,0.306578,-0.248971,0.576901,1,0.4543,0.633,0.090578,-0.095472,0.098901,0.001,0.1608,0.2925,1,0.29251,2.0345,2.0345,152812,0
1778558406.086691,0.3,-0.25,0.6,1,0.6592,0.8419,0.105371,-0.078029,0.10172,0.001,0.1646,0.4937,2,0.24684,0.4085,0.4085,152812,0
1778558406.136859,0.334273,-0.212631,0.581945,1,0.6486,0.8344,0.118273,-0.059131,0.103945,0.0009,0.17,0.4777,2,0.23885,0.728,0.728,152812,0
1778558406.18695,0.352075,-0.173091,0.584698,1,0.5027,0.7233,0.136075,-0.019592,0.106698,0.0007,0.1683,0.3337,1,0.33371,2.9647,2.9647,152812,0
1778558406.237042,0.357297,-0.151539,0.585728,1,0.4242,0.5977,0.141297,0.00196,0.107727,0.0015,0.1508,0.272,1,0.27199,1.2844,1.2844,152816,0
1778558406.287125,0.357419,-0.131458,0.583762,1,0.4689,0.7457,0.141419,0.022041,0.105761,0.0008,0.1545,0.3136,1,0.31357,1.074,1.074,152816,0
1778558406.337229,0.353365,-0.111696,0.579761,1,0.4878,0.6621,0.137365,0.041803,0.10176,0.0012,0.1651,0.3215,1,0.32152,1.3485,1.3485,152824,0
1778558406.387323,0.337427,-0.07833,0.565935,1,0.6138,0.7995,0.121427,0.075169,0.087935,0.0007,0.144,0.4691,2,0.23456,0.7079,0.7079,152824,0
1778558406.437433,0.324357,-0.06523,0.558625,1,0.6869,0.8872,0.108357,0.088269,0.080625,0.0007,0.1703,0.5159,2,0.25794,0.6678,0.6678,152824,0
1778558406.487526,0.306984,-0.055497,0.552049,1,0.6142,0.7912,0.090984,0.098003,0.074048,0.0006,0.1569,0.4566,2,0.22831,0.6749,0.6749,152828,0
1778558406.537692,0.288583,-0.048619,0.546447,1,0.6498,0.8988,0.072583,0.10488,0.068446,0.0009,0.171,0.4779,2,0.23897,0.6607,0.6607,152828,0
1778558406.587788,0.25,-0.05,0.5,1,0.7747,0.9696,0.02923,0.109716,0.054386,0.0012,0.2462,0.5273,2,0.26365,0.8226,0.8226,152828,0
1778558406.637872,0.25,-0.05,0.5,1,0.4355,0.619,0.00973,0.109023,0.047982,0.0008,0.1466,0.2882,1,0.28817,1.0532,1.0532,152832,0
1778558406.688128,0.204481,-0.048825,0.519525,1,0.6896,0.9137,-0.011519,0.104674,0.041524,0.0005,0.1137,0.5755,2,0.28773,1.1454,1.1454,152832,0
1778558406.738312,0.184323,-0.052819,0.513745,1,0.4715,0.6454,-0.031677,0.10068,0.035744,0.0006,0.1631,0.3077,1,0.30769,0.8446,0.8446,152832,0
1778558406.7884,0.145065,-0.064437,0.503607,1,0.633,0.8155,-0.070935,0.089062,0.025607,0.0008,0.1709,0.4614,2,0.23068,0.3538,0.3538,152832,0
1778558406.838594,0.15,-0.05,0.5,1,0.4659,0.6449,-0.089587,0.082521,0.019895,0.0007,0.1685,0.2967,1,0.29674,0.5809,0.5809,152832,0
1778558406.888765,0.110361,-0.07608,0.493736,1,0.6327,0.8327,-0.105639,0.077419,0.015736,0.001,0.1685,0.4632,2,0.23162,0.3553,0.3553,152832,0
1778558406.938853,0.094118,-0.08337,0.490484,1,0.513,1.2446,-0.121882,0.070129,0.012484,0.0004,0.1797,0.3329,1,0.33294,0.5286,0.5286,152832,0
1778558406.988933,0.068434,-0.099842,0.490113,1,0.5176,0.6969,-0.147566,0.053657,0.012113,0.0008,0.1713,0.3454,1,0.34543,1.9335,1.9335,152832,0
1778558407.039035,0.058214,-0.109031,0.491714,1,0.4849,0.6748,-0.157786,0.044469,0.013714,0.0008,0.1602,0.324,1,0.32402,0.3849,0.3849,152832,0
1778558407.089124,0.049881,-0.11923,0.493944,1,0.4558,0.6467,-0.166119,0.034269,0.015944,0.0007,0.15,0.3052,1,0.30516,0.3651,0.3651,152832,0
1778558407.139231,0.043864,-0.130751,0.497045,1,0.5105,1.7277,-0.172136,0.022748,0.019045,0.0008,0.1691,0.3405,1,0.34048,0.247,0.247,152832,0
1778558407.189339,0.037625,-0.158124,0.507084,1,0.5144,0.7122,-0.178375,-0.004625,0.029083,0.0009,0.1765,0.337,1,0.33702,1.7603,1.7603,152832,0
1778558407.239439,0.038165,-0.172423,0.512966,1,0.5058,0.6845,-0.177835,-0.018924,0.034966,0.0009,0.1668,0.3382,1,0.33815,0.8311,0.8311,152844,0
1778558407.289582,0.041116,-0.186023,0.517762,1,0.4593,0.646,-0.174884,-0.032524,0.039762,0.0009,0.1624,0.2959,1,0.29594,1.4268,1.4268,152844,0
1778558407.340638,0.059899,-0.215454,0.526727,1,0.68,2.0579,-0.156101,-0.061955,0.048727,0.0008,0.1708,0.5084,2,0.25422,0.9795,0.9795,152856,0
1778558407.39074,0.1,-0.25,0.55,1,0.8556,1.7109,-0.140655,-0.078922,0.054433,0.0008,0.1597,0.6952,3,0.23172,0.481,0.481,152856,0
1778558407.441014,0.092526,-0.246993,0.537136,1,0.8308,1.6995,-0.123474,-0.093494,0.059136,0.0008,0.1542,0.6758,3,0.22526,0.5968,0.5968,152860,0
1778558407.491113,0.117303,-0.261329,0.541321,1,0.8113,0.9976,-0.098697,-0.10783,0.063321,0.0013,0.1624,0.6476,3,0.21588,0.4796,0.4796,152860,0
1778558407.541207,0.164455,-0.280031,0.548376,1,0.7914,1.3583,-0.051545,-0.126532,0.070375,0.0008,0.1414,0.6492,3,0.2164,0.7712,0.7712,152860,0
1778558407.59164,0.189862,-0.283647,0.552286,1,1.5105,1.7471,-0.026138,-0.130148,0.074286,0.001,0.1946,1.3149,3,0.4383,0.4499,0.4499,152860,0
1778558407.641831,0.210039,-0.283382,0.555702,1,0.6175,0.7984,-0.005961,-0.129883,0.077702,0.0007,0.1612,0.4556,2,0.2278,1.3116,1.3116,152860,0
1778558407.691955,0.233873,-0.277962,0.55881,1,0.6419,0.8303,0.017873,-0.124463,0.08081,0.0009,0.1599,0.4811,2,0.24056,0.2,0.2,152860,0
1778558407.742608,0.277502,-0.255582,0.566135,1,0.7443,0.9654,0.061502,-0.102083,0.088135,0.0008,0.1732,0.5704,2,0.28518,0.2808,0.2808,152860,0
1778558407.792719,0.297607,-0.241051,0.56986,1,0.4971,0.718,0.081607,-0.087552,0.09186,0.0008,0.1637,0.3326,1,0.3326,1.3059,1.3059,152860,0
1778558407.842821,0.3,-0.25,0.55,1,0.5124,0.7563,0.098297,-0.073395,0.095429,0.0007,0.1719,0.3398,1,0.33982,2.4714,2.4714,152864,0
1778558407.894068,0.35,-0.2,0.6,1,0.6484,0.8251,0.115064,-0.055507,0.099452,0.0007,0.1613,0.4863,2,0.24315,1.0812,1.0812,152864,0
1778558407.944178,0.358588,-0.172672,0.584983,1,0.5121,0.6862,0.142588,-0.019173,0.106983,0.0008,0.1695,0.3417,1,0.34174,2.1548,2.1548,152864,0
1778558407.99427,0.368352,-0.151051,0.587824,1,0.4647,0.6539,0.152352,0.002449,0.109824,0.0011,0.1622,0.3014,1,0.30141,1.6524,1.6524,152864,0
1778558408.04437,0.35,-0.15,0.6,1,0.5119,0.7324,0.15701,0.024691,0.111354,0.0009,0.173,0.338,1,0.33805,2.3006,2.3006,152864,0
1778558408.094544,0.373944,-0.105973,0.58969,1,0.625,0.8179,0.157944,0.047526,0.111689,0.0009,0.1612,0.4629,2,0.23146,1.2893,1.2893,152864,0
1778558408.144737,0.361375,-0.065631,0.585893,1,0.6356,0.8177,0.145375,0.087868,0.107893,0.0008,0.1478,0.4871,2,0.24354,1.193,1.193,152872,0
1778558408.194834,0.349778,-0.051513,0.582632,1,0.673,0.8658,0.133778,0.101986,0.104631,0.0007,0.1565,0.5158,2,0.2579,1.1716,1.1716,152872,0
1778558408.244924,0.333343,-0.040075,0.577286,1,0.6711,0.8665,0.117343,0.113424,0.099286,0.0009,0.1577,0.5125,2,0.25627,1.1038,1.1038,152876,0
1778558408.295028,0.3,-0.05,0.55,1,0.7137,0.9139,0.10081,0.120601,0.09433,0.0009,0.1637,0.5491,2,0.27455,1.3769,1.3769,152876,0
1778558408.345111,0.3,-0.05,0.55,1,0.6164,0.7999,0.062009,0.126854,0.081049,0.001,0.1445,0.4709,2,0.23544,0.515,0.515,152876,0
1778558408.39534,0.3,-0.05,0.55,1,0.6223,0.8027,0.039993,0.12574,0.074034,0.0006,0.1497,0.472,2,0.23598,0.4944,0.4944,152876,0
1778558408.445843,0.25,-0.05,0.5,1,0.814,1.0764,0.015583,0.120467,0.066435,0.0012,0.2257,0.5871,2,0.29354,1.3848,1.3848,152876,0
1778558408.495983,0.2,-0.05,0.5,1,0.6111,0.7941,-0.009723,0.115355,0.058466,0.0006,0.1465,0.464,2,0.23201,1.3749,1.3749,152876,0
1778558408.546118,0.162375,-0.047407,0.51976,1,0.7579,0.9749,-0.053625,0.106092,0.04176,0.0008,0.1739,0.5831,2,0.29156,0.6227,0.6227,152876,0
1778558408.596238,0.140925,-0.052394,0.510947,1,0.4455,0.6275,-0.075075,0.101105,0.032947,0.0006,0.1514,0.2935,1,0.29354,1.0468,1.0468,152876,0
1778558408.646341,0.123119,-0.056793,0.503253,1,0.543,0.7396,-0.092881,0.096706,0.025253,0.0007,0.1736,0.3688,1,0.36879,0.6683,0.6683,152880,0
1778558408.696439,0.104631,-0.060595,0.494571,1,0.4948,0.6974,-0.111369,0.092904,0.016571,0.0007,0.1775,0.3165,1,0.31652,0.7024,0.7024,152880,0
1778558408.746615,0.1,-0.05,0.5,1,0.5269,0.7336,-0.138537,0.087819,0.00116,0.0006,0.1834,0.3429,1,0.34286,0.6216,0.6216,152880,0
1778558408.796771,0.05,-0.05,0.5,1,0.6728,0.8665,-0.151201,0.080814,-0.00243,0.0008,0.1705,0.5015,2,0.25077,0.6101,0.6101,152880,0
1778558408.847636,0.05,-0.1,0.5,1,0.6297,0.8357,-0.159989,0.073801,-0.002284,0.0005,0.1096,0.5196,2,0.25982,0.5109,0.5109,152880,0
1778558408.897823,0.049458,-0.090675,0.476504,1,0.504,0.6825,-0.166542,0.062824,-0.001496,0.0008,0.1689,0.3342,1,0.33425,0.9634,0.9634,152880,0
1778558408.947864,0.05,-0.1,0.45,1,0.6671,0.8507,-0.172121,0.034412,-0.003496,0.0007,0.1664,0.5001,2,0.25005,0.4451,0.4451,152880,0
1778558408.997964,0.043035,-0.136921,0.475293,1,0.6519,0.8237,-0.172965,0.016578,-0.002707,0.0006,0.1607,0.4906,2,0.24532,0.5377,0.5377,152880,0
1778558409.048143,0.043408,-0.153976,0.479936,1,0.4389,0.6144,-0.172592,-0.000477,0.001936,0.0006,0.1423,0.296,1,0.29605,0.2094,0.2094,152884,0
1778558409.098245,0.044702,-0.169293,0.485503,1,0.5324,0.7157,-0.171298,-0.015794,0.007503,0.0008,0.169,0.3626,1,0.36264,0.2171,0.2171,152884,0
1778558409.148443,0.055908,-0.205786,0.499778,1,0.6176,0.7899,-0.160092,-0.052287,0.021778,0.0008,0.1562,0.4607,2,0.23034,0.5875,0.5875,152884,0
1778558409.198623,0.064602,-0.221851,0.505582,1,0.6689,0.86,-0.151398,-0.068352,0.027582,0.0013,0.1694,0.4982,2,0.2491,0.7011,0.7011,152884,0
1778558409.248709,0.07676,-0.236405,0.510565,1,0.6119,0.7825,-0.13924,-0.082905,0.032565,0.0007,0.1534,0.4577,2,0.22886,1.602,1.602,152884,0
1778558409.298809,0.093385,-0.25158,0.515731,1,0.7915,1.4689,-0.122615,-0.098081,0.037731,0.0007,0.1493,0.6415,3,0.21384,0.5331,0.5331,152888,0
1778558409.350878,0.15,-0.3,0.5,1,0.8462,1.5895,-0.079563,-0.123617,0.045487,0.0008,0.1525,0.6929,3,0.23096,0.7591,0.7591,152888,0
1778558409.400952,0.161515,-0.286979,0.528194,1,0.5721,1.4465,-0.054485,-0.13348,0.050194,0.0013,0.1434,0.4274,2,0.21368,1.1249,1.1249,152892,0
1778558409.451088,0.187432,-0.294404,0.534088,1,0.7337,1.7003,-0.028568,-0.140905,0.056088,0.0009,0.1789,0.5538,2,0.2769,0.6987,0.6987,152892,0
1778558409.501605,0.231497,-0.293534,0.554896,1,0.6876,1.0449,0.015497,-0.140035,0.076896,0.0008,0.1678,0.519,2,0.25951,0.2627,0.2627,152892,0
1778558409.551702,0.250633,-0.290516,0.5641,1,0.6108,0.7887,0.034633,-0.137017,0.0861,0.0007,0.1407,0.4693,2,0.23464,0.2821,0.2821,152892,0
1778558409.60192,0.25,-0.3,0.55,1,0.7203,0.9259,0.054552,-0.129502,0.09249,0.0012,0.1661,0.5531,2,0.27654,0.1104,0.1104,152892,0
1778558409.652007,0.3,-0.25,0.6,1,0.7693,0.9714,0.072212,-0.117793,0.098641,0.0009,0.1885,0.5799,2,0.28997,0.3362,0.3362,152892,0
1778558409.702077,0.322191,-0.246665,0.588936,1,0.6406,0.8271,0.106191,-0.093165,0.110935,0.0007,0.1452,0.4947,2,0.24735,0.4158,0.4158,152904,0
1778558409.752155,0.35,-0.25,0.6,1,0.6168,0.7845,0.11767,-0.072527,0.113783,0.0006,0.1422,0.474,2,0.23698,0.6401,0.6401,152904,0
1778558409.802231,0.34567,-0.209141,0.595051,1,0.4616,0.6499,0.12967,-0.055642,0.11705,0.001,0.1622,0.2984,1,0.29842,2.9459,2.9459,152908,0
1778558409.852313,0.357668,-0.194612,0.597775,1,0.5124,0.7144,0.141668,-0.041112,0.119775,0.0008,0.1665,0.3451,1,0.34505,1.0995,1.0995,152908,0
1778558409.902393,0.366552,-0.152282,0.602211,1,0.557,0.7962,0.150552,0.001218,0.124211,0.0008,0.1811,0.3752,1,0.37518,2.9172,2.9172,152908,0
1778558409.952572,0.371191,-0.136775,0.603836,1,0.4368,0.6131,0.155191,0.016724,0.125836,0.0008,0.1454,0.2906,1,0.29058,1.1756,1.1756,152908,0
1778558410.002799,0.369614,-0.11937,0.60543,1,0.4625,0.6343,0.153614,0.034129,0.12743,0.0007,0.1471,0.3147,1,0.31472,1.2993,1.2993,152920,0
1778558410.054279,0.364515,-0.102876,0.604397,1,0.49,0.6908,0.148515,0.050623,0.126397,0.0009,0.1573,0.3318,1,0.3318,2.5491,2.5491,152920,0
1778558410.104383,0.340742,-0.077376,0.597386,1,0.7294,0.9382,0.124742,0.076123,0.119386,0.0008,0.1858,0.5429,2,0.27143,0.8632,0.8632,152920,0
1778558410.154473,0.35,-0.05,0.6,1,0.6557,0.845,0.107197,0.083858,0.115326,0.0006,0.153,0.5021,2,0.25106,0.9704,0.9704,152920,0
1778558410.204565,0.3,-0.1,0.6,1,0.6623,0.8419,0.088144,0.08858,0.111525,0.0006,0.1477,0.514,2,0.25698,2.9477,2.9477,152920,0
1778558410.25494,0.25,-0.05,0.6,1,0.6334,0.8155,0.065035,0.092251,0.103749,0.0008,0.1529,0.4797,2,0.23987,0.7862,0.7862,152924,0
1778558410.305017,0.25,-0.05,0.6,1,0.4577,0.653,0.017191,0.09434,0.086945,0.0008,0.1541,0.3028,1,0.30281,0.8188,0.8188,152924,0
1778558410.355099,0.2,-0.05,0.6,1,0.6473,0.8419,-0.011385,0.094062,0.075983,0.0008,0.1563,0.4902,2,0.24511,1.253,1.253,152924,0
1778558410.405198,0.2,-0.05,0.5,1,0.6115,0.801,-0.032993,0.094648,0.06605,0.0008,0.1506,0.4601,2,0.23006,1.1911,1.1911,152924,0
1778558410.455285,0.15,-0.05,0.5,1,0.6599,0.8526,-0.053633,0.092749,0.055573,0.0007,0.1505,0.5087,2,0.25436,0.5565,0.5565,152924,0
1778558410.505326,0.15,-0.05,0.5,1,0.4506,0.6289,-0.088447,0.086371,0.034285,0.0008,0.1484,0.3013,1,0.30135,0.4301,0.4301,152924,0
1778558410.555423,0.114231,-0.069921,0.504981,1,0.6273,0.8183,-0.101769,0.083578,0.026981,0.0007,0.1551,0.4715,2,0.23573,0.3767,0.3767,152924,0
1778558410.605549,0.100859,-0.074105,0.498518,1,0.5152,0.7219,-0.115141,0.079394,0.020518,0.0008,0.1774,0.337,1,0.33702,0.2576,0.2576,152928,0
1778558410.655586,0.089904,-0.077895,0.493468,1,0.5031,0.7026,-0.126096,0.075605,0.015468,0.0007,0.1608,0.3415,1,0.34154,0.1102,0.1102,152928,0
1778558410.705666,0.07163,-0.08966,0.488754,1,0.4443,0.6381,-0.14437,0.063839,0.010753,0.0007,0.147,0.2966,1,0.29663,0.8662,0.8662,152928,0
1778558410.755711,0.064223,-0.101263,0.486849,1,0.4494,0.6335,-0.151777,0.052237,0.008849,0.0007,0.1472,0.3015,1,0.30154,0.2816,0.2816,152928,0
1778558410.805897,0.058003,-0.113979,0.487811,1,0.5149,0.7194,-0.157997,0.03952,0.009811,0.0009,0.1766,0.3374,1,0.3374,0.4475,0.4475,152940,0
1778558410.855982,0.053398,-0.125602,0.489568,1,0.4996,0.7078,-0.162602,0.027898,0.011568,0.0009,0.1781,0.3206,1,0.32064,0.5495,0.5495,152940,0
1778558410.90608,0.047015,-0.150248,0.494164,1,0.4594,0.654,-0.168985,0.003251,0.016164,0.0006,0.1667,0.2921,1,0.29212,1.3703,1.3703,152940,0
1778558410.956165,0.045873,-0.160891,0.497746,1,0.5019,0.6747,-0.170127,-0.007392,0.019746,0.0008,0.1668,0.3344,1,0.33439,0.4161,0.4161,152940,0
1778558411.006264,0.046666,-0.172772,0.501415,1,0.4723,0.6625,-0.169334,-0.019272,0.023414,0.0008,0.1671,0.3044,1,0.30443,0.45,0.45,152944,0
1778558411.056365,0.049538,-0.182499,0.505108,1,0.4572,0.6609,-0.166462,-0.029,0.027107,0.0007,0.1523,0.3042,1,0.30419,0.489,0.489,152944,0
1778558411.10656,0.068672,-0.201568,0.508049,1,0.4514,0.6377,-0.147328,-0.048069,0.030049,0.0007,0.1507,0.2999,1,0.29992,2.8765,2.8765,152944,0
1778558411.156635,0.081216,-0.211976,0.507263,1,0.6245,0.8094,-0.134784,-0.058477,0.029263,0.0009,0.1558,0.4679,2,0.23395,0.9267,0.9267,152944,0
1778558411.207083,0.098464,-0.22229,0.507727,1,0.619,1.1024,-0.117536,-0.068791,0.029726,0.0007,0.1454,0.4729,2,0.23643,1.1261,1.1261,152944,0
1778558411.257195,0.11754,-0.234577,0.508503,1,0.6687,0.8532,-0.09846,-0.081078,0.030503,0.001,0.1497,0.518,2,0.25902,1.3627,1.3627,152944,0
1778558411.3073,0.153708,-0.251641,0.51701,1,0.6319,0.8167,-0.062292,-0.098142,0.03901,0.0007,0.1471,0.484,2,0.24201,2.7078,2.7078,152944,0
1778558411.357519,0.15,-0.25,0.5,1,0.6131,0.7875,-0.042513,-0.104345,0.046354,0.0007,0.1518,0.4607,2,0.23033,1.2111,1.2111,152944,0
1778558411.407762,0.193559,-0.260478,0.533151,1,0.6147,0.813,-0.022441,-0.106978,0.05515,0.0006,0.1479,0.4662,2,0.23311,1.5514,1.5514,152948,0
1778558411.457949,0.215468,-0.259153,0.540642,1,0.6809,0.8617,-0.000532,-0.105653,0.062642,0.0008,0.165,0.5151,2,0.25755,0.3889,0.3889,152948,0
1778558411.508433,0.255728,-0.253807,0.553842,1,0.8126,1.0231,0.039728,-0.100308,0.075842,0.0016,0.1902,0.6208,2,0.31042,0.2519,0.2519,152948,0
1778558411.558535,0.275066,-0.247308,0.56208,1,0.7103,0.8922,0.059066,-0.093809,0.08408,0.0008,0.1637,0.5459,2,0.27294,0.2266,0.2266,152952,0
1778558411.60861,0.293773,-0.239629,0.569287,1,0.4781,0.6684,0.077773,-0.08613,0.091286,0.0011,0.1555,0.3215,1,0.32145,2.1635,2.1635,152952,0
1778558411.658692,0.3,-0.25,0.6,1,0.6132,1.4424,0.094253,-0.077809,0.097445,0.0007,0.1349,0.4776,2,0.23882,0.362,0.362,152952,0
1778558411.708796,0.340119,-0.206426,0.586554,1,0.6566,0.8703,0.124119,-0.052927,0.108553,0.0008,0.1553,0.5006,2,0.25029,0.7507,0.7507,152952,0
1778558411.75886,0.353375,-0.190846,0.591053,1,0.462,0.6599,0.137375,-0.037347,0.113053,0.0008,0.1552,0.306,1,0.30599,1.1109,1.1109,152952,0
1778558411.808966,0.367126,-0.177606,0.594485,1,0.4948,0.6913,0.151126,-0.024107,0.116484,0.0008,0.1602,0.3338,1,0.33382,1.4607,1.4607,152956,0
1778558411.859062,0.380246,-0.167056,0.596894,1,0.4996,1.1978,0.164246,-0.013557,0.118894,0.0006,0.1499,0.349,1,0.34902,1.7012,1.7012,152956,0
1778558411.909138,0.397124,-0.137137,0.601381,1,0.6486,0.8447,0.181124,0.016362,0.12338,0.0007,0.148,0.4999,2,0.24997,1.5204,1.5204,152956,0
1778558411.95925,0.40032,-0.123098,0.602627,1,0.6088,0.8341,0.18432,0.030401,0.124627,0.0009,0.1763,0.4315,1,0.4315,2.7645,2.7645,152964,0
1778558412.009335,0.402674,-0.109079,0.603309,1,0.6252,0.8001,0.186674,0.04442,0.125309,0.0008,0.1461,0.4783,2,0.23913,1.8575,1.8575,152964,0
1778558412.059423,0.401915,-0.096576,0.602961,1,0.6148,1.5336,0.185915,0.056924,0.124961,0.0007,0.1439,0.4702,2,0.2351,1.9761,1.9761,152964,0
1778558412.10952,0.385908,-0.073359,0.598937,1,0.655,0.8392,0.169908,0.08014,0.120937,0.0007,0.1592,0.4951,2,0.24754,2.1164,2.1164,152964,0
1778558412.159611,0.371334,-0.063461,0.595143,1,0.6175,0.8003,0.155334,0.090038,0.117142,0.0006,0.1463,0.4706,2,0.23532,1.6412,1.6412,152964,0
1778558412.209855,0.357867,-0.057336,0.591805,1,0.4179,0.5607,0.141867,0.096163,0.113805,0.0004,0.145,0.2725,2,0.13623,1.2851,1.2851,152968,0
1778558412.260045,0.3,-0.05,0.55,1,0.6765,0.8386,0.103628,0.107781,0.101517,0.0009,0.166,0.5096,2,0.25481,0.8051,0.8051,152968,0
1778558412.310267,0.299853,-0.042174,0.572091,1,0.6838,0.8613,0.083853,0.111325,0.09409,0.0005,0.1698,0.5135,2,0.25676,0.576,0.576,152968,0
1778558412.360478,0.276387,-0.038895,0.562431,1,0.8323,3.935,0.060387,0.114605,0.084431,0.001,0.154,0.6773,2,0.33863,0.7578,0.7578,152968,0
1778558412.410583,0.3,-0.05,0.55,1,0.7237,4.18,0.037957,0.11542,0.075504,0.0006,0.1638,0.5593,2,0.27963,0.5326,0.5326,152968,0
1778558412.460671,0.2,-0.05,0.5,1,0.727,1.4979,-0.003671,0.115111,0.058151,0.0006,0.1529,0.5735,2,0.28677,1.4835,1.4835,152968,0
1778558412.510777,0.2,-0.05,0.5,1,0.5689,1.4587,-0.022445,0.114047,0.049871,0.0007,0.1594,0.4088,1,0.40877,0.1937,0.1937,152968,0
1778558412.56086,0.15,-0.05,0.5,1,0.7689,1.2886,-0.041843,0.111844,0.041227,0.001,0.1512,0.6166,2,0.30832,0.5696,0.5696,152968,0
1778558412.610961,0.155773,-0.045678,0.512315,1,0.5326,1.4285,-0.060227,0.107821,0.034315,0.0007,0.149,0.3829,1,0.38291,0.6043,0.6043,152972,0
1778558412.661049,0.12673,-0.053395,0.502518,1,0.4582,0.6411,-0.08927,0.100104,0.024518,0.0012,0.1563,0.3006,1,0.30064,1.9477,1.9477,152972,0
1778558412.711425,0.11328,-0.057266,0.497713,1,1.0253,1.279,-0.10272,0.096234,0.019712,0.0006,0.2304,0.7943,1,0.79428,0.2146,0.2146,152972,0
1778558412.761685,0.101237,-0.060403,0.492936,1,0.444,0.7613,-0.114763,0.093096,0.014936,0.0011,0.1445,0.2984,1,0.29839,0.1328,0.1328,152972,0
1778558412.811935,0.091845,-0.063928,0.489312,1,0.4772,0.6854,-0.124155,0.089571,0.011311,0.0007,0.1528,0.3236,1,0.32365,0.1689,0.1689,152972,0
1778558412.862157,0.05,-0.1,0.5,1,0.9898,1.2104,-0.141007,0.078377,0.003219,0.0013,0.1783,0.8101,2,0.40506,0.455,0.455,152984,0
1778558412.913678,0.05,-0.1,0.5,1,0.5255,0.739,-0.146281,0.07034,0.000332,0.0008,0.1489,0.3759,1,0.37585,0.5246,0.5246,152984,0
1778558412.963899,0.05,-0.1,0.45,1,0.8415,1.304,-0.148603,0.063597,-0.004841,0.0009,0.1825,0.6581,2,0.32907,0.3625,0.3625,152984,0
1778558413.013982,0.067209,-0.098348,0.464637,1,0.6094,0.8316,-0.148791,0.055151,-0.013363,0.0013,0.2368,0.3713,1,0.3713,0.969,0.969,152984,0
1778558413.064054,0.05,-0.1,0.45,1,0.5203,0.7115,-0.14222,0.031671,-0.025641,0.0008,0.2106,0.3089,1,0.30889,1.0049,1.0049,152988,0
1778558413.114163,0.079963,-0.136362,0.452158,1,0.7395,0.9486,-0.136037,0.017137,-0.025842,0.0007,0.157,0.5819,2,0.29094,0.4183,0.4183,152988,0
1778558413.164253,0.087056,-0.148544,0.456196,1,0.4531,0.6279,-0.128944,0.004955,-0.021804,0.0009,0.145,0.3072,1,0.30722,0.3977,0.3977,152988,0
1778558413.214332,0.096929,-0.162767,0.459424,1,0.5085,0.7058,-0.119071,-0.009268,-0.018577,0.0007,0.158,0.3498,1,0.34977,0.3526,0.3526,153000,0
1778558413.264462,0.1,-0.2,0.45,1,0.5121,0.7031,-0.096211,-0.033434,-0.008081,0.0007,0.1678,0.3436,1,0.34363,2.7922,2.7922,153000,0
1778558413.314549,0.133131,-0.196158,0.477424,1,0.6791,0.8753,-0.082869,-0.042659,-0.000576,0.0007,0.1579,0.5205,2,0.26026,0.3525,0.3525,153000,0
1778558413.364654,0.146607,-0.20432,0.486818,1,0.5643,0.7594,-0.069393,-0.050821,0.008817,0.0016,0.1856,0.3771,1,0.37712,2.0736,2.0736,153000,0
1778558413.414757,0.161768,-0.213574,0.496051,1,0.4871,0.6731,-0.054232,-0.060075,0.01805,0.0006,0.1689,0.3176,1,0.31756,2.9024,2.9024,153000,0
1778558413.464854,0.193271,-0.23345,0.515931,1,0.6983,1.1624,-0.022729,-0.079951,0.037931,0.0008,0.1577,0.5399,2,0.26993,0.2381,0.2381,153012,0
1778558413.514959,0.210195,-0.239914,0.526084,1,0.706,0.9131,-0.005805,-0.086415,0.048084,0.0007,0.1701,0.5352,2,0.2676,0.2332,0.2332,153012,0
1778558413.565081,0.23097,-0.246448,0.5384,1,1.3976,1.7154,0.01497,-0.092949,0.0604,0.0007,0.1604,1.2365,2,0.61825,0.1958,0.1958,153012,0
1778558413.615165,0.248224,-0.248998,0.549497,1,0.6667,0.8501,0.032224,-0.095499,0.071497,0.0006,0.1544,0.5118,2,0.25589,0.1993,0.1993,153012,0
1778558413.66526,0.286684,-0.245959,0.566986,1,0.644,0.8246,0.070684,-0.09246,0.088986,0.0006,0.161,0.4824,2,0.24118,0.2863,0.2863,153012,0
1778558413.715349,0.304352,-0.241975,0.571808,1,0.4555,0.6556,0.088352,-0.088476,0.093808,0.0006,0.1442,0.3107,1,0.31073,1.2872,1.2872,153012,0
1778558413.765467,0.3,-0.25,0.6,1,0.5233,0.7411,0.105864,-0.081495,0.097114,0.0008,0.1767,0.3458,1,0.34579,2.6749,2.6749,153012,0
1778558413.815562,0.35,-0.25,0.6,1,0.7063,0.9024,0.120392,-0.07258,0.100331,0.0006,0.1625,0.5433,2,0.27163,1.1996,1.1996,153016,0
1778558413.865655,0.356929,-0.200978,0.585848,1,0.6087,0.7923,0.140929,-0.047479,0.107847,0.0007,0.137,0.471,2,0.23549,0.6495,0.6495,153016,0
1778558413.915754,0.364952,-0.183489,0.589292,1,0.4829,0.6716,0.148952,-0.02999,0.111292,0.0007,0.1548,0.3274,1,0.32743,1.0329,1.0329,153016,0
1778558413.965861,0.369338,-0.165198,0.591318,1,0.5195,0.7334,0.153338,-0.011698,0.113317,0.0008,0.1667,0.3519,1,0.35192,1.1168,1.1168,153016,0
1778558414.015967,0.372317,-0.146731,0.59295,1,0.4966,0.7019,0.156317,0.006768,0.11495,0.0009,0.1733,0.3224,1,0.32241,1.1629,1.1629,153016,0
1778558414.066054,0.369177,-0.106494,0.593183,1,0.4646,0.6414,0.153177,0.047006,0.115183,0.0006,0.1555,0.3084,1,0.30842,2.844,2.844,153016,0
1778558414.116146,0.362353,-0.088893,0.591935,1,0.6623,0.8378,0.146353,0.064606,0.113935,0.0007,0.1595,0.5022,2,0.2511,0.8216,0.8216,153016,0
1778558414.166226,0.353735,-0.074837,0.589159,1,0.6052,0.7893,0.137735,0.078662,0.111159,0.0005,0.1392,0.4655,2,0.23273,0.8166,0.8166,153016,0
1778558414.216398,0.341184,-0.062359,0.5842,1,0.7153,0.9226,0.125184,0.09114,0.106199,0.0007,0.203,0.5116,2,0.25578,0.8144,0.8144,153016,0
1778558414.266495,0.309442,-0.047122,0.571839,1,0.6833,0.8728,0.093442,0.106378,0.093839,0.0008,0.1612,0.5214,2,0.26069,1.3672,1.3672,153020,0
1778558414.316582,0.290355,-0.042005,0.563825,1,0.636,0.8136,0.074355,0.111494,0.085824,0.0006,0.1472,0.4881,2,0.24406,0.6442,0.6442,153032,0
1778558414.366671,0.3,-0.05,0.55,1,0.4503,0.6323,0.054884,0.114238,0.075627,0.0007,0.1543,0.2952,1,0.29525,2.3937,2.3937,153032,0
1778558414.416768,0.25,-0.05,0.5,1,0.6454,0.9098,0.033273,0.113339,0.065336,0.0009,0.1533,0.4911,2,0.24557,1.0506,1.0506,153032,0
1778558414.466873,0.20711,-0.045342,0.521175,1,0.6904,0.9525,-0.00889,0.108158,0.043175,0.001,0.1626,0.5268,2,0.26338,0.8947,0.8947,153032,0
1778558414.516939,0.188647,-0.049692,0.512628,1,0.4761,0.671,-0.027353,0.103807,0.034627,0.0006,0.1555,0.3199,1,0.31995,0.9648,0.9648,153032,0
1778558414.567106,0.169225,-0.055469,0.505008,1,0.5154,0.6949,-0.046775,0.09803,0.027008,0.0006,0.1611,0.3537,1,0.35374,0.725,0.725,153032,0
1778558414.6172,0.152425,-0.062603,0.499744,1,0.4885,0.7488,-0.063575,0.090897,0.021744,0.0007,0.1634,0.3244,1,0.32437,0.5535,0.5535,153036,0
1778558414.667295,0.121094,-0.081068,0.491634,1,0.4435,0.6961,-0.094906,0.072432,0.013634,0.0008,0.1467,0.296,1,0.296,2.8446,2.8446,153036,0
1778558414.7174,0.109126,-0.091159,0.49096,1,0.445,0.7082,-0.106874,0.062341,0.01296,0.0009,0.1634,0.2807,1,0.28072,0.2969,0.2969,153040,0
1778558414.767502,0.099053,-0.101195,0.491686,1,0.4478,0.6791,-0.116947,0.052304,0.013685,0.0006,0.1515,0.2958,1,0.2958,0.2207,0.2207,153040,0
1778558414.817597,0.091932,-0.109997,0.492073,1,0.4518,0.6985,-0.124068,0.043503,0.014073,0.0011,0.1489,0.3018,1,0.30184,0.2104,0.2104,153040,0
1778558414.867697,0.085191,-0.134275,0.494145,1,0.5681,0.7646,-0.130809,0.019224,0.016145,0.0007,0.1523,0.4151,1,0.41509,1.0181,1.0181,153056,0
1778558414.917827,0.084952,-0.147231,0.496013,1,0.5327,0.7382,-0.131048,0.006268,0.018012,0.0011,0.1559,0.3756,1,0.37561,0.3343,0.3343,153056,0
1778558414.967856,0.086482,-0.159324,0.49762,1,0.542,0.7303,-0.129518,-0.005824,0.01962,0.0008,0.1601,0.3811,1,0.38112,0.1837,0.1837,153056,0
1778558415.01795,0.090689,-0.174541,0.499268,1,0.5605,1.2767,-0.125311,-0.021041,0.021268,0.0008,0.162,0.3977,1,0.39773,0.2227,0.2227,153060,0
1778558415.068035,0.107822,-0.206624,0.49712,1,0.7267,0.9106,-0.108178,-0.053124,0.01912,0.0006,0.1539,0.5722,2,0.2861,0.5361,0.5361,153060,0
1778558415.118148,0.118802,-0.221125,0.49647,1,0.697,0.8935,-0.097198,-0.067626,0.01847,0.0011,0.1462,0.5497,2,0.27485,0.5407,0.5407,153060,0
1778558415.16825,0.132881,-0.23546,0.499919,1,0.8021,1.0126,-0.083119,-0.081961,0.021918,0.0007,0.1501,0.6512,2,0.32561,0.5567,0.5567,153060,0
1778558415.218346,0.150664,-0.247982,0.505227,1,0.7119,1.5791,-0.065336,-0.094483,0.027226,0.0006,0.1433,0.568,2,0.28402,0.6398,0.6398,153060,0
1778558415.26842,0.191541,-0.266153,0.522596,1,0.7095,0.8931,-0.024459,-0.112653,0.044596,0.0008,0.1651,0.5436,2,0.27181,0.9337,0.9337,153060,0
1778558415.318516,0.2,-0.25,0.55,1,0.7248,0.9059,0.000144,-0.117259,0.055147,0.0006,0.2212,0.5029,2,0.25147,0.3007,0.3007,153060,0
1778558415.368608,0.239605,-0.271929,0.544284,1,0.6645,0.8588,0.023605,-0.11843,0.066283,0.0006,0.2017,0.4622,2,0.2311,0.1138,0.1138,153060,0
1778558415.418711,0.264713,-0.270818,0.555378,1,0.7304,0.9282,0.048713,-0.117319,0.077378,0.0008,0.1622,0.5674,2,0.28368,0.1989,0.1989,153064,0
1778558415.468801,0.313315,-0.259902,0.571605,1,0.6856,2.0723,0.097315,-0.106402,0.093605,0.0012,0.2007,0.4838,2,0.24189,0.5582,0.5582,153064,0
1778558415.51887,0.331503,-0.249732,0.5782,1,0.4531,0.6468,0.115503,-0.096233,0.100199,0.0009,0.1545,0.2977,1,0.29774,1.0863,1.0863,153064,0
1778558415.568964,0.347663,-0.232469,0.584078,1,0.489,0.6969,0.131663,-0.07897,0.106077,0.0015,0.1736,0.3138,1,0.31379,1.2563,1.2563,153064,0
1778558415.619059,0.358578,-0.210585,0.588007,1,0.4287,1.506,0.142578,-0.057086,0.110006,0.0008,0.1424,0.2855,1,0.28551,1.3456,1.3456,153064,0
1778558415.66915,0.37217,-0.153496,0.58977,1,0.6318,0.8167,0.15617,3e-06,0.11177,0.001,0.1592,0.4717,2,0.23584,0.9738,0.9738,153064,0
1778558415.719256,0.35,-0.1,0.6,1,0.7046,0.8918,0.158682,0.030251,0.109079,0.0008,0.1476,0.5562,2,0.27811,0.708,0.708,153064,0
1778558415.769365,0.371712,-0.093143,0.5821,1,0.6287,0.8139,0.155712,0.060356,0.104099,0.0007,0.1575,0.4704,2,0.23522,1.027,1.027,153068,0
1778558415.819617,0.34723,-0.044579,0.56959,1,0.6579,0.8694,0.13123,0.10892,0.091589,0.001,0.1679,0.489,2,0.24451,1.2074,1.2074,153068,0
1778558415.869848,0.35,-0.05,0.55,1,0.6,0.7873,0.109808,0.126982,0.084213,0.0007,0.1513,0.448,2,0.22401,1.1018,1.1018,153068,0
1778558415.92003,0.3,-0.05,0.55,1,0.9089,1.8422,0.085807,0.140102,0.076611,0.0009,0.1868,0.7213,2,0.36064,1.4771,1.4771,153068,0
1778558415.9701,0.3,-0.05,0.55,1,0.4645,0.6497,0.062611,0.146025,0.067867,0.0006,0.1615,0.3024,1,0.30245,1.4642,1.4642,153068,0
1778558416.020201,0.25,-0.05,0.5,1,0.6635,1.4421,0.012816,0.14599,0.044818,0.0008,0.156,0.5068,2,0.25338,1.3972,1.3972,153068,0
1778558416.070324,0.2,-0.05,0.5,1,0.6836,1.662,-0.015044,0.141341,0.030719,0.001,0.1803,0.5023,2,0.25113,1.0785,1.0785,153068,0
1778558416.120431,0.15,-0.05,0.5,1,0.6828,0.8692,-0.04302,0.13407,0.016966,0.0008,0.1852,0.4968,2,0.24842,0.6125,0.6125,153068,0
1778558416.170595,0.146943,-0.029592,0.481007,1,0.4956,1.1072,-0.069057,0.123907,0.003007,0.0007,0.159,0.3359,1,0.33589,1.8651,1.8651,153072,0
1778558416.220839,0.105298,-0.055142,0.459353,1,0.6354,1.5526,-0.110702,0.098357,-0.018647,0.0008,0.1664,0.4682,2,0.23409,0.2966,0.2966,153072,0
1778558416.270945,0.089619,-0.070361,0.454258,1,0.5796,1.0836,-0.126381,0.083139,-0.023743,0.0011,0.196,0.3825,1,0.38247,0.6496,0.6496,153072,0
1778558416.321061,0.078079,-0.087833,0.453207,1,0.7378,1.1891,-0.137921,0.065666,-0.024793,0.0008,0.1571,0.5799,1,0.57988,0.487,0.487,153072,0
1778558416.371161,0.070597,-0.10552,0.455889,1,0.4669,0.6462,-0.145403,0.047979,-0.022111,0.0007,0.1606,0.3055,1,0.30552,0.3815,0.3815,153072,0
1778558416.421647,0.05,-0.15,0.45,1,0.6613,0.8482,-0.147199,0.020438,-0.00972,0.0008,0.1744,0.486,2,0.243,0.377,0.377,153072,0
1778558416.471745,0.05,-0.15,0.5,1,0.5097,0.7088,-0.14288,0.014667,-7.1e-05,0.0007,0.1698,0.3393,1,0.33928,2.3584,2.3584,153072,0
1778558416.522134,0.078801,-0.142501,0.486774,1,0.7224,0.9503,-0.137199,0.010999,0.008774,0.0008,0.1722,0.5494,2,0.27472,0.4396,0.4396,153072,0
1778558416.572223,0.087027,-0.143081,0.496532,1,0.4536,0.6345,-0.128973,0.010418,0.018532,0.0007,0.1616,0.2913,1,0.2913,0.196,0.196,153076,0
1778558416.622329,0.108895,-0.143325,0.513949,1,0.4941,0.7044,-0.107105,0.010175,0.035949,0.0007,0.1603,0.333,1,0.33302,1.5315,1.5315,153076,0
1778558416.672502,0.1,-0.15,0.55,1,0.595,0.8007,-0.093399,0.009003,0.048474,0.0009,0.2034,0.3906,1,0.39061,2.4543,2.4543,153088,0
1778558416.72275,0.132936,-0.144792,0.543884,1,0.4783,0.6788,-0.083064,0.008707,0.065883,0.0008,0.158,0.3195,1,0.3195,2.8296,2.8296,153088,0
1778558416.774253,0.140462,-0.147137,0.56815,1,0.6446,1.153,-0.075538,0.006363,0.09015,0.0009,0.172,0.4717,1,0.47175,1.3148,1.3148,153088,0
1778558416.824338,0.145583,-0.147579,0.624325,1,1.248,1.4808,-0.070417,0.00592,0.146324,0.0008,0.5861,0.6611,2,0.33056,0.3594,0.3594,153096,0
1778558416.874446,0.143037,-0.145817,0.649352,1,0.78,0.9761,-0.072963,0.007682,0.171351,0.0006,0.2526,0.5268,2,0.26342,0.4721,0.4721,153096,0
1778558416.924541,0.136581,-0.140904,0.674025,1,4.4186,4.6111,-0.079419,0.012595,0.196025,0.0006,0.2325,4.1855,25,0.16742,9.9519,9.9519,153096,0
1778558416.974647,0.136581,-0.140904,0.674025,0,5.8053,5.964,-0.086528,0.017949,0.215708,0.0006,0.1243,5.6804,25,0.22722,18.4084,18.4084,153096,0
1778558417.024736,0.15,-0.1,0.7,1,0.6238,0.7991,-0.102365,0.031692,0.246298,0.0005,0.2029,0.4204,2,0.21018,0.5756,0.5756,153100,0
1778558417.074833,0.15,-0.1,0.75,1,0.6128,0.797,-0.10917,0.038497,0.257954,0.0007,0.1453,0.4668,2,0.23342,0.6668,0.6668,153100,0
1778558417.124938,0.15,-0.1,0.75,1,0.4791,0.7537,-0.114364,0.044859,0.269567,0.0005,0.1586,0.3199,1,0.31993,2.8789,2.8789,153104,0
1778558417.175035,0.1,-0.1,0.8,1,0.6932,0.8886,-0.118269,0.049703,0.280403,0.0006,0.1588,0.5339,2,0.26695,1.753,1.753,153104,0
1778558417.225144,0.1,-0.1,0.8,0,4.8904,5.0992,-0.125211,0.057656,0.300817,0.0008,0.1527,4.737,25,0.18948,14.7346,14.7346,153104,0
1778558417.275236,0.1,-0.1,0.8,0,3.8905,4.268,-0.127736,0.060954,0.30822,0.0008,0.1476,3.742,25,0.14968,10.4273,10.4273,153104,0
1778558417.32532,0.086204,-0.089327,0.794571,1,5.2573,6.2952,-0.129796,0.064172,0.316571,0.0006,0.1417,5.115,25,0.2046,5.0036,5.0036,153116,0
1778558417.375428,0.08521,-0.086479,0.80189,1,0.8684,1.1141,-0.13079,0.067021,0.32389,0.0009,0.1967,0.6708,2,0.33541,1.7914,1.7914,153116,0
1778558417.425591,0.1,-0.1,0.8,1,0.9214,1.1724,-0.128085,0.074207,0.34221,0.0012,0.2088,0.7114,2,0.35569,1.6787,1.6787,153120,0
1778558417.475679,0.1,-0.1,0.85,1,0.6211,0.8204,-0.123675,0.077726,0.352844,0.0009,0.1566,0.4636,2,0.2318,1.8987,1.8987,153120,0
1778558417.525785,0.096797,-0.072492,0.840159,1,0.6836,0.8755,-0.119203,0.081007,0.362159,0.0006,0.1646,0.5184,2,0.25918,2.3572,2.3572,153120,0
1778558417.575884,0.101615,-0.070027,0.849698,1,0.4441,0.6256,-0.114385,0.083472,0.371698,0.0007,0.1471,0.2963,1,0.29626,1.4153,1.4153,153120,0
1778558417.625993,0.10981,-0.067254,0.867061,1,0.4495,0.6451,-0.10619,0.086245,0.38906,0.0007,0.1531,0.2957,1,0.2957,1.0532,1.0532,153120,0
1778558417.676087,0.1,-0.05,0.9,1,0.6368,0.8179,-0.10265,0.086759,0.397549,0.0005,0.1606,0.4757,2,0.23783,1.5332,1.5332,153120,0
1778558417.726209,0.11747,-0.067568,0.885457,1,0.6572,0.8755,-0.09853,0.085931,0.407456,0.0013,0.1525,0.5033,2,0.25166,1.3235,1.3235,153120,0
1778558417.776299,0.1,-0.05,0.9,1,0.7193,0.9036,-0.093617,0.083789,0.418462,0.0013,0.1608,0.5573,2,0.27864,1.6758,1.6758,153120,0
1778558417.826399,0.15,-0.1,0.9,1,0.6725,0.8739,-0.083032,0.075768,0.438719,0.0007,0.1437,0.5281,2,0.26406,1.5184,1.5184,153124,0
1778558417.876509,0.15,-0.1,0.9,1,0.505,0.727,-0.078706,0.07143,0.445164,0.0015,0.1822,0.3214,1,0.32138,1.9765,1.9765,153124,0
1778558417.926614,0.15,-0.1,0.9,1,0.5007,0.6908,-0.074096,0.065395,0.450336,0.0009,0.167,0.3328,1,0.33278,1.7361,1.7361,153124,0
1778558417.976757,0.15,-0.1,0.9,1,0.4706,0.6539,-0.070509,0.060592,0.451975,0.0014,0.1657,0.3035,1,0.30351,1.7638,1.7638,153124,0
1778558418.026901,0.142756,-0.09527,0.91357,1,0.6196,0.817,-0.073244,0.058229,0.43557,0.0009,0.1598,0.459,2,0.22949,1.4726,1.4726,153124,0
1778558418.076991,0.139404,-0.092487,0.893172,1,0.6493,0.8234,-0.076596,0.061012,0.415171,0.0007,0.1511,0.4975,2,0.24876,1.2813,1.2813,153124,0
1778558418.127094,0.134997,-0.088256,0.865858,1,0.497,0.6909,-0.081003,0.065243,0.387858,0.0007,0.1629,0.3335,1,0.33345,2.5464,2.5464,153124,0
1778558418.177191,0.15,-0.1,0.85,1,0.4328,0.6109,-0.087257,0.069836,0.35715,0.0006,0.143,0.2892,1,0.28921,1.1424,1.1424,153128,0
1778558418.227303,0.15,-0.1,0.8,1,0.6621,0.8547,-0.090777,0.071286,0.344941,0.0008,0.1779,0.4834,2,0.2417,2.3594,2.3594,153128,0
1778558418.277421,0.15,-0.1,0.85,1,0.6469,0.8447,-0.090195,0.070974,0.347321,0.0007,0.1574,0.4888,2,0.24441,1.5668,1.5668,153128,0
1778558418.327523,0.15,-0.1,0.85,1,0.5183,0.7128,-0.090166,0.070958,0.347439,0.0008,0.1858,0.3317,1,0.3317,1.9082,1.9082,153128,0
1778558418.37762,0.15,-0.1,0.85,1,0.578,0.7588,-0.090164,0.070958,0.347443,0.0008,0.1653,0.4119,1,0.41187,2.9738,2.9738,153128,0
1778558418.428168,0.15,-0.1,0.85,1,0.7436,1.1099,-0.090164,0.070957,0.347444,0.0006,0.1069,0.6361,2,0.31804,2.2051,2.2051,153140,0
1778558418.478261,0.124641,-0.094029,0.739923,1,4.0502,4.7993,-0.091359,0.05947,0.261923,0.0007,0.1422,3.9073,25,0.15629,6.4167,6.4167,153140,0
1778558418.528532,0.15,-0.1,0.7,1,0.9607,1.1859,-0.093213,0.052339,0.206318,0.0006,0.1811,0.779,3,0.25968,1.6677,1.6677,153140,0
1778558419.531254,0.189267,-0.097765,0.683976,0,4.707,4.9194,-0.134258,0.007808,0.137713,0.001,0.1779,4.5282,25,0.18113,92.4556,92.4556,153144,0
1778558419.581727,0.189267,-0.097765,0.683976,0,4.0659,4.2748,-0.132139,0.007373,0.142955,0.0009,0.1589,3.9062,25,0.15625,52.9642,52.9642,153148,0
1778558419.631896,0.189267,-0.097765,0.683976,0,3.9705,4.156,-0.130219,0.006759,0.148058,0.0009,0.1672,3.8024,25,0.15209,39.9993,39.9993,153148,0
1778558419.682479,0.189267,-0.097765,0.683976,0,3.9727,4.1596,-0.128879,0.005119,0.1546,0.0009,0.1799,3.792,25,0.15168,12.2637,12.2637,153148,0
1778558419.732668,0.059315,-0.094234,0.84242,1,0.9638,1.1491,-0.129952,0.003532,0.158444,0.0007,0.1594,0.8037,4,0.20092,2.7932,2.7932,153148,0
1778558419.78286,0.055894,-0.095453,0.845811,1,0.8026,0.9834,-0.133372,0.002312,0.161835,0.0007,0.1541,0.6478,3,0.21592,2.9686,2.9686,153148,0
1778558419.834046,0.050504,-0.096373,0.84773,1,4.1483,4.3615,-0.138763,0.001392,0.163754,0.0008,0.1501,3.9973,25,0.15989,3.1675,3.1675,153148,0
1778558419.884139,0.037397,-0.098198,0.849246,1,4.1082,4.3057,-0.15187,-0.000433,0.16527,0.0007,0.1633,3.9441,25,0.15777,3.5849,3.5849,153148,0
1778558419.934234,0.032766,-0.097783,0.850523,1,3.8172,4.0056,-0.156501,-1.8e-05,0.166547,0.0009,0.1605,3.6558,25,0.14623,3.6249,3.6249,153148,0
1778558419.984327,0.029381,-0.096771,0.851793,1,4.1323,4.3263,-0.159885,0.000995,0.167817,0.0007,0.1484,3.9832,25,0.15933,3.6364,3.6364,153152,0
1778558420.034437,0.026566,-0.094768,0.853377,1,4.2945,4.4956,-0.162701,0.002998,0.169401,0.0007,0.1825,4.1113,25,0.16445,3.6004,3.6004,153152,0
1778558420.084543,0.021554,-0.088842,0.856867,1,4.8982,5.1257,-0.167713,0.008924,0.17289,0.0009,0.1704,4.7269,25,0.18908,3.5025,3.5025,153152,0
1778558420.134647,0.021236,-0.087027,0.858391,1,4.2949,4.4851,-0.168031,0.010738,0.174414,0.0007,0.1637,4.1305,25,0.16522,3.4827,3.4827,153152,0
1778558420.18484,0.021799,-0.085896,0.8593,1,4.2689,4.4709,-0.167467,0.011869,0.175324,0.0008,0.1689,4.0993,25,0.16397,3.4802,3.4802,153152,0
1778558420.234945,0.022627,-0.084799,0.859587,1,3.9741,4.1753,-0.16664,0.012967,0.175611,0.0009,0.1826,3.7906,25,0.15163,3.5105,3.5105,153152,0
1778558420.285047,0.022898,-0.082923,0.858839,1,5.2002,5.4308,-0.166368,0.014842,0.174863,0.001,0.168,5.0312,25,0.20125,3.5573,3.5573,153152,0
1778558420.335154,0.022793,-0.082921,0.858267,1,4.313,4.4965,-0.166474,0.014845,0.174291,0.0008,0.1808,4.1313,25,0.16525,3.5825,3.5825,153152,0
1778558420.385257,-0.0,-0.1,0.85,1,3.9052,4.1758,-0.164411,0.014936,0.172719,0.0008,0.1544,3.75,25,0.15,3.6791,3.6791,153152,0
1778558420.435353,-0.0,-0.1,0.85,0,4.4932,7.8835,-0.16069,0.014551,0.16999,0.0008,0.1576,4.3348,25,0.17339,10.5442,10.5442,153168,0
1778558420.485456,-0.0,-0.1,0.85,0,5.0219,5.2222,-0.151559,0.01494,0.160671,0.0015,0.1848,4.8356,25,0.19342,31.7503,31.7503,153168,0
1778558420.535617,-0.0,-0.1,0.85,0,4.123,4.3154,-0.146697,0.015661,0.153454,0.0006,0.1628,3.9596,25,0.15838,39.8824,39.8824,153176,0
1778558420.585832,-0.0,-0.1,0.85,0,4.1215,4.3044,-0.141831,0.017495,0.145537,0.0008,0.1648,3.9559,25,0.15823,43.927,43.927,153176,0
1778558420.63606,-0.0,-0.1,0.85,0,4.6974,5.3371,-0.138512,0.017935,0.139243,0.001,0.1643,4.5321,25,0.18128,36.0384,36.0384,153176,0
1778558420.686146,-0.0,-0.1,0.85,0,4.2632,4.4618,-0.135367,0.020132,0.129546,0.0007,0.1619,4.1006,25,0.16402,64.3076,64.3076,153176,0
1778558420.73624,-0.0,-0.1,0.85,0,4.1685,4.3652,-0.134605,0.019202,0.127101,0.0008,0.1508,4.0169,25,0.16068,30.1593,30.1593,153180,0
1778558420.786343,-0.0,-0.1,0.85,0,3.9374,4.1124,-0.130229,0.017578,0.122413,0.0006,0.1281,3.8087,25,0.15235,28.6166,28.6166,153180,0
1778558420.836455,-0.0,-0.1,0.85,0,4.5403,5.2106,-0.125451,0.015385,0.116533,0.0006,0.1502,4.3896,25,0.17558,34.6943,34.6943,153180,0
1778558420.886832,-0.0,-0.1,0.85,0,4.265,4.9846,-0.122439,0.014821,0.109262,0.0008,0.1522,4.1121,25,0.16448,39.7578,39.7578,153180,0
1778558420.936943,0.1,-0.1,0.8,1,4.8613,5.8589,-0.120614,0.016044,0.10543,0.0009,0.1806,4.6798,25,0.18719,3.7342,3.7342,153180,0
1778558420.987067,0.1,-0.1,0.8,1,5.1141,6.1811,-0.118189,0.015403,0.101389,0.0008,0.1707,4.9426,25,0.1977,3.5133,3.5133,153180,0
1778558421.037152,0.1,-0.1,0.8,1,4.6373,5.8381,-0.115267,0.014488,0.095919,0.0006,0.157,4.4797,25,0.17919,3.3998,3.3998,153180,0
1778558421.087223,0.1,-0.1,0.8,1,3.858,4.5177,-0.113637,0.014227,0.087783,0.0008,0.1507,3.7065,25,0.14826,3.5029,3.5029,153180,0
1778558421.13735,0.1,-0.1,0.8,1,4.5295,5.2912,-0.117035,0.012981,0.089341,0.0006,0.1526,4.3763,25,0.17505,3.6412,3.6412,153184,0
1778558421.187495,0.1,-0.1,0.8,1,3.8767,6.8158,-0.120187,0.012708,0.09078,0.0009,0.1647,3.7112,25,0.14845,3.7115,3.7115,153196,0
1778558421.23767,0.1,-0.1,0.8,1,4.9544,8.1965,-0.12187,0.013385,0.091129,0.0007,0.1721,4.7816,25,0.19127,3.6796,3.6796,153196,0
1778558421.287836,0.1,-0.1,0.8,1,4.0046,6.665,-0.121095,0.013442,0.087764,0.0006,0.155,3.8489,25,0.15396,3.4657,3.4657,153196,0
1778558421.337957,0.1,-0.1,0.8,1,3.9412,6.0502,-0.119039,0.014132,0.084557,0.0008,0.1416,3.7988,25,0.15195,3.4086,3.4086,153196,0
1778558421.38824,0.1,-0.1,0.8,0,3.9029,4.8369,-0.117211,0.015119,0.082883,0.0007,0.1432,3.759,25,0.15036,36.9978,36.9978,153196,0
1778558421.438331,0.1,-0.1,0.8,0,4.1152,5.3287,-0.116272,0.015752,0.08176,0.0008,0.1496,3.9648,25,0.15859,36.5452,36.5452,153196,0
1778558421.488456,0.1,-0.1,0.8,0,4.1206,4.9667,-0.11735,0.016528,0.08168,0.0006,0.1521,3.9679,25,0.15871,35.0416,35.0416,153196,0
1778558421.538589,0.1,-0.1,0.8,0,4.7704,5.4429,-0.118344,0.016736,0.081858,0.0008,0.192,4.5776,25,0.1831,34.4107,34.4107,153200,0
1778558421.588685,0.1,-0.1,0.8,0,3.9795,4.7587,-0.119172,0.016511,0.081964,0.0006,0.1463,3.8325,25,0.1533,34.1033,34.1033,153200,0
1778558421.638775,0.1,-0.1,0.8,0,4.151,5.0473,-0.119614,0.016087,0.081857,0.0008,0.1499,4.0002,25,0.16001,34.2805,34.2805,153200,0
1778558421.688845,0.1,-0.1,0.8,0,4.5013,5.0161,-0.119683,0.01466,0.081342,0.0008,0.1626,4.338,25,0.17352,35.2802,35.2802,153212,0
1778558421.738932,0.1,-0.1,0.8,0,4.2087,5.0625,-0.118623,0.013692,0.080601,0.0008,0.1545,4.0534,25,0.16214,35.8453,35.8453,153212,0
1778558421.789034,0.1,-0.1,0.8,0,4.5534,7.6254,-0.116817,0.012795,0.079949,0.0006,0.1584,4.3944,25,0.17578,36.231,36.231,153212,0
1778558421.839128,0.1,-0.1,0.8,0,4.1755,5.2257,-0.113914,0.011615,0.079194,0.0008,0.1663,4.0084,25,0.16033,36.6998,36.6998,153212,0
1778558421.889214,0.1,-0.1,0.8,1,4.2651,5.0641,-0.104234,0.008765,0.077049,0.0006,0.1492,4.1153,25,0.16461,4.7265,4.7265,153212,0
1778558421.939303,0.1,-0.1,0.8,1,4.6782,5.5007,-0.097198,0.007086,0.075708,0.0007,0.1688,4.5086,25,0.18034,4.7395,4.7395,153212,0
1778558421.989598,0.1,-0.1,0.8,0,4.342,5.123,-0.088224,0.005608,0.073037,0.0008,0.1568,4.1845,25,0.16738,45.0842,45.0842,153216,0
1778558422.040375,0.1,-0.1,0.8,0,4.4624,5.1156,-0.056244,-0.004494,0.06098,0.0007,0.1709,4.2908,25,0.17163,17.1197,17.1197,153216,0
1778558422.090589,0.1,-0.1,0.8,0,4.8624,5.7391,-0.036559,-0.013212,0.053985,0.0014,0.1777,4.6833,25,0.18733,23.4427,23.4427,153216,0
1778558422.140744,0.1,-0.1,0.8,0,4.2113,5.429,-0.015929,-0.022901,0.046004,0.0008,0.1509,4.0596,25,0.16238,50.926,50.926,153216,0
1778558422.190849,0.1,-0.1,0.8,0,5.252,6.2147,0.007443,-0.034457,0.035131,0.001,0.1965,5.0546,25,0.20218,19.6035,19.6035,153216,0
1778558422.241385,0.1,-0.1,0.8,0,4.2704,4.4773,0.040004,-0.04858,0.019063,0.0006,0.1452,4.1246,25,0.16498,23.3807,23.3807,153216,0
1778558422.293769,0.1,-0.1,0.8,0,5.4629,6.128,0.049674,-0.050703,0.015112,0.0008,0.1565,5.3057,25,0.21223,11.1163,11.1163,153216,0
1778558422.343881,0.1,-0.1,0.8,0,4.2806,4.4458,0.055872,-0.05137,0.011645,0.0008,0.1537,4.1262,25,0.16505,14.5686,14.5686,153220,0
1778558422.393974,0.1,-0.1,0.8,0,4.4515,4.6331,0.059729,-0.05029,0.008095,0.0009,0.1601,4.2906,25,0.17162,18.5584,18.5584,153220,0
1778558422.44406,0.1,-0.1,0.8,0,4.233,4.4198,0.065023,-0.049187,0.001242,0.0009,0.1617,4.0705,25,0.16282,26.7206,26.7206,153220,0
1778558422.494161,0.1,-0.1,0.8,0,5.6841,5.8829,0.065072,-0.04729,-0.001959,0.0008,0.184,5.4992,25,0.21997,32.1428,32.1428,153220,0
1778558422.544255,0.1,-0.1,0.8,0,4.5362,4.7373,0.064572,-0.045064,-0.004769,0.0011,0.1571,4.378,25,0.17512,31.857,31.857,153220,0
1778558422.594355,0.1,-0.1,0.8,0,5.6344,6.285,0.063726,-0.042643,-0.00625,0.0009,0.1532,5.4803,25,0.21921,31.0261,31.0261,153220,0
1778558422.644446,0.1,-0.1,0.8,0,4.3071,4.4956,0.061496,-0.04123,-0.006686,0.0006,0.153,4.1535,25,0.16614,26.94,26.94,153220,0
1778558422.694551,0.1,-0.1,0.8,0,5.1767,5.378,0.061281,-0.042459,-0.006341,0.0007,0.162,5.014,25,0.20056,24.7489,24.7489,153220,0
1778558422.744661,0.1,-0.1,0.8,0,4.951,5.1594,0.061056,-0.042875,-0.006252,0.0007,0.2173,4.7329,25,0.18932,24.5757,24.5757,153224,0
1778558422.79479,0.1,-0.1,0.8,0,4.6866,5.418,0.060518,-0.043037,-0.006207,0.0008,0.1579,4.5278,25,0.18111,25.4615,25.4615,153224,0
1778558422.84487,0.1,-0.1,0.8,0,4.4195,4.6203,0.06075,-0.045365,-0.006421,0.0008,0.1694,4.2493,25,0.16997,23.0291,23.0291,153228,0
1778558422.895398,0.1,-0.1,0.8,0,4.4913,4.6901,0.060029,-0.045531,-0.006419,0.0006,0.1087,4.382,25,0.17528,21.887,21.887,153228,0
1778558422.945502,0.1,-0.1,0.8,0,4.9211,5.1182,0.06016,-0.046382,-0.006623,0.0006,0.1785,4.7419,25,0.18968,19.8569,19.8569,153228,0
1778558422.995596,0.1,-0.1,0.8,0,4.1334,4.954,0.060282,-0.047331,-0.006811,0.0006,0.1577,3.9751,25,0.159,17.7359,17.7359,153228,0
1778558423.045819,0.1,-0.1,0.8,0,4.2582,4.4379,0.060641,-0.048859,-0.006776,0.0008,0.1572,4.1002,25,0.16401,16.285,16.285,153236,0
1778558423.095845,0.1,-0.1,0.8,0,5.2285,5.9974,0.060322,-0.048408,-0.006439,0.0007,0.1465,5.0812,25,0.20325,16.8009,16.8009,153236,0
1778558423.145934,0.1,-0.1,0.8,0,4.0427,4.2258,0.06017,-0.048376,-0.006508,0.0006,0.144,3.8981,25,0.15592,16.7813,16.7813,153240,0
1778558423.196034,0.1,-0.1,0.8,0,4.4216,5.6367,0.059971,-0.048353,-0.006841,0.0006,0.147,4.274,25,0.17096,16.92,16.92,153240,0
1778558423.246139,0.1,-0.1,0.8,0,1.8887,2.0003,0.060019,-0.048997,-0.007474,0.0004,0.1035,1.7847,25,0.07139,16.1829,16.1829,153240,0
1778558423.296316,0.1,-0.1,0.8,0,3.984,4.1698,0.060621,-0.049743,-0.007656,0.0007,0.1478,3.8356,25,0.15342,16.461,16.461,153240,0
1778558423.346412,0.1,-0.1,0.8,0,4.455,4.9698,0.061128,-0.050363,-0.007388,0.0006,0.169,4.2854,25,0.17141,16.8195,16.8195,153240,0
1778558423.396648,0.1,-0.1,0.8,0,4.2233,5.2888,0.061415,-0.050728,-0.007435,0.0007,0.1507,4.072,25,0.16288,15.7989,15.7989,153240,0
1778558423.446855,0.1,-0.1,0.8,0,4.6107,7.9284,0.060887,-0.050513,-0.008226,0.0007,0.1573,4.4527,25,0.17811,13.041,13.041,153240,0
1778558423.49696,0.250485,-0.149128,0.675827,1,4.0095,4.1827,0.061219,-0.051363,-0.00815,0.0006,0.1581,3.8508,25,0.15403,9.3911,9.3911,153240,0
1778558423.54707,0.250496,-0.149711,0.676028,1,4.5702,4.7698,0.06123,-0.051946,-0.007949,0.0008,0.1766,4.3928,25,0.17571,8.2732,8.2732,153240,0
1778558423.597111,0.250663,-0.149907,0.676278,1,3.9445,4.9285,0.061396,-0.052141,-0.007698,0.0007,0.1465,3.7973,25,0.15189,6.8114,6.8114,153244,0
1778558423.647872,0.251089,-0.150119,0.67666,1,4.8555,5.7328,0.061823,-0.052354,-0.007317,0.0007,0.1718,4.683,25,0.18732,4.2952,4.2952,153244,0
1778558423.697929,0.250875,-0.149665,0.676755,1,4.0984,4.7933,0.061609,-0.051899,-0.007222,0.0007,0.1406,3.957,25,0.15828,4.5431,4.5431,153244,0
1778558423.748036,0.250834,-0.149571,0.676435,1,4.4706,5.2396,0.061568,-0.051806,-0.007542,0.0006,0.1377,4.3323,25,0.17329,5.3672,5.3672,153244,0
1778558423.798136,0.250815,-0.149433,0.676215,1,4.023,5.0259,0.061549,-0.051667,-0.007762,0.0006,0.1426,3.8798,25,0.15519,5.8519,5.8519,153256,0
1778558423.848271,0.250337,-0.148765,0.675998,1,4.6241,5.1607,0.061071,-0.051,-0.007978,0.0006,0.1596,4.4638,25,0.17855,7.6534,7.6534,153256,0
1778558423.898373,0.250621,-0.148789,0.675646,1,4.4518,5.4076,0.061355,-0.051024,-0.00833,0.0009,0.1765,4.2744,25,0.17098,8.132,8.132,153256,0
1778558423.948587,0.250701,-0.148776,0.675674,1,4.5766,5.523,0.061434,-0.051011,-0.008302,0.0006,0.1612,4.4147,25,0.17659,8.8099,8.8099,153260,0
1778558423.998755,0.250674,-0.148593,0.675679,1,4.8741,7.8269,0.061407,-0.050828,-0.008297,0.0007,0.1509,4.7225,25,0.1889,9.622,9.622,153260,0
1778558424.048848,0.251105,-0.148773,0.675108,1,4.092,7.0829,0.061838,-0.051008,-0.008869,0.0007,0.1671,3.9242,25,0.15697,9.8742,9.8742,153260,0
1778558424.098946,0.251394,-0.148865,0.674777,1,4.383,4.9266,0.062127,-0.051099,-0.0092,0.001,0.1586,4.2234,25,0.16894,9.8258,9.8258,153260,0
1778558424.149038,0.251394,-0.148865,0.674777,0,4.7934,5.7434,0.062319,-0.051224,-0.009592,0.0008,0.1708,4.6218,25,0.18487,10.2106,10.2106,153260,0
1778558424.199125,0.251394,-0.148865,0.674777,0,4.7177,5.1562,0.062589,-0.051307,-0.009941,0.0006,0.1536,4.5634,25,0.18254,10.2696,10.2696,153260,0
1778558424.249228,0.251394,-0.148865,0.674777,0,4.8997,6.2518,0.062361,-0.051365,-0.010623,0.001,0.1681,4.7306,25,0.18923,10.7713,10.7713,153260,0
1778558424.29933,0.251348,-0.149324,0.673433,1,4.3812,5.2752,0.062082,-0.051559,-0.010544,0.001,0.1626,4.2177,25,0.16871,8.9093,8.9093,153264,0
1778558424.349435,0.250434,-0.149565,0.676091,1,4.0079,5.1581,0.061168,-0.0518,-0.007886,0.0008,0.1662,3.8409,25,0.15364,3.423,3.423,153264,0
1778558424.399973,0.247422,-0.149074,0.684308,1,3.9596,4.8086,0.058155,-0.051309,0.000331,0.0008,0.1511,3.8077,25,0.15231,3.3323,3.3323,153264,0
1778558424.450062,0.244627,-0.147681,0.690458,1,4.1134,4.8081,0.055361,-0.049916,0.006482,0.0005,0.1542,3.9587,25,0.15835,3.2141,3.2141,153264,0
1778558424.500172,0.242055,-0.146073,0.695118,1,4.8129,5.8575,0.052788,-0.048307,0.011141,0.0009,0.1892,4.6228,25,0.18491,3.25,3.25,153276,0
1778558424.550272,0.237794,-0.143047,0.701513,1,4.4606,7.4818,0.048527,-0.045282,0.017537,0.0008,0.1655,4.2944,25,0.17178,3.3448,3.3448,153276,0
1778558424.600537,0.25,-0.15,0.7,1,0.8172,1.4903,0.038183,-0.038444,0.032954,0.0009,0.1584,0.658,3,0.21932,2.7638,2.7638,153276,0
1778558424.650648,0.2,-0.15,0.75,1,3.9206,4.8046,0.032619,-0.034867,0.041446,0.0009,0.1592,3.7605,25,0.15042,4.2177,4.2177,153276,0
1778558424.700952,0.2,-0.15,0.75,1,3.9346,4.1243,0.027634,-0.031183,0.048634,0.0018,0.1621,3.7707,25,0.15083,4.4729,4.4729,153276,0
1778558424.751467,0.211356,-0.124455,0.740781,1,4.1391,4.3244,0.022089,-0.02669,0.056805,0.0009,0.1473,3.9909,25,0.15964,4.7303,4.7303,153280,0
1778558424.801603,0.197865,-0.115443,0.758048,1,4.8381,5.0422,0.008598,-0.017678,0.074072,0.0007,0.1698,4.6677,25,0.18671,7.4084,7.4084,153280,0
1778558424.851883,0.197865,-0.115443,0.758048,0,4.4608,4.6579,-9.1e-05,-0.012284,0.082568,0.0007,0.1589,4.3012,25,0.17205,13.7728,13.7728,153280,0
1778558424.902002,0.197865,-0.115443,0.758048,0,4.27,4.4395,-0.008372,-0.006674,0.089109,0.0007,0.1553,4.114,25,0.16456,12.8338,12.8338,153280,0
1778558424.953978,0.197865,-0.115443,0.758048,0,5.5084,6.2027,-0.018125,-0.000229,0.095033,0.0008,0.1479,5.3597,25,0.21439,25.2897,25.2897,153280,0
1778558425.004094,0.197865,-0.115443,0.758048,0,4.5947,4.8114,-0.035654,0.011758,0.102905,0.0007,0.1653,4.4287,25,0.17715,34.1112,34.1112,153280,0
1778558425.054617,0.197865,-0.115443,0.758048,0,4.7043,4.9178,-0.04303,0.016738,0.104927,0.0008,0.161,4.5425,25,0.1817,37.1616,37.1616,153280,0
1778558425.104826,0.197865,-0.115443,0.758048,0,4.2054,4.5379,-0.048858,0.020458,0.10581,0.0005,0.1408,4.0641,25,0.16256,39.0014,39.0014,153284,0
1778558425.154922,0.197865,-0.115443,0.758048,0,4.3528,5.1333,-0.052661,0.022906,0.105677,0.001,0.1581,4.1937,25,0.16775,42.7311,42.7311,153284,0
1778558425.205019,0.197865,-0.115443,0.758048,0,4.0353,4.2186,-0.053194,0.022881,0.10242,0.0006,0.142,3.8927,25,0.15571,43.2879,43.2879,153284,0
1778558425.255114,0.197865,-0.115443,0.758048,0,4.8008,4.9275,-0.052288,0.021963,0.100124,0.0007,0.1701,4.63,25,0.1852,14.2703,14.2703,153284,0
1778558425.305212,0.197865,-0.115443,0.758048,0,3.6005,3.8117,-0.052557,0.021787,0.098758,0.0005,0.11,3.4901,25,0.1396,14.6675,14.6675,153284,0
1778558425.355312,0.197865,-0.115443,0.758048,0,4.3413,5.0398,-0.054878,0.023043,0.098081,0.0006,0.1571,4.1836,25,0.16734,37.0037,37.0037,153296,0
1778558425.405536,0.197865,-0.115443,0.758048,0,3.9424,4.128,-0.056555,0.023228,0.097014,0.0009,0.1755,3.7661,25,0.15064,26.0076,26.0076,153296,0
1778558425.455823,0.15,-0.1,0.8,1,3.9698,4.1602,-0.056533,0.022264,0.095598,0.001,0.1468,3.8221,25,0.15288,6.1094,6.1094,153300,0
1778558425.505857,0.15,-0.1,0.8,1,4.6592,4.9381,-0.057105,0.021607,0.094591,0.0007,0.1701,4.4884,25,0.17954,5.255,5.255,153300,0
1778558425.556038,0.15,-0.1,0.8,1,4.5787,5.5882,-0.057254,0.020248,0.093101,0.0008,0.1591,4.4187,25,0.17675,4.5049,4.5049,153304,0
1778558425.606108,0.13804,-0.085615,0.773112,1,4.2691,4.4745,-0.051227,0.01215,0.089136,0.0008,0.1484,4.1198,25,0.16479,4.5804,4.5804,153304,0
1778558425.656364,0.141407,-0.090447,0.772347,1,4.0472,4.2345,-0.047859,0.007318,0.088371,0.0008,0.1472,3.8992,25,0.15597,4.2526,4.2526,153304,0
1778558425.706585,0.146672,-0.096764,0.770987,1,3.8834,4.118,-0.042595,0.001001,0.087011,0.0009,0.1744,3.708,25,0.14832,3.4605,3.4605,153304,0
1778558425.756681,0.153392,-0.101019,0.766495,1,3.8221,4.0131,-0.035874,-0.003254,0.082519,0.0008,0.1597,3.6616,25,0.14646,3.1584,3.1584,153304,0
1778558426.559054,0.178376,-0.105498,0.765283,1,4.0479,4.6557,0.000407,-0.000297,-0.004265,0.0006,0.1442,3.9031,25,0.15612,3.3538,3.3538,153304,0
1778558426.609126,0.2,-0.1,0.75,1,3.9975,4.4926,-0.000192,-0.010465,-0.005465,0.001,0.1494,3.8471,25,0.15388,3.4095,3.4095,153304,0
1778558426.659567,0.2,-0.1,0.75,1,3.8835,7.4462,-3e-06,-0.013903,-0.004358,0.0008,0.1409,3.7418,25,0.14967,3.5092,3.5092,153308,0
1778558426.709874,0.2,-0.1,0.75,1,4.9697,5.4075,0.000447,-0.016995,-0.00223,0.0009,0.1553,4.8135,25,0.19254,3.5913,3.5913,153308,0
1778558426.760291,0.2,-0.15,0.8,1,1.0022,1.7256,0.001662,-0.024069,0.009394,0.0006,0.1673,0.8343,3,0.27811,2.8739,2.8739,153308,0
1778558426.810391,0.179583,-0.131971,0.787635,1,4.4442,5.1971,0.001614,-0.02677,0.018088,0.0007,0.1758,4.2677,25,0.17071,4.0261,4.0261,153308,0
1778558426.860557,0.178739,-0.13367,0.7963,1,4.18,4.9245,0.00077,-0.028469,0.026752,0.0008,0.1598,4.0195,25,0.16078,4.5357,4.5357,153308,0
1778558426.91075,0.177329,-0.134555,0.807031,1,3.9259,4.7746,-0.00064,-0.029354,0.037483,0.0008,0.1475,3.7776,25,0.15111,5.1393,5.1393,153308,0
1778558426.960831,0.15,-0.15,0.85,1,4.0341,4.8525,-0.005145,-0.027699,0.058408,0.0013,0.141,3.8918,25,0.15567,6.1622,6.1622,153308,0
1778558427.010937,0.15,-0.15,0.85,1,4.1131,4.3192,-0.00701,-0.026458,0.066216,0.0011,0.1585,3.9535,25,0.15814,7.051,7.051,153308,0
1778558427.061029,0.16936,-0.130052,0.842199,1,4.1678,4.9315,-0.008609,-0.024852,0.072651,0.0009,0.1493,4.0176,25,0.1607,9.9562,9.9562,153316,0
1778558427.111128,0.166891,-0.129394,0.848918,1,4.4962,6.8762,-0.011077,-0.024193,0.07937,0.001,0.1619,4.3332,25,0.17333,9.9103,9.9103,153320,0
1778558427.161219,0.160903,-0.128445,0.860514,1,0.6854,1.4157,-0.017065,-0.023244,0.090966,0.0007,0.1612,0.5234,2,0.26172,2.0984,2.0984,153320,0
1778558427.211771,0.158418,-0.128051,0.863799,1,0.7427,1.3441,-0.019551,-0.02285,0.094251,0.0008,0.165,0.5769,2,0.28844,2.1534,2.1534,153320,0
1778558427.261837,0.156477,-0.127272,0.865729,1,0.6266,0.8193,-0.021492,-0.022071,0.096181,0.0008,0.1461,0.4797,2,0.23983,2.1848,2.1848,153320,0
1778558427.31191,0.15,-0.15,0.85,1,0.6281,0.8136,-0.024075,-0.02066,0.097867,0.0008,0.1443,0.483,2,0.24149,2.5761,2.5761,153320,0
1778558427.362001,0.149207,-0.121822,0.869391,1,0.6461,0.8267,-0.028762,-0.016621,0.099843,0.0008,0.1478,0.4974,2,0.24871,2.5738,2.5738,153320,0
1778558427.412109,0.146329,-0.119041,0.870545,1,0.6657,0.8531,-0.03164,-0.01384,0.100998,0.0007,0.1626,0.5025,2,0.25123,2.163,2.163,153320,0
1778558427.46453,0.145064,-0.117432,0.870498,1,0.6996,0.8935,-0.032905,-0.012231,0.100951,0.0011,0.1631,0.5354,2,0.26769,2.18,2.18,153320,0
1778558427.514623,0.14378,-0.116502,0.870633,1,0.7163,0.8933,-0.034189,-0.011301,0.101085,0.0009,0.1702,0.5451,2,0.27254,2.1861,2.1861,153332,0
1778558427.564793,0.141477,-0.116594,0.871818,1,0.6196,0.8139,-0.036492,-0.011394,0.102271,0.0008,0.1447,0.4741,2,0.23705,2.1537,2.1537,153336,0
1778558427.614933,0.15,-0.1,0.85,1,0.6387,0.8278,-0.040303,-0.010731,0.104867,0.0008,0.1475,0.4904,2,0.24518,1.8894,1.8894,153336,0
1778558427.665083,0.15,-0.1,0.9,1,0.6949,0.8903,-0.044241,-0.010964,0.107614,0.0008,0.1651,0.5291,2,0.26453,1.9439,1.9439,153336,0
1778558427.715549,0.15,-0.1,0.9,1,0.7069,0.9215,-0.049145,-0.012932,0.111152,0.0006,0.1644,0.5419,2,0.27097,1.3965,1.3965,153336,0
1778558427.765626,0.1,-0.15,0.9,1,1.003,1.469,-0.053704,-0.022931,0.114971,0.001,0.1634,0.8386,4,0.20966,2.5611,2.5611,153336,0
1778558427.815719,0.15,-0.15,0.9,1,0.6174,0.8069,-0.05182,-0.027425,0.112714,0.0006,0.1446,0.4723,2,0.23615,2.9341,2.9341,153336,0
1778558427.865919,0.15,-0.15,0.9,1,0.6639,0.8548,-0.04952,-0.030718,0.108901,0.0008,0.1685,0.4945,2,0.24727,2.4714,2.4714,153336,0
1778558427.916027,0.15,-0.15,0.85,1,0.4754,0.6654,-0.046832,-0.030823,0.103125,0.0007,0.1655,0.3091,1,0.30914,2.9195,2.9195,153340,0
1778558427.966115,0.134383,-0.131905,0.860407,1,0.5374,0.7192,-0.043585,-0.026704,0.090859,0.0007,0.1684,0.3682,1,0.36823,2.1494,2.1494,153340,0
1778558428.016178,0.135111,-0.12913,0.855885,1,0.4606,0.6552,-0.042858,-0.023929,0.086337,0.0012,0.1496,0.3098,1,0.30975,1.5779,1.5779,153340,0
1778558428.066275,0.136128,-0.127487,0.851292,1,0.4918,0.6853,-0.041841,-0.022286,0.081744,0.0008,0.1652,0.3258,1,0.32577,1.5427,1.5427,153340,0
1778558428.116384,0.13738,-0.123417,0.845815,1,0.4639,0.674,-0.040588,-0.018217,0.076267,0.0009,0.1637,0.2993,1,0.29926,1.7297,1.7297,153340,0
1778558428.166472,0.140582,-0.115597,0.832932,1,0.4733,0.6584,-0.037387,-0.010396,0.063385,0.0006,0.1643,0.3085,1,0.3085,2.318,2.318,153340,0
1778558428.216568,0.142738,-0.109949,0.824059,1,0.4587,0.6509,-0.035231,-0.004748,0.054511,0.001,0.1644,0.2933,1,0.29331,2.1711,2.1711,153340,0
1778558428.266673,0.144279,-0.103887,0.813835,1,0.4514,0.6407,-0.03369,0.001314,0.044287,0.0008,0.1493,0.3012,1,0.30122,2.2955,2.2955,153344,0
1778558428.316853,0.144707,-0.096681,0.80338,1,0.4959,0.7169,-0.033262,0.00852,0.033833,0.0008,0.1628,0.3323,1,0.33232,2.2549,2.2549,153344,0
1778558428.366967,0.143719,-0.083397,0.782571,1,4.6156,5.2534,-0.034249,0.021803,0.013023,0.0007,0.1678,4.447,25,0.17788,7.6616,7.6616,153356,0
1778558428.417071,0.15,-0.05,0.75,1,0.9828,1.1784,-0.03694,0.030396,0.001193,0.0008,0.1641,0.8178,2,0.4089,2.5433,2.5433,153356,0
1778558428.467273,0.15,-0.05,0.75,0,3.8522,4.3559,-0.039888,0.036959,-0.006601,0.0007,0.1509,3.7007,25,0.14803,14.48,14.48,153356,0
1778558428.51737,0.15,-0.05,0.75,0,4.2873,5.5236,-0.044316,0.042182,-0.013069,0.0008,0.1801,4.1064,25,0.16426,16.1566,16.1566,153356,0
1778558428.567526,0.15,-0.05,0.75,0,3.8572,4.7118,-0.051603,0.05139,-0.021995,0.001,0.1656,3.6906,25,0.14762,19.0415,19.0415,153356,0
1778558428.617659,0.15,-0.05,0.75,0,4.6165,5.5959,-0.054336,0.054359,-0.024928,0.0009,0.1856,4.4301,25,0.1772,20.1048,20.1048,153356,0
1778558428.667708,0.15,-0.05,0.75,0,3.8495,4.771,-0.05692,0.057179,-0.028222,0.0008,0.1489,3.6998,25,0.14799,21.3903,21.3903,153360,0
1778558428.717921,0.15,-0.05,0.75,0,4.1872,5.1771,-0.060539,0.060059,-0.03134,0.0008,0.1623,4.0241,25,0.16096,22.2017,22.2017,153360,0
1778558428.768117,0.15,-0.05,0.75,0,3.9282,4.5147,-0.066339,0.063958,-0.035438,0.0008,0.1679,3.7595,25,0.15038,24.2947,24.2947,153360,0
1778558428.818225,0.15,-0.05,0.75,0,4.1846,4.9285,-0.066327,0.062847,-0.035214,0.0008,0.183,4.0008,25,0.16003,24.5517,24.5517,153360,0
1778558428.868337,0.15,-0.05,0.75,0,4.2883,5.0232,-0.065836,0.061619,-0.034622,0.0006,0.144,4.1437,25,0.16575,24.7652,24.7652,153360,0
1778558428.918543,0.15,-0.05,0.75,0,3.8669,6.8825,-0.065669,0.060676,-0.034231,0.0007,0.1424,3.7239,25,0.14896,24.4316,24.4316,153360,0
1778558428.968764,0.15,-0.05,0.75,0,4.2601,5.3878,-0.068194,0.060609,-0.033626,0.0007,0.1511,4.1083,25,0.16433,24.4476,24.4476,153360,0
1778558429.018811,0.15,-0.05,0.75,0,4.3693,5.2468,-0.069192,0.059847,-0.033472,0.0013,0.1651,4.203,25,0.16812,25.0118,25.0118,153360,0
1778558429.069029,0.15,-0.05,0.75,0,3.9246,4.7246,-0.07025,0.058622,-0.033192,0.0007,0.1502,3.7737,25,0.15095,25.745,25.745,153364,0
1778558429.119128,0.15,-0.05,0.75,0,4.5301,5.533,-0.070985,0.057863,-0.03284,0.0008,0.1557,4.3736,25,0.17494,26.0152,26.0152,153364,0
1778558429.169309,0.15,-0.05,0.75,0,4.379,5.0655,-0.069814,0.053332,-0.032503,0.0006,0.1479,4.2305,25,0.16922,26.4403,26.4403,153364,0
1778558429.219416,0.15,-0.05,0.75,0,4.1022,4.5758,-0.068973,0.051774,-0.031883,0.0008,0.1698,3.9315,25,0.15726,26.8188,26.8188,153364,0
1778558429.269625,0.15,-0.05,0.75,0,4.0499,4.4806,-0.068259,0.050325,-0.031117,0.0008,0.1542,3.8949,25,0.1558,26.9978,26.9978,153372,0
1778558429.32018,0.15,-0.05,0.75,0,4.114,7.1106,-0.066648,0.048106,-0.028939,0.0007,0.1601,3.9532,25,0.15813,26.4746,26.4746,153372,0
1778558429.370284,0.15,-0.05,0.75,0,4.4184,7.6734,-0.066127,0.048242,-0.027167,0.0006,0.1589,4.2589,25,0.17036,24.8021,24.8021,153372,0
1778558429.420379,0.15,-0.05,0.75,0,3.8456,4.6355,-0.065891,0.049251,-0.025497,0.0007,0.1444,3.7005,25,0.14802,21.5897,21.5897,153372,0
1778558429.470553,0.15,-0.05,0.75,0,4.3407,5.0627,-0.066072,0.051437,-0.024276,0.0008,0.1622,4.1776,25,0.16711,15.4807,15.4807,153376,0
1778558429.520712,0.112719,-0.050489,0.745289,1,4.2204,5.2773,-0.06525,0.054712,-0.024259,0.0009,0.1859,4.0336,25,0.16134,3.1045,3.1045,153376,0
1778558429.570816,0.114813,-0.050701,0.744725,1,4.7912,5.9464,-0.063156,0.0545,-0.024823,0.0007,0.1661,4.6243,25,0.18497,4.4682,4.4682,153376,0
1778558429.621062,0.114813,-0.050701,0.744725,0,3.9207,4.1095,-0.061165,0.053543,-0.024836,0.0011,0.1778,3.7418,25,0.14967,13.4882,13.4882,153376,0
1778558429.671145,0.114813,-0.050701,0.744725,0,4.1659,4.9729,-0.057404,0.050896,-0.025941,0.0007,0.1662,3.999,25,0.15996,32.2321,32.2321,153376,0
1778558429.721537,0.114813,-0.050701,0.744725,0,4.1743,4.3646,-0.051228,0.045702,-0.025856,0.0013,0.1444,4.0286,25,0.16114,46.7265,46.7265,153376,0
1778558429.771661,0.114813,-0.050701,0.744725,0,4.8383,5.2463,-0.049451,0.043936,-0.024919,0.0008,0.3519,4.4856,25,0.17943,48.1404,48.1404,153376,0
1778558429.821814,0.114813,-0.050701,0.744725,0,4.5838,7.1004,-0.048357,0.042935,-0.022469,0.0009,0.1438,4.4392,25,0.17757,46.5808,46.5808,153380,0
1778558429.871876,0.114813,-0.050701,0.744725,0,4.7091,4.9101,-0.048035,0.042842,-0.021528,0.001,0.1789,4.5291,25,0.18116,47.1058,47.1058,153380,0
1778558429.921952,0.114813,-0.050701,0.744725,0,4.0838,4.2624,-0.047861,0.043334,-0.017748,0.0005,0.1572,3.9261,25,0.15704,44.339,44.339,153392,0
1778558429.972058,0.114813,-0.050701,0.744725,0,4.1903,4.363,-0.047822,0.043562,-0.016983,0.0009,0.1664,4.023,25,0.16092,43.7032,43.7032,153396,0
1778558430.022152,0.114813,-0.050701,0.744725,0,3.9874,4.1789,-0.047782,0.043909,-0.016596,0.0008,0.1664,3.8202,25,0.15281,43.3875,43.3875,153396,0
1778558430.072253,0.114813,-0.050701,0.744725,0,4.7829,4.962,-0.047771,0.044284,-0.016388,0.0016,0.1452,4.636,25,0.18544,43.103,43.103,153396,0
1778558430.122356,0.114813,-0.050701,0.744725,0,4.8325,5.0328,-0.047796,0.044441,-0.016954,0.0007,0.1758,4.6559,25,0.18624,44.0539,44.0539,153396,0
1778558430.172454,0.114813,-0.050701,0.744725,0,4.265,4.4566,-0.047822,0.044291,-0.016961,0.0006,0.175,4.0893,25,0.16357,44.022,44.022,153396,0
1778558430.223377,0.114813,-0.050701,0.744725,0,4.4339,4.6237,-0.047774,0.044136,-0.016867,0.0013,0.1633,4.2694,25,0.17078,43.9298,43.9298,153396,0
1778558430.274026,0.114813,-0.050701,0.744725,0,4.9447,5.8315,-0.047665,0.04387,-0.015752,0.0007,0.1821,4.7619,25,0.19048,41.6484,41.6484,153400,0
1778558430.324125,0.114813,-0.050701,0.744725,0,4.3048,4.5079,-0.047456,0.043369,-0.012884,0.0007,0.146,4.1581,25,0.16633,35.8041,35.8041,153400,0
1778558430.374227,0.114813,-0.050701,0.744725,0,4.8455,5.3062,-0.047222,0.042862,-0.011143,0.0007,0.1611,4.6837,25,0.18735,31.9209,31.9209,153400,0
1778558430.424329,0.114813,-0.050701,0.744725,0,4.3536,4.5512,-0.047013,0.041926,-0.009783,0.0007,0.1617,4.1913,25,0.16765,28.5478,28.5478,153400,0
1778558430.474497,0.114813,-0.050701,0.744725,0,4.2106,4.4221,-0.046549,0.040455,-0.006246,0.0008,0.1847,4.0251,25,0.161,17.372,17.372,153400,0
1778558430.524659,0.15,-0.1,0.8,1,0.9702,1.3845,-0.041355,0.027427,0.010864,0.0012,0.1513,0.8177,4,0.20441,2.8706,2.8706,153400,0
1778558430.574929,0.14049,-0.085959,0.78244,1,4.4825,4.6855,-0.037479,0.019242,0.012892,0.0007,0.1758,4.306,25,0.17224,3.1724,3.1724,153400,0
1778558430.625033,0.142546,-0.088236,0.78098,1,4.0589,4.269,-0.035422,0.016965,0.011432,0.0008,0.1878,3.8703,25,0.15481,3.1926,3.1926,153400,0
1778558430.675125,0.143765,-0.089725,0.780823,1,4.2696,5.0844,-0.034204,0.015476,0.011275,0.0009,0.1657,4.103,25,0.16412,3.1905,3.1905,153404,0
1778558430.725231,0.144065,-0.089718,0.782077,1,3.9652,4.1639,-0.033904,0.015483,0.012529,0.0008,0.1585,3.8059,25,0.15224,3.2398,3.2398,153404,0
1778558430.775307,0.144067,-0.088758,0.782561,1,4.3239,4.5048,-0.033902,0.016443,0.013013,0.0009,0.1708,4.1521,25,0.16609,3.3187,3.3187,153416,0
1778558430.825506,0.144669,-0.088918,0.78321,1,3.7823,4.3598,-0.0333,0.016283,0.013663,0.0007,0.1527,3.6289,25,0.14516,3.3977,3.3977,153416,0
1778558430.875735,0.147561,-0.093554,0.785901,1,3.8069,5.2223,-0.030408,0.011647,0.016353,0.0007,0.1588,3.6473,25,0.14589,3.3657,3.3657,153416,0
1778558430.925892,0.155226,-0.104553,0.794968,1,4.1831,4.3743,-0.022743,0.000648,0.02542,0.0008,0.1579,4.0244,25,0.16098,3.2849,3.2849,153416,0
1778558430.976036,0.159167,-0.105689,0.799402,1,4.0466,4.3533,-0.018802,-0.000488,0.029855,0.001,0.1504,3.8951,25,0.15581,3.6353,3.6353,153416,0
1778558431.026145,0.162607,-0.107281,0.804245,1,4.1287,4.3848,-0.015362,-0.00208,0.034697,0.0007,0.1618,3.9662,25,0.15865,3.818,3.818,153416,0
1778558431.076265,0.166406,-0.112269,0.809527,1,4.241,5.3815,-0.011563,-0.007069,0.039979,0.0007,0.1595,4.0808,25,0.16323,3.7801,3.7801,153420,0
1778558431.126366,0.15,-0.1,0.8,1,5.0413,6.0178,-0.004155,-0.015422,0.046147,0.0009,0.1843,4.8561,25,0.19424,4.4591,4.4591,153420,0
1778558431.176455,0.2,-0.1,0.8,1,4.0662,4.2536,-0.001417,-0.016728,0.046386,0.0008,0.1591,3.9062,25,0.15625,3.348,3.348,153420,0
1778558431.226548,0.2,-0.1,0.8,1,4.2633,5.0967,0.000573,-0.014649,0.045405,0.0008,0.1695,4.093,25,0.16372,3.2567,3.2567,153420,0
1778558431.276644,0.180726,-0.117099,0.813308,1,3.8517,4.7644,0.002757,-0.011898,0.04376,0.0006,0.1592,3.6919,25,0.14768,3.1162,3.1162,153420,0
1778558431.326749,0.186944,-0.111322,0.808173,1,0.8467,1.0882,0.008975,-0.006122,0.038625,0.0009,0.1612,0.6847,2,0.34234,2.9901,2.9901,153420,0
1778558431.376852,0.190726,-0.108899,0.804818,1,0.5046,0.6925,0.012757,-0.003698,0.035271,0.0006,0.1652,0.3388,1,0.33882,2.9545,2.9545,153420,0
1778558431.426951,0.193852,-0.107945,0.801836,1,0.6792,0.8593,0.015883,-0.002744,0.032288,0.0007,0.1632,0.5153,2,0.25764,2.9953,2.9953,153420,0
1778558431.477016,0.195775,-0.107173,0.798996,1,0.4708,0.6585,0.017806,-0.001972,0.029448,0.0006,0.1665,0.3037,1,0.30365,2.9407,2.9407,153424,0
1778558431.527255,0.201993,-0.100114,0.792713,1,3.8877,4.6654,0.024024,0.005087,0.023165,0.0004,0.1122,3.7751,25,0.151,3.3707,3.3707,153432,0
1778558431.577363,0.200356,-0.101696,0.791649,1,5.2173,6.0513,0.022387,0.003505,0.022101,0.0009,0.2132,5.0032,25,0.20013,3.4588,3.4588,153432,0
1778558431.627456,0.198896,-0.100833,0.79017,1,4.1209,7.134,0.020927,0.004368,0.020622,0.0007,0.1561,3.964,25,0.15856,3.6168,3.6168,153432,0
1778558431.677544,0.199183,-0.098875,0.788338,1,4.2764,5.288,0.021214,0.006326,0.01879,0.0006,0.1632,4.1126,25,0.1645,3.7464,3.7464,153432,0
1778558431.727633,0.19891,-0.098313,0.783422,1,4.6725,5.559,0.020941,0.006888,0.013874,0.0008,0.1714,4.5003,25,0.18001,3.8467,3.8467,153432,0
1778558431.777736,0.199464,-0.098548,0.780518,1,5.0268,5.8142,0.021496,0.006653,0.01097,0.001,0.1871,4.8388,25,0.19355,3.8232,3.8232,153432,0
1778558431.827825,0.200347,-0.098673,0.776769,1,4.9813,5.4352,0.022378,0.006528,0.007221,0.0009,0.1803,4.8001,25,0.192,3.9118,3.9118,153432,0
1778558431.877926,0.200425,-0.09843,0.773165,1,4.536,5.5625,0.022457,0.006771,0.003617,0.0007,0.165,4.3703,25,0.17481,4.0779,4.0779,153436,0
1778558431.927995,0.200425,-0.09843,0.773165,0,4.2077,4.9854,0.021532,0.007376,0.000558,0.0007,0.1434,4.0636,25,0.16254,33.0241,33.0241,153436,0
1778558431.978079,0.200425,-0.09843,0.773165,0,4.7172,5.6479,0.020801,0.007146,-0.000775,0.0007,0.1442,4.5723,25,0.18289,42.4667,42.4667,153436,0
1778558432.02818,0.200425,-0.09843,0.773165,0,5.8601,10.176,0.02076,0.00689,-0.002534,0.0009,0.1796,5.6796,25,0.22718,48.6878,48.6878,153436,0
1778558432.078255,0.200425,-0.09843,0.773165,0,5.2748,8.4133,0.020927,0.006918,-0.004151,0.0006,0.1581,5.1161,25,0.20465,52.5325,52.5325,153436,0
1778558432.128336,0.200425,-0.09843,0.773165,0,5.1196,5.891,0.020395,0.007545,-0.00734,0.0008,0.1698,4.949,25,0.19796,56.4319,56.4319,153436,0
1778558432.178415,0.200425,-0.09843,0.773165,0,4.5947,5.3356,0.020085,0.008462,-0.009007,0.0006,0.1569,4.4372,25,0.17749,59.9151,59.9151,153436,0
1778558432.228517,0.200425,-0.09843,0.773165,0,4.5257,5.7505,0.019833,0.009349,-0.010677,0.0007,0.1684,4.3566,25,0.17426,62.13,62.13,153436,0
1778558432.278612,0.200425,-0.09843,0.773165,0,4.2264,4.992,0.019596,0.009569,-0.012017,0.0007,0.1396,4.0862,25,0.16345,61.5879,61.5879,153452,0
1778558432.328693,0.200425,-0.09843,0.773165,0,4.9943,5.4296,0.020185,0.008834,-0.013823,0.0007,0.1447,4.8489,25,0.19396,54.699,54.699,153452,0
1778558432.378852,0.200425,-0.09843,0.773165,0,4.1093,4.6054,0.020501,0.008174,-0.014492,0.0007,0.1546,3.9541,25,0.15816,45.2344,45.2344,153452,0
1778558432.428936,0.200425,-0.09843,0.773165,0,4.1666,4.9409,0.02041,0.007974,-0.014162,0.0008,0.1662,3.9996,25,0.15998,42.7787,42.7787,153452,0
1778558432.479046,0.200425,-0.09843,0.773165,0,5.1459,8.4496,0.019849,0.006971,-0.012243,0.001,0.1778,4.9672,25,0.19869,40.9277,40.9277,153456,0
1778558432.529156,0.200425,-0.09843,0.773165,0,4.7882,5.741,0.019994,0.007119,-0.012002,0.0006,0.1525,4.635,25,0.1854,33.8421,33.8421,153456,0
1778558432.579252,0.200425,-0.09843,0.773165,0,4.2279,5.0191,0.020232,0.008153,-0.012107,0.0009,0.1584,4.0686,25,0.16274,26.6838,26.6838,153456,0
1778558432.629348,0.200425,-0.09843,0.773165,0,4.0261,4.9402,0.020078,0.008982,-0.011957,0.0006,0.1531,3.8724,25,0.1549,23.8854,23.8854,153456,0
1778558432.679985,0.200425,-0.09843,0.773165,0,4.1644,5.0692,0.018237,0.008151,-0.011073,0.0007,0.1526,4.0112,25,0.16045,13.8901,13.8901,153460,0
1778558432.730104,0.200425,-0.09843,0.773165,0,4.5738,5.3567,0.017861,0.006459,-0.011172,0.0009,0.188,4.3849,25,0.1754,14.5208,14.5208,153460,0
1778558432.780226,0.200425,-0.09843,0.773165,0,5.1421,6.2077,0.017698,0.006333,-0.011529,0.0008,0.1894,4.952,25,0.19808,10.5594,10.5594,153460,0
1778558432.830369,0.19413,-0.09782,0.757875,1,4.0326,4.7406,0.016161,0.007381,-0.011673,0.0007,0.158,3.8739,25,0.15496,3.1171,3.1171,153460,0
1778558432.880473,0.19413,-0.09782,0.757875,0,4.6977,5.614,0.014813,0.021432,-0.017639,0.0006,0.1863,4.5108,25,0.18043,38.9985,38.9985,153460,0
1778558432.930647,0.19413,-0.09782,0.757875,0,4.2298,7.76,0.012244,0.02389,-0.028831,0.0007,0.1398,4.0893,25,0.16357,63.9661,63.9661,153460,0
1778558432.980759,0.19413,-0.09782,0.757875,0,5.2052,8.6822,0.01246,0.019116,-0.033521,0.0009,0.1836,5.0206,25,0.20082,75.088,75.088,153460,0
1778558433.030853,0.19413,-0.09782,0.757875,0,4.3234,5.2715,0.011633,0.014785,-0.03184,0.0004,0.1481,4.1749,25,0.167,66.3746,66.3746,153460,0
1778558433.081031,0.19413,-0.09782,0.757875,0,4.1281,4.4977,0.008952,0.00699,-0.005776,0.0008,0.1748,3.9526,25,0.1581,18.9872,18.9872,153464,0
1778558433.131416,0.2,-0.15,0.8,1,0.8039,1.0044,0.007866,-0.019909,0.012345,0.0007,0.1521,0.651,3,0.217,2.0176,2.0176,153464,0
1778558433.181734,0.184216,-0.139623,0.770631,1,0.6288,0.8243,0.006247,-0.034422,0.001083,0.0008,0.1484,0.4796,2,0.2398,1.1197,1.1197,153464,0
1778558433.231976,0.2,-0.1,0.75,1,3.9447,4.1429,0.006324,-0.014524,7e-05,0.0007,0.158,3.786,25,0.15144,3.2166,3.2166,153464,0
1778558433.282075,0.2,-0.1,0.75,0,5.0051,5.2285,0.002756,0.011683,-0.019876,0.0007,0.173,4.8315,25,0.19326,38.7275,38.7275,153464,0
1778558433.332161,0.179167,-0.103431,0.76575,1,4.3114,4.5058,0.001198,0.00177,-0.003798,0.001,0.1463,4.1641,25,0.16656,4.337,4.337,153464,0
1778558433.382257,0.2,-0.1,0.75,1,3.9721,4.1505,0.00129,-0.0075,0.001525,0.0007,0.165,3.8064,25,0.15225,3.601,3.601,153476,0
1778558433.432353,0.2,-0.1,0.75,0,3.9626,4.1491,0.001669,0.004996,-0.008512,0.0009,0.145,3.8167,25,0.15267,31.2041,31.2041,153476,0
1778558433.482447,0.2,-0.1,0.75,1,4.7628,4.9421,0.000809,-0.009174,-0.002066,0.0006,0.1642,4.598,25,0.18392,4.6109,4.6109,153480,0
1778558433.534147,0.2,-0.1,0.75,1,4.8415,5.059,0.000108,-0.016367,0.00059,0.0008,0.1487,4.6919,25,0.18768,4.2674,4.2674,153480,0
1778558433.584232,0.2,-0.1,0.75,0,4.4742,4.6485,-0.000639,-0.013099,-0.004109,0.0007,0.1549,4.3187,25,0.17275,11.9803,11.9803,153480,0
1778558433.634327,0.2,-0.1,0.75,0,4.1213,4.3103,-0.001834,-0.013278,-0.006604,0.0007,0.1621,3.9586,25,0.15834,13.7921,13.7921,153480,0
1778558433.68442,0.2,-0.1,0.75,0,4.3073,4.5034,-0.005107,-0.018384,-0.005131,0.0008,0.1494,4.1572,25,0.16629,31.1441,31.1441,153480,0
1778558433.734771,0.2,-0.1,0.75,0,5.2737,5.5098,-0.006359,-0.017947,-0.006812,0.0005,0.1135,5.1597,25,0.20639,37.1993,37.1993,153480,0
1778558433.784837,0.2,-0.1,0.75,0,4.7009,4.9517,-0.00757,-0.018143,-0.007164,0.0007,0.1563,4.5439,25,0.18175,37.6288,37.6288,153480,0
1778558433.834921,0.2,-0.1,0.75,0,4.5268,5.3637,-0.009164,-0.018232,-0.006288,0.0007,0.1575,4.3685,25,0.17474,36.5648,36.5648,153484,0
1778558433.885202,0.2,-0.1,0.75,0,4.8249,5.0297,-0.009922,-0.017,-0.006853,0.0009,0.1457,4.6782,25,0.18713,38.5566,38.5566,153484,0
1778558434.386379,0.203772,-0.103271,0.747858,1,4.1703,4.3389,0.000776,-0.000682,-0.000549,0.0006,0.1622,4.0076,25,0.1603,4.2288,4.2288,153492,0
1778558434.436501,0.204312,-0.103284,0.748085,1,4.0866,4.3438,0.001316,-0.000695,-0.000322,0.001,0.1781,3.9074,25,0.1563,4.2023,4.2023,153492,0
1778558434.486573,0.205145,-0.10411,0.750238,1,4.5434,4.7383,0.002149,-0.001521,0.001831,0.0013,0.1531,4.389,25,0.17556,4.0767,4.0767,153492,0
1778558434.536725,0.205999,-0.105316,0.753965,1,4.9819,6.3162,0.003004,-0.002727,0.005558,0.0007,0.1523,4.8288,25,0.19315,3.8125,3.8125,153492,0
1778558434.586922,0.206775,-0.112785,0.7731,1,0.9193,1.1195,0.00378,-0.010196,0.024693,0.0006,0.16,0.7588,3,0.25292,2.6773,2.6773,153492,0
1778558434.637155,0.206329,-0.118464,0.780785,1,0.6682,0.8561,0.003334,-0.015875,0.032378,0.001,0.1625,0.5046,2,0.25232,2.1022,2.1022,153492,0
1778558434.687254,0.206297,-0.123597,0.783885,1,0.6294,0.8103,0.003301,-0.021008,0.035478,0.0009,0.1637,0.4648,2,0.23239,1.7711,1.7711,153492,0
1778558434.737366,0.206047,-0.129137,0.786441,1,0.649,0.8435,0.003052,-0.026548,0.038034,0.0007,0.1719,0.4764,2,0.23819,1.3453,1.3453,153496,0
1778558434.787472,0.204905,-0.137894,0.78804,1,0.6286,0.8094,0.00191,-0.035305,0.039633,0.0008,0.1771,0.4507,2,0.22534,1.5306,1.5306,153496,0
1778558434.837567,0.204263,-0.138929,0.787523,1,0.6959,0.8946,0.001268,-0.03634,0.039116,0.0007,0.1684,0.5268,1,0.52684,1.3267,1.3267,153496,0
1778558434.887766,0.203498,-0.139576,0.787047,1,0.5467,0.7429,0.000503,-0.036987,0.03864,0.0011,0.2064,0.3392,1,0.33917,1.5729,1.5729,153496,0
1778558434.937865,0.202538,-0.139979,0.786256,1,0.4937,0.7171,-0.000457,-0.03739,0.037849,0.0008,0.1574,0.3354,1,0.33542,1.5762,1.5762,153496,0
1778558434.987946,0.20147,-0.13777,0.784664,1,0.4528,0.6427,-0.001526,-0.035181,0.036257,0.0008,0.1587,0.2932,1,0.29322,1.3222,1.3222,153496,0
1778558435.038047,0.200994,-0.136403,0.783835,1,0.4648,0.6615,-0.002001,-0.033814,0.035428,0.0007,0.1605,0.3036,1,0.30363,1.3181,1.3181,153496,0
1778558435.088153,0.200463,-0.135204,0.783128,1,0.4615,0.6435,-0.002532,-0.032616,0.034721,0.0013,0.1592,0.301,1,0.30096,1.2625,1.2625,153496,0
1778558435.138341,0.200032,-0.133663,0.782553,1,0.4715,1.2799,-0.002963,-0.031074,0.034146,0.0008,0.1665,0.3043,1,0.30426,1.2368,1.2368,153500,0
1778558435.188435,0.2,-0.15,0.8,1,0.7203,0.9163,-0.003473,-0.022528,0.032766,0.0008,0.1694,0.5501,2,0.27505,1.4277,1.4277,153512,0
1778558435.238534,0.198891,-0.121192,0.779997,1,0.463,0.6455,-0.004104,-0.018603,0.03159,0.0006,0.161,0.3014,1,0.30138,2.5154,2.5154,153512,0
1778558435.890335,0.19885,-0.132126,0.78315,1,0.4959,1.4356,0.001498,-0.00939,0.004408,0.0007,0.1813,0.3139,1,0.31388,1.8843,1.8843,153516,0
1778558435.940455,0.201396,-0.139411,0.787373,1,0.5609,1.1897,0.004043,-0.016676,0.008631,0.001,0.185,0.3749,1,0.37495,2.81,2.81,153516,0
1778558435.990557,0.204803,-0.147232,0.792192,1,0.4737,0.6719,0.00745,-0.024496,0.01345,0.0008,0.1583,0.3146,1,0.31459,2.1195,2.1195,153516,0
1778558436.040747,0.208005,-0.152055,0.798087,1,0.4872,0.6597,0.010652,-0.029319,0.019345,0.0009,0.1845,0.3019,1,0.30186,2.87,2.87,153516,0
1778558436.090978,0.211018,-0.157248,0.80715,1,0.9039,1.6129,0.013665,-0.034512,0.028408,0.0007,0.1774,0.7258,2,0.36291,1.6704,1.6704,153516,0
1778558436.141499,0.211442,-0.158731,0.809599,1,0.4657,0.6561,0.01409,-0.035995,0.030858,0.0008,0.1723,0.2927,1,0.29266,2.0345,2.0345,153520,0
1778558436.192116,0.210123,-0.160355,0.810043,1,0.5555,0.7527,0.01277,-0.03762,0.031302,0.0013,0.1738,0.3804,1,0.38039,2.515,2.515,153520,0
1778558436.242213,0.205651,-0.162127,0.80604,1,0.5279,0.7321,0.008299,-0.039391,0.027299,0.0006,0.1611,0.3662,1,0.36623,2.7831,2.7831,153520,0
1778558436.292318,0.205651,-0.162127,0.80604,0,4.0189,4.2137,-0.005392,-0.044941,0.017852,0.0007,0.1672,3.8509,25,0.15404,30.3585,30.3585,153520,0
1778558436.342486,0.205651,-0.162127,0.80604,0,3.9331,4.1218,-0.010999,-0.047848,0.015764,0.0008,0.1544,3.778,25,0.15112,46.392,46.392,153520,0
1778558436.392723,0.205651,-0.162127,0.80604,0,4.1626,4.3586,-0.015151,-0.05008,0.015224,0.0008,0.1705,3.9914,25,0.15966,55.6712,55.6712,153520,0
1778558436.442847,0.205651,-0.162127,0.80604,0,5.1576,5.3579,-0.017985,-0.051597,0.015457,0.0009,0.1953,4.9615,25,0.19846,48.1695,48.1695,153520,0
1778558436.493754,0.205651,-0.162127,0.80604,0,4.494,4.6911,-0.018157,-0.052052,0.017063,0.0007,0.1496,4.3437,25,0.17375,40.4755,40.4755,153524,0
1778558436.543941,0.205651,-0.162127,0.80604,0,4.1094,4.2774,-0.017243,-0.051522,0.01849,0.0008,0.1515,3.9571,25,0.15828,33.5022,33.5022,153524,0
1778558436.594043,0.205651,-0.162127,0.80604,0,4.533,4.7197,-0.015845,-0.050537,0.020277,0.001,0.1567,4.3754,25,0.17502,35.6388,35.6388,153540,0
1778558436.644141,0.205651,-0.162127,0.80604,0,4.5695,4.754,-0.013819,-0.049476,0.022204,0.0007,0.1575,4.4113,25,0.17645,21.5143,21.5143,153540,0
1778558436.694235,0.189871,-0.169855,0.808152,1,0.4528,0.6473,-0.007481,-0.047119,0.02941,0.0007,0.1397,0.3124,1,0.3124,2.303,2.303,153540,0
1778558436.744346,0.191411,-0.168245,0.811136,1,0.522,0.7374,-0.005942,-0.045509,0.032395,0.0006,0.1643,0.357,1,0.35701,2.1745,2.1745,153540,0
