t,x,y,z,success,ik_ms,total_ms,dx,dy,dz
1777877679.4305613,0.21731577429951512,-0.16994333112956278,0.49091655068431805,1,35.82906723022461,36.2396240234375,0.0013157743009722736,-0.01644413923152041,0.012916207238156716
1777877679.4705625,0.21906793417019307,-0.17341242491490694,0.4936800212043165,1,25.836706161499023,26.09419822692871,0.003067934171650216,-0.019913233016864568,0.015679677758155153
1777877679.5360522,0.2235669859931519,-0.18064994197828432,0.4995543678251898,1,41.08095169067383,41.396141052246094,0.007566985994609046,-0.027150750080241953,0.021554024379028487
1777877679.5634449,0.22930808639783995,-0.18782721246627326,0.5056585085476702,1,17.9440975189209,18.15009117126465,0.013308086399297085,-0.034328020568230894,0.027658165101508897
1777877679.6194458,0.2323428203631953,-0.19128558967314677,0.5089999949192553,1,23.76866340637207,23.99134635925293,0.016342820364652455,-0.0377863977751044,0.030999651473094015
1777877679.6736228,0.2382233457354928,-0.19739649684840851,0.515643354185975,1,27.800321578979492,28.151512145996094,0.022223345736949937,-0.043897304950366145,0.03764301073981362
1777877679.7158055,0.24422568864970196,-0.20233072837116317,0.5215230349569441,1,19.979238510131836,20.284175872802734,0.028225688651159084,-0.0488315364731208,0.04352269151078271
1777877679.762717,0.24758304281226778,-0.20430245187378948,0.5238210839267629,1,16.85047149658203,17.04883575439453,0.03158304281372491,-0.05080325997574711,0.0458207404806015
1777877679.8088555,0.25466060903873833,-0.20703062899067431,0.528154540812297,1,12.915611267089844,13.133049011230469,0.038660609040195484,-0.053531437092631945,0.050154197366135675
1777877679.8608167,0.2616512520878359,-0.2074399873807454,0.5324295472836151,1,14.777183532714844,15.004158020019531,0.04565125208929306,-0.05394079548270303,0.054429203837453845
1777877679.9105842,0.26500344821320965,-0.20659861038899788,0.5340102145115055,1,14.492273330688477,14.71853256225586,0.0490034482146668,-0.05309941849095551,0.05600987106534422
1777877679.9614065,0.2716662822293152,-0.20243847249919134,0.5368991096754011,1,15.205621719360352,15.418767929077148,0.05566628223077236,-0.048939280601148966,0.05889876622923978
1777877680.0130796,0.27822741908556153,-0.1959859598991467,0.5393155643479557,1,16.831159591674805,17.04263687133789,0.06222741908701869,-0.04248676800110432,0.06131522090179439
1777877680.077128,0.2809987076404018,-0.19244289246100513,0.5403649160623525,1,30.78317642211914,31.005859375,0.06499870764185896,-0.03894370056296276,0.06236457261619116
1777877680.1104932,0.28610707729527507,-0.18377365311077531,0.5420436970276827,1,14.152288436889648,14.33110237121582,0.0701070772967322,-0.030274461212732945,0.06404335358152136
1777877680.179494,0.29048407707251184,-0.17387434773330082,0.5430248028990416,1,32.96542167663574,33.241987228393555,0.074484077073969,-0.02037515583525845,0.06502445945288027
1777877680.2247536,0.291820543848085,-0.1684539237493804,0.5432867373911818,1,28.204917907714844,28.41973304748535,0.0758205438495421,-0.014954731851338027,0.06528639394502052
1777877680.2631881,0.2937273872190528,-0.15737458375851202,0.5434804954872047,1,16.325950622558594,16.55411720275879,0.07772738722050994,-0.003875391860469646,0.06548015204104338
1777877680.3160763,0.294861355976738,-0.1460417492104082,0.5430865949203778,1,19.121885299682617,19.35124397277832,0.07886135597819517,0.00745744268763418,0.06508625147421644
1777877680.3674533,0.29504596367687264,-0.14049361942639915,0.5427495977017213,1,20.421504974365234,20.647287368774414,0.07904596367832976,0.013005572471643204,0.06474925425555997
1777877680.4150023,0.2947958256774424,-0.1306220568574164,0.5421231521416117,1,17.870187759399414,18.097400665283203,0.07879582567889955,0.022877135040625954,0.06412280869545037
1777877680.4729621,0.29321835755483744,-0.12083268571947064,0.5415595035199338,1,25.742292404174805,25.960445404052734,0.0772183575562946,0.032666506178571725,0.06355916007377244
1777877680.5184786,0.2915493605321831,-0.115821997894379,0.541174183562798,1,21.1944580078125,21.40355110168457,0.07554936053364024,0.03767719400366337,0.0631738401166367
1777877680.5773473,0.2869669493964333,-0.10737075515552102,0.5401481079592719,1,29.901981353759766,30.174732208251953,0.07096694939789044,0.046128436742521345,0.06214776451311063
1777877680.624393,0.27987277290897156,-0.10042155710244383,0.5390521772344531,1,26.912450790405273,27.149200439453125,0.06387277291042871,0.05307763479559854,0.06105183378829176
1777877680.6900566,0.2756061878185033,-0.09789963661997825,0.5380955932212491,1,41.800498962402344,42.1905517578125,0.05960618781996044,0.05559955527806412,0.060095249775087796
1777877680.7226183,0.26621699991643255,-0.09454004074785197,0.5361698458232019,1,24.085044860839844,24.272441864013672,0.05021699991788968,0.058959151150190396,0.05816950237704062
1777877680.770487,0.2553181172170807,-0.09275837279526596,0.5332980930425327,1,21.35610580444336,21.58355712890625,0.039318117218537854,0.060740819102776414,0.05529774959637136
1777877680.8148115,0.243159475342498,-0.09248876318697653,0.5302240245825585,1,14.262676239013672,14.499902725219727,0.027159475343955145,0.06101042871106584,0.05222368113639718
1777877680.8761837,0.23597332602014098,-0.09257202954730905,0.5286629728881662,1,25.47740936279297,25.676488876342773,0.019973326021598126,0.060927162350733324,0.05066262944200489
1777877680.9228165,0.2204357048837641,-0.09378437166386548,0.5253000516147509,1,21.8350887298584,22.255420684814453,0.004435704885221235,0.05971482023417689,0.04729970816858961
1777877680.9743485,0.21234279851025853,-0.0948158835067173,0.5233782245993964,1,23.29230308532715,23.523569107055664,-0.0036572014882843285,0.058683308391325066,0.045377881153235086
1777877681.0218592,0.19616684561198205,-0.0975085403341124,0.5185543041524273,1,20.54762840270996,20.746707916259766,-0.01983315438656081,0.055990651563929975,0.04055396070626604
1777877681.0660267,0.17877324855473958,-0.10125601269845098,0.5132069774200272,1,14.66226577758789,14.866828918457031,-0.037226751443803274,0.052243179199591386,0.03520663397386591
1777877681.1150472,0.1610694414933346,-0.10573349862440108,0.5084453349032689,1,13.581275939941406,13.80300521850586,-0.054930558505208255,0.04776569327364129,0.03044499145710755
1777877681.1715858,0.1521399047716413,-0.10798588669777887,0.5059294220054684,1,20.038843154907227,20.259618759155273,-0.06386009522690157,0.0455133052002635,0.027929078559307114
1777877681.2290487,0.1347323308495653,-0.11289473497613299,0.5014459963591518,1,27.424097061157227,27.637958526611328,-0.08126766914897757,0.04060445692190938,0.02344565291299045
1777877681.2856853,0.11885084136089602,-0.11857638135349587,0.49748880801095136,1,32.85527229309082,33.028364181518555,-0.09714915863764684,0.034922810544546504,0.019488464564790038
1777877681.3284955,0.1118820411361103,-0.12184918509398865,0.49604727233598395,1,25.57659149169922,25.78878402709961,-0.10411795886243255,0.03165000680405372,0.018046928889822636
1777877681.384317,0.10009107447059486,-0.1281496052885033,0.4938915233180176,1,31.19373321533203,31.418800354003906,-0.115908925527948,0.025349586609539065,0.015891179871856287
1777877681.4254622,0.0915078916308768,-0.1345962628876744,0.49285410539777547,1,22.26424217224121,22.472381591796875,-0.12449210836766605,0.018902929010367955,0.014853761951614128
1777877681.4723873,0.08828225553680707,-0.13797725857612475,0.4925430776127823,1,19.10543441772461,19.319772720336914,-0.12771774446173578,0.015521933321917605,0.01454273416662101
1777877681.5437663,0.08325691349284742,-0.14492945566263887,0.4924345348885527,1,39.69597816467285,40.003061294555664,-0.13274308650569544,0.008569736235403497,0.014434191442391373
1777877681.5751913,0.08029958314933061,-0.15183519077206648,0.49274270029990913,1,21.076440811157227,21.338939666748047,-0.13570041684921225,0.0016640011259759085,0.014742356853747793
1777877681.622477,0.07989063415133407,-0.15520179491402641,0.493117294852905,1,18.330097198486328,18.549442291259766,-0.13610936584720879,-0.0017026030159840444,0.015116951406743684
1777877681.681552,0.08175206269434204,-0.16371606546397385,0.49442235476156515,1,27.288198471069336,27.530908584594727,-0.13424793730420082,-0.010216873565931484,0.0164220113154038
1777877681.728225,0.08572957178354534,-0.17258429863428099,0.49553436154766684,1,23.891210556030273,24.121761322021484,-0.1302704282149975,-0.019085106736238616,0.01753401810150554
1777877681.7799892,0.08902444967963904,-0.1780475696048874,0.4962697341726575,1,25.498390197753906,25.725841522216797,-0.1269755503189038,-0.024548377706845037,0.01826939072649619
1777877681.82215,0.09708200212497188,-0.19004867095104364,0.4964641927019405,1,17.57955551147461,17.842531204223633,-0.11891799787357098,-0.036549479053001266,0.018463849255779163
1777877681.8774543,0.10682330733929954,-0.20186462571246777,0.4974013399372974,1,22.849082946777344,23.0715274810791,-0.10917669265924332,-0.0483654338144254,0.019400996491136073
1777877681.9335284,0.11194321503467328,-0.2070435819027839,0.49779299171218616,1,28.8240909576416,29.048681259155273,-0.10405678496386958,-0.05354439000474154,0.01979264826602485
1777877681.9739547,0.1232582484581488,-0.2168667364058975,0.49992585544607854,1,19.151926040649414,19.452333450317383,-0.09274175154039406,-0.06336754450785512,0.021925511999917213
1777877682.0316968,0.13498930906970372,-0.22477090978712255,0.5037764880234382,1,26.56865119934082,26.823997497558594,-0.08101069092883914,-0.07127171788908018,0.025776144577276915
1777877682.079647,0.1406930881986067,-0.2275668916524424,0.5055825513063592,1,24.484634399414062,24.706363677978516,-0.07530691179993616,-0.07406769975440003,0.02758220786019786
1777877682.1294181,0.15284564945503598,-0.2316364750187337,0.5093948464797922,1,24.209260940551758,24.405241012573242,-0.06315435054350686,-0.07813728312069132,0.03139450303363089
1777877682.1707861,0.1666665013257177,-0.23473523991748318,0.5136539606692871,1,15.531063079833984,15.733480453491211,-0.049333498672825174,-0.08123604801944082,0.03565361722312581
1777877682.2234735,0.17355029028834001,-0.23611836699406286,0.515634859044693,1,17.70496368408203,17.908096313476562,-0.042449709710202836,-0.08261917509602049,0.03763451559853165
1777877682.2816772,0.18748881398226772,-0.23779086529487037,0.5196679683881572,1,25.788545608520508,26.056289672851562,-0.02851118601627514,-0.084291673396828,0.041667624941995884
1777877682.3357878,0.2018415527235807,-0.23763589558116582,0.5232314446654464,1,29.766559600830078,30.104637145996094,-0.014158447274962155,-0.08413670368312345,0.04523110121928504
1777877682.3717842,0.2084816990145357,-0.23697101353581473,0.524839463810782,1,15.820503234863281,16.039371490478516,-0.007518300984007159,-0.08347182163777236,0.0468391203646206
1777877682.4379728,0.2211782036787921,-0.2350592443458829,0.52754363350675,1,31.91661834716797,32.13691711425781,0.005178203680249238,-0.08156005244784054,0.0495432900605887
1777877682.4951015,0.2324351241329703,-0.23080726702827206,0.5297677013334192,1,38.92803192138672,39.179086685180664,0.016435124134427423,-0.07730807513022969,0.051767357887257906
1777877682.5321944,0.23741680437446538,-0.22746230966609174,0.5308825529019262,1,25.936603546142578,26.18575096130371,0.02141680437592254,-0.07396311776804937,0.052882209455764856
1777877682.5834858,0.24575394828806674,-0.21891362029693462,0.5324954184529994,1,27.141571044921875,27.375459671020508,0.029753948289523866,-0.06541442839889225,0.05449507500683813
1777877682.629216,0.253406676777058,-0.2093716430659855,0.5335317532920723,1,22.802114486694336,23.034334182739258,0.03740667677851517,-0.05587245116794312,0.05553140984591097
1777877682.6829946,0.256964362859748,-0.2038670326098268,0.5337975685777816,1,26.486635208129883,26.726484298706055,0.04096436286120511,-0.050367840711784434,0.05579722513162022
1777877682.7323172,0.2630133945973811,-0.19281811861999507,0.5342267556301573,1,25.71868896484375,25.97522735595703,0.04701339459883826,-0.039318926721952696,0.05622641218399601
1777877682.777569,0.26809097707610324,-0.18123655047114362,0.5345839192840118,1,20.862102508544922,21.093368530273438,0.0520909770775604,-0.02773735857310125,0.05658357583785045
1777877682.833509,0.27041513035636544,-0.17536235875211575,0.5347587203789944,1,26.636838912963867,26.892662048339844,0.0544151303578226,-0.021863166854073385,0.05675837693283307
1777877682.8871996,0.2739673308704834,-0.16336392328892432,0.5351088699305362,1,30.215024948120117,30.522584915161133,0.05796733087194057,-0.009864731390881953,0.057108526484374866
1777877682.9282362,0.27617530741294644,-0.15035711597932752,0.5354598858883801,1,21.265268325805664,21.535396575927734,0.060175307414403564,0.0031420759187148484,0.057459542442218736
1777877682.9829364,0.27659702909112605,-0.14413110207373186,0.5356831361272576,1,25.758743286132812,26.004314422607422,0.060597029092583174,0.009368089824310491,0.05768279268109631
1777877683.0337503,0.275109924018331,-0.13255553669996967,0.5357795116199716,1,26.510238647460938,26.746273040771484,0.05910992401978814,0.020943655198072716,0.05777916817381028
1777877683.0824747,0.2705331585509059,-0.12309438758750996,0.5362683834222872,1,25.152921676635742,25.39849281311035,0.05453315855236303,0.030404804310532413,0.058268039976125896
1777877683.126746,0.2670542237794587,-0.1187788630872329,0.5362584812547648,1,19.026994705200195,19.327163696289062,0.05105422378091584,0.03472032881080947,0.058258137808603505
1777877683.179695,0.25842219240089204,-0.11182679457192046,0.5352255026327498,1,21.791934967041016,22.035598754882812,0.04242219240234915,0.04167239732612191,0.057225159186588444
1777877683.2373369,0.24770635044104994,-0.10683629333932157,0.5326924604665373,1,29.229402542114258,29.614925384521484,0.03170635044250707,0.0466628985587208,0.05469211702037597
1777877683.2933831,0.2412780129623116,-0.1047556726916098,0.5306282966614803,1,35.29715538024902,35.54677963256836,0.025278012963768748,0.048743519206432565,0.05262795321531896
1777877683.328119,0.22751039999326128,-0.10197190545607582,0.5258614463777043,1,19.902944564819336,20.129919052124023,0.011510399994718437,0.05152728644196655,0.04786110293154292
1777877683.393665,0.21215433635957331,-0.10156401815338012,0.5217033895174248,1,34.44337844848633,34.70730781555176,-0.003845663638969557,0.05193517374466226,0.0437030460712635
1777877683.4302046,0.2040847519524968,-0.10254892423174156,0.5197226962011608,1,20.226716995239258,20.433664321899414,-0.011915248046046052,0.050950267666300814,0.04172235275499956
1777877683.4763458,0.18796412562025727,-0.105977670645057,0.5159160196920798,1,16.332626342773438,16.547203063964844,-0.02803587437828559,0.047521521252985366,0.037915676245918496
1777877683.5380824,0.171729976601033,-0.11055668186962915,0.5121884769587357,1,25.48694610595703,25.697708129882812,-0.04427002339750985,0.04294251002841322,0.034188133512574326
1777877683.5868373,0.1554736846181472,-0.11475820546910723,0.5078913333329081,1,24.062633514404297,24.286746978759766,-0.060526315380395664,0.03874098642893514,0.029890989886746808
1777877683.6460521,0.14673577971849824,-0.1167045654733672,0.505150860823232,1,33.12277793884277,33.39886665344238,-0.06926422028004461,0.03679462642467517,0.02715051737707069
1777877683.6927779,0.12813143582363087,-0.12050116588412624,0.4981053461196084,1,29.789209365844727,29.985427856445312,-0.08786856417491198,0.03299802601391613,0.02010500267344708
1777877683.7357385,0.11073396063978928,-0.12469261059868049,0.491593522631112,1,22.65644073486328,22.8879451751709,-0.10526603935875357,0.02880658129936188,0.01359317918495069
1777877683.783083,0.10307219656935536,-0.12698364718832067,0.4892363677553404,1,19.919157028198242,20.165443420410156,-0.1129278034291875,0.0265155447097217,0.011236024309179082
1777877683.8416936,0.0888547133731348,-0.13150944175068255,0.4851204697846711,1,28.477907180786133,28.675079345703125,-0.12714528662540805,0.02198975014735982,0.007120126338509794
1777877683.8867197,0.07601371111366934,-0.13529121089465504,0.48179738385975496,1,23.341894149780273,23.606300354003906,-0.13998628888487352,0.01820798100338733,0.003797040413593633
1777877683.9392703,0.07030825032816115,-0.1372001393919234,0.48058402589852184,1,25.87604522705078,26.079177856445312,-0.1456917496703817,0.01629905250611896,0.0025836824523605
1777877683.981944,0.06132892894153941,-0.14169909284672477,0.4792703088903895,1,18.185853958129883,18.511533737182617,-0.15467107105700345,0.011800099051317611,0.0012699654442281938
1777877684.038301,0.0575946828625577,-0.14475300768392252,0.4791420276055124,1,24.24144744873047,24.464845657348633,-0.15840531713598516,0.008746184214119851,0.001141684159351078
1777877684.0918534,0.0520083537316301,-0.15182300951077543,0.479047978696883,1,27.700424194335938,27.92835235595703,-0.16399164626691276,0.001676182387266939,0.001047635250721643
1777877684.1392457,0.04997876761512743,-0.15962104215599565,0.47913327600105177,1,24.97696876525879,25.261878967285156,-0.16602123238341543,-0.006121850257953282,0.0011329325548904423
1777877684.1825216,0.05098615943082738,-0.16812586251847078,0.4799939240273624,1,17.57335662841797,17.838001251220703,-0.16501384056771548,-0.014626670620428425,0.001993580581201096
1777877684.22855,0.05268141636968571,-0.172945835336909,0.4808729509740294,1,13.599395751953125,13.825178146362305,-0.16331858362885715,-0.019446643438866623,0.002872607527868047
1777877684.2783906,0.05767381004881872,-0.18280530390705596,0.48363747372139865,1,13.3819580078125,13.596773147583008,-0.15832618994972414,-0.02930611200901359,0.005637130275237295
1777877684.3323653,0.06106224088713208,-0.18788439614234867,0.48503490933881876,1,17.301082611083984,17.51399040222168,-0.15493775911141078,-0.0343852042443063,0.007034565892657427
1777877684.389979,0.0686686853520542,-0.19796486071710367,0.48906660236706384,1,23.814916610717773,24.02663230895996,-0.14733131464648866,-0.044465668819061305,0.011066258920902516
1777877684.4334133,0.0775316806187975,-0.2078677125923759,0.49360843570710616,1,16.649246215820312,16.882658004760742,-0.13846831937974535,-0.05436852069433354,0.015608092260944853
1777877684.4910283,0.08775702825973525,-0.21794993999310747,0.49784541283487105,1,24.077177047729492,24.383068084716797,-0.1282429717388076,-0.0644507480950651,0.019845069388709696
1777877684.5552356,0.09366010212028407,-0.22250287507343858,0.49990414469818545,1,37.32919692993164,37.63079643249512,-0.12233989787825879,-0.06900368317539621,0.0219038012520241
1777877684.5964935,0.10629138945125924,-0.23024150864680779,0.5043876587889372,1,28.682231903076172,28.86819839477539,-0.10970861054728362,-0.07674231674876542,0.026387315342775868
1777877684.6325388,0.12011193756500257,-0.2366574920396693,0.5086233478541848,1,14.565467834472656,14.855146408081055,-0.09588806243354028,-0.08315830014162692,0.030623004408023496
1777877684.6936255,0.1274269220159546,-0.2391199713637208,0.5107521072885416,1,25.58612823486328,25.834083557128906,-0.08857307798258826,-0.08562077946567842,0.032751763842380294
1777877684.7593462,0.14285059465729483,-0.24310937148918838,0.5150992985754589,1,40.88783264160156,41.127920150756836,-0.07314940534124804,-0.089610179591146,0.037098955129297576
1777877684.7896645,0.15956940726164448,-0.24576872194244917,0.5187642764383128,1,21.071434020996094,21.317005157470703,-0.05643059273689836,-0.0922695300444068,0.040763932992151496
1777877684.8452969,0.17657785117489422,-0.24822406784654877,0.5223228371199812,1,26.062488555908203,26.297330856323242,-0.03942214882364863,-0.0947248759485064,0.0443224936738199
1777877684.8953593,0.18487521771460946,-0.24867444854305942,0.5244240711152715,1,26.081562042236328,26.323795318603516,-0.031124782283933394,-0.09517525664501705,0.04642372766911014
1777877684.9408507,0.20022135471622102,-0.24809868138649213,0.528718469636836,1,21.436452865600586,21.739959716796875,-0.01577864528232184,-0.09459948948844976,0.050718126190674624
1777877684.9860985,0.2125512922512916,-0.24581108837224722,0.5321882654689345,1,16.67165756225586,16.89743995666504,-0.0034487077472512423,-0.09231189647420485,0.054187922022773116
1777877685.045649,0.21939046133835283,-0.24394430111995896,0.5336130348417263,1,23.778915405273438,24.014949798583984,0.003390461339809983,-0.09044510922191659,0.05561269139556499
1777877685.0977182,0.23586854430097487,-0.23743941960463177,0.5365256837598069,1,25.518417358398438,25.701522827148438,0.019868544302432026,-0.0839402277065894,0.058525340313645535
1777877685.1421447,0.2488970500750936,-0.22882522735314348,0.5385051387773647,1,19.695281982421875,19.978046417236328,0.032897050076550735,-0.07532603545510111,0.060504795331203426
1777877685.1979475,0.2546034086102729,-0.22416647223368524,0.5395854785407794,1,25.44569969177246,25.6197452545166,0.03860340861173006,-0.07066728033564287,0.06158513509461812
1777877685.259338,0.2655492113672668,-0.2142023500236326,0.5413936631890837,1,36.72909736633301,36.93890571594238,0.049549211368723936,-0.06070315812559024,0.0633933197429224
1777877685.2937393,0.27542957660342643,-0.20413831780036848,0.5428604222105124,1,20.863056182861328,21.276473999023438,0.05942957660488356,-0.05063912590232611,0.06486007876435107
1777877685.3470812,0.27954655403683004,-0.19834319161794894,0.543574287075469,1,24.218082427978516,24.423599243164062,0.06354655403828717,-0.044843999719906574,0.06557394362930766
1777877685.3911805,0.28675679784207786,-0.18745871278595114,0.5449357111971542,1,18.25404167175293,18.463850021362305,0.07075679784353502,-0.03395952088790877,0.06693536775099293
1777877685.4480057,0.2930495014359967,-0.1771331330548041,0.5465925372752723,1,24.930953979492188,25.13718605041504,0.07704950143745383,-0.023633941156761734,0.06859219382911103
1777877685.488609,0.295872916678231,-0.17224101050427237,0.547386695547904,1,15.488386154174805,15.689373016357422,0.07987291667968814,-0.018741818606230004,0.06938635210174265
1777877685.5440555,0.3,-0.1614129091947199,0.5483275047214621,1,20.863771438598633,21.070241928100586,0.08491922399196743,-0.007913717296677544,0.0703271612753008
1777877685.590813,0.3,-0.15016689670534422,0.5483117772132791,1,17.48204231262207,17.690181732177734,0.08799865311034609,0.003332295192698148,0.07031143376711768
1777877685.648518,0.3,-0.14451584372931503,0.5477975781015707,1,25.012731552124023,25.225162506103516,0.08904341592397187,0.00898334816872734,0.06979723465540938
1777877685.6985552,0.3,-0.133851190886065,0.546577632744832,1,24.961471557617188,25.17867088317871,0.09038763783606175,0.019648001011977348,0.06857728929867063
1777877685.7466197,0.3,-0.12459962750255824,0.545934270241063,1,22.981643676757812,23.162126541137695,0.08934069702052476,0.028899564395484134,0.06793392679490162
1777877685.7952046,0.3,-0.11979153079620765,0.5456167542086527,1,20.82681655883789,21.0115909576416,0.08737553411834491,0.03370766110183472,0.06761641076249146
1777877685.861055,0.29693074436052924,-0.11095494689345545,0.5449914028149951,1,36.539554595947266,36.8046760559082,0.08093074436198637,0.04254424500458692,0.06699105936883383
1777877685.8949144,0.2929843075890701,-0.10712800232031892,0.5445445871858601,1,20.273208618164062,20.488262176513672,0.07698430759052728,0.046371189577723446,0.06654424373969872
1777877685.9469361,0.2827260330035365,-0.10096491070733277,0.5432049074096467,1,22.172927856445312,22.369861602783203,0.06672603300499362,0.052534281190709596,0.06520456396348537
1777877685.9967694,0.2697722542300053,-0.0962050738247781,0.5408425698193426,1,21.824121475219727,22.045612335205078,0.05377225423146245,0.057294118073264275,0.06284222637318129
1777877686.0425613,0.25457138021030007,-0.09349370676075475,0.5378587896448341,1,17.484188079833984,17.725467681884766,0.038571380211757225,0.06000548513728762,0.05985844619867278
1777877686.109182,0.2459309202141048,-0.09301116062521211,0.5360479303610024,1,34.03639793395996,34.23953056335449,0.029930920215561943,0.06048803127283025,0.05804758691484108
1777877686.150606,0.23017721712207445,-0.09334832219315228,0.5319419570920985,1,25.400876998901367,25.59685707092285,0.01417721712353158,0.060150869704890086,0.05394161364593715
1777877686.2007096,0.21393522295554782,-0.09512345144868238,0.527527974300735,1,25.21681785583496,25.510072708129883,-0.0020647770429950488,0.05837574044935999,0.04952763085457361
1777877686.2478871,0.20526382638921792,-0.09591987825826645,0.5251877435643281,1,22.373437881469727,22.568702697753906,-0.010736173609324946,0.05757931363977592,0.04718740011816674
1777877686.3002682,0.18971152346829895,-0.09872363708142981,0.5217889894477611,1,24.541378021240234,24.719953536987305,-0.026288476530243906,0.05477555481661256,0.04378864600159975
1777877686.350579,0.17455293881095335,-0.10250002430611008,0.5183094611970883,1,24.606943130493164,24.82461929321289,-0.04144706118758949,0.05099916759193229,0.040309117750926965
1777877686.412854,0.16700232562474174,-0.10447588494272132,0.5163886157387461,1,36.54170036315918,36.80729866027832,-0.04899767437380112,0.04902330695532105,0.038388272292584735
1777877686.4506028,0.15117691255356422,-0.10854245521973867,0.5120879033797263,1,24.37877655029297,24.582862854003906,-0.06482308744497864,0.0449567366783037,0.03408755993356504
1777877686.5005863,0.13601323896382644,-0.11266225467484398,0.5084067923716387,1,24.316787719726562,24.495840072631836,-0.07998676103471643,0.040836937223198394,0.030406448925477312
1777877686.5436187,0.12889606695119135,-0.11478397668227418,0.5070180251493988,1,17.24982261657715,17.464637756347656,-0.0871039330473515,0.03871521521576819,0.029017681703237444
1777877686.6020634,0.11567679411391547,-0.11880393801590536,0.5045938655547051,1,24.795055389404297,24.991273880004883,-0.10032320588462738,0.03469525388213701,0.026593522108543738
1777877686.6642568,0.1037159547796938,-0.12244905119923469,0.5024429304966624,1,36.850929260253906,37.12582588195801,-0.11228404521884906,0.031050140698807682,0.02444258705050108
1777877686.7124712,0.09827960963133142,-0.12412402021720939,0.5012665009068198,1,34.83009338378906,35.169363021850586,-0.11772039036721144,0.02937517168083298,0.0232661574606585
1777877686.75716,0.08813647735075297,-0.1278243710650566,0.49949550878769133,1,29.582977294921875,29.78801727294922,-0.12786352264778988,0.02567482083298578,0.021495165341530016
1777877686.7973504,0.07997874589682669,-0.1317361404795632,0.49848522639984444,1,19.71125602722168,19.901037216186523,-0.13602125410171617,0.021763051418479173,0.020484882953683135
1777877686.8529778,0.0766415834536468,-0.13380554010350404,0.49838879510470463,1,25.264978408813477,25.476455688476562,-0.13935841654489606,0.01969365179453833,0.020388451658543298
1777877686.90858,0.07135400193967645,-0.13792070398308343,0.49836580760403537,1,30.73406219482422,30.968189239501953,-0.1446459980588664,0.015578487914958944,0.02036546415787402
1777877686.9609504,0.06790330671268086,-0.14207590968708894,0.49840350661954724,1,32.897233963012695,33.26272964477539,-0.148096693285862,0.011423282210953428,0.020403163173385926
1777877686.993141,0.06722487463295362,-0.14410245672235933,0.49857828698407214,1,15.166521072387695,15.379190444946289,-0.14877512536558923,0.00939673517568304,0.020577943537910835
1777877687.0611196,0.06757367289757266,-0.1490375063147581,0.4993268825685691,1,32.501220703125,32.7908992767334,-0.1484263271009702,0.004461685583284261,0.021326539122407798
1777877687.1141002,0.0691592387040047,-0.15409083115628192,0.5002630597509066,1,31.237125396728516,31.44359588623047,-0.14684076129453816,-0.0005916392582395458,0.022262716304745224
1777877687.1636636,0.07110882897161944,-0.15944131052462518,0.501237479048408,1,30.710220336914062,30.93862533569336,-0.14489117102692342,-0.0059421186265828235,0.023237135602246717
1777877687.2077184,0.07275393499901411,-0.16276469872273577,0.5016968802215334,1,24.721384048461914,24.892091751098633,-0.14324606499952874,-0.009265506824693404,0.02369653677537207
1777877687.2665684,0.07692625604014586,-0.16945064604606017,0.5026423198184473,1,33.45966339111328,33.66208076477051,-0.139073743958397,-0.015951454148017796,0.024641976372285938
1777877687.2979767,0.08375919760014489,-0.17696608379933504,0.5034912065496483,1,14.803647994995117,15.019655227661133,-0.13224080239839797,-0.02346689190129267,0.025490863103486954
1777877687.3566465,0.08827743405538424,-0.18123368112188928,0.5040819770319566,1,23.352622985839844,23.608922958374023,-0.12772256594315862,-0.027734489223846914,0.026081633585795284
1777877687.4060454,0.09903577409911214,-0.189997857011273,0.5053344088483719,1,22.736549377441406,22.937774658203125,-0.11696422589943072,-0.03649866511323063,0.02733406540221052
1777877687.4472604,0.11314701869402194,-0.19995273343486272,0.5071493516847209,1,13.866901397705078,14.098644256591797,-0.10285298130452092,-0.04645354153682035,0.029149008238559503
1777877687.5026264,0.12092162738058765,-0.20514041807737493,0.5083147648432236,1,18.914461135864258,19.10686492919922,-0.09507837261795521,-0.05164122617933256,0.030314421397062263
1777877687.5754414,0.13687647595330812,-0.21429084573118823,0.511283496159423,1,41.51797294616699,41.7332649230957,-0.07912352404523473,-0.06079165383314586,0.033283152713261675
1777877687.6040328,0.1539747140452451,-0.22191942367007975,0.5143206797642028,1,20.037412643432617,20.23601531982422,-0.062025285953297774,-0.06842023177203738,0.03632033631804144
1777877687.6594138,0.16252500025028005,-0.22489420582688713,0.5159218719880397,1,25.292158126831055,25.49147605895996,-0.053474999748262815,-0.07139501392884476,0.037921528541878385
1777877687.7011573,0.17880436751541506,-0.22982952375348414,0.5190641631811498,1,16.922950744628906,17.108440399169922,-0.03719563248312781,-0.07633033185544177,0.04106381973498843
1777877687.7671597,0.19499310648235343,-0.23474900342516264,0.5224994815189753,1,32.81545639038086,33.05840492248535,-0.02100689351618942,-0.08124981152712027,0.044499138072814
1777877687.8094559,0.20298276674977006,-0.23662622395855187,0.524290261409296,1,24.782896041870117,25.024890899658203,-0.013017233248772804,-0.0831270320605095,0.046289917963134655
1777877687.8570983,0.21793678988151294,-0.23957694485527392,0.5275516982128126,1,22.258758544921875,22.476911544799805,0.0019367898829700803,-0.08607775295723155,0.04955135476665127
1777877687.9035459,0.23318736258014688,-0.24201066954088066,0.530191238105531,1,18.558502197265625,18.83840560913086,0.01718736258160404,-0.08851147764283829,0.05219089465936971
1777877687.9588294,0.24050154257618,-0.2426811541217102,0.5311184483423187,1,23.809194564819336,24.04952049255371,0.024501542577637134,-0.08918196222366784,0.05311810489615734
1777877688.0042703,0.25575466744922676,-0.24316950092673761,0.5322259108811084,1,19.145488739013672,19.35863494873047,0.039754667450683914,-0.08967030902869524,0.054225567434947046
1777877688.0609567,0.27075294336319994,-0.24205574390049867,0.5329699386521839,1,23.94866943359375,25.97784996032715,0.05475294336465707,-0.0885565520024563,0.0549695952060226
1777877688.1172323,0.2780209223609006,-0.2403242719684292,0.5330187374697685,1,31.927824020385742,32.16409683227539,0.06202092236235772,-0.08682508007038683,0.055018394023607184
1777877688.1569767,0.29061063104056584,-0.23496640341301536,0.5326200393176076,1,21.574020385742188,21.756887435913086,0.07461063104202299,-0.08146721151497299,0.05461969587144626
1777877688.218428,0.3,-0.22837339013431374,0.5321095424880228,1,32.94992446899414,33.15091133117676,0.08517566345865447,-0.07487419823627137,0.05410919904186142
1777877688.2609653,0.3,-0.224738740937245,0.5320649974790229,1,25.290966033935547,25.495290756225586,0.08953026109809596,-0.07123954903920263,0.05406465403286158
1777877688.3111143,0.3,-0.21693545204792686,0.532403655447383,1,25.381088256835938,25.593042373657227,0.09587776331401417,-0.06343626014988449,0.05440331200122171
1777877688.3665056,0.3,-0.20899535212564344,0.5328493164559469,1,30.126333236694336,30.31158447265625,0.09991833014491776,-0.055496160227601066,0.054848973009785564
1777877688.4212794,0.3,-0.20522170017912572,0.5329564804901866,1,34.4998836517334,34.72566604614258,0.10152987178453217,-0.05172250828108335,0.05495613704402533
1777877688.4587357,0.3,-0.1980042638291548,0.5334903293858625,1,21.92401885986328,22.144794464111328,0.10401470985878204,-0.04450507193111242,0.055489985939701184
1777877688.5079718,0.3,-0.19391314194691378,0.5342557982783168,1,20.192861557006836,20.40386199951172,0.1046883812448658,-0.04041395004887141,0.05625545483215545
1777877688.5798295,0.3,-0.18495864754627994,0.5359447505005634,1,41.69583320617676,42.15693473815918,0.10648034628061324,-0.03145945564823757,0.05794440705440216
1777877688.621603,0.3,-0.17711870074782765,0.5375200999296711,1,33.53524208068848,33.73003005981445,0.10795588300277283,-0.02361950884978528,0.059519756483509795
1777877688.6577313,0.3,-0.1691348754681991,0.537965561333897,1,19.6073055267334,19.832134246826172,0.10783144367029114,-0.015635683570156725,0.05996521788773559
1777877688.7030897,0.3,-0.16466339129115415,0.5377215597606384,1,14.906167984008789,15.10000228881836,0.10749425636595648,-0.011164199393111765,0.059721216314477125
1777877688.7669842,0.3,-0.15458555687978356,0.5370281381918881,1,28.69701385498047,28.91087532043457,0.10679069975243667,-0.0010863649817411947,0.059027794745726746
1777877688.8027914,0.3,-0.14385218569293637,0.5365298808172252,1,14.132976531982422,14.363765716552734,0.10524446489662743,0.009647006205106001,0.058529537371063894
1777877688.8614697,0.3,-0.13331982444646084,0.5375054720879497,1,21.828651428222656,22.019386291503906,0.10365732195989942,0.02017936745158154,0.05950512864178843
1777877688.9039526,0.3,-0.1280340437146017,0.5383806749145176,1,13.718843460083008,13.938665390014648,0.10299333873870949,0.025465148183440672,0.06038033146835621
1777877688.9594064,0.3,-0.11781982389509084,0.5404659627295478,1,17.69423484802246,17.88926124572754,0.10068039796339802,0.03567936800295153,0.06246561928338655
1777877689.013373,0.3,-0.10813869188112485,0.5429031675421346,1,19.894123077392578,20.119428634643555,0.09702880631447881,0.04536050001691753,0.06490282409597331
1777877689.0855393,0.3,-0.10381821572080792,0.5440906098616817,1,41.80455207824707,42.15216636657715,0.09486639408234383,0.04968097617723445,0.06609026641552038
1777877689.1251218,0.3,-0.09560013506403549,0.5465210653259948,1,31.348228454589844,31.571626663208008,0.08959646962655742,0.05789905683400688,0.06852072187983342
1777877689.180745,0.3,-0.08842360158370205,0.548244489369784,1,36.93580627441406,37.13822364807129,0.08428173090568529,0.06507559031434032,0.07024414592362263
1777877689.2347536,0.2976498912070477,-0.08544129621339702,0.5487844685467239,1,40.65346717834473,40.8625602722168,0.08164989120850487,0.06805789568464535,0.07078412510056262
1777877689.2775223,0.2919562697439997,-0.08024755724798563,0.5486167524231126,1,33.37502479553223,33.57815742492676,0.07595626974545686,0.07325163465005674,0.07061640897695128
1777877689.314019,0.28386525346292324,-0.0756295642563401,0.5478596771131912,1,19.757509231567383,19.991159439086914,0.06786525346438038,0.07786962764170227,0.06985933366702986
1777877689.3701584,0.2789540644654545,-0.0739589650225024,0.5473394387693293,1,25.617599487304688,26.062965393066406,0.06295406446691164,0.07954022687553997,0.06933909532316801
1777877689.4216576,0.26723927921328183,-0.07149387883806989,0.5461176580379878,1,27.30417251586914,27.468204498291016,0.05123927921473899,0.08200531305997248,0.06811731459182656
1777877689.4644988,0.253839474557793,-0.07085426004695203,0.5435463802925108,1,20.02573013305664,20.24698257446289,0.03783947455925016,0.08264493185109034,0.06554603684634944
1777877689.5252757,0.24668026663411596,-0.07177431276265117,0.5419627610909146,1,30.72381019592285,30.952930450439453,0.030680266635573092,0.0817248791353912,0.06396241764475322
1777877689.5664992,0.23112042753347545,-0.07482905129267287,0.5377859188179397,1,21.913766860961914,22.104978561401367,0.01512042753493259,0.0786701406053695,0.05978557537177841
1777877689.6217954,0.2144677269769985,-0.07953383543717871,0.5331551128267431,1,27.04143524169922,27.255773544311523,-0.0015322730215443572,0.07396535646086366,0.05515476938058175
1777877689.6688776,0.20578530927307867,-0.08221593064503127,0.5306204542541444,1,23.850202560424805,24.0933895111084,-0.010214690725464187,0.0712832612530111,0.05262011080798303
1777877689.729502,0.18847579854569638,-0.08820766016572013,0.5259022164293454,1,34.14273262023926,34.3623161315918,-0.027524201452846474,0.06529153173232224,0.04790187298318414
1777877689.7692122,0.172114200703214,-0.09394707802629876,0.5215512336319509,1,23.778676986694336,24.00827407836914,-0.04388579929532884,0.05955211387174361,0.04355089018578957
1777877689.8159192,0.1641349234673325,-0.09676355465174744,0.5196751330945975,1,20.39504051208496,20.62201499938965,-0.05186507653121035,0.05673563724629493,0.04167478964843607
1777877689.8668084,0.14761830628372685,-0.10172171577107403,0.5160099877978039,1,21.251678466796875,21.445035934448242,-0.068381693714816,0.05177747612696834,0.03800964435164257
1777877689.913504,0.1324153088865299,-0.10687842713254467,0.5122565486707492,1,17.822980880737305,18.06354522705078,-0.08358469111201297,0.046620764765497695,0.03425620522458786
1777877689.9658427,0.12575254333325056,-0.10955503294065996,0.5103241520893921,1,20.03312110900879,20.23482322692871,-0.0902474566652923,0.043944158957382407,0.032323808643230714
1777877690.0268397,0.11354008293242014,-0.11662382142158703,0.505263577151561,1,30.95221519470215,31.180858612060547,-0.10245991706612272,0.03687537047645534,0.0272632337053997
1777877690.0814068,0.10313462867401223,-0.12406064125187516,0.5000817192565854,1,35.00986099243164,35.26186943054199,-0.11286537132453063,0.02943855064616721,0.02208137581042402
1777877690.120787,0.09836709603863379,-0.12829740511940957,0.4976191976480188,1,24.323463439941406,24.552106857299805,-0.11763290395990907,0.025201786778632787,0.01961885420185751
1777877690.170164,0.09033660707260865,-0.13758860983951654,0.49368716837728666,1,23.198366165161133,23.415565490722656,-0.1256633929259342,0.015910582058525843,0.01568682493112531
1777877690.2150578,0.08481799916981425,-0.14893951729234994,0.49229364998701575,1,17.99774169921875,18.223285675048828,-0.1311820008287286,0.0045596746056924264,0.014293306540854422
1777877690.2728496,0.08369243376957336,-0.15520644417517743,0.49247514000343046,1,25.579452514648438,25.823354721069336,-0.1323075662289695,-0.0017072522771350573,0.014474796557269132
1777877690.3291893,0.08483032463293139,-0.16785600987144458,0.4937155309066206,1,31.6317081451416,32.04536437988281,-0.13116967536561147,-0.014356817973402214,0.015715187460459315
1777877690.3740757,0.09065997236369583,-0.18176163520729738,0.4960160942970908,1,26.60226821899414,26.812076568603516,-0.12534002763484703,-0.02826244330925501,0.018015750850929477
1777877690.4231598,0.0949748756393356,-0.1887206185836925,0.49728029082162417,1,25.56300163269043,25.7875919342041,-0.12102512435920726,-0.03522142668565012,0.019279947375462875
1777877690.4721117,0.10792264408398913,-0.20467040130997807,0.49948074284991106,1,24.31941032409668,24.55925941467285,-0.10807735591455372,-0.0511712094119357,0.02148039940374973
1777877690.530304,0.12514522685443286,-0.22049554973354185,0.5014920535781298,1,32.469749450683594,32.72056579589844,-0.09085477314411,-0.06699635783549948,0.02349171013196849
1777877690.5930722,0.1353593969216932,-0.2277750605065331,0.502617558331029,1,44.9368953704834,45.32432556152344,-0.08064060307684968,-0.07427586860849072,0.024617214884867664
1777877690.6146917,0.15547452722773458,-0.2390880675336985,0.506567687419614,1,14.917850494384766,15.135049819946289,-0.06052547277080828,-0.08558887563565612,0.028567343973452623
1777877690.6681824,0.17716809563594932,-0.24652399275744807,0.5114748102068782,1,13.880491256713867,14.120340347290039,-0.038831904362593525,-0.0930248008594057,0.033474466760716914
1777877690.727044,0.1980197862665341,-0.25044886399883676,0.5165512714750785,1,22.73702621459961,22.978782653808594,-0.017980213732008754,-0.09694967210079439,0.03855092802891715
1777877690.7902021,0.20841640092781039,-0.25137498693114246,0.5189905153446573,1,35.81357002258301,36.037445068359375,-0.007583599070732458,-0.09787579503310007,0.040990171898496
1777877690.823443,0.22505644752373039,-0.2485466742908395,0.5232296103340813,1,18.94831657409668,19.147157669067383,0.009056447525187514,-0.09504748239279712,0.045229266887920005
1777877690.8943982,0.23829628466903777,-0.24208103090439326,0.5260266629832793,1,39.60537910461426,39.925336837768555,0.02229628467049491,-0.08858183900635089,0.04802631953711797
1777877690.9402819,0.24458875933256474,-0.23796341721639724,0.5267907500891609,1,35.521745681762695,35.73107719421387,0.02858875933402187,-0.08446422531835487,0.04879040664299954
1777877690.9763684,0.25590685085996834,-0.22844007444776177,0.5277087507525022,1,21.52276039123535,21.71635627746582,0.039906850861425466,-0.0749408825497194,0.04970840730634094
1777877691.0323687,0.2665673268888352,-0.21761402143752265,0.5280672045647925,1,27.425289154052734,27.64725685119629,0.05056732689029235,-0.06411482953948028,0.05006686111863123
1777877691.0724115,0.27145935894407075,-0.21152303450121146,0.528402598750602,1,17.421483993530273,17.61460304260254,0.05545935894552788,-0.05802384260316909,0.05040225530444067
1777877691.1223986,0.28009732184411107,-0.19798750360129086,0.5294054925399461,1,17.429828643798828,17.60077476501465,0.0640973218455682,-0.04448831170324849,0.0514051490937848
1777877691.1923249,0.2870085560511319,-0.18362081200184754,0.5299960538210345,1,27.631521224975586,37.43290901184082,0.07100855605258903,-0.030121620103805175,0.05199571037487322
1777877691.2221086,0.2905919947624332,-0.17744963430731142,0.5299934016898954,1,16.895532608032227,17.13395118713379,0.07459199476389032,-0.02395044240926905,0.051993058243734055
1777877691.2833245,0.29609442038301775,-0.16466652066191714,0.5301278569335593,1,28.020381927490234,28.24544906616211,0.08009442038447491,-0.011167328763874773,0.052127513487398025
1777877691.3243287,0.29906272268307516,-0.15287759481071034,0.5304502968985982,1,18.996715545654297,19.205331802368164,0.08306272268453231,0.000621597087332032,0.05244995345243695
1777877691.3811677,0.29974576033864947,-0.14730277278840148,0.5304062206752281,1,25.63333511352539,25.851964950561523,0.0837457603401066,0.006196419109640888,0.05240587722906681
1777877691.4234197,0.2984928547118659,-0.13632356625563186,0.530062549802833,1,17.824649810791016,18.059730529785156,0.08249285471332303,0.017175625642410514,0.05206220635667167
1777877691.4832494,0.2960599642652952,-0.12695196964977515,0.5287180933022092,1,27.392864227294922,27.64296531677246,0.08005996426675231,0.02654722224826722,0.050717749856047906
1777877691.5309062,0.29421168326567576,-0.12273735029027698,0.528032218171348,1,24.808883666992188,25.061845779418945,0.07821168326713292,0.03076184160776539,0.05003187472518674
1777877691.5943859,0.2883580526926021,-0.1149430557457322,0.527370250574521,1,38.15484046936035,38.43832015991211,0.07235805269405926,0.03855613615231017,0.04936990712835971
1777877691.6302483,0.2794463676065129,-0.10912491410343543,0.5272043241541048,1,24.022817611694336,24.219274520874023,0.06344636760797005,0.04437427779460694,0.04920398070794347
1777877691.6747282,0.2743516507605495,-0.10694933987024656,0.5266817955419514,1,18.39900016784668,18.61405372619629,0.05835165076200664,0.04654985202779581,0.04868145209579008
1777877691.7354274,0.26287409417682667,-0.10472627301832195,0.5254979347119371,1,28.96428108215332,29.170513153076172,0.046874094178283796,0.04877291887972042,0.047497591265775796
1777877691.780994,0.24920057042908095,-0.10453513089632886,0.5233661306910238,1,24.44314956665039,24.677276611328125,0.033200570430538076,0.04896406100171351,0.04536578724486241
1777877691.821789,0.2415222745340359,-0.10525220350205455,0.5220413416981537,1,15.198945999145508,15.3961181640625,0.025522274535493036,0.04824698839598782,0.04404099825199248
1777877691.8838086,0.2247416396077353,-0.10844967312708192,0.5192482038858337,1,27.04596519470215,27.257442474365234,0.008741639609192428,0.045049518770960445,0.04124786043967234
1777877691.9320693,0.20683014164951874,-0.11283977072412019,0.5149606272697687,1,25.220870971679688,25.45332908630371,-0.009169858349024118,0.04065942117392218,0.03696028382360737
1777877691.9804611,0.19750656797348193,-0.11538892653249481,0.5123564631744644,1,23.560523986816406,23.74434471130371,-0.018493432025060923,0.038110265365547555,0.03435611972830307
1777877692.0326037,0.17904578322984255,-0.12107680118246794,0.5061514662117971,1,25.161027908325195,25.40874481201172,-0.036954216768700324,0.03242239071557443,0.02815112276563577
1777877692.093383,0.16220202491144825,-0.12733030324894368,0.4989483317457368,1,35.696983337402344,35.912513732910156,-0.05379797508709461,0.026168888649098693,0.020947988299575455
1777877692.1317885,0.15373485071123957,-0.13118025020235105,0.49466328938000625,1,24.00994300842285,24.199247360229492,-0.06226514928730329,0.02231894169569132,0.016662945933844903
1777877692.1843717,0.14300724281355257,-0.1433598982144212,0.485537390579672,1,26.471614837646484,26.683330535888672,-0.07299275718499029,0.010139293683621181,0.00753704713351068
1777877692.2257197,0.13176687344812754,-0.15370097386199044,0.47851765447886374,1,17.2116756439209,17.444133758544922,-0.08423312655041533,-0.00020178196394807224,0.0005173110327024166
1777877692.277913,0.12580487459858652,-0.15844555179235092,0.4756995365734628,1,19.07515525817871,19.31285858154297,-0.09019512539995633,-0.004946359894308555,-0.002300806872698513
1777877692.3302965,0.11509826201068118,-0.16673293133828487,0.4719247936909077,1,21.326541900634766,21.523714065551758,-0.10090173798786167,-0.013233739440242517,-0.006075549755253679
1777877692.3782194,0.10612195325412885,-0.1741739767897012,0.47054752899188546,1,18.706798553466797,18.932819366455078,-0.10987804674441401,-0.02067478489165883,-0.007452814454275876
1777877692.4432745,0.10218424669355475,-0.17776262589227976,0.4703432409792155,1,31.061649322509766,31.291723251342773,-0.11381575330498811,-0.024263433994237388,-0.007657102466945835
1777877692.481938,0.09624180756603881,-0.18411736383460847,0.4703549547227926,1,18.220186233520508,18.469572067260742,-0.11975819243250405,-0.030618171936566102,-0.007645388723368715
1777877692.5310051,0.09347357346441033,-0.19129685495908733,0.4713689392050725,1,16.666173934936523,16.891956329345703,-0.12252642653413252,-0.037797663061044956,-0.006631404241088837
1777877692.5942686,0.09411591933310212,-0.199667694512942,0.47303409762792853,1,29.712200164794922,29.972314834594727,-0.12188408066544074,-0.04616850261489963,-0.004966245818232795
1777877692.6369007,0.09502600955235661,-0.20372144616147153,0.4736584407239269,1,22.15886116027832,22.375106811523438,-0.12097399044618624,-0.05022225426342916,-0.0043419027222344475
1777877692.6924455,0.10223430739141136,-0.21542666489074522,0.4760794331884803,1,27.58169174194336,27.808189392089844,-0.1137656926071315,-0.06192747299270285,-0.001920910257681041
1777877692.7446785,0.11247905885780332,-0.22767488911246575,0.4788679533449658,1,29.75773811340332,30.010700225830078,-0.10352094114073954,-0.07417569721442338,0.0008676098988044528
1777877692.792369,0.11901899128509191,-0.23359901029581445,0.47966531419442104,1,27.011632919311523,27.25696563720703,-0.09698100871345094,-0.08009981839777208,0.0016649707482597198
1777877692.8531725,0.13471789579072885,-0.24471237629490386,0.4823027886581369,1,37.336111068725586,37.59479522705078,-0.081282104207814,-0.09121318439686149,0.004302445211975592
1777877692.8955464,0.1514343381680973,-0.25254600430336815,0.4855153263877924,1,29.668092727661133,29.909610748291016,-0.06456566183044557,-0.09904681240532581,0.00751498294163104
1777877692.9371042,0.16040382339162648,-0.2553210384092558,0.487255642234801,1,21.12579345703125,21.34847640991211,-0.055596176606916375,-0.10182184651121343,0.009255298788639704
1777877692.988197,0.17933030189116086,-0.25803087407443714,0.491044796504857,1,22.18031883239746,22.383928298950195,-0.036669698107382,-0.1045316821763948,0.013044453058695657
1777877693.034687,0.197594573280961,-0.2574527559129802,0.4963682571738528,1,18.610715866088867,18.825531005859375,-0.018405426717581854,-0.10395356401493783,0.018367913727691455
1777877693.0895593,0.2059560891415066,-0.25613973245337207,0.49911880671443315,1,23.398876190185547,23.617267608642578,-0.010043910857036265,-0.10264054055532973,0.021118463268271825
1777877693.15889,0.22203737923375677,-0.2525147080766756,0.5039615193827514,1,42.50454902648926,42.85860061645508,0.006037379235213899,-0.09901551617863322,0.025961175936590076
1777877693.1899798,0.23685013630362,-0.24723539209959566,0.5077077584842393,1,23.613929748535156,23.902177810668945,0.02085013630507715,-0.0937362002015533,0.029707415038078
1777877693.232636,0.24386545015199734,-0.24410924356528513,0.5091531407420755,1,15.879392623901367,16.11495018005371,0.0278654501534545,-0.09061005166724276,0.031152797295914223
1777877693.2965777,0.25690239514938146,-0.23613131774537144,0.5112603572831754,1,29.607295989990234,29.8464298248291,0.040902395150838614,-0.08263212584732907,0.03326001383701406
1777877693.3436108,0.26754585293473426,-0.22607101378397182,0.5133650129015419,1,26.465177536010742,26.688337326049805,0.051545852936191405,-0.07257182188592945,0.035364669455380526
1777877693.391701,0.2765541520644614,-0.21437984497560494,0.5155776919307596,1,24.04928207397461,24.316787719726562,0.060554152065918534,-0.060880653077562574,0.037577348484598316
1777877693.4328642,0.28053750914644787,-0.208346113019352,0.5164604540146077,1,15.063762664794922,15.284061431884766,0.064537509147905,-0.05484692112130962,0.03846011056844638
1777877693.4912696,0.28821801996386165,-0.19602414408552674,0.5172877091295065,1,23.204803466796875,23.426055908203125,0.07221801996531878,-0.042524952187484366,0.039287365683345205
1777877693.5420525,0.2909761898320144,-0.18981175056987268,0.5176612591906731,1,23.73051643371582,23.971080780029297,0.07497618983347155,-0.03631255867183031,0.03966091574451175
1777877693.592305,0.29436919691825575,-0.17615728588331164,0.5184722173354661,1,23.268699645996094,23.517131805419922,0.07836919691971288,-0.022658093985269273,0.040471873889304774
1777877693.6397471,0.2947327912469249,-0.16294999781484815,0.5196461714604632,1,20.541906356811523,20.920276641845703,0.07873279124838208,-0.009450805916805777,0.04164582801430186
1777877693.694962,0.2942188206455176,-0.15662095326773093,0.5201524694743712,1,25.620698928833008,25.889873504638672,0.0782188206469747,-0.0031217613696885582,0.042152126028209905
1777877693.7448723,0.2926960756544864,-0.1451781066177406,0.5210074356463262,1,24.167537689208984,24.508953094482422,0.07669607565594357,0.008321085280301746,0.04300709220016493
1777877693.7967613,0.29042042304850746,-0.13488651117677086,0.5219466800488005,1,26.09395980834961,26.30329132080078,0.07442042304996459,0.018612680721271493,0.043946336602639156
1777877693.8527966,0.288833573253092,-0.13000016780610482,0.5224660159425838,1,31.752347946166992,32.17768669128418,0.07283357325454914,0.023499024091937548,0.04446567249642252
1777877693.8902452,0.28474186360661974,-0.12139889407915185,0.5234360106906271,1,16.674280166625977,16.901731491088867,0.06874186360807688,0.032100297818890525,0.04543566724446571
1777877693.9559622,0.27929448667766216,-0.11454662465303174,0.5241491019005565,1,32.26280212402344,32.506704330444336,0.06329448667911931,0.03895256724501063,0.04614875845439519
1777877693.9955153,0.27226231999616324,-0.10937918047804966,0.5243841388607461,1,21.74973487854004,21.997690200805664,0.056262319997620366,0.04412001141999271,0.046383795414584726
1777877694.0443797,0.26782871518027407,-0.10728628181665698,0.5243100546716286,1,20.05457878112793,20.721435546875,0.0518287151817312,0.04621291008138539,0.04630971122546733
1777877694.0985487,0.25679282702338735,-0.10406092790037097,0.5231292591471456,1,24.622440338134766,24.85179901123047,0.040792827024844464,0.0494382639976714,0.045128915700984276
1777877694.1530108,0.2443734635102211,-0.10261371752593448,0.5213018127454088,1,28.99646759033203,29.24633026123047,0.028373463511678257,0.050885474372107886,0.043301469299247386
1777877694.1957676,0.23770642618216847,-0.10236028186526427,0.5203729806154012,1,21.320104598999023,21.497488021850586,0.021706426183625616,0.051138910032778095,0.04237263716923989
1777877694.2518349,0.2228214069735222,-0.10295549909889506,0.518268591243622,1,27.26292610168457,27.478456497192383,0.006821406974979363,0.05054369279914731,0.0402682477974607
1777877694.288967,0.2075065878364813,-0.10477100016004336,0.5154741951442637,1,14.333248138427734,14.570236206054688,-0.008493412162061571,0.04872819173799901,0.03747385169810246
1777877694.4573078,0.2048340713748395,-0.10718151432715022,0.5135157325217865,1,132.568359375,132.79151916503906,-0.011165928623703358,0.046317677570892155,0.03551538907562515
1777877694.4731705,0.1962540162704555,-0.11252207586809716,0.5097144281073909,1,13.616085052490234,13.860225677490234,-0.019745983728087363,0.04097711602994521,0.03171408466122952
1777877694.5381675,0.15948517757532082,-0.1265404641372497,0.5005452809290688,1,28.454303741455078,28.752803802490234,-0.05651482242322203,0.026958727760792667,0.02254493748290752
1777877694.5869849,0.15262160785373047,-0.12984969913717406,0.4983681953344008,1,26.330232620239258,26.566743850708008,-0.0633783921448124,0.023649492760868307,0.0203678518882395
1777877694.6406002,0.1394294811318203,-0.13642887009634502,0.4934854740692324,1,29.081106185913086,29.28948402404785,-0.07657051886672257,0.017070321801697333,0.015485130623071032
1777877694.6958375,0.1280415462234434,-0.14280999148164625,0.48826986852955084,1,34.111976623535156,34.46388244628906,-0.08795845377509945,0.010689200416396122,0.01026952508338954
1777877694.7377348,0.12308230183757765,-0.14569226596122292,0.48559752411616464,1,26.04842185974121,26.264190673828125,-0.0929176981609652,0.007806925936819448,0.007597180670003284
1777877694.777638,0.11451142952799122,-0.15125841723614025,0.47988287762809423,1,15.889167785644531,16.150474548339844,-0.10148857047055164,0.0022407746619021174,0.0018825341819329183
1777877694.8332107,0.10675382443418263,-0.15783852973273377,0.4761950303577488,1,21.333932876586914,21.571874618530273,-0.10924617556436023,-0.004339337834691384,-0.001805313088412551
1777877694.8841426,0.10321549573332517,-0.16136669634345008,0.47513570375109637,1,22.167444229125977,22.42422103881836,-0.11278450426521769,-0.007867504445407694,-0.002864639695064973
1777877694.933568,0.09757461429436685,-0.1694864493921515,0.4741893339158389,1,21.508455276489258,21.768808364868164,-0.118425385704176,-0.01598725749410912,-0.003811009530322415
1777877694.9817748,0.09443640994761136,-0.1784662860880999,0.4740741943420229,1,19.10877227783203,19.36173439025879,-0.1215635900509315,-0.02496709419005752,-0.003926149104138396
1777877695.0317502,0.09347217404178483,-0.18280847562218938,0.47462311504901455,1,18.932819366455078,19.25826072692871,-0.12252782595675803,-0.02930928372414701,-0.003377228397146742
1777877695.0793562,0.09406430709492215,-0.19183238838923683,0.47611192289155563,1,16.607284545898438,16.79229736328125,-0.1219356929036207,-0.03833319649119446,-0.0018884205546057103
1777877695.1328073,0.09808973723457072,-0.20179049313132946,0.4773705540891161,1,19.936800003051758,20.165205001831055,-0.11791026276397214,-0.04829130123328709,-0.0006297893570452254
1777877695.1807647,0.10200077008660514,-0.20734276239108376,0.4777470128948116,1,17.834186553955078,18.027544021606445,-0.11399922991193771,-0.05384357049304139,-0.0002533305513497536
1777877695.2387216,0.11282273428876133,-0.2192574268862489,0.47857700498058103,1,25.572538375854492,25.823593139648438,-0.10317726570978153,-0.06575823498820654,0.000576661534419709
1777877695.283184,0.12759736953410436,-0.2316462923799148,0.4799084298004279,1,19.96016502380371,20.187854766845703,-0.0884026304644385,-0.07814710048187243,0.0019080863542665916
1777877695.3307686,0.13631749909836716,-0.23798133254108036,0.4809740708254056,1,17.46225357055664,17.690420150756836,-0.0796825009001757,-0.084482140643038,0.002973727379244305
1777877695.3867776,0.15419247261506874,-0.24777984590366783,0.4839568295542343,1,23.38099479675293,23.603439331054688,-0.0618075273834741,-0.09428065400562546,0.005956486108072971
1777877695.434821,0.17283343524212935,-0.2533815041748688,0.4877375982447669,1,21.07095718383789,21.300792694091797,-0.0431665647564135,-0.09988231227682642,0.009737254798605585
1777877695.486305,0.18231182110253785,-0.254691816352305,0.49015477823448306,1,22.477149963378906,22.721290588378906,-0.03368817889600502,-0.10119262445426261,0.012154434788321754
1777877695.540348,0.20068788795892953,-0.2545393137908564,0.4939531611952723,1,26.407241821289062,26.66616439819336,-0.01531211203961333,-0.10104012189281406,0.015952817749110927
1777877695.595867,0.21751570238650145,-0.24917557467725435,0.49684756235261307,1,31.634092330932617,31.905174255371094,0.0015157023879585896,-0.09567638277921198,0.018847218906451763
1777877695.64158,0.22476549572449245,-0.24493784114113032,0.49740145965736304,1,27.253150939941406,27.507305145263672,0.00876549572594959,-0.09143864924308795,0.019401116211201733
1777877695.6922953,0.23721589896497816,-0.23416350587537405,0.4987262942430879,1,27.822017669677734,28.163909912109375,0.021215898966435304,-0.08066431397733168,0.020725950796926584
1777877695.7415493,0.2494149910750847,-0.22227088885323837,0.5011736233046963,1,27.11963653564453,27.354001998901367,0.03341499107654182,-0.068771696955196,0.02317327985853492
1777877695.796939,0.25539411934872114,-0.21514849092572155,0.5025221394136354,1,32.334327697753906,32.561302185058594,0.03939411935017827,-0.06164929902767918,0.024521795967474086
1777877695.8496814,0.2665725786941293,-0.20073996329858834,0.5046373924189169,1,34.93762016296387,35.106658935546875,0.05057257869558647,-0.04724077140054597,0.026637048972755616
1777877695.9096115,0.27409880062695546,-0.18496583379508041,0.5067161606855187,1,44.70705986022949,44.98434066772461,0.05809880062841259,-0.031466641897038045,0.028715817239357434
1777877695.9342303,0.2768182238129614,-0.1772449601126461,0.5080092068437132,1,19.28257942199707,19.516944885253906,0.06081822381441852,-0.023745768214603724,0.03000886339755189
1777877695.9876425,0.2802202108032567,-0.16289595816268698,0.5098231358331994,1,22.516727447509766,22.769451141357422,0.06422021080471386,-0.009396766264644599,0.03182279238703806
1777877696.0347774,0.2812386606626739,-0.14863284449243727,0.5106670837546184,1,19.55389976501465,19.800901412963867,0.065238660664131,0.004866347405605098,0.032666740308457114
1777877696.0894926,0.2808223239127799,-0.14253442983385523,0.5108997592563165,1,24.263620376586914,24.456262588500977,0.06482232391423705,0.010964762064187145,0.03289941581015521
1777877696.143979,0.27959405906533547,-0.13253390783294894,0.5113490571484918,1,28.557777404785156,28.84197235107422,0.0635940590667926,0.020965284065093445,0.03334871370233046
1777877696.18776,0.27813186962248493,-0.12471176550040118,0.5120261124863705,1,22.368431091308594,22.56917953491211,0.06213186962394204,0.02878742639764119,0.034025769040209264
1777877696.2477045,0.27755784029198577,-0.12162014367323982,0.5119214260360491,1,32.18364715576172,32.42969512939453,0.0615578402934429,0.031879048224802545,0.0339210825898877
1777877696.2837534,0.27537077932763865,-0.11640902841099465,0.5115716585053579,1,17.44222640991211,17.706632614135742,0.05937077932909578,0.03709016348704772,0.03357131505919661
1777877696.34248,0.2717273611507203,-0.11231456869579498,0.5104600172932999,1,25.97212791442871,26.226043701171875,0.05572736115217748,0.04118462320224739,0.03245967384713863
1777877696.391379,0.2691517013768678,-0.11053218557593696,0.509728666997995,1,24.713993072509766,25.0551700592041,0.053151701378324936,0.042967006322105414,0.0317283235518337
1777877696.4545634,0.2621456920539873,-0.10728173991227662,0.5085125155558994,1,37.88256645202637,38.15317153930664,0.04614569205544443,0.04621745198576575,0.030512172109738053
1777877696.4852583,0.2524676631314713,-0.10474395675660429,0.507809903491856,1,18.461227416992188,18.666982650756836,0.03646766313292846,0.04875523514143808,0.029809560045694582
1777877696.5420616,0.24717649206255232,-0.10400894346222793,0.5075682818501759,1,25.163650512695312,25.404930114746094,0.03117649206400945,0.04949024843581444,0.029567938404014525
1777877696.5986805,0.23642006150491723,-0.10357823708821617,0.5070959748951057,1,31.705379486083984,31.946897506713867,0.020420061506374376,0.049920954809826196,0.029095631448944392
1777877696.6518335,0.22479530607177103,-0.10484784170435102,0.5060077009317743,1,34.636735916137695,34.97052192687988,0.00879530607322817,0.04865135019369136,0.028007357485612904
1777877696.6924238,0.21910102633466494,-0.10579026128658489,0.5053047139727582,1,25.242328643798828,25.491714477539062,0.0031010263361220952,0.047708930611457485,0.027304370526596927
1777877696.746524,0.20678458881649947,-0.10875652996289334,0.5038142115200973,1,29.24323081970215,29.479026794433594,-0.009215411182043401,0.04474266193514903,0.025813868073935972
1777877696.7984834,0.19479925079465563,-0.11255349469035332,0.5022109778774804,1,31.14628791809082,31.366586685180664,-0.021200749203887224,0.04094569720768905,0.02421063443131906
1777877696.837526,0.18877118932365833,-0.11463278960897766,0.501556176598223,1,20.08795738220215,20.335912704467773,-0.027228810674884515,0.03886640228906471,0.023555833152061764
1777877696.8938265,0.1762562841243342,-0.11917592232549205,0.49978501354044974,1,26.259422302246094,26.47089958190918,-0.03974371587420868,0.034323269572550316,0.021784670094288413
1777877696.9439356,0.16350649161502606,-0.12376761291358086,0.4973358797591286,1,26.26967430114746,26.502370834350586,-0.05249350838351681,0.029731578984461507,0.019335536312967264
1777877696.9920046,0.15735045916521934,-0.12610798917550728,0.49560532469491425,1,24.150371551513672,24.384260177612305,-0.058649540833323514,0.02739120272253509,0.017604981248752954
1777877697.035478,0.14546333215911117,-0.13074724658353465,0.49165627863114886,1,17.58265495300293,17.807483673095703,-0.07053666783943169,0.02275194531450772,0.013655935184987533
1777877697.095584,0.13360975737242545,-0.13574236488523134,0.48714919856332084,1,27.60481834411621,27.811527252197266,-0.08239024262611741,0.017756827012811047,0.009148855117159536
1777877697.1452138,0.12363191672774843,-0.14015152135684095,0.4842202265366728,1,25.799989700317383,26.056766510009766,-0.09236808327079443,0.013347670541201423,0.006219883090511448
1777877697.1880574,0.11962905337304498,-0.1420417391127116,0.48386090131139753,1,18.635034561157227,18.89944076538086,-0.09637094662549787,0.01145745278533078,0.005860557865236218
1777877697.2368233,0.11255856786000981,-0.1466788718293377,0.484643625179543,1,17.349720001220703,17.5933837890625,-0.10344143213853305,0.006820320068704658,0.0066432817333817035
1777877697.2990382,0.1063905954841137,-0.1530825937018866,0.48711459855920086,1,28.393030166625977,28.6102294921875,-0.10960940451442916,0.0004165981961557763,0.009114255113039538
1777877697.346375,0.10334030901434063,-0.15669499506505696,0.4885414061331106,1,25.51722526550293,25.7565975189209,-0.11265969098420223,-0.0031958031670145937,0.010541062686949244
1777877697.387566,0.09728605543363213,-0.16481273322424847,0.4912049143582168,1,16.666889190673828,16.88241958618164,-0.11871394456491073,-0.0113135413262061,0.013204570912055485
1777877697.436572,0.09446741301557958,-0.16916364903987227,0.4922020346802359,1,15.605449676513672,15.838861465454102,-0.12153258698296328,-0.0156644571418299,0.014201691234074554
1777877697.4983265,0.08863182026491656,-0.1787493956348405,0.4942850270267184,1,27.274608612060547,27.509212493896484,-0.1273681797336263,-0.02525020373679812,0.016284683580557055
1777877697.553826,0.08251643181092128,-0.18830478766416892,0.49652942603463746,1,31.334638595581055,31.56447410583496,-0.13348356818762158,-0.034805595766126546,0.018529082588476124
1777877697.5877087,0.07654295925070487,-0.19625994109600675,0.49841508085224595,1,15.114784240722656,15.365839004516602,-0.139457040747838,-0.04276074919796438,0.020414737406084633
1777877697.6432354,0.07425481118780769,-0.19960354261176094,0.49905629722591194,1,20.567655563354492,20.80559730529785,-0.14174518881073517,-0.04610435071371857,0.021055953779750607
1777877697.7096646,0.07263257492995373,-0.2056942075994999,0.4994544236178686,1,36.90195083618164,37.169456481933594,-0.14336742506858913,-0.05219501570145754,0.021454080171707315
1777877697.740579,0.07639142067804777,-0.2120785148246518,0.49860660800821727,1,17.789125442504883,18.01276206970215,-0.13960857932049509,-0.05857932292660942,0.020606264562055943
1777877697.7871912,0.07990614756164738,-0.2157953715207141,0.49817361969326357,1,14.307975769042969,14.554262161254883,-0.13609385243689548,-0.06229617962267173,0.020173276247102245
1777877697.8508265,0.09003870779415343,-0.22519086774367242,0.49807090253364633,1,27.747154235839844,27.98748016357422,-0.12596129220438942,-0.07169167584563005,0.020070559087484986
1777877697.8886137,0.10476227898452811,-0.23627211633582598,0.498515551710275,1,15.394926071166992,15.62809944152832,-0.11123772101401475,-0.08277292443778361,0.02051520826411366
1777877697.940653,0.11332061707403619,-0.24195716351439273,0.4989091767325385,1,17.256498336791992,17.525672912597656,-0.10267938292450667,-0.08845797161635036,0.02090883328637717
1777877697.9920633,0.13185449129267623,-0.252331223456099,0.49959391272452575,1,18.499135971069336,18.738985061645508,-0.08414550870586662,-0.09883203155805662,0.0215935692783644
1777877698.0481095,0.1508932295667762,-0.2597836974957397,0.5009640922703611,1,24.311065673828125,24.594783782958984,-0.06510677043176666,-0.10628450559769737,0.022963748824199715
1777877698.0953507,0.1605028528855929,-0.2622229259195127,0.501822154887799,1,21.395206451416016,21.748065948486328,-0.055497147112949965,-0.10872373402147031,0.023821811441637745
1777877698.1511831,0.17847175875238244,-0.2634035720457383,0.505509745150353,1,27.32539176940918,27.512073516845703,-0.037528241246160415,-0.10990438014769588,0.02750940170419162
1777877698.1981235,0.19471976686481898,-0.2608016882802338,0.5105643836176806,1,24.07550811767578,24.264812469482422,-0.021280233133723885,-0.10730249638219144,0.032564040171519294
1777877698.2510316,0.2028687825141393,-0.2583461480082514,0.513185583822178,1,26.866436004638672,27.100324630737305,-0.013131217484403532,-0.10484695611020903,0.035185240376016697
1777877698.3131764,0.21888499021896454,-0.25226913538893053,0.5179638704165107,1,38.820505142211914,39.09468650817871,0.002884990220421685,-0.09876994349088816,0.03996352697034936
1777877698.345616,0.23345849916410666,-0.24618453241413282,0.5213890387754733,1,21.27242088317871,21.466970443725586,0.017458499165563787,-0.09268534051609045,0.043388695329311965
1777877698.395956,0.24015149113500556,-0.24214302282308442,0.5225582397398668,1,20.891189575195312,21.164655685424805,0.024151491136462686,-0.08864383092504205,0.04455789629370551
1777877698.4489567,0.25173673976799754,-0.2327269868511029,0.5235722098797293,1,23.887157440185547,24.086952209472656,0.035736739769454684,-0.07922779495306054,0.045571866433567976
1777877698.4936054,0.2614155251673558,-0.22069148821962903,0.523716816966651,1,18.440723419189453,18.66602897644043,0.04541552516881295,-0.06719229632158666,0.04571647352048962
1777877698.5469244,0.265332771812534,-0.21457402542466472,0.5235598249106964,1,21.753311157226562,21.9573974609375,0.04933277181399118,-0.06107483352662235,0.04555948146453513
1777877698.604528,0.2718772391551062,-0.20163758664244738,0.5230164626270108,1,29.242515563964844,29.49047088623047,0.05587723915656334,-0.04813839474440501,0.045016119180849544
1777877698.6531706,0.2768339896555579,-0.18946860291236955,0.5227014607383879,1,27.666091918945312,27.87160873413086,0.06083398965701502,-0.035969411014327185,0.04470111729222656
1777877698.700046,0.27912954357113307,-0.18430409876565101,0.5225826331491028,1,24.094104766845703,24.28150177001953,0.06312954357259022,-0.030804906867608645,0.04458228970294143
1777877698.745564,0.2834137718632081,-0.1757547824736827,0.523084372279026,1,19.412994384765625,19.66071128845215,0.06741377186466523,-0.022255590575640333,0.045084028832864706
1777877698.804296,0.2833539883375672,-0.16823830859641958,0.5240013920224998,1,28.10978889465332,28.319597244262695,0.06735398833902435,-0.014739116698377214,0.04600104857633856
1777877698.8652573,0.2813369451254341,-0.16445650390574337,0.5245208549258508,1,38.843393325805664,39.197444915771484,0.06533694512689127,-0.010957312007701003,0.046520511479689414
1777877698.901962,0.27450620052365476,-0.15811988151888237,0.5242285605097838,1,25.647878646850586,25.84218978881836,0.05850620052511189,-0.004620689620840002,0.046228217063622505
1777877698.9498034,0.26748901926520124,-0.1555578862265288,0.5232329812319895,1,23.287534713745117,23.57316017150879,0.05148901926665839,-0.0020586943284864323,0.04523263778582814
1777877699.0059674,0.2631653401733347,-0.1555632522651407,0.5224862043754627,1,29.454469680786133,29.6475887298584,0.04716534017479185,-0.0020640603670983304,0.04448586092930131
1777877699.0632071,0.25341374986184456,-0.15676067628271292,0.5210324932902319,1,36.55886650085449,36.81802749633789,0.03741374986330172,-0.0032614843846705543,0.043032149844070604
1777877699.1008534,0.23990388628118506,-0.15823885753713646,0.5192357211562801,1,24.173736572265625,24.363994598388672,0.0239038862826422,-0.004739665639094087,0.041235377710118835
1777877699.1522005,0.23177983399117102,-0.15867930462960556,0.5181037777790437,1,25.373220443725586,25.55561065673828,0.01577983399262818,-0.005180112731563172,0.04010343433288237
1777877699.2022705,0.2136135183322288,-0.15980039775774757,0.5138358065320764,1,25.372982025146484,25.55704116821289,-0.002386481666314069,-0.0063012058597052,0.03583546308591503
1777877699.2562118,0.1953008186152448,-0.16065613227099904,0.5099321999748901,1,29.219627380371094,29.41441535949707,-0.020699181383298057,-0.007156940372956666,0.03193185652872887
1777877699.2960536,0.18613098228608926,-0.16099604589445174,0.507494198042997,1,18.968582153320312,19.16956901550293,-0.02986901771245358,-0.0074968539964093694,0.029493854596835716
1777877699.349288,0.16704397498269974,-0.16122655544117634,0.501321806901238,1,21.997451782226562,22.220849990844727,-0.04895602501584313,-0.007727363543133969,0.023321463455076637
1777877699.413178,0.14880300814465147,-0.16116610668663706,0.4942377293592667,1,35.63642501831055,36.04912757873535,-0.0671969918538914,-0.0076669147885946864,0.016237385913105383
1777877699.4585934,0.1391245454779632,-0.16158189262310174,0.49054537331287335,1,31.148433685302734,31.354904174804688,-0.07687545452057963,-0.008082700725059386,0.012545029866712
1777877699.5030901,0.12176973036845298,-0.16278383349426034,0.48416089397317724,1,23.96869659423828,24.18828010559082,-0.09423026963008987,-0.009284641596217974,0.006160550527015939
1777877699.5457947,0.11436646887918692,-0.16322827588610067,0.4815055532339363,1,16.315221786499023,16.52669906616211,-0.10163353111935594,-0.009729083988058301,0.0035052097877749933
1777877699.608696,0.09435302301713136,-0.16383605578315985,0.474202465451956,1,27.003765106201172,27.242660522460938,-0.1216469769814115,-0.010336863885117467,-0.003797877994205362
1777877699.6572766,0.08824817384181954,-0.16402179460257735,0.4725776617931645,1,25.56586265563965,25.76756477355957,-0.1277518261567233,-0.010522602704534978,-0.005422681652996808
1777877699.711357,0.07735651535930999,-0.16379367277197238,0.4698623946127278,1,28.287887573242188,28.629302978515625,-0.13864348463923287,-0.01029448087393002,-0.00813794883343355
1777877699.7505143,0.0726109308507181,-0.16339343918328378,0.4689788601925114,1,17.404556274414062,17.748594284057617,-0.14338906914782476,-0.009894247285241409,-0.009021483253649931
1777877699.8021245,0.06447768005601673,-0.16184194691612727,0.46706549196995994,1,19.073486328125,19.280672073364258,-0.15152231994252613,-0.008342755018084902,-0.010934851476201365
1777877699.864981,0.05744000837396837,-0.1603979082065804,0.46601614547433196,1,31.803131103515625,32.0432186126709,-0.1585599916245745,-0.0068987163085380415,-0.011984197971829348
1777877699.9187305,0.05082231738019011,-0.15938273809830963,0.46609204930653203,1,35.405635833740234,35.59565544128418,-0.16517768261835275,-0.0058835462002672645,-0.011908294139629301
1777877699.9586291,0.04756803072925886,-0.1591126472274137,0.46667032597066327,1,25.12335777282715,25.3603458404541,-0.168431969269284,-0.005613455329371325,-0.011330017475498028
1777877700.0080798,0.041835569695345076,-0.15956751969658894,0.4675818103138102,1,24.410009384155273,24.718523025512695,-0.17416443030319778,-0.0060683277985465744,-0.010418533132351145
1777877700.0705905,0.03703974235324248,-0.16140479409972752,0.46798350491497553,1,36.956787109375,37.18233108520508,-0.17896025764530038,-0.007905602201685138,-0.010016838531185804
1777877700.102674,0.034933274203101605,-0.16230153713549908,0.4682054314453472,1,19.015789031982422,19.18768882751465,-0.18106672579544125,-0.00880234523745671,-0.00979491200081413
1777877700.1523123,0.03096712599453788,-0.16376832557338547,0.46882885801284296,1,18.5701847076416,18.761396408081055,-0.18503287400400498,-0.0102691336753431,-0.009171485433318374
1777877700.2147315,0.028017450536536925,-0.16477270206478425,0.4690765303557419,1,30.793190002441406,31.1124324798584,-0.18798254946200593,-0.011273510166741885,-0.008923813090419418
1777877700.2566128,0.027253361372368057,-0.16485290434654742,0.4691784493834986,1,22.625446319580078,22.89724349975586,-0.1887466386261748,-0.011353712448505068,-0.008821894062662677
1777877700.3097293,0.02684911332516654,-0.16423040709247308,0.4690574605504746,1,25.60567855834961,25.812149047851562,-0.18915088667337632,-0.01073121519443071,-0.008942882895686718
1777877700.3557472,0.027131330083146832,-0.16307835176683105,0.4683073613120594,1,20.053625106811523,20.255565643310547,-0.18886866991539603,-0.009579159868788698,-0.009692982134101899
1777877700.4180474,0.027472887345300068,-0.16287421525541637,0.46778535067661525,1,32.16671943664551,32.34457969665527,-0.1885271126532428,-0.009375023357374002,-0.010214992769546072
1777877700.4599562,0.02834248176588211,-0.163127225187702,0.4668436051084742,1,23.827075958251953,24.07979965209961,-0.18765751823266075,-0.009628033289659624,-0.011156738337687086
1777877700.5113633,0.02867699945186125,-0.16401259147878486,0.4669933709583566,1,25.21347999572754,25.41208267211914,-0.1873230005466816,-0.010513399580742488,-0.011006972487804745
1777877700.5621512,0.028885013773822965,-0.16430169641294012,0.46703413552479384,1,25.72011947631836,25.951623916625977,-0.1871149862247199,-0.010802504514897754,-0.010966207921367495
1777877700.6043055,0.02984172981934441,-0.1651202726963807,0.4680205317624797,1,17.81296730041504,18.019676208496094,-0.18615827017919845,-0.011621080798338318,-0.009979811683681637
1777877700.655966,0.030155725821795487,-0.16579141051871998,0.47006058618867963,1,19.42920684814453,19.643306732177734,-0.18584427417674737,-0.012292218620677614,-0.007939757257481722
1777877700.7153096,0.029941515658953755,-0.16588858579238952,0.47117312906237163,1,28.492450714111328,28.7017822265625,-0.1860584843395891,-0.012389393894347137,-0.006827214383789693
1777877700.7563272,0.029356871049523225,-0.1662950584947977,0.4734321430571815,1,19.405126571655273,19.60277557373047,-0.18664312894901963,-0.012795866596755329,-0.004568200388979787
1777877700.8081982,0.028277809423358058,-0.1668963958060014,0.47585847509975476,1,21.20804786682129,21.411657333374023,-0.1877221905751848,-0.013397203907959024,-0.0021418683464065613
1777877700.864317,0.027219699144388376,-0.16717683280847528,0.4770747881816641,1,27.198314666748047,27.403831481933594,-0.18878030085415448,-0.013677640910432928,-0.0009255552644972243
1777877700.9028437,0.02451585282087798,-0.16769524748114803,0.478761025833127,1,15.636682510375977,15.817642211914062,-0.19148414717766488,-0.01419605558310566,0.0007606823869657081
1777877700.9610956,0.022156366054958854,-0.16819351115434963,0.47975121567791523,1,23.317575454711914,23.517370223999023,-0.193843633943584,-0.014694319256307264,0.0017508722317538805
1777877701.0076756,0.02138196778783097,-0.16858244866522382,0.48007735706880184,1,19.672155380249023,19.9129581451416,-0.1946180322107119,-0.01508325676718146,0.0020770136226404903
1777877701.0798693,0.02031683839025561,-0.16931507990022393,0.4804325149021976,1,40.52305221557617,40.76194763183594,-0.19568316160828725,-0.015815888002181575,0.0024321714560363236
1777877701.1170518,0.019118014464628463,-0.16979954510967185,0.48064617632780254,1,27.065753936767578,27.45509147644043,-0.1968819855339144,-0.01630035321162948,0.002645832881641226
1777877701.1747441,0.018734165535316316,-0.1698627146351616,0.48076850432514234,1,34.29269790649414,34.49296951293945,-0.19726583446322654,-0.016363522737119218,0.0027681608789810186
1777877701.213209,0.02136377496337577,-0.16831993000631648,0.4775485409014534,1,22.327423095703125,22.565364837646484,-0.1946362250351671,-0.014820738108274112,-0.0004518025447079743
1777877701.2680213,0.026806908676343555,-0.16622138060230535,0.47320280617865046,1,27.080059051513672,27.262210845947266,-0.1891930913221993,-0.012722188704262977,-0.004797537267510879
1777877701.3166096,0.032190365584180036,-0.16663413912476702,0.47471381655524963,1,25.544166564941406,25.760650634765625,-0.18380963441436282,-0.013134947226724647,-0.0032865268909116896
1777877701.369051,0.035656347983016756,-0.16726766791548292,0.476471139773918,1,27.924299240112305,28.125524520874023,-0.1803436520155261,-0.01376847601744055,-0.0015292036722433233
1777877701.4133239,0.044342629669427314,-0.16890126897786473,0.4801052023016865,1,21.69632911682129,21.926403045654297,-0.17165737032911554,-0.015402077079822343,0.0021048588555252074
1777877701.467606,0.05427198080144463,-0.17054846704583784,0.48392199828819227,1,25.160551071166992,25.433063507080078,-0.16172801919709823,-0.017049275147795473,0.005921654842030916
1777877701.5213418,0.05882569034498181,-0.17119991231306675,0.48539784989037976,1,28.795480728149414,29.066085815429688,-0.15717430965356105,-0.01770072041502438,0.007397506444218431
1777877701.5638914,0.06664723473429812,-0.17207860501476424,0.4880753265390069,1,21.318435668945312,21.544218063354492,-0.14935276526424474,-0.01857941311672187,0.010074983092845581
1777877701.6166763,0.07259713797717432,-0.17213389051078404,0.4903260238588798,1,24.043560028076172,24.255990982055664,-0.14340286202136854,-0.018634698612741668,0.012325680412718462
1777877701.6738436,0.07478819833148218,-0.17187847068371057,0.4913490161050027,1,30.88545799255371,31.225919723510742,-0.14121180166706068,-0.018379278785668196,0.013348672658841404
1777877701.7259462,0.07754810798944489,-0.17137418293006473,0.49329081207645936,1,33.022403717041016,33.22911262512207,-0.13845189200909797,-0.017874991032022364,0.015290468630298017
1777877701.770223,0.07878705565898597,-0.17155041696437384,0.4952406338727309,1,25.716543197631836,25.92611312866211,-0.13721294433955689,-0.018051225066331472,0.01724029042656955
1777877701.814659,0.07929329645107863,-0.1720544843913848,0.49638063723189146,1,19.84429359436035,20.061731338500977,-0.13670670354746423,-0.018555292493342423,0.01838029378573016
1777877701.8702853,0.08072759033074006,-0.1737132508269863,0.49837315953907785,1,25.38013458251953,25.586605072021484,-0.1352724096678028,-0.02021405892894393,0.0203728160929165
1777877701.9209309,0.08305075883788077,-0.17471544059653601,0.4996567240059149,1,25.93541145324707,26.14760398864746,-0.1329492411606621,-0.021216248698493645,0.021656380559753524
1777877701.9783106,0.08445537265764669,-0.17472249402833728,0.49979229109193796,1,32.836198806762695,33.048152923583984,-0.13154462734089617,-0.021223302130294913,0.02179194764577662
1777877702.0285845,0.08693650583649432,-0.17413687409075657,0.49945243914501447,1,32.95540809631348,33.18667411804199,-0.12906349416204854,-0.020637682192714196,0.021452095698853153
1777877702.0838845,0.0887911020429612,-0.17365799864797238,0.4988655404926914,1,38.2080078125,38.428544998168945,-0.12720889795558166,-0.02015880674993001,0.02086519704653004
1777877702.1158116,0.08952253522432396,-0.1736397239301054,0.4985663903607917,1,20.095109939575195,20.3096866607666,-0.1264774647742189,-0.020140532032063035,0.020566046914630355
1777877702.1700373,0.08976920414895384,-0.17370722340281497,0.49838034610303616,1,24.23095703125,24.437904357910156,-0.12623079584958902,-0.0202080315047726,0.020380002656874868
1777877702.2181177,0.08962039433707203,-0.17370475880143765,0.49844294828132496,1,22.077560424804688,22.289037704467773,-0.12637960566147083,-0.020205566903395283,0.020442604835163653
1777877702.2724972,0.08959815313097635,-0.17370391060552143,0.4984529291508001,1,26.389360427856445,26.580333709716797,-0.1264018468675665,-0.020204718707479058,0.020452585704638787
1777877702.3121727,0.08958611597669786,-0.1737033889525644,0.4984584128194133,1,15.995025634765625,16.198158264160156,-0.126413884021845,-0.020204197054522033,0.02045806937325194
1777877702.3649285,0.08958452362068886,-0.17370331311119283,0.4984591471792433,1,18.67985725402832,18.8751220703125,-0.126415476377854,-0.02020412121315046,0.02045880373308194
1777877702.4279578,0.08958438092494819,-0.17370330601794912,0.49845921337592264,1,31.548500061035156,31.75520896911621,-0.12641561907359466,-0.020204114119906746,0.020458869929761297
1777877702.469668,0.0895843161513313,-0.173703302733559,0.4984592435089592,1,23.195743560791016,23.395061492919922,-0.12641568384721155,-0.020204110835516625,0.020458900062797873
1777877702.5257652,0.08958430894220426,-0.1737033023596119,0.4984592468736816,1,28.974294662475586,29.17170524597168,-0.1264156910563386,-0.02020411046156953,0.020458903427520277
1777877702.5688872,0.0895843083552369,-0.1737033023287312,0.4984592471482053,1,21.80004119873047,22.002458572387695,-0.12641569164330596,-0.020204110430688843,0.02045890370204395
1777877702.6231637,0.08958430810164164,-0.17370330231528555,0.4984592472669473,1,25.95353126525879,26.192188262939453,-0.12641569189690122,-0.020204110417243182,0.02045890382078596
1777877702.6669402,0.08958430807508908,-0.17370330231386352,0.4984592472793987,1,19.590377807617188,19.793033599853516,-0.12641569192345378,-0.020204110415821153,0.020458903833237382
1777877702.7241077,0.08958430807301349,-0.1737033023137516,0.49845924728037305,1,25.56324005126953,25.743484497070312,-0.12641569192552937,-0.020204110415709242,0.02045890383421171
1777877702.7845492,0.07880222460176209,-0.16151921868712477,0.5133255255789007,1,34.456491470336914,34.68441963195801,-0.13719777539678077,-0.00802002678908241,0.03532518213273933
1777877702.8217306,0.0764510241904327,-0.15495292994064655,0.5203007774026455,1,21.57878875732422,21.78215980529785,-0.13954897580811015,-0.0014537380426041802,0.0423004339564841
1777877702.882918,0.07760519797030702,-0.15363074908007057,0.5214979994242204,1,32.483816146850586,32.89651870727539,-0.13839480202823584,-0.00013155718202818856,0.04349765597805906
1777877702.9252841,0.07900255764214287,-0.15283212678542846,0.5222481410862302,1,24.997711181640625,25.203704833984375,-0.1369974423564,0.0006670651126139127,0.04424779764006882
1777877702.9770076,0.0805803402515558,-0.15403059206007627,0.5217099319443578,1,26.53670310974121,26.857376098632812,-0.13541965974698705,-0.0005314001620339015,0.043709588498196485
1777877703.0199995,0.08132133172705697,-0.15450258328572367,0.5218404256237272,1,19.603490829467773,19.805431365966797,-0.1346786682714859,-0.001003391387681296,0.043840082177565874
1777877703.0687487,0.0814197509165348,-0.1545602694581074,0.5218732276948025,1,18.266916275024414,18.46790313720703,-0.13458024908200805,-0.0010610775600650574,0.043872884248641206
1777877703.1280942,0.08147111473790422,-0.15458991598598154,0.5218918201655194,1,26.83424949645996,27.057886123657227,-0.13452888526063864,-0.0010907240879391572,0.043891476719358107
1777877703.1884997,0.08147770036831464,-0.15459366645568678,0.5218943552188315,1,35.89129447937012,36.11469268798828,-0.13452229963022821,-0.001094474557644401,0.04389401177267017
1777877703.2248163,0.08147828144120936,-0.15459399510138783,0.5218945855249025,1,22.073745727539062,22.36151695251465,-0.1345217185573335,-0.0010948032033454569,0.043894242078741236
1777877703.2778764,0.08147854323068157,-0.15459414266371924,0.5218946907485883,1,21.909236907958984,22.1099853515625,-0.13452145676786129,-0.0010949507656768664,0.04389434730242693
1777877703.3234081,0.08147857210997428,-0.15459415887626368,0.5218947025483655,1,17.390966415405273,17.58885383605957,-0.13452142788856858,-0.0010949669782213123,0.043894359102204086
1777877703.3795235,0.08147857444804835,-0.15459416018540773,0.5218947035136821,1,23.418903350830078,23.623943328857422,-0.1345214255504945,-0.0010949682873653555,0.04389436006752079
1777877703.4305928,0.08147857545501863,-0.15459416074840965,0.5218947039318366,1,24.356603622436523,24.567127227783203,-0.13452142454352423,-0.0010949688503672783,0.043894360485675236
1777877703.478356,0.08147857556001836,-0.1545941608070023,0.5218947039757691,1,21.947622299194336,22.169113159179688,-0.1345214244385245,-0.0010949689089599368,0.04389436052960778
1777877703.5305448,0.0814785755682022,-0.15459416081156288,0.5218947039792114,1,24.08576011657715,24.292707443237305,-0.13452142443034065,-0.001094968913520511,0.04389436053305015
1777877703.5839462,0.08147857557165056,-0.15459416081348296,0.5218947039806665,1,27.29320526123047,27.613401412963867,-0.1345214244268923,-0.0010949689154405862,0.04389436053450519
1777877703.6263638,0.08147857557199967,-0.15459416081367716,0.5218947039808145,1,19.74630355834961,19.979000091552734,-0.1345214244265432,-0.001094968915634778,0.043894360534653135
1777877703.6859884,0.08147857557202628,-0.15459416081369193,0.5218947039808258,1,29.300689697265625,29.51502799987793,-0.13452142442651657,-0.001094968915649558,0.04389436053466445
1777877703.7354348,0.08618882195073585,-0.15587974095147025,0.5200835634640399,1,28.670787811279297,28.876543045043945,-0.129811178047807,-0.002380549053427883,0.04208322001787857
1777877703.783548,0.10833108740903367,-0.16212464351509465,0.5113641147179094,1,26.674509048461914,26.906490325927734,-0.10766891258950918,-0.00862545161705229,0.03336377127174808
1777877703.8443055,0.11374575341671594,-0.16344143800089297,0.5100010148911978,1,37.164926528930664,37.39142417907715,-0.10225424658182691,-0.009942246102850605,0.032000671445036426
1777877703.8839247,0.11759528095516439,-0.16431750322044117,0.5100016683007248,1,26.660680770874023,26.92866325378418,-0.09840471904337847,-0.0108183113223988,0.03200132485456352
1777877703.9394522,0.11812935508432643,-0.16471980689746915,0.5101025531521522,1,32.12332725524902,32.31358528137207,-0.09787064491421643,-0.011220614999426781,0.03210220970599088
1777877703.9773114,0.11803916235778669,-0.1648709890979327,0.509897048619223,1,19.76466178894043,19.977807998657227,-0.09796083764075617,-0.011371797199890343,0.03189670517306166
1777877704.048256,0.11805898561406697,-0.16515981063289514,0.5095473487713756,1,40.52233695983887,40.86947441101074,-0.09794101438447589,-0.011660618734852773,0.03154700532521432
1777877704.0924592,0.11844994211479036,-0.16530244424980306,0.5099553264770458,1,34.52134132385254,34.76524353027344,-0.0975500578837525,-0.01180325235176069,0.031954983030884496
1777877704.1315358,0.11888344241170211,-0.16541580106013973,0.510444981506426,1,23.560762405395508,23.76699447631836,-0.09711655758684075,-0.011916609162097358,0.03244463806026465
1777877704.182248,0.12076321384825174,-0.16541869437260387,0.5118783790786646,1,19.65498924255371,24.40500259399414,-0.09523678615029112,-0.0119195024745615,0.03387803563250335
1777877704.2438543,0.12419779732145048,-0.1658957024093865,0.5131685395835157,1,35.662174224853516,35.91132164001465,-0.09180220267709238,-0.012396510511344133,0.03516819613735436
1777877704.279767,0.12645485559255892,-0.16619695009511215,0.5138744184260504,1,21.538257598876953,21.755456924438477,-0.08954514440598393,-0.01269775819706978,0.03587407497988913
1777877704.3367934,0.13209253917881564,-0.16704145237279946,0.5152477399272084,1,28.292417526245117,28.47146987915039,-0.0839074608197272,-0.013542260474757095,0.03724739648104713
1777877704.3801377,0.13867174609375815,-0.16827755921784227,0.5163436176920152,1,21.16560935974121,21.385908126831055,-0.0773282539047847,-0.014778367319799895,0.038343274245853834
1777877704.4387956,0.1421371190000338,-0.16882821149238114,0.5168663082279572,1,28.252601623535156,28.472423553466797,-0.07386288099850905,-0.015329019594338786,0.038865964781795874
1777877704.4867697,0.14849653078188194,-0.16936994663669386,0.5183397364312357,1,26.001691818237305,26.23128890991211,-0.06750346921666092,-0.015870754738651474,0.0403393929850743
1777877704.5323746,0.1534619938449796,-0.16838618771420458,0.5200668415076987,1,21.49224281311035,21.76642417907715,-0.06253800615356325,-0.014886995816162207,0.04206649806153729
1777877704.5820816,0.157144888208382,-0.16646654398511668,0.5217117937050914,1,21.191120147705078,21.386146545410156,-0.05885511179016087,-0.012967352087074294,0.04371145025893001
1777877704.6351798,0.1585941259485018,-0.16563445687141454,0.5224213165462459,1,23.88310432434082,24.079561233520508,-0.057405874050041036,-0.012135264973372181,0.044420973100084624
1777877704.6811826,0.16107390013481632,-0.1645368660979051,0.5236101218904797,1,19.771575927734375,20.012378692626953,-0.054926099863726555,-0.011037674199862735,0.04560977844431842
1777877704.7265446,0.16222348978811257,-0.16405425659404677,0.5241146039416642,1,14.913558959960938,15.120506286621094,-0.0537765102104303,-0.010555064696004396,0.046114260495502865
1777877704.7899075,0.1643347758552627,-0.1631597573843093,0.5249858613134537,1,27.396440505981445,27.58955955505371,-0.05166522414328015,-0.009660565486266925,0.04698551786729241
1777877704.8438983,0.1665660857823009,-0.16248959183785594,0.5256303759126587,1,30.947208404541016,31.21352195739746,-0.04943391421624197,-0.008990399939813584,0.04763003246649742
1777877704.889131,0.1684438905299246,-0.16194217253493542,0.5260361559871137,1,26.14736557006836,26.365041732788086,-0.047556109468618254,-0.008442980636893069,0.048035812540952426
1777877704.9518306,0.16914909616794283,-0.16162135695625468,0.5261240007298477,1,38.750410079956055,38.98215293884277,-0.04685090383060002,-0.00812216505821231,0.04812365728368634
1777877704.9883876,0.17099648578043197,-0.16099497015398714,0.5262960718412272,1,23.844242095947266,24.051189422607422,-0.0450035142181109,-0.007495778255944774,0.048295728395065816
1777877705.0373857,0.17561157438377262,-0.16016450584597816,0.5267839548139785,1,22.732257843017578,22.937536239624023,-0.040388425614770226,-0.0066653139479357915,0.04878361136781723
1777877705.092363,0.17968177464101265,-0.15917858327506162,0.5271404763043458,1,27.258634567260742,27.469635009765625,-0.03631822535753022,-0.005679391377019269,0.04914013285818445
1777877705.1453547,0.19051592261097305,-0.15602969987415657,0.5279392338149075,1,30.168771743774414,30.40909767150879,-0.0254840773875698,-0.0025305079761142046,0.04993889036874616
1777877705.1896813,0.20287319254486877,-0.15222440983100022,0.528866329621193,1,24.446964263916016,24.661779403686523,-0.013126807453674089,0.0012747820670421517,0.05086598617503158
1777877705.24261,0.20884290570441608,-0.15054203055890875,0.5293994717439753,1,27.26459503173828,27.507305145263672,-0.007157094294126781,0.0029571613391336238,0.051399128297813915
1777877705.298153,0.21743959616136793,-0.14809799542774665,0.5307500408798183,1,32.61709213256836,32.97901153564453,0.001439596162825088,0.005401196470295716,0.05274969743365692
1777877705.3480208,0.22316581791640272,-0.1456500095339581,0.5323520668725417,1,32.54961967468262,32.753705978393555,0.007165817917859876,0.007849182364084273,0.05435172342638031
1777877705.4014823,0.2257204830506967,-0.14413488375208539,0.5333798487317903,1,35.054683685302734,35.70127487182617,0.009720483052153846,0.009364308145956984,0.055379505285629
1777877705.4453216,0.23034237581026953,-0.14159114401753936,0.5349793802162065,1,29.273509979248047,29.512405395507812,0.014342375811726676,0.011908047880503009,0.056979036770045205
1777877705.4880714,0.23492440662060698,-0.14025392110139345,0.536019553491764,1,21.979570388793945,22.171974182128906,0.01892440662206414,0.01324527079664893,0.05801921004560265
1777877705.5396461,0.23826959806897763,-0.13907735258495713,0.5366124485414726,1,23.44822883605957,23.656129837036133,0.022269598070434785,0.01442183931308523,0.058612105095311305
1777877705.591398,0.24691541185013738,-0.1352562093852106,0.5379103900046184,1,25.078296661376953,25.318145751953125,0.030915411851594507,0.018242982512831768,0.05991004655845705
1777877705.6393697,0.25667186916442025,-0.1321428125303163,0.5389512288892506,1,22.849082946777344,23.1630802154541,0.04067186916587738,0.021356379367726067,0.06095088544308928
1777877705.7048063,0.26181847250601675,-0.13126489897683588,0.5395106882750822,1,38.13600540161133,38.46096992492676,0.045818472507473895,0.02223429292120649,0.06151034482892084
1777877705.746125,0.2732350133087377,-0.1285704481678699,0.5405687473898824,1,29.476404190063477,29.716014862060547,0.0572350133101948,0.02492874373017248,0.06256840394372108
1777877705.7925556,0.28422354165180824,-0.12253199059236995,0.5414715126816949,1,25.721073150634766,26.03316307067871,0.06822354165326537,0.030967201305672418,0.06347116923553363
1777877705.8466008,0.2889857341414748,-0.11970524115435006,0.5422365233354305,1,29.590129852294922,29.89339828491211,0.07298573414293195,0.033793950743692305,0.06423617988926916
1777877705.8855796,0.2971116159985267,-0.115165268220664,0.5425734707952384,1,18.61262321472168,18.816709518432617,0.08111161599998386,0.03833392367737837,0.06457312734907707
1777877705.9409997,0.3,-0.1096887055846068,0.5419652190997581,1,23.86474609375,24.098873138427734,0.08697631671966809,0.043810486313435565,0.06396487565359685
1777877706.0099115,0.3,-0.10710304356573062,0.5415439331706221,1,42.650461196899414,42.87362098693848,0.08951966326045606,0.046396148332311746,0.06354358972446075
1777877706.0365498,0.3,-0.10337149278313433,0.539134836267754,1,19.164085388183594,19.414663314819336,0.09311118875477416,0.05012769911490804,0.0611344928215927
1777877706.0914545,0.3,-0.10665553293522438,0.5371140129445935,1,24.005889892578125,24.23238754272461,0.09138363011190014,0.04684365896281799,0.05911366949843216
1777877706.1415741,0.3,-0.10993839448713627,0.536101868621713,1,24.036884307861328,24.254798889160156,0.08863472000564789,0.0435607974109061,0.05810152517555177
1777877706.1823797,0.296606540681647,-0.11496440611240749,0.5334448794958605,1,14.860153198242188,15.03300666809082,0.08060654068310415,0.03853478578563488,0.05544453604969917
1777877706.2391639,0.28742011684947555,-0.11754583363423396,0.5328137011784235,1,21.53611183166504,21.730661392211914,0.07142011685093269,0.03595335826380841,0.054813357732262244
1777877706.2959216,0.2807682712678392,-0.11831009695815509,0.5342257896422556,1,28.137683868408203,28.361797332763672,0.06476827126929638,0.03518909493988728,0.056225446196094334
1777877706.341452,0.257973881683066,-0.11896310373491169,0.5357058227800083,1,23.573875427246094,23.81157875061035,0.04197388168452312,0.03453608816313068,0.057705479333847
1777877706.3837605,0.2452831401304241,-0.11823827683628282,0.5322082293577569,1,15.828847885131836,16.059160232543945,0.02928314013188124,0.035260915061759546,0.054207885911595546
1777877706.4515018,0.23750491202126806,-0.12018389615923733,0.5293207986974375,1,33.28752517700195,33.533573150634766,0.021504912022725184,0.03331529573880504,0.05132045525127626
1777877706.4968636,0.23332667706032345,-0.12314344483572617,0.528789355244973,1,28.40900421142578,28.643369674682617,0.01732667706178058,0.030355747062316196,0.05078901179881162
1777877706.5421345,0.22428254515773569,-0.13002098657003064,0.5271900402385937,1,23.40531349182129,23.631811141967773,0.008282545159192835,0.023478205328011745,0.04918969679243237
1777877706.5986996,0.21033731216492146,-0.13498814383581964,0.526679372740793,1,26.850223541259766,27.043819427490234,-0.00566268783362138,0.018511048062222715,0.04867902929463173
1777877706.6528637,0.20309583477945187,-0.13650274845294327,0.5258145334845635,1,28.5489559173584,31.10051155090332,-0.012904165219090984,0.016996443445099096,0.04781419003840222
1777877706.6929681,0.18654823936423637,-0.13874172916292973,0.522488420643984,1,20.747661590576172,21.083593368530273,-0.029451760634306483,0.014757462735112636,0.0444880771978227
1777877706.7483678,0.16795664184122422,-0.1441781534696136,0.5165729059747644,1,26.06964111328125,26.36432647705078,-0.04804335815731864,0.009321038428428768,0.03857256252860304
1777877706.7896817,0.15805922642455378,-0.1478944209194546,0.5141889004036666,1,17.41504669189453,17.61627197265625,-0.057940773573989066,0.005604770978587775,0.03618855695750526
1777877706.841696,0.1381555878505575,-0.15230066252718336,0.5115420206734007,1,19.26898956298828,19.561052322387695,-0.07784441214798535,0.001198529370859014,0.0335416772272394
1777877706.9010336,0.12105884128357175,-0.15526089156410944,0.5087323147330277,1,28.581857681274414,28.826475143432617,-0.09494115871497111,-0.001761699666067068,0.030731971286866402
1777877706.94607,0.11174322037145594,-0.1567710701689114,0.5079669419275517,1,21.793603897094727,22.001266479492188,-0.10425677962708692,-0.0032718782708690136,0.029966598481390272
1777877706.9927514,0.09463707578271936,-0.15467380123050523,0.5096652836398843,1,18.30887794494629,18.603801727294922,-0.1213629242158235,-0.0011746093324628698,0.03166494019372301
1777877707.047177,0.0841695212152126,-0.15280003553369376,0.508652487908765,1,22.650480270385742,22.968769073486328,-0.13183047878333026,0.0006991563643486132,0.030652144462603753
1777877707.1069615,0.07975290784133787,-0.15284026256904643,0.5083305005704544,1,32.12690353393555,32.327890396118164,-0.13624709215720499,0.0006589293289959441,0.030330157124293065
1777877707.154812,0.06854974644511869,-0.1537495595652271,0.5091475717705373,1,28.874635696411133,29.205799102783203,-0.14745025355342417,-0.0002503676671847255,0.031147228324375942
1777877707.2091577,0.05918321624244785,-0.15595800400867987,0.509926059934736,1,33.217430114746094,33.42747688293457,-0.156816783756095,-0.002458812110637504,0.03192571648857473
1777877707.243365,0.057290748690656756,-0.15676625549076423,0.5098460954788593,1,17.251014709472656,17.57645606994629,-0.1587092513078861,-0.0032670635927218583,0.031845752032697995
1777877707.2996855,0.0615747859096451,-0.15575544230507368,0.5075739694722167,1,23.61154556274414,23.814916610717773,-0.15442521408889776,-0.0022562504070313127,0.029573626026055296
1777877707.344702,0.0734065273377732,-0.1541267695074623,0.5056902042733203,1,17.676115036010742,17.878055572509766,-0.14259347266076966,-0.0006275776094199076,0.027689860827159005
1777877707.4080164,0.08021696404351192,-0.153664002896445,0.5051163947731753,1,30.31158447265625,30.49468994140625,-0.13578303595503094,-0.00016481099840263969,0.027116051327013967
1777877707.452728,0.10068167336747319,-0.14944557525648255,0.5071873346807212,1,24.883270263671875,25.139570236206055,-0.11531832663106967,0.004053616641559815,0.029186991234559895
1777877707.5049152,0.12105725213748722,-0.13919725978992603,0.5112297840045859,1,26.807546615600586,27.023792266845703,-0.09494274786105564,0.014301932108116339,0.0332294405584245
1777877707.5675554,0.12892060311159928,-0.13757758314322288,0.5127967518761795,1,39.32476043701172,39.56961631774902,-0.08707939688694358,0.01592160875481949,0.03479640843001815
1777877707.6088676,0.14382413731434696,-0.13906178064553731,0.5148711107210645,1,29.846906661987305,30.193805694580078,-0.0721758626841959,0.01443741125250507,0.036870767274903155
1777877707.6612985,0.15589946332652116,-0.13554093552799457,0.5156162581954232,1,31.27574920654297,31.63909912109375,-0.0601005366720217,0.01795825637004779,0.037615914749261854
1777877707.7109525,0.17178232123512224,-0.13422280086360672,0.5170999191194345,1,30.306339263916016,30.55262565612793,-0.04421767876342061,0.019276391034435666,0.03909957567327324
1777877707.7509005,0.181147282564686,-0.13367453415083236,0.5197075081325914,1,20.180225372314453,20.402193069458008,-0.034852717433856845,0.019824657747209998,0.041707164686430015
1777877707.8081841,0.19810879296426534,-0.12762851013800428,0.524491053810741,1,26.614665985107422,26.948928833007812,-0.017891207034277528,0.025870681760038094,0.04649071036457972
1777877707.8577871,0.2187352044489017,-0.12277045935231944,0.530519395629087,1,24.790287017822266,24.984359741210938,0.0027352044503588524,0.030728732545722934,0.0525190521829257
1777877707.9096115,0.23171402952399328,-0.12064415179743286,0.5334279280071873,1,26.49092674255371,26.73649787902832,0.01571402952545041,0.03285504010060951,0.05542758456102598
1777877707.9531627,0.24944554805078084,-0.11540576893640936,0.5380008116435386,1,19.814491271972656,20.13373374938965,0.033445548052238,0.03809342296163301,0.06000046819737731
1777877708.02276,0.2699883838163036,-0.10812116274445091,0.537883580181558,1,39.11924362182617,39.515018463134766,0.05398838381776071,0.04537802915359146,0.0598832367353967
1777877708.0558712,0.2792466845089432,-0.10420101105349731,0.5386994744498846,1,22.002696990966797,22.18151092529297,0.06324668451040032,0.049298180844545056,0.06069913100372331
1777877708.1114278,0.2973022495322848,-0.09705687733707109,0.5386365319392077,1,27.398109436035156,27.652740478515625,0.08130224953374195,0.05644231456097128,0.06063618849304632
1777877708.15557,0.3,-0.08726536787213737,0.5381145575164255,1,20.756959915161133,20.97797393798828,0.0939642119179956,0.066233824025905,0.060114214070264155
1777877708.2049608,0.3,-0.08240704502969981,0.5375653627327852,1,20.170211791992188,20.33376693725586,0.09886238068962579,0.07109214686834256,0.05956501928662383
1777877708.2627354,0.3,-0.07596423459266816,0.5374526048602346,1,27.788639068603516,28.035879135131836,0.10295157802793538,0.07753495730537421,0.059452261414073324
1777877708.3072596,0.3,-0.07624130560349375,0.536598697671329,1,22.261619567871094,22.4761962890625,0.10120262154497871,0.07725788629454862,0.05859835422516759
1777877708.35191,0.3,-0.07966149437830702,0.5358598062344271,1,16.7236328125,16.9680118560791,0.09883101759318628,0.07383769751973535,0.05785946278826572
1777877708.407324,0.3,-0.09014994096324833,0.534596183906637,1,21.994829177856445,22.237300872802734,0.09086093527429868,0.06334925093479404,0.05659584046047563
1777877708.4599972,0.29238382674716346,-0.09635775291520951,0.5362627335461948,1,24.60765838623047,24.82891082763672,0.07638382674862061,0.05714143898283286,0.05826239010003347
1777877708.5136483,0.283411956950511,-0.09595329572000683,0.5393465568379495,1,28.09429168701172,28.32627296447754,0.06741195695196815,0.057545896178035544,0.061346213391788175
1777877708.5640528,0.26983603893870145,-0.09451503222804769,0.5429484911111216,1,28.302669525146484,28.53083610534668,0.05383603894015858,0.05898415966999468,0.06494814766496033
1777877708.6029623,0.2548763117175418,-0.09839270028838032,0.5399949010699183,1,17.067909240722656,17.287492752075195,0.03887631171899898,0.05510649160966205,0.061994557623757
1777877708.6728601,0.24868729968233821,-0.10193066162755884,0.5378919355666635,1,36.72933578491211,37.091970443725586,0.03268729968379537,0.051568530270483526,0.059891592120502185
1777877708.7127955,0.23746141306885357,-0.10989135468859089,0.5331249296707061,1,26.711702346801758,26.944398880004883,0.021461413070310714,0.04360783720945148,0.05512458622454485
1777877708.7618332,0.21953664645002563,-0.11665586992495665,0.5280952621958287,1,25.677919387817383,25.908231735229492,0.0035366464514827584,0.03684332197308572,0.050094918749667386
1777877708.8156571,0.2100715668210113,-0.11826152232873288,0.5247240772938451,1,29.470205307006836,29.63995933532715,-0.005928433177531549,0.03523766956930949,0.04672373384768377
1777877708.854045,0.19057523093656586,-0.12484464203816216,0.5210694879096425,1,17.668962478637695,17.91548728942871,-0.02542476906197698,0.02865454985988021,0.04306914446348111
1777877708.9144647,0.1793074857168439,-0.1356927862895626,0.5185016436466182,1,27.878999710083008,28.139591217041016,-0.03669251428169896,0.017806405608479764,0.04050130020045689
1777877708.9598925,0.17407786792381325,-0.13866727742171966,0.5189489499203381,1,23.174047470092773,23.413896560668945,-0.04192213207472961,0.014831914476322705,0.04094860647417677
1777877709.0026329,0.1617766707814134,-0.14089984472725187,0.5203309644334704,1,15.89345932006836,16.140460968017578,-0.05422332921712948,0.012599347170790517,0.04233062098730908
1777877709.061653,0.14790283510044994,-0.1458932246345877,0.5193204424225498,1,24.83677864074707,25.064468383789062,-0.06809716489809294,0.007605967263454652,0.041320098976388525
1777877709.1095066,0.13899679117170166,-0.14916221145311415,0.5174521356753751,1,22.61209487915039,22.849559783935547,-0.0770032088268412,0.004336980444928237,0.0394517922292137
1777877709.16949,0.12264190687149715,-0.1560609265232259,0.5089690149963184,1,32.44161605834961,32.69791603088379,-0.09335809312704571,-0.002561734625183526,0.030968671550157083
1777877709.2019496,0.108385869439775,-0.16330412612951198,0.4994661146965007,1,14.780044555664062,15.007257461547852,-0.10761413055876785,-0.009804934231469609,0.02146577125033937
1777877709.270228,0.10052476027834033,-0.16368726456964697,0.4995698179620844,1,32.623291015625,32.85050392150879,-0.11547523972020253,-0.010188072671604598,0.02156947451592308
1777877709.3183308,0.0892893623460343,-0.16275100012359897,0.5029144897709459,1,30.621051788330078,30.881166458129883,-0.12671063765250856,-0.009251808225556601,0.02491414632478451
1777877709.3725579,0.08322750840889004,-0.16594846497001706,0.5028625323228438,1,34.62958335876465,34.91616249084473,-0.13277249158965282,-0.012449273071974687,0.02486218887668253
1777877709.4097824,0.07955119114540077,-0.16614063613903568,0.5044320849506558,1,21.89803123474121,22.110700607299805,-0.1364488088531421,-0.01264144424099331,0.026431741504494455
1777877709.4715211,0.07285592059336699,-0.1638069684094071,0.505979322218258,1,33.331871032714844,33.58340263366699,-0.14314407940517587,-0.010307776511364719,0.027978978772096715
1777877709.513493,0.07337914795062636,-0.16458733503436135,0.4947635224947753,1,24.33037757873535,24.5516300201416,-0.1426208520479165,-0.011088143136318979,0.016763179048613977
1777877709.5568147,0.07831154356033915,-0.16506847262886284,0.48394890936685475,1,17.455101013183594,17.69399642944336,-0.1376884564382037,-0.011569280730820475,0.005948565920693427
1777877709.6173453,0.09185140806292932,-0.15594448140295464,0.4717639382776281,1,27.82440185546875,28.136014938354492,-0.12414859193561353,-0.002445289504912268,-0.0062364051685332225
1777877709.6647115,0.10763079059956152,-0.14764880763957833,0.47438267461098826,1,24.995803833007812,25.24280548095703,-0.10836920939898134,0.005850384258464042,-0.003617668835173067
1777877709.7119544,0.1257885552093275,-0.14923879297630901,0.48282424932038875,1,21.452903747558594,21.69966697692871,-0.09021144478921536,0.004260398921733355,0.00482390587422743
1777877709.7727776,0.13577097410015448,-0.15144705331876318,0.4875691757914456,1,31.261205673217773,31.519651412963867,-0.08022902589838837,0.002052138579279189,0.009568832345284273
1777877709.8106465,0.15603767849698086,-0.15428059141932635,0.4966826080904167,1,19.06442642211914,19.275188446044922,-0.059962321501561985,-0.0007813995212839764,0.01868226464425539
1777877709.8621285,0.17539282971094028,-0.15435940535085219,0.5026410211705898,1,20.417213439941406,20.694255828857422,-0.040607170287602565,-0.000860213452809816,0.024640677724428475
1777877709.9156954,0.1872219154660303,-0.15466769909313116,0.504768015833236,1,23.968219757080078,24.194002151489258,-0.028778084532512557,-0.0011685071950887777,0.026767672387074688
1777877709.9807506,0.20755663089984208,-0.15201655033187386,0.5089545216006903,1,38.93780708312988,39.174795150756836,-0.008443369098700783,0.0014826415661685077,0.030954178154529048
1777877710.012991,0.2261266398045464,-0.14573384467447034,0.5133967402596222,1,20.674943923950195,20.920276641845703,0.010126639806003548,0.007765347223572028,0.03539639681346089
1777877710.0570567,0.23800714983205185,-0.143232824288265,0.5150310739560686,1,14.68968391418457,14.933347702026367,0.022007149833508974,0.010266367609777366,0.0370307305099073
1777877710.1106591,0.2561749360011032,-0.13923633077670375,0.5175432163643937,1,18.27216148376465,18.46623420715332,0.04017493600256035,0.014262861121338621,0.039542872918232407
1777877710.1700754,0.2768899561065184,-0.13174109083232016,0.5206085949981388,1,27.599573135375977,27.833223342895508,0.060889956107975526,0.02175810106572222,0.04260825155197749
1777877710.2128584,0.2858750271929582,-0.12836488266851317,0.5213686586090543,1,19.26255226135254,19.4699764251709,0.06987502719441537,0.025134309229529195,0.043368315162892995
1777877710.2606778,0.2984438037455261,-0.12260330247586071,0.5232163893584449,1,16.373872756958008,16.585350036621094,0.08244380374698322,0.03089588942218166,0.045216045912283585
1777877710.3244934,0.3,-0.11834529929298261,0.5254152797465182,1,29.683589935302734,29.937028884887695,0.09246592745028288,0.03515389260505976,0.04741493630035694
1777877710.362574,0.3,-0.1164830095222221,0.5267941092412536,1,17.682790756225586,17.93813705444336,0.09634855688033502,0.03701618237582027,0.04879376579509224
1777877710.4183097,0.3,-0.11235582641382821,0.529810129588592,1,23.368358612060547,23.596525192260742,0.10236389734172378,0.041143365484214156,0.05180978614243059
1777877710.4831579,0.3,-0.10779508537405316,0.5326010156509506,1,37.972450256347656,38.20633888244629,0.10602507444448957,0.04570410652398921,0.0546006722047893
1777877710.5257976,0.3,-0.10599810082008838,0.5334175662434535,1,30.470609664916992,30.68399429321289,0.10714375029188301,0.047501091077953986,0.05541722279729219
1777877710.5612247,0.3,-0.10377425869056543,0.5337076485960098,1,15.593290328979492,15.791893005371094,0.10863573774772235,0.04972493320747694,0.05570730514984852
1777877710.6198769,0.3,-0.10462984844194613,0.5342064419237004,1,24.108171463012695,24.355411529541016,0.10799427667064838,0.04886934345609624,0.056206098477539095
1777877710.6800406,0.3,-0.10599125807850462,0.5344153966125343,1,34.12055969238281,34.368038177490234,0.1064658168953913,0.047507933819537745,0.056415053166373026
1777877710.7197423,0.3,-0.11066439447364043,0.5351504309456092,1,23.804903030395508,23.992061614990234,0.10113753499747617,0.04283479742440194,0.057150087499447916
1777877710.7754889,0.3,-0.11571517025858813,0.5361664299120625,1,29.45733070373535,29.669523239135742,0.09196925238302296,0.03778402163945424,0.058166086465901254
1777877710.8315518,0.3,-0.11816249014290856,0.5364758211261984,1,35.373687744140625,35.64953804016113,0.08659059236119014,0.035336701755133815,0.05847547768003712
1777877710.8685637,0.29000902108634474,-0.12295480114413068,0.5361364265197645,1,22.34053611755371,22.594690322875977,0.07400902108780191,0.030544390753911688,0.05813608307360317
1777877710.9218032,0.2769519648235058,-0.12799688174183044,0.5353975602346565,1,25.49600601196289,25.74324607849121,0.06095196482496297,0.025502310156211933,0.05739721678849516
1777877710.972543,0.267464355398823,-0.13077534872190938,0.5345392014078516,1,26.16572380065918,26.409149169921875,0.051464355400280146,0.02272384317613299,0.05653885796169028
1777877711.0190947,0.2490930665347116,-0.1356304592746932,0.5321169963691558,1,22.647857666015625,22.921085357666016,0.03309306653616875,0.017868732623349176,0.054116652922994404
1777877711.066226,0.2318734546519567,-0.13971066179848274,0.5284524611024609,1,19.72055435180664,19.96612548828125,0.015873454653413832,0.013788530099559645,0.05045211765629959
1777877711.118814,0.22427862932122433,-0.1415489778148827,0.526130732399351,1,22.12834358215332,22.45640754699707,0.008278629322681474,0.01195021408315966,0.04813038895318969
1777877711.162702,0.20924916340954378,-0.1444796163595827,0.5212601983874414,1,15.929460525512695,16.166210174560547,-0.006750836588999075,0.009019575538459668,0.043259854941280054
1777877711.2135077,0.1915787525880664,-0.1475376493508861,0.5166579038405338,1,16.64590835571289,16.872406005859375,-0.02442124741047647,0.005961542547156293,0.03865756039437249
1777877711.2775738,0.18258033477667818,-0.14880343040439453,0.5144829317299207,1,30.52377700805664,30.824899673461914,-0.03341966522186468,0.0046957614936478514,0.03648258828375936
1777877711.326808,0.16513045819554537,-0.15100158403413116,0.5114681799233,1,29.752254486083984,29.992341995239258,-0.05086954180299749,0.0024976078639112193,0.03346783647713861
1777877711.3684096,0.14957251250726433,-0.15280450474350427,0.5099208007758995,1,19.162893295288086,19.45209503173828,-0.06642748749127853,0.0006946871545381178,0.03192045732973818
1777877711.4225225,0.13595454579904365,-0.15535051702227798,0.5102179418939654,1,23.268938064575195,23.463964462280273,-0.08004545419949921,-0.001851325124235595,0.03221759844780412
1777877711.4786813,0.1305079104551398,-0.15714502812450146,0.510814668199816,1,28.420686721801758,28.707265853881836,-0.08549208954340307,-0.003645836226459087,0.032814324753654714
1777877711.5270193,0.11986434611557281,-0.16177578330963918,0.5138403596382157,1,22.11904525756836,22.336483001708984,-0.09613565388297005,-0.008276591411596812,0.03584001619205439
1777877711.582182,0.11056559492660423,-0.1649887026954997,0.516915915733089,1,27.217864990234375,27.425289154052734,-0.10543440507193863,-0.01148951079745733,0.038915572286927755
1777877711.6308804,0.10617070060773275,-0.16588343592281954,0.5183272250030811,1,25.833845138549805,26.062488555908203,-0.10982929939081011,-0.012384244024777169,0.04032688155691987
1777877711.6802356,0.0986022219082205,-0.1665229282159119,0.5203176209479298,1,25.15578269958496,25.343656539916992,-0.11739777809032236,-0.013023736317869516,0.04231727750176841
1777877711.7423205,0.0915918188157641,-0.16696027473806838,0.5222068847892516,1,36.84520721435547,37.12654113769531,-0.12440818118277876,-0.013461082840026006,0.04420654134309031
1777877711.7753687,0.08880143268855584,-0.16762303095387096,0.5233803110786505,1,19.82402801513672,20.064115524291992,-0.12719856730998702,-0.014123839055828591,0.04537996763248915
1777877711.8264728,0.08449742078356048,-0.16902823797478703,0.5260748605508577,1,20.769357681274414,21.120786666870117,-0.13150257921498237,-0.015529046076744657,0.048074517104696436
1777877711.876895,0.08136427890783843,-0.17027961258981372,0.528308902799876,1,19.592761993408203,19.808530807495117,-0.13463572109070443,-0.016780420691771353,0.050308559353714616
1777877711.9300199,0.08035828567399539,-0.17083439303740422,0.529103308479145,1,22.602558135986328,22.85623550415039,-0.13564171432454747,-0.01733520113936185,0.05110296503298363
1777877711.9778473,0.07990823589732987,-0.171729951329661,0.5301430413025134,1,20.36118507385254,20.555496215820312,-0.136091764101213,-0.018230759431618643,0.05214269785635208
1777877712.032935,0.08189080536703697,-0.1724973064345227,0.529952090505951,1,25.226831436157227,25.450468063354492,-0.1341091946315059,-0.018998114536480343,0.05195174705978973
1777877712.0772123,0.08407270102564218,-0.1730245662364192,0.529218075238919,1,19.360780715942383,19.57082748413086,-0.13192729897290068,-0.01952537433837684,0.05121773179275765
1777877712.1375473,0.08990128682367238,-0.17461660622570863,0.5270466896809199,1,29.527664184570312,29.781579971313477,-0.12609871317487048,-0.021117414327666256,0.04904634623475857
1777877712.1970022,0.09966882440236288,-0.178124474082673,0.5234179372814598,1,38.83934020996094,39.17694091796875,-0.11633117559617998,-0.024625282184630642,0.04541759383529842
1777877712.233343,0.10524728272086815,-0.1806842004218347,0.5213494138094634,1,25.2530574798584,25.460481643676758,-0.1107527172776747,-0.027185008523792326,0.04334907036330207
1777877712.2846127,0.11783047591566709,-0.18706893144254264,0.5173814275418983,1,26.077985763549805,26.255130767822266,-0.09816952408287577,-0.033569739544500266,0.03938108409573698
1777877712.349698,0.13164190377277546,-0.19514021290700545,0.514841565791574,1,40.77744483947754,40.968894958496094,-0.08435809622576741,-0.04164102100896308,0.03684122234541268
1777877712.4001653,0.1488574889942907,-0.20647377568466563,0.514789113776567,1,39.59059715270996,40.09532928466797,-0.06714251100425217,-0.05297458378662326,0.03678877033040566
1777877712.432017,0.1584755835919784,-0.21258937116752838,0.51547262539162,1,21.556615829467773,21.848678588867188,-0.05752441640656447,-0.05909017926948601,0.03747228194545863
1777877712.4883645,0.17923067747414748,-0.2252704342792413,0.5185080660367889,1,25.940656661987305,26.143312454223633,-0.03676932252439538,-0.07177124238119892,0.04050772259062753
1777877712.5394218,0.20200103796436508,-0.23734744154725324,0.5219495822505557,1,26.92556381225586,27.12225914001465,-0.013998962034177782,-0.08384824964921087,0.04394923880439432
1777877712.5874214,0.21259723859857782,-0.24173243701411218,0.5238640409935668,1,24.830341339111328,25.051355361938477,-0.0034027613999650444,-0.08823324511606981,0.0458636975474054
1777877712.627262,0.23234543099593719,-0.2470387751584738,0.5273891056087724,1,14.599323272705078,14.811515808105469,0.016345430997394342,-0.09353958326043144,0.04938876216261104
1777877712.6863651,0.2505023390242565,-0.24775228962702775,0.5317349822742181,1,23.72002601623535,23.874282836914062,0.03450233902571366,-0.09425309772898538,0.05373463882805683
1777877712.7373056,0.2586941271487357,-0.24662915208353026,0.5331326501589793,1,24.505138397216797,24.715423583984375,0.042694127150192815,-0.09312996018548789,0.05513230671281794
1777877712.7805889,0.273284851220977,-0.24172847355571703,0.5352515873925813,1,17.72332191467285,17.920970916748047,0.05728485122243414,-0.08822928165767466,0.05725124394641999
1777877712.8419716,0.28407587055637307,-0.23458837298649401,0.5367261115205024,1,29.01291847229004,29.233932495117188,0.0680758705578302,-0.08108918108845165,0.058725768074341045
1777877712.897312,0.28867596127397455,-0.22947923379755908,0.5374368935937485,1,34.13271903991699,34.49654579162598,0.07267596127543166,-0.07598004189951671,0.05943655014758712
1777877712.941525,0.29548779883526444,-0.21693031859713946,0.5386890337478103,1,28.359413146972656,28.63788604736328,0.0794877988367216,-0.06343112669909709,0.060688690301649
1777877712.9804497,0.29749010147738714,-0.21068936141542058,0.5390274719999634,1,16.997098922729492,17.224550247192383,0.08149010147884429,-0.05719016951737821,0.061027128553802004
1777877713.0569825,0.2993945038583965,-0.19670024476494893,0.5393606343334064,1,43.399810791015625,43.646812438964844,0.08339450385985366,-0.043201052866906564,0.06136029088724505
1777877713.0782206,0.2991726664983911,-0.17625122394580703,0.5409656355789467,1,14.60719108581543,14.834403991699219,0.08317266649984824,-0.02275203204776466,0.06296529213278537
1777877713.1377416,0.2981752509051612,-0.15733620807483134,0.5439267894177473,1,23.558616638183594,23.775815963745117,0.08217525090661838,-0.003837016176788957,0.06592644597158594
1777877713.1834614,0.29781808569652335,-0.14855547274116448,0.5452539480040883,1,19.245386123657227,19.448041915893555,0.0818180856979805,0.004943719156877871,0.06725360455792703
1777877713.2417786,0.29650586397934414,-0.13284095863646336,0.5474834958561632,1,27.474403381347656,27.675390243530273,0.0805058639808013,0.020658233261579007,0.06948315241000186
1777877713.2926178,0.294061656246745,-0.12118659551935888,0.548983124370958,1,28.17082405090332,28.47146987915039,0.07806165624820217,0.032312596378683486,0.0709827809247967
1777877713.3440583,0.2920160301252477,-0.11626583967522074,0.5493037143422147,1,29.623985290527344,29.818058013916016,0.07601603012670484,0.037233352222821633,0.0713033708960534
1777877713.3829286,0.28574675654842346,-0.10884232152477923,0.5497526708901577,1,18.41592788696289,18.591642379760742,0.06974675654988059,0.044656870373263144,0.07175232744399634
1777877713.4378605,0.27645336373921836,-0.10430089138889316,0.5487447767445461,1,23.29277992248535,23.471832275390625,0.06045336374067552,0.04919830050914921,0.07074443329838477
1777877713.4923646,0.2720734997083893,-0.10352231034334064,0.5481162528232445,1,27.50539779663086,27.75740623474121,0.056073499709846444,0.04997688155470174,0.07011590937708317
1777877713.541189,0.2624347050736867,-0.10353295776340804,0.5461037460666316,1,26.32737159729004,26.51667594909668,0.04643470507514384,0.04996623413463432,0.06810340262047021
1777877713.5894341,0.25117944533291886,-0.10544925469888121,0.5435587651288295,1,24.43242073059082,24.634838104248047,0.03517944533437599,0.04804993719916116,0.06555842168266815
1777877713.6380966,0.24453419324964235,-0.10662830318440603,0.5422543127537636,1,23.073196411132812,23.244142532348633,0.028534193251099488,0.046870888713636344,0.06425396930760223
1777877713.6930447,0.23128003825524895,-0.11017288800918554,0.5395230465354135,1,27.89783477783203,28.106212615966797,0.01528003825670611,0.04332630388885683,0.06152270308925216
1777877713.759536,0.21694155791914874,-0.11527466621769639,0.5359530477936045,1,44.207096099853516,44.52824592590332,0.0009415579206058719,0.03822452568034598,0.057952704347443186
1777877713.7887406,0.20994223424357253,-0.11803033471258538,0.534141300106576,1,23.44965934753418,23.663997650146484,-0.006057765754970329,0.03546885718545699,0.056140956660414645
1777877713.8414161,0.19508079909672846,-0.12393861712165724,0.5292017288442398,1,26.045560836791992,26.241064071655273,-0.020919200901814396,0.02956057477638513,0.05120138539807843
1777877713.8917592,0.17984513174701042,-0.1300998039967368,0.5241836811501973,1,26.06940269470215,26.256322860717773,-0.03615486825153244,0.02339938790130558,0.04618333770403598
1777877713.93388,0.172274707879764,-0.13309389738334526,0.5221093541793745,1,17.17543601989746,17.396926879882812,-0.04372529211877883,0.020405294514697095,0.044109010733213244
1777877714.0003705,0.15638882482875432,-0.1389022250416464,0.5179162700596143,1,33.49566459655762,33.800363540649414,-0.05961117516978855,0.014596966856395957,0.03991592661345292
1777877714.043534,0.13965077097073286,-0.14468036475681623,0.5143424078791777,1,26.64971351623535,26.870250701904297,-0.07634922902780998,0.008818827141226143,0.03634206443301645
1777877714.1978548,0.13186004902839982,-0.14725682509427498,0.5129174915258876,1,130.79142570495605,130.9971809387207,-0.08413995097014303,0.006242366803767385,0.03491714807972628
1777877714.2292717,0.1187715931231357,-0.15207715094849267,0.5115220840184502,1,28.47576141357422,28.713464736938477,-0.09722840687540715,0.001422040949549716,0.033521740572288884
1777877714.2837174,0.096284358147799,-0.15844303458049674,0.5101862795658043,1,32.52291679382324,32.737016677856445,-0.11971564185074386,-0.0049438426824543885,0.03218593611964302
1777877714.3242526,0.08687663558861361,-0.16237183581727038,0.5101634268076524,1,22.973299026489258,23.177146911621094,-0.12912336440992925,-0.008872643919228013,0.03216308336149109
1777877714.3736665,0.0803253385800462,-0.167974867442726,0.5098126207342548,1,22.294998168945312,22.528886795043945,-0.13567466141849666,-0.014475675544683639,0.031812277288093466
1777877714.4367924,0.07685307087564264,-0.17592969493887933,0.5101901396039641,1,35.34984588623047,35.57705879211426,-0.13914692912290022,-0.022430503040836963,0.0321897961578028
1777877714.4780598,0.07646393514766375,-0.18187525033729202,0.510203168195213,1,26.533842086791992,26.75485610961914,-0.1395360648508791,-0.028376058439249646,0.032202824749051735
1777877714.5360231,0.07906165592583231,-0.19456283297714164,0.5091521218437319,1,34.35039520263672,34.54184532165527,-0.13693834407271055,-0.04106364107909927,0.031151778397570638
1777877714.5724883,0.08512924071693986,-0.20792135595323472,0.5078817716610525,1,20.651578903198242,20.86019515991211,-0.130870759281603,-0.054422164055192346,0.02988142821489119
1777877714.6267936,0.08937177909890076,-0.21518101461198322,0.5073945314049594,1,24.825572967529297,25.04134178161621,-0.1266282208996421,-0.06168182271394085,0.02939418795879809
1777877714.6708078,0.09851488297402916,-0.22777571929316043,0.5069939584362286,1,18.23115348815918,18.42331886291504,-0.1174851170245137,-0.07427652739511806,0.028993614990067255
1777877714.736503,0.10985990072735927,-0.23907232802529527,0.5062196869117839,1,33.731698989868164,33.94484519958496,-0.10614009927118359,-0.0855731361272529,0.028219343465622538
1777877714.791065,0.11617675993643678,-0.24379551485653267,0.5064646767090515,1,38.1474494934082,38.44928741455078,-0.09982324006210608,-0.0902963229584903,0.02846433326289012
1777877714.8254097,0.13058468790745692,-0.2511966805350093,0.5073046729065676,1,22.51410484313965,22.73392677307129,-0.08541531209108594,-0.09769748863696695,0.029304329460406266
1777877714.8881152,0.14371081443461584,-0.2546283099158091,0.5088856799748107,1,35.14862060546875,35.34674644470215,-0.07228918556392702,-0.10112911801776672,0.030885336528649394
1777877714.9250445,0.15213586862139483,-0.2557847577076584,0.5097296811827792,1,22.03512191772461,22.217512130737305,-0.06386413137714803,-0.10228556580961601,0.0317293377366178
1777877714.9896827,0.16977385136763756,-0.2585964204370587,0.5111436190724686,1,36.542415618896484,36.763668060302734,-0.046226148630905295,-0.10509722853901635,0.03314327562630728
1777877715.0254347,0.18773395009565458,-0.2598824766680297,0.5143769116642434,1,22.249460220336914,22.45354652404785,-0.028266049902888293,-0.10638328476998735,0.03637656821808209
1777877715.075979,0.1959462062010905,-0.25820291366360504,0.5170172019932386,1,22.695064544677734,22.919178009033203,-0.02005379379745236,-0.10470372176556267,0.03901685854707736
1777877715.130079,0.2120709238573975,-0.25340981372936455,0.522543302418419,1,26.683568954467773,26.85689926147461,-0.003929076141145363,-0.09991062183132216,0.044542958972257574
1777877715.1769729,0.22758108144423939,-0.24877173441833422,0.5267042033220873,1,23.4832763671875,23.691177368164062,0.011581081445696542,-0.09527254252029185,0.04870385987592605
1777877715.2425754,0.23496632763570752,-0.2450907636718514,0.5286383183078146,1,38.796186447143555,39.08276557922363,0.018966327637164673,-0.09159157177380903,0.05063797486165333
1777877715.276306,0.24875915782335978,-0.2364045035392249,0.5322146160114792,1,22.520065307617188,22.743701934814453,0.032759157824816934,-0.08290531164118253,0.05421427256531795
1777877715.3528917,0.2551264377779709,-0.23118165703357108,0.5338915215339507,1,45.325517654418945,45.62830924987793,0.03912643777942802,-0.0776824651355287,0.05589117808778938
1777877715.387497,0.2700691772468114,-0.21330406136751298,0.5374673115408415,1,29.090404510498047,29.321908950805664,0.05406917724826853,-0.05980486946947061,0.05946696809468011
1777877715.4386652,0.2741295586723946,-0.20684792071968472,0.5381576375641132,1,29.65569496154785,29.8764705657959,0.05812955867385171,-0.05334872882164235,0.06015729411795182
1777877715.496179,0.28116804306051857,-0.19440570289906106,0.539140193523596,1,36.2095832824707,36.4995002746582,0.06516804306197573,-0.04090651100101869,0.06113985007743467
1777877715.5366502,0.2840974152359174,-0.18807565004730037,0.5395863587513581,1,26.40986442565918,26.62038803100586,0.06809741523737457,-0.034576458149258,0.06158601530519677
1777877715.584923,0.28820955994954,-0.17577627357999961,0.5405702023984398,1,24.50084686279297,24.674415588378906,0.07220955995099718,-0.022277081681957245,0.0625698589522785
1777877715.642811,0.2915692362079704,-0.1642955944871448,0.5412130367565433,1,32.045841217041016,32.280683517456055,0.07556923620942753,-0.010796402589102458,0.06321269331038198
1777877715.6886063,0.29255937908497837,-0.15839616890461455,0.5413280040445534,1,27.402162551879883,27.631044387817383,0.07655937908643552,-0.004896977006572184,0.06332766059839202
1777877715.736125,0.2931894629359189,-0.1476689125634807,0.54153176762362,1,24.573802947998047,24.744033813476562,0.07718946293737607,0.005830279334561678,0.06353142417745866
1777877715.781769,0.29295534664741885,-0.13882451701252319,0.5410257227484795,1,19.904375076293945,20.095348358154297,0.07695534664887597,0.014674674885519184,0.06302537930231818
1777877715.8474655,0.29123130995114577,-0.13140673441223413,0.5401501856742031,1,35.48312187194824,35.70842742919922,0.07523130995260292,0.022092457485808237,0.062149842228041825
1777877715.8896518,0.2898591803282714,-0.12857592804884516,0.5396919344368718,1,25.933265686035156,26.116609573364258,0.07385918032972853,0.024923263849197214,0.06169159099071046
1777877715.946379,0.28431347558909653,-0.12292925308476965,0.538829828657158,1,32.36889839172363,32.6230525970459,0.06831347559055366,0.030569938813272718,0.06082948521099665
1777877715.990608,0.2769184593526726,-0.11960680617427037,0.5373399380492907,1,26.090145111083984,26.358604431152344,0.06091845935412975,0.033892385723772,0.05933959460312942
1777877716.0412922,0.2722693158419925,-0.11868346857509518,0.536507669970409,1,26.427507400512695,26.802778244018555,0.056269315843449616,0.03481572332294719,0.05850732652424772
1777877716.0944068,0.2619212420068023,-0.11815773464130837,0.5347881203517191,1,29.63995933532715,29.871225357055664,0.045921242008259436,0.035341457256734,0.05678777690555775
1777877716.1432557,0.24822723931210716,-0.11956759230090613,0.5326573453792213,1,28.102636337280273,28.357982635498047,0.032227239313564304,0.033931599597136236,0.05465700193305998
1777877716.1947658,0.24063971545702742,-0.12123453746156618,0.5312098183928032,1,29.371023178100586,29.62327003479004,0.024639715458484562,0.03226465443647619,0.05320947494664194
1777877716.2485209,0.22598109953990575,-0.1254017016566972,0.5279731902500402,1,32.92202949523926,33.15234184265137,0.009981099541362878,0.02809749024134517,0.04997284680387888
1777877716.2881165,0.2173642743710139,-0.12778286002644682,0.525953077814088,1,22.359609603881836,22.591352462768555,0.0013642743724710527,0.025716331871595555,0.04795273436792665
1777877716.334665,0.20009951888957817,-0.13262528249205666,0.521061547190817,1,18.82481575012207,19.06871795654297,-0.015900481108964706,0.020873909405985713,0.04306120374465566
1777877716.4025607,0.18379757384635242,-0.1375178711402827,0.5149480726821386,1,35.63261032104492,35.834312438964844,-0.03220242615219045,0.01598132075775968,0.0369477292359773
1777877716.4368522,0.16730067969333268,-0.1423757887855077,0.508760706247765,1,19.768476486206055,19.95372772216797,-0.04869932030521017,0.01112340311253468,0.030760362801603686
1777877716.4947367,0.15861180023545593,-0.14525128812541516,0.5054416901267688,1,27.4660587310791,27.741670608520508,-0.05738819976308693,0.008247903772627227,0.02744134668060741
1777877716.5362754,0.14235567597894766,-0.14972315823224264,0.5000816898632192,1,19.022703170776367,19.22297477722168,-0.07364432401959518,0.0037760336657997468,0.022081346417057945
1777877716.595431,0.12765075694400518,-0.1535802870679338,0.49558807404347377,1,27.85015106201172,28.086423873901367,-0.08834924305453767,-8.109516989142362e-05,0.017587730597312466
1777877716.6395977,0.12152468609337252,-0.15571487568319262,0.4934135009440015,1,21.905899047851562,22.180795669555664,-0.09447531390517033,-0.0022156837851502464,0.015413157497840196
1777877716.6880677,0.11036740257692343,-0.158555486988918,0.4896848206606574,1,20.154476165771484,20.392894744873047,-0.10563259742161943,-0.005056295090875629,0.011684477214496038
1777877716.7474406,0.0967506607040037,-0.1608439280238142,0.4853205499200187,1,29.47831153869629,29.685020446777344,-0.11924933929453915,-0.007344736125771828,0.007320206473857387
1777877716.7920542,0.08487369008113327,-0.16384276038013174,0.48112996218532145,1,23.345947265625,23.578405380249023,-0.1311263099174096,-0.010343568482089352,0.0031296187391601366
1777877716.8620644,0.08076353493712135,-0.16545840160721567,0.47971424513578054,1,42.520999908447266,42.78397560119629,-0.1352364650614215,-0.011959209709173302,0.0017139016896192127
1777877716.8843632,0.07467098867975164,-0.17110344653142376,0.47715393493629654,1,14.792203903198242,15.024900436401367,-0.14132901131879122,-0.01760425463338139,-0.00084640850986481
1777877716.934259,0.0695921509728325,-0.17998236444628887,0.47471582009222413,1,14.607429504394531,14.832258224487305,-0.14640784902571036,-0.026483172548246503,-0.0032845233539372243
1777877716.9916358,0.06821169376867109,-0.18466196495129977,0.4742094982576102,1,21.60787582397461,21.841764450073242,-0.14778830622987177,-0.031162773053257403,-0.00379084518855112
1777877717.0375159,0.06683816233365883,-0.1944200702604063,0.4749370725997554,1,17.44389533996582,17.655611038208008,-0.14916183766488403,-0.04092087836236394,-0.0030632708464059105
1777877717.099267,0.06807426406221645,-0.2053170731117178,0.4771902824184663,1,29.05750274658203,29.29091453552246,-0.1479257359363264,-0.05181788121367542,-0.0008100610276950276
1777877717.141381,0.06968604758428204,-0.20969331772645808,0.4782444308882663,1,21.081924438476562,21.334171295166016,-0.14631395241426082,-0.05619412582841571,0.0002440874421049677
1777877717.1900277,0.07671034713645944,-0.2185776960289286,0.481417172679649,1,19.243717193603516,19.460678100585938,-0.13928965286208342,-0.06507850413088623,0.0034168292334876837
1777877717.2453067,0.08828582102849294,-0.22625989468431454,0.4858001369823569,1,23.70595932006836,23.953914642333984,-0.1277141789700499,-0.07276070278627217,0.007799793536195573
1777877717.2959874,0.09572710509622344,-0.22938811655551092,0.48843824245288203,1,24.278879165649414,24.563074111938477,-0.12027289490231942,-0.07588892465746855,0.010437899006720687
1777877717.3497145,0.11152011878118126,-0.23398982536198354,0.49349336405585686,1,26.517391204833984,26.757478713989258,-0.1044798812173616,-0.08049063346394117,0.015493020609695568
1777877717.3896742,0.12052294926187973,-0.23529432504127357,0.49645160237888525,1,15.071392059326172,15.308141708374023,-0.09547705073666313,-0.0817951331432312,0.01845125893272393
1777877717.4600391,0.13965134143346378,-0.2372737779241221,0.5014806187489524,1,35.18342971801758,35.43686866760254,-0.07634865856507908,-0.08377458602607973,0.023480275302791113
1777877717.4978375,0.16084986617207703,-0.23831639678440691,0.5057211580350282,1,22.871017456054688,23.105859756469727,-0.055150133826465844,-0.08481720488636454,0.027720814588866854
1777877717.5633354,0.18394812824203088,-0.23832991297801137,0.5101234645127312,1,38.3152961730957,38.55109214782715,-0.032051871756511974,-0.084830721079969,0.03212312106656988
1777877717.5981922,0.19499362778556634,-0.23737720671086926,0.51266925669095,1,23.146867752075195,23.32329750061035,-0.021006372212976528,-0.08387801481282689,0.03466891324478866
1777877717.6427963,0.2150072802298406,-0.2337113831043312,0.5181665754792337,1,16.982555389404297,17.20571517944336,-0.0009927197687022576,-0.08021219120628884,0.040166232033072354
1777877717.7200944,0.23349944667015696,-0.22805463644365215,0.5230794248254834,1,41.53728485107422,44.32106018066406,0.0174994466716141,-0.07455544454560978,0.04507908137932214
1777877717.75299,0.24107278184933523,-0.22482793563498543,0.5252627708983002,1,26.91936492919922,27.116060256958008,0.025072781850792383,-0.07132874373694306,0.04726242745213886
1777877717.7916076,0.25739052359403697,-0.21611297252018621,0.5302112403705929,1,15.511512756347656,15.70749282836914,0.041390523595494125,-0.06261378062214384,0.05221089692443151
1777877717.8581975,0.2702325995498006,-0.20612869573562845,0.5335373630922081,1,31.94880485534668,32.18889236450195,0.05423259955125777,-0.05262950383758608,0.055537019646046785
1777877717.9023352,0.27508341028544586,-0.20033407327020544,0.5347037680866334,1,26.018857955932617,26.251792907714844,0.05908341028690302,-0.04683488137216307,0.0567034246404721
1777877717.956459,0.2828459169702391,-0.18899455486413172,0.5367271799120117,1,29.56700325012207,29.796361923217773,0.0668459169716962,-0.03549536296608935,0.058726836465850314
1777877718.0012698,0.288353304148722,-0.17641435529965735,0.5384791127548479,1,24.386882781982422,24.595022201538086,0.07235330415017917,-0.02291516340161498,0.060478769308686633
1777877718.0562155,0.2901410006980997,-0.1695281171083549,0.5393225259007831,1,29.11233901977539,29.315948486328125,0.07414100069955688,-0.016028925210312517,0.061322182454621774
1777877718.1016812,0.2931536629622703,-0.15684287461572982,0.5406316227379813,1,24.514198303222656,24.70541000366211,0.07715366296372743,-0.0033436827176874517,0.0626312792918199
1777877718.1551852,0.2941096598627137,-0.14435479879492658,0.5414169893723633,1,27.848005294799805,28.040170669555664,0.07810965986417086,0.009144393103115808,0.06341664592620197
1777877718.206381,0.2936570189797888,-0.13884271291026715,0.5416757280910719,1,28.855323791503906,29.064655303955078,0.07765701898124593,0.014656478987775223,0.06367538464491058
1777877718.2675478,0.2914913825254302,-0.12937137728564868,0.5413797081443468,1,39.78681564331055,40.018320083618164,0.07549138252688738,0.02412781461239369,0.06337936469818546
1777877718.318781,0.28677899053983097,-0.12222488900708882,0.540625861294976,1,40.837764739990234,41.08476638793945,0.07077899054128813,0.03127430289095355,0.06262551784881469
1777877718.351079,0.2831116983414501,-0.11927156273470023,0.5400023005170399,1,23.113250732421875,23.30493927001953,0.06711169834290723,0.03422762916334214,0.062001957070878605
1777877718.4076693,0.2735658503276652,-0.1150696354049147,0.5383802518908868,1,29.620647430419922,29.819011688232422,0.057565850329122356,0.03842955649312767,0.06037990844472549
1777877718.4503355,0.263528827099324,-0.11332617095827933,0.5371124626561903,1,22.2165584564209,22.422313690185547,0.04752882710078117,0.040173020939763035,0.05911211921002898
1777877718.510223,0.2580205176189696,-0.11325575067916471,0.5364515438037496,1,31.592130661010742,31.934261322021484,0.04202051762042676,0.04024344121887766,0.05845120035758823
1777877718.5595262,0.24213961397844624,-0.11480218208901063,0.5338656772271487,1,29.544591903686523,30.678749084472656,0.0261396139799034,0.038697009809031735,0.05586533378098736
1777877718.599683,0.22482568734177413,-0.11910171779173741,0.5306593121001977,1,20.02406120300293,20.241260528564453,0.008825687343231275,0.03439747410630496,0.0526589686540364
1777877718.6534681,0.21682391505569087,-0.12189118341281333,0.5290740736936249,1,23.64492416381836,23.85401725769043,0.0008239150571480308,0.031608008485229044,0.051073730247463624
1777877718.7031786,0.2005919981515465,-0.12925918007545528,0.5262816705620434,1,23.293495178222656,23.51975440979004,-0.01540800184699638,0.024240011822587088,0.0482813271158821
1777877718.759654,0.18379914384227253,-0.13950833824160486,0.523601964823749,1,29.412269592285156,29.68311309814453,-0.032200856156270344,0.013990853656437513,0.04560162137758765
1777877718.8130136,0.16619724754242443,-0.15289714911509303,0.5206456674103642,1,32.43207931518555,32.64331817626953,-0.04980275245611844,0.0006020427829493413,0.04264532396420288
1777877718.8624465,0.15755414862760658,-0.16034643569787763,0.519260210517423,1,31.601667404174805,31.8450927734375,-0.058445851370936275,-0.0068472437998352564,0.04125986707126168
1777877718.9035208,0.14111036320839435,-0.17437867535100307,0.5170854104831173,1,21.48294448852539,21.730661392211914,-0.07488963679014851,-0.0208794834529607,0.03908506703695598
1777877718.950185,0.12669656306635416,-0.18687086500898903,0.5160015557047403,1,18.148422241210938,18.337249755859375,-0.0893034369321887,-0.03337167311094666,0.0380012122585789
1777877719.0067413,0.11950721133202288,-0.19292617216264304,0.5159080512129313,1,24.595022201538086,24.78766441345215,-0.09649278866651997,-0.039426980264600675,0.03790770776676994
1777877719.0534303,0.10536711911968874,-0.2040461154686607,0.5165140334593793,1,21.19922637939453,21.411657333374023,-0.11063288087885412,-0.050546923570618324,0.03851369001321794
1777877719.1230369,0.0922775474965763,-0.21327819936696285,0.5177590673499483,1,40.71664810180664,40.920257568359375,-0.12372245250196656,-0.05977900746892048,0.039758723903786916
1777877719.1754072,0.0861760350047922,-0.21688726229021132,0.5189563642128586,1,42.6173210144043,42.89746284484863,-0.12982396499375065,-0.06338807039216895,0.040956020766697285
1777877719.2125933,0.07443501168080369,-0.22478300162437148,0.5228498995470333,1,26.57914161682129,29.1135311126709,-0.14156498831773917,-0.07128380972632911,0.04484955610087199
1777877719.262238,0.06343928348710182,-0.2324939668137141,0.526864834287736,1,28.50818634033203,28.718948364257812,-0.15256071651144104,-0.07899477491567172,0.04886449084157464
1777877719.3258386,0.058656261144483524,-0.23543733929543725,0.5288383786939247,1,41.99957847595215,42.23489761352539,-0.15734373885405933,-0.08193814739739488,0.050838035247763404
1777877719.3635929,0.051519674282040684,-0.2391031314319384,0.532085175562983,1,28.788328170776367,29.052734375,-0.16448032571650217,-0.08560393953389603,0.05408483211682161
1777877719.4118865,0.04446821204107601,-0.24142557037743317,0.5353147557905933,1,27.032136917114258,27.274370193481445,-0.17153178795746685,-0.0879263784793908,0.05731441234443196
1777877719.4520977,0.042022389606432786,-0.24187249547958375,0.5362532982872301,1,17.214059829711914,17.43006706237793,-0.17397761039211007,-0.08837330358154138,0.058252954841068794
1777877719.5155685,0.03912121209033381,-0.24173172250250605,0.5370145490661802,1,30.265092849731445,30.505657196044922,-0.17687878790820905,-0.08823253060446368,0.05901420562001883
1777877719.565357,0.03922915336150362,-0.24021006021632269,0.5363116573179801,1,28.19347381591797,28.424978256225586,-0.17677084663703924,-0.08671086831828032,0.05831131387181886
1777877719.6074939,0.040765684685577286,-0.23900150642194515,0.5352473094644962,1,20.229339599609375,20.443439483642578,-0.17523431531296557,-0.08550231452390278,0.0572469660183348
1777877719.6687546,0.043383280414407144,-0.2376933773754626,0.533685196025072,1,31.389474868774414,31.582117080688477,-0.1726167195841357,-0.08419418547742022,0.055684852578910746
