t,x,y,z,success,ik_ms,total_ms,dx,dy,dz,robot_ms,setup_ms,loop_ms,iterations,iter_ms,pos_err_mm,track_err_mm,mem_kb,deadline_missed
1778472440.439349,0.224668,-0.297744,0.534379,1,0.7458,0.8625,0.008668,-0.002518,0.004644,0.0006,0.4862,0.259,1,0.25904,0.2816,0.2816,152300,0
1778472440.479627,0.227107,-0.297734,0.535486,1,0.2709,0.3858,0.011107,-0.002507,0.005752,0.0005,0.1116,0.1588,1,0.1588,0.0737,0.0737,152328,0
1778472440.519936,0.229661,-0.297709,0.536264,1,0.2633,0.3849,0.013661,-0.002482,0.006529,0.0005,0.1091,0.1537,1,0.15366,0.089,0.089,152336,0
1778472440.560112,0.232296,-0.297539,0.536979,1,0.1985,0.2924,0.016296,-0.002312,0.007244,0.0005,0.0743,0.1237,1,0.12371,0.1059,0.1059,152340,0
1778472440.600299,0.235076,-0.297637,0.537857,1,0.2544,0.3617,0.019076,-0.00241,0.008122,0.0005,0.1017,0.1522,1,0.15218,0.125,0.125,152340,0
1778472440.640569,0.238264,-0.297816,0.538878,1,0.5007,0.7235,0.022264,-0.002589,0.009144,0.0005,0.1094,0.3909,1,0.3909,0.1487,0.1487,152352,0
1778472440.680936,0.241241,-0.298065,0.540043,1,0.3858,0.5705,0.025241,-0.002838,0.010309,0.001,0.1434,0.2414,1,0.24139,0.1673,0.1673,152356,0
1778472440.721172,0.244579,-0.298213,0.541495,1,0.4231,0.6073,0.028579,-0.002986,0.01176,0.0009,0.1519,0.2702,1,0.27024,0.1925,0.1925,152368,0
1778472440.762058,0.247909,-0.29828,0.543159,1,0.4131,0.6101,0.031909,-0.003053,0.013425,0.0009,0.1646,0.2476,1,0.24756,0.2114,0.2114,152368,0
1778472440.802539,0.251171,-0.298249,0.545387,1,0.2864,0.4355,0.035171,-0.003023,0.015652,0.0007,0.1198,0.1659,1,0.16594,0.2334,0.2334,152372,0
1778472440.842814,0.254239,-0.29811,0.547547,1,0.275,0.4127,0.038239,-0.002883,0.017813,0.0005,0.1113,0.1632,1,0.16319,0.2491,0.2491,152380,0
1778472440.882958,0.257495,-0.297853,0.549461,1,0.2366,0.3399,0.041495,-0.002626,0.019726,0.0005,0.095,0.1412,1,0.14116,0.267,0.267,152388,0
1778472440.923157,0.261586,-0.297593,0.551414,1,0.2602,0.3697,0.045586,-0.002366,0.02168,0.0004,0.1061,0.1537,1,0.1537,0.296,0.296,152388,0
1778472440.963589,0.265742,-0.297112,0.552832,1,0.4248,0.6273,0.049742,-0.001885,0.023098,0.0009,0.1512,0.2727,1,0.27269,0.3215,0.3215,152392,0
1778472441.003892,0.271276,-0.296392,0.554016,1,0.4026,0.5805,0.055276,-0.001165,0.024281,0.0008,0.1557,0.246,1,0.24604,0.3747,0.3747,152396,0
1778472441.044165,0.276728,-0.295634,0.554746,1,0.5771,0.8101,0.060728,-0.000408,0.025012,0.0011,0.1982,0.3778,1,0.37775,0.4133,0.4133,152396,0
1778472441.084338,0.283711,-0.294644,0.554871,1,0.3895,0.5572,0.067711,0.000583,0.025137,0.0006,0.1431,0.2458,1,0.24576,0.5035,0.5035,152404,0
1778472441.124938,0.290889,-0.294148,0.554792,1,0.4094,0.6056,0.074889,0.001079,0.025058,0.001,0.1598,0.2486,1,0.24864,0.5763,0.5763,152408,0
1778472441.165165,0.297971,-0.293463,0.553594,1,0.4596,1.4542,0.081971,0.001764,0.023859,0.0008,0.1702,0.2886,1,0.28862,0.669,0.669,152416,0
1778472441.205344,0.306066,-0.293151,0.552345,1,0.3918,0.5677,0.090066,0.002076,0.02261,0.0008,0.1519,0.2391,1,0.2391,0.8012,0.8012,152416,0
1778472441.245625,0.313335,-0.293051,0.551099,1,0.9484,1.2042,0.097335,0.002176,0.021365,0.0009,0.7445,0.203,1,0.20304,0.8842,0.8842,152424,0
1778472441.285964,0.319781,-0.29313,0.550594,1,0.3998,0.5867,0.103781,0.002097,0.020859,0.0008,0.1391,0.2599,1,0.25991,0.9436,0.9436,152428,0
1778472441.328791,0.324326,-0.292794,0.550103,1,0.423,0.6213,0.108326,0.002433,0.020369,0.0009,0.149,0.2731,1,0.27313,0.964,0.964,152432,0
1778472441.369158,0.329163,-0.29289,0.549915,1,0.4663,0.6529,0.113163,0.002336,0.020181,0.0009,0.1785,0.287,1,0.28697,1.0548,1.0548,152432,0
1778472441.409498,0.332559,-0.292844,0.549741,1,0.3449,0.5154,0.116559,0.002382,0.020007,0.0006,0.1251,0.2192,1,0.21925,1.079,1.079,152436,0
1778472441.449692,0.3357,-0.292917,0.54921,1,0.4627,0.6609,0.1197,0.00231,0.019476,0.001,0.1751,0.2865,1,0.28654,1.1445,1.1445,152444,0
1778472441.490127,0.339576,-0.293291,0.548573,1,0.4683,0.6881,0.123576,0.001936,0.018839,0.001,0.1819,0.2854,1,0.28543,1.2511,1.2511,152444,0
1778472441.530299,0.342273,-0.293493,0.548123,1,0.4116,0.5839,0.126273,0.001734,0.018388,0.0007,0.1457,0.2651,1,0.26514,1.3017,1.3017,152456,0
1778472441.570642,0.345059,-0.29345,0.547927,1,0.4787,0.7106,0.129059,0.001777,0.018193,0.001,0.1655,0.3122,1,0.31217,1.3679,1.3679,152460,0
1778472441.610929,0.346783,-0.292967,0.547851,1,0.3775,0.5295,0.130783,0.00226,0.018116,0.0007,0.1306,0.2462,1,0.24618,1.401,1.401,152460,0
1778472441.651101,0.348835,-0.292198,0.547238,1,0.3865,0.585,0.132835,0.003029,0.017504,0.001,0.1476,0.238,1,0.23796,1.4663,1.4663,152472,0
1778472441.691259,0.350607,-0.291641,0.547428,1,0.3998,0.5957,0.134607,0.003586,0.017694,0.0008,0.1472,0.2518,1,0.25183,1.5136,1.5136,152476,0
1778472441.731429,0.35209,-0.291353,0.548397,1,0.45,0.6652,0.13609,0.003873,0.018663,0.0009,0.1542,0.2949,1,0.29492,1.5474,1.5474,152476,0
1778472441.771636,0.353605,-0.291183,0.549259,1,0.404,0.5921,0.137605,0.004043,0.019524,0.0006,0.1544,0.249,1,0.24899,1.5842,1.5842,152480,0
1778472441.811793,0.354811,-0.290869,0.549547,1,0.4024,0.6082,0.138811,0.004357,0.019812,0.0008,0.1494,0.2522,1,0.25225,1.6221,1.6221,152488,0
1778472441.85211,0.355491,-0.291015,0.549586,1,0.3923,0.591,0.139491,0.004212,0.019851,0.001,0.1455,0.2459,1,0.24587,1.6531,1.6531,152488,0
1778472441.892287,0.35549,-0.291309,0.549488,1,0.3896,0.5845,0.13949,0.003917,0.019754,0.001,0.1401,0.2484,1,0.24839,1.6659,1.6659,152492,0
1778472441.932529,0.354989,-0.291627,0.5497,1,0.4065,0.5768,0.138989,0.0036,0.019965,0.0008,0.1679,0.2379,1,0.2379,1.6569,1.6569,152496,0
1778472441.972836,0.353851,-0.291977,0.550364,1,0.386,0.5689,0.137851,0.00325,0.02063,0.0008,0.1469,0.2383,1,0.23832,1.6232,1.6232,152500,0
1778472442.013026,0.352827,-0.291924,0.550474,1,0.4065,0.6165,0.136827,0.003302,0.02074,0.0008,0.1676,0.238,1,0.23799,1.5763,1.5763,152500,0
1778472442.053216,0.352133,-0.292072,0.550417,1,0.423,0.5962,0.136133,0.003155,0.020682,0.0008,0.1457,0.2765,1,0.27645,1.5429,1.5429,152516,0
1778472442.093424,0.350826,-0.292162,0.550707,1,0.4589,0.6587,0.134826,0.003065,0.020972,0.001,0.1755,0.2824,1,0.28244,1.5121,1.5121,152528,0
1778472442.133734,0.349024,-0.292126,0.550869,1,0.4186,0.6012,0.133024,0.003101,0.021135,0.0007,0.1612,0.2567,1,0.25675,1.4678,1.4678,152528,0
1778472442.173984,0.347787,-0.292563,0.55084,1,0.4255,0.6103,0.131787,0.002664,0.021106,0.001,0.164,0.2605,1,0.26054,1.4159,1.4159,152532,0
1778472442.214191,0.34731,-0.293889,0.551517,1,0.4117,0.6079,0.13131,0.001338,0.021782,0.0008,0.1587,0.2523,1,0.25233,1.3995,1.3995,152536,0
1778472442.254386,0.347709,-0.295295,0.552757,1,0.408,0.5766,0.131709,-6.8e-05,0.023023,0.0006,0.1494,0.2579,1,0.25792,1.4089,1.4089,152536,0
1778472442.294722,0.34885,-0.296557,0.555303,1,0.4605,0.6424,0.13285,-0.00133,0.025569,0.0009,0.1719,0.2876,1,0.28762,1.4333,1.4333,152540,0
1778472442.335018,0.35078,-0.29701,0.558194,1,0.5072,0.7258,0.13478,-0.001783,0.028459,0.0011,0.183,0.3231,1,0.32312,1.4698,1.4698,152544,0
1778472442.355108,0.35461,-0.295704,0.561988,1,0.3544,1.2369,0.13861,-0.000477,0.032254,0.0006,0.1229,0.231,1,0.23095,1.5501,1.5501,152544,0
1778472442.395555,0.358507,-0.294749,0.565633,1,0.3822,1.2578,0.142507,0.000478,0.035899,0.0009,0.1378,0.2436,1,0.24358,1.6262,1.6262,152552,0
1778472442.43597,0.361217,-0.294195,0.568463,1,0.3873,1.0549,0.145217,0.001032,0.038728,0.0007,0.1437,0.2429,1,0.2429,1.6793,1.6793,152624,0
1778472442.47615,0.363073,-0.293405,0.570793,1,0.3977,1.2185,0.147073,0.001822,0.041059,0.001,0.1536,0.2431,1,0.24311,1.7216,1.7216,152628,0
1778472442.516503,0.36527,-0.292744,0.572697,1,0.4394,0.7307,0.14927,0.002482,0.042963,0.0008,0.1506,0.288,1,0.28803,1.7805,1.7805,152640,0
1778472442.557201,0.35,-0.3,0.55,1,0.4128,0.5991,0.152126,0.002872,0.044025,0.0013,0.1599,0.2515,1,0.25155,2.7559,2.7559,152644,0
1778472442.598872,0.35,-0.3,0.55,1,0.4478,0.6375,0.154151,0.002986,0.044436,0.0009,0.1751,0.2718,1,0.27184,1.6095,1.6095,152648,0
1778472442.639062,0.35,-0.3,0.55,1,0.408,0.5981,0.156942,0.003331,0.044718,0.0008,0.1633,0.2438,1,0.24382,1.6189,1.6189,152648,0
1778472442.679258,0.4,-0.3,0.6,1,24.4424,27.5877,0.160774,0.002923,0.044949,0.0009,0.1699,24.2717,250,0.09709,6.0373,6.0373,152684,1
1778472442.727731,0.4,-0.3,0.6,1,20.9088,23.8726,0.168774,0.002488,0.044726,0.0007,0.1658,20.7422,250,0.08297,6.0332,6.0332,152692,1
1778472442.772394,0.389356,-0.292596,0.57408,1,21.2697,22.3476,0.173356,0.002631,0.044345,0.0007,0.1245,21.1445,250,0.08458,4.2091,4.2091,152692,1
1778472442.795333,0.392403,-0.292458,0.57346,1,9.6402,11.6782,0.176403,0.002769,0.043726,0.0002,0.0474,9.5926,250,0.03837,5.0238,5.0238,152696,0
1778472442.835575,0.393881,-0.292119,0.573176,1,18.9039,20.1229,0.177881,0.003108,0.043442,0.0006,0.1307,18.7726,250,0.07509,5.4822,5.4822,152700,1
1778472442.876742,0.395959,-0.291407,0.573037,1,18.6498,19.5332,0.179959,0.003819,0.043302,0.0008,0.141,18.508,250,0.07403,6.177,6.177,152704,1
1778472442.917183,0.397907,-0.290578,0.572832,1,18.9282,19.8844,0.181907,0.004648,0.043098,0.0009,0.1704,18.7569,250,0.07503,6.9278,6.9278,152708,1
1778472442.958682,0.399144,-0.289394,0.572064,1,19.0562,20.2347,0.183144,0.005833,0.042329,0.0007,0.1521,18.9034,250,0.07561,7.4565,7.4565,152712,1
1778472442.999633,0.4,-0.3,0.6,1,18.4025,21.2747,0.184241,0.006527,0.041273,0.0007,0.1248,18.277,250,0.07311,6.0415,6.0415,152716,1
1778472443.04178,0.4,-0.3,0.6,1,24.0182,27.069,0.183945,0.006786,0.040976,0.001,0.1798,23.8374,250,0.09535,6.0436,6.0436,152720,1
1778472443.08963,0.4,-0.3,0.6,1,20.0441,21.0871,0.18258,0.006978,0.041266,0.0006,0.1274,19.9162,250,0.07966,6.0479,6.0479,152720,1
1778472443.131572,0.4,-0.3,0.6,1,18.5749,19.162,0.18133,0.006739,0.041769,0.0009,0.1387,18.4353,250,0.07374,6.0497,6.0497,152724,0
1778472443.171822,0.4,-0.3,0.6,1,17.6368,20.6592,0.18046,0.006417,0.04239,0.0009,0.1506,17.4853,250,0.06994,6.0515,6.0515,152728,1
1778472443.213202,0.395894,-0.289087,0.572625,1,19.8311,20.8359,0.179894,0.00614,0.042891,0.0007,0.1273,19.703,250,0.07881,5.9046,5.9046,152728,1
1778472443.254752,0.395548,-0.289682,0.573132,1,19.5764,21.0583,0.179548,0.005545,0.043398,0.0008,0.1354,19.4402,250,0.07776,5.7942,5.7942,152732,1
1778472443.276649,0.395246,-0.290125,0.573586,1,9.4989,10.9233,0.179246,0.005102,0.043852,0.0003,0.0563,9.4423,250,0.03777,5.6876,5.6876,152744,0
1778472443.31692,0.394793,-0.290214,0.574014,1,17.7127,18.5198,0.178793,0.005013,0.044279,0.0009,0.1561,17.5558,250,0.07022,5.494,5.494,152744,0
1778472443.357206,0.394654,-0.290098,0.574097,1,17.4874,18.0704,0.178654,0.005129,0.044363,0.0008,0.17,17.3166,250,0.06927,5.4251,5.4251,152748,0
1778472443.397511,0.394341,-0.290084,0.574377,1,18.332,19.8293,0.178341,0.005142,0.044643,0.0006,0.141,18.1904,250,0.07276,5.2936,5.2936,152760,1
1778472443.438051,0.393527,-0.289513,0.574618,1,16.0619,16.8422,0.177527,0.005714,0.044884,0.0007,0.1463,15.9149,250,0.06366,4.9626,4.9626,152760,0
1778472443.478273,0.390783,-0.287469,0.575356,1,19.0241,20.1356,0.174783,0.007758,0.045622,0.0007,0.1314,18.892,250,0.07557,4.0577,4.0577,152764,1
1778472443.518981,0.389847,-0.28694,0.575834,1,18.4967,19.4842,0.173847,0.008287,0.046099,0.0007,0.1388,18.3572,250,0.07343,3.8086,3.8086,152772,0
1778472443.559152,0.389489,-0.28679,0.57623,1,19.1259,22.0919,0.173489,0.008437,0.046495,0.001,0.1576,18.9674,250,0.07587,3.7115,3.7115,152776,1
1778472443.602195,0.389353,-0.286688,0.576367,1,20.0497,20.8314,0.173353,0.008539,0.046633,0.0006,0.1154,19.9336,250,0.07973,3.6742,3.6742,152776,1
1778472443.64363,0.389286,-0.28652,0.57641,1,24.9213,25.7328,0.173286,0.008707,0.046675,0.0005,0.1748,24.7459,250,0.09898,3.6503,3.6503,152780,1
1778472443.68985,0.389112,-0.286203,0.576437,1,19.8031,20.7741,0.173112,0.009024,0.046703,0.0007,0.1492,19.6532,250,0.07861,3.6016,3.6016,152788,1
1778472443.731155,0.389083,-0.285639,0.57611,1,18.6744,21.851,0.173083,0.009588,0.046376,0.0008,0.1473,18.5263,250,0.07411,3.5821,3.5821,152788,1
1778472443.773785,0.4,-0.3,0.6,1,16.9205,18.1378,0.173071,0.010069,0.046283,0.0008,0.1489,16.7708,250,0.06708,6.0544,6.0544,152792,0
1778472443.813969,0.4,-0.3,0.6,1,18.4005,19.5704,0.173135,0.010703,0.046274,0.0011,0.1743,18.2251,250,0.0729,6.0552,6.0552,152804,0
1778472443.854391,0.4,-0.3,0.6,1,20.5598,21.5218,0.173157,0.011576,0.046303,0.0004,0.0691,20.4903,250,0.08196,6.0562,6.0562,152808,1
1778472443.876726,0.391672,-0.2821,0.577706,1,10.4705,11.1548,0.175672,0.013127,0.047972,0.0006,0.0915,10.3784,250,0.04151,3.738,3.738,152808,0
1778472443.916962,0.393684,-0.279946,0.578953,1,20.2556,21.3694,0.177684,0.015281,0.049219,0.0007,0.143,20.112,250,0.08045,3.9147,3.9147,152816,1
1778472443.958944,0.4,-0.3,0.6,1,19.2422,21.9081,0.182217,0.017763,0.050283,0.0009,0.1183,19.123,250,0.07649,6.0648,6.0648,152824,1
1778472444.001454,0.4,-0.25,0.6,1,0.6618,0.8449,0.183648,0.02047,0.051057,0.0008,0.16,0.501,3,0.16699,2.7055,2.7055,152824,0
1778472444.041654,0.400014,-0.271534,0.581304,1,22.117,22.5576,0.184014,0.023693,0.05157,0.0008,0.2199,21.8963,250,0.08759,4.6045,4.6045,152828,1
1778472444.084818,0.400252,-0.267234,0.58173,1,18.9386,19.0472,0.184252,0.027992,0.051996,0.0009,0.1287,18.8091,250,0.07524,4.3283,4.3283,152836,0
1778472444.125563,0.400559,-0.262776,0.58206,1,23.1721,26.758,0.184559,0.032451,0.052326,0.0005,0.0947,23.0768,250,0.09231,4.1018,4.1018,152844,1
1778472444.17286,0.401182,-0.25834,0.58237,1,21.4791,22.0715,0.185182,0.036886,0.052636,0.0007,0.1341,21.3443,250,0.08538,3.9666,3.9666,152844,1
1778472444.195422,0.401761,-0.254545,0.582457,1,9.4378,12.2679,0.185761,0.040682,0.052723,0.0003,0.0477,9.3898,250,0.03756,3.8836,3.8836,152848,0
1778472444.235718,0.402115,-0.249361,0.582294,1,20.456,23.2928,0.186115,0.045866,0.05256,0.0007,0.123,20.3323,250,0.08133,3.7214,3.7214,152856,1
1778472444.279657,0.402182,-0.244528,0.582161,1,17.9268,20.6697,0.186182,0.050699,0.052426,0.0008,0.1508,17.7752,250,0.0711,3.5475,3.5475,152856,1
1778472444.320962,0.402168,-0.23935,0.581984,1,19.0652,20.2283,0.186168,0.055877,0.05225,0.0005,0.1531,18.9116,250,0.07565,3.3751,3.3751,152860,1
1778472444.36188,0.402223,-0.234552,0.581822,1,19.0416,19.7167,0.186223,0.060675,0.052087,0.001,0.16,18.8806,250,0.07552,3.246,3.246,152864,0
1778472444.402455,0.399004,-0.226253,0.583482,1,0.5399,0.7323,0.183004,0.068974,0.053747,0.001,0.1585,0.3804,2,0.19021,2.5814,2.5814,152868,0
1778472444.442887,0.399102,-0.216989,0.585228,1,0.3767,0.5369,0.183102,0.078238,0.055493,0.001,0.1402,0.2355,1,0.23548,2.7055,2.7055,152868,0
1778472444.483238,0.400053,-0.209884,0.585759,1,0.4084,0.5871,0.184053,0.085343,0.056024,0.0007,0.1496,0.2581,1,0.2581,2.4828,2.4828,152872,0
1778472444.523548,0.397819,-0.203955,0.586038,1,0.4258,0.6128,0.181819,0.091272,0.056304,0.0006,0.1619,0.2633,1,0.26329,2.4489,2.4489,152876,0
1778472444.563865,0.392912,-0.198244,0.586607,1,0.4018,0.5779,0.176912,0.096983,0.056872,0.0007,0.1549,0.2462,1,0.24618,2.3051,2.3051,152876,0
1778472444.604073,0.390741,-0.191399,0.58731,1,0.4396,0.628,0.174741,0.103828,0.057576,0.0012,0.1698,0.2686,1,0.26863,1.8575,1.8575,152892,0
1778472444.644261,0.388459,-0.184538,0.587443,1,0.4185,0.6023,0.172459,0.110689,0.057709,0.0006,0.1555,0.2624,1,0.26244,1.7344,1.7344,152900,0
1778472444.684449,0.389328,-0.17772,0.587682,1,0.4345,0.624,0.173328,0.117507,0.057947,0.0013,0.1729,0.2602,1,0.26025,1.6309,1.6309,152908,0
1778472444.724788,0.390387,-0.170053,0.587747,1,0.4299,0.6097,0.174387,0.125174,0.058013,0.0009,0.1549,0.274,1,0.27405,1.6724,1.6724,152916,0
1778472444.765111,0.390441,-0.162648,0.587853,1,0.3925,0.5796,0.174441,0.132579,0.058118,0.0009,0.153,0.2386,1,0.2386,1.6721,1.6721,152920,0
1778472444.805318,0.391381,-0.155635,0.587874,1,0.4482,1.1078,0.175381,0.139592,0.058139,0.0011,0.179,0.268,1,0.26804,1.6832,1.6832,152924,0
1778472444.845596,0.392432,-0.147648,0.588052,1,0.4657,3.7538,0.176432,0.147579,0.058317,0.0007,0.1607,0.3043,1,0.30435,1.7457,1.7457,152924,0
1778472444.886477,0.39285,-0.139781,0.588109,1,0.3521,0.5149,0.17685,0.155446,0.058374,0.0008,0.1144,0.2369,1,0.23692,1.7752,1.7752,152928,0
1778472444.929513,0.393313,-0.132994,0.588117,1,0.4501,0.6464,0.177313,0.162232,0.058382,0.001,0.1839,0.2653,1,0.26528,1.79,1.79,152932,0
1778472444.969791,0.394068,-0.126137,0.587966,1,0.4348,0.6243,0.178068,0.16909,0.058232,0.0007,0.1652,0.2689,1,0.26895,1.8429,1.8429,152952,0
1778472445.010141,0.395202,-0.119553,0.587878,1,0.2701,0.3871,0.179202,0.175674,0.058144,0.0005,0.1093,0.1603,1,0.1603,1.9179,1.9179,152952,0
1778472445.050463,0.397919,-0.11331,0.587839,1,0.4331,0.6222,0.181919,0.181917,0.058105,0.0008,0.1755,0.2568,1,0.2568,2.1086,2.1086,152956,0
1778472445.090738,0.397882,-0.107604,0.58787,1,0.3611,0.5192,0.181882,0.187623,0.058135,0.0009,0.1282,0.232,1,0.23196,2.1435,2.1435,152964,0
1778472445.131076,0.397219,-0.102247,0.587921,1,0.2687,0.3815,0.181219,0.19298,0.058187,0.0006,0.1086,0.1595,1,0.15951,2.1546,2.1546,152968,0
1778472445.171295,0.397716,-0.096424,0.587931,1,0.4673,0.6968,0.181716,0.198803,0.058196,0.0009,0.1509,0.3155,1,0.31554,2.244,2.244,152968,0
1778472445.211596,0.396188,-0.090935,0.588116,1,0.3909,0.5668,0.180188,0.204291,0.058382,0.0008,0.1466,0.2435,1,0.24351,2.4281,2.4281,152972,0
1778472445.251857,0.394897,-0.084825,0.588282,1,0.4972,0.7366,0.178897,0.210402,0.058547,0.0011,0.1751,0.321,1,0.32096,2.5828,2.5828,152976,0
1778472445.292047,0.393946,-0.079409,0.588469,1,0.3871,0.5762,0.177946,0.215817,0.058735,0.0006,0.1436,0.2429,1,0.2429,2.7777,2.7777,152984,0
1778472445.332215,0.390956,-0.073782,0.588572,1,0.5562,0.7275,0.174956,0.221445,0.058837,0.0006,0.1609,0.3947,2,0.19734,1.9908,1.9908,152984,0
1778472445.372409,0.390139,-0.068513,0.588779,1,0.5575,0.7309,0.174139,0.226714,0.059045,0.0009,0.1603,0.3963,2,0.19816,2.0041,2.0041,152988,0
1778472445.412596,0.390145,-0.062955,0.588906,1,0.5834,0.7426,0.174145,0.232272,0.059172,0.0008,0.1552,0.4275,2,0.21374,2.075,2.075,153004,0
1778472445.45288,0.390183,-0.057735,0.588979,1,0.5337,0.7202,0.174183,0.237491,0.059245,0.001,0.1551,0.3777,2,0.18883,2.1581,2.1581,153008,0
1778472445.493068,0.390277,-0.052319,0.588997,1,0.6745,0.8773,0.174277,0.242908,0.059263,0.0008,0.1801,0.4936,2,0.24681,2.2666,2.2666,153012,0
1778472445.533257,0.390285,-0.047421,0.589176,1,0.5267,0.6925,0.174285,0.247806,0.059442,0.0007,0.1281,0.3979,2,0.19894,2.383,2.383,153012,0
1778472445.573462,0.390564,-0.04206,0.58911,1,0.555,0.7341,0.174564,0.253167,0.059376,0.0009,0.1572,0.397,2,0.19851,2.5614,2.5614,153016,0
1778472445.613712,0.390846,-0.037091,0.589073,1,0.5757,0.7683,0.174846,0.258136,0.059338,0.0007,0.1641,0.4109,2,0.20546,2.7863,2.7863,153024,0
1778472445.653941,0.391144,-0.032136,0.589215,1,23.9692,27.4197,0.175144,0.263091,0.05948,0.0008,0.1397,23.8286,250,0.09531,3.1466,3.1466,153028,1
1778472445.682084,0.391104,-0.033156,0.589205,1,11.0261,11.1088,0.175104,0.262071,0.05947,0.0003,0.0647,10.961,250,0.04384,3.0499,3.0499,153028,0
1778472445.722267,0.391029,-0.034451,0.589182,1,0.6643,0.8206,0.175029,0.260775,0.059448,0.0006,0.1371,0.5266,3,0.17553,2.929,2.929,153040,0
1778472445.762467,0.391014,-0.034702,0.589178,1,0.6646,0.8465,0.175014,0.260525,0.059443,0.0011,0.1547,0.5088,3,0.1696,2.9083,2.9083,153044,0
1778472445.802837,0.391012,-0.034735,0.589177,1,0.6346,0.8083,0.175012,0.260492,0.059443,0.0006,0.1354,0.4986,3,0.16621,2.9042,2.9042,153044,0
1778472445.843082,0.391012,-0.034738,0.589177,1,0.6935,0.8644,0.175012,0.260489,0.059443,0.001,0.1629,0.5297,3,0.17656,2.9022,2.9022,153048,0
1778472445.883283,0.391012,-0.034739,0.589177,1,0.6772,0.8702,0.175012,0.260488,0.059443,0.0008,0.1421,0.5343,3,0.17811,2.9039,2.9039,153052,0
1778472445.923573,0.391012,-0.034739,0.589177,1,0.6509,0.8409,0.175012,0.260488,0.059443,0.0008,0.1324,0.5177,3,0.17256,2.9051,2.9051,153060,0
1778472445.963895,0.391012,-0.034739,0.589177,1,0.6969,0.8875,0.175012,0.260488,0.059443,0.0009,0.1627,0.5333,3,0.17778,2.9053,2.9053,153064,0
1778472446.004231,0.391012,-0.034739,0.589177,1,0.8251,1.0498,0.175012,0.260488,0.059443,0.001,0.1695,0.6546,3,0.21821,2.9076,2.9076,153068,0
1778472446.044482,0.391012,-0.034739,0.589177,1,0.6998,0.8719,0.175012,0.260488,0.059443,0.001,0.174,0.5248,3,0.17494,2.911,2.911,153068,0
1778472446.084733,0.391012,-0.034739,0.589177,1,0.6989,0.8898,0.175012,0.260488,0.059443,0.0009,0.1614,0.5366,3,0.17887,2.9118,2.9118,153072,0
1778472446.125036,0.391012,-0.034739,0.589177,1,0.6696,1.5754,0.175012,0.260488,0.059443,0.0006,0.1347,0.5343,3,0.17809,2.9103,2.9103,153072,0
1778472446.165231,0.391012,-0.034739,0.589177,1,0.6777,1.5247,0.175012,0.260488,0.059443,0.0008,0.1488,0.5281,3,0.17604,2.9134,2.9134,153072,0
1778472446.205524,0.391012,-0.034739,0.589177,1,0.6749,3.8167,0.175012,0.260488,0.059443,0.0007,0.152,0.5221,3,0.17404,2.9172,2.9172,153076,0
1778472446.245882,0.391012,-0.034739,0.589177,1,0.3969,0.7505,0.175012,0.260488,0.059443,0.0004,0.106,0.2906,3,0.09685,2.9254,2.9254,153076,0
1778472446.286059,0.386423,-0.042865,0.589585,1,0.6193,1.4608,0.170423,0.252362,0.05985,0.0005,0.1797,0.4391,2,0.21956,2.4914,2.4914,153076,0
1778472446.328435,0.35,-0.05,0.6,1,0.7392,0.9496,0.154141,0.222851,0.061435,0.0009,0.1584,0.5799,3,0.1933,0.9174,0.9174,153076,0
1778472446.368726,0.366466,-0.07915,0.591537,1,0.4429,0.6182,0.150466,0.216077,0.061803,0.0008,0.1619,0.2801,1,0.28012,1.6072,1.6072,153076,0
1778472446.409364,0.368186,-0.090637,0.593516,1,0.3981,0.5843,0.152186,0.20459,0.063781,0.0008,0.145,0.2524,1,0.25237,1.1266,1.1266,153076,0
1778472446.449753,0.370325,-0.099856,0.595147,1,0.4138,0.5996,0.154325,0.195371,0.065413,0.0009,0.1587,0.2542,1,0.25416,1.1529,1.1529,153076,0
1778472446.489923,0.376349,-0.113688,0.597637,1,0.4222,0.6165,0.160349,0.181539,0.067903,0.0011,0.167,0.2542,1,0.25418,1.4216,1.4216,153076,0
1778472446.530191,0.382546,-0.127835,0.599758,1,0.4657,0.6707,0.166546,0.167392,0.070024,0.001,0.1594,0.3053,1,0.30527,1.5628,1.5628,153092,0
1778472446.570356,0.388073,-0.140262,0.601576,1,0.3682,0.5293,0.172073,0.154965,0.071841,0.0005,0.1262,0.2414,1,0.24144,1.6242,1.6242,153092,0
1778472446.610764,0.389047,-0.151291,0.602567,1,0.3893,0.5764,0.173047,0.143936,0.072832,0.0008,0.1425,0.246,1,0.24596,1.5263,1.5263,153092,0
1778472446.651035,0.393809,-0.161609,0.603757,1,0.4491,0.6574,0.177809,0.133618,0.074022,0.0007,0.1637,0.2847,1,0.28466,1.7354,1.7354,153092,0
1778472446.691293,0.397659,-0.171349,0.604692,1,0.3998,0.5884,0.181659,0.123878,0.074958,0.0007,0.1472,0.2519,1,0.25193,1.865,1.865,153092,0
1778472446.731495,0.398913,-0.18232,0.605386,1,0.413,0.6049,0.182913,0.112906,0.075652,0.0008,0.163,0.2493,1,0.2493,1.9296,1.9296,153092,0
1778472446.77186,0.400607,-0.192771,0.606025,1,0.4218,0.6113,0.184607,0.102456,0.076291,0.0009,0.1469,0.2741,1,0.27408,2.0473,2.0473,153092,0
1778472446.812114,0.402562,-0.203512,0.606526,1,0.4015,0.6065,0.186562,0.091715,0.076792,0.0006,0.1505,0.2504,1,0.25039,2.2373,2.2373,153092,0
1778472446.852499,0.395478,-0.213941,0.606191,1,0.489,0.6925,0.179478,0.081285,0.076456,0.0009,0.1911,0.2971,1,0.29707,2.3913,2.3913,153096,0
1778472446.89274,0.388468,-0.224835,0.605947,1,0.3967,0.5651,0.172468,0.070392,0.076213,0.0007,0.1287,0.2673,1,0.26734,1.9702,1.9702,153100,0
1778472446.933047,0.384711,-0.234726,0.606131,1,0.4113,0.6085,0.168711,0.060501,0.076396,0.0008,0.1623,0.2483,1,0.24829,1.6622,1.6622,153100,0
1778472446.973243,0.380685,-0.245115,0.606448,1,0.4141,0.6028,0.164685,0.050112,0.076714,0.0007,0.1479,0.2655,1,0.26549,1.6123,1.6123,153100,0
1778472447.013452,0.376615,-0.25437,0.606656,1,0.4454,0.6189,0.160615,0.040857,0.076922,0.0009,0.1788,0.2656,1,0.26565,1.5217,1.5217,153100,0
1778472447.053725,0.371671,-0.264425,0.606745,1,0.4068,0.5972,0.155671,0.030801,0.07701,0.0008,0.1488,0.2572,1,0.25715,1.4821,1.4821,153100,0
1778472447.094027,0.35,-0.3,0.6,1,0.6386,0.822,0.149871,0.020107,0.076957,0.0008,0.1625,0.4752,2,0.23761,1.1621,1.1621,153112,0
1778472447.13424,0.360319,-0.284312,0.606623,1,0.4221,0.6097,0.144319,0.010914,0.076889,0.001,0.163,0.2581,1,0.25809,1.6809,1.6809,153112,0
1778472447.174559,0.353375,-0.294632,0.606453,1,0.5463,0.7989,0.137375,0.000595,0.076719,0.0011,0.2083,0.3369,1,0.33689,1.2999,1.2999,153120,0
1778472447.194852,0.345709,-0.305211,0.606228,1,0.37,0.5454,0.129709,-0.009984,0.076494,0.0007,0.1355,0.2338,1,0.23377,1.238,1.238,153120,0
1778472447.256894,0.337369,-0.315979,0.605945,1,0.438,0.6515,0.121369,-0.020753,0.076211,0.0007,0.1554,0.2819,1,0.2819,1.1834,1.1834,153120,0
1778472447.276966,0.35,-0.35,0.6,1,0.6702,0.877,0.112357,-0.031545,0.075808,0.0008,0.1617,0.5077,2,0.25386,2.0152,2.0152,153120,0
1778472447.317209,0.319555,-0.336755,0.605261,1,0.5995,0.8137,0.103555,-0.041529,0.075526,0.0007,0.1568,0.442,2,0.22101,1.5099,1.5099,153120,0
1778472447.357458,0.310066,-0.346877,0.605023,1,0.3941,0.5856,0.094066,-0.05165,0.075288,0.0007,0.1481,0.2453,1,0.24528,0.9524,0.9524,153120,0
1778472447.397713,0.29931,-0.357569,0.604788,1,0.4007,0.5985,0.08331,-0.062342,0.075053,0.0008,0.1467,0.2533,1,0.25327,0.997,0.997,153120,0
1778472447.439456,0.288201,-0.36784,0.604506,1,0.2795,0.4123,0.072201,-0.072614,0.074772,0.0005,0.1123,0.1667,1,0.16666,1.1168,1.1168,153120,0
1778472447.479636,0.3,-0.4,0.6,1,0.8691,1.1218,0.060085,-0.083435,0.074438,0.0004,0.3192,0.5495,2,0.27473,1.3752,1.3752,153124,0
1778472447.519863,0.263299,-0.389822,0.603835,1,0.7378,0.9747,0.047299,-0.094596,0.074101,0.0009,0.1938,0.5431,2,0.27155,0.899,0.899,153124,0
1778472447.560024,0.251067,-0.400145,0.603476,1,0.4981,0.7257,0.035067,-0.104919,0.073742,0.0009,0.1766,0.3206,1,0.32063,2.4322,2.4322,153124,0
1778472447.600214,0.24828,-0.402373,0.603337,1,0.5292,0.7083,0.03228,-0.107146,0.073602,0.0008,0.1412,0.3872,2,0.1936,0.4473,0.4473,153124,0
1778472447.640413,0.25027,-0.400701,0.603402,1,0.6088,0.8113,0.03427,-0.105475,0.073668,0.0008,0.1651,0.443,2,0.22149,0.448,0.448,153124,0
1778472447.680622,0.25073,-0.400318,0.603419,1,0.5778,0.7718,0.03473,-0.105091,0.073684,0.0009,0.1503,0.4266,2,0.21328,0.4453,0.4453,153128,0
1778472447.720938,0.250795,-0.400264,0.603421,1,0.7308,0.9149,0.034795,-0.105037,0.073687,0.001,0.3181,0.4117,2,0.20586,0.4411,0.4411,153136,0
1778472447.762371,0.250802,-0.400258,0.603421,1,0.9197,1.1249,0.034802,-0.105031,0.073687,0.0007,0.1487,0.7704,2,0.38518,0.4368,0.4368,153136,0
1778472447.802952,0.250802,-0.400257,0.603421,1,0.3447,0.4804,0.034802,-0.105031,0.073687,0.0005,0.1106,0.2336,2,0.11682,0.4326,0.4326,153136,0
1778472447.843279,0.250802,-0.400257,0.603421,1,0.5287,0.7131,0.034802,-0.105031,0.073687,0.0008,0.1421,0.3858,2,0.1929,0.429,0.429,153140,0
1778472447.883567,0.250802,-0.400257,0.603421,1,0.5361,0.7227,0.034802,-0.105031,0.073687,0.0011,0.1546,0.3805,2,0.19025,0.4221,0.4221,153140,0
1778472447.923752,0.250802,-0.400257,0.603421,1,0.6833,0.9045,0.034802,-0.105031,0.073687,0.001,0.1806,0.5017,2,0.25087,0.4204,0.4204,153140,0
1778472447.96407,0.250802,-0.400257,0.603421,1,0.5857,0.7923,0.034802,-0.105031,0.073687,0.0007,0.1537,0.4313,2,0.21567,0.4142,0.4142,153140,0
1778472448.004248,0.250802,-0.400257,0.603421,1,0.5477,0.7387,0.034802,-0.105031,0.073687,0.0008,0.1429,0.404,2,0.20202,0.4111,0.4111,153140,0
1778472448.044447,0.250802,-0.400257,0.603421,1,0.5392,0.7209,0.034802,-0.105031,0.073687,0.0011,0.1487,0.3894,2,0.19471,0.4071,0.4071,153140,0
1778472448.084674,0.250802,-0.400257,0.603421,1,0.6672,0.8989,0.034802,-0.105031,0.073687,0.0008,0.1638,0.5026,2,0.25129,0.4067,0.4067,153140,0
1778472448.125018,0.250802,-0.400257,0.603421,1,0.6925,1.9208,0.034802,-0.105031,0.073687,0.0009,0.17,0.5216,2,0.26081,0.4046,0.4046,153144,0
1778472448.165205,0.250802,-0.400257,0.603421,1,0.5703,1.3304,0.034802,-0.105031,0.073687,0.0011,0.145,0.4242,2,0.21211,0.4034,0.4034,153144,0
1778472448.209062,0.250802,-0.400257,0.603421,1,0.6659,0.8814,0.034802,-0.105031,0.073687,0.0008,0.1734,0.4916,2,0.24582,0.402,0.402,153156,0
1778472448.24929,0.250802,-0.400257,0.603421,1,0.5856,0.774,0.034802,-0.105031,0.073687,0.0009,0.1537,0.431,2,0.21552,0.4008,0.4008,153156,0
1778472448.289461,0.250802,-0.400257,0.603421,1,0.6553,0.838,0.034802,-0.105031,0.073687,0.0008,0.1927,0.4617,2,0.23087,0.4008,0.4008,153156,0
1778472448.329827,0.250802,-0.400257,0.603421,1,0.5393,0.7181,0.034802,-0.105031,0.073687,0.0007,0.154,0.3846,2,0.1923,0.3999,0.3999,153156,0
1778472448.370201,0.250802,-0.400257,0.603421,1,0.5585,0.7449,0.034802,-0.105031,0.073687,0.0008,0.1504,0.4072,2,0.20361,0.3984,0.3984,153156,0
1778472448.410391,0.250802,-0.400257,0.603421,1,0.5168,0.6988,0.034802,-0.105031,0.073687,0.0006,0.1333,0.383,2,0.1915,0.4,0.4,153156,0
1778472448.450743,0.250802,-0.400257,0.603421,1,0.5396,0.7198,0.034802,-0.105031,0.073687,0.0008,0.1477,0.3912,2,0.19559,0.401,0.401,153160,0
1778472448.49108,0.250802,-0.400257,0.603421,1,0.5963,0.7873,0.034802,-0.105031,0.073687,0.0011,0.17,0.4253,2,0.21264,0.4016,0.4016,153160,0
1778472448.531342,0.250802,-0.400257,0.603421,1,0.5731,0.7611,0.034802,-0.105031,0.073687,0.0007,0.1651,0.4072,2,0.20362,0.4027,0.4027,153160,0
1778472448.571663,0.250802,-0.400257,0.603421,1,0.5352,0.7312,0.034802,-0.105031,0.073687,0.0012,0.1455,0.3885,2,0.19424,0.4031,0.4031,153160,0
1778472448.611871,0.250802,-0.400257,0.603421,1,0.648,0.878,0.034802,-0.105031,0.073687,0.0009,0.1853,0.4618,2,0.2309,0.4051,0.4051,153160,0
1778472448.65211,0.250802,-0.400257,0.603421,1,0.5557,0.7284,0.034802,-0.105031,0.073687,0.0014,0.1648,0.3894,2,0.19472,0.4066,0.4066,153160,0
1778472448.692523,0.250802,-0.400257,0.603421,1,0.6192,0.7983,0.034802,-0.105031,0.073687,0.0008,0.1609,0.4575,2,0.22875,0.4087,0.4087,153160,0
1778472448.733024,0.250802,-0.400257,0.603421,1,0.5464,0.7148,0.034802,-0.105031,0.073687,0.0007,0.1503,0.3954,2,0.1977,0.4116,0.4116,153160,0
1778472448.773348,0.250802,-0.400257,0.603421,1,0.5488,0.7334,0.034802,-0.105031,0.073687,0.001,0.1512,0.3966,2,0.19832,0.415,0.415,153160,0
1778472448.813617,0.250802,-0.400257,0.603421,1,0.5511,0.75,0.034802,-0.105031,0.073687,0.0008,0.1621,0.3883,2,0.19413,0.4197,0.4197,153164,0
1778472448.853941,0.250802,-0.400257,0.603421,1,0.5832,0.7689,0.034802,-0.105031,0.073687,0.0007,0.1628,0.4198,2,0.20988,0.4237,0.4237,153176,0
1778472448.894238,0.250802,-0.400257,0.603421,1,0.5703,0.7529,0.034802,-0.105031,0.073687,0.0008,0.1671,0.4025,2,0.20123,0.4302,0.4302,153176,0
1778472448.934526,0.250802,-0.400257,0.603421,1,0.5918,0.7836,0.034802,-0.105031,0.073687,0.0009,0.1854,0.4055,2,0.20275,0.4355,0.4355,153176,0
1778472448.975001,0.250802,-0.400257,0.603421,1,0.5948,0.7621,0.034802,-0.105031,0.073687,0.0008,0.1561,0.4379,2,0.21896,0.4413,0.4413,153176,0
1778472448.995259,0.250802,-0.400257,0.603421,1,0.5446,0.7257,0.034802,-0.105031,0.073687,0.0012,0.1384,0.4051,2,0.20254,0.4472,0.4472,153180,0
1778472449.03559,0.250802,-0.400257,0.603421,1,0.5783,0.7627,0.034802,-0.105031,0.073687,0.0008,0.1558,0.4217,2,0.21085,0.4531,0.4531,153180,0
1778472449.075867,0.250802,-0.400257,0.603421,1,0.5925,0.7927,0.034802,-0.105031,0.073687,0.0008,0.155,0.4367,2,0.21836,0.4595,0.4595,153184,0
1778472449.116503,0.250802,-0.400257,0.603421,1,0.6313,0.8271,0.034802,-0.105031,0.073687,0.0009,0.1712,0.4592,2,0.22959,0.4669,0.4669,153184,0
1778472449.158544,0.250802,-0.400257,0.603421,1,0.5419,0.7259,0.034802,-0.105031,0.073687,0.0009,0.1486,0.3924,2,0.19622,0.4735,0.4735,153184,0
1778472449.198728,0.250802,-0.400257,0.603421,1,0.5762,0.7825,0.034802,-0.105031,0.073687,0.0011,0.1581,0.417,2,0.20852,0.4808,0.4808,153184,0
1778472449.23891,0.250802,-0.400257,0.603421,1,0.4602,0.6377,0.034802,-0.105031,0.073687,0.0009,0.1455,0.3138,1,0.31379,2.8664,2.8664,153184,0
1778472449.279116,0.250802,-0.400257,0.603421,1,0.6119,0.8127,0.034802,-0.105031,0.073687,0.0011,0.1726,0.4382,2,0.2191,0.4995,0.4995,153184,0
1778472449.319323,0.250802,-0.400257,0.603421,1,0.4485,0.6713,0.034802,-0.105031,0.073687,0.0008,0.142,0.3058,1,0.3058,2.5344,2.5344,153184,0
1778472449.359516,0.250802,-0.400257,0.603421,1,0.4092,0.6603,0.034802,-0.105031,0.073687,0.0009,0.1643,0.2441,1,0.2441,2.702,2.702,153184,0
1778472449.399732,0.250802,-0.400257,0.603421,1,0.3972,0.5949,0.034802,-0.105031,0.073687,0.0007,0.1468,0.2497,1,0.24968,2.5426,2.5426,153188,0
1778472449.440036,0.250802,-0.400257,0.603421,1,0.4524,0.6495,0.034802,-0.105031,0.073687,0.0009,0.1596,0.2918,1,0.29185,2.2904,2.2904,153188,0
1778472449.480335,0.250802,-0.400257,0.603421,1,0.3926,0.5748,0.034802,-0.105031,0.073687,0.0011,0.141,0.2505,1,0.25045,2.1097,2.1097,153188,0
1778472449.521083,0.250802,-0.400257,0.603421,1,0.2977,0.4411,0.034802,-0.105031,0.073687,0.0006,0.115,0.1822,1,0.18217,1.8729,1.8729,153196,0
1778472449.561283,0.250802,-0.400257,0.603421,1,0.2672,0.4028,0.034802,-0.105031,0.073687,0.0005,0.1079,0.1588,1,0.15876,1.7685,1.7685,153196,0
1778472449.601484,0.250802,-0.400257,0.603421,1,0.4529,0.6298,0.034802,-0.105031,0.073687,0.0008,0.1661,0.2859,1,0.2859,1.737,1.737,153196,0
1778472449.641893,0.250802,-0.400257,0.603421,1,0.3837,0.5575,0.034802,-0.105031,0.073687,0.0006,0.14,0.243,1,0.24304,1.6828,1.6828,153196,0
1778472449.682898,0.250802,-0.400257,0.603421,1,0.3898,0.5893,0.034802,-0.105031,0.073687,0.0007,0.1418,0.2473,1,0.24726,1.6612,1.6612,153196,0
1778472449.723109,0.250802,-0.400257,0.603421,1,0.4654,0.6696,0.034802,-0.105031,0.073687,0.001,0.1745,0.2898,1,0.28984,1.6227,1.6227,153200,0
1778472449.763201,0.250802,-0.400257,0.603421,1,0.3755,0.5473,0.034802,-0.105031,0.073687,0.0006,0.1352,0.2396,1,0.23963,1.5692,1.5692,153200,0
1778472449.803437,0.250802,-0.400257,0.603421,1,0.4949,0.7149,0.034802,-0.105031,0.073687,0.0012,0.1741,0.3197,1,0.31966,1.5098,1.5098,153200,0
1778472449.843876,0.250802,-0.400257,0.603421,1,0.3927,0.5743,0.034802,-0.105031,0.073687,0.0009,0.1527,0.2392,1,0.2392,1.4308,1.4308,153200,0
1778472449.884063,0.250802,-0.400257,0.603421,1,0.4008,0.5957,0.034802,-0.105031,0.073687,0.0008,0.146,0.254,1,0.25398,1.3366,1.3366,153200,0
1778472449.924335,0.250802,-0.400257,0.603421,1,0.4163,0.6066,0.034802,-0.105031,0.073687,0.0007,0.1552,0.2603,1,0.26033,1.2482,1.2482,153200,0
1778472449.964783,0.250802,-0.400257,0.603421,1,0.3835,0.5579,0.034802,-0.105031,0.073687,0.0008,0.1402,0.2425,1,0.24253,1.1724,1.1724,153200,0
1778472450.005102,0.250802,-0.400257,0.603421,1,0.3998,0.5889,0.034802,-0.105031,0.073687,0.0009,0.1498,0.2491,1,0.24913,1.1131,1.1131,153200,0
1778472450.045377,0.250802,-0.400257,0.603421,1,0.4081,0.6033,0.034802,-0.105031,0.073687,0.0011,0.1552,0.2518,1,0.25178,1.0506,1.0506,153204,0
1778472450.085696,0.250802,-0.400257,0.603421,1,0.3525,0.5259,0.034802,-0.105031,0.073687,0.0008,0.1216,0.2301,1,0.23009,0.9978,0.9978,153204,0
1778472450.125969,0.250802,-0.400257,0.603421,1,0.5176,0.7404,0.034802,-0.105031,0.073687,0.0016,0.1729,0.3431,1,0.34313,0.946,0.946,153216,0
1778472450.166866,0.250802,-0.400257,0.603421,1,0.4078,0.6022,0.034802,-0.105031,0.073687,0.0008,0.152,0.255,1,0.25501,0.9059,0.9059,153216,0
1778472450.207033,0.250802,-0.400257,0.603421,1,0.3989,0.5873,0.034802,-0.105031,0.073687,0.0007,0.1525,0.2458,1,0.24576,0.875,0.875,153216,0
1778472450.24722,0.250802,-0.400257,0.603421,1,0.4608,0.6927,0.034802,-0.105031,0.073687,0.0008,0.1686,0.2914,1,0.29142,0.8389,0.8389,153216,0
1778472450.287407,0.250802,-0.400257,0.603421,1,0.4206,0.5955,0.034802,-0.105031,0.073687,0.0007,0.1501,0.2698,1,0.2698,0.8023,0.8023,153216,0
1778472450.327779,0.250802,-0.400257,0.603421,1,0.4207,0.6215,0.034802,-0.105031,0.073687,0.0008,0.1678,0.2521,1,0.25213,0.7762,0.7762,153216,0
1778472450.368044,0.250802,-0.400257,0.603421,1,0.4565,0.6638,0.034802,-0.105031,0.073687,0.0008,0.1734,0.2824,1,0.2824,0.7706,0.7706,153220,0
1778472450.408233,0.250802,-0.400257,0.603421,1,0.442,0.6257,0.034802,-0.105031,0.073687,0.0008,0.1453,0.2959,1,0.29591,0.7688,0.7688,153220,0
1778472450.448484,0.250802,-0.400257,0.603421,1,0.4855,0.691,0.034802,-0.105031,0.073687,0.001,0.1937,0.2908,1,0.2908,0.7664,0.7664,153220,0
1778472450.48881,0.250802,-0.400257,0.603421,1,0.3593,0.5296,0.034802,-0.105031,0.073687,0.0006,0.1308,0.2279,1,0.22794,0.7692,0.7692,153220,0
1778472450.529036,0.250802,-0.400257,0.603421,1,0.4646,0.6647,0.034802,-0.105031,0.073687,0.0009,0.1677,0.296,1,0.29595,0.7703,0.7703,153220,0
1778472450.569267,0.250802,-0.400257,0.603421,1,0.5157,0.7125,0.034802,-0.105031,0.073687,0.001,0.186,0.3287,1,0.32868,0.7635,0.7635,153232,0
1778472450.609527,0.250802,-0.400257,0.603421,1,0.4297,0.593,0.034802,-0.105031,0.073687,0.0007,0.156,0.2731,1,0.27311,0.761,0.761,153232,0
1778472450.649815,0.250802,-0.400257,0.603421,1,0.4121,0.5993,0.034802,-0.105031,0.073687,0.0009,0.1556,0.2556,1,0.25556,0.7638,0.7638,153232,0
1778472450.690103,0.250802,-0.400257,0.603421,1,0.4651,0.7062,0.034802,-0.105031,0.073687,0.001,0.1627,0.3014,1,0.30141,0.77,0.77,153236,0
1778472450.730294,0.250802,-0.400257,0.603421,1,0.4033,0.5872,0.034802,-0.105031,0.073687,0.0008,0.146,0.2565,1,0.25647,0.7727,0.7727,153236,0
1778472450.770499,0.250802,-0.400257,0.603421,1,0.437,0.6217,0.034802,-0.105031,0.073687,0.001,0.1891,0.2469,1,0.24687,0.767,0.767,153236,0
1778472450.810941,0.250802,-0.400257,0.603421,1,0.3387,0.5075,0.034802,-0.105031,0.073687,0.0011,0.114,0.2236,1,0.22359,0.7647,0.7647,153236,0
1778472450.851232,0.250802,-0.400257,0.603421,1,0.4107,0.5828,0.034802,-0.105031,0.073687,0.0008,0.1529,0.257,1,0.25699,0.7673,0.7673,153236,0
1778472450.891503,0.250802,-0.400257,0.603421,1,0.4003,0.6055,0.034802,-0.105031,0.073687,0.001,0.1514,0.2479,1,0.24788,0.7693,0.7693,153236,0
1778472450.931763,0.250802,-0.400257,0.603421,1,0.3902,0.5724,0.034802,-0.105031,0.073687,0.0009,0.1414,0.2479,1,0.24785,0.7697,0.7697,153236,0
1778472450.97216,0.250802,-0.400257,0.603421,1,0.4238,0.618,0.034802,-0.105031,0.073687,0.0008,0.1576,0.2653,1,0.26535,0.7712,0.7712,153240,0
1778472451.012424,0.250802,-0.400257,0.603421,1,0.4428,0.6448,0.034802,-0.105031,0.073687,0.0011,0.1833,0.2584,1,0.25841,0.7709,0.7709,153240,0
1778472451.05277,0.250802,-0.400257,0.603421,1,0.455,0.6438,0.034802,-0.105031,0.073687,0.0008,0.1584,0.2959,1,0.29593,0.7756,0.7756,153240,0
1778472451.093098,0.250802,-0.400257,0.603421,1,0.4322,0.6331,0.034802,-0.105031,0.073687,0.001,0.1679,0.2632,1,0.26322,0.7772,0.7772,153240,0
1778472451.133467,0.250802,-0.400257,0.603421,1,0.3947,0.5796,0.034802,-0.105031,0.073687,0.0007,0.1487,0.2453,1,0.2453,0.7776,0.7776,153240,0
1778472451.173869,0.250802,-0.400257,0.603421,1,0.4315,0.6228,0.034802,-0.105031,0.073687,0.0012,0.1661,0.2642,1,0.26421,0.7771,0.7771,153240,0
1778472451.214324,0.250802,-0.400257,0.603421,1,0.2931,0.7042,0.034802,-0.105031,0.073687,0.0005,0.1089,0.1836,1,0.18362,0.7804,0.7804,153248,0
1778472451.254569,0.250802,-0.400257,0.603421,1,0.4317,0.6052,0.034802,-0.105031,0.073687,0.0008,0.1679,0.2629,1,0.26289,0.7817,0.7817,153248,0
1778472451.294916,0.250802,-0.400257,0.603421,1,0.3935,0.5863,0.034802,-0.105031,0.073687,0.0009,0.148,0.2446,1,0.24463,0.7812,0.7812,153252,0
1778472451.335094,0.250802,-0.400257,0.603421,1,0.4166,0.6652,0.034802,-0.105031,0.073687,0.0007,0.1579,0.2579,1,0.25791,0.7776,0.7776,153252,0
1778472451.355503,0.250802,-0.400257,0.603421,1,0.3828,1.396,0.034802,-0.105031,0.073687,0.001,0.1445,0.2373,1,0.2373,0.778,0.778,153252,0
1778472451.395886,0.250802,-0.400257,0.603421,1,0.3885,3.0698,0.034802,-0.105031,0.073687,0.0007,0.1403,0.2474,1,0.24744,0.7804,0.7804,153252,0
1778472451.436425,0.250802,-0.400257,0.603421,1,0.4452,0.6515,0.034802,-0.105031,0.073687,0.0009,0.1749,0.2694,1,0.26938,0.7782,0.7782,153252,0
1778472451.476823,0.260616,-0.355317,0.605127,1,0.5954,0.8121,0.044616,-0.060091,0.075393,0.0008,0.1627,0.4319,2,0.21594,0.5644,0.5644,153252,0
1778472451.518567,0.298146,-0.183746,0.611652,1,0.6549,0.8211,0.082146,0.111481,0.081918,0.0009,0.1388,0.5152,3,0.17174,2.3324,2.3324,153264,0
1778472452.626762,0.4,-0.1,0.7,1,0.7134,0.8934,0.157505,0.090216,0.105541,0.0008,0.1527,0.5598,3,0.18661,1.8511,1.8511,153280,0
1778472452.66889,0.4,-0.1,0.7,1,0.4079,0.6048,0.157505,0.090216,0.105541,0.0011,0.1482,0.2586,1,0.25858,1.8543,1.8543,153280,0
1778472452.709087,0.4,-0.1,0.7,1,0.4258,0.6425,0.157505,0.090216,0.105541,0.0008,0.154,0.2709,1,0.27094,1.8761,1.8761,153284,0
1778472452.749289,0.4,-0.1,0.7,1,0.4155,0.5913,0.157505,0.090216,0.105541,0.0008,0.1626,0.2521,1,0.25209,1.8816,1.8816,153284,0
1778472452.789599,0.4,-0.1,0.7,1,0.3497,0.5036,0.157505,0.090216,0.105541,0.0007,0.1329,0.2162,1,0.21618,1.8866,1.8866,153284,0
1778472452.830106,0.4,-0.1,0.7,1,0.2727,0.3895,0.157505,0.090216,0.105541,0.0006,0.1092,0.1629,1,0.16289,1.887,1.887,153284,0
1778472452.870312,0.4,-0.1,0.7,1,0.4742,0.6767,0.157505,0.090216,0.105541,0.0008,0.1668,0.3066,1,0.30662,1.8897,1.8897,153284,0
1778472452.910593,0.4,-0.1,0.7,1,0.4037,0.5872,0.157505,0.090216,0.105541,0.0007,0.1444,0.2587,1,0.2587,1.8908,1.8908,153284,0
1778472452.95085,0.4,-0.1,0.7,1,0.4264,0.6256,0.157505,0.090216,0.105541,0.0011,0.1708,0.2544,1,0.25441,1.8876,1.8876,153284,0
1778472452.991049,0.4,-0.1,0.7,1,0.4304,0.6465,0.157505,0.090216,0.105541,0.0008,0.1482,0.2814,1,0.28141,1.8626,1.8626,153288,0
1778472453.031204,0.4,-0.1,0.7,1,0.4215,0.6062,0.157505,0.090216,0.105541,0.0009,0.1531,0.2675,1,0.26746,1.8727,1.8727,153288,0
1778472453.071412,0.4,-0.1,0.7,1,0.408,0.603,0.157505,0.090216,0.105541,0.001,0.1495,0.2574,1,0.25745,1.8691,1.8691,153288,0
1778472453.11157,0.4,-0.1,0.7,1,0.3668,0.5466,0.157505,0.090216,0.105541,0.0006,0.13,0.2362,1,0.23619,1.8777,1.8777,153288,0
1778472453.151903,0.4,-0.1,0.7,1,0.4251,0.609,0.157505,0.090216,0.105541,0.0008,0.1681,0.2562,1,0.25616,1.8825,1.8825,153288,0
1778472453.192081,0.4,-0.1,0.7,1,0.4608,0.6706,0.157505,0.090216,0.105541,0.0008,0.1638,0.2962,1,0.29618,1.8929,1.8929,153288,0
1778472453.232303,0.4,-0.1,0.7,1,0.4738,0.7076,0.157505,0.090216,0.105541,0.0008,0.1704,0.3025,1,0.30255,1.9108,1.9108,153288,0
1778472453.272588,0.4,-0.1,0.7,1,0.4327,0.6275,0.157505,0.090216,0.105541,0.0007,0.1745,0.2575,1,0.25746,1.9088,1.9088,153288,0
1778472453.312764,0.4,-0.1,0.7,1,0.3845,0.5897,0.157505,0.090216,0.105541,0.0008,0.1376,0.246,1,0.24604,1.9189,1.9189,153292,0
1778472453.352996,0.4,-0.1,0.7,1,0.4066,0.6011,0.157505,0.090216,0.105541,0.0009,0.1544,0.2513,1,0.25129,1.9264,1.9264,153292,0
1778472453.393184,0.4,-0.1,0.7,1,0.4039,0.599,0.157505,0.090216,0.105541,0.0008,0.1451,0.2581,1,0.25806,1.9404,1.9404,153292,0
1778472453.433358,0.4,-0.1,0.7,1,0.3795,0.556,0.157505,0.090216,0.105541,0.0006,0.1341,0.2448,1,0.24475,1.9393,1.9393,153292,0
1778472453.473639,0.4,-0.1,0.7,1,0.4848,0.6727,0.157505,0.090216,0.105541,0.0008,0.1593,0.3248,1,0.32478,1.9474,1.9474,153304,0
1778472453.513858,0.4,-0.1,0.7,1,0.4542,0.6805,0.157505,0.090216,0.105541,0.0009,0.164,0.2892,1,0.28924,1.9528,1.9528,153304,0
1778472453.554102,0.4,-0.1,0.7,1,0.4215,0.6152,0.157505,0.090216,0.105541,0.0006,0.1371,0.2837,1,0.28373,1.9621,1.9621,153304,0
1778472453.594301,0.4,-0.1,0.7,1,0.4002,0.5814,0.157505,0.090216,0.105541,0.0007,0.1478,0.2517,1,0.25171,1.966,1.966,153304,0
1778472453.634589,0.4,-0.1,0.7,1,0.4521,0.6396,0.157505,0.090216,0.105541,0.001,0.1619,0.2892,1,0.28922,1.9713,1.9713,153304,0
1778472453.67482,0.4,-0.1,0.7,1,0.4212,0.5942,0.157505,0.090216,0.105541,0.0009,0.1585,0.2619,1,0.26191,1.9758,1.9758,153308,0
1778472453.714946,0.4,-0.1,0.75,1,0.871,1.6896,0.136092,0.078813,0.124045,0.0008,0.179,0.6912,2,0.34559,1.6567,1.6567,153308,0
1778472454.843977,0.35,-0.15,0.9,1,0.6921,0.8777,-0.030972,-0.010273,0.268812,0.0007,0.1055,0.5859,3,0.1953,2.2141,2.2141,153312,0
1778472454.884849,0.35,-0.15,0.9,1,0.338,0.459,-0.030972,-0.010273,0.268812,0.0006,0.1088,0.2287,2,0.11434,1.9939,1.9939,153312,0
1778472454.924988,0.35,-0.15,0.9,1,0.3123,0.4211,-0.030972,-0.010273,0.268812,0.0006,0.0909,0.2208,2,0.1104,1.9699,1.9699,153324,0
1778472454.945073,0.35,-0.15,0.9,1,0.2376,0.3179,-0.030972,-0.010273,0.268812,0.0004,0.0659,0.1713,2,0.08566,1.9953,1.9953,153324,0
1778472454.985403,0.35,-0.15,0.9,1,0.6243,0.8175,-0.030972,-0.010273,0.268812,0.0005,0.0932,0.5306,2,0.26531,1.9827,1.9827,153324,0
1778472455.0256,0.35,-0.15,0.9,1,0.6012,1.3833,-0.030972,-0.010273,0.268812,0.0008,0.1668,0.4336,2,0.21678,2.009,2.009,153328,0
1778472455.065912,0.35,-0.15,0.9,1,0.6066,1.3498,-0.030972,-0.010273,0.268812,0.001,0.1271,0.4786,2,0.2393,1.9962,1.9962,153328,0
1778472455.106864,0.35,-0.15,0.9,1,0.5464,0.7398,-0.030972,-0.010273,0.268812,0.0008,0.1494,0.3962,2,0.19808,1.9825,1.9825,153328,0
1778472455.148605,0.35,-0.15,0.9,1,0.5852,0.8171,-0.030972,-0.010273,0.268812,0.001,0.1611,0.423,2,0.21151,1.9668,1.9668,153328,0
1778472455.18899,0.35,-0.15,0.9,1,0.5293,0.7156,-0.030972,-0.010273,0.268812,0.0008,0.1448,0.3837,2,0.19183,1.9547,1.9547,153328,0
1778472455.229195,0.35,-0.15,0.9,1,0.5442,0.7303,-0.030972,-0.010273,0.268812,0.0008,0.1448,0.3986,2,0.19931,1.9488,1.9488,153328,0
1778472455.269385,0.35,-0.15,0.9,1,0.5987,0.7707,-0.030972,-0.010273,0.268812,0.0006,0.1558,0.4423,2,0.22113,1.9401,1.9401,153328,0
1778472455.309556,0.35,-0.15,0.9,1,0.5581,0.7496,-0.030972,-0.010273,0.268812,0.0008,0.1437,0.4136,2,0.20682,1.9291,1.9291,153328,0
1778472455.349866,0.35,-0.15,0.9,1,0.565,0.7587,-0.030972,-0.010273,0.268812,0.0009,0.1756,0.3885,2,0.19427,1.9243,1.9243,153332,0
1778472455.390171,0.35,-0.15,0.9,1,0.5271,0.6955,-0.030972,-0.010273,0.268812,0.0007,0.1376,0.3887,2,0.19435,1.9209,1.9209,153332,0
1778472455.430382,0.35,-0.15,0.9,1,0.5564,0.7397,-0.030972,-0.010273,0.268812,0.0008,0.163,0.3926,2,0.19629,1.9197,1.9197,153332,0
1778472455.470768,0.4,-0.2,0.85,1,23.8441,26.9635,0.048603,-0.073417,0.129791,0.001,0.1598,23.6832,250,0.09473,3.8507,3.8507,153340,1
1778472455.519086,0.4,-0.2,0.8,1,0.3272,0.4461,0.078895,-0.0992,0.065185,0.0005,0.1086,0.2181,2,0.10904,2.5596,2.5596,153340,0
1778472456.526927,0.4,-0.3,0.8,1,22.7082,25.7381,0.082952,-0.0949,0.038775,0.0008,0.1498,22.5576,250,0.09023,6.3333,6.3333,153340,1
1778472456.573684,0.4,-0.3,0.8,1,19.1791,20.4619,0.082498,-0.094777,0.037753,0.0007,0.1465,19.0319,250,0.07613,6.3275,6.3275,153340,1
1778472456.614974,0.4,-0.3,0.8,1,23.5876,24.6787,0.082448,-0.094787,0.036973,0.0008,0.1561,23.4307,250,0.09372,6.3241,6.3241,153340,1
1778472456.66054,0.4,-0.3,0.8,1,19.6188,22.4705,0.08219,-0.094641,0.036432,0.0009,0.1719,19.446,250,0.07778,6.3203,6.3203,153340,1
1778472456.703704,0.4,-0.3,0.8,1,18.5683,21.5282,0.081522,-0.094469,0.035858,0.0005,0.1228,18.445,250,0.07378,6.3175,6.3175,153344,1
1778472456.725819,0.4,-0.3,0.8,1,9.3,9.9479,0.080388,-0.093748,0.035429,0.0004,0.0432,9.2564,250,0.03703,6.3162,6.3162,153344,0
1778472456.765988,0.4,-0.3,0.8,1,19.6822,20.585,0.079739,-0.093154,0.03527,0.0008,0.1544,19.5269,250,0.07811,6.3152,6.3152,153344,1
1778472456.809546,0.4,-0.3,0.8,1,18.8301,21.3748,0.079095,-0.092458,0.035268,0.0007,0.146,18.6834,250,0.07473,6.3139,6.3139,153344,1
1778472456.851911,0.4,-0.3,0.8,1,19.0597,20.1403,0.078571,-0.091831,0.03526,0.0009,0.1473,18.9114,250,0.07565,6.3128,6.3128,153344,1
1778472456.892741,0.4,-0.3,0.8,1,17.7756,18.8133,0.078036,-0.091196,0.035243,0.0007,0.1308,17.6441,250,0.07058,6.3127,6.3127,153344,0
1778472456.933037,0.4,-0.3,0.8,1,18.4481,21.5982,0.07736,-0.090586,0.035362,0.0009,0.1591,18.2881,250,0.07315,6.3125,6.3125,153348,1
1778472456.975371,0.4,-0.3,0.8,1,20.6892,22.5036,0.076694,-0.090083,0.035508,0.001,0.1684,20.5198,250,0.08208,6.3122,6.3122,153348,1
1778472457.018531,0.4,-0.3,0.8,1,22.1668,22.8922,0.076168,-0.08972,0.03562,0.0003,0.07,22.0964,250,0.08839,6.3114,6.3114,153348,1
1778472457.062106,0.4,-0.3,0.8,1,18.4013,18.9804,0.075689,-0.089382,0.035711,0.0009,0.1628,18.2376,250,0.07295,6.3106,6.3106,153348,0
1778472457.102265,0.4,-0.3,0.8,1,16.987,17.9395,0.075174,-0.089025,0.035867,0.0007,0.1569,16.8293,250,0.06732,6.3095,6.3095,153348,0
1778472457.142308,0.4,-0.3,0.8,1,18.9894,21.8528,0.074605,-0.088551,0.036024,0.0007,0.1292,18.8595,250,0.07544,6.3087,6.3087,153348,1
1778472457.184846,0.4,-0.3,0.8,1,19.4442,20.573,0.074061,-0.088034,0.036195,0.0007,0.1513,19.2923,250,0.07717,6.3084,6.3084,153348,1
1778472457.205926,0.4,-0.3,0.8,1,9.2315,12.1111,0.073577,-0.087505,0.036372,0.0002,0.0386,9.1926,250,0.03677,6.3078,6.3078,153364,0
1778472457.246499,0.4,-0.3,0.8,1,18.1639,18.8828,0.073254,-0.087126,0.036531,0.001,0.1677,17.9952,250,0.07198,6.3075,6.3075,153364,0
1778472457.288842,0.4,-0.3,0.8,1,26.1338,27.1626,0.073438,-0.087319,0.03647,0.0004,0.0672,26.0661,250,0.10426,6.3068,6.3068,153364,1
1778472457.336843,0.4,-0.3,0.8,1,20.9766,22.1874,0.073525,-0.087411,0.036438,0.0006,0.1478,20.8281,250,0.08331,6.3073,6.3073,153364,1
1778472457.379726,0.35,-0.25,0.9,1,0.7788,0.9562,0.025469,-0.058404,0.128054,0.0007,0.1475,0.6306,4,0.15765,2.1495,2.1495,153364,0
1778472457.420007,0.35,-0.25,0.9,1,0.6768,0.8512,-0.02836,-0.025904,0.230638,0.0007,0.1482,0.5278,3,0.17593,2.0797,2.0797,153364,0
1778472458.52885,0.4,-0.3,0.8,1,23.9414,27.3637,0.076523,-0.074713,0.02423,0.001,0.1557,23.7847,250,0.09514,6.2201,6.2201,153368,1
1778472458.577291,0.4,-0.3,0.8,1,20.0248,23.1197,0.074673,-0.071786,0.025489,0.0007,0.1668,19.8572,250,0.07943,6.2001,6.2001,153368,1
1778472458.621133,0.4,-0.3,0.8,1,20.1469,21.2065,0.07236,-0.069042,0.027039,0.0008,0.1499,19.9962,250,0.07998,6.1769,6.1769,153368,1
1778472458.663375,0.4,-0.3,0.8,1,18.5529,19.9204,0.06981,-0.066386,0.028663,0.0006,0.1309,18.4214,250,0.07369,6.1578,6.1578,153372,1
1778472458.704015,0.4,-0.3,0.8,1,18.2353,18.5768,0.06781,-0.064466,0.029967,0.0009,0.1304,18.1039,250,0.07242,6.1564,6.1564,153372,0
1778472458.744289,0.4,-0.3,0.8,1,19.576,22.8921,0.066169,-0.063084,0.031235,0.0008,0.1639,19.4113,250,0.07765,6.1425,6.1425,153372,1
1778472458.767698,0.4,-0.3,0.8,1,9.284,9.7203,0.064457,-0.061946,0.032555,0.0002,0.0423,9.2415,250,0.03697,6.1168,6.1168,153372,0
1778472458.8089,0.4,-0.3,0.8,1,18.9238,20.0058,0.06295,-0.060901,0.03397,0.0011,0.1713,18.7514,250,0.07501,6.0692,6.0692,153372,1
1778472458.849625,0.4,-0.3,0.8,1,27.4019,30.6735,0.062128,-0.059924,0.035057,0.0006,0.1117,27.2896,250,0.10916,6.0228,6.0228,153384,1
1778472458.901062,0.4,-0.3,0.8,1,20.873,24.0822,0.06133,-0.058575,0.035555,0.0008,0.1399,20.7323,250,0.08293,5.9929,5.9929,153384,1
1778472458.925647,0.4,-0.3,0.8,1,10.1791,10.8441,0.06021,-0.056931,0.035915,0.0003,0.0564,10.1224,250,0.04049,5.9581,5.9581,153384,0
1778472458.966019,0.4,-0.3,0.8,1,19.8818,20.6938,0.058777,-0.055176,0.036157,0.0009,0.1534,19.7274,250,0.07891,5.9126,5.9126,153388,1
1778472459.0098,0.4,-0.3,0.8,1,17.2081,19.9952,0.057166,-0.053846,0.036515,0.0008,0.1404,17.0669,250,0.06827,5.8743,5.8743,153388,1
1778472459.050407,0.4,-0.3,0.8,1,18.4515,19.7667,0.055171,-0.052816,0.037079,0.0006,0.1061,18.3448,250,0.07338,5.8419,5.8419,153388,0
1778472459.090763,0.4,-0.3,0.8,1,18.4985,19.5381,0.053328,-0.051912,0.037368,0.0006,0.136,18.3619,250,0.07345,5.8363,5.8363,153388,0
1778472459.131008,0.4,-0.3,0.8,1,19.3762,20.8615,0.05115,-0.051037,0.0378,0.0009,0.1684,19.2069,250,0.07683,5.8366,5.8366,153388,1
1778472459.172556,0.4,-0.3,0.8,1,17.1883,19.9577,0.048979,-0.050482,0.038421,0.0004,0.0634,17.1245,250,0.0685,5.8529,5.8529,153388,1
1778472459.213166,0.4,-0.3,0.8,1,19.8101,20.3581,0.04696,-0.049598,0.038964,0.0008,0.1292,19.6801,250,0.07872,5.8989,5.8989,153388,1
1778472459.254185,0.4,-0.3,0.8,1,18.4209,19.7551,0.044672,-0.04782,0.039333,0.001,0.1673,18.2526,250,0.07301,5.9491,5.9491,153388,1
1778472459.29463,0.4,-0.3,0.8,1,22.0458,23.3177,0.04182,-0.046426,0.040068,0.0005,0.124,21.9213,250,0.08769,5.99,5.99,153392,1
1778472459.338601,0.4,-0.3,0.8,1,18.6893,20.0504,0.039118,-0.045563,0.041084,0.0008,0.151,18.5375,250,0.07415,6.016,6.016,153392,1
1778472459.379209,0.4,-0.3,0.8,1,16.3814,17.5628,0.036396,-0.044607,0.042008,0.0007,0.1529,16.2279,250,0.06491,6.0625,6.0625,153392,0
1778472459.419351,0.4,-0.3,0.8,1,16.0235,16.9961,0.033693,-0.043357,0.042652,0.0008,0.1338,15.8889,250,0.06356,6.1122,6.1122,153392,0
1778472459.459646,0.4,-0.3,0.8,1,18.099,20.8142,0.032007,-0.042799,0.043143,0.001,0.1666,17.9314,250,0.07173,6.1476,6.1476,153392,1
1778472459.501062,0.4,-0.3,0.8,1,19.4172,20.558,0.032679,-0.043084,0.042968,0.0006,0.1394,19.2772,250,0.07711,6.1556,6.1556,153392,1
1778472459.542202,0.4,-0.3,0.8,1,18.4203,19.3234,0.048853,-0.054093,0.044061,0.001,0.1342,18.285,250,0.07314,6.1938,6.1938,153400,0
1778472459.582355,0.4,-0.3,0.8,1,16.5064,17.6993,0.048915,-0.056367,0.046293,0.0009,0.1522,16.3532,250,0.06541,6.2183,6.2183,153400,0
1778472459.622648,0.4,-0.3,0.8,1,22.9942,26.269,0.045507,-0.0562,0.047979,0.0008,0.1536,22.8398,250,0.09136,6.2899,6.2899,153404,1
1778472459.650139,0.4,-0.3,0.8,1,10.2912,10.95,0.044398,-0.056726,0.049081,0.0004,0.1005,10.1903,250,0.04076,6.3212,6.3212,153404,0
1778472459.690296,0.4,-0.3,0.8,1,11.5119,11.6537,0.043455,-0.05711,0.050143,0.0005,0.1118,11.3995,250,0.0456,6.3124,6.3124,153404,0
1778472459.730454,0.4,-0.3,0.8,1,16.1555,19.0132,0.042664,-0.057616,0.051216,0.0007,0.1272,16.0277,250,0.06411,6.3042,6.3042,153404,0
1778472459.770612,0.4,-0.3,0.8,1,18.9486,19.5538,0.0433,-0.058371,0.052102,0.0009,0.1478,18.8,250,0.0752,6.3084,6.3084,153404,0
1778472459.811081,0.4,-0.3,0.8,1,18.9588,20.3111,0.042036,-0.057067,0.052402,0.001,0.1302,18.8276,250,0.07531,6.3111,6.3111,153404,1
1778472459.852138,0.4,-0.3,0.8,1,18.6584,21.4617,0.042581,-0.056767,0.05241,0.0008,0.1398,18.5177,250,0.07407,6.3089,6.3089,153408,1
1778472459.894223,0.4,-0.3,0.8,1,18.9082,20.1376,0.043618,-0.056642,0.052085,0.0013,0.1789,18.7281,250,0.07491,6.3056,6.3056,153408,1
1778472459.935009,0.4,-0.3,0.8,1,16.3686,17.4648,0.044949,-0.05641,0.051527,0.0006,0.1252,16.2428,250,0.06497,6.2811,6.2811,153408,0
1778472459.975255,0.4,-0.3,0.8,1,19.0654,22.0764,0.045915,-0.055954,0.050671,0.0007,0.1484,18.9163,250,0.07567,6.2674,6.2674,153408,1
1778472460.01818,0.4,-0.3,0.8,1,20.0008,23.8388,0.046275,-0.055512,0.049863,0.0011,0.1625,19.8372,250,0.07935,6.7051,6.7051,153408,1
1778472460.062765,0.4,-0.3,0.8,0,20.9458,22.9906,0.045164,-0.054249,0.048842,0.0011,0.1268,20.8179,250,0.08327,10.5186,10.5186,153408,1
1778472460.086334,0.4,-0.3,0.8,0,22.8748,24.1902,0.044621,-0.053539,0.048083,0.0006,0.0991,22.7751,250,0.0911,26.6151,26.6151,153408,1
1778472460.13094,0.4,-0.3,0.8,0,18.7701,21.6631,0.044781,-0.053441,0.047812,0.0007,0.1224,18.647,250,0.07459,42.801,42.801,153408,1
1778472460.173494,0.4,-0.3,0.8,0,17.2383,19.9194,0.044705,-0.053326,0.047753,0.001,0.1339,17.1034,250,0.06841,25.6198,25.6198,153480,1
1778472460.21387,0.4,-0.3,0.8,0,18.1701,19.396,0.044209,-0.053154,0.047961,0.0008,0.1647,18.0046,250,0.07202,50.1085,50.1085,153480,0
1778472460.254008,0.4,-0.3,0.8,0,22.6613,23.4546,0.043598,-0.052968,0.048323,0.0004,0.0857,22.5751,250,0.0903,29.4538,29.4538,153480,1
1778472460.298768,0.4,-0.3,0.8,0,20.1468,21.1286,0.042521,-0.052549,0.048721,0.001,0.1383,20.0074,250,0.08003,68.0337,68.0337,153484,1
1778472460.340405,0.4,-0.3,0.8,0,18.9319,21.7928,0.041383,-0.052223,0.049514,0.0008,0.1434,18.7877,250,0.07515,73.9525,73.9525,153484,1
1778472460.382776,0.4,-0.3,0.8,0,19.5011,23.501,0.040612,-0.051865,0.049937,0.0006,0.1147,19.3858,250,0.07754,185.8009,185.8009,153484,1
1778472460.406652,0.4,-0.3,0.8,0,9.7752,10.5145,0.039721,-0.051358,0.050355,0.0002,0.0581,9.7169,250,0.03887,145.6508,145.6508,153484,0
1778472460.446958,0.4,-0.3,0.8,0,19.9145,22.9877,0.03892,-0.050795,0.050809,0.0007,0.1486,19.7653,250,0.07906,91.8337,91.8337,153484,1
1778472460.490408,0.4,-0.3,0.8,0,20.0536,21.0019,0.037974,-0.05016,0.051164,0.0007,0.1154,19.9375,250,0.07975,36.5796,36.5796,153484,1
1778472460.531979,0.4,-0.3,0.8,0,20.6601,21.4604,0.037326,-0.049698,0.051506,0.001,0.1527,20.5064,250,0.08203,47.4214,47.4214,153484,1
1778472460.574131,0.4,-0.3,0.8,0,19.0155,22.4458,0.036649,-0.049308,0.052061,0.0006,0.1042,18.9107,250,0.07564,38.5157,38.5157,153488,1
1778472460.617135,0.4,-0.3,0.8,0,19.7643,22.6634,0.036013,-0.048938,0.052616,0.0006,0.1336,19.6301,250,0.07852,35.41,35.41,153488,1
1778472460.660563,0.4,-0.3,0.8,0,18.524,19.8176,0.036178,-0.048664,0.053077,0.0008,0.1684,18.3548,250,0.07342,35.8244,35.8244,153488,1
1778472460.70092,0.4,-0.3,0.8,0,19.8537,21.1555,0.036006,-0.048547,0.053714,0.0006,0.1305,19.7226,250,0.07889,36.6487,36.6487,153488,1
1778472460.742612,0.4,-0.3,0.8,0,20.4297,20.7295,0.035736,-0.048644,0.054295,0.0006,0.1291,20.3001,250,0.0812,37.8245,37.8245,153488,1
1778472460.783948,0.4,-0.3,0.8,0,23.2685,25.3285,0.035481,-0.04877,0.054968,0.0005,0.107,23.161,250,0.09264,38.425,38.425,153500,1
1778472460.809556,0.4,-0.3,0.8,0,10.3867,10.6797,0.035249,-0.048953,0.055714,0.0002,0.0442,10.3423,250,0.04137,38.4431,38.4431,153500,0
1778472460.849888,0.4,-0.3,0.8,0,19.3365,20.9865,0.035029,-0.049307,0.056435,0.001,0.1616,19.1738,250,0.0767,38.3902,38.3902,153504,1
1778472460.891378,0.4,-0.3,0.8,0,20.2864,22.1486,0.034692,-0.049833,0.057284,0.0008,0.1523,20.1333,250,0.08053,37.7879,37.7879,153504,1
1778472460.934108,0.4,-0.3,0.8,0,26.766,29.6262,0.034034,-0.050215,0.058039,0.0004,0.0598,26.7058,250,0.10682,36.8796,36.8796,153504,1
1778472460.984157,0.4,-0.3,0.8,0,23.0639,23.9456,0.033121,-0.050559,0.058853,0.0007,0.143,22.9201,250,0.09168,42.8415,42.8415,153504,1
1778472461.008439,0.4,-0.3,0.8,0,10.719,13.7521,0.031957,-0.050799,0.059548,0.0002,0.0417,10.6771,250,0.04271,44.0871,44.0871,153504,0
1778472461.049162,0.4,-0.3,0.8,0,18.4696,19.4198,0.030889,-0.050902,0.059826,0.0008,0.1504,18.3184,250,0.07327,58.3022,58.3022,153504,0
1778472461.089332,0.4,-0.3,0.8,0,18.7309,19.2737,0.029994,-0.050946,0.059822,0.0008,0.1735,18.5567,250,0.07423,57.9229,57.9229,153504,0
1778472461.129472,0.4,-0.3,0.8,0,18.2314,21.1879,0.02881,-0.050694,0.059716,0.0007,0.1569,18.0738,250,0.0723,52.5083,52.5083,153504,1
1778472461.171113,0.4,-0.3,0.8,0,19.4907,22.1962,0.027613,-0.050263,0.059674,0.0008,0.1474,19.3425,250,0.07737,26.8842,26.8842,153504,1
1778472461.2139,0.4,-0.3,0.8,0,21.6181,23.3305,0.026482,-0.049873,0.059721,0.0007,0.1561,21.4614,250,0.08585,120.7461,120.7461,153508,1
1778472461.257959,0.4,-0.3,0.8,0,22.6172,23.7644,0.025699,-0.049913,0.060299,0.0008,0.1483,22.4681,250,0.08987,26.6609,26.6609,153508,1
1778472461.302205,0.4,-0.3,0.8,0,19.5408,20.4701,0.025787,-0.050189,0.060634,0.0007,0.1207,19.4194,250,0.07768,25.4773,25.4773,153508,1
1778472461.343136,0.4,-0.3,0.8,0,19.7816,21.4238,0.026359,-0.050252,0.060319,0.0008,0.1552,19.6255,250,0.0785,31.3715,31.3715,153508,1
1778472461.365065,0.4,-0.3,0.8,0,20.9629,22.1065,0.02674,-0.05028,0.060068,0.0005,0.1536,20.8088,250,0.08324,28.0202,28.0202,153508,1
1778472461.408441,0.4,-0.3,0.8,0,19.3395,20.2906,0.026715,-0.05049,0.060294,0.0008,0.1453,19.1934,250,0.07677,12.5433,12.5433,153516,1
1778472461.449322,0.4,-0.25,0.85,1,19.6,21.2235,0.026359,-0.050913,0.060847,0.0007,0.1703,19.429,250,0.07772,6.9367,6.9367,153516,1
1778472461.491101,0.4,-0.25,0.85,1,17.308,17.98,0.025861,-0.051641,0.061757,0.0005,0.112,17.1955,250,0.06878,6.3419,6.3419,153516,0
1778472461.531242,0.4,-0.25,0.85,1,17.9565,18.857,0.02574,-0.052621,0.062535,0.0007,0.1302,17.8256,250,0.0713,6.366,6.366,153520,0
1778472461.571411,0.4,-0.25,0.85,1,17.3289,18.0111,0.026122,-0.053603,0.062785,0.0006,0.1223,17.206,250,0.06882,6.3685,6.3685,153520,0
1778472461.611577,0.4,-0.25,0.85,1,18.2405,21.0145,0.026835,-0.0549,0.063059,0.0006,0.115,18.125,250,0.0725,6.3614,6.3614,153520,1
1778472461.653135,0.4,-0.25,0.85,1,19.0691,20.1838,0.026687,-0.056098,0.063334,0.0007,0.1183,18.9502,250,0.0758,6.361,6.361,153520,1
1778472461.69383,0.4,-0.25,0.85,1,19.5612,20.7183,0.025777,-0.056955,0.063575,0.0007,0.1033,19.4573,250,0.07783,6.3574,6.3574,153520,1
1778472461.735206,0.4,-0.25,0.85,1,19.4914,20.049,0.025261,-0.05759,0.063527,0.0009,0.1338,19.3567,250,0.07743,6.3547,6.3547,153520,1
1778472461.775863,0.4,-0.25,0.85,1,17.6838,20.7993,0.024967,-0.05744,0.063267,0.0012,0.1268,17.5558,250,0.07022,6.3197,6.3197,153524,1
1778472461.817228,0.4,-0.25,0.85,1,18.7412,22.1555,0.026226,-0.05753,0.062728,0.0007,0.1261,18.6144,250,0.07446,6.2844,6.2844,153524,1
1778472461.860181,0.4,-0.25,0.85,1,19.6956,20.8643,0.027818,-0.058337,0.062287,0.0008,0.1415,19.5533,250,0.07821,6.2447,6.2447,153524,1
1778472461.901655,0.4,-0.25,0.85,1,19.0617,20.1617,0.028423,-0.0591,0.061891,0.0007,0.1635,18.8975,250,0.07559,6.2118,6.2118,153524,1
1778472461.942524,0.4,-0.3,0.8,1,18.3782,21.1525,0.027741,-0.059568,0.061406,0.0005,0.1043,18.2734,250,0.07309,5.92,5.92,153524,1
1778472461.98417,0.4,-0.3,0.8,1,18.8219,19.7799,0.026364,-0.060345,0.060934,0.0009,0.1378,18.6832,250,0.07473,5.8201,5.8201,153524,1
1778472462.024517,0.4,-0.3,0.8,1,17.6907,18.826,0.024392,-0.060918,0.060825,0.0006,0.1615,17.5286,250,0.07011,5.7882,5.7882,153524,0
1778472462.064679,0.4,-0.3,0.8,1,19.7981,23.5015,0.022529,-0.060196,0.060481,0.0007,0.1267,19.6707,250,0.07868,5.7824,5.7824,153524,1
1778472462.088917,0.4,-0.3,0.8,1,10.6249,11.4968,0.021016,-0.058936,0.060088,0.0004,0.047,10.5775,250,0.04231,5.7976,5.7976,153536,0
1778472462.129081,0.4,-0.3,0.8,1,18.9784,19.4139,0.020269,-0.05815,0.059866,0.0009,0.1388,18.8388,250,0.07536,5.8049,5.8049,153536,0
1778472462.169256,0.4,-0.25,0.85,1,17.6202,18.6169,0.019148,-0.057174,0.059727,0.0011,0.1392,17.48,250,0.06992,5.9873,5.9873,153540,0
1778472462.209422,0.4,-0.25,0.85,1,18.302,21.3524,0.018956,-0.05696,0.059756,0.0007,0.1144,18.1869,250,0.07275,5.9901,5.9901,153540,1
1778472462.251452,0.4,-0.25,0.85,1,19.2622,20.3694,0.018761,-0.057007,0.059863,0.0007,0.1422,19.1193,250,0.07648,5.9823,5.9823,153540,1
1778472462.292631,0.4,-0.3,0.8,1,24.7197,26.5683,0.019209,-0.057671,0.060005,0.0007,0.1526,24.5664,250,0.09827,5.7853,5.7853,153540,1
1778472462.340142,0.4,-0.3,0.8,1,20.1726,20.9555,0.020222,-0.0586,0.060073,0.0007,0.1451,20.0268,250,0.08011,5.7652,5.7652,153540,1
1778472462.381727,0.4,-0.3,0.8,1,22.4286,23.638,0.020664,-0.059027,0.060033,0.0003,0.1244,22.3039,250,0.08922,5.7438,5.7438,153540,1
1778472462.405733,0.4,-0.3,0.8,1,10.3197,10.8137,0.021379,-0.059422,0.059871,0.0003,0.0425,10.277,250,0.04111,5.7318,5.7318,153540,0
1778472462.446764,0.4,-0.3,0.8,1,19.245,20.1336,0.021293,-0.058952,0.059481,0.0007,0.1356,19.1087,250,0.07643,5.7406,5.7406,153540,1
1778472462.488586,0.4,-0.3,0.8,1,18.8758,19.878,0.020666,-0.058017,0.059029,0.0009,0.1565,18.7183,250,0.07487,5.7497,5.7497,153544,1
1778472462.529125,0.4,-0.3,0.8,1,18.6105,21.5953,0.020897,-0.057665,0.058711,0.0007,0.132,18.4778,250,0.07391,5.7562,5.7562,153544,1
1778472462.571321,0.4,-0.3,0.8,1,18.5212,19.2512,0.022349,-0.058019,0.058424,0.0007,0.1461,18.3743,250,0.0735,5.7672,5.7672,153544,0
1778472462.611543,0.4,-0.3,0.8,1,18.8053,19.5854,0.022323,-0.057128,0.057907,0.0008,0.1726,18.6319,250,0.07453,5.7864,5.7864,153544,0
1778472462.652687,0.4,-0.3,0.8,1,17.9426,19.2207,0.023113,-0.05687,0.05752,0.0006,0.1076,17.8344,250,0.07134,5.8008,5.8008,153544,0
1778472462.693046,0.4,-0.3,0.8,1,19.8109,21.4486,0.024241,-0.057347,0.05748,0.0007,0.1369,19.6733,250,0.07869,5.7997,5.7997,153544,1
1778472462.735149,0.4,-0.3,0.8,1,19.3157,20.2059,0.024969,-0.057675,0.057527,0.0009,0.1586,19.1562,250,0.07662,5.8039,5.8039,153544,1
1778472462.776785,0.4,-0.3,0.8,1,18.7156,19.7094,0.024623,-0.057401,0.057529,0.0007,0.1462,18.5687,250,0.07427,5.8142,5.8142,153544,0
1778472462.818873,0.4,-0.3,0.8,1,17.0989,18.0767,0.024778,-0.057508,0.057487,0.0008,0.1549,16.9433,250,0.06777,5.8246,5.8246,153560,0
1778472462.85904,0.4,-0.3,0.8,1,19.2441,22.3032,0.026038,-0.058282,0.057238,0.0006,0.1225,19.121,250,0.07648,5.8345,5.8345,153560,1
1778472462.902076,0.4,-0.3,0.8,1,19.0851,20.1634,0.027232,-0.059022,0.05679,0.0009,0.1325,18.9517,250,0.07581,5.8455,5.8455,153560,1
1778472462.943058,0.4,-0.3,0.8,1,23.0805,24.1746,0.027491,-0.059531,0.056516,0.0008,0.1622,22.9175,250,0.09167,5.8504,5.8504,153560,1
1778472462.96777,0.4,-0.3,0.8,1,9.9149,10.5956,0.026903,-0.05957,0.056333,0.0005,0.0442,9.8702,250,0.03948,5.8536,5.8536,153560,0
1778472463.008583,0.4,-0.3,0.8,1,19.7607,20.7106,0.026503,-0.059277,0.055924,0.0008,0.1589,19.6009,250,0.0784,5.8591,5.8591,153560,1
1778472463.049948,0.4,-0.3,0.8,1,20.4878,21.1158,0.026294,-0.058482,0.055234,0.0008,0.1721,20.3149,250,0.08126,5.8738,5.8738,153560,1
1778472464.100286,0.406493,-0.298217,0.722788,0,25.5017,26.5148,0.010537,-0.004104,0.004332,0.0008,0.1572,25.3437,250,0.10137,19.3899,19.3899,153568,1
1778472464.149063,0.4,-0.3,0.75,1,0.3197,0.4291,0.019581,-0.00792,0.008672,0.0005,0.1046,0.2147,2,0.10734,2.9505,2.9505,153572,0
1778472464.189429,0.4,-0.3,0.75,1,0.2849,0.4148,0.028017,-0.012168,0.013552,0.0005,0.1121,0.1723,1,0.17228,2.7888,2.7888,153572,0
1778472464.229791,0.4,-0.3,0.75,1,0.3552,0.5641,0.036129,-0.015369,0.017162,0.0005,0.1057,0.249,1,0.24898,2.7467,2.7467,153572,0
1778472464.270071,0.4,-0.3,0.75,1,0.4428,0.6266,0.045502,-0.01892,0.019977,0.0009,0.1711,0.2708,1,0.27078,2.6886,2.6886,153572,0
1778472464.310466,0.4,-0.3,0.75,1,0.4008,0.5881,0.053575,-0.021571,0.021653,0.0006,0.1523,0.2479,1,0.2479,2.6659,2.6659,153572,0
1778472464.351183,0.4,-0.3,0.75,1,0.4478,0.6836,0.060146,-0.023661,0.022414,0.0007,0.1611,0.2859,1,0.28592,2.6432,2.6432,153572,0
1778472464.391388,0.4,-0.3,0.75,1,0.444,0.6353,0.065122,-0.024779,0.022637,0.0008,0.1562,0.287,1,0.28695,2.658,2.658,153572,0
1778472464.431572,0.4,-0.3,0.75,1,0.3623,0.5273,0.068049,-0.025186,0.022531,0.0007,0.1312,0.2304,1,0.23039,2.6882,2.6882,153576,0
1778472464.471773,0.4,-0.3,0.75,1,0.4093,0.594,0.069171,-0.025018,0.022043,0.0008,0.1565,0.252,1,0.252,2.6983,2.6983,153580,0
1778472464.511949,0.4,-0.3,0.75,1,0.4276,0.646,0.067613,-0.024149,0.021624,0.0007,0.1514,0.2755,1,0.27548,2.7734,2.7734,153588,0
1778472464.552167,0.4,-0.3,0.75,1,0.3786,0.5601,0.063935,-0.02302,0.021268,0.0009,0.1358,0.2419,1,0.24194,2.805,2.805,153588,0
1778472464.592356,0.4,-0.3,0.75,1,0.4097,0.6084,0.058373,-0.021917,0.021084,0.0008,0.1496,0.2593,1,0.25929,2.8366,2.8366,153588,0
1778472464.632532,0.4,-0.3,0.75,1,0.4954,0.6731,0.0522,-0.020292,0.020593,0.0008,0.1583,0.3363,1,0.33634,2.8643,2.8643,153588,0
1778472464.672812,0.4,-0.3,0.75,1,0.4384,0.64,0.045508,-0.018286,0.019959,0.0008,0.1531,0.2846,1,0.28458,2.8687,2.8687,153588,0
1778472464.712998,0.4,-0.3,0.75,1,0.4656,0.6918,0.037154,-0.01561,0.019344,0.0015,0.1668,0.2973,1,0.29731,2.8971,2.8971,153588,0
1778472464.753212,0.4,-0.3,0.75,1,0.4277,0.5938,0.028562,-0.013484,0.018731,0.0007,0.1566,0.2703,1,0.27028,2.8517,2.8517,153588,0
1778472464.793405,0.4,-0.3,0.75,0,24.3567,27.5268,0.020316,-0.011434,0.018008,0.0009,0.1814,24.1744,250,0.0967,20.9947,20.9947,153592,1
1778472464.821422,0.4,-0.3,0.75,0,11.4062,12.0428,0.011115,-0.009719,0.017287,0.0003,0.0437,11.3622,250,0.04545,12.041,12.041,153592,0
1778472464.861603,0.408842,-0.306119,0.738811,1,19.9724,21.4004,0.002349,-0.007902,0.016023,0.0007,0.1389,19.8327,250,0.07933,5.7488,5.7488,153592,1
1778472464.903939,0.399351,-0.304145,0.736972,1,0.5927,0.7996,-0.007142,-0.005928,0.014184,0.001,0.1743,0.4173,2,0.20867,2.9878,2.9878,153592,0
1778472464.944354,0.390255,-0.302177,0.735005,1,0.5505,0.7283,-0.016238,-0.00396,0.012217,0.0008,0.1348,0.4148,2,0.20742,1.8067,1.8067,153604,0
1778472464.984593,0.381189,-0.300573,0.732881,1,0.5751,0.8442,-0.025304,-0.002355,0.010094,0.0013,0.2045,0.3693,1,0.36929,2.4128,2.4128,153604,0
1778472465.024992,0.373038,-0.299675,0.731247,1,0.4361,0.7139,-0.033455,-0.001458,0.008459,0.0007,0.1562,0.2791,1,0.27912,1.5197,1.5197,153604,0
1778472465.065207,0.363944,-0.29956,0.730365,1,0.4154,1.1186,-0.042549,-0.001343,0.007578,0.0009,0.1583,0.2563,1,0.25628,1.3897,1.3897,153604,0
1778472465.105492,0.355724,-0.299829,0.73005,1,0.479,1.2428,-0.050769,-0.001611,0.007262,0.0008,0.2332,0.2451,1,0.24507,1.0767,1.0767,153608,0
1778472465.14588,0.346948,-0.299925,0.729652,1,0.3923,3.3374,-0.059545,-0.001708,0.006864,0.0015,0.1442,0.2467,1,0.24668,1.1486,1.1486,153608,0
1778472465.186893,0.336061,-0.297531,0.730844,1,0.2726,0.3865,-0.070432,0.000687,0.008057,0.0004,0.1093,0.1628,1,0.16284,1.0187,1.0187,153608,0
1778472465.227132,0.328214,-0.296941,0.731446,1,0.2781,0.4124,-0.078279,0.001277,0.008658,0.0005,0.1117,0.1659,1,0.1659,0.8212,0.8212,153608,0
1778472465.268548,0.32118,-0.296803,0.731572,1,0.2638,0.3638,-0.085313,0.001414,0.008784,0.0004,0.1034,0.1601,1,0.16007,0.7779,0.7779,153608,0
1778472465.308887,0.314565,-0.296463,0.731747,1,0.5158,0.7628,-0.091928,0.001754,0.00896,0.0013,0.1946,0.3199,1,0.31988,0.7481,0.7481,153608,0
1778472465.349074,0.307894,-0.29586,0.731998,1,0.4279,0.6443,-0.098599,0.002358,0.00921,0.0008,0.1671,0.26,1,0.25997,0.7295,0.7295,153608,0
1778472465.389277,0.300655,-0.295161,0.732286,1,0.4221,0.607,-0.105838,0.003056,0.009498,0.0013,0.1585,0.2623,1,0.26228,0.7339,0.7339,153608,0
1778472465.429689,0.29407,-0.294594,0.732172,1,0.4491,0.6449,-0.112423,0.003624,0.009384,0.0008,0.1659,0.2824,1,0.28245,0.7229,0.7229,153612,0
1778472465.47003,0.288063,-0.294305,0.731487,1,0.4496,0.6483,-0.11843,0.003912,0.008699,0.0009,0.1675,0.2811,1,0.28113,0.6869,0.6869,153612,0
1778472465.510411,0.281901,-0.294379,0.730058,1,0.4214,0.6031,-0.124592,0.003839,0.00727,0.0009,0.1692,0.2513,1,0.25126,0.7022,0.7022,153616,0
1778472465.550757,0.3,-0.3,0.75,1,0.4031,0.6063,-0.129432,0.003599,0.006343,0.0008,0.1525,0.2499,1,0.24987,2.3141,2.3141,153616,0
1778472465.591178,0.25,-0.3,0.75,1,0.6035,0.782,-0.134243,0.002736,0.005541,0.0011,0.1687,0.4337,2,0.21686,1.1212,1.1212,153616,0
1778472465.631402,0.25,-0.3,0.75,1,0.4995,0.7064,-0.13782,0.001653,0.003868,0.001,0.1882,0.3102,1,0.31024,1.3036,1.3036,153616,0
1778472465.671729,0.266247,-0.29762,0.725122,1,0.4056,0.5889,-0.140246,0.000598,0.002334,0.0008,0.158,0.2469,1,0.24686,2.2908,2.2908,153616,0
1778472465.712079,0.26439,-0.298697,0.723786,1,0.4001,0.6028,-0.142103,-0.000479,0.000998,0.0007,0.1466,0.2528,1,0.25277,0.8379,0.8379,153620,0
1778472465.752364,0.262256,-0.300374,0.721648,1,0.4302,0.6104,-0.144237,-0.002157,-0.00114,0.0008,0.1477,0.2818,1,0.28179,0.9174,0.9174,153632,0
1778472465.792709,0.26007,-0.302449,0.720013,1,0.4439,0.643,-0.146423,-0.004231,-0.002775,0.0007,0.1506,0.2927,1,0.29272,0.863,0.863,153632,0
1778472465.833039,0.257723,-0.305431,0.71866,1,0.4509,0.6523,-0.14877,-0.007214,-0.004128,0.0009,0.1643,0.2856,1,0.28564,0.8908,0.8908,153632,0
1778472465.873315,0.255466,-0.309651,0.715153,1,0.4425,0.6439,-0.151027,-0.011434,-0.007635,0.001,0.1789,0.2626,1,0.26264,1.5444,1.5444,153632,0
1778472465.913607,0.25427,-0.312239,0.711405,1,0.4174,0.6088,-0.152223,-0.014021,-0.011383,0.0009,0.1602,0.2562,1,0.25624,1.0323,1.0323,153632,0
1778472465.953954,0.252597,-0.315403,0.707932,1,0.4371,0.6516,-0.153896,-0.017185,-0.014856,0.0011,0.1636,0.2725,1,0.27245,1.1247,1.1247,153632,0
1778472465.994223,0.250299,-0.318253,0.704988,1,0.4774,0.7081,-0.156193,-0.020035,-0.0178,0.0009,0.1678,0.3087,1,0.30874,1.0256,1.0256,153632,0
1778472466.03509,0.249358,-0.319547,0.704122,1,0.2693,0.3801,-0.157135,-0.021329,-0.018665,0.0005,0.1063,0.1624,1,0.16243,1.0741,1.0741,153636,0
1778472466.055416,0.248651,-0.320033,0.705175,1,0.4116,0.6104,-0.157842,-0.021816,-0.017613,0.0008,0.1568,0.254,1,0.25399,1.1178,1.1178,153636,0
1778472466.095746,0.248148,-0.320345,0.70583,1,0.4351,1.4034,-0.158345,-0.022128,-0.016958,0.0007,0.1576,0.2768,1,0.27675,1.1269,1.1269,153636,0
1778472466.136025,0.248249,-0.32064,0.705527,1,0.4642,3.5177,-0.158244,-0.022422,-0.017261,0.0007,0.1618,0.3018,1,0.30176,1.1506,1.1506,153636,0
1778472466.176202,0.24838,-0.321823,0.705937,1,0.4734,0.6477,-0.158113,-0.023606,-0.01685,0.0008,0.1484,0.3243,1,0.32426,1.1763,1.1763,153644,0
1778472466.216613,0.248313,-0.322402,0.707723,1,0.4562,0.6817,-0.15818,-0.024184,-0.015065,0.001,0.1608,0.2944,1,0.2944,2.775,2.775,153644,0
1778472466.25726,0.248616,-0.321542,0.708764,1,0.5668,0.7661,-0.157877,-0.023325,-0.014024,0.0007,0.1575,0.4086,2,0.20431,2.189,2.189,153644,0
1778472466.298497,0.249467,-0.320313,0.709189,1,0.5793,0.7641,-0.157026,-0.022095,-0.013599,0.001,0.1714,0.4069,2,0.20346,2.4057,2.4057,153644,0
1778472466.338729,0.250828,-0.318838,0.710332,1,0.6192,0.8106,-0.155665,-0.020621,-0.012456,0.0013,0.1722,0.4458,2,0.22291,2.4238,2.4238,153644,0
1778472466.378931,0.25182,-0.318448,0.710519,1,0.5575,0.7151,-0.154673,-0.020231,-0.012269,0.0007,0.1316,0.4252,2,0.2126,2.9302,2.9302,153648,0
1778472466.419203,0.25202,-0.318983,0.709729,1,25.2613,25.8847,-0.154473,-0.020766,-0.013059,0.0009,0.1739,25.0865,250,0.10035,5.7893,5.7893,153648,1
1778472466.465846,0.251948,-0.319272,0.7095,1,20.7643,23.9805,-0.154545,-0.021054,-0.013288,0.001,0.1536,20.6097,250,0.08244,9.3248,9.3248,153648,1
1778472466.51053,0.251948,-0.319272,0.7095,0,20.0839,23.3793,-0.154363,-0.021187,-0.014024,0.0007,0.1536,19.9296,250,0.07972,18.2894,18.2894,153648,1
1778472466.53477,0.251948,-0.319272,0.7095,0,9.852,10.5245,-0.15398,-0.022136,-0.014664,0.0002,0.0531,9.7986,250,0.03919,24.2021,24.2021,153648,0
1778472466.575564,0.251948,-0.319272,0.7095,0,21.1326,23.0186,-0.155608,-0.022481,-0.014495,0.0006,0.106,21.026,250,0.0841,30.5331,30.5331,153664,1
1778472466.619056,0.251948,-0.319272,0.7095,0,17.5505,22.0019,-0.161159,-0.023579,-0.014917,0.0009,0.1459,17.4037,250,0.06961,38.0835,38.0835,153664,1
1778472466.661667,0.251948,-0.319272,0.7095,0,19.8833,20.5628,-0.162364,-0.022888,-0.015176,0.0009,0.1437,19.7386,250,0.07895,40.1602,40.1602,153664,1
1778472466.702837,0.251948,-0.319272,0.7095,0,18.7325,20.0095,-0.162813,-0.02299,-0.015934,0.0006,0.1029,18.629,250,0.07452,46.6902,46.6902,153664,1
1778472466.743389,0.251948,-0.319272,0.7095,0,19.6332,22.9085,-0.162595,-0.021453,-0.016479,0.0008,0.102,19.5304,250,0.07812,48.2297,48.2297,153664,1
1778472466.78679,0.251948,-0.319272,0.7095,0,20.0297,21.6992,-0.162203,-0.020757,-0.017099,0.0009,0.1532,19.8756,250,0.0795,47.6908,47.6908,153664,1
1778472466.828946,0.251948,-0.319272,0.7095,0,18.1457,19.223,-0.161543,-0.020557,-0.017413,0.0007,0.1172,18.0278,250,0.07211,47.9688,47.9688,153664,0
1778472466.869188,0.251948,-0.319272,0.7095,0,18.5613,19.7025,-0.161264,-0.020753,-0.017359,0.0007,0.1101,18.4505,250,0.0738,48.3472,48.3472,153668,0
1778472466.909342,0.251948,-0.319272,0.7095,0,19.2168,22.109,-0.161002,-0.020763,-0.017037,0.0008,0.1514,19.0645,250,0.07626,47.9904,47.9904,153672,1
1778472466.952028,0.251948,-0.319272,0.7095,0,20.9878,21.4883,-0.160815,-0.020591,-0.016977,0.0005,0.109,20.8783,250,0.08351,47.4736,47.4736,153672,1
1778472466.994107,0.251948,-0.319272,0.7095,0,20.1468,20.6197,-0.160553,-0.020573,-0.016781,0.0006,0.1122,20.0339,250,0.08014,43.0073,43.0073,153672,1
1778472467.035156,0.251948,-0.319272,0.7095,0,17.5582,18.2499,-0.160192,-0.020482,-0.016488,0.0008,0.1461,17.4113,250,0.06965,38.4732,38.4732,153672,0
1778472467.055244,0.251948,-0.319272,0.7095,0,9.728,10.3442,-0.159926,-0.019797,-0.016341,0.0002,0.0417,9.686,250,0.03874,30.411,30.411,153672,0
1778472467.095771,0.251948,-0.319272,0.7095,0,19.1801,20.4626,-0.159252,-0.018433,-0.016228,0.0007,0.1523,19.0271,250,0.07611,22.3489,22.3489,153672,1
1778472467.136836,0.251948,-0.319272,0.7095,0,18.0249,21.0917,-0.158569,-0.017483,-0.016215,0.0009,0.1488,17.8752,250,0.0715,16.844,16.844,153672,1
1778472467.178394,0.249115,-0.31412,0.706577,1,19.2523,20.1694,-0.157378,-0.015903,-0.016211,0.0005,0.1166,19.1353,250,0.07654,6.3595,6.3595,153672,1
1778472467.21906,0.251067,-0.311845,0.706131,1,0.2794,0.4068,-0.155426,-0.013628,-0.016657,0.0005,0.1122,0.1667,1,0.16672,1.2519,1.2519,153672,0
1778472467.259398,0.253966,-0.30855,0.705977,1,0.5281,0.7053,-0.152527,-0.010332,-0.016811,0.0007,0.1286,0.3987,2,0.19936,2.1657,2.1657,153672,0
1778472467.299669,0.25746,-0.304561,0.705773,1,0.4124,0.6085,-0.149033,-0.006343,-0.017015,0.0011,0.1613,0.25,1,0.24998,1.9183,1.9183,153676,0
1778472467.339945,0.261588,-0.299896,0.705014,1,0.6894,0.8781,-0.144905,-0.001679,-0.017774,0.001,0.1662,0.5223,3,0.17409,2.0745,2.0745,153676,0
1778472467.380145,0.264793,-0.297189,0.705656,1,0.4037,0.6022,-0.1417,0.001029,-0.017131,0.001,0.1571,0.2456,1,0.24559,1.9802,1.9802,153676,0
1778472467.420354,0.266469,-0.29539,0.706467,1,0.4766,0.6857,-0.140024,0.002828,-0.01632,0.0011,0.1748,0.3007,1,0.30072,1.5623,1.5623,153676,0
1778472467.460634,0.267186,-0.293902,0.706602,1,0.5063,0.7579,-0.139307,0.004316,-0.016186,0.001,0.1744,0.3308,1,0.33084,2.8601,2.8601,153676,0
1778472467.500925,0.267444,-0.292789,0.706898,1,0.4391,0.6081,-0.139049,0.005428,-0.01589,0.0008,0.1605,0.2778,1,0.2778,1.0553,1.0553,153688,0
1778472467.541187,0.268122,-0.291693,0.706919,1,0.435,0.6256,-0.13837,0.006525,-0.015869,0.0008,0.1702,0.2639,1,0.26388,1.4103,1.4103,153688,0
1778472467.581351,0.268821,-0.291045,0.707739,1,0.3651,0.5161,-0.137672,0.007172,-0.015049,0.0006,0.1299,0.2346,1,0.23457,0.936,0.936,153688,0
1778472467.621559,0.269065,-0.291012,0.708896,1,0.3929,0.6207,-0.137428,0.007206,-0.013892,0.0011,0.1451,0.2467,1,0.24667,0.8521,0.8521,153692,0
1778472467.661872,0.268738,-0.291018,0.710253,1,0.4131,0.5971,-0.137755,0.0072,-0.012535,0.0009,0.1583,0.254,1,0.25401,1.0134,1.0134,153692,0
1778472467.702064,0.26866,-0.290967,0.710599,1,0.3876,0.5616,-0.137833,0.00725,-0.012189,0.0007,0.1419,0.2451,1,0.24506,0.8268,0.8268,153692,0
1778472467.742236,0.268682,-0.290997,0.710375,1,0.4205,0.6134,-0.137811,0.00722,-0.012413,0.0009,0.1581,0.2616,1,0.26158,0.8949,0.8949,153692,0
1778472467.782557,0.268687,-0.291004,0.710328,1,0.4863,0.6865,-0.137806,0.007213,-0.01246,0.001,0.1618,0.3235,1,0.32345,0.8389,0.8389,153692,0
1778472467.822723,0.268688,-0.291005,0.710322,1,0.4154,0.5933,-0.137805,0.007213,-0.012466,0.0007,0.1416,0.273,1,0.27302,0.8317,0.8317,153692,0
1778472467.862942,0.268688,-0.291005,0.710321,1,0.4014,0.5966,-0.137805,0.007213,-0.012466,0.0008,0.1495,0.2512,1,0.25115,0.8219,0.8219,153692,0
1778472467.903089,0.268688,-0.291005,0.710321,1,0.3981,0.5754,-0.137805,0.007213,-0.012466,0.0007,0.1395,0.2579,1,0.25792,0.7374,0.7374,153692,0
1778472467.943303,0.272599,-0.292284,0.717665,1,0.4715,0.666,-0.133894,0.005933,-0.005123,0.0008,0.163,0.3077,1,0.30771,0.6582,0.6582,153696,0
1778472467.983471,0.25,-0.3,0.75,1,0.5836,0.769,-0.133014,0.004947,0.003826,0.001,0.1597,0.4228,2,0.21141,1.0747,1.0747,153704,0
1778472468.023619,0.273068,-0.29464,0.732054,1,0.3811,0.5492,-0.133425,0.003577,0.009266,0.0008,0.1346,0.2458,1,0.24579,2.6255,2.6255,153704,0
1778472468.063889,0.272668,-0.295503,0.736003,1,0.499,0.696,-0.133825,0.002714,0.013215,0.0008,0.1643,0.3339,1,0.33395,1.402,1.402,153704,0
1778472468.104073,0.272542,-0.296684,0.73961,1,0.4449,0.6507,-0.133951,0.001534,0.016822,0.0008,0.1735,0.2706,1,0.27063,0.7575,0.7575,153704,0
1778472468.144251,0.272239,-0.298194,0.743175,1,0.4183,0.6195,-0.134254,2.3e-05,0.020387,0.001,0.1452,0.2721,1,0.27208,0.7926,0.7926,153704,0
1778472468.1844,0.27157,-0.299832,0.7468,1,0.4149,0.6055,-0.134923,-0.001614,0.024012,0.0007,0.1568,0.2574,1,0.25737,0.8945,0.8945,153704,0
1778472468.224849,0.270691,-0.301497,0.749562,1,0.3742,0.5598,-0.135802,-0.00328,0.026774,0.0005,0.1255,0.2482,1,0.24816,0.9267,0.9267,153704,0
1778472468.265045,0.270286,-0.302642,0.751528,1,0.4388,0.6351,-0.136207,-0.004425,0.02874,0.001,0.1704,0.2675,1,0.26746,1.07,1.07,153704,0
1778472468.305228,0.271065,-0.303373,0.752524,1,0.4145,1.2425,-0.135428,-0.005155,0.029736,0.0007,0.1551,0.2587,1,0.25873,1.3097,1.3097,153708,0
1778472468.345407,0.27262,-0.303755,0.753335,1,0.3747,1.1276,-0.133873,-0.005537,0.030547,0.0008,0.1372,0.2366,1,0.23663,1.3874,1.3874,153708,0
1778472468.385743,0.274207,-0.304228,0.754709,1,0.4438,0.6408,-0.132286,-0.00601,0.031921,0.001,0.1734,0.2693,1,0.26935,1.8089,1.8089,153708,0
1778472468.425957,0.276164,-0.30417,0.755944,1,0.4032,1.2101,-0.130329,-0.005952,0.033156,0.0012,0.1438,0.2583,1,0.25828,2.1452,2.1452,153708,0
1778472468.466544,0.279048,-0.304115,0.757325,1,0.4531,0.6573,-0.127445,-0.005898,0.034537,0.0011,0.1759,0.276,1,0.27603,2.5229,2.5229,153708,0
1778472468.50869,0.283129,-0.304792,0.759492,1,0.6168,0.8198,-0.123364,-0.006575,0.036704,0.0007,0.1621,0.454,2,0.22698,0.7307,0.7307,153708,0
1778472468.548948,0.286633,-0.306161,0.761506,1,0.4731,0.648,-0.11986,-0.007943,0.038719,0.0006,0.1097,0.3629,2,0.18143,0.7951,0.7951,153712,0
1778472468.589231,0.289654,-0.307879,0.76346,1,0.3353,0.4553,-0.116839,-0.009661,0.040672,0.0006,0.1056,0.2291,2,0.11457,0.9038,0.9038,153712,0
1778472468.629392,0.293415,-0.30896,0.764738,1,0.6434,0.8695,-0.113078,-0.010743,0.04195,0.0008,0.1711,0.4715,2,0.23576,0.8398,0.8398,153712,0
1778472468.669597,0.297559,-0.309384,0.765054,1,0.5654,0.753,-0.108934,-0.011166,0.042266,0.0007,0.1633,0.4014,2,0.20072,0.8371,0.8371,153712,0
1778472468.709795,0.302109,-0.309665,0.765244,1,0.5899,0.7943,-0.104384,-0.011447,0.042456,0.001,0.1778,0.4111,2,0.20556,0.7868,0.7868,153712,0
1778472468.750035,0.306489,-0.309884,0.765266,1,0.5535,0.7442,-0.100004,-0.011667,0.042479,0.0007,0.1519,0.4009,2,0.20047,0.8698,0.8698,153712,0
1778472468.790315,0.310094,-0.310084,0.765038,1,0.5978,0.7624,-0.096398,-0.011866,0.04225,0.0007,0.1484,0.4487,2,0.22436,0.9411,0.9411,153724,0
1778472468.830592,0.314318,-0.310594,0.764487,1,0.6113,0.8057,-0.092175,-0.012376,0.041699,0.0009,0.1708,0.4396,2,0.21982,0.8218,0.8218,153724,0
1778472468.87078,0.316712,-0.310967,0.763771,1,0.5881,0.7901,-0.089781,-0.01275,0.040983,0.001,0.1649,0.4222,2,0.21111,1.1711,1.1711,153724,0
1778472468.910971,0.317395,-0.311321,0.763397,1,0.5921,0.7716,-0.089098,-0.013103,0.040609,0.0007,0.1666,0.4247,2,0.21235,1.134,1.134,153728,0
1778472468.951192,0.31704,-0.311245,0.762988,1,0.7285,0.9982,-0.089452,-0.013028,0.0402,0.0009,0.1582,0.5695,2,0.28473,0.8996,0.8996,153728,0
1778472468.991482,0.316455,-0.310708,0.762664,1,0.409,0.5921,-0.090038,-0.012491,0.039877,0.0006,0.1432,0.2651,1,0.26514,2.8043,2.8043,153728,0
1778472469.031924,0.315628,-0.309892,0.762529,1,0.6421,0.8627,-0.090865,-0.011675,0.039741,0.001,0.1875,0.4536,2,0.2268,0.9183,0.9183,153728,0
1778472469.072125,0.31494,-0.309026,0.762281,1,0.4539,0.6721,-0.091553,-0.010809,0.039493,0.001,0.1603,0.2926,1,0.29263,2.7786,2.7786,153728,0
1778472469.11232,0.314546,-0.30831,0.761915,1,0.4615,0.6617,-0.091947,-0.010092,0.039127,0.0009,0.1644,0.2963,1,0.29627,2.8576,2.8576,153728,0
1778472469.152527,0.314218,-0.307962,0.761608,1,0.4469,0.644,-0.092275,-0.009745,0.03882,0.001,0.17,0.276,1,0.27595,2.7831,2.7831,153728,0
1778472469.192776,0.313975,-0.308047,0.761381,1,0.405,0.5964,-0.092518,-0.00983,0.038593,0.0007,0.1326,0.2717,1,0.27174,2.9,2.9,153732,0
1778472469.232942,0.313608,-0.308132,0.760947,1,0.5808,0.7605,-0.092885,-0.009915,0.038159,0.0008,0.1608,0.4192,2,0.20958,0.9146,0.9146,153732,0
1778472469.273152,0.313179,-0.308464,0.760684,1,0.456,0.6814,-0.093313,-0.010247,0.037896,0.0007,0.1528,0.3025,1,0.30254,2.7616,2.7616,153744,0
1778472469.313337,0.313112,-0.308684,0.760516,1,0.4196,0.6004,-0.093381,-0.010467,0.037728,0.0006,0.1329,0.2861,1,0.28609,2.6783,2.6783,153744,0
1778472469.353526,0.313391,-0.308854,0.760343,1,0.4346,0.6283,-0.093102,-0.010636,0.037555,0.001,0.1693,0.2643,1,0.26433,2.6454,2.6454,153744,0
1778472469.393751,0.31383,-0.309099,0.760188,1,0.3896,0.5804,-0.092663,-0.010881,0.0374,0.0006,0.1404,0.2485,1,0.24855,2.9136,2.9136,153744,0
1778472469.433935,0.314138,-0.309078,0.759847,1,0.5225,0.7088,-0.092355,-0.01086,0.037059,0.0007,0.135,0.3867,2,0.19337,0.8169,0.8169,153744,0
1778472469.474126,0.314651,-0.309163,0.759563,1,0.5647,0.7549,-0.091842,-0.010945,0.036775,0.0008,0.1499,0.414,2,0.20698,0.7939,0.7939,153744,0
1778472469.514319,0.315518,-0.308904,0.759046,1,0.4288,0.611,-0.090975,-0.010686,0.036258,0.0009,0.1585,0.2693,1,0.26934,2.8022,2.8022,153744,0
1778472469.534873,0.315924,-0.308737,0.758662,1,0.5664,0.7683,-0.090569,-0.010519,0.035874,0.0008,0.1631,0.4024,2,0.20121,0.8326,0.8326,153748,0
1778472469.575053,0.316245,-0.30863,0.758214,1,0.3305,0.4945,-0.090248,-0.010412,0.035426,0.0006,0.1127,0.2172,1,0.21724,2.9273,2.9273,153748,0
1778472469.635394,0.316597,-0.308471,0.757961,1,0.6132,1.4867,-0.089896,-0.010253,0.035174,0.0007,0.1633,0.4492,2,0.22458,0.8162,0.8162,153748,0
1778472469.655726,0.317647,-0.307933,0.757478,1,0.4415,1.2355,-0.088846,-0.009715,0.034691,0.0008,0.1592,0.2816,1,0.28158,2.7703,2.7703,153756,0
1778472469.69587,0.319656,-0.307233,0.756775,1,0.4351,2.9657,-0.086837,-0.009016,0.033987,0.0009,0.1644,0.2699,1,0.26987,2.9614,2.9614,153756,0
1778472469.736042,0.323068,-0.306593,0.755726,1,0.3886,1.249,-0.083425,-0.008376,0.032938,0.0006,0.1408,0.2471,1,0.2471,2.7186,2.7186,153756,0
1778472469.776631,0.327318,-0.306038,0.754215,1,0.3496,0.5049,-0.079175,-0.007821,0.031427,0.0007,0.1313,0.2176,1,0.2176,2.5886,2.5886,153756,0
1778472469.818251,0.332416,-0.306036,0.752372,1,0.3992,0.5883,-0.074077,-0.007818,0.029584,0.0009,0.1526,0.2458,1,0.24575,2.3577,2.3577,153760,0
1778472469.858416,0.336695,-0.3063,0.750436,1,0.4117,0.606,-0.069798,-0.008083,0.027648,0.0009,0.1546,0.2562,1,0.2562,1.9933,1.9933,153760,0
1778472469.898884,0.340408,-0.305841,0.747934,1,0.4107,0.6657,-0.066085,-0.007624,0.025146,0.0009,0.1521,0.2577,1,0.25773,1.3608,1.3608,153760,0
1778472469.939069,0.343159,-0.305748,0.746243,1,0.4005,0.5969,-0.063334,-0.007531,0.023455,0.0007,0.1427,0.257,1,0.25705,1.0069,1.0069,153760,0
1778472469.979255,0.345004,-0.305753,0.745183,1,0.4712,0.6892,-0.061489,-0.007536,0.022395,0.001,0.1688,0.3014,1,0.30142,0.9485,0.9485,153760,0
1778472470.019453,0.346326,-0.305763,0.74441,1,0.3932,0.5696,-0.060167,-0.007546,0.021622,0.0012,0.156,0.236,1,0.23603,1.0925,1.0925,153760,0
1778472470.059624,0.346838,-0.306018,0.744337,1,0.4076,0.5941,-0.059654,-0.007801,0.021549,0.0008,0.1562,0.2507,1,0.25072,0.9066,0.9066,153760,0
1778472470.099798,0.347237,-0.305989,0.744137,1,0.3912,0.5775,-0.059255,-0.007772,0.021349,0.0008,0.1432,0.2473,1,0.24727,0.9048,0.9048,153760,0
1778472470.13997,0.347277,-0.305694,0.744027,1,0.4632,0.6735,-0.059216,-0.007476,0.021239,0.0008,0.1667,0.2957,1,0.2957,0.9036,0.9036,153760,0
1778472470.180142,0.34582,-0.30522,0.744357,1,0.4438,0.6484,-0.060673,-0.007003,0.021569,0.0008,0.1521,0.2909,1,0.29095,0.9512,0.9512,153776,0
1778472470.220331,0.343555,-0.305218,0.745288,1,0.489,0.6855,-0.062938,-0.007001,0.0225,0.0008,0.1443,0.344,1,0.34395,0.8706,0.8706,153776,0
1778472470.260512,0.341847,-0.305488,0.74594,1,0.4249,0.6173,-0.064646,-0.00727,0.023152,0.0009,0.1684,0.2556,1,0.2556,0.9143,0.9143,153776,0
1778472470.300712,0.34038,-0.306463,0.746416,1,0.3892,0.6094,-0.066113,-0.008245,0.023628,0.001,0.143,0.2452,1,0.24516,1.0095,1.0095,153776,0
1778472470.340831,0.33931,-0.307116,0.746733,1,0.387,0.5725,-0.067183,-0.008899,0.023945,0.0009,0.1388,0.2474,1,0.24736,0.8845,0.8845,153776,0
1778472470.380981,0.338401,-0.307686,0.747203,1,0.422,0.621,-0.068092,-0.009469,0.024415,0.0008,0.1513,0.2699,1,0.26987,0.8692,0.8692,153776,0
1778472470.421144,0.336924,-0.308177,0.747783,1,0.3532,0.5182,-0.069569,-0.00996,0.024995,0.0006,0.1273,0.2254,1,0.22542,0.8634,0.8634,153776,0
1778472470.461301,0.335035,-0.308728,0.748606,1,0.411,0.6,-0.071458,-0.01051,0.025818,0.0008,0.147,0.2632,1,0.26317,0.8585,0.8585,153776,0
1778472470.501499,0.333979,-0.30906,0.749171,1,0.3113,0.6488,-0.072514,-0.010842,0.026383,0.0005,0.1156,0.1951,1,0.19513,0.8472,0.8472,153780,0
1778472470.541672,0.333286,-0.309353,0.749447,1,0.3381,0.51,-0.073206,-0.011135,0.026659,0.0008,0.1201,0.2173,1,0.21727,0.8412,0.8412,153780,0
1778472470.581936,0.333362,-0.309639,0.749477,1,0.4316,0.6395,-0.073131,-0.011421,0.026689,0.0008,0.166,0.2648,1,0.26477,0.8433,0.8433,153780,0
1778472470.622421,0.333683,-0.310174,0.749487,1,0.4182,0.608,-0.07281,-0.011957,0.0267,0.0008,0.1564,0.261,1,0.26098,0.8502,0.8502,153780,0
1778472470.662681,0.33387,-0.310583,0.749605,1,0.4242,0.6077,-0.072623,-0.012366,0.026818,0.001,0.1443,0.279,1,0.27895,0.8597,0.8597,153780,0
1778472470.702929,0.334663,-0.311002,0.749449,1,0.4526,0.6665,-0.07183,-0.012785,0.026661,0.0008,0.1593,0.2925,1,0.29247,0.8939,0.8939,153780,0
1778472470.743145,0.334253,-0.310689,0.748912,1,0.471,0.6838,-0.07224,-0.012471,0.026125,0.001,0.1781,0.292,1,0.29199,0.9874,0.9874,153780,0
1778472470.7834,0.333115,-0.310059,0.748546,1,0.4513,0.6319,-0.073378,-0.011841,0.025759,0.0009,0.1437,0.3067,1,0.30671,0.8908,0.8908,153780,0
1778472470.823596,0.332383,-0.309658,0.748302,1,0.4505,0.6552,-0.07411,-0.01144,0.025514,0.0008,0.1743,0.2755,1,0.27546,0.9771,0.9771,153780,0
1778472470.863772,0.332004,-0.309274,0.747975,1,0.4022,0.5796,-0.074489,-0.011057,0.025187,0.0008,0.1332,0.2681,1,0.26809,0.9637,0.9637,153796,0
1778472470.903996,0.331772,-0.309013,0.747656,1,0.4275,0.6296,-0.074721,-0.010796,0.024868,0.0008,0.1624,0.2644,1,0.26436,1.2833,1.2833,153796,0
1778472470.944178,0.331885,-0.308894,0.747313,1,0.4113,0.6044,-0.074608,-0.010677,0.024525,0.0008,0.145,0.2655,1,0.2655,2.8803,2.8803,153796,0
1778472470.984545,0.332408,-0.308694,0.746691,1,0.2681,0.3692,-0.074085,-0.010477,0.023903,0.0006,0.0991,0.1684,1,0.16845,1.8749,1.8749,153796,0
1778472471.025121,0.333109,-0.308265,0.745862,1,0.2732,0.4047,-0.073384,-0.010047,0.023074,0.0005,0.1084,0.1643,1,0.16429,2.373,2.373,153796,0
1778472471.065303,0.333818,-0.307897,0.745123,1,0.5087,1.2859,-0.072675,-0.009679,0.022335,0.0007,0.1477,0.3602,1,0.36022,2.8455,2.8455,153796,0
1778472471.105527,0.334237,-0.307601,0.744621,1,0.5558,3.2258,-0.072256,-0.009384,0.021833,0.0008,0.1542,0.4008,2,0.20042,2.2525,2.2525,153800,0
1778472471.145975,0.334675,-0.306892,0.744124,1,0.3498,1.2623,-0.071818,-0.008674,0.021336,0.0004,0.1127,0.2367,2,0.11833,2.5108,2.5108,153800,0
1778472471.186698,0.334726,-0.306025,0.743536,1,0.452,0.6366,-0.071767,-0.007807,0.020748,0.0006,0.1729,0.2785,1,0.27853,2.9651,2.9651,153800,0
1778472471.228613,0.334484,-0.30537,0.743284,1,0.3988,0.594,-0.072009,-0.007153,0.020496,0.0007,0.1417,0.2564,1,0.25641,2.7343,2.7343,153800,0
1778472471.268829,0.334106,-0.305204,0.743366,1,0.5018,0.7081,-0.072387,-0.006987,0.020578,0.0008,0.1707,0.3303,1,0.33027,2.8063,2.8063,153800,0
1778472471.309078,0.33383,-0.30536,0.743445,1,0.5551,0.7314,-0.072663,-0.007142,0.020657,0.0008,0.1486,0.4057,2,0.20285,2.817,2.817,153800,0
1778472471.349272,0.333757,-0.305414,0.743301,1,0.705,0.9349,-0.072736,-0.007197,0.020513,0.001,0.1805,0.5235,2,0.26173,2.9084,2.9084,153800,0
1778472471.389531,0.333885,-0.30531,0.743064,1,0.4034,0.5712,-0.072608,-0.007092,0.020276,0.0005,0.1471,0.2557,1,0.25569,2.8983,2.8983,153812,0
1778472471.429906,0.333921,-0.305313,0.743032,1,0.405,0.5918,-0.072572,-0.007096,0.020244,0.0014,0.1498,0.2538,1,0.25384,2.8963,2.8963,153816,0
1778472471.470077,0.333805,-0.305277,0.743021,1,0.4754,0.6792,-0.072688,-0.00706,0.020233,0.0011,0.1766,0.2977,1,0.29771,2.8565,2.8565,153816,0
1778472471.510252,0.33373,-0.305338,0.743069,1,0.4032,0.5766,-0.072763,-0.007121,0.020281,0.0007,0.1453,0.2571,1,0.25714,2.8122,2.8122,153816,0
1778472471.550442,0.333772,-0.305403,0.743105,1,0.4303,0.6281,-0.072721,-0.007185,0.020317,0.001,0.1611,0.2682,1,0.26823,2.7721,2.7721,153816,0
1778472471.590766,0.333922,-0.305446,0.743089,1,0.4212,0.6028,-0.072571,-0.007229,0.020301,0.0007,0.1565,0.2641,1,0.26408,2.7559,2.7559,153816,0
1778472471.631013,0.333953,-0.305374,0.743019,1,0.3982,0.6006,-0.07254,-0.007157,0.020231,0.0008,0.1465,0.2509,1,0.2509,2.6919,2.6919,153816,0
1778472471.671188,0.33396,-0.305226,0.742969,1,0.4285,0.6051,-0.072533,-0.007009,0.020182,0.0009,0.1567,0.271,1,0.27098,2.6454,2.6454,153816,0
1778472471.711497,0.333886,-0.30498,0.742859,1,0.4092,0.5705,-0.072607,-0.006763,0.020071,0.0008,0.1479,0.2605,1,0.26047,2.5998,2.5998,153816,0
1778472471.751796,0.333838,-0.304772,0.742777,1,0.4622,0.6453,-0.072655,-0.006555,0.019989,0.001,0.1671,0.2941,1,0.29412,2.516,2.516,153816,0
1778472471.792084,0.333854,-0.304632,0.742728,1,0.4751,0.6996,-0.072639,-0.006415,0.01994,0.001,0.1701,0.304,1,0.30405,2.495,2.495,153820,0
1778472471.832382,0.333815,-0.304555,0.742666,1,0.3816,0.5561,-0.072678,-0.006338,0.019878,0.0006,0.1301,0.2509,1,0.25091,2.4785,2.4785,153820,0
1778472471.872603,0.333666,-0.304025,0.742422,1,0.5562,0.7459,-0.072827,-0.005808,0.019634,0.001,0.1575,0.3977,2,0.19883,1.8853,1.8853,153820,0
1778472471.912874,0.333489,-0.303003,0.742133,1,0.5397,0.7328,-0.073004,-0.004785,0.019345,0.0007,0.1487,0.3903,2,0.19514,0.9756,0.9756,153820,0
1778472471.953063,0.333491,-0.30212,0.741782,1,0.4499,0.6361,-0.073002,-0.003903,0.018994,0.0008,0.1607,0.2883,1,0.28833,0.9712,0.9712,153820,0
1778472471.993303,0.333888,-0.301527,0.74152,1,0.5377,0.7612,-0.072605,-0.00331,0.018733,0.0013,0.2203,0.3161,1,0.31612,1.0872,1.0872,153820,0
1778472472.033556,0.334441,-0.301041,0.741287,1,0.3706,0.5425,-0.072052,-0.002823,0.018499,0.0006,0.138,0.2321,1,0.23205,0.9428,0.9428,153820,0
1778472472.073972,0.336076,-0.30139,0.741152,1,0.4472,0.6677,-0.070417,-0.003173,0.018364,0.0008,0.1617,0.2847,1,0.28466,0.9195,0.9195,153820,0
1778472472.114259,0.3372,-0.302158,0.741378,1,0.4375,0.6434,-0.069293,-0.00394,0.01859,0.0008,0.1704,0.2663,1,0.26633,0.8445,0.8445,153824,0
1778472472.154534,0.338027,-0.30305,0.741754,1,0.4262,0.6068,-0.068466,-0.004833,0.018966,0.0009,0.161,0.2644,1,0.26435,0.8565,0.8565,153836,0
1778472472.195089,0.338965,-0.30355,0.741881,1,0.4222,0.6004,-0.067528,-0.005332,0.019093,0.0008,0.1655,0.2559,1,0.25587,0.8556,0.8556,153836,0
1778472472.215723,0.339473,-0.30405,0.742085,1,0.3666,1.2661,-0.06702,-0.005833,0.019298,0.0007,0.1225,0.2434,1,0.24344,0.8553,0.8553,153836,0
1778472472.256356,0.339629,-0.304424,0.742361,1,0.4639,0.6536,-0.066864,-0.006207,0.019573,0.0007,0.1627,0.3006,1,0.30059,0.8577,0.8577,153836,0
1778472472.296881,0.339682,-0.304457,0.742551,1,0.4578,0.6334,-0.066811,-0.00624,0.019763,0.001,0.1681,0.2888,1,0.28875,0.859,0.859,153836,0
1778472472.337055,0.339683,-0.30447,0.742738,1,0.426,0.6267,-0.06681,-0.006252,0.01995,0.0008,0.1671,0.258,1,0.25804,0.8625,0.8625,153836,0
1778472472.377267,0.339743,-0.304569,0.742948,1,0.5267,0.7282,-0.06675,-0.006352,0.020161,0.0011,0.1931,0.3325,1,0.33251,0.8684,0.8684,153840,0
1778472472.418502,0.339851,-0.304574,0.743107,1,0.4251,0.6022,-0.066642,-0.006356,0.020319,0.0008,0.1651,0.2591,1,0.25914,0.8688,0.8688,153840,0
1778472472.458834,0.339895,-0.304589,0.74324,1,0.4599,0.6543,-0.066598,-0.006372,0.020452,0.0008,0.1614,0.2977,1,0.29771,0.8758,0.8758,153840,0
1778472472.498999,0.339922,-0.304839,0.743552,1,0.4561,0.6542,-0.066571,-0.006621,0.020764,0.0009,0.1747,0.2805,1,0.28053,0.8898,0.8898,153840,0
1778472472.539189,0.339701,-0.305443,0.744161,1,0.401,0.5871,-0.066792,-0.007226,0.021373,0.0007,0.1464,0.2539,1,0.25387,0.9041,0.9041,153840,0
1778472472.579352,0.338169,-0.306038,0.744856,1,0.418,0.597,-0.068324,-0.007821,0.022068,0.0007,0.1469,0.2703,1,0.27032,1.0473,1.0473,153852,0
1778472472.619605,0.336662,-0.305741,0.744881,1,0.4182,0.6007,-0.069831,-0.007524,0.022093,0.0008,0.1409,0.2766,1,0.27659,1.1516,1.1516,153852,0
1778472472.659926,0.335259,-0.304574,0.744582,1,0.4037,0.5958,-0.071234,-0.006357,0.021794,0.0007,0.151,0.252,1,0.252,1.1267,1.1267,153852,0
1778472472.700123,0.333847,-0.30319,0.744291,1,0.4571,0.6542,-0.072646,-0.004973,0.021503,0.0009,0.1743,0.282,1,0.28196,1.0164,1.0164,153856,0
1778472472.740302,0.332221,-0.302186,0.744209,1,0.3923,0.564,-0.074272,-0.003968,0.021421,0.0006,0.1461,0.2455,1,0.24554,1.0077,1.0077,153856,0
1778472472.780627,0.330973,-0.301303,0.744026,1,0.4665,0.6572,-0.07552,-0.003086,0.021238,0.0013,0.1743,0.291,1,0.29098,1.0086,1.0086,153856,0
1778472472.820877,0.330143,-0.300276,0.74364,1,0.4863,0.7103,-0.07635,-0.002058,0.020853,0.0015,0.1796,0.3053,1,0.30528,0.9812,0.9812,153856,0
1778472472.86106,0.329751,-0.299831,0.743371,1,0.3927,0.5881,-0.076741,-0.001614,0.020583,0.001,0.1434,0.2482,1,0.24822,0.9848,0.9848,153856,0
1778472472.901259,0.329365,-0.299344,0.743069,1,0.4794,0.6939,-0.077128,-0.001127,0.020281,0.0011,0.1752,0.3031,1,0.30308,0.9558,0.9558,153856,0
1778472472.941493,0.32919,-0.298911,0.742773,1,0.4111,0.5831,-0.077303,-0.000693,0.019985,0.0006,0.1462,0.2643,1,0.26428,0.9475,0.9475,153856,0
1778472472.981688,0.328031,-0.29806,0.74251,1,0.4594,0.651,-0.078462,0.000157,0.019722,0.0008,0.1622,0.2964,1,0.29643,0.9419,0.9419,153856,0
1778472473.788985,0.333533,-0.29897,0.740835,1,0.2701,0.3777,0.005672,-0.00072,-0.000768,0.0005,0.1067,0.163,1,0.16296,1.1212,1.1212,153864,0
1778472473.829152,0.333396,-0.299379,0.741373,1,0.2664,0.3952,0.005535,-0.001129,-0.00023,0.0004,0.1068,0.1592,1,0.15919,0.8986,0.8986,153864,0
1778472473.869329,0.333556,-0.299665,0.741671,1,0.257,0.4836,0.005695,-0.001415,6.8e-05,0.0005,0.1016,0.1548,1,0.15478,0.8928,0.8928,153864,0
1778472473.909494,0.333608,-0.299939,0.741911,1,0.4319,0.6307,0.005746,-0.00169,0.000308,0.0007,0.1675,0.2637,1,0.2637,0.8932,0.8932,153864,0
1778472473.949692,0.33323,-0.300024,0.742095,1,0.4107,0.5662,0.005369,-0.001775,0.000492,0.0005,0.1824,0.2278,1,0.22777,0.8939,0.8939,153864,0
1778472473.989858,0.332786,-0.300053,0.742265,1,0.4039,0.5712,0.004925,-0.001803,0.000662,0.0007,0.1394,0.2639,1,0.26385,0.8987,0.8987,153872,0
1778472474.03005,0.332413,-0.29991,0.742297,1,0.4203,0.6233,0.004552,-0.00166,0.000694,0.0007,0.1596,0.2599,1,0.25991,0.9028,0.9028,153872,0
1778472474.070274,0.33195,-0.299715,0.742263,1,0.4893,0.672,0.004088,-0.001465,0.000659,0.0008,0.166,0.3226,1,0.32257,0.8979,0.8979,153872,0
1778472474.110411,0.331317,-0.299637,0.742264,1,0.3565,0.5266,0.003456,-0.001387,0.00066,0.0008,0.1222,0.2335,1,0.23354,0.8842,0.8842,153876,0
1778472474.150911,0.33058,-0.299552,0.74236,1,0.2586,0.3879,0.002719,-0.001303,0.000756,0.0005,0.1016,0.1565,1,0.15645,0.8863,0.8863,153876,0
1778472474.191062,0.33002,-0.299563,0.7426,1,0.2566,0.3596,0.002158,-0.001313,0.000997,0.0005,0.0994,0.1567,1,0.15668,0.871,0.871,153876,0
1778472474.231266,0.329479,-0.299367,0.742648,1,0.2772,0.4081,0.001618,-0.001117,0.001045,0.0007,0.1123,0.1642,1,0.1642,0.8593,0.8593,153876,0
1778472474.271639,0.329115,-0.299143,0.742555,1,0.4256,0.6086,0.001254,-0.000893,0.000951,0.0008,0.1446,0.2802,1,0.28021,0.8499,0.8499,153876,0
1778472474.311876,0.328868,-0.299028,0.742512,1,0.4062,0.6001,0.001006,-0.000778,0.000909,0.0008,0.1578,0.2476,1,0.24759,0.8471,0.8471,153876,0
1778472474.35217,0.328691,-0.298953,0.742487,1,0.4628,0.665,0.00083,-0.000703,0.000883,0.0009,0.1582,0.3038,1,0.30379,0.8466,0.8466,153876,0
1778472474.392499,0.32852,-0.298932,0.742516,1,0.3885,0.5684,0.000659,-0.000682,0.000913,0.001,0.142,0.2454,1,0.24542,0.8494,0.8494,153876,0
1778472474.432879,0.328465,-0.299057,0.742604,1,0.4789,0.6909,0.000604,-0.000807,0.001,0.0009,0.1817,0.2963,1,0.29626,0.88,0.88,153880,0
1778472474.473151,0.328521,-0.299277,0.742701,1,0.3672,0.5609,0.00066,-0.001028,0.001097,0.0005,0.1277,0.239,1,0.23895,0.9582,0.9582,153880,0
1778472474.513519,0.328702,-0.29945,0.742735,1,0.406,0.5835,0.000841,-0.001201,0.001132,0.0007,0.1563,0.2489,1,0.24894,0.8882,0.8882,153880,0
1778472474.553916,0.329245,-0.299629,0.742822,1,0.4663,0.6658,0.001384,-0.001379,0.001219,0.001,0.1634,0.3019,1,0.30189,0.9057,0.9057,153892,0
1778472474.594313,0.329522,-0.299847,0.743154,1,0.3903,0.5814,0.001661,-0.001597,0.001551,0.0003,0.0721,0.3178,1,0.31779,0.912,0.912,153892,0
1778472474.634619,0.329439,-0.300274,0.743728,1,0.4091,0.604,0.001578,-0.002024,0.002125,0.0009,0.1428,0.2653,1,0.26533,0.9392,0.9392,153892,0
1778472474.675002,0.329291,-0.300768,0.744325,1,0.4789,0.7174,0.00143,-0.002518,0.002722,0.0009,0.1685,0.3095,1,0.30947,1.0188,1.0188,153892,0
1778472474.71519,0.329094,-0.300958,0.744594,1,0.4274,0.6107,0.001232,-0.002709,0.002991,0.0008,0.1625,0.2642,1,0.26415,1.0575,1.0575,153892,0
1778472474.73528,0.328823,-0.300842,0.744719,1,0.4093,1.2689,0.000961,-0.002593,0.003115,0.0007,0.1495,0.2591,1,0.25909,1.1961,1.1961,153896,0
1778472474.795991,0.328471,-0.300562,0.744833,1,0.3693,0.5156,0.00061,-0.002312,0.00323,0.0006,0.1142,0.2545,2,0.12725,2.4277,2.4277,153900,0
1778472474.816071,0.327888,-0.300412,0.745107,1,10.6532,11.4183,2.6e-05,-0.002162,0.003504,0.0006,0.0984,10.5541,250,0.04222,3.207,3.207,153900,0
1778472474.856465,0.326962,-0.300379,0.745471,1,9.6549,10.588,-0.000899,-0.002129,0.003868,0.0004,0.1054,9.549,250,0.0382,3.6184,3.6184,153900,0
1778472474.897044,0.326414,-0.300094,0.745727,1,18.4085,19.3138,-0.001447,-0.001845,0.004124,0.0004,0.1173,18.2909,250,0.07316,4.1063,4.1063,153900,0
1778472474.937199,0.326077,-0.299839,0.745859,1,17.571,19.3082,-0.001784,-0.001589,0.004255,0.0009,0.1498,17.4203,250,0.06968,4.2718,4.2718,153900,0
1778472474.977347,0.325808,-0.299767,0.746048,1,16.3215,16.441,-0.002053,-0.001518,0.004445,0.0008,0.1306,16.1901,250,0.06476,4.2705,4.2705,153900,0
1778472475.017615,0.325667,-0.299881,0.746254,1,18.5746,18.6794,-0.002194,-0.001631,0.00465,0.0006,0.1335,18.4405,250,0.07376,4.3865,4.3865,153900,0
1778472475.058267,0.325622,-0.299931,0.746218,1,16.0698,16.784,-0.002239,-0.001681,0.004615,0.0004,0.1067,15.9628,250,0.06385,4.5833,4.5833,153916,0
1778472475.098404,0.325555,-0.299959,0.746164,1,26.3171,29.5094,-0.002306,-0.001709,0.004561,0.0007,0.1178,26.1986,250,0.10479,4.6738,4.6738,153916,1
1778472475.148678,0.325437,-0.300014,0.746154,1,22.5039,23.0644,-0.002425,-0.001765,0.004551,0.0009,0.1725,22.3305,250,0.08932,4.6735,4.6735,153916,1
1778472475.192444,0.325293,-0.299912,0.746094,1,17.5538,18.7488,-0.002569,-0.001663,0.004491,0.0007,0.1672,17.3859,250,0.06954,4.6254,4.6254,153916,0
1778472475.232768,0.325208,-0.299825,0.746079,1,19.1302,20.5365,-0.002653,-0.001575,0.004476,0.0006,0.1403,18.9893,250,0.07596,4.4327,4.4327,153916,1
1778472475.273999,0.32511,-0.2998,0.746141,1,17.2825,20.0842,-0.002751,-0.00155,0.004538,0.0006,0.1387,17.1431,250,0.06857,4.1615,4.1615,153916,1
1778472475.295025,0.324936,-0.299832,0.746278,1,9.5205,10.0495,-0.002926,-0.001582,0.004675,0.0003,0.0585,9.4617,250,0.03785,3.9773,3.9773,153916,0
1778472475.335219,0.32475,-0.299859,0.746332,1,22.799,25.8526,-0.003111,-0.001609,0.004729,0.0008,0.1412,22.6571,250,0.09063,3.8598,3.8598,153920,1
1778472475.381665,0.324581,-0.299825,0.746303,1,20.1658,21.1806,-0.00328,-0.001576,0.0047,0.0007,0.126,20.0392,250,0.08016,3.743,3.743,153920,1
1778472475.423431,0.324298,-0.29973,0.746241,1,19.0172,20.2253,-0.003563,-0.001481,0.004637,0.0007,0.1322,18.8842,250,0.07554,3.4239,3.4239,153920,1
1778472475.464337,0.323951,-0.299634,0.746167,1,18.5569,19.5281,-0.00391,-0.001385,0.004564,0.0009,0.1505,18.4055,250,0.07362,3.063,3.063,153920,0
1778472475.504874,0.323657,-0.299568,0.746108,1,0.4812,0.6541,-0.004204,-0.001319,0.004505,0.0006,0.1087,0.3719,2,0.18597,2.013,2.013,153920,0
1778472475.545051,0.323232,-0.299545,0.7461,1,0.3864,0.5669,-0.00463,-0.001295,0.004497,0.0008,0.1525,0.2331,1,0.23309,1.8904,1.8904,153920,0
1778472475.585223,0.322732,-0.299558,0.746278,1,0.3917,0.5787,-0.00513,-0.001309,0.004675,0.0007,0.1422,0.2488,1,0.2488,0.9837,0.9837,153920,0
1778472475.625389,0.322017,-0.299617,0.746463,1,0.3943,3.0824,-0.005844,-0.001368,0.00486,0.0008,0.1435,0.25,1,0.25004,0.9236,0.9236,153924,0
1778472475.665578,0.321685,-0.299783,0.746527,1,0.3812,0.6141,-0.006177,-0.001533,0.004924,0.0007,0.1375,0.243,1,0.24296,0.8816,0.8816,153924,0
1778472475.705767,0.32193,-0.299921,0.746499,1,0.493,1.4949,-0.005932,-0.001672,0.004896,0.0009,0.2301,0.262,1,0.26198,0.8692,0.8692,153924,0
1778472475.74594,0.322518,-0.299987,0.746403,1,0.4187,0.7131,-0.005344,-0.001737,0.0048,0.0007,0.1414,0.2766,1,0.27663,0.948,0.948,153924,0
1778472475.78657,0.323215,-0.300034,0.746308,1,0.4312,0.6291,-0.004646,-0.001785,0.004705,0.001,0.162,0.2682,1,0.26821,0.9017,0.9017,153924,0
1778472475.826747,0.324183,-0.300228,0.746184,1,0.4871,0.6714,-0.003678,-0.001978,0.004581,0.0008,0.2276,0.2588,1,0.25882,0.8458,0.8458,153924,0
1778472475.868456,0.324742,-0.300482,0.74618,1,0.5222,0.768,-0.00312,-0.002232,0.004577,0.001,0.1788,0.3424,1,0.34241,0.8043,0.8043,153924,0
1778472475.908648,0.324608,-0.300681,0.746369,1,0.4215,0.6184,-0.003254,-0.002432,0.004766,0.0009,0.1497,0.271,1,0.27099,0.8701,0.8701,153932,0
1778472475.948835,0.324164,-0.300839,0.746556,1,0.4151,0.6595,-0.003697,-0.002589,0.004953,0.0008,0.1502,0.2641,1,0.26413,1.1476,1.1476,153932,0
1778472475.989059,0.323736,-0.300867,0.746575,1,0.4948,0.698,-0.004125,-0.002618,0.004972,0.001,0.1648,0.3291,1,0.32907,1.8813,1.8813,153932,0
1778472476.029238,0.323174,-0.300858,0.746473,1,0.4198,0.6291,-0.004687,-0.002608,0.004869,0.0009,0.154,0.2649,1,0.26489,2.3922,2.3922,153936,0
1778472476.069428,0.322594,-0.300772,0.746266,1,0.4341,0.6204,-0.005267,-0.002522,0.004663,0.0007,0.1696,0.2639,1,0.26385,2.8912,2.8912,153936,0
1778472476.109627,0.322043,-0.30061,0.746064,1,0.5811,0.7599,-0.005819,-0.002361,0.004461,0.0009,0.1683,0.4118,2,0.20591,0.7997,0.7997,153936,0
1778472476.149812,0.321677,-0.300381,0.745872,1,0.6233,0.8422,-0.006184,-0.002131,0.004268,0.0009,0.1747,0.4477,2,0.22385,0.7605,0.7605,153936,0
1778472476.189996,0.321422,-0.300177,0.745672,1,0.4967,0.6771,-0.006439,-0.001928,0.004069,0.0006,0.1285,0.3676,2,0.1838,0.7562,0.7562,153936,0
1778472476.230173,0.321448,-0.29988,0.745326,1,0.5757,0.7759,-0.006413,-0.00163,0.003722,0.001,0.1513,0.4234,2,0.21169,0.767,0.767,153936,0
1778472476.270334,0.321499,-0.299598,0.745008,1,0.5298,0.6951,-0.006362,-0.001348,0.003405,0.0006,0.1348,0.3945,2,0.19724,0.7715,0.7715,153936,0
1778472476.310882,0.321369,-0.299428,0.744888,1,0.5706,0.7654,-0.006492,-0.001178,0.003284,0.0014,0.1667,0.4025,2,0.20123,0.7719,0.7719,153936,0
1778472476.351187,0.321375,-0.299274,0.744795,1,0.5931,0.7935,-0.006486,-0.001025,0.003191,0.0009,0.169,0.4232,2,0.21161,0.7703,0.7703,153940,0
1778472476.391471,0.321473,-0.299201,0.744738,1,0.5508,0.7219,-0.006388,-0.000951,0.003135,0.0008,0.1621,0.3878,2,0.19391,0.7671,0.7671,153940,0
1778472476.431836,0.321441,-0.2991,0.744872,1,0.6568,0.8628,-0.006421,-0.00085,0.003268,0.0009,0.1781,0.4779,2,0.23893,0.7321,0.7321,153952,0
1778472476.471997,0.321602,-0.299057,0.745372,1,0.3949,0.5794,-0.006259,-0.000808,0.003768,0.0007,0.1481,0.2461,1,0.24605,2.4365,2.4365,153952,0
1778472476.512273,0.322155,-0.299176,0.745786,1,0.4177,0.5999,-0.005706,-0.000926,0.004183,0.0009,0.1544,0.2624,1,0.26242,1.9112,1.9112,153952,0
1778472476.552528,0.32265,-0.298978,0.745255,1,0.4093,0.6064,-0.005212,-0.000729,0.003652,0.0008,0.161,0.2475,1,0.2475,2.3681,2.3681,153952,0
1778472476.59284,0.323302,-0.298538,0.744189,1,0.5171,0.6656,-0.00456,-0.000289,0.002586,0.0008,0.1366,0.3797,2,0.18984,0.7911,0.7911,153952,0
1778472476.633007,0.323979,-0.297751,0.743008,1,0.5657,0.7604,-0.003882,0.000499,0.001404,0.0008,0.1619,0.4031,2,0.20154,0.7962,0.7962,153952,0
1778472476.673459,0.323989,-0.297078,0.742143,1,0.5527,0.747,-0.003873,0.001172,0.00054,0.0008,0.1615,0.3904,2,0.19522,0.8241,0.8241,153952,0
1778472476.713849,0.323581,-0.296534,0.741589,1,0.52,0.697,-0.00428,0.001716,-1.4e-05,0.0009,0.1446,0.3745,2,0.18726,0.8129,0.8129,153956,0
1778472476.754149,0.323225,-0.296087,0.741186,1,0.5725,0.7361,-0.004637,0.002162,-0.000418,0.0009,0.1517,0.4199,2,0.20994,0.8131,0.8131,153968,0
1778472476.794439,0.322977,-0.295704,0.740638,1,0.5529,0.7187,-0.004885,0.002546,-0.000965,0.0006,0.1304,0.4219,2,0.21094,0.8374,0.8374,153968,0
1778472476.834826,0.322986,-0.2956,0.740435,1,0.5323,0.7448,-0.004875,0.00265,-0.001168,0.0008,0.1493,0.3822,2,0.19112,0.8664,0.8664,153968,0
1778472476.855338,0.323622,-0.296051,0.740619,1,0.5285,0.6639,-0.004239,0.002198,-0.000984,0.0006,0.1161,0.4118,2,0.20592,0.9133,0.9133,153968,0
1778472476.895529,0.323888,-0.296119,0.740178,1,0.6212,0.8349,-0.003973,0.00213,-0.001426,0.0007,0.1586,0.4618,2,0.2309,0.9717,0.9717,153968,0
1778472476.935797,0.323736,-0.296205,0.739973,1,0.6122,3.5861,-0.004126,0.002045,-0.001631,0.001,0.1879,0.4233,2,0.21163,1.032,1.032,153972,0
1778472476.976052,0.323589,-0.296615,0.74017,1,0.5622,0.8689,-0.004272,0.001635,-0.001434,0.0008,0.1584,0.4029,2,0.20145,1.0597,1.0597,153972,0
1778472477.016843,0.323398,-0.297291,0.740588,1,0.6547,0.8692,-0.004463,0.000959,-0.001016,0.0008,0.1786,0.4753,2,0.23767,1.0664,1.0664,153972,0
1778472477.057271,0.323074,-0.297724,0.740846,1,0.5651,0.757,-0.004788,0.000526,-0.000758,0.0008,0.1642,0.4002,2,0.20008,1.059,1.059,153972,0
1778472477.098583,0.322919,-0.297893,0.740918,1,0.5582,0.7361,-0.004942,0.000356,-0.000685,0.001,0.1644,0.3928,2,0.19642,1.0444,1.0444,153972,0
1778472477.138766,0.322734,-0.29789,0.741006,1,0.628,0.8443,-0.005127,0.00036,-0.000597,0.0008,0.167,0.4602,2,0.23011,1.0052,1.0052,153972,0
1778472477.179311,0.322522,-0.297767,0.741053,1,0.5821,0.7847,-0.005339,0.000483,-0.000551,0.0008,0.1539,0.4274,2,0.21371,0.9525,0.9525,153972,0
1778472477.220375,0.322736,-0.297704,0.741089,1,0.7499,0.9911,-0.005125,0.000545,-0.000514,0.0005,0.1139,0.6355,2,0.31774,0.8984,0.8984,153972,0
1778472478.229187,0.334988,-0.258375,0.739163,1,0.3311,0.5962,-0.002779,-0.001216,0.002414,0.0007,0.1078,0.2227,2,0.11134,0.7414,0.7414,153976,0
1778472478.269403,0.334479,-0.258074,0.739022,1,0.6831,0.8968,-0.003288,-0.000915,0.002274,0.0009,0.195,0.4871,2,0.24356,0.7677,0.7677,153976,0
1778472478.309792,0.334135,-0.257717,0.738949,1,0.5834,0.7675,-0.003632,-0.000558,0.0022,0.0009,0.1562,0.4264,2,0.21318,0.7758,0.7758,153988,0
1778472478.350128,0.333458,-0.257474,0.739079,1,0.5665,0.7554,-0.004309,-0.000316,0.002331,0.0009,0.1509,0.4147,2,0.20736,0.7717,0.7717,153988,0
1778472478.390351,0.332648,-0.257372,0.739436,1,0.6248,0.8192,-0.005119,-0.000213,0.002688,0.0008,0.1827,0.4414,2,0.2207,0.769,0.769,153988,0
1778472478.430598,0.332294,-0.257346,0.739641,1,0.5261,0.6902,-0.005473,-0.000187,0.002892,0.0008,0.1426,0.3827,2,0.19136,0.7803,0.7803,153988,0
1778472478.47096,0.332306,-0.257293,0.739745,1,0.5996,0.7858,-0.005461,-0.000134,0.002997,0.0008,0.1494,0.4493,2,0.22467,0.8035,0.8035,153988,0
1778472478.511138,0.332396,-0.257252,0.739815,1,0.4755,0.637,-0.005371,-9.3e-05,0.003067,0.0005,0.1127,0.3624,2,0.18118,0.8322,0.8322,153988,0
1778472478.551419,0.33271,-0.257328,0.739878,1,0.5573,0.7442,-0.005057,-0.000169,0.003129,0.0012,0.161,0.3951,2,0.19756,0.8543,0.8543,153988,0
1778472478.591792,0.332908,-0.257448,0.739965,1,0.6133,0.8329,-0.004859,-0.000289,0.003216,0.001,0.1818,0.4305,2,0.21526,0.8669,0.8669,153992,0
1778472478.632069,0.332778,-0.257527,0.740056,1,0.5333,0.7183,-0.004989,-0.000368,0.003307,0.0008,0.1433,0.3892,2,0.19459,0.8805,0.8805,153992,0
1778472478.672436,0.332706,-0.257493,0.740133,1,0.5547,0.7347,-0.005061,-0.000334,0.003384,0.001,0.163,0.3907,2,0.19537,0.9142,0.9142,153992,0
1778472478.712834,0.33279,-0.257437,0.740249,1,0.5464,0.7526,-0.004977,-0.000278,0.0035,0.0008,0.1533,0.3923,2,0.19617,0.9525,0.9525,153992,0
1778472478.753481,0.332947,-0.257154,0.740221,1,0.6807,0.8885,-0.00482,5e-06,0.003472,0.0005,0.1054,0.5748,2,0.28738,1.0328,1.0328,153992,0
1778472478.793859,0.33329,-0.256539,0.740084,1,0.5815,0.7893,-0.004477,0.00062,0.003336,0.0007,0.1526,0.4283,2,0.21413,1.1839,1.1839,153992,0
1778472478.834028,0.333614,-0.256097,0.739923,1,0.5419,0.7275,-0.004153,0.001062,0.003174,0.0007,0.1491,0.3921,2,0.19605,1.3395,1.3395,153992,0
1778472478.874205,0.333927,-0.25588,0.739733,1,0.5432,0.7188,-0.00384,0.001279,0.002984,0.0009,0.1455,0.3968,2,0.1984,1.4656,1.4656,153992,0
1778472478.914388,0.334303,-0.255707,0.739452,1,0.6977,0.9363,-0.003464,0.001452,0.002703,0.0006,0.1891,0.5081,2,0.25404,1.5882,1.5882,153992,0
1778472478.954676,0.334711,-0.255628,0.739327,1,1.0177,1.1905,-0.003056,0.001531,0.002578,0.0007,0.1547,0.8623,2,0.43117,1.6785,1.6785,153996,0
1778472478.994958,0.335001,-0.255713,0.739359,1,0.6321,0.8592,-0.002766,0.001446,0.002611,0.0008,0.1541,0.4772,2,0.23861,1.6963,1.6963,153996,0
1778472479.035145,0.335037,-0.256028,0.739639,1,0.5852,1.7902,-0.00273,0.001131,0.00289,0.0007,0.1559,0.4286,2,0.2143,1.6171,1.6171,154008,0
1778472479.055381,0.334818,-0.256371,0.739996,1,0.5451,1.3241,-0.002949,0.000788,0.003247,0.0009,0.1455,0.3988,2,0.19938,1.4888,1.4888,154008,0
1778472479.095732,0.334672,-0.256585,0.740199,1,0.5233,1.3615,-0.003094,0.000574,0.00345,0.0007,0.1354,0.3872,2,0.19358,1.3989,1.3989,154008,0
1778472479.136006,0.334703,-0.256633,0.740247,1,0.5586,0.7544,-0.003064,0.000526,0.003498,0.0012,0.1592,0.3982,2,0.19908,1.3709,1.3709,154008,0
1778472479.176673,0.334608,-0.2566,0.74024,1,0.7206,0.9562,-0.003159,0.000559,0.003492,0.001,0.197,0.5226,2,0.2613,1.3653,1.3653,154008,0
1778472479.216969,0.334333,-0.256308,0.740105,1,0.5502,0.7402,-0.003434,0.000851,0.003356,0.0009,0.1605,0.3888,2,0.19441,1.4095,1.4095,154012,0
1778472479.258539,0.334254,-0.255977,0.739961,1,0.6524,0.8424,-0.003513,0.001182,0.003213,0.0009,0.1773,0.4742,2,0.23711,1.4987,1.4987,154012,0
1778472479.298907,0.334237,-0.255781,0.739845,1,0.659,0.8797,-0.00353,0.001378,0.003097,0.0016,0.1829,0.4745,2,0.23726,1.5435,1.5435,154012,0
1778472479.339108,0.334181,-0.255799,0.739826,1,0.5809,0.7689,-0.003586,0.00136,0.003078,0.0012,0.1697,0.4099,2,0.20497,1.5282,1.5282,154012,0
1778472479.379312,0.333959,-0.256063,0.740011,1,0.6268,0.8323,-0.003808,0.001096,0.003262,0.0008,0.1662,0.4599,2,0.22994,1.4478,1.4478,154012,0
1778472479.419568,0.333808,-0.256372,0.740312,1,0.5639,0.7277,-0.003959,0.000787,0.003564,0.0005,0.1521,0.4114,2,0.20568,1.384,1.384,154024,0
1778472479.459861,0.333813,-0.256745,0.740729,1,0.5666,0.754,-0.003954,0.000414,0.00398,0.0008,0.1716,0.3943,2,0.19713,1.3449,1.3449,154024,0
1778472479.500026,0.333677,-0.256852,0.740805,1,0.6243,0.8128,-0.00409,0.000306,0.004056,0.0012,0.1767,0.4464,2,0.22321,1.3314,1.3314,154024,0
1778472479.540308,0.333484,-0.256735,0.740693,1,0.5045,0.6733,-0.004283,0.000424,0.003944,0.0007,0.1276,0.3761,2,0.18805,1.3398,1.3398,154024,0
1778472479.580574,0.333048,-0.256691,0.740762,1,0.6469,0.8533,-0.004719,0.000467,0.004013,0.0011,0.1851,0.4607,2,0.23034,1.2986,1.2986,154028,0
1778472479.621021,0.332258,-0.257128,0.741285,1,0.6364,0.8443,-0.005509,3e-05,0.004536,0.0009,0.171,0.4645,2,0.23225,1.1915,1.1915,154028,0
1778472479.661199,0.331315,-0.257548,0.74161,1,0.5493,0.7247,-0.006452,-0.00039,0.004861,0.0008,0.1558,0.3927,2,0.19636,1.0735,1.0735,154028,0
1778472479.701562,0.330575,-0.257555,0.741413,1,0.615,0.7889,-0.007192,-0.000396,0.004664,0.0008,0.1632,0.451,2,0.22549,1.0223,1.0223,154028,0
1778472479.741744,0.330133,-0.257161,0.740745,1,0.6543,0.8455,-0.007634,-2e-06,0.003996,0.0008,0.176,0.4775,2,0.23876,1.029,1.029,154028,0
1778472479.782034,0.329626,-0.256841,0.74017,1,0.6683,0.8675,-0.008141,0.000318,0.003421,0.0008,0.1782,0.4893,2,0.24467,1.0355,1.0355,154028,0
1778472479.822304,0.328735,-0.25662,0.739852,1,0.6281,0.8332,-0.009032,0.000539,0.003104,0.0008,0.1653,0.462,2,0.23102,1.0079,1.0079,154028,0
1778472479.86257,0.327503,-0.256405,0.739701,1,0.5972,0.7864,-0.010264,0.000754,0.002953,0.0011,0.1672,0.4289,2,0.21446,0.9538,0.9538,154032,0
1778472479.902953,0.326311,-0.25628,0.739574,1,0.5429,0.7371,-0.011456,0.000879,0.002825,0.0012,0.1539,0.3878,2,0.19391,0.8899,0.8899,154032,0
1778472479.943226,0.325258,-0.256133,0.739256,1,0.5327,0.7275,-0.012509,0.001025,0.002508,0.0007,0.1477,0.3843,2,0.19215,0.8394,0.8394,154032,0
1778472479.983613,0.323974,-0.255853,0.738631,1,0.5361,0.7281,-0.013793,0.001306,0.001882,0.0007,0.1409,0.3945,2,0.19725,0.7984,0.7984,154032,0
1778472480.02384,0.322707,-0.255641,0.738147,1,0.591,0.8066,-0.01506,0.001518,0.001398,0.0008,0.1677,0.4226,2,0.21131,0.7615,0.7615,154032,0
1778472480.064006,0.321931,-0.25543,0.737977,1,0.5651,0.741,-0.015836,0.001729,0.001229,0.0007,0.1426,0.4218,2,0.21091,0.7505,0.7505,154032,0
1778472480.104186,0.321886,-0.255291,0.738082,1,0.5564,0.7334,-0.015881,0.001868,0.001333,0.0007,0.1589,0.3968,2,0.19841,0.7538,0.7538,154032,0
1778472480.14438,0.322063,-0.255285,0.738142,1,0.6707,0.9041,-0.015704,0.001874,0.001393,0.0009,0.1799,0.4899,2,0.24495,0.7577,0.7577,154032,0
1778472480.184629,0.322326,-0.255418,0.73811,1,0.6161,0.8072,-0.015441,0.001741,0.001361,0.0009,0.1813,0.4339,2,0.21694,0.7589,0.7589,154036,0
1778472481.052436,0.330173,-0.216448,0.737825,1,0.5426,0.7231,-0.001589,0.000259,0.002095,0.0008,0.1507,0.3911,2,0.19554,0.676,0.676,154040,0
1778472481.092619,0.332276,-0.216629,0.738377,1,0.5612,0.7502,0.000515,7.8e-05,0.002647,0.0014,0.1564,0.4033,2,0.20167,0.7145,0.7145,154040,0
1778472481.132779,0.335163,-0.21675,0.73867,1,0.5314,0.7121,0.003402,-4.3e-05,0.002939,0.0007,0.1495,0.3812,2,0.19062,0.7633,0.7633,154040,0
1778472481.17296,0.338516,-0.216759,0.738701,1,0.534,0.7329,0.006754,-5.2e-05,0.00297,0.0007,0.1464,0.3868,2,0.19342,0.8207,0.8207,154040,0
1778472481.213197,0.341413,-0.216845,0.738367,1,0.5493,0.7544,0.009651,-0.000138,0.002636,0.001,0.147,0.4013,2,0.20063,0.8646,0.8646,154040,0
1778472481.253398,0.343841,-0.217225,0.737989,1,0.5794,0.7612,0.012079,-0.000518,0.002258,0.0009,0.1523,0.4262,2,0.21311,0.8949,0.8949,154052,0
1778472481.29361,0.34682,-0.217806,0.737715,1,0.6621,0.8617,0.015058,-0.001099,0.001985,0.0007,0.166,0.4955,2,0.24773,0.947,0.947,154056,0
1778472481.333769,0.35077,-0.218766,0.737563,1,0.4912,0.652,0.019009,-0.002059,0.001833,0.0007,0.126,0.3644,2,0.18222,1.0331,1.0331,154056,0
1778472481.374091,0.354502,-0.21967,0.737641,1,0.56,0.7382,0.02274,-0.002962,0.001911,0.0008,0.158,0.4012,2,0.20059,1.1198,1.1198,154056,0
1778472481.414294,0.358784,-0.220559,0.737931,1,0.6818,0.8864,0.027022,-0.003852,0.002201,0.0019,0.2135,0.4663,2,0.23316,1.2036,1.2036,154056,0
1778472481.454574,0.363228,-0.221311,0.738505,1,0.5281,0.7046,0.031467,-0.004604,0.002775,0.0007,0.145,0.3824,2,0.19118,1.289,1.289,154056,0
1778472481.495046,0.367745,-0.221659,0.739314,1,0.6212,1.5043,0.035983,-0.004952,0.003584,0.001,0.1754,0.4448,2,0.2224,1.376,1.376,154056,0
1778472481.515397,0.35,-0.2,0.75,1,0.5639,1.3664,0.040144,-0.005205,0.004441,0.0008,0.2025,0.3607,2,0.18033,1.1506,1.1506,154056,0
1778472481.555696,0.4,-0.2,0.75,1,0.6279,0.8288,0.047355,-0.005921,0.00649,0.0011,0.1763,0.4505,2,0.22525,2.9941,2.9941,154056,0
1778472481.595922,0.386071,-0.223394,0.744072,1,0.5257,0.7102,0.054309,-0.006686,0.008342,0.0007,0.1452,0.3798,2,0.18992,1.9752,1.9752,154056,0
1778472481.638834,0.393473,-0.224039,0.74603,1,0.5479,0.7326,0.061712,-0.007331,0.010299,0.001,0.1559,0.391,2,0.19552,2.0758,2.0758,154060,0
1778472481.679013,0.4013,-0.224544,0.747813,1,0.6767,0.8724,0.069538,-0.007837,0.012082,0.0008,0.2531,0.4228,2,0.21138,2.4579,2.4579,154060,0
1778472481.719188,0.409841,-0.22464,0.749451,1,0.6615,0.8357,0.078079,-0.007933,0.013721,0.0007,0.1423,0.5185,3,0.17282,2.9818,2.9818,154060,0
1778472481.759392,0.4,-0.2,0.75,1,0.5656,0.7421,0.086559,-0.007597,0.015342,0.0009,0.1786,0.386,2,0.19302,2.4047,2.4047,154060,0
1778472481.799643,0.4,-0.2,0.75,1,0.6573,0.8731,0.095184,-0.007473,0.017427,0.0007,0.1555,0.501,2,0.25052,2.2716,2.2716,154060,0
1778472481.839813,0.4,-0.2,0.75,1,0.5165,0.691,0.104467,-0.007109,0.019493,0.0009,0.1406,0.375,2,0.1875,2.2826,2.2826,154060,0
1778472481.879938,0.4,-0.2,0.75,1,0.5284,0.7028,0.112941,-0.006805,0.021627,0.001,0.1485,0.3789,2,0.18944,2.3018,2.3018,154060,0
1778472481.920134,0.4,-0.2,0.75,1,0.5758,0.7562,0.121608,-0.006476,0.023777,0.0008,0.1639,0.4112,2,0.2056,2.3196,2.3196,154068,0
1778472481.960303,0.4,-0.2,0.75,1,0.5346,0.715,0.13271,-0.006495,0.026441,0.0009,0.1446,0.3891,2,0.19457,2.3063,2.3063,154068,0
1778472482.000484,0.4,-0.2,0.75,1,0.5704,0.744,0.144285,-0.006736,0.029139,0.0008,0.1651,0.4045,2,0.20226,2.3112,2.3112,154072,0
1778472482.040678,0.4,-0.2,0.75,1,0.5359,0.7053,0.153996,-0.006659,0.031168,0.0007,0.1554,0.3798,2,0.18989,2.3007,2.3007,154072,0
1778472482.080857,0.4,-0.2,0.75,1,0.5329,0.7274,0.163074,-0.006415,0.033187,0.001,0.146,0.386,2,0.19298,2.2791,2.2791,154072,0
1778472482.121047,0.4,-0.2,0.75,1,0.7145,0.9417,0.17109,-0.006484,0.035179,0.001,0.2403,0.4731,2,0.23655,2.2667,2.2667,154072,0
1778472482.161228,0.4,-0.2,0.75,1,0.5735,0.7563,0.178038,-0.007177,0.037621,0.001,0.1554,0.4171,2,0.20857,2.2377,2.2377,154072,0
1778472482.2014,0.4,-0.2,0.75,1,0.568,0.7578,0.184658,-0.007458,0.038989,0.001,0.1671,0.3999,2,0.19996,2.2219,2.2219,154072,0
1778472482.241793,0.4,-0.2,0.75,1,0.5853,0.7524,0.192498,-0.007581,0.038322,0.0007,0.1515,0.4331,2,0.21655,2.2197,2.2197,154084,0
1778472482.281944,0.4,-0.2,0.75,1,0.58,0.7898,0.199049,-0.007433,0.036868,0.0009,0.1722,0.407,2,0.2035,2.2618,2.2618,154088,0
1778472482.322525,0.4,-0.2,0.75,1,0.5479,0.7337,0.203986,-0.007242,0.035889,0.0008,0.1486,0.3986,2,0.19928,2.265,2.265,154088,0
1778472482.362859,0.4,-0.2,0.75,1,0.6059,0.7784,0.207599,-0.006817,0.035259,0.0006,0.1371,0.4682,2,0.2341,2.287,2.287,154088,0
1778472482.403056,0.4,-0.2,0.75,1,0.3286,0.4491,0.210016,-0.006232,0.034944,0.0005,0.106,0.2222,2,0.11108,2.2972,2.2972,154088,0
1778472482.443605,0.4,-0.2,0.75,1,0.5868,0.7885,0.211198,-0.005733,0.034804,0.0011,0.1663,0.4194,2,0.20971,2.299,2.299,154088,0
1778472482.483958,0.4,-0.2,0.75,1,0.5331,0.7085,0.211042,-0.005579,0.034844,0.0008,0.1493,0.383,2,0.19151,2.3323,2.3323,154088,0
1778472482.524257,0.4,-0.2,0.75,1,0.5484,0.729,0.210679,-0.005428,0.03488,0.0009,0.1486,0.3988,2,0.19942,2.3361,2.3361,154088,0
1778472482.564617,0.4,-0.2,0.75,1,0.6179,0.8301,0.209817,-0.004999,0.035038,0.0009,0.1627,0.4543,2,0.22714,2.3301,2.3301,154088,0
1778472482.604919,0.4,-0.2,0.75,1,0.5408,0.7344,0.209032,-0.004791,0.035274,0.0008,0.1571,0.3828,2,0.19142,2.3271,2.3271,154088,0
1778472482.645131,0.4,-0.2,0.75,1,0.7489,1.663,0.207472,-0.004352,0.035605,0.0013,0.2012,0.5465,2,0.27324,2.3314,2.3314,154092,0
1778472482.685303,0.4,-0.2,0.75,1,0.5259,0.698,0.204734,-0.003678,0.036171,0.0008,0.1392,0.3858,2,0.1929,2.3225,2.3225,154092,0
1778472482.725719,0.4,-0.2,0.75,1,0.7022,0.9054,0.201312,-0.002958,0.036632,0.001,0.1658,0.5354,2,0.26769,2.3073,2.3073,154092,0
1778472482.765894,0.4,-0.2,0.75,1,0.5582,3.5195,0.196981,-0.002517,0.037202,0.0008,0.1429,0.4144,2,0.20721,2.306,2.306,154092,0
1778472482.806072,0.4,-0.2,0.75,1,0.6026,1.2561,0.191932,-0.002129,0.037786,0.001,0.1577,0.4438,2,0.22192,2.293,2.293,154092,0
1778472482.84692,0.4,-0.2,0.75,1,0.6112,0.8018,0.185714,-0.002019,0.038462,0.0009,0.2187,0.3915,2,0.19575,2.2841,2.2841,154092,0
1778472482.888672,0.4,-0.2,0.75,1,0.5693,0.7383,0.179165,-0.002204,0.038768,0.0007,0.1964,0.3722,2,0.18609,2.2273,2.2273,154092,0
1778472482.928869,0.4,-0.2,0.75,1,0.6332,1.252,0.170671,-0.002511,0.038434,0.0008,0.1805,0.4519,2,0.22595,2.2278,2.2278,154096,0
1778472482.969047,0.4,-0.2,0.75,1,0.5917,0.7967,0.161637,-0.003096,0.037649,0.0009,0.1557,0.4352,2,0.21758,2.1836,2.1836,154096,0
1778472483.009313,0.4,-0.2,0.75,1,0.7617,0.9811,0.152981,-0.004026,0.036455,0.0009,0.1788,0.5819,2,0.29097,2.1873,2.1873,154096,0
1778472483.050035,0.4,-0.2,0.75,1,0.3182,0.4382,0.155213,-0.003897,0.036692,0.0005,0.106,0.2116,2,0.10582,2.1966,2.1966,154096,0
1778472483.090699,0.4,-0.2,0.75,1,0.3376,0.4785,0.156801,-0.003743,0.036859,0.0005,0.1115,0.2256,2,0.1128,2.2385,2.2385,154096,0
1778472483.131002,0.4,-0.2,0.75,1,0.3254,0.4299,0.157026,-0.003721,0.036883,0.0005,0.1059,0.219,2,0.1095,2.2947,2.2947,154096,0
1778472483.171387,0.4,-0.2,0.75,1,0.3486,0.4737,0.157049,-0.003718,0.036885,0.0006,0.1049,0.2432,2,0.1216,2.369,2.369,154108,0
1778472483.211695,0.4,-0.2,0.75,1,0.3226,0.4319,0.120951,0.000314,0.030703,0.0005,0.1029,0.2193,2,0.10964,2.4426,2.4426,154112,0
1778472483.252136,0.4,-0.25,0.75,1,0.3767,0.4848,0.128633,-0.008326,0.032078,0.0005,0.1035,0.2727,3,0.0909,2.6424,2.6424,154112,0
1778472483.292338,0.4,-0.25,0.75,1,0.6008,0.8155,0.116536,-0.008654,0.028496,0.0007,0.1537,0.4464,2,0.22319,2.8823,2.8823,154112,0
1778472483.332595,0.4,-0.2,0.75,1,0.5564,0.7192,0.104154,-0.008023,0.025006,0.0008,0.1539,0.4017,2,0.20087,2.5273,2.5273,154112,0
1778472483.372947,0.4,-0.2,0.75,1,0.5849,0.7821,0.090079,-0.006349,0.021263,0.0008,0.1624,0.4216,2,0.21082,2.5243,2.5243,154112,0
1778472483.413155,0.404512,-0.220258,0.752632,1,0.7895,1.006,0.07275,-0.00355,0.016901,0.001,0.1649,0.6236,3,0.20788,2.6671,2.6671,154112,0
1778472483.453346,0.390469,-0.217739,0.748625,1,0.5739,0.7625,0.058707,-0.001031,0.012894,0.001,0.1612,0.4116,2,0.20582,2.5278,2.5278,154112,0
1778472483.493547,0.377329,-0.215082,0.744326,1,0.5435,0.7281,0.045567,0.001625,0.008596,0.0013,0.1588,0.3834,2,0.19172,2.0252,2.0252,154112,0
1778472483.533895,0.366235,-0.213097,0.740769,1,0.4884,0.6466,0.034474,0.00361,0.005038,0.0006,0.1222,0.3655,2,0.18275,1.7273,1.7273,154112,0
1778472483.574937,0.357392,-0.211965,0.738451,1,0.5631,0.7551,0.025631,0.004742,0.002721,0.0007,0.1636,0.3989,2,0.19944,1.524,1.524,154116,0
1778472483.595243,0.350105,-0.211365,0.736941,1,0.4837,0.6306,0.018343,0.005342,0.001211,0.0006,0.1195,0.3636,2,0.18178,1.3931,1.3931,154116,0
1778472483.635916,0.343136,-0.211146,0.735457,1,0.5855,1.5663,0.011375,0.005562,-0.000274,0.0007,0.1559,0.4289,2,0.21444,1.2647,1.2647,154116,0
1778472483.676766,0.336559,-0.211122,0.734196,1,0.4124,0.9016,0.004797,0.005585,-0.001535,0.0004,0.1187,0.2932,2,0.14662,1.1608,1.1608,154116,0
1778472483.717886,0.329908,-0.211109,0.732738,1,0.9076,1.0554,-0.001853,0.005599,-0.002992,0.0015,0.2489,0.6572,2,0.3286,1.0937,1.0937,154116,0
1778472483.758211,0.3,-0.2,0.75,1,0.4136,0.5484,-0.008191,0.005631,-0.004447,0.0005,0.1186,0.2945,2,0.14724,1.0133,1.0133,154116,0
1778472483.798506,0.317332,-0.211134,0.730001,1,0.526,0.7062,-0.014429,0.005574,-0.00573,0.0006,0.1502,0.3752,2,0.1876,0.9279,0.9279,154116,0
1778472483.838697,0.312095,-0.211211,0.72894,1,0.5813,0.7577,-0.019667,0.005497,-0.00679,0.0009,0.1608,0.4195,2,0.20977,0.8175,0.8175,154124,0
1778472483.879135,0.308003,-0.211262,0.727838,1,0.643,0.8486,-0.023759,0.005445,-0.007892,0.0009,0.1676,0.4745,2,0.23723,0.739,0.739,154128,0
1778472483.919325,0.304577,-0.211484,0.726394,1,0.5129,0.6803,-0.027185,0.005223,-0.009337,0.0007,0.1348,0.3774,2,0.18869,0.6647,0.6647,154128,0
1778472483.959635,0.300472,-0.2121,0.724652,1,0.5796,0.776,-0.03129,0.004608,-0.011079,0.001,0.1796,0.3991,2,0.19953,0.5881,0.5881,154128,0
1778472483.999845,0.29641,-0.213089,0.722604,1,0.6272,0.8382,-0.035352,0.003619,-0.013127,0.0007,0.1641,0.4623,2,0.23116,0.5231,0.5231,154128,0
1778472484.040068,0.292929,-0.214014,0.720485,1,0.5927,0.7686,-0.038832,0.002694,-0.015245,0.0009,0.1783,0.4136,2,0.20679,0.4807,0.4807,154128,0
1778472484.080331,0.289452,-0.21515,0.718643,1,0.5616,0.733,-0.04231,0.001558,-0.017087,0.0008,0.1563,0.4045,2,0.20227,0.4456,0.4456,154128,0
1778472484.120692,0.28642,-0.216618,0.717032,1,0.6143,0.8188,-0.045341,8.9e-05,-0.018699,0.0007,0.1648,0.4487,2,0.22437,0.4141,0.4141,154128,0
1778472484.160957,0.282763,-0.218041,0.715508,1,0.554,0.7417,-0.048999,-0.001334,-0.020223,0.0008,0.1593,0.3939,2,0.19694,0.3901,0.3901,154128,0
1778472484.20121,0.3,-0.2,0.7,1,0.5825,0.7737,-0.054222,-0.003064,-0.02111,0.0009,0.1752,0.4064,2,0.20318,0.4322,0.4322,154132,0
1778472484.241399,0.3,-0.2,0.7,1,0.4367,0.6392,-0.055256,-0.003409,-0.021095,0.0008,0.1682,0.2677,1,0.2677,1.6489,1.6489,154132,0
1778472484.28177,0.3,-0.2,0.7,1,0.405,0.605,-0.054682,-0.003231,-0.021046,0.0011,0.1525,0.2513,1,0.25132,1.5426,1.5426,154132,0
1778472484.321946,0.3,-0.2,0.7,1,0.4621,0.7057,-0.054573,-0.003197,-0.021039,0.0009,0.1667,0.2945,1,0.2945,1.3807,1.3807,154132,0
1778472484.362136,0.3,-0.2,0.7,1,0.4495,0.6396,-0.05456,-0.003193,-0.021038,0.0008,0.1598,0.289,1,0.28895,1.2285,1.2285,154132,0
1778472484.402393,0.3,-0.2,0.7,1,0.4104,0.6058,-0.054559,-0.003192,-0.021038,0.0008,0.1604,0.2492,1,0.24921,1.2519,1.2519,154132,0
1778472484.442547,0.3,-0.2,0.7,1,0.3856,0.5519,-0.054559,-0.003192,-0.021038,0.0007,0.1543,0.2306,1,0.23058,1.3824,1.3824,154132,0
1778472484.482948,0.3,-0.2,0.7,1,0.4281,0.6306,-0.054559,-0.003192,-0.021038,0.001,0.1634,0.2637,1,0.26366,1.4876,1.4876,154136,0
1778472484.52315,0.3,-0.2,0.7,1,0.4496,0.6539,-0.054559,-0.003192,-0.021038,0.001,0.1828,0.2657,1,0.26573,1.3572,1.3572,154136,0
1778472484.563408,0.3,-0.2,0.7,1,0.416,0.5829,-0.054559,-0.003192,-0.021038,0.0006,0.1265,0.2889,1,0.2889,1.303,1.303,154148,0
1778472484.603608,0.3,-0.2,0.7,1,0.43,0.6131,-0.054559,-0.003192,-0.021038,0.0009,0.1576,0.2716,1,0.27156,1.3059,1.3059,154148,0
1778472484.644049,0.3,-0.2,0.7,1,0.477,0.6936,-0.054559,-0.003192,-0.021038,0.0008,0.1765,0.2997,1,0.29975,1.3719,1.3719,154148,0
1778472484.684287,0.3,-0.2,0.7,1,0.3935,0.573,-0.054559,-0.003192,-0.021038,0.0008,0.1392,0.2535,1,0.25346,1.3907,1.3907,154148,0
1778472484.72459,0.3,-0.2,0.7,1,0.437,0.6331,-0.054559,-0.003192,-0.021038,0.0011,0.1598,0.2761,1,0.27609,1.4011,1.4011,154148,0
1778472484.764833,0.3,-0.2,0.7,1,0.3832,0.5706,-0.054559,-0.003192,-0.021038,0.0009,0.1399,0.2424,1,0.24242,1.3419,1.3419,154148,0
1778472484.805145,0.3,-0.2,0.7,1,0.4116,0.6047,-0.054559,-0.003192,-0.021038,0.001,0.1491,0.2615,1,0.2615,1.3047,1.3047,154148,0
1778472484.845452,0.3,-0.2,0.7,1,0.4078,1.0995,-0.054559,-0.003192,-0.021038,0.0008,0.1594,0.2476,1,0.2476,1.2937,1.2937,154148,0
1778472484.885785,0.3,-0.2,0.7,1,0.4026,1.2008,-0.054559,-0.003192,-0.021038,0.0007,0.1355,0.2663,1,0.26631,1.241,1.241,154152,0
1778472484.926855,0.3,-0.2,0.7,1,0.4184,0.6042,-0.054559,-0.003192,-0.021038,0.0009,0.1642,0.2533,1,0.25325,1.2036,1.2036,154152,0
1778472484.969055,0.3,-0.2,0.7,1,0.449,0.6631,-0.054559,-0.003192,-0.021038,0.0011,0.1648,0.2831,1,0.28307,1.3549,1.3549,154152,0
1778472485.009254,0.3,-0.2,0.7,1,0.426,0.6147,-0.054559,-0.003192,-0.021038,0.001,0.1665,0.2585,1,0.25852,1.6039,1.6039,154152,0
1778472485.049529,0.3,-0.2,0.7,1,0.4214,0.626,-0.054559,-0.003192,-0.021038,0.0009,0.1583,0.2623,1,0.26225,1.9382,1.9382,154152,0
1778472485.089896,0.3,-0.2,0.7,1,0.3788,0.5588,-0.054559,-0.003192,-0.021038,0.0006,0.1412,0.237,1,0.23697,2.2418,2.2418,154152,0
1778472485.130117,0.3,-0.2,0.7,1,0.5746,0.7447,-0.054559,-0.003192,-0.021038,0.001,0.159,0.4146,2,0.20731,0.4009,0.4009,154156,0
1778472485.170332,0.25,-0.2,0.7,1,0.6086,0.8377,-0.057677,-0.004164,-0.0146,0.001,0.1628,0.4449,2,0.22243,0.2717,0.2717,154160,0
1778472485.210597,0.25,-0.2,0.75,1,0.5524,0.7433,-0.062014,-0.00663,-0.000931,0.0007,0.1453,0.4064,2,0.20321,0.5064,0.5064,154160,0
1778472487.934612,0.254536,-0.164101,0.751542,1,0.4422,0.6334,0.000764,-0.000245,0.001091,0.0012,0.1603,0.2808,1,0.28082,1.6201,1.6201,154180,0
1778472487.975003,0.254208,-0.163983,0.751642,1,0.4666,0.7134,0.000436,-0.000126,0.001191,0.0009,0.1697,0.2961,1,0.29612,1.2741,1.2741,154180,0
1778472488.015193,0.253927,-0.163912,0.751714,1,0.4229,1.361,0.000155,-5.6e-05,0.001263,0.0008,0.1692,0.2529,1,0.25292,1.3332,1.3332,154180,0
1778472488.05549,0.253723,-0.163924,0.751818,1,0.4067,1.4228,-4.9e-05,-6.7e-05,0.001367,0.0008,0.1649,0.241,1,0.24099,1.393,1.393,154180,0
1778472488.095846,0.253715,-0.164055,0.752002,1,0.4023,0.5874,-5.7e-05,-0.000198,0.001551,0.0008,0.15,0.2515,1,0.25152,1.4678,1.4678,154180,0
1778472488.13694,0.253856,-0.164132,0.752129,1,0.4169,0.6026,8.4e-05,-0.000275,0.001678,0.0007,0.1669,0.2492,1,0.24925,1.4986,1.4986,154180,0
1778472488.179217,0.253893,-0.164078,0.752074,1,0.4517,0.6564,0.000122,-0.000221,0.001622,0.0011,0.1718,0.2787,1,0.27875,1.5016,1.5016,154184,0
1778472488.219573,0.253715,-0.163911,0.751816,1,0.402,0.5926,-5.7e-05,-5.4e-05,0.001365,0.0006,0.153,0.2485,1,0.24846,1.4647,1.4647,154184,0
1778472488.259859,0.25359,-0.163814,0.751607,1,0.4137,0.5978,-0.000182,4.2e-05,0.001155,0.0008,0.1595,0.2534,1,0.25337,1.4587,1.4587,154184,0
1778472488.300027,0.25358,-0.163856,0.751554,1,0.4243,0.644,-0.000192,1e-06,0.001102,0.0009,0.1677,0.2558,1,0.25582,1.4771,1.4771,154184,0
1778472488.340206,0.2536,-0.16377,0.751483,1,0.4268,0.6074,-0.000172,8.7e-05,0.001032,0.0007,0.1613,0.2648,1,0.26476,1.4909,1.4909,154184,0
1778472488.380398,0.253602,-0.163641,0.751441,1,0.4391,0.6546,-0.00017,0.000215,0.00099,0.0007,0.1774,0.261,1,0.26101,1.4998,1.4998,154184,0
1778472488.420704,0.253597,-0.163516,0.751408,1,0.4346,0.6253,-0.000175,0.00034,0.000956,0.001,0.1804,0.2532,1,0.25316,1.4942,1.4942,154184,0
1778472488.460994,0.25355,-0.163424,0.751372,1,0.3957,0.6002,-0.000222,0.000433,0.000921,0.0009,0.146,0.2488,1,0.24883,1.4965,1.4965,154184,0
1778472488.501164,0.253384,-0.163474,0.751377,1,0.4429,0.6397,-0.000388,0.000383,0.000926,0.001,0.1705,0.2714,1,0.27141,1.5166,1.5166,154188,0
1778472488.541489,0.252994,-0.163569,0.751396,1,0.3908,0.5676,-0.000778,0.000288,0.000945,0.0006,0.15,0.2402,1,0.24016,1.5427,1.5427,154188,0
1778472488.581731,0.252292,-0.163336,0.75128,1,0.42,0.6091,-0.00148,0.00052,0.000829,0.0008,0.1494,0.2697,1,0.26973,1.5155,1.5155,154196,0
1778472488.622028,0.251164,-0.162793,0.751016,1,0.406,0.6206,-0.002608,0.001063,0.000565,0.0006,0.1518,0.2536,1,0.25359,1.4423,1.4423,154196,0
1778472488.662479,0.249491,-0.162188,0.750545,1,0.4667,0.665,-0.004281,0.001668,9.3e-05,0.0009,0.1773,0.2885,1,0.28846,1.3142,1.3142,154196,0
1778472488.702777,0.247052,-0.161421,0.749745,1,0.4642,0.6598,-0.00672,0.002435,-0.000706,0.0009,0.1747,0.2886,1,0.28856,1.153,1.153,154196,0
1778472488.743077,0.244293,-0.160187,0.748451,1,0.4104,0.6118,-0.009479,0.003669,-0.002001,0.0005,0.1442,0.2656,1,0.2656,0.8941,0.8941,154196,0
1778472488.783385,0.240929,-0.158494,0.746423,1,0.4078,0.6022,-0.012843,0.005363,-0.004029,0.0009,0.1436,0.2634,1,0.26338,0.589,0.589,154196,0
1778472488.823704,0.237761,-0.156694,0.744644,1,0.2744,0.3899,-0.016011,0.007163,-0.005807,0.0004,0.1091,0.1649,1,0.16488,0.4829,0.4829,154200,0
1778472488.863908,0.235474,-0.155164,0.743272,1,0.2083,0.3034,-0.018298,0.008693,-0.00718,0.0004,0.0712,0.1368,1,0.13675,0.3697,0.3697,154200,0
1778472488.904113,0.23343,-0.154257,0.742466,1,0.418,0.6077,-0.020342,0.0096,-0.007985,0.0009,0.155,0.2622,1,0.26216,0.3053,0.3053,154200,0
1778472488.944292,0.231233,-0.153484,0.741536,1,0.4215,0.6232,-0.022539,0.010373,-0.008916,0.0007,0.1513,0.2695,1,0.26952,0.2435,0.2435,154200,0
1778472488.984661,0.229401,-0.152629,0.740569,1,0.3813,0.5588,-0.024371,0.011228,-0.009882,0.0009,0.1418,0.2386,1,0.23864,0.2147,0.2147,154200,0
1778472489.024987,0.228095,-0.151506,0.73974,1,0.4336,0.6428,-0.025677,0.012351,-0.010712,0.0009,0.157,0.2758,1,0.27577,0.1983,0.1983,154200,0
1778472489.045089,0.226902,-0.150526,0.739035,1,0.3382,0.4971,-0.02687,0.013331,-0.011416,0.0006,0.1146,0.223,1,0.22301,0.1813,0.1813,154200,0
1778472489.085315,0.225683,-0.149911,0.738348,1,0.488,1.2662,-0.028089,0.013945,-0.012104,0.001,0.1791,0.3078,1,0.30782,0.1788,0.1788,154200,0
1778472489.125596,0.224535,-0.149421,0.737526,1,0.3893,0.974,-0.029237,0.014436,-0.012926,0.0007,0.1374,0.2512,1,0.25121,0.1673,0.1673,154204,0
1778472489.165908,0.223316,-0.148781,0.736552,1,0.4087,3.1869,-0.030456,0.015076,-0.013899,0.0009,0.1537,0.2541,1,0.25413,0.1613,0.1613,154204,0
1778472489.206125,0.221844,-0.148193,0.735394,1,0.4515,0.6609,-0.031928,0.015664,-0.015057,0.0007,0.1727,0.2781,1,0.27807,0.1649,0.1649,154216,0
1778472489.249362,0.220055,-0.147619,0.734007,1,0.4098,0.5979,-0.033717,0.016237,-0.016445,0.001,0.1543,0.2545,1,0.2545,0.1767,0.1767,154216,0
1778472489.289757,0.218857,-0.147063,0.732851,1,0.4035,0.6049,-0.034915,0.016793,-0.017601,0.0009,0.1521,0.2506,1,0.25057,0.1578,0.1578,154216,0
1778472489.329968,0.218076,-0.146358,0.731916,1,0.4471,0.6677,-0.035696,0.017498,-0.018536,0.0009,0.1662,0.2799,1,0.27992,0.1395,0.1395,154216,0
1778472489.37015,0.217242,-0.145704,0.730918,1,0.3763,0.5675,-0.03653,0.018153,-0.019533,0.0008,0.1356,0.2399,1,0.23995,0.1247,0.1247,154216,0
1778472489.410343,0.216725,-0.144994,0.73013,1,0.4073,0.6032,-0.037047,0.018862,-0.020322,0.0008,0.1505,0.256,1,0.25605,0.1075,0.1075,154220,0
1778472489.450763,0.216226,-0.144516,0.729506,1,0.4227,0.6443,-0.037545,0.019341,-0.020945,0.0008,0.1401,0.2818,1,0.28182,0.0979,0.0979,154220,0
1778472489.491072,0.215653,-0.144088,0.728585,1,0.4049,0.6112,-0.038119,0.019769,-0.021866,0.0006,0.1506,0.2537,1,0.25372,0.0931,0.0931,154220,0
1778472489.531269,0.215225,-0.143609,0.728081,1,0.4688,0.668,-0.038547,0.020247,-0.02237,0.0009,0.1997,0.2682,1,0.26823,0.0813,0.0813,154220,0
1778472489.571461,0.214711,-0.143239,0.72775,1,0.4629,0.6789,-0.039061,0.020618,-0.022701,0.0011,0.1692,0.2927,1,0.29266,0.0802,0.0802,154220,0
1778472489.611815,0.21417,-0.143078,0.727404,1,0.4402,0.6382,-0.039602,0.020779,-0.023047,0.0009,0.1691,0.2702,1,0.27016,0.0786,0.0786,154220,0
1778472489.651976,0.214089,-0.142978,0.727398,1,0.4595,0.6665,-0.039682,0.020878,-0.023053,0.0011,0.1709,0.2876,1,0.2876,0.0805,0.0805,154220,0
1778472489.692271,0.214424,-0.14276,0.727447,1,0.4381,0.6313,-0.039348,0.021096,-0.023005,0.0011,0.1685,0.2685,1,0.26853,0.0842,0.0842,154220,0
1778472489.732471,0.21416,-0.142668,0.726956,1,0.5101,0.7115,-0.039612,0.021188,-0.023495,0.0008,0.1898,0.3194,1,0.31944,0.0797,0.0797,154224,0
1778472489.772832,0.213792,-0.142744,0.726602,1,0.3252,0.4875,-0.03998,0.021113,-0.02385,0.0008,0.1083,0.2162,1,0.21616,0.081,0.081,154224,0
1778472489.813133,0.213681,-0.142884,0.726637,1,0.3907,0.5933,-0.040091,0.020973,-0.023815,0.0009,0.1398,0.2501,1,0.25006,0.0847,0.0847,154224,0
1778472489.853398,0.213497,-0.142658,0.726431,1,0.4083,0.6123,-0.040275,0.021199,-0.02402,0.0009,0.1614,0.2461,1,0.24609,0.0766,0.0766,154224,0
1778472489.89377,0.213102,-0.141938,0.725775,1,0.4002,0.5838,-0.04067,0.021919,-0.024677,0.0008,0.1513,0.2481,1,0.24806,0.0714,0.0714,154224,0
1778472489.934046,0.212474,-0.141134,0.72433,1,0.3966,0.5894,-0.041298,0.022723,-0.026121,0.0008,0.1474,0.2485,1,0.24849,0.0722,0.0722,154224,0
1778472489.97433,0.211657,-0.140064,0.721672,1,0.4191,0.6002,-0.042115,0.023793,-0.02878,0.0007,0.147,0.2713,1,0.27133,0.0893,0.0893,154236,0
1778472490.014692,0.211141,-0.139173,0.719183,1,0.3968,0.5884,-0.042631,0.024684,-0.031269,0.0009,0.1468,0.2491,1,0.24913,0.0977,0.0977,154236,0
1778472490.055039,0.210934,-0.138393,0.717174,1,0.4076,0.6196,-0.042838,0.025464,-0.033277,0.0007,0.1558,0.251,1,0.25104,0.0811,0.0811,154236,0
1778472490.095303,0.211087,-0.137777,0.716156,1,0.4716,1.3826,-0.042685,0.026079,-0.034295,0.0007,0.1641,0.3069,1,0.30686,0.0684,0.0684,154240,0
1778472490.135497,0.211124,-0.137426,0.715668,1,0.4886,1.3559,-0.042648,0.026431,-0.034784,0.0011,0.1884,0.2991,1,0.29914,0.0607,0.0607,154240,0
1778472490.175829,0.210879,-0.137057,0.71511,1,0.4637,0.6629,-0.042893,0.026799,-0.035341,0.0009,0.1697,0.2931,1,0.29314,0.0575,0.0575,154240,0
1778472490.218738,0.210688,-0.136826,0.714881,1,0.4485,0.6374,-0.043084,0.02703,-0.03557,0.0008,0.1616,0.286,1,0.28602,0.0574,0.0574,154240,0
1778472490.259136,0.210708,-0.136576,0.714817,1,0.4273,0.6159,-0.043064,0.027281,-0.035634,0.001,0.1571,0.2691,1,0.26915,0.0573,0.0573,154240,0
1778472490.299571,0.211638,-0.138079,0.717901,1,0.4321,0.6439,-0.042134,0.025778,-0.03255,0.0009,0.1692,0.262,1,0.262,0.0841,0.0841,154240,0
1778472490.339859,0.213556,-0.141302,0.724296,1,0.4081,0.592,-0.040216,0.022554,-0.026155,0.0008,0.1538,0.2535,1,0.25352,0.1784,0.1784,154240,0
1778472490.380028,0.214098,-0.142672,0.726428,1,0.4866,0.6889,-0.039674,0.021185,-0.024023,0.0008,0.1597,0.326,1,0.32602,0.1053,0.1053,154252,0
1778472490.420214,0.214026,-0.143164,0.726745,1,0.3817,0.5616,-0.039746,0.020693,-0.023707,0.0007,0.1347,0.2463,1,0.24627,0.1013,0.1013,154252,0
1778472490.460484,0.214023,-0.143147,0.726736,1,0.4452,0.6302,-0.039749,0.020709,-0.023715,0.0008,0.176,0.2684,1,0.26842,0.1018,0.1018,154252,0
1778472490.500844,0.214085,-0.142924,0.726591,1,0.4171,0.621,-0.039687,0.020933,-0.02386,0.001,0.1606,0.2555,1,0.25546,0.1027,0.1027,154252,0
1778472490.541125,0.214157,-0.142695,0.726524,1,0.4182,0.6037,-0.039615,0.021162,-0.023927,0.0009,0.1552,0.2622,1,0.26216,0.1044,0.1044,154252,0
1778472490.581328,0.214359,-0.142448,0.726611,1,0.442,0.6451,-0.039413,0.021408,-0.02384,0.0009,0.173,0.2681,1,0.26813,0.1057,0.1057,154252,0
1778472490.621582,0.214606,-0.142315,0.726786,1,0.4249,0.6208,-0.039166,0.021542,-0.023665,0.0008,0.1593,0.2647,1,0.26471,0.1076,0.1076,154252,0
1778472490.661837,0.215237,-0.142198,0.727111,1,0.4018,0.5913,-0.038535,0.021659,-0.02334,0.0007,0.1453,0.2558,1,0.25578,0.1113,0.1113,154252,0
1778472490.702004,0.21557,-0.142324,0.727451,1,0.446,0.6583,-0.038202,0.021533,-0.023001,0.0008,0.1643,0.2809,1,0.2809,0.1135,0.1135,154252,0
1778472490.742308,0.215198,-0.142752,0.727738,1,0.4134,0.6033,-0.038574,0.021105,-0.022713,0.0009,0.1489,0.2637,1,0.26366,0.1156,0.1156,154256,0
1778472490.782676,0.21497,-0.143011,0.727997,1,0.4198,0.5996,-0.038802,0.020846,-0.022454,0.0009,0.1646,0.2544,1,0.25439,0.1171,0.1171,154256,0
1778472490.82309,0.214733,-0.143274,0.728595,1,0.44,0.6583,-0.039039,0.020583,-0.021857,0.001,0.1717,0.2673,1,0.26729,0.1233,0.1233,154256,0
1778472490.863276,0.214633,-0.143844,0.730292,1,0.4234,0.6076,-0.039139,0.020013,-0.02016,0.001,0.1554,0.267,1,0.26701,0.1624,0.1624,154256,0
1778472490.903588,0.214927,-0.144731,0.732619,1,0.4397,0.6372,-0.038845,0.019126,-0.017833,0.0004,0.1693,0.2701,1,0.27006,0.2081,0.2081,154256,0
1778472490.9438,0.215181,-0.145537,0.735184,1,0.3516,0.5247,-0.038591,0.018319,-0.015267,0.0006,0.1239,0.227,1,0.22697,0.2626,0.2626,154256,0
1778472490.983937,0.215583,-0.146647,0.737969,1,0.4225,0.6169,-0.038189,0.01721,-0.012483,0.0008,0.1646,0.2572,1,0.25715,0.3597,0.3597,154256,0
1778472491.024132,0.215806,-0.148097,0.740023,1,0.3976,0.6076,-0.037966,0.015759,-0.010429,0.0008,0.1497,0.247,1,0.24701,0.8726,0.8726,154260,0
1778472491.064306,0.216445,-0.149295,0.741366,1,0.3763,0.5342,-0.037327,0.014562,-0.009085,0.0007,0.1187,0.257,1,0.25697,1.3912,1.3912,154272,0
1778472491.104612,0.218038,-0.149839,0.742574,1,0.5429,0.7757,-0.035734,0.014018,-0.007877,0.0012,0.2106,0.3311,1,0.33114,1.5264,1.5264,154272,0
1778472491.125297,0.219792,-0.150287,0.743551,1,0.4455,1.0575,-0.03398,0.01357,-0.0069,0.0006,0.151,0.2939,1,0.29393,1.64,1.64,154272,0
1778472491.165568,0.221835,-0.150423,0.744119,1,0.4263,1.0238,-0.031937,0.013434,-0.006332,0.0008,0.1533,0.2722,1,0.27219,1.705,1.705,154272,0
1778472491.205945,0.223959,-0.150069,0.744027,1,0.5315,3.1884,-0.029813,0.013788,-0.006425,0.0006,0.1548,0.3761,1,0.37606,1.6509,1.6509,154272,0
1778472491.246138,0.225089,-0.149575,0.743268,1,0.4286,1.0603,-0.028682,0.014281,-0.007184,0.0009,0.1661,0.2616,1,0.26162,1.5423,1.5423,154272,0
1778472491.288865,0.226516,-0.148599,0.742641,1,0.4618,0.6533,-0.027256,0.015257,-0.00781,0.0009,0.1674,0.2935,1,0.29349,1.1666,1.1666,154272,0
1778472491.329068,0.228078,-0.14792,0.742506,1,0.4009,0.5948,-0.025694,0.015937,-0.007945,0.0009,0.1466,0.2535,1,0.25345,0.9983,0.9983,154276,0
1778472491.369291,0.229032,-0.147493,0.742499,1,0.4683,0.6882,-0.02474,0.016363,-0.007953,0.0012,0.1701,0.297,1,0.29703,0.9755,0.9755,154276,0
1778472491.409512,0.229478,-0.147316,0.742293,1,0.4651,0.6871,-0.024294,0.016541,-0.008159,0.0011,0.1725,0.2915,1,0.2915,0.8668,0.8668,154276,0
1778472491.450001,0.229371,-0.147354,0.742037,1,0.3734,0.5449,-0.024401,0.016503,-0.008414,0.0007,0.1343,0.2384,1,0.23844,0.7585,0.7585,154276,0
1778472491.490219,0.229149,-0.147531,0.741735,1,0.4788,0.7015,-0.024623,0.016326,-0.008716,0.0011,0.1793,0.2984,1,0.2984,0.7372,0.7372,154276,0
1778472491.530556,0.229188,-0.147865,0.741651,1,0.4659,0.6488,-0.024584,0.015992,-0.008801,0.0009,0.1724,0.2926,1,0.29259,0.7471,0.7471,154288,0
1778472491.570919,0.229196,-0.149055,0.741714,1,0.4102,0.5913,-0.024576,0.014802,-0.008737,0.0009,0.1618,0.2474,1,0.24744,0.6198,0.6198,154288,0
1778472491.611122,0.229572,-0.149983,0.741587,1,0.4563,0.6621,-0.0242,0.013873,-0.008864,0.0009,0.1612,0.2942,1,0.29415,0.5696,0.5696,154288,0
1778472491.65151,0.23069,-0.14974,0.741663,1,0.5681,0.796,-0.023082,0.014117,-0.008788,0.001,0.1997,0.3674,1,0.36741,0.6199,0.6199,154288,0
1778472491.691854,0.232122,-0.149623,0.742648,1,0.4363,0.6208,-0.02165,0.014234,-0.007803,0.0008,0.165,0.2705,1,0.27051,0.5987,0.5987,154292,0
1778472491.732207,0.233607,-0.15018,0.743613,1,0.4255,0.626,-0.020165,0.013676,-0.006839,0.0009,0.1576,0.267,1,0.26695,0.5533,0.5533,154292,0
1778472491.772552,0.235176,-0.150779,0.744822,1,0.3851,0.5649,-0.018596,0.013077,-0.005629,0.0007,0.1464,0.2379,1,0.23788,0.6192,0.6192,154292,0
1778472491.813225,0.238047,-0.151079,0.747104,1,0.4173,0.602,-0.015725,0.012778,-0.003348,0.001,0.1628,0.2535,1,0.25349,1.093,1.093,154292,0
1778472491.853572,0.240677,-0.15072,0.748178,1,0.412,0.6146,-0.013095,0.013137,-0.002273,0.0007,0.1578,0.2536,1,0.25359,1.3324,1.3324,154292,0
1778472491.893856,0.242509,-0.14975,0.748088,1,0.2694,0.3868,-0.011263,0.014107,-0.002363,0.0002,0.1078,0.1614,1,0.16136,1.5076,1.5076,154292,0
1778472491.934023,0.243334,-0.148544,0.747198,1,0.2691,0.3915,-0.010438,0.015313,-0.003253,0.0003,0.1065,0.1623,1,0.16229,1.6418,1.6418,154292,0
1778472491.974214,0.243922,-0.148059,0.746985,1,0.1923,0.2819,-0.00985,0.015798,-0.003466,0.0002,0.0719,0.1201,1,0.12007,1.5896,1.5896,154296,0
1778472492.014457,0.243712,-0.148264,0.747125,1,0.2734,0.3876,-0.01006,0.015593,-0.003327,0.0004,0.1044,0.1687,1,0.16866,1.4478,1.4478,154296,0
1778472492.054831,0.243513,-0.148367,0.747126,1,0.4291,0.6222,-0.010259,0.01549,-0.003325,0.0006,0.1562,0.2724,1,0.27237,1.3041,1.3041,154304,0
1778472492.095058,0.273183,-0.159983,0.813735,1,0.5454,0.7156,0.019411,0.003874,0.063284,0.0005,0.1282,0.4166,2,0.20831,0.8457,0.8457,154304,0
1778472493.227983,0.35,-0.15,0.9,1,0.4611,0.6036,0.064214,-0.017565,0.155648,0.0003,0.1155,0.3453,3,0.11509,2.044,2.044,154304,0
1778472493.268178,0.35,-0.15,0.9,1,0.3962,0.5477,0.059626,-0.010986,0.136918,0.0002,0.1168,0.2792,2,0.13959,2.678,2.678,154304,0
1778472493.308393,0.308888,-0.131895,0.859174,1,0.6702,0.8545,0.036788,0.021605,0.044088,0.0007,0.1544,0.5151,3,0.17169,1.2797,1.2797,154304,0
1778472494.334175,0.332887,-0.113458,0.849938,1,0.5545,0.7273,0.023812,0.040042,-0.008459,0.0006,0.1439,0.4099,2,0.20496,1.4008,1.4008,154308,0
1778472494.37435,0.332887,-0.113458,0.849938,1,0.4418,0.649,0.023812,0.040042,-0.008459,0.0006,0.161,0.2802,1,0.2802,2.4783,2.4783,154308,0
1778472494.414512,0.332887,-0.113458,0.849938,1,0.4089,0.5983,0.023812,0.040042,-0.008459,0.0006,0.1623,0.246,1,0.24602,2.3569,2.3569,154308,0
1778472494.454903,0.332887,-0.113458,0.849938,1,0.4082,0.5991,0.023812,0.040042,-0.008459,0.0007,0.1572,0.2503,1,0.25029,2.38,2.38,154308,0
1778472494.49517,0.332887,-0.113458,0.849938,1,0.5296,1.336,0.023812,0.040042,-0.008459,0.0007,0.1821,0.3469,1,0.34687,2.3647,2.3647,154308,0
1778472494.535351,0.332887,-0.113458,0.849938,1,0.4002,3.0389,0.023812,0.040042,-0.008459,0.0008,0.1537,0.2457,1,0.24574,2.3706,2.3706,154308,0
1778472494.575766,0.332887,-0.113458,0.849938,1,0.4501,1.327,0.023812,0.040042,-0.008459,0.0007,0.159,0.2904,1,0.29041,2.3715,2.3715,154308,0
1778472494.618683,0.332887,-0.113458,0.849938,1,0.4109,0.6029,0.023812,0.040042,-0.008459,0.0007,0.1592,0.251,1,0.25096,2.3662,2.3662,154308,0
1778472494.658966,0.332887,-0.113458,0.849938,1,0.4539,0.6712,0.023812,0.040042,-0.008459,0.0007,0.168,0.2852,1,0.28518,2.3701,2.3701,154312,0
1778472494.699157,0.332887,-0.113458,0.849938,1,0.4421,0.6288,0.023812,0.040042,-0.008459,0.0006,0.1609,0.2806,1,0.28064,2.3739,2.3739,154312,0
1778472494.739407,0.332887,-0.113458,0.849938,1,0.4378,0.593,0.023812,0.040042,-0.008459,0.0006,0.1449,0.2923,1,0.29234,2.3708,2.3708,154324,0
1778472494.779773,0.332887,-0.113458,0.849938,1,0.4235,0.6094,0.023812,0.040042,-0.008459,0.0007,0.1642,0.2586,1,0.25855,2.3645,2.3645,154324,0
1778472494.819999,0.332887,-0.113458,0.849938,1,0.4268,0.6454,0.023812,0.040042,-0.008459,0.0007,0.15,0.2761,1,0.2761,2.367,2.367,154324,0
1778472494.860158,0.332887,-0.113458,0.849938,1,0.4074,0.5751,0.023812,0.040042,-0.008459,0.0005,0.1524,0.2545,1,0.25446,2.3733,2.3733,154324,0
1778472494.900345,0.332887,-0.113458,0.849938,1,0.4306,0.6152,0.023812,0.040042,-0.008459,0.0009,0.1705,0.2592,1,0.25924,2.3743,2.3743,154324,0
1778472494.940495,0.332887,-0.113458,0.849938,1,0.4064,0.5934,0.023812,0.040042,-0.008459,0.0005,0.1503,0.2556,1,0.2556,2.3793,2.3793,154328,0
1778472494.980844,0.332887,-0.113458,0.849938,1,0.4292,0.612,0.023812,0.040042,-0.008459,0.0007,0.1674,0.261,1,0.26103,2.3799,2.3799,154328,0
1778472495.021065,0.332887,-0.113458,0.849938,1,0.4233,0.6392,0.023812,0.040042,-0.008459,0.0006,0.1575,0.2652,1,0.26515,2.3945,2.3945,154328,0
1778472495.061215,0.332887,-0.113458,0.849938,1,0.3725,0.5421,0.023812,0.040042,-0.008459,0.0006,0.1337,0.2382,1,0.23819,2.422,2.422,154328,0
1778472495.101425,0.332887,-0.113458,0.849938,1,0.4146,0.5968,0.023812,0.040042,-0.008459,0.0006,0.1606,0.2534,1,0.2534,2.431,2.431,154328,0
1778472495.141787,0.330798,-0.117869,0.85498,1,0.4479,0.6407,0.021723,0.035632,-0.003417,0.0007,0.1769,0.2702,1,0.27022,2.1416,2.1416,154328,0
1778472495.181955,0.35,-0.1,0.85,1,0.546,0.7364,0.018465,0.028761,0.00449,0.0005,0.1633,0.3822,2,0.19108,1.8562,1.8562,154328,0
1778472495.222153,0.35,-0.15,0.85,1,0.4631,0.6385,0.01721,0.026109,0.007519,0.0006,0.1706,0.292,1,0.29196,2.0446,2.0446,154328,0
1778472495.262458,0.35,-0.15,0.85,1,0.4259,0.6078,0.01697,0.025599,0.008099,0.0005,0.1715,0.2539,1,0.25392,1.6959,1.6959,154328,0
1778472495.302772,0.35,-0.15,0.85,1,0.4693,0.6533,0.016935,0.025526,0.008182,0.0008,0.1701,0.2984,1,0.29837,1.7027,1.7027,154332,0
1778472495.34315,0.35,-0.15,0.85,1,0.463,0.6421,0.01693,0.025516,0.008193,0.0007,0.1648,0.2975,1,0.29752,1.6871,1.6871,154344,0
1778472495.383332,0.35,-0.15,0.85,1,0.4115,0.5859,0.01693,0.025515,0.008194,0.0006,0.1496,0.2613,1,0.26128,1.7148,1.7148,154344,0
1778472495.423598,0.35,-0.15,0.85,1,0.4097,0.584,0.01693,0.025515,0.008194,0.0006,0.1542,0.2548,1,0.25485,1.7247,1.7247,154344,0
1778472495.463877,0.35,-0.15,0.85,1,0.4473,0.6715,0.01693,0.025515,0.008194,0.0007,0.1686,0.278,1,0.27804,1.7836,1.7836,154344,0
1778472495.504048,0.35,-0.15,0.85,1,0.3757,0.5555,0.01693,0.025515,0.008194,0.0005,0.1374,0.2378,1,0.23782,2.0132,2.0132,154344,0
1778472495.524854,0.35,-0.15,0.85,1,0.2664,0.3972,0.01693,0.025515,0.008194,0.0002,0.1058,0.1603,1,0.16031,2.3963,2.3963,154344,0
1778472495.565077,0.35,-0.15,0.85,1,0.2551,0.3598,0.01693,0.025515,0.008194,0.0002,0.101,0.1538,1,0.15385,2.9836,2.9836,154344,0
1778472495.625336,0.35,-0.15,0.85,1,0.5676,1.3039,0.01693,0.025515,0.008194,0.0005,0.1615,0.4056,2,0.2028,1.4922,1.4922,154348,0
1778472495.645406,0.35,-0.15,0.85,1,0.5544,1.2285,0.01693,0.025515,0.008194,0.0004,0.1137,0.4402,2,0.2201,1.507,1.507,154348,0
1778472495.685596,0.35,-0.15,0.85,1,0.732,1.4845,0.01693,0.025515,0.008194,0.0008,0.1757,0.5555,2,0.27773,1.5038,1.5038,154348,0
1778472495.725786,0.35,-0.15,0.85,1,0.6261,1.46,0.01693,0.025515,0.008194,0.0006,0.155,0.4704,2,0.23522,1.5113,1.5113,154356,0
1778472495.766002,0.35,-0.15,0.85,1,0.5245,1.3036,0.01693,0.025515,0.008194,0.0005,0.143,0.381,2,0.1905,1.5292,1.5292,154356,0
1778472495.806392,0.35,-0.15,0.85,1,0.5999,0.868,0.01693,0.025515,0.008194,0.0005,0.1639,0.4355,2,0.21776,1.5386,1.5386,154356,0
1778472495.846772,0.35,-0.15,0.85,1,0.6405,0.8496,0.01693,0.025515,0.008194,0.0006,0.1621,0.4778,2,0.23891,1.5396,1.5396,154356,0
1778472495.888795,0.35,-0.15,0.85,1,0.5107,0.6905,0.01693,0.025515,0.008194,0.0005,0.1283,0.3819,2,0.19095,1.5448,1.5448,154356,0
1778472495.928944,0.35,-0.15,0.85,1,0.5792,0.7898,0.01693,0.025515,0.008194,0.0005,0.146,0.4327,2,0.21636,1.5539,1.5539,154360,0
1778472495.969113,0.35,-0.15,0.85,1,0.524,0.6986,0.01693,0.025515,0.008194,0.0004,0.1317,0.392,2,0.19598,1.5602,1.5602,154360,0
1778472496.009318,0.35,-0.15,0.85,1,0.5558,0.7298,0.01693,0.025515,0.008194,0.0004,0.149,0.4063,2,0.20317,1.5591,1.5591,154360,0
1778472496.049493,0.35,-0.15,0.85,1,0.5826,0.7811,0.01693,0.025515,0.008194,0.0005,0.1587,0.4235,2,0.21174,1.5633,1.5633,154360,0
1778472496.089667,0.35,-0.15,0.85,1,0.5028,0.6681,0.01693,0.025515,0.008194,0.0005,0.1224,0.3799,2,0.18994,1.5568,1.5568,154364,0
1778472496.13003,0.35,-0.15,0.85,1,0.605,0.791,0.01693,0.025515,0.008194,0.0006,0.161,0.4434,2,0.22172,1.556,1.556,154364,0
1778472496.170212,0.35,-0.15,0.85,1,0.6307,0.8407,0.01693,0.025515,0.008194,0.0006,0.1612,0.4689,2,0.23444,1.5491,1.5491,154364,0
1778472496.210391,0.35,-0.15,0.85,1,0.6519,0.8265,0.01693,0.025515,0.008194,0.0004,0.1602,0.4913,2,0.24563,1.5428,1.5428,154368,0
1778472496.250582,0.35,-0.15,0.85,1,0.5606,0.7439,0.01693,0.025515,0.008194,0.0005,0.1391,0.421,2,0.21048,1.5214,1.5214,154368,0
1778472496.290846,0.35,-0.15,0.85,1,0.5306,0.6868,0.01693,0.025515,0.008194,0.0005,0.1011,0.4289,2,0.21446,1.5242,1.5242,154368,0
1778472496.331116,0.35,-0.15,0.85,1,0.5832,0.7688,0.01693,0.025515,0.008194,0.0007,0.1668,0.4157,2,0.20786,1.493,1.493,154368,0
1778472496.371305,0.35,-0.15,0.85,1,0.6069,0.7986,0.01693,0.025515,0.008194,0.0006,0.1662,0.4401,2,0.22005,1.4851,1.4851,154380,0
1778472496.411707,0.35,-0.15,0.85,1,0.5637,0.7434,0.01693,0.025515,0.008194,0.0005,0.1296,0.4337,2,0.21683,1.4976,1.4976,154380,0
1778472496.451861,0.35,-0.15,0.85,1,0.5732,0.7596,0.01693,0.025515,0.008194,0.0006,0.1606,0.4119,2,0.20597,1.487,1.487,154380,0
1778472496.492066,0.35,-0.15,0.85,1,0.6928,1.294,0.01693,0.025515,0.008194,0.0009,0.1965,0.4954,2,0.24772,1.4855,1.4855,154380,0
1778472496.532231,0.35,-0.15,0.85,1,0.5832,0.7598,0.01693,0.025515,0.008194,0.0005,0.1932,0.3895,2,0.19476,1.4774,1.4774,154384,0
1778472496.572421,0.35,-0.15,0.85,1,0.628,0.8182,0.01693,0.025515,0.008194,0.0005,0.1712,0.4563,2,0.22815,1.4824,1.4824,154384,0
1778472496.612699,0.35,-0.15,0.85,1,0.5067,0.6547,0.01693,0.025515,0.008194,0.0005,0.1227,0.3836,2,0.19179,1.4814,1.4814,154384,0
1778472496.653002,0.35,-0.15,0.85,1,0.6041,0.7939,0.01693,0.025515,0.008194,0.0011,0.1757,0.4273,2,0.21365,1.4885,1.4885,154384,0
1778472496.693148,0.35,-0.15,0.85,1,0.5538,0.7334,0.01693,0.025515,0.008194,0.0004,0.154,0.3994,2,0.1997,1.4951,1.4951,154384,0
1778472496.733343,0.35,-0.15,0.85,1,0.6223,0.8115,0.01693,0.025515,0.008194,0.0009,0.1874,0.434,2,0.21698,1.4874,1.4874,154384,0
1778472496.773559,0.35,-0.15,0.85,1,0.5763,0.7685,0.01693,0.025515,0.008194,0.0005,0.16,0.4159,2,0.20795,1.487,1.487,154384,0
1778472496.813743,0.35,-0.15,0.85,1,0.5344,0.7235,0.01693,0.025515,0.008194,0.0005,0.149,0.3848,2,0.1924,1.4861,1.4861,154384,0
1778472496.8539,0.35,-0.15,0.85,1,0.5766,0.7472,0.01693,0.025515,0.008194,0.0005,0.1421,0.4341,2,0.21704,1.4882,1.4882,154388,0
1778472496.894068,0.35,-0.15,0.85,1,0.5144,0.6852,0.01693,0.025515,0.008194,0.0005,0.1375,0.3765,2,0.18823,1.4892,1.4892,154388,0
1778472496.934329,0.35,-0.15,0.85,1,0.4877,0.6496,0.01693,0.025515,0.008194,0.0006,0.1147,0.3724,2,0.18619,1.4913,1.4913,154388,0
1778472496.974637,0.35,-0.15,0.85,1,0.635,0.8203,0.01693,0.025515,0.008194,0.0007,0.1637,0.4706,2,0.23528,1.4918,1.4918,154388,0
1778472497.014931,0.35,-0.15,0.85,1,0.7992,1.6207,0.01693,0.025515,0.008194,0.0008,0.2053,0.5931,2,0.29655,1.4949,1.4949,154388,0
1778472497.055097,0.35,-0.15,0.85,1,0.5832,1.3376,0.01693,0.025515,0.008194,0.0007,0.1569,0.4255,2,0.21277,1.4995,1.4995,154400,0
1778472497.095289,0.35,-0.15,0.85,1,0.589,1.3384,0.01693,0.025515,0.008194,0.0006,0.166,0.4225,2,0.21123,1.5155,1.5155,154400,0
1778472497.135463,0.35,-0.15,0.85,1,0.5598,0.7492,0.01693,0.025515,0.008194,0.0005,0.1608,0.3986,2,0.19929,1.53,1.53,154404,0
1778472497.175797,0.35,-0.15,0.85,1,0.5602,3.1688,0.01693,0.025515,0.008194,0.0007,0.1608,0.3987,2,0.19937,1.5367,1.5367,154404,0
1778472497.216521,0.35,-0.15,0.85,1,0.6645,1.0581,0.01693,0.025515,0.008194,0.0007,0.1564,0.5074,2,0.25372,1.5411,1.5411,154404,0
1778472497.25684,0.35,-0.15,0.85,1,0.5785,0.7533,0.01693,0.025515,0.008194,0.0006,0.159,0.4189,2,0.20947,1.5551,1.5551,154404,0
1778472497.297014,0.35,-0.15,0.85,1,0.5713,0.7531,0.01693,0.025515,0.008194,0.0006,0.152,0.4186,2,0.20931,1.5762,1.5762,154404,0
1778472497.339079,0.35,-0.15,0.85,1,0.5932,1.0048,0.01693,0.025515,0.008194,0.0006,0.164,0.4286,2,0.21432,1.5977,1.5977,154404,0
1778472497.379407,0.35,-0.15,0.85,1,0.6539,0.845,0.01693,0.025515,0.008194,0.0007,0.1599,0.4934,2,0.24671,1.6234,1.6234,154404,0
1778472497.419586,0.35,-0.15,0.85,1,0.5414,0.7363,0.01693,0.025515,0.008194,0.0005,0.1479,0.3929,2,0.19647,1.6413,1.6413,154404,0
1778472497.459759,0.35,-0.15,0.85,1,0.5546,0.7557,0.01693,0.025515,0.008194,0.0006,0.1476,0.4064,2,0.20322,1.6573,1.6573,154408,0
1778472497.499949,0.35,-0.15,0.85,1,0.5483,0.727,0.01693,0.025515,0.008194,0.0007,0.1542,0.3934,2,0.1967,1.669,1.669,154408,0
1778472497.540138,0.35,-0.15,0.85,1,0.5603,0.7495,0.01693,0.025515,0.008194,0.0005,0.1451,0.4147,2,0.20735,1.6757,1.6757,154416,0
1778472497.58034,0.35,-0.15,0.85,1,0.5963,0.7735,0.01693,0.025515,0.008194,0.0007,0.153,0.4426,2,0.22131,1.6661,1.6661,154416,0
1778472497.620524,0.35,-0.15,0.85,1,0.5801,0.7701,0.01693,0.025515,0.008194,0.0006,0.1681,0.4114,2,0.20569,1.6646,1.6646,154420,0
1778472497.660726,0.35,-0.15,0.85,1,0.546,0.739,0.01693,0.025515,0.008194,0.0005,0.1491,0.3963,2,0.19817,1.6673,1.6673,154420,0
1778472497.700856,0.35,-0.15,0.85,1,0.5744,0.7563,0.01693,0.025515,0.008194,0.0006,0.1856,0.3882,2,0.19412,1.6664,1.6664,154420,0
1778472497.741188,0.35,-0.15,0.85,1,0.7674,1.0264,0.01693,0.025515,0.008194,0.0006,0.1529,0.6139,2,0.30693,1.6665,1.6665,154420,0
1778472497.781377,0.35,-0.15,0.85,1,0.5786,0.7694,0.01693,0.025515,0.008194,0.0006,0.1666,0.4115,2,0.20573,1.6694,1.6694,154420,0
1778472497.821551,0.35,-0.15,0.85,1,0.6478,0.8281,0.01693,0.025515,0.008194,0.0005,0.1457,0.5017,2,0.25083,1.6683,1.6683,154424,0
1778472497.861755,0.35,-0.15,0.85,1,0.5957,0.7996,0.01693,0.025515,0.008194,0.0005,0.1561,0.4392,2,0.21958,1.6644,1.6644,154424,0
1778472497.901949,0.35,-0.15,0.85,1,0.4965,0.6649,0.01693,0.025515,0.008194,0.0004,0.1264,0.3697,2,0.18486,1.6683,1.6683,154424,0
1778472497.942145,0.35,-0.15,0.85,1,0.5816,0.8444,0.01693,0.025515,0.008194,0.0006,0.1575,0.4236,2,0.21179,1.6721,1.6721,154424,0
1778472497.982353,0.35,-0.15,0.85,1,0.5896,0.7801,0.01693,0.025515,0.008194,0.0008,0.1768,0.4121,2,0.20604,1.6772,1.6772,154424,0
1778472498.022527,0.35,-0.15,0.85,1,0.5722,0.7388,0.01693,0.025515,0.008194,0.0005,0.1514,0.4203,2,0.21017,1.6674,1.6674,154424,0
1778472498.062695,0.35,-0.15,0.85,1,0.575,0.7538,0.01693,0.025515,0.008194,0.0004,0.1483,0.4264,2,0.21319,1.6354,1.6354,154424,0
1778472498.102843,0.35,-0.15,0.85,1,0.5438,0.7193,0.01693,0.025515,0.008194,0.0005,0.1391,0.4043,2,0.20214,1.6085,1.6085,154428,0
1778472498.143049,0.35,-0.15,0.85,1,0.6002,0.7796,0.01693,0.025515,0.008194,0.0006,0.2113,0.3882,2,0.19412,1.5829,1.5829,154428,0
1778472498.183223,0.35,-0.15,0.85,1,0.5593,0.7488,0.01693,0.025515,0.008194,0.0004,0.1322,0.4266,2,0.21329,1.5784,1.5784,154440,0
1778472498.223382,0.35,-0.15,0.85,1,0.529,0.7032,0.01693,0.025515,0.008194,0.0005,0.1429,0.3856,2,0.1928,1.5774,1.5774,154440,0
1778472498.263619,0.35,-0.15,0.85,1,0.636,0.819,0.01693,0.025515,0.008194,0.0006,0.1574,0.478,2,0.23901,1.5738,1.5738,154440,0
1778472498.303857,0.35,-0.15,0.85,1,0.631,0.8348,0.01693,0.025515,0.008194,0.0006,0.1699,0.4604,2,0.23022,1.5731,1.5731,154440,0
1778472498.344018,0.35,-0.15,0.85,1,0.5262,0.7112,0.01693,0.025515,0.008194,0.0006,0.1344,0.3912,2,0.19562,1.5731,1.5731,154440,0
1778472498.38461,0.35,-0.15,0.85,1,0.6187,0.8131,0.01693,0.025515,0.008194,0.0006,0.1437,0.4744,2,0.23718,1.5708,1.5708,154440,0
1778472498.424855,0.35,-0.15,0.85,1,0.5972,0.8002,0.01693,0.025515,0.008194,0.0005,0.1604,0.4364,2,0.21819,1.5719,1.5719,154444,0
1778472498.445524,0.35,-0.15,0.85,1,0.5315,1.1724,0.01693,0.025515,0.008194,0.0004,0.1467,0.3844,2,0.19221,1.5712,1.5712,154444,0
1778472498.485844,0.35,-0.15,0.85,1,0.5533,0.7195,0.01693,0.025515,0.008194,0.0006,0.1418,0.4109,2,0.20546,1.5717,1.5717,154444,0
1778472499.63385,0.3452,-0.153501,0.857019,0,26.2151,27.0391,0.031964,0.104107,0.051245,0.0006,0.1593,26.0552,250,0.10422,14.8873,14.8873,154448,1
1778472499.681816,0.3452,-0.153501,0.857019,0,24.6627,26.2137,0.031964,0.104107,0.051245,0.0005,0.1106,24.5516,250,0.09821,16.4395,16.4395,154448,1
1778472499.708577,0.383715,-0.111661,0.864191,1,10.5719,11.0453,0.038515,0.041839,0.007172,0.0002,0.0626,10.509,250,0.04204,3.5974,3.5974,154448,0
1778472500.738792,0.406166,-0.1535,0.791031,0,26.7189,28.4149,0.039912,0.020165,0.010608,0.0007,0.1509,26.5673,250,0.10627,557.453,557.453,154448,1
1778472500.767945,0.406166,-0.1535,0.791031,0,10.7214,11.3874,0.039528,0.020023,0.009145,0.0003,0.0564,10.6647,250,0.04266,557.5084,557.5084,154448,0
1778472500.80827,0.406166,-0.1535,0.791031,0,20.7862,22.0848,0.038818,0.019839,0.008049,0.0006,0.1609,20.6247,250,0.0825,557.1985,557.1985,154448,1
1778472500.850989,0.406166,-0.1535,0.791031,0,29.5027,30.4244,0.037981,0.019646,0.00729,0.0005,0.1349,29.3673,250,0.11747,557.5136,557.5136,154452,1
1778472500.902005,0.406166,-0.1535,0.791031,0,21.1578,24.3777,0.03719,0.019451,0.006611,0.0007,0.1621,20.9951,250,0.08398,557.4286,557.4286,154464,1
1778472500.926749,0.406166,-0.1535,0.791031,0,10.3684,11.2574,0.036743,0.019301,0.005947,0.0003,0.0388,10.3293,250,0.04132,557.0717,557.0717,154464,0
1778472500.967122,0.406166,-0.1535,0.791031,0,19.7535,20.8187,0.03635,0.019317,0.005346,0.0005,0.1555,19.5974,250,0.07839,557.7059,557.7059,154464,1
1778472501.008508,0.406166,-0.1535,0.791031,0,19.3059,22.0419,0.036255,0.019462,0.004781,0.0006,0.1733,19.132,250,0.07653,558.2207,558.2207,154464,1
1778472501.051647,0.406166,-0.1535,0.791031,0,20.2757,21.4293,0.036567,0.01963,0.004097,0.0006,0.1351,20.14,250,0.08056,558.6551,558.6551,154464,1
1778472501.093608,0.406166,-0.1535,0.791031,0,20.0174,20.9876,0.037142,0.01961,0.003395,0.0006,0.1388,19.878,250,0.07951,436.9027,436.9027,154464,1
1778472501.862008,0.408653,-0.152659,0.782199,1,25.5592,28.3412,0.002487,0.000841,-0.008832,0.0003,0.1071,25.4518,250,0.10181,3.2265,3.2265,154468,1
1778472501.891013,0.409569,-0.15363,0.779794,1,10.8989,11.7034,0.003403,-0.00013,-0.011237,0.0003,0.0683,10.8303,250,0.04332,3.247,3.247,154468,0
1778472501.931299,0.410816,-0.154412,0.779181,1,23.298,26.659,0.00465,-0.000912,-0.011851,0.0002,0.1028,23.1949,250,0.09278,3.3408,3.3408,154468,1
1778472501.978625,0.411359,-0.154626,0.780328,1,20.1336,23.35,0.005193,-0.001125,-0.010704,0.0006,0.1641,19.9689,250,0.07988,3.4161,3.4161,154468,1
1778472502.022713,0.411164,-0.15423,0.780491,1,20.1057,20.612,0.004998,-0.00073,-0.01054,0.0006,0.1473,19.9578,250,0.07983,3.3979,3.3979,154468,1
1778472502.064047,0.410754,-0.153869,0.780091,1,19.0311,20.537,0.004588,-0.000368,-0.01094,0.0006,0.1654,18.8651,250,0.07546,3.3312,3.3312,154468,1
1778472502.085139,0.410654,-0.154161,0.78033,1,9.1807,9.6545,0.004487,-0.000661,-0.010701,0.0002,0.0387,9.1419,250,0.03657,3.2937,3.2937,154468,0
1778472502.125969,0.411055,-0.155142,0.781142,1,19.4385,20.955,0.004889,-0.001642,-0.00989,0.0007,0.1651,19.2727,250,0.07709,3.3093,3.3093,154468,1
1778472502.168373,0.412364,-0.156422,0.781286,1,19.0199,20.5676,0.006198,-0.002922,-0.009745,0.0005,0.1574,18.862,250,0.07545,3.3842,3.3842,154472,1
1778472502.209566,0.414133,-0.157513,0.780741,1,19.6355,21.0932,0.007967,-0.004012,-0.010291,0.0008,0.1621,19.4726,250,0.07789,3.5023,3.5023,154472,1
1778472502.251287,0.416625,-0.15865,0.779783,1,16.8641,18.0399,0.010459,-0.00515,-0.011248,0.0007,0.1558,16.7077,250,0.06683,3.7569,3.7569,154480,0
1778472502.291482,0.4,-0.15,0.8,1,0.4981,0.6551,0.013125,-0.006224,-0.012127,0.0006,0.1435,0.354,2,0.17701,2.7443,2.7443,154480,0
1778472502.331907,0.4,-0.15,0.8,1,0.5875,0.7827,0.015323,-0.007049,-0.013047,0.0006,0.1611,0.4258,2,0.21289,2.6416,2.6416,154480,0
1778472502.372103,0.4,-0.15,0.8,1,0.5803,0.753,0.017452,-0.007376,-0.014445,0.0007,0.1579,0.4217,2,0.21086,2.6358,2.6358,154480,0
1778472502.412277,0.4,-0.15,0.75,1,0.5724,0.7541,0.020379,-0.00764,-0.016559,0.0005,0.1499,0.4221,2,0.21104,2.2131,2.2131,154480,0
1778472502.452615,0.4,-0.15,0.75,1,0.4645,0.6658,0.024901,-0.008335,-0.019885,0.0006,0.1624,0.3014,1,0.30144,2.6177,2.6177,154480,0
1778472502.492952,0.4,-0.15,0.75,1,0.4073,0.585,0.030469,-0.009601,-0.023843,0.0007,0.1581,0.2485,1,0.24852,2.3582,2.3582,154480,0
1778472502.533129,0.4,-0.15,0.75,1,0.399,0.5921,0.037103,-0.01111,-0.028797,0.0005,0.1455,0.2529,1,0.25293,2.25,2.25,154484,0
1778472502.573301,0.4,-0.15,0.75,1,0.4342,0.6119,0.045644,-0.012983,-0.035397,0.0005,0.1426,0.2911,1,0.29115,2.1562,2.1562,154484,0
1778472502.613515,0.4,-0.15,0.75,1,0.4321,0.6265,0.054918,-0.015467,-0.042769,0.0007,0.173,0.2583,1,0.2583,2.1988,2.1988,154484,0
1778472502.653858,0.4,-0.15,0.75,1,0.4079,0.613,0.062965,-0.0181,-0.049745,0.0005,0.1512,0.2562,1,0.25615,2.4076,2.4076,154484,0
1778472502.694033,0.4,-0.15,0.75,1,0.4399,0.6385,0.069831,-0.020039,-0.056467,0.0007,0.1533,0.286,1,0.28597,2.4158,2.4158,154484,0
1778472502.734219,0.4,-0.2,0.75,1,0.5499,0.7336,0.076242,-0.022001,-0.063281,0.0006,0.1476,0.4018,2,0.2009,1.9097,1.9097,154484,0
1778472502.774393,0.4,-0.2,0.7,1,0.5474,0.7497,0.081502,-0.023535,-0.069519,0.0005,0.1445,0.4025,2,0.20124,1.7833,1.7833,154484,0
1778472502.814678,0.4,-0.2,0.7,1,0.5462,0.732,0.085774,-0.024662,-0.074497,0.0007,0.1578,0.3877,2,0.19384,1.7015,1.7015,154488,0
1778472502.854952,0.4,-0.2,0.7,1,0.5269,0.7969,0.089596,-0.02594,-0.079079,0.0007,0.1434,0.3828,2,0.19138,1.6827,1.6827,154488,0
1778472502.895139,0.4,-0.2,0.7,1,0.5475,0.7042,0.093439,-0.027256,-0.084393,0.0006,0.1319,0.415,2,0.2075,1.6736,1.6736,154488,0
1778472502.935342,0.4,-0.2,0.7,1,0.6109,1.3839,0.096313,-0.028294,-0.089209,0.0006,0.2242,0.3861,2,0.19305,1.6563,1.6563,154488,0
1778472502.975611,0.4,-0.2,0.7,1,0.6977,1.6593,0.100393,-0.029795,-0.095407,0.0007,0.1714,0.5257,2,0.26284,1.6302,1.6302,154500,0
1778472503.015966,0.4,-0.2,0.7,1,0.3979,1.1962,0.103507,-0.030683,-0.101768,0.0006,0.1448,0.2525,1,0.25246,2.896,2.896,154500,0
1778472503.058749,0.4,-0.2,0.7,1,0.4289,0.6284,0.106758,-0.031603,-0.108818,0.0007,0.1561,0.2721,1,0.27206,2.8409,2.8409,154500,0
1778472503.09904,0.4,-0.2,0.65,1,0.6185,0.8137,0.109571,-0.032012,-0.116625,0.0006,0.1637,0.4542,2,0.22711,1.742,1.742,154500,0
1778472503.139226,0.4,-0.2,0.65,1,0.4589,0.643,0.111276,-0.031237,-0.123343,0.0005,0.1546,0.3039,1,0.30388,2.9646,2.9646,154504,0
1778472503.179484,0.4,-0.2,0.65,1,0.4907,0.6916,0.112344,-0.029709,-0.130092,0.0006,0.1933,0.2967,1,0.29674,2.9534,2.9534,154504,0
1778472503.219736,0.4,-0.2,0.65,1,0.4151,0.6128,0.112499,-0.027531,-0.136825,0.0008,0.152,0.2623,1,0.26234,2.9418,2.9418,154504,0
1778472503.260165,0.4,-0.2,0.65,1,0.4342,0.6171,0.112569,-0.025355,-0.145098,0.0006,0.1514,0.2822,1,0.28223,2.8712,2.8712,154504,0
1778472503.300365,0.4,-0.2,0.65,1,0.4307,0.6405,0.112566,-0.023346,-0.153579,0.0007,0.1538,0.2763,1,0.27629,2.692,2.692,154504,0
1778472503.340606,0.4,-0.2,0.65,1,0.4478,0.6341,0.111831,-0.021565,-0.16091,0.0008,0.1698,0.2772,1,0.27716,2.4575,2.4575,154504,0
1778472503.380944,0.4,-0.15,0.6,1,0.562,0.7556,0.111404,-0.020498,-0.168207,0.0005,0.1488,0.4128,2,0.20638,2.1768,2.1768,154504,0
1778472503.421144,0.4,-0.15,0.6,1,0.4165,0.6087,0.111396,-0.02003,-0.174533,0.0007,0.1426,0.2732,1,0.27317,2.2374,2.2374,154504,0
1778472503.461495,0.4,-0.15,0.6,1,0.4786,0.672,0.111507,-0.020299,-0.180551,0.0007,0.1769,0.301,1,0.30097,2.2066,2.2066,154508,0
1778472503.501767,0.4,-0.15,0.6,1,0.4457,0.6334,0.111301,-0.020458,-0.185359,0.0008,0.1613,0.2836,1,0.28364,2.1713,2.1713,154508,0
1778472503.541945,0.4,-0.15,0.6,1,0.3798,0.5582,0.110921,-0.020467,-0.187992,0.0006,0.1266,0.2526,1,0.25259,2.1464,2.1464,154508,0
1778472503.582147,0.4,-0.15,0.6,1,0.4394,0.6221,0.110705,-0.020346,-0.187196,0.0007,0.1668,0.2719,1,0.27191,2.1587,2.1587,154508,0
1778472503.622341,0.4,-0.15,0.6,1,0.4853,0.7167,0.11031,-0.019996,-0.185544,0.0006,0.1699,0.3149,1,0.31489,2.1598,2.1598,154508,0
1778472503.662541,0.4,-0.15,0.6,1,0.4469,0.6254,0.110282,-0.020017,-0.185297,0.0005,0.1811,0.2653,1,0.26529,2.1608,2.1608,154508,0
1778472503.702784,0.4,-0.15,0.6,1,0.4496,0.6337,0.110052,-0.020009,-0.186641,0.0006,0.1562,0.2929,1,0.29287,2.1564,2.1564,154508,0
1778472503.743033,0.4,-0.15,0.6,1,0.4206,0.6289,0.109768,-0.020146,-0.188435,0.0005,0.1539,0.2662,1,0.26622,2.143,2.143,154508,0
1778472503.783248,0.4,-0.15,0.6,1,0.4285,0.6172,0.109517,-0.020223,-0.189127,0.0005,0.1554,0.2726,1,0.27257,2.137,2.137,154524,0
1778472503.823512,0.4,-0.15,0.6,1,0.4242,0.6182,0.109305,-0.020264,-0.18877,0.0005,0.1726,0.2511,1,0.25113,2.1383,2.1383,154524,0
1778472503.863857,0.4,-0.15,0.6,1,0.3986,0.5563,0.109031,-0.020485,-0.187877,0.0006,0.1442,0.2537,1,0.25372,2.1507,2.1507,154524,0
1778472503.904044,0.4,-0.15,0.6,1,0.4542,0.6654,0.109133,-0.020401,-0.188132,0.0006,0.1582,0.2954,1,0.29537,2.1713,2.1713,154524,0
1778472503.944246,0.4,-0.15,0.6,1,0.4801,0.6989,0.109167,-0.020374,-0.188223,0.0007,0.178,0.3014,1,0.30137,2.1834,2.1834,154524,0
1778472503.984474,0.4,-0.15,0.6,1,0.5037,0.701,0.109171,-0.020371,-0.188234,0.0007,0.186,0.3171,1,0.31708,2.2116,2.2116,154524,0
1778472504.02485,0.4,-0.15,0.6,1,0.4046,0.5893,0.109171,-0.02037,-0.188235,0.0006,0.1602,0.2438,1,0.24381,2.2423,2.2423,154524,0
1778472504.045454,0.4,-0.15,0.6,1,0.3672,3.1027,0.109171,-0.02037,-0.188235,0.0006,0.1224,0.2442,1,0.24423,2.3041,2.3041,154528,0
1778472504.085978,0.4,-0.15,0.6,1,0.4365,0.6394,0.109171,-0.02037,-0.188235,0.0009,0.1734,0.2622,1,0.26221,2.3535,2.3535,154528,0
1778472504.126693,0.4,-0.15,0.6,1,0.404,0.571,0.109171,-0.02037,-0.188235,0.0005,0.1451,0.2584,1,0.25835,2.4075,2.4075,154540,0
1778472504.16882,0.4,-0.2,0.6,1,0.548,0.7343,0.11475,-0.027673,-0.170932,0.0007,0.1518,0.3956,2,0.19779,2.3197,2.3197,154540,0
1778472504.209058,0.4,-0.2,0.65,1,0.634,0.8427,0.093219,-0.024641,-0.135885,0.0007,0.1675,0.4659,2,0.23293,2.0009,2.0009,154540,0
1778472504.249238,0.4,-0.2,0.65,1,0.3867,0.5529,0.104915,-0.031864,-0.125345,0.0006,0.1343,0.2518,1,0.25178,2.6494,2.6494,154540,0
1778472504.289602,0.4,-0.2,0.7,1,0.6118,0.8144,0.108237,-0.035495,-0.111059,0.0006,0.1664,0.4448,2,0.22238,1.9017,1.9017,154540,0
1778472504.329865,0.4,-0.2,0.7,1,0.4313,0.6556,0.10852,-0.038014,-0.094159,0.0008,0.1548,0.2757,1,0.27569,2.6674,2.6674,154540,0
1778472504.37001,0.4,-0.2,0.7,1,0.5313,0.7127,0.107833,-0.040183,-0.075451,0.0005,0.145,0.3859,2,0.19294,1.8991,1.8991,154540,0
1778472504.410222,0.4,-0.2,0.75,1,0.5676,0.7567,0.106077,-0.041514,-0.057957,0.0006,0.1593,0.4077,2,0.20387,2.129,2.129,154544,0
1778472504.450505,0.4,-0.2,0.75,1,0.5217,0.6925,0.103431,-0.042418,-0.039751,0.0005,0.1441,0.3772,2,0.18858,2.1289,2.1289,154548,0
1778472504.490838,0.4,-0.2,0.75,1,0.6064,0.7972,0.100442,-0.04275,-0.021912,0.0008,0.1648,0.4408,2,0.22039,2.156,2.156,154548,0
1778472504.53113,0.4,-0.2,0.8,1,0.6238,0.8275,0.098464,-0.042936,-0.006135,0.0005,0.1679,0.4554,2,0.22769,2.7799,2.7799,154548,0
1778472504.571391,0.4,-0.2,0.8,1,0.5553,0.7274,0.096724,-0.043049,0.009259,0.0006,0.1409,0.4139,2,0.20694,2.7831,2.7831,154556,0
1778472504.611665,0.4,-0.2,0.8,1,0.5513,0.7431,0.095858,-0.04371,0.025558,0.0006,0.1587,0.392,2,0.19599,2.8008,2.8008,154556,0
1778472504.651994,0.4,-0.2,0.85,1,20.3131,21.0174,0.094003,-0.043936,0.040966,0.0006,0.1526,20.1599,250,0.08064,4.8812,4.8812,154556,1
1778472504.693769,0.4,-0.2,0.85,1,21.2156,23.1113,0.092267,-0.044321,0.056579,0.0005,0.1384,21.0767,250,0.08431,4.8948,4.8948,154560,1
1778472504.737861,0.4,-0.2,0.85,1,23.2241,26.0012,0.087741,-0.043089,0.069726,0.0006,0.1617,23.0619,250,0.09225,4.9217,4.9217,154560,1
1778472504.784758,0.4,-0.2,0.85,1,19.875,21.3753,0.083308,-0.041775,0.084265,0.0006,0.153,19.7214,250,0.07889,4.9386,4.9386,154560,1
1778472504.806777,0.4,-0.2,0.85,1,10.2046,10.6749,0.079912,-0.040662,0.09672,0.0006,0.0642,10.1397,250,0.04056,4.9572,4.9572,154560,0
1778472504.846956,0.4,-0.2,0.85,1,18.2712,21.2315,0.078329,-0.040198,0.107695,0.0004,0.1379,18.1328,250,0.07253,4.9712,4.9712,154560,1
1778472504.888854,0.4,-0.2,0.85,1,19.0416,19.9702,0.075879,-0.039065,0.120631,0.0005,0.1142,18.9269,250,0.07571,4.9772,4.9772,154560,1
1778472504.929825,0.4,-0.2,0.85,1,18.788,19.7563,0.073089,-0.03772,0.131853,0.0005,0.1527,18.6348,250,0.07454,4.998,4.998,154560,0
1778472504.970381,0.4,-0.2,0.85,1,18.6699,21.7421,0.06912,-0.03605,0.14408,0.0007,0.1444,18.5248,250,0.0741,5.0039,5.0039,154564,1
1778472505.012727,0.4,-0.2,0.85,1,20.0384,20.5587,0.067936,-0.035404,0.155719,0.0004,0.1359,19.9022,250,0.07961,5.0164,5.0164,154564,1
1778472505.054096,0.4,-0.2,0.85,1,23.5111,24.3462,0.06437,-0.033537,0.166286,0.0003,0.1056,23.4052,250,0.09362,5.0318,5.0318,154564,1
1778472505.09893,0.35,-0.2,0.9,1,0.8344,0.992,0.060094,-0.031216,0.175531,0.0005,0.1311,0.7029,4,0.17572,2.4604,2.4604,154564,0
1778472505.139214,0.35,-0.2,0.9,1,0.6958,0.8748,0.055582,-0.028822,0.183714,0.0006,0.1511,0.5441,3,0.18138,2.4601,2.4601,154576,0
1778472505.179425,0.35,-0.2,0.9,1,0.7144,0.9083,0.050709,-0.026192,0.19141,0.0005,0.1798,0.5341,3,0.17802,2.4675,2.4675,154576,0
1778472505.219711,0.35,-0.2,0.9,1,0.6912,0.8807,0.046305,-0.02373,0.197937,0.0007,0.1565,0.5339,3,0.17798,2.4751,2.4751,154576,0
1778472505.260064,0.35,-0.15,0.9,1,0.8214,1.0293,0.041639,-0.021256,0.204312,0.0005,0.1666,0.6543,3,0.21809,2.4177,2.4177,154576,0
1778472505.30023,0.35,-0.15,0.9,1,0.5548,0.7487,0.036696,-0.018854,0.210157,0.0006,0.1503,0.4038,2,0.20192,2.7797,2.7797,154576,0
1778472505.340413,0.35,-0.15,0.9,1,0.5566,0.7367,0.031994,-0.016856,0.215343,0.0007,0.163,0.3929,2,0.19646,2.7903,2.7903,154576,0
1778472505.380676,0.35,-0.15,0.9,1,0.6756,0.89,0.027005,-0.014847,0.220287,0.0007,0.1817,0.4932,2,0.24659,2.8031,2.8031,154580,0
1778472505.421067,0.35,-0.15,0.9,1,0.5896,0.7584,0.022458,-0.013204,0.224892,0.0005,0.1529,0.4362,2,0.2181,2.8103,2.8103,154580,0
1778472505.461298,0.35,-0.15,0.9,1,0.569,0.7627,0.016942,-0.008902,0.232986,0.0008,0.1652,0.4029,2,0.20147,2.8237,2.8237,154580,0
1778472505.501713,0.35,-0.15,0.9,1,0.6245,0.8228,0.009962,-0.002597,0.24407,0.0007,0.175,0.4488,2,0.2244,2.8229,2.8229,154580,0
1778472505.542078,0.35,-0.15,0.9,1,0.5311,0.7038,0.004862,7e-06,0.250216,0.0005,0.14,0.3906,2,0.1953,2.8373,2.8373,154580,0
1778472505.582354,0.35,-0.15,0.9,1,0.5999,0.7874,0.000465,0.001644,0.254804,0.0008,0.1713,0.4278,2,0.2139,2.8451,2.8451,154592,0
1778472505.622654,0.35,-0.15,0.9,1,0.6026,0.7947,-0.004116,0.003648,0.259161,0.0007,0.1671,0.4348,2,0.21738,2.8583,2.8583,154592,0
1778472505.662925,0.35,-0.15,0.9,1,0.543,0.7435,-0.008287,0.00556,0.263143,0.0007,0.15,0.3924,2,0.19618,2.8614,2.8614,154592,0
1778472505.703123,0.35,-0.15,0.9,1,0.5957,0.7794,-0.012305,0.007368,0.267029,0.0007,0.1692,0.4257,2,0.21286,2.8698,2.8698,154596,0
1778472505.743468,0.35,-0.15,0.9,1,0.5144,0.6865,-0.016265,0.009337,0.270821,0.0007,0.1461,0.3676,2,0.1838,2.8743,2.8743,154596,0
1778472505.783836,0.35,-0.15,0.9,1,0.5666,0.7608,-0.020092,0.011399,0.274416,0.0006,0.1624,0.4036,2,0.20179,2.8828,2.8828,154596,0
1778472505.824553,0.35,-0.15,0.9,1,0.5534,0.747,-0.023291,0.013145,0.277233,0.0007,0.1546,0.3981,2,0.19907,2.8849,2.8849,154596,0
1778472505.864811,0.35,-0.15,0.9,1,0.5006,0.6662,-0.026926,0.015453,0.280348,0.0006,0.1349,0.3651,2,0.18256,2.8932,2.8932,154596,0
1778472505.885275,0.35,-0.15,0.9,1,0.6856,1.1335,-0.029948,0.017566,0.283017,0.0009,0.1881,0.4966,2,0.24829,2.8984,2.8984,154596,0
1778472505.925464,0.35,-0.15,0.9,1,0.6177,1.3165,-0.03287,0.019829,0.285385,0.0005,0.1628,0.4545,2,0.22723,2.9042,2.9042,154596,0
1778472505.965629,0.35,-0.15,0.9,1,0.5782,1.3268,-0.036249,0.022491,0.287862,0.0006,0.1667,0.4109,2,0.20546,2.905,2.905,154596,0
1778472506.006476,0.35,-0.15,0.9,1,0.4749,0.6235,-0.039341,0.024725,0.28995,0.0006,0.109,0.3653,2,0.18267,2.91,2.91,154596,0
1778472506.046822,0.35,-0.15,0.9,1,0.6002,0.7931,-0.042653,0.026935,0.291869,0.0005,0.1665,0.4331,2,0.21656,2.9052,2.9052,154600,0
1778472506.088752,0.35,-0.1,0.9,1,0.8862,1.1063,-0.045114,0.029117,0.293555,0.0006,0.1706,0.715,3,0.23834,2.8251,2.8251,154600,0
1778472506.129074,0.35,-0.1,0.9,1,0.6784,0.8487,-0.047056,0.031129,0.295109,0.0006,0.1589,0.5189,3,0.17296,2.8266,2.8266,154600,0
1778472506.169274,0.35,-0.1,0.9,1,0.7529,0.9496,-0.048865,0.033072,0.296664,0.0006,0.154,0.5984,3,0.19945,2.8292,2.8292,154600,0
1778472506.209477,0.35,-0.1,0.9,1,0.7711,0.9816,-0.04866,0.033198,0.297559,0.0007,0.1697,0.6007,3,0.20023,2.8345,2.8345,154600,0
1778472506.249752,0.35,-0.1,0.9,1,0.7132,0.9043,-0.048387,0.032737,0.298263,0.0006,0.1661,0.5466,3,0.1822,2.8385,2.8385,154600,0
1778472506.289914,0.35,-0.1,0.9,1,0.7535,0.9314,-0.048171,0.032512,0.298663,0.001,0.1766,0.5759,3,0.19195,2.8406,2.8406,154600,0
1778472506.3301,0.35,-0.1,0.9,1,0.681,0.8569,-0.047985,0.032177,0.298997,0.0007,0.1612,0.5191,3,0.17303,2.8423,2.8423,154604,0
1778472506.370298,0.35,-0.1,0.9,1,0.6854,0.8595,-0.047678,0.031761,0.299256,0.0008,0.1669,0.5177,3,0.17257,2.8437,2.8437,154604,0
1778472506.410474,0.35,-0.1,0.9,1,0.7359,0.9051,-0.047359,0.031219,0.299529,0.0007,0.161,0.5742,3,0.1914,2.844,2.844,154616,0
1778472506.450649,0.35,-0.1,0.9,1,0.673,0.8493,-0.046604,0.030623,0.299889,0.0005,0.1434,0.529,3,0.17634,2.8473,2.8473,154616,0
1778472506.490853,0.35,-0.1,0.9,1,0.685,0.8829,-0.046005,0.030153,0.300125,0.0006,0.1646,0.5197,3,0.17324,2.8505,2.8505,154616,0
1778472506.531072,0.35,-0.1,0.9,1,0.6967,0.8862,-0.045272,0.02996,0.300403,0.0006,0.1448,0.5513,3,0.18376,2.8526,2.8526,154616,0
1778472506.5713,0.35,-0.1,0.9,1,0.7588,0.9536,-0.044967,0.030103,0.300496,0.0004,0.1609,0.5975,3,0.19915,2.858,2.858,154616,0
1778472506.611496,0.35,-0.1,0.9,1,0.6853,0.8691,-0.044825,0.030255,0.300644,0.0007,0.1662,0.5183,3,0.17277,2.8559,2.8559,154616,0
1778472506.651757,0.35,-0.1,0.9,1,0.6722,0.8571,-0.044158,0.030549,0.300975,0.0005,0.1457,0.5261,3,0.17536,2.86,2.86,154624,0
1778472506.691912,0.35,-0.1,0.9,1,0.7428,0.9284,-0.043576,0.030522,0.301373,0.0006,0.1593,0.583,3,0.19432,2.8621,2.8621,154624,0
1778472506.732121,0.35,-0.1,0.9,1,0.7497,0.9434,-0.043751,0.030488,0.301267,0.0006,0.1753,0.5739,3,0.19129,2.8629,2.8629,154624,0
1778472506.77237,0.35,-0.1,0.9,1,0.7452,0.9107,-0.043843,0.030486,0.30121,0.0005,0.1628,0.5819,3,0.19397,2.8638,2.8638,154624,0
1778472506.812593,0.35,-0.1,0.9,1,0.6599,0.8315,-0.043858,0.030486,0.301201,0.0006,0.1367,0.5227,3,0.17422,2.8689,2.8689,154624,0
1778472506.853051,0.35,-0.1,0.9,1,0.6618,0.8497,-0.043859,0.030486,0.3012,0.0007,0.1451,0.5161,3,0.17203,2.8767,2.8767,154624,0
1778472506.893303,0.35,-0.1,0.9,1,0.6648,0.8394,-0.043859,0.030486,0.3012,0.0007,0.1348,0.5294,3,0.17647,2.8895,2.8895,154624,0
1778472506.933658,0.35,-0.1,0.9,1,0.6654,0.8492,-0.04386,0.030486,0.3012,0.0006,0.142,0.5228,3,0.17428,2.8964,2.8964,154624,0
1778472506.973848,0.35,-0.1,0.9,1,0.654,0.8286,-0.04386,0.030486,0.3012,0.0005,0.1368,0.5166,3,0.17221,2.9025,2.9025,154624,0
1778472507.014029,0.35,-0.1,0.9,1,0.7163,0.898,-0.04386,0.030486,0.3012,0.0008,0.1671,0.5485,3,0.18284,2.9037,2.9037,154628,0
1778472507.054206,0.35,-0.1,0.9,1,0.6947,0.8949,-0.04386,0.030486,0.3012,0.0005,0.1498,0.5444,3,0.18148,2.9072,2.9072,154628,0
1778472507.094373,0.35,-0.1,0.9,1,0.6927,0.859,-0.04386,0.030486,0.3012,0.0005,0.1465,0.5457,3,0.1819,2.9081,2.9081,154636,0
1778472507.134769,0.35,-0.1,0.9,1,0.6625,0.8527,-0.04386,0.030486,0.3012,0.0007,0.1448,0.5171,3,0.17235,2.9118,2.9118,154636,0
1778472507.174911,0.35,-0.1,0.9,1,0.7903,1.5618,-0.04386,0.030486,0.3012,0.0005,0.1653,0.6244,3,0.20813,2.9105,2.9105,154636,0
1778472507.215109,0.35,-0.1,0.9,1,0.6866,0.8664,-0.04386,0.030486,0.3012,0.0005,0.1512,0.5349,3,0.17831,2.9128,2.9128,154636,0
1778472507.255304,0.35,-0.1,0.9,1,0.6789,0.8618,-0.04386,0.030486,0.3012,0.0006,0.1483,0.53,3,0.17666,2.9152,2.9152,154640,0
1778472507.295604,0.35,-0.1,0.9,1,0.7931,3.4356,-0.04386,0.030486,0.3012,0.0007,0.1262,0.6662,3,0.22206,2.9153,2.9153,154640,0
1778472507.335884,0.35,-0.1,0.9,1,0.7916,1.5879,-0.04386,0.030486,0.3012,0.0005,0.1523,0.6387,3,0.21291,2.9206,2.9206,154640,0
1778472507.376082,0.35,-0.1,0.9,1,0.7786,1.6557,-0.04386,0.030486,0.3012,0.0006,0.1434,0.6346,3,0.21154,2.9256,2.9256,154640,0
1778472507.418686,0.35,-0.1,0.9,1,0.7115,1.1027,-0.04386,0.030486,0.3012,0.0005,0.1478,0.5631,3,0.18771,2.9398,2.9398,154640,0
1778472507.458955,0.35,-0.1,0.9,1,0.7237,0.9227,-0.04386,0.030486,0.3012,0.0007,0.1566,0.5664,3,0.1888,2.9673,2.9673,154640,0
1778472507.499144,0.35,-0.1,0.9,1,0.6699,0.843,-0.04386,0.030486,0.3012,0.0006,0.1568,0.5125,3,0.17085,2.9787,2.9787,154640,0
1778472507.539333,0.35,-0.1,0.9,1,0.7091,0.8797,-0.04386,0.030486,0.3012,0.0006,0.1594,0.5491,3,0.18302,2.9782,2.9782,154640,0
1778472507.579642,0.35,-0.1,0.9,1,22.6621,25.7577,-0.04386,0.030486,0.3012,0.0007,0.1709,22.4904,250,0.08996,3.0246,3.0246,154644,1
1778472507.606408,0.35,-0.1,0.9,1,10.0149,10.6272,-0.04386,0.030486,0.3012,0.0003,0.0564,9.9582,250,0.03983,3.0792,3.0792,154644,0
1778472507.648633,0.35,-0.1,0.9,1,19.6999,19.8164,-0.04386,0.030486,0.3012,0.0005,0.1457,19.5537,250,0.07821,3.0438,3.0438,154644,1
1778472507.689674,0.35,-0.1,0.9,1,17.5127,21.0131,-0.04386,0.030486,0.3012,0.0005,0.1221,17.3902,250,0.06956,3.0501,3.0501,154644,1
1778472507.731382,0.35,-0.1,0.9,1,18.8226,19.9083,-0.04386,0.030486,0.3012,0.0005,0.1257,18.6963,250,0.07479,3.1103,3.1103,154644,1
1778472507.772724,0.35,-0.1,0.9,1,16.1905,17.2578,-0.04386,0.030486,0.3012,0.0008,0.1577,16.0321,250,0.06413,3.048,3.048,154644,0
1778472507.812941,0.35,-0.1,0.9,1,0.5925,0.747,-0.04386,0.030486,0.3012,0.0006,0.107,0.4849,3,0.16163,2.8048,2.8048,154656,0
1778472507.853262,0.35,-0.1,0.9,1,0.6766,0.8652,-0.04386,0.030486,0.3012,0.0005,0.1521,0.524,3,0.17467,2.6827,2.6827,154656,0
1778472507.893552,0.35,-0.1,0.9,1,0.6691,0.8678,-0.04386,0.030486,0.3012,0.0006,0.1525,0.516,3,0.17199,2.6398,2.6398,154660,0
1778472507.933764,0.35,-0.1,0.9,1,0.639,0.8171,-0.04386,0.030486,0.3012,0.0005,0.1409,0.4976,3,0.16586,2.6226,2.6226,154660,0
1778472507.9748,0.35,-0.1,0.9,1,0.6591,0.8471,-0.04386,0.030486,0.3012,0.0007,0.1472,0.5111,3,0.17038,2.6085,2.6085,154660,0
1778472508.015025,0.35,-0.1,0.9,1,0.7006,0.873,-0.04386,0.030486,0.3012,0.0005,0.1249,0.5752,3,0.19172,2.609,2.609,154660,0
1778472508.05521,0.35,-0.1,0.9,1,0.7562,0.9481,-0.04386,0.030486,0.3012,0.0007,0.1461,0.6094,3,0.20314,2.6093,2.6093,154660,0
1778472508.095541,0.35,-0.1,0.9,1,0.6989,1.7494,-0.04386,0.030486,0.3012,0.0008,0.1491,0.549,3,0.18301,2.612,2.612,154660,0
1778472508.135818,0.35,-0.1,0.9,1,0.6149,1.3555,-0.04386,0.030486,0.3012,0.0007,0.1224,0.4917,3,0.16391,2.62,2.62,154660,0
1778472508.178758,0.35,-0.1,0.9,1,0.84,1.0507,-0.04386,0.030486,0.3012,0.0009,0.1954,0.6437,3,0.21458,2.6238,2.6238,154660,0
1778472508.219057,0.35,-0.1,0.9,1,0.6746,0.8646,-0.04386,0.030486,0.3012,0.0005,0.1508,0.5233,3,0.17445,2.6231,2.6231,154660,0
1778472508.259252,0.35,-0.1,0.9,1,0.6643,0.8382,-0.04386,0.030486,0.3012,0.0007,0.1591,0.5045,3,0.16816,2.6328,2.6328,154664,0
1778472508.299546,0.35,-0.1,0.9,1,0.6565,0.8435,-0.04386,0.030486,0.3012,0.0007,0.1521,0.5036,3,0.16788,2.6466,2.6466,154664,0
1778472508.339828,0.35,-0.1,0.9,1,0.7317,0.9161,-0.04386,0.030486,0.3012,0.0006,0.1653,0.5658,3,0.1886,2.6522,2.6522,154664,0
1778472508.380131,0.35,-0.1,0.9,1,0.6831,0.8654,-0.04386,0.030486,0.3012,0.0006,0.1664,0.5161,3,0.17202,2.6573,2.6573,154664,0
1778472508.420317,0.35,-0.1,0.9,1,0.7431,0.9311,-0.04386,0.030486,0.3012,0.0005,0.165,0.5775,3,0.19252,2.6839,2.6839,154664,0
1778472508.460705,0.35,-0.1,0.9,1,0.5998,0.7573,-0.04386,0.030486,0.3012,0.0006,0.1141,0.4851,3,0.16169,2.7219,2.7219,154664,0
1778472508.50104,0.35,-0.1,0.9,1,0.7393,0.9279,-0.04386,0.030486,0.3012,0.0006,0.1636,0.5751,3,0.19171,2.8319,2.8319,154676,0
1778472508.541243,0.35,-0.1,0.9,1,0.6886,0.8749,-0.04386,0.030486,0.3012,0.0006,0.161,0.527,3,0.17568,2.9703,2.9703,154676,0
1778472508.581696,0.35,-0.1,0.9,1,21.9929,22.1318,-0.04386,0.030486,0.3012,0.0004,0.1061,21.8865,250,0.08755,3.389,3.389,154680,1
1778472508.624387,0.35,-0.1,0.9,1,19.1423,20.43,-0.04386,0.030486,0.3012,0.0005,0.1154,19.0264,250,0.07611,3.6112,3.6112,154680,1
1778472508.645247,0.35,-0.1,0.9,1,10.7856,11.5194,-0.04386,0.030486,0.3012,0.0002,0.0387,10.7466,250,0.04299,3.6494,3.6494,154680,0
1778472508.685472,0.35,-0.1,0.9,1,18.9384,19.8845,-0.04386,0.030486,0.3012,0.0005,0.1163,18.8216,250,0.07529,3.7552,3.7552,154680,1
1778472508.725947,0.35,-0.1,0.9,1,23.2306,26.9301,-0.04386,0.030486,0.3012,0.0005,0.1224,23.1077,250,0.09243,3.5746,3.5746,154680,1
1778472508.773685,0.35,-0.1,0.9,1,21.1034,24.8081,-0.04386,0.030486,0.3012,0.0006,0.1359,20.9669,250,0.08387,3.5543,3.5543,154684,1
1778472508.819353,0.35,-0.1,0.9,1,22.1721,22.7386,-0.04386,0.030486,0.3012,0.0007,0.1514,22.0199,250,0.08808,3.6106,3.6106,154684,1
1778472508.862821,0.35,-0.1,0.9,1,18.949,19.5026,-0.04386,0.030486,0.3012,0.0005,0.1516,18.7969,250,0.07519,3.5693,3.5693,154688,0
1778472508.903068,0.35,-0.1,0.9,1,19.1808,19.9597,-0.04386,0.030486,0.3012,0.0005,0.1264,19.0539,250,0.07622,3.5194,3.5194,154688,1
1778472508.943757,0.35,-0.1,0.9,1,17.7719,21.0082,-0.04386,0.030486,0.3012,0.0005,0.1349,17.6365,250,0.07055,3.3884,3.3884,154688,1
1778472508.965271,0.35,-0.1,0.9,1,9.8669,10.4158,-0.04386,0.030486,0.3012,0.0002,0.0433,9.8233,250,0.03929,3.2807,3.2807,154688,0
1778472509.008605,0.35,-0.1,0.9,1,20.0691,21.1855,-0.04386,0.030486,0.3012,0.0007,0.1697,19.8987,250,0.07959,3.1369,3.1369,154688,1
1778472509.050549,0.35,-0.1,0.9,1,19.1489,21.7234,-0.04386,0.030486,0.3012,0.0006,0.1547,18.9936,250,0.07597,3.0788,3.0788,154688,1
1778472509.093065,0.35,-0.1,0.9,1,20.2357,20.9522,-0.04386,0.030486,0.3012,0.0005,0.1159,20.1194,250,0.08048,3.0963,3.0963,154688,1
1778472509.134662,0.35,-0.1,0.9,1,17.4703,17.9819,-0.04386,0.030486,0.3012,0.0006,0.1479,17.3218,250,0.06929,3.0792,3.0792,154688,0
1778472509.174934,0.35,-0.1,0.9,1,14.6805,17.6173,-0.04386,0.030486,0.3012,0.0005,0.1468,14.5333,250,0.05813,3.0199,3.0199,154700,0
1778472509.215115,0.35,-0.1,0.9,1,0.6408,0.801,-0.04386,0.030486,0.3012,0.0008,0.1385,0.5015,3,0.16717,2.9491,2.9491,154700,0
1778472509.255309,0.35,-0.1,0.9,1,0.7051,1.2228,-0.04386,0.030486,0.3012,0.0007,0.1626,0.5418,3,0.1806,2.9107,2.9107,154700,0
1778472509.295556,0.35,-0.1,0.9,1,0.6318,1.5458,-0.04386,0.030486,0.3012,0.0006,0.1469,0.4844,3,0.16146,2.8686,2.8686,154700,0
1778472509.335823,0.35,-0.1,0.9,1,0.6814,3.45,-0.04386,0.030486,0.3012,0.0006,0.163,0.5178,3,0.17261,2.8211,2.8211,154700,0
1778472509.376009,0.35,-0.1,0.9,1,0.857,1.089,-0.04386,0.030486,0.3012,0.0007,0.1964,0.6599,3,0.21996,2.7724,2.7724,154700,0
1778472509.416183,0.35,-0.1,0.9,1,0.6695,1.4832,-0.04386,0.030486,0.3012,0.0004,0.1346,0.5345,3,0.17816,2.723,2.723,154700,0
1778472509.456644,0.35,-0.1,0.9,1,0.6431,3.1341,-0.04386,0.030486,0.3012,0.0005,0.1428,0.4998,3,0.16661,2.6806,2.6806,154704,0
1778472509.497081,0.35,-0.1,0.9,1,0.7558,1.1247,-0.04386,0.030486,0.3012,0.0006,0.1475,0.6077,3,0.20257,2.6461,2.6461,154704,0
1778472509.539058,0.35,-0.1,0.9,1,0.7017,0.8668,-0.04386,0.030486,0.3012,0.0006,0.1561,0.545,3,0.18167,2.6284,2.6284,154704,0
1778472509.579332,0.35,-0.1,0.9,1,0.7217,0.9047,-0.04386,0.030486,0.3012,0.0003,0.1105,0.6108,3,0.20362,2.6067,2.6067,154704,0
1778472509.619533,0.35,-0.1,0.9,1,0.804,1.0289,-0.04386,0.030486,0.3012,0.0009,0.1754,0.6277,3,0.20923,2.5945,2.5945,154704,0
1778472509.659878,0.35,-0.1,0.9,1,0.6953,0.8786,-0.04386,0.030486,0.3012,0.0008,0.1681,0.5264,3,0.17546,2.5787,2.5787,154704,0
1778472509.700082,0.35,-0.1,0.9,1,0.6905,0.8812,-0.04386,0.030486,0.3012,0.0006,0.1694,0.5205,3,0.1735,2.564,2.564,154704,0
1778472509.74027,0.35,-0.1,0.9,1,0.6489,0.817,-0.04386,0.030486,0.3012,0.0006,0.1424,0.5058,3,0.16861,2.5323,2.5323,154704,0
1778472509.780478,0.35,-0.1,0.9,1,0.6848,0.8715,-0.04386,0.030486,0.3012,0.0006,0.167,0.5172,3,0.17239,2.5053,2.5053,154704,0
1778472509.820722,0.35,-0.1,0.9,1,0.6977,0.8784,-0.04386,0.030486,0.3012,0.0006,0.149,0.5481,3,0.18271,2.4929,2.4929,154716,0
1778472509.860945,0.35,-0.1,0.9,1,0.6646,0.8555,-0.04386,0.030486,0.3012,0.0007,0.1483,0.5157,3,0.17189,2.4916,2.4916,154720,0
1778472509.901143,0.35,-0.1,0.9,1,0.6949,0.8852,-0.04386,0.030486,0.3012,0.0006,0.1645,0.5299,3,0.17662,2.4894,2.4894,154720,0
1778472509.941328,0.35,-0.1,0.9,1,0.6436,0.8141,-0.04386,0.030486,0.3012,0.0005,0.139,0.5041,3,0.16804,2.4911,2.4911,154720,0
1778472509.981642,0.35,-0.1,0.9,1,0.3879,0.4957,-0.04386,0.030486,0.3012,0.0003,0.1103,0.2773,3,0.09242,2.5003,2.5003,154720,0
1778472510.022002,0.35,-0.1,0.9,1,0.8574,1.0376,-0.04386,0.030486,0.3012,0.0005,0.1541,0.7028,3,0.23426,2.5012,2.5012,154720,0
1778472510.062244,0.35,-0.1,0.9,1,0.6499,0.831,-0.04386,0.030486,0.3012,0.0005,0.1396,0.5099,3,0.16997,2.5091,2.5091,154720,0
1778472510.102411,0.35,-0.1,0.9,1,0.6809,0.8686,-0.04386,0.030486,0.3012,0.0005,0.1558,0.5246,3,0.17485,2.5206,2.5206,154720,0
1778472510.14278,0.35,-0.1,0.9,1,0.6419,0.8182,-0.04386,0.030486,0.3012,0.0005,0.1361,0.5053,3,0.16843,2.5267,2.5267,154724,0
1778472510.183159,0.35,-0.1,0.9,1,0.902,1.126,-0.04386,0.030486,0.3012,0.0007,0.1988,0.7025,3,0.23416,2.5359,2.5359,154724,0
1778472510.223356,0.35,-0.1,0.9,1,0.7098,0.9141,-0.04386,0.030486,0.3012,0.0006,0.154,0.5552,3,0.18508,2.5485,2.5485,154724,0
1778472510.263701,0.35,-0.1,0.9,1,0.666,0.8292,-0.04386,0.030486,0.3012,0.0006,0.152,0.5134,3,0.17113,2.5709,2.5709,154724,0
1778472510.303973,0.35,-0.1,0.9,1,0.6663,0.8589,-0.04386,0.030486,0.3012,0.0007,0.1517,0.514,3,0.17134,2.6131,2.6131,154724,0
1778472510.344184,0.35,-0.1,0.9,1,0.7454,0.9386,-0.04386,0.030486,0.3012,0.0007,0.174,0.5707,3,0.19023,2.6607,2.6607,154724,0
1778472510.384381,0.35,-0.1,0.9,1,0.6878,0.8642,-0.04386,0.030486,0.3012,0.0007,0.1618,0.5253,3,0.1751,2.687,2.687,154724,0
1778472510.42465,0.35,-0.1,0.9,1,0.7285,0.9238,-0.04386,0.030486,0.3012,0.0005,0.1589,0.5691,3,0.18971,2.7185,2.7185,154724,0
1778472510.464923,0.35,-0.1,0.9,1,0.653,0.8166,-0.04386,0.030486,0.3012,0.0006,0.1304,0.522,3,0.17399,2.7418,2.7418,154740,0
1778472510.485029,0.35,-0.1,0.9,1,0.7296,0.9071,-0.04386,0.030486,0.3012,0.0005,0.1589,0.5701,3,0.19004,2.7499,2.7499,154740,0
1778472510.525225,0.35,-0.1,0.9,1,0.6524,0.8062,-0.04386,0.030486,0.3012,0.0004,0.139,0.5131,3,0.17102,2.7466,2.7466,154740,0
1778472510.565676,0.35,-0.1,0.9,1,1.9744,2.1757,-0.04386,0.030486,0.3012,0.0007,0.1671,1.8066,3,0.6022,2.7453,2.7453,154740,0
1778472510.606737,0.35,-0.1,0.9,1,0.8507,1.0706,-0.04386,0.030486,0.3012,0.0007,0.1844,0.6655,3,0.22184,2.7422,2.7422,154740,0
1778472510.649281,0.35,-0.1,0.9,1,0.6723,0.8545,-0.04386,0.030486,0.3012,0.0006,0.152,0.5196,3,0.17321,2.7389,2.7389,154740,0
1778472510.689572,0.35,-0.1,0.9,1,0.6725,0.8599,-0.04386,0.030486,0.3012,0.0007,0.1627,0.5091,3,0.1697,2.7377,2.7377,154740,0
1778472510.729889,0.35,-0.1,0.9,1,0.6806,0.8735,-0.04386,0.030486,0.3012,0.0006,0.1641,0.5159,3,0.17196,2.7384,2.7384,154740,0
1778472510.770089,0.35,-0.1,0.9,1,0.6842,0.8601,-0.04386,0.030486,0.3012,0.0007,0.1604,0.5231,3,0.17436,2.7401,2.7401,154740,0
1778472510.81086,0.35,-0.1,0.9,1,0.7219,0.9166,-0.04386,0.030486,0.3012,0.0004,0.1453,0.5762,3,0.19206,2.7415,2.7415,154744,0
1778472510.851041,0.35,-0.1,0.9,1,0.6891,0.8632,-0.04386,0.030486,0.3012,0.0006,0.1428,0.5457,3,0.1819,2.7429,2.7429,154744,0
1778472510.89123,0.35,-0.1,0.9,1,0.6564,0.8329,-0.04386,0.030486,0.3012,0.0006,0.1357,0.5202,3,0.17339,2.744,2.744,154744,0
1778472510.931513,0.35,-0.1,0.9,1,0.9295,1.1758,-0.04386,0.030486,0.3012,0.0007,0.1867,0.7421,3,0.24736,2.7439,2.7439,154744,0
1778472510.971752,0.35,-0.1,0.9,1,0.6553,0.8385,-0.04386,0.030486,0.3012,0.0007,0.1614,0.4932,3,0.1644,2.7429,2.7429,154744,0
1778472511.012059,0.35,-0.1,0.9,1,0.6744,0.8632,-0.04386,0.030486,0.3012,0.0005,0.1461,0.5278,3,0.17593,2.7366,2.7366,154744,0
1778472511.052258,0.35,-0.1,0.9,1,0.6803,0.8572,-0.04386,0.030486,0.3012,0.0005,0.1567,0.5232,3,0.1744,2.727,2.727,154744,0
1778472511.092445,0.35,-0.1,0.9,1,0.7286,0.8988,-0.04386,0.030486,0.3012,0.0005,0.1737,0.5544,3,0.1848,2.7228,2.7228,154748,0
1778472511.13275,0.35,-0.1,0.9,1,0.7094,0.8974,-0.04386,0.030486,0.3012,0.0006,0.1761,0.5327,3,0.17757,2.7233,2.7233,154756,0
1778472511.173055,0.35,-0.1,0.9,1,0.7247,0.9054,-0.04386,0.030486,0.3012,0.0006,0.2112,0.513,3,0.171,2.7224,2.7224,154756,0
1778472511.213246,0.35,-0.1,0.9,1,0.7186,0.9049,-0.04386,0.030486,0.3012,0.0007,0.1611,0.5568,3,0.1856,2.7202,2.7202,154756,0
1778472511.253437,0.35,-0.1,0.9,1,0.7037,0.8828,-0.04386,0.030486,0.3012,0.0005,0.164,0.5392,3,0.17973,2.7183,2.7183,154756,0
1778472511.293747,0.35,-0.1,0.9,1,0.7007,0.8719,-0.04386,0.030486,0.3012,0.0005,0.154,0.5461,3,0.18203,2.7163,2.7163,154756,0
1778472511.333938,0.35,-0.1,0.9,1,0.7344,0.9333,-0.04386,0.030486,0.3012,0.0005,0.1543,0.5796,3,0.19321,2.7144,2.7144,154756,0
1778472511.374133,0.35,-0.1,0.9,1,0.7001,0.8798,-0.04386,0.030486,0.3012,0.0006,0.1499,0.5497,3,0.18323,2.7093,2.7093,154756,0
1778472511.414402,0.35,-0.1,0.9,1,0.7102,0.8989,-0.04386,0.030486,0.3012,0.0008,0.1837,0.5258,3,0.17525,2.7068,2.7068,154760,0
1778472511.454629,0.35,-0.1,0.9,1,0.6795,0.8748,-0.04386,0.030486,0.3012,0.0006,0.1597,0.5192,3,0.17307,2.7025,2.7025,154760,0
1778472511.494903,0.35,-0.1,0.9,1,0.7281,0.8944,-0.04386,0.030486,0.3012,0.0004,0.1598,0.5679,3,0.1893,2.6995,2.6995,154760,0
1778472511.535108,0.35,-0.1,0.9,1,0.793,3.5292,-0.04386,0.030486,0.3012,0.0006,0.1655,0.6269,3,0.20895,2.6986,2.6986,154760,0
1778472511.57532,0.35,-0.1,0.9,1,1.2109,2.1337,-0.04386,0.030486,0.3012,0.0005,0.1655,1.045,3,0.34832,2.6909,2.6909,154760,0
1778472511.615576,0.35,-0.1,0.9,1,0.7204,1.4785,-0.04386,0.030486,0.3012,0.0007,0.1625,0.5572,3,0.18574,2.6862,2.6862,154760,0
1778472511.655829,0.35,-0.1,0.9,1,0.7166,1.3755,-0.04386,0.030486,0.3012,0.0007,0.1663,0.5496,3,0.18321,2.6823,2.6823,154760,0
1778472511.696121,0.35,-0.15,0.9,1,0.5651,1.058,-0.006822,0.009539,0.268707,0.0004,0.1571,0.4077,2,0.20383,2.8241,2.8241,154760,0
1778472512.743559,0.4,-0.2,0.85,1,24.6251,27.9354,0.121937,-0.035883,0.085592,0.0003,0.1052,24.5196,250,0.09808,4.8797,4.8797,154768,1
1778472512.773133,0.4,-0.2,0.85,1,11.5745,12.3068,0.123744,-0.035396,0.081595,0.0004,0.0966,11.4775,250,0.04591,4.8785,4.8785,154768,0
1778472512.813528,0.4,-0.2,0.85,1,19.038,20.2875,0.124896,-0.034886,0.078722,0.0005,0.1537,18.8837,250,0.07553,4.8743,4.8743,154780,1
1778472512.854531,0.4,-0.2,0.85,1,18.8134,21.9607,0.126096,-0.034557,0.07688,0.0007,0.1769,18.6357,250,0.07454,4.8714,4.8714,154780,1
1778472512.897111,0.4,-0.2,0.85,1,19.0825,22.2586,0.126562,-0.033619,0.075224,0.0006,0.1633,18.9186,250,0.07567,4.8736,4.8736,154780,1
1778472512.94013,0.4,-0.2,0.85,1,19.0508,20.3191,0.127795,-0.03306,0.074562,0.0005,0.1217,18.9286,250,0.07571,4.8718,4.8718,154780,1
1778472512.981175,0.4,-0.2,0.85,1,18.5497,19.6922,0.129624,-0.032846,0.074662,0.0006,0.1677,18.3815,250,0.07353,4.8614,4.8614,154792,0
1778472513.021456,0.4,-0.2,0.85,1,20.3823,23.5818,0.128803,-0.032212,0.07442,0.0004,0.1458,20.2361,250,0.08094,4.8442,4.8442,154796,1
1778472513.045514,0.4,-0.2,0.85,1,9.5308,10.0785,0.129323,-0.032052,0.074657,0.0002,0.0457,9.4849,250,0.03794,4.8138,4.8138,154796,0
1778472513.085748,0.4,-0.2,0.85,1,18.7152,20.156,0.130487,-0.032169,0.075235,0.0005,0.1246,18.59,250,0.07436,4.7909,4.7909,154796,1
1778472513.12652,0.4,-0.2,0.85,1,18.0441,20.9855,0.132319,-0.032487,0.075883,0.0005,0.1319,17.9117,250,0.07165,4.7699,4.7699,154796,1
1778472513.168239,0.4,-0.2,0.85,1,21.1632,21.9993,0.131934,-0.032175,0.07566,0.0006,0.1572,21.0054,250,0.08402,4.7659,4.7659,154796,1
1778472513.210992,0.4,-0.2,0.85,1,18.5292,19.8001,0.132729,-0.032434,0.075944,0.0004,0.113,18.4158,250,0.07366,4.76,4.76,154796,1
1778472513.251432,0.4,-0.2,0.85,1,18.2954,19.5649,0.134592,-0.032977,0.076402,0.0006,0.1245,18.1702,250,0.07268,4.7539,4.7539,154796,0
1778472513.291708,0.4,-0.2,0.85,1,18.8971,21.7081,0.135875,-0.033146,0.07634,0.0008,0.1752,18.7211,250,0.07488,4.7544,4.7544,154800,1
1778472513.334062,0.4,-0.2,0.85,1,21.0286,24.9709,0.13698,-0.033233,0.0762,0.0006,0.1723,20.8557,250,0.08342,4.7587,4.7587,154800,1
1778472513.379795,0.4,-0.2,0.85,1,20.4411,21.0882,0.137149,-0.032898,0.075807,0.0009,0.1612,20.2789,250,0.08112,4.765,4.765,154800,1
1778472513.421494,0.4,-0.2,0.85,1,19.6659,20.3634,0.138112,-0.032836,0.075746,0.0006,0.188,19.4773,250,0.07791,4.7723,4.7723,154800,1
1778472513.462537,0.4,-0.2,0.85,1,15.0751,18.5372,0.138325,-0.032813,0.075418,0.0005,0.1534,14.9211,250,0.05968,4.7951,4.7951,154800,0
1778472513.502901,0.4,-0.2,0.85,1,19.07,20.0362,0.138618,-0.032926,0.075254,0.0006,0.1455,18.9239,250,0.0757,4.8018,4.8018,154800,1
1778472513.543648,0.4,-0.2,0.85,1,19.0643,20.2283,0.13935,-0.033676,0.075665,0.0004,0.1485,18.9153,250,0.07566,4.7864,4.7864,154800,1
1778472513.564871,0.4,-0.2,0.85,1,9.5534,10.1734,0.140096,-0.034495,0.075914,0.0003,0.0418,9.5113,250,0.03805,4.7576,4.7576,154800,0
1778472513.625347,0.4,-0.2,0.85,1,23.7481,27.1813,0.141866,-0.035744,0.076124,0.0008,0.1631,23.5842,250,0.09434,4.7453,4.7453,154804,1
1778472513.653061,0.4,-0.2,0.85,1,10.8459,10.9201,0.144238,-0.037065,0.076405,0.0002,0.1343,10.7114,250,0.04285,4.7162,4.7162,154804,0
1778472513.69328,0.4,-0.2,0.85,1,17.8816,18.3777,0.146992,-0.038583,0.076968,0.0005,0.1441,17.7371,250,0.07095,4.6796,4.6796,154804,0
1778472513.73353,0.4,-0.2,0.85,1,18.7986,21.7766,0.149442,-0.040111,0.077602,0.0007,0.166,18.6319,250,0.07453,4.6416,4.6416,154804,1
1778472513.776074,0.4,-0.2,0.85,1,19.9768,23.3237,0.151896,-0.04181,0.078131,0.0005,0.1271,19.8492,250,0.0794,4.6005,4.6005,154804,1
1778472513.820029,0.4,-0.2,0.85,1,20.2069,20.8821,0.15436,-0.043522,0.078369,0.0005,0.1375,20.0689,250,0.08028,4.5517,4.5517,154804,1
1778472513.861597,0.4,-0.2,0.85,1,16.4826,17.7859,0.156683,-0.044735,0.078247,0.0006,0.1635,16.3185,250,0.06527,4.5517,4.5517,154804,0
1778472513.901761,0.4,-0.2,0.85,1,18.1979,19.2497,0.15853,-0.045947,0.078407,0.0007,0.1576,18.0396,250,0.07216,4.5399,4.5399,154804,0
1778472513.942002,0.4,-0.2,0.85,1,19.5675,21.2607,0.160228,-0.047407,0.078041,0.0008,0.1618,19.4049,250,0.07762,4.5248,4.5248,154808,1
1778472513.983952,0.4,-0.2,0.85,1,19.2446,20.347,0.161876,-0.048381,0.076922,0.0005,0.1247,19.1194,250,0.07648,4.553,4.553,154808,1
1778472514.024984,0.4,-0.2,0.85,1,19.3161,19.4029,0.163735,-0.048901,0.075618,0.0005,0.1194,19.1961,250,0.07678,4.5938,4.5938,154808,0
1778472514.0655,0.4,-0.2,0.85,1,18.4007,22.0821,0.166115,-0.048588,0.074409,0.0005,0.1621,18.2381,250,0.07295,4.5689,4.5689,154808,1
1778472514.088157,0.4,-0.2,0.85,1,9.6367,10.302,0.168888,-0.047243,0.072896,0.0003,0.0469,9.5895,250,0.03836,4.5576,4.5576,154820,0
1778472514.1296,0.4,-0.2,0.85,1,19.3489,20.3423,0.171159,-0.04568,0.071102,0.0008,0.1645,19.1835,250,0.07673,4.562,4.562,154820,1
1778472514.170707,0.4,-0.2,0.85,1,18.6908,22.1692,0.172713,-0.043225,0.068889,0.0006,0.1173,18.573,250,0.07429,4.6036,4.6036,154820,1
1778472514.213667,0.4,-0.2,0.85,1,19.2206,22.1259,0.173678,-0.040757,0.066679,0.0005,0.1257,19.0944,250,0.07638,4.6746,4.6746,154820,1
1778472514.256923,0.4,-0.2,0.85,1,19.5471,20.523,0.174079,-0.0397,0.065462,0.0005,0.1477,19.3989,250,0.0776,4.769,4.769,154820,1
1778472514.298166,0.4,-0.2,0.85,1,20.3363,21.1999,0.16211,-0.036678,0.062493,0.0006,0.1326,20.2031,250,0.08081,4.8446,4.8446,154820,1
1778472514.339951,0.4,-0.2,0.85,1,18.2327,21.1624,0.143213,-0.029727,0.055537,0.0006,0.1469,18.0852,250,0.07234,4.8901,4.8901,154824,1
1778472514.38183,0.4,-0.2,0.85,1,19.5759,20.5541,0.149327,-0.030096,0.055638,0.001,0.1757,19.3992,250,0.0776,4.9344,4.9344,154824,1
1778472514.423099,0.4,-0.2,0.85,1,18.4483,19.8772,0.157212,-0.031929,0.057288,0.0007,0.1451,18.3025,250,0.07321,4.9673,4.9673,154824,1
1778472514.463736,0.4,-0.2,0.85,1,18.3397,21.5732,0.164649,-0.034354,0.059005,0.0006,0.1383,18.2008,250,0.0728,4.9659,4.9659,154824,1
1778472514.485774,0.4,-0.2,0.85,1,9.5488,10.0063,0.171725,-0.03716,0.061212,0.0002,0.0401,9.5085,250,0.03803,4.9576,4.9576,154824,0
1778472514.526074,0.4,-0.2,0.85,1,18.8077,19.754,0.174284,-0.038849,0.062552,0.0006,0.1495,18.6576,250,0.07463,4.9583,4.9583,154824,1
1778472514.566915,0.4,-0.2,0.85,1,18.8358,21.7479,0.170262,-0.038056,0.061697,0.0007,0.1588,18.6763,250,0.07471,4.9576,4.9576,154828,1
1778472514.609264,0.4,-0.2,0.85,1,19.1033,22.0277,0.165516,-0.036705,0.060716,0.0005,0.128,18.9747,250,0.0759,4.9576,4.9576,154828,1
1778472514.651979,0.4,-0.2,0.85,1,18.6657,19.637,0.16101,-0.035328,0.059976,0.0005,0.1658,18.4995,250,0.074,4.9713,4.9713,154828,0
1778472514.692312,0.4,-0.2,0.85,1,16.1633,17.2619,0.154864,-0.03309,0.058803,0.0005,0.1195,16.0433,250,0.06417,4.9974,4.9974,154828,0
1778472514.732557,0.4,-0.2,0.85,1,19.6615,22.2511,0.145056,-0.029306,0.056219,0.0005,0.1418,19.5191,250,0.07808,5.008,5.008,154828,1
1778472514.776621,0.4,-0.2,0.85,1,17.8013,18.2144,0.136557,-0.025961,0.053432,0.0005,0.1429,17.6579,250,0.07063,5.0135,5.0135,154836,0
1778472514.816749,0.4,-0.15,0.85,1,17.1925,18.296,0.128742,-0.022499,0.050997,0.0007,0.11,17.0818,250,0.06833,4.3808,4.3808,154836,0
1778472514.857068,0.4,-0.15,0.85,1,19.4605,20.8092,0.123878,-0.020133,0.048653,0.0005,0.1159,19.3441,250,0.07738,4.4017,4.4017,154836,1
1778472514.898965,0.4,-0.15,0.85,1,23.2581,24.3774,0.115957,-0.016588,0.047248,0.0006,0.1553,23.1022,250,0.09241,4.3818,4.3818,154836,1
1778472514.944173,0.4,-0.15,0.85,1,24.9335,26.0711,0.106093,-0.012523,0.046181,0.0005,0.1422,24.7909,250,0.09916,4.3435,4.3435,154836,1
1778472514.970782,0.4,-0.15,0.85,1,10.6168,11.6819,0.094733,-0.007738,0.045361,0.0003,0.0632,10.5533,250,0.04221,4.3271,4.3271,154840,0
1778472515.010925,0.4,-0.15,0.85,1,24.2338,27.6028,0.083033,-0.002906,0.044288,0.0002,0.0752,24.1584,250,0.09663,4.3729,4.3729,154840,1
1778472515.059143,0.4,-0.15,0.85,1,20.5434,21.3916,0.070356,0.00216,0.04299,0.0002,0.0822,20.461,250,0.08184,4.3788,4.3788,154840,1
1778472515.101082,0.4,-0.15,0.85,1,20.2643,21.3884,0.056071,0.007246,0.041814,0.0005,0.1336,20.1301,250,0.08052,4.4,4.4,154840,1
1778472515.143089,0.4,-0.15,0.85,1,17.3598,18.0131,0.042055,0.011846,0.040827,0.0005,0.1315,17.2278,250,0.06891,4.3922,4.3922,154840,0
1778472515.183297,0.406512,-0.133148,0.866297,1,18.441,20.0651,0.026443,0.016932,0.039522,0.0005,0.1376,18.3028,250,0.07321,8.4881,8.4881,154840,1
1778472515.223972,0.393277,-0.128762,0.865101,1,23.5629,25.1892,0.013208,0.021319,0.038325,0.0003,0.1036,23.4591,250,0.09384,4.2857,4.2857,154840,1
1778472515.249778,0.393277,-0.128762,0.865101,0,10.3831,12.8012,0.037753,0.012781,0.040786,0.0003,0.0605,10.3222,250,0.04129,26.7823,26.7823,154844,0
1778472515.290058,0.4,-0.15,0.85,1,18.8266,19.6711,0.141722,-0.023374,0.053765,0.0005,0.1485,18.6776,250,0.07471,4.1793,4.1793,154844,0
1778472516.337293,0.419618,-0.150015,0.757033,0,24.6501,25.4734,0.210883,-0.049382,0.028386,0.0002,0.1074,24.5425,250,0.09817,130.9053,130.9053,154864,1
1778472516.383487,0.419618,-0.150015,0.757033,0,18.9668,19.5818,0.218152,-0.051816,0.02802,0.0007,0.1521,18.814,250,0.07526,131.2324,131.2324,154864,0
1778472516.424084,0.419618,-0.150015,0.757033,0,25.3458,27.1831,0.225468,-0.054019,0.027798,0.0006,0.1574,25.1878,250,0.10075,133.6436,133.6436,154864,1
1778472516.451665,0.419618,-0.150015,0.757033,0,22.5846,23.7369,0.233027,-0.056266,0.027474,0.0002,0.069,22.5154,250,0.09006,133.3204,133.3204,154864,1
1778472516.495725,0.419618,-0.150015,0.757033,0,19.5727,20.7749,0.241615,-0.058889,0.02711,0.0006,0.1514,19.4207,250,0.07768,134.1782,134.1782,154864,1
1778472516.537014,0.419618,-0.150015,0.757033,0,19.6556,22.5546,0.250805,-0.061457,0.026631,0.0005,0.1522,19.503,250,0.07801,168.2774,168.2774,154864,1
1778472516.580128,0.419618,-0.150015,0.757033,0,20.2522,21.3699,0.259487,-0.064021,0.026068,0.0004,0.1328,20.119,250,0.08048,166.0469,166.0469,154864,1
1778472516.622075,0.419618,-0.150015,0.757033,0,19.3719,20.2461,0.269095,-0.067203,0.025423,0.0006,0.1472,19.2241,250,0.0769,160.7212,160.7212,154868,1
1778472516.662891,0.419618,-0.150015,0.757033,0,19.7504,22.9171,0.278575,-0.070201,0.024589,0.0008,0.1526,19.5971,250,0.07839,153.836,153.836,154868,1
1778472516.686197,0.419618,-0.150015,0.757033,0,11.7209,12.4389,0.288433,-0.07347,0.0237,0.0003,0.0387,11.6819,250,0.04673,149.7757,149.7757,154868,0
1778472516.728824,0.419618,-0.150015,0.757033,0,20.404,21.4284,0.299483,-0.077518,0.02275,0.0006,0.1649,20.2385,250,0.08095,113.3456,113.3456,154868,1
1778472516.770739,0.419618,-0.150015,0.757033,0,21.6528,24.9048,0.309981,-0.081782,0.021905,0.0005,0.1267,21.5256,250,0.0861,96.3276,96.3276,154868,1
1778472516.816744,0.419618,-0.150015,0.757033,0,22.0092,22.9856,0.320608,-0.08658,0.020995,0.0005,0.1319,21.8768,250,0.08751,80.2896,80.2896,154868,1
1778472516.86027,0.419618,-0.150015,0.757033,0,20.1341,20.8541,0.332914,-0.092677,0.019926,0.0008,0.1434,19.9898,250,0.07996,75.1623,75.1623,154868,1
1778472516.901619,0.419618,-0.150015,0.757033,0,19.3553,20.5179,0.344774,-0.098596,0.018956,0.0007,0.1156,19.239,250,0.07696,67.343,67.343,154868,1
1778472516.942683,0.419618,-0.150015,0.757033,0,19.0357,20.6323,0.356493,-0.104046,0.017994,0.0005,0.1173,18.918,250,0.07567,51.1285,51.1285,154872,1
1778472516.983859,0.419618,-0.150015,0.757033,0,20.8898,21.6224,0.370249,-0.109421,0.017129,0.0007,0.1722,20.717,250,0.08287,24.8036,24.8036,154872,1
1778472517.005876,0.419618,-0.150015,0.757033,0,11.5221,12.8693,0.247257,-0.07092,0.024497,0.0002,0.0472,11.4747,250,0.0459,38.3618,38.3618,154884,0
1778472518.134751,0.419618,-0.150015,0.757033,0,22.669,22.7883,0.162026,-0.039183,0.023226,0.0007,0.1557,22.5126,250,0.09005,19.3294,19.3294,154884,1
1778472518.178728,0.419618,-0.150015,0.757033,0,23.6587,24.5998,0.161936,-0.039024,0.023216,0.0002,0.1005,23.558,250,0.09423,18.9833,18.9833,154884,1
1778472518.223798,0.419618,-0.150015,0.757033,0,22.4452,24.1722,0.161663,-0.038812,0.02309,0.0003,0.1749,22.27,250,0.08908,18.5633,18.5633,154884,1
1778472518.24828,0.419618,-0.150015,0.757033,0,9.6231,10.0117,0.161653,-0.038627,0.022945,0.0003,0.053,9.5699,250,0.03828,18.5957,18.5957,154884,0
1778472518.289039,0.419618,-0.150015,0.757033,0,15.918,16.6,0.161455,-0.038261,0.022459,0.0005,0.1417,15.7757,250,0.0631,18.0323,18.0323,154884,0
1778472518.329214,0.419618,-0.150015,0.757033,0,19.02,21.3941,0.161516,-0.037988,0.021967,0.0005,0.1272,18.8923,250,0.07557,17.7094,17.7094,154888,1
1778472518.371181,0.419618,-0.150015,0.757033,0,19.0218,20.0248,0.161579,-0.037852,0.021944,0.0005,0.1258,18.8955,250,0.07558,17.7459,17.7459,154888,1
1778472518.411647,0.419618,-0.150015,0.757033,0,18.4896,19.425,0.161773,-0.037874,0.022102,0.0007,0.1554,18.3335,250,0.07333,18.2561,18.2561,154888,0
1778472518.451885,0.419618,-0.150015,0.757033,0,19.3867,22.497,0.162042,-0.038012,0.022279,0.0005,0.1314,19.2547,250,0.07702,18.4556,18.4556,154888,1
1778472518.494934,0.419618,-0.150015,0.757033,0,18.0476,18.986,0.162394,-0.038119,0.022411,0.0005,0.1836,17.8635,250,0.07145,18.7565,18.7565,154888,0
1778472518.535118,0.419618,-0.150015,0.757033,0,19.0038,20.0995,0.162616,-0.038194,0.022604,0.001,0.2021,18.8007,250,0.0752,19.0453,19.0453,154888,1
1778472518.575801,0.419618,-0.150015,0.757033,0,18.9445,22.6083,0.162242,-0.038048,0.022807,0.0008,0.1036,18.8402,250,0.07536,19.1153,19.1153,154888,1
1778472518.618978,0.419618,-0.150015,0.757033,0,19.1548,21.9856,0.161765,-0.037712,0.023005,0.0005,0.1416,19.0127,250,0.07605,21.057,21.057,154888,1
1778472518.661651,0.419618,-0.150015,0.757033,0,20.2033,23.7223,0.161718,-0.037596,0.023129,0.0006,0.1668,20.0359,250,0.08014,21.3306,21.3306,154892,1
1778472518.685812,0.419618,-0.150015,0.757033,0,9.9251,10.7247,0.161878,-0.037649,0.023269,0.0002,0.0418,9.883,250,0.03953,22.8938,22.8938,154892,0
1778472518.726048,0.419618,-0.150015,0.757033,0,24.5975,25.327,0.161714,-0.037635,0.023312,0.0007,0.1602,24.4365,250,0.09775,23.2409,23.2409,154892,1
1778472518.775147,0.419618,-0.150015,0.757033,0,19.5682,22.9213,0.161413,-0.037569,0.02322,0.0005,0.1386,19.429,250,0.07772,23.5126,23.5126,154900,1
1778472518.818627,0.419618,-0.150015,0.757033,0,19.695,20.8369,0.161185,-0.03753,0.023092,0.0005,0.1121,19.5824,250,0.07833,23.9252,23.9252,154900,1
1778472518.860848,0.419618,-0.150015,0.757033,0,17.9629,19.0816,0.161317,-0.037673,0.023008,0.0004,0.1409,17.8216,250,0.07129,24.2941,24.2941,154900,0
1778472518.901048,0.419618,-0.150015,0.757033,0,18.5582,21.5901,0.162065,-0.03812,0.023021,0.0007,0.1432,18.4143,250,0.07366,24.7827,24.7827,154900,1
1778472518.943111,0.419618,-0.150015,0.757033,0,20.103,20.7601,0.162739,-0.038542,0.023025,0.0005,0.1167,19.9858,250,0.07994,25.2357,25.2357,154900,1
1778472518.984334,0.419618,-0.150015,0.757033,0,18.418,18.8262,0.162915,-0.038713,0.0229,0.0005,0.1367,18.2808,250,0.07312,25.6943,25.6943,154904,0
1778472519.0248,0.419618,-0.150015,0.757033,0,19.3559,20.6274,0.162709,-0.038678,0.02271,0.0005,0.1592,19.1963,250,0.07679,26.0837,26.0837,154904,1
1778472519.045922,0.419618,-0.150015,0.757033,0,9.9293,10.6915,0.162234,-0.038547,0.022487,0.0002,0.0423,9.8868,250,0.03955,26.369,26.369,154904,0
1778472519.086082,0.419618,-0.150015,0.757033,0,19.4124,20.4544,0.161285,-0.038211,0.022204,0.0006,0.158,19.2537,250,0.07701,26.5285,26.5285,154904,1
1778472519.128105,0.419618,-0.150015,0.757033,0,18.9639,19.9757,0.160465,-0.03788,0.021949,0.0006,0.1378,18.8254,250,0.0753,26.6707,26.6707,154904,1
1778472519.168747,0.419618,-0.150015,0.757033,0,19.3993,20.9234,0.160053,-0.037636,0.02166,0.0005,0.1394,19.2594,250,0.07704,26.8365,26.8365,154904,1
1778472519.210221,0.419618,-0.150015,0.757033,0,17.2504,18.3213,0.159901,-0.037423,0.02141,0.0005,0.1277,17.1223,250,0.06849,26.7839,26.7839,154904,0
1778472519.250427,0.419618,-0.150015,0.757033,0,18.2622,19.285,0.160108,-0.037347,0.021354,0.0007,0.1637,18.0978,250,0.07239,27.0024,27.0024,154904,0
1778472519.290576,0.419618,-0.150015,0.757033,0,19.6271,20.2354,0.160475,-0.037363,0.021419,0.0004,0.1426,19.4841,250,0.07794,27.6386,27.6386,154908,1
1778472519.331349,0.419618,-0.150015,0.757033,0,18.2884,21.5067,0.160872,-0.037374,0.02138,0.0005,0.1271,18.1607,250,0.07264,28.2768,28.2768,154908,1
1778472519.373347,0.419618,-0.150015,0.757033,0,19.7034,20.5685,0.161258,-0.037484,0.021239,0.0006,0.1355,19.5672,250,0.07827,29.048,29.048,154908,1
1778472519.4144,0.419618,-0.150015,0.757033,0,17.8702,18.852,0.16115,-0.037611,0.021218,0.0006,0.1593,17.7103,250,0.07084,29.7755,29.7755,154920,0
1778472519.454732,0.419618,-0.150015,0.757033,0,19.2722,22.7805,0.159434,-0.037209,0.021964,0.0006,0.4429,18.8287,250,0.07531,30.1024,30.1024,154920,1
1778472519.498094,0.419618,-0.150015,0.757033,0,14.4003,17.0608,0.157417,-0.036472,0.022924,0.0005,0.1296,14.2703,250,0.05708,31.7469,31.7469,154920,0
1778472519.538259,0.419618,-0.150015,0.757033,0,19.5576,22.2817,0.154998,-0.035687,0.024414,0.0005,0.1604,19.3967,250,0.07759,33.0985,33.0985,154920,1
1778472519.581088,0.419618,-0.150015,0.757033,0,19.9026,21.0958,0.152255,-0.03459,0.025682,0.0005,0.1227,19.7794,250,0.07912,32.5122,32.5122,154920,1
1778472519.622814,0.419618,-0.150015,0.757033,0,17.4021,18.409,0.149243,-0.033711,0.026791,0.0006,0.1443,17.2572,250,0.06903,34.7261,34.7261,154924,0
1778472519.662924,0.419618,-0.150015,0.757033,0,19.7912,22.5991,0.145752,-0.033175,0.028001,0.0005,0.1392,19.6515,250,0.07861,39.9896,39.9896,154924,1
1778472519.686369,0.419618,-0.150015,0.757033,0,24.0642,25.206,0.14236,-0.032847,0.029164,0.0006,0.1051,23.9584,250,0.09583,41.6246,41.6246,154924,1
1778472519.731993,0.419618,-0.150015,0.757033,0,19.5232,20.4781,0.138408,-0.032991,0.03022,0.0007,0.1487,19.3739,250,0.0775,45.7046,45.7046,154924,1
1778472519.77299,0.419618,-0.150015,0.757033,0,19.2228,22.1387,0.134588,-0.033708,0.030947,0.0006,0.1137,19.1084,250,0.07643,50.661,50.661,154924,1
1778472519.815592,0.419618,-0.150015,0.757033,0,19.2007,20.409,0.130323,-0.034793,0.031393,0.0005,0.1273,19.0729,250,0.07629,55.0245,55.0245,154924,1
1778472519.858532,0.419618,-0.150015,0.757033,0,19.6636,20.6499,0.127086,-0.036019,0.031629,0.0006,0.1429,19.52,250,0.07808,57.7847,57.7847,154924,1
1778472519.89963,0.419618,-0.150015,0.757033,0,17.6045,18.7144,0.123791,-0.03751,0.031433,0.0005,0.147,17.4571,250,0.06983,62.3581,62.3581,154924,0
1778472519.939792,0.419618,-0.150015,0.757033,0,20.3314,22.1481,0.120069,-0.038623,0.031222,0.0005,0.1181,20.2128,250,0.08085,65.8891,65.8891,154924,1
1778472519.98246,0.419618,-0.150015,0.757033,0,24.7969,27.9637,0.115718,-0.039558,0.031068,0.0004,0.0787,24.7179,250,0.09887,69.4098,69.4098,154928,1
1778472520.01085,0.419618,-0.150015,0.757033,0,12.1447,12.7239,0.111856,-0.039959,0.030975,0.0003,0.0637,12.0807,250,0.04832,66.1677,66.1677,154928,0
1778472520.051126,0.419618,-0.150015,0.757033,0,19.9211,22.8502,0.108094,-0.039876,0.030334,0.0007,0.1563,19.7641,250,0.07906,66.4761,66.4761,154928,1
1778472520.094444,0.419618,-0.150015,0.757033,0,19.3856,22.6103,0.104286,-0.039554,0.029645,0.0005,0.1559,19.2293,250,0.07692,63.8699,63.8699,154940,1
1778472520.137526,0.419618,-0.150015,0.757033,0,19.1503,20.4701,0.101216,-0.039347,0.028924,0.0005,0.1152,19.0346,250,0.07614,64.2377,64.2377,154940,1
1778472520.178557,0.419618,-0.150015,0.757033,0,21.1248,21.8973,0.097922,-0.039269,0.028002,0.0006,0.132,20.9922,250,0.08397,63.7236,63.7236,154940,1
1778472520.22111,0.419618,-0.150015,0.757033,0,19.2002,20.0188,0.09467,-0.038722,0.027094,0.0006,0.1814,19.0182,250,0.07607,58.4573,58.4573,154940,1
1778472520.261824,0.419618,-0.150015,0.757033,0,27.4595,30.6574,0.091665,-0.038296,0.025579,0.0006,0.1023,27.3566,250,0.10943,55.6737,55.6737,154940,1
1778472520.29315,0.419618,-0.150015,0.757033,0,11.1411,11.7859,0.088548,-0.038173,0.023969,0.0003,0.0647,11.0762,250,0.0443,53.7779,53.7779,154944,0
1778472520.333338,0.419618,-0.150015,0.757033,0,20.1115,23.5364,0.084682,-0.038465,0.022022,0.0007,0.1429,19.9678,250,0.07987,54.5906,54.5906,154944,1
1778472520.377397,0.419618,-0.150015,0.757033,0,19.7183,22.6129,0.081964,-0.039086,0.020181,0.0006,0.1635,19.5542,250,0.07822,57.5712,57.5712,154944,1
1778472520.420556,0.419618,-0.150015,0.757033,0,19.3874,20.3416,0.079883,-0.039448,0.018531,0.0007,0.1581,19.2285,250,0.07691,60.2921,60.2921,154944,1
1778472520.461393,0.419618,-0.150015,0.757033,0,20.5729,21.3194,0.0786,-0.040043,0.016977,0.0005,0.1589,20.4134,250,0.08165,55.8399,55.8399,154944,1
1778472520.503233,0.419618,-0.150015,0.757033,0,18.2638,19.7598,0.077752,-0.040333,0.015631,0.0008,0.1202,18.1428,250,0.07257,55.749,55.749,154952,1
1778472520.543621,0.419618,-0.150015,0.757033,0,18.7276,20.0186,0.076483,-0.039998,0.014376,0.0006,0.1271,18.5999,250,0.0744,55.2446,55.2446,154952,1
1778472520.584112,0.419618,-0.150015,0.757033,0,18.1583,18.9045,0.075103,-0.039417,0.013493,0.0005,0.1369,18.0209,250,0.07208,54.695,54.695,154952,0
1778472520.62428,0.419618,-0.150015,0.757033,0,18.8122,19.9198,0.073574,-0.038868,0.012957,0.0005,0.1461,18.6657,250,0.07466,51.6751,51.6751,154952,1
1778472520.66475,0.419618,-0.150015,0.757033,0,18.1864,18.2915,0.072113,-0.038206,0.012602,0.0007,0.1599,18.0259,250,0.0721,48.8905,48.8905,154952,0
1778472520.68508,0.419618,-0.150015,0.757033,0,22.7561,24.1869,0.070831,-0.038042,0.012557,0.0005,0.106,22.6497,250,0.0906,47.9067,47.9067,154952,1
1778472520.729902,0.419618,-0.150015,0.757033,0,21.103,21.7336,0.069601,-0.038018,0.012545,0.0006,0.158,20.9444,250,0.08378,46.3164,46.3164,154952,1
1778472520.772161,0.419618,-0.150015,0.757033,0,19.0601,22.0422,0.068354,-0.038053,0.012418,0.0005,0.1465,18.913,250,0.07565,44.7224,44.7224,154960,1
1778472520.814785,0.419618,-0.150015,0.757033,0,20.5664,23.682,0.067421,-0.03812,0.012321,0.0005,0.1108,20.4551,250,0.08182,43.7624,43.7624,154964,1
1778472520.860522,0.419618,-0.150015,0.757033,0,23.9965,24.8255,0.066379,-0.03797,0.01189,0.0005,0.1624,23.8335,250,0.09533,42.2174,42.2174,154964,1
1778472520.885746,0.419618,-0.150015,0.757033,0,10.3626,13.7189,0.065345,-0.037997,0.011,0.0002,0.0482,10.3142,250,0.04126,37.2314,37.2314,154964,0
1778472520.926675,0.419618,-0.150015,0.757033,0,23.7809,24.8467,0.064654,-0.038014,0.010591,0.0007,0.1673,23.6129,250,0.09445,38.6891,38.6891,154964,1
1778472520.971955,0.419618,-0.150015,0.757033,0,19.5633,20.4884,0.064045,-0.03827,0.009792,0.0005,0.1707,19.3922,250,0.07757,39.0189,39.0189,154964,1
1778472521.012916,0.419618,-0.150015,0.757033,0,18.8075,21.7002,0.064132,-0.03875,0.008805,0.0005,0.1264,18.6806,250,0.07472,39.1761,39.1761,154964,1
1778472521.055155,0.419618,-0.150015,0.757033,0,19.6594,21.1352,0.064936,-0.039617,0.007476,0.0006,0.1309,19.528,250,0.07811,40.4861,40.4861,154964,1
1778472521.098757,0.419618,-0.150015,0.757033,0,19.9401,20.9697,0.066075,-0.040545,0.006438,0.0008,0.1853,19.754,250,0.07902,42.0339,42.0339,154964,1
1778472521.140243,0.419618,-0.150015,0.757033,0,19.0801,20.1819,0.06754,-0.041287,0.006087,0.0005,0.1546,18.925,250,0.0757,45.5322,45.5322,154964,1
1778472521.180866,0.419618,-0.150015,0.757033,0,18.2647,21.1509,0.069463,-0.041836,0.006367,0.0005,0.1203,18.1439,250,0.07258,45.9673,45.9673,154968,1
1778472521.222499,0.419618,-0.150015,0.757033,0,19.6884,20.6674,0.070998,-0.041849,0.006722,0.0006,0.171,19.5168,250,0.07807,46.096,46.096,154968,1
1778472521.263736,0.419618,-0.150015,0.757033,0,18.7784,19.8686,0.072456,-0.041469,0.006622,0.0006,0.1264,18.6514,250,0.07461,44.7486,44.7486,154968,1
1778472521.304058,0.419618,-0.150015,0.757033,0,18.6551,19.6387,0.074249,-0.040722,0.006118,0.0005,0.1355,18.5191,250,0.07408,41.648,41.648,154968,0
1778472521.324355,0.419618,-0.150015,0.757033,0,11.4682,12.3848,0.075566,-0.039705,0.005281,0.0002,0.0336,11.4344,250,0.04574,40.3386,40.3386,154968,0
1778472521.364962,0.419618,-0.150015,0.757033,0,18.5521,19.5042,0.076488,-0.038815,0.004081,0.0007,0.1184,18.433,250,0.07373,40.1121,40.1121,154968,0
1778472521.425312,0.419618,-0.150015,0.757033,0,24.2681,25.1267,0.076631,-0.038161,0.002817,0.0005,0.154,24.1136,250,0.09645,38.9501,38.9501,154980,1
1778472521.450885,0.419618,-0.150015,0.757033,0,10.7548,11.3203,0.076145,-0.037336,0.001388,0.0002,0.0547,10.6999,250,0.0428,35.8008,35.8008,154980,0
1778472521.491285,0.419618,-0.150015,0.757033,0,20.0561,20.9408,0.075765,-0.036196,0.000352,0.0009,0.1609,19.8943,250,0.07958,36.647,36.647,154980,1
1778472521.532837,0.419618,-0.150015,0.757033,0,13.624,14.7426,0.075556,-0.035407,-0.000407,0.0005,0.1382,13.4852,250,0.05394,41.2149,41.2149,154984,0
1778472522.239537,0.414234,-0.14992,0.75732,1,0.7064,0.8833,-0.005385,9.6e-05,0.000287,0.0008,0.1604,0.5453,3,0.18175,2.8858,2.8858,154988,0
1778472522.279826,0.412934,-0.149631,0.756807,1,0.4418,0.6522,-0.006684,0.000384,-0.000226,0.0008,0.1668,0.2742,1,0.27418,2.9284,2.9284,154988,0
1778472522.319958,0.412689,-0.14979,0.756469,1,0.4488,0.6592,-0.00693,0.000225,-0.000564,0.0006,0.1713,0.2768,1,0.27684,2.8861,2.8861,154988,0
1778472522.360229,0.412717,-0.150326,0.756343,1,0.4036,0.5939,-0.006901,-0.000311,-0.00069,0.0004,0.1427,0.2605,1,0.26048,2.9388,2.9388,154988,0
1778472522.400424,0.412757,-0.151077,0.756115,1,0.469,0.6682,-0.006861,-0.001061,-0.000918,0.0006,0.1648,0.3036,1,0.30359,2.9647,2.9647,154988,0
1778472522.440696,0.412693,-0.151514,0.755942,1,0.4242,0.6021,-0.006926,-0.001498,-0.001091,0.0006,0.1489,0.2747,1,0.27473,2.9484,2.9484,154988,0
1778472522.481248,0.412807,-0.151776,0.755728,1,0.4176,0.6178,-0.006812,-0.001761,-0.001304,0.0006,0.148,0.2691,1,0.26905,2.9092,2.9092,154988,0
1778472522.521539,0.413301,-0.152188,0.755405,1,0.4115,0.6056,-0.006317,-0.002173,-0.001628,0.0006,0.1554,0.2556,1,0.25556,2.9033,2.9033,154992,0
1778472522.56189,0.41448,-0.152882,0.755033,1,0.393,0.5607,-0.005138,-0.002867,-0.002,0.0009,0.1447,0.2474,1,0.24744,2.9416,2.9416,154992,0
1778472522.602085,0.415777,-0.153589,0.754673,1,22.4113,23.2446,-0.003841,-0.003574,-0.00236,0.0006,0.146,22.2648,250,0.08906,3.0576,3.0576,154992,1
1778472522.646584,0.416557,-0.153991,0.754389,1,19.2777,21.9446,-0.003061,-0.003976,-0.002644,0.0005,0.1188,19.1584,250,0.07663,3.0978,3.0978,154992,1
1778472522.689172,0.417406,-0.154331,0.754125,1,19.1809,20.2095,-0.002212,-0.004315,-0.002908,0.0006,0.1406,19.0397,250,0.07616,3.1271,3.1271,154992,1
1778472522.730076,0.419655,-0.155061,0.753663,1,18.3264,19.4694,3.7e-05,-0.005045,-0.003369,0.0007,0.1687,18.1569,250,0.07263,3.3526,3.3526,155004,0
1778472522.770322,0.421527,-0.155738,0.753435,1,18.757,21.7752,0.001909,-0.005722,-0.003598,0.0005,0.1253,18.6312,250,0.07452,3.5669,3.5669,155008,1
1778472522.812786,0.42302,-0.156405,0.753314,1,19.1318,20.1104,0.003402,-0.00639,-0.003718,0.0006,0.1262,19.005,250,0.07602,3.776,3.776,155008,1
1778472522.853618,0.423782,-0.156772,0.753233,1,19.1109,20.2479,0.004163,-0.006757,-0.0038,0.0008,0.1691,18.9411,250,0.07576,3.9127,3.9127,155008,1
1778472522.894598,0.423629,-0.156869,0.753187,1,18.5965,21.9219,0.004011,-0.006854,-0.003846,0.0081,0.1057,18.4827,250,0.07393,3.8769,3.8769,155008,1
1778472522.917173,0.423313,-0.156834,0.75318,1,9.5972,10.1094,0.003695,-0.006819,-0.003853,0.0002,0.0377,9.5593,250,0.03824,3.8093,3.8093,155008,0
1778472522.957577,0.422648,-0.156682,0.753248,1,20.0506,21.3258,0.00303,-0.006667,-0.003785,0.0005,0.1478,19.9023,250,0.07961,3.7051,3.7051,155008,1
1778472522.999768,0.422206,-0.156539,0.753294,1,19.8117,21.4921,0.002587,-0.006524,-0.003739,0.0007,0.1426,19.6685,250,0.07867,3.628,3.628,155008,1
1778472523.041934,0.422701,-0.156812,0.75332,1,18.5886,19.3393,0.003082,-0.006797,-0.003713,0.0005,0.1555,18.4326,250,0.07373,3.6959,3.6959,155008,0
1778472523.082244,0.423193,-0.157076,0.753303,1,19.1518,20.3072,0.003575,-0.007061,-0.003729,0.0006,0.1121,19.0391,250,0.07616,3.7645,3.7645,155008,1
1778472523.123289,0.423166,-0.157118,0.753294,1,18.268,19.2766,0.003548,-0.007103,-0.003739,0.0006,0.1465,18.121,250,0.07248,3.7791,3.7791,155012,0
1778472523.163463,0.422491,-0.156818,0.753334,1,18.2377,21.8618,0.002873,-0.006802,-0.003699,0.0003,0.0956,18.1419,250,0.07257,3.6985,3.6985,155012,1
1778472523.205853,0.421933,-0.156687,0.753499,1,15.2629,18.1299,0.002314,-0.006672,-0.003534,0.0005,0.129,15.1334,250,0.06053,3.6365,3.6365,155012,0
1778472523.246511,0.421613,-0.156713,0.753764,1,16.2809,17.0498,0.001995,-0.006697,-0.003268,0.0005,0.1434,16.137,250,0.06455,3.623,3.623,155012,0
1778472523.28687,0.420898,-0.1565,0.754015,1,18.777,19.9225,0.001279,-0.006484,-0.003018,0.0005,0.1264,18.6501,250,0.0746,3.5644,3.5644,155012,1
1778472523.327658,0.421155,-0.15666,0.754372,1,17.9597,20.8989,0.001537,-0.006645,-0.002661,0.0005,0.1419,17.8173,250,0.07127,3.5843,3.5843,155024,1
1778472523.369171,0.420905,-0.156342,0.754455,1,17.8048,18.9894,0.001287,-0.006327,-0.002578,0.0007,0.1764,17.6277,250,0.07051,3.5413,3.5413,155024,0
1778472523.409382,0.420535,-0.156016,0.754385,1,19.1198,20.4381,0.000917,-0.006001,-0.002648,0.0005,0.141,18.9783,250,0.07591,3.5189,3.5189,155024,1
1778472523.45057,0.420418,-0.156013,0.75432,1,18.317,19.0954,0.000799,-0.005998,-0.002713,0.0005,0.1378,18.1786,250,0.07271,3.5864,3.5864,155028,0
1778472523.490791,0.421353,-0.156519,0.754289,1,18.6662,21.6766,0.001735,-0.006504,-0.002744,0.0005,0.1658,18.4998,250,0.074,3.6974,3.6974,155028,1
1778472523.534553,0.422213,-0.157098,0.754456,1,19.1748,19.9764,0.002595,-0.007083,-0.002576,0.0007,0.1348,19.0393,250,0.07616,3.8326,3.8326,155028,1
1778472523.558521,0.421788,-0.157222,0.754822,1,10.0493,10.907,0.00217,-0.007206,-0.002211,0.0002,0.0854,9.9637,250,0.03985,3.7858,3.7858,155028,0
1778472523.5989,0.421928,-0.157726,0.755656,1,19.4274,23.5065,0.00231,-0.007711,-0.001377,0.0004,0.1395,19.2875,250,0.07715,3.7833,3.7833,155028,1
1778472523.64313,0.421829,-0.158142,0.756791,1,19.609,20.7606,0.002211,-0.008127,-0.000242,0.0005,0.1581,19.4504,250,0.0778,3.8015,3.8015,155028,1
1778472523.684609,0.42162,-0.158515,0.757807,1,18.8662,18.9825,0.002001,-0.008499,0.000775,0.0008,0.1573,18.7081,250,0.07483,3.8007,3.8007,155028,0
1778472523.724875,0.421443,-0.15896,0.758561,1,17.2964,20.0752,0.001824,-0.008944,0.001529,0.0005,0.1424,17.1535,250,0.06861,3.7766,3.7766,155032,1
1778472523.765663,0.421048,-0.159358,0.759249,1,19.6496,22.6152,0.00143,-0.009343,0.002217,0.0006,0.1504,19.4985,250,0.07799,3.7239,3.7239,155032,1
1778472523.808939,0.420503,-0.159676,0.759885,1,23.7696,24.9813,0.000885,-0.009661,0.002852,0.0006,0.1212,23.6478,250,0.09459,3.6473,3.6473,155032,1
1778472523.854691,0.419716,-0.159925,0.760497,1,21.2831,22.1425,9.7e-05,-0.00991,0.003464,0.0005,0.1108,21.1718,250,0.08469,3.5505,3.5505,155032,1
1778472523.877534,0.418832,-0.1602,0.760995,1,9.3926,9.8254,-0.000786,-0.010185,0.003962,0.0004,0.0541,9.3382,250,0.03735,3.4383,3.4383,155032,0
1778472523.917835,0.417748,-0.160404,0.761461,1,17.914,19.0653,-0.00187,-0.010388,0.004428,0.0005,0.1356,17.7778,250,0.07111,3.32,3.32,155032,0
1778472523.958841,0.416292,-0.160478,0.76204,1,18.5262,19.5124,-0.003327,-0.010462,0.005007,0.0007,0.1665,18.3589,250,0.07344,3.1856,3.1856,155032,0
1778472523.999054,0.414937,-0.160512,0.762538,1,18.2746,21.3542,-0.004681,-0.010496,0.005505,0.0005,0.1529,18.1212,250,0.07248,3.063,3.063,155036,1
1778472524.041023,0.413337,-0.16036,0.763032,1,0.4736,0.6405,-0.006281,-0.010345,0.005999,0.0007,0.1203,0.3526,2,0.17632,2.9229,2.9229,155036,0
1778472524.081223,0.411708,-0.160009,0.763398,1,0.419,0.6122,-0.007911,-0.009994,0.006365,0.0006,0.1579,0.2604,1,0.26042,2.936,2.936,155036,0
1778472524.121504,0.409442,-0.159251,0.76377,1,0.4245,0.594,-0.010176,-0.009236,0.006737,0.0006,0.1653,0.2585,1,0.2585,2.7857,2.7857,155036,0
1778472524.161691,0.408711,-0.158962,0.76386,1,0.2681,0.3953,-0.010907,-0.008947,0.006827,0.0003,0.1052,0.1626,1,0.16262,2.6165,2.6165,155036,0
1778472524.202017,0.408429,-0.158803,0.7639,1,0.2892,0.4204,-0.011189,-0.008788,0.006867,0.0003,0.1177,0.1712,1,0.17115,2.5702,2.5702,155036,0
1778472524.242174,0.401337,-0.15607,0.765089,1,0.2285,0.3214,-0.018281,-0.006055,0.008056,0.0002,0.0817,0.1465,1,0.14651,2.8307,2.8307,155048,0
1778472524.282478,0.392883,-0.1522,0.766212,1,0.194,0.2998,-0.026736,-0.002185,0.009179,0.0002,0.0671,0.1267,1,0.12675,2.3758,2.3758,155048,0
1778472524.322787,0.388806,-0.14986,0.766542,1,0.4921,0.7303,-0.030812,0.000155,0.009509,0.0007,0.1715,0.3198,1,0.31983,1.7786,1.7786,155048,0
1778472524.362971,0.38606,-0.147545,0.76642,1,0.389,0.5814,-0.033558,0.00247,0.009387,0.0006,0.145,0.2434,1,0.24342,1.6595,1.6595,155048,0
1778472524.403189,0.384282,-0.145812,0.766346,1,0.4104,0.6058,-0.035337,0.004204,0.009313,0.0007,0.1535,0.2561,1,0.25611,1.5529,1.5529,155052,0
1778472524.443367,0.386447,-0.146583,0.767303,1,0.3913,0.5688,-0.033172,0.003433,0.01027,0.0004,0.1399,0.251,1,0.25097,1.5778,1.5778,155052,0
1778472524.483728,0.387648,-0.14675,0.76781,1,0.4037,0.6006,-0.03197,0.003265,0.010777,0.0005,0.1514,0.2517,1,0.25175,1.5958,1.5958,155052,0
1778472524.523944,0.388114,-0.146239,0.767955,1,0.4106,0.6194,-0.031505,0.003776,0.010922,0.0008,0.1544,0.2555,1,0.25548,1.6067,1.6067,155052,0
1778472524.564117,0.388703,-0.145749,0.768004,1,0.3799,0.5653,-0.030915,0.004266,0.010971,0.0004,0.132,0.2475,1,0.2475,1.622,1.622,155052,0
1778472524.604309,0.389676,-0.145265,0.767925,1,0.4417,0.6285,-0.029943,0.00475,0.010892,0.0005,0.161,0.2802,1,0.28024,1.6448,1.6448,155052,0
1778472524.644551,0.390792,-0.144908,0.767859,1,0.4334,0.6129,-0.028827,0.005108,0.010826,0.0006,0.1636,0.2692,1,0.26918,1.6758,1.6758,155052,0
1778472524.684839,0.392315,-0.144704,0.767732,1,0.398,0.5967,-0.027304,0.005312,0.010699,0.0006,0.1447,0.2527,1,0.25272,1.7242,1.7242,155052,0
1778472524.725044,0.393852,-0.144421,0.767509,1,0.5582,1.54,-0.025767,0.005594,0.010476,0.0011,0.2063,0.3508,1,0.35081,1.7669,1.7669,155056,0
1778472524.765223,0.395809,-0.144099,0.767296,1,0.3624,0.5221,-0.02381,0.005916,0.010263,0.0005,0.1289,0.2329,1,0.23293,1.8331,1.8331,155056,0
1778472524.805595,0.396726,-0.144037,0.767234,1,0.4435,1.1856,-0.022893,0.005978,0.010201,0.0007,0.1588,0.284,1,0.28404,1.8673,1.8673,155056,0
1778472524.845856,0.387579,-0.14367,0.766315,1,0.4403,3.3755,-0.03204,0.006345,0.009282,0.0006,0.146,0.2937,1,0.29374,2.2157,2.2157,155056,0
1778472524.88598,0.382928,-0.143981,0.765932,1,0.3788,1.1601,-0.03669,0.006034,0.008899,0.0006,0.1419,0.2363,1,0.23632,1.5879,1.5879,155056,0
1778472524.926745,0.38162,-0.144004,0.765841,1,0.4467,0.6572,-0.037999,0.006011,0.008808,0.0009,0.1677,0.2781,1,0.27806,1.4454,1.4454,155056,0
1778472524.968711,0.381655,-0.143835,0.765697,1,0.3812,0.542,-0.037964,0.00618,0.008664,0.0006,0.1304,0.2503,1,0.25029,1.4408,1.4408,155068,0
1778472525.00898,0.381813,-0.143309,0.7654,1,0.4244,0.613,-0.037805,0.006707,0.008367,0.0008,0.1551,0.2685,1,0.26854,1.4642,1.4642,155068,0
1778472525.049239,0.382104,-0.142839,0.765094,1,0.4254,0.6224,-0.037514,0.007177,0.008061,0.0007,0.1625,0.2622,1,0.26225,1.4981,1.4981,155072,0
1778472525.089487,0.382891,-0.142377,0.76467,1,0.3961,0.5762,-0.036728,0.007638,0.007637,0.0005,0.1557,0.2399,1,0.23988,1.5242,1.5242,155072,0
1778472525.129896,0.38382,-0.141902,0.764096,1,0.4027,0.5972,-0.035798,0.008114,0.007063,0.0006,0.1531,0.249,1,0.24897,1.5662,1.5662,155072,0
1778472525.170283,0.389039,-0.145407,0.764787,1,0.4196,0.6225,-0.030579,0.004609,0.007754,0.0006,0.1547,0.2643,1,0.26425,1.8207,1.8207,155072,0
1778472525.210486,0.396792,-0.150054,0.765722,1,0.4756,0.665,-0.022826,-3.9e-05,0.00869,0.0006,0.189,0.286,1,0.286,2.2748,2.2748,155072,0
1778472525.250839,0.399502,-0.151199,0.765437,1,0.4297,0.6316,-0.020116,-0.001184,0.008405,0.0008,0.1486,0.2804,1,0.28038,2.1712,2.1712,155072,0
1778472525.291248,0.40112,-0.151446,0.764698,1,0.3915,0.5512,-0.018498,-0.001431,0.007665,0.0006,0.142,0.2489,1,0.24891,2.1102,2.1102,155072,0
1778472525.331442,0.401239,-0.151114,0.763889,1,0.4506,0.6518,-0.018379,-0.001099,0.006856,0.0007,0.1803,0.2696,1,0.26957,2.5168,2.5168,155072,0
1778472525.371831,0.40085,-0.150172,0.762671,1,0.4135,0.6015,-0.018768,-0.000157,0.005638,0.0006,0.154,0.2589,1,0.25893,2.3925,2.3925,155076,0
1778472525.412089,0.401129,-0.14932,0.761328,1,0.4073,0.5836,-0.018489,0.000695,0.004296,0.0006,0.1455,0.2612,1,0.26115,2.3766,2.3766,155076,0
1778472525.452371,0.401543,-0.148723,0.760186,1,0.4894,0.6824,-0.018075,0.001293,0.003153,0.0007,0.1647,0.324,1,0.32396,2.5213,2.5213,155076,0
1778472525.492819,0.401021,-0.148004,0.759014,1,0.4287,0.6316,-0.018598,0.002012,0.001982,0.0007,0.1659,0.2621,1,0.26209,2.9041,2.9041,155076,0
1778472525.53293,0.399897,-0.147235,0.757984,1,24.3836,25.9345,-0.019721,0.00278,0.000951,0.0006,0.174,24.209,250,0.09684,3.2479,3.2479,155076,1
1778472525.559421,0.39909,-0.146857,0.757254,1,10.3457,10.7892,-0.020528,0.003158,0.000221,0.0003,0.0544,10.291,250,0.04116,3.6979,3.6979,155076,0
1778472525.599836,0.398104,-0.1466,0.756767,1,20.2408,20.3783,-0.021515,0.003416,-0.000266,0.0005,0.1197,20.1207,250,0.08048,4.3949,4.3949,155076,1
1778472525.640934,0.397032,-0.146456,0.756468,1,15.8032,16.4361,-0.022586,0.003559,-0.000565,0.0005,0.1376,15.6652,250,0.06266,5.2517,5.2517,155076,0
1778472525.681195,0.39723,-0.146757,0.756113,1,19.9909,22.9416,-0.022388,0.003258,-0.00092,0.0005,0.1217,19.8687,250,0.07947,5.3305,5.3305,155076,1
1778472525.724866,0.396611,-0.146608,0.755718,1,19.3137,20.2722,-0.023007,0.003408,-0.001315,0.0005,0.1278,19.1854,250,0.07674,5.1411,5.1411,155080,1
1778472525.765786,0.395334,-0.146222,0.755429,1,19.1285,20.3753,-0.024284,0.003793,-0.001604,0.0005,0.1468,18.9812,250,0.07592,4.8362,4.8362,155088,1
1778472525.806861,0.393398,-0.14565,0.755479,1,18.7118,19.8905,-0.026221,0.004365,-0.001554,0.0005,0.1095,18.6018,250,0.07441,4.1446,4.1446,155088,1
1778472525.848668,0.391141,-0.145072,0.756082,1,20.7802,22.3044,-0.028477,0.004943,-0.000951,0.0002,0.1501,20.6299,250,0.08252,3.1737,3.1737,155088,1
1778472525.891785,0.39098,-0.145183,0.756417,1,0.5464,0.7318,-0.028639,0.004832,-0.000615,0.0006,0.1551,0.3907,2,0.19535,2.5586,2.5586,155088,0
1778472525.932186,0.390869,-0.145286,0.756846,1,0.4137,0.609,-0.028749,0.004729,-0.000187,0.0005,0.143,0.2701,1,0.27014,2.5501,2.5501,155088,0
1778472525.972382,0.391234,-0.145649,0.757497,1,0.5272,0.7257,-0.028385,0.004367,0.000464,0.0006,0.2011,0.3254,1,0.3254,2.5431,2.5431,155088,0
1778472526.012549,0.391042,-0.145419,0.757814,1,0.3958,0.5685,-0.028577,0.004596,0.000781,0.0005,0.1423,0.2529,1,0.25294,2.2978,2.2978,155088,0
1778472526.052714,0.391535,-0.145626,0.758267,1,0.3931,0.6328,-0.028083,0.004389,0.001234,0.0005,0.1365,0.2561,1,0.25612,1.8246,1.8246,155092,0
1778472526.093844,0.392125,-0.146019,0.758758,1,0.2827,0.4108,-0.027493,0.003996,0.001725,0.0002,0.1052,0.1773,1,0.17734,1.8932,1.8932,155104,0
1778472526.134027,0.39304,-0.146433,0.7589,1,0.2771,0.4089,-0.026578,0.003582,0.001867,0.0003,0.1065,0.1703,1,0.17027,1.9717,1.9717,155104,0
1778472526.174519,0.393544,-0.146685,0.758889,1,0.4027,0.5806,-0.026075,0.00333,0.001856,0.0005,0.1482,0.2539,1,0.25393,2.0072,2.0072,155104,0
1778472526.215055,0.394079,-0.147082,0.759037,1,0.4225,0.6144,-0.02554,0.002934,0.002004,0.0006,0.1675,0.2544,1,0.2544,1.9931,1.9931,155104,0
1778472526.235137,0.395042,-0.147751,0.759476,1,0.3842,0.5556,-0.024577,0.002264,0.002443,0.0004,0.1379,0.2458,1,0.24583,2.1089,2.1089,155104,0
1778472526.275576,0.395689,-0.148319,0.760165,1,0.4049,0.5956,-0.023929,0.001697,0.003132,0.0006,0.15,0.2543,1,0.2543,2.1182,2.1182,155104,0
1778472526.316304,0.396247,-0.148896,0.760874,1,0.3783,0.9188,-0.023371,0.00112,0.003841,0.0006,0.1298,0.248,1,0.24799,2.0654,2.0654,155108,0
1778472526.357047,0.396933,-0.149444,0.761617,1,0.4044,0.6041,-0.022685,0.000571,0.004584,0.0005,0.1503,0.2536,1,0.25359,2.0922,2.0922,155108,0
1778472526.399152,0.397341,-0.149816,0.762361,1,0.4291,0.6232,-0.022277,0.000199,0.005328,0.0006,0.1595,0.269,1,0.26898,2.1167,2.1167,155108,0
1778472526.439449,0.39782,-0.15009,0.763213,1,0.3915,0.5684,-0.021798,-7.5e-05,0.006181,0.0006,0.1492,0.2416,1,0.24164,2.141,2.141,155108,0
1778472526.479879,0.398195,-0.150146,0.764313,1,0.4097,0.6077,-0.021423,-0.00013,0.00728,0.0009,0.153,0.2558,1,0.25581,2.1647,2.1647,155108,0
1778472526.520057,0.398079,-0.149901,0.765036,1,0.4138,0.6121,-0.021539,0.000114,0.008003,0.0006,0.1451,0.2681,1,0.26811,2.1786,2.1786,155108,0
1778472526.560262,0.397326,-0.14956,0.765803,1,0.444,0.6384,-0.022293,0.000456,0.008771,0.0006,0.1593,0.2841,1,0.28412,2.1799,2.1799,155108,0
1778472526.600545,0.396314,-0.149347,0.7666,1,0.3981,0.5914,-0.023305,0.000668,0.009567,0.0007,0.1475,0.2498,1,0.24983,2.1496,2.1496,155108,0
1778472526.64091,0.39494,-0.149018,0.767184,1,0.392,0.5601,-0.024678,0.000998,0.010151,0.0006,0.1512,0.2402,1,0.24024,2.0955,2.0955,155112,0
1778472526.681298,0.392986,-0.148312,0.767293,1,0.4085,0.5902,-0.026633,0.001703,0.01026,0.0006,0.1528,0.2551,1,0.25505,2.0337,2.0337,155112,0
1778472526.721565,0.391916,-0.147659,0.767077,1,0.3975,0.594,-0.027702,0.002356,0.010044,0.0007,0.1473,0.2496,1,0.24957,1.9591,1.9591,155112,0
1778472526.761955,0.392283,-0.147326,0.76693,1,0.3721,0.5329,-0.027335,0.002689,0.009897,0.0007,0.1324,0.2391,1,0.23906,1.9407,1.9407,155112,0
1778472526.802145,0.392616,-0.147096,0.766586,1,0.4337,0.6258,-0.027003,0.00292,0.009553,0.0006,0.1485,0.2845,1,0.28453,1.9497,1.9497,155124,0
1778472526.842348,0.393373,-0.147219,0.766407,1,0.5056,0.7344,-0.026245,0.002796,0.009374,0.0008,0.1962,0.3086,1,0.30861,1.9663,1.9663,155124,0
1778472526.882631,0.393654,-0.147335,0.76626,1,0.4477,0.626,-0.025964,0.00268,0.009227,0.0006,0.1735,0.2736,1,0.27361,1.9745,1.9745,155124,0
1778472526.922872,0.393964,-0.147442,0.766311,1,0.4449,0.6378,-0.025654,0.002573,0.009278,0.0005,0.1568,0.2877,1,0.28767,1.9799,1.9799,155124,0
1778472526.963118,0.394063,-0.147334,0.766389,1,0.3632,0.5423,-0.025555,0.002681,0.009356,0.0005,0.1345,0.2281,1,0.22812,1.985,1.985,155128,0
1778472527.003439,0.393673,-0.147209,0.766441,1,0.4851,0.6674,-0.025946,0.002806,0.009408,0.0008,0.1786,0.3057,1,0.30573,1.9799,1.9799,155128,0
1778472527.043731,0.393097,-0.147068,0.766499,1,0.4263,0.638,-0.026521,0.002947,0.009466,0.0006,0.1567,0.2689,1,0.26893,1.9626,1.9626,155128,0
1778472527.084777,0.392476,-0.146948,0.766666,1,0.4015,0.5825,-0.027142,0.003067,0.009633,0.0007,0.148,0.2529,1,0.25289,1.9407,1.9407,155128,0
1778472527.12501,0.391629,-0.146746,0.766753,1,0.4122,0.6081,-0.027989,0.003269,0.00972,0.0008,0.1563,0.2551,1,0.25514,1.9154,1.9154,155128,0
1778472527.165371,0.391165,-0.146573,0.766949,1,0.222,0.3235,-0.028453,0.003442,0.009916,0.0002,0.0838,0.138,1,0.13796,1.8864,1.8864,155128,0
1778472527.205554,0.390925,-0.14643,0.766933,1,0.4663,1.264,-0.028693,0.003585,0.0099,0.0004,0.2123,0.2536,1,0.25357,1.8739,1.8739,155128,0
1778472527.245747,0.390855,-0.146545,0.767045,1,0.5284,1.4669,-0.028763,0.00347,0.010012,0.0008,0.1651,0.3626,1,0.3626,1.8669,1.8669,155132,0
1778472527.285847,0.390651,-0.146681,0.767193,1,0.3919,1.0391,-0.028967,0.003334,0.01016,0.0006,0.1422,0.2491,1,0.24913,1.8601,1.8601,155132,0
1778472527.326044,0.390303,-0.146835,0.767427,1,0.405,1.2848,-0.029315,0.003181,0.010394,0.0007,0.1481,0.2561,1,0.25614,1.8529,1.8529,155132,0
1778472527.366736,0.390167,-0.147092,0.767807,1,0.4903,0.6928,-0.029451,0.002923,0.010774,0.0005,0.148,0.3419,1,0.34191,1.8488,1.8488,155132,0
1778472527.407029,0.389959,-0.147253,0.768016,1,0.3947,0.5915,-0.029659,0.002762,0.010983,0.0005,0.1322,0.262,1,0.262,1.8509,1.8509,155132,0
1778472527.447194,0.389647,-0.147144,0.768196,1,0.42,0.6112,-0.029972,0.002871,0.011164,0.0005,0.1511,0.2685,1,0.26846,1.8526,1.8526,155136,0
1778472527.488592,0.389246,-0.146917,0.768622,1,0.4823,0.6893,-0.030373,0.003098,0.011589,0.0006,0.1797,0.302,1,0.30198,1.8501,1.8501,155144,0
1778472527.528772,0.388237,-0.146505,0.768917,1,0.4053,0.5817,-0.031382,0.00351,0.011884,0.0006,0.1482,0.2564,1,0.25638,1.8299,1.8299,155144,0
1778472527.568944,0.38664,-0.145843,0.769218,1,0.4176,0.6205,-0.032979,0.004172,0.012185,0.0005,0.1551,0.262,1,0.26205,1.7989,1.7989,155144,0
1778472527.60911,0.384393,-0.145155,0.769765,1,0.375,0.5533,-0.035225,0.004861,0.012732,0.0005,0.1285,0.246,1,0.24602,1.7472,1.7472,155148,0
1778472527.649377,0.381961,-0.144282,0.770247,1,0.4072,0.5991,-0.037657,0.005734,0.013215,0.0007,0.157,0.2495,1,0.24946,1.6886,1.6886,155148,0
1778472527.689538,0.380092,-0.143583,0.770488,1,0.4474,0.6546,-0.039526,0.006433,0.013455,0.0006,0.1753,0.2715,1,0.27149,1.6247,1.6247,155148,0
1778472527.72969,0.4,-0.15,0.75,1,0.6179,0.7969,-0.041666,0.007305,0.013538,0.0004,0.1486,0.4688,2,0.23439,2.1265,2.1265,155148,0
1778472527.769843,0.4,-0.15,0.75,1,0.4068,0.597,-0.04359,0.007929,0.013545,0.0005,0.1519,0.2544,1,0.25435,2.149,2.149,155148,0
1778472527.810044,0.35,-0.15,0.75,1,0.7324,0.9154,-0.045149,0.008706,0.013205,0.0009,0.185,0.5466,2,0.27331,1.4846,1.4846,155148,0
1778472527.850214,0.35,-0.15,0.75,1,0.4437,0.6283,-0.046351,0.009395,0.012723,0.0006,0.1586,0.2846,1,0.28456,0.989,0.989,155160,0
1778472527.890405,0.35,-0.15,0.75,1,0.4226,0.6169,-0.04663,0.009893,0.012361,0.0004,0.1562,0.266,1,0.26596,0.9926,0.9926,155160,0
1778472527.930587,0.35,-0.15,0.75,1,0.39,0.5694,-0.046053,0.010091,0.012215,0.0004,0.1447,0.2448,1,0.24484,0.9924,0.9924,155164,0
1778472527.970779,0.35,-0.15,0.75,1,0.3936,0.5861,-0.045886,0.010305,0.012078,0.0005,0.1482,0.2449,1,0.24488,0.9931,0.9931,155164,0
1778472528.010935,0.35,-0.15,0.75,1,0.4293,0.6429,-0.045808,0.010539,0.011795,0.0006,0.1546,0.2741,1,0.27411,0.9925,0.9925,155164,0
1778472528.051112,0.35,-0.15,0.75,1,0.4847,0.6601,-0.045672,0.010682,0.011552,0.0005,0.2155,0.2687,1,0.26873,0.9918,0.9918,155164,0
1778472528.091429,0.35,-0.15,0.75,1,0.5601,0.8069,-0.045531,0.010732,0.011209,0.0003,0.1055,0.4542,1,0.45422,0.9902,0.9902,155164,0
1778472528.131661,0.35,-0.15,0.75,1,0.4222,0.6067,-0.04545,0.010705,0.010749,0.0005,0.1542,0.2674,1,0.26739,0.9901,0.9901,155164,0
1778472528.171901,0.35,-0.15,0.75,1,0.4079,0.5979,-0.04563,0.010772,0.010599,0.0007,0.1546,0.2525,1,0.25251,0.9887,0.9887,155164,0
1778472528.212063,0.35,-0.15,0.75,1,0.4239,0.6376,-0.045903,0.010829,0.010685,0.0007,0.1517,0.2716,1,0.27157,0.9877,0.9877,155168,0
1778472528.252461,0.35,-0.15,0.75,1,0.4554,0.6347,-0.045952,0.011073,0.010666,0.0006,0.171,0.2839,1,0.28386,0.9882,0.9882,155168,0
1778472528.29285,0.35,-0.15,0.75,1,0.4272,0.6146,-0.046148,0.011339,0.010526,0.0007,0.1653,0.2612,1,0.2612,0.9864,0.9864,155168,0
1778472528.333153,0.35,-0.15,0.75,1,0.4432,0.6325,-0.046554,0.011603,0.010354,0.0005,0.142,0.3007,1,0.30074,0.986,0.986,155168,0
1778472528.373357,0.35,-0.15,0.75,1,0.3973,0.57,-0.046739,0.011676,0.009817,0.0005,0.1406,0.2562,1,0.2562,0.9987,0.9987,155168,0
1778472528.413698,0.35,-0.15,0.75,1,0.3911,0.5805,-0.045595,0.010812,0.010106,0.0008,0.1471,0.2432,1,0.24321,0.9943,0.9943,155168,0
1778472528.454269,0.35,-0.15,0.75,1,0.3599,0.5172,-0.045327,0.010288,0.010323,0.0004,0.1192,0.2403,1,0.24033,0.9941,0.9941,155168,0
1778472528.494612,0.35,-0.15,0.75,1,0.4081,0.6028,-0.045234,0.010002,0.010714,0.0007,0.1491,0.2583,1,0.2583,0.9958,0.9958,155168,0
1778472528.535082,0.35,-0.15,0.75,1,0.4103,0.6195,-0.045603,0.009696,0.010862,0.0007,0.1565,0.2531,1,0.2531,0.9991,0.9991,155168,0
1778472528.555494,0.35,-0.15,0.75,1,0.3708,0.566,-0.045878,0.009095,0.010936,0.0006,0.1376,0.2325,1,0.23252,1.0029,1.0029,155168,0
1778472528.595877,0.35,-0.15,0.75,1,0.4441,1.5,-0.046226,0.00859,0.011065,0.0006,0.1479,0.2956,1,0.29558,1.0069,1.0069,155184,0
1778472528.636102,0.372314,-0.141829,0.768171,1,0.56,0.7301,-0.047304,0.008186,0.011138,0.0007,0.1584,0.4009,2,0.20043,1.4441,1.4441,155184,0
1778472528.676853,0.370936,-0.142303,0.768636,1,0.4126,0.5981,-0.048682,0.007713,0.011603,0.0006,0.1534,0.2586,1,0.25857,1.4261,1.4261,155184,0
1778472528.717173,0.369525,-0.14328,0.769384,1,0.4081,0.5818,-0.050094,0.006736,0.012351,0.0006,0.1499,0.2575,1,0.25752,1.4068,1.4068,155184,0
1778472528.757354,0.368335,-0.144605,0.770246,1,0.4098,0.5929,-0.051284,0.00541,0.013213,0.0006,0.1463,0.2629,1,0.26285,1.3994,1.3994,155184,0
1778472528.798943,0.367121,-0.146208,0.771309,1,0.4935,0.7391,-0.052498,0.003807,0.014276,0.0012,0.1771,0.3151,1,0.31513,1.3937,1.3937,155184,0
1778472528.839121,0.365114,-0.147705,0.772307,1,0.3415,0.5048,-0.054504,0.00231,0.015274,0.0005,0.1155,0.2256,1,0.22557,1.384,1.384,155184,0
1778472528.879331,0.362926,-0.149167,0.773408,1,0.4497,0.6483,-0.056692,0.000848,0.016375,0.0007,0.1723,0.2767,1,0.27672,1.3612,1.3612,155188,0
1778472528.919521,0.360276,-0.150602,0.774611,1,0.4139,0.5933,-0.059343,-0.000587,0.017578,0.0005,0.155,0.2585,1,0.25846,1.3382,1.3382,155188,0
1778472528.959789,0.357154,-0.151641,0.775665,1,0.4047,0.5774,-0.062465,-0.001626,0.018632,0.0005,0.149,0.2552,1,0.25521,1.308,1.308,155188,0
1778472529.000046,0.354129,-0.152161,0.776239,1,0.2698,0.389,-0.06549,-0.002146,0.019206,0.0003,0.1065,0.163,1,0.16303,1.2688,1.2688,155188,0
1778472529.040319,0.350948,-0.152123,0.776345,1,0.3773,0.551,-0.06867,-0.002107,0.019312,0.0005,0.1291,0.2477,1,0.24774,1.2372,1.2372,155188,0
1778472529.080585,0.347717,-0.151964,0.776277,1,0.4344,0.6238,-0.071901,-0.001948,0.019244,0.0005,0.163,0.2709,1,0.27086,1.1946,1.1946,155188,0
1778472529.120872,0.344726,-0.151413,0.775966,1,0.4138,0.6195,-0.074892,-0.001398,0.018933,0.0006,0.1484,0.2648,1,0.26483,1.1569,1.1569,155188,0
1778472529.161125,0.341585,-0.150952,0.775537,1,0.4159,0.6076,-0.078033,-0.000937,0.018504,0.0006,0.1488,0.2664,1,0.26641,1.1146,1.1146,155188,0
1778472529.201324,0.338329,-0.150814,0.775226,1,0.4421,0.6378,-0.081289,-0.000798,0.018193,0.0006,0.1677,0.2738,1,0.27385,1.0706,1.0706,155188,0
1778472529.241475,0.335075,-0.150794,0.775135,1,0.4298,0.6344,-0.084543,-0.000779,0.018102,0.0005,0.1524,0.2769,1,0.27689,1.0327,1.0327,155200,0
1778472529.281632,0.35,-0.15,0.8,1,0.3845,0.571,-0.087343,-0.000671,0.018052,0.0005,0.1377,0.2462,1,0.24622,2.955,2.955,155200,0
1778472529.322159,0.35,-0.15,0.75,1,0.6542,0.8807,-0.089579,-0.000502,0.017965,0.0006,0.1766,0.477,2,0.23849,1.1378,1.1378,155200,0
1778472529.362469,0.35,-0.15,0.75,1,0.4134,0.6117,-0.091595,3.7e-05,0.017646,0.0006,0.1608,0.252,1,0.25199,1.1179,1.1179,155200,0
1778472529.40279,0.35,-0.15,0.75,1,0.4421,0.6121,-0.093288,0.000733,0.017005,0.0006,0.1567,0.2848,1,0.28481,1.1235,1.1235,155200,0
1778472529.443159,0.3,-0.15,0.75,1,0.5819,0.7767,-0.095305,0.001281,0.016287,0.0006,0.1602,0.421,2,0.21049,0.7108,0.7108,155200,0
1778472529.483533,0.3,-0.15,0.75,1,0.3365,0.5048,-0.097776,0.001864,0.015496,0.0005,0.1227,0.2133,1,0.21327,0.6637,0.6637,155204,0
1778472529.523946,0.319212,-0.147572,0.771865,1,0.4453,0.6428,-0.100407,0.002444,0.014832,0.0007,0.1732,0.2714,1,0.27138,2.4953,2.4953,155204,0
1778472529.564234,0.315672,-0.146618,0.771189,1,0.4327,0.6344,-0.103947,0.003397,0.014156,0.0006,0.1594,0.2727,1,0.27271,0.8498,0.8498,155204,0
1778472529.604578,0.311431,-0.145321,0.770312,1,0.3613,0.5186,-0.108187,0.004694,0.013279,0.0005,0.1234,0.2374,1,0.23745,0.8476,0.8476,155204,0
1778472529.644998,0.306274,-0.143909,0.769118,1,0.4107,0.6144,-0.113344,0.006106,0.012085,0.0007,0.1566,0.2534,1,0.25343,0.8289,0.8289,155204,0
1778472529.685265,0.302247,-0.142934,0.768301,1,0.3992,3.4465,-0.117372,0.007081,0.011268,0.0007,0.1469,0.2516,1,0.25158,0.7727,0.7727,155204,0
1778472529.725518,0.2993,-0.141957,0.767793,1,0.4959,1.2682,-0.120318,0.008058,0.01076,0.0007,0.177,0.3182,1,0.31824,0.7384,0.7384,155216,0
1778472529.765908,0.297476,-0.141009,0.7673,1,0.4345,1.2644,-0.122142,0.009006,0.010267,0.0006,0.1674,0.2665,1,0.26652,0.7165,0.7165,155216,0
1778472529.806087,0.296134,-0.140125,0.766633,1,0.3679,0.5215,-0.123485,0.00989,0.009601,0.0008,0.1394,0.2277,1,0.22773,0.7063,0.7063,155220,0
1778472529.846683,0.295329,-0.139457,0.766115,1,0.3915,0.5769,-0.124289,0.010558,0.009082,0.0006,0.1468,0.2441,1,0.24413,0.6966,0.6966,155220,0
1778472529.887141,0.295008,-0.13908,0.765851,1,0.4168,0.6194,-0.124611,0.010936,0.008818,0.0007,0.1555,0.2605,1,0.26053,0.6918,0.6918,155220,0
1778472529.927408,0.294734,-0.138847,0.765633,1,0.4277,0.5992,-0.124885,0.011169,0.0086,0.0005,0.147,0.2802,1,0.28022,0.6889,0.6889,155220,0
1778472529.968819,0.294439,-0.138651,0.765445,1,0.4175,0.6093,-0.12518,0.011365,0.008412,0.0007,0.16,0.2569,1,0.25685,0.6858,0.6858,155220,0
1778472530.009061,0.29451,-0.138508,0.765458,1,0.4865,0.7012,-0.125108,0.011507,0.008425,0.0006,0.2076,0.2782,1,0.27824,0.6848,0.6848,155220,0
1778472530.049247,0.295008,-0.138227,0.765506,1,0.3718,0.5371,-0.124611,0.011789,0.008473,0.0006,0.1293,0.2419,1,0.24188,0.6872,0.6872,155220,0
1778472530.089604,0.294953,-0.138091,0.7651,1,0.4063,0.6065,-0.124665,0.011924,0.008067,0.0007,0.1508,0.2549,1,0.25491,0.6862,0.6862,155220,0
1778472530.129859,0.294944,-0.138004,0.76504,1,0.4047,0.5897,-0.124675,0.012011,0.008007,0.0006,0.1464,0.2577,1,0.25773,0.6842,0.6842,155220,0
1778472530.170043,0.295966,-0.137851,0.76542,1,0.3939,0.5911,-0.123652,0.012164,0.008387,0.0007,0.1393,0.2539,1,0.25387,0.6913,0.6913,155224,0
1778472530.210236,0.297368,-0.137994,0.766288,1,0.4346,0.6344,-0.122251,0.012021,0.009255,0.0008,0.1678,0.266,1,0.26604,0.6999,0.6999,155224,0
1778472530.250398,0.298763,-0.138116,0.766781,1,0.3792,0.5405,-0.120856,0.0119,0.009748,0.0006,0.1364,0.2422,1,0.24223,0.7101,0.7101,155224,0
1778472530.2907,0.300359,-0.138445,0.767495,1,0.4205,0.6109,-0.119259,0.01157,0.010462,0.0006,0.1665,0.2534,1,0.2534,0.7176,0.7176,155224,0
1778472530.330978,0.303246,-0.138927,0.769073,1,0.6525,0.8955,-0.116372,0.011088,0.01204,0.0008,0.247,0.4047,1,0.40472,0.7426,0.7426,155224,0
1778472530.371092,0.308109,-0.139908,0.77069,1,0.4006,0.5782,-0.111509,0.010107,0.013658,0.0008,0.1542,0.2456,1,0.24565,0.8054,0.8054,155224,0
1778472530.411441,0.313243,-0.14167,0.772114,1,0.456,0.653,-0.106375,0.008346,0.015081,0.0009,0.1777,0.2773,1,0.27732,0.8542,0.8542,155224,0
1778472530.45178,0.3,-0.15,0.75,1,0.3409,0.4901,-0.100946,0.006011,0.016587,0.0005,0.1259,0.2145,1,0.21449,2.1024,2.1024,155224,0
1778472530.492123,0.3,-0.15,0.75,1,0.4554,0.6529,-0.095145,0.00334,0.017773,0.0005,0.1614,0.2934,1,0.29342,0.6605,0.6605,155228,0
1778472530.532526,0.35,-0.15,0.8,1,0.5909,0.7769,-0.0903,0.000777,0.018377,0.0006,0.1583,0.432,2,0.21598,1.5307,1.5307,155240,0
1778472530.57283,0.333629,-0.15173,0.776115,1,0.592,0.7651,-0.085989,-0.001714,0.019082,0.0005,0.1646,0.4269,2,0.21343,0.9696,0.9696,155240,0
1778472530.613297,0.337848,-0.153658,0.776406,1,0.451,0.6495,-0.081771,-0.003643,0.019374,0.0006,0.1659,0.2844,1,0.28438,1.0558,1.0558,155240,0
1778472530.653531,0.342172,-0.15568,0.776966,1,0.4115,0.687,-0.077446,-0.005665,0.019933,0.0007,0.1512,0.2595,1,0.25955,1.057,1.057,155240,0
1778472530.693843,0.346769,-0.15758,0.778054,1,0.4227,0.5979,-0.072849,-0.007565,0.021021,0.0009,0.1544,0.2675,1,0.26747,1.1118,1.1118,155240,0
1778472530.733986,0.352392,-0.159989,0.779762,1,0.3874,0.5673,-0.067226,-0.009973,0.022729,0.0006,0.1399,0.2469,1,0.24688,1.2277,1.2277,155240,0
1778472530.774215,0.357437,-0.162978,0.781082,1,0.3909,0.5661,-0.062182,-0.012963,0.024049,0.0007,0.1426,0.2476,1,0.24763,1.2565,1.2565,155240,0
1778472530.814364,0.362452,-0.165932,0.781434,1,0.4111,0.5896,-0.057166,-0.015916,0.024401,0.0005,0.1424,0.2682,1,0.26818,1.2814,1.2814,155244,0
1778472530.854588,0.35,-0.15,0.8,1,0.4042,0.5979,-0.053474,-0.017871,0.023857,0.0007,0.1462,0.2573,1,0.2573,2.432,2.432,155244,0
1778472530.875269,0.35,-0.15,0.8,1,0.3727,0.5354,-0.048684,-0.020213,0.022932,0.0005,0.1301,0.2421,1,0.24212,1.0051,1.0051,155244,0
1778472530.91586,0.35,-0.15,0.8,1,0.4525,1.118,-0.044848,-0.022041,0.022228,0.0005,0.1736,0.2783,1,0.27835,0.9974,0.9974,155244,0
1778472530.956023,0.4,-0.15,0.8,1,0.4866,1.1458,-0.040409,-0.023984,0.021231,0.0005,0.1173,0.3689,2,0.18445,2.7287,2.7287,155244,0
1778472530.996246,0.4,-0.2,0.8,1,0.6139,0.817,-0.036264,-0.025727,0.020222,0.0004,0.1559,0.4576,2,0.2288,2.5744,2.5744,155244,0
1778472531.036764,0.4,-0.2,0.8,1,0.3595,0.5093,-0.031525,-0.027525,0.019073,0.0006,0.116,0.2429,1,0.24291,2.6001,2.6001,155252,0
1778472531.077129,0.4,-0.2,0.75,1,0.5787,0.7606,-0.026758,-0.02892,0.017672,0.0004,0.1555,0.4228,2,0.21139,2.0206,2.0206,155256,0
1778472531.119063,0.4,-0.2,0.75,1,0.4186,0.6267,-0.021269,-0.030238,0.015901,0.0006,0.1544,0.2635,1,0.26353,1.9625,1.9625,155260,0
1778472531.159243,0.404538,-0.181732,0.770874,1,0.5882,0.7519,-0.01508,-0.031717,0.013842,0.0005,0.145,0.4428,2,0.22139,2.224,2.224,155260,0
1778472531.199633,0.411164,-0.183744,0.768658,1,0.5498,0.7761,-0.008454,-0.033729,0.011625,0.0008,0.1853,0.3637,1,0.36373,2.7555,2.7555,155260,0
1778472531.240254,0.417827,-0.186115,0.766273,1,24.5502,25.1969,-0.001791,-0.0361,0.00924,0.0007,0.1523,24.3973,250,0.09759,3.3266,3.3266,155260,1
1778472531.286616,0.4,-0.2,0.75,1,0.5069,0.6886,0.005472,-0.038833,0.006379,0.0005,0.1076,0.3988,2,0.19941,2.1755,2.1755,155260,0
1778472531.328335,0.4,-0.2,0.75,1,0.4558,0.6393,0.012098,-0.041376,0.003551,0.0006,0.1719,0.2833,1,0.28327,1.8032,1.8032,155260,0
1778472531.368691,0.4,-0.2,0.75,1,0.4612,0.6644,0.018638,-0.043699,0.000527,0.0007,0.1719,0.2886,1,0.28863,1.735,1.735,155260,0
1778472531.409026,0.4,-0.2,0.75,1,0.4615,0.662,0.02425,-0.045742,-0.002114,0.001,0.1867,0.2738,1,0.27379,1.7131,1.7131,155260,0
1778472531.449305,0.4,-0.2,0.75,1,0.4042,0.5883,0.028926,-0.047534,-0.004409,0.0006,0.1465,0.2572,1,0.2572,1.6926,1.6926,155264,0
1778472531.489568,0.4,-0.2,0.75,1,0.3584,0.5317,0.033097,-0.049544,-0.006549,0.0007,0.1221,0.2356,1,0.23558,1.6763,1.6763,155264,0
1778472531.529965,0.4,-0.2,0.75,1,0.4101,0.5923,0.034168,-0.050182,-0.007151,0.0006,0.1523,0.2572,1,0.25721,1.665,1.665,155276,0
1778472531.570259,0.4,-0.2,0.75,1,0.4688,0.6851,0.032993,-0.049642,-0.006562,0.0008,0.174,0.2939,1,0.29393,1.6483,1.6483,155276,0
1778472531.610552,0.4,-0.2,0.75,1,0.4474,0.6574,0.03267,-0.04949,-0.006397,0.0005,0.1594,0.2874,1,0.28741,1.6335,1.6335,155276,0
1778472531.650985,0.4,-0.2,0.75,1,0.4106,0.6113,0.034004,-0.048009,-0.008592,0.0006,0.1463,0.2637,1,0.26368,1.6354,1.6354,155276,0
1778472531.691361,0.4,-0.2,0.75,1,0.4671,0.6945,0.037872,-0.04867,-0.012477,0.0009,0.171,0.2953,1,0.29526,1.6216,1.6216,155276,0
1778472531.731712,0.4,-0.2,0.75,1,0.4525,0.6566,0.032905,-0.044985,-0.015496,0.0009,0.173,0.2786,1,0.27862,1.6008,1.6008,155280,0
1778472531.772174,0.4,-0.2,0.75,1,0.4007,0.5889,0.032941,-0.044472,-0.018402,0.0005,0.1445,0.2557,1,0.25573,1.5775,1.5775,155280,0
1778472531.812397,0.4,-0.2,0.75,1,0.413,0.6931,0.033307,-0.044086,-0.022072,0.0006,0.1512,0.2612,1,0.26119,1.557,1.557,155280,0
1778472531.852621,0.4,-0.2,0.75,1,0.5491,0.7714,0.032996,-0.042985,-0.02687,0.0007,0.1844,0.364,1,0.36396,1.5382,1.5382,155280,0
1778472531.893,0.4,-0.2,0.7,1,0.54,0.747,0.033746,-0.042097,-0.032484,0.0006,0.1488,0.3907,2,0.19533,1.4301,1.4301,155280,0
1778472531.933378,0.4,-0.2,0.7,1,0.4329,0.6092,0.036634,-0.042061,-0.038113,0.0006,0.1539,0.2783,1,0.27834,1.3858,1.3858,155280,0
1778472531.97381,0.4,-0.2,0.7,1,0.4077,0.603,0.040952,-0.042268,-0.044299,0.0006,0.1535,0.2536,1,0.2536,1.3455,1.3455,155280,0
1778472532.014261,0.4,-0.2,0.7,1,0.4391,0.6671,0.04613,-0.042799,-0.049638,0.0002,0.1145,0.3243,1,0.32431,1.3283,1.3283,155280,0
1778472532.054509,0.4,-0.2,0.7,1,0.4416,0.6196,0.04714,-0.041116,-0.053576,0.0007,0.1801,0.2609,1,0.26091,1.3579,1.3579,155284,0
1778472532.075194,0.4,-0.2,0.7,1,0.379,0.5584,0.045315,-0.038176,-0.055574,0.0005,0.1331,0.2453,1,0.24532,1.392,1.392,155284,0
1778472532.115621,0.4,-0.2,0.7,1,0.439,1.1602,0.043489,-0.03548,-0.056462,0.0006,0.1644,0.274,1,0.27403,1.4107,1.4107,155284,0
1778472532.156027,0.4,-0.2,0.7,1,0.4124,3.0089,0.041606,-0.033191,-0.056814,0.0006,0.1489,0.2628,1,0.2628,1.4196,1.4196,155284,0
1778472532.197006,0.4,-0.2,0.7,1,0.5094,0.7327,0.040432,-0.031115,-0.057247,0.0005,0.1598,0.3491,1,0.34914,1.4524,1.4524,155284,0
1778472532.238814,0.4,-0.2,0.7,1,0.4481,0.6371,0.038363,-0.028294,-0.057383,0.0008,0.1734,0.2739,1,0.27389,1.5016,1.5016,155284,0
1778472532.279016,0.4,-0.2,0.7,1,0.4367,0.6459,0.036302,-0.025434,-0.056903,0.0007,0.1652,0.2709,1,0.27088,1.5212,1.5212,155284,0
1778472532.319251,0.4,-0.15,0.7,1,0.5857,0.7701,0.034088,-0.022933,-0.056105,0.0006,0.1604,0.4247,2,0.21235,1.4327,1.4327,155284,0
1778472532.359474,0.4,-0.15,0.7,1,0.47,0.6816,0.031641,-0.020385,-0.055423,0.0004,0.1729,0.2966,1,0.29662,1.4443,1.4443,155288,0
1778472532.399893,0.4,-0.15,0.7,1,0.4201,0.5963,0.029463,-0.018317,-0.054967,0.0006,0.1603,0.2591,1,0.25913,1.4549,1.4549,155288,0
1778472532.440066,0.4,-0.15,0.7,1,0.4036,0.5969,0.027336,-0.016667,-0.05461,0.0006,0.1485,0.2545,1,0.25446,1.4869,1.4869,155288,0
1778472532.480267,0.4,-0.15,0.7,1,0.4255,0.6185,0.02435,-0.014921,-0.054108,0.0008,0.1679,0.2568,1,0.25684,1.5322,1.5322,155288,0
1778472532.520536,0.4,-0.15,0.7,1,0.3916,0.5718,0.021667,-0.013567,-0.053135,0.0005,0.1496,0.2415,1,0.24151,1.5571,1.5571,155288,0
1778472532.560926,0.4,-0.15,0.7,1,0.4188,0.6081,0.017553,-0.011696,-0.051536,0.0006,0.1414,0.2768,1,0.27675,1.6037,1.6037,155300,0
1778472532.601216,0.4,-0.15,0.7,1,0.4192,0.6118,0.013853,-0.010282,-0.04972,0.0005,0.1528,0.2659,1,0.26589,1.6238,1.6238,155300,0
1778472532.641527,0.4,-0.15,0.7,1,0.4104,0.5966,0.010487,-0.009132,-0.04784,0.0006,0.1609,0.249,1,0.24898,1.6384,1.6384,155300,0
1778472532.681923,0.4,-0.15,0.7,1,0.3988,0.5939,0.007899,-0.008294,-0.046074,0.0005,0.1464,0.2519,1,0.25191,1.6535,1.6535,155300,0
1778472532.722216,0.424427,-0.157132,0.712855,1,22.6769,25.7231,0.004809,-0.007116,-0.044178,0.0006,0.126,22.5503,250,0.0902,3.4454,3.4454,155304,1
1778472532.76867,0.422086,-0.155985,0.714229,1,19.6261,22.6307,0.002468,-0.00597,-0.042804,0.0005,0.1264,19.4992,250,0.078,3.1635,3.1635,155304,1
1778472532.812229,0.420171,-0.154932,0.715458,1,0.545,0.7286,0.000553,-0.004917,-0.041575,0.0005,0.1569,0.3875,2,0.19376,2.9539,2.9539,155308,0
1778472532.852431,0.418161,-0.153987,0.716685,1,0.4632,0.6771,-0.001458,-0.003972,-0.040348,0.0006,0.1753,0.2873,1,0.28726,2.9467,2.9467,155308,0
1778472532.892736,0.415857,-0.153141,0.718218,1,0.3943,0.5765,-0.003761,-0.003126,-0.038815,0.0005,0.1416,0.2522,1,0.25217,2.7495,2.7495,155308,0
1778472532.932972,0.414182,-0.15257,0.719529,1,0.4771,0.6723,-0.005436,-0.002555,-0.037504,0.0007,0.1746,0.3018,1,0.30179,2.5692,2.5692,155308,0
1778472532.973152,0.412236,-0.152162,0.721183,1,0.3722,0.5414,-0.007382,-0.002147,-0.03585,0.0005,0.1316,0.2401,1,0.2401,2.4652,2.4652,155308,0
1778472533.013565,0.410935,-0.152065,0.7226,1,0.4222,0.6016,-0.008684,-0.00205,-0.034433,0.01,0.1584,0.2538,1,0.25378,2.3436,2.3436,155312,0
1778472533.054021,0.410615,-0.152435,0.723498,1,0.4463,0.6562,-0.009003,-0.002419,-0.033535,0.0006,0.1716,0.2742,1,0.27416,2.2933,2.2933,155312,0
1778472533.094155,0.411525,-0.153315,0.723764,1,0.4447,0.6192,-0.008093,-0.0033,-0.033269,0.0005,0.1922,0.252,1,0.25199,2.3192,2.3192,155312,0
1778472533.134339,0.412686,-0.154404,0.7238,1,0.4423,0.6141,-0.006932,-0.004389,-0.033233,0.0005,0.1589,0.2829,1,0.2829,2.3754,2.3754,155324,0
1778472533.1745,0.413812,-0.155461,0.723616,1,0.3714,0.5442,-0.005807,-0.005446,-0.033417,0.0005,0.133,0.2379,1,0.23792,2.4423,2.4423,155324,0
1778472533.21491,0.414765,-0.156604,0.723676,1,0.5437,0.7963,-0.004853,-0.006588,-0.033357,0.0006,0.2377,0.3054,1,0.30541,2.496,2.496,155324,0
1778472533.235192,0.415603,-0.157752,0.723869,1,0.341,0.5478,-0.004015,-0.007737,-0.033164,0.0004,0.1109,0.2297,1,0.22972,2.546,2.546,155324,0
1778472533.275365,0.4,-0.15,0.7,1,0.5482,0.9952,-0.003016,-0.009026,-0.033177,0.0006,0.1445,0.403,2,0.20152,1.7,1.7,155324,0
1778472533.335639,0.4,-0.15,0.7,1,0.4263,1.1732,-0.002053,-0.010257,-0.033085,0.0006,0.1571,0.2686,1,0.26857,1.6457,1.6457,155328,0
1778472533.355722,0.4,-0.15,0.7,1,0.3285,1.2637,-0.000673,-0.011569,-0.033254,0.0005,0.1125,0.2155,1,0.2155,1.6204,1.6204,155328,0
1778472533.39585,0.4,-0.15,0.7,1,0.3905,3.5991,0.001476,-0.013315,-0.033566,0.0007,0.1449,0.245,1,0.24499,1.5817,1.5817,155328,0
1778472533.436064,0.4,-0.15,0.7,1,0.3964,1.1359,0.006901,-0.016941,-0.034179,0.0005,0.1463,0.2495,1,0.24952,1.5467,1.5467,155328,0
1778472533.477092,0.4,-0.15,0.7,1,0.4175,0.618,0.014212,-0.021538,-0.034777,0.0008,0.1668,0.2499,1,0.24988,1.5304,1.5304,155328,0
1778472533.518322,0.4,-0.15,0.7,1,0.4685,0.6875,0.020215,-0.024937,-0.036165,0.0008,0.1798,0.2879,1,0.28789,1.4722,1.4722,155328,0
1778472533.558498,0.4,-0.2,0.7,1,0.4958,0.6503,0.023294,-0.026379,-0.038077,0.0005,0.127,0.3683,2,0.18414,1.5778,1.5778,155328,0
1778472533.598812,0.4,-0.2,0.7,1,0.4001,0.5782,0.025678,-0.027025,-0.040483,0.0005,0.144,0.2556,1,0.25557,1.5402,1.5402,155328,0
1778472533.639055,0.4,-0.2,0.7,1,0.4233,0.6238,0.027847,-0.027279,-0.043346,0.0007,0.1561,0.2665,1,0.26648,1.4717,1.4717,155332,0
1778472533.679249,0.4,-0.2,0.7,1,0.4605,0.653,0.028888,-0.027065,-0.046057,0.0007,0.1686,0.2912,1,0.2912,1.4384,1.4384,155332,0
1778472533.719528,0.4,-0.2,0.7,1,0.5702,0.7537,0.029856,-0.026855,-0.048918,0.0006,0.1605,0.4092,1,0.40917,1.4018,1.4018,155332,0
1778472533.759777,0.4,-0.2,0.7,1,0.38,0.5286,0.030433,-0.026739,-0.051272,0.0005,0.1281,0.2515,1,0.25148,1.3742,1.3742,155340,0
1778472533.799939,0.4,-0.2,0.7,1,0.4368,0.6652,0.031697,-0.027279,-0.053396,0.0006,0.1469,0.2893,1,0.28934,1.3424,1.3424,155340,0
1778472533.840103,0.4,-0.2,0.7,1,0.403,0.6006,0.032384,-0.027731,-0.055338,0.0005,0.149,0.2535,1,0.25354,1.3096,1.3096,155340,0
1778472533.880289,0.4,-0.2,0.7,1,0.4085,0.5767,0.032042,-0.027727,-0.057093,0.0005,0.1473,0.2607,1,0.26065,1.3283,1.3283,155340,0
1778472533.920547,0.4,-0.2,0.7,1,0.4699,0.6732,0.032377,-0.028135,-0.05826,0.0009,0.1799,0.289,1,0.28902,1.3285,1.3285,155340,0
1778472533.960892,0.4,-0.2,0.7,1,0.4132,0.6159,0.031197,-0.027999,-0.058616,0.0006,0.1553,0.2573,1,0.25735,1.3173,1.3173,155340,0
1778472534.0011,0.4,-0.2,0.7,1,0.3748,0.5566,0.031232,-0.028314,-0.058794,0.0005,0.1386,0.2357,1,0.23566,1.3016,1.3016,155344,0
1778472534.041299,0.4,-0.2,0.7,1,0.4188,0.6016,0.032097,-0.028749,-0.058913,0.0006,0.1606,0.2576,1,0.25763,1.2829,1.2829,155344,0
1778472534.081597,0.4,-0.2,0.7,1,0.4221,0.6104,0.033179,-0.029178,-0.059646,0.0004,0.1418,0.2798,1,0.27984,1.2583,1.2583,155344,0
1778472534.121955,0.4,-0.2,0.7,1,0.4076,0.6145,0.035351,-0.029819,-0.061283,0.0006,0.1494,0.2576,1,0.25763,1.2461,1.2461,155344,0
1778472534.162154,0.4,-0.2,0.7,1,0.4001,0.6002,0.03627,-0.029619,-0.063631,0.0005,0.1526,0.247,1,0.24697,1.2362,1.2362,155344,0
1778472534.20242,0.4,-0.2,0.7,1,0.4239,0.6024,0.037122,-0.029306,-0.06668,0.0006,0.1681,0.2552,1,0.25519,1.2272,1.2272,155344,0
1778472534.242764,0.4,-0.2,0.7,1,0.4081,0.5922,0.038066,-0.029213,-0.069889,0.0007,0.1583,0.2491,1,0.24912,1.2139,1.2139,155344,0
1778472534.283099,0.4,-0.2,0.7,1,0.4891,0.6828,0.039104,-0.029238,-0.073518,0.0006,0.1734,0.3151,1,0.31512,1.2022,1.2022,155344,0
1778472534.323281,0.4,-0.2,0.7,1,0.4238,0.6156,0.039846,-0.029141,-0.077009,0.0005,0.149,0.2743,1,0.27433,1.2041,1.2041,155360,0
1778472534.363531,0.4,-0.2,0.7,1,0.4334,0.6253,0.040464,-0.028821,-0.080256,0.0006,0.1767,0.256,1,0.25601,1.209,1.209,155360,0
1778472534.403797,0.4,-0.2,0.65,1,0.4678,0.6148,0.040859,-0.028384,-0.083467,0.0005,0.1153,0.352,2,0.17602,1.3421,1.3421,155360,0
1778472534.444091,0.4,-0.2,0.65,1,0.4163,0.6178,0.040961,-0.027786,-0.085758,0.0006,0.1493,0.2664,1,0.26642,1.2845,1.2845,155360,0
1778472534.48428,0.4,-0.2,0.65,1,0.4418,0.629,0.041123,-0.027473,-0.086921,0.0006,0.1477,0.2936,1,0.29358,1.2537,1.2537,155360,0
1778472534.52447,0.4,-0.2,0.65,1,0.4445,0.6231,0.041048,-0.027182,-0.087212,0.0005,0.1725,0.2715,1,0.27151,1.2557,1.2557,155360,0
1778472534.564814,0.4,-0.2,0.65,1,0.4073,0.6106,0.040753,-0.026852,-0.086802,0.0008,0.1485,0.2581,1,0.25806,1.2594,1.2594,155360,0
1778472534.605036,0.4,-0.2,0.65,1,0.441,0.6556,0.040284,-0.026387,-0.085917,0.0006,0.1568,0.2837,1,0.28366,1.2704,1.2704,155360,0
1778472534.645245,0.4,-0.2,0.65,1,0.3956,1.1996,0.039238,-0.02531,-0.084247,0.0007,0.1467,0.2482,1,0.24818,1.2993,1.2993,155364,0
1778472534.685605,0.4,-0.15,0.65,1,0.3531,0.8643,0.038445,-0.024534,-0.082717,0.0002,0.1194,0.2335,2,0.11674,1.2574,1.2574,155364,0
1778472534.725872,0.4,-0.15,0.7,1,0.3701,0.9183,0.038009,-0.02397,-0.081319,0.0003,0.1248,0.245,2,0.12248,1.3067,1.3067,155364,0
1778472534.766431,0.4,-0.15,0.7,1,0.3129,0.5791,0.037264,-0.023108,-0.079486,0.0003,0.1161,0.1965,1,0.19648,1.2021,1.2021,155376,0
1778472534.81024,0.4,-0.15,0.7,1,0.2811,0.4274,0.03656,-0.022094,-0.077705,0.0004,0.1128,0.1679,1,0.16793,1.1881,1.1881,155376,0
1778472534.850434,0.4,-0.15,0.7,1,0.2956,0.5753,0.035898,-0.021113,-0.076256,0.0003,0.0914,0.2039,1,0.20392,1.1855,1.1855,155376,0
1778472534.890603,0.4,-0.15,0.7,1,0.399,0.5893,0.035122,-0.019855,-0.075179,0.0005,0.1439,0.2546,1,0.25458,1.191,1.191,155376,0
1778472534.930816,0.4,-0.15,0.7,1,0.4165,0.6252,0.034388,-0.018452,-0.074333,0.0004,0.145,0.2711,1,0.27114,1.1877,1.1877,155376,0
1778472534.970961,0.4,-0.15,0.7,1,0.5478,0.7535,0.033663,-0.017063,-0.073671,0.0007,0.1761,0.371,1,0.37102,1.1893,1.1893,155380,0
1778472535.011137,0.4,-0.15,0.7,1,0.3869,0.5711,0.032521,-0.015446,-0.073152,0.0005,0.1488,0.2376,1,0.2376,1.1996,1.1996,155380,0
1778472535.052008,0.4,-0.15,0.7,1,0.2945,0.4507,0.030968,-0.01334,-0.072821,0.0004,0.1143,0.1799,1,0.17989,1.237,1.237,155380,0
1778472535.092973,0.4,-0.15,0.7,1,0.299,0.4495,0.029448,-0.011311,-0.072372,0.0003,0.1178,0.181,1,0.18096,1.2503,1.2503,155380,0
1778472535.133251,0.4,-0.15,0.7,1,0.2842,0.4776,0.028526,-0.009547,-0.071213,0.0003,0.1116,0.1723,1,0.17226,1.2503,1.2503,155380,0
1778472535.173651,0.4,-0.15,0.7,1,0.3904,0.5716,0.027859,-0.008092,-0.069288,0.0004,0.1439,0.2461,1,0.2461,1.2442,1.2442,155380,0
1778472535.213959,0.4,-0.15,0.7,1,0.3977,0.5979,0.027356,-0.007157,-0.066942,0.0005,0.143,0.2542,1,0.25419,1.2575,1.2575,155380,0
1778472535.254141,0.4,-0.15,0.7,1,0.4625,0.6626,0.026676,-0.006491,-0.064258,0.0006,0.167,0.2949,1,0.29489,1.2785,1.2785,155380,0
1778472535.29432,0.4,-0.15,0.7,1,0.418,0.6058,0.025428,-0.005819,-0.061023,0.0008,0.1579,0.2592,1,0.25923,1.2992,1.2992,155384,0
1778472535.334733,0.4,-0.15,0.7,1,0.4236,0.6142,0.023944,-0.005208,-0.057752,0.0006,0.1641,0.2589,1,0.25888,1.3222,1.3222,155384,0
1778472535.355232,0.4,-0.15,0.7,1,0.4059,0.585,0.021791,-0.004322,-0.053985,0.0007,0.1349,0.2703,1,0.27032,1.3572,1.3572,155384,0
1778472535.395539,0.4,-0.15,0.7,1,0.4425,1.2161,0.019497,-0.00337,-0.050014,0.0007,0.1567,0.285,1,0.28503,1.3838,1.3838,155388,0
1778472535.435854,0.4,-0.15,0.7,1,0.3936,1.2364,0.017248,-0.002563,-0.0463,0.0006,0.1466,0.2464,1,0.24638,1.4194,1.4194,155388,0
1778472535.476473,0.4,-0.15,0.7,1,0.4066,0.6204,0.013844,-0.001527,-0.041655,0.0005,0.1483,0.2579,1,0.25788,1.4707,1.4707,155388,0
1778472535.518872,0.4,-0.15,0.7,1,0.5223,0.9341,0.010387,-0.000597,-0.037312,0.0007,0.1873,0.3343,1,0.33428,1.4982,1.4982,155388,0
1778472535.559083,0.4,-0.15,0.7,1,0.3622,0.539,0.007388,-7.3e-05,-0.033122,0.0005,0.1263,0.2354,1,0.23539,1.5265,1.5265,155388,0
1778472535.599261,0.4,-0.15,0.75,1,0.6092,0.7843,0.003856,0.000421,-0.028469,0.0006,0.16,0.4485,2,0.22427,1.6511,1.6511,155400,0
1778472535.63944,0.420073,-0.149041,0.733417,1,0.5264,0.6909,0.000455,0.000975,-0.023616,0.0005,0.1403,0.3857,2,0.19285,2.9591,2.9591,155400,0
1778472535.679795,0.417102,-0.148573,0.738155,1,0.5301,0.7161,-0.002517,0.001442,-0.018878,0.0005,0.1367,0.3928,2,0.19641,2.7106,2.7106,155400,0
1778472535.719927,0.4137,-0.147806,0.743559,1,0.4868,0.6966,-0.005918,0.002209,-0.013474,0.0006,0.1892,0.297,1,0.29699,2.8457,2.8457,155412,0
1778472535.760077,0.410244,-0.146945,0.748741,1,0.3812,0.5613,-0.009375,0.00307,-0.008292,0.0006,0.1333,0.2474,1,0.24735,2.5994,2.5994,155412,0
1778472535.800271,0.406191,-0.145871,0.754345,1,0.4103,0.5935,-0.013428,0.004144,-0.002688,0.0006,0.1469,0.2627,1,0.26272,2.4836,2.4836,155412,0
1778472535.840545,0.401758,-0.144729,0.75971,1,0.4443,0.6434,-0.01786,0.005287,0.002678,0.0005,0.1658,0.2779,1,0.27787,2.301,2.301,155412,0
1778472535.880868,0.397705,-0.143715,0.764489,1,0.4321,0.6173,-0.021914,0.0063,0.007456,0.0005,0.148,0.2836,1,0.28356,2.1147,2.1147,155416,0
1778472535.921119,0.393314,-0.142667,0.769055,1,0.4103,0.6244,-0.026304,0.007348,0.012022,0.0006,0.1465,0.2633,1,0.26325,2.0051,2.0051,155416,0
1778472535.961302,0.388858,-0.141724,0.773106,1,0.4257,0.5991,-0.03076,0.008291,0.016073,0.0006,0.1602,0.2649,1,0.26492,1.8723,1.8723,155416,0
1778472536.00149,0.385137,-0.141145,0.77635,1,0.4311,0.599,-0.034482,0.00887,0.019317,0.0005,0.1642,0.2664,1,0.26645,1.7351,1.7351,155416,0
1778472536.041809,0.380538,-0.140653,0.780064,1,0.4594,0.6533,-0.03908,0.009363,0.023031,0.0005,0.1761,0.2829,1,0.28287,1.6774,1.6774,155416,0
1778472536.082016,0.4,-0.15,0.8,1,0.5135,0.6804,-0.04319,0.009593,0.0264,0.0005,0.1362,0.3768,2,0.18838,2.4991,2.4991,155416,0
1778472536.122228,0.371906,-0.140318,0.787,1,0.5698,0.7659,-0.047712,0.009698,0.029967,0.0006,0.163,0.4063,2,0.20313,1.5706,1.5706,155416,0
1778472536.162446,0.36679,-0.140129,0.790442,1,0.4698,0.6963,-0.052828,0.009886,0.033409,0.0007,0.1768,0.2922,1,0.2922,1.4327,1.4327,155416,0
1778472536.202688,0.361173,-0.139767,0.793802,1,0.4624,0.6479,-0.058445,0.010248,0.036769,0.0005,0.1606,0.3013,1,0.30127,1.371,1.371,155420,0
1778472536.242959,0.355779,-0.139076,0.796591,1,0.274,0.3889,-0.063839,0.010939,0.039558,0.0004,0.1047,0.169,1,0.16896,1.2869,1.2869,155420,0
1778472536.283133,0.3498,-0.137921,0.799156,1,0.3316,0.5329,-0.069818,0.012094,0.042123,0.0002,0.0768,0.2545,1,0.25452,1.2398,1.2398,155420,0
1778472536.323413,0.344661,-0.136674,0.801337,1,0.4174,0.6066,-0.074958,0.013341,0.044304,0.0006,0.1657,0.2511,1,0.25111,1.1492,1.1492,155420,0
1778472536.363787,0.339706,-0.135267,0.803544,1,0.4478,0.6452,-0.079912,0.014748,0.046511,0.0005,0.1665,0.2807,1,0.28073,1.1001,1.1001,155420,0
1778472536.403983,0.339536,-0.135154,0.803567,1,0.3509,0.5183,-0.080082,0.014862,0.046534,0.0006,0.1214,0.2289,1,0.22894,1.0202,1.0202,155420,0
1778472536.444183,0.337816,-0.134592,0.805779,1,0.4721,0.6719,-0.081802,0.015423,0.048747,0.0005,0.169,0.3026,1,0.30259,1.0283,1.0283,155420,0
1778472536.484467,0.329181,-0.132062,0.810356,1,0.4161,0.6065,-0.090437,0.017953,0.053323,0.0005,0.1548,0.2608,1,0.26077,1.2016,1.2016,155420,0
1778472536.524636,0.3,-0.15,0.8,1,0.5353,0.7208,-0.096791,0.01992,0.055855,0.0005,0.1478,0.387,2,0.19351,0.7569,0.7569,155420,0
1778472536.564993,0.3,-0.15,0.8,1,0.4452,0.6515,-0.101862,0.021821,0.057164,0.0008,0.167,0.2774,1,0.27745,0.7347,0.7347,155424,0
1778472536.605194,0.3,-0.15,0.8,1,0.3429,0.5052,-0.106602,0.023801,0.057922,0.0004,0.1168,0.2257,1,0.22571,0.7339,0.7339,155424,0
1778472536.645404,0.3,-0.1,0.8,1,0.6365,0.807,-0.110199,0.025619,0.058309,0.0007,0.1732,0.4627,2,0.23133,0.8032,0.8032,155424,0
1778472536.685694,0.306758,-0.12252,0.815555,1,0.4257,0.6265,-0.11286,0.027496,0.058522,0.0007,0.1641,0.2609,1,0.26089,2.1391,2.1391,155424,0
1778472536.725907,0.305214,-0.1207,0.815639,1,0.4016,1.0709,-0.114404,0.029315,0.058606,0.0004,0.1449,0.2562,1,0.25623,0.8332,0.8332,155424,0
1778472536.766152,0.304609,-0.119071,0.815515,1,0.27,1.0781,-0.11501,0.030945,0.058482,0.0002,0.1058,0.1641,1,0.16406,0.8142,0.8142,155424,0
1778472536.806347,0.304793,-0.117376,0.8152,1,0.4268,3.393,-0.114825,0.032639,0.058167,0.0003,0.1242,0.3023,1,0.30232,0.8131,0.8131,155440,0
1778472536.846865,0.30454,-0.117554,0.814976,1,0.4039,0.5825,-0.115078,0.032461,0.057943,0.0007,0.1604,0.2428,1,0.24282,0.8048,0.8048,155440,0
1778472536.888733,0.302694,-0.121245,0.814779,1,0.45,0.6443,-0.116924,0.02877,0.057746,0.0008,0.17,0.2792,1,0.27922,0.7949,0.7949,155440,0
1778472536.928945,0.302773,-0.122202,0.814536,1,0.3989,0.5838,-0.116845,0.027813,0.057503,0.0006,0.1472,0.2512,1,0.25115,0.7907,0.7907,155440,0
1778472536.969216,0.303371,-0.121932,0.813865,1,0.4398,0.6368,-0.116248,0.028083,0.056832,0.0005,0.1596,0.2797,1,0.27972,0.7943,0.7943,155440,0
1778472537.009424,0.303797,-0.121787,0.813798,1,0.5255,0.7437,-0.115822,0.028229,0.056765,0.0008,0.2033,0.3213,1,0.32135,0.794,0.794,155440,0
1778472537.049689,0.304414,-0.121762,0.813831,1,0.4316,0.6324,-0.115204,0.028253,0.056798,0.0005,0.1462,0.2848,1,0.28483,0.7968,0.7968,155440,0
1778472537.089963,0.306002,-0.121804,0.813945,1,0.401,0.5919,-0.113616,0.028211,0.056912,0.0005,0.1571,0.2434,1,0.24339,0.8071,0.8071,155440,0
1778472537.130148,0.308226,-0.121821,0.813861,1,0.3978,0.599,-0.111393,0.028194,0.056828,0.0005,0.1454,0.2519,1,0.25188,0.824,0.824,155440,0
1778472537.171138,0.311289,-0.121811,0.813487,1,0.4302,0.6245,-0.108329,0.028205,0.056455,0.0005,0.1609,0.2688,1,0.26876,0.8457,0.8457,155448,0
1778472537.211336,0.314828,-0.121683,0.812908,1,0.4253,0.6212,-0.10479,0.028332,0.055875,0.0004,0.1596,0.2653,1,0.26527,0.8703,0.8703,155448,0
1778472537.251522,0.3,-0.1,0.8,1,0.3751,0.5247,-0.099412,0.028608,0.055016,0.0005,0.1405,0.234,1,0.23405,2.4151,2.4151,155448,0
1778472537.291775,0.35,-0.1,0.8,1,0.5744,0.7565,-0.092556,0.028868,0.053986,0.0008,0.1625,0.4111,2,0.20554,1.1877,1.1877,155456,0
1778472537.331995,0.334084,-0.120793,0.80968,1,0.6538,0.8266,-0.085534,0.029222,0.052647,0.0004,0.1564,0.4969,1,0.49687,2.498,2.498,155456,0
1778472537.37218,0.339206,-0.120452,0.808497,1,0.4126,0.589,-0.080412,0.029564,0.051464,0.0005,0.1537,0.2584,1,0.25843,1.1225,1.1225,155456,0
1778472537.412379,0.3483,-0.125615,0.806307,1,0.4051,0.6041,-0.071318,0.0244,0.049274,0.0004,0.1445,0.2601,1,0.26013,1.3557,1.3557,155456,0
1778472537.452573,0.361766,-0.128848,0.801627,1,0.3885,0.5796,-0.057852,0.021168,0.044594,0.0005,0.1399,0.2481,1,0.24814,1.8059,1.8059,155456,0
1778472537.49276,0.37159,-0.130129,0.797011,1,0.4452,0.6505,-0.048028,0.019886,0.039978,0.0006,0.1539,0.2907,1,0.29069,1.7311,1.7311,155460,0
1778472537.532938,0.378746,-0.130682,0.792809,1,0.4423,0.6377,-0.040872,0.019333,0.035776,0.0007,0.1646,0.277,1,0.27701,1.7201,1.7201,155464,0
1778472537.573128,0.38447,-0.131126,0.788714,1,0.4726,0.6712,-0.035148,0.018889,0.031681,0.0006,0.1698,0.3022,1,0.30219,1.7797,1.7797,155464,0
1778472537.61328,0.390145,-0.131258,0.783582,1,0.392,0.5674,-0.029473,0.018757,0.026549,0.0006,0.143,0.2484,1,0.24837,1.919,1.919,155464,0
1778472537.653756,0.395287,-0.131031,0.777918,1,0.4167,0.6159,-0.024331,0.018985,0.020885,0.0005,0.1608,0.2554,1,0.25539,2.0341,2.0341,155464,0
1778472537.693938,0.400362,-0.130357,0.771124,1,0.3761,0.5625,-0.019256,0.019658,0.014092,0.0006,0.1369,0.2386,1,0.23863,2.1934,2.1934,155464,0
1778472537.734132,0.405562,-0.129727,0.764107,1,0.401,0.6097,-0.014056,0.020288,0.007074,0.0006,0.1493,0.2511,1,0.25107,2.3937,2.3937,155464,0
1778472537.774305,0.411299,-0.129328,0.756489,1,0.404,0.5851,-0.00832,0.020688,-0.000544,0.0006,0.15,0.2534,1,0.25341,2.6846,2.6846,155464,0
1778472537.814559,0.417157,-0.128888,0.748312,1,0.6135,0.7908,-0.002462,0.021127,-0.008721,0.001,0.1781,0.4344,2,0.2172,2.9963,2.9963,155476,0
1778472537.835124,0.421142,-0.132171,0.740767,1,23.7168,26.7288,0.001524,0.017845,-0.016266,0.0005,0.1218,23.5946,250,0.09438,3.2921,3.2921,155476,1
1778472537.882831,0.4,-0.15,0.75,1,0.5387,0.695,0.006573,0.016458,-0.025517,0.0005,0.1281,0.4102,2,0.20509,2.0269,2.0269,155476,0
1778472537.923,0.4,-0.15,0.7,1,0.5375,0.7282,0.011209,0.016258,-0.034727,0.0006,0.1539,0.3829,2,0.19147,1.6952,1.6952,155476,0
1778472537.963256,0.4,-0.15,0.7,1,0.4268,0.5905,0.015965,0.016421,-0.046992,0.0005,0.1431,0.2833,1,0.28329,1.6439,1.6439,155476,0
1778472538.003462,0.4,-0.15,0.7,1,0.4342,0.6155,0.017887,0.016845,-0.057227,0.0007,0.1762,0.2573,1,0.25734,1.6323,1.6323,155476,0
1778472538.043859,0.4,-0.15,0.7,1,0.4038,0.577,0.019847,0.017099,-0.068624,0.0006,0.1505,0.2527,1,0.2527,1.6202,1.6202,155476,0
1778472538.084075,0.4,-0.15,0.7,1,0.3858,0.5748,0.023539,0.016264,-0.079884,0.0005,0.1382,0.2471,1,0.2471,1.6058,1.6058,155480,0
1778472538.124283,0.4,-0.15,0.65,1,0.5991,0.792,0.027127,0.014989,-0.090612,0.0007,0.1671,0.4313,2,0.21566,1.6903,1.6903,155480,0
1778472538.164639,0.4,-0.15,0.65,1,0.4425,0.6253,0.029587,0.013769,-0.101637,0.0005,0.1588,0.2832,1,0.2832,1.631,1.631,155480,0
1778472538.204935,0.4,-0.15,0.65,1,0.3988,0.5801,0.032665,0.012385,-0.112186,0.0006,0.1403,0.258,1,0.25797,1.6082,1.6082,155480,0
1778472538.245124,0.4,-0.15,0.65,1,0.4176,0.6062,0.035049,0.010709,-0.12239,0.0006,0.1616,0.2553,1,0.25535,1.581,1.581,155480,0
1778472538.285293,0.4,-0.15,0.6,1,0.5128,1.3441,0.036519,0.008779,-0.132932,0.0006,0.1262,0.386,2,0.193,1.9716,1.9716,155480,0
1778472538.325536,0.4,-0.15,0.6,1,0.4614,1.226,0.037969,0.006569,-0.142012,0.0008,0.1884,0.2722,1,0.27216,1.9183,1.9183,155480,0
1778472538.36594,0.4,-0.15,0.6,1,0.4748,0.7043,0.039288,0.00403,-0.150789,0.0004,0.1724,0.302,1,0.30196,1.8692,1.8692,155480,0
1778472538.406573,0.4,-0.15,0.6,1,0.2612,0.371,0.041156,0.001306,-0.15956,0.0002,0.1006,0.1604,1,0.16041,1.8156,1.8156,155480,0
1778472538.446869,0.4,-0.15,0.6,1,0.3807,0.5677,0.042221,-0.000793,-0.166594,0.0006,0.1383,0.2417,1,0.24175,1.7754,1.7754,155484,0
1778472538.487146,0.4,-0.15,0.6,1,0.4247,0.6067,0.042712,-0.002391,-0.172258,0.0006,0.1419,0.2822,1,0.28222,1.753,1.753,155496,0
1778472538.528532,0.4,-0.15,0.6,1,0.4254,0.633,0.043381,-0.0038,-0.176567,0.0006,0.1605,0.2643,1,0.2643,1.7413,1.7413,155496,0
1778472538.568825,0.4,-0.15,0.6,1,0.4149,0.6119,0.043871,-0.00459,-0.180095,0.0005,0.1463,0.2681,1,0.26806,1.7277,1.7277,155496,0
1778472538.609091,0.4,-0.15,0.55,1,20.9862,21.7478,0.042873,-0.004633,-0.182282,0.0005,0.1806,20.8051,250,0.08322,3.0895,3.0895,155496,1
1778472538.65158,0.4,-0.15,0.55,1,22.2817,23.4853,0.041231,-0.004216,-0.182966,0.0002,0.0757,22.2058,250,0.08882,3.0831,3.0831,155500,1
1778472538.675459,0.4,-0.15,0.55,1,11.6711,14.3594,0.040506,-0.003728,-0.183293,0.0003,0.0526,11.6182,250,0.04647,3.0798,3.0798,155504,0
1778472538.715717,0.4,-0.15,0.55,1,18.6886,19.7624,0.041578,-0.003742,-0.183675,0.0007,0.141,18.5469,250,0.07419,3.0772,3.0772,155504,0
1778472538.756585,0.4,-0.15,0.55,1,19.3942,19.5001,0.042766,-0.0036,-0.183431,0.0006,0.1581,19.2355,250,0.07694,3.0782,3.0782,155512,0
1778472538.798775,0.4,-0.15,0.6,1,0.5573,0.9614,0.043259,-0.00321,-0.181622,0.0006,0.1365,0.4201,2,0.21004,2.4145,2.4145,155512,0
1778472538.838936,0.4,-0.15,0.6,1,0.4001,0.6018,0.04303,-0.002913,-0.17835,0.0004,0.1454,0.2542,1,0.25424,1.7348,1.7348,155512,0
1778472538.879085,0.4,-0.15,0.6,1,0.3728,0.5635,0.043898,-0.003239,-0.173931,0.0008,0.1294,0.2426,1,0.24258,1.755,1.755,155512,0
1778472538.919273,0.4,-0.15,0.6,1,0.4042,0.5894,0.044117,-0.003626,-0.167562,0.0005,0.1516,0.252,1,0.25203,1.784,1.784,155512,0
1778472538.959424,0.4,-0.15,0.6,1,0.3688,0.5474,0.04471,-0.004368,-0.160197,0.0005,0.1313,0.2369,1,0.23694,1.81,1.81,155512,0
1778472538.999626,0.4,-0.15,0.6,1,0.4483,0.6424,0.04444,-0.005124,-0.151523,0.0006,0.1701,0.2777,1,0.27766,1.8397,1.8397,155512,0
1778472539.039797,0.4,-0.15,0.6,1,0.3916,0.5754,0.044693,-0.006469,-0.140663,0.0005,0.1401,0.2511,1,0.25106,1.8759,1.8759,155512,0
1778472539.079956,0.4,-0.15,0.65,1,0.6511,0.8544,0.045128,-0.008107,-0.128567,0.0006,0.2243,0.4263,2,0.21315,1.5489,1.5489,155512,0
1778472539.120098,0.4,-0.15,0.65,1,0.3845,0.5784,0.045953,-0.009825,-0.117243,0.0005,0.1354,0.2486,1,0.2486,1.5165,1.5165,155516,0
1778472539.160248,0.4,-0.15,0.65,1,0.4346,0.6472,0.04577,-0.01127,-0.10437,0.0005,0.1435,0.2906,1,0.29057,1.5541,1.5541,155516,0
1778472539.20044,0.4,-0.15,0.65,1,0.4357,0.7821,0.044531,-0.012208,-0.090432,0.0005,0.1531,0.2821,1,0.28213,1.5924,1.5924,155516,0
1778472539.240643,0.4,-0.15,0.7,1,0.5688,0.7557,0.043321,-0.013279,-0.074941,0.0006,0.1554,0.4128,2,0.20642,1.53,1.53,155516,0
1778472539.28082,0.4,-0.15,0.7,1,0.4243,0.6169,0.041605,-0.014605,-0.056964,0.0006,0.1647,0.259,1,0.25895,1.5702,1.5702,155516,0
1778472539.320929,0.4,-0.15,0.7,1,0.361,0.5337,0.040279,-0.016089,-0.039505,0.0005,0.1315,0.2291,1,0.22905,1.5923,1.5923,155516,0
1778472539.361123,0.4,-0.15,0.75,1,0.5624,0.7433,0.038191,-0.017235,-0.022881,0.0006,0.1523,0.4095,2,0.20473,1.7509,1.7509,155520,0
1778472539.401289,0.4,-0.15,0.75,1,0.4117,0.5938,0.033396,-0.017173,-0.005816,0.0005,0.1478,0.2634,1,0.26335,1.8032,1.8032,155520,0
1778472539.441549,0.4,-0.15,0.75,1,0.2838,0.3988,0.030798,-0.01751,0.010053,0.0004,0.1101,0.1733,1,0.17335,1.819,1.819,155520,0
1778472539.481738,0.4,-0.15,0.8,1,0.6216,0.8146,0.02783,-0.017434,0.025576,0.0004,0.1931,0.4281,2,0.21405,2.3149,2.3149,155524,0
1778472539.522019,0.4,-0.15,0.8,1,0.4201,0.6225,0.02212,-0.016358,0.040861,0.0008,0.1628,0.2565,1,0.25647,2.5522,2.5522,155528,0
1778472539.562254,0.4,-0.15,0.8,1,0.4457,0.6223,0.014973,-0.014795,0.055166,0.0007,0.1616,0.2834,1,0.28341,2.5824,2.5824,155528,0
1778472539.60259,0.4,-0.15,0.85,1,21.199,21.8551,0.006836,-0.01283,0.068337,0.0007,0.1493,21.049,250,0.0842,4.0708,4.0708,155528,1
1778472539.645149,0.418918,-0.160872,0.83588,1,19.6104,21.209,-0.0007,-0.010857,0.078847,0.0006,0.1365,19.4733,250,0.07789,8.6058,8.6058,155536,1
1778472539.686975,0.410317,-0.158598,0.846219,1,18.6891,21.4842,-0.009302,-0.008582,0.089186,0.0007,0.144,18.5445,250,0.07418,6.3455,6.3455,155540,1
1778472539.729036,0.401137,-0.156238,0.855608,1,19.1393,20.1684,-0.018481,-0.006222,0.098575,0.0006,0.1696,18.9691,250,0.07588,4.8059,4.8059,155540,1
1778472539.769856,0.394144,-0.154595,0.862869,1,18.6961,19.941,-0.025474,-0.004579,0.105837,0.0005,0.1252,18.5704,250,0.07428,4.0939,4.0939,155540,1
1778472539.810393,0.387589,-0.152858,0.869492,1,18.2387,19.171,-0.032029,-0.002842,0.112459,0.0007,0.1617,18.0764,250,0.07231,3.6196,3.6196,155540,0
1778472539.850634,0.4,-0.15,0.85,1,18.187,21.2875,-0.03768,-0.001119,0.118509,0.0006,0.1726,18.0137,250,0.07205,4.2302,4.2302,155540,1
1778472539.892627,0.35,-0.15,0.9,1,0.5717,0.705,-0.042623,0.000212,0.124083,0.0005,0.1024,0.4687,3,0.15625,2.8065,2.8065,155540,0
1778472539.933002,0.37189,-0.148406,0.886681,1,0.6817,0.8744,-0.047729,0.001609,0.129648,0.0008,0.1632,0.5177,3,0.17258,2.9491,2.9491,155540,0
1778472539.973283,0.367022,-0.147089,0.891886,1,0.7119,0.8888,-0.052597,0.002926,0.134853,0.0007,0.154,0.5572,3,0.18573,2.768,2.768,155552,0
1778472540.013618,0.362396,-0.145825,0.896673,1,0.6905,0.8681,-0.057222,0.00419,0.13964,0.0008,0.1554,0.5344,3,0.17812,2.6567,2.6567,155552,0
1778472540.053879,0.357622,-0.144431,0.901406,1,0.7377,0.9304,-0.061996,0.005584,0.144374,0.0007,0.1591,0.578,3,0.19265,2.5533,2.5533,155556,0
1778472540.094041,0.354092,-0.143395,0.90478,1,0.6598,0.8251,-0.065526,0.006621,0.147747,0.0006,0.1466,0.5126,3,0.17087,2.485,2.485,155556,0
1778472540.134237,0.356341,-0.144044,0.902563,1,0.6882,0.8797,-0.063277,0.005972,0.14553,0.0006,0.1641,0.5235,3,0.1745,2.5393,2.5393,155556,0
1778472540.17444,0.356904,-0.144207,0.902012,1,0.6787,0.8741,-0.062714,0.005809,0.144979,0.0007,0.1667,0.5113,3,0.17044,2.5561,2.5561,155556,0
1778472540.214766,0.356969,-0.144225,0.901949,1,0.7211,0.9102,-0.062649,0.00579,0.144916,0.0007,0.1538,0.5667,3,0.18889,2.5622,2.5622,155560,0
1778472540.235538,0.331669,-0.087023,0.880477,1,0.7332,3.5637,-0.08795,0.062992,0.123444,0.0005,0.1631,0.5695,3,0.18985,1.5338,1.5338,155560,0
1778472540.275854,0.3,-0.05,0.85,1,0.5627,0.7431,-0.099775,0.090731,0.114157,0.0007,0.1672,0.3948,2,0.19741,1.2224,1.2224,155560,0
1778472540.316628,0.31205,-0.101089,0.896946,1,0.5431,0.736,-0.107568,0.048926,0.139913,0.0007,0.1495,0.3929,2,0.19646,1.7286,1.7286,155560,0
1778472542.132402,0.392631,-0.112471,0.621191,1,0.6961,0.8899,0.049619,-0.010353,-0.212212,0.0002,0.1058,0.5901,3,0.19669,2.1606,2.1606,155568,0
1778472542.172608,0.393413,-0.114233,0.621406,1,0.4003,0.5925,0.050401,-0.012115,-0.211998,0.0007,0.145,0.2546,1,0.25464,1.6565,1.6565,155568,0
1778472542.21287,0.395298,-0.116009,0.623943,1,0.4123,0.5877,0.052286,-0.013891,-0.209461,0.0005,0.1576,0.2543,1,0.25429,1.6924,1.6924,155568,0
1778472542.253063,0.395549,-0.116585,0.623999,1,0.4178,0.6114,0.052537,-0.014467,-0.209405,0.0007,0.1594,0.2577,1,0.25767,1.6902,1.6902,155568,0
1778472542.293283,0.393745,-0.115683,0.620564,1,0.4023,0.6044,0.050733,-0.013565,-0.21284,0.0006,0.1445,0.2572,1,0.25724,1.7054,1.7054,155568,0
1778472542.333542,0.389531,-0.114117,0.617599,1,0.4258,0.6115,0.046518,-0.011999,-0.215804,0.0007,0.1757,0.2493,1,0.24932,1.7689,1.7689,155568,0
1778472542.373846,0.388313,-0.114248,0.616277,1,0.3999,0.5925,0.045301,-0.012131,-0.217126,0.0006,0.1478,0.2516,1,0.25156,1.5262,1.5262,155568,0
1778472542.414115,0.390064,-0.115502,0.615948,1,0.4016,0.5904,0.047052,-0.013384,-0.217456,0.0007,0.1573,0.2436,1,0.24359,1.5536,1.5536,155572,0
1778472542.454326,0.392231,-0.116778,0.614908,1,0.4794,0.6635,0.049218,-0.01466,-0.218495,0.0008,0.1787,0.2999,1,0.29987,1.6326,1.6326,155572,0
1778472542.494657,0.393028,-0.11774,0.613343,1,0.4315,0.6336,0.050016,-0.015623,-0.220061,0.0008,0.1672,0.2635,1,0.26349,1.6728,1.6728,155572,0
1778472542.534838,0.39346,-0.118857,0.611903,1,0.4059,0.5934,0.050448,-0.016739,-0.221501,0.0006,0.1482,0.2571,1,0.25707,1.6973,1.6973,155572,0
1778472542.575021,0.393007,-0.119585,0.611597,1,0.4179,0.6099,0.049994,-0.017467,-0.221807,0.0006,0.1435,0.2737,1,0.27375,1.682,1.682,155584,0
1778472542.615202,0.391004,-0.119169,0.612652,1,0.3839,0.5646,0.047992,-0.017051,-0.220752,0.0006,0.1398,0.2435,1,0.24352,1.6509,1.6509,155584,0
1778472542.655396,0.391165,-0.11942,0.612216,1,0.4487,1.0738,0.048153,-0.017302,-0.221187,0.0006,0.1658,0.2823,1,0.28229,1.597,1.597,155584,0
1778472542.695838,0.391575,-0.119601,0.61162,1,0.448,1.4613,0.048563,-0.017483,-0.221784,0.0005,0.1643,0.2832,1,0.2832,1.6158,1.6158,155584,0
1778472542.736903,0.391046,-0.119307,0.611953,1,0.2725,0.3898,0.048033,-0.017189,-0.221451,0.0003,0.1074,0.1647,1,0.16471,1.6114,1.6114,155588,0
1778472542.777114,0.388761,-0.118302,0.613362,1,0.2696,0.3845,0.045749,-0.016184,-0.220041,0.0004,0.1048,0.1645,1,0.16446,1.5908,1.5908,155588,0
1778472542.817293,0.385915,-0.117252,0.614876,1,0.4719,0.6695,0.042902,-0.015134,-0.218527,0.0006,0.153,0.3182,1,0.31821,1.514,1.514,155588,0
1778472542.857453,0.383357,-0.116402,0.616233,1,0.4231,0.5851,0.040345,-0.014284,-0.217171,0.0005,0.1354,0.2873,1,0.28726,1.4177,1.4177,155588,0
1778472542.899331,0.381424,-0.115809,0.617382,1,0.462,0.6696,0.038411,-0.013691,-0.216021,0.0007,0.1794,0.282,1,0.28198,1.34,1.34,155588,0
1778472542.93951,0.4,-0.1,0.6,1,0.6298,0.833,0.037394,-0.013359,-0.215308,0.0005,0.165,0.4643,2,0.23213,2.1958,2.1958,155588,0
1778472542.979741,0.4,-0.1,0.6,1,0.366,0.6018,0.036632,-0.013073,-0.214557,0.0005,0.1304,0.2352,1,0.23518,2.217,2.217,155588,0
1778472543.019921,0.4,-0.1,0.6,1,0.4483,0.6259,0.036206,-0.012824,-0.213776,0.0006,0.1568,0.2909,1,0.29092,2.2163,2.2163,155588,0
1778472543.060102,0.4,-0.1,0.6,1,0.3533,0.5173,0.036886,-0.012892,-0.213347,0.0005,0.1313,0.2215,1,0.22149,2.2154,2.2154,155588,0
1778472543.100304,0.4,-0.1,0.6,1,0.4635,0.6731,0.038771,-0.013393,-0.213438,0.0007,0.1716,0.2913,1,0.29129,2.2185,2.2185,155592,0
1778472543.14049,0.4,-0.1,0.6,1,0.4491,0.6265,0.040861,-0.013907,-0.212945,0.0005,0.1597,0.2889,1,0.28888,2.2288,2.2288,155592,0
1778472543.180743,0.4,-0.1,0.6,1,0.4022,0.5794,0.042722,-0.014254,-0.211489,0.0006,0.1577,0.2439,1,0.24389,2.2438,2.2438,155592,0
1778472543.220984,0.4,-0.1,0.6,1,0.4436,0.6367,0.044447,-0.014691,-0.209213,0.0007,0.1673,0.2757,1,0.27571,2.26,2.26,155592,0
1778472543.261183,0.4,-0.1,0.65,1,0.5354,0.7069,0.04468,-0.01497,-0.207062,0.0006,0.1375,0.3973,2,0.19867,1.8775,1.8775,155592,0
1778472543.301374,0.4,-0.1,0.65,1,0.4186,0.6089,0.044066,-0.015284,-0.205368,0.0005,0.1567,0.2614,1,0.26141,1.8477,1.8477,155604,0
1778472543.341556,0.4,-0.1,0.65,1,0.4153,0.6118,0.043143,-0.015678,-0.204269,0.0005,0.1507,0.264,1,0.26405,1.8665,1.8665,155604,0
1778472543.3819,0.4,-0.1,0.65,1,0.2504,0.3511,0.041299,-0.016219,-0.203691,0.0002,0.0964,0.1537,1,0.15375,1.8979,1.8979,155608,0
1778472543.422138,0.4,-0.1,0.65,1,0.2678,0.3733,0.038907,-0.017088,-0.204222,0.0004,0.1054,0.162,1,0.16201,1.9064,1.9064,155608,0
1778472543.462562,0.4,-0.1,0.65,1,0.493,0.6953,0.035525,-0.017766,-0.204923,0.0003,0.1075,0.3852,1,0.3852,1.9132,1.9132,155608,0
1778472543.502882,0.4,-0.1,0.65,1,0.4016,0.5829,0.032268,-0.018397,-0.206025,0.0006,0.15,0.251,1,0.25099,1.9109,1.9109,155608,0
1778472543.543164,0.35,-0.1,0.65,1,0.5514,0.7288,0.031172,-0.01922,-0.207439,0.0008,0.1458,0.4048,2,0.20239,1.4852,1.4852,155608,0
1778472543.583478,0.35,-0.1,0.65,1,0.4445,0.6289,0.031169,-0.019713,-0.208224,0.0006,0.164,0.2799,1,0.27989,0.8164,0.8164,155608,0
1778472543.623844,0.35,-0.1,0.65,1,0.4415,0.6442,0.029437,-0.019535,-0.208323,0.0007,0.163,0.2778,1,0.2778,0.8172,0.8172,155608,0
1778472543.664171,0.35,-0.1,0.6,1,0.5683,0.7514,0.02798,-0.020251,-0.209084,0.0006,0.1548,0.4129,2,0.20644,0.954,0.954,155608,0
1778472543.704395,0.35,-0.1,0.6,1,0.3898,0.5726,0.026923,-0.021915,-0.209714,0.0005,0.1434,0.2459,1,0.24585,0.8934,0.8934,155612,0
1778472543.744709,0.35,-0.15,0.6,1,0.6182,0.8277,0.025688,-0.023743,-0.210032,0.0007,0.1783,0.4392,2,0.21962,0.9127,0.9127,155612,0
1778472543.765376,0.35,-0.15,0.6,1,0.415,0.8693,0.024535,-0.025396,-0.210889,0.0005,0.1455,0.269,1,0.26904,0.8699,0.8699,155612,0
1778472543.805668,0.35,-0.15,0.6,1,0.4622,1.0603,0.022582,-0.026327,-0.212195,0.0005,0.1602,0.3015,1,0.30146,0.8697,0.8697,155612,0
1778472543.845924,0.35,-0.15,0.6,1,0.4502,0.657,0.019796,-0.026682,-0.214051,0.0006,0.1817,0.2678,1,0.26784,0.8694,0.8694,155612,0
1778472543.888963,0.35887,-0.128413,0.618316,1,0.4539,0.6414,0.015858,-0.026295,-0.215088,0.0005,0.1594,0.294,1,0.29396,2.1513,2.1513,155612,0
1778472543.929174,0.354341,-0.127721,0.617426,1,0.4279,0.6185,0.011328,-0.025603,-0.215977,0.0007,0.1467,0.2806,1,0.28062,0.9746,0.9746,155624,0
1778472543.969361,0.350201,-0.127531,0.616618,1,0.4047,0.5842,0.007188,-0.025414,-0.216786,0.0007,0.1434,0.2606,1,0.26056,0.8896,0.8896,155624,0
1778472544.009636,0.346713,-0.127999,0.615729,1,0.396,0.5766,0.0037,-0.025881,-0.217675,0.0006,0.1421,0.2534,1,0.25336,0.8235,0.8235,155624,0
1778472544.049965,0.342411,-0.128389,0.614881,1,0.4728,0.7013,-0.000601,-0.026271,-0.218522,0.0008,0.1783,0.2937,1,0.29372,0.7967,0.7967,155624,0
1778472544.090202,0.336071,-0.128035,0.614572,1,0.4029,0.58,-0.006941,-0.025917,-0.218832,0.0006,0.1522,0.2501,1,0.25015,0.7875,0.7875,155628,0
1778472544.130403,0.35,-0.15,0.6,1,0.4513,0.6496,-0.014275,-0.024947,-0.217951,0.0004,0.1754,0.2754,1,0.27537,2.702,2.702,155628,0
1778472544.170618,0.3,-0.15,0.6,1,0.6638,0.8903,-0.021559,-0.024372,-0.217292,0.0007,0.1726,0.4905,2,0.24523,0.5923,0.5923,155628,0
1778472544.210807,0.3,-0.15,0.6,1,0.4149,0.604,-0.02849,-0.024085,-0.216652,0.0005,0.1457,0.2687,1,0.26873,0.5029,0.5029,155628,0
1778472544.250961,0.3,-0.15,0.6,1,0.4068,0.5849,-0.032662,-0.024767,-0.21719,0.0005,0.1541,0.2523,1,0.25227,0.5003,0.5003,155628,0
1778472544.291132,0.305754,-0.127547,0.615648,1,0.3903,0.5829,-0.037258,-0.025429,-0.217755,0.0006,0.1403,0.2494,1,0.24941,1.674,1.674,155628,0
1778472544.331314,0.29982,-0.127505,0.616236,1,0.57,0.7573,-0.043192,-0.025388,-0.217168,0.0005,0.1676,0.402,1,0.402,0.5151,0.5151,155632,0
1778472544.371853,0.294002,-0.127159,0.617472,1,0.454,0.6549,-0.04901,-0.025041,-0.215932,0.0005,0.166,0.2874,1,0.28741,0.5362,0.5362,155632,0
1778472544.412031,0.3,-0.15,0.6,1,0.3655,0.5234,-0.054017,-0.024784,-0.215445,0.0006,0.1281,0.2368,1,0.23677,1.9968,1.9968,155632,0
1778472544.452228,0.3,-0.15,0.6,1,0.5142,0.7071,-0.057865,-0.024449,-0.214634,0.0005,0.1698,0.3439,1,0.34388,0.5389,0.5389,155632,0
1778472544.492421,0.3,-0.15,0.6,1,0.8409,1.0386,-0.060823,-0.023955,-0.212687,0.0005,0.57,0.2705,1,0.27045,0.4905,0.4905,155632,0
1778472544.532582,0.3,-0.15,0.65,1,0.5916,0.7574,-0.06325,-0.023939,-0.207498,0.0004,0.1487,0.4425,2,0.22124,0.6389,0.6389,155640,0
1778472544.572772,0.3,-0.15,0.65,1,0.3944,0.5772,-0.063567,-0.026022,-0.200693,0.0005,0.153,0.2408,1,0.24084,0.8065,0.8065,155640,0
1778472544.612947,0.3,-0.15,0.65,1,0.3817,0.5366,-0.064017,-0.028578,-0.194617,0.0005,0.1494,0.2319,1,0.23187,0.5293,0.5293,155640,0
1778472544.653176,0.3,-0.15,0.65,1,0.3762,0.5642,-0.065753,-0.029023,-0.192266,0.0004,0.1297,0.2461,1,0.24615,0.5054,0.5054,155640,0
1778472544.693339,0.25,-0.15,0.65,1,0.5235,0.7093,-0.06942,-0.026827,-0.194579,0.0004,0.1354,0.3877,2,0.19383,0.5658,0.5658,155644,0
1778472544.733516,0.25,-0.15,0.65,1,0.4105,0.583,-0.073323,-0.023793,-0.201119,0.0005,0.1609,0.2491,1,0.24907,0.788,0.788,155644,0
1778472544.773691,0.25,-0.1,0.65,1,0.6569,0.8395,-0.075352,-0.022556,-0.204476,0.0005,0.141,0.5154,2,0.25768,0.67,0.67,155644,0
1778472544.813878,0.25,-0.15,0.65,1,0.5389,0.7212,-0.075625,-0.023487,-0.201226,0.0005,0.1474,0.3909,2,0.19545,0.609,0.609,155644,0
1778472544.854044,0.25,-0.15,0.65,1,0.3889,0.5826,-0.073953,-0.026696,-0.195143,0.0004,0.1424,0.2461,1,0.2461,0.6949,0.6949,155644,0
1778472544.894214,0.268925,-0.130328,0.641301,1,0.4044,0.5926,-0.074087,-0.02821,-0.192102,0.0006,0.1403,0.2636,1,0.2636,2.0511,2.0511,155644,0
1778472544.934385,0.266187,-0.128116,0.638462,1,0.3807,0.5576,-0.076825,-0.025998,-0.194941,0.0005,0.1339,0.2462,1,0.24625,0.5208,0.5208,155644,0
1778472544.974752,0.25,-0.15,0.65,1,0.4085,0.5915,-0.080734,-0.023985,-0.197391,0.0007,0.1493,0.2585,1,0.25849,2.2662,2.2662,155648,0
1778472545.015097,0.262613,-0.129159,0.640573,1,0.4133,0.6162,-0.080399,-0.027041,-0.19283,0.0006,0.163,0.2497,1,0.24973,1.7556,1.7556,155648,0
1778472545.05528,0.264404,-0.132546,0.64617,1,0.372,1.1442,-0.078608,-0.030428,-0.187234,0.0005,0.1297,0.2418,1,0.24175,1.0129,1.0129,155648,0
1778472545.095571,0.261505,-0.129066,0.642725,1,0.4133,1.2088,-0.081507,-0.026949,-0.190679,0.0008,0.1559,0.2565,1,0.25653,1.0408,1.0408,155648,0
1778472545.135921,0.256367,-0.1241,0.637492,1,0.4189,1.2641,-0.086645,-0.021983,-0.195912,0.0005,0.1465,0.272,1,0.27195,0.8242,0.8242,155648,0
1778472545.176689,0.255629,-0.125064,0.640343,1,0.4393,0.6165,-0.087383,-0.022946,-0.193061,0.0006,0.1502,0.2885,1,0.28849,0.8493,0.8493,155660,0
1778472545.217183,0.25833,-0.128637,0.646719,1,0.2692,0.4019,-0.084682,-0.026519,-0.186685,0.0003,0.1072,0.1617,1,0.16174,0.8283,0.8283,155660,0
1778472545.257359,0.255807,-0.124785,0.646247,1,0.4411,0.6071,-0.087205,-0.022667,-0.187157,0.0006,0.1403,0.3001,1,0.30009,0.7633,0.7633,155660,0
1778472545.297532,0.250554,-0.119758,0.642737,1,0.406,0.5927,-0.092458,-0.017641,-0.190666,0.0005,0.153,0.2525,1,0.25253,0.7027,0.7027,155676,0
1778472545.337735,0.252291,-0.122312,0.643384,1,0.408,0.5976,-0.090721,-0.020194,-0.19002,0.0005,0.1503,0.2573,1,0.25729,0.8174,0.8174,155676,0
1778472545.377912,0.255527,-0.125555,0.644123,1,0.3963,0.5681,-0.087486,-0.023438,-0.189281,0.0006,0.1484,0.2472,1,0.2472,0.5978,0.5978,155676,0
1778472545.418092,0.250693,-0.119307,0.641905,1,0.3929,0.5792,-0.092319,-0.017189,-0.191498,0.0005,0.1426,0.2498,1,0.24977,1.0482,1.0482,155676,0
1778472545.458283,0.246879,-0.116255,0.640419,1,0.3543,0.506,-0.096134,-0.014137,-0.192984,0.0006,0.1149,0.2388,1,0.23884,0.5564,0.5564,155676,0
1778472545.498511,0.251872,-0.122838,0.64208,1,0.4042,0.5806,-0.09114,-0.02072,-0.191324,0.0005,0.1542,0.2496,1,0.24957,1.0456,1.0456,155676,0
1778472545.538666,0.251451,-0.124401,0.639902,1,0.4074,0.6037,-0.091561,-0.022283,-0.193502,0.0006,0.144,0.2628,1,0.26281,0.9103,0.9103,155676,0
1778472545.578832,0.243448,-0.118427,0.634412,1,0.4607,0.6336,-0.099565,-0.016309,-0.198991,0.0006,0.2054,0.2546,1,0.25464,0.7332,0.7332,155676,0
1778472545.619016,0.24067,-0.117252,0.62941,1,0.5087,0.7244,-0.102342,-0.015134,-0.203994,0.0006,0.1886,0.3195,1,0.3195,0.5421,0.5421,155676,0
1778472545.659204,0.25,-0.1,0.65,1,0.4081,0.5862,-0.096286,-0.021177,-0.203125,0.0004,0.1552,0.2525,1,0.25249,1.7026,1.7026,155680,0
1778472545.699456,0.25,-0.1,0.65,1,0.5074,0.6892,-0.095947,-0.021395,-0.202839,0.0007,0.1709,0.3359,1,0.33593,0.9952,0.9952,155680,0
1778472545.739633,0.25,-0.1,0.65,1,0.4322,0.6402,-0.098343,-0.019792,-0.205817,0.0007,0.156,0.2755,1,0.27555,0.6338,0.6338,155680,0
1778472545.779846,0.25,-0.15,0.65,1,0.5006,0.6683,-0.093255,-0.025502,-0.204764,0.0004,0.1251,0.3751,2,0.18756,0.6523,0.6523,155680,0
1778472545.820026,0.254703,-0.133955,0.629853,1,0.4,0.5849,-0.088309,-0.031837,-0.203551,0.0005,0.1458,0.2537,1,0.25374,1.3878,1.3878,155680,0
1778472545.860174,0.25,-0.15,0.65,1,0.4358,0.6336,-0.094895,-0.025689,-0.205736,0.0005,0.148,0.2873,1,0.28733,1.4003,1.4003,155680,0
1778472545.900411,0.25,-0.1,0.65,1,0.5442,0.7189,-0.101526,-0.020106,-0.206112,0.0005,0.1405,0.4032,2,0.2016,0.6303,0.6303,155680,0
1778472545.940601,0.25,-0.15,0.65,1,0.567,0.751,-0.095933,-0.025785,-0.204136,0.0005,0.1606,0.4059,2,0.20296,0.6369,0.6369,155684,0
1778472545.980754,0.251334,-0.132681,0.633073,1,0.404,0.595,-0.091678,-0.030563,-0.20033,0.0004,0.1523,0.2512,1,0.25125,1.1849,1.1849,155684,0
1778472546.020932,0.245432,-0.125135,0.635947,1,0.4708,0.6544,-0.09758,-0.023017,-0.197456,0.0007,0.2129,0.2572,1,0.25722,0.6675,0.6675,155684,0
1778472546.061087,0.24235,-0.122112,0.636957,1,0.4239,0.6292,-0.100663,-0.019994,-0.196447,0.0005,0.159,0.2644,1,0.26442,0.5989,0.5989,155684,0
1778472546.10123,0.248479,-0.129059,0.636564,1,0.3765,0.5549,-0.094533,-0.026941,-0.196839,0.0005,0.1295,0.2465,1,0.24654,0.7794,0.7794,155684,0
1778472546.141385,0.249286,-0.129747,0.638961,1,0.4042,0.5967,-0.093726,-0.027629,-0.194442,0.0007,0.1455,0.2579,1,0.25792,0.5709,0.5709,155684,0
1778472546.181537,0.243761,-0.123492,0.64482,1,0.4191,0.6219,-0.099251,-0.021374,-0.188584,0.0007,0.1578,0.2605,1,0.26051,0.8675,0.8675,155684,0
1778472546.221687,0.24637,-0.126107,0.653349,1,0.3984,0.5917,-0.096642,-0.023989,-0.180054,0.0005,0.142,0.2559,1,0.25591,2.4857,2.4857,155684,0
1778472546.261852,0.25276,-0.135089,0.661211,1,0.3947,0.5835,-0.090252,-0.032971,-0.172193,0.0005,0.142,0.2522,1,0.25221,1.2286,1.2286,155684,0
1778472546.30205,0.253047,-0.138038,0.666949,1,0.3892,0.5756,-0.089965,-0.03592,-0.166454,0.0005,0.134,0.2547,1,0.25471,0.6294,0.6294,155696,0
1778472546.342249,0.24825,-0.135353,0.669228,1,0.3954,0.5948,-0.094763,-0.033235,-0.164175,0.0005,0.1433,0.2516,1,0.25164,0.7663,0.7663,155696,0
1778472546.38311,0.243965,-0.135638,0.676671,1,0.2824,0.4026,-0.099047,-0.033521,-0.156732,0.0003,0.1113,0.1707,1,0.17073,1.4387,1.4387,155696,0
1778472546.423677,0.243968,-0.138128,0.686422,1,0.4429,0.6304,-0.099045,-0.03601,-0.146982,0.0003,0.1719,0.2707,1,0.27075,0.7503,0.7503,155696,0
1778472546.463896,0.244252,-0.139143,0.698363,1,0.4191,0.6021,-0.098761,-0.037025,-0.13504,0.0007,0.1642,0.2541,1,0.25413,0.6934,0.6934,155696,0
1778472546.504083,0.242654,-0.138848,0.71413,1,0.4084,0.6123,-0.100358,-0.03673,-0.119273,0.0006,0.1561,0.2517,1,0.25173,0.8235,0.8235,155696,0
1778472546.544255,0.240467,-0.137971,0.730211,1,0.3967,0.5657,-0.102545,-0.035853,-0.103193,0.0007,0.1424,0.2536,1,0.25356,0.8307,0.8307,155696,0
1778472546.584485,0.235458,-0.135852,0.753722,1,0.5135,0.7174,-0.107554,-0.033734,-0.079681,0.0008,0.1883,0.3244,1,0.32443,1.3936,1.3936,155696,0
1778472546.624835,0.25,-0.15,0.75,1,0.3544,0.5154,-0.112201,-0.032633,-0.060748,0.0006,0.127,0.2268,1,0.2268,1.6256,1.6256,155700,0
1778472546.665018,0.2,-0.15,0.8,1,0.6345,1.4873,-0.119737,-0.031729,-0.043457,0.0007,0.1618,0.472,2,0.236,0.7203,0.7203,155700,0
1778472546.685241,0.213472,-0.1331,0.805601,1,0.3567,0.7585,-0.12954,-0.030983,-0.027803,0.0005,0.1224,0.2339,1,0.23391,1.0911,1.0911,155700,0
1778472546.725577,0.204056,-0.13194,0.817514,1,0.4529,1.359,-0.138957,-0.029822,-0.01589,0.0005,0.1381,0.3143,1,0.31431,1.1184,1.1184,155700,0
1778472546.765821,0.2,-0.15,0.85,1,0.5702,3.2927,-0.149122,-0.027508,-0.007426,0.0007,0.1436,0.426,2,0.21299,1.0109,1.0109,155700,0
1778472546.805971,0.2,-0.15,0.85,1,0.3966,0.6893,-0.15925,-0.024486,-0.00178,0.0004,0.1423,0.2539,1,0.25387,0.7513,0.7513,155700,0
1778472546.846177,0.15,-0.1,0.85,1,0.7343,0.9543,-0.170493,-0.020427,0.001725,0.0008,0.1527,0.5808,2,0.2904,0.6767,0.6767,155700,0
1778472546.889141,0.160357,-0.11838,0.83721,1,0.4431,0.6325,-0.182655,-0.016263,0.003806,0.0005,0.145,0.2976,1,0.29757,1.3476,1.3476,155716,0
1778472546.929325,0.149177,-0.114383,0.837916,1,0.4665,0.6623,-0.193835,-0.012266,0.004512,0.0005,0.1656,0.3004,1,0.30043,1.1688,1.1688,155716,0
1778472546.969495,0.138439,-0.110513,0.837898,1,0.4393,0.621,-0.204573,-0.008395,0.004494,0.0005,0.1817,0.2571,1,0.25709,1.2445,1.2445,155716,0
1778472547.009681,0.128954,-0.106816,0.837343,1,0.3738,0.547,-0.214059,-0.004699,0.003939,0.0007,0.1333,0.2399,1,0.23986,1.2143,1.2143,155716,0
1778472547.049868,0.123296,-0.10398,0.836709,1,0.4207,0.6071,-0.219716,-0.001862,0.003306,0.0005,0.1604,0.2599,1,0.25987,1.18,1.18,155716,0
1778472547.090062,0.121619,-0.102268,0.83599,1,0.4863,0.6992,-0.221393,-0.00015,0.002587,0.0005,0.1845,0.3013,1,0.30126,1.1525,1.1525,155716,0
1778472547.130251,0.122877,-0.101156,0.835121,1,0.4753,0.6592,-0.220135,0.000962,0.001718,0.0005,0.1514,0.3234,1,0.32343,1.0696,1.0696,155716,0
1778472547.170398,0.126696,-0.100272,0.833715,1,0.3957,0.5809,-0.216316,0.001845,0.000311,0.0005,0.1367,0.2585,1,0.25855,0.9811,0.9811,155716,0
1778472547.21068,0.13102,-0.100127,0.832139,1,1.2529,1.4475,-0.211992,0.00199,-0.001265,0.0004,0.1302,1.1223,1,1.12232,0.9511,0.9511,155720,0
1778472547.250974,0.135126,-0.100411,0.830356,1,0.4143,0.6152,-0.207886,0.001707,-0.003047,0.0006,0.1486,0.2651,1,0.26511,0.9523,0.9523,155720,0
1778472547.291172,0.14192,-0.101245,0.827251,1,0.4404,0.6519,-0.201092,0.000873,-0.006153,0.0006,0.1496,0.2902,1,0.29017,0.9738,0.9738,155732,0
1778472547.331352,0.152008,-0.102696,0.822933,1,0.4268,0.6232,-0.191004,-0.000578,-0.010471,0.0008,0.152,0.274,1,0.274,1.1318,1.1318,155732,0
1778472547.371754,0.165729,-0.105789,0.816055,1,0.4049,0.5846,-0.177283,-0.003672,-0.017349,0.0006,0.1512,0.2531,1,0.25312,1.3323,1.3323,155732,0
1778472547.412025,0.181225,-0.109422,0.806016,1,0.4479,0.6589,-0.161787,-0.007304,-0.027388,0.0006,0.1633,0.284,1,0.284,1.4917,1.4917,155732,0
1778472547.452356,0.198224,-0.114037,0.792093,1,0.452,0.6329,-0.144789,-0.011919,-0.04131,0.0005,0.1518,0.2997,1,0.29967,1.7348,1.7348,155732,0
1778472547.492722,0.2,-0.1,0.8,1,0.4679,0.6921,-0.128499,-0.016864,-0.057802,0.0007,0.1687,0.2984,1,0.29844,0.5717,0.5717,155732,0
1778472547.533103,0.25,-0.1,0.75,1,0.5307,0.689,-0.112147,-0.022488,-0.079948,0.0007,0.1311,0.399,2,0.19948,0.9567,0.9567,155732,0
1778472547.573555,0.243892,-0.132258,0.731864,1,0.6424,0.8434,-0.09912,-0.03014,-0.101539,0.0009,0.1736,0.468,2,0.23398,0.8261,0.8261,155736,0
1778472547.613894,0.252867,-0.139261,0.708805,1,0.4474,0.6425,-0.090145,-0.037143,-0.124599,0.0007,0.1655,0.2812,1,0.28116,1.7618,1.7618,155736,0
1778472547.654031,0.255504,-0.144136,0.687645,1,0.3731,0.5512,-0.087509,-0.042018,-0.145758,0.0005,0.1329,0.2397,1,0.23971,1.2804,1.2804,155736,0
1778472547.694323,0.255221,-0.148225,0.671592,1,0.6128,0.8044,-0.087791,-0.046107,-0.161812,0.0006,0.3206,0.2915,1,0.29155,1.3116,1.3116,155736,0
1778472547.734585,0.252023,-0.149413,0.656858,1,0.4415,0.6361,-0.090989,-0.047295,-0.176545,0.0006,0.1696,0.2713,1,0.27132,0.8118,0.8118,155736,0
1778472547.775114,0.248719,-0.14995,0.646286,1,0.3741,0.5454,-0.094293,-0.047832,-0.187118,0.0004,0.1328,0.2409,1,0.24092,0.6236,0.6236,155736,0
1778472547.815321,0.246534,-0.150854,0.640364,1,0.4791,1.3705,-0.096479,-0.048736,-0.19304,0.0007,0.1764,0.302,1,0.30196,0.6498,0.6498,155736,0
1778472547.855628,0.246613,-0.151749,0.641288,1,0.3307,1.2494,-0.0964,-0.049631,-0.192115,0.0006,0.1094,0.2208,1,0.22078,0.683,0.683,155740,0
1778472547.896015,0.247672,-0.152858,0.64835,1,0.4441,1.9965,-0.095341,-0.05074,-0.185053,0.0007,0.1712,0.2722,1,0.27215,0.6929,0.6929,155740,0
1778472547.936869,0.247893,-0.153246,0.656854,1,0.4753,0.6865,-0.095119,-0.051129,-0.176549,0.0006,0.1712,0.3035,1,0.30346,0.7027,0.7027,155740,0
1778472547.97884,0.248118,-0.153787,0.664854,1,0.3781,0.544,-0.094894,-0.051669,-0.16855,0.0007,0.1394,0.238,1,0.23803,0.7188,0.7188,155740,0
1778472548.019089,0.248728,-0.154663,0.67249,1,0.411,0.6224,-0.094284,-0.052545,-0.160914,0.0007,0.1535,0.2568,1,0.2568,0.7027,0.7027,155740,0
1778472548.059289,0.249501,-0.155734,0.682245,1,0.4741,0.6999,-0.093511,-0.053616,-0.151158,0.0005,0.1769,0.2966,1,0.29661,0.7147,0.7147,155740,0
1778472548.099481,0.250822,-0.156918,0.69607,1,0.4432,0.6301,-0.092191,-0.0548,-0.137334,0.0006,0.1712,0.2713,1,0.27132,0.7778,0.7778,155740,0
1778472548.139717,0.252069,-0.157441,0.711114,1,0.4541,0.6476,-0.090943,-0.055323,-0.122289,0.0006,0.1665,0.287,1,0.28698,0.7718,0.7718,155740,0
1778472548.180654,0.252977,-0.157509,0.727026,1,0.3232,0.5183,-0.090035,-0.055391,-0.106378,0.0002,0.0744,0.2486,1,0.24855,0.7977,0.7977,155740,0
1778472548.220979,0.254584,-0.158168,0.745076,1,0.503,0.7437,-0.088428,-0.056051,-0.088328,0.001,0.1793,0.3227,1,0.3227,0.857,0.857,155744,0
1778472548.261228,0.254134,-0.1578,0.763023,1,0.4195,0.6188,-0.088878,-0.055682,-0.070381,0.0006,0.1562,0.2628,1,0.26275,0.8766,0.8766,155744,0
1778472548.30148,0.252605,-0.156679,0.782663,1,0.4586,0.6367,-0.090407,-0.054561,-0.050741,0.0007,0.1803,0.2776,1,0.27764,0.9844,0.9844,155744,0
1778472548.341749,0.249909,-0.154916,0.801581,1,0.4728,0.6629,-0.093104,-0.052798,-0.031822,0.0006,0.1531,0.3192,1,0.3192,0.9651,0.9651,155752,0
1778472548.38204,0.245699,-0.151982,0.821327,1,0.4821,0.6869,-0.097314,-0.049864,-0.012077,0.0007,0.1764,0.305,1,0.30503,1.078,1.078,155752,0
1778472548.422316,0.240962,-0.14886,0.840801,1,0.4134,0.6011,-0.10205,-0.046743,0.007398,0.0006,0.1498,0.2629,1,0.26295,1.0596,1.0596,155752,0
1778472548.462747,0.235959,-0.145811,0.858796,1,0.4972,0.7058,-0.107054,-0.043693,0.025392,0.0006,0.1712,0.3254,1,0.32538,1.0208,1.0208,155752,0
1778472548.502983,0.25,-0.15,0.9,1,0.6405,0.8292,-0.112211,-0.040649,0.041958,0.0006,0.1759,0.4639,2,0.23197,0.9085,0.9085,155752,0
1778472548.543245,0.225166,-0.139685,0.892458,1,0.5443,0.741,-0.117846,-0.037568,0.059054,0.0007,0.1453,0.3983,2,0.19914,0.8242,0.8242,155756,0
1778472548.583519,0.219602,-0.136348,0.908994,1,0.4668,0.6617,-0.123411,-0.034231,0.075591,0.0006,0.1865,0.2797,1,0.27966,2.2258,2.2258,155756,0
1778472548.623814,0.2,-0.15,0.9,1,0.6752,0.8817,-0.128128,-0.031057,0.090003,0.0008,0.1898,0.4847,2,0.24233,0.8728,0.8728,155756,0
1778472548.664681,0.2,-0.15,0.9,1,0.4014,0.5998,-0.132605,-0.027685,0.10451,0.0006,0.1455,0.2553,1,0.25526,1.6422,1.6422,155756,0
1778472548.685082,0.2,-0.15,0.9,1,0.3801,0.8165,-0.136801,-0.024224,0.117436,0.0005,0.1292,0.2504,1,0.25043,1.6394,1.6394,155756,0
1778472548.726111,0.2,-0.1,0.9,1,0.3456,1.0039,-0.141118,-0.020412,0.130007,0.0003,0.1092,0.2362,2,0.11808,1.1981,1.1981,155756,0
1778472548.766556,0.2,-0.1,0.9,1,0.3599,0.5252,-0.14546,-0.016398,0.141116,0.0005,0.1359,0.2234,1,0.22344,2.5318,2.5318,155756,0
1778472548.806726,0.2,-0.1,0.9,1,0.4299,0.6161,-0.149898,-0.011996,0.150562,0.0004,0.1587,0.2707,1,0.27072,2.7517,2.7517,155764,0
1778472548.847066,0.2,-0.1,0.9,1,0.4631,0.6745,-0.147817,-0.013975,0.145619,0.0007,0.1634,0.299,1,0.29905,2.5845,2.5845,155776,0
1778472548.887245,0.2,-0.1,0.9,1,0.3964,0.5717,-0.152364,-0.008017,0.142458,0.0006,0.1463,0.2495,1,0.24948,2.8015,2.8015,155776,0
1778472548.927546,0.2,-0.1,0.9,1,0.4059,0.6048,-0.159252,0.000716,0.148458,0.0007,0.1552,0.2501,1,0.25006,2.8515,2.8515,155776,0
1778472548.967818,0.2,-0.1,0.9,1,0.4654,0.7094,-0.162951,0.005445,0.154427,0.0005,0.168,0.2969,1,0.29688,2.8898,2.8898,155776,0
1778472549.008528,0.2,-0.1,0.9,1,0.41,0.588,-0.163446,0.006076,0.155256,0.0006,0.1614,0.248,1,0.24796,2.933,2.933,155776,0
1778472549.048798,0.2,-0.1,0.9,1,0.4173,0.6155,-0.163493,0.006137,0.155336,0.0006,0.1495,0.2673,1,0.26726,2.9914,2.9914,155776,0
1778472549.089029,0.2,-0.1,0.9,1,0.5216,0.7071,-0.163497,0.006142,0.155343,0.0005,0.1398,0.3814,2,0.1907,0.8301,0.8301,155776,0
1778472549.129203,0.2,-0.1,0.9,1,0.5543,0.7389,-0.163497,0.006142,0.155344,0.0006,0.1534,0.4003,2,0.20014,0.8281,0.8281,155780,0
1778472549.169381,0.2,-0.1,0.9,1,0.6051,0.8224,-0.163497,0.006142,0.155344,0.0006,0.1592,0.4453,2,0.22264,0.8244,0.8244,155780,0
1778472549.209657,0.2,-0.1,0.9,1,0.5246,0.6919,-0.163497,0.006142,0.155344,0.0005,0.1462,0.3779,2,0.18894,0.8213,0.8213,155780,0
1778472549.250058,0.2,-0.1,0.9,1,0.5717,0.7537,-0.163497,0.006142,0.155344,0.0008,0.1722,0.3987,2,0.19937,0.817,0.817,155780,0
1778472549.290449,0.2,-0.1,0.9,1,0.6341,0.818,-0.163497,0.006142,0.155344,0.0007,0.1897,0.4437,2,0.22184,0.8131,0.8131,155792,0
1778472549.330747,0.2,-0.1,0.9,1,0.7493,0.9776,-0.163497,0.006142,0.155344,0.0007,0.1847,0.5639,2,0.28195,0.8103,0.8103,155792,0
1778472549.37102,0.2,-0.1,0.9,1,0.5687,0.7488,-0.163497,0.006142,0.155344,0.0007,0.1586,0.4094,2,0.20472,0.8089,0.8089,155792,0
1778472549.411153,0.15,-0.1,0.9,1,0.4765,0.6329,-0.172001,0.019654,0.15574,0.0005,0.1066,0.3693,2,0.18465,0.8951,0.8951,155792,0
1778472550.539538,0.042033,-0.099453,0.840252,1,0.7187,0.9149,-0.14619,0.001245,-0.023869,0.0009,0.1613,0.5565,3,0.1855,2.7551,2.7551,155804,0
1778472550.579726,0.044943,-0.09904,0.833485,1,0.5841,0.7605,-0.14328,0.001658,-0.030637,0.0008,0.1579,0.4254,2,0.2127,2.0382,2.0382,155804,0
1778472550.620303,0.05052,-0.098515,0.826251,1,0.6022,0.7879,-0.137703,0.002183,-0.03787,0.0008,0.1574,0.444,2,0.22202,2.4838,2.4838,155804,0
1778472550.660589,0.05,-0.1,0.85,1,0.6031,0.7999,-0.129693,0.001349,-0.04777,0.0006,0.1476,0.4549,2,0.22744,1.8052,1.8052,155804,0
1778472550.700921,0.1,-0.1,0.8,1,0.5717,0.7665,-0.119958,-0.001712,-0.062617,0.0006,0.1647,0.4064,2,0.2032,2.5037,2.5037,155804,0
1778472550.74172,0.1,-0.1,0.8,0,20.8817,21.8287,-0.10916,-0.006545,-0.083132,0.0008,0.1828,20.6981,250,0.08279,25.6441,25.6441,155804,1
1778472550.784369,0.1,-0.1,0.8,1,0.5494,0.7128,-0.096929,-0.014404,-0.107903,0.0007,0.1529,0.3958,2,0.19791,2.1241,2.1241,155804,0
1778472550.824679,0.15,-0.1,0.75,1,0.5363,0.7103,-0.088599,-0.021897,-0.134165,0.0007,0.1425,0.3931,2,0.19654,1.7527,1.7527,155804,0
1778472550.845469,0.15,-0.15,0.7,1,0.5233,1.1643,-0.084195,-0.028223,-0.158376,0.0005,0.139,0.3838,2,0.19192,1.3877,1.3877,155808,0
1778472550.885842,0.15,-0.15,0.7,1,0.5484,3.4855,-0.081757,-0.033867,-0.179934,0.0008,0.1521,0.3955,2,0.19777,1.0802,1.0802,155808,0
1778472550.926044,0.15,-0.15,0.65,1,0.553,1.3142,-0.083948,-0.037586,-0.199243,0.0005,0.1569,0.3956,2,0.19779,0.9398,0.9398,155808,0
1778472550.966727,0.1,-0.15,0.6,1,24.5527,25.6778,-0.089977,-0.037064,-0.213102,0.0007,0.1647,24.3873,250,0.09755,9.1715,9.1715,155808,1
1778472551.013199,0.1,-0.15,0.6,1,20.0444,20.8802,-0.095002,-0.033998,-0.215146,0.0008,0.1863,19.8573,250,0.07943,9.1734,9.1734,155816,1
1778472551.054831,0.1,-0.15,0.6,1,19.0528,22.3715,-0.094586,-0.031974,-0.209826,0.0005,0.1183,18.9339,250,0.07574,9.1781,9.1781,155816,1
1778472551.097856,0.15,-0.15,0.65,1,0.5013,0.6542,-0.093007,-0.029957,-0.202967,0.0006,0.1311,0.3696,2,0.18482,1.7727,1.7727,155816,0
1778472551.138791,0.15,-0.15,0.65,1,0.6075,0.8279,-0.090524,-0.0294,-0.201049,0.0008,0.1708,0.436,2,0.21798,1.0112,1.0112,155816,0
1778472551.179075,0.15,-0.15,0.65,1,0.5397,0.7123,-0.090526,-0.028098,-0.200659,0.0005,0.1397,0.3995,2,0.19974,0.96,0.96,155820,0
1778472551.219295,0.15,-0.15,0.65,1,0.6024,0.7941,-0.091141,-0.027093,-0.200867,0.0006,0.1696,0.4322,2,0.21612,0.9769,0.9769,155820,0
1778472551.259494,0.15,-0.15,0.65,1,0.5825,0.7825,-0.09064,-0.027397,-0.200467,0.0006,0.1755,0.4064,2,0.20319,0.9753,0.9753,155820,0
1778472551.29974,0.15,-0.15,0.65,1,0.5085,0.6816,-0.090079,-0.027955,-0.198223,0.0006,0.1311,0.3767,2,0.18837,0.9771,0.9771,155820,0
1778472551.340024,0.15,-0.15,0.65,1,0.6158,0.8215,-0.089264,-0.028193,-0.195464,0.0009,0.1709,0.4441,2,0.22204,1.0002,1.0002,155820,0
1778472551.380212,0.15,-0.15,0.65,1,0.6167,0.7945,-0.088207,-0.028149,-0.192756,0.0005,0.1516,0.4647,2,0.23234,1.0248,1.0248,155820,0
1778472551.420417,0.15,-0.15,0.7,1,0.6144,0.7981,-0.087788,-0.027746,-0.188369,0.0007,0.1802,0.4335,2,0.21677,1.1512,1.1512,155820,0
1778472551.460606,0.15,-0.15,0.7,1,0.5755,0.7756,-0.087544,-0.027172,-0.181025,0.0005,0.1636,0.4113,2,0.20567,1.0738,1.0738,155824,0
1778472551.500787,0.15,-0.15,0.7,1,0.5493,0.7129,-0.087591,-0.025828,-0.171194,0.0005,0.1492,0.3997,2,0.19983,1.1088,1.1088,155824,0
1778472551.540985,0.15,-0.1,0.7,1,0.5619,0.7619,-0.087806,-0.023627,-0.158329,0.0006,0.1622,0.3991,2,0.19956,0.7588,0.7588,155824,0
1778472551.58119,0.15,-0.1,0.7,1,0.6421,0.86,-0.089366,-0.0201,-0.143836,0.0006,0.1669,0.4746,2,0.23732,1.5004,1.5004,155824,0
1778472551.62148,0.15,-0.1,0.75,1,0.5634,0.7452,-0.091423,-0.016039,-0.129049,0.0005,0.1554,0.4075,2,0.20373,1.2433,1.2433,155824,0
1778472551.661745,0.1,-0.1,0.8,1,0.6352,0.8512,-0.094995,-0.010552,-0.112869,0.0006,0.1645,0.4701,2,0.23503,1.9488,1.9488,155824,0
1778472551.702155,0.1,-0.1,0.8,1,0.5066,0.6688,-0.100062,-0.004629,-0.098094,0.0005,0.1277,0.3784,2,0.1892,1.5861,1.5861,155824,0
1778472551.742433,0.1,-0.1,0.8,0,24.3267,26.2707,-0.106673,0.001315,-0.083517,0.0006,0.1647,24.1614,250,0.09665,21.1602,21.1602,155840,1
1778472551.769188,0.1,-0.1,0.8,0,10.0292,10.8851,-0.114893,0.007361,-0.068269,0.0002,0.0435,9.9855,250,0.03994,12.9972,12.9972,155840,0
1778472551.809431,0.1,-0.1,0.8,1,0.6823,0.8662,-0.123357,0.012689,-0.054477,0.0006,0.1614,0.5203,3,0.17343,1.8268,1.8268,155840,0
1778472551.849847,0.05,-0.1,0.85,1,0.5472,0.75,-0.132008,0.017225,-0.042259,0.0007,0.1473,0.3993,2,0.19963,1.4659,1.4659,155840,0
1778472551.890212,0.048134,-0.079505,0.832008,1,0.5177,0.6764,-0.14009,0.021193,-0.032114,0.0005,0.1254,0.3919,2,0.19593,1.4569,1.4569,155840,0
1778472551.9305,0.040784,-0.076199,0.840483,1,0.6091,0.7878,-0.147439,0.024499,-0.023639,0.0007,0.1765,0.4318,2,0.21592,1.4757,1.4757,155840,0
1778472551.970884,0.033798,-0.072795,0.847529,1,0.5526,0.7651,-0.154426,0.027902,-0.016593,0.0006,0.1537,0.3983,2,0.19915,1.644,1.644,155840,0
1778472552.011095,0.05,-0.05,0.85,1,0.7248,0.9006,-0.161938,0.031708,-0.010211,0.0007,0.1632,0.561,3,0.18699,1.6784,1.6784,155840,0
1778472552.051282,0.019513,-0.065102,0.858566,1,0.5637,0.7554,-0.16871,0.035595,-0.005555,0.0007,0.1649,0.3982,2,0.1991,2.5344,2.5344,155840,0
1778472552.091649,0.015349,-0.062233,0.860884,1,0.5275,0.7093,-0.172874,0.038464,-0.003238,0.0005,0.1437,0.3833,2,0.19164,2.1272,2.1272,155840,0
1778472552.131933,0.011419,-0.059508,0.862762,1,0.5464,0.7462,-0.176804,0.04119,-0.001359,0.0006,0.1553,0.3905,2,0.19524,2.246,2.246,155840,0
1778472552.172188,0.007838,-0.057074,0.864065,1,0.5998,0.8003,-0.180385,0.043623,-5.7e-05,0.0005,0.1672,0.4321,2,0.21606,2.4645,2.4645,155844,0
1778472552.212379,0.004547,-0.054923,0.865088,1,0.5566,0.7359,-0.183676,0.045774,0.000967,0.0005,0.1505,0.4056,2,0.2028,2.6658,2.6658,155844,0
1778472552.252745,0.001262,-0.052986,0.866007,1,0.5734,0.755,-0.186962,0.047711,0.001885,0.0007,0.1667,0.4059,2,0.20294,2.8983,2.8983,155844,0
1778472552.293033,-0.001451,-0.05122,0.866653,1,0.6788,0.8756,-0.189674,0.049477,0.002531,0.0006,0.1499,0.5284,3,0.17612,1.8392,1.8392,155844,0
1778472552.333223,-0.003539,-0.049709,0.867073,1,0.6845,0.8726,-0.191762,0.050989,0.002951,0.0006,0.1649,0.5189,3,0.17298,1.8795,1.8795,155844,0
1778472552.373558,-0.005888,-0.048125,0.867818,1,0.7064,0.894,-0.194111,0.052573,0.003696,0.0008,0.1777,0.5279,3,0.17597,1.9302,1.9302,155856,0
1778472552.413887,-0.008081,-0.046564,0.868833,1,0.7393,1.1126,-0.196305,0.054133,0.004711,0.0007,0.1474,0.5912,3,0.19708,2.0118,2.0118,155856,0
1778472552.454093,-0.01052,-0.044859,0.870003,1,0.6981,0.8836,-0.198743,0.055838,0.005882,0.0006,0.1586,0.5389,3,0.17962,2.1112,2.1112,155860,0
1778472552.494399,-0.010813,-0.04456,0.8701,1,0.6753,0.8579,-0.199037,0.056137,0.005978,0.0006,0.1646,0.5101,3,0.17005,2.1959,2.1959,155860,0
1778472552.535006,-0.010291,-0.044947,0.869877,1,0.3429,0.4464,-0.198514,0.05575,0.005756,0.0002,0.0849,0.2577,3,0.08591,2.206,2.206,155860,0
1778472552.575227,-0.010212,-0.045007,0.869844,1,0.7371,3.4445,-0.198435,0.055691,0.005723,0.0006,0.1575,0.579,3,0.193,2.2005,2.2005,155860,0
1778472552.615426,-0.010203,-0.045013,0.869841,1,0.8005,1.8549,-0.198427,0.055684,0.005719,0.0006,0.1858,0.6141,3,0.2047,2.2077,2.2077,155860,0
1778472552.655598,-0.010203,-0.045013,0.86984,1,0.6549,1.2904,-0.198426,0.055684,0.005719,0.0004,0.1474,0.507,3,0.16901,2.2054,2.2054,155860,0
1778472552.695789,-0.010203,-0.045013,0.86984,1,0.7528,1.7301,-0.198426,0.055684,0.005719,0.0006,0.156,0.5962,3,0.19873,2.2196,2.2196,155860,0
1778472552.736085,-0.010203,-0.045013,0.86984,1,0.6368,1.243,-0.198426,0.055684,0.005719,0.0005,0.1264,0.5098,3,0.16994,2.2245,2.2245,155860,0
1778472552.777091,-0.0123,-0.04287,0.870152,1,0.6791,0.8423,-0.200523,0.057827,0.00603,0.0005,0.1517,0.5269,3,0.17564,2.171,2.171,155864,0
1778472552.817279,-0.0,-0.05,0.85,1,0.5728,0.7766,-0.208026,0.065494,0.007215,0.0006,0.1631,0.4091,2,0.20456,2.7636,2.7636,155864,0
1778472552.859071,-0.0,-0.05,0.85,1,0.5366,0.7123,-0.212647,0.070164,0.008031,0.0005,0.1378,0.3983,2,0.19916,2.6023,2.6023,155864,0
1778472552.899241,-0.05,-0.05,0.85,1,0.7409,0.9182,-0.214806,0.071867,0.008446,0.0005,0.1503,0.5902,3,0.19674,1.8213,1.8213,155864,0
1778472552.939441,-0.05,-0.05,0.85,1,0.7478,0.9542,-0.215965,0.072559,0.008733,0.0008,0.169,0.5781,3,0.1927,1.7995,1.7995,155864,0
1778472552.979622,-0.05,-0.05,0.85,1,0.7636,0.9328,-0.216902,0.073124,0.008833,0.0005,0.1581,0.6051,3,0.20169,1.7825,1.7825,155864,0
1778472553.019795,-0.05,-0.05,0.85,1,0.6304,0.8684,-0.217872,0.073536,0.008619,0.0004,0.1393,0.4907,3,0.16357,1.766,1.766,155864,0
1778472553.05993,-0.05,-0.05,0.85,1,0.6442,0.8184,-0.219545,0.073295,0.007987,0.0005,0.1269,0.5169,3,0.17229,1.7588,1.7588,155864,0
1778472553.100119,-0.05,-0.05,0.85,1,0.7748,0.9744,-0.220313,0.073492,0.007756,0.0005,0.1518,0.6225,3,0.2075,1.7263,1.7263,155872,0
1778472553.140272,-0.05,-0.05,0.85,1,0.741,0.9496,-0.220527,0.074251,0.007682,0.0005,0.1431,0.5974,3,0.19914,1.7125,1.7125,155876,0
1778472553.180483,-0.05,-0.05,0.85,1,1.0392,1.2672,-0.221572,0.074734,0.007314,0.0007,0.1878,0.8508,3,0.28359,1.6906,1.6906,155876,0
1778472553.221907,-0.05,-0.05,0.85,1,0.4237,0.5758,-0.224211,0.074669,0.006467,0.0005,0.1198,0.3034,3,0.10114,1.6705,1.6705,155876,0
1778472553.262114,-0.05,-0.05,0.85,1,0.4375,0.6051,-0.228129,0.07405,0.00531,0.0004,0.1248,0.3122,3,0.10408,1.6504,1.6504,155876,0
1778472553.302417,-0.05,-0.05,0.85,1,0.8212,1.0036,-0.231101,0.073554,0.004309,0.0002,0.1105,0.7104,3,0.23681,1.6335,1.6335,155888,0
1778472553.342779,-0.044539,-0.027025,0.867641,1,0.6705,0.8642,-0.232763,0.073673,0.00352,0.0007,0.1477,0.5221,3,0.17405,1.7123,1.7123,155888,0
1778472553.383216,-0.045828,-0.026618,0.867011,1,0.7982,0.998,-0.234051,0.074079,0.00289,0.0007,0.1627,0.6348,3,0.2116,1.8145,1.8145,155888,0
1778472553.423471,-0.047066,-0.026015,0.866322,1,0.8963,1.0642,-0.23529,0.074682,0.002201,0.0005,0.1757,0.72,3,0.23999,1.8601,1.8601,155892,0
1778472553.463824,-0.048026,-0.025294,0.865618,1,0.6922,0.8901,-0.23625,0.075403,0.001496,0.0006,0.1545,0.5371,3,0.17902,1.9051,1.9051,155892,0
1778472553.504064,-0.048586,-0.024507,0.86498,1,0.6548,0.8089,-0.23681,0.076191,0.000858,0.0006,0.1385,0.5157,3,0.17191,1.941,1.941,155892,0
1778472553.544341,-0.05,-0.05,0.85,1,0.6985,0.8921,-0.236908,0.076959,0.000398,0.0007,0.1516,0.5462,3,0.18206,1.8645,1.8645,155892,0
1778472553.584651,-0.05,-0.05,0.85,1,0.7115,0.9054,-0.236871,0.077124,0.000224,0.0006,0.1662,0.5448,3,0.18159,1.639,1.639,155892,0
1778472553.624852,-0.05,-0.05,0.85,1,0.7265,0.8972,-0.236801,0.077127,7e-06,0.0007,0.1567,0.5691,3,0.18969,1.6407,1.6407,155892,0
1778472553.644962,-0.048706,-0.023486,0.863851,1,0.6292,0.7922,-0.236929,0.077211,-0.00027,0.0005,0.1222,0.5065,3,0.16882,1.8864,1.8864,155892,0
1778472553.68525,-0.049021,-0.023304,0.863512,1,0.741,1.4992,-0.237244,0.077393,-0.000609,0.0005,0.1474,0.5931,3,0.1977,2.0021,2.0021,155892,0
1778472553.725894,-0.049295,-0.022991,0.862923,1,0.7222,1.4632,-0.237518,0.077706,-0.001198,0.0004,0.1558,0.5659,3,0.18865,2.0173,2.0173,155892,0
1778472553.766061,-0.049554,-0.022684,0.86232,1,0.6794,0.8378,-0.237777,0.078013,-0.001802,0.0005,0.1328,0.5461,3,0.18204,2.0337,2.0337,155904,0
1778472553.806451,-0.049885,-0.022528,0.861838,1,0.7327,1.1137,-0.238108,0.078169,-0.002284,0.0005,0.155,0.5773,3,0.19243,2.0512,2.0512,155904,0
1778472553.846821,-0.050142,-0.022465,0.861521,1,0.6986,0.9128,-0.238366,0.078232,-0.002601,0.0004,0.147,0.5512,3,0.18374,2.0621,2.0621,155904,0
1778472553.888227,-0.050458,-0.022456,0.861095,1,0.6981,0.8725,-0.238681,0.078241,-0.003026,0.0005,0.1478,0.5497,3,0.18325,2.0743,2.0743,155904,0
1778472553.928388,-0.050812,-0.022482,0.860632,1,0.6914,0.87,-0.239036,0.078215,-0.00349,0.0005,0.1591,0.5318,3,0.17726,2.085,2.085,155904,0
1778472553.968633,-0.051181,-0.022558,0.860156,1,0.6294,0.7969,-0.239404,0.078139,-0.003965,0.0004,0.1222,0.5068,3,0.16892,2.0959,2.0959,155904,0
1778472554.008811,-0.051062,-0.022506,0.859547,1,0.7377,0.9199,-0.239286,0.078191,-0.004575,0.0006,0.1401,0.5969,3,0.19898,2.0852,2.0852,155904,0
1778472554.04903,-0.050593,-0.022436,0.859178,1,0.74,0.929,-0.238816,0.078261,-0.004943,0.0005,0.1614,0.5781,3,0.19269,2.0723,2.0723,155908,0
1778472554.089169,-0.05031,-0.022306,0.858875,1,0.5983,0.757,-0.238533,0.078392,-0.005247,0.0005,0.1121,0.4857,3,0.16189,2.068,2.068,155908,0
1778472554.129369,-0.049445,-0.022531,0.860504,1,0.8046,1.002,-0.237668,0.078167,-0.003618,0.0007,0.1606,0.6434,3,0.21447,2.049,2.049,155908,0
1778472554.169682,-0.05,-0.05,0.85,1,0.7563,0.9804,-0.236135,0.077883,-0.001275,0.0005,0.1571,0.5987,3,0.19957,1.8583,1.8583,155908,0
1778472554.209835,-0.05,-0.05,0.85,1,0.6776,0.8594,-0.235616,0.077588,-0.000301,0.0006,0.1393,0.5377,3,0.17923,1.6636,1.6636,155908,0
1778472554.25001,-0.05,-0.05,0.85,1,0.7365,0.9243,-0.235586,0.077209,6.7e-05,0.0005,0.1482,0.5878,3,0.19593,1.6619,1.6619,155908,0
1778472554.291354,-0.047624,-0.023968,0.864681,1,0.3697,0.5885,-0.235848,0.07673,0.00056,0.0003,0.0872,0.2823,3,0.09408,1.8779,1.8779,155908,0
1778472554.331629,-0.048486,-0.025205,0.865459,1,0.6845,0.8805,-0.236709,0.075492,0.001338,0.0008,0.1561,0.5276,3,0.17588,1.9816,1.9816,155908,0
1778472554.371997,-0.050345,-0.028087,0.866843,1,0.7547,0.9691,-0.238568,0.07261,0.002722,0.0007,0.1774,0.5767,3,0.19224,2.0139,2.0139,155928,0
1778472554.41228,-0.052374,-0.0319,0.868605,1,0.725,0.9065,-0.240597,0.068797,0.004484,0.0006,0.1543,0.57,3,0.19,2.0307,2.0307,155928,0
1778472554.452665,-0.054648,-0.037375,0.870356,1,0.6899,0.8758,-0.242872,0.063323,0.006234,0.0007,0.1517,0.5374,3,0.17913,2.041,2.041,155928,0
1778472554.492942,-0.05667,-0.043657,0.872279,1,0.7192,0.9175,-0.244893,0.05704,0.008158,0.0006,0.1553,0.5634,3,0.18778,2.0452,2.0452,155928,0
1778472554.533135,-0.057855,-0.048849,0.873272,1,0.7042,0.8903,-0.246079,0.051848,0.00915,0.0005,0.1592,0.5445,3,0.1815,2.0382,2.0382,155928,0
1778472554.573432,-0.058957,-0.052736,0.872957,1,0.72,0.9126,-0.247181,0.047961,0.008836,0.0007,0.1783,0.541,3,0.18033,2.0449,2.0449,155928,0
1778472554.613721,-0.060074,-0.055486,0.872102,1,0.6535,0.805,-0.248297,0.045211,0.007981,0.0004,0.1368,0.5164,3,0.17212,2.061,2.061,155928,0
1778472554.653953,-0.061316,-0.05721,0.87042,1,0.7154,0.9072,-0.249539,0.043487,0.006299,0.0006,0.153,0.5618,3,0.18726,2.0839,2.0839,155928,0
1778472554.69415,-0.062816,-0.057894,0.868048,1,0.6993,0.8968,-0.251039,0.042804,0.003927,0.0006,0.1527,0.546,3,0.18199,2.1046,2.1046,155932,0
1778472554.734492,-0.06349,-0.057564,0.866701,1,0.7676,0.936,-0.251714,0.043133,0.00258,0.0007,0.1609,0.606,3,0.20199,2.0872,2.0872,155932,0
1778472554.774897,-0.0,-0.05,0.9,1,0.7012,0.8947,-0.211478,0.079042,0.083648,0.0005,0.1596,0.5411,3,0.18038,1.3422,1.3422,155932,0
1778472554.815098,-0.0,-0.05,0.9,1,0.6761,1.4197,-0.192331,0.096132,0.122255,0.0005,0.1409,0.5347,3,0.17823,1.3079,1.3079,155932,0
1778472556.834757,-0.05,-0.05,0.85,1,1.5541,1.7459,-0.169985,0.051283,-0.012764,0.0006,0.1662,1.3873,4,0.34682,2.5816,2.5816,155940,0
1778472556.875031,-0.05,-0.05,0.85,1,0.6911,1.7086,-0.169523,0.051104,-0.01262,0.001,0.1498,0.5403,3,0.18009,2.5876,2.5876,155940,0
1778472556.915274,-0.05,-0.05,0.85,1,0.7523,1.4508,-0.169788,0.05086,-0.012347,0.0007,0.18,0.5716,3,0.19052,2.5853,2.5853,155940,0
1778472556.955525,-0.05,-0.05,0.85,1,1.6436,1.8434,-0.170003,0.050772,-0.011963,0.0007,0.1864,1.4565,3,0.48551,2.5774,2.5774,155940,0
1778472556.995873,-0.05,-0.05,0.85,1,0.6256,0.774,-0.170293,0.05081,-0.01162,0.0005,0.1179,0.5072,3,0.16906,2.578,2.578,155944,0
1778472557.03624,-0.05,-0.05,0.85,1,0.6992,1.6741,-0.170663,0.050788,-0.011291,0.0005,0.15,0.5487,3,0.1829,2.5753,2.5753,155944,0
1778472557.076516,-0.05,-0.05,0.85,1,0.7331,1.8064,-0.171599,0.050761,-0.010199,0.0005,0.1611,0.5716,3,0.19052,2.5811,2.5811,155944,0
1778472557.119165,-0.05,-0.05,0.85,1,0.6841,0.8776,-0.173308,0.05099,-0.009021,0.0005,0.1504,0.5332,3,0.17774,2.6312,2.6312,155944,0
1778472557.159396,-0.05,-0.05,0.85,1,0.7104,0.9031,-0.176331,0.051691,-0.007727,0.0005,0.1685,0.5414,3,0.18047,2.7443,2.7443,155944,0
1778472557.199697,-0.05,-0.05,0.85,1,23.1902,26.7001,-0.181756,0.051905,-0.006065,0.0005,0.1488,23.0409,250,0.09216,3.0228,3.0228,155944,1
1778472557.22694,-0.05,-0.05,0.85,1,10.1757,10.7984,-0.188037,0.051468,-0.004432,0.0002,0.0533,10.1222,250,0.04049,3.3329,3.3329,155944,0
1778472557.267223,-0.05,-0.05,0.85,1,21.4945,22.0919,-0.194076,0.050441,-0.002429,0.0004,0.148,21.3461,250,0.08538,8.0064,8.0064,155944,1
1778472557.309942,-0.05,-0.05,0.85,0,18.0666,21.5701,-0.199085,0.049592,-0.000743,0.0006,0.1169,17.949,250,0.0718,14.5303,14.5303,155948,1
1778472557.352001,-0.05,-0.05,0.85,0,19.5014,20.2446,-0.201853,0.049139,0.000361,0.0008,0.1626,19.338,250,0.07735,18.6963,18.6963,155948,1
1778472557.392799,-0.05,-0.05,0.85,0,15.3287,16.4804,-0.203929,0.048843,0.00096,0.0005,0.1183,15.2099,250,0.06084,23.0462,23.0462,155948,0
1778472557.433253,-0.05,-0.05,0.85,0,19.9131,20.6557,-0.206502,0.04837,0.001017,0.0004,0.1251,19.7876,250,0.07915,31.8163,31.8163,155948,1
1778472557.474475,-0.05,-0.05,0.85,0,22.3973,23.5407,-0.210968,0.047379,0.000915,0.0006,0.1556,22.2411,250,0.08896,26.6732,26.6732,155948,1
1778472557.518601,-0.05,-0.05,0.85,0,20.4365,23.1272,-0.215987,0.04603,0.001044,0.0005,0.1349,20.3011,250,0.0812,37.8243,37.8243,155948,1
1778472557.562282,-0.05,-0.05,0.85,0,19.4887,20.6297,-0.221636,0.044368,0.000665,0.0006,0.1297,19.3584,250,0.07743,77.1187,77.1187,155952,1
1778472557.603397,-0.05,-0.05,0.85,0,17.3767,18.5229,-0.227696,0.042741,-0.000431,0.0004,0.1624,17.2138,250,0.06886,89.9467,89.9467,155952,0
1778472557.643766,-0.05,-0.05,0.85,0,18.8075,22.5736,-0.2325,0.041912,-0.001656,0.0006,0.1115,18.6954,250,0.07478,97.7236,97.7236,155956,1
1778472557.66671,-0.05,-0.05,0.85,0,9.9377,10.5757,-0.237115,0.041378,-0.003198,0.0003,0.054,9.8835,250,0.03953,105.3946,105.3946,155956,0
1778472557.707551,-0.05,-0.05,0.85,0,19.9203,21.075,-0.240715,0.040977,-0.004311,0.0006,0.1751,19.7446,250,0.07898,110.393,110.393,155956,1
1778472557.749291,-0.05,-0.05,0.85,0,19.1253,21.961,-0.242931,0.040523,-0.004868,0.0005,0.1221,19.0028,250,0.07601,113.475,113.475,155956,1
1778472557.791832,-0.05,-0.05,0.85,0,18.0916,18.1935,-0.244771,0.039533,-0.005417,0.0007,0.1461,17.9447,250,0.07178,117.4855,117.4855,155956,0
1778472557.832173,-0.05,-0.05,0.85,0,20.3922,21.3042,-0.246208,0.038483,-0.006071,0.0007,0.1136,20.2779,250,0.08111,120.529,120.529,155956,1
1778472557.874128,-0.05,-0.05,0.85,0,19.4094,19.4867,-0.24731,0.037673,-0.006551,0.0004,0.1032,19.3057,250,0.07722,121.7932,121.7932,155956,0
1778472557.917074,-0.05,-0.05,0.85,0,20.2171,23.0074,-0.247781,0.037242,-0.006572,0.0006,0.1428,20.0737,250,0.08029,121.942,121.942,155960,1
1778472557.960746,-0.05,-0.05,0.85,0,19.6293,22.3336,-0.248115,0.036695,-0.006829,0.0008,0.1895,19.439,250,0.07776,123.824,123.824,155960,1
1778472558.004105,-0.05,-0.05,0.85,0,16.2819,17.2933,-0.247927,0.036662,-0.0067,0.0005,0.1279,16.1534,250,0.06461,123.6495,123.6495,155960,0
1778472558.044261,-0.05,-0.05,0.85,0,17.7641,18.7558,-0.246671,0.037639,-0.00615,0.0006,0.1595,17.6039,250,0.07042,120.6863,120.6863,155960,0
1778472558.08458,-0.05,-0.05,0.85,0,19.2396,22.5773,-0.244725,0.038716,-0.005656,0.0006,0.1617,19.0773,250,0.07631,116.8218,116.8218,155960,1
1778472558.107604,-0.05,-0.05,0.85,0,10.0449,10.7919,-0.24162,0.040356,-0.004472,0.0002,0.047,9.9977,250,0.03999,109.7788,109.7788,155960,0
1778472558.148607,-0.05,-0.05,0.85,0,20.1424,21.2239,-0.237297,0.042401,-0.003081,0.0006,0.1289,20.0129,250,0.08005,100.1234,100.1234,155960,1
1778472558.190527,-0.05,-0.05,0.85,0,18.3532,21.3225,-0.232616,0.04442,-0.002534,0.0005,0.1298,18.2229,250,0.07289,90.1207,90.1207,155964,1
1778472558.232517,-0.05,-0.05,0.85,0,19.8197,20.8204,-0.227491,0.046577,-0.00254,0.0009,0.1705,19.6483,250,0.07859,82.5835,82.5835,155976,1
1778472558.27385,-0.05,-0.05,0.85,0,20.8169,21.5279,-0.221363,0.049614,-0.003428,0.0005,0.1627,20.6537,250,0.08261,45.6117,45.6117,155976,1
1778472558.316095,-0.05,-0.05,0.85,0,19.0125,20.4026,-0.213988,0.052388,-0.004702,0.0006,0.1318,18.8801,250,0.07552,25.3179,25.3179,155976,1
1778472558.358599,-0.05,-0.05,0.85,0,19.1796,20.3246,-0.206807,0.053432,-0.005388,0.0007,0.1532,19.0258,250,0.0761,16.3828,16.3828,155996,1
1778472558.399587,-0.05,-0.05,0.85,1,0.7002,0.8951,-0.198655,0.053235,-0.006347,0.0006,0.1477,0.5519,3,0.18396,2.9425,2.9425,155996,0
1778472558.439941,-0.05,-0.05,0.85,1,0.6932,0.8576,-0.191557,0.051483,-0.006624,0.0007,0.1413,0.5513,3,0.18376,2.9991,2.9991,155996,0
1778472558.480351,-0.050938,-0.021927,0.855291,1,23.6621,24.3445,-0.18337,0.048523,-0.006554,0.0008,0.168,23.4933,250,0.09397,3.5532,3.5532,155996,1
1778472558.525556,-0.043713,-0.025258,0.854766,1,19.4566,20.985,-0.176145,0.045193,-0.007078,0.0005,0.1553,19.3009,250,0.0772,3.4797,3.4797,155996,1
1778472558.54718,-0.03787,-0.029963,0.85494,1,9.3429,10.1943,-0.170303,0.040487,-0.006904,0.0002,0.0401,9.3027,250,0.03721,3.4634,3.4634,155996,0
1778472558.589091,-0.031762,-0.033789,0.853506,1,19.8818,21.4542,-0.164194,0.036662,-0.008339,0.0007,0.1599,19.7211,250,0.07888,4.6314,4.6314,156000,1
1778472558.631326,-0.025671,-0.036489,0.850499,1,18.5428,19.4676,-0.158103,0.033962,-0.011345,0.0005,0.1477,18.3946,250,0.07358,3.2517,3.2517,156000,0
1778472558.671638,-0.02055,-0.039296,0.847574,1,18.6065,19.7552,-0.152982,0.031154,-0.01427,0.0005,0.1364,18.4695,250,0.07388,5.7749,5.7749,156004,1
1778472558.712055,-0.017498,-0.041629,0.844449,1,20.289,22.0077,-0.14993,0.028822,-0.017395,0.0009,0.1505,20.1376,250,0.08055,3.1222,3.1222,156004,1
1778472558.75478,-0.01777,-0.043256,0.842745,1,18.3351,19.9994,-0.150202,0.027194,-0.0191,0.0005,0.1196,18.215,250,0.07286,3.104,3.104,156004,1
1778472558.795407,-0.020257,-0.044285,0.842408,1,18.7151,19.2457,-0.152689,0.026166,-0.019436,0.0006,0.168,18.5466,250,0.07419,4.0433,4.0433,156004,0
1778472558.835638,-0.022356,-0.044903,0.842643,1,15.2477,18.3822,-0.154789,0.025548,-0.019202,0.0005,0.1122,15.135,250,0.06054,3.0909,3.0909,156008,0
1778472558.875957,-0.024959,-0.045591,0.843902,1,20.8365,22.4166,-0.157392,0.02486,-0.017942,0.0006,0.1488,20.6871,250,0.08275,3.0737,3.0737,156008,1
1778472558.918969,-0.026791,-0.047109,0.845959,1,0.7183,0.9031,-0.159223,0.023342,-0.015886,0.0006,0.1657,0.5519,3,0.18397,2.9739,2.9739,156008,0
1778472558.959285,-0.02706,-0.04864,0.847644,1,0.7087,0.8878,-0.159492,0.021811,-0.0142,0.0005,0.1588,0.5494,3,0.18312,2.9219,2.9219,156008,0
1778472558.999474,-0.026509,-0.050153,0.848808,1,0.7238,0.8999,-0.158941,0.020298,-0.013036,0.0005,0.1725,0.5509,3,0.18363,2.8709,2.8709,156008,0
1778472559.039878,-0.025826,-0.051062,0.849231,1,0.7217,0.9123,-0.158258,0.019389,-0.012614,0.0007,0.1535,0.5675,3,0.18916,2.8339,2.8339,156008,0
1778472559.080053,-0.025623,-0.050979,0.849117,1,0.6686,0.8466,-0.158055,0.019472,-0.012727,0.0005,0.1306,0.5375,3,0.17916,2.8256,2.8256,156008,0
1778472559.120414,-0.026366,-0.05032,0.849055,1,0.6808,0.8566,-0.158799,0.020131,-0.01279,0.0007,0.1472,0.5329,3,0.17765,2.8551,2.8551,156008,0
1778472559.160755,-0.026644,-0.04972,0.849403,1,0.6614,0.8477,-0.159076,0.02073,-0.012441,0.0005,0.1493,0.5115,3,0.17051,2.8766,2.8766,156008,0
1778472559.201258,-0.027625,-0.048913,0.850014,1,0.6965,0.8742,-0.160057,0.021537,-0.011831,0.0005,0.1519,0.544,3,0.18135,2.9029,2.9029,156008,0
1778472559.241452,-0.029123,-0.048364,0.850914,1,0.7187,0.9094,-0.161555,0.022087,-0.01093,0.0006,0.1664,0.5516,3,0.18387,2.9764,2.9764,156012,0
1778472559.281843,-0.029867,-0.04822,0.851463,1,0.6372,0.8106,-0.162299,0.022231,-0.010381,0.0005,0.1338,0.5029,3,0.16764,2.9668,2.9668,156012,0
1778472559.322143,-0.030451,-0.048324,0.851957,1,20.591,21.7299,-0.162883,0.022127,-0.009887,0.0006,0.1538,20.4366,250,0.08175,6.3473,6.3473,156012,1
1778472559.344798,-0.030451,-0.048324,0.851957,0,9.7304,10.5306,-0.163285,0.021703,-0.009205,0.0003,0.0418,9.6882,250,0.03875,15.3116,15.3116,156012,0
1778472559.385111,-0.030451,-0.048324,0.851957,0,19.1619,19.9265,-0.162551,0.021323,-0.008874,0.0007,0.1826,18.9786,250,0.07591,20.1457,20.1457,156012,1
1778472559.425734,-0.030451,-0.048324,0.851957,0,17.9216,19.0791,-0.161048,0.020984,-0.008658,0.0005,0.1479,17.7733,250,0.07109,21.9661,21.9661,156012,0
1778472559.465892,-0.030451,-0.048324,0.851957,0,18.4268,21.4846,-0.158969,0.020525,-0.008639,0.0005,0.1384,18.288,250,0.07315,24.4377,24.4377,156016,1
1778472559.5079,-0.030451,-0.048324,0.851957,0,18.0349,19.5731,-0.15729,0.020163,-0.009081,0.0006,0.1647,17.8695,250,0.07148,26.0697,26.0697,156016,0
1778472559.548037,-0.030451,-0.048324,0.851957,0,17.2463,18.338,-0.156227,0.019728,-0.009849,0.0007,0.1251,17.1205,250,0.06848,27.3574,27.3574,156016,0
1778472559.588197,-0.030451,-0.048324,0.851957,0,19.4965,20.1379,-0.155109,0.019207,-0.010577,0.0006,0.1239,19.3721,250,0.07749,27.3605,27.3605,156016,1
1778472559.628956,-0.030451,-0.048324,0.851957,0,19.9197,21.3534,-0.154269,0.01887,-0.011318,0.0006,0.1504,19.7687,250,0.07907,27.445,27.445,156016,1
1778472559.670933,-0.030451,-0.048324,0.851957,0,24.1778,27.5341,-0.15336,0.018629,-0.012011,0.0002,0.0745,24.1031,250,0.09641,27.0411,27.0411,156016,1
1778472559.718929,-0.030451,-0.048324,0.851957,0,21.8414,23.011,-0.152724,0.018473,-0.012599,0.0006,0.1343,21.7064,250,0.08683,26.4693,26.4693,156016,1
1778472559.76242,-0.030451,-0.048324,0.851957,0,19.5142,20.497,-0.15247,0.018375,-0.013826,0.0005,0.1491,19.3646,250,0.07746,24.7357,24.7357,156016,1
1778472559.803355,-0.030451,-0.048324,0.851957,0,19.1462,22.236,-0.152586,0.018201,-0.015101,0.0005,0.1297,19.016,250,0.07606,22.9636,22.9636,156016,1
1778472559.826726,-0.030451,-0.048324,0.851957,0,16.4271,17.2639,-0.152983,0.017914,-0.016546,0.0003,0.0775,16.3493,250,0.0654,21.7456,21.7456,156020,0
1778472559.868536,-0.030451,-0.048324,0.851957,0,17.7579,18.8732,-0.153706,0.017875,-0.018378,0.0005,0.1526,17.6048,250,0.07042,19.508,19.508,156020,0
1778472559.908727,-0.030451,-0.048324,0.851957,0,18.97,21.9001,-0.153898,0.018324,-0.019412,0.0006,0.1088,18.8606,250,0.07544,18.0081,18.0081,156020,1
1778472559.951117,-0.030451,-0.048324,0.851957,0,19.3286,20.3012,-0.153026,0.019316,-0.019544,0.0004,0.1238,19.2045,250,0.07682,17.1772,17.1772,156020,1
1778472559.991874,-0.030451,-0.048324,0.851957,0,18.8296,19.9152,-0.151183,0.020671,-0.019165,0.0005,0.1538,18.6754,250,0.0747,15.5277,15.5277,156020,1
1778472560.032288,-0.030451,-0.048324,0.851957,0,18.3952,21.7343,-0.148581,0.022163,-0.018974,0.0005,0.1213,18.2734,250,0.07309,13.0228,13.0228,156020,1
1778472560.074562,-0.030451,-0.048324,0.851957,0,17.376,18.3357,-0.146477,0.02307,-0.019483,0.0004,0.1435,17.2321,250,0.06893,10.9396,10.9396,156020,0
1778472560.114845,-0.012222,-0.046761,0.841748,1,19.8787,20.5145,-0.144655,0.02369,-0.020096,0.0006,0.1477,19.7304,250,0.07892,8.1052,8.1052,156020,1
1778472560.156077,-0.010259,-0.046185,0.840331,1,0.6503,1.4309,-0.142692,0.024266,-0.021514,0.0004,0.1197,0.5302,3,0.17674,1.7516,1.7516,156024,0
1778472560.196727,-0.00855,-0.045869,0.839409,1,0.7021,1.0915,-0.140982,0.024581,-0.022436,0.0004,0.1463,0.5554,3,0.18512,1.7403,1.7403,156024,0
1778472560.236946,-0.0068,-0.045638,0.83837,1,0.692,0.8718,-0.139232,0.024813,-0.023475,0.0004,0.1435,0.5481,3,0.18269,1.7209,1.7209,156024,0
1778472560.277097,-0.005606,-0.045809,0.837479,1,0.698,0.8666,-0.138038,0.024642,-0.024366,0.0005,0.1378,0.5597,3,0.18658,1.711,1.711,156036,0
1778472560.31888,-0.004458,-0.04629,0.836411,1,0.603,1.0163,-0.13689,0.024161,-0.025434,0.0005,0.1652,0.4373,2,0.21864,2.9366,2.9366,156036,0
1778472560.35907,-0.003584,-0.047178,0.835294,1,0.5893,0.7731,-0.136016,0.023273,-0.02655,0.0005,0.1467,0.442,2,0.22102,2.7102,2.7102,156056,0
1778472560.39927,-0.002534,-0.048626,0.834609,1,0.6059,0.8416,-0.134966,0.021825,-0.027236,0.0008,0.1675,0.4376,2,0.21882,2.5029,2.5029,156056,0
1778472560.439997,-0.000954,-0.050302,0.834235,1,0.5894,0.7911,-0.133386,0.020149,-0.02761,0.0006,0.1548,0.434,2,0.217,2.2699,2.2699,156056,0
1778472560.480244,0.000725,-0.052232,0.833758,1,0.5795,0.743,-0.131708,0.018219,-0.028086,0.0005,0.1545,0.4246,2,0.21229,2.039,2.039,156056,0
1778472560.520454,0.00285,-0.054205,0.832782,1,0.5859,0.7649,-0.129583,0.016246,-0.029062,0.0007,0.177,0.4082,2,0.20408,1.7988,1.7988,156060,0
1778472560.560642,0.00523,-0.055557,0.831905,1,0.5827,0.7744,-0.127202,0.014894,-0.029939,0.0004,0.1479,0.4345,2,0.21724,1.6207,1.6207,156060,0
1778472560.600842,0.00796,-0.056594,0.831244,1,0.5772,0.7675,-0.124472,0.013857,-0.030601,0.0006,0.1555,0.4211,2,0.21055,1.483,1.483,156060,0
1778472560.641031,0.011078,-0.05756,0.830766,1,0.6088,0.8008,-0.121354,0.01289,-0.031079,0.0006,0.1625,0.4456,2,0.22281,1.3672,1.3672,156060,0
1778472560.681211,0.013611,-0.058462,0.830313,1,0.517,0.6789,-0.118821,0.011989,-0.031531,0.0005,0.1252,0.3912,2,0.19561,1.2966,1.2966,156060,0
1778472560.721503,0.01663,-0.059696,0.829368,1,0.6175,0.8039,-0.115802,0.010754,-0.032476,0.0005,0.1917,0.4253,2,0.21264,1.2509,1.2509,156060,0
1778472560.7617,-0.0,-0.05,0.85,1,0.6188,0.8287,-0.113075,0.009686,-0.033931,0.0008,0.1777,0.4403,2,0.22013,2.6527,2.6527,156060,0
1778472560.801877,-0.0,-0.05,0.85,1,0.5466,0.7325,-0.109971,0.008737,-0.035133,0.0005,0.1491,0.3969,2,0.19846,2.5621,2.5621,156064,0
1778472560.842074,0.05,-0.05,0.85,1,0.5788,0.7636,-0.107104,0.007835,-0.036395,0.0005,0.157,0.4213,2,0.21067,1.1081,1.1081,156064,0
1778472560.882249,0.05,-0.05,0.8,1,0.5658,0.7506,-0.104374,0.006672,-0.038277,0.0004,0.1397,0.4256,2,0.21282,1.6212,1.6212,156064,0
1778472560.922497,0.05,-0.05,0.8,1,0.6056,0.784,-0.102723,0.005145,-0.041399,0.0006,0.1725,0.4325,2,0.21624,1.5439,1.5439,156064,0
1778472560.962701,0.05,-0.05,0.8,1,0.6439,0.8915,-0.102509,0.003805,-0.045343,0.0005,0.1576,0.4858,2,0.24289,1.5531,1.5531,156064,0
1778472561.002987,0.05,-0.05,0.8,1,0.5151,0.6852,-0.102769,0.002882,-0.047987,0.0005,0.1282,0.3864,2,0.19322,1.5513,1.5513,156064,0
1778472561.043177,0.05,-0.05,0.8,1,1.0694,1.2544,-0.103067,0.002225,-0.049005,0.0004,0.1566,0.9124,2,0.45618,1.5512,1.5512,156064,0
1778472561.083388,0.05,-0.05,0.8,1,0.6813,0.8968,-0.103145,0.001537,-0.04994,0.0007,0.205,0.4755,2,0.23774,1.5336,1.5336,156064,0
1778472561.123736,0.05,-0.05,0.8,1,0.5414,0.7117,-0.104024,0.000891,-0.052095,0.0004,0.1467,0.3943,2,0.19715,1.5261,1.5261,156068,0
1778472561.16394,0.05,-0.05,0.8,1,0.6037,0.7992,-0.106132,0.000538,-0.054753,0.0006,0.1665,0.4366,2,0.21831,1.5325,1.5325,156068,0
1778472561.204376,-0.0,-0.05,0.8,1,26.6495,28.3313,-0.108094,-0.000617,-0.056707,0.0006,0.1561,26.4928,250,0.10597,4.4667,4.4667,156068,1
1778472561.233292,-0.0,-0.05,0.8,1,11.3,12.0843,-0.108358,-0.002518,-0.057842,0.0003,0.0611,11.2386,250,0.04495,4.4653,4.4653,156068,0
1778472561.273705,0.05,-0.05,0.8,1,0.5387,0.7355,-0.10676,-0.003256,-0.057595,0.0006,0.1371,0.401,2,0.20052,1.5338,1.5338,156068,0
1778472561.314105,0.05,-0.05,0.8,1,0.3367,0.445,-0.10495,-0.003071,-0.057287,0.0003,0.1021,0.2342,2,0.11712,1.513,1.513,156068,0
1778472561.354468,0.05,-0.05,0.8,1,0.5637,0.7542,-0.103709,-0.003022,-0.058052,0.0006,0.1594,0.4037,2,0.20185,1.4924,1.4924,156068,0
1778472561.394785,0.05,-0.05,0.8,1,0.5882,0.7604,-0.103077,-0.003279,-0.058886,0.0008,0.16,0.4275,2,0.21373,1.4909,1.4909,156068,0
1778472561.435036,0.05,-0.05,0.8,1,0.6001,0.7651,-0.102524,-0.00335,-0.059228,0.0006,0.1688,0.4307,2,0.21536,1.4877,1.4877,156068,0
1778472561.475262,0.05,-0.05,0.8,1,0.5937,1.5328,-0.102174,-0.003374,-0.059542,0.0006,0.1546,0.4386,2,0.21928,1.4802,1.4802,156072,0
1778472561.515594,0.05,-0.05,0.8,1,0.5619,1.5718,-0.102252,-0.00358,-0.06002,0.0005,0.1464,0.415,2,0.2075,1.475,1.475,156072,0
1778472561.555956,0.05,-0.05,0.8,1,0.5827,0.7742,-0.10265,-0.003893,-0.060804,0.0005,0.1692,0.4129,2,0.20647,1.4706,1.4706,156072,0
1778472561.596627,0.05,-0.05,0.8,1,0.6524,0.8533,-0.103015,-0.004331,-0.061464,0.0009,0.1554,0.4962,2,0.24809,1.4694,1.4694,156072,0
1778472561.636984,0.05,-0.05,0.8,1,0.6015,0.772,-0.10363,-0.00514,-0.06222,0.0006,0.1633,0.4377,2,0.21883,1.4694,1.4694,156072,0
1778472561.677332,0.05,-0.05,0.8,1,0.5709,0.7563,-0.104541,-0.006664,-0.063389,0.0006,0.1445,0.4258,2,0.21288,1.4679,1.4679,156072,0
1778472561.717674,0.05,-0.05,0.8,1,0.5845,0.7672,-0.105864,-0.009079,-0.065123,0.0005,0.1445,0.4395,2,0.21973,1.4639,1.4639,156072,0
1778472561.757963,-0.0,-0.05,0.8,1,23.1464,23.9017,-0.1075,-0.011364,-0.066455,0.0005,0.165,22.981,250,0.09192,4.4157,4.4157,156076,1
1778472561.802693,-0.0,-0.05,0.8,1,17.4018,18.2261,-0.110234,-0.014556,-0.067905,0.0004,0.1482,17.2532,250,0.06901,4.421,4.421,156076,0
1778472561.842919,-0.0,-0.05,0.8,1,19.0918,22.3227,-0.112724,-0.017484,-0.069292,0.0004,0.1211,18.9703,250,0.07588,4.4218,4.4218,156076,1
1778472561.865925,-0.0,-0.05,0.8,1,10.8764,11.595,-0.115074,-0.019939,-0.070077,0.0003,0.0387,10.8374,250,0.04335,4.4269,4.4269,156076,0
1778472561.906349,-0.0,-0.05,0.8,1,14.8794,15.7447,-0.117337,-0.022296,-0.070444,0.0004,0.1025,14.7765,250,0.05911,4.4331,4.4331,156076,0
1778472561.948558,-0.0,-0.05,0.8,1,19.3518,20.2749,-0.119187,-0.024898,-0.070573,0.0004,0.1169,19.2345,250,0.07694,4.4401,4.4401,156076,1
1778472561.989556,-0.0,-0.05,0.8,1,21.117,23.9504,-0.12049,-0.027279,-0.070613,0.0007,0.1778,20.9385,250,0.08375,4.4451,4.4451,156080,1
1778472562.034129,-0.0,-0.05,0.8,1,19.2133,22.3736,-0.122943,-0.031366,-0.06912,0.0007,0.1141,19.0986,250,0.07639,4.4965,4.4965,156080,1
1778472562.077211,-0.0,-0.1,0.85,1,0.657,0.8184,-0.125672,-0.035688,-0.067325,0.0006,0.1386,0.5179,3,0.17263,1.3838,1.3838,156080,0
1778472562.117429,-0.0,-0.1,0.85,1,0.6581,0.8441,-0.127284,-0.039257,-0.067256,0.0007,0.185,0.4724,2,0.23619,1.8411,1.8411,156080,0
1778472562.158499,-0.0,-0.1,0.85,1,0.6306,0.8236,-0.128549,-0.04203,-0.066601,0.0006,0.1901,0.4399,2,0.21993,1.8367,1.8367,156080,0
1778472562.198705,-0.0,-0.1,0.85,1,0.6076,0.8033,-0.129161,-0.04453,-0.06693,0.0006,0.1608,0.4462,2,0.22312,1.8373,1.8373,156080,0
1778472562.239005,-0.0,-0.1,0.85,1,0.6189,0.8246,-0.129643,-0.046886,-0.068344,0.0005,0.1575,0.4609,2,0.23046,1.8389,1.8389,156080,0
1778472562.27917,-0.0,-0.1,0.85,1,0.5677,0.7375,-0.130046,-0.048531,-0.068708,0.0005,0.1468,0.4204,2,0.21019,1.8351,1.8351,156080,0
1778472562.31942,-0.0,-0.1,0.85,1,0.596,0.7828,-0.130133,-0.050039,-0.069065,0.0005,0.1575,0.438,2,0.21899,1.8325,1.8325,156092,0
1778472562.359653,-0.0,-0.1,0.85,1,0.5565,0.7222,-0.130613,-0.052164,-0.069961,0.0005,0.1515,0.4045,2,0.20225,1.8294,1.8294,156112,0
1778472562.399851,-0.0,-0.1,0.85,1,0.5934,0.7783,-0.130881,-0.054292,-0.07242,0.0006,0.1584,0.4344,2,0.21721,1.8329,1.8329,156116,0
1778472562.440046,-0.0,-0.15,0.85,1,0.836,1.0195,-0.130747,-0.055981,-0.075439,0.0009,0.1804,0.6547,3,0.21824,1.2869,1.2869,156116,0
1778472562.480226,-0.0,-0.15,0.85,1,0.5198,0.6816,-0.130175,-0.057657,-0.07857,0.0005,0.1255,0.3938,2,0.19689,2.4019,2.4019,156116,0
1778472562.520428,-0.0,-0.15,0.85,1,0.5751,0.7676,-0.129545,-0.060291,-0.082236,0.0006,0.1688,0.4057,2,0.20284,2.4475,2.4475,156116,0
1778472562.560634,-0.0,-0.15,0.85,1,0.5562,0.7587,-0.129644,-0.063149,-0.084773,0.0006,0.1449,0.4108,2,0.20538,2.487,2.487,156116,0
1778472562.600972,-0.0,-0.15,0.85,1,0.5836,0.7651,-0.129905,-0.066019,-0.086373,0.0005,0.1626,0.4205,2,0.21025,2.4932,2.4932,156116,0
1778472562.641185,-0.0,-0.15,0.85,1,0.6148,0.7983,-0.12991,-0.069133,-0.088486,0.0005,0.186,0.4283,2,0.21414,2.4364,2.4364,156116,0
1778472562.681349,-0.0,-0.15,0.85,1,24.3274,25.9939,-0.129926,-0.072517,-0.090779,0.0006,0.1183,24.2084,250,0.09683,4.7677,4.7677,156116,1
1778472562.707979,-0.0,-0.15,0.85,1,10.5119,11.1614,-0.129739,-0.07539,-0.092893,0.0003,0.0515,10.4602,250,0.04184,9.9104,9.9104,156116,0
1778472562.748662,-0.0,-0.15,0.85,0,19.8666,20.6418,-0.129648,-0.077743,-0.094467,0.0005,0.1512,19.7149,250,0.07886,10.5965,10.5965,156120,1
1778472562.789833,-0.0,-0.15,0.85,0,19.0593,19.7742,-0.129486,-0.080813,-0.096801,0.0004,0.1371,18.9219,250,0.07569,14.1014,14.1014,156120,0
1778472562.830249,-0.0,-0.15,0.85,0,18.5751,19.6088,-0.129761,-0.084101,-0.098788,0.0006,0.169,18.4054,250,0.07362,16.714,16.714,156120,0
1778472562.870416,-0.0,-0.15,0.85,0,19.9128,22.7188,-0.129998,-0.08789,-0.100647,0.0005,0.1035,19.8087,250,0.07923,21.2335,21.2335,156120,1
1778472562.913644,-0.0,-0.15,0.85,0,24.6986,25.9697,-0.130307,-0.091952,-0.102955,0.0002,0.1435,24.5548,250,0.09822,27.3044,27.3044,156120,1
1778472562.960144,-0.0,-0.15,0.85,0,20.3911,21.4051,-0.130697,-0.096302,-0.104931,0.0007,0.1461,20.2443,250,0.08098,111.8916,111.8916,156120,1
1778472563.002176,-0.0,-0.15,0.85,0,19.805,23.2073,-0.131319,-0.100981,-0.106649,0.0005,0.1082,19.6962,250,0.07878,115.8653,115.8653,156124,1
1778472563.025753,-0.0,-0.15,0.85,0,10.5732,11.2144,-0.131939,-0.104626,-0.108149,0.0003,0.0571,10.5158,250,0.04206,117.2959,117.2959,156124,0
1778472563.066036,-0.0,-0.15,0.85,0,19.0279,22.087,-0.132383,-0.108598,-0.109666,0.0005,0.102,18.9254,250,0.0757,118.1824,118.1824,156124,1
1778472563.109005,-0.0,-0.15,0.85,0,19.3047,22.0498,-0.133296,-0.112401,-0.110508,0.0006,0.1419,19.1623,250,0.07665,138.6356,138.6356,156128,1
1778472563.151635,-0.0,-0.15,0.85,0,21.5075,22.6937,-0.134936,-0.116207,-0.110233,0.0006,0.1445,21.3624,250,0.08545,124.1233,124.1233,156128,1
1778472563.194983,-0.0,-0.15,0.85,0,17.8544,18.9576,-0.136446,-0.121353,-0.108585,0.0006,0.1658,17.688,250,0.07075,35.7645,35.7645,156128,0
1778472563.235157,-0.0,-0.15,0.85,0,18.2072,19.1707,-0.137854,-0.125078,-0.105105,0.0004,0.1356,18.0712,250,0.07228,18.0732,18.0732,156128,0
1778472563.275415,-0.0,-0.25,0.8,1,17.6964,20.8102,-0.137595,-0.128491,-0.099989,0.0006,0.1486,17.5472,250,0.07019,8.9282,8.9282,156128,1
1778472563.316984,-0.0,-0.25,0.8,1,19.8444,22.8906,-0.135745,-0.132244,-0.096101,0.0005,0.1469,19.697,250,0.07879,8.9031,8.9031,156132,1
1778472563.360696,-0.0,-0.25,0.8,1,19.5258,20.6378,-0.133869,-0.135835,-0.092764,0.0006,0.1446,19.3806,250,0.07752,8.8682,8.8682,156132,1
1778472563.402159,-0.0,-0.25,0.8,1,18.9158,19.7851,-0.131572,-0.140932,-0.089666,0.0007,0.1625,18.7526,250,0.07501,8.8449,8.8449,156132,1
1778472563.442578,-0.0,-0.25,0.8,1,18.6263,21.6179,-0.129161,-0.145647,-0.087824,0.0005,0.1388,18.487,250,0.07395,8.8297,8.8297,156132,1
1778472563.484868,-0.0,-0.25,0.8,1,18.1129,21.3597,-0.126253,-0.150113,-0.086963,0.0006,0.1134,17.9988,250,0.072,8.8213,8.8213,156132,1
1778472563.506849,-0.0,-0.25,0.8,1,23.7061,24.7979,-0.123603,-0.154468,-0.087029,0.0002,0.0537,23.6522,250,0.09461,8.8136,8.8136,156132,1
1778472563.552166,-0.0,-0.25,0.8,1,21.2096,22.7479,-0.120582,-0.158295,-0.086994,0.0005,0.1328,21.0762,250,0.0843,8.8068,8.8068,156132,1
1778472563.595527,-0.0,-0.25,0.8,1,25.8758,27.7213,-0.116562,-0.162855,-0.086811,0.0002,0.0998,25.7759,250,0.1031,8.8008,8.8008,156136,1
1778472563.644105,-0.0,-0.25,0.8,1,24.8812,26.818,-0.112578,-0.167348,-0.087017,0.0008,0.1824,24.698,250,0.09879,8.7981,8.7981,156136,1
1778472563.671633,-0.0,-0.25,0.8,1,9.611,9.8185,-0.107889,-0.172601,-0.087682,0.0003,0.0444,9.5663,250,0.03827,8.7954,8.7954,156136,0
1778472563.711945,0.05,-0.25,0.8,1,0.5634,0.7689,-0.106349,-0.142582,-0.068764,0.0004,0.1497,0.4133,2,0.20663,2.8915,2.8915,156136,0
1778472564.842738,0.049593,-0.200453,0.841266,1,0.697,0.8709,-0.084033,-0.010319,0.002104,0.0006,0.145,0.5514,3,0.18379,2.5736,2.5736,156144,0
1778472564.883075,0.043963,-0.197974,0.838976,1,0.5488,0.7169,-0.089663,-0.00784,-0.000186,0.0004,0.1358,0.4125,2,0.20627,2.0001,2.0001,156144,0
1778472564.923376,0.037777,-0.195875,0.836155,1,0.6822,0.8688,-0.095849,-0.005741,-0.003007,0.0008,0.1418,0.5397,3,0.17988,2.1893,2.1893,156144,0
1778472564.963749,0.033075,-0.194129,0.833417,1,21.8575,22.6044,-0.100551,-0.003995,-0.005744,0.0008,0.1581,21.6986,250,0.08679,4.1317,4.1317,156144,1
1778472564.986863,0.029599,-0.193129,0.831187,1,9.8108,9.8753,-0.104027,-0.002995,-0.007974,0.0003,0.0424,9.7682,250,0.03907,7.1924,7.1924,156144,0
1778472565.028979,0.05,-0.2,0.85,1,0.7409,0.9491,-0.10717,-0.002708,-0.00982,0.0007,0.1575,0.5827,3,0.19424,2.2344,2.2344,156144,0
1778472565.069255,-0.0,-0.2,0.85,1,0.6816,0.8537,-0.110199,-0.002688,-0.011827,0.0005,0.1451,0.5359,3,0.17864,2.0901,2.0901,156148,0
1778472565.109538,-0.0,-0.2,0.85,1,0.8008,0.9774,-0.113287,-0.002793,-0.013994,0.0007,0.1642,0.636,4,0.15899,1.419,1.419,156148,0
1778472565.149904,-0.0,-0.2,0.85,1,0.8041,0.9837,-0.116358,-0.002861,-0.016853,0.0005,0.1511,0.6524,4,0.16311,1.4314,1.4314,156148,0
1778472565.190194,-0.0,-0.2,0.85,1,0.687,0.8777,-0.118059,-0.002628,-0.019726,0.0007,0.1554,0.5309,3,0.17697,1.6375,1.6375,156148,0
1778472565.230414,-0.0,-0.2,0.85,1,0.7733,0.9679,-0.11894,-0.002299,-0.022824,0.0006,0.1788,0.5939,3,0.19796,1.7143,1.7143,156148,0
1778472565.270752,-0.0,-0.2,0.85,1,24.4051,25.3219,-0.119841,-0.002416,-0.025789,0.0005,0.1194,24.2852,250,0.09714,6.2507,6.2507,156148,1
1778472565.317976,-0.0,-0.2,0.85,0,18.8651,19.3878,-0.121267,-0.003349,-0.029407,0.0006,0.1427,18.7218,250,0.07489,20.949,20.949,156148,0
1778472565.358958,-0.0,-0.2,0.85,0,20.5768,21.3751,-0.122919,-0.004526,-0.032882,0.0007,0.1531,20.423,250,0.08169,35.3262,35.3262,156160,1
1778472565.400951,-0.0,-0.2,0.85,0,20.4704,22.0281,-0.124459,-0.005877,-0.036436,0.0005,0.1028,20.3672,250,0.08147,50.5589,50.5589,156164,1
1778472565.425954,-0.0,-0.2,0.85,0,21.9203,22.7051,-0.12551,-0.007286,-0.040019,0.0005,0.1108,21.8091,250,0.08724,64.4203,64.4203,156184,1
1778472565.469395,-0.0,-0.2,0.85,0,19.052,20.1789,-0.126001,-0.008147,-0.043195,0.0005,0.1326,18.919,250,0.07568,127.7595,127.7595,156184,1
1778472565.510148,-0.0,-0.2,0.85,0,18.8284,21.8117,-0.125584,-0.008429,-0.044964,0.0006,0.1218,18.706,250,0.07482,133.3349,133.3349,156184,1
1778472565.552525,-0.0,-0.2,0.85,0,20.8323,20.937,-0.125044,-0.009093,-0.046581,0.0006,0.1666,20.6651,250,0.08266,139.3191,139.3191,156184,1
1778472565.594096,-0.0,-0.2,0.85,0,19.446,20.2146,-0.124948,-0.009605,-0.04806,0.0006,0.1186,19.3268,250,0.07731,143.8178,143.8178,156184,1
1778472565.634952,-0.0,-0.2,0.85,0,23.5253,26.5469,-0.124811,-0.009795,-0.048647,0.0006,0.1348,23.3899,250,0.09356,144.9587,144.9587,156188,1
1778472565.682069,-0.0,-0.2,0.85,0,21.2403,24.5432,-0.124274,-0.009237,-0.048224,0.0006,0.1514,21.0883,250,0.08435,144.3704,144.3704,156188,1
1778472565.706976,-0.0,-0.2,0.85,0,10.6504,11.3988,-0.123665,-0.008305,-0.047187,0.0002,0.0449,10.6053,250,0.04242,143.2283,143.2283,156188,0
1778472565.748703,-0.0,-0.2,0.85,0,18.8882,19.8215,-0.123104,-0.007459,-0.046482,0.0006,0.149,18.7385,250,0.07495,142.984,142.984,156188,1
1778472565.789163,-0.0,-0.2,0.85,0,20.3089,22.9614,-0.122526,-0.006605,-0.045897,0.0006,0.1446,20.1638,250,0.08066,143.1016,143.1016,156188,1
1778472565.832629,-0.0,-0.2,0.85,0,20.7002,21.7199,-0.121813,-0.005752,-0.04533,0.0005,0.1503,20.5494,250,0.0822,142.7961,142.7961,156188,1
1778472565.874889,-0.0,-0.2,0.85,0,16.7809,17.673,-0.121411,-0.005315,-0.044911,0.0004,0.1311,16.6493,250,0.0666,142.6569,142.6569,156188,0
1778472565.915283,-0.0,-0.2,0.85,0,23.2529,24.2766,-0.121278,-0.005215,-0.044675,0.0007,0.1515,23.1007,250,0.0924,142.5286,142.5286,156188,1
1778472565.960149,-0.0,-0.2,0.85,0,19.6336,22.6611,-0.12171,-0.005955,-0.04491,0.0005,0.1078,19.5253,250,0.0781,142.7328,142.7328,156192,1
1778472566.003308,-0.0,-0.2,0.85,0,19.8472,20.8584,-0.121921,-0.006478,-0.045248,0.0006,0.1528,19.6937,250,0.07877,143.1788,143.1788,156192,1
1778472566.025072,-0.0,-0.2,0.85,0,10.3808,13.4635,-0.12178,-0.006331,-0.045239,0.0002,0.0394,10.3411,250,0.04136,143.6841,143.6841,156192,0
1778472566.065357,-0.0,-0.2,0.85,0,18.4567,19.5231,-0.122214,-0.006995,-0.045564,0.0006,0.1466,18.3096,250,0.07324,143.8506,143.8506,156192,0
1778472566.125828,-0.0,-0.2,0.85,0,23.6501,26.3993,-0.122576,-0.007433,-0.045885,0.0005,0.1394,23.5101,250,0.09404,144.1696,144.1696,156192,1
1778472566.152622,-0.0,-0.2,0.85,0,11.0634,11.9172,-0.122669,-0.007297,-0.045886,0.0002,0.0364,11.0267,250,0.04411,144.5413,144.5413,156192,0
1778472566.193062,-0.0,-0.2,0.85,0,20.2017,23.8381,-0.122925,-0.007542,-0.046139,0.0005,0.1419,20.0593,250,0.08024,144.8545,144.8545,156192,1
1778472566.237446,-0.0,-0.2,0.85,0,21.6043,23.2615,-0.123449,-0.00819,-0.04649,0.0007,0.1731,21.4305,250,0.08572,145.0672,145.0672,156192,1
1778472566.281194,-0.0,-0.2,0.85,0,23.4377,24.7102,-0.123856,-0.009072,-0.047128,0.0002,0.0587,23.3788,250,0.09352,145.389,145.389,156192,1
1778472566.306516,-0.0,-0.2,0.85,0,10.9869,11.6078,-0.124233,-0.009939,-0.047971,0.0005,0.0749,10.9115,250,0.04365,146.1449,146.1449,156192,0
1778472566.346759,-0.0,-0.2,0.85,0,19.4787,22.3211,-0.124449,-0.01012,-0.048398,0.0006,0.1528,19.3253,250,0.0773,146.6514,146.6514,156192,1
1778472566.389683,-0.0,-0.2,0.85,0,20.3833,21.5763,-0.124546,-0.01026,-0.048422,0.0006,0.1427,20.2401,250,0.08096,146.3634,146.3634,156192,1
1778472566.431892,-0.0,-0.2,0.85,0,19.1482,19.8079,-0.12465,-0.01052,-0.048393,0.0005,0.141,19.0067,250,0.07603,144.6281,144.6281,156192,1
1778472566.472291,-0.0,-0.2,0.85,0,17.6221,20.6967,-0.124748,-0.010786,-0.047798,0.0006,0.1677,17.4538,250,0.06982,139.7654,139.7654,156192,1
1778472566.51363,-0.0,-0.2,0.85,0,20.6766,24.37,-0.124952,-0.01085,-0.046229,0.0006,0.1188,20.5572,250,0.08223,132.5886,132.5886,156192,1
1778472566.558578,-0.0,-0.2,0.85,0,20.8893,21.61,-0.124997,-0.010613,-0.044115,0.0005,0.1348,20.754,250,0.08302,123.3675,123.3675,156192,1
1778472566.600864,-0.0,-0.2,0.85,0,19.6618,20.5633,-0.124389,-0.009791,-0.041389,0.0006,0.1511,19.51,250,0.07804,35.2381,35.2381,156192,1
1778472566.641989,-0.0,-0.2,0.85,0,17.8435,21.1006,-0.123208,-0.008536,-0.038663,0.0005,0.1068,17.7362,250,0.07094,45.5618,45.5618,156196,1
1778472566.683611,-0.0,-0.2,0.85,0,19.1535,20.318,-0.121585,-0.007408,-0.035633,0.0006,0.1571,18.9958,250,0.07598,31.2767,31.2767,156196,1
1778472566.724514,-0.0,-0.2,0.85,0,19.653,20.7877,-0.119478,-0.006364,-0.031322,0.0008,0.1976,19.4546,250,0.07782,11.2213,11.2213,156196,1
1778472566.745807,-0.0,-0.2,0.85,1,0.2084,0.7109,-0.117363,-0.005642,-0.027213,0.0002,0.0402,0.168,3,0.05599,1.6215,1.6215,156196,0
1778472566.786076,-0.0,-0.2,0.85,1,0.7144,1.0,-0.114958,-0.005417,-0.022938,0.0007,0.1656,0.5481,3,0.18269,2.3521,2.3521,156196,0
1778472566.826908,-0.0,-0.2,0.85,1,0.7035,0.8788,-0.112655,-0.005624,-0.020285,0.0006,0.1445,0.5584,3,0.18613,2.6963,2.6963,156196,0
1778472566.868828,-0.0,-0.2,0.85,1,0.7371,0.9344,-0.111035,-0.005646,-0.01839,0.0007,0.1729,0.5635,3,0.18784,2.7912,2.7912,156196,0
1778472566.909041,-0.0,-0.2,0.85,1,0.6783,0.8658,-0.110557,-0.006245,-0.016322,0.0006,0.1269,0.5508,3,0.1836,2.7425,2.7425,156196,0
1778472566.94923,-0.0,-0.2,0.85,1,0.6675,0.8456,-0.110872,-0.007485,-0.014656,0.0005,0.1482,0.5188,3,0.17293,2.7262,2.7262,156196,0
1778472566.989474,-0.0,-0.2,0.85,1,0.7184,0.906,-0.111477,-0.008774,-0.012772,0.0008,0.1823,0.5353,3,0.17844,2.6402,2.6402,156200,0
1778472567.029717,-0.0,-0.2,0.85,1,0.6762,0.865,-0.11104,-0.010174,-0.009128,0.0007,0.1577,0.5178,3,0.1726,2.4138,2.4138,156200,0
1778472567.069866,0.024688,-0.201263,0.833488,1,23.2339,26.2813,-0.108938,-0.011128,-0.005674,0.0006,0.1626,23.0707,250,0.09228,3.5817,3.5817,156200,1
1778472567.117029,0.02874,-0.201554,0.837283,1,0.7708,0.97,-0.104886,-0.01142,-0.001879,0.0006,0.1584,0.6119,3,0.20396,2.0914,2.0914,156200,0
1778472567.158798,0.033896,-0.201528,0.840732,1,0.5905,0.762,-0.099731,-0.011393,0.00157,0.0005,0.1549,0.4352,2,0.21758,2.8962,2.8962,156200,0
1778472567.198957,0.039308,-0.20183,0.843147,1,0.6967,0.8807,-0.094318,-0.011695,0.003985,0.0007,0.1659,0.5302,3,0.17672,1.6069,1.6069,156200,0
1778472567.23948,0.043872,-0.202957,0.84538,1,0.6133,0.8206,-0.089755,-0.012823,0.006218,0.0006,0.1763,0.4364,2,0.2182,1.1532,1.1532,156200,0
1778472567.279657,0.04817,-0.204966,0.847676,1,0.5352,0.7164,-0.085456,-0.014832,0.008514,0.0005,0.1437,0.391,2,0.19549,2.4028,2.4028,156200,0
1778472567.319955,0.052318,-0.206817,0.849136,1,0.5266,0.7111,-0.081309,-0.016683,0.009974,0.0006,0.137,0.389,2,0.19452,2.3377,2.3377,156204,0
1778472567.360127,0.055671,-0.208387,0.849953,1,0.5505,0.7317,-0.077955,-0.018253,0.010791,0.0006,0.1533,0.3967,2,0.19833,2.1801,2.1801,156204,0
1778472567.40034,0.058711,-0.210483,0.851055,1,0.5706,0.7469,-0.074915,-0.020348,0.011893,0.0006,0.1453,0.4247,2,0.21237,2.0539,2.0539,156216,0
1778472567.440613,0.061409,-0.212256,0.851594,1,0.5727,0.7665,-0.072217,-0.022122,0.012432,0.0007,0.1692,0.4028,2,0.20142,1.917,1.917,156240,0
1778472567.48095,0.063779,-0.21392,0.851799,1,0.5424,0.7327,-0.069847,-0.023786,0.012637,0.0007,0.1362,0.4055,2,0.20277,1.8406,1.8406,156240,0
1778472567.521145,0.065461,-0.214993,0.85175,1,0.6441,0.8165,-0.068165,-0.024859,0.012588,0.0005,0.1497,0.4938,2,0.2469,1.7923,1.7923,156240,0
1778472567.561342,0.066495,-0.215233,0.851418,1,0.6699,0.8942,-0.067132,-0.025098,0.012256,0.0006,0.1992,0.4701,2,0.23504,1.7534,1.7534,156240,0
1778472567.601669,0.066758,-0.214832,0.851042,1,0.5098,0.6843,-0.066868,-0.024698,0.01188,0.0005,0.1332,0.376,2,0.18801,1.7453,1.7453,156244,0
1778472567.641929,0.067886,-0.215328,0.851088,1,0.5542,0.7375,-0.065741,-0.025194,0.011926,0.0006,0.1603,0.3934,2,0.19668,1.6581,1.6581,156244,0
1778472567.682193,0.069147,-0.216382,0.851077,1,0.5965,0.7877,-0.064479,-0.026248,0.011915,0.0005,0.1535,0.4425,2,0.22127,1.5764,1.5764,156244,0
1778472567.722383,0.069169,-0.2172,0.851235,1,0.5438,0.7228,-0.064457,-0.027066,0.012073,0.0005,0.1464,0.3968,2,0.19842,1.6121,1.6121,156244,0
1778472567.762799,0.069289,-0.217774,0.851275,1,0.6527,0.8844,-0.064337,-0.02764,0.012113,0.0008,0.1682,0.4837,2,0.24185,1.5663,1.5663,156244,0
1778472567.802978,0.069514,-0.218327,0.851275,1,0.4795,0.647,-0.064112,-0.028193,0.012113,0.0005,0.1178,0.3612,2,0.18062,1.5295,1.5295,156244,0
1778472567.843237,0.069811,-0.218904,0.851265,1,0.553,0.7312,-0.063815,-0.02877,0.012103,0.0005,0.1406,0.4119,2,0.20597,1.5231,1.5231,156244,0
1778472567.883453,0.070349,-0.219459,0.851127,1,0.5682,0.7748,-0.063278,-0.029325,0.011965,0.0005,0.1534,0.4143,2,0.20716,1.4822,1.4822,156244,0
1778472567.924116,0.070461,-0.219723,0.851105,1,0.5229,0.6927,-0.063166,-0.029588,0.011943,0.0006,0.1312,0.3911,2,0.19557,1.5012,1.5012,156244,0
1778472567.964312,0.070571,-0.219938,0.85106,1,0.6152,0.796,-0.063055,-0.029804,0.011898,0.0006,0.1682,0.4464,2,0.22322,1.4988,1.4988,156248,0
1778472568.004638,0.070611,-0.220016,0.850996,1,0.5011,0.6628,-0.063015,-0.029882,0.011834,0.0005,0.1369,0.3637,2,0.18186,1.4988,1.4988,156248,0
1778472568.044968,0.070243,-0.219959,0.85096,1,0.5632,0.7389,-0.063383,-0.029825,0.011798,0.0007,0.1649,0.3975,2,0.19877,1.5489,1.5489,156248,0
1778472568.065252,0.070395,-0.220211,0.85082,1,0.4872,1.0684,-0.063231,-0.030077,0.011658,0.0006,0.12,0.3666,2,0.1833,1.4991,1.4991,156248,0
1778472568.125605,0.05,-0.2,0.85,1,0.5752,1.4384,-0.062208,-0.03094,0.011268,0.0008,0.1618,0.4127,2,0.20635,1.6235,1.6235,156248,0
1778472568.145838,0.05,-0.2,0.85,1,0.612,1.597,-0.059913,-0.032386,0.010385,0.0006,0.1695,0.442,2,0.221,1.1912,1.1912,156248,0
1778472568.186603,0.1,-0.2,0.85,1,0.4052,0.5835,-0.05802,-0.033343,0.009579,0.0005,0.1593,0.2453,1,0.24532,2.6373,2.6373,156248,0
1778472568.226958,0.1,-0.25,0.85,1,0.6079,0.8113,-0.055606,-0.038289,0.010332,0.0007,0.1729,0.4343,2,0.21716,1.009,1.009,156248,0
1778472568.267136,0.085046,-0.234453,0.847739,1,0.574,0.7616,-0.048581,-0.044318,0.008577,0.0006,0.1622,0.4112,2,0.20562,1.7011,1.7011,156248,0
1778472568.307321,0.092384,-0.237521,0.844129,1,0.5958,0.7849,-0.041242,-0.047387,0.004967,0.0006,0.1635,0.4317,2,0.21585,1.5819,1.5819,156252,0
1778472568.348462,0.098364,-0.238828,0.840749,1,0.6251,0.8282,-0.035262,-0.048694,0.001587,0.0008,0.1831,0.4411,2,0.22057,1.5558,1.5558,156252,0
1778472568.388684,0.104514,-0.239878,0.837005,1,0.5066,0.6812,-0.029113,-0.049744,-0.002157,0.0005,0.129,0.3771,2,0.18857,1.488,1.488,156252,0
1778472568.428993,0.109635,-0.240886,0.834038,1,0.5493,0.7373,-0.023991,-0.050752,-0.005124,0.0006,0.1458,0.4029,2,0.20145,1.4258,1.4258,156252,0
1778472568.469172,0.115135,-0.242231,0.831412,1,0.5557,0.7403,-0.018491,-0.052097,-0.00775,0.0005,0.1494,0.4058,2,0.2029,1.3865,1.3865,156252,0
1778472568.509342,0.120386,-0.243572,0.829666,1,0.5647,0.736,-0.01324,-0.053438,-0.009496,0.0007,0.1629,0.4011,2,0.20054,1.403,1.403,156252,0
1778472568.549633,0.1,-0.25,0.85,1,0.5434,0.7373,-0.008743,-0.054302,-0.010385,0.0008,0.1449,0.3977,2,0.19884,2.1145,2.1145,156252,0
1778472568.589957,0.15,-0.25,0.85,1,0.528,0.7193,-0.00476,-0.054736,-0.010537,0.0006,0.1381,0.3893,2,0.19467,1.8684,1.8684,156256,0
1778472568.630124,0.131462,-0.245328,0.828771,1,0.5643,0.7481,-0.002164,-0.055193,-0.010391,0.0007,0.1506,0.4131,2,0.20655,0.8738,0.8738,156256,0
1778472568.670326,0.132486,-0.247291,0.829191,1,0.5797,0.7668,-0.00114,-0.057157,-0.009971,0.0007,0.1717,0.4073,2,0.20366,1.3167,1.3167,156256,0
1778472568.710499,0.138247,-0.249684,0.831577,1,0.54,0.7201,0.004621,-0.05955,-0.007585,0.0006,0.1475,0.3919,2,0.19596,1.4801,1.4801,156256,0
1778472568.750954,0.141406,-0.24995,0.833931,1,0.5354,0.7194,0.00778,-0.059816,-0.005231,0.0006,0.1418,0.3929,2,0.19647,1.4812,1.4812,156256,0
1778472568.791203,0.143682,-0.249721,0.836301,1,0.5887,0.7775,0.010055,-0.059586,-0.002861,0.0007,0.1571,0.4309,2,0.21547,1.4789,1.4789,156256,0
1778472568.831464,0.143741,-0.249483,0.836825,1,0.5414,0.7198,0.010115,-0.059349,-0.002337,0.0006,0.1516,0.3892,2,0.19458,1.4231,1.4231,156256,0
1778472568.871845,0.143324,-0.249131,0.837421,1,0.5424,0.7248,0.009698,-0.058997,-0.001741,0.0005,0.1516,0.3903,2,0.19513,1.4271,1.4271,156256,0
1778472568.912031,0.142637,-0.248738,0.838028,1,0.6087,0.7854,0.009011,-0.058604,-0.001134,0.0006,0.1613,0.4468,2,0.22342,1.4368,1.4368,156260,0
1778472568.952307,0.141701,-0.248114,0.838559,1,0.5312,0.7177,0.008075,-0.05798,-0.000603,0.0005,0.1398,0.391,2,0.19549,1.4389,1.4389,156260,0
1778472568.992647,0.140304,-0.247204,0.839052,1,0.547,0.7244,0.006678,-0.05707,-0.000109,0.0006,0.1445,0.4018,2,0.20092,1.4377,1.4377,156260,0
1778472569.033146,0.13867,-0.246244,0.839376,1,0.5328,0.7044,0.005044,-0.05611,0.000214,0.0007,0.1389,0.3932,2,0.19659,1.4331,1.4331,156260,0
1778472569.073345,0.136653,-0.245244,0.839506,1,0.5374,0.7118,0.003027,-0.05511,0.000344,0.0008,0.1446,0.3919,2,0.19597,1.4281,1.4281,156260,0
1778472569.113625,0.134914,-0.244451,0.839456,1,0.6114,0.8147,0.001288,-0.054317,0.000295,0.0004,0.1647,0.4463,2,0.22313,1.4237,1.4237,156260,0
1778472569.153948,0.134789,-0.244394,0.839451,1,0.5247,0.7172,0.001162,-0.054259,0.000289,0.0006,0.1407,0.3834,2,0.1917,1.4329,1.4329,156260,0
1778472569.194185,0.134816,-0.244406,0.839453,1,0.6346,0.8191,0.001189,-0.054272,0.000292,0.0005,0.1682,0.4659,2,0.23296,1.4308,1.4308,156264,0
1778472569.234574,0.13482,-0.244409,0.839454,1,0.5435,0.7264,0.001194,-0.054274,0.000292,0.0005,0.1437,0.3994,2,0.19968,1.4209,1.4209,156264,0
1778472569.274915,0.134821,-0.244409,0.839454,1,0.563,0.7417,0.001195,-0.054275,0.000292,0.0006,0.1471,0.4153,2,0.20766,1.4041,1.4041,156272,0
1778472569.315178,0.134821,-0.244409,0.839454,1,0.6972,1.5276,0.001195,-0.054275,0.000292,0.0007,0.1648,0.5317,2,0.26583,1.3791,1.3791,156272,0
1778472569.355361,0.134821,-0.244409,0.839454,1,0.592,1.4439,0.001195,-0.054275,0.000292,0.0005,0.1548,0.4368,2,0.21838,1.3459,1.3459,156272,0
1778472569.395727,0.134821,-0.244409,0.839454,1,0.3347,1.0307,0.001195,-0.054275,0.000292,0.0003,0.1043,0.2301,2,0.11504,1.378,1.378,156272,0
1778472569.435984,0.134821,-0.244409,0.839454,1,0.8843,4.0552,0.001195,-0.054275,0.000292,0.0006,0.3959,0.4878,2,0.2439,1.4014,1.4014,156304,0
1778472569.476716,0.134821,-0.244409,0.839454,1,0.5359,0.6966,0.001195,-0.054275,0.000292,0.0006,0.1278,0.4074,2,0.20371,1.3872,1.3872,156304,0
1778472569.516886,0.134821,-0.244409,0.839454,1,0.5936,0.8084,0.001195,-0.054275,0.000292,0.0007,0.1576,0.4353,2,0.21763,1.4675,1.4675,156304,0
1778472569.558838,0.134821,-0.244409,0.839454,1,0.5808,0.7831,0.001195,-0.054275,0.000292,0.0008,0.1595,0.4206,2,0.2103,1.4807,1.4807,156308,0
1778472569.599056,0.134821,-0.244409,0.839454,1,0.5801,0.769,0.001195,-0.054275,0.000292,0.0006,0.1637,0.4159,2,0.20793,1.5119,1.5119,156308,0
1778472569.639256,0.134821,-0.244409,0.839454,1,0.6283,0.8283,0.001195,-0.054275,0.000292,0.0006,0.1667,0.4611,2,0.23054,1.6491,1.6491,156308,0
1778472569.679538,0.134821,-0.244409,0.839454,1,0.5355,0.7031,0.001195,-0.054275,0.000292,0.0005,0.1558,0.3792,2,0.18961,1.6596,1.6596,156308,0
1778472569.719841,0.134821,-0.244409,0.839454,1,0.6403,0.8553,0.001195,-0.054275,0.000292,0.0007,0.1827,0.457,2,0.22849,1.5567,1.5567,156308,0
1778472569.760051,0.134821,-0.244409,0.839454,1,0.706,0.9441,0.001195,-0.054275,0.000292,0.0006,0.1791,0.5263,2,0.26314,1.6229,1.6229,156308,0
1778472569.80045,0.134821,-0.244409,0.839454,1,0.5121,0.6853,0.001195,-0.054275,0.000292,0.0006,0.1358,0.3758,2,0.18788,1.6344,1.6344,156308,0
1778472569.840719,0.134821,-0.244409,0.839454,1,0.5523,0.7429,0.001195,-0.054275,0.000292,0.0007,0.1645,0.3871,2,0.19355,1.5384,1.5384,156312,0
1778472569.880931,0.134821,-0.244409,0.839454,1,0.5333,0.7001,0.001195,-0.054275,0.000292,0.0005,0.1306,0.4022,2,0.20112,1.598,1.598,156312,0
1778472569.921143,0.134821,-0.244409,0.839454,1,0.5491,0.7268,0.001195,-0.054275,0.000292,0.0007,0.1458,0.4026,2,0.20131,1.5844,1.5844,156312,0
1778472569.961374,0.134821,-0.244409,0.839454,1,0.5871,0.7772,0.001195,-0.054275,0.000292,0.0006,0.1824,0.4042,2,0.20208,1.4892,1.4892,156312,0
1778472570.00156,0.134821,-0.244409,0.839454,1,0.5341,0.6979,0.001195,-0.054275,0.000292,0.0005,0.1288,0.4048,2,0.20239,1.56,1.56,156312,0
1778472570.041757,0.157136,-0.213125,0.84658,1,0.4189,0.6108,0.02351,-0.022991,0.007418,0.0007,0.1626,0.2556,1,0.25561,2.6206,2.6206,156312,0
1778472570.081962,0.17797,-0.191872,0.849742,1,0.4279,0.6435,0.044344,-0.001737,0.01058,0.0006,0.1718,0.2555,1,0.25553,1.1094,1.1094,156312,0
1778472570.122143,0.186571,-0.188052,0.848557,1,0.4578,0.6574,0.052945,0.002082,0.009395,0.0006,0.164,0.2932,1,0.29322,0.6565,0.6565,156312,0
1778472570.162329,0.192732,-0.187784,0.847363,1,0.3966,0.5743,0.059105,0.002351,0.008201,0.0006,0.1429,0.2532,1,0.25316,0.5852,0.5852,156312,0
1778472570.202611,0.198416,-0.188398,0.846888,1,0.3586,0.5302,0.064789,0.001736,0.007726,0.0005,0.1194,0.2386,1,0.2386,0.5421,0.5421,156316,0
1778472570.242821,0.204508,-0.189732,0.847293,1,0.4078,0.5975,0.070882,0.000403,0.008131,0.0008,0.1614,0.2456,1,0.24564,0.5526,0.5526,156316,0
1778472570.283201,0.210365,-0.191619,0.848537,1,0.4112,0.609,0.076739,-0.001484,0.009375,0.0005,0.1509,0.2598,1,0.25977,0.5441,0.5441,156316,0
1778472570.323386,0.216475,-0.194185,0.850533,1,0.4378,0.6076,0.082848,-0.004051,0.011371,0.0006,0.1574,0.2798,1,0.27983,0.564,0.564,156320,0
1778472570.36377,0.222058,-0.196973,0.852875,1,0.4388,0.6424,0.088431,-0.006838,0.013713,0.0006,0.1628,0.2754,1,0.27537,0.5742,0.5742,156320,0
1778472570.40408,0.227757,-0.199999,0.855544,1,0.411,0.6224,0.094131,-0.009865,0.016383,0.0006,0.1536,0.2568,1,0.25683,0.6091,0.6091,156320,0
1778472570.444444,0.23272,-0.202511,0.858157,1,0.412,0.5809,0.099094,-0.012377,0.018996,0.0004,0.1542,0.2573,1,0.25727,0.6225,0.6225,156320,0
1778472570.484633,0.237376,-0.204584,0.860624,1,0.4083,0.5955,0.103749,-0.01445,0.021462,0.0007,0.1567,0.2509,1,0.25094,0.6494,0.6494,156324,0
1778472570.524863,0.241985,-0.206282,0.863008,1,0.4255,0.5967,0.108359,-0.016147,0.023846,0.0005,0.142,0.283,1,0.28295,0.6811,0.6811,156324,0
1778472570.54498,0.246124,-0.207408,0.86535,1,0.4266,0.884,0.112498,-0.017274,0.026188,0.0006,0.1581,0.2679,1,0.26793,0.7042,0.7042,156324,0
1778472570.585157,0.249739,-0.208019,0.867528,1,0.3655,0.54,0.116112,-0.017885,0.028366,0.0005,0.1292,0.2358,1,0.23584,0.7286,0.7286,156324,0
1778472570.625431,0.253006,-0.20814,0.869966,1,0.2763,0.3886,0.11938,-0.018006,0.030805,0.0003,0.106,0.17,1,0.17005,0.7548,0.7548,156324,0
1778472570.665729,0.254033,-0.208095,0.87079,1,0.4084,0.947,0.120407,-0.017961,0.031628,0.0007,0.1544,0.2533,1,0.25327,0.7495,0.7495,156324,0
1778472570.706073,0.239394,-0.21186,0.871885,1,0.4192,0.6114,0.105768,-0.021726,0.032723,0.0008,0.1591,0.2593,1,0.25932,1.1373,1.1373,156324,0
1778472570.749012,0.25,-0.2,0.85,1,0.2753,0.3872,0.099962,-0.022304,0.035539,0.0003,0.1089,0.1661,1,0.1661,1.7937,1.7937,156324,0
1778472570.789221,0.25,-0.2,0.9,1,0.3049,0.4158,0.097128,-0.021574,0.037773,0.0002,0.0874,0.2173,2,0.10863,1.0153,1.0153,156324,0
1778472570.829452,0.25,-0.2,0.9,1,0.1966,0.2888,0.094869,-0.020359,0.040161,0.0002,0.0751,0.1212,1,0.12124,0.9364,0.9364,156328,0
1778472570.869643,0.25,-0.2,0.9,1,0.2359,0.3414,0.09254,-0.01914,0.04227,0.0002,0.0899,0.1457,1,0.14571,0.9368,0.9368,156328,0
1778472570.910064,0.25,-0.2,0.9,1,0.3846,0.5683,0.091716,-0.018756,0.042995,0.0006,0.143,0.241,1,0.24105,0.9381,0.9381,156328,0
1778472570.950356,0.227743,-0.21014,0.88377,1,0.4177,0.6087,0.094117,-0.020006,0.044608,0.0006,0.1497,0.2675,1,0.26749,2.499,2.499,156328,0
1778472570.990718,0.232066,-0.212309,0.886436,1,0.4045,0.605,0.09844,-0.022175,0.047274,0.0006,0.1538,0.2501,1,0.25005,0.88,0.88,156328,0
1778472571.030976,0.232998,-0.212677,0.886861,1,0.3938,0.5656,0.099371,-0.022543,0.047699,0.0006,0.1438,0.2494,1,0.24942,0.7493,0.7493,156328,0
1778472571.071162,0.233174,-0.212609,0.886731,1,0.4013,0.606,0.099548,-0.022475,0.047569,0.0006,0.1496,0.2511,1,0.2511,0.7423,0.7423,156328,0
1778472571.111349,0.233312,-0.212487,0.88656,1,0.3805,0.5518,0.099685,-0.022352,0.047398,0.0005,0.131,0.249,1,0.24897,0.743,0.743,156332,0
1778472571.151623,0.23353,-0.212317,0.886344,1,0.4031,0.5889,0.099904,-0.022182,0.047182,0.0007,0.1481,0.2543,1,0.25428,0.7451,0.7451,156332,0
1778472571.191922,0.233676,-0.21227,0.886208,1,0.4284,0.6218,0.10005,-0.022136,0.047046,0.0008,0.1418,0.2858,1,0.28579,0.746,0.746,156332,0
1778472571.232066,0.234097,-0.212253,0.88584,1,0.4381,0.6139,0.10047,-0.022119,0.046678,0.0005,0.1575,0.28,1,0.28005,0.7482,0.7482,156332,0
1778472571.272365,0.234667,-0.212253,0.885253,1,0.4174,0.6053,0.101041,-0.022118,0.046091,0.0006,0.1527,0.2641,1,0.26414,0.7496,0.7496,156332,0
1778472571.312695,0.235286,-0.212377,0.884678,1,0.4803,0.6991,0.10166,-0.022243,0.045516,0.0007,0.1795,0.3001,1,0.30005,0.7521,0.7521,156332,0
1778472571.353152,0.235555,-0.212527,0.884305,1,0.4448,0.6209,0.101929,-0.022392,0.045143,0.0008,0.1664,0.2775,1,0.27755,0.7536,0.7536,156332,0
1778472571.393364,0.235388,-0.212646,0.884242,1,0.4178,0.605,0.101762,-0.022512,0.04508,0.0007,0.1632,0.2539,1,0.25395,0.7563,0.7563,156332,0
1778472571.433751,0.234759,-0.212658,0.884669,1,0.4407,0.6144,0.101133,-0.022524,0.045507,0.0006,0.1536,0.2864,1,0.28643,0.7619,0.7619,156368,0
1778472571.474149,0.233663,-0.212452,0.88543,1,0.4039,0.6005,0.100037,-0.022318,0.046268,0.0007,0.1476,0.2556,1,0.25556,0.7664,0.7664,156368,0
1778472571.514468,0.232892,-0.212545,0.889666,1,0.4076,0.6052,0.099266,-0.022411,0.050504,0.0008,0.1617,0.2451,1,0.24507,0.805,0.805,156368,0
1778472571.554831,0.229206,-0.212968,0.911995,1,0.3798,0.55,0.09558,-0.022834,0.072833,0.0007,0.133,0.246,1,0.24603,1.7485,1.7485,156368,0
1778472571.59515,0.2,-0.2,0.9,1,0.603,1.5756,0.090863,-0.021004,0.084168,0.0006,0.1633,0.4391,2,0.21954,0.7739,0.7739,156368,0
1778472571.635906,0.2,-0.2,0.9,1,0.5679,0.8426,0.088901,-0.019042,0.08977,0.0008,0.1952,0.3719,1,0.37189,0.7185,0.7185,156368,0
1778472571.676064,0.2,-0.2,0.9,1,0.4322,0.6225,0.086423,-0.016379,0.094064,0.0005,0.1541,0.2776,1,0.27759,0.6984,0.6984,156368,0
1778472571.716809,0.2,-0.2,0.9,1,0.4151,0.6092,0.083946,-0.013575,0.097728,0.0006,0.1628,0.2516,1,0.25164,0.7023,0.7023,156368,0
1778472571.758856,0.2,-0.2,0.9,1,0.4201,0.5919,0.081717,-0.010749,0.100499,0.0005,0.1535,0.266,1,0.26603,0.7003,0.7003,156372,0
1778472571.79918,0.2,-0.2,0.9,1,0.4303,0.6198,0.074511,-0.009145,0.100181,0.0005,0.1518,0.278,1,0.278,0.7047,0.7047,156372,0
1778472571.839381,0.2,-0.2,0.9,1,0.4236,0.6285,0.066333,-0.008478,0.098274,0.0007,0.1655,0.2574,1,0.25742,0.7067,0.7067,156372,0
1778472571.879645,0.2,-0.2,0.9,1,0.3943,0.565,0.061419,-0.006106,0.097365,0.0005,0.1479,0.2458,1,0.24584,0.7084,0.7084,156376,0
1778472571.920058,0.2,-0.2,0.9,1,0.4174,0.6187,0.058153,-0.003478,0.096189,0.0006,0.1546,0.2622,1,0.26222,0.7069,0.7069,156376,0
1778472571.960275,0.2,-0.2,0.9,1,0.4395,0.6519,0.055858,-0.001135,0.094932,0.0007,0.1673,0.2716,1,0.27156,0.7048,0.7048,156376,0
1778472572.000558,0.2,-0.2,0.9,1,0.4049,0.5848,0.057147,-0.002296,0.094808,0.0006,0.1445,0.2598,1,0.25977,0.7012,0.7012,156376,0
1778472572.041103,0.2,-0.2,0.9,1,0.3897,0.5828,0.059575,-0.004311,0.094399,0.0005,0.141,0.2482,1,0.24822,0.7025,0.7025,156376,0
1778472572.081371,0.2,-0.2,0.9,1,0.3883,0.5625,0.060552,-0.004544,0.092894,0.0006,0.1392,0.2485,1,0.24854,0.7032,0.7032,156380,0
1778472572.121772,0.2,-0.2,0.9,1,0.4055,0.6016,0.061582,-0.004677,0.090712,0.0006,0.1501,0.2548,1,0.25483,0.7037,0.7037,156380,0
1778472572.162065,0.196513,-0.195356,0.927214,1,0.4448,0.6509,0.062886,-0.005222,0.088053,0.0007,0.1663,0.2778,1,0.27784,2.4208,2.4208,156380,0
1778472572.202377,0.198017,-0.196478,0.924937,1,0.5331,0.7103,0.06439,-0.006343,0.085775,0.0005,0.1394,0.3932,2,0.19659,0.8421,0.8421,156380,0
1778472572.242697,0.199558,-0.197639,0.922087,1,0.3921,0.5782,0.065932,-0.007504,0.082925,0.0007,0.1452,0.2462,1,0.24619,2.7525,2.7525,156380,0
1778472572.283044,0.201346,-0.198798,0.917887,1,0.4586,0.6502,0.06772,-0.008663,0.078725,0.0007,0.1675,0.2904,1,0.29036,1.938,1.938,156380,0
1778472572.323245,0.20317,-0.199922,0.913523,1,0.3703,0.5319,0.069544,-0.009788,0.074361,0.0005,0.1328,0.2369,1,0.23694,1.51,1.51,156380,0
1778472572.363469,0.205533,-0.201407,0.907961,1,0.3447,0.6084,0.071906,-0.011272,0.068799,0.0004,0.1125,0.2318,1,0.23182,1.0844,1.0844,156380,0
1778472572.403739,0.208128,-0.202877,0.902761,1,0.3735,0.5447,0.074502,-0.012743,0.063599,0.0007,0.1393,0.2335,1,0.23351,0.8129,0.8129,156380,0
1778472572.443959,0.210674,-0.204216,0.897713,1,0.455,0.6537,0.077047,-0.014082,0.058551,0.0007,0.1714,0.2829,1,0.28292,0.717,0.717,156384,0
1778472572.484224,0.213442,-0.20538,0.891143,1,0.4745,0.6667,0.079816,-0.015246,0.051981,0.0009,0.1702,0.3035,1,0.30348,0.7411,0.7411,156384,0
1778472572.524503,0.215841,-0.206084,0.884291,1,0.4443,0.6419,0.082215,-0.01595,0.045129,0.0007,0.1638,0.2798,1,0.27979,0.715,0.715,156384,0
1778472572.564966,0.217991,-0.20661,0.877025,1,0.4327,0.6325,0.084365,-0.016476,0.037863,0.0006,0.1683,0.2639,1,0.2639,0.6905,0.6905,156384,0
1778472572.585149,0.2,-0.2,0.85,1,0.3644,0.5356,0.089446,-0.019226,0.031362,0.0006,0.125,0.2388,1,0.23883,1.9027,1.9027,156384,0
1778472572.625533,0.229642,-0.21369,0.865544,1,1.115,1.7722,0.096015,-0.023556,0.026382,0.0006,0.1563,0.9581,2,0.47905,0.6794,0.6794,156384,0
1778472572.66591,0.233658,-0.216383,0.858705,1,0.4189,1.1223,0.100032,-0.026249,0.019543,0.0005,0.1479,0.2704,1,0.27044,0.7055,0.7055,156384,0
1778472572.706293,0.236692,-0.218547,0.852079,1,0.4215,0.6112,0.103066,-0.028413,0.012917,0.0008,0.1518,0.2689,1,0.2689,0.6772,0.6772,156388,0
1778472572.748791,0.239811,-0.220817,0.844963,1,0.4165,0.5973,0.106185,-0.030683,0.005802,0.0005,0.1659,0.2502,1,0.25018,0.6659,0.6659,156388,0
1778472572.789037,0.239185,-0.218917,0.838707,1,0.3996,0.5733,0.105558,-0.028783,-0.000455,0.0005,0.1424,0.2567,1,0.25671,0.5838,0.5838,156388,0
1778472572.829249,0.237478,-0.216073,0.832513,1,0.4281,0.616,0.103851,-0.025939,-0.006649,0.0007,0.1518,0.2756,1,0.27562,0.5478,0.5478,156388,0
1778472572.870174,0.25,-0.2,0.85,1,0.7845,1.1882,0.104455,-0.026135,-0.013697,0.0012,0.2952,0.4882,1,0.48821,2.2884,2.2884,156388,0
1778472572.910355,0.238868,-0.217368,0.81957,1,0.5583,0.7309,0.105242,-0.027233,-0.019592,0.0005,0.1516,0.4062,2,0.20308,0.6147,0.6147,156388,0
1778472572.950569,0.232711,-0.215309,0.81531,1,0.4449,0.6437,0.099084,-0.025174,-0.023852,0.0007,0.1693,0.2748,1,0.27483,0.52,0.52,156388,0
1778472572.990843,0.226429,-0.213665,0.812014,1,0.4111,0.6008,0.092803,-0.023531,-0.027148,0.0007,0.1626,0.2479,1,0.24788,0.4999,0.4999,156388,0
1778472573.031055,0.22237,-0.212931,0.808892,1,0.4363,0.6214,0.088744,-0.022796,-0.03027,0.0005,0.1643,0.2716,1,0.27158,0.4992,0.4992,156388,0
1778472573.071244,0.217969,-0.212317,0.805105,1,0.4558,0.6478,0.084343,-0.022183,-0.034057,0.0006,0.17,0.2852,1,0.28515,0.5349,0.5349,156392,0
1778472573.111521,0.213492,-0.211417,0.801544,1,0.393,0.5663,0.079866,-0.021283,-0.037618,0.0005,0.148,0.2445,1,0.24446,0.624,0.624,156392,0
1778472573.151797,0.20796,-0.210108,0.797346,1,0.4562,0.6528,0.074333,-0.019973,-0.041816,0.0006,0.1616,0.294,1,0.29402,0.7066,0.7066,156392,0
1778472573.192043,0.203589,-0.209469,0.793959,1,0.4365,0.6453,0.069963,-0.019335,-0.045203,0.0007,0.1722,0.2635,1,0.2635,0.8069,0.8069,156392,0
1778472573.232225,0.198515,-0.208538,0.788853,1,0.4052,0.6103,0.064889,-0.018404,-0.050309,0.0006,0.1508,0.2538,1,0.25383,0.9111,0.9111,156392,0
1778472573.272498,0.194481,-0.207667,0.782606,1,0.427,0.6057,0.060855,-0.017533,-0.056556,0.0007,0.1759,0.2504,1,0.25043,0.985,0.985,156392,0
1778472573.312689,0.190964,-0.206786,0.775617,1,0.424,0.6254,0.057338,-0.016652,-0.063545,0.0006,0.1547,0.2688,1,0.2688,1.0669,1.0669,156392,0
1778472573.353009,0.188229,-0.205967,0.767643,1,0.4347,0.6206,0.054603,-0.015833,-0.071519,0.0005,0.1516,0.2826,1,0.28257,1.1601,1.1601,156396,0
1778472573.393206,0.186778,-0.205373,0.756828,1,0.5259,0.7513,0.053152,-0.015238,-0.082334,0.0004,0.1784,0.3471,1,0.34707,1.2598,1.2598,156396,0
1778472573.433583,0.188729,-0.206319,0.746793,1,0.3944,0.5697,0.055103,-0.016185,-0.092369,0.0005,0.1454,0.2485,1,0.24851,1.4978,1.4978,156432,0
1778472573.473887,0.189261,-0.207118,0.737052,1,0.4514,0.6348,0.055634,-0.016983,-0.10211,0.0005,0.1633,0.2875,1,0.28753,1.7047,1.7047,156432,0
1778472573.514062,0.189422,-0.207951,0.727788,1,0.3991,0.5991,0.055795,-0.017817,-0.111374,0.0004,0.1473,0.2514,1,0.25137,1.904,1.904,156432,0
1778472573.554307,0.188558,-0.208353,0.71952,1,0.3791,0.5503,0.054932,-0.018219,-0.119642,0.0007,0.1337,0.2447,1,0.24472,2.1531,2.1531,156432,0
1778472573.594517,0.18781,-0.2088,0.712145,1,0.4388,0.6327,0.054184,-0.018665,-0.127017,0.0006,0.1708,0.2673,1,0.26735,2.4203,2.4203,156432,0
1778472573.634695,0.18786,-0.209395,0.704511,1,0.385,0.5571,0.054234,-0.019261,-0.134651,0.0006,0.145,0.2394,1,0.23935,2.5197,2.5197,156432,0
1778472573.674856,0.188651,-0.21042,0.696087,1,0.3949,0.569,0.055025,-0.020286,-0.143075,0.0005,0.1428,0.2515,1,0.25153,2.5573,2.5573,156436,0
1778472573.715039,0.189704,-0.21234,0.688048,1,0.4137,0.6132,0.056078,-0.022205,-0.151114,0.0007,0.1626,0.2503,1,0.25034,2.7395,2.7395,156436,0
1778472573.755208,0.190527,-0.214883,0.681258,1,0.5398,0.7024,0.056901,-0.024749,-0.157904,0.0007,0.1488,0.3904,2,0.1952,0.3367,0.3367,156436,0
1778472573.795419,0.2,-0.2,0.65,1,0.5868,2.384,0.05721,-0.027055,-0.165127,0.0005,0.1724,0.4139,2,0.20694,0.2227,0.2227,156436,0
1778472573.835594,0.190522,-0.218787,0.667618,1,0.8033,1.681,0.056896,-0.028653,-0.171544,0.0003,0.24,0.5631,2,0.28153,0.3772,0.3772,156436,0
1778472573.875769,0.189776,-0.220195,0.661289,1,0.5406,3.2311,0.05615,-0.030061,-0.177873,0.0004,0.1376,0.4026,2,0.20129,0.4018,0.4018,156436,0
1778472573.915968,0.188391,-0.221371,0.654559,1,0.5863,0.7757,0.054765,-0.031236,-0.184603,0.0008,0.1801,0.4053,2,0.20265,0.416,0.416,156436,0
1778472573.956499,0.186058,-0.222124,0.647324,1,0.4875,0.6586,0.052432,-0.03199,-0.191837,0.0009,0.1253,0.3614,2,0.18069,0.4219,0.4219,156436,0
1778472573.996717,0.185038,-0.222102,0.647481,1,0.526,0.695,0.051412,-0.031968,-0.191681,0.0006,0.1381,0.3873,2,0.19364,0.404,0.404,156440,0
1778472574.036854,0.185557,-0.221642,0.653222,1,0.5927,0.7896,0.051931,-0.031508,-0.18594,0.0005,0.1588,0.4334,2,0.21671,0.4992,0.4992,156440,0
1778472574.077039,0.185732,-0.221729,0.655211,1,0.5914,0.7598,0.052106,-0.031595,-0.183951,0.0005,0.1979,0.393,2,0.19651,0.4469,0.4469,156440,0
1778472574.118826,0.185853,-0.221801,0.65346,1,0.56,0.7488,0.052227,-0.031667,-0.185702,0.0006,0.1599,0.3994,2,0.19972,0.444,0.444,156440,0
1778472574.158998,0.186439,-0.221881,0.650135,1,0.5836,0.7816,0.052813,-0.031746,-0.189027,0.0004,0.1506,0.4326,2,0.21628,0.4261,0.4261,156440,0
1778472574.199167,0.188286,-0.222501,0.648524,1,0.5415,0.7284,0.05466,-0.032367,-0.190638,0.0004,0.1408,0.4002,2,0.20012,0.4349,0.4349,156440,0
1778472574.239649,0.191011,-0.223759,0.646239,1,0.5876,0.9398,0.057385,-0.033625,-0.192923,0.0003,0.1704,0.4169,2,0.20844,0.4417,0.4417,156440,0
1778472574.279912,0.191264,-0.224359,0.645571,1,0.538,0.7067,0.057638,-0.034224,-0.19359,0.0005,0.1515,0.3859,2,0.19296,0.4292,0.4292,156440,0
1778472574.320116,0.193701,-0.225985,0.644008,1,0.553,0.7425,0.060075,-0.035851,-0.195154,0.0006,0.1534,0.3989,2,0.19946,0.4353,0.4353,156444,0
1778472574.360325,0.195844,-0.227214,0.642575,1,0.5504,0.7403,0.062218,-0.037079,-0.196587,0.0007,0.1544,0.3953,2,0.19766,0.4307,0.4307,156444,0
1778472574.400723,0.197341,-0.227977,0.641171,1,0.5243,0.6991,0.063715,-0.037843,-0.197991,0.0007,0.1413,0.3823,2,0.19115,0.4218,0.4218,156444,0
1778472574.440954,0.198739,-0.228623,0.639863,1,0.5394,0.7255,0.065113,-0.038489,-0.199298,0.0007,0.1429,0.3958,2,0.19788,0.4185,0.4185,156444,0
1778472574.481156,0.200257,-0.229377,0.638521,1,0.5587,0.7473,0.066631,-0.039243,-0.200641,0.0007,0.1529,0.4051,2,0.20257,0.4175,0.4175,156444,0
1778472574.521538,0.200054,-0.229326,0.63847,1,0.5366,0.7151,0.066428,-0.039192,-0.200692,0.0006,0.1524,0.3836,2,0.19179,0.4142,0.4142,156448,0
1778472574.561906,0.199353,-0.228967,0.63874,1,0.6487,0.8456,0.065727,-0.038833,-0.200422,0.0008,0.182,0.466,2,0.23299,0.4172,0.4172,156448,0
1778472574.602272,0.198307,-0.228386,0.639106,1,0.5075,0.6647,0.064681,-0.038252,-0.200056,0.0005,0.1268,0.3802,2,0.19011,0.4202,0.4202,156448,0
1778472574.642542,0.197004,-0.227647,0.639471,1,0.5852,0.7529,0.063378,-0.037513,-0.199691,0.0007,0.1752,0.4094,2,0.20468,0.4253,0.4253,156448,0
1778472574.682914,0.195669,-0.226883,0.639542,1,0.704,0.9229,0.062043,-0.036749,-0.19962,0.0009,0.1932,0.5099,2,0.25493,0.4305,0.4305,156452,0
1778472574.723551,0.194622,-0.226404,0.639255,1,0.612,0.8072,0.060996,-0.03627,-0.199907,0.0002,0.1812,0.4306,2,0.2153,0.4373,0.4373,156452,0
1778472574.763851,0.192972,-0.225743,0.639562,1,0.3382,0.4547,0.059346,-0.035608,-0.199599,0.0002,0.1049,0.233,2,0.11652,0.4452,0.4452,156452,0
1778472574.804019,0.190087,-0.224651,0.64053,1,0.2621,0.3718,0.056461,-0.034517,-0.198632,0.0003,0.0786,0.1832,2,0.09162,0.4603,0.4603,156452,0
1778472574.844192,0.187747,-0.223973,0.641004,1,0.6513,0.8363,0.054121,-0.033839,-0.198158,0.0007,0.1594,0.4913,2,0.24563,0.4773,0.4773,156452,0
1778472574.884343,0.184705,-0.223334,0.64178,1,0.5917,0.7787,0.051079,-0.033199,-0.197381,0.0006,0.1622,0.4289,2,0.21446,0.4954,0.4954,156452,0
1778472574.924482,0.182429,-0.223032,0.642524,1,0.5456,0.7173,0.048803,-0.032898,-0.196637,0.0006,0.1494,0.3956,2,0.19781,0.5076,0.5076,156452,0
1778472574.964719,0.2,-0.2,0.65,1,0.5353,0.7075,0.045962,-0.032443,-0.195648,0.0006,0.1559,0.3789,2,0.18944,0.2574,0.2574,156456,0
1778472574.985075,0.2,-0.2,0.65,1,0.3247,0.7252,0.042623,-0.031849,-0.194481,0.0005,0.1138,0.2104,1,0.21037,2.1447,2.1447,156456,0
1778472575.025351,0.15,-0.2,0.65,1,0.5991,0.7902,0.039566,-0.031394,-0.193413,0.0005,0.1669,0.4318,2,0.21589,0.4964,0.4964,156456,0
1778472575.065845,0.15,-0.2,0.65,1,0.6092,1.6708,0.037303,-0.03129,-0.192476,0.0006,0.1701,0.4385,2,0.21925,0.6673,0.6673,156456,0
1778472575.106054,0.168717,-0.221126,0.647479,1,0.503,1.2569,0.035091,-0.030992,-0.191683,0.0004,0.1286,0.374,2,0.18698,0.6243,0.6243,156456,0
1778472575.146916,0.165409,-0.22023,0.648083,1,0.5433,0.7367,0.031783,-0.030096,-0.191079,0.0006,0.1429,0.3998,2,0.19991,0.594,0.594,156456,0
1778472575.187083,0.161731,-0.219002,0.649154,1,0.5433,0.7221,0.028104,-0.028868,-0.190008,0.0006,0.1524,0.3904,2,0.19519,0.6136,0.6136,156456,0
1778472575.229144,0.156946,-0.217072,0.651245,1,0.5179,0.6828,0.02332,-0.026938,-0.187917,0.0005,0.1399,0.3775,2,0.18875,0.657,0.657,156456,0
1778472575.269331,0.151021,-0.214742,0.653456,1,0.5662,0.8191,0.017395,-0.024607,-0.185706,0.0005,0.153,0.4127,2,0.20633,0.7237,0.7237,156460,0
1778472575.309484,0.145934,-0.213031,0.655561,1,0.5361,0.6919,0.012308,-0.022897,-0.1836,0.0005,0.1239,0.4118,2,0.2059,0.8078,0.8078,156460,0
1778472575.349685,0.141135,-0.211331,0.658027,1,0.5805,0.7653,0.007509,-0.021197,-0.181135,0.0005,0.1584,0.4216,2,0.21079,0.917,0.917,156464,0
1778472575.389861,0.138094,-0.210057,0.659905,1,0.6059,0.8111,0.004468,-0.019923,-0.179257,0.0007,0.1697,0.4356,2,0.21778,0.8475,0.8475,156464,0
1778472575.430055,0.134887,-0.20897,0.661669,1,0.7461,0.9602,0.001261,-0.018835,-0.177493,0.0009,0.1955,0.5497,2,0.27483,0.7649,0.7649,156496,0
1778472575.470365,0.132556,-0.20813,0.664447,1,0.5785,0.763,-0.00107,-0.017995,-0.174715,0.0006,0.165,0.413,2,0.20649,2.0165,2.0165,156496,0
1778472575.510536,0.130878,-0.207894,0.667595,1,22.9745,26.2399,-0.002748,-0.01776,-0.171567,0.0005,0.1619,22.812,250,0.09125,4.2628,4.2628,156500,1
1778472575.557454,0.15,-0.2,0.65,1,0.5269,0.6714,-0.006152,-0.017225,-0.165847,0.0005,0.1127,0.4137,2,0.20687,0.8713,0.8713,156500,0
1778472575.597635,0.15,-0.2,0.7,1,0.5846,0.7693,-0.008837,-0.017622,-0.159015,0.0005,0.1937,0.3904,2,0.19522,1.7681,1.7681,156500,0
1778472575.637808,0.15,-0.2,0.7,1,0.5185,0.6889,-0.01181,-0.018751,-0.150029,0.0004,0.1259,0.3921,2,0.19606,0.7619,0.7619,156500,0
1778472575.678042,0.15,-0.2,0.7,1,0.5941,0.7683,-0.016119,-0.020343,-0.141035,0.0005,0.1625,0.431,2,0.21552,0.7725,0.7725,156500,0
1778472575.718238,0.15,-0.2,0.7,1,0.6076,0.8302,-0.019147,-0.021806,-0.134776,0.0005,0.1609,0.4462,2,0.22308,0.8088,0.8088,156500,0
1778472575.758664,0.15,-0.2,0.7,1,0.5487,0.7152,-0.021765,-0.023649,-0.128489,0.0004,0.1577,0.3906,2,0.19532,0.7992,0.7992,156500,0
1778472575.79916,0.15,-0.2,0.7,1,0.3342,0.4628,-0.024239,-0.025308,-0.124067,0.0002,0.108,0.226,2,0.11302,0.8475,0.8475,156500,0
1778472575.839347,0.1,-0.25,0.75,1,0.6282,0.8224,-0.026877,-0.026854,-0.120002,0.0006,0.168,0.4596,2,0.2298,1.0953,1.0953,156500,0
1778472575.880115,0.1,-0.25,0.75,1,0.3374,0.4429,-0.028928,-0.02705,-0.115117,0.0003,0.1052,0.232,2,0.116,0.9909,0.9909,156504,0
1778472575.920329,0.1,-0.25,0.75,1,0.3418,0.5943,-0.030227,-0.026108,-0.110129,0.0003,0.1049,0.2366,2,0.11829,1.2535,1.2535,156504,0
1778472575.960512,0.1,-0.25,0.75,1,0.6359,0.8254,-0.030354,-0.025376,-0.105146,0.0005,0.1781,0.4573,2,0.22865,1.2774,1.2774,156504,0
1778472576.000782,0.1,-0.25,0.75,1,0.5509,0.7277,-0.029067,-0.025017,-0.101087,0.0008,0.1514,0.3987,2,0.19936,1.2766,1.2766,156504,0
1778472576.041069,0.1,-0.25,0.75,1,0.6116,0.8178,-0.027145,-0.024971,-0.097564,0.0006,0.1553,0.4557,2,0.22785,1.2816,1.2816,156504,0
1778472576.081296,0.1,-0.25,0.75,1,0.5462,0.7218,-0.0241,-0.024975,-0.094555,0.0006,0.1471,0.3985,2,0.19923,1.5111,1.5111,156504,0
1778472576.12149,0.1,-0.25,0.75,1,0.5817,0.7644,-0.020579,-0.024916,-0.092138,0.0007,0.1757,0.4052,2,0.20262,1.4126,1.4126,156504,0
1778472576.16176,0.15,-0.2,0.75,1,0.5852,0.7877,-0.017334,-0.024794,-0.090375,0.0006,0.1634,0.4212,2,0.2106,1.5303,1.5303,156504,0
1778472576.201938,0.15,-0.2,0.75,1,0.5891,0.7807,-0.013735,-0.024624,-0.088714,0.0007,0.1748,0.4137,2,0.20683,0.2957,0.2957,156504,0
1778472576.24212,0.15,-0.2,0.75,1,0.5873,0.7872,-0.010602,-0.024489,-0.086968,0.0005,0.16,0.4269,2,0.21345,0.2955,0.2955,156504,0
1778472576.282317,0.127024,-0.21476,0.75397,1,0.5505,0.7197,-0.006602,-0.024626,-0.085192,0.0006,0.1493,0.4006,2,0.20032,0.997,0.997,156508,0
1778472576.322517,0.130747,-0.215161,0.755312,1,0.6813,0.8856,-0.002879,-0.025027,-0.08385,0.0009,0.1913,0.4891,2,0.24457,0.876,0.876,156508,0
1778472576.362801,0.136574,-0.216414,0.757059,1,0.6249,0.8266,0.002948,-0.026279,-0.082103,0.0007,0.1726,0.4516,2,0.2258,0.8162,0.8162,156508,0
1778472576.4031,0.140739,-0.217591,0.759191,1,0.5877,0.7681,0.007113,-0.027456,-0.079971,0.0004,0.1624,0.4249,2,0.21245,0.7493,0.7493,156508,0
1778472576.443309,0.143743,-0.219006,0.761047,1,0.5382,0.7147,0.010117,-0.028872,-0.078115,0.0005,0.1412,0.3965,2,0.19824,0.692,0.692,156508,0
1778472576.483693,0.146728,-0.22066,0.763062,1,0.5517,0.7203,0.013102,-0.030525,-0.0761,0.0005,0.1341,0.4172,2,0.20859,0.7733,0.7733,156508,0
1778472576.523849,0.148723,-0.222715,0.765425,1,0.5256,0.7069,0.015097,-0.032581,-0.073737,0.0004,0.1407,0.3845,2,0.19227,0.9856,0.9856,156508,0
1778472576.564068,0.15,-0.2,0.75,1,0.6655,0.89,0.017096,-0.034828,-0.072172,0.0006,0.1676,0.4974,2,0.24868,0.4004,0.4004,156512,0
1778472576.604231,0.151096,-0.226609,0.768099,1,0.5201,0.6825,0.017469,-0.036475,-0.071063,0.0006,0.1324,0.3871,2,0.19357,1.6601,1.6601,156512,0
1778472576.64445,0.149791,-0.228209,0.769071,1,0.5584,0.7383,0.016165,-0.038075,-0.070091,0.0006,0.159,0.3988,2,0.19941,1.8417,1.8417,156512,0
1778472576.684832,0.14807,-0.229478,0.76954,1,0.5613,0.7728,0.014444,-0.039343,-0.069622,0.0008,0.1613,0.3992,2,0.19959,1.98,1.98,156512,0
1778472576.725081,0.146301,-0.230431,0.769818,1,0.5586,1.368,0.012675,-0.040297,-0.069344,0.0007,0.1502,0.4078,2,0.20389,1.7503,1.7503,156512,0
1778472576.745371,0.144525,-0.23122,0.77067,1,0.5332,1.3404,0.010899,-0.041086,-0.068491,0.0006,0.1415,0.3912,2,0.19558,1.9608,1.9608,156512,0
1778472576.78566,0.142917,-0.231451,0.771247,1,0.5421,1.21,0.009291,-0.041316,-0.067915,0.0005,0.1483,0.3932,2,0.19662,1.866,1.866,156512,0
1778472576.826005,0.141559,-0.231483,0.771305,1,0.5446,1.1641,0.007933,-0.041349,-0.067857,0.0006,0.1476,0.3964,2,0.19822,1.7766,1.7766,156512,0
1778472576.866379,0.15,-0.25,0.75,1,0.4924,0.646,0.006863,-0.041229,-0.067506,0.0005,0.1207,0.3713,2,0.18564,2.24,2.24,156512,0
1778472576.906989,0.15,-0.25,0.75,1,0.5664,0.7681,0.006909,-0.041067,-0.067079,0.0006,0.1576,0.4082,2,0.20409,2.6415,2.6415,156516,0
1778472576.947242,0.15,-0.25,0.75,1,0.6525,0.8646,0.007371,-0.040724,-0.06622,0.0005,0.1753,0.4767,2,0.23834,2.2339,2.2339,156516,0
1778472576.988647,0.15,-0.25,0.75,1,0.5334,0.7092,0.008567,-0.039772,-0.064783,0.0007,0.1448,0.3879,2,0.19396,2.1978,2.1978,156516,0
1778472577.028967,0.15,-0.25,0.8,1,0.5416,0.7355,0.010126,-0.038538,-0.063459,0.0006,0.1447,0.3963,2,0.19814,2.4303,2.4303,156516,0
1778472577.069134,0.15,-0.25,0.8,1,0.5535,0.7186,0.012551,-0.037538,-0.062088,0.0006,0.1558,0.3971,2,0.19854,1.1606,1.1606,156516,0
1778472577.109319,0.15,-0.25,0.8,1,0.5594,0.7422,0.015571,-0.036804,-0.060779,0.0006,0.1542,0.4046,2,0.2023,1.2673,1.2673,156516,0
1778472577.149688,0.15,-0.25,0.8,1,0.6609,0.8892,0.020169,-0.036661,-0.059322,0.0008,0.1838,0.4763,2,0.23816,1.238,1.238,156520,0
1778472577.18996,0.15,-0.25,0.8,1,0.5249,0.6955,0.02448,-0.036864,-0.057634,0.0005,0.1385,0.3859,2,0.19295,1.2579,1.2579,156520,0
1778472577.230175,0.15,-0.25,0.8,1,0.5759,0.7544,0.02826,-0.037081,-0.055431,0.0004,0.1637,0.4118,2,0.20589,1.2485,1.2485,156520,0
1778472577.270436,0.15,-0.25,0.8,1,0.6228,0.8215,0.031059,-0.037037,-0.052894,0.0006,0.177,0.4452,2,0.22261,1.2107,1.2107,156520,0
1778472577.310788,0.15,-0.25,0.8,1,0.5701,0.7537,0.034063,-0.036842,-0.050389,0.0006,0.162,0.4075,2,0.20377,1.171,1.171,156520,0
1778472577.351139,0.15,-0.25,0.8,1,0.5682,0.753,0.036875,-0.036656,-0.048053,0.0009,0.1602,0.4071,2,0.20356,1.0822,1.0822,156524,0
1778472577.391568,0.15,-0.25,0.8,1,0.5345,0.709,0.039281,-0.036658,-0.045736,0.0006,0.1478,0.3861,2,0.19303,0.9975,0.9975,156524,0
1778472577.431933,0.2,-0.25,0.8,1,0.5667,0.769,0.042735,-0.037243,-0.042854,0.0007,0.1677,0.3982,2,0.19912,1.4764,1.4764,156556,0
1778472577.472234,0.179906,-0.228187,0.798418,1,0.5649,0.7459,0.046279,-0.038053,-0.040744,0.0006,0.1523,0.412,2,0.20598,0.7606,0.7606,156560,0
1778472577.512459,0.18404,-0.22903,0.800464,1,0.6048,0.7793,0.050414,-0.038896,-0.038698,0.0005,0.1669,0.4374,2,0.21869,0.5523,0.5523,156560,0
1778472577.552752,0.18768,-0.2295,0.802659,1,0.5355,0.714,0.054054,-0.039365,-0.036503,0.0005,0.1477,0.3872,2,0.19361,0.4869,0.4869,156560,0
1778472577.593064,0.190879,-0.229873,0.804613,1,0.5411,0.7157,0.057252,-0.039739,-0.034548,0.0005,0.1422,0.3984,2,0.1992,0.4878,0.4878,156560,0
1778472577.633337,0.192369,-0.23007,0.806105,1,0.5482,0.7278,0.058743,-0.039936,-0.033057,0.0005,0.1371,0.4105,2,0.20526,0.4801,0.4801,156560,0
1778472577.673543,0.192373,-0.22926,0.807471,1,0.5574,0.7407,0.058747,-0.039125,-0.031691,0.0007,0.1602,0.3965,2,0.19826,0.4461,0.4461,156560,0
1778472577.7141,0.194012,-0.228732,0.808551,1,0.55,0.7928,0.060386,-0.038598,-0.030611,0.0004,0.1066,0.443,2,0.22152,0.4357,0.4357,156560,0
1778472577.754291,0.197574,-0.229416,0.809035,1,0.6183,0.8097,0.063948,-0.039282,-0.030127,0.0006,0.1666,0.4512,2,0.2256,0.4639,0.4639,156560,0
1778472577.794715,0.201718,-0.23089,0.809112,1,0.334,0.4592,0.068092,-0.040756,-0.03005,0.0002,0.1075,0.2262,2,0.11309,0.4779,0.4779,156560,0
1778472577.835,0.205646,-0.232336,0.808828,1,0.2745,0.381,0.07202,-0.042202,-0.030333,0.0003,0.1079,0.1662,1,0.16618,2.9477,2.9477,156564,0
1778472577.875285,0.208445,-0.233211,0.808579,1,0.27,0.3833,0.074818,-0.043076,-0.030583,0.0002,0.1052,0.1645,1,0.16452,2.5335,2.5335,156564,0
1778472577.915675,0.210741,-0.233835,0.808335,1,0.4623,1.1773,0.077114,-0.043701,-0.030827,0.0004,0.1285,0.3334,1,0.33336,2.5362,2.5362,156564,0
1778472577.956527,0.211884,-0.233753,0.808449,1,0.4566,0.6349,0.078258,-0.043618,-0.030713,0.0006,0.1689,0.2871,1,0.28713,2.4445,2.4445,156564,0
1778472577.998375,0.213003,-0.232849,0.809183,1,0.4779,0.6921,0.079377,-0.042715,-0.029979,0.0007,0.172,0.3052,1,0.30516,2.3553,2.3553,156564,0
1778472578.038563,0.214028,-0.231981,0.809985,1,0.414,0.6013,0.080402,-0.041847,-0.029177,0.0006,0.152,0.2613,1,0.26132,2.2995,2.2995,156564,0
1778472578.078908,0.213979,-0.230777,0.810674,1,0.4909,0.7288,0.080353,-0.040642,-0.028488,0.0007,0.1689,0.3214,1,0.32136,2.2717,2.2717,156564,0
1778472578.119293,0.21341,-0.229025,0.811163,1,0.4207,0.6197,0.079784,-0.038891,-0.027999,0.0009,0.1576,0.2622,1,0.26221,2.3419,2.3419,156564,0
1778472578.159658,0.212687,-0.227437,0.811384,1,0.3879,0.5677,0.079061,-0.037303,-0.027778,0.0005,0.1348,0.2526,1,0.25255,2.5492,2.5492,156568,0
1778472578.200014,0.211149,-0.22557,0.81124,1,0.43,0.6226,0.077522,-0.035436,-0.027922,0.0005,0.1616,0.2679,1,0.26786,2.66,2.66,156568,0
1778472578.240218,0.20943,-0.22357,0.811509,1,0.4388,0.6394,0.075803,-0.033436,-0.027653,0.0005,0.1535,0.2848,1,0.28481,2.8875,2.8875,156568,0
1778472578.280515,0.209322,-0.222886,0.811838,1,0.5497,0.7175,0.075695,-0.032752,-0.027324,0.0006,0.1566,0.3924,2,0.19622,0.4069,0.4069,156568,0
1778472578.320846,0.208767,-0.222218,0.812143,1,0.6932,0.9213,0.075141,-0.032083,-0.027019,0.001,0.1948,0.4975,2,0.24873,0.4694,0.4694,156568,0
1778472578.361104,0.207708,-0.221537,0.812441,1,0.5397,0.7029,0.074082,-0.031403,-0.026721,0.0006,0.1432,0.3959,2,0.19793,0.4869,0.4869,156568,0
1778472578.401542,0.202504,-0.219639,0.813058,1,0.566,0.7578,0.068877,-0.029504,-0.026104,0.0006,0.1647,0.4007,2,0.20037,0.4862,0.4862,156568,0
1778472578.441978,0.19839,-0.218683,0.813894,1,0.6555,0.8629,0.064764,-0.028549,-0.025268,0.0009,0.1861,0.4685,2,0.23426,0.5286,0.5286,156568,0
1778472578.482343,0.19493,-0.218165,0.814915,1,0.5487,0.7116,0.061304,-0.02803,-0.024247,0.0005,0.1507,0.3975,2,0.19873,0.639,0.639,156572,0
1778472578.522756,0.19042,-0.217836,0.816062,1,0.57,0.7614,0.056794,-0.027702,-0.0231,0.0006,0.1545,0.4149,2,0.20743,0.7509,0.7509,156572,0
1778472578.563043,0.185732,-0.217616,0.817058,1,0.5059,0.6879,0.052106,-0.027481,-0.022104,0.0006,0.1242,0.3811,2,0.19053,0.8382,0.8382,156572,0
1778472578.603374,0.2,-0.2,0.8,1,0.5587,0.7387,0.047949,-0.027423,-0.021243,0.0006,0.1502,0.4079,2,0.20396,0.7722,0.7722,156572,0
1778472578.643621,0.2,-0.2,0.8,1,0.5779,0.771,0.044369,-0.027445,-0.020368,0.0008,0.1652,0.4118,2,0.20592,0.5384,0.5384,156572,0
1778472578.683903,0.15,-0.2,0.8,1,0.5351,0.7171,0.040751,-0.027337,-0.01964,0.0007,0.1483,0.3861,2,0.19306,0.282,0.282,156572,0
1778472578.724252,0.15,-0.2,0.8,1,0.7199,0.9686,0.036635,-0.027166,-0.018941,0.0002,0.1914,0.5282,2,0.26411,0.8302,0.8302,156572,0
1778472578.764478,0.15,-0.2,0.8,1,0.5805,0.7878,0.033252,-0.027069,-0.01813,0.0007,0.1836,0.3962,2,0.1981,0.9009,0.9009,156572,0
1778472578.784872,0.15,-0.2,0.8,1,0.563,1.4364,0.030031,-0.026911,-0.017392,0.0006,0.1538,0.4086,2,0.20432,0.9572,0.9572,156576,0
1778472578.825577,0.15,-0.2,0.8,1,0.7418,1.496,0.026692,-0.02685,-0.016423,0.0006,0.3024,0.4388,2,0.21938,0.9993,0.9993,156576,0
1778472578.865764,0.15,-0.2,0.8,1,0.6422,1.3896,0.023165,-0.026681,-0.015236,0.0006,0.2285,0.4131,2,0.20653,1.0219,1.0219,156576,0
1778472578.906045,0.15,-0.2,0.85,1,0.5966,1.4064,0.019602,-0.026529,-0.014031,0.0006,0.1597,0.4364,2,0.21818,0.785,0.785,156576,0
1778472578.946741,0.149436,-0.216468,0.826305,1,0.4907,0.652,0.015809,-0.026333,-0.012857,0.0005,0.1204,0.3699,2,0.18493,1.2885,1.2885,156576,0
1778472578.987088,0.145673,-0.216538,0.826798,1,0.6107,0.7978,0.012046,-0.026404,-0.012364,0.0007,0.1669,0.4432,2,0.22159,1.3948,1.3948,156576,0
1778472579.027311,0.141871,-0.216918,0.826712,1,0.6606,0.8777,0.008245,-0.026784,-0.01245,0.0007,0.1717,0.4883,2,0.24413,1.3017,1.3017,156576,0
1778472579.06923,0.15,-0.2,0.85,1,0.5582,0.7325,0.00472,-0.027377,-0.013225,0.0008,0.1556,0.4018,2,0.20089,0.9358,0.9358,156576,0
1778472579.10941,0.15,-0.2,0.8,1,0.6178,0.8146,0.000867,-0.028411,-0.015192,0.0006,0.1575,0.4598,2,0.22988,1.0463,1.0463,156580,0
1778472579.149666,0.15,-0.2,0.8,1,0.533,0.7208,-0.004195,-0.029335,-0.017321,0.0004,0.1395,0.3931,2,0.19657,0.98,0.98,156580,0
1778472579.189919,0.1,-0.2,0.8,1,0.5449,0.7398,-0.009664,-0.030274,-0.019245,0.0006,0.1437,0.4006,2,0.2003,0.9946,0.9946,156580,0
1778472579.23021,0.1,-0.2,0.8,1,0.601,0.8024,-0.018029,-0.030512,-0.022733,0.0005,0.1504,0.4501,2,0.22503,1.5038,1.5038,156580,0
1778472579.270421,0.110329,-0.220899,0.813172,1,0.5338,0.7029,-0.023297,-0.030764,-0.02599,0.0005,0.1307,0.4025,2,0.20126,1.2853,1.2853,156580,0
1778472579.31074,0.105205,-0.221108,0.810831,1,0.6372,0.8507,-0.028421,-0.030973,-0.028331,0.0006,0.1772,0.4594,2,0.22971,1.3287,1.3287,156580,0
1778472579.350946,0.096749,-0.221228,0.808627,1,0.5808,0.7856,-0.036877,-0.031093,-0.030535,0.0005,0.1703,0.41,2,0.20502,0.9789,0.9789,156580,0
1778472579.39109,0.086561,-0.221196,0.807703,1,0.5875,0.7663,-0.047065,-0.031062,-0.031459,0.0005,0.159,0.428,2,0.21398,1.4511,1.4511,156580,0
1778472579.431391,0.1,-0.2,0.8,1,0.5607,0.7503,-0.057456,-0.03039,-0.032101,0.0005,0.1458,0.4144,2,0.20718,1.97,1.97,156616,0
1778472579.4717,0.05,-0.25,0.8,1,0.6808,0.8469,-0.066545,-0.029146,-0.032915,0.0007,0.152,0.5281,3,0.17604,1.6321,1.6321,156616,0
1778472579.51207,0.05,-0.25,0.8,1,0.5652,0.7509,-0.075158,-0.027395,-0.033717,0.0006,0.1516,0.413,2,0.2065,2.4541,2.4541,156616,0
1778472579.552451,0.05,-0.25,0.8,1,0.569,0.7634,-0.083395,-0.025576,-0.034388,0.0006,0.1629,0.4055,2,0.20274,2.3365,2.3365,156616,0
1778472579.592787,0.05,-0.25,0.8,1,0.5841,0.7561,-0.092376,-0.023624,-0.035174,0.0006,0.1469,0.4366,2,0.2183,2.3358,2.3358,156616,0
1778472579.633147,0.05,-0.25,0.8,1,0.5749,0.7733,-0.10124,-0.021806,-0.036382,0.0006,0.1655,0.4089,2,0.20444,2.3582,2.3582,156616,0
1778472579.673522,-0.0,-0.25,0.8,1,24.8985,26.3833,-0.110171,-0.020386,-0.036754,0.0007,0.1529,24.7449,250,0.09898,8.8542,8.8542,156616,1
1778472579.7207,-0.0,-0.25,0.8,1,20.283,21.5138,-0.118199,-0.019433,-0.035824,0.0005,0.1271,20.1553,250,0.08062,8.8536,8.8536,156620,1
1778472579.762945,-0.0,-0.25,0.8,1,18.6944,19.6776,-0.125146,-0.018474,-0.034558,0.0005,0.1351,18.5588,250,0.07424,8.8533,8.8533,156620,0
1778472579.803249,-0.0,-0.25,0.8,1,19.2656,22.2701,-0.132316,-0.017137,-0.033273,0.0007,0.1648,19.1002,250,0.0764,8.8551,8.8551,156620,1
1778472579.826163,-0.0,-0.2,0.85,1,0.2232,0.2769,-0.13873,-0.016137,-0.031951,0.0003,0.0454,0.1776,3,0.05919,1.5807,1.5807,156620,0
1778472579.866811,-0.0,-0.2,0.85,1,0.5935,0.7882,-0.144221,-0.014934,-0.029928,0.0007,0.1728,0.42,2,0.20998,2.7607,2.7607,156620,0
1778472579.906932,-0.0,-0.2,0.85,1,0.7204,0.9032,-0.149033,-0.013402,-0.028474,0.0008,0.1696,0.5501,3,0.18335,1.5918,1.5918,156620,0
1778472579.94902,-0.0,-0.2,0.85,1,0.6154,0.8003,-0.152741,-0.012054,-0.027252,0.0006,0.1646,0.4503,2,0.22514,2.7518,2.7518,156620,0
1778472579.98921,-0.0,-0.2,0.85,1,1.1504,1.3761,-0.155561,-0.010908,-0.026588,0.0005,0.1558,0.9941,3,0.33138,1.595,1.595,156620,0
1778472580.029408,-0.0,-0.2,0.85,1,0.6009,0.8046,-0.158315,-0.010203,-0.026737,0.0009,0.171,0.4291,2,0.21456,2.8611,2.8611,156620,0
1778472580.069702,-0.05,-0.2,0.85,1,0.8115,1.0202,-0.160672,-0.009913,-0.027356,0.0006,0.1749,0.6359,3,0.21197,1.8843,1.8843,156624,0
1778472580.109955,-0.05,-0.2,0.85,1,0.6604,0.8313,-0.161731,-0.009883,-0.027851,0.0004,0.1345,0.5254,3,0.17513,1.8322,1.8322,156624,0
1778472580.150227,-0.05,-0.2,0.85,1,0.6829,0.8594,-0.161612,-0.010281,-0.027986,0.0007,0.1469,0.5353,3,0.17844,1.8229,1.8229,156624,0
1778472580.190445,-0.05,-0.2,0.85,1,0.7448,0.9324,-0.161381,-0.010713,-0.02792,0.0006,0.1956,0.5487,3,0.18289,1.8188,1.8188,156624,0
1778472580.23087,-0.05,-0.2,0.85,1,0.7542,0.9625,-0.161225,-0.011187,-0.027745,0.0005,0.1459,0.6079,3,0.20262,1.8148,1.8148,156624,0
1778472580.271192,-0.05,-0.2,0.85,1,0.403,0.5311,-0.161287,-0.011272,-0.027909,0.0002,0.1085,0.2943,3,0.0981,1.812,1.812,156624,0
1778472580.311519,-0.05,-0.2,0.85,1,0.7109,0.8912,-0.16166,-0.011112,-0.028412,0.0003,0.1013,0.6092,3,0.20308,1.8066,1.8066,156624,0
1778472580.351874,-0.05,-0.2,0.85,1,0.7506,0.9296,-0.162037,-0.010995,-0.028796,0.0009,0.1594,0.5903,3,0.19678,1.8006,1.8006,156624,0
1778472580.392068,-0.05,-0.2,0.85,1,0.7595,0.964,-0.162666,-0.011133,-0.029051,0.0005,0.1622,0.5968,3,0.19892,1.7908,1.7908,156628,0
1778472580.432267,-0.05,-0.2,0.85,1,0.6817,0.8646,-0.162762,-0.011447,-0.028865,0.0007,0.1618,0.5193,3,0.17311,1.7867,1.7867,156628,0
1778472580.472661,-0.05,-0.2,0.85,1,0.7555,0.9407,-0.161417,-0.012105,-0.02852,0.0007,0.163,0.5918,3,0.19727,1.7897,1.7897,156628,0
1778472580.513283,-0.05,-0.2,0.85,1,0.7158,0.9126,-0.159367,-0.012822,-0.028041,0.0007,0.1697,0.5454,3,0.18182,1.797,1.797,156632,0
1778472580.553719,-0.0,-0.2,0.85,1,0.6849,0.8634,-0.157013,-0.013092,-0.027905,0.0006,0.1581,0.5262,3,0.17541,1.7128,1.7128,156632,0
1778472580.594181,-0.0,-0.2,0.85,1,0.5408,0.7191,-0.15442,-0.012758,-0.028165,0.0006,0.1433,0.3968,2,0.19841,2.6687,2.6687,156632,0
1778472580.63437,-0.0,-0.2,0.85,1,0.65,0.8333,-0.151412,-0.012,-0.028819,0.0006,0.1399,0.5095,3,0.16985,1.5517,1.5517,156632,0
1778472580.674732,-0.0,-0.2,0.85,1,0.5635,0.7436,-0.147482,-0.010963,-0.029964,0.0008,0.1595,0.4033,2,0.20163,2.6095,2.6095,156632,0
1778472580.715137,-0.0,-0.2,0.85,1,0.8033,1.6264,-0.143049,-0.009261,-0.031881,0.0008,0.169,0.6335,3,0.21117,1.571,1.571,156636,0
1778472580.755393,-0.0,-0.2,0.85,1,0.6031,3.2754,-0.139124,-0.008275,-0.033103,0.0006,0.1306,0.4718,2,0.23592,2.6769,2.6769,156636,0
1778472580.796522,-0.0,-0.2,0.85,1,0.7654,0.9758,-0.134794,-0.007881,-0.033686,0.0006,0.1767,0.5881,3,0.19605,1.562,1.562,156636,0
1778472580.836942,-0.0,-0.2,0.85,1,0.5931,0.8051,-0.129743,-0.008015,-0.033995,0.0005,0.1535,0.4391,2,0.21957,2.5567,2.5567,156636,0
1778472580.878692,-0.0,-0.2,0.85,1,0.3589,0.4615,-0.124897,-0.008563,-0.033452,0.0002,0.0919,0.2667,3,0.0889,1.5672,1.5672,156636,0
1778472580.918999,-0.0,-0.2,0.85,1,0.7543,0.995,-0.120146,-0.009302,-0.032428,0.0008,0.1755,0.578,2,0.289,2.583,2.583,156636,0
1778472580.959184,-0.0,-0.2,0.85,1,0.5906,0.7666,-0.115171,-0.010277,-0.031455,0.0004,0.1427,0.4474,2,0.2237,2.9406,2.9406,156636,0
1778472580.999467,-0.0,-0.2,0.85,1,0.6848,0.8617,-0.109651,-0.011382,-0.030584,0.0008,0.1675,0.5166,3,0.17221,1.55,1.55,156640,0
1778472581.039813,0.05,-0.2,0.85,1,0.6643,0.9046,-0.104166,-0.012486,-0.029814,0.0007,0.1782,0.4854,2,0.24268,2.0322,2.0322,156640,0
1778472581.080118,0.05,-0.2,0.85,1,0.5552,0.7185,-0.097967,-0.013654,-0.028908,0.0006,0.1429,0.4118,2,0.20588,1.5555,1.5555,156640,0
1778472581.120323,0.05,-0.2,0.85,1,0.5559,0.8063,-0.092376,-0.014567,-0.027889,0.0006,0.1577,0.3976,2,0.19882,1.5547,1.5547,156640,0
1778472581.160526,0.05,-0.2,0.85,1,0.5651,0.7637,-0.086465,-0.015419,-0.026154,0.0006,0.1769,0.3875,2,0.19376,1.571,1.571,156640,0
1778472581.200768,0.05,-0.2,0.85,1,0.5437,0.7336,-0.079964,-0.016579,-0.024524,0.0006,0.1572,0.3859,2,0.19296,1.5445,1.5445,156640,0
1778472581.24109,0.05,-0.2,0.85,1,0.5583,0.7483,-0.07254,-0.018129,-0.022566,0.0006,0.149,0.4088,2,0.20439,1.5219,1.5219,156640,0
1778472581.281263,0.05,-0.2,0.85,1,0.5265,0.6971,-0.065705,-0.01936,-0.02093,0.0006,0.1386,0.3873,2,0.19367,1.4864,1.4864,156640,0
1778472581.321461,0.1,-0.2,0.8,1,0.5635,0.7572,-0.058889,-0.02006,-0.019838,0.0005,0.1619,0.4011,2,0.20057,1.2546,1.2546,156640,0
1778472581.361826,0.080982,-0.210435,0.820034,1,0.5627,0.7726,-0.052644,-0.020301,-0.019128,0.0006,0.1556,0.4065,2,0.20324,0.9902,0.9902,156644,0
1778472581.402122,0.087251,-0.210203,0.820782,1,0.5273,0.7044,-0.046375,-0.020068,-0.01838,0.0006,0.1385,0.3882,2,0.19412,1.2437,1.2437,156644,0
1778472581.442406,0.093438,-0.210012,0.821357,1,0.598,0.7688,-0.040188,-0.019878,-0.017805,0.0006,0.1761,0.4213,2,0.21064,1.1945,1.1945,156712,0
1778472581.482767,0.099561,-0.209795,0.822485,1,0.5548,0.754,-0.034066,-0.019661,-0.016676,0.0005,0.1524,0.4018,2,0.20092,1.1848,1.1848,156712,0
1778472581.523049,0.105243,-0.20938,0.823601,1,0.5788,0.7471,-0.028383,-0.019246,-0.015561,0.0006,0.1369,0.4414,2,0.22069,1.1474,1.1474,156712,0
1778472581.563311,0.110358,-0.208987,0.823975,1,0.5426,0.7294,-0.023268,-0.018852,-0.015187,0.0006,0.1459,0.3961,2,0.19807,1.069,1.069,156712,0
1778472581.60358,0.115396,-0.208418,0.82421,1,0.4776,0.65,-0.018231,-0.018284,-0.014952,0.0006,0.1109,0.3662,2,0.18308,0.9863,0.9863,156712,0
1778472581.644001,0.1,-0.2,0.8,1,0.5836,0.7576,-0.012769,-0.018235,-0.015363,0.0006,0.1668,0.4161,2,0.20807,0.7721,0.7721,156716,0
1778472581.684297,0.15,-0.2,0.8,1,0.5595,0.7567,-0.007299,-0.01848,-0.015717,0.0006,0.1531,0.4058,2,0.20292,0.7939,0.7939,156716,0
1778472581.724664,0.15,-0.2,0.8,1,0.6338,0.8282,-0.002041,-0.018551,-0.016301,0.0007,0.1508,0.4823,2,0.24116,0.5236,0.5236,156716,0
1778472581.745561,0.137185,-0.208714,0.822045,1,0.6214,1.4117,0.003558,-0.01858,-0.017116,0.0007,0.1656,0.455,2,0.2275,0.6976,0.6976,156716,0
1778472581.785839,0.142811,-0.208618,0.82152,1,0.4786,3.018,0.009184,-0.018484,-0.017642,0.0005,0.1127,0.3654,2,0.18269,0.7812,0.7812,156716,0
1778472581.826281,0.14844,-0.208343,0.820744,1,0.6211,0.8256,0.014813,-0.018208,-0.018417,0.0007,0.1645,0.4559,2,0.22795,0.7469,0.7469,156716,0
1778472581.866724,0.154259,-0.208092,0.820395,1,0.5544,1.0143,0.020633,-0.017958,-0.018767,0.0007,0.1551,0.3986,2,0.1993,0.7108,0.7108,156716,0
1778472581.907105,0.161757,-0.208167,0.819849,1,0.5615,0.7484,0.02813,-0.018033,-0.019313,0.0006,0.1578,0.4032,2,0.20159,0.6739,0.6739,156716,0
1778472581.947301,0.169529,-0.208556,0.819932,1,0.662,0.8789,0.035903,-0.018422,-0.01923,0.0006,0.1653,0.4961,2,0.24807,0.6367,0.6367,156716,0
1778472581.987496,0.2,-0.2,0.8,1,0.508,0.6757,0.043555,-0.018745,-0.018863,0.0006,0.1437,0.3636,2,0.18182,0.4155,0.4155,156720,0
1778472582.029188,0.184364,-0.209427,0.820561,1,0.5841,0.7891,0.050738,-0.019293,-0.018601,0.0005,0.1486,0.4351,2,0.21755,0.5395,0.5395,156720,0
1778472582.069399,0.191303,-0.210127,0.820865,1,0.5893,0.7893,0.057676,-0.019993,-0.018296,0.0007,0.1712,0.4175,2,0.20873,0.5675,0.5675,156720,0
1778472582.109759,0.198859,-0.210913,0.820583,1,0.5328,0.7116,0.065233,-0.020779,-0.018579,0.0008,0.1457,0.3862,2,0.19311,0.5521,0.5521,156720,0
1778472582.149956,0.206227,-0.211582,0.82017,1,0.6462,0.8345,0.072601,-0.021447,-0.018992,0.0006,0.1613,0.4843,2,0.24217,0.5302,0.5302,156720,0
1778472582.190133,0.21386,-0.21255,0.819599,1,0.4503,0.6269,0.080234,-0.022416,-0.019563,0.0005,0.2009,0.2489,1,0.24894,2.6344,2.6344,156720,0
1778472582.230317,0.2,-0.2,0.8,1,0.4407,0.6395,0.086669,-0.023326,-0.020241,0.0005,0.1592,0.281,1,0.28102,1.5214,1.5214,156720,0
1778472582.270484,0.25,-0.2,0.8,1,0.5523,0.7332,0.093016,-0.024386,-0.021084,0.0004,0.1554,0.3965,2,0.19823,0.4558,0.4558,156720,0
1778472582.310735,0.232985,-0.215769,0.816956,1,0.643,0.8188,0.099358,-0.025634,-0.022206,0.0008,0.1552,0.487,2,0.24351,0.4463,0.4463,156724,0
1778472582.350923,0.23751,-0.216546,0.815883,1,0.464,0.6471,0.103883,-0.026411,-0.023278,0.0006,0.1631,0.3002,1,0.30024,1.8854,1.8854,156724,0
1778472582.391136,0.242038,-0.217171,0.815254,1,0.4132,0.6126,0.108412,-0.027036,-0.023908,0.0005,0.1468,0.2659,1,0.26591,1.656,1.656,156724,0
1778472582.431319,0.247694,-0.21784,0.814627,1,0.4149,0.6003,0.114068,-0.027705,-0.024535,0.0006,0.1491,0.2652,1,0.26519,1.6327,1.6327,156724,0
1778472582.471521,0.251389,-0.217964,0.813566,1,0.4147,0.5887,0.117763,-0.02783,-0.025595,0.0004,0.1495,0.2648,1,0.26478,1.5252,1.5252,156724,0
1778472582.511789,0.253549,-0.217793,0.812662,1,0.4086,0.5891,0.119923,-0.027659,-0.0265,0.0007,0.1481,0.2598,1,0.25975,1.4138,1.4138,156724,0
1778472582.551954,0.255512,-0.2182,0.812056,1,0.4276,0.6164,0.121886,-0.028065,-0.027106,0.0007,0.1557,0.2712,1,0.27119,1.3262,1.3262,156724,0
1778472582.592137,0.257831,-0.219011,0.811589,1,0.4682,0.6841,0.124205,-0.028876,-0.027573,0.0005,0.1647,0.3031,1,0.30306,1.2697,1.2697,156728,0
1778472582.632255,0.260163,-0.219947,0.811255,1,0.4485,0.6352,0.126536,-0.029813,-0.027907,0.0006,0.1393,0.3087,1,0.30872,1.2323,1.2323,156728,0
1778472582.672467,0.263658,-0.221414,0.811398,1,0.4763,0.6559,0.130032,-0.031279,-0.027763,0.0008,0.1963,0.2793,1,0.27927,1.2303,1.2303,156728,0
1778472582.71264,0.25,-0.2,0.8,1,0.3746,0.5616,0.1376,-0.03429,-0.027053,0.0005,0.1287,0.2453,1,0.24534,1.5011,1.5011,156728,0
1778472582.752866,0.3,-0.25,0.8,1,0.6027,0.783,0.142086,-0.036496,-0.02715,0.0005,0.16,0.4422,2,0.22111,1.0817,1.0817,156728,0
1778472582.793145,0.3,-0.25,0.8,1,0.4333,0.6419,0.145081,-0.038513,-0.027565,0.0007,0.1599,0.2726,1,0.27263,1.7066,1.7066,156728,0
1778472582.833524,0.281813,-0.230815,0.811495,1,0.3941,0.5783,0.148187,-0.040681,-0.027666,0.0005,0.1497,0.2439,1,0.24394,2.9122,2.9122,156728,0
1778472582.874004,0.284742,-0.232725,0.811363,1,0.4512,0.6415,0.151115,-0.04259,-0.027798,0.0007,0.1741,0.2764,1,0.2764,1.1969,1.1969,156728,0
1778472582.914281,0.287819,-0.234278,0.811446,1,0.4485,0.6595,0.154193,-0.044143,-0.027716,0.0007,0.1754,0.2723,1,0.27234,1.0614,1.0614,156732,0
1778472582.954461,0.290363,-0.235168,0.811638,1,0.4315,0.6021,0.156737,-0.045034,-0.027523,0.0005,0.1626,0.2683,1,0.26835,1.0269,1.0269,156732,0
1778472582.994711,0.291085,-0.233941,0.811515,1,0.4524,0.6452,0.157459,-0.043807,-0.027647,0.0007,0.1641,0.2876,1,0.28762,0.9601,0.9601,156732,0
1778472583.035054,0.290595,-0.231514,0.811085,1,0.424,1.3475,0.156969,-0.041379,-0.028077,0.0005,0.1426,0.2809,1,0.28087,0.9185,0.9185,156736,0
1778472583.075248,0.290939,-0.231144,0.810645,1,0.4541,0.6314,0.157313,-0.041009,-0.028517,0.0006,0.1682,0.2853,1,0.28528,0.9426,0.9426,156736,0
1778472583.115608,0.291101,-0.231134,0.810281,1,1.0844,1.4007,0.157475,-0.040999,-0.028881,0.0006,0.1433,0.9405,1,0.94054,0.9748,0.9748,156736,0
1778472583.155865,0.29086,-0.230762,0.809737,1,0.4003,0.5577,0.157233,-0.040628,-0.029425,0.0007,0.1414,0.2582,1,0.25822,1.0259,1.0259,156736,0
1778472583.196093,0.290291,-0.229608,0.809124,1,0.4114,0.8729,0.156665,-0.039474,-0.030038,0.0006,0.1542,0.2566,1,0.25659,1.0895,1.0895,156736,0
1778472583.23662,0.289247,-0.228166,0.809133,1,0.4008,0.8606,0.155621,-0.038032,-0.030029,0.0005,0.1534,0.2469,1,0.24693,1.1449,1.1449,156740,0
1778472583.278667,0.287784,-0.227057,0.809505,1,0.4591,0.6595,0.154158,-0.036923,-0.029657,0.0005,0.205,0.2536,1,0.25357,1.2203,1.2203,156740,0
1778472583.318853,0.285855,-0.225725,0.809983,1,0.401,0.6005,0.152229,-0.035591,-0.029179,0.0006,0.1467,0.2537,1,0.25368,1.3051,1.3051,156740,0
1778472583.359038,0.3,-0.2,0.8,1,0.3912,0.5552,0.150345,-0.034411,-0.028642,0.0007,0.1473,0.2431,1,0.2431,1.223,1.223,156740,0
1778472583.399241,0.3,-0.2,0.8,1,0.5447,0.8746,0.148459,-0.033474,-0.028276,0.0005,0.1892,0.355,1,0.35498,0.821,0.821,156740,0
1778472583.439415,0.3,-0.2,0.8,1,0.4494,0.6562,0.146732,-0.032989,-0.027863,0.0005,0.1786,0.2703,1,0.27034,0.8056,0.8056,156752,0
1778472583.479584,0.3,-0.2,0.8,1,0.3632,0.5258,0.145246,-0.03281,-0.027616,0.0005,0.1326,0.23,1,0.23,0.8202,0.8202,156752,0
1778472583.51978,0.25,-0.2,0.8,1,0.5403,0.7276,0.140896,-0.031576,-0.027424,0.0005,0.1442,0.3956,2,0.19782,0.5067,0.5067,156752,0
1778472583.559958,0.25,-0.2,0.8,1,0.4031,0.6011,0.138516,-0.030745,-0.027043,0.0005,0.1431,0.2595,1,0.25946,0.689,0.689,156752,0
1778472583.600158,0.25,-0.2,0.8,1,0.4062,0.5836,0.137012,-0.030218,-0.026414,0.0007,0.1477,0.2578,1,0.25783,0.6981,0.6981,156756,0
1778472583.640342,0.25,-0.2,0.8,1,0.4099,0.604,0.136175,-0.02994,-0.026164,0.0005,0.1563,0.2532,1,0.25322,0.7012,0.7012,156756,0
1778472583.680508,0.25,-0.2,0.8,1,0.3769,0.6233,0.13553,-0.029611,-0.025943,0.0005,0.1376,0.2388,1,0.2388,0.7126,0.7126,156756,0
1778472584.544974,0.247771,-0.188166,0.795404,1,0.4124,0.593,-0.003931,0.000679,-0.003194,0.0006,0.1494,0.2624,1,0.26239,0.4894,0.4894,156756,0
1778472584.56553,0.244216,-0.187629,0.793098,1,0.4475,0.6544,-0.007487,0.001216,-0.0055,0.0005,0.1605,0.2865,1,0.28649,0.4389,0.4389,156756,0
1778472584.605929,0.242503,-0.18776,0.792644,1,0.4175,3.1845,-0.0092,0.001084,-0.005955,0.0006,0.1518,0.2652,1,0.26517,0.4384,0.4384,156760,0
1778472584.646127,0.242124,-0.188349,0.793404,1,0.3918,1.4763,-0.009579,0.000495,-0.005194,0.0006,0.1457,0.2455,1,0.24549,0.476,0.476,156760,0
1778472584.686835,0.242464,-0.188871,0.794642,1,0.3383,0.4973,-0.009239,-2.7e-05,-0.003956,0.0005,0.1165,0.2213,1,0.22131,0.5431,0.5431,156760,0
1778472584.747166,0.244636,-0.189281,0.795818,1,0.4461,0.6407,-0.007066,-0.000437,-0.002781,0.0006,0.1633,0.2823,1,0.28227,0.5954,0.5954,156760,0
1778472584.789259,0.248712,-0.189903,0.796326,1,0.2722,0.3936,-0.002991,-0.001059,-0.002272,0.0003,0.1077,0.1642,1,0.16421,0.634,0.634,156760,0
1778472584.829492,0.254389,-0.19093,0.796644,1,0.4756,0.694,0.002686,-0.002086,-0.001954,0.0008,0.1905,0.2844,1,0.28442,0.6685,0.6685,156760,0
1778472584.869854,0.261693,-0.192054,0.796671,1,0.4245,0.5992,0.00999,-0.00321,-0.001927,0.0005,0.1512,0.2728,1,0.27279,0.7081,0.7081,156760,0
1778472584.910146,0.270258,-0.193509,0.796016,1,0.424,0.615,0.018556,-0.004665,-0.002583,0.0006,0.1534,0.2699,1,0.26993,0.7658,0.7658,156760,0
1778472584.950747,0.278415,-0.195024,0.795528,1,0.4735,0.6734,0.026713,-0.00618,-0.00307,0.0006,0.173,0.2998,1,0.29982,0.7629,0.7629,156760,0
1778472584.991153,0.282674,-0.195596,0.796637,1,0.3844,0.5771,0.030972,-0.006752,-0.001961,0.0006,0.1374,0.2464,1,0.24643,0.6912,0.6912,156760,0
1778472585.031433,0.287886,-0.196954,0.797527,1,0.2801,0.4065,0.036184,-0.00811,-0.001072,0.0002,0.109,0.1709,1,0.17085,0.741,0.741,156764,0
1778472585.071671,0.293093,-0.198354,0.799545,1,0.2486,0.342,0.041391,-0.00951,0.000947,0.0002,0.0967,0.1517,1,0.15169,0.791,0.791,156764,0
1778472585.112005,0.298799,-0.199768,0.802265,1,0.2718,0.3961,0.047097,-0.010924,0.003666,0.0004,0.1052,0.1662,1,0.16625,0.8769,0.8769,156764,0
1778472585.152381,0.304928,-0.201547,0.803282,1,0.2782,0.3922,0.053225,-0.012703,0.004684,0.0004,0.1049,0.173,1,0.17298,1.0044,1.0044,156764,0
1778472585.192668,0.311627,-0.20308,0.804646,1,0.2355,0.3304,0.059924,-0.014235,0.006048,0.0002,0.0937,0.1416,1,0.14157,1.1364,1.1364,156764,0
1778472585.233162,0.317471,-0.203722,0.8068,1,0.2773,0.3901,0.065768,-0.014878,0.008201,0.0003,0.1081,0.1689,1,0.16887,1.1491,1.1491,156764,0
1778472585.273361,0.322263,-0.203891,0.809498,1,0.4089,0.6032,0.07056,-0.015046,0.0109,0.0006,0.1517,0.2567,1,0.25666,1.161,1.161,156764,0
1778472585.31355,0.325688,-0.201337,0.813262,1,0.4018,0.5995,0.073985,-0.012493,0.014664,0.0005,0.1547,0.2467,1,0.24666,1.1935,1.1935,156764,0
1778472585.353851,0.329835,-0.200708,0.81533,1,0.278,0.3966,0.078132,-0.011863,0.016732,0.0003,0.1109,0.1669,1,0.16688,1.2791,1.2791,156768,0
1778472585.394041,0.335704,-0.200683,0.81789,1,0.383,0.5675,0.084001,-0.011839,0.019292,0.0005,0.1462,0.2363,1,0.23629,1.4092,1.4092,156768,0
1778472585.434233,0.341652,-0.200679,0.820029,1,0.4099,0.5926,0.08995,-0.011835,0.021431,0.0006,0.149,0.2604,1,0.26039,1.5274,1.5274,156768,0
1778472585.474995,0.34906,-0.20077,0.821494,1,0.4596,0.6797,0.097357,-0.011926,0.022895,0.0007,0.1629,0.296,1,0.29601,1.7243,1.7243,156768,0
1778472585.495268,0.358689,-0.198662,0.823358,1,0.3665,0.5277,0.106986,-0.009818,0.024759,0.0005,0.1207,0.2453,1,0.24534,2.045,2.045,156768,0
1778472585.535679,0.367618,-0.197644,0.823269,1,0.8422,1.0897,0.115916,-0.008799,0.024671,0.0006,0.152,0.6896,1,0.68958,2.261,2.261,156768,0
1778472585.575843,0.367618,-0.197644,0.823269,0,21.9365,25.0608,0.1257,-0.008516,0.02396,0.0006,0.1545,21.7814,250,0.08713,22.9425,22.9425,156768,1
1778472585.621569,0.386702,-0.196858,0.822776,1,0.5354,0.7281,0.135,-0.008013,0.024178,0.0007,0.1394,0.3953,2,0.19764,2.9138,2.9138,156772,0
1778472585.661997,0.395249,-0.196736,0.823214,1,23.7799,24.7098,0.143547,-0.007892,0.024616,0.0005,0.1527,23.6266,250,0.09451,3.604,3.604,156772,1
1778472585.70864,0.395249,-0.196736,0.823214,0,18.0344,19.0022,0.157356,-0.007464,0.026521,0.0005,0.1151,17.9188,250,0.07168,20.0827,20.0827,156772,0
1778472585.748912,0.4,-0.2,0.85,1,19.3526,22.2326,0.168484,-0.00688,0.027665,0.0006,0.168,19.184,250,0.07674,6.2201,6.2201,156772,1
1778472585.791962,0.4,-0.2,0.85,1,18.9469,20.1277,0.175465,-0.005741,0.027322,0.0005,0.1243,18.8221,250,0.07529,5.6356,5.6356,156772,1
1778472585.832757,0.4,-0.2,0.8,1,19.3105,20.1645,0.184098,-0.005487,0.025964,0.0005,0.1179,19.1921,250,0.07677,3.4031,3.4031,156772,1
1778472585.873722,0.4,-0.2,0.8,1,18.7053,20.6313,0.194307,-0.007111,0.02266,0.0007,0.1629,18.5417,250,0.07417,3.3712,3.3712,156772,1
1778472585.895032,0.4,-0.2,0.8,1,9.4626,9.5141,0.20156,-0.009839,0.018479,0.0002,0.0405,9.4219,250,0.03769,3.3812,3.3812,156772,0
1778472585.935556,0.4,-0.2,0.8,1,19.0686,20.4344,0.206433,-0.011007,0.018515,0.0007,0.1618,18.9061,250,0.07562,3.4098,3.4098,156772,1
1778472585.978932,0.4,-0.2,0.8,1,19.1613,20.4217,0.207128,-0.008379,0.021324,0.0005,0.1453,19.0155,250,0.07606,3.4039,3.4039,156776,1
1778472586.020077,0.4,-0.2,0.8,1,17.0719,20.1461,0.206707,-0.00686,0.020551,0.0005,0.1338,16.9376,250,0.06775,3.3807,3.3807,156776,1
1778472586.061062,0.4,-0.2,0.8,1,24.1383,26.1937,0.206381,-0.008004,0.017891,0.0003,0.1152,24.0228,250,0.09609,3.3945,3.3945,156776,1
1778472586.108064,0.4,-0.2,0.8,1,20.4035,21.5187,0.20845,-0.00917,0.01672,0.0006,0.1461,20.2567,250,0.08103,3.3968,3.3968,156780,1
1778472586.150213,0.4,-0.2,0.8,1,18.6563,19.6821,0.209034,-0.008886,0.016624,0.0005,0.1474,18.5084,250,0.07403,3.3887,3.3887,156780,0
1778472586.190475,0.4,-0.2,0.8,1,17.2216,18.0768,0.208348,-0.009123,0.015844,0.0006,0.1697,17.0514,250,0.06821,3.387,3.387,156780,0
1778472586.230722,0.4,-0.2,0.8,1,19.5354,22.4261,0.207082,-0.009593,0.015452,0.0007,0.1257,19.409,250,0.07764,3.3893,3.3893,156784,1
1778472586.275361,0.4,-0.2,0.8,1,19.0462,20.2366,0.206739,-0.009593,0.0158,0.0006,0.1701,18.8755,250,0.0755,3.3888,3.3888,156828,1
1778472586.296452,0.4,-0.2,0.8,1,9.7469,10.5899,0.206115,-0.009603,0.01667,0.0003,0.0525,9.6941,250,0.03878,3.389,3.389,156828,0
1778472586.336836,0.4,-0.2,0.8,1,18.7581,21.5564,0.205195,-0.009757,0.017489,0.0007,0.152,18.6054,250,0.07442,3.3915,3.3915,156828,1
1778472586.3791,0.4,-0.2,0.8,1,19.5396,20.7402,0.204797,-0.009995,0.018142,0.0008,0.1736,19.3653,250,0.07746,3.3921,3.3921,156828,1
1778472587.047203,0.384512,-0.196151,0.794848,1,0.561,0.7569,-0.012216,0.003575,-0.004301,0.0007,0.1587,0.4016,2,0.20079,2.3372,2.3372,156828,0
1778472587.087482,0.376615,-0.195345,0.790494,1,0.4573,0.6666,-0.020113,0.004381,-0.008655,0.0008,0.1648,0.2918,1,0.29179,2.6645,2.6645,156828,0
1778472587.128153,0.374247,-0.195002,0.787768,1,0.4878,0.6913,-0.022481,0.004724,-0.011381,0.0003,0.1996,0.2879,1,0.28792,1.9902,1.9902,156828,0
1778472587.168335,0.371903,-0.193735,0.785878,1,0.4228,0.5979,-0.024825,0.005992,-0.013271,0.0005,0.1531,0.2693,1,0.26927,1.9226,1.9226,156828,0
1778472587.208635,0.370578,-0.193222,0.784737,1,0.4288,0.6407,-0.02615,0.006505,-0.014412,0.0006,0.1602,0.268,1,0.26799,1.8391,1.8391,156828,0
1778472587.248919,0.369596,-0.192842,0.784264,1,0.3822,0.5433,-0.027131,0.006884,-0.014885,0.0006,0.1339,0.2476,1,0.24763,1.7989,1.7989,156832,0
1778472587.289129,0.368789,-0.191949,0.784275,1,0.5092,0.7123,-0.027939,0.007777,-0.014873,0.0006,0.1585,0.3501,1,0.35011,1.7758,1.7758,156832,0
1778472587.329321,0.36873,-0.190165,0.784263,1,0.5255,0.7584,-0.027998,0.009561,-0.014886,0.0005,0.1768,0.3482,1,0.3482,1.7725,1.7725,156832,0
1778472587.369603,0.370632,-0.188166,0.784169,1,0.3989,0.5723,-0.026096,0.011561,-0.014979,0.0008,0.1481,0.25,1,0.25003,1.8121,1.8121,156832,0
1778472587.40998,0.35,-0.2,0.8,1,0.5605,0.7606,-0.022658,0.012953,-0.014743,0.0005,0.1508,0.4091,2,0.20457,1.4816,1.4816,156832,0
1778472587.450293,0.379278,-0.186181,0.785324,1,0.517,0.683,-0.01745,0.013546,-0.013824,0.0005,0.1325,0.3839,2,0.19196,2.0756,2.0756,156832,0
1778472587.490727,0.386306,-0.186328,0.787058,1,0.4045,0.5779,-0.010422,0.013399,-0.012091,0.0004,0.1541,0.25,1,0.25004,2.4564,2.4564,156832,0
1778472587.531014,0.393806,-0.186786,0.788795,1,0.4981,0.7261,-0.002922,0.01294,-0.010354,0.0007,0.1928,0.3045,1,0.30455,2.8532,2.8532,156832,0
1778472587.571278,0.402293,-0.187457,0.791066,1,23.1282,26.5104,0.005565,0.01227,-0.008083,0.0006,0.121,23.0066,250,0.09203,3.3486,3.3486,156836,1
1778472587.618492,0.411191,-0.186519,0.793582,1,20.3212,23.0746,0.014463,0.013208,-0.005566,0.0009,0.1688,20.1515,250,0.08061,6.1047,6.1047,156836,1
1778472587.662182,0.411191,-0.186519,0.793582,0,20.7742,21.4396,0.0258,0.014035,-0.003263,0.0005,0.1634,20.6102,250,0.08244,27.033,27.033,156836,1
1778472587.704149,0.4,-0.2,0.8,1,13.0706,14.2382,0.0374,0.015017,-0.000272,0.0006,0.1352,12.9349,250,0.05174,3.4451,3.4451,156836,0
1778472587.744417,0.4,-0.2,0.8,1,19.3266,20.4732,0.051099,0.016049,0.003322,0.0005,0.1465,19.1796,250,0.07672,3.449,3.449,156836,1
1778472587.765357,0.4,-0.2,0.8,1,9.6654,10.3431,0.064698,0.015861,0.007845,0.0002,0.0344,9.6309,250,0.03852,3.454,3.454,156836,0
1778472587.805706,0.4,-0.2,0.8,1,19.2755,20.5156,0.074668,0.013541,0.013148,0.0005,0.1495,19.1255,250,0.0765,3.4312,3.4312,156836,1
1778472587.849063,0.4,-0.2,0.8,1,18.9133,19.9096,0.089395,0.013788,0.017366,0.0006,0.1707,18.742,250,0.07497,3.4424,3.4424,156840,1
1778472587.889699,0.4,-0.2,0.8,1,27.0099,29.5387,0.104033,0.013606,0.020397,0.0005,0.1125,26.8969,250,0.10759,3.4512,3.4512,156840,1
1778472587.939858,0.4,-0.2,0.8,1,20.0563,22.6665,0.116044,0.013326,0.022089,0.0005,0.1329,19.923,250,0.07969,3.4395,3.4395,156840,1
1778472587.983095,0.4,-0.2,0.8,1,17.5975,18.7895,0.12949,0.012576,0.022257,0.0007,0.1399,17.4569,250,0.06983,3.4281,3.4281,156840,0
1778472588.023252,0.4,-0.2,0.8,1,19.7416,19.8642,0.143392,0.011047,0.020821,0.0006,0.1431,19.5978,250,0.07839,3.4142,3.4142,156840,1
1778472588.063819,0.4,-0.2,0.8,1,19.9292,21.762,0.153831,0.0088,0.019664,0.0006,0.1222,19.8064,250,0.07923,3.3982,3.3982,156840,1
1778472588.086026,0.4,-0.2,0.8,1,9.4391,10.455,0.162575,0.005693,0.019094,0.0002,0.0352,9.4037,250,0.03761,3.3604,3.3604,156840,0
1778472588.126843,0.4,-0.2,0.8,1,20.2337,21.2134,0.206826,-0.007029,0.022534,0.0005,0.159,20.0742,250,0.0803,3.3264,3.3264,156840,1
1778472588.169217,0.4,-0.2,0.8,1,18.1431,19.1175,0.237609,-0.015211,0.024386,0.0006,0.148,17.9944,250,0.07198,3.3047,3.3047,156844,0
1778472588.209373,0.4,-0.2,0.8,1,18.7701,21.861,0.248192,-0.017649,0.024709,0.0006,0.1121,18.6574,250,0.07463,3.2858,3.2858,156844,1
1778472588.251877,0.4,-0.2,0.8,1,24.0349,26.0342,0.254931,-0.01908,0.024172,0.0005,0.1468,23.8876,250,0.09555,3.2677,3.2677,156844,1
1778472588.298866,0.4,-0.2,0.8,1,22.726,24.0588,0.262076,-0.021133,0.022793,0.0007,0.1653,22.5599,250,0.09024,3.261,3.261,156844,1
1778472588.343643,0.4,-0.2,0.8,1,19.5259,21.2472,0.269348,-0.024081,0.022461,0.0005,0.1241,19.4012,250,0.0776,3.2493,3.2493,156844,1
1778472588.365386,0.4,-0.25,0.8,1,9.232,9.8587,0.276003,-0.026968,0.02252,0.0002,0.043,9.1887,250,0.03675,4.2081,4.2081,156844,0
1778472588.405755,0.4,-0.25,0.8,1,18.3299,19.2412,0.282517,-0.029975,0.021344,0.0004,0.1123,18.2171,250,0.07287,4.0682,4.0682,156844,0
1778472588.445989,0.4,-0.25,0.8,1,19.4491,19.919,0.288428,-0.033542,0.019144,0.0007,0.1415,19.3069,250,0.07723,3.9216,3.9216,156844,1
1778472588.487875,0.4,-0.25,0.8,1,19.0343,20.6995,0.294086,-0.037647,0.016408,0.0007,0.1764,18.8572,250,0.07543,3.8387,3.8387,156848,1
1778472588.529187,0.4,-0.25,0.8,1,17.7575,18.4358,0.300171,-0.041097,0.014821,0.0005,0.1381,17.6189,250,0.07048,3.7619,3.7619,156848,0
1778472588.569343,0.4,-0.25,0.8,1,17.3424,18.053,0.306929,-0.043823,0.015429,0.0006,0.1369,17.2049,250,0.06882,3.71,3.71,156848,0
1778472588.609576,0.4,-0.25,0.8,1,18.1059,18.8083,0.313455,-0.047027,0.017026,0.0006,0.1797,17.9256,250,0.0717,3.6414,3.6414,156848,0
1778472588.649985,0.4,-0.25,0.8,1,18.4241,20.0348,0.320681,-0.050607,0.017163,0.0005,0.1262,18.2975,250,0.07319,3.5617,3.5617,156848,1
1778472588.690874,0.4,-0.25,0.8,1,19.3936,20.4202,0.322862,-0.051456,0.016807,0.0005,0.1478,19.2453,250,0.07698,3.5429,3.5429,156848,1
1778472588.73216,0.4,-0.25,0.8,1,21.9312,23.1368,0.321429,-0.050807,0.016838,0.0006,0.1632,21.7674,250,0.08707,3.5234,3.5234,156848,1
1778472588.776,0.4,-0.25,0.8,1,26.1948,28.7618,0.321171,-0.050692,0.016847,0.0007,0.1401,26.054,250,0.10422,3.4884,3.4884,156848,1
1778472588.805908,0.4,-0.25,0.8,1,19.0195,21.926,0.321142,-0.050679,0.016848,0.0007,0.1394,18.8794,250,0.07552,3.4349,3.4349,156852,1
1778472588.848556,0.4,-0.25,0.8,1,16.8128,20.0043,0.32114,-0.050678,0.016848,0.0005,0.1489,16.6634,250,0.06665,3.3853,3.3853,156852,1
1778472588.892431,0.4,-0.25,0.8,1,22.5431,23.8378,0.32114,-0.050678,0.016848,0.0007,0.1468,22.3957,250,0.08958,3.3458,3.3458,156884,1
1778472588.936897,0.4,-0.25,0.8,1,12.6931,13.4725,0.32114,-0.050678,0.016848,0.0004,0.1306,12.5621,250,0.05025,3.2792,3.2792,156884,0
1778472588.977074,0.4,-0.25,0.8,1,17.9658,21.2205,0.32114,-0.050678,0.016848,0.0005,0.1131,17.8522,250,0.07141,3.2457,3.2457,156888,1
1778472589.018914,0.4,-0.25,0.8,1,19.0685,20.2184,0.32114,-0.050678,0.016848,0.0006,0.1623,18.9056,250,0.07562,3.2652,3.2652,156888,1
1778472589.059818,0.4,-0.25,0.8,1,17.9768,18.6512,0.32114,-0.050678,0.016848,0.0006,0.1507,17.8254,250,0.0713,3.2818,3.2818,156888,0
1778472589.099942,0.4,-0.25,0.8,1,19.0923,20.6521,0.32114,-0.050678,0.016848,0.0006,0.1398,18.9519,250,0.07581,3.2845,3.2845,156892,1
1778472589.141565,0.4,-0.25,0.8,1,21.1943,22.3538,0.32114,-0.050678,0.016848,0.0007,0.1594,21.0341,250,0.08414,3.2759,3.2759,156892,1
1778472589.184555,0.4,-0.25,0.8,1,19.4585,20.3408,0.32114,-0.050678,0.016848,0.0004,0.1671,19.291,250,0.07716,3.2536,3.2536,156892,1
1778472589.20581,0.4,-0.25,0.8,1,9.4107,9.4732,0.32114,-0.050678,0.016848,0.0002,0.0491,9.3614,250,0.03745,3.2488,3.2488,156892,0
1778472589.246435,0.4,-0.25,0.8,1,22.2167,25.5775,0.32114,-0.050678,0.016848,0.0003,0.0807,22.1356,250,0.08854,3.2454,3.2454,156892,1
1778472589.292799,0.4,-0.25,0.8,1,20.4291,20.9574,0.32114,-0.050678,0.016848,0.0007,0.1434,20.285,250,0.08114,3.242,3.242,156892,1
1778472589.961887,0.401901,-0.24936,0.777301,1,0.3362,1.3588,0.0,0.0,0.0,0.0002,0.1071,0.2288,2,0.1144,2.7423,2.7423,156896,0
1778472590.002043,0.401901,-0.24936,0.777301,1,0.2535,0.3526,0.0,0.0,0.0,0.0002,0.0984,0.1549,1,0.15486,2.7555,2.7555,156896,0
1778472590.042349,0.401901,-0.24936,0.777301,1,0.5327,0.7796,0.0,0.0,0.0,0.0009,0.2006,0.3312,1,0.33121,2.7402,2.7402,156896,0
1778472590.08304,0.401901,-0.24936,0.777301,1,0.4293,0.627,0.0,0.0,0.0,0.0007,0.1701,0.2585,1,0.25851,2.7378,2.7378,156900,0
1778472590.123471,0.401901,-0.24936,0.777301,1,0.3857,0.5732,0.0,0.0,0.0,0.0005,0.1468,0.2384,1,0.2384,2.7343,2.7343,156900,0
1778472590.16387,0.401901,-0.24936,0.777301,1,0.4082,0.5926,0.0,0.0,0.0,0.0006,0.152,0.2557,1,0.25566,2.7475,2.7475,156900,0
1778472590.204073,0.401901,-0.24936,0.777301,1,0.421,0.6341,0.0,0.0,0.0,0.0007,0.1577,0.2626,1,0.26258,2.7547,2.7547,156900,0
1778472590.244423,0.401901,-0.24936,0.777301,1,0.3991,0.5861,0.0,0.0,0.0,0.0005,0.154,0.2445,1,0.24449,2.7627,2.7627,156900,0
1778472590.284746,0.401901,-0.24936,0.777301,1,0.4122,0.5946,0.0,0.0,0.0,0.0008,0.161,0.2505,1,0.25046,2.7934,2.7934,156900,0
1778472590.325102,0.401901,-0.24936,0.777301,1,0.3995,0.5793,0.0,0.0,0.0,0.0006,0.151,0.2479,1,0.24795,2.8136,2.8136,156900,0
1778472590.345363,0.365854,-0.23918,0.777904,1,0.7001,1.2506,-0.036047,0.01018,0.000603,0.0006,0.1607,0.5388,3,0.1796,1.2591,1.2591,156900,0
1778472590.385768,0.248517,-0.20662,0.780491,1,0.6545,1.1032,-0.153385,0.042741,0.003191,0.0006,0.1419,0.512,3,0.17068,0.9712,0.9712,156900,0
1778472591.435365,0.24825,-0.207022,0.779649,0,24.4239,25.6322,-0.360965,0.048097,-0.041355,0.0438,0.1409,24.2392,250,0.09696,157.0502,157.0502,156908,1
1778472591.481985,0.24825,-0.207022,0.779649,0,18.3616,19.8956,-0.362319,0.048836,-0.040979,0.0007,0.1865,18.1744,250,0.0727,157.0135,157.0135,156908,1
1778472591.522549,0.24825,-0.207022,0.779649,0,24.1928,27.4973,-0.363458,0.04946,-0.040411,0.0009,0.1537,24.0382,250,0.09615,157.4572,157.4572,156908,1
1778472591.550611,0.24825,-0.207022,0.779649,0,11.1135,11.7775,-0.364289,0.050054,-0.0401,0.0002,0.0446,11.0687,250,0.04427,157.9939,157.9939,156908,0
1778472591.590946,0.24825,-0.207022,0.779649,0,22.1297,22.7836,-0.364741,0.05053,-0.040287,0.0007,0.1903,21.9387,250,0.08775,158.1076,158.1076,156908,1
1778472591.634279,0.24825,-0.207022,0.779649,0,19.6737,21.3441,-0.364758,0.050912,-0.040601,0.0005,0.128,19.5452,250,0.07818,158.0891,158.0891,156908,1
1778472591.676616,0.24825,-0.207022,0.779649,0,24.9344,27.8085,-0.364722,0.05104,-0.040767,0.0005,0.1446,24.7893,250,0.09916,158.113,158.113,156908,1
1778472591.72511,0.24825,-0.207022,0.779649,0,22.047,25.1926,-0.364653,0.051052,-0.040797,0.0009,0.1695,21.8766,250,0.08751,158.1506,158.1506,156908,1
1778472591.750807,0.24825,-0.207022,0.779649,0,11.335,11.9583,-0.36463,0.050916,-0.040665,0.0003,0.0411,11.2937,250,0.04517,158.8693,158.8693,156912,0
1778472591.791151,0.24825,-0.207022,0.779649,0,20.3061,23.4636,-0.364701,0.050697,-0.040487,0.0006,0.1657,20.1399,250,0.08056,159.6867,159.6867,156912,1
1778472591.835296,0.24825,-0.207022,0.779649,0,19.21,19.6195,-0.364804,0.050443,-0.040431,0.0005,0.1575,19.0519,250,0.07621,160.2383,160.2383,156912,0
1778472591.878294,0.24825,-0.207022,0.779649,0,20.0859,23.0752,-0.365024,0.050164,-0.040385,0.0006,0.1381,19.9471,250,0.07979,160.8023,160.8023,156912,1
