t,x,y,z,success,ik_ms,total_ms,tx,ty,tz,robot_ms,setup_ms,loop_ms,iterations,iter_ms,pos_err_mm,track_err_mm,mem_kb,deadline_missed
1778489489.302936,0.194204,-0.205068,0.50954,1,1.8483,2.0586,-0.088206,-0.226684,-0.16615,0.0007,1.042,0.8056,3,0.26854,0.7334,0.7334,116796,0
1778489489.353117,0.18485,-0.198186,0.503067,1,0.2747,0.4101,-0.097561,-0.219801,-0.172622,0.0006,0.1103,0.1639,1,0.16386,0.7391,0.7391,116824,0
1778489489.40326,0.176774,-0.190762,0.497136,1,0.2454,0.4269,-0.105636,-0.212378,-0.178554,0.0003,0.0952,0.15,1,0.15001,0.6209,0.6209,116824,0
1778489489.454124,0.169483,-0.184649,0.492472,1,0.3921,0.574,-0.112928,-0.206264,-0.183218,0.0006,0.1357,0.2558,1,0.2558,0.6185,0.6185,116832,0
1778489489.504232,0.157471,-0.175212,0.486705,1,0.4276,0.6145,-0.124939,-0.196828,-0.188985,0.0007,0.1645,0.2624,1,0.26238,0.6507,0.6507,116832,0
1778489489.554685,0.154099,-0.171343,0.485055,1,0.4169,0.6054,-0.128312,-0.192959,-0.190634,0.0008,0.1598,0.2563,1,0.25631,0.6759,0.6759,116836,0
1778489489.604776,0.155315,-0.170778,0.483586,1,0.4638,0.6592,-0.127095,-0.192394,-0.192104,0.0009,0.1724,0.2905,1,0.29049,0.6947,0.6947,116836,0
1778489489.65519,0.150243,-0.170274,0.481156,1,0.4071,0.6123,-0.132168,-0.191889,-0.194534,0.0008,0.1486,0.2577,1,0.25769,0.6558,0.6558,116836,0
1778489489.705409,0.147243,-0.169529,0.480142,1,0.5178,3.1792,-0.135167,-0.191145,-0.195548,0.0008,0.1659,0.351,1,0.35101,0.6781,0.6781,116840,0
1778489489.755493,0.144539,-0.16926,0.479446,1,0.5093,1.2973,-0.137871,-0.190875,-0.196244,0.0005,0.2087,0.3001,1,0.30008,0.6807,0.6807,116840,0
1778489489.805686,0.142742,-0.169299,0.479081,1,0.5496,1.4636,-0.139668,-0.190914,-0.196609,0.0008,0.2171,0.3316,1,0.33165,0.6851,0.6851,116840,0
1778489489.856408,0.138337,-0.169984,0.478286,1,0.4006,0.5782,-0.144073,-0.1916,-0.197404,0.0008,0.1389,0.2609,1,0.26091,0.6434,0.6434,116840,0
1778489489.906727,0.137558,-0.170232,0.478221,1,0.4354,0.6195,-0.144852,-0.191848,-0.197469,0.0008,0.1566,0.278,1,0.27798,0.6788,0.6788,116848,0
1778489489.956809,0.137082,-0.170347,0.478396,1,0.4341,0.6174,-0.145328,-0.191963,-0.197294,0.0006,0.1532,0.2802,1,0.28025,0.6831,0.6831,116856,0
1778489490.006836,0.136813,-0.170733,0.479407,1,0.3916,0.5748,-0.145598,-0.192348,-0.196283,0.0006,0.1408,0.2502,1,0.25016,0.6849,0.6849,116856,0
1778489490.058427,0.137269,-0.171481,0.482519,1,0.4289,0.6215,-0.145142,-0.193097,-0.193171,0.0006,0.1597,0.2685,1,0.26853,0.6933,0.6933,116856,0
1778489490.108567,0.137581,-0.173032,0.484529,1,0.4358,0.6209,-0.14483,-0.194648,-0.191161,0.0008,0.1764,0.2586,1,0.25861,0.6947,0.6947,116856,0
1778489490.158675,0.137895,-0.174472,0.485979,1,0.4575,0.648,-0.144516,-0.196088,-0.189711,0.0009,0.1754,0.2812,1,0.28118,0.7006,0.7006,116856,0
1778489490.208841,0.13831,-0.175739,0.487024,1,0.4272,0.6254,-0.144101,-0.197355,-0.188666,0.0008,0.1701,0.2563,1,0.25626,0.7016,0.7016,116856,0
1778489490.258941,0.138998,-0.175933,0.487583,1,0.4444,0.6466,-0.143413,-0.197548,-0.188107,0.0008,0.1736,0.27,1,0.27001,0.7099,0.7099,116856,0
1778489490.309034,0.139253,-0.175809,0.487576,1,0.4443,0.6378,-0.143158,-0.197424,-0.188114,0.0009,0.1685,0.275,1,0.27501,0.7104,0.7104,116860,0
1778489490.359131,0.139447,-0.175692,0.487514,1,0.4242,0.6179,-0.142963,-0.197307,-0.188176,0.0006,0.1655,0.258,1,0.25804,0.7087,0.7087,116864,0
1778489490.409233,0.139785,-0.175336,0.487295,1,0.4704,0.685,-0.142626,-0.196951,-0.188395,0.0007,0.171,0.2988,1,0.29877,0.7075,0.7075,116864,0
1778489490.459352,0.140332,-0.174855,0.486698,1,0.4722,0.6757,-0.142079,-0.196471,-0.188992,0.0007,0.1856,0.2859,1,0.28588,0.7024,0.7024,116864,0
1778489490.509449,0.140475,-0.174475,0.486423,1,0.4287,0.6132,-0.141936,-0.196091,-0.189267,0.0006,0.1528,0.2753,1,0.27533,0.7048,0.7048,116864,0
1778489490.559696,0.140604,-0.174251,0.486203,1,0.4126,0.5903,-0.141806,-0.195867,-0.189487,0.0009,0.1552,0.2565,1,0.25655,0.7043,0.7043,116864,0
1778489490.609868,0.140815,-0.174037,0.485872,1,0.4615,0.6546,-0.141596,-0.195652,-0.189818,0.0009,0.169,0.2915,1,0.2915,0.7026,0.7026,116864,0
1778489490.659965,0.141351,-0.173451,0.485137,1,0.4288,0.613,-0.141059,-0.195066,-0.190553,0.0007,0.1696,0.2585,1,0.25852,0.6974,0.6974,116868,0
1778489490.71012,0.1415,-0.172928,0.484804,1,0.5519,0.821,-0.14091,-0.194543,-0.190886,0.0009,0.1779,0.3731,1,0.37305,0.6989,0.6989,116868,0
1778489490.760209,0.141612,-0.172237,0.484493,1,0.4823,0.6651,-0.140799,-0.193853,-0.191197,0.0005,0.2228,0.259,1,0.25899,0.7004,0.7004,116872,0
1778489490.810309,0.141589,-0.171852,0.484255,1,0.4246,0.6221,-0.140822,-0.193467,-0.191435,0.0009,0.1505,0.2732,1,0.27324,0.7017,0.7017,116872,0
1778489491.411953,0.143476,-0.170883,0.476712,1,0.4312,0.6337,-0.138935,-0.192499,-0.198978,0.0007,0.1685,0.262,1,0.262,0.6064,0.6064,116876,0
1778489491.462071,0.143622,-0.170912,0.476778,1,0.4419,0.6153,-0.138788,-0.192527,-0.198912,0.0006,0.1552,0.2862,1,0.28622,0.6622,0.6622,116876,0
1778489491.512176,0.143696,-0.171044,0.476917,1,0.4036,0.5918,-0.138715,-0.19266,-0.198773,0.0004,0.1441,0.2591,1,0.25911,0.6606,0.6606,116876,0
1778489491.562269,0.143713,-0.171157,0.477117,1,0.4382,0.6294,-0.138698,-0.192773,-0.198573,0.0006,0.1651,0.2725,1,0.27254,0.6611,0.6611,116880,0
1778489491.612661,0.143799,-0.171524,0.477835,1,0.613,0.7937,-0.138612,-0.19314,-0.197855,0.0009,0.1803,0.4318,1,0.43182,0.6616,0.6616,116892,0
1778489491.662786,0.143961,-0.171677,0.478274,1,0.5011,0.7113,-0.13845,-0.193292,-0.197416,0.001,0.1878,0.3123,1,0.31232,0.6647,0.6647,116892,0
1778489491.712858,0.144094,-0.171755,0.478649,1,0.4985,0.705,-0.138317,-0.19337,-0.197041,0.0008,0.1629,0.3348,1,0.33477,0.6665,0.6665,116896,0
1778489491.762952,0.144316,-0.17129,0.47895,1,0.4077,0.5812,-0.138095,-0.192905,-0.19674,0.0007,0.1484,0.2586,1,0.25858,0.6792,0.6792,116896,0
1778489491.813046,0.144245,-0.170911,0.479789,1,0.4136,0.5919,-0.138166,-0.192526,-0.195901,0.0006,0.1564,0.2565,1,0.25652,0.6837,0.6837,116896,0
1778489491.863159,0.144054,-0.170485,0.480306,1,0.42,0.6216,-0.138357,-0.1921,-0.195384,0.0007,0.1641,0.2552,1,0.25522,0.6909,0.6909,116900,0
1778489491.913254,0.143866,-0.169505,0.48106,1,0.4002,0.5892,-0.138545,-0.191121,-0.19463,0.0008,0.1423,0.2572,1,0.25716,0.7063,0.7063,116900,0
1778489491.963356,0.143557,-0.167936,0.482718,1,0.3136,0.4488,-0.138853,-0.189552,-0.192972,0.0006,0.1217,0.1914,1,0.19136,0.7348,0.7348,116900,0
1778489492.013458,0.143824,-0.160801,0.485585,1,0.4419,0.6388,-0.138586,-0.182416,-0.190105,0.0008,0.1681,0.2729,1,0.27292,0.8735,0.8735,116900,0
1778489492.063648,0.144316,-0.156912,0.485969,1,0.4513,0.6316,-0.138094,-0.178528,-0.189721,0.0007,0.1698,0.2807,1,0.28074,0.9211,0.9211,116900,0
1778489492.113866,0.144996,-0.153349,0.485354,1,0.5113,0.7208,-0.137414,-0.174965,-0.190336,0.0005,0.1874,0.3235,1,0.32353,0.9891,0.9891,116904,0
1778489492.163955,0.144885,-0.152724,0.485532,1,0.4773,1.247,-0.137526,-0.174339,-0.190158,0.0009,0.1749,0.3015,1,0.30152,1.0421,1.0421,116904,0
1778489492.21405,0.144543,-0.153377,0.485769,1,0.4054,0.5883,-0.137868,-0.174992,-0.189921,0.0005,0.145,0.2599,1,0.25985,1.1196,1.1196,116904,0
1778489492.264143,0.144453,-0.153814,0.485394,1,0.4778,0.6734,-0.137958,-0.17543,-0.190296,0.0005,0.1675,0.3098,1,0.30979,2.2435,2.2435,116964,0
1778489492.314229,0.14442,-0.154669,0.485209,1,26.5208,30.0365,-0.137991,-0.176285,-0.190481,0.0006,0.1616,26.3585,250,0.10543,6.0024,6.0024,116984,0
1778489492.364311,0.144366,-0.155816,0.485278,1,17.9504,21.0868,-0.138044,-0.177431,-0.190412,0.0006,0.1283,17.8215,250,0.07129,9.1525,9.1525,118260,0
1778489492.414406,0.143004,-0.15918,0.487348,1,22.1068,25.5052,-0.139407,-0.180795,-0.188342,0.0006,0.1349,21.9714,250,0.08789,9.3066,9.3066,118296,0
1778489492.464495,0.142367,-0.160116,0.488071,1,19.3193,22.4842,-0.140043,-0.181732,-0.187619,0.0006,0.1359,19.1829,250,0.07673,9.9092,9.9092,118300,0
1778489492.514681,0.141136,-0.161244,0.48951,1,20.3017,21.6461,-0.141274,-0.182859,-0.18618,0.0007,0.2904,20.0105,250,0.08004,7.7548,7.7548,118300,0
1778489492.565521,0.137569,-0.165147,0.493428,1,0.4607,0.6517,-0.144841,-0.186762,-0.182262,0.001,0.2041,0.2555,1,0.25554,1.0504,1.0504,118304,0
1778489492.615684,0.135311,-0.168371,0.495608,1,0.4231,1.1919,-0.1471,-0.189986,-0.180082,0.0007,0.1641,0.2582,1,0.25823,1.0756,1.0756,118308,0
1778489492.665749,0.132279,-0.17326,0.498644,1,0.8235,1.1285,-0.150131,-0.194875,-0.177046,0.0007,0.1383,0.6846,1,0.68458,0.8555,0.8555,118312,0
1778489492.715993,0.129611,-0.178762,0.501394,1,0.468,1.3796,-0.152799,-0.200377,-0.174296,0.0011,0.1666,0.3004,1,0.30037,0.6882,0.6882,118312,0
1778489492.766073,0.131084,-0.201365,0.502848,1,0.4597,1.2194,-0.151326,-0.22298,-0.172842,0.0007,0.1736,0.2854,1,0.28541,1.3334,1.3334,118312,0
1778489492.818403,0.135147,-0.208257,0.49883,1,0.3979,0.5697,-0.147264,-0.229872,-0.17686,0.0005,0.1351,0.2623,1,0.26234,0.6976,0.6976,118312,0
1778489492.868549,0.139011,-0.210243,0.493453,1,0.4751,0.6641,-0.1434,-0.231859,-0.182237,0.0005,0.1586,0.316,1,0.31596,0.3507,0.3507,118312,0
1778489492.918648,0.141133,-0.210733,0.489608,1,0.4458,0.6363,-0.141277,-0.232349,-0.186082,0.0009,0.1687,0.2762,1,0.27617,0.3371,0.3371,118324,0
1778489492.968751,0.143775,-0.212268,0.48281,1,0.4054,0.5889,-0.138635,-0.233884,-0.19288,0.0007,0.1477,0.257,1,0.25703,0.3901,0.3901,118332,0
1778489493.018859,0.143987,-0.210536,0.481033,1,0.4898,0.7068,-0.138423,-0.232152,-0.194657,0.0006,0.1712,0.3181,1,0.31806,0.2627,0.2627,118340,0
1778489493.069034,0.143644,-0.208322,0.479467,1,0.4115,0.5903,-0.138766,-0.229938,-0.196223,0.0008,0.1531,0.2575,1,0.25752,0.2854,0.2854,118340,0
1778489493.119136,0.143298,-0.206619,0.477823,1,0.4183,0.623,-0.139112,-0.228234,-0.197867,0.0008,0.1503,0.2673,1,0.26729,0.3051,0.3051,118340,0
1778489493.169226,0.141575,-0.205502,0.47316,1,0.426,0.621,-0.140835,-0.227117,-0.20253,0.0007,0.1529,0.2724,1,0.27242,1.0625,1.0625,118344,0
1778489493.219341,0.139632,-0.207066,0.46917,1,0.4393,0.6497,-0.142779,-0.228681,-0.20652,0.0008,0.155,0.2835,1,0.28348,0.7199,0.7199,118344,0
1778489493.269533,0.136565,-0.212226,0.462824,1,0.4363,0.6078,-0.145845,-0.233841,-0.212866,0.0006,0.1422,0.2935,1,0.29353,0.6412,0.6412,118356,0
1778489493.319644,0.132029,-0.219537,0.456445,1,0.4651,0.6687,-0.150382,-0.241153,-0.219245,0.0008,0.1817,0.2826,1,0.28259,0.5981,0.5981,118356,0
1778489493.369824,0.117427,-0.235482,0.444432,1,0.4614,0.663,-0.164984,-0.257098,-0.231258,0.0009,0.164,0.2965,1,0.29647,1.2546,1.2546,118360,0
1778489493.419936,0.109992,-0.246019,0.437618,1,0.4203,0.6201,-0.172419,-0.267635,-0.238072,0.001,0.1556,0.2637,1,0.26374,0.7233,0.7233,118360,0
1778489493.470041,0.103686,-0.253672,0.432874,1,0.4703,0.6681,-0.178724,-0.275287,-0.242816,0.0008,0.1773,0.2923,1,0.29231,0.5201,0.5201,118364,0
1778489493.520216,0.097776,-0.259987,0.429723,1,0.4574,0.6583,-0.184635,-0.281602,-0.245967,0.0008,0.1712,0.2855,1,0.28547,0.3657,0.3657,118364,0
1778489493.570313,0.090741,-0.26468,0.428221,1,0.4785,0.6565,-0.191669,-0.286296,-0.247469,0.0009,0.173,0.3047,1,0.30472,0.1416,0.1416,118364,0
1778489493.620388,0.090153,-0.265847,0.428517,1,0.4196,0.6108,-0.192257,-0.287463,-0.247173,0.0006,0.1448,0.2742,1,0.27419,0.1615,0.1615,118364,0
1778489493.670488,0.090469,-0.26488,0.430228,1,0.473,0.6692,-0.191941,-0.286495,-0.245462,0.0006,0.179,0.2934,1,0.29344,0.1812,0.1812,118364,0
1778489493.720668,0.091362,-0.263458,0.433271,1,0.4736,0.6591,-0.191048,-0.285073,-0.242419,0.0006,0.1741,0.2989,1,0.29886,0.1946,0.1946,118364,0
1778489493.770839,0.092911,-0.257782,0.441189,1,0.4431,0.622,-0.1895,-0.279397,-0.2345,0.0007,0.1739,0.2684,1,0.26838,0.3291,0.3291,118372,0
1778489493.820951,0.093075,-0.255818,0.446572,1,0.4296,0.629,-0.189335,-0.277433,-0.229118,0.0008,0.1637,0.2651,1,0.26515,0.2983,0.2983,118372,0
1778489493.871053,0.092915,-0.254709,0.452281,1,0.4321,0.627,-0.189495,-0.276325,-0.223409,0.0006,0.17,0.2614,1,0.26145,0.3021,0.3021,118372,0
1778489493.921141,0.092046,-0.251123,0.458939,1,0.4019,0.5994,-0.190364,-0.272738,-0.216751,0.0006,0.1439,0.2574,1,0.25741,0.3685,0.3685,118372,0
1778489493.971319,0.089337,-0.241694,0.474032,1,0.4021,0.5888,-0.193073,-0.26331,-0.201658,0.0006,0.148,0.2535,1,0.25353,0.3642,0.3642,118372,0
1778489494.021419,0.087087,-0.235553,0.483322,1,0.4677,0.6585,-0.195324,-0.257168,-0.192368,0.0007,0.1672,0.2997,1,0.29975,0.5748,0.5748,118372,0
1778489494.071521,0.08471,-0.232219,0.492982,1,0.4452,0.6309,-0.197701,-0.253834,-0.182708,0.0008,0.1534,0.2911,1,0.29105,0.5775,0.5775,118380,0
1778489494.121749,0.082463,-0.230264,0.503402,1,0.4767,0.6851,-0.199948,-0.251879,-0.172288,0.0009,0.1671,0.3088,1,0.30876,0.6424,0.6424,118380,0
1778489494.17194,0.078907,-0.224968,0.522317,1,0.4739,0.6525,-0.203504,-0.246583,-0.153373,0.0009,0.1681,0.305,1,0.30498,0.8178,0.8178,118380,0
1778489494.222048,0.078065,-0.22528,0.530443,1,0.5098,0.7206,-0.204346,-0.246896,-0.145247,0.001,0.1838,0.325,1,0.32501,1.011,1.011,118384,0
1778489494.272141,0.077887,-0.223496,0.535312,1,0.4278,0.622,-0.204523,-0.245112,-0.140378,0.0008,0.1615,0.2656,1,0.26559,1.0596,1.0596,118384,0
1778489494.322246,0.077956,-0.221838,0.538383,1,0.4226,0.6364,-0.204455,-0.243453,-0.137307,0.0009,0.1534,0.2683,1,0.26834,1.0915,1.0915,118384,0
1778489494.372336,0.078201,-0.223783,0.54092,1,0.4185,0.5997,-0.20421,-0.245399,-0.134769,0.0008,0.1606,0.2571,1,0.2571,1.1152,1.1152,118384,0
1778489494.42247,0.078554,-0.224762,0.540095,1,0.281,0.3998,-0.203857,-0.246378,-0.135595,0.0003,0.1104,0.1702,1,0.1702,1.1306,1.1306,118384,0
1778489494.472728,0.078978,-0.226058,0.538023,1,0.4818,0.6527,-0.203432,-0.247673,-0.137667,0.0006,0.1733,0.3079,1,0.30795,1.1334,1.1334,118384,0
1778489494.522937,0.079373,-0.226797,0.535271,1,0.4544,0.6671,-0.203037,-0.248412,-0.140419,0.0009,0.175,0.2786,1,0.27862,1.1095,1.1095,118384,0
1778489494.57305,0.079749,-0.227298,0.531762,1,0.4625,0.6787,-0.202662,-0.248914,-0.143928,0.0009,0.1725,0.2892,1,0.28917,1.0568,1.0568,118388,0
1778489495.37555,0.240573,-0.21095,0.478669,1,1.0728,1.9211,-0.041838,-0.232566,-0.197021,0.0008,0.3914,0.6806,4,0.17014,1.4729,1.4729,118400,0
1778489495.425722,0.234057,-0.207602,0.479595,1,0.4361,3.1213,-0.048354,-0.229218,-0.196095,0.0009,0.1709,0.2643,1,0.26431,0.8828,0.8828,118400,0
1778489495.475823,0.231429,-0.208485,0.48174,1,0.4204,3.1802,-0.050982,-0.2301,-0.19395,0.0007,0.1464,0.2733,1,0.27334,0.9095,0.9095,118400,0
1778489495.525942,0.22985,-0.208706,0.482306,1,0.5051,1.6423,-0.05256,-0.230321,-0.193384,0.0008,0.1581,0.3462,1,0.34616,0.9293,0.9293,118412,0
1778489495.576041,0.228585,-0.208187,0.482187,1,0.4422,1.2729,-0.053826,-0.229803,-0.193503,0.001,0.1497,0.2916,1,0.29161,0.9294,0.9294,118412,0
1778489495.6263,0.227655,-0.205041,0.480218,1,0.4457,0.7424,-0.054756,-0.226656,-0.195472,0.0008,0.1631,0.2818,1,0.28185,0.9255,0.9255,118416,0
1778489495.676741,0.227413,-0.20391,0.47942,1,0.4197,0.6074,-0.054998,-0.225526,-0.19627,0.0008,0.1425,0.2764,1,0.2764,0.9162,0.9162,118416,0
1778489495.727025,0.227565,-0.203591,0.478881,1,0.4366,0.6357,-0.054845,-0.225207,-0.196809,0.0008,0.1658,0.27,1,0.27003,0.9159,0.9159,118420,0
1778489495.777127,0.226914,-0.203658,0.478996,1,0.4301,0.6212,-0.055496,-0.225274,-0.196694,0.0007,0.1588,0.2706,1,0.27065,0.9116,0.9116,118420,0
1778489495.827226,0.224854,-0.203371,0.480072,1,0.42,0.6122,-0.057556,-0.224986,-0.195618,0.0008,0.151,0.2681,1,0.26813,0.8984,0.8984,118420,0
1778489495.877326,0.224288,-0.203439,0.480382,1,0.4368,0.6156,-0.058122,-0.225054,-0.195308,0.0007,0.1495,0.2866,1,0.28662,0.9103,0.9103,118420,0
1778489495.927403,0.223517,-0.203557,0.480673,1,0.4123,0.5996,-0.058893,-0.225173,-0.195017,0.0006,0.1425,0.2692,1,0.26918,0.9088,0.9088,118420,0
1778489495.977529,0.22294,-0.203822,0.480622,1,0.5349,0.7395,-0.059471,-0.225437,-0.195068,0.0007,0.2191,0.3152,1,0.31516,0.91,0.91,118420,0
1778489496.027835,0.222283,-0.204748,0.480405,1,0.4241,0.7252,-0.060128,-0.226363,-0.195285,0.0009,0.1689,0.2544,1,0.25437,0.9101,0.9101,118420,0
1778489496.078677,0.222363,-0.20521,0.480282,1,0.5259,0.8608,-0.060047,-0.226825,-0.195408,0.0009,0.1891,0.3359,1,0.33592,0.9145,0.9145,118432,0
1778489496.129304,0.22249,-0.205536,0.48022,1,0.4789,0.6741,-0.059921,-0.227151,-0.19547,0.0007,0.1756,0.3026,1,0.30257,0.9165,0.9165,118436,0
1778489496.179428,0.222564,-0.205739,0.48017,1,0.4786,0.7149,-0.059846,-0.227354,-0.19552,0.001,0.17,0.3076,1,0.30758,0.917,0.917,118436,0
1778489496.229513,0.222665,-0.205587,0.479879,1,0.4152,0.606,-0.059746,-0.227202,-0.195811,0.0007,0.1516,0.263,1,0.263,0.9194,0.9194,118436,0
1778489496.279606,0.222807,-0.205794,0.479672,1,0.4849,0.6992,-0.059604,-0.22741,-0.196018,0.0009,0.1934,0.2907,1,0.29072,0.9172,0.9172,118436,0
1778489496.329785,0.222797,-0.205907,0.479583,1,0.4314,0.6332,-0.059614,-0.227523,-0.196107,0.0008,0.166,0.2646,1,0.26456,0.9166,0.9166,118436,0
1778489496.379866,0.222773,-0.206108,0.479569,1,0.5003,0.6988,-0.059637,-0.227723,-0.196121,0.0008,0.1764,0.323,1,0.32304,0.9157,0.9157,118436,0
1778489496.429965,0.223253,-0.206793,0.479314,1,0.4354,0.6448,-0.059158,-0.228409,-0.196376,0.0007,0.1536,0.2811,1,0.28112,0.9152,0.9152,118436,0
1778489496.480201,0.223788,-0.207381,0.479022,1,0.4257,0.6205,-0.058622,-0.228996,-0.196668,0.0006,0.1497,0.2754,1,0.27543,0.9152,0.9152,118436,0
1778489496.530309,0.224401,-0.207929,0.478702,1,0.453,0.6411,-0.058009,-0.229544,-0.196988,0.0008,0.1773,0.2749,1,0.27493,0.9154,0.9154,118436,0
1778489496.58041,0.224854,-0.208183,0.478506,1,0.4594,0.6456,-0.057557,-0.229799,-0.197184,0.0006,0.1639,0.2949,1,0.29491,0.9167,0.9167,118440,0
1778489496.630524,0.225762,-0.208669,0.47812,1,0.503,0.7264,-0.056648,-0.230285,-0.19757,0.0007,0.1952,0.3071,1,0.30708,0.9179,0.9179,118440,0
1778489496.680724,0.22624,-0.209067,0.477882,1,0.4463,0.6387,-0.05617,-0.230682,-0.197808,0.0009,0.1699,0.2756,1,0.27557,0.9191,0.9191,118440,0
1778489496.730808,0.227387,-0.210092,0.477417,1,0.4189,0.612,-0.055024,-0.231707,-0.198273,0.0008,0.1586,0.2595,1,0.25948,0.9193,0.9193,118440,0
1778489496.780936,0.228699,-0.211276,0.476938,1,0.4492,0.6348,-0.053712,-0.232891,-0.198752,0.0008,0.1794,0.269,1,0.26898,0.9211,0.9211,118440,0
1778489496.831038,0.231584,-0.213569,0.475942,1,0.4384,0.6335,-0.050827,-0.235184,-0.199748,0.0008,0.1457,0.2919,1,0.29189,0.9181,0.9181,118452,0
1778489496.881144,0.232794,-0.214379,0.475425,1,0.4787,0.6894,-0.049617,-0.235994,-0.200265,0.0011,0.1744,0.3031,1,0.30313,0.933,0.933,118452,0
1778489496.931239,0.233801,-0.215098,0.474972,1,0.4227,0.6074,-0.04861,-0.236714,-0.200718,0.0009,0.1523,0.2695,1,0.26949,0.9377,0.9377,118456,0
1778489496.981341,0.234576,-0.215696,0.47454,1,0.4462,0.6252,-0.047835,-0.237311,-0.20115,0.0008,0.1629,0.2825,1,0.28253,0.9412,0.9412,118456,0
1778489497.031442,0.235738,-0.216703,0.47366,1,0.4534,0.6453,-0.046672,-0.238318,-0.20203,0.0008,0.1698,0.2828,1,0.28278,0.9429,0.9429,118456,0
1778489497.081562,0.236133,-0.216882,0.473397,1,0.4302,0.6215,-0.046277,-0.238498,-0.202293,0.0011,0.1677,0.2614,1,0.26142,0.9494,0.9494,118456,0
1778489497.131661,0.236408,-0.216901,0.47324,1,0.4115,0.6031,-0.046003,-0.238516,-0.20245,0.0006,0.1505,0.2604,1,0.26045,0.9507,0.9507,118456,0
1778489497.181875,0.236459,-0.216632,0.473217,1,0.4318,0.6139,-0.045952,-0.238248,-0.202473,0.0008,0.1576,0.2733,1,0.27334,0.95,0.95,118456,0
1778489497.231975,0.236548,-0.216161,0.473307,1,0.4856,0.6855,-0.045863,-0.237777,-0.202383,0.0007,0.171,0.3138,1,0.31383,0.9476,0.9476,118456,0
1778489497.282085,0.236421,-0.215812,0.473339,1,0.4487,0.6467,-0.04599,-0.237427,-0.202351,0.0008,0.1692,0.2787,1,0.2787,0.9434,0.9434,118456,0
1778489497.332181,0.236304,-0.215491,0.473334,1,0.411,0.6123,-0.046106,-0.237106,-0.202356,0.0008,0.1487,0.2615,1,0.26145,0.9419,0.9419,118460,0
1778489497.382285,0.236107,-0.215194,0.473344,1,0.4653,0.6632,-0.046304,-0.236809,-0.202346,0.0006,0.1717,0.293,1,0.29302,0.9402,0.9402,118460,0
1778489497.432377,0.235578,-0.214488,0.473431,1,0.4297,0.6195,-0.046833,-0.236104,-0.202259,0.0008,0.1488,0.2801,1,0.28011,0.9383,0.9383,118464,0
1778489497.482456,0.23544,-0.21431,0.473475,1,0.4223,0.6036,-0.046971,-0.235925,-0.202215,0.0005,0.1556,0.2662,1,0.2662,0.9371,0.9371,118464,0
1778489497.532563,0.235417,-0.214261,0.473469,1,0.5175,0.727,-0.046994,-0.235876,-0.202221,0.0006,0.1715,0.3454,1,0.34545,0.9372,0.9372,118472,0
1778489497.582776,0.235359,-0.21414,0.473469,1,0.4238,0.6057,-0.047052,-0.235755,-0.202221,0.0007,0.1494,0.2738,1,0.27379,0.9373,0.9373,118472,0
1778489497.632854,0.235003,-0.213632,0.473596,1,0.4799,0.6826,-0.047407,-0.235247,-0.202094,0.0006,0.161,0.3183,1,0.31832,0.9363,0.9363,118472,0
1778489497.682966,0.234802,-0.213359,0.47364,1,0.4219,0.5999,-0.047608,-0.234974,-0.20205,0.0009,0.1538,0.2672,1,0.26717,0.9345,0.9345,118472,0
1778489497.733077,0.234613,-0.213075,0.473649,1,0.4528,0.6609,-0.047797,-0.23469,-0.202041,0.0007,0.1724,0.2797,1,0.27969,0.9338,0.9338,118476,0
1778489497.783177,0.234397,-0.212844,0.473709,1,0.4105,0.6019,-0.048014,-0.23446,-0.201981,0.0008,0.1512,0.2585,1,0.25849,0.9323,0.9323,118476,0
1778489497.83328,0.233955,-0.212479,0.473919,1,0.4281,0.6245,-0.048455,-0.234095,-0.201771,0.0008,0.1639,0.2634,1,0.26335,0.93,0.93,118480,0
1778489497.883372,0.233827,-0.21237,0.473969,1,0.4242,0.6029,-0.048583,-0.233985,-0.201721,0.0005,0.1429,0.2808,1,0.28081,0.9289,0.9289,118480,0
1778489497.933475,0.233676,-0.212196,0.474045,1,0.4277,0.6159,-0.048734,-0.233812,-0.201645,0.0007,0.1476,0.2794,1,0.27938,0.928,0.928,118480,0
1778489497.983599,0.233489,-0.212092,0.474166,1,0.5101,0.7479,-0.048922,-0.233707,-0.201524,0.0004,0.111,0.3987,1,0.39869,0.9255,0.9255,118480,0
1778489498.033696,0.233152,-0.211816,0.474164,1,0.4137,0.5981,-0.049258,-0.233431,-0.201526,0.0006,0.1453,0.2678,1,0.26777,0.9236,0.9236,118480,0
1778489498.083793,0.232942,-0.211535,0.474025,1,0.4253,0.6203,-0.049469,-0.23315,-0.201665,0.0007,0.1469,0.2776,1,0.27765,0.9233,0.9233,118480,0
1778489498.133855,0.232809,-0.211333,0.473913,1,0.4519,0.6665,-0.049601,-0.232948,-0.201777,0.0006,0.1558,0.2955,1,0.2955,0.924,0.924,118480,0
1778489498.183952,0.232702,-0.211257,0.473848,1,0.4869,0.6998,-0.049708,-0.232873,-0.201842,0.0008,0.1696,0.3165,1,0.31654,0.9236,0.9236,118484,0
1778489498.234035,0.232471,-0.2112,0.473863,1,0.3771,0.5531,-0.049939,-0.232816,-0.201827,0.0005,0.1306,0.246,1,0.24604,0.9225,0.9225,118484,0
1778489498.284131,0.232478,-0.211138,0.473746,1,0.4796,0.6803,-0.049933,-0.232753,-0.201944,0.0006,0.1603,0.3188,1,0.31877,0.9239,0.9239,118484,0
1778489498.334225,0.232644,-0.211186,0.473565,1,0.4593,0.6546,-0.049766,-0.232802,-0.202125,0.0009,0.1711,0.2874,1,0.28743,0.9247,0.9247,118496,0
1778489498.384341,0.232864,-0.211251,0.473372,1,0.5822,1.1365,-0.049547,-0.232867,-0.202318,0.0008,0.1935,0.3879,1,0.38788,0.925,0.925,118496,0
1778489498.434443,0.233198,-0.211288,0.473173,1,0.4271,0.6297,-0.049213,-0.232903,-0.202517,0.0008,0.1574,0.2689,1,0.2689,0.9255,0.9255,118496,0
1778489498.484607,0.233281,-0.21123,0.473089,1,0.4951,0.6827,-0.049129,-0.232845,-0.202601,0.0008,0.192,0.3023,1,0.30228,0.9262,0.9262,118496,0
1778489498.534701,0.233378,-0.211163,0.472945,1,0.4385,0.6272,-0.049032,-0.232778,-0.202745,0.0006,0.1593,0.2787,1,0.27866,0.9275,0.9275,118500,0
1778489498.584912,0.233406,-0.211098,0.472932,1,0.4899,0.9234,-0.049005,-0.232714,-0.202757,0.0008,0.1781,0.311,1,0.31103,0.9289,0.9289,118504,0
1778489498.635017,0.233428,-0.211092,0.472964,1,0.4633,0.6907,-0.048983,-0.232708,-0.202726,0.0008,0.1713,0.2912,1,0.29118,0.9282,0.9282,118504,0
1778489498.685111,0.233451,-0.21106,0.472973,1,0.494,0.6911,-0.048959,-0.232676,-0.202717,0.0006,0.1685,0.325,1,0.32497,0.9285,0.9285,118504,0
1778489498.735217,0.233478,-0.210995,0.472939,1,0.4326,0.6214,-0.048933,-0.23261,-0.202751,0.0008,0.1527,0.2792,1,0.27915,0.9296,0.9296,118504,0
1778489498.785323,0.233495,-0.210868,0.472867,1,0.4528,1.0628,-0.048915,-0.232483,-0.202823,0.0007,0.1653,0.2868,1,0.2868,0.9309,0.9309,118504,0
1778489498.835437,0.233454,-0.21077,0.472929,1,0.4324,1.0441,-0.048956,-0.232385,-0.202761,0.0008,0.1536,0.278,1,0.27797,0.9306,0.9306,118504,0
1778489498.885542,0.233429,-0.210689,0.472938,1,0.4885,1.4893,-0.048982,-0.232304,-0.202752,0.0006,0.1658,0.3221,1,0.32209,0.9312,0.9312,118508,0
1778489498.935712,0.233423,-0.210637,0.472866,1,0.891,1.223,-0.048987,-0.232253,-0.202824,0.0011,0.1753,0.7146,1,0.71464,0.9315,0.9315,118508,0
1778489498.985888,0.233407,-0.210487,0.472655,1,0.4767,3.152,-0.049004,-0.232102,-0.203035,0.0008,0.1635,0.3124,1,0.31241,0.931,0.931,118520,0
1778489499.035984,0.233396,-0.210344,0.472635,1,0.4606,3.0988,-0.049014,-0.231959,-0.203055,0.0006,0.1641,0.2959,1,0.29594,0.9308,0.9308,118520,0
1778489499.086657,0.23339,-0.210276,0.472659,1,0.4806,3.1147,-0.049021,-0.231891,-0.203031,0.0007,0.1871,0.2928,1,0.29283,0.9304,0.9304,118520,0
1778489499.136765,0.233402,-0.210237,0.472609,1,0.4825,0.7257,-0.049009,-0.231852,-0.203081,0.0009,0.1413,0.3403,1,0.34034,0.9303,0.9303,118520,0
1778489499.18687,0.23342,-0.210224,0.472493,1,0.439,0.625,-0.048991,-0.23184,-0.203197,0.0007,0.1587,0.2796,1,0.27958,0.9294,0.9294,118520,0
1778489499.236969,0.233481,-0.210226,0.472491,1,0.4548,0.6956,-0.04893,-0.231842,-0.203199,0.0008,0.1728,0.2812,1,0.28121,0.9291,0.9291,118520,0
1778489499.287107,0.233554,-0.210248,0.472459,1,0.5263,0.7555,-0.048856,-0.231863,-0.203231,0.001,0.1757,0.3496,1,0.34965,0.9298,0.9298,118520,0
1778489499.337223,0.2336,-0.210321,0.472407,1,0.5736,0.7792,-0.048811,-0.231936,-0.203283,0.0009,0.1919,0.3808,1,0.38083,0.9299,0.9299,118524,0
1778489499.387319,0.233652,-0.210496,0.47228,1,0.4358,0.6079,-0.048759,-0.232111,-0.20341,0.0007,0.1508,0.2844,1,0.28435,0.9293,0.9293,118524,0
1778489499.437415,0.233725,-0.210533,0.47221,1,0.4435,0.6361,-0.048686,-0.232148,-0.20348,0.0008,0.1653,0.2774,1,0.2774,0.9293,0.9293,118524,0
1778489499.487613,0.23379,-0.21053,0.472145,1,0.4387,0.6161,-0.04862,-0.232146,-0.203545,0.0009,0.1689,0.2689,1,0.26885,0.928,0.928,118524,0
1778489499.539775,0.233802,-0.210457,0.472135,1,0.4825,0.7143,-0.048608,-0.232073,-0.203555,0.0008,0.1743,0.3074,1,0.30738,0.9263,0.9263,118524,0
1778489499.589866,0.234029,-0.210234,0.47213,1,0.429,0.6099,-0.048381,-0.231849,-0.20356,0.001,0.1584,0.2697,1,0.26965,0.9239,0.9239,118528,0
1778489499.639961,0.234174,-0.210159,0.472027,1,0.4633,0.6504,-0.048236,-0.231774,-0.203663,0.0008,0.1721,0.2904,1,0.29043,0.9217,0.9217,118528,0
1778489499.690142,0.234272,-0.210163,0.471948,1,0.4426,0.6453,-0.048139,-0.231779,-0.203742,0.001,0.1692,0.2724,1,0.27242,0.921,0.921,118528,0
1778489499.740238,0.234198,-0.21015,0.471938,1,0.4663,0.6905,-0.048212,-0.231766,-0.203752,0.0006,0.1708,0.2949,1,0.29489,0.9201,0.9201,118528,0
1778489499.790333,0.234046,-0.210073,0.47197,1,0.4738,0.6615,-0.048365,-0.231688,-0.20372,0.0007,0.164,0.3091,1,0.30906,0.9193,0.9193,118536,0
1778489499.840428,0.233983,-0.209984,0.471927,1,0.442,0.6322,-0.048428,-0.2316,-0.203763,0.0008,0.1619,0.2793,1,0.27932,0.9194,0.9194,118536,0
1778489499.890591,0.233923,-0.209867,0.471869,1,0.5038,0.6804,-0.048488,-0.231483,-0.203821,0.0009,0.1852,0.3178,1,0.31776,0.9194,0.9194,118536,0
1778489499.940689,0.233885,-0.209765,0.47183,1,0.4775,0.68,-0.048526,-0.23138,-0.20386,0.0008,0.1912,0.2856,1,0.28559,0.9186,0.9186,118540,0
1778489499.990799,0.233875,-0.209613,0.47163,1,0.461,0.6721,-0.048536,-0.231229,-0.20406,0.0008,0.1593,0.3009,1,0.30091,0.9173,0.9173,118540,0
1778489500.040854,0.233936,-0.209574,0.471647,1,0.4479,0.636,-0.048474,-0.23119,-0.204043,0.0005,0.1649,0.2825,1,0.28246,0.9176,0.9176,118540,0
1778489500.090951,0.234045,-0.209499,0.471826,1,0.4146,0.6024,-0.048366,-0.231115,-0.203864,0.0007,0.1564,0.2575,1,0.25753,0.9181,0.9181,118540,0
1778489500.14105,0.234145,-0.209358,0.471952,1,0.4943,0.7302,-0.048266,-0.230973,-0.203738,0.001,0.1718,0.3215,1,0.32149,0.9189,0.9189,118544,0
1778489500.191191,0.234146,-0.209082,0.472256,1,0.452,0.6738,-0.048264,-0.230697,-0.203434,0.0008,0.1643,0.2869,1,0.28689,0.92,0.92,118544,0
1778489500.24129,0.234148,-0.209056,0.472509,1,0.5407,0.7468,-0.048262,-0.230671,-0.203181,0.0008,0.1903,0.3496,1,0.34959,0.9188,0.9188,118544,0
1778489500.29156,0.234194,-0.209092,0.472631,1,0.4558,0.6354,-0.048216,-0.230708,-0.203059,0.0008,0.1774,0.2776,1,0.27763,0.9185,0.9185,118544,0
1778489500.341665,0.234285,-0.209096,0.472643,1,0.428,0.626,-0.048126,-0.230712,-0.203047,0.0008,0.1575,0.2697,1,0.26973,0.9185,0.9185,118544,0
1778489500.391861,0.23432,-0.209074,0.472588,1,0.4084,0.5889,-0.04809,-0.23069,-0.203102,0.0008,0.1442,0.2633,1,0.26329,0.9176,0.9176,118544,0
1778489500.441963,0.23436,-0.209001,0.472608,1,0.4524,0.6632,-0.04805,-0.230616,-0.203082,0.0008,0.1615,0.2901,1,0.29012,0.9174,0.9174,118544,0
1778489500.492056,0.23422,-0.209137,0.473049,1,0.4092,0.5837,-0.04819,-0.230752,-0.202641,0.0007,0.1464,0.2621,1,0.26207,0.9091,0.9091,118544,0
1778489500.542224,0.233589,-0.210451,0.475461,1,0.4512,0.6586,-0.048822,-0.232067,-0.200229,0.0008,0.1744,0.2761,1,0.27609,0.8758,0.8758,118548,0
1778489500.592377,0.233097,-0.211995,0.480089,1,0.4723,0.6445,-0.049314,-0.23361,-0.195601,0.0008,0.1657,0.3059,1,0.30586,0.851,0.851,118560,0
1778489500.643466,0.233148,-0.211994,0.481555,1,0.466,0.6878,-0.049263,-0.23361,-0.194135,0.0004,0.1108,0.3547,1,0.35473,0.8657,0.8657,118560,0
1778489500.693636,0.233456,-0.211713,0.481874,1,0.4867,0.6788,-0.048955,-0.233329,-0.193816,0.0003,0.175,0.3113,1,0.31134,0.8641,0.8641,118560,0
1778489500.743809,0.233612,-0.211264,0.481718,1,0.5163,0.7217,-0.048799,-0.232879,-0.193972,0.0008,0.1622,0.3532,1,0.3532,0.8628,0.8628,118560,0
1778489500.793854,0.233217,-0.210759,0.482094,1,0.4263,0.6115,-0.049193,-0.232374,-0.193596,0.0006,0.1534,0.2723,1,0.27234,0.8602,0.8602,118564,0
1778489500.843943,0.233027,-0.211053,0.483159,1,0.4018,0.5968,-0.049384,-0.232668,-0.192531,0.0007,0.1408,0.2603,1,0.26027,0.8485,0.8485,118564,0
1778489500.894054,0.232877,-0.211404,0.484339,1,0.4351,0.6161,-0.049534,-0.233019,-0.191351,0.0008,0.1602,0.2742,1,0.27418,0.8426,0.8426,118564,0
1778489500.944472,0.23216,-0.212721,0.486079,1,0.4574,0.6443,-0.05025,-0.234337,-0.189611,0.0003,0.1706,0.2865,1,0.28647,0.8293,0.8293,118568,0
1778489500.994686,0.230292,-0.217357,0.490321,1,0.4711,0.6647,-0.052118,-0.238973,-0.185369,0.001,0.1773,0.2928,1,0.2928,0.7374,0.7374,118568,0
1778489501.044784,0.229364,-0.219502,0.492012,1,0.4708,0.6654,-0.053047,-0.241117,-0.183678,0.0008,0.1738,0.2963,1,0.29625,0.745,0.745,118568,0
1778489501.094861,0.227652,-0.222896,0.494161,1,0.4832,0.6895,-0.054758,-0.244512,-0.181529,0.001,0.1852,0.297,1,0.29701,0.6991,0.6991,118568,0
1778489501.144968,0.22411,-0.229956,0.497177,1,0.4329,0.6292,-0.0583,-0.251571,-0.178513,0.0007,0.1627,0.2694,1,0.26943,0.6034,0.6034,118568,0
1778489501.195061,0.221625,-0.235758,0.498367,1,0.4376,0.6246,-0.060786,-0.257373,-0.177323,0.0007,0.1668,0.2701,1,0.2701,0.6007,0.6007,118568,0
1778489501.245161,0.219107,-0.241805,0.49927,1,0.4568,0.6444,-0.063304,-0.263421,-0.17642,0.001,0.17,0.2858,1,0.28578,0.5512,0.5512,118568,0
1778489501.295261,0.21641,-0.247681,0.499431,1,0.4464,0.6381,-0.066,-0.269296,-0.176259,0.0007,0.1526,0.2931,1,0.29315,0.4996,0.4996,118580,0
1778489501.345372,0.212467,-0.255851,0.498356,1,0.4379,0.6431,-0.069944,-0.277466,-0.177334,0.0008,0.1454,0.2917,1,0.2917,0.3427,0.3427,118580,0
1778489501.395548,0.211782,-0.256927,0.497927,1,0.427,1.2078,-0.070628,-0.278543,-0.177763,0.0005,0.1481,0.2783,1,0.27832,0.4051,0.4051,118584,0
1778489501.445747,0.211748,-0.256428,0.497865,1,0.4182,1.3514,-0.070663,-0.278044,-0.177825,0.001,0.1553,0.2619,1,0.26193,0.4087,0.4087,118584,0
1778489501.495958,0.211762,-0.255101,0.497728,1,0.4271,1.3576,-0.070649,-0.276716,-0.177962,0.0009,0.1628,0.2634,1,0.26345,0.4118,0.4118,118584,0
1778489501.546077,0.211249,-0.253846,0.49687,1,0.4073,1.2707,-0.071162,-0.275461,-0.17882,0.0009,0.1422,0.2642,1,0.2642,0.4032,0.4032,118584,0
1778489501.596611,0.210804,-0.25401,0.496363,1,0.4105,0.5889,-0.071607,-0.275625,-0.179327,0.0005,0.1559,0.2542,1,0.2542,0.3992,0.3992,118584,0
1778489501.646709,0.210354,-0.25365,0.495726,1,0.4367,0.6253,-0.072057,-0.275265,-0.179964,0.0007,0.1686,0.2674,1,0.26744,0.4006,0.4006,118584,0
1778489501.696863,0.20975,-0.253363,0.495348,1,0.4472,0.6194,-0.07266,-0.274979,-0.180342,0.0007,0.1653,0.2812,1,0.2812,0.3995,0.3995,118588,0
1778489501.746979,0.208742,-0.253381,0.495163,1,0.4947,0.7145,-0.073668,-0.274997,-0.180527,0.0008,0.1709,0.323,1,0.32303,0.3895,0.3895,118588,0
1778489501.797081,0.208672,-0.252534,0.495314,1,0.4389,0.6275,-0.073739,-0.274149,-0.180376,0.0007,0.1683,0.2699,1,0.26992,0.4026,0.4026,118588,0
1778489501.848337,0.208989,-0.250059,0.495524,1,0.4338,0.7398,-0.073421,-0.271675,-0.180166,0.0007,0.1659,0.2671,1,0.26713,0.425,0.425,118588,0
1778489501.898774,0.209271,-0.247411,0.495229,1,0.4328,0.6224,-0.073139,-0.269027,-0.180461,0.0008,0.1644,0.2677,1,0.26767,0.4405,0.4405,118588,0
1778489501.949007,0.21117,-0.24338,0.491955,1,0.4777,0.711,-0.07124,-0.264996,-0.183735,0.0011,0.1642,0.3125,1,0.31251,0.549,0.549,118588,0
1778489501.999129,0.211976,-0.240545,0.489175,1,0.4404,0.6472,-0.070434,-0.262161,-0.186515,0.001,0.1606,0.2788,1,0.27881,0.8981,0.8981,118588,0
1778489502.049228,0.213557,-0.237085,0.484545,1,0.4387,0.6339,-0.068853,-0.258701,-0.191145,0.0008,0.1669,0.271,1,0.27102,1.2601,1.2601,118588,0
1778489502.099304,0.213867,-0.235409,0.479809,1,0.4772,0.6548,-0.068544,-0.257024,-0.195881,0.0009,0.1654,0.3109,1,0.31089,0.8804,0.8804,118600,0
1778489502.149463,0.213321,-0.235148,0.478348,1,0.4947,0.6972,-0.06909,-0.256764,-0.197342,0.0008,0.1832,0.3107,1,0.31066,0.7514,0.7514,118600,0
1778489502.199549,0.214449,-0.233945,0.478355,1,0.5192,0.7176,-0.067962,-0.25556,-0.197335,0.0008,0.2014,0.317,1,0.31697,0.7133,0.7133,118600,0
1778489502.249638,0.215754,-0.232521,0.478399,1,0.4106,0.5874,-0.066656,-0.254137,-0.197291,0.0006,0.1453,0.2647,1,0.26465,0.7115,0.7115,118600,0
1778489502.299815,0.21679,-0.231643,0.478845,1,0.4366,0.6147,-0.065621,-0.253258,-0.196845,0.0008,0.1606,0.2751,1,0.2751,0.7102,0.7102,118600,0
1778489502.349947,0.217528,-0.232128,0.4796,1,0.4283,0.6242,-0.064882,-0.253743,-0.19609,0.0009,0.1515,0.2759,1,0.27591,0.706,0.706,118600,0
1778489502.400059,0.21768,-0.232884,0.479848,1,0.4213,0.6156,-0.064731,-0.254499,-0.195842,0.0008,0.1577,0.2628,1,0.2628,0.6869,0.6869,118600,0
1778489502.450277,0.217895,-0.234349,0.480137,1,0.4562,0.6736,-0.064515,-0.255965,-0.195553,0.0011,0.1625,0.2927,1,0.2927,0.6742,0.6742,118600,0
1778489502.500444,0.218184,-0.235619,0.480719,1,0.4429,0.6195,-0.064227,-0.257234,-0.194971,0.0009,0.1615,0.2805,1,0.28051,0.6626,0.6626,118604,0
1778489502.550604,0.219401,-0.236175,0.482527,1,0.4528,0.6483,-0.06301,-0.25779,-0.193163,0.0009,0.1734,0.2785,1,0.27849,0.6684,0.6684,118604,0
1778489502.600776,0.220821,-0.235669,0.483136,1,0.4681,0.6574,-0.06159,-0.257284,-0.192554,0.0008,0.1753,0.292,1,0.29197,0.6372,0.6372,118604,0
1778489502.650839,0.222071,-0.235011,0.483165,1,0.4411,0.6531,-0.06034,-0.256627,-0.192525,0.0009,0.1647,0.2755,1,0.27554,0.6351,0.6351,118604,0
1778489502.700956,0.221747,-0.232193,0.483502,1,0.4509,0.637,-0.060664,-0.253808,-0.192188,0.0009,0.1689,0.2811,1,0.28108,0.6432,0.6432,118604,0
1778489502.751057,0.223681,-0.229923,0.485048,1,0.429,0.6149,-0.05873,-0.251538,-0.190642,0.0008,0.1605,0.2677,1,0.26774,0.6385,0.6385,118604,0
1778489502.801158,0.225018,-0.22896,0.486391,1,0.4388,0.6349,-0.057393,-0.250576,-0.189299,0.0008,0.169,0.269,1,0.26903,0.6434,0.6434,118604,0
1778489502.851263,0.226105,-0.227899,0.487708,1,0.4716,0.6604,-0.056305,-0.249514,-0.187982,0.0008,0.1595,0.3113,1,0.3113,0.6473,0.6473,118620,0
1778489502.901362,0.226373,-0.225777,0.488809,1,0.4571,0.6684,-0.056038,-0.247392,-0.186881,0.0009,0.1605,0.2957,1,0.2957,0.6531,0.6531,118620,0
1778489502.951436,0.226237,-0.223321,0.489174,1,0.4821,0.6692,-0.056174,-0.244937,-0.186516,0.0006,0.1621,0.3194,1,0.31943,0.6539,0.6539,118624,0
1778489504.155528,0.06483,-0.162939,0.439703,1,1.0846,1.8316,-0.21758,-0.184554,-0.235987,0.0009,0.2351,0.8486,3,0.28287,0.7221,0.7221,118624,0
1778489504.205694,0.065352,-0.163105,0.439056,1,0.4271,3.2119,-0.217058,-0.18472,-0.236634,0.0007,0.1776,0.2488,1,0.24881,0.5558,0.5558,118628,0
1778489504.25597,0.065987,-0.162713,0.438555,1,0.4637,1.2605,-0.216424,-0.184328,-0.237135,0.0008,0.1701,0.2928,1,0.29282,0.5519,0.5519,118628,0
1778489504.306145,0.066361,-0.162084,0.437901,1,0.431,1.3972,-0.21605,-0.183699,-0.237789,0.0007,0.1665,0.2637,1,0.26371,0.5484,0.5484,118628,0
1778489504.357067,0.06773,-0.162322,0.43629,1,0.438,0.6432,-0.21468,-0.183938,-0.2394,0.0008,0.1716,0.2656,1,0.26564,0.5383,0.5383,118628,0
1778489504.407153,0.068009,-0.162657,0.435727,1,0.4636,0.6278,-0.214401,-0.184272,-0.239963,0.0006,0.1654,0.2976,1,0.29759,0.5372,0.5372,118628,0
1778489504.457255,0.067816,-0.162417,0.435544,1,0.439,0.642,-0.214594,-0.184032,-0.240146,0.0008,0.1752,0.263,1,0.26302,0.5405,0.5405,118632,0
1778489504.507357,0.067298,-0.162648,0.435466,1,0.442,0.6187,-0.215113,-0.184263,-0.240224,0.0008,0.168,0.2732,1,0.2732,0.5424,0.5424,118632,0
1778489504.557582,0.065672,-0.16352,0.435533,1,0.4373,0.6365,-0.216738,-0.185136,-0.240157,0.0009,0.1641,0.2723,1,0.27229,0.5352,0.5352,118632,0
1778489504.609119,0.064022,-0.163705,0.435598,1,0.4259,0.6355,-0.218388,-0.18532,-0.240092,0.0008,0.1606,0.2645,1,0.26453,0.5404,0.5404,118632,0
1778489504.659216,0.060357,-0.162817,0.436098,1,0.4163,0.6228,-0.222054,-0.184433,-0.239592,0.0008,0.1484,0.2671,1,0.26707,0.5486,0.5486,118632,0
1778489504.709324,0.054252,-0.161515,0.436345,1,0.5373,0.7594,-0.228159,-0.18313,-0.239345,0.0007,0.191,0.3456,1,0.3456,0.5558,0.5558,118644,0
1778489504.759439,0.032796,-0.160198,0.433245,1,0.4617,0.6425,-0.249615,-0.181813,-0.242445,0.0008,0.1732,0.2877,1,0.28766,0.7401,0.7401,118644,0
1778489504.809854,0.020315,-0.160142,0.429614,1,0.2903,0.6424,-0.262095,-0.181758,-0.246076,0.0004,0.1122,0.1776,1,0.17765,0.4533,0.4533,118644,0
1778489504.859942,0.008642,-0.160884,0.424748,1,0.3437,0.521,-0.273768,-0.1825,-0.250942,0.0005,0.1199,0.2234,1,0.22339,0.458,0.458,118648,0
1778489504.910017,-0.000141,-0.161517,0.420906,1,0.4617,0.6781,-0.282552,-0.183132,-0.254784,0.0009,0.1524,0.3085,1,0.30846,0.4833,0.4833,118648,0
1778489504.960108,-0.008987,-0.160298,0.416674,1,0.4695,0.6697,-0.291398,-0.181914,-0.259016,0.0006,0.1614,0.3074,1,0.30744,0.4263,0.4263,118648,0
1778489505.010355,-0.010183,-0.159146,0.415195,1,0.4699,0.6514,-0.292594,-0.180761,-0.260495,0.0007,0.1709,0.2983,1,0.2983,0.5638,0.5638,118648,0
1778489505.060439,-0.010073,-0.158588,0.414334,1,0.4131,0.6054,-0.292484,-0.180203,-0.261356,0.0007,0.1405,0.272,1,0.27199,0.5736,0.5736,118648,0
1778489505.110626,-0.009536,-0.158539,0.414031,1,0.4299,0.6014,-0.291946,-0.180154,-0.261659,0.0007,0.168,0.2611,1,0.26114,0.5758,0.5758,118648,0
1778489505.160789,-0.008716,-0.159544,0.414032,1,0.4462,0.6319,-0.291126,-0.18116,-0.261658,0.0009,0.171,0.2743,1,0.2743,0.5727,0.5727,118648,0
1778489505.211023,-0.008561,-0.160185,0.414322,1,0.4054,0.5889,-0.290972,-0.1818,-0.261368,0.0009,0.1482,0.2563,1,0.2563,0.5708,0.5708,118648,0
1778489505.261235,-0.008503,-0.160521,0.414603,1,0.4164,0.6198,-0.290914,-0.182136,-0.261087,0.0009,0.146,0.2695,1,0.26955,0.572,0.572,118652,0
1778489505.311322,-0.008457,-0.16072,0.414862,1,0.4436,0.6145,-0.290868,-0.182335,-0.260828,0.0007,0.1603,0.2826,1,0.28264,0.5742,0.5742,118652,0
1778489505.36142,-0.008363,-0.16113,0.415187,1,0.4605,0.6374,-0.290773,-0.182746,-0.260503,0.0007,0.1694,0.2904,1,0.29038,0.5738,0.5738,118660,0
1778489505.411521,-0.008371,-0.161123,0.415381,1,0.4479,0.6351,-0.290782,-0.182738,-0.260309,0.0008,0.16,0.2871,1,0.2871,0.5754,0.5754,118660,0
1778489505.461617,-0.008377,-0.161126,0.415601,1,0.4937,0.7122,-0.290787,-0.182741,-0.260089,0.0008,0.1812,0.3117,1,0.31167,0.576,0.576,118660,0
1778489505.511699,-0.00831,-0.161103,0.415849,1,0.4424,0.6185,-0.290721,-0.182719,-0.259841,0.0005,0.1613,0.2805,1,0.28054,0.5775,0.5775,118660,0
1778489505.561941,-0.008002,-0.161313,0.416256,1,0.4372,0.6288,-0.290412,-0.182929,-0.259434,0.0007,0.1672,0.2694,1,0.26937,0.5787,0.5787,118660,0
1778489505.612136,-0.007845,-0.161565,0.416413,1,0.419,0.6179,-0.290256,-0.18318,-0.259277,0.0009,0.1543,0.2638,1,0.26377,0.5799,0.5799,118660,0
1778489505.662234,-0.007769,-0.161904,0.416606,1,0.5011,0.7153,-0.290179,-0.18352,-0.259084,0.001,0.1861,0.314,1,0.31403,0.5809,0.5809,118660,0
1778489505.712336,-0.007764,-0.162288,0.416793,1,0.4682,0.6786,-0.290174,-0.183904,-0.258897,0.0008,0.167,0.3004,1,0.30045,0.5821,0.5821,118664,0
1778489505.762522,-0.0083,-0.163322,0.417353,1,0.4357,0.6268,-0.290711,-0.184937,-0.258337,0.0011,0.1591,0.2755,1,0.27551,0.5824,0.5824,118664,0
1778489505.812687,-0.008641,-0.163778,0.417621,1,0.446,0.6304,-0.291051,-0.185393,-0.258069,0.0009,0.175,0.2701,1,0.2701,0.5857,0.5857,118664,0
1778489505.862949,-0.008976,-0.164356,0.417894,1,0.4205,0.6131,-0.291386,-0.185972,-0.257796,0.0007,0.1593,0.2606,1,0.2606,0.5872,0.5872,118664,0
1778489505.913054,-0.009376,-0.16546,0.418256,1,0.4478,0.6428,-0.291786,-0.187076,-0.257434,0.0009,0.1731,0.2738,1,0.2738,0.588,0.588,118664,0
1778489505.963151,-0.010424,-0.169457,0.419294,1,0.432,0.6208,-0.292835,-0.191072,-0.256396,0.0008,0.1653,0.2659,1,0.26588,0.572,0.572,118664,0
1778489506.013252,-0.011024,-0.171326,0.419749,1,0.405,0.5912,-0.293434,-0.192941,-0.255941,0.0008,0.1474,0.2568,1,0.25682,0.5897,0.5897,118668,0
1778489506.063412,-0.011501,-0.172692,0.420003,1,0.4253,0.6181,-0.293911,-0.194308,-0.255687,0.0008,0.145,0.2796,1,0.27957,0.5935,0.5935,118668,0
1778489506.113488,-0.011902,-0.173983,0.420111,1,0.43,0.6288,-0.294312,-0.195598,-0.255579,0.0007,0.1548,0.2745,1,0.27446,0.5942,0.5942,118668,0
1778489506.163584,-0.012564,-0.176222,0.420018,1,0.4417,0.635,-0.294975,-0.197838,-0.255672,0.0008,0.1678,0.2732,1,0.2732,0.5916,0.5916,118668,0
1778489506.213691,-0.01288,-0.177214,0.419952,1,0.5585,0.7974,-0.295291,-0.19883,-0.255738,0.0014,0.206,0.3511,1,0.35106,0.5942,0.5942,118668,0
1778489506.263869,-0.013221,-0.177731,0.419855,1,0.4845,0.673,-0.295631,-0.199346,-0.255835,0.0007,0.1726,0.3112,1,0.31118,0.5949,0.5949,118668,0
1778489506.313924,-0.013511,-0.178023,0.419723,1,0.4893,0.6941,-0.295922,-0.199638,-0.255967,0.0009,0.1829,0.3055,1,0.30551,0.5947,0.5947,118668,0
1778489506.364115,-0.013954,-0.178167,0.419289,1,0.4671,0.6825,-0.296365,-0.199783,-0.256401,0.0008,0.1661,0.3001,1,0.30014,0.5933,0.5933,118680,0
1778489506.414206,-0.013981,-0.178222,0.418997,1,0.3837,0.5584,-0.296391,-0.199837,-0.256692,0.0005,0.1344,0.2488,1,0.24884,0.5925,0.5925,118684,0
1778489506.464384,-0.013918,-0.178163,0.418768,1,0.4223,0.626,-0.296328,-0.199779,-0.256922,0.0009,0.1477,0.2737,1,0.27373,0.5917,0.5917,118684,0
1778489506.514603,-0.013751,-0.178048,0.418591,1,0.4279,1.0569,-0.296162,-0.199663,-0.257099,0.001,0.1634,0.2634,1,0.26343,0.5909,0.5909,118684,0
1778489506.564751,-0.013258,-0.177774,0.418338,1,0.4418,0.6386,-0.295669,-0.199389,-0.257352,0.001,0.1671,0.2737,1,0.27372,0.589,0.589,118684,0
1778489506.61499,-0.012942,-0.177631,0.418243,1,0.424,0.6238,-0.295353,-0.199247,-0.257447,0.0009,0.1631,0.2599,1,0.25992,0.5877,0.5877,118684,0
1778489506.665167,-0.01275,-0.177514,0.418219,1,0.4134,0.6143,-0.295161,-0.19913,-0.257471,0.0009,0.1488,0.2637,1,0.26367,0.5873,0.5873,118684,0
1778489506.715257,-0.012691,-0.177248,0.418454,1,0.4231,1.2341,-0.295102,-0.198863,-0.257236,0.0008,0.1606,0.2617,1,0.2617,0.5882,0.5882,118684,0
1778489506.765355,-0.012818,-0.177203,0.418481,1,0.4321,0.6252,-0.295229,-0.198819,-0.257209,0.0008,0.1642,0.2671,1,0.26707,0.5887,0.5887,118684,0
1778489506.81553,-0.012972,-0.177167,0.418385,1,0.5017,0.7096,-0.295382,-0.198783,-0.257305,0.0008,0.18,0.321,1,0.321,0.5888,0.5888,118688,0
1778489506.865686,-0.013232,-0.177113,0.418347,1,0.4175,1.3892,-0.295643,-0.198729,-0.257343,0.0008,0.1599,0.2568,1,0.25679,0.5888,0.5888,118688,0
1778489506.915879,-0.013639,-0.177135,0.418658,1,0.4372,1.2291,-0.29605,-0.19875,-0.257032,0.0008,0.1656,0.2708,1,0.27078,0.5908,0.5908,118688,0
1778489506.968631,-0.013204,-0.177455,0.419103,1,0.4634,0.6527,-0.295615,-0.199071,-0.256587,0.0007,0.1819,0.2808,1,0.28079,0.5909,0.5909,118688,0
1778489507.019098,-0.01185,-0.178033,0.419953,1,0.4288,0.7589,-0.294261,-0.199648,-0.255737,0.0005,0.1644,0.2639,1,0.26387,0.5872,0.5872,118688,0
1778489507.069199,-0.00996,-0.178514,0.420868,1,0.4496,0.656,-0.29237,-0.200129,-0.254822,0.0009,0.1555,0.2933,1,0.29327,0.585,0.585,118700,0
1778489507.119296,-0.000305,-0.179481,0.425338,1,0.4175,0.6114,-0.282716,-0.201097,-0.250352,0.0007,0.1493,0.2675,1,0.26748,0.4111,0.4111,118700,0
1778489507.16946,0.004927,-0.179877,0.427951,1,0.4986,0.9155,-0.277483,-0.201493,-0.247739,0.0006,0.1795,0.3185,1,0.31849,0.5434,0.5434,118700,0
1778489507.219564,0.019279,-0.18194,0.435207,1,0.5001,0.7231,-0.263131,-0.203555,-0.240483,0.0008,0.1816,0.3177,1,0.31768,0.31,0.31,118700,0
1778489507.269857,0.033598,-0.184246,0.442402,1,0.4325,0.644,-0.248812,-0.205861,-0.233288,0.0008,0.1503,0.2814,1,0.28143,0.3362,0.3362,118700,0
1778489507.31994,0.066147,-0.191247,0.459055,1,0.466,0.6438,-0.216264,-0.212863,-0.216635,0.0008,0.1676,0.2975,1,0.29755,2.3825,2.3825,118704,0
1778489507.370107,0.083952,-0.19398,0.467239,1,0.4683,0.6795,-0.198459,-0.215596,-0.208451,0.0007,0.1705,0.2972,1,0.2972,0.6339,0.6339,118704,0
1778489507.420208,0.101474,-0.196487,0.475371,1,0.4334,0.6311,-0.180937,-0.218103,-0.200319,0.001,0.1648,0.2675,1,0.26748,0.5892,0.5892,118704,0
1778489507.470311,0.120129,-0.19905,0.484007,1,0.4412,0.6498,-0.162282,-0.220665,-0.191683,0.001,0.1548,0.2854,1,0.28543,0.7079,0.7079,118704,0
1778489507.520421,0.156246,-0.203102,0.499845,1,0.458,0.6529,-0.126164,-0.224717,-0.175845,0.0007,0.1704,0.287,1,0.28695,2.9419,2.9419,118704,0
1778489507.570555,0.173954,-0.20432,0.509251,1,0.431,0.6238,-0.108456,-0.225936,-0.166439,0.0006,0.1587,0.2717,1,0.27168,1.8391,1.8391,118704,0
1778489507.620767,0.191243,-0.204255,0.520026,1,0.4237,0.61,-0.091167,-0.225871,-0.155664,0.0011,0.157,0.2656,1,0.26564,2.1545,2.1545,118704,0
1778489507.670922,0.206262,-0.20389,0.53048,1,0.4847,0.6863,-0.076148,-0.225505,-0.14521,0.001,0.1788,0.305,1,0.30497,1.8529,1.8529,118708,0
1778489507.721027,0.238743,-0.205885,0.553133,1,0.5621,0.7748,-0.043667,-0.2275,-0.122557,0.0009,0.1539,0.4073,2,0.20364,1.3529,1.3529,118708,0
1778489507.771123,0.252827,-0.205987,0.560051,1,0.4552,0.6362,-0.029583,-0.227602,-0.115639,0.0006,0.1656,0.289,1,0.28901,1.4717,1.4717,118708,0
1778489507.821219,0.264608,-0.206888,0.565662,1,0.4797,0.6776,-0.017802,-0.228503,-0.110028,0.0008,0.1743,0.3046,1,0.3046,1.3507,1.3507,118708,0
1778489507.871325,0.276271,-0.207976,0.570944,1,0.4407,0.6305,-0.00614,-0.229591,-0.104746,0.0008,0.1573,0.2825,1,0.28254,1.4075,1.4075,118708,0
1778489507.921415,0.298808,-0.212197,0.575983,1,0.582,0.7744,0.016398,-0.233812,-0.099707,0.0009,0.1532,0.4279,2,0.21395,2.3929,2.3929,118708,0
1778489507.971593,0.3,-0.218126,0.576883,1,23.9307,25.5331,0.030462,-0.239741,-0.098807,0.0009,0.1851,23.7447,250,0.09498,6.1251,6.1251,118708,0
1778489508.021752,0.3,-0.223463,0.577925,1,21.2824,22.5865,0.043113,-0.245079,-0.097765,0.0007,0.1452,21.1365,250,0.08455,8.5713,8.5713,118720,0
1778489508.07195,0.3,-0.226426,0.579319,1,20.8334,22.1533,0.052137,-0.248041,-0.096371,0.0005,0.1661,20.6668,250,0.08267,9.4345,9.4345,118720,0
1778489508.122137,0.3,-0.223773,0.582361,1,21.2589,22.2015,0.057134,-0.245388,-0.093329,0.0008,0.153,21.1051,250,0.08442,7.7218,7.7218,118720,0
1778489508.172329,0.3,-0.220548,0.582785,1,19.8254,22.9624,0.056926,-0.242163,-0.092905,0.0007,0.1563,19.6684,250,0.07867,6.3627,6.3627,118720,0
1778489508.222508,0.3,-0.218297,0.582543,1,21.4645,25.1864,0.057454,-0.239912,-0.093147,0.0007,0.1373,21.3265,250,0.08531,5.9401,5.9401,118720,0
1778489508.272683,0.3,-0.217161,0.582193,1,22.9368,24.7272,0.057563,-0.238777,-0.093497,0.0007,0.1783,22.7578,250,0.09103,5.674,5.674,118720,0
1778489508.322858,0.3,-0.216719,0.582059,1,24.7658,27.7147,0.057489,-0.238334,-0.093631,0.0007,0.1708,24.5944,250,0.09838,5.1766,5.1766,118732,0
1778489508.373026,0.3,-0.21615,0.582186,1,21.1653,22.3506,0.056548,-0.237765,-0.093504,0.0008,0.165,20.9995,250,0.084,4.6162,4.6162,118732,0
1778489508.42327,0.3,-0.21466,0.582297,1,19.2547,20.5158,0.0537,-0.236275,-0.093393,0.0008,0.1628,19.0911,250,0.07636,3.6034,3.6034,118740,0
1778489508.473471,0.3,-0.21301,0.58228,1,0.2772,0.4036,0.049798,-0.234625,-0.09341,0.0003,0.1058,0.1712,1,0.17117,2.7615,2.7615,118740,0
1778489508.523566,0.3,-0.21034,0.580951,1,0.4406,0.6215,0.041224,-0.231956,-0.094739,0.0008,0.16,0.2798,1,0.27981,2.6681,2.6681,118740,0
1778489508.573746,0.3,-0.208922,0.579529,1,0.4447,0.6476,0.035182,-0.230537,-0.096161,0.0008,0.1621,0.2818,1,0.2818,2.5992,2.5992,118740,0
1778489508.623912,0.3,-0.207619,0.57789,1,0.4788,0.6981,0.027811,-0.229234,-0.0978,0.0008,0.1902,0.2878,1,0.2878,2.5013,2.5013,118740,0
1778489508.673998,0.3,-0.207599,0.57545,1,0.4713,0.6581,0.018196,-0.229214,-0.10024,0.0006,0.1517,0.319,1,0.31901,2.3984,2.3984,118740,0
1778489508.724184,0.273234,-0.211874,0.565538,1,0.6172,0.799,-0.009177,-0.23349,-0.110152,0.0012,0.1817,0.4342,2,0.21709,1.8146,1.8146,118740,0
1778489508.774283,0.257792,-0.212632,0.559976,1,0.5038,0.7033,-0.024618,-0.234248,-0.115714,0.0007,0.1687,0.3344,1,0.33439,1.0847,1.0847,118740,0
1778489508.824376,0.233408,-0.210283,0.55232,1,0.6594,0.8567,-0.049003,-0.231899,-0.12337,0.0007,0.1683,0.4904,2,0.2452,1.317,1.317,118740,0
1778489508.874542,0.208431,-0.207133,0.543734,1,0.6061,0.8032,-0.073979,-0.228748,-0.131956,0.0008,0.1582,0.4471,2,0.22356,1.1325,1.1325,118744,0
1778489508.924786,0.165447,-0.202453,0.527761,1,0.578,0.7576,-0.116964,-0.224069,-0.147929,0.0006,0.1679,0.4095,2,0.20475,1.0406,1.0406,118744,0
1778489508.974945,0.140866,-0.198626,0.518383,1,0.4024,0.6046,-0.141544,-0.220241,-0.157307,0.001,0.1474,0.2541,1,0.2541,1.2403,1.2403,118744,0
1778489509.025054,0.119262,-0.195181,0.51003,1,0.4478,0.6374,-0.163149,-0.216797,-0.16566,0.0008,0.1774,0.2696,1,0.26955,1.053,1.053,118744,0
1778489509.075171,0.096149,-0.190949,0.501512,1,0.4622,0.6825,-0.186261,-0.212564,-0.174178,0.0013,0.182,0.2789,1,0.27892,1.1806,1.1806,118744,0
1778489509.125265,0.057965,-0.179572,0.488746,1,0.5781,1.2394,-0.224445,-0.201187,-0.186944,0.0007,0.1607,0.4168,2,0.20838,0.7779,0.7779,118744,0
1778489509.175365,0.042329,-0.174728,0.483078,1,0.4294,0.6072,-0.240081,-0.196343,-0.192612,0.0008,0.1592,0.2694,1,0.26941,0.538,0.538,118744,0
1778489509.225466,0.026222,-0.169663,0.477485,1,0.4336,0.6211,-0.256189,-0.191278,-0.198205,0.0008,0.1652,0.2676,1,0.26762,0.4656,0.4656,118748,0
1778489509.275588,0.011096,-0.164368,0.472186,1,0.4318,1.1471,-0.271315,-0.185983,-0.203504,0.0007,0.1721,0.2589,1,0.25892,0.4031,0.4031,118748,0
1778489509.325688,-0.012523,-0.154386,0.462564,1,0.4394,0.6269,-0.294934,-0.176001,-0.213126,0.0008,0.1669,0.2717,1,0.2717,1.0748,1.0748,118748,0
1778489509.375839,-0.021822,-0.15035,0.458127,1,0.4259,1.2994,-0.304233,-0.171966,-0.217563,0.0006,0.1554,0.2699,1,0.26991,0.5284,0.5284,118748,0
1778489509.425929,-0.026025,-0.1491,0.45652,1,0.4634,0.6649,-0.308435,-0.170715,-0.21917,0.0009,0.1729,0.2895,1,0.28953,0.7997,0.7997,118748,0
1778489509.476559,-0.023822,-0.152469,0.458815,1,0.4496,0.9941,-0.306233,-0.174085,-0.216875,0.0008,0.1524,0.2965,1,0.2965,0.8124,0.8124,118760,0
1778489509.526867,-0.020818,-0.155678,0.460962,1,0.4211,0.6445,-0.303229,-0.177294,-0.214728,0.0007,0.154,0.2664,1,0.26641,0.7992,0.7992,118760,0
1778489509.576956,-0.018388,-0.157827,0.462206,1,0.4358,0.6328,-0.300799,-0.179442,-0.213484,0.0007,0.1549,0.2801,1,0.28007,0.8285,0.8285,118764,0
1778489509.628593,-0.016311,-0.160042,0.462768,1,0.4403,0.7759,-0.298721,-0.181657,-0.212922,0.0008,0.1614,0.2781,1,0.27813,0.8366,0.8366,118764,0
1778489509.678798,-0.011382,-0.167389,0.46428,1,0.4371,0.651,-0.293792,-0.189005,-0.21141,0.0011,0.1688,0.2672,1,0.2672,0.719,0.719,118764,0
1778489509.728943,-0.007302,-0.171922,0.465725,1,0.4732,0.6767,-0.289713,-0.193538,-0.209965,0.0009,0.1857,0.2866,1,0.28661,0.7638,0.7638,118764,0
1778489509.779047,-0.002851,-0.176012,0.467304,1,0.4131,0.6003,-0.285261,-0.197627,-0.208386,0.0009,0.146,0.2661,1,0.26613,0.7529,0.7529,118764,0
1778489509.829225,0.002292,-0.179765,0.468913,1,0.4306,0.6258,-0.280118,-0.201381,-0.206777,0.0009,0.1567,0.2729,1,0.27292,0.7335,0.7335,118764,0
1778489509.879331,0.013277,-0.18405,0.470852,1,0.4367,0.6199,-0.269134,-0.205665,-0.204838,0.001,0.1603,0.2754,1,0.27541,0.5548,0.5548,118764,0
1778489509.929388,0.021356,-0.184366,0.470897,1,0.477,0.6697,-0.261055,-0.205982,-0.204793,0.0008,0.1568,0.3194,1,0.31939,0.6894,0.6894,118772,0
1778489509.979554,0.031014,-0.181277,0.471612,1,0.4489,0.654,-0.251397,-0.202892,-0.204078,0.0009,0.182,0.266,1,0.26601,0.6179,0.6179,118776,0
1778489510.029764,0.040483,-0.175522,0.472226,1,0.3858,0.5526,-0.241927,-0.197138,-0.203464,0.0008,0.1309,0.2541,1,0.25405,0.604,0.604,118780,0
1778489510.080025,0.073374,-0.157732,0.474719,1,0.4252,0.6181,-0.209037,-0.179347,-0.200971,0.0008,0.1523,0.2721,1,0.27212,2.8659,2.8659,118780,0
1778489510.130102,0.091851,-0.146005,0.476866,1,0.4208,0.6059,-0.190559,-0.16762,-0.198824,0.0008,0.149,0.271,1,0.27101,0.9164,0.9164,118780,0
1778489510.180187,0.109063,-0.130605,0.479824,1,0.4621,0.6867,-0.173347,-0.15222,-0.195866,0.0008,0.1776,0.2837,1,0.2837,0.8825,0.8825,118780,0
1778489510.230291,0.125599,-0.111787,0.483059,1,0.4194,0.6183,-0.156811,-0.133402,-0.192631,0.0006,0.1584,0.2604,1,0.26038,1.0621,1.0621,118780,0
1778489510.280383,0.149144,-0.065276,0.48829,1,0.5869,0.7609,-0.133267,-0.086892,-0.1874,0.0007,0.168,0.4182,2,0.20912,1.0362,1.0362,118780,0
1778489510.330491,0.15677,-0.05,0.490557,1,0.46,0.6583,-0.125641,-0.062221,-0.185133,0.0009,0.16,0.2991,1,0.29915,1.7332,1.7332,118780,0
1778489510.380596,0.162844,-0.05,0.492381,1,0.4558,0.6467,-0.119566,-0.040182,-0.183309,0.0006,0.1673,0.2878,1,0.2878,1.4851,1.4851,118780,0
1778489510.431013,0.167784,-0.05,0.494427,1,0.4774,0.6809,-0.114626,-0.019569,-0.181263,0.0008,0.1655,0.311,1,0.31102,1.4069,1.4069,118780,0
1778489510.481117,0.175076,-0.05,0.499753,1,0.4453,0.6425,-0.107335,0.012934,-0.175937,0.0009,0.1653,0.2791,1,0.27914,1.9288,1.9288,118784,0
1778489510.531229,0.177272,-0.05,0.503431,1,0.5145,0.7157,-0.105139,0.026703,-0.172259,0.0009,0.1743,0.3393,1,0.33926,1.0893,1.0893,118784,0
1778489510.581346,0.17796,-0.05,0.506585,1,0.5501,0.8105,-0.10445,0.038712,-0.169105,0.001,0.1753,0.3738,1,0.37381,1.0815,1.0815,118784,0
1778489510.631455,0.176942,-0.05,0.508794,1,0.515,0.7137,-0.105468,0.050249,-0.166896,0.0008,0.1831,0.3312,1,0.33122,1.085,1.085,118784,0
1778489510.681658,0.172218,-0.05,0.509919,1,0.4403,0.6315,-0.110193,0.068251,-0.165771,0.0008,0.1663,0.2733,1,0.27327,1.2709,1.2709,118784,0
1778489510.731867,0.169136,-0.05,0.508875,1,0.4314,0.6211,-0.113275,0.073984,-0.166815,0.0007,0.1595,0.2712,1,0.27122,0.9719,0.9719,118784,0
1778489510.781964,0.167199,-0.05,0.507694,1,0.4566,0.6542,-0.115211,0.076445,-0.167996,0.0008,0.1528,0.303,1,0.30302,0.9546,0.9546,118796,0
1778489510.832063,0.166428,-0.05,0.506638,1,0.4318,0.6328,-0.115982,0.076729,-0.169052,0.0006,0.1581,0.2731,1,0.27309,0.9578,0.9578,118800,0
1778489510.882166,0.165904,-0.05,0.505183,1,0.5028,0.7237,-0.116507,0.074569,-0.170507,0.0007,0.1762,0.3259,1,0.32586,0.9549,0.9549,118800,0
1778489510.932264,0.165858,-0.05,0.504425,1,0.3992,0.5841,-0.116553,0.072821,-0.171265,0.0006,0.1407,0.2579,1,0.25794,0.9574,0.9574,118800,0
1778489510.982355,0.166141,-0.05,0.503738,1,0.4534,0.645,-0.116269,0.071571,-0.171952,0.0007,0.1671,0.2856,1,0.28564,0.9569,0.9569,118800,0
1778489511.032457,0.166581,-0.05,0.502931,1,0.4475,0.6306,-0.115829,0.070187,-0.172759,0.001,0.1653,0.2812,1,0.28124,0.9545,0.9545,118800,0
1778489511.082539,0.166527,-0.05,0.501909,1,0.4749,0.6786,-0.115883,0.064174,-0.173781,0.001,0.1808,0.2931,1,0.29311,0.9582,0.9582,118800,0
1778489511.132734,0.166018,-0.05,0.501683,1,0.3809,0.5679,-0.116392,0.057842,-0.174007,0.0007,0.1342,0.2461,1,0.24606,0.9565,0.9565,118800,0
1778489511.182899,0.16511,-0.05,0.501651,1,0.4364,0.6324,-0.1173,0.048925,-0.174039,0.0009,0.1645,0.271,1,0.27098,0.9885,0.9885,118800,0
1778489511.233005,0.164256,-0.05,0.50182,1,0.432,0.6262,-0.118155,0.039565,-0.17387,0.0009,0.1642,0.2669,1,0.2669,0.9877,0.9877,118804,0
1778489511.283146,0.160712,-0.05,0.502239,1,0.4642,0.6835,-0.121699,0.011678,-0.173451,0.0009,0.1647,0.2986,1,0.29863,1.4213,1.4213,118804,0
1778489511.333277,0.158801,-0.05,0.502867,1,0.2834,0.4046,-0.123609,-0.004157,-0.172823,0.0005,0.1068,0.176,1,0.17604,1.1003,1.1003,118804,0
1778489511.383384,0.156226,-0.05,0.503514,1,0.4247,0.6142,-0.126185,-0.022021,-0.172176,0.0009,0.1571,0.2667,1,0.26673,1.1337,1.1337,118804,0
1778489511.43357,0.153219,-0.05,0.504202,1,0.4429,0.632,-0.129192,-0.041389,-0.171488,0.0008,0.1721,0.2699,1,0.26995,1.1595,1.1595,118804,0
1778489511.483743,0.146185,-0.062554,0.506482,1,0.4137,0.606,-0.136226,-0.084169,-0.169208,0.0008,0.1487,0.2643,1,0.26426,1.4078,1.4078,118804,0
1778489511.533941,0.141063,-0.086192,0.508358,1,0.4245,0.6316,-0.141348,-0.107807,-0.167332,0.0008,0.1524,0.2713,1,0.27132,0.4101,0.4101,118804,0
1778489511.584005,0.135255,-0.110574,0.510475,1,0.4496,0.636,-0.147155,-0.132189,-0.165215,0.0007,0.1532,0.2957,1,0.29572,0.602,0.602,118816,0
1778489511.6341,0.12955,-0.133246,0.512833,1,0.4134,1.0744,-0.15286,-0.154861,-0.162857,0.0007,0.1388,0.2739,1,0.27394,0.5073,0.5073,118820,0
1778489511.684206,0.117624,-0.178544,0.517454,1,0.6643,0.8763,-0.164787,-0.200159,-0.158236,0.0008,0.188,0.4755,2,0.23773,1.0465,1.0465,118820,0
1778489511.734291,0.110388,-0.203124,0.520097,1,0.4226,0.6428,-0.172022,-0.224739,-0.155593,0.0008,0.1523,0.2695,1,0.26953,2.0387,2.0387,118820,0
1778489511.78438,0.102119,-0.22756,0.523006,1,0.5673,0.7459,-0.180291,-0.249176,-0.152684,0.0008,0.1502,0.4162,2,0.20809,0.693,0.693,118820,0
1778489511.834596,0.092518,-0.247932,0.526917,1,0.5991,0.7863,-0.189893,-0.269547,-0.148772,0.0008,0.1706,0.4277,2,0.21384,0.9253,0.9253,118824,0
1778489511.884711,0.074309,-0.293729,0.535532,1,1.0221,1.201,-0.208101,-0.315344,-0.140158,0.0009,0.1564,0.8648,6,0.14413,1.421,1.421,118824,0
1778489511.934882,0.068262,-0.308857,0.538581,1,0.7508,0.9503,-0.214148,-0.330472,-0.137109,0.001,0.1722,0.5777,3,0.19255,1.6449,1.6449,118824,0
1778489511.984973,0.058338,-0.332692,0.543735,1,0.8348,1.6815,-0.224073,-0.354307,-0.131955,0.0007,0.1592,0.6749,4,0.16873,1.5715,1.5715,118832,0
1778489512.035074,0.041443,-0.368265,0.552414,1,0.8911,1.6204,-0.240967,-0.389881,-0.123276,0.0007,0.1498,0.7407,5,0.14813,1.5317,1.5317,118832,0
1778489512.085157,0.031982,-0.383545,0.556596,1,0.9515,1.5753,-0.250429,-0.40516,-0.119094,0.0006,0.1532,0.7977,5,0.15955,1.4896,1.4896,118836,0
1778489512.135252,0.024972,-0.394443,0.559164,1,0.9163,1.7108,-0.257438,-0.416059,-0.116526,0.0007,0.1593,0.7563,5,0.15125,1.5025,1.5025,118836,0
1778489512.185359,0.017981,-0.404844,0.561201,1,0.9482,1.9385,-0.26443,-0.42646,-0.114489,0.0008,0.1728,0.7746,5,0.15493,1.5405,1.5405,118836,0
1778489512.235523,0.00114,-0.419337,0.567048,1,1.0152,1.9168,-0.28127,-0.440953,-0.108642,0.0007,0.1597,0.8548,5,0.17095,1.8764,1.8764,118836,0
1778489512.285615,-0.006157,-0.424121,0.56985,1,0.9737,1.7357,-0.288568,-0.445736,-0.10584,0.0006,0.1713,0.8018,5,0.16036,1.6282,1.6282,118836,0
1778489512.335789,-0.013717,-0.427072,0.573241,1,0.9909,3.8179,-0.296128,-0.448687,-0.102449,0.0008,0.154,0.8361,5,0.16723,1.6108,1.6108,118840,0
1778489512.385866,-0.021173,-0.432191,0.57671,1,1.0155,1.4372,-0.303583,-0.453807,-0.09898,0.0006,0.1674,0.8475,5,0.16951,1.701,1.701,118840,0
1778489512.435952,-0.037901,-0.443167,0.585526,1,0.9047,1.4809,-0.320312,-0.464783,-0.090164,0.0038,0.1419,0.7591,4,0.18977,2.9397,2.9397,118840,0
1778489512.486419,-0.046461,-0.449797,0.590583,1,0.8674,1.205,-0.328872,-0.471413,-0.085107,0.0008,0.1632,0.7034,4,0.17586,1.4916,1.4916,118840,0
1778489512.536653,-0.052559,-0.45,0.594261,1,0.8158,1.003,-0.33497,-0.476173,-0.081429,0.0007,0.2219,0.5932,3,0.19772,1.7945,1.7945,118840,0
1778489512.586841,-0.057297,-0.45,0.597045,1,0.8126,1.0191,-0.339707,-0.481506,-0.078645,0.0007,0.1632,0.6486,3,0.21622,1.7602,1.7602,118840,0
1778489512.638587,-0.066198,-0.45,0.600876,1,0.7793,1.1048,-0.348609,-0.489171,-0.074814,0.0006,0.1788,0.5999,3,0.19996,1.7297,1.7297,118852,0
1778489512.688776,-0.069638,-0.45,0.601639,1,0.6918,0.8759,-0.352049,-0.493032,-0.074051,0.0009,0.1537,0.5372,3,0.17906,1.7308,1.7308,118852,0
1778489512.738873,-0.071567,-0.45,0.601625,1,0.7418,0.928,-0.353977,-0.494624,-0.074065,0.0009,0.1687,0.5722,3,0.19074,1.7246,1.7246,118852,0
1778489512.789032,-0.072166,-0.45,0.601043,1,0.7069,0.8893,-0.354576,-0.495507,-0.074647,0.0007,0.1509,0.5553,3,0.1851,1.7138,1.7138,118856,0
1778489512.839264,-0.068172,-0.45,0.597612,1,0.7015,0.8989,-0.350583,-0.491021,-0.078078,0.0006,0.1564,0.5446,3,0.18154,1.6867,1.6867,118856,0
1778489512.889334,-0.064373,-0.45,0.595613,1,0.6746,0.8496,-0.346784,-0.488712,-0.080077,0.0008,0.1441,0.5297,3,0.17657,1.6804,1.6804,118856,0
1778489512.939418,-0.059587,-0.45,0.593866,1,0.8109,1.0061,-0.341997,-0.485705,-0.081824,0.0006,0.177,0.6333,3,0.21109,1.7061,1.7061,118856,0
1778489512.989509,-0.052818,-0.45,0.591742,1,0.7945,0.9936,-0.335228,-0.481168,-0.083948,0.0006,0.1603,0.6336,3,0.21119,2.1406,2.1406,118856,0
1778489513.039612,-0.035589,-0.443521,0.587195,1,0.8853,1.1076,-0.317999,-0.465136,-0.088495,0.0006,0.1806,0.7042,4,0.17604,2.4779,2.4779,118856,0
1778489513.089707,-0.025903,-0.436916,0.584358,1,0.8941,1.0858,-0.308313,-0.458531,-0.091332,0.0007,0.1503,0.7431,5,0.14863,1.3245,1.3245,118856,0
1778489513.1398,-0.016163,-0.427939,0.581577,1,0.9073,1.0916,-0.298573,-0.449554,-0.094113,0.0006,0.1403,0.7663,5,0.15327,1.6308,1.6308,118856,0
1778489513.189849,-0.006201,-0.419174,0.578565,1,0.9186,1.1201,-0.288611,-0.440789,-0.097125,0.0006,0.1538,0.7642,5,0.15285,1.8299,1.8299,118856,0
1778489513.239949,0.016722,-0.395042,0.572539,1,0.942,1.1298,-0.265688,-0.416658,-0.103151,0.0009,0.1734,0.7677,5,0.15354,1.6243,1.6243,118860,0
1778489513.290053,0.027497,-0.383838,0.570017,1,1.16,1.3817,-0.254913,-0.405453,-0.105673,0.0009,0.1748,0.9843,5,0.19685,1.6989,1.6989,118860,0
1778489513.340939,0.038284,-0.372378,0.567907,1,0.9433,1.1231,-0.244127,-0.393994,-0.107783,0.0009,0.1752,0.7672,5,0.15344,1.6406,1.6406,118860,0
1778489513.391037,0.049136,-0.361924,0.565706,1,0.97,1.1559,-0.233274,-0.383539,-0.109984,0.0009,0.2072,0.7619,5,0.15237,1.566,1.566,118860,0
1778489513.441219,0.071541,-0.338313,0.560738,1,0.8394,1.0276,-0.21087,-0.359929,-0.114952,0.0009,0.1608,0.6777,4,0.16942,1.9047,1.9047,118872,0
1778489513.491341,0.083105,-0.326028,0.557875,1,0.8002,1.0225,-0.199305,-0.347644,-0.117815,0.0009,0.1828,0.6165,3,0.20549,2.6819,2.6819,118872,0
1778489513.541409,0.093271,-0.313373,0.555289,1,0.71,0.8832,-0.189139,-0.334988,-0.120401,0.0008,0.1615,0.5477,3,0.18257,2.014,2.014,118872,0
1778489513.591489,0.102916,-0.300446,0.552489,1,0.6028,0.7877,-0.179495,-0.322061,-0.123201,0.0008,0.1649,0.4371,2,0.21854,2.1238,2.1238,118872,0
1778489513.641629,0.120928,-0.276121,0.547608,1,0.4798,0.6806,-0.161483,-0.297737,-0.128082,0.0009,0.1927,0.2861,1,0.28611,1.6815,1.6815,118872,0
1778489513.691735,0.129356,-0.263783,0.545364,1,0.46,0.6544,-0.153054,-0.285399,-0.130326,0.0009,0.1594,0.2997,1,0.29968,1.4528,1.4528,118876,0
1778489513.741844,0.136917,-0.251487,0.543424,1,0.4323,0.6313,-0.145494,-0.273102,-0.132266,0.0009,0.163,0.2685,1,0.26849,1.2382,1.2382,118876,0
1778489513.791944,0.142709,-0.242229,0.541831,1,0.4237,0.6163,-0.139701,-0.263844,-0.133859,0.0007,0.1589,0.2641,1,0.2641,0.6348,0.6348,118876,0
1778489513.842045,0.150956,-0.231583,0.539176,1,0.4393,0.6433,-0.131454,-0.253198,-0.136514,0.0009,0.1692,0.2693,1,0.2693,0.7367,0.7367,118876,0
1778489513.892215,0.153412,-0.230479,0.538928,1,0.4655,0.6671,-0.128998,-0.252094,-0.136762,0.0009,0.2013,0.2633,1,0.26328,0.8378,0.8378,118876,0
1778489513.942336,0.154875,-0.231097,0.539669,1,0.4433,0.6466,-0.127536,-0.252713,-0.136021,0.0007,0.156,0.2866,1,0.28664,0.8566,0.8566,118876,0
1778489513.992443,0.151786,-0.226886,0.542663,1,0.5077,0.726,-0.130625,-0.248501,-0.133027,0.0008,0.186,0.3209,1,0.32092,0.9206,0.9206,118880,0
1778489514.042578,0.14567,-0.222739,0.553906,1,0.4413,0.6248,-0.13674,-0.244355,-0.121784,0.0009,0.1735,0.2669,1,0.26687,0.894,0.894,118880,0
1778489514.092658,0.140918,-0.220743,0.561765,1,0.4826,0.676,-0.141493,-0.242359,-0.113925,0.0006,0.1775,0.3045,1,0.30448,0.8845,0.8845,118880,0
1778489514.142796,0.135027,-0.216642,0.570803,1,0.4152,0.6036,-0.147384,-0.238257,-0.104887,0.0007,0.1479,0.2667,1,0.26666,0.9702,0.9702,118880,0
1778489514.193105,0.12932,-0.213157,0.578787,1,0.4369,0.64,-0.153091,-0.234772,-0.096903,0.0009,0.1738,0.2623,1,0.26226,1.028,1.028,118880,0
1778489514.243208,0.116555,-0.208929,0.596616,1,0.4105,0.601,-0.165855,-0.230545,-0.079074,0.0009,0.1515,0.2581,1,0.2581,1.5925,1.5925,118880,0
1778489514.293302,0.111881,-0.208634,0.603442,1,0.468,0.6601,-0.17053,-0.23025,-0.072248,0.0009,0.1636,0.3035,1,0.3035,2.0745,2.0745,118880,0
1778489514.343412,0.106902,-0.208746,0.60969,1,0.7016,0.8934,-0.175508,-0.230362,-0.066,0.0008,0.1484,0.5523,3,0.18411,1.3092,1.3092,118880,0
1778489514.39353,0.101506,-0.208592,0.615225,1,24.9141,26.6453,-0.180904,-0.230207,-0.060465,0.0008,0.1671,24.7462,250,0.09898,7.1483,7.1483,118884,0
1778489514.443696,0.086878,-0.204812,0.625708,0,17.8213,19.0685,-0.195533,-0.226427,-0.049982,0.0006,0.1807,17.64,250,0.07056,25.0509,25.0509,118892,0
1778489514.493793,0.078611,-0.200541,0.629622,0,22.6732,23.7579,-0.203799,-0.222156,-0.046068,0.0005,0.1379,22.5349,250,0.09014,34.8573,34.8573,118892,0
1778489514.5439,0.069535,-0.194124,0.632462,0,18.9071,19.551,-0.212875,-0.215739,-0.043228,0.0007,0.1582,18.7483,250,0.07499,45.3424,45.3424,118892,0
1778489514.593956,0.058865,-0.186535,0.635026,0,21.0389,22.7239,-0.223546,-0.208151,-0.040664,0.0008,0.1623,20.8758,250,0.0835,56.8575,56.8575,118896,0
1778489514.644116,0.038279,-0.170458,0.636766,0,30.749,33.8473,-0.244132,-0.192073,-0.038924,0.0007,0.1672,30.5811,250,0.12232,75.0008,75.0008,118896,0
1778489514.694213,0.029648,-0.163397,0.636612,0,22.1297,25.3869,-0.252762,-0.185012,-0.039078,0.0006,0.158,21.9711,250,0.08788,80.298,80.298,118896,0
1778489514.744306,0.02117,-0.156367,0.636214,0,21.173,24.2896,-0.261241,-0.177982,-0.039476,0.0006,0.1287,21.0436,250,0.08417,83.8204,83.8204,118900,0
1778489514.795209,0.0088,-0.145894,0.635258,0,21.748,24.6996,-0.273611,-0.16751,-0.040432,0.0009,0.1528,21.5943,250,0.08638,87.8002,87.8002,118912,0
1778489514.84577,0.005179,-0.143153,0.63524,0,19.2569,20.5863,-0.277232,-0.164769,-0.04045,0.0007,0.1604,19.0958,250,0.07638,89.8174,89.8174,118912,0
1778489514.89586,0.004305,-0.142258,0.635278,0,22.4543,23.524,-0.278106,-0.163874,-0.040412,0.0009,0.1372,22.3162,250,0.08926,90.2178,90.2178,118912,0
1778489514.946026,0.0056,-0.142964,0.634877,0,19.2557,19.9763,-0.276811,-0.164579,-0.040813,0.0006,0.1373,19.1179,250,0.07647,89.136,89.136,118912,0
1778489514.996323,0.013594,-0.148565,0.632737,0,22.0657,23.0316,-0.268816,-0.170181,-0.042953,0.0009,0.1543,21.9105,250,0.08764,82.3657,82.3657,118916,0
1778489515.046481,0.023616,-0.153793,0.629928,0,27.0046,27.9395,-0.258794,-0.175409,-0.045762,0.0006,0.1554,26.8485,250,0.10739,77.1391,77.1391,118916,0
1778489515.096792,0.0323,-0.159002,0.627929,0,18.1161,18.7215,-0.250111,-0.180618,-0.047761,0.0008,0.1403,17.975,250,0.0719,71.8331,71.8331,118916,0
1778489515.149206,0.047608,-0.166282,0.624318,0,21.7343,23.292,-0.234803,-0.187897,-0.051372,0.0009,0.1481,21.5853,250,0.08634,60.5302,60.5302,118916,0
1778489515.19929,0.074743,-0.183402,0.618201,0,16.8082,19.7787,-0.207667,-0.205017,-0.057489,0.0007,0.144,16.6634,250,0.06665,35.8242,35.8242,118916,0
1778489515.249457,0.086207,-0.192676,0.615919,0,24.7048,25.3217,-0.196204,-0.214291,-0.059771,0.0008,0.149,24.555,250,0.09822,23.8581,23.8581,118916,0
1778489515.299612,0.098952,-0.202466,0.611551,1,19.4759,22.5246,-0.183459,-0.224081,-0.064139,0.0005,0.1753,19.3001,250,0.0772,8.9479,8.9479,118916,0
1778489515.349928,0.113634,-0.209967,0.60323,1,0.6056,0.796,-0.168777,-0.231582,-0.07246,0.0008,0.1823,0.4225,2,0.21123,1.1057,1.1057,118920,0
1778489515.400091,0.134245,-0.223565,0.581674,1,0.4464,0.6687,-0.148166,-0.245181,-0.094016,0.0008,0.1623,0.2832,1,0.28323,1.461,1.461,118920,0
1778489515.450192,0.140621,-0.229306,0.567657,1,0.4446,0.6586,-0.14179,-0.250921,-0.108033,0.0008,0.1549,0.2888,1,0.28879,1.8288,1.8288,118920,0
1778489515.500396,0.143731,-0.236618,0.554854,1,0.4416,0.635,-0.138679,-0.258233,-0.120836,0.0009,0.1529,0.2878,1,0.28785,1.2301,1.2301,118920,0
1778489515.550574,0.145555,-0.243488,0.540196,1,0.447,0.6479,-0.136856,-0.265104,-0.135494,0.0009,0.1757,0.2704,1,0.27039,0.9437,0.9437,118920,0
1778489515.60067,0.145159,-0.251859,0.507363,1,0.4239,0.6223,-0.137252,-0.273474,-0.168327,0.0007,0.1551,0.2681,1,0.2681,2.8166,2.8166,118924,0
1778489515.650856,0.14435,-0.254934,0.491517,1,0.4711,0.688,-0.138061,-0.27655,-0.184173,0.0008,0.1775,0.2928,1,0.29284,0.7628,0.7628,118924,0
1778489515.700945,0.143511,-0.256554,0.476077,1,0.4452,0.6394,-0.138899,-0.27817,-0.199613,0.0009,0.1674,0.2769,1,0.27687,0.6863,0.6863,118924,0
1778489515.751144,0.143422,-0.258407,0.460622,1,0.4413,0.6451,-0.138989,-0.280022,-0.215068,0.0008,0.1623,0.2782,1,0.27824,1.0425,1.0425,118924,0
1778489515.80124,0.140149,-0.263946,0.426822,1,0.6237,0.8242,-0.142262,-0.285562,-0.248868,0.0009,0.1757,0.4471,2,0.22353,0.7597,0.7597,118924,0
1778489515.851338,0.136016,-0.269233,0.412077,1,0.4691,0.6635,-0.146394,-0.290848,-0.263613,0.0005,0.1789,0.2897,1,0.28967,1.257,1.257,118924,0
1778489515.901443,0.129347,-0.273793,0.393821,1,0.4367,0.6274,-0.153064,-0.295408,-0.281869,0.0008,0.1599,0.276,1,0.27601,1.8471,1.8471,118924,0
1778489515.951565,0.121702,-0.274506,0.376995,1,0.4014,0.5905,-0.160709,-0.296121,-0.298695,0.0008,0.1533,0.2474,1,0.24736,1.7862,1.7862,118924,0
1778489516.001676,0.098106,-0.277605,0.346258,1,0.5199,0.6952,-0.184305,-0.299221,-0.329432,0.0007,0.1476,0.3716,2,0.18582,2.2646,2.2646,118940,0
1778489516.051834,0.083328,-0.278803,0.333158,0,20.8303,21.8454,-0.199082,-0.300418,-0.342532,0.0007,0.1632,20.6664,250,0.08267,11.2853,11.2853,118940,0
1778489516.102004,0.069306,-0.279798,0.321639,0,21.6025,22.819,-0.213105,-0.301413,-0.354051,0.001,0.1486,21.4529,250,0.08581,20.0761,20.0761,118940,0
1778489516.152141,0.053961,-0.280812,0.311041,0,21.2063,22.6471,-0.228449,-0.302428,-0.364649,0.0009,0.16,21.0455,250,0.08418,27.1246,27.1246,118940,0
1778489516.202248,0.024564,-0.280929,0.293211,0,21.3057,22.285,-0.257847,-0.302544,-0.382479,0.0009,0.1607,21.1441,250,0.08458,37.3641,37.3641,118940,0
1778489516.252394,0.013207,-0.279098,0.285229,0,20.7526,21.5401,-0.269203,-0.300714,-0.390461,0.0008,0.167,20.5847,250,0.08234,41.6293,41.6293,118940,0
1778489516.302472,0.0044,-0.277991,0.279301,0,16.6237,17.9408,-0.278011,-0.299607,-0.396389,0.0007,0.157,16.466,250,0.06586,44.6491,44.6491,118940,0
1778489516.352576,-0.002355,-0.276659,0.273055,0,20.1992,21.6551,-0.284766,-0.298274,-0.402635,0.0008,0.1807,20.0178,250,0.08007,46.9157,46.9157,118944,0
1778489516.402752,-0.007946,-0.273989,0.267316,0,23.8299,27.0813,-0.290356,-0.295604,-0.408374,0.0006,0.132,23.6973,250,0.09479,49.2913,49.2913,118944,0
1778489516.452847,-0.0081,-0.272114,0.265019,0,19.8676,22.7332,-0.290511,-0.293729,-0.410671,0.0007,0.1649,19.7021,250,0.07881,50.5893,50.5893,118944,0
1778489516.502948,-0.00603,-0.271602,0.262959,0,21.8179,25.3301,-0.288441,-0.293217,-0.412731,0.0008,0.1741,21.643,250,0.08657,52.9822,52.9822,118944,0
1778489516.553112,-0.002744,-0.271084,0.262398,0,22.2159,23.9867,-0.285155,-0.2927,-0.413292,0.0009,0.1579,22.0571,250,0.08823,53.9487,53.9487,118944,0
1778489516.603227,0.008572,-0.269335,0.263509,0,24.9223,26.9004,-0.273838,-0.29095,-0.412181,0.0008,0.1523,24.7692,250,0.09908,53.8744,53.8744,118952,0
1778489516.653299,0.015317,-0.269451,0.265224,0,19.4671,20.6212,-0.267093,-0.291066,-0.410466,0.0006,0.1458,19.3207,250,0.07728,52.5551,52.5551,118952,0
1778489516.703391,0.022727,-0.266272,0.267882,0,19.2499,20.3082,-0.259683,-0.287887,-0.407808,0.0007,0.1504,19.0988,250,0.0764,45.7991,45.7991,118952,0
1778489516.753548,0.030981,-0.261245,0.272586,0,13.6896,13.8547,-0.25143,-0.28286,-0.403104,0.0006,0.1323,13.5566,250,0.05423,33.5271,33.5271,118952,0
1778489516.803633,0.048762,-0.253738,0.290174,1,20.169,21.2064,-0.233649,-0.275353,-0.385516,0.0005,0.1404,20.0281,250,0.08011,4.1089,4.1089,118952,0
1778489516.853737,0.059079,-0.249336,0.303106,1,0.7374,0.9444,-0.223332,-0.270952,-0.372584,0.0007,0.1779,0.5588,2,0.27939,1.8045,1.8045,118956,0
1778489516.903835,0.068548,-0.245031,0.318144,1,0.6709,0.8678,-0.213863,-0.266647,-0.357546,0.0007,0.1496,0.5205,2,0.26025,1.0818,1.0818,118956,0
1778489516.953925,0.078056,-0.239925,0.333974,1,0.6527,1.6453,-0.204355,-0.26154,-0.341716,0.0005,0.1505,0.5017,2,0.25084,0.7182,0.7182,118956,0
1778489517.004015,0.089891,-0.229992,0.365888,1,0.6458,0.8329,-0.19252,-0.251607,-0.309802,0.0006,0.1484,0.4968,2,0.24839,0.4659,0.4659,118956,0
1778489517.054117,0.092134,-0.225387,0.381302,1,0.4928,0.7025,-0.190276,-0.247002,-0.294388,0.0008,0.1525,0.3395,1,0.33948,1.5618,1.5618,118956,0
1778489517.104205,0.09279,-0.220017,0.395225,1,0.4764,0.68,-0.189621,-0.241632,-0.280465,0.0005,0.1464,0.3296,1,0.32955,0.6316,0.6316,118956,0
1778489517.154299,0.091871,-0.214214,0.408925,1,0.488,1.3066,-0.19054,-0.235829,-0.266765,0.0007,0.1392,0.3482,1,0.34817,0.4753,0.4753,118956,0
1778489517.20439,0.086592,-0.203061,0.432297,1,0.4782,0.6742,-0.195818,-0.224676,-0.243393,0.0008,0.1506,0.3268,1,0.32676,0.908,0.908,118960,0
1778489517.25449,0.082852,-0.198479,0.442192,1,0.5103,0.7027,-0.199558,-0.220095,-0.233498,0.0009,0.226,0.2834,1,0.28341,0.6128,0.6128,118960,0
1778489517.304577,0.078266,-0.192086,0.451482,1,0.4721,0.6666,-0.204145,-0.213701,-0.224208,0.0007,0.2114,0.2601,1,0.26008,0.7574,0.7574,118960,0
1778489517.354964,0.069248,-0.185087,0.465839,1,0.3051,0.5792,-0.213163,-0.206703,-0.209851,0.0004,0.109,0.1957,1,0.19567,0.763,0.763,118972,0
1778489517.405055,0.065679,-0.182788,0.471157,1,0.4364,0.6259,-0.216732,-0.204403,-0.204533,0.0008,0.1556,0.28,1,0.28003,0.8219,0.8219,118972,0
1778489518.00684,0.059703,-0.18555,0.454335,1,0.4604,0.6689,-0.222707,-0.207166,-0.221355,0.0009,0.1664,0.2931,1,0.29308,0.7572,0.7572,118976,0
1778489518.057056,0.058867,-0.185232,0.453394,1,0.4142,0.5994,-0.223544,-0.206848,-0.222296,0.0007,0.1494,0.264,1,0.26403,0.7048,0.7048,118976,0
1778489518.107154,0.057278,-0.184437,0.452156,1,0.4358,0.6394,-0.225133,-0.206052,-0.223534,0.0008,0.1685,0.2665,1,0.26647,0.685,0.685,118980,0
1778489518.15727,0.056689,-0.184246,0.451655,1,0.4736,0.6807,-0.225721,-0.205861,-0.224035,0.0007,0.1774,0.2955,1,0.29546,0.6892,0.6892,118980,0
1778489518.207375,0.056227,-0.183785,0.451225,1,0.4839,0.7126,-0.226183,-0.2054,-0.224464,0.0009,0.1699,0.313,1,0.31303,0.6874,0.6874,118980,0
1778489518.257463,0.055838,-0.18323,0.451011,1,0.4022,0.5798,-0.226572,-0.204845,-0.224679,0.0005,0.1384,0.2633,1,0.26334,0.6879,0.6879,118980,0
1778489518.308596,0.054597,-0.180395,0.451731,1,0.4909,0.8334,-0.227814,-0.202011,-0.223959,0.001,0.1805,0.3094,1,0.30939,0.6957,0.6957,118980,0
1778489518.358923,0.053887,-0.179736,0.453001,1,0.5212,0.7683,-0.228524,-0.201352,-0.222689,0.001,0.1808,0.3394,1,0.33939,0.7065,0.7065,118980,0
1778489518.409042,0.053192,-0.179513,0.455137,1,0.4171,0.6151,-0.229218,-0.201128,-0.220553,0.0008,0.1541,0.2622,1,0.26217,0.7114,0.7114,118980,0
1778489518.459138,0.052431,-0.179958,0.458158,1,0.4246,0.6431,-0.22998,-0.201574,-0.217532,0.0009,0.1535,0.2703,1,0.27026,0.7117,0.7117,118980,0
1778489518.509246,0.050409,-0.182712,0.467387,1,0.4112,0.6095,-0.232002,-0.204328,-0.208303,0.0007,0.1485,0.262,1,0.26201,0.5758,0.5758,118984,0
1778489518.559436,0.048455,-0.183779,0.475391,1,0.4391,0.626,-0.233955,-0.205395,-0.200299,0.0008,0.1524,0.2858,1,0.28583,0.6809,0.6809,118984,0
1778489518.609606,0.046113,-0.183468,0.484896,1,0.4897,0.6893,-0.236297,-0.205083,-0.190794,0.001,0.1687,0.32,1,0.31997,0.7473,0.7473,118996,0
1778489518.659756,0.043648,-0.182365,0.494393,1,0.4617,0.6606,-0.238762,-0.20398,-0.181297,0.001,0.1771,0.2837,1,0.28367,0.8364,0.8364,118996,0
1778489518.709848,0.03816,-0.180619,0.514332,1,0.435,0.6306,-0.244251,-0.202234,-0.161358,0.0008,0.1577,0.2764,1,0.27641,0.7696,0.7696,118996,0
1778489518.75996,0.035451,-0.180166,0.524329,1,0.4747,0.6807,-0.246959,-0.201781,-0.151361,0.0009,0.1682,0.3057,1,0.30567,1.0186,1.0186,118996,0
1778489518.810089,0.03275,-0.17993,0.532798,1,0.4617,0.6949,-0.249661,-0.201546,-0.142892,0.001,0.1655,0.2952,1,0.29523,1.2667,1.2667,118996,0
1778489518.860179,0.02908,-0.179365,0.542435,1,0.413,0.6151,-0.253331,-0.200981,-0.133255,0.0008,0.1484,0.2638,1,0.26375,2.0469,2.0469,118996,0
1778489518.91028,0.021573,-0.177501,0.558613,1,24.5525,27.4942,-0.260837,-0.199116,-0.117077,0.001,0.3397,24.2118,250,0.09685,6.1577,6.1577,118996,0
1778489518.96046,0.016966,-0.176062,0.567027,0,18.6721,22.0897,-0.265445,-0.197677,-0.108663,0.0008,0.1181,18.5533,250,0.07421,15.22,15.22,119000,0
1778489519.010703,0.012244,-0.174196,0.574782,0,21.1531,22.3127,-0.270166,-0.195811,-0.100907,0.0009,0.1589,20.9933,250,0.08397,23.6521,23.6521,119000,0
1778489519.060881,0.0071,-0.171656,0.582211,0,20.8005,22.1263,-0.27531,-0.193272,-0.093479,0.0013,0.1685,20.6307,250,0.08252,31.774,31.774,119000,0
1778489519.110993,-0.001831,-0.167007,0.59342,0,19.641,20.7382,-0.284242,-0.188622,-0.08227,0.0006,0.1445,19.4959,250,0.07798,43.7297,43.7297,119000,0
1778489519.161105,-0.004998,-0.165128,0.59661,0,22.5533,23.9844,-0.287409,-0.186743,-0.07908,0.0007,0.2535,22.2991,250,0.0892,47.0195,47.0195,119008,0
1778489519.211317,-0.008163,-0.163079,0.599179,0,19.9425,21.1927,-0.290573,-0.184694,-0.076511,0.0007,0.1369,19.8049,250,0.07922,49.5791,49.5791,119008,0
1778489519.261423,-0.011228,-0.16094,0.60122,0,21.6318,22.8621,-0.293639,-0.182555,-0.07447,0.0008,0.1797,21.4513,250,0.08581,51.4885,51.4885,119008,0
1778489519.311599,-0.016558,-0.156955,0.603933,0,21.2721,22.4137,-0.298969,-0.17857,-0.071757,0.001,0.1656,21.1054,250,0.08442,53.6305,53.6305,119012,0
1778489519.361801,-0.018449,-0.155518,0.60413,0,23.2933,24.2545,-0.300859,-0.177133,-0.07156,0.0007,0.1684,23.1242,250,0.0925,53.5217,53.5217,119012,0
1778489519.411942,-0.018843,-0.154884,0.603377,0,23.6501,25.1674,-0.301254,-0.176499,-0.072313,0.0005,0.0822,23.5675,250,0.09427,52.7192,52.7192,119012,0
1778489519.462031,-0.018415,-0.154989,0.60258,0,21.6571,25.4594,-0.300826,-0.176604,-0.07311,0.0006,0.1433,21.5132,250,0.08605,52.017,52.017,119012,0
1778489519.512212,-0.017851,-0.155777,0.601922,0,20.134,21.9403,-0.300262,-0.177393,-0.073768,0.0008,0.1603,19.973,250,0.07989,51.4593,51.4593,119012,0
1778489519.562312,-0.017558,-0.156562,0.601912,0,19.9079,23.2557,-0.299968,-0.178177,-0.073778,0.0009,0.1579,19.7491,250,0.079,51.4804,51.4804,119012,0
1778489519.612472,-0.016085,-0.157792,0.600873,0,21.4284,25.1669,-0.298495,-0.179407,-0.074817,0.0009,0.1775,21.2501,250,0.085,50.663,50.663,119012,0
1778489519.662631,-0.013574,-0.159259,0.598548,0,21.2352,22.6631,-0.295985,-0.180874,-0.077142,0.0008,0.1628,21.0717,250,0.08429,48.6639,48.6639,119012,0
1778489519.712723,-0.002343,-0.163496,0.586206,0,22.4305,23.1737,-0.284754,-0.185111,-0.089484,0.0006,0.1461,22.2837,250,0.08913,36.9329,36.9329,119016,0
1778489519.762923,0.005302,-0.166645,0.57691,0,21.9464,22.6707,-0.277109,-0.188261,-0.09878,0.0007,0.1501,21.7956,250,0.08718,27.2792,27.2792,119016,0
1778489519.813072,0.012046,-0.169566,0.568452,0,19.6949,20.4365,-0.270364,-0.191182,-0.107238,0.0009,0.1594,19.5346,250,0.07814,18.1044,18.1044,119016,0
1778489519.863251,0.021552,-0.174176,0.554261,1,0.6463,0.8449,-0.260859,-0.195791,-0.121429,0.0011,0.1934,0.4519,2,0.22593,2.5008,2.5008,119016,0
1778489519.913348,0.040514,-0.183559,0.52438,1,0.5714,0.7541,-0.241896,-0.205174,-0.15131,0.0008,0.1621,0.4086,2,0.2043,1.0629,1.0629,119016,0
1778489519.963496,0.048695,-0.186467,0.509694,1,0.4302,0.6124,-0.233716,-0.208083,-0.165996,0.0009,0.1566,0.2727,1,0.27269,0.7576,0.7576,119016,0
1778489520.013608,0.056243,-0.189714,0.493063,1,1.413,1.6,-0.226168,-0.21133,-0.182627,0.0008,1.137,0.2752,1,0.27522,0.964,0.964,119016,0
1778489520.063731,0.062828,-0.192525,0.475741,1,0.4323,0.6415,-0.219583,-0.21414,-0.199949,0.0004,0.1127,0.3191,1,0.31915,0.7332,0.7332,119016,0
1778489520.113838,0.073577,-0.196502,0.437677,1,0.4514,0.6632,-0.208833,-0.218118,-0.238013,0.0007,0.1669,0.2838,1,0.28382,1.4571,1.4571,119020,0
1778489520.163923,0.076619,-0.198008,0.421717,1,0.4189,0.602,-0.205791,-0.219623,-0.253973,0.0009,0.1511,0.2669,1,0.26689,0.5227,0.5227,119020,0
1778489520.214068,0.079224,-0.200373,0.404825,1,0.5066,0.7013,-0.203187,-0.221989,-0.270865,0.0007,0.1657,0.3402,1,0.34023,0.3041,0.3041,119032,0
1778489520.264259,0.080718,-0.200562,0.388176,1,0.4445,0.8815,-0.201693,-0.222177,-0.287514,0.001,0.1654,0.2781,1,0.27814,0.2909,0.2909,119032,0
1778489520.314427,0.083271,-0.202832,0.357573,1,0.4714,0.6711,-0.199139,-0.224448,-0.318117,0.0008,0.1768,0.2938,1,0.29375,1.9034,1.9034,119032,0
1778489520.364604,0.08336,-0.205143,0.344868,1,0.459,0.6675,-0.199051,-0.226759,-0.330822,0.0008,0.1718,0.2865,1,0.28646,0.7171,0.7171,119032,0
1778489520.41481,0.083271,-0.207486,0.332166,1,0.4258,0.6097,-0.19914,-0.229102,-0.343524,0.0009,0.1565,0.2684,1,0.26843,0.835,0.835,119032,0
1778489520.465294,0.080848,-0.21122,0.313474,1,0.4733,1.1224,-0.201563,-0.232836,-0.362216,0.0008,0.1692,0.3032,1,0.30325,2.0753,2.0753,119036,0
1778489520.515442,0.078649,-0.212394,0.308769,1,0.452,1.2115,-0.203762,-0.23401,-0.366921,0.0009,0.1611,0.29,1,0.29003,0.8382,0.8382,119036,0
1778489520.565548,0.076304,-0.212705,0.307062,1,0.4518,1.3657,-0.206106,-0.23432,-0.368628,0.0007,0.18,0.2711,1,0.27106,0.7339,0.7339,119040,0
1778489520.615646,0.074722,-0.213312,0.306547,1,0.5657,3.4304,-0.207688,-0.234928,-0.369143,0.0007,0.2275,0.3374,1,0.33745,0.721,0.721,119040,0
1778489520.6658,0.072906,-0.214537,0.310323,1,0.4606,3.184,-0.209504,-0.236153,-0.365367,0.0009,0.1797,0.2801,1,0.28005,0.6845,0.6845,119040,0
1778489520.716542,0.072619,-0.215699,0.312217,1,0.4462,0.6745,-0.209791,-0.237314,-0.363473,0.0008,0.1561,0.2893,1,0.28932,0.5949,0.5949,119040,0
1778489520.766742,0.072659,-0.217171,0.3135,1,0.4204,0.6268,-0.209751,-0.238786,-0.36219,0.001,0.1455,0.2739,1,0.27395,0.5743,0.5743,119040,0
1778489520.816842,0.0729,-0.218368,0.315097,1,0.4633,0.6527,-0.20951,-0.239984,-0.360593,0.0007,0.1644,0.2982,1,0.29822,0.5509,0.5509,119040,0
1778489520.867036,0.073838,-0.220706,0.318818,1,0.4459,0.6454,-0.208572,-0.242322,-0.356872,0.0009,0.1614,0.2836,1,0.28356,0.5352,0.5352,119040,0
1778489520.917145,0.074578,-0.221346,0.321372,1,0.451,0.653,-0.207832,-0.242962,-0.354318,0.0008,0.1634,0.2868,1,0.28683,0.4906,0.4906,119040,0
1778489520.967487,0.075266,-0.221138,0.324307,1,0.4756,0.6771,-0.207144,-0.242753,-0.351383,0.0008,0.1682,0.3065,1,0.30655,0.4601,0.4601,119044,0
1778489521.017672,0.076351,-0.220259,0.328994,1,0.4447,0.6481,-0.206059,-0.241874,-0.346696,0.0008,0.1669,0.277,1,0.27697,0.5289,0.5289,119044,0
1778489521.067842,0.080538,-0.212756,0.343665,1,0.4478,0.637,-0.201872,-0.234371,-0.332025,0.0009,0.1556,0.2912,1,0.29118,1.1708,1.1708,119056,0
1778489521.118404,0.084002,-0.203297,0.355814,1,0.4143,0.6119,-0.198409,-0.224913,-0.319876,0.0006,0.1438,0.27,1,0.26999,0.8019,0.8019,119056,0
1778489521.168641,0.088181,-0.190605,0.368247,1,0.465,0.6641,-0.19423,-0.21222,-0.307443,0.0008,0.1856,0.2786,1,0.27861,0.9533,0.9533,119056,0
1778489521.219368,0.092569,-0.175943,0.378099,1,0.4583,0.6395,-0.189841,-0.197558,-0.297591,0.0008,0.1684,0.2891,1,0.2891,0.8669,0.8669,119056,0
1778489521.26957,0.101225,-0.138573,0.390363,1,0.4344,0.6222,-0.181185,-0.160188,-0.285327,0.0007,0.1678,0.2659,1,0.26592,2.7857,2.7857,119056,0
1778489521.319746,0.107386,-0.104636,0.395925,1,0.4733,0.6884,-0.175025,-0.126251,-0.279765,0.001,0.1757,0.2966,1,0.2966,1.9328,1.9328,119060,0
1778489521.369961,0.111974,-0.074038,0.398516,1,0.4727,0.669,-0.170436,-0.095653,-0.277174,0.0007,0.1716,0.3004,1,0.30036,1.4632,1.4632,119060,0
1778489521.420058,0.114448,-0.05,0.399079,1,0.4373,0.6361,-0.167962,-0.066985,-0.276611,0.0008,0.1559,0.2806,1,0.28064,0.927,0.927,119060,0
1778489521.47025,0.117392,-0.05,0.397493,1,0.6191,0.821,-0.165018,-0.014299,-0.278197,0.0008,0.1658,0.4525,2,0.22624,0.5745,0.5745,119060,0
1778489521.521497,0.117737,-0.05,0.395138,1,0.5153,0.7237,-0.164673,0.007612,-0.280552,0.0007,0.1795,0.3351,1,0.33505,1.619,1.619,119060,0
1778489521.571675,0.117324,-0.05,0.392732,1,0.5189,0.7277,-0.165086,0.02732,-0.282958,0.0008,0.1942,0.3239,1,0.32394,1.2173,1.2173,119060,0
1778489521.621858,0.117641,-0.05,0.391631,1,0.4535,0.6405,-0.164769,0.044541,-0.284059,0.0008,0.1716,0.2811,1,0.28108,1.14,1.14,119060,0
1778489521.671961,0.117852,-0.05,0.391779,1,0.4726,0.702,-0.164559,0.068506,-0.283911,0.0007,0.1616,0.3103,1,0.31031,2.0962,2.0962,119060,0
1778489521.722105,0.117046,-0.05,0.392452,1,0.4323,0.6203,-0.165364,0.078618,-0.283238,0.0006,0.1534,0.2783,1,0.27831,1.082,1.082,119064,0
1778489521.77246,0.115955,-0.05,0.39301,1,28.1031,30.0572,-0.166455,0.086508,-0.28268,0.0003,0.1069,27.9959,250,0.11198,5.8783,5.8783,119076,0
1778489521.822653,0.117132,-0.05,0.393294,1,23.5779,24.8463,-0.165279,0.08855,-0.282396,0.0007,0.1699,23.4073,250,0.09363,7.0624,7.0624,119076,0
1778489521.872823,0.118237,-0.05,0.393047,1,21.6667,24.1428,-0.164174,0.087828,-0.282643,0.0008,0.1675,21.4984,250,0.08599,7.4133,7.4133,119076,0
1778489521.922994,0.118341,-0.05,0.393326,1,20.7264,24.0077,-0.164069,0.087704,-0.282364,0.0013,0.1997,20.5254,250,0.0821,7.6863,7.6863,119076,0
1778489521.973079,0.118085,-0.05,0.393979,1,21.0515,25.2778,-0.164325,0.087242,-0.281711,0.0005,0.136,20.915,250,0.08366,6.9674,6.9674,119076,0
1778489522.023244,0.118564,-0.05,0.394658,1,22.609,26.0767,-0.163846,0.084999,-0.281032,0.0003,0.0964,22.5122,250,0.09005,6.0847,6.0847,119076,0
1778489522.073348,0.121463,-0.05,0.395679,1,0.4183,0.5938,-0.160947,0.069867,-0.280011,0.0009,0.1533,0.2641,1,0.2641,0.8624,0.8624,119080,0
1778489522.123494,0.12258,-0.05,0.39638,1,0.4773,0.686,-0.15983,0.05536,-0.27931,0.0008,0.1687,0.3078,1,0.30776,0.9221,0.9221,119080,0
1778489522.173644,0.122511,-0.05,0.397035,1,0.4631,0.6632,-0.1599,0.040177,-0.278655,0.0008,0.1695,0.2927,1,0.29273,0.894,0.894,119080,0
1778489522.223864,0.121034,-0.05,0.39792,1,0.436,0.6252,-0.161376,0.019702,-0.27777,0.0009,0.154,0.2812,1,0.28117,1.0106,1.0106,119080,0
1778489522.274699,0.113033,-0.05,0.402359,1,0.8096,0.9993,-0.169378,-0.028682,-0.273331,0.0008,0.395,0.4138,2,0.20692,0.6728,0.6728,119080,0
1778489522.324892,0.106012,-0.05,0.406064,1,0.4901,0.6975,-0.176399,-0.051592,-0.269626,0.0008,0.1737,0.3156,1,0.31561,1.2747,1.2747,119080,0
1778489522.374998,0.097327,-0.054792,0.411494,1,0.5391,1.0075,-0.185083,-0.076407,-0.264196,0.0006,0.1757,0.3629,1,0.36285,1.5338,1.5338,119080,0
1778489522.425291,0.081197,-0.096097,0.422542,1,0.6124,0.7989,-0.201214,-0.117712,-0.253148,0.0008,0.1701,0.4414,2,0.22072,0.7139,0.7139,119080,0
1778489522.475547,0.071486,-0.117192,0.429933,1,0.5015,1.3325,-0.210924,-0.138808,-0.245757,0.0009,0.1725,0.3281,1,0.32811,0.812,0.812,119080,0
1778489522.525772,0.06427,-0.129629,0.435648,1,0.4419,1.4571,-0.21814,-0.151245,-0.240042,0.0011,0.1719,0.269,1,0.26896,0.3302,0.3302,119084,0
1778489522.575872,0.056917,-0.137017,0.440716,1,0.5319,1.5506,-0.225494,-0.158632,-0.234974,0.0009,0.1757,0.3553,1,0.35531,0.448,0.448,119084,0
1778489522.625958,0.052106,-0.13828,0.443031,1,0.4243,1.2376,-0.230305,-0.159895,-0.232659,0.0005,0.1424,0.2814,1,0.28136,0.653,0.653,119084,0
1778489522.676082,0.055752,-0.129636,0.438066,1,0.4428,0.6511,-0.226658,-0.151252,-0.237624,0.0009,0.1622,0.2797,1,0.27968,0.4001,0.4001,119084,0
1778489522.726596,0.060034,-0.120085,0.433508,1,0.4556,0.6617,-0.222376,-0.141701,-0.242182,0.0009,0.1833,0.2714,1,0.27141,0.3682,0.3682,119084,0
1778489522.776707,0.063387,-0.106684,0.428664,1,0.4438,0.658,-0.219023,-0.128299,-0.247026,0.0008,0.1587,0.2843,1,0.28432,0.264,0.264,119084,0
1778489522.826783,0.068701,-0.078413,0.418762,1,0.4393,0.6331,-0.21371,-0.100029,-0.256928,0.0008,0.1461,0.2924,1,0.29241,1.711,1.711,119088,0
1778489522.876836,0.071154,-0.063654,0.413921,1,0.392,0.5689,-0.211257,-0.085269,-0.261769,0.0007,0.1363,0.255,1,0.25497,0.2635,0.2635,119092,0
1778489522.927034,0.074045,-0.05138,0.409761,1,0.4597,0.6599,-0.208366,-0.072996,-0.265929,0.001,0.1731,0.2856,1,0.2856,0.3236,0.3236,119096,0
1778489522.977198,0.076609,-0.05,0.408485,1,0.4459,0.657,-0.205801,-0.064408,-0.267205,0.001,0.1489,0.296,1,0.29596,0.6006,0.6006,119108,0
1778489523.02729,0.082858,-0.05,0.422207,1,0.4621,0.6623,-0.199553,-0.064553,-0.253483,0.0007,0.1708,0.2906,1,0.29062,0.9945,0.9945,119108,0
1778489523.078719,0.086488,-0.05034,0.437844,1,0.4329,0.6104,-0.195923,-0.071955,-0.237846,0.0007,0.1661,0.2661,1,0.26608,0.9765,0.9765,119108,0
1778489523.12889,0.090027,-0.059806,0.459748,1,0.4478,0.6473,-0.192384,-0.081421,-0.215942,0.0008,0.1655,0.2815,1,0.2815,1.2067,1.2067,119108,0
1778489523.179003,0.092508,-0.068384,0.483871,1,0.4294,0.651,-0.189903,-0.089999,-0.191819,0.001,0.1542,0.2742,1,0.27423,1.4371,1.4371,119108,0
1778489523.229097,0.094036,-0.08428,0.538547,1,0.6628,0.8679,-0.188374,-0.105895,-0.137143,0.0009,0.1669,0.495,2,0.24751,1.4747,1.4747,119124,0
1778489523.279195,0.09413,-0.094064,0.566784,1,0.4808,0.702,-0.18828,-0.11568,-0.108906,0.0009,0.1701,0.3098,1,0.3098,2.6454,2.6454,119124,0
1778489523.329294,0.09148,-0.099344,0.5938,1,24.8334,26.3298,-0.190931,-0.12096,-0.08189,0.0005,0.1525,24.6804,250,0.09872,9.9996,9.9996,119124,0
1778489523.379379,0.088735,-0.103731,0.616879,0,22.3571,23.0789,-0.193676,-0.125347,-0.05881,0.0007,0.131,22.2254,250,0.0889,24.1147,24.1147,119128,0
1778489523.429571,0.08051,-0.108767,0.65,0,20.3901,20.9955,-0.2019,-0.130382,-0.019455,0.0008,0.1558,20.2336,250,0.08093,52.0623,52.0623,119128,0
1778489523.479678,0.075438,-0.10999,0.65,0,22.3802,23.6268,-0.206973,-0.131605,-0.003319,0.001,0.2222,22.157,250,0.08863,55.1143,55.1143,119128,0
1778489523.529836,0.070288,-0.11115,0.65,0,22.3947,24.4419,-0.212123,-0.132766,0.01106,0.0008,0.1512,22.2426,250,0.08897,58.4477,58.4477,119128,0
1778489523.579927,0.064039,-0.112764,0.65,0,21.4304,25.4603,-0.218371,-0.134379,0.027619,0.0006,0.136,21.2938,250,0.08518,62.3229,62.3229,119140,0
1778489523.630034,0.05332,-0.115102,0.65,0,20.7204,23.3095,-0.22909,-0.136718,0.053985,0.001,0.1598,20.5596,250,0.08224,69.1469,69.1469,119140,0
1778489523.680132,0.048518,-0.114868,0.65,0,21.1802,24.6168,-0.233892,-0.136484,0.064193,0.0008,0.1728,21.0065,250,0.08403,71.9902,71.9902,119144,0
1778489523.730233,0.044626,-0.114527,0.65,0,21.2016,22.4103,-0.237785,-0.136142,0.072266,0.0007,0.1792,21.0217,250,0.08409,74.1668,74.1668,119144,0
1778489523.78031,0.041629,-0.114013,0.65,0,21.5151,22.9893,-0.240782,-0.135629,0.077142,0.0005,0.1098,21.4048,250,0.08562,75.6737,75.6737,119144,0
1778489523.8305,0.041718,-0.114609,0.65,0,22.1783,23.3207,-0.240692,-0.136224,0.072297,0.0006,0.1227,22.0549,250,0.08822,75.8724,75.8724,119144,0
1778489523.880727,0.044637,-0.115161,0.65,0,21.1046,22.0215,-0.237774,-0.136777,0.06465,0.0007,0.1463,20.9575,250,0.08383,74.608,74.608,119144,0
1778489523.93083,0.049758,-0.115716,0.65,0,21.6308,22.8096,-0.232652,-0.137331,0.054487,0.0007,0.1613,21.4688,250,0.08588,72.1084,72.1084,119144,0
1778489523.98113,0.05602,-0.116824,0.65,0,22.3193,22.4342,-0.226391,-0.138439,0.043349,0.0009,0.1606,22.1578,250,0.08863,68.7932,68.7932,119144,0
1778489524.031221,0.071536,-0.11949,0.65,0,19.1671,20.1165,-0.210874,-0.141105,0.013398,0.0007,0.1589,19.0074,250,0.07603,59.7588,59.7588,119144,0
1778489524.081317,0.079876,-0.122203,0.65,0,22.2243,23.8963,-0.202535,-0.143818,-0.001264,0.0007,0.1441,22.0795,250,0.08832,54.1171,54.1171,119148,0
1778489524.131421,0.088561,-0.125242,0.65,0,29.0492,29.7902,-0.193849,-0.146858,-0.016314,0.0003,0.0966,28.9523,250,0.11581,48.5042,48.5042,119148,0
1778489524.181634,0.095896,-0.128255,0.646042,0,20.0522,23.0865,-0.186514,-0.149871,-0.029648,0.0008,0.1682,19.8831,250,0.07953,39.7913,39.7913,119148,0
1778489524.23179,0.10972,-0.131057,0.612725,0,22.1191,25.2503,-0.17269,-0.152672,-0.062965,0.0009,0.1574,21.9609,250,0.08784,12.2904,12.2904,119148,0
1778489524.281947,0.114886,-0.131562,0.593954,1,17.6541,20.5888,-0.167525,-0.153177,-0.081736,0.0007,0.1535,17.4999,250,0.07,4.3523,4.3523,119152,0
1778489524.332043,0.118972,-0.132236,0.573165,1,0.5604,0.7464,-0.163439,-0.153851,-0.102525,0.0005,0.1514,0.4085,2,0.20423,1.7023,1.7023,119152,0
1778489524.382151,0.123735,-0.132227,0.547195,1,0.5319,0.727,-0.158676,-0.153843,-0.128495,0.0009,0.2569,0.2741,1,0.27406,1.2466,1.2466,119152,0
1778489524.432223,0.133908,-0.134545,0.498907,1,0.5762,0.7691,-0.148503,-0.156161,-0.176783,0.0006,0.157,0.4186,2,0.20928,1.0304,1.0304,119152,0
1778489524.482348,0.137821,-0.135457,0.477134,1,0.4658,0.668,-0.144589,-0.157073,-0.198556,0.0009,0.1814,0.2835,1,0.28347,1.4932,1.4932,119152,0
1778489524.532435,0.142079,-0.138279,0.454405,1,0.4643,0.6657,-0.140332,-0.159895,-0.221285,0.0007,0.1666,0.297,1,0.29696,1.4326,1.4326,119152,0
1778489524.582597,0.144596,-0.139992,0.439794,1,0.5082,0.7231,-0.137814,-0.161607,-0.235896,0.0009,0.1944,0.3129,1,0.31295,0.9631,0.9631,119156,0
1778489524.63274,0.148052,-0.145364,0.39767,1,0.5951,0.7716,-0.134358,-0.16698,-0.27802,0.0008,0.15,0.4443,2,0.22217,0.6815,0.6815,119164,0
1778489524.682923,0.147674,-0.147439,0.383732,1,0.4426,0.6517,-0.134737,-0.169054,-0.291958,0.0009,0.162,0.2797,1,0.27969,0.8817,0.8817,119164,0
1778489524.733015,0.146575,-0.150329,0.371557,1,0.5203,0.7473,-0.135835,-0.171944,-0.304133,0.0009,0.1862,0.3331,1,0.33309,0.8525,0.8525,119164,0
1778489524.783123,0.144924,-0.152505,0.36353,1,0.471,0.6828,-0.137486,-0.17412,-0.31216,0.001,0.1776,0.2924,1,0.29238,0.7414,0.7414,119164,0
1778489524.833223,0.141194,-0.155052,0.357274,1,0.4494,0.654,-0.141216,-0.176668,-0.318416,0.0008,0.175,0.2736,1,0.27358,0.7621,0.7621,119164,0
1778489524.883327,0.140052,-0.156268,0.36044,1,0.5164,0.7197,-0.142359,-0.177883,-0.31525,0.0007,0.1822,0.3335,1,0.33352,0.6419,0.6419,119164,0
1778489524.933429,0.139539,-0.157294,0.367101,1,0.4668,0.6644,-0.142871,-0.178909,-0.308589,0.0008,0.175,0.291,1,0.29103,0.6034,0.6034,119164,0
1778489524.98352,0.139482,-0.158203,0.381027,1,0.4331,0.6187,-0.142928,-0.179818,-0.294663,0.0007,0.1507,0.2818,1,0.2818,1.1489,1.1489,119168,0
1778489525.033727,0.138022,-0.159427,0.420124,1,0.598,0.7872,-0.144389,-0.181043,-0.255566,0.0012,0.1542,0.4425,2,0.22126,0.7054,0.7054,119180,0
1778489525.083903,0.13639,-0.159439,0.442868,1,0.4252,0.6095,-0.146021,-0.181054,-0.232822,0.0009,0.1594,0.2649,1,0.26488,1.0607,1.0607,119180,0
1778489525.134026,0.133216,-0.158715,0.470081,1,0.4348,0.6357,-0.149195,-0.18033,-0.205608,0.0011,0.1561,0.2777,1,0.27767,1.3328,1.3328,119180,0
1778489525.184123,0.129514,-0.157056,0.495499,1,0.4448,1.1917,-0.152897,-0.178672,-0.180191,0.0007,0.1672,0.2769,1,0.27686,1.5002,1.5002,119180,0
1778489525.234293,0.117143,-0.150534,0.543582,1,0.5913,0.7893,-0.165267,-0.172149,-0.132108,0.0011,0.1628,0.4274,2,0.21368,1.2508,1.2508,119180,0
1778489525.284478,0.108777,-0.145834,0.566695,1,0.4589,0.6809,-0.173633,-0.167449,-0.108995,0.0011,0.1696,0.2882,1,0.2882,2.459,2.459,119180,0
1778489525.334685,0.100276,-0.142385,0.587491,1,0.6849,0.9274,-0.182135,-0.164,-0.088199,0.0011,0.1755,0.5083,2,0.25417,1.6936,1.6936,119180,0
1778489525.38538,0.084495,-0.1398,0.622844,0,23.7182,24.6594,-0.197915,-0.161416,-0.052846,0.0009,0.1617,23.5557,250,0.09422,35.3138,35.3138,119180,0
1778489525.435548,0.076442,-0.139295,0.640581,0,17.7048,18.7656,-0.205968,-0.160911,-0.035109,0.0009,0.1255,17.5784,250,0.07031,52.5742,52.5742,119180,0
1778489525.485752,0.069112,-0.138891,0.65,0,21.3213,24.4515,-0.213299,-0.160506,-0.019204,0.0007,0.1469,21.1738,250,0.0847,63.8621,63.8621,119180,0
1778489525.53649,0.061592,-0.13877,0.65,0,21.6384,23.4389,-0.220819,-0.160385,-0.003827,0.001,0.1662,21.4713,250,0.08589,69.7527,69.7527,119180,0
1778489525.586702,0.049672,-0.136592,0.65,0,22.8873,25.6981,-0.232739,-0.158207,0.019571,0.001,0.1865,22.6998,250,0.0908,78.1019,78.1019,119180,0
1778489525.636797,0.045326,-0.135548,0.65,0,20.0505,22.9771,-0.237085,-0.157164,0.028263,0.0008,0.1693,19.8804,250,0.07952,80.8009,80.8009,119200,0
1778489525.686943,0.042108,-0.133706,0.65,0,22.0914,25.2137,-0.240303,-0.155322,0.03495,0.0006,0.1466,21.9441,250,0.08778,82.3717,82.3717,119200,0
1778489525.737011,0.040526,-0.133006,0.65,0,19.7397,20.9884,-0.241884,-0.154622,0.038974,0.0004,0.1206,19.6186,250,0.07847,83.144,83.144,119200,0
1778489525.787115,0.041174,-0.131948,0.65,0,23.5886,24.5917,-0.241236,-0.153564,0.040296,0.0009,0.1766,23.4111,250,0.09364,82.416,82.416,119200,0
1778489525.837212,0.042325,-0.131986,0.65,0,27.9314,31.1361,-0.240085,-0.153601,0.039176,0.0009,0.1553,27.7752,250,0.1111,81.7131,81.7131,119200,0
1778489525.887304,0.04412,-0.13244,0.65,0,20.9569,22.2162,-0.23829,-0.154056,0.036721,0.0006,0.1494,20.8069,250,0.08323,80.7137,80.7137,119200,0
1778489525.937396,0.045933,-0.132698,0.65,0,21.2668,22.7214,-0.236478,-0.154313,0.033844,0.0005,0.1331,21.1333,250,0.08453,79.6092,79.6092,119200,0
1778489525.988491,0.05152,-0.133928,0.65,0,22.6977,23.668,-0.230891,-0.155544,0.024863,0.0008,0.1556,22.5413,250,0.09017,76.1404,76.1404,119200,0
1778489526.038631,0.056248,-0.136202,0.65,0,21.3127,23.8057,-0.226162,-0.157817,0.018032,0.0008,0.1832,21.1286,250,0.08451,73.2808,73.2808,119204,0
1778489526.088833,0.062152,-0.139049,0.65,0,21.0157,23.9621,-0.220258,-0.160664,0.009042,0.0009,0.1573,20.8575,250,0.08343,69.3718,69.3718,119204,0
1778489526.138988,0.068457,-0.142445,0.65,0,21.5185,24.7704,-0.213954,-0.164061,-0.002558,0.0007,0.1442,21.3736,250,0.08549,64.8836,64.8836,119212,0
1778489526.189143,0.082516,-0.151131,0.642929,0,21.1237,22.3145,-0.199895,-0.172747,-0.032761,0.0007,0.1333,20.9897,250,0.08396,49.9825,49.9825,119212,0
1778489526.239349,0.089492,-0.155437,0.625629,0,20.9801,21.7378,-0.192919,-0.177053,-0.050061,0.0009,0.1542,20.825,250,0.0833,34.104,34.104,119212,0
1778489526.289509,0.097779,-0.15926,0.604612,0,20.9605,22.0426,-0.184631,-0.180875,-0.071078,0.0008,0.1744,20.7854,250,0.08314,13.9138,13.9138,119212,0
1778489526.339616,0.104458,-0.162459,0.582836,1,0.6506,0.8697,-0.177953,-0.184074,-0.092854,0.001,0.1851,0.4646,2,0.23228,1.5233,1.5233,119212,0
1778489526.389814,0.115431,-0.16848,0.537715,1,0.4592,0.656,-0.16698,-0.190095,-0.137975,0.0007,0.1567,0.3018,1,0.30183,0.5203,0.5203,119212,0
1778489526.440067,0.118212,-0.171459,0.517813,1,0.4223,0.6225,-0.164198,-0.193074,-0.157877,0.0009,0.1545,0.2669,1,0.26688,1.5953,1.5953,119212,0
1778489526.490227,0.119598,-0.172517,0.502109,1,0.4323,0.6467,-0.162812,-0.194132,-0.173581,0.0011,0.1593,0.2719,1,0.27191,1.0553,1.0553,119212,0
1778489526.540583,0.119828,-0.174657,0.490958,1,0.4294,0.6297,-0.162583,-0.196272,-0.184732,0.0009,0.1624,0.2661,1,0.26607,0.9822,0.9822,119216,0
1778489526.590774,0.119528,-0.174455,0.47728,1,0.4278,0.6306,-0.162882,-0.19607,-0.19841,0.0011,0.1577,0.2691,1,0.26911,0.9057,0.9057,119216,0
1778489526.641026,0.118807,-0.176007,0.474511,1,0.4202,0.6213,-0.163604,-0.197622,-0.201179,0.0009,0.1453,0.2739,1,0.27394,0.8924,0.8924,119216,0
1778489526.691246,0.117357,-0.176725,0.473532,1,0.4211,0.6333,-0.165054,-0.19834,-0.202158,0.0009,0.1497,0.2705,1,0.27049,0.8892,0.8892,119216,0
1778489526.741504,0.116222,-0.177945,0.472784,1,0.4405,0.6345,-0.166188,-0.19956,-0.202906,0.001,0.1606,0.2789,1,0.27886,0.8769,0.8769,119216,0
1778489526.791676,0.114534,-0.179791,0.469075,1,0.4985,0.6998,-0.167876,-0.201406,-0.206615,0.0008,0.1949,0.3028,1,0.30278,0.8593,0.8593,119216,0
1778489526.841847,0.1136,-0.180589,0.467234,1,0.4072,0.6127,-0.16881,-0.202204,-0.208456,0.0007,0.1431,0.2633,1,0.26328,0.8328,0.8328,119216,0
1778489526.892099,0.11224,-0.180492,0.466072,1,0.4306,0.6395,-0.170171,-0.202107,-0.209618,0.0008,0.1592,0.2706,1,0.27061,0.8203,0.8203,119216,0
1778489526.942211,0.110276,-0.180529,0.465956,1,0.4284,0.6323,-0.172135,-0.202145,-0.209734,0.0009,0.1552,0.2722,1,0.27219,0.8091,0.8091,119220,0
1778489526.992315,0.104782,-0.180449,0.46837,1,0.4331,0.62,-0.177628,-0.202064,-0.20732,0.0009,0.1554,0.2768,1,0.27682,0.7394,0.7394,119220,0
1778489527.042614,0.100317,-0.180789,0.470637,1,0.4884,0.7048,-0.182094,-0.202404,-0.205053,0.0006,0.1794,0.3084,1,0.30842,0.7384,0.7384,119220,0
1778489527.092712,0.09429,-0.180804,0.47368,1,0.4352,0.6162,-0.188121,-0.202419,-0.202009,0.0007,0.165,0.2695,1,0.26951,0.6919,0.6919,119220,0
1778489527.142903,0.087694,-0.180237,0.476765,1,0.4549,0.6672,-0.194717,-0.201853,-0.198925,0.0007,0.1547,0.2994,1,0.29944,0.6915,0.6915,119220,0
1778489527.192987,0.077449,-0.179296,0.481315,1,0.4279,0.6345,-0.204961,-0.200912,-0.194375,0.0006,0.1524,0.275,1,0.27501,0.6333,0.6333,119220,0
1778489527.24308,0.075354,-0.17929,0.48334,1,0.4163,0.613,-0.207057,-0.200906,-0.19235,0.0006,0.154,0.2617,1,0.2617,0.7729,0.7729,119220,0
1778489527.293161,0.075751,-0.180144,0.485405,1,0.4119,0.5652,-0.20666,-0.201759,-0.190285,0.0006,0.1364,0.275,1,0.27498,0.7806,0.7806,119224,0
1778489527.343494,0.079044,-0.181409,0.488393,1,0.4238,0.6213,-0.203367,-0.203024,-0.187297,0.0006,0.146,0.2772,1,0.27724,0.769,0.769,119224,0
1778489527.393597,0.09419,-0.184953,0.497267,1,0.4926,0.7001,-0.18822,-0.206568,-0.178423,0.0005,0.1134,0.3787,1,0.37866,0.6619,0.6619,119224,0
1778489527.443674,0.106386,-0.187637,0.503837,1,0.4352,0.6363,-0.176025,-0.209252,-0.171853,0.0006,0.1654,0.2692,1,0.26917,0.6912,0.6912,119224,0
1778489527.493778,0.119528,-0.191587,0.510655,1,0.4742,0.7424,-0.162883,-0.213203,-0.165035,0.0008,0.1678,0.3056,1,0.30561,0.7288,0.7288,119224,0
1778489527.543963,0.138733,-0.197033,0.520382,1,0.4225,1.1722,-0.143678,-0.218648,-0.155308,0.0007,0.1597,0.262,1,0.26202,0.9838,0.9838,119224,0
1778489527.59406,0.183647,-0.211682,0.537271,1,0.763,0.9677,-0.098764,-0.233297,-0.138419,0.0011,0.1666,0.5954,2,0.29769,1.1028,1.1028,119236,0
1778489527.644157,0.209858,-0.220843,0.545535,1,0.6445,0.8406,-0.072553,-0.242458,-0.130155,0.0007,0.1539,0.4898,2,0.24491,1.1913,1.1913,119236,0
1778489527.694259,0.236651,-0.22456,0.555215,1,0.6569,0.8777,-0.04576,-0.246175,-0.120475,0.0006,0.1536,0.5026,2,0.25132,1.4302,1.4302,119240,0
1778489527.744352,0.257549,-0.225698,0.562319,1,0.4431,1.0978,-0.024861,-0.247313,-0.113371,0.0007,0.1596,0.2828,1,0.28281,2.2858,2.2858,119240,0
1778489527.794476,0.3,-0.229294,0.57574,1,0.6431,0.8295,0.021361,-0.250909,-0.09995,0.0006,0.1544,0.488,2,0.24401,2.8754,2.8754,119240,0
1778489527.844571,0.3,-0.230391,0.581481,1,23.8695,26.4849,0.041724,-0.252006,-0.094209,0.0007,0.1529,23.7158,250,0.09486,5.5009,5.5009,119252,0
1778489527.894675,0.3,-0.230956,0.586592,1,20.997,24.3312,0.059673,-0.252571,-0.089098,0.0008,0.1795,20.8167,250,0.08327,7.5871,7.5871,119252,0
1778489527.944869,0.3,-0.233156,0.594302,0,22.9832,24.8622,0.088103,-0.254771,-0.081388,0.0006,0.1572,22.8254,250,0.0913,11.6621,11.6621,119252,0
1778489527.995044,0.3,-0.233864,0.598807,0,20.6037,22.3692,0.107298,-0.25548,-0.076883,0.0007,0.1232,20.4798,250,0.08192,12.078,12.078,119252,0
1778489528.045135,0.3,-0.234078,0.601781,0,21.2033,22.5046,0.117792,-0.255693,-0.073909,0.0005,0.1475,21.0552,250,0.08422,11.8852,11.8852,119252,0
1778489528.095243,0.3,-0.23349,0.604118,0,23.1545,23.8098,0.126232,-0.255106,-0.071572,0.001,0.188,22.9656,250,0.09186,11.3167,11.3167,119256,0
1778489528.1454,0.3,-0.231352,0.609429,0,22.0884,22.8898,0.13633,-0.252968,-0.066261,0.0007,0.1801,21.9076,250,0.08763,10.2411,10.2411,119256,0
1778489528.195551,0.3,-0.230262,0.612236,1,21.1241,22.5196,0.138689,-0.251878,-0.063454,0.0008,0.1443,20.979,250,0.08392,9.8487,9.8487,119256,0
1778489528.24575,0.3,-0.230173,0.614746,0,21.4703,25.1939,0.14087,-0.251788,-0.060944,0.0008,0.1333,21.3363,250,0.08535,10.2989,10.2989,119260,0
1778489528.29585,0.3,-0.231132,0.617187,0,19.4068,22.2208,0.142894,-0.252748,-0.058503,0.0006,0.1326,19.2736,250,0.07709,11.1041,11.1041,119260,0
1778489528.345918,0.3,-0.231348,0.62111,0,25.0602,28.4349,0.143196,-0.252963,-0.05458,0.0007,0.1705,24.889,250,0.09956,11.6278,11.6278,119260,0
1778489529.40019,-0.042933,-0.136376,0.494967,1,0.8655,1.0416,-0.325344,-0.157991,-0.180723,0.0006,0.1632,0.7017,4,0.17544,0.9633,0.9633,119264,0
1778489529.450304,-0.045847,-0.134469,0.493501,1,0.4574,0.6707,-0.328258,-0.156085,-0.182189,0.001,0.1596,0.2967,1,0.29674,1.0682,1.0682,119264,0
1778489529.500391,-0.046868,-0.133813,0.493314,1,0.4092,0.5797,-0.329279,-0.155429,-0.182376,0.0008,0.142,0.2664,1,0.26636,1.1001,1.1001,119264,0
1778489529.550554,-0.046945,-0.133384,0.493639,1,0.4289,0.616,-0.329355,-0.155,-0.182051,0.0008,0.1525,0.2755,1,0.27551,1.1063,1.1063,119268,0
1778489529.600654,-0.043433,-0.134591,0.495138,1,0.4223,0.6162,-0.325844,-0.156207,-0.180552,0.0008,0.1587,0.2628,1,0.26275,1.0634,1.0634,119268,0
1778489529.650832,-0.040777,-0.135276,0.495843,1,0.4375,0.6252,-0.323187,-0.156891,-0.179847,0.0009,0.1762,0.2605,1,0.26046,1.0876,1.0876,119268,0
1778489529.701378,-0.03854,-0.135909,0.496422,1,0.2846,0.5142,-0.32095,-0.157524,-0.179268,0.0003,0.1086,0.1757,1,0.17565,1.0911,1.0911,119268,0
1778489529.751471,-0.036554,-0.13608,0.496859,1,0.4225,0.5976,-0.318964,-0.157696,-0.178831,0.0007,0.1579,0.2639,1,0.26391,1.0947,1.0947,119268,0
1778489529.801566,-0.033075,-0.134741,0.49701,1,0.4166,0.6711,-0.315485,-0.156356,-0.17868,0.0008,0.149,0.2669,1,0.2669,1.0783,1.0783,119268,0
1778489529.851657,-0.031734,-0.134006,0.496819,1,0.4195,0.6619,-0.314145,-0.155622,-0.178871,0.0008,0.1547,0.2641,1,0.26406,1.0938,1.0938,119268,0
1778489529.901766,-0.030968,-0.133471,0.49633,1,0.45,0.8027,-0.313378,-0.155087,-0.17936,0.0007,0.1731,0.2762,1,0.2762,1.0926,1.0926,119268,0
1778489529.951852,-0.030473,-0.133041,0.495882,1,0.4112,0.6514,-0.312884,-0.154656,-0.179807,0.0008,0.1478,0.2626,1,0.26262,1.0885,1.0885,119272,0
1778489530.001944,-0.030423,-0.132473,0.495089,1,0.5167,0.7044,-0.312834,-0.154089,-0.180601,0.0008,0.1672,0.3487,1,0.34866,1.0832,1.0832,119272,0
1778489530.052037,-0.030583,-0.132425,0.494916,1,0.5289,0.7163,-0.312994,-0.15404,-0.180774,0.0008,0.1613,0.3668,1,0.36684,1.0801,1.0801,119272,0
1778489530.102133,-0.030478,-0.132496,0.495075,1,0.503,0.7244,-0.312889,-0.154112,-0.180615,0.0005,0.1594,0.3431,1,0.34314,1.0784,1.0784,119272,0
1778489530.152231,-0.029805,-0.132985,0.495633,1,0.4949,0.6805,-0.312215,-0.154601,-0.180057,0.0006,0.1481,0.3462,1,0.34618,1.0746,1.0746,119272,0
1778489530.202332,-0.026562,-0.134517,0.498459,1,0.4892,0.6774,-0.308973,-0.156132,-0.177231,0.0006,0.1537,0.3349,1,0.33486,1.026,1.026,119272,0
1778489530.25241,-0.024253,-0.135391,0.499948,1,0.4922,0.6664,-0.306663,-0.157007,-0.175742,0.0006,0.159,0.3326,1,0.33262,1.0639,1.0639,119272,0
1778489530.302503,-0.02037,-0.136777,0.501594,1,0.4886,0.6909,-0.30278,-0.158392,-0.174096,0.0005,0.1533,0.3348,1,0.33482,1.0321,1.0321,119276,0
1778489530.352589,-0.014042,-0.138783,0.503448,1,0.4942,0.6921,-0.296453,-0.160399,-0.172242,0.0008,0.1675,0.3258,1,0.32584,0.9598,0.9598,119276,0
1778489530.402663,0.005575,-0.146056,0.507764,1,0.4588,0.6316,-0.276836,-0.167672,-0.167926,0.0008,0.1508,0.3072,1,0.30723,0.5007,0.5007,119276,0
1778489530.452765,0.018554,-0.151195,0.511319,1,0.4888,0.6725,-0.263856,-0.17281,-0.164371,0.0008,0.2223,0.2656,1,0.26564,0.4341,0.4341,119276,0
1778489530.502851,0.027509,-0.154466,0.513748,1,0.4735,0.6466,-0.254902,-0.176081,-0.161942,0.0007,0.2064,0.2665,1,0.26648,0.6197,0.6197,119276,0
1778489530.552946,0.050283,-0.161744,0.519229,1,0.4786,0.6637,-0.232128,-0.18336,-0.156461,0.0007,0.2098,0.2682,1,0.26815,1.9036,1.9036,119276,0
1778489530.603037,0.091438,-0.174362,0.530496,1,0.6374,0.8249,-0.190972,-0.195977,-0.145194,0.0007,0.2203,0.4164,2,0.20819,1.0004,1.0004,119284,0
1778489530.65313,0.113664,-0.180451,0.538259,1,0.4165,0.6103,-0.168746,-0.202066,-0.137431,0.0007,0.1513,0.2645,1,0.26451,1.1996,1.1996,119284,0
1778489530.703227,0.140772,-0.186929,0.548802,1,0.4422,0.6356,-0.141639,-0.208545,-0.126888,0.0006,0.1691,0.2724,1,0.27245,2.13,2.13,119284,0
1778489530.753437,0.166706,-0.192333,0.559495,1,0.9241,1.1803,-0.115704,-0.213948,-0.116195,0.0005,0.1204,0.8033,2,0.40165,1.11,1.11,119300,0
1778489530.803572,0.221845,-0.20095,0.583991,1,0.5588,0.7449,-0.060566,-0.222566,-0.091699,0.0005,0.1337,0.4245,2,0.21225,1.2489,1.2489,119300,0
1778489530.853662,0.253545,-0.203695,0.598902,1,0.5759,0.7466,-0.028866,-0.225311,-0.076788,0.0009,0.1667,0.4084,2,0.20419,1.7322,1.7322,119300,0
1778489530.903758,0.284831,-0.206795,0.612237,1,0.5765,0.7627,0.00242,-0.228411,-0.063453,0.0008,0.1519,0.4238,2,0.21188,2.2818,2.2818,119300,0
1778489530.953855,0.3,-0.211961,0.624419,1,0.4651,0.6612,0.035227,-0.233577,-0.051271,0.0008,0.1722,0.292,1,0.29205,2.0744,2.0744,119300,0
1778489531.003948,0.3,-0.208177,0.639333,1,0.5506,0.7904,0.063388,-0.229793,-0.036357,0.001,0.2068,0.3429,1,0.34286,2.952,2.952,119300,0
1778489531.05404,0.3,-0.200114,0.641942,1,23.512,25.279,0.064654,-0.221729,-0.033748,0.0006,0.1501,23.3612,250,0.09344,5.0727,5.0727,119316,0
1778489531.104135,0.3,-0.192091,0.642654,1,22.1756,25.9991,0.063558,-0.213707,-0.033036,0.0003,0.0899,22.0853,250,0.08834,7.8377,7.8377,119316,0
1778489531.154234,0.3,-0.18632,0.641195,0,20.946,24.2272,0.063221,-0.207935,-0.034495,0.0008,0.166,20.7793,250,0.08312,12.492,12.492,119316,0
1778489531.204337,0.3,-0.181234,0.637033,0,21.6097,24.644,0.062838,-0.202849,-0.038657,0.0007,0.1726,21.4364,250,0.08575,11.7588,11.7588,119316,0
1778489531.254487,0.3,-0.180107,0.635171,1,21.5392,23.0703,0.060616,-0.201722,-0.040519,0.0005,0.137,21.4017,250,0.08561,6.7805,6.7805,119316,0
1778489531.304584,0.3,-0.179861,0.633882,1,0.3585,0.5144,0.057783,-0.201476,-0.041808,0.0006,0.1187,0.2392,1,0.23915,2.6479,2.6479,119316,0
1778489531.355123,0.3,-0.18463,0.633876,1,0.4653,0.6567,0.053522,-0.206246,-0.041814,0.001,0.1753,0.289,1,0.28897,2.9943,2.9943,119316,0
1778489531.405282,0.3,-0.191205,0.634058,1,0.4296,0.6427,0.048932,-0.21282,-0.041632,0.0008,0.1635,0.2652,1,0.26523,2.3503,2.3503,119316,0
1778489531.455883,0.3,-0.198531,0.633114,1,0.6166,3.8814,0.043816,-0.220146,-0.042576,0.0006,0.1604,0.4556,1,0.4556,2.1842,2.1842,119316,0
1778489531.506266,0.3,-0.204695,0.630361,1,0.4043,0.6009,0.03868,-0.22631,-0.045329,0.0007,0.1462,0.2574,1,0.25743,2.1127,2.1127,119320,0
1778489531.557058,0.3,-0.212303,0.620107,1,0.5732,0.7526,0.027932,-0.233919,-0.055583,0.0008,0.1628,0.4095,2,0.20477,1.4447,1.4447,119320,0
1778489531.6071,0.3,-0.215145,0.616027,1,0.3669,0.5312,0.025408,-0.23676,-0.059663,0.0007,0.1353,0.2308,1,0.23082,1.4721,1.4721,119320,0
1778489531.657201,0.3,-0.218727,0.61261,1,0.4474,0.6513,0.023114,-0.240343,-0.06308,0.0007,0.1697,0.2771,1,0.27709,1.3879,1.3879,119320,0
1778489531.707274,0.3,-0.222178,0.609825,1,0.4149,0.6196,0.020497,-0.243794,-0.065865,0.0006,0.1447,0.2696,1,0.26956,1.3386,1.3386,119320,0
1778489531.757354,0.296994,-0.227367,0.607275,1,0.4341,0.6143,0.014583,-0.248982,-0.068415,0.0008,0.16,0.2733,1,0.27334,1.2481,1.2481,119320,0
1778489531.807432,0.292786,-0.227932,0.607547,1,0.4584,0.6977,0.010375,-0.249547,-0.068143,0.0007,0.1713,0.2864,1,0.28637,1.0964,1.0964,119320,0
1778489531.857636,0.288702,-0.229265,0.607753,1,0.4438,0.6372,0.006291,-0.250881,-0.067937,0.0009,0.1674,0.2754,1,0.27544,1.0408,1.0408,119320,0
1778489531.907736,0.282858,-0.230022,0.608637,1,0.4026,0.5938,0.000447,-0.251637,-0.067053,0.0008,0.1412,0.2606,1,0.26062,0.9304,0.9304,119324,0
1778489531.957928,0.271277,-0.23309,0.609662,1,0.4279,0.6128,-0.011133,-0.254706,-0.066028,0.0007,0.153,0.2741,1,0.27414,1.1363,1.1363,119324,0
1778489532.008037,0.264428,-0.235751,0.6092,1,0.4268,0.6284,-0.017982,-0.257367,-0.066489,0.0009,0.1512,0.2746,1,0.27464,0.8164,0.8164,119324,0
1778489532.059508,0.258197,-0.239568,0.608958,1,0.2965,0.5136,-0.024214,-0.261183,-0.066732,0.0003,0.1112,0.185,1,0.18499,0.6565,0.6565,119324,0
1778489532.109646,0.252198,-0.242796,0.608758,1,0.4275,0.6243,-0.030213,-0.264412,-0.066932,0.0007,0.1665,0.2603,1,0.26034,0.4974,0.4974,119324,0
1778489532.159748,0.240104,-0.252344,0.606691,1,0.4392,0.6281,-0.042307,-0.273959,-0.068999,0.0009,0.166,0.2724,1,0.27238,0.6847,0.6847,119324,0
1778489532.209855,0.235777,-0.255648,0.607788,1,0.4616,0.6632,-0.046634,-0.277264,-0.067902,0.0006,0.1661,0.2949,1,0.29489,0.3259,0.3259,119324,0
1778489532.259948,0.231009,-0.259533,0.609048,1,0.4702,0.6586,-0.051401,-0.281148,-0.066642,0.0007,0.2063,0.2632,1,0.26316,0.3166,0.3166,119324,0
1778489532.31005,0.226764,-0.265807,0.610828,1,0.5054,0.7478,-0.055647,-0.287422,-0.064862,0.001,0.1994,0.3049,1,0.30494,0.2884,0.2884,119328,0
1778489532.360144,0.21524,-0.276448,0.617831,1,0.4152,0.6005,-0.067171,-0.298064,-0.057859,0.0009,0.1517,0.2627,1,0.26268,1.5186,1.5186,119328,0
1778489532.41025,0.209485,-0.282308,0.624202,1,0.4268,0.633,-0.072926,-0.303924,-0.051488,0.0009,0.1604,0.2654,1,0.26545,0.7415,0.7415,119328,0
1778489532.460401,0.203699,-0.286676,0.631074,1,0.4514,0.6377,-0.078711,-0.308292,-0.044616,0.0011,0.1726,0.2777,1,0.27774,0.7546,0.7546,119328,0
1778489532.510507,0.196123,-0.289316,0.639218,1,0.5069,0.7285,-0.086287,-0.310932,-0.036471,0.0011,0.2015,0.3043,1,0.30427,1.042,1.042,119332,0
1778489532.560567,0.182462,-0.289041,0.65,1,0.6061,0.7695,-0.099949,-0.310657,-0.021383,0.0008,0.1605,0.4448,2,0.22239,1.0309,1.0309,119340,0
1778489532.610662,0.176769,-0.288513,0.65,1,0.5883,0.7753,-0.105641,-0.310129,-0.015143,0.0007,0.1719,0.4157,2,0.20784,2.2074,2.2074,119340,0
1778489532.660768,0.171391,-0.288476,0.65,1,0.7496,0.9354,-0.11102,-0.310091,-0.008781,0.0008,0.1657,0.583,3,0.19435,0.9182,0.9182,119352,0
1778489532.710876,0.167193,-0.287525,0.65,1,0.7133,0.9194,-0.115217,-0.309141,-0.00342,0.0007,0.1465,0.5661,3,0.18869,1.198,1.198,119352,0
1778489532.761027,0.163755,-0.286039,0.65,1,0.4175,0.5437,-0.118655,-0.307655,0.00334,0.0004,0.1132,0.3039,3,0.10131,1.4135,1.4135,119356,0
1778489532.811204,0.162919,-0.284896,0.65,1,0.3945,0.5067,-0.119491,-0.306512,0.007374,0.0005,0.1067,0.2873,3,0.09576,1.4683,1.4683,119356,0
1778489532.861306,0.162961,-0.283624,0.65,1,0.7793,0.9687,-0.11945,-0.305239,0.009033,0.0009,0.1819,0.5965,3,0.19884,1.3893,1.3893,119356,0
1778489532.911399,0.164414,-0.282819,0.65,1,0.7895,0.984,-0.117996,-0.304435,0.010059,0.0009,0.1843,0.6043,3,0.20143,1.2289,1.2289,119356,0
1778489532.961459,0.168886,-0.278786,0.65,1,0.8339,1.0335,-0.113525,-0.300402,0.010256,0.0009,0.1917,0.6412,3,0.21374,0.8826,0.8826,119356,0
1778489533.011547,0.170497,-0.276992,0.65,1,0.6245,0.804,-0.111914,-0.298607,0.009332,0.001,0.188,0.4355,2,0.21775,2.4189,2.4189,119356,0
1778489533.061712,0.171684,-0.274159,0.65,1,0.6187,0.7866,-0.110727,-0.295774,0.007889,0.001,0.1671,0.4506,2,0.22531,1.4564,1.4564,119356,0
1778489533.111819,0.172691,-0.271798,0.65,1,0.5958,0.7924,-0.10972,-0.293413,0.00648,0.0008,0.1528,0.4422,2,0.2211,1.3039,1.3039,119360,0
1778489533.161962,0.173602,-0.267638,0.65,1,0.6377,0.8448,-0.108809,-0.289253,0.003181,0.0009,0.1865,0.4503,2,0.22515,1.0157,1.0157,119360,0
1778489533.212127,0.174376,-0.266728,0.65,1,0.6103,0.8073,-0.108034,-0.288344,0.002313,0.0007,0.1587,0.4509,2,0.22545,0.9351,0.9351,119372,0
1778489533.262225,0.175285,-0.266157,0.65,1,0.6376,0.822,-0.107126,-0.287772,0.001562,0.0007,0.181,0.4558,2,0.22789,0.8653,0.8653,119372,0
1778489533.312487,0.175708,-0.265067,0.65,1,0.4815,0.7011,-0.106702,-0.286682,0.000912,0.0004,0.111,0.3701,1,0.37014,2.9538,2.9538,119372,0
1778489533.362669,0.176179,-0.262563,0.65,1,0.4333,0.6176,-0.106231,-0.284179,-0.001217,0.0009,0.1724,0.26,1,0.25998,2.5511,2.5511,119372,0
1778489533.412736,0.176579,-0.261003,0.65,1,0.4184,0.6157,-0.105831,-0.282618,-0.002581,0.0007,0.1492,0.2684,1,0.2684,2.5754,2.5754,119372,0
1778489533.462912,0.177458,-0.259297,0.65,1,0.4224,0.5969,-0.104952,-0.280913,-0.004409,0.001,0.1634,0.258,1,0.25803,2.2502,2.2502,119372,0
1778489533.51309,0.178517,-0.258,0.65,1,0.4159,0.5957,-0.103893,-0.279616,-0.006628,0.0009,0.1529,0.2621,1,0.26208,1.7088,1.7088,119376,0
1778489533.563276,0.18016,-0.253828,0.65,1,0.4179,0.6123,-0.10225,-0.275443,-0.012133,0.0009,0.1506,0.2664,1,0.26639,1.1859,1.1859,119376,0
1778489533.613462,0.181663,-0.251309,0.65,1,0.4182,0.6197,-0.100748,-0.272924,-0.01665,0.0009,0.1383,0.279,1,0.279,0.4933,0.4933,119376,0
1778489533.663666,0.183023,-0.248851,0.65,1,0.4411,0.6376,-0.099388,-0.270467,-0.020996,0.0008,0.1679,0.2724,1,0.27241,0.3557,0.3557,119376,0
1778489533.713817,0.184486,-0.244871,0.648644,1,0.433,0.6244,-0.097925,-0.266486,-0.027046,0.001,0.1678,0.2643,1,0.26428,0.3976,0.3976,119376,0
1778489533.76392,0.18798,-0.234973,0.632651,1,0.4193,0.6023,-0.09443,-0.256588,-0.043039,0.0007,0.1536,0.2651,1,0.26508,0.9094,0.9094,119376,0
1778489533.814109,0.189098,-0.227799,0.621837,1,0.4633,0.7005,-0.093312,-0.249415,-0.053853,0.0011,0.1628,0.2995,1,0.29953,0.4171,0.4171,119376,0
1778489533.864311,0.189939,-0.218628,0.607958,1,0.4487,0.652,-0.092471,-0.240244,-0.067732,0.0009,0.161,0.2869,1,0.28691,0.6048,0.6048,119376,0
1778489533.914394,0.191054,-0.208991,0.592628,1,0.4155,0.8326,-0.091357,-0.230606,-0.083062,0.0007,0.1403,0.2745,1,0.27448,0.7956,0.7956,119380,0
1778489533.964532,0.193376,-0.182489,0.566942,1,0.6038,0.7753,-0.089035,-0.204104,-0.108748,0.0011,0.1624,0.4403,2,0.22014,0.262,0.262,119388,0
1778489534.014692,0.195946,-0.165186,0.55737,1,0.4923,0.6966,-0.086465,-0.186801,-0.11832,0.0007,0.1777,0.3139,1,0.31391,1.0484,1.0484,119388,0
1778489534.064793,0.199307,-0.146703,0.550243,1,0.4565,0.6638,-0.083104,-0.168318,-0.125447,0.0008,0.1609,0.2947,1,0.29474,1.0753,1.0753,119388,0
1778489534.115082,0.206806,-0.10645,0.539299,1,0.5558,0.9423,-0.075605,-0.128066,-0.136391,0.0006,0.1553,0.3999,2,0.19993,0.3045,0.3045,119388,0
1778489534.165177,0.210573,-0.088646,0.534991,1,0.4405,0.6326,-0.071838,-0.110261,-0.140699,0.0008,0.172,0.2677,1,0.26769,0.8487,0.8487,119388,0
1778489534.215274,0.215879,-0.073243,0.530403,1,0.4742,0.6661,-0.066532,-0.094858,-0.145287,0.0008,0.1772,0.2963,1,0.29628,0.7175,0.7175,119388,0
1778489534.265377,0.220568,-0.060138,0.526825,1,0.423,0.6078,-0.061843,-0.081753,-0.148865,0.0009,0.156,0.2661,1,0.26613,0.5563,0.5563,119388,0
1778489534.315571,0.225934,-0.05,0.52159,1,0.4193,1.2799,-0.056477,-0.061864,-0.1541,0.0008,0.1701,0.2485,1,0.24846,0.5232,0.5232,119392,0
1778489534.365776,0.227175,-0.05,0.519797,1,0.3889,1.2578,-0.055235,-0.050616,-0.155893,0.0008,0.1385,0.2496,1,0.24963,0.3534,0.3534,119392,0
1778489534.415946,0.227916,-0.05,0.518933,1,0.4237,0.6131,-0.054495,-0.039202,-0.156757,0.001,0.1521,0.2707,1,0.27066,0.3509,0.3509,119392,0
1778489534.466041,0.228897,-0.05,0.519006,1,0.4362,3.2486,-0.053513,-0.027358,-0.156684,0.0008,0.1711,0.2644,1,0.26435,0.3566,0.3566,119392,0
1778489534.516616,0.232079,-0.05,0.521835,1,0.4611,0.6738,-0.050332,-0.013033,-0.153855,0.0009,0.1868,0.2734,1,0.27345,0.3814,0.3814,119392,0
1778489534.566881,0.233299,-0.05,0.5237,1,0.4177,0.5995,-0.049112,-0.011944,-0.15199,0.0007,0.1556,0.2614,1,0.26141,0.369,0.369,119392,0
1778489534.616937,0.232305,-0.05,0.525819,1,0.4756,0.6651,-0.050106,-0.012674,-0.149871,0.0008,0.17,0.3048,1,0.30484,0.3624,0.3624,119392,0
1778489534.667073,0.230836,-0.05,0.526749,1,0.481,0.6744,-0.051575,-0.014102,-0.148941,0.0009,0.1723,0.3078,1,0.30777,0.3483,0.3483,119392,0
1778489534.717163,0.228513,-0.05,0.525367,1,0.4165,0.6111,-0.053897,-0.017969,-0.150323,0.0007,0.1555,0.2603,1,0.26034,0.3441,0.3441,119396,0
1778489534.767955,0.227599,-0.05,0.524096,1,0.4631,0.6819,-0.054812,-0.019938,-0.151594,0.0004,0.1721,0.2906,1,0.2906,0.3383,0.3383,119396,0
1778489534.818071,0.227099,-0.05,0.522938,1,0.2921,0.4346,-0.055311,-0.022462,-0.152752,0.0006,0.1093,0.1822,1,0.18218,0.3372,0.3372,119396,0
1778489534.868556,0.225476,-0.05,0.522298,1,0.4492,0.6263,-0.056935,-0.026833,-0.153392,0.0009,0.1767,0.2716,1,0.27162,0.3314,0.3314,119396,0
1778489534.91873,0.224082,-0.05,0.52265,1,0.406,0.6055,-0.058329,-0.038346,-0.15304,0.0008,0.1448,0.2604,1,0.26038,0.3273,0.3273,119396,0
1778489534.968878,0.223183,-0.05,0.523907,1,0.288,0.4148,-0.059228,-0.043892,-0.151783,0.0004,0.1152,0.1725,1,0.17246,0.3185,0.3185,119396,0
1778489535.019034,0.222548,-0.05,0.525378,1,0.2744,0.3822,-0.059862,-0.049935,-0.150312,0.0003,0.103,0.1711,1,0.17107,0.3151,0.3151,119396,0
1778489535.069195,0.219797,-0.05,0.528102,1,0.2868,0.398,-0.062613,-0.057756,-0.147588,0.0004,0.1105,0.1759,1,0.17591,0.3298,0.3298,119396,0
1778489535.119347,0.216407,-0.060469,0.533279,1,0.2853,0.4173,-0.066003,-0.082085,-0.142411,0.0003,0.1099,0.1751,1,0.17508,0.3443,0.3443,119400,0
1778489535.169461,0.214718,-0.07581,0.536839,1,0.2863,0.4824,-0.067693,-0.097425,-0.138851,0.0003,0.1154,0.1706,1,0.17059,0.5095,0.5095,119400,0
1778489535.219682,0.21054,-0.093258,0.541966,1,0.6091,0.804,-0.07187,-0.114873,-0.133724,0.0006,0.2033,0.4052,1,0.40522,0.6972,0.6972,119400,0
1778489535.269774,0.2056,-0.111071,0.547535,1,0.4267,0.6095,-0.076811,-0.132686,-0.128155,0.0006,0.1607,0.2654,1,0.26538,0.8114,0.8114,119400,0
1778489535.319918,0.194411,-0.146167,0.55704,1,0.5996,0.7902,-0.088,-0.167782,-0.11865,0.0009,0.167,0.4317,2,0.21585,0.3307,0.3307,119412,0
1778489535.370008,0.187077,-0.16289,0.56118,1,0.4173,0.6029,-0.095334,-0.184505,-0.11451,0.0007,0.1526,0.264,1,0.26403,0.9135,0.9135,119412,0
1778489535.420327,0.17966,-0.178032,0.56486,1,0.4167,0.6203,-0.102751,-0.199648,-0.11083,0.0006,0.1431,0.273,1,0.273,0.9756,0.9756,119412,0
1778489535.470417,0.17132,-0.193182,0.568612,1,0.4448,0.6332,-0.11109,-0.214797,-0.107078,0.0005,0.1512,0.2931,1,0.29307,1.2512,1.2512,119412,0
1778489535.520517,0.154553,-0.227514,0.576106,1,0.5713,0.8122,-0.127858,-0.249129,-0.099584,0.0008,0.1555,0.4149,2,0.20746,0.3156,0.3156,119416,0
1778489535.570608,0.147245,-0.245464,0.579002,1,0.4312,0.675,-0.135165,-0.267079,-0.096688,0.0006,0.1644,0.2661,1,0.26614,2.016,2.016,119416,0
1778489535.6207,0.137378,-0.266953,0.582155,1,0.4446,0.7139,-0.145033,-0.288568,-0.093535,0.0006,0.1676,0.2764,1,0.27637,2.1192,2.1192,119416,0
1778489535.670794,0.125957,-0.28767,0.585342,1,0.8971,1.0691,-0.156454,-0.309285,-0.090348,0.0007,0.1692,0.7273,4,0.18182,1.1246,1.1246,119432,0
1778489535.720845,0.10388,-0.324172,0.590058,1,1.0377,1.2304,-0.178531,-0.345787,-0.085632,0.0005,0.1552,0.882,5,0.17639,1.3137,1.3137,119432,0
1778489535.770952,0.094262,-0.33878,0.591451,1,0.8909,1.0723,-0.188148,-0.360395,-0.084239,0.0007,0.1632,0.727,4,0.18175,2.3697,2.3697,119432,0
1778489535.821046,0.085584,-0.349145,0.592149,1,0.8959,1.0929,-0.196827,-0.37076,-0.083541,0.0008,0.1537,0.7414,4,0.18534,1.5342,1.5342,119432,0
1778489535.871154,0.078411,-0.356731,0.592208,1,0.8735,1.0655,-0.204,-0.378347,-0.083482,0.0007,0.1538,0.7191,4,0.17978,1.4768,1.4768,119432,0
1778489535.921251,0.074604,-0.365102,0.591113,1,0.8864,1.0689,-0.207807,-0.386718,-0.084577,0.0008,0.1665,0.719,4,0.17976,1.3577,1.3577,119436,0
1778489535.971339,0.076552,-0.363343,0.590351,1,0.8986,1.076,-0.205859,-0.384958,-0.085339,0.0005,0.1688,0.7293,4,0.18232,1.3928,1.3928,119436,0
1778489536.021437,0.080889,-0.357459,0.588947,1,0.8579,1.0441,-0.201522,-0.379074,-0.086743,0.0007,0.1506,0.7066,4,0.17664,1.5099,1.5099,119444,0
1778489536.071532,0.088252,-0.3504,0.587158,1,0.8709,1.0625,-0.194158,-0.372015,-0.088532,0.0006,0.1474,0.7229,4,0.18072,1.6429,1.6429,119444,0
1778489536.121618,0.107093,-0.33197,0.582404,1,0.8537,1.0289,-0.175317,-0.353586,-0.093286,0.0005,0.1459,0.7073,4,0.17683,1.5021,1.5021,119444,0
1778489536.171716,0.113993,-0.323873,0.580932,1,0.8604,1.0371,-0.168417,-0.345488,-0.094758,0.0007,0.2083,0.6514,4,0.16284,1.3794,1.3794,119444,0
1778489536.221835,0.128829,-0.303548,0.579055,1,0.942,1.1717,-0.153582,-0.325164,-0.096635,0.0006,0.229,0.7125,3,0.23748,1.2884,1.2884,119444,0
1778489536.271927,0.145224,-0.280432,0.578079,1,0.6304,0.8256,-0.137187,-0.302047,-0.097611,0.0006,0.2123,0.4176,2,0.20878,2.2938,2.2938,119444,0
1778489536.322015,0.177653,-0.231859,0.58126,1,0.7637,0.9835,-0.104758,-0.253475,-0.09443,0.0005,0.2565,0.5067,2,0.25333,0.34,0.34,119448,0
1778489536.372108,0.19374,-0.204817,0.583779,1,0.5876,0.7552,-0.08867,-0.226432,-0.091911,0.001,0.163,0.4236,2,0.21181,0.4666,0.4666,119448,0
1778489536.422201,0.206919,-0.179936,0.586263,1,0.4981,0.726,-0.075491,-0.201551,-0.089427,0.0008,0.1775,0.3198,1,0.31982,2.7924,2.7924,119448,0
1778489536.472352,0.220167,-0.148669,0.589452,1,0.5676,0.7443,-0.062243,-0.170284,-0.086238,0.0007,0.1456,0.4214,2,0.21068,0.5523,0.5523,119448,0
1778489536.522473,0.238819,-0.080662,0.594399,1,0.6046,0.8069,-0.043592,-0.102277,-0.081291,0.0007,0.1706,0.4333,2,0.21666,1.3156,1.3156,119448,0
1778489536.572565,0.244204,-0.05,0.596112,1,0.4934,0.6717,-0.038207,-0.067608,-0.079578,0.0008,0.1582,0.3344,1,0.33443,2.239,2.239,119460,0
1778489536.62266,0.247227,-0.05,0.597655,1,0.4496,0.6438,-0.035183,-0.033564,-0.078035,0.0005,0.168,0.281,1,0.28103,0.4964,0.4964,119460,0
1778489536.672736,0.246475,-0.05,0.597948,1,0.4686,0.6449,-0.035935,-0.004019,-0.077742,0.0009,0.1588,0.3089,1,0.30892,1.1026,1.1026,119460,0
1778489536.722848,0.239606,-0.05,0.597032,1,0.7051,0.9206,-0.042804,0.047303,-0.078658,0.0007,0.1853,0.5191,2,0.25955,0.5264,0.5264,119460,0
1778489536.772959,0.234289,-0.05,0.595191,1,0.4052,0.5847,-0.048122,0.065632,-0.080499,0.0009,0.1502,0.254,1,0.25399,0.812,0.812,119464,0
1778489536.823051,0.23038,-0.05,0.592712,1,0.476,0.6631,-0.05203,0.076528,-0.082978,0.0006,0.1586,0.3168,1,0.31678,0.5992,0.5992,119464,0
1778489536.873159,0.228108,-0.05,0.590759,1,0.4154,0.6126,-0.054303,0.08314,-0.084931,0.001,0.1527,0.2616,1,0.26163,0.639,0.639,119464,0
1778489536.923516,0.22617,-0.05,0.587724,1,0.4168,0.6082,-0.056241,0.084844,-0.087966,0.0008,0.1451,0.2709,1,0.27086,0.5431,0.5431,119464,0
1778489536.973617,0.226848,-0.05,0.587313,1,0.4858,0.6918,-0.055562,0.081772,-0.088377,0.0006,0.1737,0.3115,1,0.31149,0.5478,0.5478,119464,0
1778489537.02372,0.227604,-0.05,0.587781,1,0.4148,0.6085,-0.054807,0.078125,-0.087909,0.0007,0.1492,0.2648,1,0.26483,0.5509,0.5509,119464,0
1778489537.073822,0.228301,-0.05,0.588879,1,0.4546,0.6474,-0.05411,0.073522,-0.086811,0.0008,0.1677,0.2861,1,0.28609,0.5566,0.5566,119464,0
1778489537.12391,0.229775,-0.05,0.591546,1,0.4,0.5981,-0.052635,0.06968,-0.084144,0.0008,0.1403,0.2589,1,0.25893,0.5714,0.5714,119468,0
1778489537.174019,0.230253,-0.05,0.592578,1,0.4375,0.6243,-0.052157,0.069508,-0.083112,0.0008,0.1702,0.2665,1,0.26651,0.5537,0.5537,119468,0
1778489537.224107,0.230603,-0.05,0.593274,1,0.435,0.6248,-0.051808,0.070354,-0.082416,0.0008,0.1603,0.2739,1,0.27388,0.551,0.551,119468,0
1778489537.274197,0.230706,-0.05,0.593524,1,0.4683,0.6482,-0.051705,0.071078,-0.082166,0.0006,0.1626,0.3051,1,0.30507,0.5472,0.5472,119468,0
1778489537.324289,0.230823,-0.05,0.593662,1,0.4452,0.6412,-0.051587,0.072201,-0.082028,0.0007,0.1618,0.2828,1,0.28276,0.5446,0.5446,119468,0
1778489537.37438,0.230972,-0.05,0.593524,1,0.4181,0.5952,-0.051438,0.072759,-0.082166,0.0006,0.1473,0.2702,1,0.2702,0.5419,0.5419,119468,0
1778489537.424494,0.231894,-0.05,0.593111,1,0.4725,0.6824,-0.050517,0.073155,-0.082579,0.0008,0.1637,0.308,1,0.30803,0.5416,0.5416,119468,0
1778489537.474584,0.233254,-0.05,0.592427,1,0.4775,0.6549,-0.049157,0.073363,-0.083263,0.0009,0.1779,0.2987,1,0.29866,0.5425,0.5425,119468,0
1778489537.524681,0.235179,-0.05,0.59113,1,0.4298,0.6262,-0.047232,0.074684,-0.08456,0.0005,0.156,0.2733,1,0.27331,0.5444,0.5444,119472,0
1778489537.574773,0.235731,-0.05,0.590419,1,0.4403,0.6224,-0.04668,0.075646,-0.085271,0.0007,0.1646,0.275,1,0.27498,0.543,0.543,119472,0
1778489537.624889,0.236483,-0.05,0.589624,1,0.5104,0.7187,-0.045927,0.07709,-0.086066,0.001,0.1747,0.3348,1,0.33476,0.5442,0.5442,119484,0
1778489537.674984,0.236859,-0.05,0.588966,1,0.4343,0.601,-0.045551,0.077792,-0.086724,0.0007,0.1612,0.2724,1,0.27236,0.5446,0.5446,119484,0
1778489537.725083,0.237208,-0.05,0.587806,1,0.4974,1.141,-0.045203,0.077683,-0.087884,0.0007,0.1687,0.3279,1,0.32791,0.5444,0.5444,119488,0
1778489537.775173,0.237346,-0.05,0.587061,1,0.433,0.6773,-0.045064,0.076902,-0.088629,0.0005,0.1565,0.276,1,0.27596,0.543,0.543,119488,0
1778489537.825287,0.237681,-0.05,0.58619,1,0.5603,0.7912,-0.04473,0.07574,-0.0895,0.0008,0.1986,0.3608,1,0.36079,0.5419,0.5419,119488,0
1778489537.875387,0.237121,-0.05,0.585387,1,0.5251,1.6826,-0.04529,0.073881,-0.090303,0.0009,0.1769,0.3473,1,0.34732,0.5361,0.5361,119492,0
1778489537.925476,0.23656,-0.05,0.583349,1,0.4428,0.6171,-0.045851,0.067373,-0.092341,0.0005,0.1545,0.2877,1,0.28772,0.539,0.539,119492,0
1778489537.975629,0.2356,-0.05,0.582566,1,0.494,3.1804,-0.04681,0.063404,-0.093124,0.0007,0.1846,0.3087,1,0.30866,0.5242,0.5242,119492,0
1778489538.025723,0.235598,-0.05,0.581786,1,0.4178,0.6235,-0.046812,0.060339,-0.093904,0.0007,0.1497,0.2673,1,0.26734,0.5302,0.5302,119492,0
1778489538.075999,0.235802,-0.05,0.580723,1,0.4368,1.6953,-0.046608,0.057925,-0.094967,0.0009,0.1681,0.2679,1,0.26785,0.5299,0.5299,119492,0
1778489538.126397,0.234798,-0.05,0.579758,1,0.4655,0.9289,-0.047613,0.056683,-0.095932,0.0006,0.1667,0.2983,1,0.29825,0.5257,0.5257,119492,0
1778489538.176565,0.234756,-0.05,0.579369,1,0.4532,0.6422,-0.047655,0.056815,-0.096321,0.001,0.1804,0.2718,1,0.27178,0.5274,0.5274,119492,0
1778489538.226749,0.234112,-0.05,0.579198,1,0.4398,0.6389,-0.048299,0.056298,-0.096492,0.0009,0.1685,0.2704,1,0.27044,0.5308,0.5308,119492,0
1778489538.277037,0.232602,-0.05,0.578604,1,0.3741,0.5308,-0.049809,0.050687,-0.097086,0.0004,0.1157,0.258,1,0.25795,0.5303,0.5303,119496,0
1778489538.327147,0.231233,-0.05,0.577903,1,0.2926,0.4237,-0.051177,0.047203,-0.097787,0.0004,0.1111,0.1811,1,0.18112,0.5311,0.5311,119496,0
1778489538.377287,0.229667,-0.05,0.577081,1,0.2851,0.3924,-0.052743,0.044481,-0.098609,0.0003,0.1064,0.1785,1,0.17846,0.5306,0.5306,119496,0
1778489538.428898,0.228619,-0.05,0.576066,1,0.2949,0.4264,-0.053792,0.042373,-0.099624,0.0004,0.1121,0.1824,1,0.18242,0.5311,0.5311,119496,0
1778489538.479017,0.227775,-0.05,0.575009,1,0.4292,0.623,-0.054635,0.041526,-0.100681,0.001,0.1511,0.277,1,0.27704,0.5459,0.5459,119496,0
1778489538.529137,0.22778,-0.05,0.574528,1,0.4434,0.6586,-0.054631,0.042308,-0.101162,0.0008,0.1613,0.2813,1,0.28133,0.5486,0.5486,119496,0
1778489538.579235,0.227609,-0.05,0.574208,1,0.4386,0.6302,-0.054801,0.043794,-0.101482,0.001,0.1608,0.2768,1,0.27679,0.5752,0.5752,119496,0
1778489538.629334,0.225843,-0.05,0.574728,1,0.495,0.6753,-0.056567,0.046802,-0.100962,0.0008,0.1718,0.3224,1,0.32239,0.6793,0.6793,119504,0
1778489538.679448,0.224284,-0.05,0.574976,1,0.4889,0.7012,-0.058126,0.052144,-0.100714,0.0009,0.1707,0.3173,1,0.31729,1.0568,1.0568,119508,0
1778489538.729634,0.22038,-0.05,0.576106,1,0.5271,0.7592,-0.062031,0.059737,-0.099584,0.0011,0.1977,0.3283,1,0.32831,1.0759,1.0759,119508,0
1778489538.779843,0.220252,-0.05,0.573997,1,0.4326,0.6187,-0.062159,0.06431,-0.101693,0.0009,0.1592,0.2725,1,0.27248,1.0707,1.0707,119508,0
1778489538.829982,0.221939,-0.05,0.570101,1,0.4382,0.633,-0.060472,0.066606,-0.105589,0.0009,0.1537,0.2835,1,0.28348,1.1448,1.1448,119508,0
1778489538.880091,0.222862,-0.05,0.56042,1,0.6469,0.8425,-0.059548,0.072441,-0.11527,0.0008,0.1666,0.4795,2,0.23977,2.8287,2.8287,119508,0
1778489538.930194,0.22411,-0.05,0.55561,0,21.6585,24.8967,-0.058301,0.075334,-0.12008,0.001,0.1607,21.4968,250,0.08599,31.4612,31.4612,119508,0
1778489538.980303,0.226133,-0.05,0.552646,0,20.2727,24.4033,-0.056278,0.074332,-0.123044,0.0009,0.1788,20.0931,250,0.08037,46.2866,46.2866,119508,0
1778489539.030401,0.227409,-0.05,0.551433,0,21.6056,23.1563,-0.055002,0.07187,-0.124257,0.0007,0.1441,21.4608,250,0.08584,57.5717,57.5717,119508,0
1778489539.080505,0.227352,-0.05,0.553425,0,16.9095,17.7403,-0.055058,0.063595,-0.122265,0.0007,0.1623,16.7465,250,0.06699,67.1686,67.1686,119512,0
1778489539.131072,0.227737,-0.05,0.554578,0,22.1816,23.7914,-0.054673,0.059673,-0.121112,0.0006,0.123,22.058,250,0.08823,71.1921,71.1921,119512,0
1778489539.181165,0.228031,-0.05,0.556661,0,20.6601,21.488,-0.054379,0.054201,-0.119029,0.0009,0.1635,20.4957,250,0.08198,74.9124,74.9124,119524,0
1778489539.231362,0.229052,-0.05,0.560442,0,21.6105,22.9806,-0.053358,0.048748,-0.115248,0.0007,0.1567,21.4531,250,0.08581,69.9373,69.9373,119524,0
1778489539.281537,0.227321,-0.05,0.581504,1,0.3705,0.5188,-0.055089,0.028556,-0.094186,0.0006,0.1239,0.246,1,0.24603,2.5349,2.5349,119524,0
1778489539.331705,0.226917,-0.05,0.591575,1,0.6567,0.8777,-0.055493,0.011991,-0.084115,0.0012,0.1677,0.4877,2,0.24387,1.0586,1.0586,119524,0
1778489539.38194,0.229507,-0.05,0.595383,1,0.4324,0.6306,-0.052903,-0.008516,-0.080307,0.0009,0.1598,0.2717,1,0.27168,1.6893,1.6893,119524,0
1778489539.432109,0.234804,-0.05,0.591181,1,0.6308,0.8267,-0.047607,-0.029862,-0.084509,0.0012,0.1759,0.4538,2,0.22689,0.6734,0.6734,119524,0
1778489539.482296,0.226312,-0.05,0.580851,1,0.5703,0.7556,-0.056098,-0.050946,-0.094839,0.0009,0.1409,0.4285,2,0.21425,0.4639,0.4639,119528,0
1778489539.532395,0.218938,-0.05,0.578162,1,0.433,0.6139,-0.063473,-0.055006,-0.097528,0.0006,0.1543,0.2781,1,0.2781,0.3744,0.3744,119528,0
1778489539.582586,0.214762,-0.05,0.577026,1,0.4394,0.6306,-0.067649,-0.055353,-0.098664,0.001,0.1756,0.2629,1,0.26288,0.3783,0.3783,119528,0
1778489539.63277,0.21281,-0.05,0.575863,1,0.4205,0.6112,-0.069601,-0.055333,-0.099827,0.001,0.1548,0.2648,1,0.26478,0.3975,0.3975,119528,0
1778489539.682862,0.213189,-0.05,0.573058,1,0.4964,0.6934,-0.069222,-0.057639,-0.102632,0.0009,0.1823,0.3133,1,0.3133,0.4232,0.4232,119528,0
1778489539.733089,0.211936,-0.05,0.572329,1,0.421,0.6088,-0.070474,-0.058879,-0.103361,0.0009,0.1648,0.2553,1,0.25531,0.3928,0.3928,119528,0
1778489539.783307,0.211183,-0.05,0.572432,1,0.4932,0.6758,-0.071228,-0.059399,-0.103258,0.0009,0.1684,0.3239,1,0.32393,0.4032,0.4032,119528,0
1778489539.833565,0.212453,-0.05,0.572264,1,0.4445,0.6476,-0.069957,-0.060777,-0.103426,0.0012,0.1733,0.2701,1,0.27007,0.4063,0.4063,119528,0
1778489539.883794,0.211836,-0.05,0.570708,1,0.4635,0.6733,-0.070575,-0.062487,-0.104982,0.0011,0.168,0.2944,1,0.29439,0.403,0.403,119532,0
1778489539.933955,0.211171,-0.05,0.569367,1,0.4199,0.6079,-0.071239,-0.063649,-0.106323,0.001,0.1519,0.2669,1,0.2669,0.4021,0.4021,119532,0
1778489539.984051,0.210587,-0.05,0.567892,1,0.4739,0.6603,-0.071823,-0.065253,-0.107797,0.0008,0.173,0.3001,1,0.30007,0.4009,0.4009,119532,0
1778489540.034215,0.210145,-0.05,0.566312,1,0.4384,1.3697,-0.072265,-0.067111,-0.109378,0.0008,0.1643,0.2733,1,0.27329,0.4036,0.4036,119532,0
1778489540.084398,0.209662,-0.050667,0.562207,1,0.4369,0.6375,-0.072749,-0.072282,-0.113483,0.0009,0.1552,0.2808,1,0.28078,0.4143,0.4143,119532,0
1778489540.134564,0.209527,-0.054117,0.559625,1,0.436,0.6274,-0.072883,-0.075732,-0.116065,0.0007,0.1786,0.2567,1,0.25671,0.3828,0.3828,119532,0
1778489540.184726,0.208616,-0.05736,0.557149,1,0.446,0.6327,-0.073795,-0.078976,-0.118541,0.0012,0.1737,0.2711,1,0.27106,0.3701,0.3701,119532,0
1778489540.235257,0.206743,-0.065082,0.551654,1,0.4603,0.6571,-0.075668,-0.086698,-0.124036,0.0008,0.1643,0.2952,1,0.29516,0.3087,0.3087,119544,0
1778489540.285357,0.205763,-0.071444,0.546892,1,0.4642,0.6541,-0.076648,-0.093059,-0.128798,0.001,0.1675,0.2956,1,0.2956,0.3182,0.3182,119544,0
1778489540.335599,0.203846,-0.077798,0.5424,1,0.4441,3.1222,-0.078565,-0.099414,-0.13329,0.001,0.1755,0.2676,1,0.26763,0.2726,0.2726,119552,0
1778489540.385801,0.200983,-0.083741,0.538744,1,0.4138,1.0651,-0.081427,-0.105357,-0.136946,0.0008,0.1511,0.2618,1,0.26182,0.2239,0.2239,119552,0
1778489540.435853,0.194737,-0.097806,0.532169,1,0.4211,1.0537,-0.087673,-0.119422,-0.143521,0.0007,0.1526,0.2678,1,0.26785,0.5011,0.5011,119552,0
1778489540.486144,0.191641,-0.105017,0.530169,1,0.445,1.2905,-0.09077,-0.126632,-0.145521,0.0007,0.1604,0.2839,1,0.28389,0.1464,0.1464,119552,0
1778489540.536249,0.187984,-0.113213,0.528198,1,0.4448,1.3181,-0.094426,-0.134828,-0.147492,0.001,0.1578,0.2861,1,0.28605,0.1229,0.1229,119552,0
1778489540.58649,0.183515,-0.121684,0.525677,1,0.4143,0.7404,-0.098896,-0.143299,-0.150013,0.0006,0.1429,0.2708,1,0.27081,0.14,0.14,119552,0
1778489540.63659,0.173194,-0.141439,0.51974,1,0.476,0.6708,-0.109216,-0.163055,-0.15595,0.0006,0.183,0.2924,1,0.29239,1.2397,1.2397,119552,0
1778489540.688638,0.167513,-0.152187,0.516642,1,0.4566,0.6561,-0.114897,-0.173802,-0.159048,0.0009,0.1748,0.2809,1,0.28087,0.3019,0.3019,119556,0
1778489540.739085,0.160476,-0.162788,0.513735,1,0.4563,0.6806,-0.121935,-0.184403,-0.161955,0.0009,0.161,0.2944,1,0.29437,0.3607,0.3607,119556,0
1778489540.789197,0.152787,-0.171966,0.511349,1,0.5374,0.7617,-0.129624,-0.193582,-0.16434,0.0011,0.2002,0.3361,1,0.33608,0.353,0.353,119556,0
1778489540.839379,0.132656,-0.19526,0.505366,1,0.4839,0.6851,-0.149754,-0.216875,-0.170323,0.0011,0.1734,0.3094,1,0.30945,2.8812,2.8812,119556,0
1778489540.889536,0.124099,-0.203852,0.503691,1,0.44,0.631,-0.158312,-0.225468,-0.171999,0.0011,0.1554,0.2835,1,0.28354,0.4825,0.4825,119556,0
1778489540.939776,0.114338,-0.21268,0.502814,1,0.4946,0.7105,-0.168072,-0.234295,-0.172876,0.0012,0.1741,0.3192,1,0.31921,0.6883,0.6883,119564,0
1778489540.990071,0.104617,-0.222182,0.502284,1,0.4524,0.6649,-0.177794,-0.243797,-0.173406,0.0008,0.1733,0.2783,1,0.27834,0.8276,0.8276,119564,0
1778489541.04017,0.085385,-0.239292,0.502954,1,0.4613,0.6694,-0.197025,-0.260907,-0.172736,0.0011,0.1659,0.2944,1,0.29438,2.6098,2.6098,119564,0
1778489541.090414,0.07593,-0.247354,0.503532,1,0.4428,0.628,-0.206481,-0.268969,-0.172158,0.001,0.1546,0.2872,1,0.28721,0.5254,0.5254,119564,0
1778489541.140513,0.068443,-0.25364,0.503911,1,0.4501,0.6536,-0.213967,-0.275256,-0.171779,0.0011,0.1582,0.2909,1,0.2909,0.4862,0.4862,119568,0
1778489541.190609,0.062099,-0.25867,0.504277,1,0.4814,0.6551,-0.220311,-0.280286,-0.171413,0.0007,0.1904,0.2903,1,0.29032,0.6285,0.6285,119568,0
1778489541.240721,0.050871,-0.268731,0.503725,1,0.4464,0.6605,-0.23154,-0.290346,-0.171965,0.0008,0.1707,0.2749,1,0.27488,0.8966,0.8966,119568,0
1778489541.290896,0.04552,-0.273875,0.502556,1,0.4152,0.5986,-0.23689,-0.29549,-0.173134,0.0012,0.1472,0.2668,1,0.26679,1.0675,1.0675,119568,0
1778489541.341086,0.041562,-0.276573,0.501705,1,0.433,0.6317,-0.240849,-0.298188,-0.173985,0.0008,0.1584,0.2738,1,0.27378,1.7362,1.7362,119568,0
1778489541.391382,0.038781,-0.277691,0.500844,1,0.458,0.6465,-0.24363,-0.299306,-0.174846,0.0007,0.1683,0.289,1,0.28896,2.2519,2.2519,119568,0
1778489541.441545,0.039386,-0.277194,0.499654,1,0.4473,0.6582,-0.243025,-0.29881,-0.176036,0.0009,0.1644,0.2821,1,0.28206,2.6386,2.6386,119568,0
1778489541.491718,0.042804,-0.27433,0.500619,1,0.4774,0.6559,-0.239606,-0.295945,-0.175071,0.0004,0.1912,0.2858,1,0.28581,2.4337,2.4337,119572,0
1778489541.5419,0.049349,-0.270565,0.502681,1,0.4688,0.6662,-0.233061,-0.29218,-0.173009,0.0008,0.1725,0.2955,1,0.29549,2.1176,2.1176,119572,0
1778489541.59211,0.059674,-0.263025,0.507722,1,0.4321,0.6375,-0.222736,-0.28464,-0.167968,0.0011,0.1564,0.2746,1,0.2746,1.7207,1.7207,119572,0
1778489541.642219,0.085515,-0.220219,0.519842,1,0.6065,0.7976,-0.196896,-0.241834,-0.155847,0.0007,0.1588,0.447,2,0.22352,0.9576,0.9576,119584,0
1778489541.692441,0.087843,-0.207947,0.521802,1,0.4608,0.6612,-0.194567,-0.229562,-0.153888,0.0009,0.1652,0.2947,1,0.29473,2.513,2.513,119584,0
1778489541.742612,0.09101,-0.202407,0.526813,1,0.4421,0.6393,-0.191401,-0.224022,-0.148877,0.0009,0.1671,0.2741,1,0.27414,1.2627,1.2627,119584,0
1778489541.792818,0.095699,-0.198755,0.52855,1,24.8537,26.4073,-0.186712,-0.22037,-0.14714,0.0011,0.1551,24.6975,250,0.09879,6.4464,6.4464,119584,0
1778489541.842985,0.102416,-0.185295,0.517449,0,20.8351,21.7489,-0.179994,-0.20691,-0.158241,0.0008,0.1533,20.681,250,0.08272,72.5536,72.5536,119584,0
1778489541.893177,0.103256,-0.182687,0.516704,0,21.2663,22.1877,-0.179154,-0.204302,-0.158986,0.0009,0.1799,21.0855,250,0.08434,75.1329,75.1329,119588,0
1778489541.943375,0.10364,-0.18156,0.516251,0,20.6467,24.1692,-0.178771,-0.203175,-0.159439,0.0006,0.121,20.5251,250,0.0821,78.6846,78.6846,119588,0
1778489541.99352,0.103236,-0.181317,0.515132,0,21.5348,25.1546,-0.179174,-0.202932,-0.160557,0.0007,0.147,21.3871,250,0.08555,81.7656,81.7656,119588,0
1778489542.04367,0.101501,-0.182869,0.516284,0,20.6957,23.5703,-0.180909,-0.204485,-0.159406,0.0005,0.1611,20.5341,250,0.08214,83.8886,83.8886,119600,0
1778489542.093888,0.10087,-0.185751,0.520232,0,21.933,25.0732,-0.18154,-0.207367,-0.155458,0.0008,0.1732,21.759,250,0.08704,77.0834,77.0834,119600,0
1778489542.144067,0.097536,-0.188751,0.531146,0,21.2419,24.5762,-0.184875,-0.210367,-0.144544,0.0007,0.1668,21.0744,250,0.0843,49.2493,49.2493,119600,0
1778489542.194273,0.091393,-0.194887,0.54755,1,0.5433,1.3577,-0.191018,-0.216503,-0.12814,0.0009,0.1426,0.3998,2,0.19992,1.3698,1.3698,119600,0
1778489542.244361,0.082235,-0.23434,0.568505,1,0.916,1.1027,-0.200176,-0.255956,-0.107185,0.0008,0.1555,0.7598,5,0.15195,1.5625,1.5625,119600,0
1778489542.294543,0.079838,-0.242603,0.565012,1,0.4654,0.6612,-0.202572,-0.264218,-0.110678,0.0008,0.1713,0.2933,1,0.29335,2.0605,2.0605,119604,0
1778489542.344745,0.077978,-0.243803,0.561368,1,0.4081,0.6067,-0.204433,-0.265418,-0.114322,0.0008,0.1421,0.2653,1,0.26527,1.7551,1.7551,119604,0
1778489542.394857,0.077645,-0.245787,0.556799,1,0.4174,3.9793,-0.204766,-0.267402,-0.118891,0.0008,0.1437,0.2729,1,0.27295,1.7382,1.7382,119604,0
1778489542.445053,0.077822,-0.241225,0.550593,1,0.4337,0.6265,-0.204588,-0.26284,-0.125097,0.0008,0.1628,0.2701,1,0.27006,1.2995,1.2995,119604,0
1778489542.495222,0.077558,-0.236626,0.548555,1,0.4476,0.6576,-0.204852,-0.258241,-0.127135,0.0009,0.1684,0.2783,1,0.2783,1.135,1.135,119604,0
1778489542.545393,0.078293,-0.237529,0.546532,1,0.4581,1.314,-0.204117,-0.259145,-0.129158,0.0008,0.1721,0.2851,1,0.28509,1.2377,1.2377,119604,0
1778489542.595604,0.07926,-0.237268,0.545746,1,0.4429,1.266,-0.203151,-0.258884,-0.129944,0.001,0.1755,0.2664,1,0.26638,1.3539,1.3539,119604,0
1778489542.645775,0.080257,-0.235694,0.546442,1,0.4442,1.279,-0.202153,-0.257309,-0.129248,0.0012,0.1695,0.2735,1,0.27348,1.3347,1.3347,119604,0
1778489542.696069,0.081588,-0.234927,0.546795,1,0.4228,0.613,-0.200822,-0.256542,-0.128895,0.0009,0.15,0.2719,1,0.27186,1.3432,1.3432,119608,0
1778489542.74616,0.081369,-0.231272,0.547699,1,0.4402,1.248,-0.201041,-0.252887,-0.127991,0.0007,0.1668,0.2727,1,0.27266,1.1879,1.1879,119608,0
1778489542.796754,0.081837,-0.224491,0.549171,1,0.4271,2.8769,-0.200573,-0.246107,-0.126519,0.0006,0.1468,0.2797,1,0.27971,0.8458,0.8458,119608,0
1778489542.846914,0.084073,-0.21665,0.550572,1,0.4412,0.9029,-0.198337,-0.238265,-0.125118,0.0008,0.1623,0.278,1,0.27804,1.159,1.159,119608,0
1778489542.897125,0.086425,-0.207931,0.551103,1,0.4049,0.5805,-0.195986,-0.229546,-0.124586,0.0009,0.1434,0.2605,1,0.26051,1.9237,1.9237,119608,0
1778489542.947224,0.09078,-0.205422,0.550012,1,0.4294,0.6399,-0.19163,-0.227037,-0.125678,0.0008,0.1549,0.2736,1,0.27361,1.2717,1.2717,119608,0
1778489542.997314,0.097086,-0.196766,0.547577,1,0.4451,0.6479,-0.185325,-0.218382,-0.128113,0.0006,0.1541,0.2903,1,0.29035,1.4132,1.4132,119608,0
1778489543.0474,0.100214,-0.193702,0.545578,1,0.5212,0.7585,-0.182196,-0.215317,-0.130112,0.001,0.1766,0.3437,1,0.34365,1.0513,1.0513,119608,0
1778489543.097565,0.102067,-0.192765,0.544138,1,0.4189,0.6198,-0.180344,-0.214381,-0.131552,0.0008,0.1462,0.2719,1,0.27189,0.9944,0.9944,119612,0
1778489543.147785,0.103153,-0.194059,0.54355,1,0.4487,0.6377,-0.179258,-0.215674,-0.13214,0.001,0.154,0.2936,1,0.29363,0.9221,0.9221,119624,0
1778489543.197958,0.107281,-0.193393,0.540069,1,0.4875,0.6914,-0.17513,-0.215008,-0.135621,0.0008,0.1703,0.3164,1,0.3164,0.9077,0.9077,119624,0
1778489543.248053,0.109813,-0.195753,0.538078,1,0.4559,0.664,-0.172598,-0.217368,-0.137612,0.0009,0.1723,0.2826,1,0.28261,0.9509,0.9509,119624,0
1778489543.298157,0.112639,-0.19836,0.535518,1,0.4566,0.6843,-0.169771,-0.219975,-0.140172,0.0008,0.1576,0.2982,1,0.2982,0.9201,0.9201,119624,0
1778489543.349188,0.117167,-0.199727,0.53075,1,0.4335,0.6356,-0.165243,-0.221343,-0.14494,0.001,0.1567,0.2758,1,0.27577,0.8488,0.8488,119624,0
1778489543.399292,0.128104,-0.201614,0.516534,1,0.4536,0.6542,-0.154307,-0.223229,-0.159156,0.0007,0.1613,0.2917,1,0.29168,0.4017,0.4017,119624,0
1778489543.449397,0.132142,-0.201822,0.508366,1,0.4579,0.6643,-0.150269,-0.223438,-0.167324,0.001,0.1725,0.2844,1,0.28436,0.7838,0.7838,119624,0
1778489543.499494,0.136621,-0.201659,0.49801,1,0.442,0.6481,-0.145789,-0.223275,-0.17768,0.0009,0.1566,0.2845,1,0.28449,0.6732,0.6732,119628,0
1778489543.549664,0.139843,-0.203591,0.489899,1,0.4398,0.6316,-0.142568,-0.225206,-0.185791,0.0009,0.1738,0.265,1,0.26504,0.7902,0.7902,119628,0
1778489543.599759,0.145092,-0.206095,0.476486,1,0.4645,0.6495,-0.137318,-0.22771,-0.199204,0.0009,0.173,0.2906,1,0.29061,0.6988,0.6988,119628,0
1778489543.649942,0.14704,-0.206597,0.471357,1,0.4891,0.6927,-0.135371,-0.228213,-0.204333,0.0009,0.1784,0.3099,1,0.30989,0.7197,0.7197,119628,0
1778489543.700048,0.148901,-0.204528,0.466438,1,0.4164,0.6111,-0.133509,-0.226143,-0.209252,0.0008,0.1489,0.2667,1,0.26673,0.6454,0.6454,119628,0
1778489543.750179,0.150934,-0.198896,0.461674,1,0.5173,0.7438,-0.131476,-0.220511,-0.214016,0.0012,0.1926,0.3235,1,0.32354,0.5327,0.5327,119628,0
1778489543.800251,0.157,-0.178983,0.454149,1,0.4501,0.6587,-0.125411,-0.200598,-0.221541,0.0007,0.1668,0.2826,1,0.28263,0.7619,0.7619,119628,0
1778489543.850375,0.159525,-0.168235,0.452406,1,0.4735,0.6618,-0.122886,-0.189851,-0.223284,0.0011,0.181,0.2914,1,0.29138,0.529,0.529,119628,0
1778489543.900578,0.160314,-0.156764,0.451955,1,0.4419,0.6378,-0.122096,-0.178379,-0.223735,0.001,0.1684,0.2726,1,0.27256,0.6115,0.6115,119632,0
1778489543.950695,0.15992,-0.147284,0.451675,1,0.4934,0.7065,-0.122491,-0.1689,-0.224015,0.001,0.1892,0.3033,1,0.30329,0.7092,0.7092,119632,0
1778489544.000875,0.159147,-0.141355,0.448648,1,0.5105,0.6939,-0.123264,-0.162971,-0.227042,0.0008,0.1751,0.3346,1,0.33462,0.7729,0.7729,119640,0
1778489544.051041,0.158678,-0.139986,0.444384,1,0.4215,0.6126,-0.123732,-0.161602,-0.231306,0.0009,0.15,0.2706,1,0.27062,0.8856,0.8856,119640,0
1778489544.10114,0.160841,-0.140508,0.440983,1,0.417,0.6187,-0.12157,-0.162124,-0.234707,0.0008,0.1499,0.2663,1,0.26626,1.2319,1.2319,119640,0
1778489544.151344,0.162409,-0.13979,0.4388,1,0.4516,0.6547,-0.120001,-0.161405,-0.23689,0.001,0.1643,0.2863,1,0.2863,0.8355,0.8355,119640,0
1778489544.201437,0.165813,-0.135151,0.435342,1,0.4265,0.6204,-0.116597,-0.156766,-0.240348,0.0007,0.152,0.2737,1,0.27368,0.7964,0.7964,119640,0
1778489544.251615,0.167626,-0.134032,0.433531,1,0.4472,0.6352,-0.114784,-0.155647,-0.242159,0.001,0.1743,0.2718,1,0.2718,0.7091,0.7091,119640,0
1778489544.301774,0.167931,-0.133742,0.431855,1,0.4428,0.6412,-0.11448,-0.155357,-0.243835,0.0008,0.1629,0.2791,1,0.27914,0.6657,0.6657,119644,0
1778489544.351993,0.16904,-0.133453,0.429588,1,0.4829,0.706,-0.11337,-0.155069,-0.246102,0.0009,0.1822,0.2999,1,0.29987,0.6489,0.6489,119644,0
1778489544.402204,0.172291,-0.134088,0.424372,1,0.4434,0.6605,-0.110119,-0.155704,-0.251318,0.0009,0.1652,0.2772,1,0.27723,0.6904,0.6904,119644,0
1778489544.452306,0.171542,-0.133724,0.422565,1,0.4874,0.6837,-0.110869,-0.155339,-0.253125,0.0007,0.1735,0.3132,1,0.31319,0.6731,0.6731,119644,0
1778489544.502493,0.168594,-0.1326,0.422077,1,0.4438,0.6316,-0.113816,-0.154215,-0.253613,0.0009,0.1573,0.2857,1,0.28567,0.6703,0.6703,119644,0
1778489544.552674,0.16504,-0.131436,0.422129,1,0.4729,0.6754,-0.11737,-0.153051,-0.253561,0.0009,0.1834,0.2886,1,0.28864,0.6921,0.6921,119644,0
1778489544.602856,0.158315,-0.129653,0.422296,1,0.4292,0.6254,-0.124096,-0.151269,-0.253394,0.0009,0.1638,0.2646,1,0.26456,0.7322,0.7322,119644,0
1778489544.653085,0.155338,-0.129884,0.421898,1,0.2805,0.4039,-0.127073,-0.151499,-0.253792,0.0004,0.1097,0.1705,1,0.17045,0.7109,0.7109,119644,0
1778489544.703157,0.154509,-0.133675,0.422606,1,0.2825,0.3952,-0.127902,-0.15529,-0.253084,0.0003,0.1081,0.1741,1,0.17411,0.7169,0.7169,119652,0
1778489544.753398,0.154178,-0.138172,0.42267,1,0.2829,0.3968,-0.128233,-0.159787,-0.25302,0.0003,0.1077,0.1749,1,0.17487,0.6044,0.6044,119652,0
1778489544.803604,0.150887,-0.141871,0.421724,1,0.4359,0.6121,-0.131523,-0.163487,-0.253966,0.0008,0.1583,0.2768,1,0.27675,0.5277,0.5277,119664,0
1778489544.853935,0.149523,-0.144621,0.419733,1,0.2851,0.4149,-0.132887,-0.166237,-0.255957,0.0003,0.1106,0.1742,1,0.17415,0.4666,0.4666,119664,0
1778489544.904102,0.148507,-0.143528,0.417446,1,0.283,0.3947,-0.133904,-0.165143,-0.258244,0.0003,0.1086,0.1741,1,0.17409,0.4445,0.4445,119664,0
1778489544.954204,0.147688,-0.140617,0.415997,1,0.2843,1.1549,-0.134723,-0.162232,-0.259693,0.0003,0.108,0.176,1,0.17605,0.4286,0.4286,119664,0
1778489545.004352,0.149809,-0.141725,0.41485,1,0.2839,0.3955,-0.132601,-0.16334,-0.26084,0.0003,0.1092,0.1744,1,0.17442,0.4027,0.4027,119664,0
1778489545.054469,0.150488,-0.141861,0.41589,1,0.448,0.6548,-0.131923,-0.163476,-0.2598,0.0009,0.1666,0.2806,1,0.28058,0.3841,0.3841,119664,0
1778489545.104632,0.150399,-0.142827,0.418296,1,0.4396,0.624,-0.132012,-0.164442,-0.257394,0.0009,0.1724,0.2663,1,0.2663,0.3516,0.3516,119668,0
1778489545.155223,0.14989,-0.143322,0.422905,1,0.48,0.6782,-0.13252,-0.164937,-0.252785,0.0009,0.1603,0.3187,1,0.31873,0.3214,0.3214,119668,0
1778489545.205327,0.148998,-0.144725,0.424298,1,0.4357,0.6246,-0.133413,-0.166341,-0.251392,0.0007,0.157,0.278,1,0.27799,0.2802,0.2802,119668,0
1778489545.255514,0.147713,-0.14524,0.425522,1,0.4359,1.0092,-0.134697,-0.166855,-0.250168,0.0007,0.151,0.2842,1,0.28418,0.2771,0.2771,119668,0
1778489545.305726,0.146555,-0.146829,0.426081,1,0.4792,1.3874,-0.135856,-0.168444,-0.249609,0.0009,0.1651,0.3132,1,0.31319,0.2343,0.2343,119668,0
1778489545.355922,0.144438,-0.147917,0.428573,1,0.4349,1.3433,-0.137973,-0.169533,-0.247117,0.001,0.1588,0.2751,1,0.2751,0.1978,0.1978,119668,0
1778489545.406651,0.144016,-0.146415,0.43088,1,0.4377,0.6286,-0.138394,-0.168031,-0.24481,0.0008,0.1681,0.2687,1,0.26875,0.2677,0.2677,119668,0
1778489545.458725,0.143891,-0.143171,0.43374,1,0.4383,0.653,-0.138519,-0.164787,-0.24195,0.0011,0.1512,0.2861,1,0.28606,0.3219,0.3219,119672,0
1778489545.510004,0.143521,-0.138078,0.437143,1,0.494,0.7241,-0.138889,-0.159693,-0.238547,0.0009,0.1648,0.3282,1,0.32825,0.4128,0.4128,119684,0
1778489545.560099,0.14118,-0.133774,0.44243,1,0.4198,0.6002,-0.14123,-0.15539,-0.23326,0.0009,0.1582,0.2608,1,0.26075,0.4624,0.4624,119684,0
1778489545.610212,0.141231,-0.131031,0.445624,1,0.4315,0.6279,-0.141179,-0.152647,-0.230066,0.0009,0.1562,0.2744,1,0.27443,0.4616,0.4616,119684,0
1778489545.660319,0.143504,-0.135109,0.446306,1,0.4542,0.6645,-0.138906,-0.156724,-0.229384,0.001,0.156,0.2972,1,0.29717,0.2591,0.2591,119684,0
1778489545.710419,0.14633,-0.138644,0.440981,1,0.4575,0.6611,-0.13608,-0.16026,-0.234709,0.0007,0.1587,0.2981,1,0.29807,0.5587,0.5587,119688,0
1778489545.760519,0.145382,-0.104067,0.459891,1,0.5936,0.7812,-0.137028,-0.125683,-0.215799,0.0008,0.1606,0.4321,2,0.21605,0.4274,0.4274,119688,0
1778489545.810596,0.144041,-0.088287,0.466327,1,0.4275,0.6093,-0.138369,-0.109903,-0.209363,0.0007,0.1633,0.2635,1,0.26348,0.694,0.694,119688,0
1778489545.860787,0.144473,-0.084406,0.464855,1,0.4149,0.6118,-0.137938,-0.106021,-0.210835,0.0011,0.1478,0.266,1,0.26601,0.5727,0.5727,119688,0
1778489545.910937,0.147914,-0.091781,0.460397,1,0.416,0.6144,-0.134497,-0.113396,-0.215293,0.0009,0.1525,0.2627,1,0.26268,0.857,0.857,119692,0
1778489545.96101,0.153213,-0.100343,0.449267,1,0.428,0.6275,-0.129198,-0.121959,-0.226423,0.0009,0.1561,0.271,1,0.27102,0.9394,0.9394,119692,0
1778489546.011116,0.155958,-0.101054,0.443711,1,0.4411,0.6291,-0.126452,-0.12267,-0.231979,0.0008,0.1689,0.2714,1,0.2714,0.6739,0.6739,119692,0
1778489546.061222,0.158742,-0.09932,0.439102,1,0.4485,0.6582,-0.123669,-0.120935,-0.236587,0.001,0.1613,0.2862,1,0.28617,0.6049,0.6049,119692,0
1778489546.111396,0.157992,-0.098111,0.435623,1,0.4462,0.6352,-0.124419,-0.119726,-0.240067,0.001,0.1576,0.2876,1,0.2876,0.849,0.849,119692,0
1778489546.161494,0.157836,-0.1022,0.42549,1,0.6248,0.8206,-0.124575,-0.123815,-0.2502,0.0009,0.1571,0.4667,2,0.23337,0.6547,0.6547,119692,0
1778489546.211722,0.156276,-0.105042,0.418164,1,0.5749,0.7809,-0.126135,-0.126658,-0.257526,0.001,0.1555,0.4184,2,0.20921,0.4788,0.4788,119692,0
1778489546.261945,0.155567,-0.103387,0.414182,1,0.4253,0.6091,-0.126844,-0.125003,-0.261508,0.001,0.1496,0.2747,1,0.27473,0.6892,0.6892,119692,0
1778489546.312055,0.158784,-0.091056,0.415277,1,0.4314,0.6205,-0.123627,-0.112671,-0.260413,0.0009,0.1535,0.277,1,0.27696,0.8834,0.8834,119696,0
1778489546.362151,0.180195,-0.058197,0.409034,1,23.6741,26.7468,-0.102215,-0.079812,-0.266656,0.001,0.1671,23.5059,250,0.09402,7.9321,7.9321,119696,0
1778489546.412272,0.192179,-0.053676,0.399249,1,0.4706,0.6778,-0.090232,-0.075291,-0.276441,0.0009,0.1665,0.3032,1,0.3032,1.7664,1.7664,119696,0
1778489546.462368,0.203009,-0.061498,0.389624,1,24.1959,25.9553,-0.079401,-0.083113,-0.286066,0.0006,0.1656,24.0297,250,0.09612,4.9415,4.9415,119704,0
1778489546.512457,0.206018,-0.072538,0.385363,1,1.0592,1.2066,-0.076393,-0.094154,-0.290327,0.0008,0.1651,0.8933,6,0.14888,1.1548,1.1548,119704,0
1778489546.562594,0.195211,-0.070289,0.395667,1,0.4406,0.6379,-0.087199,-0.091904,-0.280023,0.001,0.1746,0.2651,1,0.26507,1.3545,1.3545,119704,0
1778489546.612737,0.219709,-0.079353,0.379796,1,0.5976,0.7934,-0.062701,-0.100969,-0.295894,0.001,0.1667,0.4299,2,0.21497,1.0119,1.0119,119704,0
1778489546.662847,0.21481,-0.074154,0.377393,1,0.597,0.8021,-0.0676,-0.09577,-0.298297,0.0008,0.1655,0.4306,2,0.21531,0.8923,0.8923,119708,0
1778489546.712943,0.214811,-0.065865,0.377009,1,0.4223,0.6151,-0.0676,-0.087481,-0.298681,0.0006,0.1451,0.2765,1,0.27652,0.7584,0.7584,119708,0
1778489546.763041,0.220358,-0.071662,0.365858,1,0.5205,0.7575,-0.062052,-0.093277,-0.309832,0.0008,0.1903,0.3293,1,0.32933,1.49,1.49,119708,0
1778489546.813155,0.19843,-0.067984,0.374363,1,0.6314,0.8314,-0.083981,-0.089599,-0.301327,0.0008,0.1561,0.4745,2,0.23725,1.6427,1.6427,119708,0
1778489546.863267,0.180963,-0.068019,0.385077,1,0.6827,0.8736,-0.101448,-0.089634,-0.290613,0.0009,0.1777,0.5041,2,0.25205,0.6701,0.6701,119708,0
1778489546.913406,0.170198,-0.068706,0.392293,1,0.4508,0.6522,-0.112212,-0.090321,-0.283397,0.0007,0.1034,0.3467,1,0.34668,0.7772,0.7772,119720,0
1778489546.963513,0.186918,-0.056842,0.383489,1,0.6745,0.8907,-0.095492,-0.078457,-0.292201,0.0006,0.113,0.5609,2,0.28044,1.8163,1.8163,119720,0
1778489547.013605,0.205158,-0.05,0.372351,1,0.4387,0.6207,-0.077252,-0.068478,-0.303339,0.0007,0.1608,0.2773,1,0.27731,2.1696,2.1696,119720,0
1778489547.063704,0.222848,-0.05,0.365419,0,25.9935,29.3905,-0.059563,-0.051963,-0.310271,0.0006,0.1607,25.8322,250,0.10333,34.6915,34.6915,119724,0
1778489547.113863,0.23812,-0.05,0.365903,0,20.626,21.8904,-0.04429,-0.041375,-0.309787,0.0008,0.1152,20.51,250,0.08204,119.8204,119.8204,119724,0
1778489547.163954,0.245178,-0.05,0.374972,0,23.1858,24.2164,-0.037233,-0.043636,-0.300718,0.0007,0.1374,23.0476,250,0.09219,48.183,48.183,119724,0
1778489547.214053,0.24151,-0.05,0.381824,0,18.2322,19.2671,-0.0409,-0.049604,-0.293866,0.0008,0.1602,18.0711,250,0.07228,30.5157,30.5157,119724,0
1778489547.264157,0.233647,-0.05,0.388635,0,20.7393,22.3583,-0.048764,-0.053725,-0.287055,0.001,0.1662,20.5721,250,0.08229,14.1194,14.1194,119724,0
1778489547.314276,0.222817,-0.05,0.393103,1,0.7398,1.5896,-0.059593,-0.059822,-0.282587,0.0008,0.1581,0.5808,3,0.1936,1.5976,1.5976,119724,0
1778489547.364374,0.206248,-0.05,0.410396,1,0.5921,0.7738,-0.076162,-0.067289,-0.265294,0.001,0.1658,0.4252,2,0.21262,1.9929,1.9929,119724,0
1778489547.414645,0.196961,-0.05,0.422794,1,0.6305,0.8485,-0.085449,-0.07024,-0.252896,0.0009,0.2731,0.3565,1,0.35648,2.7459,2.7459,119736,0
1778489547.464744,0.19014,-0.052879,0.433961,1,0.4172,0.611,-0.092271,-0.074494,-0.241729,0.0006,0.1529,0.2637,1,0.26368,1.2488,1.2488,119740,0
1778489547.515348,0.175452,-0.060643,0.449156,1,0.4314,0.87,-0.106958,-0.082258,-0.226534,0.0007,0.1523,0.2784,1,0.27837,0.8184,0.8184,119740,0
1778489547.565514,0.171582,-0.065619,0.456226,1,0.4651,1.2786,-0.110828,-0.087234,-0.219464,0.0013,0.1601,0.3037,1,0.30371,0.8634,0.8634,119740,0
1778489547.615685,0.166115,-0.069836,0.462468,1,0.4185,1.2109,-0.116295,-0.091452,-0.213222,0.0009,0.1593,0.2583,1,0.25829,0.7685,0.7685,119740,0
1778489547.66586,0.16245,-0.074062,0.467956,1,0.6032,1.4122,-0.119961,-0.095678,-0.207734,0.001,0.1512,0.4511,2,0.22553,1.2172,1.2172,119740,0
1778489547.715992,0.165629,-0.084275,0.477034,1,0.5614,1.3927,-0.116782,-0.105891,-0.198656,0.0007,0.1419,0.4187,2,0.20934,2.5385,2.5385,119740,0
1778489547.766579,0.168779,-0.089475,0.477493,1,0.4812,1.0695,-0.113631,-0.11109,-0.198197,0.0007,0.1722,0.3083,1,0.30834,1.857,1.857,119740,0
1778489547.81668,0.173353,-0.097703,0.477997,1,0.6068,0.7714,-0.109058,-0.119318,-0.197693,0.0007,0.1743,0.4318,2,0.21588,1.6965,1.6965,119744,0
1778489547.866823,0.176992,-0.107241,0.479483,1,22.661,26.4386,-0.105419,-0.128857,-0.196207,0.0009,0.1572,22.5029,250,0.09001,9.8968,9.8968,119748,0
1778489547.918748,0.177035,-0.115587,0.485562,0,21.1844,22.2952,-0.105375,-0.137202,-0.190128,0.0009,0.1675,21.0161,250,0.08406,63.1816,63.1816,119748,0
1778489547.968868,0.172811,-0.114164,0.489512,0,19.336,22.1851,-0.109599,-0.135779,-0.186178,0.0009,0.1613,19.1738,250,0.0767,87.0014,87.0014,119748,0
1778489548.018969,0.166737,-0.109896,0.495359,0,21.2516,24.5073,-0.115674,-0.131512,-0.180331,0.0009,0.1724,21.0782,250,0.08431,115.9157,115.9157,119748,0
1778489548.069061,0.163394,-0.106964,0.502002,0,19.0442,22.6986,-0.119016,-0.12858,-0.173688,0.0007,0.1314,18.912,250,0.07565,148.9175,148.9175,119748,0
1778489548.119155,0.163129,-0.10963,0.523228,0,22.5378,23.9569,-0.119282,-0.131246,-0.152461,0.0006,0.1415,22.3957,250,0.08958,150.027,150.027,119748,0
1778489548.169261,0.164499,-0.113224,0.53424,0,24.9929,28.218,-0.117912,-0.134839,-0.14145,0.0008,0.182,24.8101,250,0.09924,136.322,136.322,119752,0
1778489548.219432,0.16744,-0.118383,0.541272,0,18.6601,19.6249,-0.11497,-0.139998,-0.134417,0.0009,0.1804,18.4789,250,0.07392,165.383,165.383,119752,0
1778489548.269516,0.168574,-0.121667,0.546585,0,20.2484,21.688,-0.113836,-0.143282,-0.129105,0.0007,0.1534,20.0943,250,0.08038,189.0795,189.0795,119752,0
1778489548.319651,0.178188,-0.128865,0.550444,0,21.6063,23.1693,-0.104223,-0.15048,-0.125246,0.0006,0.1424,21.4633,250,0.08585,224.145,224.145,119752,0
1778489548.369844,0.182167,-0.128604,0.549321,0,21.1171,22.1697,-0.100243,-0.15022,-0.126369,0.0011,0.1595,20.9565,250,0.08383,78.4252,78.4252,119760,0
1778489548.419953,0.184645,-0.126023,0.546347,0,20.7635,21.8304,-0.097765,-0.147638,-0.129343,0.0008,0.165,20.5976,250,0.08239,80.059,80.059,119760,0
1778489548.470057,0.185692,-0.122511,0.542292,0,22.3208,23.8917,-0.096718,-0.144126,-0.133398,0.001,0.1783,22.1414,250,0.08857,79.5587,79.5587,119760,0
1778489548.52016,0.182308,-0.11433,0.533004,0,24.4015,25.4855,-0.100103,-0.135945,-0.142686,0.001,0.2,24.2005,250,0.0968,79.9676,79.9676,119760,0
1778489548.570266,0.18018,-0.114973,0.530797,0,20.5047,24.4906,-0.10223,-0.136588,-0.144893,0.0005,0.1424,20.3618,250,0.08145,79.5241,79.5241,119776,0
1778489548.620362,0.17583,-0.114575,0.526777,0,25.7291,29.309,-0.10658,-0.136191,-0.148913,0.0007,0.1523,25.5762,250,0.1023,271.0624,271.0624,119776,0
1778489548.670541,0.170347,-0.113535,0.524468,0,21.5317,23.5385,-0.112063,-0.13515,-0.151222,0.0008,0.1665,21.3644,250,0.08546,270.2327,270.2327,119776,0
1778489548.720751,0.155047,-0.106382,0.522214,0,24.2292,27.483,-0.127364,-0.127998,-0.153476,0.0003,0.1128,24.1161,250,0.09646,254.426,254.426,119776,0
1778489548.77107,0.15179,-0.107395,0.524643,0,23.7337,27.4086,-0.130621,-0.129011,-0.151047,0.0004,0.1971,23.5362,250,0.09414,235.8627,235.8627,119776,0
1778489548.821159,0.15284,-0.111246,0.528823,0,21.6508,25.3098,-0.12957,-0.132862,-0.146867,0.0006,0.1583,21.4919,250,0.08597,214.8517,214.8517,119776,0
1778489548.871332,0.153387,-0.111694,0.530846,0,21.4987,25.1164,-0.129024,-0.13331,-0.144844,0.0008,0.1408,21.3571,250,0.08543,218.2352,218.2352,119776,0
1778489548.921475,0.156829,-0.108737,0.528129,1,20.4883,21.1311,-0.125582,-0.130352,-0.147561,0.0006,0.1679,20.3198,250,0.08128,4.0453,4.0453,119776,0
1778489548.971655,0.158704,-0.107792,0.523376,1,21.3292,21.9281,-0.123707,-0.129407,-0.152314,0.0008,0.1573,21.171,250,0.08468,5.61,5.61,119776,0
1778489549.021851,0.160517,-0.107783,0.516677,1,22.2447,23.722,-0.121893,-0.129398,-0.159013,0.0008,0.1639,22.0801,250,0.08832,9.6058,9.6058,119776,0
1778489549.072017,0.162268,-0.108709,0.506605,0,21.5058,23.0987,-0.120142,-0.130325,-0.169085,0.0007,0.1258,21.3794,250,0.08552,18.7467,18.7467,119780,0
1778489549.122187,0.168851,-0.115489,0.487328,0,22.1972,23.2453,-0.113559,-0.137105,-0.188362,0.0009,0.1398,22.0565,250,0.08823,46.3652,46.3652,119780,0
1778489549.172381,0.173286,-0.119656,0.477194,0,20.0957,23.1166,-0.109124,-0.141272,-0.198496,0.0009,0.151,19.9438,250,0.07978,62.5403,62.5403,119780,0
1778489549.222557,0.177212,-0.123986,0.467585,0,21.1843,24.5752,-0.105198,-0.145602,-0.208105,0.0009,0.1745,21.0088,250,0.08404,93.298,93.298,119780,0
1778489549.272654,0.178168,-0.12531,0.462284,0,22.0989,24.1839,-0.104242,-0.146925,-0.213406,0.0008,0.1776,21.9206,250,0.08768,103.6859,103.6859,119780,0
1778489549.322864,0.187303,-0.126289,0.457055,0,20.0002,21.1091,-0.095108,-0.147904,-0.218635,0.0008,0.1402,19.8593,250,0.07944,107.3008,107.3008,119780,0
1778489549.373016,0.195523,-0.127105,0.459897,0,21.6827,22.5416,-0.086888,-0.14872,-0.215793,0.0009,0.1268,21.5551,250,0.08622,105.2606,105.2606,119780,0
1778489549.423127,0.201912,-0.126458,0.463884,0,19.4116,20.5506,-0.080499,-0.148074,-0.211806,0.0008,0.1521,19.2586,250,0.07703,96.3949,96.3949,119780,0
1778489549.473236,0.206458,-0.125169,0.468979,0,21.2448,22.4736,-0.075952,-0.146784,-0.206711,0.0009,0.1552,21.0886,250,0.08435,92.0163,92.0163,119784,0
1778489549.523443,0.210367,-0.12393,0.4805,0,22.167,23.2163,-0.072043,-0.145545,-0.19519,0.001,0.1478,22.0183,250,0.08807,80.0236,80.0236,119784,0
1778489549.573686,0.211063,-0.124556,0.486515,0,18.9843,19.1169,-0.071348,-0.146171,-0.189175,0.0007,0.153,18.8306,250,0.07532,104.117,104.117,119784,0
1778489549.623904,0.210999,-0.126399,0.490192,0,22.3815,26.3608,-0.071411,-0.148015,-0.185498,0.0008,0.1396,22.2411,250,0.08896,97.9718,97.9718,119784,0
1778489549.67411,0.210273,-0.128118,0.491854,0,21.201,22.6313,-0.072138,-0.149734,-0.183836,0.0008,0.1407,21.0595,250,0.08424,39.9697,39.9697,119784,0
1778489549.724204,0.208624,-0.128313,0.495589,0,21.2309,23.0281,-0.073786,-0.149929,-0.180101,0.0007,0.1573,21.0729,250,0.08429,35.481,35.481,119784,0
1778489549.77472,0.208471,-0.128001,0.496211,0,17.5021,18.6417,-0.073939,-0.149617,-0.179479,0.0005,0.158,17.3436,250,0.06937,51.2623,51.2623,119784,0
1778489549.824819,0.207312,-0.127956,0.496499,0,28.7453,30.0035,-0.075099,-0.149571,-0.179191,0.0006,0.1561,28.5886,250,0.11435,24.7575,24.7575,119784,0
1778489549.875071,0.205689,-0.12908,0.495403,0,20.0346,21.1062,-0.076722,-0.150696,-0.180287,0.0007,0.0887,19.9452,250,0.07978,75.7736,75.7736,119800,0
1778489549.925161,0.203483,-0.130521,0.494417,0,19.7372,20.42,-0.078927,-0.152136,-0.181273,0.0011,0.1812,19.5549,250,0.07822,26.1341,26.1341,119800,0
1778489549.975265,0.203218,-0.132267,0.494505,0,22.1992,23.2228,-0.079193,-0.153882,-0.181185,0.0008,0.1677,22.0307,250,0.08812,27.4396,27.4396,119800,0
1778489550.025365,0.202439,-0.135734,0.496182,0,23.0679,24.5771,-0.079972,-0.15735,-0.179508,0.0003,0.1149,22.9527,250,0.09181,52.8484,52.8484,119800,0
1778489550.075459,0.201411,-0.137683,0.498111,0,20.8015,24.1021,-0.081,-0.159298,-0.177579,0.0006,0.1729,20.6279,250,0.08251,22.6584,22.6584,119800,0
1778489550.125595,0.197622,-0.143092,0.505021,0,22.2069,24.1643,-0.084788,-0.164707,-0.170669,0.0007,0.1271,22.0791,250,0.08832,146.4238,146.4238,119800,0
1778489550.175747,0.196818,-0.144217,0.506411,0,21.063,23.6947,-0.085593,-0.165832,-0.169279,0.0008,0.1386,20.9236,250,0.08369,138.527,138.527,119800,0
1778489550.225856,0.19402,-0.145038,0.509721,0,24.0889,27.3645,-0.08839,-0.166653,-0.165969,0.0008,0.1704,23.9177,250,0.09567,128.5599,128.5599,119804,0
1778489550.275949,0.191196,-0.145686,0.513089,0,21.2663,24.5309,-0.091215,-0.167302,-0.162601,0.0007,0.1498,21.1158,250,0.08446,122.129,122.129,119808,0
1778489550.326586,0.185013,-0.146881,0.519878,1,2.3228,2.5127,-0.097397,-0.168497,-0.155811,0.0006,0.1253,2.1969,17,0.12923,2.96,2.96,119808,0
1778489550.376787,0.181035,-0.148049,0.524546,1,0.8158,1.0058,-0.101376,-0.169665,-0.151144,0.0008,0.1475,0.6676,4,0.16689,0.6381,0.6381,119808,0
1778489550.426975,0.177222,-0.150855,0.530835,1,23.1372,23.8128,-0.105189,-0.172471,-0.144855,0.0011,0.1658,22.9703,250,0.09188,3.9636,3.9636,119808,0
1778489550.477138,0.168124,-0.160686,0.548056,0,20.2618,21.1688,-0.114287,-0.182301,-0.127634,0.001,0.1659,20.0948,250,0.08038,30.9001,30.9001,119808,0
1778489550.527237,0.159088,-0.164452,0.558362,0,21.0666,22.0999,-0.123322,-0.186068,-0.117328,0.0009,0.159,20.9067,250,0.08363,32.7805,32.7805,119808,0
1778489550.57867,0.151151,-0.166799,0.566004,0,22.148,23.0934,-0.131259,-0.188414,-0.109686,0.0007,0.1423,22.005,250,0.08802,15.623,15.623,119808,0
1778489550.628756,0.144014,-0.171176,0.574166,1,0.7516,0.9338,-0.138397,-0.192792,-0.101524,0.0007,0.1372,0.6136,3,0.20454,1.6855,1.6855,119808,0
1778489550.678946,0.134174,-0.173412,0.582126,1,0.7178,0.9061,-0.148237,-0.195028,-0.093564,0.0009,0.1507,0.5663,3,0.18877,0.9496,0.9496,119812,0
1778489550.729041,0.130532,-0.174072,0.584707,1,0.7335,0.9063,-0.151878,-0.195687,-0.090983,0.0008,0.1523,0.5804,3,0.19346,1.0595,1.0595,119820,0
1778489550.779154,0.129054,-0.17411,0.585771,1,0.9391,1.18,-0.153357,-0.195725,-0.089919,0.001,0.1931,0.7449,3,0.2483,1.0643,1.0643,119820,0
1778489550.829245,0.129086,-0.172918,0.585449,1,0.6923,0.8667,-0.153324,-0.194534,-0.090241,0.0007,0.1403,0.5513,3,0.18376,1.0304,1.0304,119820,0
1778489550.879344,0.124622,-0.168666,0.58536,1,0.713,0.8866,-0.157788,-0.190281,-0.09033,0.0007,0.1542,0.5581,3,0.18603,1.0794,1.0794,119820,0
1778489550.929517,0.123373,-0.167192,0.585346,1,0.7142,0.9077,-0.159038,-0.188807,-0.090344,0.0009,0.1531,0.5603,3,0.18676,0.9323,0.9323,119820,0
1778489550.979595,0.122407,-0.166906,0.585754,1,0.8192,1.0287,-0.160003,-0.188522,-0.089936,0.0008,0.1651,0.6533,3,0.21776,1.1283,1.1283,119820,0
1778489551.029769,0.120919,-0.167407,0.586299,1,0.6925,0.8592,-0.161491,-0.189022,-0.089391,0.001,0.1521,0.5394,3,0.17979,1.1161,1.1161,119820,0
1778489551.079854,0.124867,-0.171747,0.5868,1,0.7441,0.9352,-0.157543,-0.193363,-0.08889,0.0009,0.1759,0.5673,3,0.1891,1.0862,1.0862,119824,0
1778489551.12995,0.126867,-0.17397,0.586885,1,0.7135,0.9014,-0.155543,-0.195585,-0.088805,0.0006,0.1526,0.5603,3,0.18677,1.0721,1.0721,119824,0
1778489551.180059,0.127778,-0.174415,0.586493,0,24.9317,26.8014,-0.154632,-0.196031,-0.089197,0.0013,0.1553,24.7751,250,0.0991,27.1414,27.1414,119824,0
1778489551.230161,0.129664,-0.171799,0.584476,0,21.0443,22.1073,-0.152746,-0.193414,-0.091214,0.0009,0.1456,20.8977,250,0.08359,41.3753,41.3753,119824,0
1778489551.280257,0.14274,-0.17647,0.580622,0,20.6991,21.5548,-0.139671,-0.198086,-0.095068,0.0008,0.1512,20.5472,250,0.08219,28.4966,28.4966,119824,0
1778489551.330362,0.146904,-0.177736,0.57839,0,20.7065,21.3462,-0.135506,-0.199352,-0.0973,0.0007,0.1532,20.5526,250,0.08221,25.4465,25.4465,119824,0
1778489551.38047,0.14959,-0.180189,0.577839,0,19.5141,20.2166,-0.132821,-0.201805,-0.097851,0.0009,0.1613,19.3519,250,0.07741,27.9115,27.9115,119824,0
1778489551.430651,0.150645,-0.182044,0.577881,0,20.9155,21.6796,-0.131766,-0.20366,-0.097809,0.0011,0.1774,20.7371,250,0.08295,33.8328,33.8328,119828,0
1778489551.480844,0.151189,-0.182415,0.578556,0,21.2623,22.9818,-0.131222,-0.204031,-0.097134,0.001,0.1426,21.1187,250,0.08447,35.0425,35.0425,119828,0
1778489551.530931,0.151892,-0.183258,0.580398,0,21.2801,24.4617,-0.130518,-0.204873,-0.095292,0.0006,0.1228,21.1568,250,0.08463,36.8683,36.8683,119828,0
1778489551.581033,0.153467,-0.184527,0.582527,0,21.0454,24.0967,-0.128944,-0.206143,-0.093163,0.0008,0.1357,20.9089,250,0.08364,52.0315,52.0315,119828,0
1778489551.631204,0.156848,-0.183989,0.583955,0,21.2137,24.3749,-0.125563,-0.205605,-0.091735,0.0007,0.1765,21.0365,250,0.08415,48.0959,48.0959,119840,0
1778489551.681467,0.169127,-0.182629,0.582432,1,21.394,24.2471,-0.113283,-0.204244,-0.093258,0.0009,0.1592,21.2339,250,0.08494,7.7297,7.7297,119840,0
1778489551.731587,0.176935,-0.184003,0.580501,1,0.8293,1.005,-0.105476,-0.205619,-0.095189,0.0009,0.1697,0.6587,4,0.16467,1.8597,1.8597,119840,0
1778489551.781685,0.182357,-0.185495,0.579279,1,1.0148,1.6598,-0.100054,-0.20711,-0.096411,0.0009,0.3315,0.6824,4,0.17059,1.6944,1.6944,119840,0
1778489551.831852,0.185626,-0.185017,0.576939,1,0.8586,1.1994,-0.096785,-0.206632,-0.098751,0.001,0.1658,0.6918,4,0.17296,1.5531,1.5531,119840,0
1778489551.882051,0.176758,-0.174223,0.572226,1,0.8315,1.0128,-0.105652,-0.195839,-0.103464,0.0008,0.1555,0.6753,4,0.16882,1.1118,1.1118,119844,0
1778489551.932152,0.174651,-0.170633,0.569026,1,0.8361,1.0227,-0.10776,-0.192249,-0.106664,0.0008,0.153,0.6824,4,0.17059,0.9866,0.9866,119844,0
1778489551.982257,0.175181,-0.170301,0.56642,1,1.0382,1.2473,-0.10723,-0.191916,-0.10927,0.0011,0.1794,0.8576,4,0.21441,0.9475,0.9475,119844,0
1778489552.032357,0.175438,-0.170757,0.565031,1,0.8485,1.0215,-0.106973,-0.192372,-0.110659,0.0008,0.153,0.6947,4,0.17367,0.9464,0.9464,119844,0
1778489552.082461,0.178098,-0.173322,0.564776,1,0.8903,1.0647,-0.104312,-0.194938,-0.110914,0.0008,0.1721,0.7174,4,0.17936,0.9386,0.9386,119844,0
1778489552.132662,0.179477,-0.174225,0.565702,1,0.9385,1.1471,-0.102933,-0.19584,-0.109988,0.0009,0.1959,0.7417,4,0.18542,0.9371,0.9371,119844,0
1778489552.182853,0.181744,-0.173952,0.567009,1,0.9437,1.1588,-0.100667,-0.195568,-0.108681,0.0009,0.1901,0.7527,4,0.18817,0.9191,0.9191,119844,0
1778489552.233013,0.186439,-0.175573,0.568094,1,0.8738,1.046,-0.095971,-0.197188,-0.107596,0.0008,0.1713,0.7017,4,0.17542,0.8759,0.8759,119844,0
1778489552.283117,0.195911,-0.178678,0.572531,1,0.9437,1.1249,-0.086499,-0.200294,-0.103159,0.0009,0.167,0.7758,5,0.15517,1.6395,1.6395,119848,0
1778489552.333368,0.196964,-0.177646,0.572856,1,0.9395,1.1287,-0.085447,-0.199262,-0.102834,0.0008,0.1656,0.7731,5,0.15461,1.0993,1.0993,119848,0
1778489552.383642,0.189501,-0.169203,0.572462,1,0.8287,1.0265,-0.09291,-0.190818,-0.103228,0.001,0.1658,0.6619,4,0.16548,2.8151,2.8151,119848,0
1778489552.433853,0.182709,-0.164,0.576279,1,0.8168,1.3061,-0.099701,-0.185615,-0.099411,0.0011,0.1564,0.6593,4,0.16483,2.0393,2.0393,119848,0
1778489552.483938,0.175454,-0.161459,0.584161,1,0.9828,1.1837,-0.106956,-0.183075,-0.091529,0.001,0.1685,0.8133,4,0.20332,2.0003,2.0003,119860,0
1778489552.534588,0.172126,-0.16262,0.588317,1,0.8238,1.0057,-0.110285,-0.184236,-0.087373,0.0006,0.1617,0.6616,4,0.16539,1.6726,1.6726,119860,0
1778489552.58468,0.168582,-0.163026,0.592129,1,0.8089,1.0001,-0.113829,-0.184641,-0.083561,0.0009,0.1595,0.6485,4,0.16213,1.4784,1.4784,119860,0
1778489552.635336,0.16382,-0.162515,0.598897,1,0.8327,3.7726,-0.11859,-0.18413,-0.076793,0.0008,0.157,0.6749,4,0.16871,1.3051,1.3051,119860,0
1778489552.685433,0.162391,-0.161931,0.599797,1,0.8804,1.7009,-0.12002,-0.183546,-0.075893,0.0007,0.164,0.7158,4,0.17894,1.1054,1.1054,119864,0
1778489552.735537,0.162382,-0.162005,0.599504,1,0.8422,1.5889,-0.120029,-0.183621,-0.076186,0.0007,0.1547,0.6868,4,0.17169,1.0686,1.0686,119864,0
1778489552.785758,0.163298,-0.163193,0.597633,1,0.8238,1.8192,-0.119113,-0.184809,-0.078057,0.001,0.1631,0.6597,4,0.16493,1.1395,1.1395,119864,0
1778489552.835839,0.163482,-0.163908,0.592153,1,0.8218,1.6396,-0.118929,-0.185524,-0.083537,0.0007,0.1439,0.6772,4,0.1693,1.1612,1.1612,119864,0
1778489552.885927,0.162847,-0.16314,0.590035,1,0.8605,1.0322,-0.119564,-0.184756,-0.085655,0.0006,0.1443,0.7155,4,0.17887,1.1445,1.1445,119864,0
1778489552.936728,0.16154,-0.162615,0.587365,1,0.8474,1.0312,-0.120871,-0.18423,-0.088325,0.001,0.168,0.6784,4,0.1696,1.0657,1.0657,119864,0
1778489552.986928,0.160029,-0.16198,0.585095,1,0.863,1.0581,-0.122382,-0.183596,-0.090595,0.0008,0.1736,0.6886,4,0.17214,0.993,0.993,119864,0
1778489553.03703,0.158552,-0.161018,0.583572,1,0.8467,1.0395,-0.123858,-0.182633,-0.092118,0.0007,0.1648,0.6811,4,0.17028,0.8734,0.8734,119864,0
1778489553.088608,0.16239,-0.163653,0.583975,1,0.9253,1.1343,-0.12002,-0.185268,-0.091715,0.0009,0.1759,0.7484,4,0.18711,1.1803,1.1803,119868,0
1778489553.138831,0.165186,-0.165208,0.584443,1,0.8358,1.1863,-0.117224,-0.186824,-0.091247,0.0009,0.1494,0.6855,4,0.17138,1.4756,1.4756,119868,0
1778489553.188969,0.165585,-0.164874,0.585116,1,0.8692,1.0622,-0.116826,-0.18649,-0.090574,0.0011,0.1587,0.7094,4,0.17734,1.3736,1.3736,119868,0
1778489553.23907,0.163172,-0.163963,0.582713,1,0.911,1.1083,-0.119239,-0.185579,-0.092977,0.0009,0.1692,0.741,4,0.18524,1.2738,1.2738,119868,0
1778489553.28919,0.163103,-0.165211,0.579237,1,0.7681,0.9789,-0.119308,-0.186827,-0.096453,0.0009,0.1739,0.5934,3,0.19779,2.4426,2.4426,119868,0
1778489553.339285,0.166467,-0.169129,0.574704,1,0.7987,0.9847,-0.115943,-0.190744,-0.100986,0.0011,0.1828,0.6148,3,0.20495,2.8638,2.8638,119876,0
1778489553.389385,0.169684,-0.172008,0.57139,1,0.8531,1.036,-0.112726,-0.193623,-0.1043,0.0008,0.1724,0.6799,4,0.16997,1.9943,1.9943,119876,0
1778489553.439519,0.171489,-0.170915,0.569805,1,0.9088,1.1366,-0.110921,-0.192531,-0.105885,0.0012,0.1936,0.714,3,0.238,2.716,2.716,119880,0
1778489553.489683,0.171662,-0.169762,0.570693,1,24.8796,28.3386,-0.110748,-0.191378,-0.104997,0.0009,0.182,24.6967,250,0.09879,6.5963,6.5963,119880,0
1778489553.539896,0.174464,-0.170965,0.570083,0,21.0952,22.4082,-0.107946,-0.192581,-0.105607,0.001,0.1712,20.923,250,0.08369,33.3016,33.3016,119880,0
1778489553.590036,0.176364,-0.171924,0.567606,0,21.8604,22.6994,-0.106047,-0.19354,-0.108084,0.0007,0.143,21.7167,250,0.08687,57.957,57.957,119880,0
1778489553.640141,0.178616,-0.175378,0.559706,0,22.1101,22.897,-0.103795,-0.196993,-0.115984,0.0007,0.1783,21.9312,250,0.08772,130.8979,130.8979,119880,0
1778489553.690238,0.187263,-0.182924,0.554146,0,22.0247,22.7905,-0.095148,-0.204539,-0.121544,0.0007,0.1733,21.8507,250,0.0874,170.6853,170.6853,119880,0
1778489553.740346,0.189233,-0.184011,0.54815,0,22.3493,23.1294,-0.093177,-0.205627,-0.12754,0.0008,0.1811,22.1674,250,0.08867,192.478,192.478,119880,0
1778489553.79051,0.188721,-0.183377,0.543312,0,21.8741,23.2724,-0.09369,-0.204993,-0.132378,0.0006,0.1449,21.7285,250,0.08691,210.6408,210.6408,119884,0
1778489553.840595,0.189364,-0.185375,0.538605,0,20.9165,23.9955,-0.093047,-0.206991,-0.137085,0.0008,0.1409,20.7748,250,0.0831,250.8153,250.8153,119884,0
1778489553.890777,0.17864,-0.174987,0.536456,0,22.1597,23.5655,-0.103771,-0.196603,-0.139234,0.001,0.1478,22.0109,250,0.08804,240.559,240.559,119884,0
1778489553.941076,0.167609,-0.16519,0.532267,0,20.7529,23.8711,-0.114802,-0.186805,-0.143423,0.001,0.1534,20.5985,250,0.08239,237.1704,237.1704,119884,0
1778489553.991186,0.160877,-0.159047,0.528809,0,23.4653,24.1058,-0.121534,-0.180662,-0.146881,0.0008,0.1602,23.3043,250,0.09322,234.7656,234.7656,119884,0
1778489554.041269,0.152366,-0.153592,0.529215,0,21.1401,21.9088,-0.130044,-0.175207,-0.146475,0.0006,0.1372,21.0023,250,0.08401,206.4746,206.4746,119884,0
1778489554.09147,0.148946,-0.152496,0.531455,0,21.6033,22.7602,-0.133465,-0.174111,-0.144235,0.0006,0.1332,21.4695,250,0.08588,200.499,200.499,119884,0
1778489554.14169,0.145668,-0.153787,0.535002,0,22.4946,23.182,-0.136743,-0.175402,-0.140688,0.0009,0.1489,22.3448,250,0.08938,199.5637,199.5637,119884,0
1778489554.191899,0.142354,-0.156205,0.538799,0,19.7126,20.9331,-0.140056,-0.17782,-0.136891,0.0008,0.1565,19.5552,250,0.07822,205.8744,205.8744,119900,0
1778489554.241995,0.136891,-0.156177,0.540867,0,22.4892,23.2239,-0.14552,-0.177793,-0.134823,0.0008,0.1484,22.34,250,0.08936,211.2666,211.2666,119900,0
1778489554.292091,0.13452,-0.151611,0.538651,0,21.3556,24.715,-0.147891,-0.173227,-0.137039,0.0006,0.1414,21.2137,250,0.08485,207.3315,207.3315,119900,0
1778489554.342189,0.134398,-0.146119,0.534571,0,20.6338,23.6835,-0.148013,-0.167735,-0.141119,0.0008,0.1587,20.4743,250,0.0819,204.9645,204.9645,119900,0
1778489554.392286,0.137713,-0.14217,0.52974,0,21.3324,21.4162,-0.144698,-0.163786,-0.14595,0.0007,0.1161,21.2156,250,0.08486,205.4491,205.4491,119900,0
1778489554.442486,0.142669,-0.140688,0.526012,0,21.8423,24.7705,-0.139742,-0.162303,-0.149678,0.0009,0.1496,21.6917,250,0.08677,209.4417,209.4417,119900,0
1778489554.492734,0.144395,-0.14182,0.525927,0,21.3886,22.6485,-0.138015,-0.163435,-0.149763,0.0008,0.1544,21.2334,250,0.08493,211.534,211.534,119900,0
1778489554.542855,0.146475,-0.143883,0.52657,0,22.2323,24.1735,-0.135935,-0.165499,-0.14912,0.0009,0.1472,22.0843,250,0.08834,214.9975,214.9975,119904,0
1778489554.59294,0.147309,-0.145596,0.527497,0,26.0809,29.6876,-0.135102,-0.167212,-0.148193,0.0006,0.1111,25.9692,250,0.10388,217.3217,217.3217,119904,0
1778489554.643035,0.147699,-0.146902,0.530254,0,20.9326,22.2593,-0.134711,-0.168518,-0.145436,0.0006,0.1324,20.7996,250,0.0832,210.5254,210.5254,119904,0
1778489554.693248,0.147681,-0.148616,0.532311,0,20.6928,21.6292,-0.134729,-0.170232,-0.143379,0.0008,0.1462,20.5458,250,0.08218,207.6895,207.6895,119904,0
1778489554.743341,0.148455,-0.150837,0.534144,0,21.2258,22.4635,-0.133956,-0.172452,-0.141546,0.0007,0.1568,21.0683,250,0.08427,205.1336,205.1336,119904,0
1778489554.793514,0.149277,-0.152792,0.535522,0,21.9334,23.5151,-0.133133,-0.174408,-0.140168,0.001,0.1791,21.7533,250,0.08701,200.4019,200.4019,119904,0
1778489554.843667,0.150778,-0.157606,0.538227,0,21.7769,25.1061,-0.131633,-0.179222,-0.137463,0.0008,0.158,21.6181,250,0.08647,184.5124,184.5124,119904,0
1778489554.893859,0.153261,-0.15897,0.539986,0,22.9828,26.5147,-0.12915,-0.180586,-0.135704,0.0009,0.1661,22.8159,250,0.09126,159.8032,159.8032,119904,0
1778489554.944038,0.156748,-0.160604,0.54236,0,19.0476,20.2311,-0.125662,-0.18222,-0.13333,0.0008,0.1323,18.9145,250,0.07566,136.4941,136.4941,119904,0
1778489554.994199,0.160873,-0.161311,0.544292,0,22.1589,23.8066,-0.121537,-0.182927,-0.131398,0.001,0.173,21.9848,250,0.08794,116.9027,116.9027,119908,0
1778489555.044443,0.16747,-0.161525,0.549895,1,2.0426,3.0314,-0.11494,-0.183141,-0.125795,0.0007,0.1769,1.865,14,0.13321,0.7424,0.7424,119920,0
1778489555.094654,0.167495,-0.165612,0.557137,1,0.8376,1.0284,-0.114915,-0.187228,-0.118553,0.001,0.1777,0.6589,4,0.16474,0.7998,0.7998,119920,0
1778489555.144815,0.16907,-0.171012,0.562133,1,0.6978,0.887,-0.113341,-0.192628,-0.113557,0.0007,0.1413,0.5558,3,0.18526,2.0531,2.0531,119920,0
1778489555.195167,0.170627,-0.17861,0.565559,1,0.7244,3.5818,-0.111783,-0.200226,-0.110131,0.0009,0.1654,0.5581,3,0.18604,1.2484,1.2484,119920,0
1778489555.245357,0.167253,-0.179427,0.566652,1,0.7274,3.4516,-0.115158,-0.201042,-0.109037,0.0009,0.1547,0.5718,3,0.1906,0.7992,0.7992,119920,0
1778489555.295465,0.16191,-0.178969,0.567494,1,0.7854,0.9772,-0.120501,-0.200585,-0.108196,0.0007,0.1803,0.6044,3,0.20148,2.0189,2.0189,119920,0
1778489555.345622,0.159535,-0.180119,0.567927,1,0.8608,1.672,-0.122875,-0.201735,-0.107763,0.0008,0.181,0.679,4,0.16976,1.1488,1.1488,119920,0
1778489555.395864,0.156322,-0.182567,0.568296,1,0.8244,1.5459,-0.126088,-0.204183,-0.107394,0.0007,0.1392,0.6846,4,0.17114,1.511,1.511,119924,0
1778489555.445932,0.154165,-0.183222,0.56875,1,0.7114,1.5543,-0.128246,-0.204837,-0.10694,0.0007,0.1639,0.5468,3,0.18226,1.0598,1.0598,119924,0
1778489555.49603,0.152169,-0.183584,0.569204,1,0.7415,1.6599,-0.130242,-0.2052,-0.106486,0.001,0.1701,0.5703,3,0.1901,0.9738,0.9738,119924,0
1778489555.546357,0.151433,-0.183937,0.569557,1,0.7329,1.0627,-0.130977,-0.205553,-0.106133,0.0007,0.1482,0.5841,3,0.19468,0.9914,0.9914,119924,0
1778489555.596514,0.15078,-0.180275,0.568147,1,0.7056,0.9961,-0.131631,-0.201891,-0.107543,0.0006,0.1492,0.5557,3,0.18524,1.3818,1.3818,119924,0
1778489555.646641,0.14902,-0.175276,0.568411,1,0.7402,0.9316,-0.133391,-0.196891,-0.107279,0.0007,0.1774,0.5621,3,0.18737,1.4835,1.4835,119924,0
1778489555.696738,0.148174,-0.169456,0.567479,1,0.7079,0.8988,-0.134237,-0.191072,-0.108211,0.0008,0.1564,0.5508,3,0.18359,1.6022,1.6022,119924,0
1778489555.748512,0.152144,-0.167192,0.564683,1,0.8262,1.1451,-0.130266,-0.188807,-0.111007,0.0009,0.1583,0.667,3,0.22233,2.2287,2.2287,119924,0
1778489555.798656,0.162568,-0.176152,0.55796,1,24.537,25.5747,-0.119842,-0.197767,-0.11773,0.0007,0.1781,24.3582,250,0.09743,6.3022,6.3022,119940,0
1778489555.849352,0.15765,-0.177341,0.558985,0,21.0292,22.0864,-0.124761,-0.198957,-0.116705,0.0009,0.1107,20.9177,250,0.08367,14.1232,14.1232,119940,0
1778489555.89955,0.152253,-0.17326,0.561243,0,21.8979,23.0367,-0.130157,-0.194875,-0.114447,0.001,0.1661,21.7308,250,0.08692,13.3385,13.3385,119940,0
1778489555.949725,0.147681,-0.16426,0.564085,1,20.7658,23.7636,-0.134729,-0.185876,-0.111605,0.0012,0.1679,20.5966,250,0.08239,5.4638,5.4638,119940,0
1778489555.999934,0.144241,-0.155701,0.565127,0,20.4809,22.2058,-0.138169,-0.177317,-0.110563,0.0009,0.1634,20.3167,250,0.08127,30.1401,30.1401,119940,0
1778489556.050111,0.144521,-0.154042,0.564557,0,22.6118,25.6742,-0.13789,-0.175657,-0.111133,0.0009,0.1391,22.4717,250,0.08989,46.0478,46.0478,119940,0
1778489556.100213,0.146362,-0.154211,0.563162,0,21.1048,24.1203,-0.136049,-0.175826,-0.112528,0.0007,0.1511,20.953,250,0.08381,52.6839,52.6839,119940,0
1778489556.150422,0.14883,-0.155327,0.5614,0,21.4113,23.2997,-0.13358,-0.176942,-0.11429,0.0008,0.1543,21.2562,250,0.08502,54.6157,54.6157,119944,0
1778489556.200589,0.151109,-0.159348,0.558075,0,22.8545,23.6722,-0.131301,-0.180963,-0.117615,0.0008,0.1877,22.6659,250,0.09066,61.6334,61.6334,119944,0
1778489556.250828,0.151488,-0.160909,0.557123,0,20.6191,21.3854,-0.130923,-0.182525,-0.118567,0.0009,0.1175,20.5006,250,0.082,62.4602,62.4602,119944,0
1778489556.300958,0.152356,-0.162754,0.556375,0,26.4603,27.3485,-0.130055,-0.184369,-0.119315,0.0007,0.155,26.3046,250,0.10522,54.0965,54.0965,119944,0
1778489556.351047,0.152849,-0.165543,0.555943,0,21.0606,21.678,-0.129562,-0.187158,-0.119747,0.0007,0.1456,20.9143,250,0.08366,42.9254,42.9254,119944,0
1778489556.401154,0.150842,-0.170757,0.556837,0,20.3877,21.1116,-0.131569,-0.192373,-0.118853,0.0008,0.1614,20.2256,250,0.0809,15.2147,15.2147,119944,0
1778489556.451345,0.150082,-0.176049,0.557914,1,0.843,1.038,-0.132329,-0.197664,-0.117776,0.0007,0.1562,0.6861,4,0.17152,2.7146,2.7146,119944,0
1778489556.501548,0.150297,-0.182607,0.558262,1,0.8197,0.9904,-0.132114,-0.204223,-0.117428,0.0007,0.1506,0.6685,4,0.16711,1.3955,1.3955,119944,0
1778489556.551715,0.151217,-0.188903,0.557795,1,0.8894,1.0979,-0.131194,-0.210518,-0.117895,0.0009,0.1645,0.724,4,0.18099,1.245,1.245,119944,0
1778489556.601837,0.151822,-0.195605,0.557448,1,0.9167,1.1068,-0.130589,-0.21722,-0.118242,0.0008,0.1791,0.7368,4,0.1842,1.23,1.23,119948,0
1778489556.651934,0.152252,-0.197038,0.557072,1,0.8671,1.0653,-0.130159,-0.218654,-0.118618,0.0007,0.1615,0.7049,4,0.17623,1.1322,1.1322,119948,0
1778489556.702076,0.152621,-0.198226,0.556183,1,0.9416,1.1551,-0.12979,-0.219842,-0.119507,0.0007,0.1432,0.7976,4,0.1994,1.2214,1.2214,119948,0
1778489556.752253,0.153008,-0.198001,0.5559,1,0.908,1.0969,-0.129403,-0.219616,-0.11979,0.0007,0.1895,0.7177,4,0.17943,1.1195,1.1195,119948,0
1778489556.802436,0.155021,-0.19903,0.553239,1,0.9493,1.1448,-0.12739,-0.220645,-0.122451,0.0011,0.1801,0.7681,4,0.19202,1.2778,1.2778,119948,0
1778489556.852593,0.156033,-0.200125,0.551587,1,0.8607,1.0423,-0.126378,-0.221741,-0.124103,0.0008,0.1806,0.6793,4,0.16981,1.2904,1.2904,119948,0
1778489556.902706,0.156607,-0.201554,0.550275,1,1.0186,1.2316,-0.125804,-0.223169,-0.125415,0.0007,0.1807,0.8372,4,0.2093,1.2848,1.2848,119948,0
1778489556.952894,0.156469,-0.202982,0.548981,1,0.8186,0.9925,-0.125942,-0.224598,-0.126709,0.0008,0.1467,0.6711,4,0.16777,1.29,1.29,119948,0
1778489557.003115,0.155476,-0.202731,0.548141,1,1.2084,1.3241,-0.126934,-0.224346,-0.127548,0.0009,0.1632,1.0443,4,0.26108,1.3063,1.3063,119960,0
1778489557.053215,0.155186,-0.20243,0.548094,1,0.752,0.9466,-0.127224,-0.224045,-0.127596,0.0003,0.1104,0.6413,4,0.16033,1.3095,1.3095,119964,0
1778489557.103457,0.154715,-0.202276,0.548474,1,0.8775,1.0734,-0.127696,-0.223892,-0.127216,0.0003,0.1768,0.7004,4,0.1751,1.3099,1.3099,119964,0
1778489557.153555,0.154114,-0.202455,0.549202,1,0.9755,1.7278,-0.128296,-0.224071,-0.126488,0.0009,0.1901,0.7845,4,0.19613,1.3102,1.3102,119964,0
1778489557.203659,0.152306,-0.202808,0.550674,1,0.8566,1.0447,-0.130105,-0.224423,-0.125016,0.001,0.1675,0.6881,4,0.17203,1.311,1.311,119964,0
1778489557.253761,0.151223,-0.203151,0.551059,1,0.9786,1.1736,-0.131188,-0.224767,-0.124631,0.0007,0.1539,0.824,4,0.206,1.3196,1.3196,119964,0
1778489558.910038,0.161774,-0.130081,0.484124,0,24.3825,25.7643,-0.120636,-0.151696,-0.191565,0.0008,0.1742,24.2075,250,0.09683,43.9445,43.9445,119968,0
1778489558.960135,0.161751,-0.130518,0.484786,0,20.8727,21.8743,-0.120659,-0.152133,-0.190904,0.0006,0.1163,20.7558,250,0.08302,43.2786,43.2786,119968,0
1778489559.010234,0.162252,-0.129655,0.484021,0,21.1211,22.1399,-0.120158,-0.151271,-0.191669,0.0008,0.1317,20.9886,250,0.08395,43.8695,43.8695,119972,0
1778489559.060331,0.164302,-0.129716,0.48237,0,20.2215,21.3105,-0.118109,-0.151332,-0.19332,0.0007,0.1601,20.0608,250,0.08024,81.3558,81.3558,119972,0
1778489559.110516,0.165859,-0.128222,0.482119,0,20.1292,21.2363,-0.116552,-0.149838,-0.193571,0.0007,0.147,19.9814,250,0.07993,44.9498,44.9498,119972,0
1778489559.160695,0.166691,-0.126074,0.482704,0,21.2112,22.6348,-0.115719,-0.14769,-0.192986,0.001,0.192,21.0182,250,0.08407,78.2934,78.2934,119972,0
1778489559.210883,0.165184,-0.123405,0.487634,0,21.1747,22.4461,-0.117227,-0.145021,-0.188056,0.0007,0.1385,21.0354,250,0.08414,132.1694,132.1694,119972,0
1778489559.261061,0.163546,-0.123432,0.490273,0,20.8715,24.4381,-0.118864,-0.145048,-0.185417,0.0008,0.1295,20.7412,250,0.08296,124.4781,124.4781,119972,0
1778489559.31117,0.160981,-0.124369,0.492607,0,19.7106,22.9554,-0.121429,-0.145984,-0.183083,0.0009,0.1575,19.5522,250,0.07821,125.8128,125.8128,119972,0
1778489559.361376,0.158359,-0.124863,0.494185,0,20.4101,21.9765,-0.124052,-0.146478,-0.181505,0.001,0.1646,20.2445,250,0.08098,66.4937,66.4937,119976,0
1778489559.411481,0.157228,-0.128907,0.497946,0,22.8228,26.1644,-0.125183,-0.150523,-0.177744,0.0008,0.1454,22.6766,250,0.09071,123.5793,123.5793,119976,0
1778489559.461656,0.162125,-0.132839,0.501114,0,21.2064,24.8753,-0.120286,-0.154455,-0.174576,0.0006,0.1406,21.0653,250,0.08426,120.8779,120.8779,119988,0
1778489559.511875,0.171205,-0.137194,0.505303,0,20.0829,21.4578,-0.111205,-0.158809,-0.170387,0.0007,0.1588,19.9234,250,0.07969,116.0797,116.0797,119988,0
1778489559.562021,0.183403,-0.142473,0.508285,0,19.3646,20.5749,-0.099007,-0.164088,-0.167405,0.0006,0.151,19.213,250,0.07685,98.8605,98.8605,119988,0
1778489559.612206,0.221302,-0.160931,0.517557,1,21.3623,22.4016,-0.061109,-0.182547,-0.158133,0.0008,0.1504,21.2112,250,0.08484,6.0227,6.0227,119988,0
1778489559.662309,0.240037,-0.171127,0.522769,1,20.4074,21.0736,-0.042373,-0.192743,-0.152921,0.0009,0.168,20.2384,250,0.08095,3.994,3.994,119988,0
1778489559.712502,0.266021,-0.184965,0.530067,1,1.0649,1.2508,-0.016389,-0.20658,-0.145623,0.0008,0.1563,0.9078,6,0.15129,2.8975,2.8975,119988,0
1778489559.762677,0.299641,-0.204365,0.537588,1,23.908,25.6025,0.017231,-0.225981,-0.138102,0.0008,0.1613,23.7459,250,0.09498,4.0111,4.0111,119988,0
1778489559.812837,0.3,-0.236333,0.546653,1,0.9971,1.1576,0.067892,-0.257948,-0.129037,0.0006,0.1383,0.8582,6,0.14303,2.6428,2.6428,119988,0
1778489559.86301,0.3,-0.247482,0.548433,1,1.1647,1.3523,0.087839,-0.269098,-0.127257,0.0009,0.1687,0.9951,7,0.14216,1.5868,1.5868,119992,0
1778489559.913114,0.3,-0.256754,0.546403,1,1.4326,1.6756,0.099172,-0.278369,-0.129287,0.0009,0.1822,1.2495,7,0.17851,2.1059,2.1059,119992,0
1778489559.963275,0.3,-0.262751,0.546296,1,1.1534,2.099,0.105383,-0.284367,-0.129394,0.0008,0.159,0.9936,7,0.14194,2.2057,2.2057,119992,0
1778489560.013431,0.3,-0.2619,0.550952,1,1.3787,1.5544,0.107509,-0.283515,-0.124738,0.0008,0.1573,1.2206,9,0.13562,1.9156,1.9156,119992,0
1778489560.063607,0.3,-0.257047,0.554521,1,1.1439,1.3314,0.106615,-0.278663,-0.121169,0.0008,0.1623,0.9809,7,0.14012,2.9701,2.9701,119992,0
1778489560.11374,0.3,-0.253865,0.557062,1,1.231,1.4349,0.105522,-0.27548,-0.118628,0.0009,0.1815,1.0486,7,0.14979,1.5206,1.5206,119992,0
1778489560.163924,0.3,-0.252714,0.558006,1,1.1927,1.8238,0.104769,-0.274329,-0.117684,0.0011,0.1546,1.0369,7,0.14813,1.5957,1.5957,119992,0
1778489560.214013,0.3,-0.256663,0.560177,1,1.1378,1.3195,0.104288,-0.278279,-0.115513,0.0005,0.1532,0.9841,7,0.14059,1.5041,1.5041,119996,0
1778489560.264119,0.3,-0.25796,0.563913,1,1.149,1.3324,0.103029,-0.279575,-0.111777,0.0009,0.1545,0.9937,7,0.14195,1.585,1.585,119996,0
1778489560.314231,0.3,-0.25852,0.567488,1,1.3295,1.5449,0.101505,-0.280135,-0.108202,0.0011,0.1861,1.1423,6,0.19038,2.147,2.147,120008,0
1778489560.364332,0.3,-0.258808,0.570552,1,1.0987,4.5855,0.099964,-0.280424,-0.105138,0.0006,0.1561,0.9419,6,0.15698,1.8411,1.8411,120008,0
1778489560.414614,0.3,-0.259038,0.575672,1,1.1248,1.7227,0.097217,-0.280653,-0.100018,0.0008,0.2173,0.9067,6,0.15111,2.7655,2.7655,120008,0
1778489560.464761,0.3,-0.258778,0.57951,1,1.0488,1.2236,0.095208,-0.280394,-0.09618,0.0008,0.1681,0.8799,6,0.14665,1.7148,1.7148,120008,0
1778489560.514945,0.3,-0.259344,0.58468,1,1.1731,1.3442,0.093223,-0.280959,-0.09101,0.0009,0.1669,1.0053,7,0.14361,1.6669,1.6669,120008,0
1778489560.56506,0.3,-0.256535,0.60426,1,1.5664,1.9949,0.081578,-0.27815,-0.07143,0.001,0.181,1.3845,10,0.13845,1.97,1.97,120008,0
1778489560.615154,0.3,-0.252089,0.61929,1,1.1501,1.9417,0.069234,-0.273705,-0.0564,0.0006,0.1489,1.0006,7,0.14294,1.7629,1.7629,120008,0
1778489560.665263,0.3,-0.247542,0.632746,1,1.0464,1.664,0.055733,-0.269157,-0.042944,0.0009,0.1582,0.8874,6,0.14789,2.279,2.279,120012,0
1778489560.715358,0.3,-0.242009,0.647095,1,1.3897,2.1892,0.038619,-0.263625,-0.028595,0.0008,0.1753,1.2136,8,0.15169,1.1569,1.1569,120012,0
1778489560.765531,0.299457,-0.234765,0.65,1,1.0836,2.0768,0.017046,-0.25638,-0.009862,0.0011,0.1819,0.9007,5,0.18013,2.8908,2.8908,120012,0
1778489560.815713,0.286436,-0.229138,0.65,1,1.1291,5.3206,0.004025,-0.250753,-0.002368,0.0009,0.1641,0.964,6,0.16067,2.1435,2.1435,120012,0
1778489560.865888,0.274051,-0.223264,0.65,1,0.944,1.7225,-0.00836,-0.24488,0.004066,0.0007,0.1483,0.7951,5,0.15901,1.4459,1.4459,120012,0
1778489560.915991,0.263427,-0.217912,0.65,1,0.8541,1.7774,-0.018984,-0.239528,0.00926,0.0007,0.166,0.6874,4,0.17186,1.9254,1.9254,120012,0
1778489560.966427,0.248093,-0.209498,0.65,1,0.8398,1.0159,-0.034318,-0.231113,0.015712,0.0008,0.1636,0.6753,4,0.16883,1.849,1.849,120012,0
1778489561.016651,0.243077,-0.205693,0.65,1,0.9613,1.1621,-0.039334,-0.227308,0.017935,0.0007,0.1739,0.7867,5,0.15734,1.6674,1.6674,120012,0
1778489561.066744,0.238875,-0.201494,0.65,1,1.1386,1.338,-0.043535,-0.22311,0.019869,0.0006,0.1683,0.9696,5,0.19393,1.7078,1.7078,120016,0
1778489561.11701,0.236504,-0.198601,0.65,1,0.9568,1.1382,-0.045906,-0.220216,0.022001,0.0007,0.1552,0.8009,5,0.16018,1.7299,1.7299,120024,0
1778489561.167119,0.233271,-0.194377,0.65,1,0.9812,1.1672,-0.049139,-0.215993,0.02504,0.0007,0.1549,0.8256,5,0.16511,1.8043,1.8043,120024,0
1778489561.217227,0.232479,-0.192455,0.65,1,27.6247,28.217,-0.049932,-0.214071,0.026155,0.0011,0.1795,27.4441,250,0.10978,4.6154,4.6154,120024,0
1778489561.269043,0.2324,-0.191462,0.65,1,28.4142,30.2238,-0.05001,-0.213078,0.027176,0.0003,0.103,28.3109,250,0.11324,6.3167,6.3167,120024,0
1778489561.319221,0.231401,-0.189415,0.65,1,0.8729,1.0176,-0.05101,-0.21103,0.029288,0.0009,0.129,0.7431,5,0.14861,1.692,1.692,120024,0
1778489561.3694,0.239482,-0.181199,0.65,1,0.9648,1.151,-0.042929,-0.202815,0.031814,0.0008,0.1711,0.7929,5,0.15858,1.7421,1.7421,120024,0
1778489561.419492,0.247041,-0.17218,0.65,1,1.0096,1.1944,-0.035369,-0.193795,0.032141,0.0008,0.1787,0.8301,5,0.16603,1.7076,1.7076,120028,0
1778489561.469669,0.26049,-0.161461,0.65,1,1.0815,1.2817,-0.02192,-0.183077,0.032104,0.0009,0.1752,0.9054,5,0.18107,1.6155,1.6155,120028,0
1778489561.519875,0.273703,-0.149112,0.65,1,0.9492,1.1314,-0.008708,-0.170727,0.030729,0.001,0.1468,0.8013,5,0.16027,1.9941,1.9941,120028,0
1778489561.56996,0.3,-0.114791,0.65,1,1.1674,1.345,0.022458,-0.136407,0.026989,0.001,0.1579,1.0085,7,0.14407,1.6907,1.6907,120028,0
1778489561.620062,0.3,-0.096387,0.65,1,0.5382,0.678,0.034225,-0.118002,0.024882,0.0004,0.1088,0.429,7,0.06129,1.7006,1.7006,120028,0
1778489561.670156,0.3,-0.080931,0.65,1,1.0464,1.2362,0.047158,-0.102546,0.02288,0.0008,0.1754,0.8702,5,0.17404,2.168,2.168,120028,0
1778489561.720231,0.3,-0.069697,0.65,1,0.9671,1.1578,0.059335,-0.091312,0.020549,0.0007,0.1628,0.8036,5,0.16073,1.8031,1.8031,120028,0
1778489561.770307,0.3,-0.050138,0.65,0,23.4632,24.2125,0.086234,-0.071754,0.010879,0.0006,0.1456,23.317,250,0.09327,20.1934,20.1934,120028,0
1778489561.820403,0.3,-0.05,0.65,0,20.5176,23.2133,0.096436,-0.06522,0.007343,0.0007,0.1238,20.3931,250,0.08157,32.2206,32.2206,120032,0
1778489561.870561,0.3,-0.05,0.65,0,20.936,23.8141,0.102545,-0.058558,0.004966,0.0007,0.1655,20.7698,250,0.08308,33.9746,33.9746,120032,0
1778489561.920709,0.3,-0.05,0.65,0,21.605,24.7032,0.105452,-0.05211,0.003636,0.0008,0.182,21.4222,250,0.08569,33.7631,33.7631,120032,0
1778489561.970867,0.3,-0.05,0.65,0,21.1673,22.4189,0.108302,-0.042404,0.001756,0.0007,0.1488,21.0178,250,0.08407,31.2325,31.2325,120044,0
1778489562.021023,0.3,-0.05,0.65,0,20.8887,22.1623,0.109544,-0.039386,0.000578,0.0008,0.1415,20.7464,250,0.08299,30.1693,30.1693,120044,0
1778489562.07121,0.3,-0.05,0.65,0,21.0412,21.6585,0.11066,-0.037311,-0.000316,0.0007,0.1392,20.9013,250,0.08361,27.8731,27.8731,120044,0
1778489562.121418,0.3,-0.05,0.65,0,21.3122,22.062,0.111266,-0.035329,-0.000994,0.0009,0.1575,21.1538,250,0.08462,22.5264,22.5264,120044,0
1778489562.171543,0.3,-0.05,0.65,1,20.556,21.6017,0.113241,-0.032845,-0.003777,0.0012,0.2107,20.344,250,0.08138,3.4403,3.4403,120044,0
1778489562.221633,0.3,-0.05,0.65,1,0.8802,1.0435,0.114725,-0.035985,-0.005629,0.0006,0.1328,0.7468,5,0.14936,2.1319,2.1319,120044,0
1778489562.271811,0.3,-0.05,0.65,1,0.9734,1.1451,0.117381,-0.042237,-0.008366,0.0007,0.1675,0.8053,5,0.16106,1.272,1.272,120048,0
1778489562.321973,0.3,-0.05,0.65,1,1.0651,1.2513,0.119942,-0.047683,-0.011526,0.0008,0.1658,0.8985,6,0.14975,2.5543,2.5543,120048,0
1778489562.372079,0.3,-0.05,0.65,1,1.1373,1.3202,0.118301,-0.054729,-0.013685,0.0008,0.1508,0.9856,7,0.14081,1.68,1.68,120048,0
1778489562.422255,0.3,-0.05,0.65,1,1.1631,1.3649,0.118134,-0.057556,-0.014247,0.0008,0.1736,0.9887,7,0.14125,1.8433,1.8433,120048,0
1778489562.472429,0.3,-0.05,0.65,1,1.1334,1.3129,0.118595,-0.059289,-0.01483,0.0008,0.1509,0.9817,7,0.14025,1.9137,1.9137,120048,0
1778489562.522629,0.3,-0.05,0.65,1,1.1277,1.3027,0.119323,-0.0619,-0.015524,0.0008,0.1652,0.9617,7,0.13739,1.9966,1.9966,120048,0
1778489562.572756,0.3,-0.05,0.65,1,1.133,1.3263,0.121445,-0.065956,-0.016549,0.001,0.1507,0.9814,7,0.14019,2.3148,2.3148,120048,0
1778489562.622949,0.3,-0.05,0.65,1,1.1703,1.3604,0.121403,-0.066752,-0.016548,0.001,0.177,0.9923,7,0.14175,2.2569,2.2569,120052,0
1778489562.673092,0.3,-0.05,0.65,1,1.1565,1.3397,0.121426,-0.067125,-0.016458,0.0009,0.1658,0.9898,7,0.1414,2.1339,2.1339,120052,0
1778489562.723198,0.3,-0.05,0.65,1,1.1624,2.1097,0.121851,-0.068181,-0.017022,0.0008,0.1717,0.99,7,0.14143,2.0271,2.0271,120052,0
1778489562.773424,0.3,-0.05,0.65,1,1.1614,1.3494,0.12133,-0.069008,-0.01903,0.0009,0.1674,0.993,7,0.14186,2.1574,2.1574,120052,0
1778489562.823582,0.3,-0.05,0.65,1,1.0873,1.2672,0.120282,-0.068905,-0.020735,0.0008,0.1776,0.9089,6,0.15148,2.6576,2.6576,120064,0
1778489562.873795,0.3,-0.05,0.65,1,1.2348,1.4606,0.121408,-0.069576,-0.023935,0.0008,0.188,1.046,6,0.17434,2.792,2.792,120064,0
1778489562.923855,0.3,-0.05,0.65,1,1.0691,1.5212,0.121826,-0.070513,-0.024729,0.0007,0.1529,0.9155,6,0.15259,2.3444,2.3444,120064,0
1778489562.973963,0.3,-0.05,0.65,1,1.061,1.2528,0.121231,-0.070477,-0.025479,0.0007,0.168,0.8922,6,0.1487,2.2477,2.2477,120064,0
1778489563.024066,0.3,-0.05,0.649902,1,1.0838,1.2745,0.120765,-0.070007,-0.025788,0.0009,0.1562,0.9267,6,0.15445,2.1232,2.1232,120068,0
1778489563.074175,0.3,-0.05,0.65,1,1.244,1.46,0.120014,-0.06937,-0.025666,0.0012,0.1882,1.0545,6,0.17576,2.0837,2.0837,120068,0
1778489563.12477,0.3,-0.05,0.65,1,1.022,1.1877,0.117413,-0.067126,-0.023356,0.0009,0.1434,0.8778,6,0.1463,2.0784,2.0784,120068,0
1778489563.17497,0.3,-0.05,0.65,1,1.0587,1.8376,0.116303,-0.065709,-0.02205,0.001,0.1587,0.899,6,0.14984,2.1476,2.1476,120068,0
1778489563.225068,0.3,-0.05,0.65,1,1.0825,1.8468,0.115258,-0.064017,-0.020672,0.001,0.1556,0.9259,6,0.15431,2.1674,2.1674,120068,0
1778489563.275239,0.3,-0.05,0.65,1,1.0718,1.26,0.114094,-0.061957,-0.019071,0.0013,0.1675,0.903,6,0.15051,2.1667,2.1667,120068,0
1778489563.325331,0.3,-0.05,0.65,1,1.1027,2.0184,0.111903,-0.058378,-0.01659,0.001,0.1631,0.9386,6,0.15643,2.2025,2.2025,120068,0
1778489563.375483,0.3,-0.05,0.65,1,1.0979,1.8798,0.112048,-0.05851,-0.016375,0.0008,0.1612,0.9358,6,0.15597,2.2615,2.2615,120068,0
1778489563.425645,0.3,-0.05,0.65,1,1.1249,1.294,0.112358,-0.058806,-0.016406,0.0009,0.1902,0.9338,6,0.15563,2.2764,2.2764,120072,0
1778489563.475837,0.3,-0.05,0.65,1,1.0732,1.2604,0.11253,-0.058896,-0.01659,0.0008,0.1684,0.9041,6,0.15068,2.2917,2.2917,120072,0
1778489563.525945,0.3,-0.05,0.65,1,1.0785,4.1407,0.112736,-0.059138,-0.016864,0.0009,0.1651,0.9125,6,0.15208,2.2305,2.2305,120072,0
1778489563.576052,0.3,-0.05,0.65,1,1.0366,3.8136,0.112558,-0.058983,-0.017221,0.001,0.1504,0.8852,6,0.14754,2.3165,2.3165,120072,0
1778489563.626729,0.3,-0.05,0.65,1,1.1039,1.2843,0.112292,-0.058626,-0.017515,0.0011,0.177,0.9258,6,0.15429,2.2838,2.2838,120080,0
1778489563.676912,0.3,-0.05,0.65,1,1.0549,1.2566,0.111965,-0.05804,-0.018263,0.0007,0.1684,0.8858,6,0.14763,2.3181,2.3181,120080,0
1778489563.727014,0.3,-0.05,0.65,1,1.2585,1.4697,0.111438,-0.053643,-0.021528,0.0009,0.1816,1.0759,6,0.17932,2.8348,2.8348,120080,0
1778489563.777119,0.3,-0.05,0.65,1,1.3184,1.5401,0.111112,-0.049562,-0.02287,0.001,0.2056,1.1118,6,0.18529,2.8501,2.8501,120080,0
1778489563.827221,0.3,-0.05,0.65,1,1.1346,1.3137,0.11114,-0.050169,-0.022519,0.0009,0.155,0.9787,7,0.13981,2.2033,2.2033,120084,0
1778489563.87732,0.3,-0.05,0.65,1,1.0838,1.2737,0.111206,-0.050949,-0.022244,0.0007,0.1739,0.9092,6,0.15153,2.5351,2.5351,120084,0
1778489563.927423,0.3,-0.05,0.65,1,1.0855,1.2764,0.11122,-0.051113,-0.022189,0.001,0.1661,0.9184,6,0.15307,2.7763,2.7763,120084,0
1778489563.977545,0.3,-0.05,0.65,1,1.0864,1.3014,0.11122,-0.051115,-0.022188,0.001,0.2066,0.8788,5,0.17577,2.316,2.316,120084,0
1778489564.028672,0.3,-0.05,0.65,1,0.9686,1.1603,0.11122,-0.051115,-0.022188,0.0008,0.1679,0.7998,5,0.15997,1.5961,1.5961,120084,0
1778489564.078866,0.3,-0.05,0.65,1,0.9404,1.1247,0.11122,-0.051115,-0.022188,0.0011,0.1573,0.782,5,0.1564,1.6899,1.6899,120084,0
1778489564.128921,0.3,-0.05,0.65,1,0.9548,1.1381,0.11122,-0.051115,-0.022188,0.0008,0.1671,0.7869,5,0.15737,1.8782,1.8782,120084,0
1778489564.179029,0.3,-0.05,0.65,1,1.1361,1.3619,0.11122,-0.051115,-0.022188,0.0009,0.17,0.9651,5,0.19303,2.9073,2.9073,120084,0
1778489564.229126,0.3,-0.05,0.65,1,25.5443,28.7146,0.11122,-0.051115,-0.022188,0.0007,0.1739,25.3697,250,0.10148,3.8593,3.8593,120088,0
1778489564.279306,0.3,-0.05,0.65,1,1.0776,1.224,0.11122,-0.051115,-0.022188,0.0008,0.1311,0.9457,7,0.1351,2.5582,2.5582,120088,0
1778489564.329509,0.3,-0.05,0.65,1,3.0976,3.2941,0.11122,-0.051115,-0.022188,0.0009,0.1552,2.9415,25,0.11766,2.9942,2.9942,120088,0
1778489564.379695,0.3,-0.05,0.65,1,0.9657,1.1647,0.11122,-0.051115,-0.022188,0.001,0.1714,0.7932,5,0.15865,1.7425,1.7425,120088,0
1778489564.430019,0.3,-0.05,0.65,0,23.7915,24.7353,0.11122,-0.051115,-0.022188,0.0003,0.1102,23.681,250,0.09472,144.1178,144.1178,120088,0
1778489564.480116,0.3,-0.05,0.65,0,27.9341,29.1322,0.11122,-0.051115,-0.022188,0.0006,0.1536,27.78,250,0.11112,65.1459,65.1459,120100,0
1778489564.530239,0.3,-0.05,0.65,0,11.7602,12.471,0.11122,-0.051115,-0.022188,0.0005,0.1091,11.6506,250,0.0466,55.8055,55.8055,120100,0
1778489564.580324,0.3,-0.05,0.65,0,14.2119,14.8119,0.11122,-0.051115,-0.022188,0.0005,0.1276,14.0838,250,0.05634,35.693,35.693,120100,0
1778489564.63042,0.3,-0.05,0.65,0,21.4105,26.2215,0.11122,-0.051115,-0.022188,0.0007,0.1625,21.2473,250,0.08499,33.2372,33.2372,120104,0
1778489564.680526,0.3,-0.05,0.65,0,24.4658,27.898,0.11122,-0.051115,-0.022188,0.0005,0.1737,24.2915,250,0.09717,43.7254,43.7254,120104,0
1778489564.7307,0.3,-0.05,0.65,0,21.0123,24.0305,0.11122,-0.051115,-0.022188,0.0006,0.1382,20.8735,250,0.08349,71.8517,71.8517,120104,0
1778489564.780906,0.3,-0.05,0.65,0,18.3981,21.3851,0.11122,-0.051115,-0.022188,0.0006,0.138,18.2595,250,0.07304,72.1619,72.1619,120104,0
1778489564.83113,0.3,-0.05,0.65,0,21.6028,21.7032,0.11122,-0.051115,-0.022188,0.0007,0.1334,21.4687,250,0.08587,64.093,64.093,120104,0
1778489564.881217,0.3,-0.05,0.65,0,20.9497,22.2459,0.11122,-0.051115,-0.022188,0.0007,0.1474,20.8017,250,0.08321,58.3272,58.3272,120104,0
1778489564.93132,0.3,-0.05,0.65,0,21.352,22.3902,0.11122,-0.051115,-0.022188,0.0007,0.1573,21.194,250,0.08478,56.4315,56.4315,120104,0
1778489564.981416,0.3,-0.05,0.65,0,20.9567,22.1097,0.11122,-0.051115,-0.022188,0.0007,0.1192,20.8368,250,0.08335,66.3202,66.3202,120104,0
1778489565.031563,0.3,-0.05,0.65,0,20.928,21.8357,0.11122,-0.051115,-0.022188,0.0007,0.1419,20.7854,250,0.08314,66.3068,66.3068,120108,0
1778489565.081641,0.3,-0.05,0.65,0,19.876,21.1083,0.11122,-0.051115,-0.022188,0.0006,0.1632,19.7122,250,0.07885,41.6838,41.6838,120108,0
1778489565.131841,0.3,-0.05,0.65,0,22.136,22.7686,0.11122,-0.051115,-0.022188,0.0009,0.1588,21.9763,250,0.08791,49.8239,49.8239,120108,0
1778489565.181948,0.3,-0.05,0.65,0,21.9351,22.7035,0.11122,-0.051115,-0.022188,0.0013,0.1832,21.7506,250,0.087,53.6071,53.6071,120108,0
1778489565.232125,0.3,-0.05,0.65,0,22.0644,23.6065,0.11122,-0.051115,-0.022188,0.0008,0.1306,21.9331,250,0.08773,53.3783,53.3783,120108,0
1778489565.282219,0.3,-0.05,0.65,0,19.0474,20.422,0.11122,-0.051115,-0.022188,0.0009,0.1474,18.899,250,0.0756,70.1188,70.1188,120108,0
1778489565.332399,0.3,-0.05,0.65,0,22.1745,23.8155,0.11122,-0.051115,-0.022188,0.0008,0.1622,22.0115,250,0.08805,118.0938,118.0938,120120,0
1778489565.382489,0.3,-0.05,0.65,0,20.5613,20.6515,0.11122,-0.051115,-0.022188,0.0007,0.1233,20.4373,250,0.08175,129.8447,129.8447,120120,0
1778489565.432688,0.3,-0.05,0.65,0,31.7312,31.913,0.11122,-0.051115,-0.022188,0.0009,0.178,31.5523,250,0.12621,126.0946,126.0946,120124,0
1778489565.48279,0.3,-0.05,0.65,0,26.7734,30.3405,0.11122,-0.051115,-0.022188,0.0007,0.1422,26.6305,250,0.10652,110.2311,110.2311,120128,0
1778489565.532919,0.3,-0.05,0.65,0,23.8619,27.2152,0.11122,-0.051115,-0.022188,0.0008,0.1618,23.6993,250,0.0948,100.0407,100.0407,120128,0
1778489565.58304,0.3,-0.05,0.65,0,21.124,22.3065,0.11122,-0.051115,-0.022188,0.0006,0.1439,20.9795,250,0.08392,106.7403,106.7403,120128,0
1778489565.633223,0.3,-0.05,0.65,0,21.1515,21.251,0.11122,-0.051115,-0.022188,0.0006,0.1406,21.0103,250,0.08404,116.9545,116.9545,120128,0
1778489565.683312,0.3,-0.05,0.65,0,17.8181,19.0455,0.11122,-0.051115,-0.022188,0.0007,0.1435,17.674,250,0.0707,122.5553,122.5553,120128,0
1778489565.733483,0.3,-0.054091,0.63343,0,21.9653,25.2771,0.084871,-0.075706,-0.04226,0.0007,0.14,21.8246,250,0.0873,118.8291,118.8291,120140,0
1778489565.783661,0.3,-0.069437,0.62711,0,21.5739,24.8991,0.078811,-0.091053,-0.04858,0.0008,0.1377,21.4354,250,0.08574,127.5115,127.5115,120140,0
1778489565.833827,0.3,-0.073489,0.627534,0,21.3396,24.8891,0.073133,-0.095104,-0.048156,0.0006,0.1342,21.2048,250,0.08482,131.3103,131.3103,120144,0
1778489565.884018,0.3,-0.075759,0.627002,0,21.6728,22.3389,0.073118,-0.097374,-0.048688,0.0007,0.146,21.5261,250,0.0861,121.8635,121.8635,120144,0
1778489565.934223,0.3,-0.080133,0.623383,0,20.8628,21.5486,0.070941,-0.101748,-0.052307,0.0008,0.1548,20.7071,250,0.08283,110.716,110.716,120144,0
1778489565.984407,0.3,-0.084523,0.621147,0,21.1115,22.6921,0.072801,-0.106138,-0.054543,0.0008,0.1729,20.9378,250,0.08375,110.6669,110.6669,120144,0
1778489566.034559,0.3,-0.089218,0.618225,0,22.4738,23.5021,0.076327,-0.110834,-0.057465,0.0008,0.1586,22.3144,250,0.08926,106.4906,106.4906,120144,0
1778489566.085251,0.3,-0.09894,0.612173,0,31.7117,34.7147,0.086783,-0.120556,-0.063516,0.0007,0.1579,31.5531,250,0.12621,71.189,71.189,120144,0
1778489566.135432,0.3,-0.097538,0.609624,0,21.6865,24.2506,0.086316,-0.119153,-0.066066,0.0008,0.1267,21.559,250,0.08624,41.6961,41.6961,120144,0
1778489566.18555,0.3,-0.09175,0.608005,0,21.9749,25.2076,0.07916,-0.113365,-0.067685,0.0008,0.1876,21.7865,250,0.08715,23.9573,23.9573,120148,0
1778489566.235651,0.3,-0.088269,0.606877,0,21.2412,24.5756,0.077659,-0.109885,-0.068813,0.0005,0.1641,21.0766,250,0.08431,20.7151,20.7151,120148,0
1778489566.285741,0.3,-0.081781,0.603399,0,22.6083,24.4016,0.066149,-0.103396,-0.072291,0.0007,0.1095,22.4982,250,0.08999,51.5399,51.5399,120148,0
1778489566.335897,0.3,-0.078687,0.601071,0,25.1273,27.1918,0.059103,-0.100303,-0.074619,0.0006,0.1243,25.0024,250,0.10001,38.7944,38.7944,120148,0
1778489566.386632,0.3,-0.075843,0.598877,0,19.3099,20.3593,0.054329,-0.097459,-0.076813,0.0009,0.1553,19.1537,250,0.07661,41.5463,41.5463,120148,0
1778489566.436728,0.3,-0.072214,0.596576,0,20.1696,21.4594,0.050317,-0.093829,-0.079114,0.0008,0.1474,20.0213,250,0.08009,38.7427,38.7427,120148,0
1778489566.486829,0.3,-0.067164,0.595879,0,22.3181,23.1953,0.045547,-0.08878,-0.079811,0.0008,0.1532,22.1641,250,0.08866,58.4968,58.4968,120148,0
1778489566.538716,0.3,-0.067369,0.59712,0,21.3879,22.5651,0.046079,-0.088984,-0.07857,0.0007,0.1458,21.2413,250,0.08497,109.1064,109.1064,120148,0
1778489566.588894,0.3,-0.067609,0.598944,0,21.3518,22.6876,0.046538,-0.089224,-0.076746,0.0011,0.122,21.2287,250,0.08491,124.3264,124.3264,120152,0
1778489566.638992,0.3,-0.067617,0.600951,0,22.9146,24.6428,0.048043,-0.089233,-0.074739,0.001,0.1511,22.7625,250,0.09105,131.9416,131.9416,120152,0
1778489566.689093,0.3,-0.06821,0.604394,0,19.7612,21.3318,0.053388,-0.089826,-0.071296,0.0009,0.1533,19.607,250,0.07843,70.4222,70.4222,120152,0
1778489566.739171,0.3,-0.067816,0.606384,0,22.4738,23.8389,0.052013,-0.089432,-0.069306,0.0007,0.1614,22.3117,250,0.08925,70.9712,70.9712,120156,0
1778489566.789261,0.3,-0.06785,0.608154,0,19.2371,20.4989,0.05015,-0.089466,-0.067536,0.0005,0.1135,19.1231,250,0.07649,66.2695,66.2695,120156,0
1778489566.839362,0.3,-0.069039,0.610637,0,21.6308,23.0726,0.049491,-0.090655,-0.065053,0.0008,0.1305,21.4995,250,0.086,64.865,64.865,120156,0
1778489566.889461,0.3,-0.069565,0.613395,0,20.1246,20.7192,0.046623,-0.09118,-0.062295,0.0007,0.1461,19.9778,250,0.07991,68.27,68.27,120156,0
1778489566.939563,0.3,-0.071641,0.612611,0,19.9779,20.9131,0.047827,-0.093256,-0.063079,0.0006,0.1752,19.802,250,0.07921,65.8617,65.8617,120164,0
1778489566.989659,0.3,-0.071085,0.613189,0,21.1409,22.082,0.049249,-0.0927,-0.062501,0.0008,0.177,20.9631,250,0.08385,69.1747,69.1747,120168,0
1778489567.039857,0.3,-0.069769,0.614824,0,19.9454,21.1877,0.049815,-0.091385,-0.060865,0.0009,0.1647,19.7799,250,0.07912,71.1151,71.1151,120168,0
1778489567.089945,0.3,-0.069247,0.616827,0,20.9137,22.0742,0.048199,-0.090862,-0.058863,0.0007,0.1274,20.7855,250,0.08314,74.6614,74.6614,120168,0
1778489567.140082,0.3,-0.067933,0.618246,0,20.9411,23.9386,0.046033,-0.089548,-0.057444,0.0008,0.1709,20.7694,250,0.08308,78.8353,78.8353,120168,0
1778489567.190189,0.3,-0.066479,0.620768,0,24.1986,26.0683,0.043917,-0.088095,-0.054922,0.0003,0.1783,24.02,250,0.09608,81.4429,81.4429,120168,0
1778489567.240288,0.3,-0.065674,0.622569,0,21.9069,24.8518,0.041833,-0.087289,-0.053121,0.0003,0.1072,21.7994,250,0.0872,83.6451,83.6451,120168,0
1778489567.290394,0.3,-0.065964,0.624933,0,23.3928,24.6042,0.03429,-0.08758,-0.050757,0.0006,0.1593,23.2328,250,0.09293,77.329,77.329,120168,0
1778489567.340544,0.3,-0.067004,0.625168,0,23.4919,24.8358,0.035988,-0.08862,-0.050522,0.0003,0.0906,23.401,250,0.0936,67.7102,67.7102,120168,0
1778489567.390727,0.3,-0.068212,0.625129,0,21.5443,22.6657,0.03674,-0.089828,-0.050561,0.0008,0.1679,21.3756,250,0.0855,62.1355,62.1355,120172,0
1778489567.440897,0.3,-0.06965,0.624547,0,21.7164,22.981,0.037697,-0.091266,-0.051143,0.0008,0.1793,21.5363,250,0.08615,57.7406,57.7406,120172,0
1778489567.490982,0.3,-0.072641,0.622793,0,23.5458,26.5964,0.034256,-0.094256,-0.052897,0.0003,0.1108,23.4347,250,0.09374,52.3443,52.3443,120172,0
1778489567.541128,0.3,-0.073606,0.621862,0,22.9667,26.2558,0.033025,-0.095221,-0.053828,0.0008,0.1627,22.8032,250,0.09121,51.7061,51.7061,120172,0
1778489567.591212,0.3,-0.07428,0.621371,0,20.8571,23.9796,0.033011,-0.095895,-0.054319,0.0006,0.1254,20.7311,250,0.08292,54.2829,54.2829,120172,0
1778489567.641318,0.3,-0.073443,0.621117,0,22.4264,23.4879,0.032909,-0.095058,-0.054573,0.0009,0.1375,22.288,250,0.08915,53.5808,53.5808,120172,0
1778489567.691404,0.3,-0.073047,0.62311,0,19.0819,20.0685,0.033699,-0.094663,-0.05258,0.0008,0.1667,18.9144,250,0.07566,45.3116,45.3116,120172,0
1778489567.7415,0.3,-0.078721,0.62519,0,18.9368,20.0362,0.033859,-0.100336,-0.0505,0.0008,0.1504,18.7856,250,0.07514,40.1862,40.1862,120172,0
1778489567.791608,0.3,-0.075689,0.616975,0,19.7351,20.9762,0.03612,-0.097304,-0.058715,0.0007,0.1695,19.5649,250,0.07826,39.2141,39.2141,120188,0
1778489567.841748,0.3,-0.073581,0.610773,0,21.3103,22.5606,0.039615,-0.095196,-0.064917,0.0007,0.1522,21.1574,250,0.08463,58.2583,58.2583,120188,0
1778489567.891932,0.3,-0.077629,0.607486,0,22.8934,23.4886,0.040308,-0.099244,-0.068204,0.0007,0.1432,22.7495,250,0.091,51.3271,51.3271,120188,0
1778489567.942001,0.3,-0.082313,0.604853,0,18.7127,19.3485,0.035442,-0.103929,-0.070837,0.0008,0.1525,18.5594,250,0.07424,34.9079,34.9079,120188,0
1778489567.992081,0.3,-0.087452,0.60136,0,21.715,23.3097,0.034748,-0.109067,-0.07433,0.0008,0.1587,21.5555,250,0.08622,32.3467,32.3467,120188,0
1778489568.042192,0.3,-0.093468,0.598569,0,19.5806,24.3433,0.034906,-0.115084,-0.077121,0.0006,0.1409,19.439,250,0.07776,42.9662,42.9662,120188,0
1778489568.092306,0.3,-0.103966,0.59439,0,26.0957,27.7717,0.038968,-0.125581,-0.0813,0.0011,0.1795,25.915,250,0.10366,71.2835,71.2835,120188,0
1778489568.143134,0.3,-0.111034,0.592652,0,12.4298,13.3745,0.037679,-0.132649,-0.083038,0.0007,0.1249,12.3042,250,0.04922,84.0119,84.0119,120188,0
1778489568.193247,0.3,-0.12118,0.59233,0,21.0273,21.7651,0.032016,-0.142795,-0.08336,0.0002,0.1044,20.9226,250,0.08369,89.0384,89.0384,120192,0
1778489568.243542,0.3,-0.135445,0.592375,0,19.7148,20.5167,0.026759,-0.157061,-0.083315,0.0005,0.1479,19.5664,250,0.07827,90.2717,90.2717,120192,0
1778489568.293605,0.298731,-0.163747,0.595687,0,12.2975,13.2285,0.016321,-0.185362,-0.080003,0.0004,0.1104,12.1868,250,0.04875,88.8683,88.8683,120192,0
1778489568.343825,0.292008,-0.177192,0.597179,0,26.0,26.906,0.009598,-0.198807,-0.078511,0.0007,0.1405,25.8588,250,0.10344,87.4528,87.4528,120192,0
1778489568.393906,0.285425,-0.189951,0.595233,0,20.0934,21.383,0.003014,-0.211566,-0.080457,0.0005,0.1231,19.9697,250,0.07988,90.1025,90.1025,120192,0
1778489568.444314,0.278316,-0.200393,0.592575,0,25.8991,29.758,-0.004094,-0.222009,-0.083115,0.0003,0.1067,25.7921,250,0.10317,94.0339,94.0339,120192,0
1778489568.494498,0.264332,-0.215984,0.585333,1,1.7222,1.9153,-0.018078,-0.2376,-0.090357,0.0011,0.1937,1.5274,9,0.16971,0.4441,0.4441,120192,0
1778489568.544718,0.257169,-0.220934,0.582874,1,0.5805,0.7748,-0.025241,-0.242549,-0.092816,0.0009,0.1584,0.4212,2,0.21058,1.8333,1.8333,120192,0
1778489568.594899,0.250834,-0.224326,0.581518,1,0.638,0.8519,-0.031576,-0.245941,-0.094172,0.0009,0.1775,0.4596,2,0.22979,2.019,2.019,120204,0
1778489568.644995,0.239002,-0.22278,0.581423,1,0.6077,0.7865,-0.043409,-0.244395,-0.094267,0.0008,0.1668,0.44,2,0.22002,1.9318,1.9318,120208,0
1778489568.695097,0.232853,-0.217767,0.584067,1,0.649,0.8291,-0.049558,-0.239382,-0.091623,0.0008,0.1776,0.4706,2,0.23532,1.5532,1.5532,120208,0
1778489568.745192,0.227154,-0.211606,0.587911,1,0.6342,0.8114,-0.055257,-0.233222,-0.087779,0.0009,0.1683,0.465,2,0.23251,1.2021,1.2021,120208,0
1778489568.795345,0.22198,-0.205696,0.593513,1,1.4541,2.8304,-0.06043,-0.227311,-0.082177,0.0011,0.2819,1.1711,2,0.58556,0.9083,0.9083,120208,0
1778489568.845491,0.207436,-0.192564,0.610951,1,0.6725,1.5819,-0.074974,-0.214179,-0.064739,0.0011,0.1671,0.5042,2,0.2521,0.447,0.447,120208,0
1778489568.895583,0.200767,-0.188467,0.616251,0,31.7846,32.2648,-0.081643,-0.210082,-0.059439,0.0009,0.1733,31.6103,250,0.12644,14.9088,14.9088,120208,0
1778489568.945843,0.197565,-0.187346,0.617447,0,22.14,24.0942,-0.084845,-0.208962,-0.058243,0.0006,0.1716,21.9678,250,0.08787,22.0709,22.0709,120212,0
1778489568.995934,0.196416,-0.186454,0.616363,0,25.1127,27.0038,-0.085995,-0.20807,-0.059327,0.0008,0.1608,24.9511,250,0.0998,18.1195,18.1195,120212,0
1778489569.046008,0.197946,-0.185472,0.606254,1,0.5142,1.0635,-0.084465,-0.207087,-0.069436,0.0005,0.1316,0.382,2,0.19102,0.4853,0.4853,120212,0
1778489569.096094,0.20011,-0.185353,0.600982,1,0.7732,1.5671,-0.0823,-0.206968,-0.074708,0.0006,0.1489,0.6238,2,0.31188,0.4706,0.4706,120212,0
1778489569.146182,0.206044,-0.18847,0.598087,1,0.6553,0.8464,-0.076366,-0.210086,-0.077603,0.0005,0.1545,0.5002,2,0.25012,0.4792,0.4792,120212,0
1778489569.196762,0.209818,-0.190567,0.597444,1,0.6333,1.1048,-0.072592,-0.212183,-0.078246,0.0006,0.2046,0.4281,2,0.21406,0.5195,0.5195,120212,0
1778489569.24715,0.215452,-0.194635,0.599532,1,0.5983,0.7693,-0.066959,-0.216251,-0.076158,0.0007,0.1683,0.4292,2,0.21462,0.6935,0.6935,120212,0
1778489569.297258,0.218346,-0.196143,0.598862,1,0.6486,0.862,-0.064065,-0.217758,-0.076828,0.0009,0.1642,0.4835,2,0.24176,1.2327,1.2327,120212,0
1778489569.347357,0.224035,-0.199108,0.596862,1,0.5975,0.7891,-0.058375,-0.220724,-0.078828,0.0008,0.1579,0.4388,2,0.21938,1.9523,1.9523,120212,0
1778489569.397433,0.23142,-0.203167,0.594953,1,0.5768,0.7621,-0.05099,-0.224783,-0.080737,0.0007,0.1426,0.4334,2,0.21672,1.3856,1.3856,120216,0
1778489569.447509,0.246391,-0.211601,0.592626,1,0.6053,0.7994,-0.03602,-0.233217,-0.083064,0.0008,0.16,0.4445,2,0.22227,1.7039,1.7039,120216,0
1778489569.497587,0.251678,-0.214048,0.591707,1,0.593,0.7783,-0.030732,-0.235663,-0.083983,0.0007,0.1558,0.4365,2,0.21826,1.1187,1.1187,120216,0
1778489569.547662,0.256084,-0.215651,0.59079,1,0.555,0.7273,-0.026326,-0.237267,-0.0849,0.0007,0.1339,0.4204,2,0.21021,1.1401,1.1401,120224,0
1778489569.59896,0.258042,-0.215419,0.58985,1,0.6052,0.7904,-0.024368,-0.237035,-0.08584,0.0009,0.1488,0.4555,2,0.22773,1.1655,1.1655,120228,0
1778489569.649098,0.258433,-0.211145,0.586604,1,0.6507,0.8462,-0.023978,-0.232761,-0.089086,0.001,0.1702,0.4794,2,0.23972,1.2975,1.2975,120228,0
1778489569.69926,0.257342,-0.20802,0.584174,1,26.3826,27.206,-0.025068,-0.229636,-0.091516,0.0009,0.1731,26.2085,250,0.10483,4.6938,4.6938,120228,0
1778489569.749402,0.258271,-0.205682,0.582654,1,21.8708,25.1507,-0.024139,-0.227298,-0.093036,0.0003,0.0901,21.7804,250,0.08712,5.5547,5.5547,120228,0
1778489569.799498,0.257994,-0.202254,0.581477,1,19.4926,22.8413,-0.024417,-0.22387,-0.094213,0.0008,0.1612,19.3306,250,0.07732,7.4883,7.4883,120232,0
1778489569.849588,0.257969,-0.195368,0.580427,0,21.0589,21.9946,-0.024441,-0.216983,-0.095263,0.0009,0.1336,20.9244,250,0.0837,27.9449,27.9449,120232,0
1778489569.899664,0.258823,-0.193173,0.580426,0,21.3719,21.9498,-0.023587,-0.214788,-0.095264,0.0008,0.1745,21.1966,250,0.08479,39.3917,39.3917,120232,0
1778489569.949767,0.260659,-0.191868,0.580182,0,21.4209,22.1937,-0.021751,-0.213483,-0.095508,0.0006,0.1373,21.2829,250,0.08513,49.7512,49.7512,120232,0
1778489569.999829,0.263197,-0.191173,0.579037,0,21.0221,21.8862,-0.019214,-0.212789,-0.096653,0.0007,0.1322,20.8892,250,0.08356,55.2244,55.2244,120232,0
1778489570.049926,0.267725,-0.189822,0.573288,0,22.3659,23.2524,-0.014685,-0.211437,-0.102402,0.0008,0.1613,22.2038,250,0.08882,71.3699,71.3699,120232,0
1778489570.100021,0.269411,-0.18833,0.569629,0,24.7633,25.8296,-0.012999,-0.209946,-0.106061,0.0003,0.0798,24.6832,250,0.09873,89.5249,89.5249,120232,0
1778489570.150131,0.271863,-0.185927,0.566132,0,21.1668,22.3124,-0.010548,-0.207543,-0.109558,0.0008,0.167,20.9989,250,0.084,100.271,100.271,120232,0
1778489570.200331,0.27118,-0.181068,0.564388,0,20.5278,23.7907,-0.011231,-0.202683,-0.111302,0.0009,0.1684,20.3586,250,0.08143,110.9678,110.9678,120236,0
1778489570.250495,0.263602,-0.169038,0.559873,0,21.2634,24.1377,-0.018809,-0.190654,-0.115817,0.0007,0.1187,21.1439,250,0.08458,135.2734,135.2734,120248,0
1778489570.300678,0.257296,-0.16155,0.559385,0,22.0652,23.4078,-0.025114,-0.183165,-0.116305,0.0007,0.1724,21.8922,250,0.08757,144.3449,144.3449,120248,0
1778489570.35088,0.256149,-0.15871,0.560057,0,21.1821,22.3186,-0.026262,-0.180326,-0.115633,0.0013,0.1621,21.0188,250,0.08408,145.9664,145.9664,120248,0
1778489570.401089,0.257213,-0.15805,0.561284,0,21.246,22.2,-0.025197,-0.179665,-0.114406,0.0009,0.1603,21.0848,250,0.08434,145.2346,145.2346,120248,0
1778489570.451352,0.258683,-0.155162,0.561199,0,22.0446,22.8346,-0.023728,-0.176778,-0.114491,0.001,0.1604,21.8833,250,0.08753,135.3792,135.3792,120248,0
1778489570.501554,0.259017,-0.15317,0.560427,0,21.5375,22.6747,-0.023394,-0.174786,-0.115263,0.0009,0.1393,21.3972,250,0.08559,128.0311,128.0311,120248,0
1778489570.551733,0.260261,-0.151533,0.559819,0,21.616,22.7378,-0.02215,-0.173148,-0.115871,0.0011,0.1475,21.4675,250,0.08587,114.9954,114.9954,120248,0
1778489570.602021,0.25914,-0.149564,0.559978,0,18.9152,22.0833,-0.023271,-0.17118,-0.115712,0.0007,0.1427,18.7718,250,0.07509,109.3795,109.3795,120252,0
1778489570.652218,0.254401,-0.144648,0.556527,0,21.2982,24.2202,-0.028009,-0.166263,-0.119163,0.0009,0.1665,21.1307,250,0.08452,90.6738,90.6738,120252,0
1778489570.702329,0.252683,-0.144149,0.555263,0,21.5201,24.8887,-0.029728,-0.165764,-0.120427,0.0007,0.1596,21.3598,250,0.08544,86.5841,86.5841,120252,0
1778489570.752421,0.25229,-0.145294,0.553085,0,25.3063,28.59,-0.03012,-0.16691,-0.122605,0.0003,0.1097,25.1964,250,0.10079,72.9479,72.9479,120252,0
1778489570.802585,0.251406,-0.147249,0.551619,0,21.3143,22.9555,-0.031005,-0.168865,-0.124071,0.0006,0.1368,21.1769,250,0.08471,68.5201,68.5201,120252,0
1778489570.852752,0.246107,-0.152782,0.554161,0,20.152,21.2907,-0.036303,-0.174398,-0.121529,0.0009,0.1458,20.0053,250,0.08002,62.9132,62.9132,120256,0
1778489570.902982,0.243995,-0.156161,0.557026,0,21.3372,22.4256,-0.038416,-0.177777,-0.118664,0.0012,0.1645,21.1715,250,0.08469,60.3268,60.3268,120256,0
1778489570.953072,0.24154,-0.158359,0.559864,0,20.3592,21.4687,-0.04087,-0.179974,-0.115825,0.0003,0.1763,20.1825,250,0.08073,56.2786,56.2786,120256,0
1778489571.00319,0.238944,-0.160155,0.56136,0,28.3479,30.0001,-0.043467,-0.181771,-0.11433,0.0004,0.1006,28.2469,250,0.11299,51.0025,51.0025,120260,0
1778489571.053284,0.233409,-0.160831,0.562913,0,19.3194,20.3343,-0.049002,-0.182447,-0.112777,0.0007,0.1841,19.1346,250,0.07654,48.8105,48.8105,120260,0
1778489571.103378,0.232298,-0.161957,0.563005,0,21.4955,24.7513,-0.050112,-0.183573,-0.112685,0.0006,0.3028,21.1921,250,0.08477,45.0068,45.0068,120260,0
1778489571.153485,0.231636,-0.161507,0.562688,0,24.6702,27.8812,-0.050775,-0.183123,-0.113002,0.0003,0.1061,24.5638,250,0.09826,41.4513,41.4513,120272,0
1778489571.203712,0.230872,-0.16026,0.561237,0,20.6177,24.0662,-0.051539,-0.181876,-0.114453,0.0014,0.1534,20.4629,250,0.08185,40.07,40.07,120276,0
1778489571.253974,0.231324,-0.158947,0.556837,0,21.6507,24.5104,-0.051086,-0.180562,-0.118853,0.0008,0.1555,21.4944,250,0.08598,36.2257,36.2257,120276,0
1778489571.304139,0.231951,-0.158419,0.555545,0,21.0167,21.7045,-0.050459,-0.180034,-0.120145,0.0007,0.1347,20.8813,250,0.08353,36.5525,36.5525,120276,0
1778489571.354242,0.233106,-0.158138,0.555739,0,22.4487,24.0674,-0.049305,-0.179754,-0.119951,0.0007,0.1463,22.3017,250,0.08921,37.0139,37.0139,120276,0
1778489571.404447,0.235221,-0.158803,0.555919,0,20.9544,22.5498,-0.047189,-0.180419,-0.119771,0.0006,0.145,20.8088,250,0.08324,36.865,36.865,120280,0
1778489571.45455,0.24077,-0.160662,0.556201,0,21.0149,22.4115,-0.041641,-0.182277,-0.119489,0.0008,0.1717,20.8425,250,0.08337,35.0537,35.0537,120280,0
1778489571.504753,0.24418,-0.162745,0.555401,0,21.3305,24.6135,-0.03823,-0.18436,-0.120289,0.0006,0.1469,21.183,250,0.08473,33.4296,33.4296,120280,0
1778489571.555407,0.246938,-0.164401,0.554886,0,20.3553,23.7236,-0.035473,-0.186017,-0.120804,0.0007,0.1422,20.2124,250,0.08085,31.7968,31.7968,120280,0
1778489571.605573,0.250086,-0.168184,0.553747,0,21.1003,21.2008,-0.032325,-0.189799,-0.121943,0.0008,0.1695,20.93,250,0.08372,27.8247,27.8247,120280,0
1778489571.655672,0.252022,-0.170275,0.553628,0,20.8535,23.9553,-0.030388,-0.19189,-0.122062,0.0009,0.1595,20.6932,250,0.08277,25.3331,25.3331,120280,0
1778489571.705907,0.254874,-0.172776,0.553464,0,24.7481,26.5829,-0.027537,-0.194392,-0.122226,0.0007,0.1741,24.5733,250,0.09829,23.0765,23.0765,120280,0
1778489571.75656,0.257171,-0.174673,0.553134,0,17.6878,18.6681,-0.02524,-0.196288,-0.122556,0.0007,0.161,17.5261,250,0.0701,21.0469,21.0469,120280,0
1778489571.806993,0.26269,-0.179053,0.551517,0,21.6159,22.7168,-0.019721,-0.200668,-0.124173,0.0009,0.1494,21.4657,250,0.08586,14.2072,14.2072,120284,0
1778489571.857098,0.264777,-0.180788,0.551684,0,17.5627,18.0425,-0.017633,-0.202403,-0.124006,0.001,0.1509,17.4108,250,0.06964,11.5938,11.5938,120284,0
1778489571.909049,0.263741,-0.180681,0.551959,0,21.7375,22.6686,-0.018669,-0.202297,-0.123731,0.0009,0.1481,21.5885,250,0.08635,10.4758,10.4758,120284,0
1778489571.959309,0.261444,-0.179561,0.552443,0,20.7154,21.8212,-0.020966,-0.201177,-0.123247,0.0009,0.1904,20.5242,250,0.0821,10.6443,10.6443,120284,0
1778489572.009413,0.257936,-0.177732,0.553691,0,18.7807,19.6382,-0.024475,-0.199347,-0.121999,0.0009,0.1897,18.5901,250,0.07436,12.3912,12.3912,120284,0
1778489572.059518,0.255018,-0.176054,0.554307,0,21.2571,22.5672,-0.027393,-0.19767,-0.121383,0.0009,0.1781,21.0781,250,0.08431,13.8463,13.8463,120296,0
1778489572.109725,0.253154,-0.175483,0.555276,0,21.1954,24.1252,-0.029257,-0.197098,-0.120414,0.0117,0.1298,21.0539,250,0.08422,14.5746,14.5746,120296,0
1778489572.159879,0.253308,-0.175967,0.55562,0,20.46,23.4228,-0.029102,-0.197583,-0.12007,0.0007,0.1636,20.2957,250,0.08118,12.089,12.089,120300,0
1778489572.20997,0.253638,-0.176334,0.555711,1,19.3478,22.1751,-0.028772,-0.197949,-0.119979,0.0012,0.1636,19.183,250,0.07673,6.1197,6.1197,120300,0
1778489572.260064,0.252265,-0.176046,0.556516,1,0.6033,0.7842,-0.030146,-0.197662,-0.119174,0.0008,0.1722,0.4303,2,0.21513,0.9163,0.9163,120300,0
1778489572.310153,0.248424,-0.173834,0.55916,0,25.2483,27.4739,-0.033987,-0.195449,-0.11653,0.0008,0.1462,25.1013,250,0.10041,46.7041,46.7041,120300,0
1778489572.360248,0.243435,-0.169574,0.563128,0,24.4577,25.297,-0.038975,-0.191189,-0.112562,0.0008,0.1308,24.3262,250,0.0973,128.1381,128.1381,120300,0
1778489572.410351,0.234177,-0.163746,0.569794,0,19.2308,20.2595,-0.048234,-0.185361,-0.105896,0.0007,0.1631,19.067,250,0.07627,145.2294,145.2294,120300,0
1778489572.460624,0.228968,-0.161485,0.571318,0,20.144,20.8612,-0.053442,-0.1831,-0.104372,0.0007,0.1575,19.9857,250,0.07994,151.3046,151.3046,120300,0
1778489572.51073,0.225774,-0.160297,0.571608,0,18.3923,19.4913,-0.056637,-0.181913,-0.104082,0.0009,0.1751,18.2164,250,0.07287,154.356,154.356,120300,0
1778489572.560943,0.223762,-0.160332,0.571857,0,20.423,21.7829,-0.058649,-0.181948,-0.103833,0.001,0.1398,20.2823,250,0.08113,155.6752,155.6752,120300,0
1778489572.611042,0.225386,-0.164171,0.569461,0,18.8261,19.7872,-0.057024,-0.185786,-0.106229,0.0007,0.133,18.6924,250,0.07477,152.9776,152.9776,120304,0
1778489572.661147,0.226302,-0.166196,0.568577,0,20.9764,22.2064,-0.056109,-0.187811,-0.107113,0.0011,0.1902,20.7851,250,0.08314,152.1522,152.1522,120304,0
1778489572.711243,0.227731,-0.16837,0.568626,0,19.5303,22.4279,-0.054679,-0.189986,-0.107064,0.0007,0.1506,19.379,250,0.07752,149.9418,149.9418,120304,0
1778489572.761347,0.228293,-0.169926,0.569504,0,21.3071,24.3868,-0.054118,-0.191541,-0.106186,0.0012,0.2307,21.0752,250,0.0843,147.9858,147.9858,120304,0
1778489572.811442,0.227878,-0.171764,0.572343,0,21.8145,23.338,-0.054533,-0.193379,-0.103346,0.0008,0.1513,21.6625,250,0.08665,147.1445,147.1445,120304,0
1778489572.86165,0.225706,-0.170781,0.573604,0,25.4908,28.7335,-0.056705,-0.192397,-0.102086,0.0006,0.1408,25.3494,250,0.1014,149.3714,149.3714,120304,0
1778489572.911812,0.224693,-0.16997,0.573886,0,21.0693,23.8385,-0.057717,-0.191586,-0.101804,0.0007,0.1275,20.9411,250,0.08376,150.7608,150.7608,120316,0
1778489572.961876,0.22621,-0.171346,0.573746,0,25.4384,27.2768,-0.0562,-0.192961,-0.101944,0.0006,0.7943,24.6434,250,0.09857,149.4873,149.4873,120316,0
1778489573.011926,0.231226,-0.17913,0.571637,0,18.3723,19.1737,-0.051185,-0.200746,-0.104053,0.0007,0.17,18.2016,250,0.07281,144.8152,144.8152,120316,0
1778489573.061998,0.235533,-0.184369,0.567543,0,20.925,22.4388,-0.046877,-0.205985,-0.108147,0.0005,0.1343,20.7901,250,0.08316,138.1855,138.1855,120316,0
1778489573.1121,0.239028,-0.187659,0.564625,0,21.1437,22.3646,-0.043382,-0.209275,-0.111065,0.0006,0.1305,21.0126,250,0.08405,135.5555,135.5555,120316,0
1778489573.162198,0.241174,-0.188079,0.562311,0,22.6055,23.2618,-0.041237,-0.209695,-0.113379,0.0007,0.1562,22.4486,250,0.08979,132.0463,132.0463,120316,0
1778489573.212304,0.240094,-0.185105,0.560162,0,21.2684,22.3157,-0.042317,-0.206721,-0.115528,0.0007,0.1581,21.1096,250,0.08444,131.1862,131.1862,120316,0
1778489573.262408,0.238514,-0.183117,0.559794,0,22.2011,23.8752,-0.043896,-0.204732,-0.115895,0.0007,0.1607,22.0396,250,0.08816,134.9,134.9,120316,0
1778489573.312493,0.238473,-0.181418,0.55795,0,23.4261,27.1547,-0.043938,-0.203034,-0.11774,0.0007,0.1544,23.271,250,0.09308,134.7807,134.7807,120320,0
1778489573.362583,0.238306,-0.178781,0.555984,0,21.0596,23.9679,-0.044104,-0.200397,-0.119706,0.0005,0.1358,20.9233,250,0.08369,130.6937,130.6937,120320,0
1778489573.412764,0.239052,-0.175183,0.553121,0,19.9967,23.6522,-0.043358,-0.196799,-0.122569,0.0008,0.1326,19.8633,250,0.07945,161.8307,161.8307,120320,0
1778489573.462887,0.239579,-0.174842,0.551638,0,25.3284,27.2103,-0.042831,-0.196458,-0.124052,0.0003,0.1154,25.2126,250,0.10085,59.4688,59.4688,120320,0
1778489573.512998,0.239597,-0.174499,0.550077,0,20.2683,21.0425,-0.042814,-0.196115,-0.125613,0.0009,0.1664,20.101,250,0.0804,51.6291,51.6291,120320,0
1778489573.563409,0.239337,-0.175626,0.549704,0,17.1755,18.6642,-0.043074,-0.197241,-0.125985,0.0003,0.0855,17.0898,250,0.06836,33.4756,33.4756,120320,0
1778489573.613544,0.236196,-0.180796,0.554134,0,24.2703,25.3434,-0.046214,-0.202411,-0.121556,0.0003,0.093,24.177,250,0.09671,18.2116,18.2116,120320,0
1778489573.663689,0.233593,-0.182867,0.557043,0,19.71,21.0472,-0.048818,-0.204483,-0.118646,0.0008,0.1641,19.5451,250,0.07818,14.0698,14.0698,120320,0
1778489573.713782,0.230095,-0.184754,0.559529,0,19.8166,20.4347,-0.052315,-0.206369,-0.116161,0.0007,0.1546,19.6613,250,0.07865,17.0386,17.0386,120320,0
1778489573.763833,0.226759,-0.186199,0.560516,0,18.4387,19.6131,-0.055651,-0.207814,-0.115174,0.0006,0.1417,18.2965,250,0.07319,17.2297,17.2297,120320,0
1778489573.81393,0.218266,-0.189707,0.56229,0,21.5597,22.9357,-0.064145,-0.211323,-0.1134,0.0007,0.1525,21.4066,250,0.08563,24.0408,24.0408,120336,0
1778489573.864017,0.212758,-0.191804,0.562949,0,21.3206,22.8349,-0.069653,-0.213419,-0.112741,0.0006,0.111,21.209,250,0.08484,36.0022,36.0022,120336,0
1778489573.914106,0.207203,-0.192705,0.562805,0,21.6182,24.879,-0.075208,-0.214321,-0.112885,0.0004,0.1319,21.4858,250,0.08594,48.1047,48.1047,120336,0
1778489573.964182,0.201529,-0.190695,0.56253,0,20.9913,21.5898,-0.080881,-0.212311,-0.11316,0.0006,0.1623,20.8284,250,0.08331,69.8445,69.8445,120336,0
1778489574.014287,0.19292,-0.185238,0.563311,0,21.8546,24.8372,-0.089491,-0.206854,-0.112379,0.0008,0.15,21.7038,250,0.08682,131.6857,131.6857,120336,0
1778489574.064376,0.189453,-0.183663,0.563109,0,22.0524,25.5376,-0.092957,-0.205278,-0.112581,0.0005,0.1284,21.9235,250,0.08769,167.7349,167.7349,120336,0
1778489574.114466,0.187138,-0.181753,0.560956,0,21.4051,25.0036,-0.095273,-0.203368,-0.114734,0.0006,0.1263,21.2782,250,0.08511,185.3418,185.3418,120340,0
1778489574.164975,0.184688,-0.165971,0.553046,0,21.3792,24.4176,-0.097722,-0.187586,-0.122644,0.0007,0.1347,21.2439,250,0.08498,170.6212,170.6212,120340,0
1778489574.215125,0.184297,-0.153973,0.548518,0,20.701,22.0057,-0.098114,-0.175588,-0.127172,0.0006,0.1356,20.5648,250,0.08226,153.9794,153.9794,120340,0
1778489574.265211,0.184286,-0.142058,0.544813,0,22.5445,23.3946,-0.098125,-0.163673,-0.130877,0.0005,0.1544,22.3896,250,0.08956,129.5889,129.5889,120340,0
1778489574.315324,0.184085,-0.131545,0.540711,0,22.6278,23.5492,-0.098326,-0.15316,-0.134979,0.001,0.1629,22.4639,250,0.08986,94.4365,94.4365,120340,0
1778489574.365389,0.182394,-0.113504,0.526886,0,21.1108,21.9549,-0.100016,-0.13512,-0.148804,0.0006,0.1196,20.9906,250,0.08396,42.7331,42.7331,120340,0
1778489574.415492,0.184224,-0.108608,0.519167,0,18.4243,19.3978,-0.098186,-0.130223,-0.156523,0.0006,0.1141,18.3096,250,0.07324,11.6079,11.6079,120340,0
1778489574.465572,0.188658,-0.11242,0.515458,1,0.5694,1.1977,-0.093753,-0.134036,-0.160232,0.0006,0.1424,0.4264,2,0.21319,0.8588,0.8588,120340,0
1778489574.515674,0.188707,-0.116825,0.515362,1,0.5023,0.7002,-0.093703,-0.138441,-0.160328,0.0009,0.1781,0.3233,1,0.32335,1.8696,1.8696,120340,0
1778489574.565782,0.185518,-0.124352,0.518927,1,0.4758,1.1346,-0.096892,-0.145967,-0.156763,0.0007,0.2074,0.2677,1,0.26767,1.3941,1.3941,120340,0
1778489574.615844,0.181262,-0.122068,0.522819,1,0.6492,1.4227,-0.101149,-0.143683,-0.152871,0.0006,0.2079,0.4406,2,0.2203,0.296,0.296,120344,0
1778489574.666013,0.183116,-0.121552,0.529038,1,0.4584,1.2985,-0.099295,-0.143167,-0.146652,0.0009,0.1684,0.2891,1,0.28911,2.6135,2.6135,120344,0
1778489574.716082,0.185901,-0.121854,0.534221,1,0.4318,1.251,-0.096509,-0.14347,-0.141469,0.0007,0.1553,0.2758,1,0.27584,2.4489,2.4489,120344,0
1778489574.766545,0.191003,-0.120977,0.542332,1,0.4826,0.6909,-0.091407,-0.142593,-0.133358,0.0007,0.1531,0.3288,1,0.32876,2.5195,2.5195,120344,0
1778489574.81669,0.195358,-0.121962,0.543701,1,0.388,0.5637,-0.087053,-0.143578,-0.131989,0.0007,0.129,0.2583,1,0.25835,2.0987,2.0987,120344,0
1778489574.866799,0.1995,-0.124768,0.542501,1,0.4423,0.6224,-0.08291,-0.146383,-0.133189,0.0009,0.1614,0.2801,1,0.28009,1.9834,1.9834,120344,0
1778489574.91872,0.19977,-0.126968,0.541021,0,25.1993,26.1634,-0.08264,-0.148583,-0.134669,0.0007,0.1778,25.0208,250,0.10008,15.2321,15.2321,120344,0
1778489574.968791,0.20198,-0.131432,0.539862,0,18.5963,19.6062,-0.08043,-0.153048,-0.135828,0.0006,0.1506,18.4452,250,0.07378,31.003,31.003,120348,0
1778489575.018858,0.203241,-0.133534,0.539489,0,21.3499,24.3967,-0.079169,-0.155149,-0.136201,0.0006,0.1326,21.2167,250,0.08487,40.1863,40.1863,120348,0
1778489575.068939,0.203613,-0.135445,0.538264,0,20.1481,23.3194,-0.078798,-0.157061,-0.137426,0.0006,0.1421,20.0054,250,0.08002,35.5873,35.5873,120360,0
1778489575.119016,0.203077,-0.136005,0.5372,0,22.0999,25.4519,-0.079334,-0.15762,-0.13849,0.0005,0.1233,21.9761,250,0.0879,31.0382,31.0382,120360,0
1778489575.169111,0.199731,-0.13523,0.539197,1,0.5508,0.731,-0.08268,-0.156845,-0.136493,0.0007,0.1481,0.402,2,0.201,2.8327,2.8327,120360,0
1778489575.219218,0.195332,-0.133341,0.542851,1,0.4927,0.708,-0.087078,-0.154956,-0.132839,0.0009,0.179,0.3128,1,0.31284,1.9157,1.9157,120360,0
1778489575.269309,0.193488,-0.133752,0.544945,1,0.4201,0.6046,-0.088923,-0.155368,-0.130745,0.0006,0.1448,0.2746,1,0.27462,1.379,1.379,120360,0
1778489575.319403,0.195124,-0.136804,0.545112,1,0.4479,0.6444,-0.087286,-0.15842,-0.130578,0.0008,0.1627,0.2845,1,0.28447,0.6316,0.6316,120360,0
1778489575.369495,0.198493,-0.143333,0.544726,1,24.8018,25.7832,-0.083918,-0.164948,-0.130964,0.0009,0.1503,24.6507,250,0.0986,5.2607,5.2607,120360,0
1778489575.419585,0.199347,-0.145478,0.544546,1,20.267,21.2384,-0.083064,-0.167093,-0.131143,0.0005,0.1723,20.0942,250,0.08038,7.5379,7.5379,120372,0
1778489575.46973,0.200252,-0.148061,0.543988,1,0.4186,0.608,-0.082158,-0.169676,-0.131702,0.0007,0.1488,0.2691,1,0.26907,1.736,1.736,120372,0
1778489575.519841,0.200986,-0.15198,0.543802,0,23.1799,27.1342,-0.081424,-0.173596,-0.131888,0.001,0.1555,23.0234,250,0.09209,32.3454,32.3454,120372,0
1778489575.569927,0.202908,-0.162975,0.542708,0,20.324,23.2207,-0.079502,-0.18459,-0.132982,0.0006,0.1462,20.1772,250,0.08071,95.5784,95.5784,120372,0
1778489575.620019,0.203939,-0.167243,0.541912,0,21.8211,24.5171,-0.078471,-0.188859,-0.133778,0.0005,0.1368,21.6838,250,0.08674,103.6062,103.6062,120372,0
1778489575.670105,0.204695,-0.169487,0.541372,0,21.0188,22.2271,-0.077716,-0.191103,-0.134318,0.0005,0.1289,20.8894,250,0.08356,105.8117,105.8117,120372,0
1778489575.720215,0.204542,-0.169688,0.541959,0,21.0299,22.5456,-0.077868,-0.191303,-0.133731,0.0008,0.1679,20.8613,250,0.08345,105.2224,105.2224,120372,0
1778489575.770297,0.20079,-0.166715,0.545604,0,19.7872,20.907,-0.081621,-0.18833,-0.130086,0.0008,0.1567,19.6297,250,0.07852,107.1155,107.1155,120376,0
1778489575.820456,0.198577,-0.165706,0.546518,0,21.3186,22.3147,-0.083834,-0.187322,-0.129172,0.0007,0.1344,21.1835,250,0.08473,108.0576,108.0576,120376,0
1778489575.870567,0.19658,-0.166276,0.546165,0,19.8309,21.1933,-0.085831,-0.187891,-0.129525,0.0008,0.1729,19.6573,250,0.07863,111.0172,111.0172,120376,0
1778489575.920675,0.19449,-0.166788,0.545284,0,20.7365,22.0046,-0.087921,-0.188404,-0.130406,0.0007,0.1667,20.5691,250,0.08228,115.3954,115.3954,120376,0
1778489575.970775,0.189707,-0.169524,0.542604,0,19.7913,21.4082,-0.092704,-0.19114,-0.133086,0.0006,0.1468,19.6439,250,0.07858,127.4486,127.4486,120376,0
1778489576.020972,0.187114,-0.16978,0.541198,0,16.2616,16.9968,-0.095296,-0.191396,-0.134492,0.0006,0.1295,16.1314,250,0.06453,132.197,132.197,120376,0
1778489576.071059,0.185993,-0.168875,0.540734,0,18.1588,19.4734,-0.096418,-0.190491,-0.134956,0.0007,0.1346,18.0236,250,0.07209,131.8555,131.8555,120376,0
1778489576.12112,0.185796,-0.167762,0.54071,0,13.5642,16.5358,-0.096614,-0.189378,-0.13498,0.0004,0.1163,13.4474,250,0.05379,130.6965,130.6965,120388,0
1778489576.171478,0.186285,-0.166719,0.539647,0,34.2189,35.4558,-0.096125,-0.188335,-0.136043,0.0007,0.1548,34.0634,250,0.13625,128.391,128.391,120392,0
1778489576.221574,0.187091,-0.166388,0.539499,0,19.8454,22.9778,-0.095319,-0.188004,-0.136191,0.0007,0.1522,19.6925,250,0.07877,126.7098,126.7098,120392,0
1778489576.271684,0.187529,-0.165552,0.539216,0,19.5407,22.6051,-0.094882,-0.187168,-0.136473,0.0011,0.1858,19.3539,250,0.07742,124.9201,124.9201,120392,0
1778489576.321782,0.188099,-0.164403,0.539151,0,23.7771,27.2065,-0.094311,-0.186018,-0.136539,0.0007,0.1582,23.6181,250,0.09447,122.326,122.326,120396,0
1778489576.371978,0.190035,-0.160129,0.538413,0,21.3215,22.3551,-0.092375,-0.181744,-0.137277,0.0008,0.1725,21.1482,250,0.08459,112.2796,112.2796,120396,0
1778489576.422585,0.191206,-0.156295,0.537431,0,21.1061,22.4175,-0.091205,-0.177911,-0.138259,0.0007,0.1623,20.9431,250,0.08377,99.2623,99.2623,120396,0
1778489576.472735,0.192378,-0.155129,0.537065,0,22.1961,23.0229,-0.090033,-0.176744,-0.138625,0.001,0.1554,22.0396,250,0.08816,91.1966,91.1966,120396,0
1778489576.522846,0.193133,-0.156043,0.536925,0,22.1226,23.0024,-0.089277,-0.177659,-0.138765,0.0006,0.1384,21.9836,250,0.08793,91.3721,91.3721,120396,0
1778489576.572941,0.194695,-0.161786,0.537018,0,21.7356,22.8586,-0.087715,-0.183402,-0.138672,0.0008,0.1685,21.5663,250,0.08627,85.695,85.695,120400,0
1778489576.623042,0.19549,-0.164442,0.536835,0,21.9077,23.6507,-0.08692,-0.186057,-0.138855,0.0007,0.1524,21.7546,250,0.08702,81.4059,81.4059,120400,0
1778489576.673162,0.195396,-0.165875,0.537002,0,21.1564,24.8447,-0.087015,-0.187491,-0.138688,0.0008,0.1726,20.983,250,0.08393,78.0911,78.0911,120400,0
1778489576.723256,0.193846,-0.165846,0.537401,0,20.9477,24.4305,-0.088565,-0.187462,-0.138289,0.0006,0.1351,20.8119,250,0.08325,74.5803,74.5803,120400,0
1778489576.773361,0.191874,-0.165947,0.538341,0,22.0244,26.1706,-0.090537,-0.187562,-0.137348,0.001,0.1714,21.852,250,0.08741,70.5105,70.5105,120400,0
1778489576.82352,0.191304,-0.166183,0.538292,0,21.4364,22.0449,-0.091107,-0.187798,-0.137398,0.0008,0.1408,21.2948,250,0.08518,68.0712,68.0712,120400,0
1778489576.873692,0.190504,-0.166055,0.538687,0,20.9498,22.7644,-0.091907,-0.187671,-0.137003,0.0008,0.158,20.791,250,0.08316,64.3513,64.3513,120400,0
1778489576.923793,0.189566,-0.166468,0.539441,0,17.7925,19.2406,-0.092844,-0.188084,-0.136249,0.0005,0.1427,17.6492,250,0.0706,64.635,64.635,120412,0
1778489576.973987,0.189642,-0.167853,0.540774,0,22.6571,23.8831,-0.092769,-0.189468,-0.134916,0.0009,0.1652,22.491,250,0.08996,62.8058,62.8058,120416,0
1778489577.024069,0.190145,-0.168649,0.541145,0,20.6235,21.9939,-0.092266,-0.190264,-0.134545,0.0006,0.1217,20.5011,250,0.082,61.8973,61.8973,120416,0
1778489577.074174,0.190518,-0.169217,0.541469,0,22.1768,25.5063,-0.091892,-0.190833,-0.134221,0.0006,0.1399,22.0364,250,0.08815,60.6527,60.6527,120416,0
1778489577.124533,0.190548,-0.1694,0.541578,0,20.0337,23.5089,-0.091863,-0.191016,-0.134112,0.0004,0.1467,19.8866,250,0.07955,60.1391,60.1391,120416,0
1778489577.17465,0.190878,-0.169017,0.541237,0,22.7436,24.5652,-0.091532,-0.190632,-0.134453,0.0011,0.1779,22.5646,250,0.09026,59.8845,59.8845,120416,0
1778489577.224716,0.19123,-0.169443,0.540698,0,20.8523,22.4654,-0.09118,-0.191058,-0.134992,0.0007,0.1285,20.7231,250,0.08289,62.6333,62.6333,120416,0
1778489577.274819,0.191701,-0.169833,0.540073,0,24.7771,26.5603,-0.09071,-0.191449,-0.135617,0.0003,0.0647,24.712,250,0.09885,61.782,61.782,120416,0
1778489577.325182,0.192586,-0.170807,0.538869,0,25.623,28.8667,-0.089825,-0.192423,-0.136821,0.0008,0.1514,25.4707,250,0.10188,61.1332,61.1332,120416,0
1778489577.375434,0.193208,-0.171477,0.538162,0,22.6447,23.995,-0.089202,-0.193092,-0.137528,0.0005,0.1448,22.4993,250,0.09,59.8476,59.8476,120420,0
1778489577.425541,0.193689,-0.172045,0.537482,0,21.6479,22.8616,-0.088722,-0.19366,-0.138208,0.0008,0.1655,21.4816,250,0.08593,59.1921,59.1921,120420,0
1778489577.475628,0.193319,-0.171832,0.537054,0,21.7906,23.1788,-0.089092,-0.193448,-0.138636,0.0007,0.1352,21.6547,250,0.08662,58.9092,58.9092,120420,0
1778489577.525706,0.190697,-0.169826,0.53775,0,21.5893,23.0271,-0.091713,-0.191442,-0.13794,0.0006,0.1125,21.4762,250,0.0859,60.6636,60.6636,120420,0
1778489577.575793,0.189198,-0.167701,0.537923,0,20.2395,23.2278,-0.093212,-0.189317,-0.137767,0.0006,0.1997,20.0391,250,0.08016,61.2316,61.2316,120420,0
1778489577.62587,0.187778,-0.165667,0.538084,0,21.5791,21.6887,-0.094632,-0.187282,-0.137606,0.0005,0.1337,21.4449,250,0.08578,62.4622,62.4622,120420,0
1778489577.67596,0.186761,-0.164154,0.538174,0,21.5771,24.8,-0.095649,-0.185769,-0.137516,0.0012,0.1486,21.4272,250,0.08571,63.1704,63.1704,120420,0
1778489577.726405,0.187471,-0.163812,0.538782,0,20.3116,24.3514,-0.09494,-0.185427,-0.136908,0.0007,0.1474,20.1634,250,0.08065,62.6647,62.6647,120424,0
1778489577.776616,0.188267,-0.164121,0.539199,0,20.5039,23.6907,-0.094143,-0.185736,-0.136491,0.0008,0.1523,20.3508,250,0.0814,62.2998,62.2998,120424,0
1778489577.826797,0.188496,-0.164108,0.539574,0,21.2867,22.5899,-0.093914,-0.185723,-0.136116,0.0005,0.1226,21.1636,250,0.08465,62.2033,62.2033,120432,0
1778489577.877028,0.188789,-0.164088,0.539828,0,21.2738,22.3529,-0.093621,-0.185703,-0.135862,0.0007,0.1548,21.1183,250,0.08447,61.7348,61.7348,120432,0
1778489577.927125,0.189702,-0.164789,0.540057,0,21.3687,22.3592,-0.092708,-0.186405,-0.135633,0.0007,0.1576,21.2104,250,0.08484,60.9508,60.9508,120432,0
1778489577.977215,0.190055,-0.165101,0.540126,0,19.499,20.096,-0.092356,-0.186717,-0.135564,0.0006,0.1435,19.3549,250,0.07742,60.5572,60.5572,120432,0
1778489578.027297,0.190207,-0.165294,0.539793,0,23.2959,23.8374,-0.092204,-0.186909,-0.135897,0.0005,0.1304,23.165,250,0.09266,60.6405,60.6405,120432,0
1778489578.077371,0.190267,-0.165307,0.539439,0,19.6312,20.4105,-0.092143,-0.186923,-0.136251,0.0007,0.1331,19.4974,250,0.07799,60.6502,60.6502,120432,0
1778489578.127471,0.189929,-0.164711,0.538882,0,21.4254,22.3588,-0.092481,-0.186326,-0.136808,0.0006,0.138,21.2868,250,0.08515,60.7648,60.7648,120432,0
1778489578.178924,0.189734,-0.16443,0.539031,0,21.3758,22.444,-0.092676,-0.186045,-0.136659,0.0005,0.1329,21.2424,250,0.08497,61.0302,61.0302,120436,0
1778489578.229539,0.190006,-0.164351,0.539028,0,20.8577,22.1823,-0.092405,-0.185966,-0.136662,0.0007,0.1773,20.6797,250,0.08272,61.074,61.074,120436,0
1778489578.279632,0.19044,-0.164148,0.539038,0,21.1284,24.4084,-0.091971,-0.185764,-0.136652,0.0006,0.1217,21.006,250,0.08402,60.7299,60.7299,120436,0
1778489578.329726,0.190921,-0.164042,0.539246,0,21.4307,24.6473,-0.09149,-0.185658,-0.136444,0.0005,0.1258,21.3044,250,0.08522,60.3904,60.3904,120436,0
1778489578.379846,0.190946,-0.164134,0.539649,0,20.9012,23.628,-0.091464,-0.185749,-0.136041,0.0007,0.1508,20.7498,250,0.083,60.4453,60.4453,120436,0
1778489578.42997,0.191081,-0.164361,0.539969,0,25.0873,25.8713,-0.091329,-0.185977,-0.135721,0.0007,0.1526,24.9341,250,0.09974,60.2089,60.2089,120436,0
1778489578.480067,0.191336,-0.164696,0.540152,0,20.6496,21.4361,-0.091074,-0.186312,-0.135538,0.0009,0.161,20.4877,250,0.08195,60.2014,60.2014,120436,0
1778489578.530164,0.190458,-0.16359,0.541034,0,26.7777,28.1788,-0.091953,-0.185205,-0.134656,0.0006,0.1334,26.6436,250,0.10657,69.8568,69.8568,120436,0
1778489578.58027,0.186867,-0.160717,0.545262,0,20.9494,22.0331,-0.095544,-0.182333,-0.130428,0.0009,0.1453,20.8031,250,0.08321,103.4613,103.4613,120440,0
1778489578.630455,0.180533,-0.155252,0.553507,0,20.9108,22.1857,-0.101878,-0.176868,-0.122183,0.0008,0.1405,20.7695,250,0.08308,128.8338,128.8338,120452,0
1778489578.680555,0.171967,-0.149024,0.566419,1,0.4446,0.6369,-0.110443,-0.170639,-0.109271,0.0008,0.1713,0.2725,1,0.27254,2.4788,2.4788,120452,0
1778489578.730773,0.162858,-0.147981,0.582745,0,24.7074,26.2765,-0.119552,-0.169597,-0.092945,0.0009,0.1455,24.561,250,0.09824,179.8134,179.8134,120452,0
1778489578.780857,0.160588,-0.149519,0.587199,0,17.3781,18.4786,-0.121822,-0.171135,-0.088491,0.0006,0.137,17.2404,250,0.06896,191.1018,191.1018,120452,0
1778489578.830916,0.158776,-0.150621,0.589863,0,18.8598,22.0072,-0.123634,-0.172236,-0.085827,0.0007,0.1586,18.7006,250,0.0748,200.4279,200.4279,120452,0
1778489578.881011,0.156807,-0.151187,0.591142,0,19.6165,22.5425,-0.125603,-0.172802,-0.084548,0.0006,0.1541,19.4617,250,0.07785,209.5702,209.5702,120452,0
1778489578.931184,0.154472,-0.152759,0.590622,0,21.9396,25.2223,-0.127938,-0.174375,-0.085068,0.0006,0.1511,21.7878,250,0.08715,220.0931,220.0931,120460,0
1778489578.981285,0.155581,-0.155692,0.589734,0,21.2177,22.4249,-0.12683,-0.177307,-0.085956,0.0006,0.1764,21.0407,250,0.08416,222.4033,222.4033,120460,0
1778489579.031384,0.158217,-0.159367,0.588473,0,25.0895,27.0704,-0.124193,-0.180983,-0.087217,0.0005,0.1376,24.9514,250,0.09981,222.4338,222.4338,120460,0
1778489579.081486,0.159069,-0.162145,0.586949,0,24.2368,25.8682,-0.123341,-0.18376,-0.088741,0.0006,0.1274,24.1088,250,0.09644,223.511,223.511,120460,0
1778489579.13157,0.162418,-0.169705,0.584593,0,21.469,22.4577,-0.119993,-0.19132,-0.091097,0.0006,0.141,21.3274,250,0.08531,222.9209,222.9209,120460,0
1778489579.181747,0.160092,-0.170854,0.584027,0,22.568,23.3542,-0.122319,-0.19247,-0.091663,0.0007,0.1558,22.4114,250,0.08965,227.0579,227.0579,120460,0
1778489579.231864,0.155329,-0.170316,0.583764,0,24.3822,25.7824,-0.127082,-0.191931,-0.091926,0.0003,0.1148,24.2671,250,0.09707,232.4371,232.4371,120460,0
1778489579.281945,0.15254,-0.171681,0.583954,0,19.4148,20.7036,-0.12987,-0.193296,-0.091736,0.0006,0.1339,19.2804,250,0.07712,236.9501,236.9501,120460,0
1778489579.33203,0.139893,-0.168931,0.584626,0,22.0489,25.1257,-0.142518,-0.190547,-0.091064,0.0008,0.1284,21.9197,250,0.08768,249.027,249.027,120460,0
1778489579.382133,0.131947,-0.165016,0.584514,0,21.8097,24.8283,-0.150464,-0.186632,-0.091176,0.0006,0.1431,21.666,250,0.08666,255.2662,255.2662,120464,0
1778489579.432216,0.131231,-0.167557,0.584718,0,23.1133,24.8908,-0.151179,-0.189172,-0.090972,0.0006,0.1527,22.96,250,0.09184,257.8548,257.8548,120476,0
1778489579.482295,0.129618,-0.169092,0.584397,0,21.8253,22.7348,-0.152792,-0.190708,-0.091293,0.0008,0.1565,21.6681,250,0.08667,260.0162,260.0162,120476,0
1778489579.532366,0.130572,-0.17052,0.582702,0,19.3037,20.4364,-0.151838,-0.192136,-0.092988,0.0006,0.1317,19.1714,250,0.07669,260.4888,260.4888,120476,0
1778489579.582455,0.133329,-0.170864,0.581443,0,21.1899,23.2521,-0.149081,-0.19248,-0.094247,0.0005,0.1535,21.0359,250,0.08414,257.1667,257.1667,120476,0
1778489579.632539,0.134428,-0.17009,0.580889,0,22.0487,22.6804,-0.147982,-0.191706,-0.094801,0.0006,0.2624,21.7857,250,0.08714,255.4631,255.4631,120476,0
1778489579.682616,0.135194,-0.171331,0.580376,0,20.1946,21.0278,-0.147217,-0.192946,-0.095314,0.0007,0.1725,20.0213,250,0.08009,255.36,255.36,120476,0
1778489579.732749,0.134386,-0.17061,0.580788,0,18.9247,19.5949,-0.148025,-0.192226,-0.094902,0.0007,0.1603,18.7638,250,0.07506,254.1694,254.1694,120476,0
1778489579.782814,0.134397,-0.170281,0.58118,0,21.3646,22.491,-0.148014,-0.191896,-0.09451,0.0007,0.1445,21.2195,250,0.08488,252.6721,252.6721,120480,0
1778489579.832855,0.134257,-0.168952,0.581339,0,22.8731,24.8463,-0.148153,-0.190567,-0.094351,0.0006,0.1404,22.7322,250,0.09093,249.8338,249.8338,120480,0
1778489579.882929,0.135375,-0.166981,0.581577,0,21.2627,24.3101,-0.147036,-0.188597,-0.094113,0.0005,0.1594,21.1028,250,0.08441,245.4504,245.4504,120480,0
1778489579.933009,0.134634,-0.157525,0.579521,0,20.9818,22.5695,-0.147777,-0.17914,-0.096169,0.0007,0.1094,20.8717,250,0.08349,274.9583,274.9583,120480,0
1778489579.983083,0.13627,-0.151807,0.577309,0,21.2643,23.1068,-0.146141,-0.173423,-0.098381,0.0009,0.1345,21.129,250,0.08452,186.7057,186.7057,120480,0
1778489580.033187,0.136893,-0.148727,0.575085,0,20.3576,20.4803,-0.145517,-0.170342,-0.100605,0.0007,0.147,20.2099,250,0.08084,263.9108,263.9108,120480,0
1778489580.083307,0.137377,-0.145817,0.572097,0,26.0002,28.2907,-0.145034,-0.167433,-0.103593,0.0003,0.1723,25.8276,250,0.10331,259.8309,259.8309,120480,0
1778489580.133383,0.137898,-0.140514,0.565515,0,24.3088,25.1553,-0.144512,-0.16213,-0.110175,0.0002,0.0836,24.225,250,0.0969,206.9609,206.9609,120484,0
1778489580.183564,0.137097,-0.138401,0.562424,0,21.7575,23.066,-0.145314,-0.160016,-0.113266,0.0007,0.173,21.5838,250,0.08634,216.3836,216.3836,120484,0
1778489580.233704,0.13513,-0.137596,0.560638,0,21.152,22.6281,-0.147281,-0.159212,-0.115052,0.0008,0.1817,20.9695,250,0.08388,150.0896,150.0896,120484,0
1778489580.283851,0.133489,-0.137482,0.559759,0,21.3137,24.7939,-0.148922,-0.159098,-0.115931,0.0007,0.1564,21.1566,250,0.08463,138.287,138.287,120496,0
1778489580.334031,0.128291,-0.139233,0.562737,0,21.1439,24.5363,-0.15412,-0.160849,-0.112953,0.0006,0.1057,21.0376,250,0.08415,120.1268,120.1268,120496,0
1778489580.384128,0.124563,-0.141411,0.565882,0,21.2982,24.4178,-0.157847,-0.163027,-0.109808,0.0006,0.1225,21.1751,250,0.0847,111.2818,111.2818,120496,0
1778489580.434236,0.120332,-0.141688,0.569149,0,17.9472,19.1736,-0.162079,-0.163304,-0.106541,0.0008,0.1639,17.7825,250,0.07113,102.135,102.135,120496,0
1778489580.484336,0.115194,-0.140835,0.571832,0,22.9463,26.7109,-0.167217,-0.16245,-0.103858,0.0007,0.1561,22.7895,250,0.09116,91.9353,91.9353,120500,0
1778489580.534518,0.109475,-0.136927,0.574634,0,22.5611,24.2419,-0.172936,-0.158542,-0.101056,0.0006,0.1571,22.4033,250,0.08961,75.5915,75.5915,120500,0
1778489580.584692,0.107266,-0.134804,0.574748,0,19.74,21.2143,-0.175145,-0.156419,-0.100942,0.0012,0.1982,19.5406,250,0.07816,67.9179,67.9179,120500,0
1778489580.634975,0.105531,-0.133361,0.574211,0,25.6348,26.6694,-0.176879,-0.154976,-0.101479,0.0009,0.1524,25.4815,250,0.10193,64.2135,64.2135,120500,0
1778489580.68505,0.104408,-0.132216,0.572216,0,15.2865,16.3015,-0.178003,-0.153831,-0.103474,0.0006,0.138,15.1479,250,0.06059,62.4124,62.4124,120500,0
1778489580.735164,0.1038,-0.131519,0.570334,0,23.3871,24.0431,-0.178611,-0.153135,-0.105356,0.0007,0.1567,23.2296,250,0.09292,62.3759,62.3759,120500,0
1778489580.785269,0.103929,-0.131478,0.56947,0,21.9945,25.5429,-0.178482,-0.153094,-0.10622,0.0006,0.1326,21.8613,250,0.08745,62.8977,62.8977,120500,0
1778489580.835363,0.104408,-0.131981,0.568642,0,21.0778,24.3867,-0.178003,-0.153597,-0.107048,0.0007,0.1182,20.9589,250,0.08384,64.2323,64.2323,120500,0
1778489580.88555,0.104359,-0.132454,0.567526,0,21.4883,24.9431,-0.178051,-0.154069,-0.108164,0.0008,0.1488,21.3387,250,0.08535,64.8597,64.8597,120500,0
1778489580.935709,0.103482,-0.131935,0.567493,0,21.2125,24.2781,-0.178929,-0.15355,-0.108197,0.0008,0.1624,21.0492,250,0.0842,64.3891,64.3891,120504,0
1778489580.985874,0.10182,-0.130794,0.567422,0,21.2777,24.7238,-0.180591,-0.15241,-0.108268,0.0006,0.168,21.109,250,0.08444,63.2437,63.2437,120504,0
1778489581.036626,0.101513,-0.130742,0.567252,0,21.7537,25.0479,-0.180898,-0.152357,-0.108438,0.0006,0.1515,21.6016,250,0.08641,63.5926,63.5926,120504,0
1778489581.086837,0.101374,-0.130883,0.567152,0,21.8486,25.0096,-0.181037,-0.152499,-0.108538,0.0007,0.139,21.7089,250,0.08684,63.6286,63.6286,120504,0
1778489581.136924,0.10079,-0.130623,0.567161,0,20.9562,23.8817,-0.18162,-0.152239,-0.108528,0.0006,0.1377,20.8179,250,0.08327,63.1746,63.1746,120516,0
1778489581.187025,0.09942,-0.129741,0.567487,0,21.9295,22.0325,-0.18299,-0.151357,-0.108203,0.0008,0.145,21.7837,250,0.08713,62.8277,62.8277,120516,0
1778489581.237143,0.097588,-0.128719,0.567454,0,21.5363,22.7845,-0.184823,-0.150335,-0.108236,0.0008,0.1541,21.3814,250,0.08553,64.0405,64.0405,120516,0
1778489581.287215,0.094177,-0.127648,0.567268,0,21.7474,22.4688,-0.188234,-0.149263,-0.108422,0.0006,0.1443,21.6025,250,0.08641,66.5868,66.5868,120516,0
1778489581.337331,0.092803,-0.126803,0.568055,0,19.8987,21.2442,-0.189607,-0.148418,-0.107635,0.0006,0.1447,19.7534,250,0.07901,66.0538,66.0538,120516,0
1778489581.387431,0.091996,-0.125849,0.568148,0,19.1719,20.319,-0.190415,-0.147465,-0.107542,0.0007,0.1251,19.0461,250,0.07618,64.9725,64.9725,120520,0
1778489581.437539,0.091508,-0.125061,0.568257,0,21.4034,22.6532,-0.190903,-0.146677,-0.107433,0.0007,0.1666,21.2362,250,0.08494,64.0405,64.0405,120520,0
1778489581.487726,0.091081,-0.124205,0.568441,0,21.354,22.3983,-0.19133,-0.14582,-0.107249,0.001,0.1751,21.1779,250,0.08471,62.9238,62.9238,120520,0
1778489581.538559,0.091347,-0.123716,0.568611,0,21.8077,21.9233,-0.191063,-0.145332,-0.107079,0.001,0.2105,21.5963,250,0.08639,64.0313,64.0313,120520,0
1778489581.588765,0.092284,-0.122781,0.569188,0,22.0474,23.0421,-0.190127,-0.144396,-0.106502,0.0007,0.1378,21.909,250,0.08764,63.6645,63.6645,120520,0
1778489581.638857,0.093551,-0.121549,0.569697,0,20.3357,24.2575,-0.188859,-0.143164,-0.105993,0.0006,0.1353,20.1998,250,0.0808,62.4086,62.4086,120520,0
1778489581.689044,0.099414,-0.120173,0.572298,0,21.9799,24.8733,-0.182997,-0.141788,-0.103392,0.0007,0.1582,21.821,250,0.08728,67.6691,67.6691,120520,0
1778489581.739238,0.104064,-0.119492,0.572762,0,21.3068,24.0323,-0.178347,-0.141107,-0.102928,0.0006,0.1548,21.1513,250,0.08461,77.1132,77.1132,120524,0
1778489581.789344,0.108563,-0.117651,0.571895,0,20.5679,21.2535,-0.173847,-0.139267,-0.103794,0.0007,0.1611,20.4062,250,0.08162,88.9203,88.9203,120524,0
1778489581.839442,0.115964,-0.11694,0.571035,0,21.3689,22.7482,-0.166447,-0.138556,-0.104655,0.0006,0.1408,21.2275,250,0.08491,103.724,103.724,120524,0
1778489581.889593,0.128821,-0.117609,0.566027,0,22.75,23.6586,-0.153589,-0.139225,-0.109663,0.0008,0.1535,22.5957,250,0.09038,140.5154,140.5154,120524,0
1778489581.939748,0.133828,-0.118474,0.56177,0,21.0335,21.1331,-0.148583,-0.140089,-0.11392,0.0006,0.1703,20.8626,250,0.08345,167.4407,167.4407,120524,0
1778489581.990005,0.138759,-0.119138,0.557044,0,21.9296,23.6147,-0.143651,-0.140754,-0.118646,0.0005,0.1538,21.7753,250,0.0871,204.3591,204.3591,120536,0
1778489582.040104,0.14663,-0.12092,0.553029,0,21.8574,23.5084,-0.135781,-0.142535,-0.122661,0.0009,0.1533,21.7032,250,0.08681,179.2768,179.2768,120536,0
1778489582.090213,0.151944,-0.123295,0.547714,0,18.2583,19.7976,-0.130467,-0.144911,-0.127976,0.0007,0.1616,18.096,250,0.07238,211.6692,211.6692,120536,0
1778489582.14032,0.151349,-0.122928,0.547025,0,25.4751,28.9987,-0.131061,-0.144543,-0.128665,0.0003,0.0975,25.3774,250,0.10151,212.2037,212.2037,120540,0
1778489582.190498,0.149899,-0.122725,0.547467,0,25.6446,28.938,-0.132511,-0.14434,-0.128223,0.0008,0.1298,25.5141,250,0.10206,213.6409,213.6409,120540,0
1778489582.240599,0.148854,-0.122378,0.547551,0,21.2052,22.7915,-0.133557,-0.143993,-0.128139,0.0006,0.1761,21.0285,250,0.08411,214.8762,214.8762,120540,0
1778489582.29091,0.147992,-0.121109,0.546183,0,23.3532,24.0932,-0.134418,-0.142725,-0.129507,0.0003,0.113,23.2399,250,0.09296,217.0469,217.0469,120540,0
1778489582.341079,0.148062,-0.120497,0.545142,0,20.525,21.6289,-0.134349,-0.142112,-0.130548,0.0008,0.1691,20.3551,250,0.08142,217.328,217.328,120540,0
1778489582.391313,0.148194,-0.120278,0.544353,0,21.3795,22.7039,-0.134217,-0.141893,-0.131337,0.0005,0.1419,21.2371,250,0.08495,217.1846,217.1846,120540,0
1778489582.441398,0.15035,-0.121617,0.543461,0,21.0631,22.4588,-0.132061,-0.143232,-0.132229,0.0007,0.1358,20.9266,250,0.08371,215.0571,215.0571,120540,0
1778489582.491493,0.155317,-0.123181,0.543552,0,19.675,20.7133,-0.127094,-0.144797,-0.132138,0.0008,0.1502,19.524,250,0.0781,211.4575,211.4575,120540,0
1778489582.541604,0.160427,-0.123878,0.544511,0,20.1849,22.9505,-0.121984,-0.145493,-0.131179,0.0007,0.1836,20.0006,250,0.08,208.2234,208.2234,120540,0
1778489582.591703,0.169896,-0.12454,0.546588,0,21.1629,24.5296,-0.112515,-0.146156,-0.129102,0.0006,0.1769,20.9853,250,0.08394,201.9617,201.9617,120544,0
1778489582.641791,0.183396,-0.125119,0.549769,0,20.6147,23.705,-0.099015,-0.146734,-0.125921,0.0008,0.1504,20.4635,250,0.08185,194.4323,194.4323,120544,0
1778489582.691838,0.218805,-0.132039,0.5636,0,26.1895,29.3523,-0.063605,-0.153655,-0.11209,0.0004,0.1264,26.0628,250,0.10425,172.3871,172.3871,120544,0
1778489582.741922,0.240234,-0.136059,0.577742,0,20.2486,23.3356,-0.042177,-0.157675,-0.097948,0.0008,0.1465,20.1013,250,0.08041,159.8187,159.8187,120544,0
1778489582.792106,0.264441,-0.139287,0.591914,0,21.7703,22.5577,-0.01797,-0.160902,-0.083776,0.0008,0.1606,21.6088,250,0.08644,143.1699,143.1699,120552,0
1778489582.84252,0.294988,-0.144862,0.605175,0,21.3842,22.6656,0.012577,-0.166477,-0.070515,0.0007,0.1699,21.2135,250,0.08485,117.743,117.743,120552,0
1778489582.892684,0.3,-0.167269,0.627009,0,20.6495,21.86,0.074451,-0.188885,-0.048681,0.001,0.146,20.5025,250,0.08201,105.0626,105.0626,120552,0
1778489582.94276,0.3,-0.181033,0.631008,0,21.8721,22.3893,0.098899,-0.202648,-0.044682,0.0008,0.1394,21.7319,250,0.08693,91.5159,91.5159,120552,0
1778489582.992981,0.3,-0.196716,0.626633,0,21.1371,22.2018,0.11852,-0.218331,-0.049057,0.0006,0.1459,20.9906,250,0.08396,70.2284,70.2284,120556,0
1778489583.043177,0.3,-0.211154,0.616598,0,21.4206,23.1856,0.127591,-0.23277,-0.059092,0.0009,0.1564,21.2633,250,0.08505,49.3435,49.3435,120560,0
1778489583.093287,0.3,-0.241077,0.582281,0,19.5465,20.5124,0.136109,-0.262693,-0.093409,0.0009,0.1735,19.3722,250,0.07749,11.4012,11.4012,120560,0
1778489583.143383,0.3,-0.253972,0.565304,1,21.1052,22.1431,0.138011,-0.275587,-0.110386,0.0009,0.1426,20.9617,250,0.08385,3.622,3.622,120560,0
1778489583.193478,0.3,-0.26113,0.549213,1,0.678,0.8385,0.138449,-0.282745,-0.126477,0.0009,0.1419,0.5352,3,0.17839,0.8421,0.8421,120560,0
1778489583.243721,0.3,-0.265274,0.533984,1,0.8788,1.7078,0.141208,-0.28689,-0.141706,0.0014,0.1956,0.6818,3,0.22728,0.3022,0.3022,120560,0
1778489583.293906,0.3,-0.266369,0.513546,1,25.4597,27.2185,0.150441,-0.287984,-0.162144,0.0008,0.1466,25.3123,250,0.10125,5.4326,5.4326,120560,0
1778489583.344019,0.3,-0.261001,0.513292,0,19.9638,21.1987,0.156585,-0.282617,-0.162398,0.0008,0.1566,19.8063,250,0.07923,10.1077,10.1077,120560,0
1778489583.394175,0.3,-0.25549,0.516943,0,21.2626,24.4656,0.163672,-0.277105,-0.158747,0.0008,0.1651,21.0967,250,0.08439,14.5727,14.5727,120564,0
1778489583.444594,0.3,-0.253245,0.519961,0,23.6939,24.7878,0.170645,-0.27486,-0.155729,0.0004,0.1635,23.5301,250,0.09412,17.513,17.513,120564,0
1778489583.494687,0.3,-0.254303,0.506211,0,21.6508,23.5272,0.179776,-0.275919,-0.169479,0.0006,0.1565,21.4937,250,0.08597,11.6359,11.6359,120564,0
1778489583.544874,0.3,-0.258109,0.485181,1,18.0028,19.2458,0.188255,-0.279725,-0.190509,0.0008,0.1614,17.8407,250,0.07136,3.3103,3.3103,120564,0
1778489583.594967,0.3,-0.257126,0.481967,1,0.7719,0.9262,0.192755,-0.278741,-0.193722,0.0008,0.1586,0.6124,3,0.20413,0.1541,0.1541,120576,0
1778489583.645366,0.3,-0.250822,0.481218,1,16.3225,17.3367,0.198899,-0.272437,-0.194472,0.0009,0.1695,16.1521,250,0.06461,9.2334,9.2334,120576,0
1778489583.69554,0.3,-0.246887,0.466174,0,22.5709,25.9628,0.196415,-0.268503,-0.209516,0.0008,0.1686,22.4015,250,0.08961,37.3845,37.3845,120576,0
1778489583.745727,0.3,-0.243388,0.466572,0,22.6789,24.6218,0.193112,-0.265003,-0.209118,0.0013,0.1493,22.5283,250,0.09011,20.7803,20.7803,120580,0
1778489583.795934,0.3,-0.239153,0.473918,0,20.7919,24.3392,0.188655,-0.260769,-0.201772,0.0007,0.1451,20.6461,250,0.08258,16.3557,16.3557,120580,0
1778489583.846001,0.3,-0.231975,0.480072,0,20.7002,23.9267,0.178897,-0.25359,-0.195618,0.0006,0.1316,20.568,250,0.08227,22.1821,22.1821,120580,0
1778489583.896661,0.3,-0.230044,0.482032,0,21.0056,23.9975,0.17678,-0.251659,-0.193657,0.0006,0.1422,20.8628,250,0.08345,24.2713,24.2713,120580,0
1778489583.946821,0.3,-0.229797,0.483727,0,21.0165,22.1658,0.176804,-0.251413,-0.191963,0.0008,0.1665,20.8492,250,0.0834,25.2104,25.2104,120580,0
1778489583.996852,0.3,-0.22937,0.484758,0,21.0885,21.7939,0.176505,-0.250986,-0.190932,0.0007,0.1677,20.9201,250,0.08368,25.9495,25.9495,120580,0
1778489584.046925,0.3,-0.228246,0.486223,0,19.3952,20.0918,0.175787,-0.249862,-0.189467,0.0006,0.144,19.2506,250,0.077,27.3096,27.3096,120580,0
1778489584.096993,0.3,-0.227581,0.486876,0,19.4495,20.1768,0.175372,-0.249196,-0.188814,0.0006,0.1145,19.3345,250,0.07734,28.0124,28.0124,120580,0
1778489584.14707,0.3,-0.226937,0.487427,0,18.8357,20.129,0.17498,-0.248552,-0.188263,0.0006,0.1435,18.6916,250,0.07477,28.6551,28.6551,120580,0
1778489584.197189,0.3,-0.226234,0.487896,0,20.3644,21.8376,0.174579,-0.247849,-0.187794,0.0008,0.1704,20.1932,250,0.08077,29.2938,29.2938,120584,0
1778489584.247262,0.3,-0.224986,0.48871,0,11.9609,12.589,0.17383,-0.246601,-0.18698,0.0004,0.1636,11.7969,250,0.04719,30.4164,30.4164,120584,0
1778489584.297437,0.3,-0.224251,0.489107,0,13.4019,14.0228,0.173405,-0.245866,-0.186583,0.0006,0.1234,13.2778,250,0.05311,31.0385,31.0385,120584,0
1778489584.348445,0.3,-0.223531,0.489446,0,23.1428,24.0343,0.172999,-0.245147,-0.186244,0.0007,0.1318,23.0103,250,0.09204,31.622,31.622,120584,0
1778489584.398756,0.3,-0.222804,0.489763,0,21.3894,22.7142,0.172619,-0.24442,-0.185927,0.0007,0.1744,21.2143,250,0.08486,32.1992,32.1992,120584,0
1778489584.448849,0.3,-0.221548,0.490261,0,15.6526,18.7093,0.171928,-0.243163,-0.185429,0.0005,0.1277,15.5244,250,0.0621,33.1705,33.1705,120596,0
1778489584.498941,0.3,-0.221047,0.490439,0,19.8257,22.6027,0.171647,-0.242663,-0.185251,0.0006,0.2309,19.5942,250,0.07838,33.5464,33.5464,120596,0
1778489584.549047,0.3,-0.220277,0.49067,0,22.7583,25.185,0.17123,-0.241892,-0.18502,0.0008,0.1655,22.5919,250,0.09037,34.1042,34.1042,120600,0
1778489584.599227,0.3,-0.219998,0.49076,0,20.7371,22.6726,0.171081,-0.241613,-0.184929,0.0003,0.1058,20.631,250,0.08252,34.3091,34.3091,120600,0
1778489584.649323,0.3,-0.21808,0.491296,0,25.1861,26.3823,0.170022,-0.239696,-0.184394,0.0003,0.0997,25.0861,250,0.10034,35.6687,35.6687,120600,0
1778489584.699415,0.3,-0.217406,0.491462,0,23.8023,25.2188,0.16966,-0.239021,-0.184228,0.0007,0.1776,23.6241,250,0.0945,36.1342,36.1342,120604,0
1778489584.749495,0.3,-0.217135,0.491526,0,22.2226,23.5298,0.16951,-0.23875,-0.184164,0.0006,0.1334,22.0887,250,0.08835,36.3195,36.3195,120604,0
1778489584.799576,0.3,-0.217195,0.491513,0,21.4949,22.913,0.169543,-0.23881,-0.184177,0.0003,0.1141,21.3805,250,0.08552,36.2795,36.2795,120604,0
1778489584.84973,0.3,-0.217213,0.491509,0,21.2238,22.4163,0.169553,-0.238829,-0.184181,0.0008,0.1356,21.0875,250,0.08435,36.268,36.268,120604,0
1778489584.899845,0.3,-0.217214,0.491509,0,10.1989,10.9462,0.169553,-0.238829,-0.184181,0.0005,0.1084,10.09,250,0.04036,36.2683,36.2683,120604,0
1778489584.94995,0.3,-0.217214,0.491509,0,9.8422,10.4119,0.169553,-0.238829,-0.184181,0.0004,0.102,9.7398,250,0.03896,36.2687,36.2687,120604,0
1778489585.000049,0.3,-0.217214,0.491509,0,19.4287,20.529,0.169553,-0.238829,-0.184181,0.0009,0.1504,19.2774,250,0.07711,36.2686,36.2686,120608,0
