t,x,y,z,success,ik_ms,total_ms,dx,dy,dz,robot_ms,setup_ms,loop_ms,iterations,iter_ms,pos_err_mm,track_err_mm,mem_kb,deadline_missed
1778496804.486774,0.216,-0.290227,0.529734,1,2.4302,3.9196,0.0,0.005,0.0,0.0008,1.6404,0.789,3,0.26301,0.0902,0.0902,118040,0
1778496805.15398,0.216,-0.285227,0.529734,1,0.4265,0.6121,0.0,0.005,0.0,0.0009,0.1618,0.2638,1,0.26379,0.0513,0.0513,118076,0
1778496805.415849,0.216,-0.280227,0.529734,1,0.4091,0.5902,0.0,0.005,0.0,0.0008,0.1494,0.259,1,0.25898,0.0601,0.0601,118080,0
1778496805.597049,0.216,-0.275227,0.529734,1,0.4429,1.3082,0.0,0.005,0.0,0.001,0.156,0.2859,1,0.28593,0.071,0.071,118080,0
1778496806.102366,0.216,-0.270227,0.529734,1,1.5464,1.7666,0.0,0.005,0.0,0.0004,0.1229,1.4231,1,1.42307,0.0834,0.0834,118084,0
1778496806.142811,0.216,-0.265227,0.529734,1,0.4372,0.6331,0.0,0.005,0.0,0.0007,0.1543,0.2822,1,0.28222,0.0966,0.0966,118084,0
1778496806.162879,0.216,-0.260227,0.529734,1,0.4567,0.6968,0.0,0.005,0.0,0.0011,0.1643,0.2912,1,0.29124,0.1103,0.1103,118096,0
1778496806.182959,0.216,-0.255227,0.529734,1,0.3886,0.5928,0.0,0.005,0.0,0.0006,0.1296,0.2584,1,0.25844,0.1243,0.1243,118096,0
1778496806.223165,0.216,-0.250227,0.529734,1,0.5424,0.7692,0.0,0.005,0.0,0.0011,0.18,0.3613,1,0.36129,0.1385,0.1385,118108,0
1778496806.263351,0.216,-0.245227,0.529734,1,0.4302,0.6102,0.0,0.005,0.0,0.0006,0.1432,0.2863,1,0.28632,0.1529,0.1529,118108,0
1778496806.283459,0.216,-0.240227,0.529734,1,0.4598,0.6599,0.0,0.005,0.0,0.001,0.1755,0.2834,1,0.28335,0.1673,0.1673,118116,0
1778496806.323635,0.216,-0.235227,0.529734,1,0.443,0.6221,0.0,0.005,0.0,0.0008,0.1572,0.285,1,0.28504,0.1818,0.1818,118116,0
1778496806.343746,0.216,-0.230227,0.529734,1,0.4896,0.6986,0.0,0.005,0.0,0.0009,0.1774,0.3113,1,0.31129,0.1963,0.1963,118116,0
1778496806.383902,0.216,-0.225227,0.529734,1,0.3903,0.5653,0.0,0.005,0.0,0.0006,0.133,0.2567,1,0.25671,0.2108,0.2108,118116,0
1778496806.404742,0.216,-0.220227,0.529734,1,0.4225,0.6227,0.0,0.005,0.0,0.0008,0.1538,0.2679,1,0.26788,0.2254,0.2254,118116,0
1778496806.44494,0.216,-0.215227,0.529734,1,0.424,0.6189,0.0,0.005,0.0,0.001,0.1618,0.2611,1,0.26109,0.2399,0.2399,118116,0
1778496806.465059,0.216,-0.210227,0.529734,1,0.5186,0.7274,0.0,0.005,0.0,0.0011,0.1719,0.3456,1,0.34561,0.2544,0.2544,118128,0
1778496806.505222,0.216,-0.205227,0.529734,1,0.4214,0.5927,0.0,0.005,0.0,0.0007,0.1485,0.2721,1,0.27214,0.2688,0.2688,118128,0
1778496806.525334,0.216,-0.200227,0.529734,1,0.4661,0.6732,0.0,0.005,0.0,0.0012,0.158,0.3069,1,0.30689,0.2832,0.2832,118140,0
1778496806.565534,0.216,-0.195227,0.529734,1,0.4243,0.6103,0.0,0.005,0.0,0.001,0.1516,0.2717,1,0.27175,0.2975,0.2975,118140,0
1778496806.585655,0.216,-0.190227,0.529734,1,0.4846,0.6877,0.0,0.005,0.0,0.0008,0.1741,0.3097,1,0.30968,0.3116,0.3116,118140,0
1778496806.626022,0.216,-0.185227,0.529734,1,0.4162,1.6774,0.0,0.005,0.0,0.0007,0.1405,0.275,1,0.27504,0.3257,0.3257,118140,0
1778496806.646115,0.216,-0.180227,0.529734,1,0.4615,0.6653,0.0,0.005,0.0,0.0064,0.1606,0.2945,1,0.29454,0.3397,0.3397,118140,0
1778496806.686285,0.216,-0.175227,0.529734,1,0.4065,0.5956,0.0,0.005,0.0,0.0008,0.1388,0.2669,1,0.26693,0.3535,0.3535,118144,0
1778496806.706384,0.216,-0.170227,0.529734,1,0.4839,0.7465,0.0,0.005,0.0,0.0008,0.173,0.3101,1,0.3101,0.3671,0.3671,118144,0
1778496806.746677,0.216,-0.165227,0.529734,1,0.5881,1.5339,0.0,0.005,0.0,0.0009,0.2201,0.3671,1,0.36713,0.3805,0.3805,118148,0
1778496806.766767,0.216,-0.160227,0.529734,1,0.4497,1.0367,0.0,0.005,0.0,0.0008,0.1533,0.2957,1,0.29566,0.3938,0.3938,118148,0
1778496806.807012,0.216,-0.155227,0.529734,1,0.3951,1.1652,0.0,0.005,0.0,0.0006,0.1323,0.2622,1,0.26219,0.4068,0.4068,118148,0
1778496806.827578,0.216,-0.150227,0.529734,1,0.4052,0.7313,0.0,0.005,0.0,0.0006,0.1389,0.2658,1,0.26581,0.4197,0.4197,118148,0
1778496806.867942,0.216,-0.145227,0.529734,1,0.4568,0.6376,0.0,0.005,0.0,0.0009,0.159,0.2969,1,0.29687,0.4323,0.4323,118152,0
1778496806.888506,0.216,-0.140227,0.529734,1,0.5205,0.7376,0.0,0.005,0.0,0.0007,0.1682,0.3516,1,0.35163,0.4447,0.4447,118152,0
1778496806.928869,0.216,-0.135227,0.529734,1,0.5054,0.7018,0.0,0.005,0.0,0.0009,0.1904,0.314,1,0.31404,0.4568,0.4568,118152,0
1778496806.948939,0.216,-0.130227,0.529734,1,0.4335,0.6353,0.0,0.005,0.0,0.0008,0.1367,0.2959,1,0.29592,0.4687,0.4687,118160,0
1778496806.989172,0.216,-0.125227,0.529734,1,0.8554,1.0609,0.0,0.005,0.0,0.0009,0.1666,0.688,1,0.68796,0.4803,0.4803,118164,0
1778496807.010633,0.216,-0.120227,0.529734,1,0.5366,0.7445,0.0,0.005,0.0,0.0015,0.1975,0.3376,1,0.33763,0.4917,0.4917,118172,0
1778496807.05084,0.216,-0.115227,0.529734,1,0.4648,0.6528,0.0,0.005,0.0,0.0007,0.1642,0.2998,1,0.29984,0.5028,0.5028,118172,0
1778496807.070954,0.216,-0.110227,0.529734,1,0.5661,0.8115,0.0,0.005,0.0,0.0009,0.1783,0.3869,1,0.3869,0.5136,0.5136,118172,0
1778496807.111152,0.216,-0.105227,0.529734,1,0.4575,0.6599,0.0,0.005,0.0,0.0011,0.1699,0.2865,1,0.28648,0.5242,0.5242,118172,0
1778496807.131253,0.216,-0.100227,0.529734,1,0.4891,0.706,0.0,0.005,0.0,0.0008,0.1723,0.316,1,0.31599,0.5345,0.5345,118172,0
1778496807.171606,0.216,-0.095227,0.529734,1,0.3124,0.9563,0.0,0.005,0.0,0.0003,0.1088,0.2032,1,0.20325,0.5446,0.5446,118172,0
1778496807.191722,0.216,-0.090227,0.529734,1,0.5345,0.7437,0.0,0.005,0.0,0.0008,0.1903,0.3434,1,0.34337,0.5544,0.5544,118172,0
1778496807.231876,0.216,-0.085227,0.529734,1,0.4451,0.64,0.0,0.005,0.0,0.0011,0.1669,0.2771,1,0.27711,0.5639,0.5639,118172,0
1778496807.251949,0.216,-0.080227,0.529734,1,0.4374,0.608,0.0,0.005,0.0,0.0009,0.1505,0.286,1,0.28599,0.5732,0.5732,118180,0
1778496807.292164,0.216,-0.075227,0.529734,1,0.5289,0.7671,0.0,0.005,0.0,0.0012,0.1941,0.3337,1,0.33366,0.5824,0.5824,118180,0
1778496807.312247,0.216,-0.070227,0.529734,1,0.4297,0.6238,0.0,0.005,0.0,0.0007,0.156,0.2729,1,0.27292,0.5912,0.5912,118180,0
1778496807.352567,0.216,-0.065227,0.529734,1,0.5052,0.7162,0.0,0.005,0.0,0.0011,0.1964,0.3077,1,0.30774,0.5999,0.5999,118188,0
1778496807.372666,0.216,-0.060227,0.529734,1,0.4248,0.6178,0.0,0.005,0.0,0.0007,0.1543,0.2699,1,0.26985,0.6084,0.6084,118188,0
1778496807.412863,0.216,-0.055227,0.529734,1,0.4934,0.6826,0.0,0.005,0.0,0.0011,0.1684,0.3239,1,0.32395,0.6168,0.6168,118188,0
1778496807.432942,0.216,-0.050227,0.529734,1,0.4419,0.6159,0.0,0.005,0.0,0.0007,0.152,0.2892,1,0.28923,0.625,0.625,118200,0
1778496807.614109,0.216,-0.05,0.529734,1,0.4785,0.696,0.0,0.005,0.0,0.0009,0.1762,0.3014,1,0.30136,0.6557,0.6557,118204,0
1778496808.100709,0.216,-0.05,0.529734,1,0.3494,0.4531,0.0,0.005,0.0,0.0006,0.1152,0.2337,1,0.2337,0.655,0.655,119616,0
1778496808.141037,0.216,-0.05,0.529734,1,0.5044,0.7321,0.0,0.005,0.0,0.0008,0.1722,0.3313,1,0.33135,0.6551,0.6551,119620,0
1778496808.161126,0.216,-0.05,0.529734,1,0.4545,0.6658,0.0,0.005,0.0,0.0007,0.1682,0.2856,1,0.2856,0.6551,0.6551,119620,0
1778496808.201295,0.216,-0.05,0.529734,1,0.4773,0.6643,0.0,0.005,0.0,0.0008,0.1721,0.3045,1,0.30447,0.6551,0.6551,119620,0
1778496808.221397,0.216,-0.05,0.529734,1,0.5577,0.7812,0.0,0.005,0.0,0.0008,0.1709,0.386,1,0.38602,0.6551,0.6551,119620,0
1778496808.261622,0.216,-0.05,0.529734,1,0.5081,0.7315,0.0,0.005,0.0,0.0008,0.214,0.2933,1,0.2933,0.6551,0.6551,119620,0
1778496808.281715,0.216,-0.05,0.529734,1,0.4363,0.6283,0.0,0.005,0.0,0.0009,0.1422,0.2932,1,0.29317,0.6551,0.6551,119628,0
1778496808.321896,0.216,-0.05,0.529734,1,0.4504,0.6551,0.0,0.005,0.0,0.0007,0.152,0.2976,1,0.29759,0.6551,0.6551,119636,0
1778496808.341986,0.216,-0.05,0.529734,1,0.4697,0.665,0.0,0.005,0.0,0.0007,0.1677,0.3013,1,0.30128,0.6551,0.6551,119636,0
1778496808.382174,0.216,-0.05,0.529734,1,0.4329,0.6348,0.0,0.005,0.0,0.0008,0.1515,0.2806,1,0.28062,0.6551,0.6551,119640,0
1778496808.402291,0.216,-0.05,0.529734,1,0.43,0.6162,0.0,0.005,0.0,0.0007,0.1517,0.2776,1,0.27761,0.6551,0.6551,119640,0
1778496808.442564,0.216,-0.05,0.529734,1,0.4447,0.6481,0.0,0.005,0.0,0.0007,0.1616,0.2824,1,0.28244,0.6551,0.6551,119640,0
1778496808.462662,0.216,-0.05,0.529734,1,0.4902,0.696,0.0,0.005,0.0,0.0009,0.1871,0.3022,1,0.30216,0.6551,0.6551,119644,0
1778496808.502899,0.216,-0.05,0.529734,1,0.4781,0.6896,0.0,0.005,0.0,0.0009,0.1698,0.3073,1,0.30727,0.6551,0.6551,119644,0
1778496808.522988,0.216,-0.05,0.529734,1,0.4658,0.6683,0.0,0.005,0.0,0.0007,0.1725,0.2926,1,0.29264,0.6551,0.6551,119644,0
1778496808.563188,0.216,-0.05,0.529734,1,0.4949,0.709,0.0,0.005,0.0,0.001,0.1821,0.3118,1,0.31176,0.6551,0.6551,119644,0
1778496808.583277,0.216,-0.05,0.529734,1,0.3907,0.5644,0.0,0.005,0.0,0.0011,0.1306,0.259,1,0.259,0.6551,0.6551,119516,0
1778496808.623487,0.216,-0.05,0.529734,1,0.4907,0.6879,0.0,0.005,0.0,0.001,0.1684,0.3213,1,0.3213,0.6551,0.6551,119532,0
1778496808.643677,0.216,-0.05,0.529734,1,0.4362,0.6254,0.0,0.005,0.0,0.0011,0.1688,0.2663,1,0.26633,0.6551,0.6551,119532,0
1778496808.684012,0.216,-0.05,0.529734,1,0.4493,0.649,0.0,0.005,0.0,0.0011,0.1614,0.2869,1,0.28688,0.6551,0.6551,119532,0
1778496808.704098,0.216,-0.05,0.529734,1,0.4022,0.5809,0.0,0.005,0.0,0.0008,0.1398,0.2615,1,0.26154,0.6551,0.6551,119532,0
1778496808.744295,0.216,-0.05,0.529734,1,0.4433,0.6469,0.0,0.005,0.0,0.0009,0.1604,0.2819,1,0.28192,0.6551,0.6551,119532,0
1778496808.764376,0.216,-0.05,0.529734,1,0.5146,0.7132,0.0,0.005,0.0,0.0008,0.1589,0.355,1,0.35495,0.6551,0.6551,119532,0
1778496810.135443,0.216,-0.05,0.529734,1,0.3084,0.4512,0.0,0.005,0.0,0.0006,0.1168,0.1911,1,0.19108,0.6551,0.6551,119572,0
1778496810.639948,0.216,-0.05,0.529734,1,0.4602,0.6712,0.0,0.005,0.0,0.0009,0.1616,0.2977,1,0.29774,0.6551,0.6551,119608,0
1778496810.680163,0.216,-0.05,0.529734,1,0.4601,0.6635,0.0,0.005,0.0,0.0008,0.1676,0.2916,1,0.29164,0.6551,0.6551,119608,0
1778496810.700254,0.216,-0.05,0.529734,1,0.4084,0.5955,0.0,0.005,0.0,0.0008,0.1429,0.2648,1,0.26476,0.6551,0.6551,119612,0
1778496810.740466,0.216,-0.05,0.529734,1,0.5569,0.7861,0.0,0.005,0.0,0.0009,0.1755,0.3805,1,0.38046,0.6551,0.6551,119616,0
1778496810.760564,0.216,-0.05,0.529734,1,0.4586,0.6325,0.0,0.005,0.0,0.0008,0.1345,0.3234,1,0.32337,0.6551,0.6551,119616,0
1778496810.80093,0.216,-0.05,0.529734,1,0.438,0.6316,0.0,0.005,0.0,0.0011,0.1578,0.2791,1,0.27907,0.6551,0.6551,119620,0
1778496810.821026,0.216,-0.05,0.529734,1,0.2864,0.401,0.0,0.005,0.0,0.0004,0.1056,0.1803,1,0.18031,0.6551,0.6551,119620,0
1778496810.861307,0.216,-0.05,0.529734,1,0.2936,0.4177,0.0,0.005,0.0,0.0004,0.1116,0.1816,1,0.18157,0.6551,0.6551,119632,0
1778496810.881401,0.216,-0.05,0.529734,1,0.4139,0.5822,0.0,0.005,0.0,0.0009,0.1457,0.2673,1,0.26727,0.6551,0.6551,119644,0
1778496810.921615,0.216,-0.05,0.529734,1,0.4743,0.6663,0.0,0.005,0.0,0.0006,0.1767,0.2969,1,0.29688,0.6551,0.6551,119648,0
1778496810.94171,0.216,-0.05,0.529734,1,0.4998,0.7145,0.0,0.005,0.0,0.0008,0.195,0.304,1,0.304,0.6551,0.6551,119648,0
1778496810.981965,0.216,-0.05,0.529734,1,0.4581,0.6529,0.0,0.005,0.0,0.0013,0.172,0.2848,1,0.28481,0.6551,0.6551,119652,0
1778496811.002054,0.216,-0.05,0.529734,1,0.3808,0.538,0.0,0.005,0.0,0.0006,0.1289,0.2512,1,0.25121,0.6551,0.6551,119652,0
1778496811.042261,0.216,-0.05,0.529734,1,0.5564,0.7627,0.0,0.005,0.0,0.0011,0.19,0.3654,1,0.36536,0.6551,0.6551,119656,0
1778496811.062404,0.216,-0.05,0.529734,1,0.3862,0.5538,0.0,0.005,0.0,0.0008,0.1324,0.253,1,0.253,0.6551,0.6551,119656,0
1778496811.102769,0.216,-0.05,0.529734,1,0.446,0.6467,0.0,0.005,0.0,0.001,0.1612,0.2838,1,0.2838,0.6551,0.6551,119664,0
1778496811.122941,0.216,-0.05,0.529734,1,0.4085,0.5992,0.0,0.005,0.0,0.0011,0.1428,0.2646,1,0.26462,0.6551,0.6551,119664,0
1778496811.163149,0.216,-0.05,0.529734,1,0.4936,0.7052,0.0,0.005,0.0,0.001,0.1812,0.3114,1,0.3114,0.6551,0.6551,119668,0
1778496811.183254,0.216,-0.05,0.529734,1,0.4448,0.6569,0.0,0.005,0.0,0.0008,0.1549,0.2891,1,0.28905,0.6551,0.6551,119668,0
1778496811.223593,0.216,-0.05,0.529734,1,0.5125,0.7369,0.0,0.005,0.0,0.0011,0.1976,0.3138,1,0.31376,0.6551,0.6551,119672,0
1778496811.243703,0.216,-0.05,0.529734,1,0.529,0.7612,0.0,0.005,0.0,0.0014,0.1839,0.3437,1,0.3437,0.6551,0.6551,119672,0
1778496811.283964,0.216,-0.05,0.529734,1,0.4873,0.6885,0.0,0.005,0.0,0.001,0.1749,0.3114,1,0.31144,0.6551,0.6551,119676,0
1778496811.304157,0.216,-0.05,0.529734,1,0.505,0.7216,0.0,0.005,0.0,0.0004,0.1843,0.3202,1,0.32024,0.6551,0.6551,119688,0
1778496811.344366,0.216,-0.05,0.529734,1,0.4478,0.6337,0.0,0.005,0.0,0.0008,0.1534,0.2936,1,0.29356,0.6551,0.6551,119688,0
1778496811.36448,0.216,-0.05,0.529734,1,0.4941,0.6966,0.0,0.005,0.0,0.0011,0.1832,0.3099,1,0.30985,0.6551,0.6551,119696,0
1778496811.404848,0.216,-0.05,0.529734,1,0.4404,0.6231,0.0,0.005,0.0,0.0014,0.1565,0.2825,1,0.28249,0.6551,0.6551,119696,0
1778496811.424886,0.216,-0.05,0.529734,1,0.5277,0.736,0.0,0.005,0.0,0.0009,0.1863,0.3405,1,0.34054,0.6551,0.6551,119704,0
1778496811.465075,0.216,-0.05,0.529734,1,0.4333,0.6228,0.0,0.005,0.0,0.0008,0.1574,0.2751,1,0.27511,0.6551,0.6551,119704,0
1778496811.485164,0.216,-0.05,0.529734,1,0.431,0.6279,0.0,0.005,0.0,0.0008,0.1599,0.2704,1,0.2704,0.6551,0.6551,119708,0
1778496811.52537,0.216,-0.05,0.529734,1,0.4257,0.6052,0.0,0.005,0.0,0.0009,0.1528,0.272,1,0.27196,0.6551,0.6551,119708,0
1778496811.545468,0.216,-0.05,0.529734,1,0.4837,0.6877,0.0,0.005,0.0,0.0011,0.1703,0.3123,1,0.31232,0.6551,0.6551,119712,0
1778496811.585726,0.216,-0.05,0.529734,1,0.4667,0.6535,0.0,0.005,0.0,0.001,0.1699,0.2958,1,0.29578,0.6551,0.6551,119712,0
1778496812.091035,0.216,-0.055,0.529734,1,0.5385,0.7846,0.0,-0.005,0.0,0.0011,0.1853,0.352,1,0.35202,0.6094,0.6094,119772,0
1778496812.594115,0.216,-0.06,0.529734,1,0.3065,0.438,0.0,-0.005,0.0,0.0004,0.1146,0.1914,1,0.19142,0.5979,0.5979,119808,0
1778496812.634335,0.216,-0.065,0.529734,1,0.3009,0.4289,0.0,-0.005,0.0,0.0004,0.1114,0.1891,1,0.18908,0.5898,0.5898,119812,0
1778496812.654522,0.216,-0.07,0.529734,1,0.5319,0.7262,0.0,-0.005,0.0,0.0005,0.1695,0.3619,1,0.36192,0.5812,0.5812,119812,0
1778496812.694731,0.216,-0.075,0.529734,1,0.4968,0.7169,0.0,-0.005,0.0,0.0007,0.182,0.3141,1,0.3141,0.5725,0.5725,119816,0
1778496812.714809,0.216,-0.08,0.529734,1,0.3828,0.5624,0.0,-0.005,0.0,0.0005,0.1232,0.2591,1,0.25914,0.5636,0.5636,119816,0
1778496812.754945,0.216,-0.085,0.529734,1,0.3982,0.5737,0.0,-0.005,0.0,0.0008,0.1389,0.2586,1,0.25858,0.5544,0.5544,119820,0
1778496812.775021,0.216,-0.09,0.529734,1,0.4001,0.5829,0.0,-0.005,0.0,0.0007,0.1323,0.2671,1,0.26706,0.545,0.545,119828,0
1778496812.815192,0.216,-0.095,0.529734,1,0.421,0.6103,0.0,-0.005,0.0,0.0007,0.1486,0.2717,1,0.27171,0.5354,0.5354,119828,0
1778496812.835269,0.216,-0.1,0.529734,1,0.4519,0.6349,0.0,-0.005,0.0,0.0007,0.1392,0.312,1,0.31205,0.5256,0.5256,119832,0
1778496812.875457,0.216,-0.105,0.529734,1,0.5309,0.7332,0.0,-0.005,0.0,0.0008,0.1616,0.3686,1,0.36857,0.5155,0.5155,119832,0
1778496812.895572,0.216,-0.11,0.529734,1,0.5025,0.6902,0.0,-0.005,0.0,0.0011,0.1945,0.3068,1,0.30678,0.5051,0.5051,119836,0
1778496812.935862,0.216,-0.115,0.529734,1,0.432,0.6243,0.0,-0.005,0.0,0.0007,0.1584,0.2729,1,0.27288,0.4945,0.4945,119844,0
1778496812.955961,0.216,-0.12,0.529734,1,0.4372,0.6334,0.0,-0.005,0.0,0.0009,0.1606,0.2757,1,0.27569,0.4837,0.4837,119844,0
1778496812.996157,0.216,-0.125,0.529734,1,0.4344,0.6864,0.0,-0.005,0.0,0.001,0.1612,0.2721,1,0.27214,0.4726,0.4726,119848,0
1778496813.016255,0.216,-0.13,0.529734,1,0.4667,0.6744,0.0,-0.005,0.0,0.0009,0.174,0.2918,1,0.29184,0.4612,0.4612,119848,0
1778496813.056445,0.216,-0.135,0.529734,1,0.4526,0.6877,0.0,-0.005,0.0,0.0006,0.1577,0.2942,1,0.29421,0.4496,0.4496,119868,0
1778496813.076551,0.216,-0.14,0.529734,1,0.4915,1.3433,0.0,-0.005,0.0,0.0008,0.173,0.3178,1,0.31778,0.4377,0.4377,119868,0
1778496813.116721,0.216,-0.145,0.529734,1,0.4827,0.6681,0.0,-0.005,0.0,0.0008,0.1578,0.3241,1,0.32411,0.4256,0.4256,119868,0
1778496813.136824,0.216,-0.15,0.529734,1,0.4719,1.2266,0.0,-0.005,0.0,0.0007,0.1496,0.3217,1,0.32166,0.4133,0.4133,119868,0
1778496813.177113,0.216,-0.155,0.529734,1,0.603,1.6827,0.0,-0.005,0.0,0.0003,0.2121,0.3906,1,0.39058,0.4007,0.4007,119872,0
1778496813.201149,0.216,-0.16,0.529734,1,0.3264,0.4728,0.0,-0.005,0.0,0.0004,0.1273,0.1986,1,0.19863,0.3879,0.3879,119876,0
1778496813.241384,0.216,-0.165,0.529734,1,0.3142,0.4545,0.0,-0.005,0.0,0.0005,0.12,0.1937,1,0.19368,0.3749,0.3749,119876,0
1778496813.261455,0.216,-0.17,0.529734,1,0.4404,0.6318,0.0,-0.005,0.0,0.001,0.1509,0.2884,1,0.28843,0.3617,0.3617,119884,0
1778496813.301906,0.216,-0.175,0.529734,1,0.4349,0.6367,0.0,-0.005,0.0,0.0012,0.1651,0.2686,1,0.26862,0.3483,0.3483,119884,0
1778496813.321996,0.216,-0.18,0.529734,1,0.4484,0.6445,0.0,-0.005,0.0,0.0007,0.1631,0.2846,1,0.28462,0.3348,0.3348,119884,0
1778496813.36217,0.216,-0.185,0.529734,1,0.5274,0.7551,0.0,-0.005,0.0,0.0008,0.178,0.3486,1,0.34861,0.3211,0.3211,119884,0
1778496813.382245,0.216,-0.19,0.529734,1,0.4497,0.6477,0.0,-0.005,0.0,0.0009,0.1601,0.2888,1,0.28881,0.3072,0.3072,119884,0
1778496813.422443,0.216,-0.195,0.529734,1,0.5413,0.7653,0.0,-0.005,0.0,0.0011,0.1915,0.3487,1,0.3487,0.2932,0.2932,119884,0
1778496813.442634,0.216,-0.2,0.529734,1,0.4481,0.6331,0.0,-0.005,0.0,0.0006,0.1717,0.2758,1,0.27578,0.2791,0.2791,119884,0
1778496813.48288,0.216,-0.205,0.529734,1,0.4245,0.6201,0.0,-0.005,0.0,0.0008,0.1544,0.2693,1,0.26926,0.2649,0.2649,119884,0
1778496813.50297,0.216,-0.21,0.529734,1,0.4602,0.6562,0.0,-0.005,0.0,0.0008,0.1658,0.2936,1,0.29364,0.2507,0.2507,119888,0
1778496813.54317,0.216,-0.215,0.529734,1,0.4814,0.7061,0.0,-0.005,0.0,0.0008,0.1658,0.3148,1,0.31481,0.2363,0.2363,119896,0
1778496813.563272,0.216,-0.22,0.529734,1,0.4568,0.6742,0.0,-0.005,0.0,0.001,0.1659,0.2899,1,0.28987,0.222,0.222,119896,0
1778496813.603558,0.216,-0.225,0.529734,1,0.4493,0.6448,0.0,-0.005,0.0,0.001,0.167,0.2813,1,0.28126,0.2075,0.2075,119896,0
1778496813.623727,0.216,-0.23,0.529734,1,0.4462,0.6594,0.0,-0.005,0.0,0.0007,0.1487,0.2967,1,0.29671,0.1931,0.1931,119896,0
1778496813.663932,0.216,-0.235,0.529734,1,0.4441,0.6401,0.0,-0.005,0.0,0.0008,0.1573,0.2859,1,0.28594,0.1787,0.1787,119896,0
1778496813.684037,0.216,-0.24,0.529734,1,0.4672,0.6768,0.0,-0.005,0.0,0.0011,0.1697,0.2964,1,0.29637,0.1643,0.1643,119896,0
1778496813.724237,0.216,-0.245,0.529734,1,0.2659,0.3769,0.0,-0.005,0.0,0.0004,0.1035,0.1619,1,0.16192,0.1499,0.1499,119900,0
1778496813.74433,0.216,-0.25,0.529734,1,0.2833,0.4157,0.0,-0.005,0.0,0.0004,0.1112,0.1717,1,0.17171,0.1357,0.1357,119900,0
1778496813.784688,0.216,-0.255,0.529734,1,0.4665,0.6675,0.0,-0.005,0.0,0.0008,0.1787,0.287,1,0.28698,0.1215,0.1215,119900,0
1778496813.804796,0.216,-0.26,0.529734,1,0.4818,0.6917,0.0,-0.005,0.0,0.0009,0.1685,0.3125,1,0.3125,0.1076,0.1076,119900,0
1778496813.845106,0.216,-0.265,0.529734,1,0.4435,0.6353,0.0,-0.005,0.0,0.0008,0.1607,0.2819,1,0.28195,0.094,0.094,119900,0
1778496813.865226,0.216,-0.27,0.529734,1,0.4855,0.725,0.0,-0.005,0.0,0.0009,0.1631,0.3215,1,0.32155,0.081,0.081,119900,0
1778496813.905436,0.216,-0.275,0.529734,1,0.4865,0.6854,0.0,-0.005,0.0,0.0011,0.1802,0.3052,1,0.30522,0.0689,0.0689,119900,0
1778496813.925642,0.216,-0.28,0.529734,1,0.5278,0.7622,0.0,-0.005,0.0,0.0013,0.182,0.3445,1,0.34447,0.0584,0.0584,119900,0
1778496813.965991,0.216,-0.285,0.529734,1,0.4698,0.6658,0.0,-0.005,0.0,0.001,0.167,0.3018,1,0.30184,0.0507,0.0507,119904,0
1778496813.986114,0.216,-0.29,0.529734,1,0.49,0.7,0.0,-0.005,0.0,0.001,0.1868,0.3023,1,0.30231,0.0473,0.0473,119916,0
1778496814.026567,0.216,-0.295,0.529734,1,0.321,0.6617,0.0,-0.005,0.0,0.0006,0.1162,0.2043,1,0.20427,0.0495,0.0495,119916,0
1778496814.046684,0.216,-0.3,0.529734,1,0.5828,1.4758,0.0,-0.005,0.0,0.001,0.2686,0.3133,1,0.31329,0.0569,0.0569,119916,0
1778496814.086855,0.216,-0.305,0.529734,1,0.4595,1.2504,0.0,-0.005,0.0,0.0047,0.1731,0.2816,1,0.28164,0.0938,0.0938,119916,0
1778496814.106945,0.216,-0.31,0.529734,1,0.5001,1.7095,0.0,-0.005,0.0,0.0007,0.2133,0.2862,1,0.28616,0.1417,0.1417,119920,0
1778496814.147821,0.216,-0.315,0.529734,1,0.4509,0.6512,0.0,-0.005,0.0,0.0007,0.1543,0.2959,1,0.29591,0.1988,0.1988,119920,0
1778496814.168064,0.216,-0.32,0.529734,1,0.2682,0.3811,0.0,-0.005,0.0,0.0004,0.0958,0.1721,1,0.17206,0.2642,0.2642,119920,0
1778496814.20848,0.216,-0.325,0.529734,1,0.5706,0.8176,0.0,-0.005,0.0,0.0004,0.112,0.4582,1,0.45821,0.3364,0.3364,119920,0
1778496814.228551,0.216,-0.33,0.529734,1,0.5257,0.7458,0.0,-0.005,0.0,0.0011,0.2012,0.3234,1,0.32341,0.4141,0.4141,119924,0
1778496814.269788,0.216,-0.335,0.529734,1,0.4368,0.8676,0.0,-0.005,0.0,0.0011,0.1583,0.2774,1,0.27738,0.4954,0.4954,119928,0
1778496814.289896,0.216,-0.34,0.529734,1,0.5529,0.8096,0.0,-0.005,0.0,0.0012,0.1976,0.354,1,0.354,0.5788,0.5788,119928,0
1778496814.330164,0.216,-0.345,0.529734,1,0.4618,0.7957,0.0,-0.005,0.0,0.0008,0.1709,0.29,1,0.29003,0.6623,0.6623,119928,0
1778496814.350252,0.216,-0.35,0.529734,1,0.4405,0.6464,0.0,-0.005,0.0,0.0006,0.1554,0.2845,1,0.28447,0.7444,0.7444,119928,0
1778496814.390431,0.216,-0.355,0.529734,1,0.4952,0.684,0.0,-0.005,0.0,0.0006,0.1618,0.3327,1,0.33274,0.8234,0.8234,119940,0
1778496814.410526,0.216,-0.36,0.529734,1,0.5773,0.7648,0.0,-0.005,0.0,0.0011,0.1732,0.4029,1,0.40294,0.8978,0.8978,119940,0
1778496814.450679,0.216,-0.365,0.529734,1,0.4404,0.6323,0.0,-0.005,0.0,0.001,0.1665,0.2729,1,0.27289,0.9663,0.9663,119944,0
1778496814.47076,0.216,-0.37,0.529734,1,0.3781,0.5556,0.0,-0.005,0.0,0.0009,0.1313,0.2459,1,0.24588,1.0277,1.0277,119944,0
1778496814.510944,0.216,-0.375,0.529734,1,0.4461,0.653,0.0,-0.005,0.0,0.001,0.1565,0.2887,1,0.28869,1.0811,1.0811,119944,0
1778496814.531049,0.216,-0.38,0.529734,1,0.5215,0.8434,0.0,-0.005,0.0,0.0009,0.1698,0.3509,1,0.35086,1.126,1.126,119944,0
1778496814.571512,0.216,-0.385,0.529734,1,0.4368,0.6536,0.0,-0.005,0.0,0.0004,0.1172,0.3191,1,0.31912,1.1621,1.1621,119944,0
1778496814.59236,0.216,-0.39,0.529734,1,0.5137,0.7237,0.0,-0.005,0.0,0.001,0.178,0.3347,1,0.33472,1.1895,1.1895,119944,0
1778496814.632526,0.216,-0.395,0.529734,1,0.4879,0.6856,0.0,-0.005,0.0,0.0012,0.1606,0.3261,1,0.32607,1.209,1.209,119944,0
1778496814.672723,0.216,-0.4,0.529734,1,0.524,0.7437,0.0,-0.005,0.0,0.001,0.1836,0.3394,1,0.33942,1.2217,1.2217,119944,0
1778496814.692835,0.216,-0.405,0.529734,1,0.621,0.826,0.0,-0.005,0.0,0.0012,0.2954,0.3244,1,0.32439,1.2295,1.2295,119944,0
1778496814.73311,0.216,-0.41,0.529734,1,0.428,0.6207,0.0,-0.005,0.0,0.0008,0.1563,0.2708,1,0.27085,1.2345,1.2345,119948,0
1778496814.753213,0.216,-0.415,0.529734,1,0.486,0.6968,0.0,-0.005,0.0,0.0007,0.1776,0.3077,1,0.30771,1.2399,1.2399,119948,0
1778496814.793418,0.216,-0.42,0.529734,1,0.4847,0.6926,0.0,-0.005,0.0,0.0011,0.1697,0.3139,1,0.31395,1.2492,1.2492,119948,0
1778496814.813525,0.216,-0.425,0.529734,1,0.6178,0.8748,0.0,-0.005,0.0,0.001,0.2218,0.395,1,0.39497,1.2663,1.2663,119948,0
1778496814.853921,0.216,-0.43,0.529734,1,0.52,0.71,0.0,-0.005,0.0,0.0009,0.1753,0.3438,1,0.34378,1.2956,1.2956,119956,0
1778496814.874025,0.216,-0.435,0.529734,1,0.4368,0.6381,0.0,-0.005,0.0,0.0008,0.1555,0.2805,1,0.2805,1.3417,1.3417,119956,0
1778496814.914248,0.216,-0.44,0.529734,1,0.4607,0.6665,0.0,-0.005,0.0,0.001,0.1725,0.2873,1,0.28729,1.409,1.409,119956,0
1778496814.934341,0.216,-0.445,0.529734,1,0.4504,0.6415,0.0,-0.005,0.0,0.001,0.1669,0.2825,1,0.28253,1.5026,1.5026,119960,0
1778496814.974555,0.216,-0.45,0.529734,1,0.534,0.7356,0.0,-0.005,0.0,0.0006,0.2485,0.2849,1,0.28492,1.628,1.628,119960,0
1778496814.994823,0.216,-0.45,0.529734,1,0.4662,0.6859,0.0,-0.005,0.0,0.0011,0.1659,0.2991,1,0.29913,1.5703,1.5703,119960,0
1778496815.035083,0.216,-0.45,0.529734,1,0.4529,0.6426,0.0,-0.005,0.0,0.0009,0.1645,0.2875,1,0.28752,1.5711,1.5711,119960,0
1778496815.055214,0.216,-0.45,0.529734,1,0.6605,0.8799,0.0,-0.005,0.0,0.0011,0.1617,0.4977,1,0.49768,1.5711,1.5711,119960,0
1778496815.095392,0.216,-0.45,0.529734,1,0.4434,0.6292,0.0,-0.005,0.0,0.0008,0.1517,0.2909,1,0.29085,1.5711,1.5711,119960,0
1778496815.115499,0.216,-0.45,0.529734,1,0.4405,0.6177,0.0,-0.005,0.0,0.0008,0.1527,0.287,1,0.287,1.5711,1.5711,119960,0
1778496815.25751,0.216,-0.445,0.529734,1,0.3687,0.6366,0.0,0.005,0.0,0.0005,0.1298,0.2384,1,0.23844,1.5541,1.5541,119964,0
1778496815.741725,0.216,-0.44,0.529734,1,0.4636,0.6531,0.0,0.005,0.0,0.0009,0.1764,0.2863,1,0.28627,1.3679,1.3679,119972,0
1778496815.782006,0.216,-0.435,0.529734,1,0.4394,0.6414,0.0,0.005,0.0,0.0011,0.1558,0.2824,1,0.28244,1.2294,1.2294,119972,0
1778496815.80211,0.216,-0.43,0.529734,1,0.4726,0.6899,0.0,0.005,0.0,0.001,0.1554,0.3162,1,0.31619,1.1179,1.1179,119972,0
1778496815.842333,0.216,-0.425,0.529734,1,0.5461,0.7698,0.0,0.005,0.0,0.001,0.2025,0.3425,1,0.34253,1.0304,1.0304,119972,0
1778496815.862425,0.216,-0.42,0.529734,1,0.4429,0.6066,0.0,0.005,0.0,0.001,0.1516,0.2903,1,0.29028,0.9638,0.9638,119972,0
1778496815.902708,0.216,-0.415,0.529734,1,0.4428,0.6356,0.0,0.005,0.0,0.0007,0.1549,0.2871,1,0.2871,0.9154,0.9154,119972,0
1778496815.922881,0.216,-0.41,0.529734,1,0.6548,0.9036,0.0,0.005,0.0,0.001,0.1618,0.4921,1,0.4921,0.8821,0.8821,119984,0
1778496815.96312,0.216,-0.405,0.529734,1,0.4925,0.7066,0.0,0.005,0.0,0.0009,0.1733,0.3183,1,0.31827,0.8602,0.8602,119984,0
1778496815.983216,0.216,-0.4,0.529734,1,0.418,0.6007,0.0,0.005,0.0,0.0011,0.1464,0.2705,1,0.27053,0.8462,0.8462,119984,0
1778496816.023443,0.216,-0.395,0.529734,1,0.4646,0.6674,0.0,0.005,0.0,0.0009,0.1591,0.3046,1,0.30462,0.8363,0.8363,119988,0
1778496816.043617,0.216,-0.39,0.529734,1,0.4701,0.6694,0.0,0.005,0.0,0.0011,0.1825,0.2865,1,0.28652,0.8271,0.8271,119988,0
1778496816.083894,0.216,-0.385,0.529734,1,0.4619,0.6703,0.0,0.005,0.0,0.0009,0.1692,0.2918,1,0.29178,0.8159,0.8159,119988,0
1778496816.103949,0.216,-0.38,0.529734,1,0.4417,0.6301,0.0,0.005,0.0,0.0008,0.1524,0.2884,1,0.28844,0.8005,0.8005,120000,0
1778496816.144174,0.216,-0.375,0.529734,1,0.477,0.6889,0.0,0.005,0.0,0.0012,0.1687,0.3071,1,0.30711,0.7792,0.7792,120000,0
1778496816.164284,0.216,-0.37,0.529734,1,0.4718,0.6654,0.0,0.005,0.0,0.0008,0.1706,0.3004,1,0.30044,0.751,0.751,120000,0
1778496816.204459,0.216,-0.365,0.529734,1,0.4273,0.6164,0.0,0.005,0.0,0.0009,0.1492,0.2772,1,0.27715,0.7157,0.7157,120000,0
1778496816.224561,0.216,-0.36,0.529734,1,0.4669,0.6665,0.0,0.005,0.0,0.0008,0.1745,0.2916,1,0.29158,0.6732,0.6732,120004,0
1778496816.26495,0.216,-0.355,0.529734,1,0.5055,0.7256,0.0,0.005,0.0,0.0011,0.1867,0.3177,1,0.31767,0.6239,0.6239,120004,0
1778496816.285047,0.216,-0.35,0.529734,1,0.429,0.6264,0.0,0.005,0.0,0.0009,0.1529,0.2752,1,0.2752,0.5689,0.5689,120004,0
1778496816.325254,0.216,-0.345,0.529734,1,0.5138,0.7355,0.0,0.005,0.0,0.0009,0.1764,0.3366,1,0.33658,0.5091,0.5091,120004,0
1778496816.34536,0.216,-0.34,0.529734,1,0.5089,0.6989,0.0,0.005,0.0,0.0012,0.182,0.3257,1,0.32567,0.446,0.446,120004,0
1778496821.108145,0.216,-0.335,0.529734,1,0.355,6.7527,0.0,0.005,0.0,0.0006,0.1353,0.2191,1,0.21914,0.3811,0.3811,120016,0
1778496821.613499,0.216,-0.33,0.529734,1,0.3051,0.4298,0.0,0.005,0.0,0.0003,0.1117,0.1931,1,0.19312,0.3163,0.3163,120016,0
1778496821.633614,0.216,-0.325,0.529734,1,0.5103,0.7379,0.0,0.005,0.0,0.0011,0.1836,0.3256,1,0.32563,0.2533,0.2533,120016,0
1778496821.674019,0.216,-0.32,0.529734,1,0.4428,0.6463,0.0,0.005,0.0,0.001,0.1603,0.2815,1,0.28154,0.1941,0.1941,120016,0
1778496821.694195,0.216,-0.315,0.529734,1,0.4986,0.7378,0.0,0.005,0.0,0.0004,0.1083,0.3899,1,0.38985,0.1408,0.1408,120020,0
1778496821.734397,0.216,-0.31,0.529734,1,0.5227,0.7352,0.0,0.005,0.0,0.0012,0.189,0.3325,1,0.33249,0.0956,0.0956,120020,0
1778496821.754581,0.216,-0.305,0.529734,1,0.4547,0.6544,0.0,0.005,0.0,0.0011,0.1531,0.3005,1,0.3005,0.0614,0.0614,120020,0
1778496821.794989,0.216,-0.3,0.529734,1,0.3081,0.4356,0.0,0.005,0.0,0.0005,0.1179,0.1897,1,0.18967,0.0418,0.0418,120020,0
1778496821.815025,0.216,-0.295,0.529734,1,0.2968,0.4163,0.0,0.005,0.0,0.0004,0.1092,0.1872,1,0.18723,0.039,0.039,120020,0
1778496821.855281,0.216,-0.29,0.529734,1,0.2971,0.4202,0.0,0.005,0.0,0.0004,0.1089,0.1878,1,0.1878,0.0482,0.0482,120020,0
1778496821.875382,0.216,-0.285,0.529734,1,0.4644,0.6547,0.0,0.005,0.0,0.0008,0.1578,0.3058,1,0.3058,0.0521,0.0521,120028,0
1778496821.915645,0.216,-0.28,0.529734,1,0.4826,0.6785,0.0,0.005,0.0,0.001,0.1796,0.302,1,0.30195,0.0606,0.0606,120032,0
1778496821.935796,0.216,-0.275,0.529734,1,0.4267,0.5998,0.0,0.005,0.0,0.001,0.1571,0.2686,1,0.26862,0.0716,0.0716,120032,0
1778496821.975996,0.216,-0.27,0.529734,1,0.5066,0.7153,0.0,0.005,0.0,0.0009,0.168,0.3377,1,0.33765,0.084,0.084,120032,0
1778496821.996089,0.216,-0.265,0.529734,1,0.3834,0.5734,0.0,0.005,0.0,0.0008,0.1318,0.2509,1,0.25086,0.0972,0.0972,120032,0
1778496822.03634,0.216,-0.26,0.529734,1,0.47,0.6643,0.0,0.005,0.0,0.0009,0.1606,0.3086,1,0.3086,0.1109,0.1109,120032,0
1778496822.056477,0.216,-0.255,0.529734,1,0.4826,1.3349,0.0,0.005,0.0,0.0007,0.1605,0.3214,1,0.3214,0.1249,0.1249,120032,0
1778496822.09675,0.216,-0.25,0.529734,1,0.4888,1.2025,0.0,0.005,0.0,0.0014,0.1725,0.3149,1,0.31487,0.1392,0.1392,120032,0
1778496822.117073,0.216,-0.245,0.529734,1,0.4407,1.4824,0.0,0.005,0.0,0.0009,0.1616,0.2782,1,0.27818,0.1535,0.1535,120032,0
1778496822.157274,0.216,-0.24,0.529734,1,0.5065,1.1929,0.0,0.005,0.0,0.0011,0.1891,0.3164,1,0.3164,0.1679,0.1679,120036,0
1778496822.17786,0.216,-0.235,0.529734,1,0.5317,0.743,0.0,0.005,0.0,0.0017,0.1987,0.3313,1,0.33131,0.1824,0.1824,120036,0
1778496822.220486,0.216,-0.23,0.529734,1,0.524,0.7396,0.0,0.005,0.0,0.001,0.1891,0.334,1,0.33399,0.197,0.197,120036,0
1778496822.240582,0.216,-0.225,0.529734,1,0.4669,0.6675,0.0,0.005,0.0,0.0009,0.1591,0.3069,1,0.30687,0.2115,0.2115,120036,0
1778496822.280831,0.216,-0.22,0.529734,1,0.4821,0.7157,0.0,0.005,0.0,0.001,0.1815,0.2996,1,0.29957,0.226,0.226,120036,0
1778496822.301064,0.216,-0.215,0.529734,1,0.3138,0.4412,0.0,0.005,0.0,0.0004,0.1186,0.1948,1,0.1948,0.2405,0.2405,120048,0
1778496822.341626,0.216,-0.21,0.529734,1,0.3076,0.4415,0.0,0.005,0.0,0.0004,0.1207,0.1865,1,0.18654,0.255,0.255,120048,0
1778496822.361779,0.216,-0.205,0.529734,1,0.3694,0.5341,0.0,0.005,0.0,0.0005,0.1365,0.2323,1,0.23234,0.2695,0.2695,120048,0
1778496822.402085,0.216,-0.2,0.529734,1,0.4691,0.6626,0.0,0.005,0.0,0.0011,0.1766,0.2915,1,0.29146,0.2838,0.2838,120052,0
1778496822.422191,0.216,-0.195,0.529734,1,0.4668,0.6919,0.0,0.005,0.0,0.001,0.1573,0.3085,1,0.30853,0.2981,0.2981,120052,0
1778496822.462743,0.216,-0.19,0.529734,1,0.5509,0.7947,0.0,0.005,0.0,0.001,0.1924,0.3575,1,0.35747,0.3123,0.3123,120052,0
1778496822.482834,0.216,-0.185,0.529734,1,0.4644,0.6901,0.0,0.005,0.0,0.0008,0.1603,0.3034,1,0.30338,0.3264,0.3264,120052,0
1778496822.523001,0.216,-0.18,0.529734,1,0.4444,0.6441,0.0,0.005,0.0,0.0007,0.148,0.2957,1,0.29574,0.3403,0.3403,120052,0
1778496822.543106,0.216,-0.175,0.529734,1,0.5216,0.7194,0.0,0.005,0.0,0.0012,0.1748,0.3457,1,0.34567,0.3541,0.3541,120052,0
1778496822.583276,0.216,-0.17,0.529734,1,0.433,0.6423,0.0,0.005,0.0,0.0006,0.1516,0.2808,1,0.28079,0.3677,0.3677,120052,0
1778496822.603386,0.216,-0.165,0.529734,1,0.4883,0.7089,0.0,0.005,0.0,0.0009,0.1616,0.3258,1,0.32577,0.3811,0.3811,120052,0
1778496822.643779,0.216,-0.16,0.529734,1,0.5408,0.7889,0.0,0.005,0.0,0.001,0.1822,0.3576,1,0.35764,0.3944,0.3944,120052,0
1778496822.663951,0.216,-0.155,0.529734,1,0.4511,0.6481,0.0,0.005,0.0,0.0008,0.1543,0.296,1,0.29599,0.4074,0.4074,120056,0
1778496822.704142,0.216,-0.15,0.529734,1,0.3212,0.4673,0.0,0.005,0.0,0.0006,0.1192,0.2014,1,0.20142,0.4203,0.4203,120056,0
1778496822.724245,0.216,-0.145,0.529734,1,0.5376,0.7543,0.0,0.005,0.0,0.001,0.174,0.3626,1,0.36263,0.4329,0.4329,120056,0
1778496822.764422,0.216,-0.14,0.529734,1,0.4804,0.6727,0.0,0.005,0.0,0.0007,0.162,0.3177,1,0.31773,0.4452,0.4452,120068,0
1778496822.784618,0.216,-0.135,0.529734,1,0.4563,0.6415,0.0,0.005,0.0,0.0014,0.1756,0.2793,1,0.27933,0.4573,0.4573,120068,0
1778496822.824863,0.216,-0.13,0.529734,1,0.5174,0.8701,0.0,0.005,0.0,0.001,0.1787,0.3377,1,0.33771,0.4692,0.4692,120068,0
1778496822.844968,0.216,-0.125,0.529734,1,0.4631,0.6563,0.0,0.005,0.0,0.0008,0.1593,0.303,1,0.303,0.4808,0.4808,120068,0
1778496822.885163,0.216,-0.12,0.529734,1,0.4682,0.7082,0.0,0.005,0.0,0.0013,0.1722,0.2948,1,0.29479,0.4922,0.4922,120072,0
1778496822.905262,0.216,-0.115,0.529734,1,0.443,0.6379,0.0,0.005,0.0,0.0012,0.1584,0.2834,1,0.28336,0.5033,0.5033,120072,0
1778496822.945536,0.216,-0.11,0.529734,1,0.4925,0.7042,0.0,0.005,0.0,0.001,0.1674,0.3241,1,0.32411,0.5141,0.5141,120072,0
1778496822.965698,0.216,-0.105,0.529734,1,0.4584,0.6583,0.0,0.005,0.0,0.0009,0.1783,0.2792,1,0.27924,0.5247,0.5247,120072,0
1778496823.006094,0.216,-0.1,0.529734,1,0.3108,0.4471,0.0,0.005,0.0,0.0006,0.1182,0.192,1,0.19203,0.535,0.535,120072,0
1778496823.026207,0.216,-0.095,0.529734,1,0.5096,0.7369,0.0,0.005,0.0,0.0011,0.1891,0.3194,1,0.31936,0.545,0.545,120072,0
1778496823.066452,0.216,-0.09,0.529734,1,0.5902,1.4143,0.0,0.005,0.0,0.0009,0.1804,0.4089,1,0.40885,0.5548,0.5548,120080,0
1778496823.086552,0.216,-0.085,0.529734,1,0.4901,1.7484,0.0,0.005,0.0,0.0008,0.1855,0.3038,1,0.30376,0.5643,0.5643,120080,0
1778496823.126797,0.216,-0.08,0.529734,1,0.4658,4.1932,0.0,0.005,0.0,0.0008,0.1635,0.3015,1,0.30146,0.5737,0.5737,120084,0
1778496823.146853,0.216,-0.075,0.529734,1,0.3784,1.1931,0.0,0.005,0.0,0.0005,0.1335,0.2444,1,0.24436,0.5828,0.5828,120084,0
1778496823.18713,0.216,-0.07,0.529734,1,0.5078,1.4424,0.0,0.005,0.0,0.0006,0.1481,0.3591,1,0.35909,0.5916,0.5916,120084,0
1778496823.207224,0.216,-0.065,0.529734,1,0.4834,1.5486,0.0,0.005,0.0,0.0009,0.1683,0.3142,1,0.3142,0.6003,0.6003,120084,0
1778496823.247724,0.216,-0.06,0.529734,1,0.4803,0.6621,0.0,0.005,0.0,0.0008,0.1693,0.3102,1,0.31021,0.6088,0.6088,120084,0
1778496823.267859,0.216,-0.055,0.529734,1,0.4232,0.603,0.0,0.005,0.0,0.0009,0.1532,0.2692,1,0.26916,0.6172,0.6172,120084,0
1778496823.308162,0.216,-0.05,0.529734,1,0.3068,0.4313,0.0,0.005,0.0,0.0004,0.1129,0.1935,1,0.19348,0.6254,0.6254,120084,0
1778496823.328252,0.216,-0.05,0.529734,1,0.4738,0.7046,0.0,0.005,0.0,0.0003,0.0676,0.4059,1,0.40593,0.6558,0.6558,120084,0
1778496823.369654,0.216,-0.05,0.529734,1,0.2999,0.4262,0.0,0.005,0.0,0.0003,0.108,0.1916,1,0.19164,0.655,0.655,120088,0
1778496823.389927,0.216,-0.05,0.529734,1,0.5168,0.7228,0.0,0.005,0.0,0.0004,0.2037,0.3127,1,0.31275,0.6551,0.6551,120088,0
1778496823.430108,0.216,-0.05,0.529734,1,0.4411,0.656,0.0,0.005,0.0,0.0008,0.157,0.2834,1,0.28335,0.6551,0.6551,120088,0
1778496823.450204,0.216,-0.05,0.529734,1,0.4647,0.6872,0.0,0.005,0.0,0.001,0.1708,0.293,1,0.29302,0.6551,0.6551,120088,0
1778496823.490412,0.216,-0.05,0.529734,1,0.4494,0.6442,0.0,0.005,0.0,0.0008,0.1591,0.2894,1,0.28944,0.6551,0.6551,120088,0
1778496823.510504,0.216,-0.05,0.529734,1,0.4764,0.6978,0.0,0.005,0.0,0.001,0.1584,0.317,1,0.317,0.6551,0.6551,120088,0
1778496823.550783,0.216,-0.05,0.529734,1,0.4764,0.6832,0.0,0.005,0.0,0.0011,0.1668,0.3085,1,0.30851,0.6551,0.6551,120100,0
1778496823.570846,0.216,-0.05,0.529734,1,0.4329,0.6191,0.0,0.005,0.0,0.0007,0.1443,0.2879,1,0.28787,0.6551,0.6551,120100,0
1778496823.61106,0.216,-0.05,0.529734,1,0.4635,0.6703,0.0,0.005,0.0,0.0011,0.1783,0.284,1,0.28402,0.6551,0.6551,120100,0
1778496823.631155,0.216,-0.05,0.529734,1,0.5006,0.7307,0.0,0.005,0.0,0.0009,0.1778,0.3218,1,0.32184,0.6551,0.6551,120104,0
1778496823.671409,0.216,-0.05,0.529734,1,0.4872,0.7031,0.0,0.005,0.0,0.0004,0.1164,0.3703,1,0.37034,0.6551,0.6551,120104,0
1778496823.69153,0.216,-0.05,0.529734,1,0.5016,0.7307,0.0,0.005,0.0,0.0009,0.1819,0.3188,1,0.31882,0.6551,0.6551,120104,0
1778496823.731729,0.216,-0.05,0.529734,1,0.4492,0.6509,0.0,0.005,0.0,0.0009,0.1561,0.2922,1,0.29221,0.6551,0.6551,120104,0
1778496823.751896,0.216,-0.05,0.529734,1,0.4462,0.6245,0.0,0.005,0.0,0.0009,0.1526,0.2927,1,0.29274,0.6551,0.6551,120104,0
1778496823.792066,0.216,-0.05,0.529734,1,0.4535,0.6514,0.0,0.005,0.0,0.001,0.1694,0.2831,1,0.2831,0.6551,0.6551,120104,0
1778496823.812166,0.216,-0.05,0.529734,1,0.5042,0.7172,0.0,0.005,0.0,0.0008,0.1681,0.3352,1,0.33523,0.6551,0.6551,120104,0
1778496823.852368,0.216,-0.05,0.529734,1,0.4977,0.6973,0.0,0.005,0.0,0.0009,0.1707,0.3261,1,0.32608,0.6551,0.6551,120108,0
1778496823.872466,0.216,-0.05,0.529734,1,0.7703,0.9758,0.0,0.005,0.0,0.0011,0.1726,0.5966,1,0.59658,0.6551,0.6551,120108,0
1778496823.912819,0.216,-0.05,0.529734,1,0.4719,0.6797,0.0,0.005,0.0,0.001,0.1729,0.2979,1,0.29794,0.6551,0.6551,120108,0
1778496823.932881,0.216,-0.05,0.529734,1,0.5826,0.8241,0.0,0.005,0.0,0.0009,0.1966,0.3851,1,0.38514,0.6551,0.6551,120108,0
1778496823.973059,0.216,-0.05,0.529734,1,0.5267,0.7672,0.0,0.005,0.0,0.0009,0.1693,0.3565,1,0.35652,0.6551,0.6551,120108,0
1778496823.993155,0.216,-0.05,0.529734,1,0.4621,0.6647,0.0,0.005,0.0,0.001,0.1581,0.303,1,0.30295,0.6551,0.6551,120120,0
1778496824.154638,0.216,-0.055,0.529734,1,0.6358,0.8443,0.0,-0.005,0.0,0.0008,0.3316,0.3034,1,0.30335,0.6094,0.6094,120120,0
1778496824.638354,0.216,-0.06,0.529734,1,0.4936,1.0721,0.0,-0.005,0.0,0.0008,0.178,0.3147,1,0.3147,0.5979,0.5979,120120,0
1778496824.6807,0.216,-0.065,0.529734,1,0.5023,0.7305,0.0,-0.005,0.0,0.0011,0.1943,0.3069,1,0.30688,0.5898,0.5898,120124,0
1778496824.700797,0.216,-0.07,0.529734,1,0.4975,0.7408,0.0,-0.005,0.0,0.0013,0.1724,0.3239,1,0.32391,0.5812,0.5812,120124,0
1778496824.741217,0.216,-0.075,0.529734,1,0.5964,0.8592,0.0,-0.005,0.0,0.0011,0.1973,0.3979,1,0.39795,0.5725,0.5725,120124,0
1778496824.761286,0.216,-0.08,0.529734,1,0.4561,0.6714,0.0,-0.005,0.0,0.001,0.164,0.2911,1,0.29107,0.5636,0.5636,120124,0
1778496824.801603,0.216,-0.085,0.529734,1,0.3283,0.4883,0.0,-0.005,0.0,0.0006,0.1245,0.2031,1,0.20313,0.5544,0.5544,120124,0
1778496824.821723,0.216,-0.09,0.529734,1,0.3394,0.6911,0.0,-0.005,0.0,0.0006,0.1367,0.2021,1,0.20211,0.545,0.545,120124,0
1778496824.861983,0.216,-0.095,0.529734,1,0.3177,0.5325,0.0,-0.005,0.0,0.0005,0.1198,0.1975,1,0.19745,0.5354,0.5354,120124,0
1778496824.882099,0.216,-0.1,0.529734,1,0.4797,0.6841,0.0,-0.005,0.0,0.001,0.1682,0.3105,1,0.31048,0.5256,0.5256,120128,0
1778496824.922576,0.216,-0.105,0.529734,1,0.449,0.6515,0.0,-0.005,0.0,0.0009,0.1511,0.297,1,0.29701,0.5155,0.5155,120136,0
1778496824.942681,0.216,-0.11,0.529734,1,0.5549,0.7931,0.0,-0.005,0.0,0.0009,0.2078,0.3462,1,0.34622,0.5051,0.5051,120136,0
1778496824.982869,0.216,-0.115,0.529734,1,0.4611,0.6706,0.0,-0.005,0.0,0.001,0.1687,0.2913,1,0.29128,0.4945,0.4945,120136,0
1778496825.00311,0.216,-0.12,0.529734,1,0.4292,0.6334,0.0,-0.005,0.0,0.001,0.1605,0.2677,1,0.26767,0.4837,0.4837,120136,0
1778496825.04332,0.216,-0.125,0.529734,1,0.2987,0.4273,0.0,-0.005,0.0,0.0004,0.1129,0.1854,1,0.18542,0.4726,0.4726,120136,0
1778496825.063407,0.216,-0.13,0.529734,1,0.4451,0.6031,0.0,-0.005,0.0,0.0012,0.1516,0.2924,1,0.29235,0.4612,0.4612,120136,0
1778496825.103755,0.216,-0.135,0.529734,1,0.4414,0.6472,0.0,-0.005,0.0,0.001,0.153,0.2874,1,0.28735,0.4496,0.4496,120136,0
1778496825.123949,0.216,-0.14,0.529734,1,0.4319,0.627,0.0,-0.005,0.0,0.0007,0.16,0.2712,1,0.27117,0.4377,0.4377,120136,0
1778496825.164159,0.216,-0.145,0.529734,1,0.4877,0.703,0.0,-0.005,0.0,0.0012,0.1818,0.3048,1,0.30476,0.4256,0.4256,120140,0
1778496825.184774,0.216,-0.15,0.529734,1,0.5418,0.8725,0.0,-0.005,0.0,0.0012,0.192,0.3487,1,0.34868,0.4133,0.4133,120140,0
1778496825.224984,0.216,-0.155,0.529734,1,0.5086,0.7154,0.0,-0.005,0.0,0.0008,0.1775,0.3302,1,0.33024,0.4007,0.4007,120140,0
1778496825.24507,0.216,-0.16,0.529734,1,0.4263,0.6141,0.0,-0.005,0.0,0.0009,0.1517,0.2737,1,0.2737,0.3879,0.3879,120140,0
1778496825.28524,0.216,-0.165,0.529734,1,0.556,0.7599,0.0,-0.005,0.0,0.0008,0.1483,0.407,1,0.40698,0.3749,0.3749,120140,0
1778496825.305326,0.216,-0.17,0.529734,1,0.4441,0.6312,0.0,-0.005,0.0,0.0006,0.1526,0.2909,1,0.29086,0.3617,0.3617,120140,0
1778496825.345541,0.216,-0.175,0.529734,1,0.4787,0.693,0.0,-0.005,0.0,0.0009,0.1713,0.3064,1,0.3064,0.3483,0.3483,120140,0
1778496825.365649,0.216,-0.18,0.529734,1,0.5206,0.733,0.0,-0.005,0.0,0.0008,0.1868,0.333,1,0.33297,0.3348,0.3348,120140,0
1778496825.405862,0.216,-0.185,0.529734,1,0.4377,0.6928,0.0,-0.005,0.0,0.0006,0.162,0.275,1,0.27503,0.3211,0.3211,120144,0
1778496825.425956,0.216,-0.19,0.529734,1,0.4292,0.6189,0.0,-0.005,0.0,0.0007,0.1562,0.2722,1,0.27225,0.3072,0.3072,120144,0
1778496825.466156,0.216,-0.195,0.529734,1,0.4545,0.6601,0.0,-0.005,0.0,0.0008,0.1571,0.2965,1,0.29652,0.2932,0.2932,120144,0
1778496825.486246,0.216,-0.2,0.529734,1,0.4779,0.6687,0.0,-0.005,0.0,0.0009,0.1671,0.3098,1,0.30984,0.2791,0.2791,120156,0
1778496825.526637,0.216,-0.205,0.529734,1,0.3188,1.368,0.0,-0.005,0.0,0.0004,0.1175,0.201,1,0.20096,0.2649,0.2649,120156,0
1778496825.546828,0.216,-0.21,0.529734,1,0.4865,1.0963,0.0,-0.005,0.0,0.001,0.1561,0.3294,1,0.32943,0.2507,0.2507,120156,0
1778496825.587014,0.216,-0.215,0.529734,1,0.5416,1.5773,0.0,-0.005,0.0,0.0005,0.1999,0.3412,1,0.34119,0.2363,0.2363,120156,0
1778496825.60715,0.216,-0.22,0.529734,1,0.2905,1.169,0.0,-0.005,0.0,0.0004,0.1039,0.1862,1,0.1862,0.222,0.222,120160,0
1778496825.64792,0.216,-0.225,0.529734,1,0.2692,0.3895,0.0,-0.005,0.0,0.0003,0.0976,0.1713,1,0.17129,0.2075,0.2075,120160,0
1778496825.668155,0.216,-0.23,0.529734,1,0.2998,0.4154,0.0,-0.005,0.0,0.0004,0.1142,0.1852,1,0.1852,0.1931,0.1931,120160,0
1778496825.708332,0.216,-0.235,0.529734,1,0.3035,0.4304,0.0,-0.005,0.0,0.0004,0.1123,0.1908,1,0.1908,0.1787,0.1787,120160,0
1778496825.728462,0.216,-0.24,0.529734,1,0.4743,0.6912,0.0,-0.005,0.0,0.0008,0.1643,0.3092,1,0.30923,0.1643,0.1643,120160,0
1778496825.768633,0.216,-0.245,0.529734,1,0.4928,0.6873,0.0,-0.005,0.0,0.001,0.1942,0.2976,1,0.2976,0.1499,0.1499,120160,0
1778496825.788727,0.216,-0.25,0.529734,1,0.5092,0.7418,0.0,-0.005,0.0,0.0009,0.1845,0.3238,1,0.32382,0.1357,0.1357,120160,0
1778496825.829033,0.216,-0.255,0.529734,1,0.4375,0.6473,0.0,-0.005,0.0,0.0011,0.1502,0.2861,1,0.28611,0.1215,0.1215,120160,0
1778496825.849116,0.216,-0.26,0.529734,1,0.5304,0.7772,0.0,-0.005,0.0,0.0011,0.1786,0.3507,1,0.35069,0.1076,0.1076,120168,0
1778496825.889317,0.216,-0.265,0.529734,1,0.3659,0.5449,0.0,-0.005,0.0,0.0005,0.1331,0.2324,1,0.23238,0.094,0.094,120168,0
1778496825.909433,0.216,-0.27,0.529734,1,0.4316,0.6346,0.0,-0.005,0.0,0.001,0.1455,0.2851,1,0.28513,0.081,0.081,120168,0
1778496825.949743,0.216,-0.275,0.529734,1,0.4487,0.6508,0.0,-0.005,0.0,0.0013,0.1635,0.2838,1,0.28384,0.0689,0.0689,120168,0
1778496825.970015,0.216,-0.28,0.529734,1,0.4887,0.6886,0.0,-0.005,0.0,0.0008,0.1677,0.3202,1,0.32025,0.0584,0.0584,120168,0
1778496826.010558,0.216,-0.285,0.529734,1,0.6267,1.0267,0.0,-0.005,0.0,0.0008,0.2201,0.4058,1,0.4058,0.0507,0.0507,120180,0
1778496826.03065,0.216,-0.29,0.529734,1,0.4149,0.6119,0.0,-0.005,0.0,0.0008,0.1461,0.268,1,0.26798,0.0473,0.0473,120180,0
1778496826.15133,0.216,-0.29,0.534734,1,0.3049,0.4217,0.0,0.0,0.005,0.0003,0.1136,0.191,1,0.19104,0.04,0.04,120180,0
1778496826.654241,0.216,-0.29,0.539734,1,0.5912,0.7966,0.0,0.0,0.005,0.0009,0.1701,0.4202,1,0.42025,0.049,0.049,120184,0
1778496826.674331,0.216,-0.29,0.544734,1,0.4969,0.7271,0.0,0.0,0.005,0.0008,0.1648,0.3312,1,0.33124,0.0603,0.0603,120184,0
1778496826.714561,0.216,-0.29,0.549734,1,0.4892,0.7218,0.0,0.0,0.005,0.0008,0.1848,0.3036,1,0.30355,0.0754,0.0754,120184,0
1778496826.734732,0.216,-0.29,0.554734,1,0.4486,0.626,0.0,0.0,0.005,0.0007,0.1738,0.274,1,0.27403,0.099,0.099,120184,0
1778496826.775062,0.216,-0.29,0.559734,1,0.4484,0.6503,0.0,0.0,0.005,0.0011,0.1618,0.2855,1,0.28553,0.1334,0.1334,120184,0
1778496826.795172,0.216,-0.29,0.564734,1,0.5359,0.7846,0.0,0.0,0.005,0.001,0.1952,0.3397,1,0.33972,0.179,0.179,120184,0
1778496826.835421,0.216,-0.29,0.569734,1,0.4838,0.6966,0.0,0.0,0.005,0.0008,0.1644,0.3186,1,0.3186,0.2356,0.2356,120184,0
1778496826.855508,0.216,-0.29,0.574734,1,0.4214,0.6152,0.0,0.0,0.005,0.0008,0.1437,0.2768,1,0.27685,0.3022,0.3022,120184,0
1778496826.895875,0.216,-0.29,0.579734,1,0.5429,0.7905,0.0,0.0,0.005,0.0012,0.2022,0.3395,1,0.33947,0.3781,0.3781,120188,0
1778496826.915954,0.216,-0.29,0.584734,1,0.4323,0.6377,0.0,0.0,0.005,0.0008,0.1557,0.2758,1,0.27582,0.4623,0.4623,120188,0
1778496826.956687,0.216,-0.29,0.589734,1,0.468,1.0286,0.0,0.0,0.005,0.0004,0.172,0.2956,1,0.2956,0.5538,0.5538,120188,0
1778496826.976779,0.216,-0.29,0.594734,1,0.4675,1.0582,0.0,0.0,0.005,0.001,0.1688,0.2976,1,0.29758,0.6516,0.6516,120188,0
1778496827.017,0.216,-0.29,0.599734,1,0.4836,1.351,0.0,0.0,0.005,0.0009,0.1676,0.3151,1,0.31515,0.7545,0.7545,120188,0
1778496827.037129,0.216,-0.29,0.604734,1,0.5751,2.1638,0.0,0.0,0.005,0.0011,0.1934,0.3806,1,0.38062,0.8615,0.8615,120196,0
1778496827.07791,0.216,-0.29,0.609734,1,0.4511,0.6609,0.0,0.0,0.005,0.0013,0.1655,0.2844,1,0.28439,0.9711,0.9711,120196,0
1778496827.097986,0.216,-0.29,0.614734,1,0.4226,0.6177,0.0,0.0,0.005,0.0009,0.1557,0.266,1,0.26597,1.0821,1.0821,120196,0
1778496827.138186,0.216,-0.29,0.619734,1,0.4421,0.6705,0.0,0.0,0.005,0.0009,0.1514,0.2898,1,0.28977,1.1931,1.1931,120200,0
1778496827.158279,0.216,-0.29,0.624734,1,0.4074,0.6006,0.0,0.0,0.005,0.0008,0.1424,0.2641,1,0.2641,1.3025,1.3025,120200,0
1778496827.198458,0.216,-0.29,0.629734,1,0.4751,0.6964,0.0,0.0,0.005,0.001,0.1634,0.3107,1,0.31065,1.4088,1.4088,120200,0
1778496827.218629,0.216,-0.29,0.634734,1,0.4601,0.6537,0.0,0.0,0.005,0.0009,0.1738,0.2854,1,0.28539,1.5106,1.5106,120200,0
1778496827.258972,0.216,-0.29,0.639734,1,0.3094,0.4432,0.0,0.0,0.005,0.0003,0.1172,0.1918,1,0.19182,1.6061,1.6061,120200,0
1778496827.279067,0.216,-0.29,0.644734,1,0.2903,0.4227,0.0,0.0,0.005,0.0004,0.1071,0.1828,1,0.1828,1.6937,1.6937,120200,0
1778496827.320041,0.216,-0.29,0.649734,1,0.4762,0.6834,0.0,0.0,0.005,0.0008,0.1661,0.3093,1,0.30932,1.772,1.772,120200,0
1778496827.340128,0.216,-0.29,0.654734,1,0.4982,0.7222,0.0,0.0,0.005,0.001,0.1709,0.3263,1,0.32635,1.8394,1.8394,120212,0
1778496827.380335,0.216,-0.29,0.659734,1,0.5039,0.7223,0.0,0.0,0.005,0.0012,0.18,0.3226,1,0.32264,1.8945,1.8945,120220,0
1778496827.400429,0.216,-0.29,0.664734,1,0.4416,0.6305,0.0,0.0,0.005,0.001,0.1612,0.2794,1,0.27939,1.9358,1.9358,120220,0
1778496827.440901,0.216,-0.29,0.669734,1,0.4451,0.6535,0.0,0.0,0.005,0.0006,0.153,0.2915,1,0.29151,1.9623,1.9623,120220,0
1778496827.461012,0.216,-0.29,0.674734,1,0.513,0.7351,0.0,0.0,0.005,0.0008,0.1831,0.3291,1,0.32911,1.973,1.973,120220,0
1778496827.501203,0.216,-0.29,0.679734,1,0.4547,0.6604,0.0,0.0,0.005,0.001,0.1657,0.2881,1,0.28808,1.9672,1.9672,120220,0
1778496827.521302,0.216,-0.29,0.684734,1,0.4393,0.6451,0.0,0.0,0.005,0.0011,0.1596,0.2786,1,0.27863,1.9446,1.9446,120220,0
1778496827.561561,0.216,-0.29,0.689734,1,0.4868,0.6919,0.0,0.0,0.005,0.0012,0.1689,0.3167,1,0.3167,1.9051,1.9051,120220,0
1778496827.581701,0.216,-0.29,0.694734,1,0.5113,0.7541,0.0,0.0,0.005,0.0009,0.1831,0.3273,1,0.32732,1.8493,1.8493,120220,0
1778496827.622574,0.216,-0.29,0.699734,1,0.3409,0.5497,0.0,0.0,0.005,0.0005,0.1316,0.2088,1,0.20883,1.7782,1.7782,120220,0
1778496827.642699,0.216,-0.29,0.704734,1,0.4645,0.6867,0.0,0.0,0.005,0.0008,0.1668,0.297,1,0.29697,1.6933,1.6933,120224,0
1778496827.682868,0.216,-0.29,0.709734,1,0.4341,0.6306,0.0,0.0,0.005,0.0009,0.1563,0.2769,1,0.27693,1.5971,1.5971,120224,0
1778496827.702964,0.216,-0.29,0.714734,1,0.4154,0.6077,0.0,0.0,0.005,0.0009,0.1436,0.2709,1,0.27092,1.4923,1.4923,120224,0
1778496827.74316,0.216,-0.29,0.719734,1,0.4336,0.6359,0.0,0.0,0.005,0.0009,0.1638,0.2688,1,0.2688,1.3827,1.3827,120224,0
1778496827.763252,0.216,-0.29,0.724734,1,0.4231,0.624,0.0,0.0,0.005,0.0012,0.1505,0.2714,1,0.27138,1.2727,1.2727,120224,0
1778496827.803514,0.216,-0.29,0.729734,1,0.5091,0.7189,0.0,0.0,0.005,0.001,0.178,0.3302,1,0.33016,1.167,1.167,120224,0
1778496827.823606,0.216,-0.29,0.734734,1,0.59,0.8284,0.0,0.0,0.005,0.001,0.2283,0.3607,1,0.36072,1.0709,1.0709,120224,0
1778496827.863856,0.216,-0.29,0.739734,1,0.5342,0.7542,0.0,0.0,0.005,0.0009,0.1633,0.3701,1,0.37009,0.9892,0.9892,120236,0
1778496827.884012,0.216,-0.29,0.744734,1,0.4714,0.6497,0.0,0.0,0.005,0.001,0.1914,0.2789,1,0.27888,0.9259,0.9259,120240,0
1778496827.924303,0.216,-0.29,0.749734,1,0.5214,0.7646,0.0,0.0,0.005,0.0011,0.1882,0.3321,1,0.33211,0.8833,0.8833,120240,0
1778496827.94441,0.216,-0.29,0.754734,1,0.4428,0.6377,0.0,0.0,0.005,0.0007,0.1567,0.2853,1,0.28532,0.8619,0.8619,120240,0
1778496827.98465,0.216,-0.29,0.759734,1,0.4593,0.6699,0.0,0.0,0.005,0.0008,0.1778,0.2807,1,0.28069,0.8612,0.8612,120240,0
1778496828.004881,0.216,-0.29,0.764734,1,0.466,0.6595,0.0,0.0,0.005,0.0009,0.1751,0.2899,1,0.28994,0.8771,0.8771,120240,0
1778496828.024996,0.216,-0.29,0.759734,1,0.4447,0.6328,0.0,0.0,-0.005,0.0007,0.1544,0.2896,1,0.28962,0.8396,0.8396,120240,0
1778496828.510705,0.216,-0.29,0.754734,1,0.5049,0.7272,0.0,0.0,-0.005,0.0014,0.1834,0.32,1,0.31999,0.8004,0.8004,120244,0
1778496828.550987,0.216,-0.29,0.749734,1,0.4715,0.686,0.0,0.0,-0.005,0.0009,0.1672,0.3034,1,0.30343,0.774,0.774,120248,0
1778496828.571064,0.216,-0.29,0.744734,1,0.4227,0.6146,0.0,0.0,-0.005,0.001,0.1552,0.2665,1,0.26646,0.7537,0.7537,120248,0
1778496828.611301,0.216,-0.29,0.739734,1,0.4324,0.6301,0.0,0.0,-0.005,0.001,0.1591,0.2722,1,0.27224,0.7424,0.7424,120248,0
1778496828.651481,0.216,-0.29,0.734734,1,0.4402,0.621,0.0,0.0,-0.005,0.0008,0.156,0.2833,1,0.28331,0.7422,0.7422,120248,0
1778496828.67159,0.216,-0.29,0.729734,1,0.4934,0.6942,0.0,0.0,-0.005,0.0008,0.1745,0.3181,1,0.31815,0.7524,0.7524,120248,0
1778496828.711813,0.216,-0.29,0.724734,1,0.5024,0.7122,0.0,0.0,-0.005,0.0011,0.1804,0.3209,1,0.32092,0.7726,0.7726,120248,0
1778496828.731982,0.216,-0.29,0.719734,1,0.4271,0.6134,0.0,0.0,-0.005,0.0008,0.161,0.2653,1,0.26526,0.8025,0.8025,120248,0
1778496828.772163,0.216,-0.29,0.714734,1,0.4476,0.6498,0.0,0.0,-0.005,0.0009,0.1642,0.2825,1,0.28252,0.8415,0.8415,120248,0
1778496828.792279,0.216,-0.29,0.709734,1,0.5579,0.7847,0.0,0.0,-0.005,0.0009,0.1911,0.3659,1,0.36587,0.8881,0.8881,120252,0
1778496828.832671,0.216,-0.29,0.704734,1,0.3189,0.4381,0.0,0.0,-0.005,0.0004,0.1173,0.2012,1,0.20122,0.9402,0.9402,120264,0
1778496828.852768,0.216,-0.29,0.699734,1,0.4593,0.644,0.0,0.0,-0.005,0.0004,0.1789,0.28,1,0.27998,0.9951,0.9951,120264,0
1778496828.892985,0.216,-0.29,0.694734,1,0.4349,0.6356,0.0,0.0,-0.005,0.001,0.1518,0.2821,1,0.28208,1.05,1.05,120264,0
1778496828.913099,0.216,-0.29,0.689734,1,0.4565,0.6595,0.0,0.0,-0.005,0.001,0.1664,0.2892,1,0.28916,1.1022,1.1022,120264,0
1778496828.95331,0.216,-0.29,0.684734,1,0.4635,0.6736,0.0,0.0,-0.005,0.001,0.165,0.2975,1,0.29748,1.1492,1.1492,120264,0
1778496828.973612,0.216,-0.29,0.679734,1,0.3193,0.4483,0.0,0.0,-0.005,0.0004,0.1149,0.204,1,0.20398,1.189,1.189,120264,0
1778496829.013842,0.216,-0.29,0.674734,1,0.3105,0.4471,0.0,0.0,-0.005,0.0004,0.1165,0.1935,1,0.19352,1.2201,1.2201,120264,0
1778496829.033958,0.216,-0.29,0.669734,1,0.4689,0.7953,0.0,0.0,-0.005,0.0008,0.1599,0.3082,1,0.30823,1.2413,1.2413,120264,0
1778496829.074311,0.216,-0.29,0.664734,1,0.3266,0.5574,0.0,0.0,-0.005,0.0004,0.1245,0.2016,1,0.20162,1.2518,1.2518,120268,0
1778496829.094397,0.216,-0.29,0.659734,1,0.569,0.8251,0.0,0.0,-0.005,0.0013,0.2,0.3676,1,0.36764,1.2513,1.2513,120268,0
1778496829.13459,0.216,-0.29,0.654734,1,0.2834,0.4147,0.0,0.0,-0.005,0.0005,0.1087,0.1742,1,0.17417,1.24,1.24,120268,0
1778496829.154666,0.216,-0.29,0.649734,1,0.2751,0.3932,0.0,0.0,-0.005,0.0004,0.1018,0.1729,1,0.17288,1.2181,1.2181,120268,0
1778496829.194904,0.216,-0.29,0.644734,1,0.2673,0.393,0.0,0.0,-0.005,0.0005,0.1051,0.1617,1,0.16173,1.1862,1.1862,120268,0
1778496829.215045,0.216,-0.29,0.639734,1,0.3067,0.4429,0.0,0.0,-0.005,0.0003,0.1139,0.1924,1,0.19245,1.1452,1.1452,120268,0
1778496829.255262,0.216,-0.29,0.634734,1,0.4381,0.6271,0.0,0.0,-0.005,0.0009,0.157,0.2802,1,0.2802,1.096,1.096,120276,0
1778496829.275367,0.216,-0.29,0.629734,1,0.4522,0.6469,0.0,0.0,-0.005,0.0008,0.1494,0.302,1,0.30196,1.0397,1.0397,120276,0
1778496829.315564,0.216,-0.29,0.624734,1,0.3944,0.5763,0.0,0.0,-0.005,0.0007,0.1425,0.2512,1,0.25122,0.9774,0.9774,120280,0
1778496829.336862,0.216,-0.29,0.619734,1,0.3035,2.075,0.0,0.0,-0.005,0.0005,0.1162,0.1869,1,0.18689,0.9106,0.9106,120280,0
1778496829.378166,0.216,-0.29,0.614734,1,0.4856,0.7157,0.0,0.0,-0.005,0.0009,0.1649,0.3198,1,0.31977,0.8403,0.8403,120280,0
1778496829.398255,0.216,-0.29,0.609734,1,0.288,3.1541,0.0,0.0,-0.005,0.0005,0.1084,0.1791,1,0.17911,0.7679,0.7679,120280,0
1778496829.438723,0.216,-0.29,0.604734,1,0.268,0.3892,0.0,0.0,-0.005,0.0004,0.1045,0.163,1,0.16304,0.6947,0.6947,120280,0
1778496829.460325,0.216,-0.29,0.599734,1,0.4253,0.7862,0.0,0.0,-0.005,0.0007,0.1483,0.2762,1,0.27623,0.6218,0.6218,120280,0
1778496829.502074,0.216,-0.29,0.594734,1,0.451,1.4843,0.0,0.0,-0.005,0.001,0.1601,0.29,1,0.28998,0.5505,0.5505,120280,0
1778496829.523892,0.216,-0.29,0.589734,1,0.4868,0.7204,0.0,0.0,-0.005,0.0007,0.165,0.3211,1,0.3211,0.4819,0.4819,120284,0
1778496829.544077,0.216,-0.29,0.584734,1,0.6366,0.7807,0.0,0.0,-0.005,0.0006,0.4493,0.1868,1,0.18676,0.4169,0.4169,120284,0
1778496829.584686,0.216,-0.29,0.579734,1,0.4286,0.6235,0.0,0.0,-0.005,0.0011,0.16,0.2675,1,0.26752,0.3564,0.3564,120284,0
1778496829.604793,0.216,-0.29,0.574734,1,0.5209,0.7529,0.0,0.0,-0.005,0.001,0.1799,0.34,1,0.33998,0.3013,0.3013,120284,0
1778496829.644987,0.216,-0.29,0.569734,1,0.546,0.8074,0.0,0.0,-0.005,0.0009,0.1831,0.362,1,0.36203,0.2519,0.2519,120284,0
1778496829.66511,0.216,-0.29,0.564734,1,0.4609,0.6892,0.0,0.0,-0.005,0.0009,0.1762,0.2839,1,0.28388,0.2085,0.2085,120284,0
1778496829.705603,0.216,-0.29,0.559734,1,0.4323,0.6295,0.0,0.0,-0.005,0.0009,0.157,0.2743,1,0.2743,0.1707,0.1707,120284,0
1778496829.72571,0.216,-0.29,0.554734,1,0.4437,0.6421,0.0,0.0,-0.005,0.0009,0.1601,0.2827,1,0.28272,0.138,0.138,120284,0
1778496829.76603,0.216,-0.29,0.549734,1,0.4312,0.6158,0.0,0.0,-0.005,0.001,0.1476,0.2827,1,0.28267,0.1089,0.1089,120300,0
1778496829.786239,0.216,-0.29,0.544734,1,0.4245,0.6234,0.0,0.0,-0.005,0.0011,0.1525,0.2709,1,0.27085,0.0822,0.0822,120300,0
1778496829.826438,0.216,-0.29,0.539734,1,0.4523,0.6615,0.0,0.0,-0.005,0.0008,0.1557,0.2959,1,0.29589,0.0572,0.0572,120300,0
1778496829.846561,0.216,-0.29,0.534734,1,0.3271,2.4656,0.0,0.0,-0.005,0.0006,0.1229,0.2036,1,0.20363,0.0393,0.0393,120300,0
1778496829.886734,0.216,-0.29,0.529734,1,0.4362,1.1686,0.0,0.0,-0.005,0.001,0.1622,0.273,1,0.27302,0.0426,0.0426,120300,0
1778496829.906836,0.216,-0.29,0.524734,1,0.4123,0.6663,0.0,0.0,-0.005,0.0009,0.1434,0.268,1,0.26795,0.0541,0.0541,120300,0
1778496829.947063,0.216,-0.29,0.519734,1,0.4856,0.7145,0.0,0.0,-0.005,0.0009,0.1685,0.3163,1,0.31627,0.0708,0.0708,120300,0
1778496829.989186,0.216,-0.29,0.514734,1,0.457,0.751,0.0,0.0,-0.005,0.001,0.1544,0.3016,1,0.30161,0.0905,0.0905,120300,0
1778496830.010642,0.216,-0.29,0.509734,1,0.5405,1.3157,0.0,0.0,-0.005,0.0008,0.1949,0.3448,1,0.34477,0.1121,0.1121,120304,0
1778496830.030731,0.216,-0.29,0.504734,1,0.4719,0.6957,0.0,0.0,-0.005,0.0006,0.1617,0.3095,1,0.30953,0.1352,0.1352,120304,0
1778496830.071149,0.216,-0.29,0.499734,1,0.4316,0.6464,0.0,0.0,-0.005,0.0009,0.1501,0.2806,1,0.28064,0.1597,0.1597,120304,0
1778496830.091247,0.216,-0.29,0.494734,1,0.4733,0.6723,0.0,0.0,-0.005,0.0006,0.1657,0.3069,1,0.30694,0.1855,0.1855,120304,0
1778496830.131429,0.216,-0.29,0.489734,1,0.4432,0.655,0.0,0.0,-0.005,0.0006,0.1525,0.2901,1,0.29009,0.2126,0.2126,120304,0
1778496830.151536,0.216,-0.29,0.484734,1,0.4384,0.6761,0.0,0.0,-0.005,0.0006,0.1507,0.287,1,0.28703,0.2411,0.2411,120304,0
1778496830.17161,0.216,-0.29,0.489734,1,0.475,0.6522,0.0,0.0,0.005,0.0009,0.1669,0.3072,1,0.30723,0.2116,0.2116,120304,0
1778496830.674261,0.216,-0.29,0.494734,1,0.3139,0.4531,0.0,0.0,0.005,0.0004,0.1192,0.1943,1,0.19432,0.1839,0.1839,120308,0
1778496830.714486,0.216,-0.29,0.499734,1,0.4875,0.686,0.0,0.0,0.005,0.0009,0.1696,0.317,1,0.31701,0.1575,0.1575,120312,0
1778496830.735096,0.216,-0.29,0.504734,1,0.5586,0.8567,0.0,0.0,0.005,0.0009,0.1833,0.3744,1,0.37443,0.1326,0.1326,120324,0
1778496830.775336,0.216,-0.29,0.509734,1,0.3337,0.4826,0.0,0.0,0.005,0.0008,0.1234,0.2095,1,0.20946,0.1091,0.1091,120324,0
1778496830.795425,0.216,-0.29,0.514734,1,0.3898,0.5579,0.0,0.0,0.005,0.0008,0.1369,0.2521,1,0.25214,0.0872,0.0872,120324,0
1778496830.835676,0.216,-0.29,0.519734,1,0.5373,0.7651,0.0,0.0,0.005,0.0009,0.2003,0.3361,1,0.33615,0.0675,0.0675,120324,0
1778496830.855776,0.216,-0.29,0.524734,1,0.4675,0.6697,0.0,0.0,0.005,0.0007,0.1602,0.3066,1,0.30659,0.0512,0.0512,120324,0
1778496830.895977,0.216,-0.29,0.529734,1,0.4487,0.6558,0.0,0.0,0.005,0.0007,0.1541,0.2939,1,0.29392,0.0409,0.0409,120324,0
1778496830.916088,0.216,-0.29,0.534734,1,0.4287,0.6229,0.0,0.0,0.005,0.001,0.1621,0.2655,1,0.26555,0.0403,0.0403,120324,0
1778496830.956364,0.216,-0.29,0.539734,1,0.4336,1.6876,0.0,0.0,0.005,0.0009,0.1599,0.2729,1,0.2729,0.049,0.049,120328,0
1778496830.976473,0.216,-0.29,0.544734,1,0.4683,1.3989,0.0,0.0,0.005,0.001,0.1721,0.2952,1,0.29519,0.0603,0.0603,120328,0
1778496831.016718,0.216,-0.29,0.549734,1,0.45,1.5209,0.0,0.0,0.005,0.0011,0.1651,0.2838,1,0.28383,0.0754,0.0754,120328,0
1778496831.036934,0.216,-0.29,0.554734,1,0.6516,2.1044,0.0,0.0,0.005,0.0013,0.2328,0.4176,1,0.41756,0.099,0.099,120328,0
1778496831.077735,0.216,-0.29,0.559734,1,0.3154,0.4423,0.0,0.0,0.005,0.0004,0.1214,0.1936,1,0.19356,0.1334,0.1334,120328,0
1778496831.098087,0.216,-0.29,0.564734,1,0.5223,0.7735,0.0,0.0,0.005,0.0008,0.1669,0.3546,1,0.35458,0.179,0.179,120328,0
1778496831.138242,0.216,-0.29,0.569734,1,0.4319,0.6424,0.0,0.0,0.005,0.0008,0.1461,0.285,1,0.28498,0.2356,0.2356,120328,0
1778496831.15835,0.216,-0.29,0.574734,1,0.5226,0.7191,0.0,0.0,0.005,0.0009,0.1555,0.3663,1,0.36627,0.3022,0.3022,120336,0
1778496831.198542,0.216,-0.29,0.579734,1,1.0127,1.2225,0.0,0.0,0.005,0.0008,0.7349,0.277,1,0.27698,0.3781,0.3781,120340,0
1778496831.218912,0.216,-0.29,0.584734,1,0.4175,0.6025,0.0,0.0,0.005,0.0008,0.144,0.2727,1,0.27269,0.4623,0.4623,120340,0
1778496831.259144,0.216,-0.29,0.589734,1,0.5025,0.7538,0.0,0.0,0.005,0.0008,0.1753,0.3264,1,0.32637,0.5538,0.5538,120340,0
1778496831.279781,0.216,-0.29,0.594734,1,0.2752,0.4009,0.0,0.0,0.005,0.0004,0.1057,0.1691,1,0.16915,0.6516,0.6516,120340,0
1778496831.320089,0.216,-0.29,0.599734,1,0.3572,0.5056,0.0,0.0,0.005,0.0007,0.1304,0.2261,1,0.2261,0.7545,0.7545,120340,0
1778496831.340855,0.216,-0.29,0.604734,1,0.388,0.562,0.0,0.0,0.005,0.0009,0.1367,0.2505,1,0.25045,0.8615,0.8615,120340,0
1778496831.381033,0.216,-0.29,0.609734,1,0.4703,0.6605,0.0,0.0,0.005,0.0009,0.1629,0.3065,1,0.30652,0.9711,0.9711,120340,0
1778496831.421223,0.216,-0.29,0.614734,1,0.2838,0.4247,0.0,0.0,0.005,0.0004,0.1105,0.1728,1,0.17283,1.0821,1.0821,120340,0
1778496831.441297,0.216,-0.29,0.619734,1,0.3123,0.4639,0.0,0.0,0.005,0.0006,0.1141,0.1976,1,0.19765,1.1931,1.1931,120340,0
1778496831.481799,0.216,-0.29,0.624734,1,0.4808,0.692,0.0,0.0,0.005,0.0011,0.1788,0.3009,1,0.30091,1.3025,1.3025,120344,0
1778496831.501966,0.216,-0.29,0.629734,1,0.301,0.4902,0.0,0.0,0.005,0.0004,0.1101,0.1905,1,0.19049,1.4088,1.4088,120344,0
1778496831.542167,0.216,-0.29,0.634734,1,0.4691,0.6756,0.0,0.0,0.005,0.0008,0.1711,0.2972,1,0.2972,1.5106,1.5106,120344,0
1778496831.562292,0.216,-0.29,0.639734,1,0.4788,0.6658,0.0,0.0,0.005,0.0008,0.1629,0.3151,1,0.31506,1.6061,1.6061,120344,0
1778496831.602486,0.216,-0.29,0.644734,1,0.4759,0.667,0.0,0.0,0.005,0.0009,0.1697,0.3054,1,0.30537,1.6937,1.6937,120344,0
1778496831.622689,0.216,-0.29,0.649734,1,0.5432,0.8021,0.0,0.0,0.005,0.0011,0.1922,0.3499,1,0.34986,1.772,1.772,120344,0
1778496831.662872,0.216,-0.29,0.654734,1,0.4026,0.6444,0.0,0.0,0.005,0.0004,0.1335,0.2687,1,0.26865,1.8394,1.8394,120344,0
1778496831.68482,0.216,-0.29,0.659734,1,0.492,0.796,0.0,0.0,0.005,0.0009,0.1685,0.3227,1,0.32268,1.8945,1.8945,120348,0
1778496831.724979,0.216,-0.29,0.664734,1,0.5083,0.7277,0.0,0.0,0.005,0.0007,0.1673,0.3403,1,0.34029,1.9358,1.9358,120360,0
1778496831.7451,0.216,-0.29,0.669734,1,0.4955,0.7318,0.0,0.0,0.005,0.0008,0.1718,0.3229,1,0.32294,1.9623,1.9623,120360,0
1778496831.785287,0.216,-0.29,0.674734,1,0.4833,0.6867,0.0,0.0,0.005,0.0006,0.2003,0.2824,1,0.28242,1.973,1.973,120360,0
1778496831.805456,0.216,-0.29,0.679734,1,0.4338,0.6214,0.0,0.0,0.005,0.0009,0.1473,0.2857,1,0.28566,1.9672,1.9672,120360,0
1778496831.845627,0.216,-0.29,0.684734,1,0.442,0.6167,0.0,0.0,0.005,0.0007,0.1557,0.2857,1,0.28566,1.9446,1.9446,120360,0
1778496831.865723,0.216,-0.29,0.689734,1,0.4705,0.6528,0.0,0.0,0.005,0.0006,0.1641,0.3058,1,0.30579,1.9051,1.9051,120364,0
1778496831.905929,0.216,-0.29,0.694734,1,0.5015,0.6981,0.0,0.0,0.005,0.0007,0.1625,0.3382,1,0.3382,1.8493,1.8493,120364,0
1778496831.926142,0.216,-0.29,0.699734,1,0.4987,0.6913,0.0,0.0,0.005,0.0008,0.2152,0.2827,1,0.28274,1.7782,1.7782,120368,0
1778496831.966337,0.216,-0.29,0.704734,1,0.4545,0.6519,0.0,0.0,0.005,0.0008,0.1649,0.2888,1,0.2888,1.6933,1.6933,120368,0
1778496831.98643,0.216,-0.29,0.709734,1,0.4393,1.1605,0.0,0.0,0.005,0.0008,0.1541,0.2845,1,0.28449,1.5971,1.5971,120368,0
1778496832.026708,0.216,-0.29,0.714734,1,0.5115,1.2461,0.0,0.0,0.005,0.0008,0.1859,0.3247,1,0.32474,1.4923,1.4923,120368,0
1778496832.046807,0.216,-0.29,0.719734,1,0.545,1.3725,0.0,0.0,0.005,0.001,0.1776,0.3665,1,0.36646,1.3827,1.3827,120368,0
1778496832.087875,0.216,-0.29,0.724734,1,0.46,0.6573,0.0,0.0,0.005,0.0003,0.1624,0.2973,1,0.29733,1.2727,1.2727,120368,0
1778496832.107962,0.216,-0.29,0.729734,1,0.4101,0.5888,0.0,0.0,0.005,0.0006,0.1415,0.268,1,0.26802,1.167,1.167,120368,0
1778496832.149649,0.216,-0.29,0.734734,1,0.5065,0.8795,0.0,0.0,0.005,0.001,0.1773,0.3282,1,0.32818,1.0709,1.0709,120368,0
1778496832.169733,0.216,-0.29,0.739734,1,0.4289,0.6094,0.0,0.0,0.005,0.0005,0.1616,0.2667,1,0.26668,0.9892,0.9892,120368,0
1778496832.209981,0.216,-0.29,0.744734,1,0.5036,0.7274,0.0,0.0,0.005,0.0008,0.1764,0.3263,1,0.32633,0.9259,0.9259,120372,0
1778496832.230095,0.216,-0.29,0.749734,1,0.4834,0.6902,0.0,0.0,0.005,0.001,0.1731,0.3093,1,0.30933,0.8833,0.8833,120384,0
1778496832.270703,0.216,-0.29,0.754734,1,0.5673,0.9011,0.0,0.0,0.005,0.0016,0.199,0.3668,1,0.36675,0.8619,0.8619,120384,0
1778496832.290873,0.216,-0.29,0.759734,1,0.4211,0.6057,0.0,0.0,0.005,0.001,0.1479,0.2722,1,0.27224,0.8612,0.8612,120384,0
1778496832.331152,0.216,-0.29,0.764734,1,0.4487,0.6615,0.0,0.0,0.005,0.0008,0.1674,0.2806,1,0.28056,0.8771,0.8771,120384,0
1778496832.351256,0.216,-0.29,0.769734,1,0.4382,0.6388,0.0,0.0,0.005,0.0009,0.1626,0.2747,1,0.27465,0.9015,0.9015,120384,0
1778496832.391567,0.216,-0.29,0.774734,1,0.4738,0.6908,0.0,0.0,0.005,0.001,0.1545,0.3183,1,0.31834,0.9281,0.9281,120384,0
1778496832.411635,0.216,-0.29,0.779734,1,0.4552,0.6516,0.0,0.0,0.005,0.0009,0.1706,0.2837,1,0.28373,0.9529,0.9529,120384,0
1778496832.451821,0.216,-0.29,0.784734,1,0.5517,0.7616,0.0,0.0,0.005,0.0008,0.2281,0.3227,1,0.32275,0.9769,0.9769,120388,0
1778496832.472544,0.216,-0.29,0.789734,1,0.5176,0.7047,0.0,0.0,0.005,0.0007,0.2391,0.2778,1,0.27777,0.9998,0.9998,120388,0
1778496832.512708,0.216,-0.29,0.794734,1,0.4639,0.6566,0.0,0.0,0.005,0.0011,0.1735,0.2893,1,0.28927,1.0216,1.0216,120388,0
1778496832.532795,0.216,-0.29,0.799734,1,0.4659,0.68,0.0,0.0,0.005,0.0011,0.168,0.2968,1,0.29677,1.0422,1.0422,120388,0
1778496832.572965,0.216,-0.29,0.8,1,0.4345,0.6263,0.0,0.0,0.005,0.0006,0.15,0.2838,1,0.28381,1.0681,1.0681,120388,0
1778496832.593048,0.216,-0.29,0.8,1,0.3975,0.5773,0.0,0.0,0.005,0.0008,0.1382,0.2585,1,0.25854,1.065,1.065,120388,0
1778496832.633202,0.216,-0.29,0.8,1,0.4928,0.7019,0.0,0.0,0.005,0.0007,0.162,0.3301,1,0.33009,1.0651,1.0651,120388,0
1778496832.653301,0.216,-0.29,0.8,1,0.4681,0.6573,0.0,0.0,0.005,0.0009,0.1575,0.3097,1,0.30974,1.065,1.065,120388,0
1778496832.693478,0.216,-0.29,0.8,1,0.5624,0.7561,0.0,0.0,0.005,0.0007,0.1618,0.3999,1,0.39988,1.065,1.065,120400,0
1778496832.713551,0.216,-0.29,0.8,1,0.3906,0.5722,0.0,0.0,0.005,0.0008,0.1286,0.2611,1,0.26114,1.065,1.065,120400,0
1778496832.753733,0.216,-0.29,0.8,1,0.4522,0.6355,0.0,0.0,0.005,0.0008,0.1712,0.2801,1,0.28012,1.065,1.065,120400,0
1778496832.773841,0.216,-0.29,0.8,1,0.4554,0.6336,0.0,0.0,0.005,0.0009,0.1577,0.2968,1,0.29683,1.065,1.065,120400,0
1778496832.814119,0.216,-0.29,0.8,1,0.4273,0.6919,0.0,0.0,0.005,0.0008,0.1519,0.2746,1,0.27463,1.065,1.065,120400,0
1778496832.834186,0.216,-0.29,0.8,1,0.4389,0.641,0.0,0.0,0.005,0.001,0.1527,0.2851,1,0.2851,1.065,1.065,120400,0
1778496832.874777,0.216,-0.29,0.8,1,0.5645,0.8109,0.0,0.0,0.005,0.0011,0.1901,0.3733,1,0.37326,1.065,1.065,120404,0
1778496832.894874,0.216,-0.29,0.8,1,0.7006,0.9119,0.0,0.0,0.005,0.0009,0.1752,0.5245,1,0.52452,1.065,1.065,120404,0
1778496832.935068,0.216,-0.29,0.8,1,0.4585,0.6739,0.0,0.0,0.005,0.0008,0.1606,0.2972,1,0.29716,1.065,1.065,120404,0
1778496832.955349,0.216,-0.29,0.8,1,0.436,0.6316,0.0,0.0,0.005,0.0009,0.151,0.2841,1,0.28408,1.065,1.065,120404,0
1778496832.995544,0.216,-0.29,0.8,1,0.5216,0.7495,0.0,0.0,0.005,0.0009,0.1708,0.3499,1,0.34985,1.065,1.065,120404,0
1778496833.015653,0.216,-0.29,0.8,1,0.6299,0.8683,0.0,0.0,0.005,0.0011,0.208,0.4208,1,0.42082,1.065,1.065,120416,0
1778496833.055984,0.216,-0.29,0.8,1,0.4719,0.695,0.0,0.0,0.005,0.0012,0.1638,0.3069,1,0.30687,1.065,1.065,120416,0
1778496833.076068,0.216,-0.29,0.8,1,0.5048,0.7076,0.0,0.0,0.005,0.0008,0.1734,0.3306,1,0.33063,1.065,1.065,120416,0
1778496833.116268,0.216,-0.29,0.8,1,0.4349,0.6361,0.0,0.0,0.005,0.0009,0.1546,0.2793,1,0.27934,1.065,1.065,120416,0
1778496833.136361,0.216,-0.29,0.8,1,0.5377,1.2438,0.0,0.0,0.005,0.0009,0.1756,0.3612,1,0.36124,1.065,1.065,120420,0
1778496833.176547,0.216,-0.29,0.8,1,0.4771,0.6648,0.0,0.0,0.005,0.0006,0.1713,0.3052,1,0.30515,1.065,1.065,120420,0
1778496833.196644,0.216,-0.29,0.8,1,0.4986,1.3081,0.0,0.0,0.005,0.001,0.1822,0.3155,1,0.31546,1.065,1.065,120420,0
1778496833.236863,0.216,-0.29,0.795,1,0.4817,1.0252,0.0,0.0,-0.005,0.0008,0.1848,0.296,1,0.29602,0.9908,0.9908,120420,0
1778496833.744191,0.216,-0.29,0.79,1,0.28,0.4179,0.0,0.0,-0.005,0.0007,0.1124,0.1669,1,0.16689,0.9632,0.9632,120424,0
1778496833.764302,0.216,-0.29,0.785,1,0.4856,0.7093,0.0,0.0,-0.005,0.001,0.1782,0.3064,1,0.3064,0.9443,0.9443,120424,0
1778496833.804525,0.216,-0.29,0.78,1,0.6533,0.8837,0.0,0.0,-0.005,0.0009,0.3372,0.3152,1,0.31523,0.9217,0.9217,120424,0
1778496833.824625,0.216,-0.29,0.775,1,0.7746,1.0055,0.0,0.0,-0.005,0.0009,0.1952,0.5785,1,0.57849,0.8995,0.8995,120424,0
1778496833.86495,0.216,-0.29,0.77,1,0.5012,0.6934,0.0,0.0,-0.005,0.0009,0.1727,0.3275,1,0.32755,0.876,0.876,120428,0
1778496833.885041,0.216,-0.29,0.765,1,0.4983,0.6968,0.0,0.0,-0.005,0.0009,0.1811,0.3163,1,0.31631,0.8521,0.8521,120428,0
1778496833.925608,0.216,-0.29,0.76,1,0.5353,0.7456,0.0,0.0,-0.005,0.0011,0.1944,0.3398,1,0.33981,0.8275,0.8275,120428,0
1778496833.945715,0.216,-0.29,0.755,1,0.521,0.7556,0.0,0.0,-0.005,0.001,0.1803,0.3397,1,0.33967,0.8026,0.8026,120428,0
1778496833.986037,0.216,-0.29,0.75,1,0.4725,0.6828,0.0,0.0,-0.005,0.0009,0.1847,0.2869,1,0.28688,0.7751,0.7751,120428,0
1778496834.006138,0.216,-0.29,0.745,1,0.4906,0.7083,0.0,0.0,-0.005,0.0012,0.1723,0.3171,1,0.31709,0.7546,0.7546,120428,0
1778496834.046354,0.216,-0.29,0.74,1,0.4309,0.6236,0.0,0.0,-0.005,0.001,0.15,0.2798,1,0.27978,0.7427,0.7427,120428,0
1778496834.066469,0.216,-0.29,0.735,1,0.4678,3.5883,0.0,0.0,-0.005,0.0009,0.1703,0.2965,1,0.29647,0.742,0.742,120428,0
1778496834.106859,0.216,-0.29,0.73,1,0.4363,1.3595,0.0,0.0,-0.005,0.0007,0.1498,0.2858,1,0.28581,0.7516,0.7516,120432,0
1778496834.126965,0.216,-0.29,0.725,1,0.4399,0.6332,0.0,0.0,-0.005,0.0009,0.1541,0.285,1,0.28499,0.7712,0.7712,120432,0
1778496834.167769,0.216,-0.29,0.72,1,0.5076,0.9314,0.0,0.0,-0.005,0.0012,0.1706,0.3358,1,0.33583,0.8007,0.8007,120444,0
1778496834.188064,0.216,-0.29,0.715,1,0.3106,0.6937,0.0,0.0,-0.005,0.0004,0.1137,0.1965,1,0.19645,0.8392,0.8392,120444,0
1778496834.228274,0.216,-0.29,0.71,1,0.4193,0.6407,0.0,0.0,-0.005,0.001,0.1522,0.2661,1,0.26614,0.8855,0.8855,120444,0
1778496834.248374,0.216,-0.29,0.705,1,0.5184,0.7307,0.0,0.0,-0.005,0.0011,0.1805,0.3368,1,0.3368,0.9374,0.9374,120444,0
1778496834.288581,0.216,-0.29,0.7,1,0.4627,0.6629,0.0,0.0,-0.005,0.001,0.1689,0.2927,1,0.29275,0.9922,0.9922,120444,0
1778496834.30871,0.216,-0.29,0.695,1,0.5724,0.8191,0.0,0.0,-0.005,0.0012,0.2158,0.3553,1,0.35534,1.0471,1.0471,120448,0
1778496834.350653,0.216,-0.29,0.69,1,0.3138,0.455,0.0,0.0,-0.005,0.0004,0.1207,0.1927,1,0.19268,1.0995,1.0995,120448,0
1778496834.370911,0.216,-0.29,0.685,1,0.3102,0.4291,0.0,0.0,-0.005,0.0004,0.1151,0.1947,1,0.19466,1.1469,1.1469,120448,0
1778496834.411236,0.216,-0.29,0.68,1,0.3052,0.4495,0.0,0.0,-0.005,0.0004,0.1175,0.1873,1,0.18726,1.1871,1.1871,120448,0
1778496834.43135,0.216,-0.29,0.675,1,0.5498,0.7761,0.0,0.0,-0.005,0.0009,0.1913,0.3575,1,0.35751,1.2187,1.2187,120448,0
1778496834.47155,0.216,-0.29,0.67,1,0.4426,0.6481,0.0,0.0,-0.005,0.0008,0.1634,0.2784,1,0.27837,1.2404,1.2404,120448,0
1778496834.491666,0.216,-0.29,0.665,1,0.5061,0.7055,0.0,0.0,-0.005,0.001,0.1971,0.308,1,0.308,1.2515,1.2515,120448,0
1778496834.531955,0.216,-0.29,0.66,1,0.4614,0.6629,0.0,0.0,-0.005,0.0006,0.1712,0.2895,1,0.28952,1.2516,1.2516,120448,0
1778496834.552053,0.216,-0.29,0.655,1,0.4969,0.7269,0.0,0.0,-0.005,0.001,0.1803,0.3156,1,0.3156,1.2409,1.2409,120448,0
1778496834.592277,0.216,-0.29,0.65,1,0.4679,0.6694,0.0,0.0,-0.005,0.001,0.1632,0.3037,1,0.30368,1.2195,1.2195,120460,0
1778496834.612395,0.216,-0.29,0.645,1,0.5347,0.7594,0.0,0.0,-0.005,0.0009,0.1944,0.3394,1,0.33945,1.1882,1.1882,120460,0
1778496834.652679,0.216,-0.29,0.64,1,0.4872,0.7056,0.0,0.0,-0.005,0.001,0.1865,0.2996,1,0.29962,1.1476,1.1476,120460,0
1778496834.672882,0.216,-0.29,0.635,1,0.5321,0.7543,0.0,0.0,-0.005,0.0009,0.2239,0.3073,1,0.3073,1.0988,1.0988,120460,0
1778496834.713035,0.216,-0.29,0.63,1,0.4751,0.6917,0.0,0.0,-0.005,0.0006,0.1658,0.3087,1,0.30866,1.0428,1.0428,120460,0
1778496834.733538,0.216,-0.29,0.625,1,0.5343,0.7663,0.0,0.0,-0.005,0.0009,0.1783,0.3551,1,0.35513,0.9809,0.9809,120460,0
1778496834.774144,0.216,-0.29,0.62,1,0.4979,0.7334,0.0,0.0,-0.005,0.0011,0.1813,0.3155,1,0.31545,0.9142,0.9142,120460,0
1778496834.794262,0.216,-0.29,0.615,1,0.5156,0.7291,0.0,0.0,-0.005,0.001,0.1861,0.3285,1,0.32848,0.8441,0.8441,120460,0
1778496834.834544,0.216,-0.29,0.61,1,0.4578,0.6583,0.0,0.0,-0.005,0.0011,0.1663,0.2905,1,0.29049,0.7718,0.7718,120464,0
1778496834.854838,0.216,-0.29,0.605,1,0.4832,0.6996,0.0,0.0,-0.005,0.0011,0.1622,0.32,1,0.32,0.6986,0.6986,120464,0
1778496834.894966,0.216,-0.29,0.6,1,0.4648,0.6599,0.0,0.0,-0.005,0.0009,0.1712,0.2927,1,0.29267,0.6257,0.6257,120464,0
1778496834.91505,0.216,-0.29,0.595,1,0.4106,0.5918,0.0,0.0,-0.005,0.0007,0.1409,0.2691,1,0.26905,0.5543,0.5543,120464,0
1778496834.955256,0.216,-0.29,0.59,1,0.4359,0.6375,0.0,0.0,-0.005,0.001,0.1611,0.2738,1,0.2738,0.4854,0.4854,120464,0
1778496834.97535,0.216,-0.29,0.585,1,0.4433,0.6169,0.0,0.0,-0.005,0.0011,0.161,0.2813,1,0.28126,0.4202,0.4202,120464,0
1778496835.015628,0.216,-0.29,0.58,1,0.4671,0.6806,0.0,0.0,-0.005,0.0012,0.1765,0.2895,1,0.28947,0.3595,0.3595,120464,0
1778496835.035718,0.216,-0.29,0.575,1,0.4118,0.5954,0.0,0.0,-0.005,0.0007,0.1513,0.2599,1,0.25988,0.304,0.304,120464,0
1778496835.076007,0.216,-0.29,0.57,1,0.5184,0.7385,0.0,0.0,-0.005,0.001,0.1856,0.3319,1,0.33185,0.2543,0.2543,120468,0
1778496835.096101,0.216,-0.29,0.565,1,0.4809,0.6827,0.0,0.0,-0.005,0.001,0.1669,0.313,1,0.31297,0.2106,0.2106,120480,0
1778496835.136432,0.216,-0.29,0.56,1,0.4754,0.6734,0.0,0.0,-0.005,0.0011,0.162,0.3122,1,0.31225,0.1726,0.1726,120480,0
1778496835.157429,0.216,-0.29,0.555,1,0.4849,3.6237,0.0,0.0,-0.005,0.0007,0.1595,0.3247,1,0.32473,0.1396,0.1396,120480,0
1778496835.197969,0.216,-0.29,0.55,1,0.4857,0.7005,0.0,0.0,-0.005,0.0009,0.175,0.3099,1,0.30988,0.1104,0.1104,120480,0
1778496835.218052,0.216,-0.29,0.545,1,0.4278,0.6331,0.0,0.0,-0.005,0.0008,0.1418,0.2852,1,0.28522,0.0835,0.0835,120480,0
1778496835.258744,0.216,-0.29,0.54,1,0.4545,0.67,0.0,0.0,-0.005,0.0007,0.161,0.2928,1,0.29285,0.0585,0.0585,120480,0
1778496835.278822,0.216,-0.29,0.535,1,0.4717,0.6709,0.0,0.0,-0.005,0.0007,0.1598,0.3112,1,0.31116,0.0398,0.0398,120484,0
1778496835.319041,0.216,-0.29,0.53,1,0.4467,0.6306,0.0,0.0,-0.005,0.0007,0.1675,0.2785,1,0.27848,0.0422,0.0422,120484,0
1778496835.33913,0.216,-0.29,0.525,1,0.4402,0.6454,0.0,0.0,-0.005,0.001,0.1536,0.2856,1,0.28556,0.0533,0.0533,120484,0
1778496835.379302,0.216,-0.29,0.52,1,0.4742,0.6789,0.0,0.0,-0.005,0.001,0.1624,0.3108,1,0.31077,0.0698,0.0698,120484,0
1778496835.399462,0.216,-0.29,0.515,1,0.5057,0.7128,0.0,0.0,-0.005,0.0012,0.1861,0.3184,1,0.31838,0.0894,0.0894,120484,0
1778496835.43974,0.216,-0.29,0.51,1,0.433,0.6261,0.0,0.0,-0.005,0.0008,0.1564,0.2758,1,0.27581,0.1109,0.1109,120484,0
1778496835.479961,0.216,-0.29,0.505,1,0.4626,0.6674,0.0,0.0,-0.005,0.0008,0.1718,0.29,1,0.28996,0.134,0.134,120484,0
1778496835.500058,0.216,-0.29,0.5,1,0.4268,0.7404,0.0,0.0,-0.005,0.0011,0.1515,0.2741,1,0.27415,0.1584,0.1584,120484,0
1778496835.520324,0.216,-0.29,0.495,1,0.4209,0.6063,0.0,0.0,-0.005,0.0008,0.1427,0.2774,1,0.27739,0.1841,0.1841,120484,0
1778496835.560648,0.216,-0.29,0.49,1,0.4814,0.6834,0.0,0.0,-0.005,0.0013,0.1823,0.2978,1,0.29783,0.2111,0.2111,120488,0
1778496835.600873,0.216,-0.29,0.485,1,0.4583,0.6635,0.0,0.0,-0.005,0.0009,0.1697,0.2877,1,0.28773,0.2396,0.2396,120488,0
1778496835.620959,0.216,-0.29,0.48,1,0.344,0.4787,0.0,0.0,-0.005,0.0005,0.1204,0.223,1,0.22302,0.2695,0.2695,120500,0
1778496835.661204,0.216,-0.29,0.475,1,0.4602,0.6844,0.0,0.0,-0.005,0.001,0.1653,0.2939,1,0.2939,0.301,0.301,120500,0
1778496835.681299,0.216,-0.29,0.47,1,0.444,0.6661,0.0,0.0,-0.005,0.0007,0.1654,0.2779,1,0.27793,0.3342,0.3342,120500,0
1778496835.721509,0.216,-0.29,0.465,1,0.9463,1.0982,0.0,0.0,-0.005,0.0009,0.1768,0.7686,1,0.76858,0.3693,0.3693,120500,0
1778496835.741621,0.216,-0.29,0.46,1,0.3112,0.4438,0.0,0.0,-0.005,0.0004,0.1168,0.1941,1,0.19405,0.4065,0.4065,120500,0
1778496835.781904,0.216,-0.29,0.455,1,0.3114,0.5263,0.0,0.0,-0.005,0.0004,0.1158,0.1953,1,0.19526,0.446,0.446,120504,0
1778496835.802008,0.216,-0.29,0.45,1,0.4841,0.6771,0.0,0.0,-0.005,0.0009,0.1665,0.3166,1,0.31663,0.488,0.488,120504,0
1778496835.842373,0.216,-0.29,0.445,1,0.4673,0.687,0.0,0.0,-0.005,0.0011,0.1618,0.3044,1,0.30441,0.5329,0.5329,120504,0
1778496835.862461,0.216,-0.29,0.44,1,0.4592,0.6513,0.0,0.0,-0.005,0.0008,0.1683,0.2901,1,0.29008,0.5809,0.5809,120504,0
1778496835.90283,0.216,-0.29,0.435,1,0.4461,0.644,0.0,0.0,-0.005,0.0011,0.1648,0.2801,1,0.28011,0.6325,0.6325,120508,0
1778496835.922951,0.216,-0.29,0.43,1,0.5548,0.8117,0.0,0.0,-0.005,0.0014,0.1949,0.3585,1,0.35851,0.6883,0.6883,120516,0
1778496835.963295,0.216,-0.29,0.425,1,0.4433,0.6548,0.0,0.0,-0.005,0.001,0.1592,0.2831,1,0.28315,0.7486,0.7486,120516,0
1778496835.983377,0.216,-0.29,0.42,1,0.4374,0.6169,0.0,0.0,-0.005,0.0007,0.1553,0.2813,1,0.28134,0.8144,0.8144,120516,0
1778496836.0237,0.216,-0.29,0.415,1,0.3427,0.4922,0.0,0.0,-0.005,0.0007,0.1266,0.2154,1,0.21535,0.8863,0.8863,120520,0
1778496836.043796,0.216,-0.29,0.41,1,0.5364,0.7367,0.0,0.0,-0.005,0.0008,0.2143,0.3213,1,0.32131,0.9655,0.9655,120520,0
1778496836.083956,0.216,-0.29,0.405,1,0.4492,0.651,0.0,0.0,-0.005,0.001,0.1631,0.2851,1,0.28513,1.0533,1.0533,120520,0
1778496836.104047,0.216,-0.29,0.4,1,0.4231,0.6113,0.0,0.0,-0.005,0.0007,0.1446,0.2778,1,0.27777,1.1513,1.1513,120520,0
1778496836.144253,0.216,-0.29,0.395,1,0.4577,0.6686,0.0,0.0,-0.005,0.0009,0.1678,0.289,1,0.28899,1.2617,1.2617,120520,0
1778496836.164301,0.216,-0.29,0.39,1,0.4167,0.612,0.0,0.0,-0.005,0.0008,0.1433,0.2726,1,0.27256,1.3873,1.3873,120520,0
1778496836.204496,0.216,-0.29,0.385,1,0.5053,0.7346,0.0,0.0,-0.005,0.0008,0.1667,0.3378,1,0.33783,1.5317,1.5317,120520,0
1778496836.224626,0.216,-0.29,0.38,1,0.5644,0.8005,0.0,0.0,-0.005,0.001,0.1825,0.3809,1,0.38086,1.7003,1.7003,120520,0
1778496836.264967,0.216,-0.29,0.375,1,0.493,0.6969,0.0,0.0,-0.005,0.0008,0.1647,0.3275,1,0.32745,1.9,1.9,120524,0
1778496836.285048,0.216,-0.29,0.37,1,0.4285,0.6008,0.0,0.0,-0.005,0.0005,0.1567,0.2712,1,0.27118,2.1413,2.1413,120524,0
1778496836.325791,0.216,-0.29,0.365,1,0.5467,0.7861,0.0,0.0,-0.005,0.0012,0.2064,0.3391,1,0.33905,2.4399,2.4399,120524,0
1778496836.345882,0.216,-0.29,0.36,1,0.4337,0.624,0.0,0.0,-0.005,0.0008,0.1582,0.2747,1,0.27475,2.8205,2.8205,120524,0
1778496836.386256,0.216,-0.29,0.355,1,29.116,33.0243,0.0,0.0,-0.005,0.0018,0.1624,28.9518,250,0.11581,3.4617,3.4617,120544,1
1778496836.419674,0.216,-0.29,0.35,1,22.7387,24.0013,0.0,0.0,-0.005,0.0003,0.0863,22.6521,250,0.09061,4.2896,4.2896,120544,1
1778496836.444077,0.216,-0.29,0.35,1,9.2235,12.0537,0.0,0.0,-0.005,0.0003,0.0541,9.1691,250,0.03668,4.2896,4.2896,120556,0
1778496836.464187,0.216,-0.29,0.35,1,22.6968,24.105,0.0,0.0,-0.005,0.0008,0.1631,22.5329,250,0.09013,4.2896,4.2896,120556,1
1778496836.509882,0.216,-0.29,0.35,1,19.1927,20.2612,0.0,0.0,-0.005,0.0007,0.1804,19.0117,250,0.07605,4.2896,4.2896,120556,1
1778496836.530503,0.216,-0.29,0.35,1,9.1181,9.7794,0.0,0.0,-0.005,0.0003,0.0509,9.0669,250,0.03627,4.2896,4.2896,120556,0
1778496836.550701,0.216,-0.29,0.35,1,9.8654,10.8325,0.0,0.0,-0.005,0.0004,0.07,9.7949,250,0.03918,4.2896,4.2896,120556,0
1778496836.590873,0.216,-0.29,0.35,1,29.0178,29.8734,0.0,0.0,-0.005,0.0009,0.1586,28.8583,250,0.11543,4.2896,4.2896,120556,1
1778496836.62418,0.216,-0.29,0.35,1,17.924,18.6325,0.0,0.0,-0.005,0.0007,0.1389,17.7844,250,0.07114,4.2896,4.2896,120556,0
1778496836.644232,0.216,-0.29,0.35,1,11.6557,11.9374,0.0,0.0,-0.005,0.0003,0.0516,11.6038,250,0.04642,4.2896,4.2896,120556,0
1778496836.684389,0.216,-0.29,0.35,1,18.8093,19.7128,0.0,0.0,-0.005,0.0007,0.1355,18.6731,250,0.07469,4.2896,4.2896,120556,0
1778496836.704482,0.216,-0.29,0.35,1,10.6325,11.2923,0.0,0.0,-0.005,0.0003,0.055,10.5772,250,0.04231,4.2896,4.2896,120556,0
1778496836.7447,0.216,-0.29,0.35,1,18.8751,19.4875,0.0,0.0,-0.005,0.0006,0.1658,18.7087,250,0.07483,4.2896,4.2896,120572,0
1778496836.764833,0.216,-0.29,0.35,1,10.8547,11.4739,0.0,0.0,-0.005,0.0003,0.051,10.8033,250,0.04321,4.2896,4.2896,120572,0
1778496836.805059,0.216,-0.29,0.35,1,16.9792,17.9834,0.0,0.0,-0.005,0.0007,0.1396,16.8389,250,0.06736,4.2896,4.2896,120572,0
1778496836.82515,0.216,-0.29,0.35,1,14.325,15.252,0.0,0.0,-0.005,0.0004,0.1102,14.2144,250,0.05686,4.2896,4.2896,120572,0
1778496836.865425,0.216,-0.29,0.35,1,13.0772,13.8652,0.0,0.0,-0.005,0.0005,0.1283,12.9484,250,0.05179,4.2896,4.2896,120572,0
1778496836.885532,0.216,-0.29,0.35,1,9.7203,10.1791,0.0,0.0,-0.005,0.0004,0.0812,9.6386,250,0.03855,4.2896,4.2896,120572,0
1778496836.925833,0.216,-0.29,0.35,1,15.7815,16.6326,0.0,0.0,-0.005,0.0006,0.1386,15.6423,250,0.06257,4.2896,4.2896,120572,0
1778496836.945892,0.216,-0.29,0.35,1,9.532,10.2931,0.0,0.0,-0.005,0.0008,0.0939,9.4373,250,0.03775,4.2896,4.2896,120572,0
1778496836.986113,0.216,-0.29,0.35,1,20.184,20.326,0.0,0.0,-0.005,0.0008,0.1458,20.0374,250,0.08015,4.2896,4.2896,120576,1
1778496837.006775,0.216,-0.29,0.35,1,9.8112,13.0539,0.0,0.0,-0.005,0.0003,0.1285,9.6824,250,0.03873,4.2896,4.2896,120576,0
1778496837.067966,0.211,-0.29,0.35,1,24.3562,27.5986,-0.005,0.0,0.0,0.0009,0.1492,24.2062,250,0.09682,3.7407,3.7407,120576,1
1778496837.561799,0.206,-0.29,0.35,1,22.4114,23.3088,-0.005,0.0,0.0,0.001,0.1822,22.2282,250,0.08891,3.3109,3.3109,120576,1
1778496837.605882,0.201,-0.29,0.35,1,0.5569,0.7541,-0.005,0.0,0.0,0.0012,0.1465,0.4093,2,0.20465,2.9406,2.9406,120576,0
1778496837.625976,0.196,-0.29,0.35,1,0.4685,0.6574,-0.005,0.0,0.0,0.0007,0.1474,0.3204,1,0.32044,2.9569,2.9569,120576,0
1778496837.666204,0.191,-0.29,0.35,1,0.4667,0.6752,-0.005,0.0,0.0,0.0009,0.1715,0.2942,1,0.29425,2.6402,2.6402,120576,0
1778496837.686313,0.186,-0.29,0.35,1,0.4685,0.6713,-0.005,0.0,0.0,0.001,0.1666,0.3009,1,0.30086,2.4257,2.4257,120576,0
1778496837.726712,0.181,-0.29,0.35,1,0.452,1.2955,-0.005,0.0,0.0,0.0011,0.1746,0.2763,1,0.2763,2.2371,2.2371,120580,0
1778496837.746828,0.176,-0.29,0.35,1,0.7743,1.0103,-0.005,0.0,0.0,0.0007,0.1843,0.5893,1,0.58935,2.0756,2.0756,120580,0
1778496837.787856,0.171,-0.29,0.35,1,0.4522,0.6539,-0.005,0.0,0.0,0.0011,0.1625,0.2886,1,0.28859,1.9354,1.9354,120580,0
1778496837.810592,0.166,-0.29,0.35,1,0.5222,0.7379,-0.005,0.0,0.0,0.0011,0.21,0.3112,1,0.31117,1.8126,1.8126,120584,0
1778496837.830859,0.161,-0.29,0.35,1,0.4526,0.6472,-0.005,0.0,0.0,0.001,0.1749,0.2767,1,0.27666,1.7044,1.7044,120584,0
1778496837.87117,0.156,-0.29,0.35,1,0.5127,0.7441,-0.005,0.0,0.0,0.001,0.1677,0.3439,1,0.34394,1.6082,1.6082,120596,0
1778496837.891263,0.151,-0.29,0.35,1,0.4831,0.6547,-0.005,0.0,0.0,0.0009,0.1604,0.3218,1,0.32181,1.5225,1.5225,120596,0
1778496837.931441,0.146,-0.29,0.35,1,0.4706,0.6643,-0.005,0.0,0.0,0.0008,0.1661,0.3037,1,0.30369,1.4455,1.4455,120596,0
1778496837.951549,0.141,-0.29,0.35,1,0.658,0.8901,-0.005,0.0,0.0,0.001,0.2054,0.4516,1,0.45162,1.3763,1.3763,120596,0
1778496837.99173,0.136,-0.29,0.35,1,0.4929,0.6993,-0.005,0.0,0.0,0.0008,0.1827,0.3094,1,0.30941,1.3138,1.3138,120600,0
1778496838.011827,0.131,-0.29,0.35,1,0.6026,0.8157,-0.005,0.0,0.0,0.0008,0.2017,0.4001,1,0.4001,1.2572,1.2572,120600,0
1778496838.051916,0.126,-0.29,0.35,1,0.4936,0.7006,-0.005,0.0,0.0,0.0006,0.2111,0.2819,1,0.28189,1.2058,1.2058,120600,0
1778496838.072083,0.121,-0.29,0.35,1,0.4556,0.6719,-0.005,0.0,0.0,0.0012,0.1678,0.2866,1,0.28661,1.1592,1.1592,120600,0
1778496838.112262,0.116,-0.29,0.35,1,0.4473,0.6522,-0.005,0.0,0.0,0.0007,0.1679,0.2787,1,0.27868,1.1169,1.1169,120600,0
1778496838.132372,0.111,-0.29,0.35,1,0.6427,0.8967,-0.005,0.0,0.0,0.001,0.1871,0.4545,1,0.45454,1.0784,1.0784,120600,0
1778496838.172625,0.106,-0.29,0.35,1,0.5023,0.6974,-0.005,0.0,0.0,0.0009,0.1797,0.3217,1,0.32171,1.0434,1.0434,120600,0
1778496838.192737,0.101,-0.29,0.35,1,0.582,0.8535,-0.005,0.0,0.0,0.0013,0.1851,0.3956,1,0.39561,1.0116,1.0116,120600,0
1778496838.233122,0.096,-0.29,0.35,1,0.451,0.6592,-0.005,0.0,0.0,0.001,0.1676,0.2824,1,0.28241,0.9828,0.9828,120604,0
1778496838.253224,0.091,-0.29,0.35,1,0.4944,0.723,-0.005,0.0,0.0,0.001,0.1665,0.3268,1,0.32684,0.9568,0.9568,120604,0
1778496838.293428,0.086,-0.29,0.35,1,0.4813,0.6853,-0.005,0.0,0.0,0.0008,0.1628,0.3177,1,0.31769,0.9333,0.9333,120604,0
1778496838.333668,0.081,-0.29,0.35,1,0.4682,0.6942,-0.005,0.0,0.0,0.0007,0.164,0.3036,1,0.30359,0.9122,0.9122,120604,0
1778496838.354018,0.076,-0.29,0.35,1,0.4693,0.6555,-0.005,0.0,0.0,0.0011,0.1649,0.3033,1,0.30328,0.8933,0.8933,120604,0
1778496838.394236,0.071,-0.29,0.35,1,0.4609,0.6724,-0.005,0.0,0.0,0.0008,0.1534,0.3067,1,0.30669,0.8765,0.8765,120604,0
1778496838.414465,0.066,-0.29,0.35,1,0.4557,0.6494,-0.005,0.0,0.0,0.0011,0.155,0.2997,1,0.29965,0.8617,0.8617,120604,0
1778496838.43454,0.061,-0.29,0.35,1,0.421,0.6122,-0.005,0.0,0.0,0.001,0.1413,0.2787,1,0.27868,0.8487,0.8487,120604,0
1778496838.474801,0.056,-0.29,0.35,1,0.5701,0.7919,-0.005,0.0,0.0,0.0011,0.194,0.375,1,0.37498,0.8375,0.8375,120616,0
1778496838.494972,0.051,-0.29,0.35,1,0.4518,0.6709,-0.005,0.0,0.0,0.0013,0.1615,0.289,1,0.28898,0.8279,0.8279,120616,0
1778496838.535232,0.046,-0.29,0.35,1,0.467,0.6604,-0.005,0.0,0.0,0.0012,0.1748,0.2911,1,0.29106,0.8199,0.8199,120616,0
1778496838.555309,0.041,-0.29,0.35,1,0.4615,0.6498,-0.005,0.0,0.0,0.0009,0.1573,0.3034,1,0.30336,0.8133,0.8133,120616,0
1778496838.595644,0.036,-0.29,0.35,1,0.465,0.6658,-0.005,0.0,0.0,0.0011,0.1832,0.2806,1,0.28064,0.8082,0.8082,120616,0
1778496838.615711,0.031,-0.29,0.35,1,0.4417,0.6239,-0.005,0.0,0.0,0.0008,0.1559,0.285,1,0.28505,0.8043,0.8043,120616,0
1778496838.655991,0.026,-0.29,0.35,1,0.4724,0.6948,-0.005,0.0,0.0,0.0012,0.1728,0.2984,1,0.29842,0.8011,0.8011,120616,0
1778496838.696736,0.021,-0.29,0.35,1,0.4674,1.495,-0.005,0.0,0.0,0.0011,0.186,0.2803,1,0.28032,0.7984,0.7984,120620,0
1778496838.716908,0.016,-0.29,0.35,1,0.4765,0.6842,-0.005,0.0,0.0,0.0013,0.1745,0.3008,1,0.30076,0.7963,0.7963,120620,0
1778496838.757904,0.011,-0.29,0.35,1,0.3905,0.5622,-0.005,0.0,0.0,0.0007,0.1428,0.247,1,0.24705,0.7948,0.7948,120620,0
1778496838.780221,0.006,-0.29,0.35,1,0.4517,0.6481,-0.005,0.0,0.0,0.0011,0.1628,0.2878,1,0.28783,0.794,0.794,120620,0
1778496838.800298,0.001,-0.29,0.35,1,0.4949,0.7038,-0.005,0.0,0.0,0.001,0.1774,0.3165,1,0.31649,0.7942,0.7942,120620,0
1778496838.840501,-0.004,-0.29,0.35,1,0.4474,0.6404,-0.005,0.0,0.0,0.001,0.1546,0.2918,1,0.29179,0.7956,0.7956,120620,0
1778496838.860738,-0.009,-0.29,0.35,1,0.4793,0.6987,-0.005,0.0,0.0,0.0012,0.1704,0.3077,1,0.3077,0.7988,0.7988,120620,0
1778496838.900884,-0.014,-0.29,0.35,1,0.4503,0.6419,-0.005,0.0,0.0,0.0012,0.1639,0.2852,1,0.28518,0.8041,0.8041,120620,0
1778496838.920998,-0.019,-0.29,0.35,1,0.5104,0.767,-0.005,0.0,0.0,0.0008,0.1678,0.3417,1,0.3417,0.8121,0.8121,120632,0
1778496838.961205,-0.024,-0.29,0.35,1,0.4689,0.6745,-0.005,0.0,0.0,0.001,0.1696,0.2982,1,0.29822,0.8232,0.8232,120636,0
1778496838.981302,-0.029,-0.29,0.35,1,0.4403,0.6382,-0.005,0.0,0.0,0.0011,0.1604,0.2788,1,0.27876,0.838,0.838,120636,0
1778496839.02168,-0.034,-0.29,0.35,1,0.4565,0.6451,-0.005,0.0,0.0,0.0011,0.169,0.2864,1,0.28636,0.8568,0.8568,120636,0
1778496839.041844,-0.039,-0.29,0.35,1,0.4728,0.6619,-0.005,0.0,0.0,0.0012,0.1765,0.2952,1,0.29516,0.8801,0.8801,120636,0
1778496839.082083,-0.044,-0.29,0.35,1,0.4501,0.6416,-0.005,0.0,0.0,0.0011,0.1615,0.2874,1,0.28745,0.9082,0.9082,120636,0
1778496839.102189,-0.049,-0.29,0.35,1,0.4751,0.6649,-0.005,0.0,0.0,0.0012,0.1664,0.3075,1,0.30753,0.9413,0.9413,120636,0
1778496839.142399,-0.054,-0.29,0.35,1,0.45,0.6482,-0.005,0.0,0.0,0.0011,0.1577,0.2912,1,0.2912,0.9794,0.9794,120636,0
1778496839.162502,-0.059,-0.29,0.35,1,0.4887,0.6933,-0.005,0.0,0.0,0.0009,0.1655,0.3224,1,0.32238,1.0226,1.0226,120640,0
1778496839.202929,-0.064,-0.29,0.35,1,0.4811,0.6926,-0.005,0.0,0.0,0.0012,0.1773,0.3026,1,0.30262,1.0709,1.0709,120640,0
1778496839.223022,-0.069,-0.29,0.35,1,0.4112,0.6027,-0.005,0.0,0.0,0.001,0.1388,0.2715,1,0.27148,1.1241,1.1241,120640,0
1778496839.263228,-0.074,-0.29,0.35,1,0.4649,0.6726,-0.005,0.0,0.0,0.0011,0.1704,0.2934,1,0.29338,1.1819,1.1819,120640,0
1778496839.283324,-0.079,-0.29,0.35,1,0.4223,0.6278,-0.005,0.0,0.0,0.0011,0.1426,0.2786,1,0.27864,1.2442,1.2442,120640,0
1778496839.323598,-0.084,-0.29,0.35,1,1.1178,1.3732,-0.005,0.0,0.0,0.0007,0.1442,0.9729,1,0.97291,1.3106,1.3106,120640,0
1778496839.343726,-0.089,-0.29,0.35,1,0.7379,1.0176,-0.005,0.0,0.0,0.0016,0.244,0.4923,1,0.49233,1.3809,1.3809,120640,0
1778496839.383882,-0.094,-0.29,0.35,1,0.5059,0.7446,-0.005,0.0,0.0,0.0009,0.1746,0.3304,1,0.3304,1.4549,1.4549,120640,0
1778496839.403964,-0.099,-0.29,0.35,1,0.4006,0.5822,-0.005,0.0,0.0,0.0007,0.1351,0.2647,1,0.26473,1.5321,1.5321,120640,0
1778496839.444186,-0.104,-0.29,0.35,1,0.4608,0.6807,-0.005,0.0,0.0,0.0012,0.1633,0.2963,1,0.2963,1.6123,1.6123,120644,0
1778496839.464271,-0.109,-0.29,0.35,1,0.4332,0.6426,-0.005,0.0,0.0,0.0007,0.1472,0.2853,1,0.28534,1.6952,1.6952,120644,0
1778496839.504443,-0.114,-0.29,0.35,1,0.4873,0.6996,-0.005,0.0,0.0,0.0011,0.1565,0.3297,1,0.32974,1.7806,1.7806,120656,0
1778496839.544745,-0.119,-0.29,0.35,1,0.4928,0.7199,-0.005,0.0,0.0,0.001,0.1818,0.3099,1,0.30993,1.868,1.868,120656,0
1778496839.56497,-0.124,-0.29,0.35,1,0.4819,0.6778,-0.005,0.0,0.0,0.001,0.1724,0.3084,1,0.30844,1.9574,1.9574,120656,0
1778496839.605187,-0.129,-0.29,0.35,1,0.4666,0.6776,-0.005,0.0,0.0,0.0004,0.1782,0.288,1,0.28795,2.0483,2.0483,120656,0
1778496839.625299,-0.134,-0.29,0.35,1,0.4789,0.6907,-0.005,0.0,0.0,0.0011,0.157,0.3207,1,0.32073,2.1408,2.1408,120656,0
1778496839.665515,-0.139,-0.29,0.35,1,0.4893,0.7108,-0.005,0.0,0.0,0.001,0.1697,0.3187,1,0.31865,2.2345,2.2345,120660,0
1778496839.685703,-0.144,-0.29,0.35,1,0.4436,0.6441,-0.005,0.0,0.0,0.0009,0.1567,0.2859,1,0.28594,2.3293,2.3293,120660,0
1778496839.726026,-0.149,-0.29,0.35,1,0.4441,0.6394,-0.005,0.0,0.0,0.0011,0.1666,0.2763,1,0.27633,2.4253,2.4253,120660,0
1778496839.746134,-0.154,-0.29,0.35,1,0.512,0.7246,-0.005,0.0,0.0,0.0012,0.187,0.3238,1,0.3238,2.5226,2.5226,120660,0
1778496839.786544,-0.159,-0.29,0.35,1,25.8435,27.591,-0.005,0.0,0.0,0.0009,0.176,25.6666,250,0.10267,3.8386,3.8386,120660,1
1778496839.815428,-0.164,-0.29,0.35,1,23.5853,26.2479,-0.005,0.0,0.0,0.0004,0.1085,23.4764,250,0.09391,5.9816,5.9816,120668,1
1778496839.842211,-0.164,-0.29,0.35,0,13.8404,14.5091,-0.005,0.0,0.0,0.0005,0.0913,13.7486,250,0.05499,15.0384,15.0384,120668,0
1778496839.862313,-0.164,-0.29,0.35,0,15.982,19.3112,-0.005,0.0,0.0,0.0004,0.0839,15.8976,250,0.06359,15.0384,15.0384,120672,0
1778496839.902481,-0.164,-0.29,0.35,0,17.5761,18.9765,-0.005,0.0,0.0,0.0009,0.1496,17.4257,250,0.0697,15.0384,15.0384,120672,0
1778496839.922547,-0.164,-0.29,0.35,0,18.1314,18.2777,-0.005,0.0,0.0,0.0005,0.0986,18.0323,250,0.07213,15.0384,15.0384,120672,0
1778496839.963464,-0.164,-0.29,0.35,0,14.3409,15.0611,-0.005,0.0,0.0,0.0007,0.126,14.2143,250,0.05686,15.0384,15.0384,120672,0
1778496839.983549,-0.164,-0.29,0.35,0,17.2856,18.2872,-0.005,0.0,0.0,0.0003,0.0603,17.225,250,0.0689,15.0384,15.0384,120672,0
1778496840.023736,-0.164,-0.29,0.35,0,20.2025,23.6303,-0.005,0.0,0.0,0.0007,0.1726,20.0291,250,0.08012,15.0384,15.0384,120672,1
1778496840.067963,-0.164,-0.29,0.35,0,26.2809,30.0339,-0.005,0.0,0.0,0.0009,0.1651,26.1149,250,0.10446,15.0384,15.0384,120672,1
1778496840.098372,-0.164,-0.29,0.35,0,17.2559,18.2634,-0.005,0.0,0.0,0.0005,0.1212,17.1341,250,0.06854,15.0384,15.0384,120672,0
1778496840.118447,-0.164,-0.29,0.35,0,9.3773,10.2067,-0.005,0.0,0.0,0.0002,0.0585,9.3186,250,0.03727,15.0384,15.0384,120672,0
1778496840.140601,-0.164,-0.29,0.35,0,11.0728,11.8708,-0.005,0.0,0.0,0.0006,0.1131,10.9592,250,0.04384,15.0384,15.0384,120676,0
1778496840.18087,-0.164,-0.29,0.35,0,19.2611,22.8042,-0.005,0.0,0.0,0.0009,0.1576,19.1025,250,0.07641,15.0384,15.0384,120676,1
1778496840.204039,-0.164,-0.29,0.35,0,22.1592,23.0393,-0.005,0.0,0.0,0.0007,0.1184,22.0401,250,0.08816,15.0384,15.0384,120676,1
1778496840.227258,-0.164,-0.29,0.35,0,10.1479,10.4615,-0.005,0.0,0.0,0.0004,0.0579,10.0896,250,0.04036,15.0384,15.0384,120676,0
1778496840.270526,-0.164,-0.29,0.35,0,20.6827,21.5253,-0.005,0.0,0.0,0.0009,0.1613,20.5205,250,0.08208,15.0384,15.0384,120688,1
1778496840.292612,-0.164,-0.29,0.35,0,9.742,12.3839,-0.005,0.0,0.0,0.0003,0.0484,9.6933,250,0.03877,15.0384,15.0384,120688,0
1778496840.332857,-0.164,-0.29,0.35,0,20.3446,22.0781,-0.005,0.0,0.0,0.0007,0.1599,20.184,250,0.08074,15.0384,15.0384,120688,1
1778496840.355243,-0.164,-0.29,0.35,0,15.7992,18.3794,-0.005,0.0,0.0,0.0005,0.0956,15.7031,250,0.06281,15.0384,15.0384,120688,0
1778496840.375359,-0.164,-0.29,0.35,0,10.7521,11.3307,-0.005,0.0,0.0,0.0003,0.0785,10.6733,250,0.04269,15.0384,15.0384,120692,0
1778496840.415646,-0.164,-0.29,0.35,0,26.2807,27.1972,-0.005,0.0,0.0,0.0012,0.2184,26.0611,250,0.10424,15.0384,15.0384,120692,1
1778496840.443055,-0.164,-0.29,0.35,0,9.7964,10.7679,-0.005,0.0,0.0,0.0003,0.0489,9.7472,250,0.03899,15.0384,15.0384,120692,0
1778496840.523536,-0.159,-0.29,0.35,1,25.385,26.0915,0.005,0.0,0.0,0.001,0.1789,25.2052,250,0.10082,3.8386,3.8386,120692,1
1778496841.033273,-0.154,-0.29,0.35,1,0.5477,0.7501,0.005,0.0,0.0,0.0008,0.1759,0.371,1,0.37095,2.998,2.998,120696,0
1778496841.053456,-0.149,-0.29,0.35,1,0.5576,0.8096,0.005,0.0,0.0,0.0009,0.1838,0.3728,1,0.37283,2.5325,2.5325,120696,0
1778496841.093736,-0.144,-0.29,0.35,1,0.4641,0.6575,0.005,0.0,0.0,0.0009,0.174,0.2892,1,0.28917,2.5624,2.5624,120696,0
1778496841.113829,-0.139,-0.29,0.35,1,0.4729,0.6792,0.005,0.0,0.0,0.0007,0.1691,0.3031,1,0.30311,2.4323,2.4323,120696,0
1778496841.153997,-0.134,-0.29,0.35,1,0.4247,0.603,0.005,0.0,0.0,0.0008,0.1486,0.2752,1,0.27522,2.3558,2.3558,120700,0
1778496841.174087,-0.129,-0.29,0.35,1,0.4991,0.7192,0.005,0.0,0.0,0.0008,0.1604,0.3379,1,0.33789,2.2669,2.2669,120700,0
1778496841.214294,-0.124,-0.29,0.35,1,0.4273,0.8236,0.005,0.0,0.0,0.001,0.1462,0.2801,1,0.28011,2.1822,2.1822,120700,0
1778496841.234394,-0.119,-0.29,0.35,1,0.4761,0.664,0.005,0.0,0.0,0.0008,0.173,0.3023,1,0.30234,2.0976,2.0976,120700,0
1778496841.274693,-0.114,-0.29,0.35,1,0.4675,0.6728,0.005,0.0,0.0,0.001,0.1841,0.2824,1,0.2824,2.0142,2.0142,120700,0
1778496841.294799,-0.109,-0.29,0.35,1,0.4768,0.6751,0.005,0.0,0.0,0.0014,0.1742,0.3011,1,0.30111,1.932,1.932,120700,0
1778496841.334987,-0.104,-0.29,0.35,1,0.4545,0.6544,0.005,0.0,0.0,0.0011,0.1687,0.2847,1,0.28471,1.8512,1.8512,120700,0
1778496841.355184,-0.099,-0.29,0.35,1,0.456,0.666,0.005,0.0,0.0,0.0007,0.1482,0.3071,1,0.30706,1.772,1.772,120704,0
1778496841.395405,-0.094,-0.29,0.35,1,0.4753,0.6699,0.005,0.0,0.0,0.001,0.1692,0.3051,1,0.30512,1.6947,1.6947,120704,0
1778496841.415596,-0.089,-0.29,0.35,1,0.5274,0.762,0.005,0.0,0.0,0.0013,0.1846,0.3415,1,0.34147,1.6194,1.6194,120704,0
1778496841.455988,-0.084,-0.29,0.35,1,0.4924,0.7174,0.005,0.0,0.0,0.0014,0.1558,0.3352,1,0.33523,1.5464,1.5464,120704,0
1778496841.476061,-0.079,-0.29,0.35,1,0.4736,0.6702,0.005,0.0,0.0,0.0006,0.16,0.313,1,0.31298,1.476,1.476,120716,0
1778496841.516276,-0.074,-0.29,0.35,1,0.452,0.6555,0.005,0.0,0.0,0.0011,0.1698,0.2812,1,0.28115,1.4083,1.4083,120716,0
1778496841.536356,-0.069,-0.29,0.35,1,0.4297,0.6124,0.005,0.0,0.0,0.0006,0.1458,0.2833,1,0.28328,1.3436,1.3436,120716,0
1778496841.576576,-0.064,-0.29,0.35,1,0.4666,0.6735,0.005,0.0,0.0,0.0006,0.1663,0.2996,1,0.29963,1.2822,1.2822,120716,0
1778496841.616889,-0.059,-0.29,0.35,1,0.4576,1.337,0.005,0.0,0.0,0.0011,0.1584,0.2981,1,0.29806,1.2242,1.2242,120716,0
1778496841.637121,-0.054,-0.29,0.35,1,0.3631,1.3289,0.005,0.0,0.0,0.0005,0.1636,0.199,1,0.19903,1.1698,1.1698,120720,0
1778496841.677927,-0.049,-0.29,0.35,1,0.3128,2.7966,0.005,0.0,0.0,0.0005,0.1139,0.1985,1,0.19847,1.1193,1.1193,120720,0
1778496841.698028,-0.044,-0.29,0.35,1,0.458,0.6322,0.005,0.0,0.0,0.0007,0.1475,0.3097,1,0.30968,1.0727,1.0727,120720,0
1778496841.738226,-0.039,-0.29,0.35,1,0.419,0.6266,0.005,0.0,0.0,0.0007,0.1441,0.2741,1,0.27413,1.0303,1.0303,120720,0
1778496841.758344,-0.034,-0.29,0.35,1,0.484,0.6916,0.005,0.0,0.0,0.0015,0.1752,0.3073,1,0.3073,0.992,0.992,120720,0
1778496841.79869,-0.029,-0.29,0.35,1,0.4542,0.6514,0.005,0.0,0.0,0.0011,0.1647,0.2883,1,0.28832,0.9578,0.9578,120720,0
1778496841.818886,-0.024,-0.29,0.35,1,0.4874,0.6992,0.005,0.0,0.0,0.0012,0.1763,0.3099,1,0.30994,0.9277,0.9277,120720,0
1778496841.859078,-0.019,-0.29,0.35,1,0.4895,0.727,0.005,0.0,0.0,0.0009,0.1732,0.3153,1,0.31535,0.9017,0.9017,120724,0
1778496841.879202,-0.014,-0.29,0.35,1,0.5655,0.8075,0.005,0.0,0.0,0.0013,0.2046,0.3596,1,0.35959,0.8794,0.8794,120724,0
1778496841.919519,-0.009,-0.29,0.35,1,0.506,0.735,0.005,0.0,0.0,0.0011,0.1839,0.321,1,0.32101,0.8608,0.8608,120724,0
1778496841.939712,-0.004,-0.29,0.35,1,0.4279,0.6173,0.005,0.0,0.0,0.001,0.1519,0.275,1,0.27504,0.8454,0.8454,120724,0
1778496841.979997,0.001,-0.29,0.35,1,0.4779,0.6923,0.005,0.0,0.0,0.001,0.1799,0.297,1,0.29698,0.833,0.833,120724,0
1778496842.000087,0.006,-0.29,0.35,1,0.513,0.7063,0.005,0.0,0.0,0.001,0.166,0.346,1,0.34604,0.8233,0.8233,120732,0
1778496842.0403,0.011,-0.29,0.35,1,0.5432,0.7645,0.005,0.0,0.0,0.0011,0.1793,0.3629,1,0.3629,0.816,0.816,120732,0
1778496842.060389,0.016,-0.29,0.35,1,0.4634,0.6439,0.005,0.0,0.0,0.0008,0.1645,0.298,1,0.29804,0.8107,0.8107,120732,0
1778496842.100839,0.021,-0.29,0.35,1,0.4629,0.6702,0.005,0.0,0.0,0.0008,0.1578,0.3043,1,0.30428,0.8071,0.8071,120740,0
1778496842.121234,0.026,-0.29,0.35,1,0.4376,0.6363,0.005,0.0,0.0,0.001,0.1536,0.283,1,0.28299,0.8052,0.8052,120740,0
1778496842.161428,0.031,-0.29,0.35,1,0.4416,0.6359,0.005,0.0,0.0,0.0011,0.1469,0.2936,1,0.29361,0.8048,0.8048,120740,0
1778496842.181612,0.036,-0.29,0.35,1,0.4768,0.6724,0.005,0.0,0.0,0.0013,0.1819,0.2937,1,0.29367,0.8058,0.8058,120740,0
1778496842.22185,0.041,-0.29,0.35,1,0.4922,0.6985,0.005,0.0,0.0,0.0004,0.1152,0.3766,1,0.37657,0.8084,0.8084,120740,0
1778496842.241951,0.046,-0.29,0.35,1,0.5047,0.7266,0.005,0.0,0.0,0.0008,0.1739,0.3299,1,0.32994,0.8138,0.8138,120740,0
1778496842.283056,0.051,-0.29,0.35,1,0.3077,0.4172,0.005,0.0,0.0,0.0004,0.1105,0.1968,1,0.1968,0.8212,0.8212,120740,0
1778496842.30331,0.056,-0.29,0.35,1,0.31,0.4393,0.005,0.0,0.0,0.0003,0.1126,0.1971,1,0.19713,0.8302,0.8302,120740,0
1778496842.343681,0.061,-0.29,0.35,1,0.4722,0.6832,0.005,0.0,0.0,0.0009,0.1681,0.3033,1,0.30328,0.8407,0.8407,120740,0
1778496842.363791,0.066,-0.29,0.35,1,0.4901,0.7178,0.005,0.0,0.0,0.0009,0.1746,0.3146,1,0.31464,0.8528,0.8528,120744,0
1778496842.404105,0.071,-0.29,0.35,1,0.4667,0.7126,0.005,0.0,0.0,0.0009,0.1568,0.309,1,0.30895,0.8667,0.8667,120744,0
1778496842.42421,0.076,-0.29,0.35,1,0.4297,0.6388,0.005,0.0,0.0,0.0007,0.1536,0.2754,1,0.27538,0.8824,0.8824,120744,0
1778496842.4645,0.081,-0.29,0.35,1,0.4722,0.6752,0.005,0.0,0.0,0.001,0.1598,0.3113,1,0.31132,0.9001,0.9001,120744,0
1778496842.484723,0.086,-0.29,0.35,1,0.418,0.5918,0.005,0.0,0.0,0.0007,0.1479,0.2693,1,0.26934,0.9199,0.9199,120744,0
1778496842.525882,0.091,-0.29,0.35,1,0.4796,0.6912,0.005,0.0,0.0,0.0013,0.1598,0.3185,1,0.31849,0.9418,0.9418,120756,0
1778496842.545991,0.096,-0.29,0.35,1,0.5057,0.7347,0.005,0.0,0.0,0.0011,0.1788,0.3259,1,0.32586,0.9662,0.9662,120756,0
1778496842.586287,0.101,-0.29,0.35,1,0.5009,0.6954,0.005,0.0,0.0,0.0008,0.1897,0.3105,1,0.31046,0.993,0.993,120756,0
1778496842.606404,0.106,-0.29,0.35,1,0.5261,1.442,0.005,0.0,0.0,0.0012,0.1845,0.3403,1,0.34031,1.0226,1.0226,120764,0
1778496842.646612,0.111,-0.29,0.35,1,0.3727,0.5291,0.005,0.0,0.0,0.0006,0.1314,0.2407,1,0.24069,1.0551,1.0551,120764,0
1778496842.66672,0.116,-0.29,0.35,1,0.509,1.4214,0.005,0.0,0.0,0.0008,0.1797,0.3285,1,0.32853,1.0908,1.0908,120764,0
1778496842.706986,0.121,-0.29,0.35,1,0.5185,4.2806,0.005,0.0,0.0,0.0009,0.1765,0.3411,1,0.34113,1.1299,1.1299,120764,0
1778496842.727108,0.126,-0.29,0.35,1,0.3295,0.9516,0.005,0.0,0.0,0.0004,0.127,0.202,1,0.20203,1.1729,1.1729,120764,0
1778496842.767907,0.131,-0.29,0.35,1,0.3123,0.4483,0.005,0.0,0.0,0.0005,0.1171,0.1947,1,0.19471,1.2199,1.2199,120764,0
1778496842.788018,0.136,-0.29,0.35,1,0.2385,0.3302,0.005,0.0,0.0,0.0003,0.0836,0.1546,1,0.15459,1.2716,1.2716,120764,0
1778496842.828201,0.141,-0.29,0.35,1,0.2748,0.4061,0.005,0.0,0.0,0.0004,0.0976,0.1767,1,0.17672,1.3284,1.3284,120768,0
1778496842.84831,0.146,-0.29,0.35,1,0.4771,0.723,0.005,0.0,0.0,0.0003,0.0857,0.3911,1,0.3911,1.391,1.391,120768,0
1778496842.890022,0.151,-0.29,0.35,1,0.4889,0.7332,0.005,0.0,0.0,0.001,0.1633,0.3247,1,0.32467,1.4601,1.4601,120768,0
1778496842.910113,0.156,-0.29,0.35,1,0.4458,0.6636,0.005,0.0,0.0,0.0008,0.1583,0.2867,1,0.28675,1.5366,1.5366,120768,0
1778496842.950326,0.161,-0.29,0.35,1,0.545,0.7945,0.005,0.0,0.0,0.0009,0.1925,0.3517,1,0.35166,1.6217,1.6217,120768,0
1778496842.97043,0.166,-0.29,0.35,1,0.5078,0.7283,0.005,0.0,0.0,0.0012,0.176,0.3306,1,0.33064,1.7167,1.7167,120768,0
1778496843.010662,0.171,-0.29,0.35,1,0.5843,0.8191,0.005,0.0,0.0,0.0011,0.1864,0.3967,1,0.39672,1.8234,1.8234,120780,0
1778496843.030859,0.176,-0.29,0.35,1,0.4866,0.6987,0.005,0.0,0.0,0.0011,0.185,0.3005,1,0.30055,1.9439,1.9439,120780,0
1778496843.071088,0.181,-0.29,0.35,1,0.4774,0.6848,0.005,0.0,0.0,0.001,0.1731,0.3033,1,0.30329,2.0812,2.0812,120784,0
1778496843.091168,0.186,-0.29,0.35,1,0.4821,0.7061,0.005,0.0,0.0,0.0006,0.1723,0.3092,1,0.30916,2.2388,2.2388,120784,0
1778496843.131357,0.191,-0.29,0.35,1,0.4609,0.6614,0.005,0.0,0.0,0.0011,0.1647,0.2951,1,0.29512,2.4217,2.4217,120784,0
1778496843.151564,0.196,-0.29,0.35,1,0.4886,0.7125,0.005,0.0,0.0,0.0011,0.1719,0.3156,1,0.31565,2.6365,2.6365,120784,0
1778496843.191828,0.201,-0.29,0.35,1,0.4511,0.6316,0.005,0.0,0.0,0.001,0.1646,0.2855,1,0.28547,2.8924,2.8924,120784,0
1778496843.2119,0.206,-0.29,0.35,1,25.3627,27.3505,0.005,0.0,0.0,0.0011,0.1914,25.1702,250,0.10068,3.3109,3.3109,120784,1
1778496843.239666,0.211,-0.29,0.35,1,10.4795,10.8708,0.005,0.0,0.0,0.0003,0.0726,10.4066,250,0.04163,3.7407,3.7407,120784,0
1778496843.27983,0.216,-0.29,0.35,1,14.7375,15.3499,0.005,0.0,0.0,0.0007,0.1304,14.6064,250,0.05843,4.2896,4.2896,120784,0
1778496843.299905,0.221,-0.29,0.35,1,10.5029,11.0963,0.005,0.0,0.0,0.0008,0.0848,10.4173,250,0.04167,5.0043,5.0043,120792,0
1778496843.340055,0.226,-0.29,0.35,1,15.0955,15.6794,0.005,0.0,0.0,0.0007,0.1347,14.96,250,0.05984,5.946,5.946,120796,0
1778496843.36015,0.231,-0.29,0.35,1,10.8795,11.4387,0.005,0.0,0.0,0.0003,0.0603,10.8189,250,0.04328,7.1811,7.1811,120796,0
1778496843.400355,0.231,-0.29,0.35,0,18.2856,19.0653,0.005,0.0,0.0,0.0011,0.1675,18.117,250,0.07247,11.8423,11.8423,120796,0
1778496843.420419,0.231,-0.29,0.35,0,10.675,11.3779,0.005,0.0,0.0,0.0005,0.0707,10.6037,250,0.04241,11.8423,11.8423,120796,0
1778496843.460593,0.231,-0.29,0.35,0,28.5663,29.1542,0.005,0.0,0.0,0.0006,0.1432,28.4225,250,0.11369,11.8423,11.8423,120796,1
1778496843.490027,0.231,-0.29,0.35,0,13.8207,16.6933,0.005,0.0,0.0,0.0004,0.0847,13.7356,250,0.05494,11.8423,11.8423,120796,0
1778496843.510103,0.231,-0.29,0.35,0,10.1918,11.1348,0.005,0.0,0.0,0.0003,0.0683,10.1232,250,0.04049,11.8423,11.8423,120800,0
1778496843.550337,0.231,-0.29,0.35,0,17.2659,20.5901,0.005,0.0,0.0,0.0011,0.1676,17.0972,250,0.06839,11.8423,11.8423,120800,1
1778496843.591275,0.231,-0.29,0.35,0,18.5439,19.964,0.005,0.0,0.0,0.0008,0.1571,18.386,250,0.07354,11.8423,11.8423,120800,1
1778496843.611434,0.231,-0.29,0.35,0,9.9212,12.6813,0.005,0.0,0.0,0.0002,0.0448,9.8762,250,0.0395,11.8423,11.8423,120800,0
1778496843.631631,0.231,-0.29,0.35,0,10.2165,10.8039,0.005,0.0,0.0,0.0005,0.0773,10.1386,250,0.04055,11.8423,11.8423,120800,0
1778496843.671886,0.231,-0.29,0.35,0,15.8704,20.0236,0.005,0.0,0.0,0.0008,0.1579,15.7117,250,0.06285,11.8423,11.8423,120800,1
1778496843.692598,0.231,-0.29,0.35,0,10.2642,10.975,0.005,0.0,0.0,0.0007,0.056,10.2075,250,0.04083,11.8423,11.8423,120800,0
1778496843.732885,0.231,-0.29,0.35,0,19.2438,19.6143,0.005,0.0,0.0,0.0013,0.179,19.0636,250,0.07625,11.8423,11.8423,120800,0
1778496843.752926,0.231,-0.29,0.35,0,10.0045,10.6325,0.005,0.0,0.0,0.0003,0.0438,9.9604,250,0.03984,11.8423,11.8423,120800,0
1778496843.793257,0.231,-0.29,0.35,0,18.9561,20.4196,0.005,0.0,0.0,0.0011,0.1587,18.7963,250,0.07519,11.8423,11.8423,120804,1
1778496843.833991,0.231,-0.29,0.35,0,18.7393,19.6908,0.005,0.0,0.0,0.0007,0.1372,18.6014,250,0.07441,11.8423,11.8423,120816,0
1778496843.85495,0.231,-0.29,0.35,0,10.5216,11.1171,0.005,0.0,0.0,0.0005,0.0656,10.4555,250,0.04182,11.8423,11.8423,120816,0
1778496843.875043,0.231,-0.29,0.35,0,10.3507,11.2732,0.005,0.0,0.0,0.0008,0.0866,10.2633,250,0.04105,11.8423,11.8423,120816,0
1778496843.915258,0.231,-0.29,0.35,0,18.178,19.3916,0.005,0.0,0.0,0.0009,0.1486,18.0285,250,0.07211,11.8423,11.8423,120816,0
1778496843.935325,0.231,-0.29,0.35,0,10.1607,10.7952,0.005,0.0,0.0,0.0003,0.0415,10.1189,250,0.04048,11.8423,11.8423,120816,0
1778496843.975626,0.231,-0.29,0.35,0,18.0044,19.0246,0.005,0.0,0.0,0.0011,0.1769,17.8265,250,0.07131,11.8423,11.8423,120816,0
1778496843.9958,0.231,-0.29,0.35,0,10.1443,10.7337,0.005,0.0,0.0,0.0003,0.0565,10.0875,250,0.04035,11.8423,11.8423,120816,0
1778496844.036024,0.231,-0.29,0.35,0,13.8435,15.126,0.005,0.0,0.0,0.0008,0.1228,13.7199,250,0.05488,11.8423,11.8423,120820,0
1778496844.056144,0.231,-0.29,0.35,0,10.8344,13.6955,0.005,0.0,0.0,0.0011,0.104,10.7293,250,0.04292,11.8423,11.8423,120820,0
1778496844.096378,0.231,-0.29,0.35,0,21.42,25.0105,0.005,0.0,0.0,0.0004,0.1146,21.3049,250,0.08522,11.8423,11.8423,120820,1
1778496844.121791,0.231,-0.29,0.35,0,10.5177,11.221,0.005,0.0,0.0,0.0005,0.0551,10.4621,250,0.04185,11.8423,11.8423,120820,0
1778496844.161936,0.231,-0.29,0.35,0,20.252,22.0172,0.005,0.0,0.0,0.0006,0.1378,20.1136,250,0.08045,11.8423,11.8423,120820,1
1778496844.184125,0.231,-0.29,0.35,0,10.5298,11.085,0.005,0.0,0.0,0.0003,0.0483,10.4813,250,0.04193,11.8423,11.8423,120820,0
1778496844.224207,0.231,-0.29,0.35,0,17.898,19.7038,0.005,0.0,0.0,0.0008,0.1072,17.7901,250,0.07116,11.8423,11.8423,120820,0
1778496844.244227,0.231,-0.29,0.35,0,23.0983,24.4537,0.005,0.0,0.0,0.0006,0.112,22.9856,250,0.09194,11.8423,11.8423,120824,1
1778496844.369531,0.231,-0.295,0.35,1,22.4564,23.8299,0.0,-0.005,0.0,0.0011,0.1837,22.2716,250,0.08909,8.8373,8.8373,120824,1
1778496844.73606,0.231,-0.295,0.35,1,21.7856,23.926,0.0,0.0,-0.005,0.0013,0.176,21.6083,250,0.08643,8.8373,8.8373,120824,1
1778496845.243669,0.231,-0.295,0.35,1,24.7573,25.7199,0.0,0.0,-0.005,0.0012,0.1634,24.5927,250,0.09837,8.8373,8.8373,120836,1
1778496845.269892,0.231,-0.295,0.35,1,10.0912,10.5935,0.0,0.0,-0.005,0.0004,0.0591,10.0317,250,0.04013,8.8373,8.8373,120836,0
1778496845.290093,0.231,-0.295,0.35,1,10.2589,10.9877,0.0,0.0,-0.005,0.0004,0.059,10.1996,250,0.0408,8.8373,8.8373,120836,0
1778496845.330394,0.231,-0.295,0.35,1,13.5828,16.6763,0.0,0.0,-0.005,0.0006,0.1204,13.4618,250,0.05385,8.8373,8.8373,120836,0
1778496845.350496,0.231,-0.295,0.35,1,10.4305,10.9413,0.0,0.0,-0.005,0.0005,0.0724,10.3577,250,0.04143,8.8373,8.8373,120836,0
1778496845.390682,0.231,-0.295,0.35,1,17.2124,18.2352,0.0,0.0,-0.005,0.0008,0.1763,17.0353,250,0.06814,8.8373,8.8373,120836,0
1778496845.410751,0.231,-0.295,0.35,1,10.3397,11.0095,0.0,0.0,-0.005,0.0006,0.066,10.2731,250,0.04109,8.8373,8.8373,120836,0
1778496845.450964,0.231,-0.295,0.35,1,17.7705,17.8996,0.0,0.0,-0.005,0.001,0.1651,17.6044,250,0.07042,8.8373,8.8373,120840,0
1778496845.471026,0.231,-0.295,0.35,1,10.3061,11.0447,0.0,0.0,-0.005,0.0005,0.0535,10.2521,250,0.04101,8.8373,8.8373,120840,0
1778496845.511226,0.231,-0.295,0.35,1,17.1474,18.3167,0.0,0.0,-0.005,0.0007,0.1426,17.0041,250,0.06802,8.8373,8.8373,120840,0
1778496845.531312,0.231,-0.295,0.35,1,24.8291,26.2498,0.0,0.0,-0.005,0.0003,0.1361,24.6926,250,0.09877,8.8373,8.8373,120848,1
1778496845.579659,0.231,-0.295,0.35,1,11.5366,12.6144,0.0,0.0,-0.005,0.0004,0.121,11.4152,250,0.04566,8.8373,8.8373,120852,0
1778496845.59975,0.231,-0.295,0.35,1,12.2107,14.0323,0.0,0.0,-0.005,0.0004,0.1861,12.0241,250,0.0481,8.8373,8.8373,120852,0
1778496845.619827,0.231,-0.295,0.35,1,12.0342,12.7275,0.0,0.0,-0.005,0.0005,0.119,11.9148,250,0.04766,8.8373,8.8373,120856,0
1778496845.660065,0.231,-0.295,0.35,1,18.8741,20.7629,0.0,0.0,-0.005,0.0008,0.1662,18.7072,250,0.07483,8.8373,8.8373,120856,1
1778496845.68143,0.231,-0.295,0.35,1,13.8367,14.363,0.0,0.0,-0.005,0.0006,0.1063,13.7298,250,0.05492,8.8373,8.8373,120856,0
1778496845.721618,0.231,-0.295,0.35,1,17.6647,20.65,0.0,0.0,-0.005,0.0008,0.1639,17.5001,250,0.07,8.8373,8.8373,120856,1
