t,x,y,z,success,ik_ms,total_ms,dx,dy,dz,robot_ms,setup_ms,loop_ms,iterations,iter_ms,pos_err_mm,track_err_mm,mem_kb,deadline_missed
1778499293.940103,0.222918,-0.155989,0.484864,1,2.1804,2.4226,0.006918,-0.00249,0.006864,0.0014,1.3425,0.8365,2,0.41827,0.1834,0.1834,153932,0
1778499293.990205,0.229765,-0.159767,0.492795,1,0.4143,0.5903,0.013765,-0.006268,0.014795,0.0007,0.149,0.2646,1,0.26463,0.2986,0.2986,153948,0
1778499294.040309,0.233982,-0.161922,0.496796,1,0.4623,1.1277,0.017982,-0.008423,0.018795,0.0011,0.1712,0.2901,1,0.29008,0.2032,0.2032,153960,0
1778499294.090476,0.238039,-0.163706,0.500613,1,0.4653,1.229,0.022039,-0.010207,0.022613,0.0009,0.1836,0.2808,1,0.28079,0.2014,0.2014,153960,0
1778499294.14073,0.242476,-0.165815,0.503866,1,0.4018,1.3659,0.026476,-0.012316,0.025866,0.0009,0.1546,0.2462,1,0.24623,0.2107,0.2107,153960,0
1778499294.19144,0.250358,-0.169042,0.509513,1,0.4137,0.5848,0.034358,-0.015543,0.031513,0.001,0.1665,0.2462,1,0.24622,0.3241,0.3241,153964,0
1778499294.24155,0.25355,-0.169864,0.511967,1,0.4329,0.6326,0.03755,-0.016364,0.033967,0.0009,0.1738,0.2581,1,0.25812,0.2102,0.2102,153964,0
1778499294.291723,0.256627,-0.170499,0.514448,1,0.4733,0.6579,0.040627,-0.017,0.036447,0.0009,0.1575,0.3149,1,0.31487,0.2171,0.2171,153976,0
1778499294.341844,0.259243,-0.170779,0.516586,1,0.4405,0.6392,0.043243,-0.01728,0.038586,0.0008,0.161,0.2787,1,0.27871,0.2192,0.2192,153976,0
1778499294.393395,0.25,-0.15,0.5,1,0.4607,0.6797,0.047604,-0.017407,0.041904,0.001,0.1732,0.2865,1,0.28648,1.4021,1.4021,153976,0
1778499294.444808,0.25,-0.15,0.5,1,0.4903,0.6807,0.04932,-0.017218,0.04326,0.0008,0.1711,0.3184,1,0.31838,0.2408,0.2408,153976,0
1778499294.495022,0.25,-0.15,0.5,1,0.4084,0.612,0.05065,-0.016914,0.044404,0.0006,0.1589,0.2489,1,0.24886,0.2413,0.2413,153976,0
1778499294.545466,0.25,-0.15,0.5,1,0.4215,0.6264,0.052584,-0.016294,0.046228,0.0009,0.1666,0.2539,1,0.25392,0.242,0.242,153980,0
1778499294.595626,0.25,-0.15,0.55,1,0.6123,0.8011,0.053271,-0.016106,0.047005,0.001,0.1648,0.4465,2,0.22325,0.2931,0.2931,153996,0
1778499294.64588,0.25,-0.15,0.55,1,0.4448,1.4674,0.053957,-0.015999,0.047742,0.0006,0.177,0.2672,1,0.26722,0.2406,0.2406,153996,0
1778499294.695979,0.25,-0.15,0.55,1,0.4018,0.5932,0.054951,-0.015969,0.048639,0.0009,0.1518,0.2492,1,0.24915,0.2399,0.2399,154000,0
1778499294.746033,0.25,-0.15,0.55,1,0.4211,0.6296,0.057583,-0.016223,0.050736,0.001,0.1632,0.2568,1,0.25684,0.2392,0.2392,154000,0
1778499294.796138,0.3,-0.15,0.55,1,0.6148,0.8204,0.059966,-0.016789,0.052422,0.0009,0.1644,0.4495,2,0.22475,0.4531,0.4531,154000,0
1778499294.846241,0.3,-0.15,0.55,1,0.4913,0.6997,0.062846,-0.017644,0.054185,0.0011,0.1922,0.298,1,0.29797,0.3746,0.3746,154000,0
1778499294.896338,0.3,-0.15,0.55,1,0.4191,0.5997,0.06612,-0.018602,0.056172,0.0007,0.1622,0.2562,1,0.25623,0.3746,0.3746,154000,0
1778499294.94643,0.291122,-0.174741,0.539459,1,0.4501,0.6507,0.075122,-0.021242,0.061458,0.001,0.181,0.2681,1,0.2681,1.5357,1.5357,154000,0
1778499294.996537,0.296946,-0.176647,0.542563,1,0.4724,0.6757,0.080946,-0.023148,0.064562,0.001,0.1765,0.295,1,0.29496,0.4447,0.4447,154000,0
1778499295.046636,0.303265,-0.178697,0.545811,1,0.5428,0.7757,0.087265,-0.025198,0.067811,0.0013,0.2047,0.3368,1,0.33684,0.4538,0.4538,154000,0
1778499295.096872,0.310146,-0.18099,0.5495,1,0.3835,0.5689,0.094146,-0.027491,0.0715,0.0008,0.1408,0.2419,1,0.24189,0.5139,0.5139,154004,0
1778499295.146956,0.323511,-0.184754,0.556883,1,0.4258,0.6312,0.107511,-0.031255,0.078883,0.0009,0.1635,0.2613,1,0.26132,0.9268,0.9268,154008,0
1778499295.197058,0.329333,-0.186286,0.560642,1,0.4017,0.5979,0.113333,-0.032787,0.082641,0.0008,0.1515,0.2495,1,0.24951,0.6308,0.6308,154008,0
1778499295.24716,0.334653,-0.187481,0.564431,1,0.4414,0.6289,0.118653,-0.033982,0.086431,0.0012,0.1731,0.2671,1,0.26707,0.6649,0.6649,154008,0
1778499295.297278,0.340082,-0.188742,0.568354,1,0.524,0.734,0.124082,-0.035243,0.090354,0.0011,0.1922,0.3306,1,0.33061,0.7176,0.7176,154008,0
1778499295.347372,0.352441,-0.192694,0.575445,1,0.4051,0.5964,0.136441,-0.039195,0.097444,0.001,0.1481,0.256,1,0.25599,1.1904,1.1904,154008,0
1778499295.397483,0.358833,-0.195164,0.578501,1,0.4938,0.6856,0.142833,-0.041664,0.100501,0.0007,0.1906,0.3024,1,0.30245,0.9937,0.9937,154008,0
1778499295.447676,0.364835,-0.197691,0.581411,1,0.4473,0.6607,0.148835,-0.044191,0.103411,0.0009,0.1586,0.2878,1,0.28779,1.0787,1.0787,154012,0
1778499295.497853,0.369924,-0.199846,0.583975,1,0.4142,0.6064,0.153924,-0.046347,0.105975,0.001,0.1614,0.2518,1,0.25181,1.1458,1.1458,154016,0
1778499295.547953,0.378643,-0.203611,0.588857,1,0.4406,0.6798,0.162643,-0.050112,0.110856,0.0008,0.1526,0.2873,1,0.28727,1.5152,1.5152,154016,0
1778499295.599082,0.382853,-0.204977,0.591089,1,0.2656,0.3747,0.166853,-0.051478,0.113089,0.0004,0.1021,0.1631,1,0.16312,1.4318,1.4318,154016,0
1778499295.649323,0.387408,-0.206097,0.59314,1,0.2684,0.3855,0.171408,-0.052597,0.11514,0.0005,0.1069,0.161,1,0.16101,1.5787,1.5787,154016,0
1778499295.699491,0.39317,-0.207293,0.59517,1,0.2742,0.3971,0.17717,-0.053794,0.117169,0.0004,0.1075,0.1663,1,0.1663,1.8501,1.8501,154016,0
1778499295.749596,0.407374,-0.210247,0.59976,1,0.6442,0.836,0.191374,-0.056748,0.12176,0.0013,0.1791,0.4637,2,0.23185,2.7038,2.7038,154028,0
1778499295.799745,0.41506,-0.211255,0.602931,1,24.0082,25.5826,0.19906,-0.057755,0.124931,0.0007,0.1451,23.8623,250,0.09545,3.7645,3.7645,154040,0
1778499295.849844,0.422078,-0.211523,0.606227,1,21.3865,22.5363,0.206078,-0.058024,0.128226,0.0008,0.1477,21.238,250,0.08495,5.4532,5.4532,154040,0
1778499295.899954,0.4,-0.2,0.6,1,0.5943,1.54,0.213276,-0.058052,0.131612,0.0007,0.1596,0.434,3,0.14468,1.995,1.995,154044,0
1778499295.950046,0.4,-0.2,0.6,1,0.3918,0.5829,0.22729,-0.05889,0.136937,0.0007,0.1488,0.2422,1,0.24218,1.9779,1.9779,154044,0
1778499296.000179,0.4,-0.2,0.6,1,0.4231,0.6066,0.233306,-0.059008,0.138675,0.0009,0.1691,0.2531,1,0.25315,1.9653,1.9653,154044,0
1778499296.050267,0.4,-0.2,0.6,1,0.4401,1.1027,0.23854,-0.058801,0.140177,0.0007,0.1568,0.2825,1,0.28254,1.959,1.959,154044,0
1778499296.100363,0.4,-0.2,0.6,1,0.4092,0.6024,0.242733,-0.058503,0.14143,0.0011,0.148,0.2601,1,0.26009,1.9523,1.9523,154044,0
1778499296.150558,0.4,-0.2,0.6,1,0.4131,0.6167,0.249472,-0.056803,0.143326,0.0009,0.1569,0.2553,1,0.2553,1.9401,1.9401,154044,0
1778499296.201472,0.4,-0.2,0.6,1,0.4955,0.6916,0.251339,-0.055782,0.144469,0.001,0.1941,0.3004,1,0.30042,1.9381,1.9381,154044,0
1778499296.251685,0.4,-0.2,0.6,1,0.4635,0.9486,0.252114,-0.054738,0.145754,0.0009,0.1596,0.303,1,0.30299,1.9374,1.9374,154044,0
1778499296.301878,0.4,-0.2,0.6,1,0.3836,0.5594,0.252112,-0.053851,0.146775,0.0008,0.1381,0.2448,1,0.24477,1.9378,1.9378,154048,0
1778499296.351962,0.4,-0.2,0.65,1,0.5365,0.7397,0.24982,-0.053229,0.147343,0.0006,0.1447,0.3912,2,0.19558,1.5858,1.5858,154048,0
1778499296.403489,0.4,-0.2,0.6,1,0.577,0.7737,0.247143,-0.053769,0.14649,0.0009,0.1767,0.3994,2,0.19969,1.9332,1.9332,154048,0
1778499296.453678,0.4,-0.2,0.6,1,0.4424,0.6578,0.244148,-0.054753,0.14509,0.0008,0.1616,0.2799,1,0.27995,1.9498,1.9498,154124,0
1778499296.503859,0.4,-0.2,0.6,1,0.4452,1.1872,0.24033,-0.055986,0.143289,0.0008,0.153,0.2914,1,0.29136,1.9507,1.9507,154124,0
1778499296.553932,0.4,-0.2,0.6,1,0.4225,0.6088,0.22882,-0.057506,0.138493,0.0007,0.1477,0.2741,1,0.27412,1.9652,1.9652,154136,0
1778499296.604013,0.4,-0.2,0.6,1,0.4489,0.6408,0.221452,-0.057824,0.135129,0.0009,0.1609,0.287,1,0.28699,1.9716,1.9716,154136,0
1778499296.654118,0.4,-0.2,0.6,1,0.4737,0.6967,0.213525,-0.057897,0.131177,0.0009,0.1665,0.3063,1,0.30635,1.98,1.98,154136,0
1778499296.704456,0.421155,-0.211528,0.604762,1,30.4801,31.366,0.205155,-0.058029,0.126762,0.0008,0.1874,30.2919,250,0.12117,5.2112,5.2112,154148,0
1778499296.754614,0.40353,-0.210805,0.595865,1,0.6763,0.8345,0.18753,-0.057306,0.117865,0.001,0.1354,0.5399,3,0.17998,2.4442,2.4442,154148,0
1778499296.804794,0.393718,-0.209729,0.591575,1,0.5484,0.7259,0.177718,-0.05623,0.113574,0.001,0.1534,0.3939,2,0.19696,1.8266,1.8266,154148,0
1778499296.854861,0.384159,-0.208612,0.587722,1,0.4326,0.6231,0.168159,-0.055113,0.109721,0.0008,0.1598,0.272,1,0.27197,2.2572,2.2572,154148,0
1778499296.905105,0.364139,-0.205887,0.580444,1,0.5936,0.8002,0.148139,-0.052388,0.102444,0.0008,0.1518,0.441,2,0.22051,1.0144,1.0144,154148,0
1778499296.955193,0.353863,-0.204391,0.577273,1,0.4215,0.6051,0.137863,-0.050892,0.099273,0.0007,0.1492,0.2716,1,0.27156,1.2434,1.2434,154148,0
1778499297.005287,0.34308,-0.202612,0.574094,1,0.4053,0.5701,0.12708,-0.049113,0.096093,0.0007,0.1507,0.254,1,0.25399,1.0155,1.0155,154148,0
1778499297.055383,0.331343,-0.200015,0.570871,1,0.4106,0.5936,0.115343,-0.046516,0.092871,0.0011,0.1565,0.253,1,0.25298,0.9026,0.9026,154148,0
1778499297.105574,0.310015,-0.195228,0.565007,1,0.3922,0.5832,0.094015,-0.041729,0.087007,0.0008,0.142,0.2494,1,0.24937,1.518,1.518,154152,0
1778499297.155771,0.299146,-0.192848,0.562545,1,0.3959,0.5819,0.083146,-0.039349,0.084545,0.0008,0.1441,0.251,1,0.25104,0.4737,0.4737,154152,0
1778499297.205936,0.289098,-0.190727,0.560092,1,0.4514,0.6413,0.073098,-0.037227,0.082092,0.0007,0.1665,0.2842,1,0.28421,0.3889,0.3889,154152,0
1778499297.256027,0.27964,-0.189081,0.557396,1,0.4093,0.6049,0.06364,-0.035582,0.079396,0.0009,0.157,0.2514,1,0.25141,0.3092,0.3092,154152,0
1778499297.306126,0.261642,-0.18637,0.551718,1,0.469,0.667,0.045642,-0.032871,0.073718,0.0012,0.1694,0.2984,1,0.29841,0.7629,0.7629,154152,0
1778499297.356229,0.252863,-0.185832,0.548576,1,0.4535,0.6455,0.036863,-0.032333,0.070575,0.0008,0.1587,0.294,1,0.29402,0.1567,0.1567,154160,0
1778499297.406325,0.244018,-0.185876,0.545181,1,0.4175,0.5995,0.028018,-0.032377,0.067181,0.0009,0.1579,0.2587,1,0.2587,0.1404,0.1404,154160,0
1778499297.456421,0.235767,-0.185992,0.541612,1,0.4379,0.618,0.019767,-0.032493,0.063612,0.0007,0.1645,0.2728,1,0.27281,0.1062,0.1062,154160,0
1778499297.506613,0.218456,-0.185806,0.535026,1,0.4043,0.5824,0.002456,-0.032307,0.057025,0.0008,0.1464,0.2571,1,0.2571,0.6798,0.6798,154164,0
1778499297.556783,0.209324,-0.185485,0.532119,1,0.4159,0.5954,-0.006676,-0.031986,0.054118,0.0009,0.1655,0.2495,1,0.24948,0.1268,0.1268,154164,0
1778499297.607043,0.199993,-0.184914,0.52969,1,0.4918,0.7296,-0.016007,-0.031415,0.05169,0.0012,0.1743,0.3163,1,0.31629,0.1611,0.1611,154164,0
1778499297.657134,0.19039,-0.184186,0.527471,1,0.4396,0.6196,-0.02561,-0.030687,0.049471,0.0009,0.1595,0.2791,1,0.27913,0.1946,0.1946,154164,0
1778499297.707256,0.15,-0.2,0.5,1,0.5392,0.7235,-0.043742,-0.029601,0.046403,0.0009,0.1425,0.3958,2,0.19792,0.2415,0.2415,154164,0
1778499297.757361,0.15,-0.2,0.5,1,0.4212,0.6231,-0.051317,-0.029006,0.045279,0.0008,0.1506,0.2698,1,0.26984,0.2913,0.2913,154164,0
1778499297.807466,0.15,-0.2,0.5,1,0.4143,0.6071,-0.057792,-0.027994,0.044271,0.0007,0.1589,0.2546,1,0.25465,0.2914,0.2914,154164,0
1778499297.857568,0.15296,-0.180219,0.521388,1,0.2494,0.3772,-0.06304,-0.02672,0.043388,0.0008,0.107,0.1416,1,0.1416,1.8186,1.8186,154164,0
1778499297.907636,0.15,-0.2,0.5,1,0.2441,0.3661,-0.07324,-0.023738,0.041722,0.0004,0.1043,0.1394,1,0.13938,1.872,1.872,154168,0
1778499297.957835,0.15,-0.2,0.5,1,0.3246,0.4827,-0.078305,-0.022264,0.041114,0.0007,0.1251,0.1988,1,0.19884,0.2872,0.2872,154168,0
1778499298.007935,0.15,-0.15,0.5,1,0.5522,0.7345,-0.083767,-0.021014,0.040822,0.0007,0.1604,0.3911,2,0.19555,0.2633,0.2633,154168,0
1778499298.05803,0.15,-0.15,0.5,1,0.4226,0.6288,-0.089596,-0.019732,0.040676,0.001,0.1607,0.2609,1,0.26086,0.2772,0.2772,154168,0
1778499298.108107,0.1,-0.15,0.5,1,0.6362,0.8383,-0.101268,-0.01729,0.04013,0.0008,0.1628,0.4726,2,0.23628,0.3542,0.3542,154168,0
1778499298.158212,0.109777,-0.16989,0.517719,1,0.405,0.5948,-0.106223,-0.016391,0.039719,0.0009,0.1464,0.2577,1,0.25771,1.7202,1.7202,154168,0
1778499298.208315,0.106237,-0.169581,0.517483,1,0.411,0.6352,-0.109763,-0.016082,0.039483,0.0009,0.1517,0.2585,1,0.25849,0.4402,0.4402,154172,0
1778499298.258427,0.104083,-0.1698,0.517485,1,0.4638,0.6766,-0.111917,-0.016301,0.039485,0.0009,0.179,0.284,1,0.28398,0.4693,0.4693,154172,0
1778499298.308524,0.102651,-0.170935,0.517844,1,0.5212,0.7605,-0.113349,-0.017436,0.039844,0.0008,0.1903,0.33,1,0.33001,0.4788,0.4788,154176,0
1778499298.358723,0.102584,-0.171594,0.518113,1,0.4188,0.6102,-0.113416,-0.018095,0.040112,0.0006,0.146,0.2721,1,0.27215,0.481,0.481,154188,0
1778499298.40891,0.102901,-0.172264,0.518373,1,0.4326,0.6153,-0.113099,-0.018764,0.040373,0.0009,0.1636,0.2681,1,0.26808,0.4809,0.4809,154188,0
1778499298.459005,0.103724,-0.172834,0.51853,1,0.4544,0.6626,-0.112276,-0.019335,0.04053,0.0009,0.1658,0.2877,1,0.2877,0.4788,0.4788,154188,0
1778499298.509102,0.1,-0.15,0.5,1,0.4179,0.6134,-0.109716,-0.019956,0.04012,0.0008,0.1677,0.2494,1,0.24941,2.269,2.269,154188,0
1778499298.559204,0.1,-0.15,0.5,1,0.4251,0.6038,-0.108195,-0.02016,0.039897,0.001,0.1617,0.2623,1,0.26234,0.4354,0.4354,154188,0
1778499298.609306,0.1,-0.15,0.5,1,0.4198,0.6104,-0.106405,-0.020562,0.039995,0.0009,0.1602,0.2586,1,0.25864,0.4331,0.4331,154188,0
1778499298.659401,0.1,-0.15,0.5,1,0.4573,0.6398,-0.104217,-0.021144,0.040361,0.0009,0.1696,0.2868,1,0.28681,0.4332,0.4332,154200,0
1778499298.709602,0.1,-0.2,0.5,1,0.5509,0.7499,-0.098416,-0.022648,0.04167,0.0006,0.1551,0.3952,2,0.19759,0.4194,0.4194,154204,0
1778499298.759701,0.1,-0.2,0.5,1,0.4015,0.5855,-0.095051,-0.023251,0.042489,0.0006,0.1489,0.252,1,0.25204,0.5028,0.5028,154204,0
1778499298.809829,0.1,-0.2,0.5,1,0.4567,0.6444,-0.091095,-0.023846,0.043354,0.0007,0.1771,0.2789,1,0.27895,0.5068,0.5068,154204,0
1778499298.859993,0.15,-0.2,0.5,1,0.6006,1.6616,-0.08699,-0.024509,0.044234,0.0009,0.169,0.4306,2,0.21532,0.201,0.201,154204,0
1778499298.910157,0.15,-0.2,0.5,1,0.407,3.1866,-0.078873,-0.026116,0.046347,0.0008,0.1468,0.2595,1,0.25948,0.2845,0.2845,154204,0
1778499298.960283,0.15,-0.2,0.55,1,0.6337,1.5273,-0.074996,-0.026761,0.048022,0.0007,0.1659,0.4671,2,0.23356,0.3551,0.3551,154204,0
1778499299.010376,0.15,-0.2,0.55,1,0.4104,1.4091,-0.070962,-0.026626,0.049742,0.0009,0.1382,0.2714,1,0.27141,0.4102,0.4102,154204,0
1778499299.060476,0.150082,-0.179805,0.529767,1,0.4047,1.5096,-0.065918,-0.026306,0.051767,0.0006,0.1542,0.2498,1,0.24984,1.9222,1.9222,154204,0
1778499299.110752,0.160939,-0.179495,0.533597,1,0.4195,1.2272,-0.055061,-0.025996,0.055597,0.0009,0.1677,0.251,1,0.25095,0.323,0.323,154208,0
1778499299.161186,0.166305,-0.179724,0.535428,1,0.4565,0.6566,-0.049695,-0.026225,0.057427,0.001,0.1713,0.2842,1,0.28422,0.2373,0.2373,154208,0
1778499299.211524,0.15,-0.2,0.55,1,0.455,0.6663,-0.044448,-0.027019,0.059315,0.0008,0.1566,0.2976,1,0.2976,2.8058,2.8058,154216,0
1778499299.261603,0.2,-0.2,0.55,1,0.6113,0.7869,-0.039394,-0.028177,0.061062,0.0008,0.1513,0.4591,2,0.22956,0.2173,0.2173,154216,0
1778499299.312216,0.187486,-0.184982,0.543097,1,0.4596,0.643,-0.028514,-0.031483,0.065097,0.0006,0.1644,0.2947,1,0.2947,0.8712,0.8712,154220,0
1778499299.363374,0.193884,-0.18612,0.545157,1,0.492,0.6959,-0.022116,-0.032621,0.067156,0.0007,0.2173,0.2739,1,0.2739,0.1481,0.1481,154220,0
1778499299.413479,0.200513,-0.186809,0.547313,1,0.4258,0.6389,-0.015487,-0.03331,0.069313,0.0006,0.1586,0.2665,1,0.26652,0.113,0.113,154220,0
1778499299.463559,0.208213,-0.187691,0.549419,1,0.3973,0.5939,-0.007787,-0.034192,0.071418,0.0006,0.142,0.2547,1,0.25474,0.0913,0.0913,154220,0
1778499299.513732,0.226971,-0.191511,0.552654,1,0.3901,0.5648,0.010971,-0.038011,0.074654,0.0008,0.1425,0.2468,1,0.24676,0.7637,0.7637,154224,0
1778499299.563882,0.238036,-0.194582,0.55378,1,0.4898,0.6978,0.022036,-0.041083,0.07578,0.0008,0.1663,0.3227,1,0.3227,0.1577,0.1577,154224,0
1778499299.613972,0.250448,-0.19851,0.554408,1,0.4405,0.6458,0.034448,-0.04501,0.076407,0.0007,0.1611,0.2787,1,0.27875,0.2731,0.2731,154224,0
1778499299.664068,0.264052,-0.202553,0.55386,1,0.4004,0.5952,0.048052,-0.049054,0.07586,0.0008,0.146,0.2536,1,0.25363,0.3834,0.3834,154224,0
1778499299.714156,0.292669,-0.208946,0.55151,1,0.4039,0.5904,0.076669,-0.055447,0.07351,0.0006,0.1541,0.2492,1,0.24923,1.7977,1.7977,154224,0
1778499299.764253,0.305207,-0.211126,0.550895,1,0.4953,0.7078,0.089207,-0.057627,0.072894,0.0009,0.1656,0.3287,1,0.32869,0.788,0.788,154224,0
1778499299.814349,0.316309,-0.212572,0.551106,1,0.454,0.6685,0.100309,-0.059073,0.073105,0.0006,0.1689,0.2845,1,0.28447,0.7337,0.7337,154224,0
1778499299.864462,0.326722,-0.213708,0.552281,1,0.5147,1.4405,0.110722,-0.060209,0.07428,0.0008,0.1848,0.3291,1,0.32914,0.8136,0.8136,154224,0
1778499299.914553,0.343751,-0.21496,0.557378,1,0.4451,0.6589,0.127751,-0.06146,0.079378,0.0095,0.1613,0.2744,1,0.27439,1.4835,1.4835,154228,0
1778499299.964651,0.351079,-0.215162,0.560832,1,0.4143,0.6165,0.135079,-0.061663,0.082832,0.0007,0.1528,0.2608,1,0.2608,1.0218,1.0218,154228,0
1778499300.014744,0.358348,-0.215807,0.564876,1,0.4261,0.5954,0.142348,-0.062308,0.086875,0.0012,0.1448,0.2801,1,0.28011,1.1161,1.1161,154240,0
1778499300.064846,0.365643,-0.216167,0.569262,1,0.4688,1.5249,0.149643,-0.062667,0.091262,0.0008,0.1641,0.3038,1,0.30382,1.2495,1.2495,154240,0
1778499300.114939,0.4,-0.2,0.6,1,0.6183,0.8335,0.165742,-0.064494,0.099843,0.0008,0.1688,0.4487,2,0.22434,2.0991,2.0991,154240,0
1778499300.165024,0.391083,-0.219419,0.582087,1,0.4006,0.595,0.175083,-0.06592,0.104087,0.0011,0.1521,0.2475,1,0.24747,2.8925,2.8925,154240,0
1778499300.215109,0.399264,-0.220926,0.585645,1,0.4124,0.6069,0.183264,-0.067427,0.107644,0.001,0.1574,0.2539,1,0.2539,2.6923,2.6923,154244,0
1778499300.265524,0.411488,-0.221774,0.590497,1,18.4021,19.4035,0.195488,-0.068274,0.112496,0.0007,0.1514,18.25,250,0.073,3.9487,3.9487,154244,0
1778499300.31563,0.415913,-0.221981,0.591811,1,20.4108,21.369,0.199913,-0.068482,0.11381,0.0007,0.1523,20.2577,250,0.08103,5.0179,5.0179,154248,0
1778499300.365765,0.4,-0.2,0.6,1,0.6937,0.9042,0.203645,-0.068909,0.114621,0.0007,0.1525,0.5405,3,0.18016,1.9791,1.9791,154248,0
1778499300.415852,0.4,-0.2,0.6,1,0.4347,0.6266,0.206391,-0.069492,0.115135,0.0009,0.1596,0.2742,1,0.27418,1.9668,1.9668,154248,0
1778499300.465935,0.4,-0.2,0.6,1,0.3977,0.5803,0.207897,-0.06951,0.115241,0.0008,0.1422,0.2547,1,0.25469,1.9609,1.9609,154248,0
1778499300.516051,0.4,-0.2,0.6,1,0.4155,0.6191,0.207225,-0.069134,0.114684,0.0009,0.1534,0.2612,1,0.26115,1.9605,1.9605,154248,0
1778499300.566126,0.4,-0.2,0.6,1,0.4137,0.6397,0.205702,-0.068733,0.113609,0.001,0.1557,0.2571,1,0.2571,1.9612,1.9612,154248,0
1778499300.616228,0.4,-0.2,0.6,1,0.4488,0.6269,0.203431,-0.06867,0.11222,0.0006,0.1697,0.2785,1,0.27851,1.9621,1.9621,154248,0
1778499300.666318,0.413133,-0.22273,0.586446,1,28.3585,29.4891,0.197133,-0.069231,0.108446,0.0006,0.1522,28.2057,250,0.11282,4.622,4.622,154252,0
1778499300.716496,0.408241,-0.222831,0.584177,1,18.0711,19.0928,0.192241,-0.069331,0.106177,0.0005,0.162,17.9086,250,0.07163,3.6536,3.6536,154252,0
1778499300.766651,0.4024,-0.222895,0.581953,1,0.5942,0.7791,0.1864,-0.069396,0.103953,0.0007,0.1623,0.4312,2,0.21559,2.814,2.814,154252,0
1778499300.816765,0.4,-0.2,0.6,1,0.6487,0.8711,0.179809,-0.069351,0.101723,0.0008,0.1702,0.4777,2,0.23886,2.0051,2.0051,154252,0
1778499300.866961,0.4,-0.2,0.6,1,0.3777,0.5573,0.163746,-0.06824,0.097101,0.0006,0.1368,0.2403,1,0.2403,2.0032,2.0032,154252,0
1778499300.917052,0.35,-0.2,0.55,1,0.6388,0.8319,0.155202,-0.067554,0.094808,0.0009,0.1835,0.4544,2,0.22718,2.8456,2.8456,154252,0
1778499300.967166,0.35,-0.2,0.55,1,0.4331,0.6315,0.147036,-0.066985,0.092562,0.0013,0.1534,0.2784,1,0.2784,0.9036,0.9036,154252,0
1778499301.017305,0.354755,-0.219827,0.568073,1,0.4497,0.6509,0.138755,-0.066328,0.090073,0.0008,0.1704,0.2785,1,0.27852,1.8421,1.8421,154252,0
1778499301.06739,0.338547,-0.218146,0.563058,1,0.4069,0.5868,0.122547,-0.064647,0.085058,0.0008,0.1474,0.2586,1,0.25861,1.4766,1.4766,154256,0
1778499301.117483,0.329913,-0.216852,0.560975,1,0.4631,0.6416,0.113913,-0.063353,0.082974,0.0007,0.1709,0.2916,1,0.29155,0.7454,0.7454,154268,0
1778499301.167661,0.321615,-0.215637,0.558861,1,0.4087,0.6088,0.105615,-0.062138,0.08086,0.0007,0.1571,0.2508,1,0.25084,0.6459,0.6459,154268,0
1778499301.217887,0.313197,-0.214377,0.556814,1,0.4564,0.6742,0.097197,-0.060878,0.078814,0.0008,0.1686,0.287,1,0.28704,0.5606,0.5606,154268,0
1778499301.26797,0.295534,-0.211473,0.551688,1,0.4965,0.7196,0.079534,-0.057974,0.073688,0.0007,0.1784,0.3174,1,0.31739,0.99,0.99,154268,0
1778499301.318094,0.286895,-0.210019,0.549282,1,0.4186,0.6197,0.070895,-0.056519,0.071282,0.0008,0.1619,0.256,1,0.25595,0.353,0.353,154268,0
1778499301.368207,0.278251,-0.209105,0.547091,1,0.4307,0.6269,0.062251,-0.055606,0.069091,0.001,0.1626,0.2671,1,0.26709,0.2911,0.2911,154268,0
1778499301.4183,0.269434,-0.208224,0.545551,1,0.4262,0.616,0.053434,-0.054725,0.067551,0.0007,0.1602,0.2653,1,0.26526,0.2382,0.2382,154268,0
1778499301.468425,0.252667,-0.207163,0.542894,1,0.481,0.6872,0.036667,-0.053664,0.064894,0.0009,0.19,0.2901,1,0.29008,0.5981,0.5981,154272,0
1778499301.518529,0.245369,-0.207536,0.541127,1,0.4368,0.6127,0.029369,-0.054037,0.063126,0.0009,0.1771,0.2588,1,0.25883,0.0878,0.0878,154272,0
1778499301.568685,0.238315,-0.207802,0.539442,1,0.3975,0.5935,0.022315,-0.054303,0.061442,0.0008,0.1421,0.2546,1,0.25463,0.0446,0.0446,154272,0
1778499301.618863,0.230915,-0.207797,0.538088,1,0.4254,0.609,0.014915,-0.054298,0.060088,0.0009,0.1489,0.2756,1,0.27559,0.0308,0.0308,154280,0
1778499301.669159,0.216129,-0.207319,0.535925,1,0.4318,0.61,0.000129,-0.053819,0.057925,0.0009,0.1472,0.2837,1,0.28365,0.4181,0.4181,154280,0
1778499301.719285,0.20886,-0.206674,0.535124,1,0.4996,0.7309,-0.00714,-0.053175,0.057124,0.001,0.1869,0.3118,1,0.31178,0.0974,0.0974,154280,0
1778499301.769371,0.202104,-0.206129,0.534669,1,0.3995,0.5765,-0.013896,-0.05263,0.056669,0.0006,0.1448,0.254,1,0.25404,0.1284,0.1284,154280,0
1778499301.819474,0.195257,-0.205664,0.53447,1,0.5143,0.7686,-0.020743,-0.052165,0.05647,0.0011,0.1935,0.3197,1,0.31968,0.1594,0.1594,154280,0
1778499301.86958,0.181598,-0.205407,0.534306,1,0.5129,0.7061,-0.034402,-0.051908,0.056305,0.001,0.1864,0.3255,1,0.32547,0.4083,0.4083,154284,0
1778499301.91968,0.175563,-0.205772,0.533992,1,0.444,0.6568,-0.040437,-0.052273,0.055991,0.0009,0.161,0.282,1,0.28205,0.2486,0.2486,154288,0
1778499301.969777,0.170804,-0.206356,0.53357,1,0.4715,0.6594,-0.045196,-0.052857,0.05557,0.0008,0.1683,0.3025,1,0.3025,0.2719,0.2719,154288,0
1778499302.01991,0.167564,-0.207236,0.533235,1,0.4143,1.2219,-0.048436,-0.053737,0.055235,0.0006,0.1603,0.2533,1,0.25334,0.292,0.292,154288,0
1778499302.069997,0.166126,-0.208638,0.533406,1,0.4146,0.8872,-0.049874,-0.055138,0.055406,0.0006,0.1606,0.2534,1,0.25345,0.3051,0.3051,154288,0
1778499302.120099,0.16712,-0.20913,0.533806,1,0.4187,1.3588,-0.04888,-0.05563,0.055806,0.0009,0.1591,0.2587,1,0.2587,0.302,0.302,154288,0
1778499302.170232,0.16831,-0.209169,0.534276,1,0.4546,1.2377,-0.04769,-0.05567,0.056276,0.0008,0.1685,0.2853,1,0.28528,0.2972,0.2972,154288,0
1778499302.220329,0.169313,-0.208947,0.534683,1,0.4119,1.2658,-0.046687,-0.055448,0.056683,0.0009,0.1481,0.2628,1,0.26282,0.2958,0.2958,154288,0
1778499302.270478,0.170803,-0.208304,0.535129,1,0.4494,0.6491,-0.045197,-0.054805,0.057128,0.0012,0.1663,0.2819,1,0.28189,0.2892,0.2892,154304,0
1778499302.320636,0.171396,-0.208121,0.535069,1,0.4272,0.6198,-0.044604,-0.054622,0.057068,0.0012,0.1693,0.2567,1,0.25673,0.2903,0.2903,154304,0
1778499302.370842,0.171838,-0.207981,0.534858,1,0.4046,1.4279,-0.044162,-0.054482,0.056857,0.0009,0.1479,0.2558,1,0.25578,0.2881,0.2881,154304,0
1778499302.420955,0.17211,-0.207836,0.53459,1,0.4404,1.3746,-0.04389,-0.054337,0.05659,0.0007,0.1587,0.281,1,0.28103,0.2864,0.2864,154304,0
1778499302.473514,0.172053,-0.207538,0.534239,1,0.4741,0.6885,-0.043947,-0.054039,0.056238,0.0004,0.1631,0.3106,1,0.31058,0.2857,0.2857,154304,0
1778499302.523614,0.171925,-0.207464,0.534161,1,0.3973,0.588,-0.044075,-0.053965,0.05616,0.0007,0.1407,0.2559,1,0.25589,0.2863,0.2863,154304,0
1778499302.573713,0.171919,-0.207517,0.534106,1,0.467,0.7407,-0.044081,-0.054017,0.056106,0.0008,0.1632,0.303,1,0.30298,0.2862,0.2862,154304,0
1778499302.62393,0.172109,-0.207661,0.534032,1,0.4918,1.4576,-0.043891,-0.054162,0.056031,0.0004,0.1822,0.3091,1,0.30911,0.2852,0.2852,154304,0
1778499302.674033,0.173623,-0.208335,0.533774,1,0.4058,0.5889,-0.042377,-0.054836,0.055774,0.0006,0.1586,0.2466,1,0.24658,0.2751,0.2751,154308,0
1778499302.724264,0.15,-0.2,0.55,1,0.4119,0.5963,-0.041034,-0.055244,0.055688,0.0009,0.1482,0.2628,1,0.2628,0.7169,0.7169,154308,0
1778499302.77506,0.176898,-0.209181,0.533712,1,0.2773,0.3901,-0.039102,-0.055682,0.055712,0.0004,0.1072,0.1698,1,0.1698,1.6403,1.6403,154308,0
1778499302.825176,0.182027,-0.20979,0.534216,1,0.2795,0.4099,-0.033973,-0.056291,0.056216,0.0009,0.1091,0.1695,1,0.16951,0.2483,0.2483,154308,0
1778499302.875262,0.184909,-0.209861,0.534618,1,0.4052,0.6093,-0.031091,-0.056361,0.056618,0.0007,0.1475,0.257,1,0.25702,0.2259,0.2259,154308,0
1778499302.925336,0.188143,-0.209994,0.534962,1,0.4579,0.6376,-0.027857,-0.056495,0.056961,0.0009,0.1597,0.2973,1,0.29735,0.2099,0.2099,154308,0
1778499302.975454,0.191817,-0.210248,0.535153,1,0.4989,0.7163,-0.024183,-0.056749,0.057152,0.0008,0.1902,0.3078,1,0.30784,0.1918,0.1918,154308,0
1778499303.025541,0.199039,-0.210587,0.53571,1,0.5319,0.7418,-0.016961,-0.057088,0.05771,0.0009,0.2109,0.3202,1,0.32018,0.1399,0.1399,154320,0
1778499303.075649,0.202689,-0.210601,0.536079,1,0.4311,0.6338,-0.013311,-0.057101,0.058079,0.0006,0.1567,0.2737,1,0.27375,0.1493,0.1493,154320,0
1778499303.125742,0.205891,-0.210545,0.53637,1,0.3919,0.5757,-0.010109,-0.057045,0.058369,0.0008,0.1373,0.2537,1,0.25372,0.1408,0.1408,154324,0
1778499303.175828,0.208666,-0.21028,0.536595,1,0.4274,0.6206,-0.007334,-0.056781,0.058594,0.0009,0.1498,0.2767,1,0.27675,0.1346,0.1346,154324,0
1778499303.225907,0.213194,-0.20969,0.536967,1,0.463,0.6845,-0.002806,-0.056191,0.058966,0.0009,0.1661,0.296,1,0.29603,0.0964,0.0964,154324,0
1778499303.275984,0.215402,-0.209514,0.537196,1,0.4614,0.6594,-0.000598,-0.056015,0.059196,0.0007,0.1555,0.3052,1,0.30519,0.1163,0.1163,154324,0
1778499303.326081,0.217681,-0.209429,0.537313,1,0.4595,0.6602,0.001681,-0.055929,0.059312,0.0007,0.1589,0.3,1,0.29996,0.1081,0.1081,154324,0
1778499303.376167,0.220006,-0.209416,0.53735,1,0.4065,0.6069,0.004006,-0.055917,0.05935,0.0008,0.1515,0.2542,1,0.25424,0.1002,0.1002,154324,0
1778499303.426244,0.225162,-0.209275,0.537662,1,0.4492,0.6548,0.009162,-0.055776,0.059661,0.0009,0.1483,0.3,1,0.29998,0.0389,0.0389,154324,0
1778499303.476348,0.227932,-0.209054,0.538013,1,0.5023,0.72,0.011932,-0.055555,0.060013,0.0009,0.1914,0.31,1,0.31003,0.0749,0.0749,154324,0
1778499303.526442,0.230843,-0.208685,0.538574,1,0.4132,0.609,0.014843,-0.055186,0.060574,0.0006,0.1643,0.2483,1,0.2483,0.068,0.068,154328,0
1778499303.576541,0.233941,-0.208191,0.539234,1,0.3938,0.5943,0.017941,-0.054691,0.061234,0.0012,0.1411,0.2515,1,0.25148,0.0627,0.0627,154328,0
1778499303.626614,0.240786,-0.207282,0.539832,1,0.4007,0.5779,0.024786,-0.053783,0.061831,0.0009,0.1466,0.2532,1,0.25322,0.0699,0.0699,154328,0
1778499303.676693,0.244185,-0.206429,0.540091,1,0.4324,0.616,0.028185,-0.05293,0.062091,0.0009,0.1599,0.2716,1,0.27161,0.0722,0.0722,154332,0
1778499303.726789,0.247495,-0.205521,0.540403,1,0.4352,0.6504,0.031495,-0.052022,0.062403,0.0008,0.1529,0.2815,1,0.28151,0.0836,0.0836,154332,0
1778499303.776858,0.251073,-0.204516,0.540782,1,0.5153,0.7566,0.035073,-0.051017,0.062782,0.0009,0.1894,0.3251,1,0.32506,0.0962,0.0962,154332,0
1778499303.826961,0.258141,-0.201054,0.54237,1,0.453,0.6498,0.042141,-0.047555,0.06437,0.0008,0.1652,0.2871,1,0.28707,0.1762,0.1762,154340,0
1778499303.877045,0.262224,-0.19912,0.543346,1,0.4593,0.6524,0.046224,-0.045621,0.065346,0.0008,0.1562,0.3023,1,0.30233,0.1453,0.1453,154340,0
1778499303.927144,0.266909,-0.197696,0.544078,1,0.4605,0.6517,0.050909,-0.044197,0.066078,0.0009,0.1687,0.2909,1,0.29094,0.1722,0.1722,154344,0
1778499303.97726,0.271697,-0.19651,0.544792,1,0.5012,0.7114,0.055697,-0.043011,0.066792,0.0008,0.1874,0.313,1,0.31297,0.1989,0.1989,154344,0
1778499304.027367,0.280802,-0.193916,0.546376,1,0.4602,0.6643,0.064802,-0.040416,0.068376,0.0008,0.1672,0.2922,1,0.29216,0.3401,0.3401,154344,0
1778499304.077461,0.284255,-0.192153,0.547291,1,0.4713,0.6698,0.068255,-0.038654,0.069291,0.0008,0.1687,0.3018,1,0.30183,0.263,0.263,154344,0
1778499304.127619,0.287664,-0.190501,0.548266,1,0.4307,0.6256,0.071664,-0.037002,0.070266,0.001,0.1653,0.2643,1,0.26431,0.2839,0.2839,154344,0
1778499304.177712,0.291109,-0.189261,0.549227,1,0.4719,0.6778,0.075109,-0.035762,0.071227,0.0009,0.1739,0.2971,1,0.2971,0.3039,0.3039,154344,0
1778499304.227791,0.299229,-0.188298,0.550765,1,0.4925,0.732,0.083229,-0.034799,0.072765,0.0009,0.1806,0.3111,1,0.31106,0.4245,0.4245,154344,0
1778499304.277852,0.30358,-0.188207,0.551287,1,0.4103,0.5957,0.08758,-0.034708,0.073286,0.0005,0.1504,0.2593,1,0.25932,0.3963,0.3963,154348,0
1778499304.327952,0.30805,-0.188232,0.551673,1,0.4037,0.5864,0.09205,-0.034733,0.073673,0.0008,0.1473,0.2556,1,0.25559,0.4308,0.4308,154348,0
1778499304.378051,0.312971,-0.188459,0.551864,1,0.4504,0.66,0.096971,-0.03496,0.073864,0.0008,0.1608,0.2889,1,0.28887,0.4787,0.4787,154348,0
1778499304.428566,0.322469,-0.189584,0.552588,1,0.4224,0.6186,0.106469,-0.036085,0.074588,0.0007,0.1543,0.2674,1,0.26738,0.6871,0.6871,154348,0
1778499304.478649,0.327244,-0.19022,0.553292,1,0.4265,0.626,0.111244,-0.03672,0.075292,0.0011,0.1638,0.2616,1,0.26163,0.6131,0.6131,154348,0
1778499304.528753,0.332201,-0.191011,0.554133,1,0.4278,0.601,0.116201,-0.037512,0.076132,0.0009,0.1542,0.2727,1,0.27274,0.6659,0.6659,154360,0
1778499304.578844,0.337127,-0.19192,0.554766,1,0.4579,0.6573,0.121127,-0.038421,0.076765,0.0009,0.156,0.301,1,0.30102,0.7249,0.7249,154360,0
1778499304.628944,0.347108,-0.194135,0.555206,1,0.4367,0.6469,0.131108,-0.040636,0.077206,0.0008,0.1558,0.2801,1,0.28011,1.066,1.066,154360,0
1778499304.679045,0.351591,-0.194859,0.555574,1,0.4315,0.6406,0.135591,-0.041359,0.077574,0.0008,0.1642,0.2664,1,0.26644,0.937,0.937,154364,0
1778499304.729138,0.355649,-0.195161,0.555978,1,0.3874,0.5679,0.139649,-0.041662,0.077978,0.0008,0.1441,0.2425,1,0.24253,0.9888,0.9888,154364,0
1778499304.779238,0.360442,-0.19574,0.556376,1,0.755,1.0187,0.144442,-0.042241,0.078376,0.0008,0.1689,0.5853,1,0.58533,1.1013,1.1013,154364,0
1778499304.82933,0.370768,-0.197277,0.557085,1,0.4758,0.6753,0.154768,-0.043777,0.079085,0.0006,0.1642,0.3109,1,0.31095,1.6433,1.6433,154364,0
1778499304.879434,0.375394,-0.197694,0.557493,1,0.4319,0.6216,0.159394,-0.044195,0.079493,0.0006,0.1654,0.2658,1,0.26582,1.5104,1.5104,154364,0
1778499304.929545,0.379758,-0.197837,0.557975,1,0.4846,0.7933,0.163758,-0.044338,0.079974,0.0008,0.1829,0.3009,1,0.30086,1.6418,1.6418,154364,0
1778499304.979726,0.383732,-0.197609,0.55849,1,0.5145,0.6971,0.167732,-0.04411,0.080489,0.0008,0.1646,0.3491,1,0.34914,1.7909,1.7909,154364,0
1778499305.029823,0.391082,-0.196411,0.559255,1,0.4536,0.6413,0.175082,-0.042912,0.081254,0.0008,0.1477,0.3051,1,0.30506,2.3207,2.3207,154364,0
1778499305.079932,0.393772,-0.195832,0.559334,1,0.5058,1.0202,0.177772,-0.042333,0.081334,0.0009,0.2277,0.2772,1,0.2772,2.3406,2.3406,154368,0
1778499305.130025,0.395626,-0.195223,0.559316,1,0.5214,1.3786,0.179626,-0.041723,0.081316,0.0009,0.2263,0.2942,1,0.2942,2.4849,2.4849,154368,0
1778499305.180251,0.396541,-0.194679,0.559282,1,0.738,0.9614,0.180541,-0.04118,0.081281,0.0012,0.1594,0.5775,1,0.57745,2.5858,2.5858,154368,0
1778499305.230328,0.396634,-0.1938,0.559119,1,0.44,0.9356,0.180634,-0.040301,0.081118,0.0007,0.1575,0.2818,1,0.28178,2.626,2.626,154368,0
1778499305.280553,0.396049,-0.193413,0.558944,1,0.5095,0.9428,0.180049,-0.039914,0.080944,0.0008,0.1634,0.3453,1,0.34531,2.6056,2.6056,154380,0
1778499305.330647,0.395042,-0.193286,0.55872,1,0.4572,1.3368,0.179042,-0.039787,0.08072,0.0008,0.1782,0.2782,1,0.2782,2.5386,2.5386,154380,0
1778499305.380822,0.393254,-0.193687,0.558516,1,0.5451,0.819,0.177254,-0.040188,0.080515,0.001,0.1888,0.3553,1,0.3553,2.4428,2.4428,154380,0
1778499305.431168,0.387978,-0.195157,0.558811,1,0.4805,0.6666,0.171978,-0.041657,0.08081,0.0011,0.1843,0.2951,1,0.29507,2.4184,2.4184,154380,0
1778499305.481272,0.384617,-0.195839,0.559468,1,0.4229,0.8388,0.168617,-0.04234,0.081468,0.0009,0.1529,0.2692,1,0.26918,1.9341,1.9341,154384,0
1778499305.531377,0.380477,-0.196494,0.560381,1,0.473,0.6628,0.164477,-0.042995,0.082381,0.0007,0.1661,0.3062,1,0.30624,1.8021,1.8021,154384,0
1778499305.58171,0.37607,-0.19718,0.561185,1,0.3987,0.6046,0.16007,-0.043681,0.083185,0.0008,0.1418,0.2561,1,0.25608,1.6045,1.6045,154384,0
1778499305.631791,0.366743,-0.19866,0.562019,1,0.3953,0.5973,0.150743,-0.045161,0.084019,0.0007,0.1394,0.2552,1,0.25519,1.7168,1.7168,154384,0
1778499305.681953,0.361932,-0.199342,0.562064,1,0.431,0.6382,0.145932,-0.045843,0.084064,0.0009,0.1563,0.2737,1,0.27374,1.1397,1.1397,154384,0
1778499305.733631,0.356397,-0.199962,0.561777,1,0.4227,0.6281,0.140397,-0.046463,0.083777,0.0008,0.1414,0.2805,1,0.2805,1.0694,1.0694,154384,0
1778499305.78373,0.350802,-0.200423,0.561181,1,0.4394,1.0777,0.134802,-0.046924,0.083181,0.0009,0.1575,0.281,1,0.28102,0.9558,0.9558,154384,0
1778499305.834014,0.340278,-0.201299,0.559426,1,0.4355,0.655,0.124278,-0.0478,0.081426,0.0008,0.1644,0.2703,1,0.27026,1.0397,1.0397,154384,0
1778499305.884103,0.334654,-0.201424,0.55843,1,0.4685,0.6719,0.118654,-0.047925,0.080429,0.0009,0.1602,0.3075,1,0.30746,0.7028,0.7028,154388,0
1778499305.934179,0.329144,-0.201433,0.557394,1,0.4368,0.611,0.113144,-0.047934,0.079394,0.0007,0.1558,0.2803,1,0.28028,0.6435,0.6435,154388,0
1778499305.984258,0.325658,-0.201326,0.556736,1,0.4378,0.9478,0.109658,-0.047827,0.078736,0.0008,0.1612,0.2758,1,0.27577,0.5662,0.5662,154388,0
1778499306.034359,0.310229,-0.200191,0.553666,1,0.3355,0.5073,0.094229,-0.046692,0.075666,0.0007,0.1262,0.2087,1,0.2087,0.9591,0.9591,154388,0
1778499306.084467,0.303446,-0.199855,0.552411,1,0.3744,0.5331,0.087446,-0.046356,0.074411,0.0007,0.1398,0.2339,1,0.2339,0.4202,0.4202,154396,0
1778499306.134544,0.296512,-0.199427,0.551448,1,0.3518,0.5209,0.080512,-0.045928,0.073448,0.0006,0.1362,0.215,1,0.21501,0.3747,0.3747,154396,0
1778499306.185179,0.282586,-0.198726,0.550105,1,0.2812,0.4087,0.066586,-0.045226,0.072104,0.0004,0.1096,0.1712,1,0.17118,0.5533,0.5533,154396,0
1778499306.235444,0.275649,-0.198586,0.549389,1,0.456,0.69,0.059649,-0.045087,0.071388,0.0004,0.1085,0.347,1,0.34704,0.2273,0.2273,154396,0
1778499306.285529,0.268808,-0.198591,0.548443,1,0.4154,0.6022,0.052808,-0.045092,0.070443,0.0006,0.1497,0.2651,1,0.26511,0.1875,0.1875,154400,0
1778499306.335606,0.262487,-0.198498,0.547397,1,0.4102,0.6087,0.046487,-0.044999,0.069397,0.0008,0.1568,0.2526,1,0.25261,0.1475,0.1475,154400,0
1778499306.385682,0.249804,-0.198335,0.544799,1,0.4151,0.6085,0.033804,-0.044835,0.066799,0.0006,0.1501,0.2644,1,0.26435,0.3274,0.3274,154400,0
1778499306.43579,0.24368,-0.198386,0.543318,1,0.4137,0.6012,0.02768,-0.044886,0.065318,0.0008,0.1505,0.2624,1,0.26236,0.0558,0.0558,154400,0
1778499306.485851,0.237969,-0.198615,0.541583,1,0.4185,0.6137,0.021969,-0.045116,0.063582,0.0012,0.158,0.2593,1,0.25926,0.0333,0.0333,154404,0
1778499306.535941,0.232013,-0.199004,0.540126,1,0.4805,0.6988,0.016013,-0.045505,0.062126,0.0007,0.1688,0.311,1,0.31098,0.009,0.009,154404,0
1778499306.586029,0.220524,-0.199552,0.538705,1,0.3998,0.6044,0.004524,-0.046053,0.060705,0.0007,0.1444,0.2546,1,0.25459,0.2337,0.2337,154404,0
1778499306.636126,0.215277,-0.199657,0.538322,1,0.4341,0.6196,-0.000723,-0.046158,0.060322,0.0009,0.154,0.2792,1,0.27921,0.0819,0.0819,154404,0
1778499306.686218,0.21013,-0.199589,0.538027,1,0.4364,0.6156,-0.00587,-0.04609,0.060026,0.0006,0.1538,0.2821,1,0.28207,0.1034,0.1034,154408,0
1778499306.736327,0.205351,-0.199227,0.53762,1,0.3038,0.4525,-0.010649,-0.045728,0.05962,0.0007,0.1218,0.1813,1,0.18132,0.1245,0.1245,154408,0
1778499306.786435,0.195597,-0.198232,0.536488,1,0.2796,0.4173,-0.020403,-0.044733,0.058488,0.0006,0.1081,0.171,1,0.17099,0.1961,0.1961,154408,0
1778499306.836538,0.19071,-0.197826,0.536086,1,0.4285,0.631,-0.02529,-0.044327,0.058086,0.0007,0.1536,0.2743,1,0.27432,0.1797,0.1797,154408,0
1778499306.886632,0.185744,-0.1975,0.535655,1,0.4149,0.5988,-0.030256,-0.044001,0.057654,0.0009,0.1604,0.2536,1,0.25361,0.1994,0.1994,154408,0
1778499306.936717,0.180618,-0.197092,0.534914,1,0.4423,0.6218,-0.035382,-0.043593,0.056914,0.0008,0.1537,0.2878,1,0.28782,0.2163,0.2163,154420,0
1778499306.98682,0.170315,-0.195551,0.532719,1,0.473,0.6788,-0.045685,-0.042052,0.054718,0.0006,0.1694,0.303,1,0.30302,0.3033,0.3033,154420,0
1778499307.036936,0.16506,-0.194171,0.531417,1,0.5052,0.8522,-0.05094,-0.040672,0.053417,0.0009,0.1814,0.323,1,0.32296,0.2629,0.2629,154420,0
1778499307.087035,0.160091,-0.192792,0.530015,1,0.4192,0.6019,-0.055909,-0.039292,0.052015,0.0009,0.1652,0.2532,1,0.25319,0.2822,0.2822,154424,0
1778499307.137146,0.155014,-0.19129,0.528317,1,0.4174,0.6085,-0.060986,-0.03779,0.050317,0.001,0.1503,0.2661,1,0.26606,0.2945,0.2945,154424,0
1778499307.187217,0.145756,-0.188477,0.524284,1,0.4161,0.6013,-0.070244,-0.034977,0.046283,0.0009,0.1496,0.2656,1,0.26562,0.3044,0.3044,154424,0
1778499307.237311,0.141711,-0.187384,0.52213,1,0.4513,0.7294,-0.074289,-0.033885,0.044129,0.0008,0.1618,0.2888,1,0.28875,0.325,0.325,154424,0
1778499307.287394,0.138178,-0.186291,0.520069,1,0.4088,0.7078,-0.077822,-0.032792,0.042068,0.0011,0.1473,0.2605,1,0.26045,0.3413,0.3413,154424,0
1778499307.337497,0.135413,-0.18497,0.518283,1,0.5447,0.7442,-0.080587,-0.03147,0.040283,0.0007,0.1909,0.3532,1,0.35317,0.3529,0.3529,154424,0
1778499307.387588,0.131998,-0.182925,0.516254,1,0.4431,0.6981,-0.084002,-0.029426,0.038254,0.0008,0.1628,0.2795,1,0.27951,0.3469,0.3469,154424,0
1778499307.437683,0.15,-0.2,0.5,1,0.4121,0.6671,-0.084539,-0.029065,0.038136,0.0007,0.1588,0.2526,1,0.2526,1.782,1.782,154424,0
1778499307.487784,0.15,-0.2,0.5,1,0.584,0.8091,-0.084761,-0.029063,0.038278,0.0008,0.1676,0.4155,1,0.41553,0.2906,0.2906,154428,0
1778499307.537857,0.15,-0.2,0.5,1,0.4711,0.6624,-0.084838,-0.029247,0.038598,0.0008,0.1485,0.3218,1,0.32183,0.2894,0.2894,154428,0
1778499307.587941,0.15,-0.2,0.5,1,0.4854,0.6896,-0.08423,-0.030416,0.039811,0.0009,0.159,0.3255,1,0.32548,0.2895,0.2895,154428,0
1778499307.638024,0.132415,-0.184727,0.518285,1,0.5098,0.7202,-0.083585,-0.031228,0.040285,0.0008,0.1669,0.342,1,0.34202,1.3452,1.3452,154428,0
1778499307.688375,0.133194,-0.185593,0.51847,1,0.5165,0.7229,-0.082806,-0.032093,0.04047,0.0008,0.2217,0.2941,1,0.29409,0.3737,0.3737,154440,0
1778499307.738471,0.13399,-0.186311,0.518339,1,0.4654,0.6486,-0.08201,-0.032812,0.040339,0.001,0.1642,0.3002,1,0.30024,0.3799,0.3799,154440,0
1778499307.78856,0.135516,-0.188726,0.517249,1,0.4114,0.5997,-0.080484,-0.035227,0.039249,0.0007,0.155,0.2557,1,0.25574,0.3592,0.3592,154440,0
1778499307.838653,0.136075,-0.191032,0.516648,1,0.4419,0.6408,-0.079925,-0.037533,0.038647,0.0006,0.1625,0.2788,1,0.27883,0.3608,0.3608,154440,0
1778499307.888756,0.136483,-0.194556,0.516233,1,0.3959,0.599,-0.079517,-0.041057,0.038233,0.0008,0.1436,0.2515,1,0.2515,0.3474,0.3474,154444,0
1778499307.93887,0.136805,-0.199256,0.516033,1,0.4764,0.7045,-0.079195,-0.045757,0.038033,0.0009,0.1784,0.2971,1,0.29707,0.3282,0.3282,154444,0
1778499307.988956,0.137886,-0.212509,0.51616,1,0.4386,0.6429,-0.078114,-0.059009,0.03816,0.0007,0.1654,0.2726,1,0.27256,0.0712,0.0712,154444,0
1778499308.03904,0.138699,-0.221442,0.516697,1,0.4073,0.6076,-0.077301,-0.067943,0.038696,0.0007,0.1544,0.2522,1,0.25216,0.5683,0.5683,154444,0
1778499308.089211,0.139648,-0.230909,0.517664,1,0.575,0.8152,-0.076352,-0.07741,0.039663,0.0008,0.1928,0.3814,1,0.38136,1.5401,1.5401,154444,0
1778499308.139319,0.140706,-0.240123,0.518838,1,0.4729,0.6848,-0.075294,-0.086623,0.040838,0.0006,0.1778,0.2945,1,0.29453,2.7876,2.7876,154444,0
1778499308.189423,0.142889,-0.258263,0.522275,1,0.5952,0.7921,-0.073111,-0.104764,0.044275,0.0007,0.1796,0.415,2,0.20749,0.6817,0.6817,154444,0
1778499308.239522,0.15,-0.25,0.5,1,0.6018,0.7798,-0.071644,-0.113872,0.046303,0.0006,0.1783,0.4229,2,0.21143,0.4224,0.4224,154444,0
1778499308.289614,0.15,-0.3,0.55,1,0.5646,0.753,-0.070026,-0.122419,0.048389,0.0011,0.1553,0.4083,2,0.20413,1.7874,1.7874,154448,0
1778499308.339706,0.148186,-0.283995,0.528473,1,0.5859,0.7694,-0.067814,-0.130496,0.050473,0.0006,0.1615,0.4238,2,0.21192,1.2262,1.2262,154456,0
1778499308.389821,0.154402,-0.300361,0.532483,1,0.5668,0.7642,-0.061598,-0.146862,0.054483,0.0008,0.1515,0.4144,2,0.20721,1.839,1.839,154456,0
1778499308.439914,0.158267,-0.308161,0.53497,1,0.5245,0.7039,-0.057733,-0.154662,0.056969,0.0008,0.144,0.3798,2,0.1899,1.9169,1.9169,154456,0
1778499308.490011,0.162543,-0.316208,0.537814,1,0.614,3.2165,-0.053457,-0.162709,0.059814,0.0009,0.1607,0.4524,2,0.22622,2.1229,2.1229,154456,0
1778499308.540106,0.15,-0.35,0.55,1,0.7489,3.4004,-0.048221,-0.171579,0.062965,0.0005,0.1464,0.602,3,0.20068,0.5044,0.5044,154456,0
1778499308.590202,0.180059,-0.343725,0.548502,1,0.7164,1.5713,-0.035941,-0.190226,0.070502,0.0009,0.1538,0.5617,3,0.18724,0.3202,0.3202,154456,0
1778499308.640283,0.187226,-0.352765,0.552597,1,0.6036,1.7156,-0.028774,-0.199266,0.074597,0.0007,0.141,0.4619,2,0.23094,2.4314,2.4314,154456,0
1778499308.69039,0.194717,-0.360977,0.556677,1,0.5783,1.3774,-0.021283,-0.207478,0.078676,0.0009,0.16,0.4174,2,0.2087,2.2148,2.2148,154460,0
1778499308.740483,0.202796,-0.368291,0.560603,1,0.6134,1.386,-0.013204,-0.214792,0.082603,0.0009,0.182,0.4305,2,0.21527,1.8838,1.8838,154460,0
1778499308.790573,0.2,-0.4,0.55,1,0.733,1.4333,0.004987,-0.227231,0.090881,0.0008,0.3279,0.4044,2,0.20218,2.6331,2.6331,154460,0
1778499308.840679,0.25,-0.4,0.55,1,0.6062,0.9998,0.014623,-0.231459,0.095323,0.0007,0.1612,0.4443,2,0.22214,1.6231,1.6231,154460,0
1778499308.890965,0.240765,-0.387178,0.578006,1,0.5177,0.693,0.024765,-0.233678,0.100006,0.0008,0.1368,0.3801,2,0.19007,0.7923,0.7923,154460,0
1778499308.941146,0.251094,-0.388273,0.58247,1,0.5782,0.763,0.035094,-0.234773,0.10447,0.0009,0.1468,0.4305,2,0.21524,0.6097,0.6097,154472,0
1778499308.991279,0.272529,-0.387623,0.590397,1,0.583,0.9107,0.056529,-0.234124,0.112397,0.0007,0.1645,0.4178,2,0.20888,0.7757,0.7757,154472,0
1778499309.041383,0.284389,-0.386714,0.593725,1,0.6406,1.0611,0.068389,-0.233215,0.115725,0.0009,0.1634,0.4763,2,0.23816,0.8077,0.8077,154476,0
1778499309.093174,0.295766,-0.385633,0.596585,1,0.5341,0.7084,0.079766,-0.232134,0.118585,0.0008,0.145,0.3883,2,0.19416,0.9521,0.9521,154476,0
1778499309.143287,0.307243,-0.384247,0.599411,1,0.5678,0.7524,0.091243,-0.230748,0.12141,0.0009,0.1631,0.4038,2,0.20191,1.1441,1.1441,154476,0
1778499309.193373,0.32917,-0.37891,0.604265,1,0.5867,0.764,0.11317,-0.225411,0.126265,0.0008,0.1643,0.4216,2,0.21082,1.6725,1.6725,154476,0
1778499309.24355,0.339394,-0.374925,0.606193,1,0.4441,0.6535,0.123394,-0.221426,0.128193,0.0004,0.1731,0.2706,1,0.27063,2.9524,2.9524,154476,0
1778499309.293833,0.349227,-0.369996,0.607941,1,0.5775,0.7826,0.133227,-0.216497,0.12994,0.0008,0.172,0.4047,2,0.20236,2.4392,2.4392,154476,0
1778499309.343956,0.358617,-0.364753,0.609551,1,24.3996,28.1209,0.142617,-0.211253,0.131551,0.0009,0.1602,24.2385,250,0.09695,3.0133,3.0133,154480,0
1778499309.394058,0.375964,-0.350814,0.613475,1,16.085,17.1607,0.159964,-0.197315,0.135474,0.0007,0.1581,15.9261,250,0.0637,4.4948,4.4948,154480,0
1778499309.444154,0.35,-0.35,0.6,1,0.3921,0.5143,0.168228,-0.189548,0.137619,0.0003,0.1041,0.2877,3,0.09589,1.8559,1.8559,154480,0
1778499309.494251,0.4,-0.3,0.6,1,22.4817,23.7021,0.176051,-0.181969,0.139614,0.0004,0.1062,22.3751,250,0.0895,5.9286,5.9286,154480,0
1778499309.544348,0.4,-0.3,0.6,1,21.3475,22.197,0.183477,-0.173319,0.141564,0.0008,0.1597,21.1869,250,0.08475,5.9295,5.9295,154480,0
1778499309.594556,0.4,-0.3,0.6,0,21.1891,22.4942,0.197706,-0.156245,0.144367,0.0008,0.1608,21.0275,250,0.08411,20.8959,20.8959,154492,0
1778499309.644778,0.4,-0.3,0.6,1,19.7591,20.7262,0.205655,-0.148524,0.144991,0.0009,0.1391,19.6191,250,0.07848,5.9317,5.9317,154492,0
1778499309.694857,0.4,-0.3,0.6,1,20.5508,22.0082,0.213349,-0.140917,0.145241,0.0009,0.1635,20.3864,250,0.08155,5.9317,5.9317,154492,0
1778499309.744934,0.4,-0.3,0.6,1,20.956,21.8704,0.22064,-0.132364,0.145377,0.0009,0.1747,20.7804,250,0.08312,5.9373,5.9373,154492,0
1778499309.795017,0.4,-0.25,0.6,1,0.682,0.8595,0.233324,-0.114635,0.146289,0.0006,0.1319,0.5495,3,0.18318,2.6692,2.6692,154492,0
1778499309.845118,0.4,-0.25,0.6,1,0.4123,0.5942,0.238831,-0.105085,0.146967,0.0008,0.1462,0.2653,1,0.26533,2.7048,2.7048,154492,0
1778499309.895211,0.4,-0.25,0.65,1,0.5785,0.7672,0.242895,-0.096708,0.147554,0.0006,0.1567,0.4212,2,0.21058,2.0808,2.0808,154496,0
1778499309.945627,0.4,-0.25,0.65,1,0.3972,0.8013,0.248061,-0.078834,0.148445,0.0007,0.1408,0.2558,1,0.25575,1.9955,1.9955,154500,0
1778499309.995731,0.4,-0.2,0.65,1,0.6062,0.8258,0.248952,-0.070483,0.148392,0.0006,0.167,0.4386,2,0.21932,1.636,1.636,154500,0
1778499310.045829,0.4,-0.2,0.65,1,0.4132,0.6031,0.248664,-0.062813,0.147992,0.0008,0.1563,0.2561,1,0.25609,1.5565,1.5565,154500,0
1778499310.095906,0.4,-0.2,0.65,1,0.3981,0.5833,0.246996,-0.056432,0.147243,0.0007,0.1471,0.2503,1,0.25027,1.5568,1.5568,154500,0
1778499310.145987,0.4,-0.2,0.6,1,0.6342,0.8987,0.239113,-0.045759,0.144465,0.0008,0.1782,0.4553,2,0.22764,2.0207,2.0207,154500,0
1778499310.196093,0.4,-0.2,0.6,1,0.4117,0.6204,0.233386,-0.041559,0.142734,0.0009,0.1516,0.2592,1,0.25916,2.0449,2.0449,154500,0
1778499310.246179,0.4,-0.2,0.6,1,0.4708,0.7703,0.225978,-0.038131,0.140446,0.0009,0.1625,0.3074,1,0.30744,2.0527,2.0527,154504,0
1778499310.296255,0.4,-0.2,0.6,1,0.4262,0.6567,0.216855,-0.035893,0.137319,0.0008,0.1487,0.2767,1,0.2767,2.0647,2.0647,154504,0
1778499310.346336,0.411287,-0.187874,0.608297,1,0.676,0.8614,0.195287,-0.034375,0.130297,0.0007,0.1638,0.5115,2,0.25574,2.753,2.753,154504,0
1778499310.396413,0.399925,-0.188471,0.604849,1,0.5973,0.7867,0.183925,-0.034972,0.126849,0.0008,0.149,0.4475,2,0.22373,1.9371,1.9371,154504,0
1778499310.446496,0.387694,-0.189261,0.60178,1,0.5029,0.6955,0.171694,-0.035762,0.12378,0.0008,0.1813,0.3208,1,0.32078,2.7671,2.7671,154504,0
1778499310.496577,0.374278,-0.190678,0.598941,1,0.4739,0.6487,0.158278,-0.037179,0.120941,0.0007,0.1602,0.3129,1,0.31294,1.9614,1.9614,154504,0
1778499310.546667,0.345653,-0.192419,0.593987,1,0.6007,0.7843,0.129653,-0.03892,0.115987,0.0006,0.1388,0.4612,2,0.23062,0.8078,0.8078,154504,0
1778499310.596765,0.330103,-0.192896,0.592064,1,0.4879,0.6822,0.114103,-0.039397,0.114064,0.0009,0.2243,0.2627,1,0.26274,1.1501,1.1501,154504,0
1778499310.646856,0.316055,-0.194011,0.59038,1,0.4371,0.6535,0.100055,-0.040512,0.112379,0.0007,0.164,0.2725,1,0.2725,0.8089,0.8089,154508,0
1778499310.696943,0.301918,-0.195527,0.58902,1,0.4186,0.6235,0.085918,-0.042028,0.11102,0.0009,0.1599,0.2578,1,0.25781,0.6721,0.6721,154508,0
1778499310.747114,0.276356,-0.198099,0.587312,1,0.5159,0.7555,0.060356,-0.0446,0.109312,0.0007,0.1796,0.3355,1,0.33553,1.5838,1.5838,154508,0
1778499310.797173,0.264751,-0.199218,0.586488,1,0.542,0.7601,0.048751,-0.045719,0.108487,0.0009,0.186,0.3551,1,0.35511,0.3234,0.3234,154508,0
1778499310.848039,0.253517,-0.200212,0.585393,1,0.2933,0.4136,0.037517,-0.046713,0.107393,0.0004,0.1094,0.1836,1,0.18361,0.2099,0.2099,154516,0
1778499310.898197,0.242681,-0.201025,0.584421,1,0.4345,0.6318,0.026681,-0.047526,0.106421,0.0007,0.1628,0.2709,1,0.27092,0.1498,0.1498,154516,0
1778499310.948296,0.22196,-0.201799,0.582137,1,0.4134,0.5922,0.00596,-0.048299,0.104136,0.0009,0.1498,0.2627,1,0.2627,0.8641,0.8641,154516,0
1778499310.998395,0.212177,-0.20237,0.580467,1,0.4244,0.6112,-0.003823,-0.04887,0.102467,0.0008,0.1615,0.262,1,0.26201,0.1816,0.1816,154516,0
1778499311.049134,0.202668,-0.202655,0.578605,1,0.2802,0.4067,-0.013332,-0.049156,0.100605,0.0004,0.1069,0.1729,1,0.17286,0.1856,0.1856,154520,0
1778499311.099249,0.194184,-0.202454,0.576724,1,0.4709,0.7008,-0.021816,-0.048955,0.098724,0.0008,0.1697,0.3004,1,0.30041,0.199,0.199,154520,0
1778499311.149348,0.2,-0.2,0.55,1,0.467,0.6552,-0.036994,-0.04698,0.094172,0.0008,0.168,0.2983,1,0.29826,1.8293,1.8293,154520,0
1778499311.199515,0.172244,-0.199025,0.569508,1,0.436,0.6179,-0.043756,-0.045526,0.091507,0.0008,0.1659,0.2693,1,0.26926,1.0567,1.0567,154520,0
1778499311.249762,0.1658,-0.197431,0.566581,1,0.4293,0.6126,-0.0502,-0.043931,0.088581,0.0008,0.1677,0.2608,1,0.26081,0.275,0.275,154520,0
1778499311.299964,0.159199,-0.196112,0.563659,1,0.4113,1.0654,-0.056801,-0.042612,0.085658,0.0008,0.1574,0.2531,1,0.25309,0.3067,0.3067,154520,0
1778499311.35006,0.146473,-0.195081,0.559557,1,0.4431,1.1524,-0.069527,-0.041582,0.081556,0.0008,0.1745,0.2677,1,0.26772,0.5249,0.5249,154520,0
1778499311.400159,0.140402,-0.195304,0.558686,1,0.5198,3.244,-0.075598,-0.041805,0.080686,0.0008,0.193,0.326,1,0.32596,0.4298,0.4298,154520,0
1778499311.45026,0.134152,-0.196852,0.559115,1,0.4116,3.1593,-0.081848,-0.043353,0.081115,0.0007,0.1483,0.2625,1,0.26251,0.5013,0.5013,154524,0
1778499311.500356,0.127919,-0.199251,0.560589,1,0.4886,0.679,-0.088081,-0.045752,0.082588,0.0009,0.166,0.3217,1,0.32168,0.5617,0.5617,154524,0
1778499311.550456,0.114311,-0.20519,0.565019,1,0.4212,0.6306,-0.101689,-0.051691,0.087019,0.0012,0.1651,0.2549,1,0.25487,1.3783,1.3783,154524,0
1778499311.600567,0.107409,-0.208279,0.566494,1,0.4514,1.3208,-0.108591,-0.054779,0.088494,0.001,0.1634,0.287,1,0.28702,1.6858,1.6858,154536,0
1778499311.650732,0.101223,-0.211075,0.567313,1,0.4236,1.2576,-0.114777,-0.057576,0.089313,0.0009,0.1664,0.2563,1,0.25628,2.6914,2.6914,154536,0
1778499311.70085,0.094864,-0.214032,0.567566,1,0.5662,0.7524,-0.121136,-0.060532,0.089565,0.0008,0.1643,0.4011,2,0.20053,0.7525,0.7525,154536,0
1778499311.751423,0.1,-0.2,0.55,1,0.4368,0.6208,-0.13063,-0.067521,0.08872,0.0008,0.1802,0.2557,1,0.25573,1.3679,1.3679,154536,0
1778499311.801543,0.1,-0.25,0.55,1,0.5631,0.7518,-0.133329,-0.071805,0.0883,0.001,0.16,0.4021,2,0.20103,1.665,1.665,154536,0
1778499311.851648,0.1,-0.25,0.55,1,0.5716,0.751,-0.134936,-0.076367,0.088289,0.0008,0.1514,0.4194,2,0.20969,1.5012,1.5012,154552,0
1778499311.901754,0.1,-0.25,0.55,1,0.5956,4.3514,-0.135915,-0.081327,0.088769,0.0008,0.1519,0.443,2,0.22148,1.5108,1.5108,154552,0
1778499311.951989,0.080186,-0.244383,0.568959,1,0.3359,0.4596,-0.135814,-0.090883,0.090959,0.0003,0.1039,0.2317,2,0.11584,2.0985,2.0985,154552,0
1778499312.002149,0.081521,-0.250059,0.570465,1,0.3314,0.4482,-0.134479,-0.09656,0.092465,0.0005,0.1011,0.2298,2,0.11488,2.4591,2.4591,154552,0
1778499312.052254,0.083538,-0.256894,0.572109,1,0.7811,0.9743,-0.132462,-0.103395,0.094109,0.0009,0.1673,0.6129,3,0.20431,0.8981,0.8981,154552,0
1778499312.102352,0.1,-0.25,0.55,1,0.5696,0.755,-0.130049,-0.11013,0.095967,0.0007,0.165,0.4039,2,0.20193,1.7797,1.7797,154552,0
1778499312.152458,0.1,-0.3,0.6,1,0.714,0.8972,-0.123456,-0.123762,0.100514,0.0007,0.1766,0.5368,3,0.17892,1.133,1.133,154552,0
1778499312.202554,0.096284,-0.284636,0.580615,1,0.8346,1.0687,-0.119716,-0.131136,0.102615,0.0009,0.1705,0.6632,3,0.22108,0.9833,0.9833,154552,0
1778499312.252676,0.100555,-0.2938,0.582498,1,0.856,1.0774,-0.115445,-0.1403,0.104497,0.0015,0.1972,0.6574,3,0.21913,1.0533,1.0533,154556,0
1778499312.302754,0.105493,-0.304573,0.584187,1,0.6458,0.8167,-0.110507,-0.151073,0.106187,0.0007,0.1386,0.5065,3,0.16883,1.1828,1.1828,154556,0
1778499312.352834,0.1,-0.35,0.6,1,0.8737,1.0541,-0.09905,-0.172596,0.108985,0.0008,0.1715,0.7014,4,0.17535,1.4789,1.4789,154560,0
1778499312.403049,0.123644,-0.33686,0.588442,1,0.7539,0.9381,-0.092356,-0.18336,0.110442,0.0006,0.1609,0.5923,3,0.19743,1.498,1.498,154560,0
1778499312.453384,0.130351,-0.347289,0.589888,1,0.879,1.0839,-0.085649,-0.19379,0.111888,0.0008,0.1574,0.7208,3,0.24026,1.5058,1.5058,154560,0
1778499312.503467,0.1374,-0.357766,0.591034,1,0.6673,0.8483,-0.0786,-0.204267,0.113034,0.0008,0.1434,0.5231,3,0.17436,1.4494,1.4494,154560,0
1778499312.553561,0.154311,-0.377454,0.592676,1,0.685,0.8692,-0.061689,-0.223954,0.114676,0.0007,0.1546,0.5298,3,0.17658,1.058,1.058,154564,0
1778499312.603651,0.162785,-0.385644,0.593337,1,0.7126,0.9039,-0.053215,-0.232144,0.115337,0.0008,0.1475,0.5643,3,0.18811,0.737,0.737,154564,0
1778499312.653781,0.171213,-0.393434,0.594181,1,0.5564,0.7235,-0.044787,-0.239935,0.11618,0.001,0.1256,0.4298,3,0.14325,0.5313,0.5313,154576,0
1778499312.703962,0.17962,-0.399077,0.595322,1,0.7515,1.6541,-0.03638,-0.245578,0.117322,0.0008,0.1634,0.5873,3,0.19577,0.4092,0.4092,154576,0
1778499312.754063,0.197636,-0.408698,0.597901,1,0.7053,0.8848,-0.018364,-0.255199,0.119901,0.0008,0.1601,0.5444,3,0.18146,0.3195,0.3195,154576,0
1778499312.804177,0.207332,-0.41199,0.599618,1,0.8346,1.0505,-0.008668,-0.258491,0.121617,0.001,0.1798,0.6539,3,0.21795,0.309,0.309,154576,0
1778499312.85429,0.216735,-0.413571,0.601462,1,0.6869,0.9173,0.000735,-0.260072,0.123462,0.0009,0.1928,0.4932,2,0.24658,1.9753,1.9753,154576,0
1778499312.904388,0.226333,-0.414499,0.603149,1,0.7413,1.1234,0.010333,-0.261,0.125149,0.0009,0.1798,0.5606,2,0.28031,1.306,1.306,154576,0
1778499312.95468,0.246414,-0.417494,0.606444,1,0.5535,0.7367,0.030414,-0.263995,0.128444,0.0007,0.1441,0.4087,2,0.20436,1.2729,1.2729,154576,0
1778499313.004764,0.256779,-0.416241,0.60854,1,0.5508,0.7302,0.040779,-0.262742,0.13054,0.0012,0.1461,0.4034,2,0.2017,0.8757,0.8757,154576,0
1778499313.054852,0.26755,-0.414736,0.610692,1,0.5417,0.7417,0.05155,-0.261236,0.132692,0.0009,0.1525,0.3884,2,0.19418,0.9158,0.9158,154580,0
1778499313.10554,0.287296,-0.411185,0.61425,1,0.5884,0.7789,0.071296,-0.257686,0.13625,0.0007,0.168,0.4197,2,0.20984,1.1544,1.1544,154580,0
1778499313.155645,0.296927,-0.408862,0.615597,1,0.5729,0.7727,0.080927,-0.255363,0.137596,0.0008,0.1617,0.4104,2,0.20522,1.25,1.25,154580,0
1778499313.205818,0.305728,-0.406498,0.616788,1,0.6099,0.8041,0.089728,-0.252999,0.138788,0.0008,0.1685,0.4407,2,0.22034,1.42,1.42,154580,0
1778499313.255952,0.313971,-0.403415,0.618239,1,0.5495,0.73,0.097971,-0.249916,0.140239,0.0008,0.1542,0.3946,2,0.19728,1.5988,1.5988,154580,0
1778499313.306044,0.329842,-0.395963,0.621373,1,0.5584,0.7394,0.113842,-0.242464,0.143373,0.0008,0.1544,0.4032,2,0.20158,2.0495,2.0495,154580,0
1778499313.356125,0.337543,-0.391707,0.622874,1,0.5951,0.7835,0.121543,-0.238207,0.144873,0.001,0.1629,0.4313,2,0.21564,2.3323,2.3323,154580,0
1778499313.406229,0.345249,-0.386612,0.624315,1,0.5596,0.758,0.129249,-0.233113,0.146314,0.0008,0.1511,0.4078,2,0.20389,2.6635,2.6635,154580,0
1778499313.456327,0.35,-0.4,0.65,1,24.8472,26.3044,0.137344,-0.228144,0.147617,0.0008,0.1485,24.6979,250,0.09879,3.9685,3.9685,154584,0
1778499313.50649,0.35,-0.35,0.65,1,0.7555,0.9463,0.152613,-0.218303,0.149734,0.001,0.1683,0.5861,3,0.19538,1.4881,1.4881,154596,0
1778499313.556726,0.35,-0.35,0.65,1,0.4634,0.6683,0.159711,-0.210869,0.150937,0.0009,0.1704,0.2922,1,0.29216,2.0665,2.0665,154596,0
1778499313.606909,0.35,-0.35,0.65,1,0.4034,0.6132,0.16561,-0.202858,0.152118,0.001,0.1493,0.2531,1,0.25307,2.0641,2.0641,154596,0
1778499313.657009,0.35,-0.35,0.65,1,0.4027,0.5971,0.171831,-0.195092,0.153176,0.0007,0.1447,0.2574,1,0.25736,1.9945,1.9945,154596,0
1778499313.707108,0.4,-0.3,0.65,1,24.3652,26.3658,0.186253,-0.180944,0.154096,0.0007,0.1463,24.2182,250,0.09687,3.5046,3.5046,154596,0
1778499313.757203,0.4,-0.3,0.65,1,27.8102,28.4448,0.193739,-0.174153,0.153426,0.0008,0.1279,27.6815,250,0.11073,3.5038,3.5038,154596,0
1778499313.807303,0.4,-0.3,0.65,1,18.5904,19.37,0.2009,-0.167079,0.152319,0.001,0.1731,18.4163,250,0.07367,3.5035,3.5035,154596,0
1778499313.857413,0.4,-0.3,0.65,1,21.7695,22.6492,0.207103,-0.160383,0.151392,0.001,0.1836,21.585,250,0.08634,3.5028,3.5028,154600,0
1778499313.907503,0.4,-0.3,0.65,1,26.3304,27.4456,0.217302,-0.147485,0.150582,0.0007,0.1512,26.1785,250,0.10471,3.502,3.502,154600,0
1778499313.957685,0.4,-0.3,0.65,1,22.5145,25.0077,0.220967,-0.141495,0.150616,0.0006,0.1394,22.3745,250,0.0895,3.5014,3.5014,154600,0
1778499314.007782,0.4,-0.3,0.65,1,23.4688,26.8099,0.22425,-0.136309,0.150731,0.0008,0.1642,23.3037,250,0.09321,3.501,3.501,154600,0
1778499314.057869,0.4,-0.3,0.65,1,18.7591,21.8015,0.226371,-0.131006,0.150888,0.001,0.1655,18.5927,250,0.07437,3.4998,3.4998,154600,0
1778499314.107953,0.4,-0.3,0.65,1,22.2656,23.9609,0.229608,-0.121733,0.150746,0.001,0.1623,22.1023,250,0.08841,3.5017,3.5017,154600,0
1778499314.158096,0.4,-0.25,0.65,1,0.5387,0.7344,0.229878,-0.117136,0.150167,0.0003,0.0754,0.463,2,0.23148,2.8863,2.8863,154600,0
1778499314.208215,0.4,-0.25,0.65,1,0.5241,0.7321,0.229168,-0.112086,0.149012,0.0008,0.2395,0.2838,1,0.28381,1.9762,1.9762,154600,0
1778499314.258305,0.4,-0.25,0.65,1,0.5259,0.7119,0.227613,-0.10733,0.147468,0.0008,0.2521,0.2731,1,0.27307,1.9674,1.9674,154604,0
1778499314.308408,0.4,-0.25,0.6,1,0.62,0.8273,0.221297,-0.098497,0.143847,0.0011,0.1631,0.4558,2,0.2279,2.6489,2.6489,154616,0
1778499314.358507,0.4,-0.25,0.6,1,0.4131,0.6007,0.216953,-0.094346,0.142259,0.0008,0.1576,0.2547,1,0.25472,2.7384,2.7384,154616,0
1778499314.4086,0.4,-0.25,0.6,1,0.4408,0.6283,0.211847,-0.089912,0.14088,0.001,0.1636,0.2762,1,0.27624,2.7423,2.7423,154616,0
1778499314.458697,0.421257,-0.238658,0.617284,1,22.7082,26.3421,0.205257,-0.085159,0.139283,0.0009,0.1688,22.5385,250,0.09015,6.0878,6.0878,154616,0
1778499314.50881,0.405802,-0.230159,0.613201,1,0.6184,0.7982,0.189802,-0.076659,0.1352,0.0006,0.1392,0.4786,3,0.15955,2.647,2.647,154616,0
1778499314.558886,0.397326,-0.226667,0.610353,1,0.6422,0.8707,0.181326,-0.073168,0.132353,0.0008,0.1607,0.4806,2,0.24032,1.9594,1.9594,154616,0
1778499314.609081,0.389281,-0.2235,0.607439,1,0.3401,0.5011,0.173281,-0.070001,0.129439,0.0005,0.1357,0.2038,1,0.20384,2.3331,2.3331,154616,0
1778499314.659168,0.379875,-0.220238,0.604468,1,0.4189,0.6134,0.163875,-0.066739,0.126468,0.0006,0.1501,0.2681,1,0.26811,1.8921,1.8921,154620,0
1778499314.709256,0.358793,-0.214035,0.599418,1,0.5635,0.7404,0.142793,-0.060535,0.121418,0.0007,0.156,0.4068,2,0.20338,0.9182,0.9182,154620,0
1778499314.759359,0.348823,-0.212128,0.596701,1,0.4779,0.6868,0.132823,-0.058629,0.1187,0.0008,0.1734,0.3037,1,0.30371,1.0481,1.0481,154620,0
1778499314.809813,0.338853,-0.210797,0.593965,1,0.403,0.5859,0.122853,-0.057297,0.115964,0.0006,0.1483,0.2541,1,0.25415,0.869,0.869,154620,0
1778499314.860016,0.32882,-0.209829,0.591231,1,0.4079,1.3331,0.11282,-0.05633,0.113231,0.0008,0.1492,0.2578,1,0.25781,0.7329,0.7329,154628,0
1778499314.910113,0.309513,-0.209303,0.586652,1,0.4092,0.5973,0.093513,-0.055804,0.108651,0.0007,0.1473,0.2611,1,0.26115,1.2297,1.2297,154628,0
1778499314.960218,0.300365,-0.209562,0.584802,1,0.4025,1.283,0.084365,-0.056063,0.106802,0.0006,0.1401,0.2618,1,0.26177,0.4546,0.4546,154628,0
1778499315.010387,0.291252,-0.21035,0.583239,1,0.4119,3.4388,0.075252,-0.056851,0.105239,0.0007,0.1373,0.2739,1,0.2739,0.3542,0.3542,154632,0
1778499315.060504,0.282663,-0.211312,0.581742,1,0.5072,3.2417,0.066663,-0.057813,0.103741,0.001,0.2009,0.3053,1,0.30534,0.2918,0.2918,154640,0
1778499315.110727,0.25,-0.2,0.6,1,0.3972,1.1715,0.049101,-0.059995,0.099856,0.0007,0.1415,0.255,1,0.25502,2.4363,2.4363,154640,0
1778499315.161313,0.25629,-0.215435,0.575432,1,0.5122,0.7242,0.04029,-0.061936,0.097431,0.0009,0.1911,0.3202,1,0.32017,2.3808,2.3808,154640,0
1778499315.212113,0.248002,-0.217089,0.573149,1,0.4276,0.6299,0.032002,-0.06359,0.095148,0.001,0.1563,0.2703,1,0.27028,0.1093,0.1093,154640,0
1778499315.262294,0.239458,-0.218116,0.570897,1,0.4346,0.6247,0.023458,-0.064617,0.092896,0.001,0.1585,0.2751,1,0.27511,0.0988,0.0988,154640,0
1778499315.312394,0.2,-0.2,0.55,1,0.6158,0.8033,0.00706,-0.065348,0.088617,0.0009,0.1736,0.4413,2,0.22063,0.1384,0.1384,154640,0
1778499315.363656,0.214782,-0.218901,0.564419,1,0.4421,0.6742,-0.001218,-0.065402,0.086419,0.001,0.1628,0.2784,1,0.2784,1.5607,1.5607,154640,0
1778499315.413882,0.20674,-0.218955,0.562274,1,0.5106,0.7604,-0.00926,-0.065456,0.084274,0.0011,0.1815,0.328,1,0.32796,0.1276,0.1276,154644,0
1778499315.463992,0.198706,-0.218818,0.560008,1,0.4335,0.6315,-0.017294,-0.065318,0.082008,0.001,0.1632,0.2693,1,0.26932,0.1912,0.1912,154644,0
1778499315.514089,0.183926,-0.216928,0.555772,1,0.4054,0.5982,-0.032074,-0.063429,0.077771,0.0008,0.148,0.2566,1,0.25664,0.5458,0.5458,154644,0
1778499315.564181,0.177146,-0.215695,0.553971,1,0.4399,0.6404,-0.038854,-0.062196,0.075971,0.0007,0.1625,0.2766,1,0.27663,0.2383,0.2383,154644,0
1778499315.614281,0.170696,-0.21448,0.552483,1,0.4499,0.6449,-0.045304,-0.060981,0.074482,0.0009,0.165,0.2841,1,0.28411,0.2411,0.2411,154644,0
1778499315.664521,0.164745,-0.21318,0.551275,1,0.2902,0.4264,-0.051255,-0.059681,0.073275,0.0003,0.1088,0.181,1,0.18102,0.2395,0.2395,154644,0
1778499315.714618,0.152745,-0.210168,0.549205,1,0.2771,0.389,-0.063255,-0.056669,0.071205,0.0005,0.1076,0.169,1,0.16904,0.3958,0.3958,154644,0
1778499315.764716,0.146277,-0.208998,0.548274,1,0.2636,0.37,-0.069723,-0.055499,0.070273,0.0003,0.099,0.1642,1,0.16422,0.2778,0.2778,154644,0
1778499315.814866,0.140074,-0.208261,0.547586,1,0.2699,0.3928,-0.075926,-0.054761,0.069586,0.0004,0.1023,0.1673,1,0.16727,0.2869,0.2869,154648,0
1778499315.864949,0.134051,-0.207707,0.547044,1,0.2858,1.1941,-0.081949,-0.054208,0.069044,0.0004,0.1092,0.1762,1,0.17617,0.3124,0.3124,154648,0
1778499315.915065,0.123571,-0.206315,0.545925,1,0.5088,0.7304,-0.092429,-0.052816,0.067925,0.001,0.1799,0.328,1,0.32799,0.5905,0.5905,154660,0
1778499315.965165,0.118952,-0.205342,0.544837,1,0.3998,0.5853,-0.097048,-0.051843,0.066836,0.0007,0.1416,0.2575,1,0.2575,0.3293,0.3293,154660,0
1778499316.015261,0.115216,-0.204797,0.543391,1,0.4363,0.6262,-0.100784,-0.051298,0.065391,0.0006,0.1602,0.2755,1,0.27548,0.305,0.305,154660,0
1778499316.065389,0.110242,-0.207052,0.53951,1,0.43,0.6185,-0.105758,-0.053553,0.06151,0.0011,0.1632,0.2656,1,0.26564,0.248,0.248,154660,0
1778499316.115492,0.108634,-0.209873,0.537545,1,0.4738,0.697,-0.107366,-0.056374,0.059545,0.0009,0.1838,0.2891,1,0.28909,0.1852,0.1852,154660,0
1778499316.165586,0.107421,-0.213414,0.536111,1,0.4567,0.6606,-0.108579,-0.059915,0.058111,0.0009,0.1581,0.2977,1,0.29775,0.4379,0.4379,154660,0
1778499316.215686,0.106582,-0.217231,0.535083,1,0.4312,0.6144,-0.109418,-0.063731,0.057083,0.001,0.1713,0.2589,1,0.2589,0.8233,0.8233,154664,0
1778499316.265871,0.106301,-0.227007,0.534437,1,0.4681,0.6651,-0.109699,-0.073507,0.056436,0.001,0.2028,0.2643,1,0.26429,2.1342,2.1342,154664,0
1778499316.315947,0.106839,-0.232802,0.534811,1,0.5506,0.7442,-0.109161,-0.079303,0.056811,0.0007,0.1507,0.3992,2,0.19961,0.7148,0.7148,154664,0
1778499316.36614,0.107723,-0.238775,0.535622,1,0.508,0.6743,-0.108277,-0.085276,0.057622,0.0006,0.1317,0.3756,2,0.18782,0.7398,0.7398,154664,0
1778499316.416247,0.108921,-0.245363,0.536838,1,0.587,0.7741,-0.107079,-0.091864,0.058838,0.0008,0.1651,0.4211,2,0.21053,0.8678,0.8678,154664,0
1778499316.466319,0.112496,-0.258789,0.539282,1,0.6281,0.8277,-0.103504,-0.10529,0.061282,0.0007,0.159,0.4683,2,0.23416,1.3427,1.3427,154664,0
1778499316.51642,0.115049,-0.266487,0.540145,1,0.6719,0.8566,-0.100951,-0.112988,0.062145,0.0009,0.1732,0.4978,2,0.2489,1.583,1.583,154676,0
1778499316.566525,0.1,-0.25,0.55,1,0.7009,0.9293,-0.098141,-0.121105,0.062922,0.0008,0.189,0.5111,2,0.25553,1.1362,1.1362,154676,0
1778499316.616618,0.120591,-0.28313,0.542164,1,0.7005,0.8858,-0.095409,-0.129631,0.064164,0.0007,0.1542,0.5456,3,0.18188,0.596,0.596,154676,0
1778499316.666695,0.125435,-0.301246,0.545965,1,0.6889,0.882,-0.090565,-0.147747,0.067965,0.001,0.1549,0.5331,3,0.17771,0.5677,0.5677,154680,0
1778499316.716813,0.127631,-0.311943,0.547534,1,0.9349,1.1807,-0.088369,-0.158443,0.069533,0.0009,0.1873,0.7466,3,0.24886,0.5584,0.5584,154680,0
1778499316.76687,0.15,-0.3,0.55,1,0.6739,0.8695,-0.085905,-0.169871,0.071324,0.0007,0.1688,0.5044,2,0.25218,2.0808,2.0808,154680,0
1778499316.816938,0.133313,-0.334923,0.551286,1,0.8089,0.9882,-0.082687,-0.181423,0.073286,0.0009,0.1509,0.657,3,0.21901,0.5798,0.5798,154680,0
1778499316.867012,0.141978,-0.355378,0.556169,1,0.6908,0.8761,-0.074022,-0.201879,0.078169,0.0009,0.1509,0.5389,3,0.17964,0.6026,0.6026,154680,0
1778499316.917115,0.147199,-0.364252,0.558681,1,0.7044,0.8924,-0.068801,-0.210753,0.080681,0.0006,0.1696,0.5341,3,0.17805,0.5641,0.5641,154680,0
1778499316.967222,0.152972,-0.3719,0.56091,1,0.7453,1.0059,-0.063028,-0.218401,0.082909,0.0017,0.1847,0.559,3,0.18632,0.5219,0.5219,154680,0
1778499317.018063,0.159272,-0.379627,0.563151,1,0.7069,0.9051,-0.056728,-0.226128,0.085151,0.0011,0.1519,0.5538,3,0.18461,0.4676,0.4676,154680,0
1778499317.068242,0.15,-0.4,0.55,1,0.6805,0.8657,-0.043139,-0.238891,0.090004,0.0006,0.1518,0.5281,3,0.17604,0.6456,0.6456,154684,0
1778499317.118345,0.1797,-0.397127,0.570679,1,0.7055,0.8921,-0.0363,-0.243627,0.092679,0.0009,0.168,0.5366,3,0.17886,0.2667,0.2667,154684,0
1778499317.168461,0.187226,-0.401565,0.573432,1,0.7632,0.9583,-0.028774,-0.248066,0.095432,0.0012,0.188,0.574,3,0.19133,0.2367,0.2367,154692,0
1778499317.218579,0.194372,-0.405815,0.576087,1,0.802,1.0554,-0.021628,-0.252316,0.098087,0.0011,0.1758,0.6251,3,0.20837,0.2115,0.2115,154692,0
1778499317.268773,0.210256,-0.411898,0.581983,1,0.6008,0.7886,-0.005744,-0.258399,0.103982,0.0008,0.1662,0.4338,2,0.21689,2.0899,2.0899,154692,0
1778499317.318938,0.219504,-0.413675,0.584905,1,0.6333,0.8298,0.003504,-0.260176,0.106905,0.001,0.1747,0.4576,2,0.22882,1.0955,1.0955,154692,0
1778499317.369025,0.229677,-0.414793,0.587927,1,0.5612,0.7568,0.013677,-0.261294,0.109926,0.0008,0.1489,0.4115,2,0.20575,0.7787,0.7787,154692,0
1778499317.419208,0.240211,-0.415713,0.591077,1,0.5775,0.779,0.024211,-0.262214,0.113077,0.0009,0.1642,0.4124,2,0.20619,0.69,0.69,154692,0
1778499317.469385,0.261298,-0.417451,0.596164,1,0.5861,0.7826,0.045298,-0.263952,0.118164,0.0008,0.1619,0.4235,2,0.21173,0.9513,0.9513,154696,0
1778499317.519494,0.27198,-0.416544,0.598771,1,0.7454,0.9627,0.05598,-0.263045,0.120771,0.0013,0.2115,0.5327,2,0.26635,0.967,0.967,154696,0
1778499317.569658,0.282129,-0.413738,0.60136,1,0.5886,0.7686,0.066129,-0.260239,0.12336,0.0008,0.1652,0.4226,2,0.21132,1.0922,1.0922,154696,0
1778499317.619844,0.292184,-0.41129,0.603727,1,0.5996,1.4319,0.076184,-0.257791,0.125726,0.0009,0.1639,0.4347,2,0.21737,1.2648,1.2648,154696,0
1778499317.67009,0.310643,-0.403803,0.608112,1,0.6374,1.5109,0.094643,-0.250304,0.130112,0.001,0.1705,0.4659,2,0.23296,1.6156,1.6156,154696,0
1778499317.720284,0.319839,-0.398475,0.609637,1,0.3972,0.9027,0.103839,-0.244976,0.131637,0.0007,0.1389,0.2576,1,0.25757,2.4734,2.4734,154696,0
1778499317.770359,0.330086,-0.391023,0.610671,1,0.4665,0.6571,0.114086,-0.237524,0.132671,0.0008,0.1558,0.3099,1,0.30987,2.4202,2.4202,154696,0
1778499317.820666,0.340328,-0.383066,0.611246,1,0.4105,1.4029,0.124328,-0.229566,0.133246,0.0008,0.1484,0.2612,1,0.26124,2.5315,2.5315,154700,0
1778499317.871206,0.360142,-0.365506,0.611873,1,24.4531,24.5832,0.144142,-0.212007,0.133873,0.0011,0.1623,24.2897,250,0.09716,3.2094,3.2094,154700,0
1778499317.921296,0.369599,-0.356787,0.611933,1,21.0464,22.8594,0.153599,-0.203288,0.133932,0.0007,0.1431,20.9026,250,0.08361,3.9117,3.9117,154712,0
1778499317.971492,0.35,-0.35,0.6,1,0.5328,0.7098,0.162597,-0.195167,0.133805,0.0009,0.1483,0.3836,2,0.19182,2.2586,2.2586,154712,0
1778499318.021694,0.35,-0.35,0.6,1,0.3941,0.5725,0.172105,-0.187884,0.133328,0.0009,0.1436,0.2496,1,0.2496,1.8979,1.8979,154712,0
1778499318.071885,0.35,-0.35,0.6,0,24.6324,26.315,0.190379,-0.173728,0.131765,0.0009,0.1665,24.4651,250,0.09786,21.1838,21.1838,154716,0
1778499318.121953,0.35,-0.35,0.6,0,19.2953,20.4605,0.198531,-0.166763,0.130883,0.0008,0.1663,19.1282,250,0.07651,43.5219,43.5219,154716,0
1778499318.172059,0.35,-0.35,0.6,0,21.3792,22.4448,0.205988,-0.158725,0.130268,0.0007,0.1472,21.2313,250,0.08493,45.9544,45.9544,154716,0
1778499318.222142,0.35,-0.35,0.6,0,20.0202,21.0002,0.212563,-0.150136,0.129862,0.0003,0.0883,19.9316,250,0.07973,48.8552,48.8552,154720,0
1778499318.273427,0.4,-0.3,0.6,1,24.7381,25.4884,0.221596,-0.130882,0.128514,0.0007,0.1624,24.5749,250,0.0983,5.9328,5.9328,154720,0
1778499318.32352,0.4,-0.25,0.6,1,0.6726,0.8526,0.225107,-0.120665,0.127194,0.0008,0.1691,0.5027,3,0.16757,2.6617,2.6617,154720,0
1778499318.373693,0.4,-0.25,0.6,1,0.4551,0.6768,0.227221,-0.110526,0.125952,0.0004,0.1651,0.2895,1,0.28955,2.7026,2.7026,154720,0
1778499318.423885,0.4,-0.25,0.6,1,0.2691,0.3848,0.228613,-0.101956,0.12496,0.0003,0.1013,0.1675,1,0.16751,2.7061,2.7061,154720,0
1778499318.474078,0.4,-0.25,0.6,1,0.2819,0.4063,0.228418,-0.088863,0.122997,0.0011,0.1089,0.1719,1,0.17191,2.7289,2.7289,154720,0
1778499318.524245,0.4,-0.25,0.6,1,0.4537,0.6522,0.226328,-0.083429,0.121656,0.0007,0.1624,0.2907,1,0.29071,2.7295,2.7295,154720,0
1778499318.574347,0.4,-0.25,0.6,1,0.4272,0.6197,0.223076,-0.078858,0.120028,0.0009,0.1631,0.2632,1,0.26323,2.7393,2.7393,154720,0
1778499318.624446,0.4,-0.25,0.6,1,0.5182,1.4054,0.218937,-0.075017,0.118259,0.0008,0.1837,0.3337,1,0.33367,2.7445,2.7445,154724,0
1778499318.674609,0.4,-0.2,0.6,1,0.6124,0.8001,0.206971,-0.067378,0.114665,0.0009,0.1611,0.4504,2,0.22518,2.1885,2.1885,154724,0
1778499318.7247,0.414883,-0.217163,0.59038,1,26.8852,29.971,0.198883,-0.063664,0.112379,0.0007,0.1483,26.7363,250,0.10695,4.6921,4.6921,154736,0
1778499318.774913,0.405216,-0.213335,0.5873,1,0.6399,0.8195,0.189216,-0.059836,0.1093,0.0009,0.1862,0.4527,2,0.22637,2.9159,2.9159,154736,0
1778499318.825016,0.395116,-0.209413,0.583799,1,0.657,0.873,0.179116,-0.055914,0.105798,0.0008,0.1785,0.4777,2,0.23885,2.0826,2.0826,154736,0
1778499318.875109,0.35,-0.2,0.6,1,0.6697,0.8543,0.15447,-0.047441,0.097988,0.0006,0.1506,0.5186,3,0.17285,0.7724,0.7724,154736,0
1778499318.925214,0.357242,-0.197443,0.571587,1,0.4853,0.6671,0.141242,-0.043944,0.093586,0.0006,0.167,0.3177,1,0.31769,2.6226,2.6226,154736,0
1778499318.975332,0.344094,-0.194312,0.566788,1,0.5046,0.7406,0.128094,-0.040813,0.088787,0.0011,0.2012,0.3022,1,0.30223,1.2804,1.2804,154736,0
1778499319.025448,0.315829,-0.189632,0.556292,1,0.5279,0.7664,0.099829,-0.036132,0.078292,0.0009,0.1737,0.3534,1,0.3534,2.8324,2.8324,154736,0
1778499319.075993,0.302917,-0.188743,0.551756,1,0.524,0.7635,0.086917,-0.035244,0.073756,0.0004,0.1103,0.4132,1,0.4132,0.692,0.692,154740,0
1778499319.126184,0.289956,-0.187861,0.548326,1,0.4145,0.6027,0.073956,-0.034362,0.070326,0.001,0.1474,0.2661,1,0.2661,0.5892,0.5892,154740,0
1778499319.176281,0.277604,-0.187215,0.545948,1,0.4195,0.5962,0.061604,-0.033715,0.067948,0.0009,0.1548,0.2637,1,0.26373,0.4686,0.4686,154740,0
1778499319.226389,0.254349,-0.187054,0.541369,1,0.4596,0.6694,0.038349,-0.033554,0.063369,0.0015,0.1776,0.2804,1,0.28043,1.2742,1.2742,154740,0
1778499319.276587,0.241537,-0.187343,0.539038,1,0.4021,0.6061,0.025537,-0.033844,0.061037,0.0009,0.1517,0.2496,1,0.24958,0.3673,0.3673,154740,0
1778499319.326779,0.22953,-0.187704,0.536817,1,0.3933,0.5828,0.01353,-0.034205,0.058817,0.0017,0.1401,0.2515,1,0.25149,0.2934,0.2934,154740,0
1778499319.376977,0.218362,-0.18827,0.53468,1,0.4502,0.6477,0.002362,-0.03477,0.056679,0.0008,0.1542,0.2951,1,0.29515,0.2479,0.2479,154748,0
1778499319.427209,0.198385,-0.188732,0.530802,1,0.4099,0.5947,-0.017615,-0.035232,0.052802,0.0009,0.1442,0.2649,1,0.26487,0.9341,0.9341,154752,0
1778499319.477311,0.189942,-0.188671,0.529128,1,0.4562,0.6639,-0.026058,-0.035172,0.051128,0.001,0.1697,0.2855,1,0.28555,0.1763,0.1763,154752,0
1778499319.527425,0.2,-0.2,0.55,1,0.5278,0.7808,-0.034245,-0.034338,0.049666,0.0008,0.1954,0.3316,1,0.3316,1.1561,1.1561,154752,0
1778499319.577565,0.15,-0.2,0.55,1,0.5457,0.7193,-0.041979,-0.033384,0.048401,0.0006,0.1559,0.3892,2,0.19462,0.3221,0.3221,154756,0
1778499319.627745,0.159873,-0.186321,0.524764,1,0.4591,0.6577,-0.056127,-0.032822,0.046764,0.0011,0.1739,0.2841,1,0.28407,2.4842,2.4842,154756,0
1778499319.67793,0.151834,-0.186832,0.524394,1,0.2649,0.3974,-0.064166,-0.033333,0.046394,0.0006,0.1075,0.1568,1,0.15682,0.2885,0.2885,154756,0
1778499319.728041,0.144149,-0.187454,0.524465,1,0.5759,0.8107,-0.071851,-0.033955,0.046465,0.0007,0.2013,0.3739,1,0.37395,0.3604,0.3604,154756,0
1778499319.778661,0.15,-0.2,0.5,1,0.4197,0.6367,-0.078854,-0.034528,0.04683,0.0012,0.1483,0.2702,1,0.27018,1.5273,1.5273,154760,0
1778499319.828207,0.1,-0.2,0.55,1,0.5628,0.7427,-0.091901,-0.035431,0.047903,0.0007,0.151,0.411,2,0.20551,0.5812,0.5812,154760,0
1778499319.878311,0.1,-0.2,0.55,1,0.4431,0.6456,-0.098126,-0.036053,0.04869,0.0009,0.1709,0.2714,1,0.2714,0.7078,0.7078,154760,0
1778499319.928528,0.111949,-0.190025,0.527611,1,0.4199,0.6194,-0.104051,-0.036526,0.049611,0.0011,0.1604,0.2584,1,0.25844,1.3915,1.3915,154760,0
1778499319.978715,0.106574,-0.190449,0.528386,1,0.4726,0.6933,-0.109426,-0.036949,0.050385,0.0009,0.1761,0.2956,1,0.29561,0.5526,0.5526,154760,0
1778499320.028817,0.096901,-0.190348,0.529177,1,0.4374,0.6294,-0.119099,-0.036849,0.051176,0.0009,0.1745,0.262,1,0.262,0.6352,0.6352,154760,0
1778499320.07896,0.092931,-0.190103,0.529239,1,0.4125,0.6196,-0.123069,-0.036604,0.051239,0.0007,0.1525,0.2593,1,0.25931,0.609,0.609,154760,0
1778499320.129053,0.089779,-0.190004,0.529005,1,0.459,0.6583,-0.126221,-0.036505,0.051005,0.0006,0.1728,0.2856,1,0.28564,0.6341,0.6341,154772,0
1778499320.179169,0.08729,-0.1905,0.528455,1,0.4104,0.6061,-0.12871,-0.037,0.050455,0.0009,0.1522,0.2573,1,0.25727,0.6483,0.6483,154772,0
1778499320.22927,0.084516,-0.195936,0.527056,1,0.5313,0.7807,-0.131484,-0.042437,0.049056,0.0009,0.192,0.3384,1,0.33836,0.6489,0.6489,154776,0
1778499320.279369,0.084114,-0.200725,0.526691,1,0.4213,0.6095,-0.131886,-0.047226,0.04869,0.001,0.155,0.2653,1,0.26534,0.555,0.555,154776,0
1778499320.32954,0.084065,-0.207098,0.526868,1,0.4363,0.6304,-0.131935,-0.053598,0.048867,0.0009,0.1829,0.2525,1,0.25246,0.3197,0.3197,154776,0
1778499320.379644,0.1,-0.2,0.55,1,0.6804,1.2207,-0.131444,-0.06164,0.049773,0.0011,0.1786,0.5006,2,0.25032,0.6699,0.6699,154776,0
1778499320.429864,0.087176,-0.232869,0.532377,1,0.5754,0.7734,-0.128824,-0.079369,0.054376,0.0008,0.1601,0.4145,2,0.20726,0.967,0.967,154776,0
1778499320.48006,0.089001,-0.242133,0.53592,1,0.7805,1.8961,-0.126999,-0.088634,0.05792,0.001,0.1968,0.5827,2,0.29135,1.1685,1.1685,154776,0
1778499320.530166,0.091355,-0.251049,0.53963,1,0.5625,1.3591,-0.124645,-0.09755,0.061629,0.0009,0.149,0.4125,2,0.20627,1.5902,1.5902,154776,0
1778499320.580256,0.094364,-0.260717,0.5432,1,0.5853,3.3605,-0.121636,-0.107218,0.0652,0.0009,0.1673,0.4171,2,0.20855,2.2412,2.2412,154780,0
1778499320.630377,0.101725,-0.284201,0.549244,1,0.8771,1.0807,-0.114275,-0.130701,0.071244,0.0003,0.2595,0.6172,3,0.20574,0.7207,0.7207,154792,0
1778499320.680524,0.105741,-0.299228,0.551946,1,0.7336,1.495,-0.110259,-0.145729,0.073945,0.0008,0.2094,0.5234,3,0.17446,0.7222,0.7222,154792,0
1778499320.731239,0.109768,-0.31463,0.554561,1,0.759,0.9324,-0.106232,-0.16113,0.076561,0.0007,0.1634,0.5949,3,0.1983,0.7777,0.7777,154792,0
1778499320.781358,0.114562,-0.330811,0.556884,1,0.7074,0.901,-0.101438,-0.177312,0.078883,0.0009,0.1823,0.5242,3,0.17473,0.8952,0.8952,154792,0
1778499320.831435,0.125489,-0.361258,0.561804,1,0.7758,0.9721,-0.090511,-0.207759,0.083803,0.0007,0.1751,0.6,3,0.19999,1.3307,1.3307,154792,0
1778499320.881696,0.15,-0.35,0.55,1,0.7462,0.9599,-0.08484,-0.221325,0.086633,0.001,0.1647,0.5805,3,0.19349,0.4465,0.4465,154792,0
1778499320.931989,0.136922,-0.387816,0.567648,1,0.8235,1.0247,-0.079078,-0.234317,0.089648,0.0006,0.1575,0.6655,3,0.22182,1.2814,1.2814,154792,0
1778499320.982068,0.142152,-0.400186,0.571002,1,0.8346,1.0183,-0.073848,-0.246687,0.093002,0.0006,0.1603,0.6737,3,0.22457,1.3171,1.3171,154796,0
1778499321.032155,0.15,-0.45,0.6,1,0.8023,0.9846,-0.062816,-0.273762,0.100133,0.0007,0.16,0.6415,3,0.21385,2.5416,2.5416,154796,0
1778499321.082248,0.158752,-0.440742,0.581763,1,0.7773,0.9822,-0.057248,-0.287243,0.103763,0.0008,0.1472,0.6292,3,0.20974,0.7096,0.7096,154796,0
1778499321.132329,0.164907,-0.449604,0.586289,1,0.8609,1.2253,-0.051093,-0.296105,0.108288,0.0009,0.1604,0.6996,3,0.23321,0.6031,0.6031,154796,0
1778499321.182406,0.171976,-0.455287,0.590681,1,0.7967,0.973,-0.044024,-0.301788,0.112681,0.0007,0.1565,0.6395,3,0.21315,0.4413,0.4413,154796,0
1778499321.233111,0.190813,-0.459553,0.598272,1,0.399,0.5175,-0.025187,-0.306054,0.120272,0.0006,0.1075,0.2909,3,0.09697,0.4565,0.4565,154796,0
1778499321.283703,0.202364,-0.461687,0.600933,1,0.6796,0.8655,-0.013636,-0.308188,0.122933,0.001,0.1466,0.532,3,0.17732,0.5284,0.5284,154796,0
1778499321.333819,0.214731,-0.462868,0.602742,1,0.6091,0.816,-0.001269,-0.309369,0.124742,0.001,0.1892,0.4189,2,0.20945,2.1742,2.1742,154796,0
1778499321.383858,0.227948,-0.462943,0.603917,1,0.6379,1.3585,0.011948,-0.309444,0.125917,0.0008,0.175,0.4621,2,0.23105,1.7362,1.7362,154796,0
1778499321.433966,0.255163,-0.46064,0.604947,1,0.5521,0.7515,0.039163,-0.307141,0.126947,0.0006,0.1613,0.3902,2,0.19511,2.0754,2.0754,154800,0
1778499321.48404,0.269465,-0.45584,0.605508,1,0.6058,0.809,0.053465,-0.30234,0.127507,0.0009,0.1598,0.4451,2,0.22253,1.9279,1.9279,154800,0
1778499321.534153,0.283172,-0.448188,0.606491,1,0.6582,0.8565,0.067172,-0.294688,0.128491,0.0008,0.1688,0.4886,2,0.24429,2.1433,2.1433,154808,0
1778499321.584246,0.296676,-0.43834,0.607929,1,0.6693,1.5658,0.080676,-0.284841,0.129929,0.0009,0.1808,0.4877,2,0.24383,2.349,2.349,154808,0
1778499321.634346,0.3,-0.4,0.6,1,0.544,0.7606,0.107419,-0.264514,0.133853,0.0008,0.1427,0.4005,2,0.20024,1.6055,1.6055,154808,0
1778499321.684451,0.336574,-0.407518,0.614334,1,23.5915,24.9154,0.120574,-0.254019,0.136333,0.0008,0.176,23.4147,250,0.09366,3.6708,3.6708,154808,0
1778499321.734557,0.349551,-0.397532,0.616943,1,20.483,23.2607,0.133551,-0.244033,0.138943,0.0007,0.1582,20.3241,250,0.0813,4.7141,4.7141,154808,0
1778499321.784746,0.363367,-0.38848,0.619455,1,25.0804,27.0891,0.147367,-0.234981,0.141455,0.0009,0.1823,24.8972,250,0.09959,7.2188,7.2188,154812,0
1778499321.834857,0.35,-0.35,0.6,1,0.7791,0.9767,0.173776,-0.214483,0.146064,0.0008,0.1653,0.613,3,0.20433,2.1997,2.1997,154812,0
1778499321.884953,0.35,-0.35,0.65,1,0.5339,0.7277,0.18538,-0.202947,0.14823,0.0008,0.1394,0.3936,2,0.19682,1.5877,1.5877,154812,0
1778499321.935049,0.4,-0.3,0.65,1,21.866,22.9622,0.196108,-0.190514,0.150522,0.0007,0.1623,21.7031,250,0.08681,3.4709,3.4709,154812,0
1778499321.985578,0.4,-0.3,0.65,1,21.0625,21.9947,0.214439,-0.16546,0.155488,0.0007,0.1521,20.9097,250,0.08364,3.4811,3.4811,154812,0
1778499322.035671,0.4,-0.3,0.65,1,20.3431,21.3697,0.222175,-0.15343,0.157874,0.0006,0.1556,20.1869,250,0.08075,3.4868,3.4868,154812,0
1778499322.085764,0.4,-0.3,0.65,1,21.2089,22.4073,0.228378,-0.14257,0.15975,0.0005,0.1394,21.069,250,0.08428,3.4913,3.4913,154812,0
1778499322.135889,0.4,-0.3,0.65,1,17.0366,18.2418,0.233304,-0.131278,0.161393,0.0008,0.1292,16.9066,250,0.06763,3.4999,3.4999,154812,0
1778499322.185959,0.4,-0.25,0.65,1,0.5509,0.7502,0.238462,-0.110329,0.163647,0.0007,0.1438,0.4063,2,0.20317,2.7263,2.7263,154816,0
1778499322.236037,0.4,-0.25,0.65,1,0.4194,0.6241,0.239353,-0.101836,0.164221,0.0008,0.158,0.2606,1,0.26058,1.9836,1.9836,154816,0
1778499322.286119,0.4,-0.25,0.65,1,0.4131,0.6249,0.239485,-0.094764,0.164559,0.0009,0.1495,0.2627,1,0.26272,1.9888,1.9888,154816,0
1778499322.336195,0.4,-0.25,0.65,1,0.4022,0.5795,0.238158,-0.088362,0.164607,0.0006,0.1389,0.2628,1,0.26277,2.0009,2.0009,154816,0
1778499322.386271,0.4,-0.25,0.65,1,0.4395,0.6243,0.230321,-0.077809,0.163325,0.0007,0.1468,0.292,1,0.29201,2.0312,2.0312,154828,0
1778499322.436365,0.4,-0.25,0.65,1,0.4959,0.6966,0.223911,-0.073548,0.1619,0.001,0.1715,0.3235,1,0.32348,2.039,2.039,154828,0
1778499322.486453,0.4,-0.2,0.65,1,0.5634,0.7573,0.215049,-0.069455,0.159729,0.0006,0.1572,0.4056,2,0.20278,1.6963,1.6963,154828,0
1778499322.536536,0.4,-0.2,0.65,1,0.4004,0.5978,0.204126,-0.065239,0.156973,0.0007,0.1468,0.2529,1,0.25294,1.6224,1.6224,154828,0
1778499322.586641,0.394005,-0.212032,0.628813,1,0.3984,0.588,0.178005,-0.058533,0.150813,0.0008,0.1434,0.2541,1,0.25413,2.3643,2.3643,154832,0
1778499322.636741,0.4,-0.2,0.65,1,0.5075,0.7279,0.162098,-0.056149,0.148109,0.0008,0.1793,0.3273,1,0.32734,2.3746,2.3746,154832,0
1778499322.686822,0.356992,-0.207355,0.623236,1,0.5463,0.7463,0.140992,-0.053856,0.145235,0.001,0.1444,0.4009,2,0.20045,2.4828,2.4828,154832,0
1778499322.736983,0.33464,-0.204242,0.61998,1,0.4296,0.6367,0.11864,-0.050743,0.14198,0.0009,0.1591,0.2696,1,0.26957,2.3535,2.3535,154832,0
1778499322.787078,0.291654,-0.200416,0.611714,1,0.5607,0.7411,0.075654,-0.046917,0.133713,0.0006,0.1482,0.4119,2,0.20597,0.6662,0.6662,154832,0
1778499322.837293,0.270223,-0.199297,0.607656,1,0.4305,0.6372,0.054223,-0.045798,0.129656,0.0007,0.154,0.2757,1,0.27574,0.9571,0.9571,154832,0
1778499322.887468,0.248622,-0.198638,0.603768,1,0.4746,0.6714,0.032622,-0.045138,0.125768,0.0012,0.182,0.2915,1,0.29148,0.8952,0.8952,154832,0
1778499322.937568,0.227608,-0.197838,0.600678,1,0.4492,0.6671,0.011608,-0.044339,0.122678,0.0009,0.1575,0.2908,1,0.29076,0.8608,0.8608,154832,0
1778499322.98767,0.189646,-0.196579,0.597421,1,0.5253,0.7014,-0.026354,-0.043079,0.11942,0.0008,0.1408,0.3836,2,0.19181,0.2722,0.2722,154832,0
1778499323.037758,0.172523,-0.198403,0.598094,1,0.4013,0.5874,-0.043477,-0.044904,0.120093,0.0007,0.1427,0.2578,1,0.25784,0.8604,0.8604,154836,0
1778499323.087865,0.158064,-0.201809,0.600616,1,0.4178,0.6153,-0.057936,-0.04831,0.122616,0.0008,0.1652,0.2518,1,0.25177,0.9861,0.9861,154836,0
1778499323.137962,0.143993,-0.205323,0.604966,1,0.4563,0.6506,-0.072007,-0.051823,0.126966,0.0008,0.1603,0.2952,1,0.29521,1.3435,1.3435,154836,0
1778499323.188076,0.119445,-0.205972,0.611789,1,0.6947,0.9029,-0.096555,-0.052473,0.133789,0.0008,0.1751,0.5188,2,0.25938,0.7187,0.7187,154848,0
1778499323.238208,0.110561,-0.20374,0.611942,1,0.5683,0.7444,-0.105439,-0.050241,0.133942,0.0007,0.1625,0.4051,2,0.20255,0.7189,0.7189,154848,0
1778499323.288301,0.103215,-0.201597,0.609456,1,23.5267,27.1668,-0.112785,-0.048098,0.131455,0.0007,0.1546,23.3714,250,0.09349,4.963,4.963,154848,0
1778499323.338405,0.097854,-0.199512,0.604963,1,20.9548,24.5318,-0.118146,-0.046012,0.126963,0.0008,0.1415,20.8125,250,0.08325,6.5527,6.5527,154852,0
1778499323.388518,0.090731,-0.194828,0.592052,1,21.2953,24.3364,-0.125269,-0.041329,0.114052,0.0009,0.1529,21.1416,250,0.08457,3.7433,3.7433,154852,0
1778499323.438614,0.08886,-0.192468,0.585946,1,0.552,0.7388,-0.12714,-0.038969,0.107945,0.0006,0.1498,0.4016,2,0.20079,1.1169,1.1169,154852,0
1778499323.488847,0.087958,-0.190116,0.580982,1,0.6004,0.7942,-0.128042,-0.036617,0.102981,0.0008,0.1665,0.4331,2,0.21657,0.8198,0.8198,154852,0
1778499323.538944,0.087696,-0.187674,0.577069,1,0.6218,0.8241,-0.128304,-0.034175,0.099068,0.0008,0.176,0.445,2,0.22248,0.8016,0.8016,154852,0
1778499323.589041,0.1,-0.2,0.55,1,0.4668,0.6589,-0.128468,-0.030021,0.094057,0.0011,0.1861,0.2796,1,0.27955,1.1643,1.1643,154852,0
1778499323.639142,0.1,-0.2,0.55,1,0.4977,0.7298,-0.132099,-0.03034,0.093802,0.0008,0.185,0.3119,1,0.3119,0.8128,0.8128,154852,0
1778499323.689242,0.1,-0.2,0.55,1,0.4419,0.6313,-0.135664,-0.032209,0.094384,0.0009,0.165,0.2759,1,0.27589,0.7583,0.7583,154852,0
1778499323.739335,0.1,-0.2,0.55,1,0.5012,0.7072,-0.138395,-0.034718,0.095228,0.0007,0.1857,0.3148,1,0.31481,0.7467,0.7467,154852,0
1778499323.78947,0.05,-0.2,0.55,1,0.6809,0.8899,-0.142814,-0.039727,0.097012,0.001,0.2239,0.456,2,0.22798,0.8891,0.8891,154864,0
1778499323.839586,0.05,-0.2,0.55,1,0.6417,0.8501,-0.144256,-0.042046,0.097539,0.0009,0.1809,0.4598,2,0.22991,0.9481,0.9481,154864,0
1778499323.889701,0.05,-0.2,0.55,1,0.7042,1.6684,-0.145485,-0.045734,0.097522,0.001,0.1656,0.5377,2,0.26885,0.9392,0.9392,154864,0
1778499323.939872,0.05,-0.2,0.55,1,0.6176,2.5222,-0.146112,-0.050724,0.096912,0.0009,0.1718,0.4449,2,0.22245,0.9126,0.9126,154864,0
1778499323.989951,0.05,-0.2,0.55,1,0.5634,1.1956,-0.14652,-0.067386,0.093224,0.0009,0.1589,0.4036,2,0.20179,0.8871,0.8871,154864,0
1778499324.040059,0.05,-0.25,0.55,1,0.7296,1.3446,-0.145583,-0.077896,0.090254,0.0008,0.1714,0.5573,3,0.18578,0.9954,0.9954,154864,0
1778499324.090169,0.071948,-0.242277,0.565164,1,0.6909,1.5976,-0.144052,-0.088778,0.087164,0.0014,0.1933,0.4961,2,0.24807,1.4341,1.4341,154864,0
1778499324.140255,0.074336,-0.252821,0.562475,1,0.533,1.2496,-0.141664,-0.099322,0.084474,0.0007,0.1443,0.3879,2,0.19397,2.8621,2.8621,154864,0
1778499324.190374,0.1,-0.3,0.55,1,0.7358,1.3295,-0.136018,-0.121621,0.081303,0.0009,0.1665,0.5685,3,0.18949,1.0913,1.0913,154880,0
1778499324.24046,0.083397,-0.286715,0.558522,1,0.6949,1.4832,-0.132603,-0.133216,0.080522,0.0012,0.1609,0.5328,3,0.17761,0.7907,0.7907,154884,0
1778499324.290656,0.086883,-0.298992,0.558308,1,0.7482,0.9496,-0.129117,-0.145492,0.080308,0.0012,0.1706,0.5764,3,0.19215,0.9665,0.9665,154884,0
1778499324.34077,0.090341,-0.311268,0.558717,1,0.6949,1.2161,-0.125659,-0.157768,0.080717,0.0011,0.1613,0.5325,3,0.1775,1.0874,1.0874,154884,0
1778499324.391335,0.098044,-0.335523,0.561533,1,0.815,1.2033,-0.117956,-0.182024,0.083533,0.0007,0.1718,0.6425,3,0.21416,1.7358,1.7358,154884,0
1778499324.441445,0.102539,-0.348082,0.564022,1,0.6746,0.8586,-0.113461,-0.194583,0.086022,0.0008,0.1559,0.5179,3,0.17264,1.913,1.913,154884,0
1778499324.491545,0.107258,-0.360107,0.566789,1,0.7827,0.9814,-0.108742,-0.206608,0.088789,0.0009,0.1821,0.5996,3,0.19988,2.2791,2.2791,154884,0
1778499324.541698,0.1,-0.35,0.55,1,0.6989,0.9052,-0.10327,-0.220178,0.092578,0.001,0.1658,0.5322,3,0.17739,1.5125,1.5125,154884,0
1778499324.591773,0.1,-0.4,0.6,1,0.8911,1.0955,-0.091492,-0.246273,0.10235,0.001,0.1589,0.7313,4,0.18281,1.7935,1.7935,154888,0
1778499324.642,0.130271,-0.411874,0.585515,1,0.8296,1.0205,-0.085729,-0.258375,0.107514,0.0008,0.1558,0.673,4,0.16826,0.7406,0.7406,154888,0
1778499324.692081,0.136218,-0.423906,0.590589,1,0.7928,0.9756,-0.079782,-0.270407,0.112589,0.001,0.1496,0.6422,4,0.16056,0.6186,0.6186,154888,0
1778499324.742184,0.141586,-0.43657,0.595531,1,0.7226,0.9147,-0.074414,-0.283071,0.11753,0.0008,0.1606,0.5611,3,0.18704,2.9743,2.9743,154888,0
1778499324.793379,0.150564,-0.454987,0.604653,1,0.6688,0.8579,-0.065436,-0.301488,0.126652,0.0008,0.1594,0.5086,3,0.16954,1.9416,1.9416,154888,0
1778499324.843463,0.154398,-0.461867,0.60869,1,0.7924,0.9992,-0.061602,-0.308368,0.13069,0.0007,0.1704,0.6213,3,0.2071,1.3545,1.3545,154888,0
1778499324.893655,0.158257,-0.467811,0.612222,1,0.6624,0.8496,-0.057743,-0.314311,0.134222,0.0008,0.1466,0.5149,3,0.17165,0.9529,0.9529,154888,0
1778499324.94382,0.15,-0.45,0.6,1,0.7477,0.9341,-0.053829,-0.319601,0.137608,0.0008,0.167,0.5799,3,0.1933,1.349,1.349,154888,0
1778499324.993944,0.15,-0.5,0.6,1,0.8167,1.0226,-0.045241,-0.32567,0.144325,0.0009,0.1717,0.6441,3,0.21472,1.0619,1.0619,154904,0
1778499325.044036,0.2,-0.5,0.65,1,0.4005,0.5325,-0.039354,-0.327978,0.147122,0.0003,0.1109,0.2893,3,0.09642,1.6018,1.6018,154904,0
1778499325.094129,0.2,-0.5,0.65,1,0.6026,0.7883,-0.032495,-0.329282,0.149439,0.0008,0.168,0.4338,2,0.2169,1.4565,1.4565,154904,0
1778499325.144221,0.191948,-0.481455,0.629914,1,0.6921,0.865,-0.024052,-0.327956,0.151914,0.0007,0.1633,0.5281,3,0.17602,0.5269,0.5269,154904,0
1778499325.19431,0.212388,-0.477525,0.635158,1,0.5725,0.7584,-0.003612,-0.324026,0.157158,0.0007,0.1671,0.4047,2,0.20234,2.3442,2.3442,154904,0
1778499325.2444,0.2,-0.45,0.65,1,0.8672,1.0974,0.008294,-0.321343,0.159999,0.0008,0.196,0.6704,3,0.22348,0.3113,0.3113,154904,0
1778499325.294492,0.237178,-0.470306,0.641017,1,0.6707,0.8515,0.021178,-0.316807,0.163016,0.0008,0.1491,0.5209,3,0.17364,1.1139,1.1139,154904,0
1778499325.344574,0.249965,-0.464065,0.644006,1,0.602,1.5022,0.033965,-0.310565,0.166006,0.0008,0.1569,0.4443,2,0.22214,1.3697,1.3697,154904,0
1778499325.394758,0.276504,-0.450294,0.649737,1,0.5597,0.7556,0.060504,-0.296794,0.171737,0.0009,0.1498,0.409,2,0.2045,1.6237,1.6237,154908,0
1778499325.445084,0.290099,-0.441755,0.65251,1,0.5693,0.761,0.074099,-0.288255,0.174509,0.0008,0.151,0.4174,2,0.20872,1.7747,1.7747,154908,0
1778499325.495177,0.303094,-0.432405,0.655098,1,0.5653,0.7697,0.087094,-0.278906,0.177098,0.0008,0.1585,0.4059,2,0.20297,1.9493,1.9493,154908,0
1778499325.545351,0.327801,-0.410438,0.660039,1,0.4086,0.6019,0.111801,-0.256939,0.182039,0.0007,0.1494,0.2584,1,0.2584,2.9574,2.9574,154908,0
1778499325.595454,0.33888,-0.398655,0.662161,1,0.4441,0.6437,0.12288,-0.245155,0.18416,0.0006,0.1702,0.2733,1,0.27332,2.5854,2.5854,154908,0
1778499325.645542,0.349787,-0.387701,0.663928,1,0.4509,0.6917,0.133787,-0.234202,0.185928,0.0012,0.1587,0.2911,1,0.29113,2.7642,2.7642,154908,0
1778499325.695645,0.359701,-0.377984,0.66528,1,21.6333,22.8513,0.143701,-0.224485,0.187279,0.0009,0.1814,21.4511,250,0.0858,3.0484,3.0484,154908,0
1778499325.74574,0.35,-0.35,0.65,1,0.5415,0.7145,0.161911,-0.206115,0.18929,0.0007,0.1337,0.407,2,0.2035,1.9747,1.9747,154908,0
1778499325.795816,0.35,-0.35,0.65,0,24.0291,25.7973,0.169747,-0.196283,0.190064,0.0008,0.1531,23.8752,250,0.0955,13.5737,13.5737,154912,0
1778499325.845896,0.35,-0.35,0.65,0,18.9212,19.6202,0.177539,-0.187482,0.19068,0.0008,0.1551,18.7654,250,0.07506,14.4497,14.4497,154924,0
1778499325.895975,0.35,-0.35,0.65,0,20.0711,21.2953,0.18463,-0.179595,0.191144,0.0007,0.1454,19.925,250,0.0797,14.8093,14.8093,154924,0
1778499325.946307,0.41233,-0.317506,0.669953,1,20.0232,22.8298,0.19633,-0.164007,0.191952,0.0008,0.1514,19.871,250,0.07948,9.7147,9.7147,154924,0
1778499325.996393,0.41233,-0.317506,0.669953,0,20.8999,24.7035,0.201109,-0.155374,0.192343,0.0014,0.1472,20.7513,250,0.08301,13.356,13.356,154924,0
1778499326.046489,0.4,-0.3,0.65,1,20.9283,24.6951,0.205754,-0.146591,0.192737,0.0008,0.143,20.7845,250,0.08314,3.5687,3.5687,154924,0
1778499326.096592,0.4,-0.3,0.65,1,15.7588,16.9444,0.209816,-0.137427,0.193252,0.0006,0.1561,15.6021,250,0.06241,3.5778,3.5778,154924,0
1778499326.146774,0.4,-0.3,0.65,1,21.8273,22.4473,0.218065,-0.121653,0.194874,0.0007,0.1737,21.6528,250,0.08661,3.598,3.598,154924,0
1778499326.196958,0.4,-0.25,0.65,1,0.5244,0.7207,0.221892,-0.114754,0.195982,0.0007,0.1396,0.3841,2,0.19207,2.7393,2.7393,154928,0
1778499326.247044,0.4,-0.25,0.7,1,0.5554,0.743,0.224817,-0.107896,0.197222,0.0009,0.1443,0.4101,2,0.20507,1.8697,1.8697,154928,0
1778499326.29715,0.4,-0.25,0.7,1,0.3982,0.5942,0.226422,-0.10109,0.198411,0.0007,0.1478,0.2497,1,0.24974,1.8793,1.8793,154932,0
1778499326.347255,0.4,-0.25,0.7,1,0.4056,0.5982,0.226032,-0.088607,0.199637,0.0008,0.1467,0.2582,1,0.25819,1.8942,1.8942,154932,0
1778499326.397363,0.4,-0.25,0.7,1,0.426,0.632,0.224332,-0.083783,0.199361,0.001,0.1681,0.2569,1,0.25691,1.897,1.897,154932,0
1778499326.447503,0.4,-0.25,0.7,1,0.4703,0.6648,0.221093,-0.079913,0.198084,0.0006,0.1816,0.2881,1,0.2881,1.9046,1.9046,154932,0
1778499326.497694,0.4,-0.25,0.65,1,0.5454,0.7252,0.216334,-0.076441,0.19574,0.0009,0.1478,0.3968,2,0.19838,2.0515,2.0515,154932,0
1778499326.547923,0.4,-0.2,0.65,1,0.6189,0.8236,0.202298,-0.068192,0.189029,0.0009,0.1589,0.459,2,0.22951,1.7298,1.7298,154932,0
1778499326.598027,0.408618,-0.217454,0.662514,1,0.5509,0.7324,0.192618,-0.063955,0.184514,0.0009,0.1526,0.3974,2,0.19871,2.1614,2.1614,154936,0
1778499326.648137,0.397036,-0.213579,0.657103,1,0.568,0.7609,0.181036,-0.06008,0.179103,0.001,0.1524,0.4145,2,0.20726,1.5864,1.5864,154936,0
1778499326.698236,0.384431,-0.211137,0.65087,1,0.4256,0.608,0.168431,-0.057638,0.17287,0.0008,0.148,0.2768,1,0.27682,2.3855,2.3855,154944,0
1778499326.748338,0.353842,-0.210079,0.636786,1,0.6032,0.786,0.137842,-0.05658,0.158785,0.001,0.1679,0.4343,2,0.21716,0.9396,0.9396,154944,0
1778499326.798446,0.337093,-0.210735,0.629635,1,0.4273,0.6196,0.121093,-0.057236,0.151635,0.0009,0.1629,0.2634,1,0.26342,1.3553,1.3553,154944,0
1778499326.84854,0.3,-0.2,0.6,1,0.6348,0.8573,0.103979,-0.058394,0.144131,0.0009,0.1742,0.4597,2,0.22986,0.5199,0.5199,154944,0
1778499326.898704,0.301504,-0.213525,0.614361,1,0.4113,0.5961,0.085504,-0.060026,0.136361,0.0008,0.1571,0.2534,1,0.25341,0.8726,0.8726,154944,0
1778499326.948873,0.264412,-0.217652,0.59934,1,0.587,0.7799,0.048412,-0.064152,0.121339,0.0008,0.1633,0.4229,2,0.21146,0.2769,0.2769,154944,0
1778499326.99893,0.245205,-0.220469,0.592553,1,0.4156,0.6108,0.029205,-0.066969,0.114553,0.0011,0.1576,0.2569,1,0.25692,1.0463,1.0463,154948,0
1778499327.049032,0.25,-0.2,0.6,1,0.4166,0.6153,0.009458,-0.070905,0.10861,0.0009,0.1675,0.2482,1,0.2482,0.806,0.806,154948,0
1778499327.099104,0.206926,-0.228676,0.582269,1,0.6079,0.8047,-0.009074,-0.075177,0.104269,0.0007,0.2127,0.3945,2,0.19723,0.1755,0.1755,154948,0
1778499327.149199,0.15,-0.25,0.6,1,0.5493,0.7341,-0.043913,-0.080821,0.097403,0.0006,0.1461,0.4025,2,0.20127,0.4349,0.4349,154948,0
1778499327.199314,0.156802,-0.235319,0.572165,1,0.4017,0.6021,-0.059198,-0.08182,0.094165,0.0008,0.1473,0.2537,1,0.25372,1.9641,1.9641,154948,0
1778499327.249413,0.143057,-0.235717,0.568875,1,0.454,0.6646,-0.072943,-0.082218,0.090875,0.0008,0.1823,0.2709,1,0.27089,1.2499,1.2499,154948,0
1778499327.299817,0.130364,-0.236114,0.565542,1,0.4643,0.7057,-0.085636,-0.082615,0.087542,0.0014,0.1684,0.2945,1,0.29446,1.9343,1.9343,154948,0
1778499327.349947,0.109387,-0.235766,0.559444,1,0.4043,1.2635,-0.106613,-0.082267,0.081444,0.0007,0.1585,0.2451,1,0.24507,2.596,2.596,154948,0
1778499327.400039,0.100463,-0.234415,0.555633,1,0.6081,0.7933,-0.115537,-0.080915,0.077633,0.0007,0.1676,0.4397,2,0.21984,1.0119,1.0119,154948,0
1778499327.45023,0.093011,-0.231433,0.5512,1,0.5589,1.4543,-0.122989,-0.077934,0.0732,0.0009,0.1516,0.4064,2,0.2032,0.8738,0.8738,154952,0
1778499327.500334,0.086829,-0.227574,0.547251,1,0.5974,1.3595,-0.129171,-0.074075,0.069251,0.0008,0.1656,0.4309,2,0.21546,0.8319,0.8319,154952,0
1778499327.55052,0.1,-0.2,0.55,1,0.5977,0.7936,-0.139171,-0.066769,0.063552,0.0011,0.1744,0.4222,2,0.21111,0.6737,0.6737,154952,0
1778499327.601198,0.05,-0.2,0.55,1,0.6121,0.8073,-0.143318,-0.064402,0.062262,0.0009,0.1771,0.4341,2,0.21703,0.7971,0.7971,154952,0
1778499327.651492,0.069099,-0.21682,0.539632,1,0.5732,0.7572,-0.146901,-0.063321,0.061632,0.0008,0.1669,0.4055,2,0.20276,0.8648,0.8648,154952,0
1778499327.70528,0.064983,-0.217744,0.539945,1,0.358,0.5824,-0.151017,-0.064245,0.061945,0.0004,0.109,0.2486,2,0.12432,0.8095,0.8095,154952,0
1778499327.755362,0.064371,-0.21929,0.540894,1,0.5669,0.7558,-0.151629,-0.065791,0.062893,0.0007,0.1673,0.3989,2,0.19945,0.8209,0.8209,154952,0
1778499327.80554,0.064307,-0.221026,0.542182,1,0.5954,0.7814,-0.151693,-0.067527,0.064182,0.0009,0.1615,0.433,2,0.21649,0.8306,0.8306,154952,0
1778499327.855721,0.064527,-0.223075,0.543313,1,0.5939,0.7747,-0.151473,-0.069575,0.065313,0.0007,0.1609,0.4324,2,0.21618,0.8504,0.8504,154968,0
1778499327.905976,0.065796,-0.228497,0.544287,1,0.5419,0.7419,-0.150204,-0.074998,0.066286,0.0008,0.1497,0.3914,2,0.1957,0.9747,0.9747,154968,0
1778499327.956075,0.066905,-0.232028,0.543992,1,0.6012,0.7793,-0.149095,-0.078529,0.065992,0.0008,0.1574,0.4431,2,0.22154,1.0769,1.0769,154968,0
1778499328.006191,0.068416,-0.23621,0.543266,1,0.6126,0.8236,-0.147584,-0.082711,0.065266,0.0011,0.1618,0.4497,2,0.22486,1.2448,1.2448,154968,0
1778499328.056293,0.070113,-0.241226,0.542557,1,0.5593,0.7285,-0.145887,-0.087727,0.064557,0.0009,0.1578,0.4007,2,0.20034,1.491,1.491,154968,0
1778499328.106402,0.07366,-0.253476,0.542892,1,0.5544,0.7486,-0.14234,-0.099977,0.064892,0.001,0.1668,0.3866,2,0.19331,2.4622,2.4622,154968,0
1778499328.156605,0.075752,-0.261882,0.54413,1,0.6556,0.8341,-0.140248,-0.108383,0.06613,0.0008,0.1444,0.5104,3,0.17014,0.8356,0.8356,154968,0
1778499328.206793,0.1,-0.25,0.55,1,0.573,0.7893,-0.137781,-0.118012,0.067363,0.0007,0.1564,0.4159,2,0.20793,1.3991,1.3991,154972,0
1778499328.256875,0.080875,-0.283269,0.546356,1,0.8825,1.089,-0.135125,-0.12977,0.068356,0.0009,0.1904,0.6912,3,0.2304,0.8619,0.8619,154988,0
1778499328.306968,0.088309,-0.306039,0.546371,1,0.7147,0.9046,-0.127691,-0.15254,0.068371,0.0008,0.1583,0.5556,3,0.18521,0.932,0.932,154988,0
1778499328.357074,0.092655,-0.316335,0.545921,1,0.7455,0.9226,-0.123345,-0.162836,0.067921,0.0007,0.1707,0.5741,3,0.19138,0.8758,0.8758,154988,0
1778499328.407176,0.097008,-0.327198,0.545825,1,0.6739,0.8588,-0.118992,-0.173699,0.067825,0.001,0.1503,0.5225,3,0.17418,0.9501,0.9501,154988,0
1778499328.457294,0.100922,-0.33762,0.546658,1,0.6858,0.8726,-0.115078,-0.184121,0.068657,0.0008,0.1561,0.5289,3,0.17631,1.0535,1.0535,154988,0
1778499328.507362,0.1079,-0.359509,0.551358,1,0.6796,0.8558,-0.1081,-0.206009,0.073358,0.0007,0.1517,0.5271,3,0.1757,1.6568,1.6568,154988,0
1778499328.55755,0.111436,-0.371189,0.554701,1,0.6635,0.8501,-0.104564,-0.21769,0.076701,0.0008,0.1514,0.5113,3,0.17043,1.8861,1.8861,154988,0
1778499328.607742,0.115065,-0.382353,0.558348,1,0.694,0.8882,-0.100935,-0.228854,0.080348,0.0009,0.1541,0.5391,3,0.17969,2.252,2.252,154992,0
1778499328.65805,0.118555,-0.392992,0.562435,1,0.7139,0.9049,-0.097445,-0.239493,0.084435,0.001,0.1654,0.5475,3,0.1825,2.6203,2.6203,154992,0
1778499328.708153,0.15,-0.4,0.55,1,0.815,1.0225,-0.090555,-0.258151,0.093097,0.001,0.1785,0.6355,3,0.21184,0.6353,0.6353,154992,0
1778499328.75824,0.15,-0.4,0.6,1,0.7179,0.9044,-0.086748,-0.266878,0.097567,0.0008,0.1643,0.5528,3,0.18428,1.3171,1.3171,154992,0
1778499328.808327,0.15,-0.45,0.6,1,0.693,0.875,-0.082703,-0.273648,0.102134,0.0006,0.1528,0.5397,3,0.17991,2.881,2.881,154992,0
1778499328.858405,0.137851,-0.432831,0.584568,1,0.6931,0.8761,-0.078149,-0.279332,0.106567,0.0011,0.1482,0.5438,3,0.18127,2.4978,2.4978,154992,0
1778499328.908524,0.150032,-0.441478,0.593149,1,0.9325,1.1862,-0.065968,-0.287979,0.115149,0.0012,0.1881,0.7433,3,0.24776,1.7229,1.7229,154992,0
1778499328.958632,0.157495,-0.443954,0.59746,1,0.6759,0.8368,-0.058505,-0.290455,0.11946,0.0006,0.164,0.5113,3,0.17042,1.1053,1.1053,154992,0
1778499329.008712,0.165462,-0.445522,0.601614,1,0.686,0.8753,-0.050538,-0.292023,0.123614,0.0007,0.1475,0.5377,3,0.17924,0.661,0.661,155004,0
1778499329.058848,0.174188,-0.446228,0.605787,1,0.4091,0.5205,-0.041812,-0.292729,0.127787,0.0004,0.1084,0.3002,3,0.10007,0.3793,0.3793,155004,0
1778499329.108991,0.194912,-0.450665,0.612561,1,0.4031,0.5356,-0.021088,-0.297165,0.13456,0.0004,0.1131,0.2896,3,0.09652,0.3569,0.3569,155004,0
1778499329.159189,0.205745,-0.451918,0.615357,1,1.1647,1.3506,-0.010255,-0.298419,0.137356,0.0003,0.1534,1.011,2,0.50551,2.9404,2.9404,155004,0
1778499329.209292,0.217364,-0.452348,0.617548,1,0.553,0.7474,0.001364,-0.298849,0.139548,0.0007,0.1477,0.4046,2,0.2023,1.805,1.805,155004,0
1778499329.259391,0.229984,-0.452343,0.619415,1,0.5826,0.7492,0.013984,-0.298844,0.141414,0.0015,0.18,0.4011,2,0.20057,1.4251,1.4251,155004,0
1778499329.309489,0.25359,-0.44907,0.622388,1,0.6554,0.8594,0.03759,-0.295571,0.144388,0.001,0.1669,0.4875,2,0.24373,1.5023,1.5023,155004,0
1778499329.359611,0.266057,-0.446622,0.623538,1,0.6776,3.6302,0.050057,-0.293123,0.145538,0.001,0.1945,0.4821,2,0.24104,1.3795,1.3795,155004,0
1778499329.409767,0.3,-0.45,0.6,1,23.6472,27.0963,0.062295,-0.289444,0.146725,0.0008,0.157,23.4893,250,0.09396,4.482,4.482,155008,0
1778499329.459925,0.289385,-0.437957,0.62599,1,0.7517,0.929,0.073385,-0.284458,0.14799,0.0008,0.1682,0.5826,3,0.1942,1.7338,1.7338,155008,0
1778499329.510027,0.3,-0.45,0.65,1,0.5809,1.4111,0.094771,-0.273484,0.150906,0.0008,0.1632,0.417,2,0.20848,2.8849,2.8849,155008,0
1778499329.560148,0.3,-0.4,0.65,1,0.7674,1.8952,0.105281,-0.266208,0.152723,0.001,0.1773,0.5891,3,0.19636,1.0329,1.0329,155008,0
1778499329.610336,0.332072,-0.412576,0.632681,1,24.4513,28.058,0.116072,-0.259077,0.154681,0.0011,0.1676,24.2826,250,0.09713,3.095,3.095,155008,0
1778499329.660534,0.342799,-0.405911,0.634498,1,18.9996,20.2038,0.126799,-0.252412,0.156498,0.0008,0.148,18.8508,250,0.0754,3.8599,3.8599,155008,0
1778499329.710631,0.361928,-0.390874,0.637819,1,15.3108,15.9347,0.145928,-0.237374,0.159818,0.001,0.1728,15.1369,250,0.06055,5.9034,5.9034,155020,0
1778499329.761373,0.370429,-0.381793,0.639416,1,22.5377,22.7335,0.154429,-0.228294,0.161416,0.0008,0.1455,22.3914,250,0.08957,6.8764,6.8764,155024,0
1778499329.813687,0.35,-0.35,0.65,1,0.7368,0.9524,0.162714,-0.219632,0.162884,0.0008,0.163,0.5731,3,0.19103,2.2594,2.2594,155024,0
1778499329.864243,0.35,-0.35,0.65,1,0.4837,1.1999,0.171496,-0.211968,0.164238,0.0009,0.1642,0.3186,1,0.31864,2.0879,2.0879,155024,0
1778499329.914355,0.4,-0.3,0.65,1,24.4935,28.4606,0.18696,-0.197737,0.16655,0.0009,0.1725,24.3201,250,0.09728,3.4981,3.4981,155024,0
1778499329.964449,0.4,-0.3,0.65,1,22.5109,24.245,0.193171,-0.190229,0.167497,0.0006,0.1572,22.3531,250,0.08941,3.5013,3.5013,155024,0
1778499330.014521,0.4,-0.3,0.65,1,10.1936,10.9582,0.198955,-0.182834,0.168271,0.0004,0.1022,10.091,250,0.04036,3.5046,3.5046,155024,0
1778499330.064725,0.4,-0.3,0.65,1,21.915,23.5042,0.204017,-0.175183,0.168869,0.0011,0.1623,21.7516,250,0.08701,3.5093,3.5093,155024,0
1778499330.114885,0.4,-0.3,0.65,0,21.5942,22.6595,0.209875,-0.15831,0.169337,0.0008,0.1352,21.4582,250,0.08583,29.9985,29.9985,155024,0
1778499330.164991,0.4,-0.3,0.65,0,20.6178,21.7042,0.211162,-0.149362,0.168981,0.0009,0.1519,20.465,250,0.08186,28.0589,28.0589,155024,0
1778499330.215102,0.4,-0.3,0.65,0,21.1648,22.311,0.211832,-0.141044,0.168265,0.0011,0.1626,21.0011,250,0.084,25.5459,25.5459,155028,0
1778499330.26554,0.4,-0.3,0.65,1,22.4502,23.1615,0.209782,-0.12492,0.165997,0.0007,0.1829,22.2666,250,0.08907,3.5693,3.5693,155028,0
1778499330.315673,0.4,-0.25,0.65,1,0.5624,0.7458,0.20653,-0.116868,0.164348,0.0008,0.1562,0.4054,2,0.20269,2.8185,2.8185,155028,0
1778499330.365879,0.418213,-0.262825,0.639901,1,25.4332,28.7294,0.202213,-0.109326,0.1619,0.0009,0.1659,25.2664,250,0.10107,5.6238,5.6238,155028,0
1778499330.415967,0.413666,-0.256855,0.636847,1,15.1157,16.2779,0.197666,-0.103356,0.158846,0.0008,0.153,14.9619,250,0.05985,4.0272,4.0272,155028,0
1778499330.466218,0.401683,-0.246914,0.629856,1,0.5688,0.7532,0.185683,-0.093414,0.151855,0.0009,0.1628,0.4051,2,0.20253,2.4692,2.4692,155028,0
1778499330.516321,0.393768,-0.242412,0.62635,1,0.3939,0.5859,0.177768,-0.088912,0.14835,0.0008,0.1437,0.2493,1,0.24935,2.8385,2.8385,155028,0
1778499330.566438,0.385339,-0.238276,0.622874,1,0.4529,0.6403,0.169339,-0.084776,0.144874,0.0008,0.1842,0.268,1,0.26795,2.0516,2.0516,155032,0
1778499330.616637,0.4,-0.25,0.6,1,0.5427,0.7356,0.160737,-0.080828,0.141315,0.0007,0.1471,0.3949,2,0.19747,2.8332,2.8332,155032,0
1778499330.666711,0.356955,-0.228232,0.610565,1,0.722,0.9036,0.140955,-0.074733,0.132565,0.0009,0.1653,0.5558,3,0.18525,0.9967,0.9967,155044,0
1778499330.716912,0.346743,-0.226498,0.606036,1,0.4732,0.6703,0.130743,-0.072999,0.128035,0.0008,0.167,0.3053,1,0.30534,1.0222,1.0222,155044,0
1778499330.767086,0.336233,-0.224843,0.601546,1,0.4417,0.6532,0.120233,-0.071343,0.123545,0.001,0.174,0.2667,1,0.26669,0.8555,0.8555,155044,0
1778499330.817182,0.3,-0.2,0.6,1,0.7194,0.9175,0.10894,-0.07001,0.118769,0.0006,0.1745,0.5443,2,0.27214,0.6381,0.6381,155044,0
1778499330.867343,0.301948,-0.220307,0.585622,1,0.4881,0.678,0.085948,-0.066808,0.107622,0.001,0.175,0.3121,1,0.31207,1.376,1.376,155044,0
1778499330.917453,0.290435,-0.219173,0.579628,1,0.4276,0.6259,0.074435,-0.065674,0.101628,0.0009,0.1753,0.2513,1,0.25134,0.4531,0.4531,155044,0
1778499330.967644,0.3,-0.2,0.55,1,0.4166,0.6182,0.062701,-0.065468,0.095775,0.0007,0.1559,0.26,1,0.26003,2.7943,2.7943,155048,0
1778499331.017825,0.25,-0.2,0.55,1,0.6068,0.801,0.050323,-0.065648,0.090251,0.0009,0.1718,0.4341,2,0.21705,0.3351,0.3351,155048,0
1778499331.067935,0.242129,-0.217626,0.559862,1,0.4249,0.6305,0.026129,-0.064127,0.081862,0.0009,0.1696,0.2544,1,0.25436,0.946,0.946,155048,0
1778499331.118048,0.23043,-0.215589,0.55703,1,0.4085,0.6027,0.01443,-0.06209,0.079029,0.0009,0.1523,0.2553,1,0.25532,0.2445,0.2445,155048,0
1778499331.168166,0.219339,-0.213489,0.554951,1,0.5449,0.7567,0.003339,-0.059989,0.07695,0.0007,0.199,0.3452,1,0.34523,0.2197,0.2197,155048,0
1778499331.218353,0.209138,-0.211952,0.553489,1,0.477,0.6843,-0.006862,-0.058453,0.075489,0.001,0.1646,0.3114,1,0.31142,0.2104,0.2104,155048,0
1778499331.268511,0.190553,-0.210026,0.552088,1,0.4391,0.6262,-0.025447,-0.056526,0.074088,0.001,0.1785,0.2597,1,0.25971,0.7844,0.7844,155048,0
1778499331.3187,0.181611,-0.209624,0.551741,1,0.3995,0.5869,-0.034389,-0.056125,0.073741,0.0009,0.1449,0.2536,1,0.2536,0.3553,0.3553,155048,0
1778499331.36887,0.172676,-0.20968,0.55156,1,0.4448,0.6329,-0.043324,-0.056181,0.07356,0.001,0.1703,0.2735,1,0.27353,0.397,0.397,155048,0
1778499331.418927,0.164155,-0.209889,0.55149,1,0.4696,0.6704,-0.051845,-0.056389,0.07349,0.0008,0.1695,0.2993,1,0.29931,0.4432,0.4432,155052,0
1778499331.469033,0.14737,-0.211664,0.551586,1,0.484,0.6847,-0.06863,-0.058165,0.073585,0.0008,0.1827,0.3005,1,0.30047,1.1214,1.1214,155060,0
1778499331.519126,0.139092,-0.21317,0.55191,1,0.4427,0.62,-0.076908,-0.05967,0.07391,0.0014,0.1605,0.2809,1,0.28086,0.6203,0.6203,155064,0
1778499331.569221,0.131203,-0.215145,0.552428,1,0.4487,0.6387,-0.084797,-0.061646,0.074427,0.001,0.1709,0.2767,1,0.27675,0.6526,0.6526,155064,0
1778499331.619324,0.123586,-0.217744,0.553365,1,0.4342,0.6326,-0.092414,-0.064245,0.075365,0.0008,0.1686,0.2648,1,0.26479,0.9041,0.9041,155064,0
1778499331.669493,0.109713,-0.224596,0.555528,1,0.4189,0.6153,-0.106287,-0.071097,0.077528,0.0008,0.1623,0.2558,1,0.25582,2.2701,2.2701,155064,0
1778499331.719596,0.103747,-0.228686,0.556635,1,0.6103,0.989,-0.112253,-0.075187,0.078635,0.0008,0.1557,0.4538,2,0.22688,0.8352,0.8352,155064,0
1778499331.769759,0.098284,-0.233464,0.5577,1,0.5617,1.3341,-0.117716,-0.079965,0.0797,0.0008,0.1636,0.3973,2,0.19867,0.8959,0.8959,155064,0
1778499331.819953,0.093432,-0.239055,0.558731,1,0.6435,0.8251,-0.122568,-0.085556,0.080731,0.001,0.1618,0.4807,2,0.24037,1.1505,1.1505,155080,0
1778499331.870281,0.085286,-0.251089,0.561208,1,0.708,1.2457,-0.130714,-0.09759,0.083208,0.0004,0.1793,0.5283,2,0.26416,2.2611,2.2611,155080,0
1778499331.920372,0.081611,-0.257463,0.563051,1,1.1977,2.1974,-0.134389,-0.103963,0.08505,0.0008,0.6569,0.54,3,0.18002,0.8973,0.8973,155080,0
1778499331.970443,0.0786,-0.263924,0.565019,1,0.8878,1.0729,-0.1374,-0.110425,0.087019,0.0009,0.1626,0.7243,3,0.24144,0.9028,0.9028,155080,0
1778499332.02053,0.1,-0.25,0.55,1,0.5719,1.2074,-0.1398,-0.116909,0.089124,0.0006,0.1712,0.4001,2,0.20007,1.7264,1.7264,155080,0
1778499332.070694,0.05,-0.3,0.55,1,0.6817,0.8695,-0.14247,-0.130459,0.093178,0.0012,0.1603,0.5203,3,0.17342,2.4195,2.4195,155080,0
1778499332.120824,0.05,-0.3,0.55,1,0.7458,0.9511,-0.142866,-0.137761,0.095262,0.0009,0.1697,0.5752,3,0.19175,1.3513,1.3513,155080,0
1778499332.170909,0.05,-0.3,0.6,1,0.7753,1.6346,-0.142609,-0.146078,0.097549,0.0006,0.1691,0.6056,3,0.20187,1.096,1.096,155084,0
1778499332.221578,0.05,-0.3,0.6,1,0.401,0.5185,-0.141589,-0.154979,0.099851,0.0003,0.1126,0.288,3,0.09601,1.7519,1.7519,155084,0
1778499332.271856,0.1,-0.35,0.6,1,0.8097,0.9791,-0.137878,-0.176937,0.104757,0.0008,0.1627,0.6463,4,0.16158,1.5775,1.5775,155084,0
1778499332.321933,0.080889,-0.342573,0.586112,1,0.7805,0.9588,-0.135111,-0.189073,0.108111,0.0007,0.15,0.6299,4,0.15747,1.3827,1.3827,155084,0
1778499332.373775,0.084278,-0.35489,0.59031,1,1.204,1.424,-0.131722,-0.201391,0.11231,0.0009,0.1981,1.005,4,0.25124,1.5864,1.5864,155084,0
1778499332.423932,0.088172,-0.365971,0.594852,1,0.8635,1.6632,-0.127828,-0.212472,0.116851,0.0008,0.1525,0.7102,4,0.17755,1.8805,1.8805,155084,0
1778499332.474017,0.098351,-0.387029,0.604771,1,0.804,0.9839,-0.117649,-0.23353,0.126771,0.0008,0.1455,0.6577,4,0.16443,2.4091,2.4091,155096,0
1778499332.524116,0.104046,-0.397246,0.609591,1,0.9592,1.1689,-0.111954,-0.243746,0.13159,0.0007,0.1642,0.7943,4,0.19858,2.4468,2.4468,155096,0
1778499332.574208,0.110493,-0.406599,0.614418,1,0.7916,0.9749,-0.105507,-0.2531,0.136418,0.001,0.1464,0.6443,4,0.16107,2.312,2.312,155096,0
1778499332.62433,0.1,-0.4,0.6,1,0.8541,1.6811,-0.098414,-0.261992,0.14105,0.001,0.1623,0.6908,4,0.17269,2.2552,2.2552,155100,0
1778499332.674443,0.15,-0.45,0.65,1,0.8287,1.0083,-0.081829,-0.278478,0.148761,0.0008,0.1824,0.6455,4,0.16138,1.146,1.146,155100,0
1778499332.724607,0.144437,-0.439905,0.629958,1,0.8006,0.9726,-0.071563,-0.286406,0.151958,0.001,0.1594,0.6402,4,0.16006,0.7445,0.7445,155100,0
1778499332.77477,0.15515,-0.445824,0.632812,1,0.716,0.8938,-0.06085,-0.292325,0.154811,0.0008,0.1651,0.5501,3,0.18338,2.9357,2.9357,155100,0
1778499332.824931,0.166411,-0.44821,0.635621,1,0.7261,0.9324,-0.049589,-0.294711,0.157621,0.0009,0.1448,0.5804,3,0.19348,1.2017,1.2017,155100,0
1778499332.875028,0.1925,-0.445044,0.640602,1,0.6671,0.8319,-0.0235,-0.291545,0.162602,0.0008,0.139,0.5273,3,0.17578,0.3106,0.3106,155100,0
1778499332.925113,0.206306,-0.44189,0.642276,1,0.7016,0.8777,-0.009694,-0.288391,0.164276,0.0008,0.1634,0.5374,3,0.17914,0.3287,0.3287,155100,0
1778499332.97522,0.221135,-0.439473,0.643621,1,0.6324,0.8258,0.005135,-0.285974,0.165621,0.0007,0.1775,0.4541,2,0.22707,1.44,1.44,155104,0
1778499333.025391,0.251117,-0.439881,0.646196,1,0.5553,0.7578,0.035117,-0.286382,0.168196,0.0006,0.1632,0.3915,2,0.19574,1.4502,1.4502,155104,0
1778499333.075545,0.264912,-0.439432,0.647661,1,0.5496,0.7289,0.048912,-0.285933,0.16966,0.0008,0.1576,0.3912,2,0.19561,1.1477,1.1477,155104,0
1778499333.125715,0.278415,-0.437278,0.649395,1,0.5749,0.7513,0.062415,-0.283779,0.171394,0.0009,0.1714,0.4026,2,0.2013,1.3523,1.3523,155104,0
1778499333.175889,0.290856,-0.434196,0.651228,1,0.5623,0.7606,0.074856,-0.280697,0.173227,0.0012,0.1592,0.4019,2,0.20095,1.612,1.612,155104,0
1778499333.22598,0.315439,-0.42612,0.654574,1,0.564,0.7514,0.099439,-0.272621,0.176573,0.0008,0.1615,0.4017,2,0.20087,2.4049,2.4049,155108,0
1778499333.2761,0.35,-0.4,0.65,1,22.346,23.4936,0.110433,-0.267237,0.177812,0.0007,0.1493,22.1959,250,0.08878,4.0749,4.0749,155116,0
1778499333.326204,0.337214,-0.414216,0.656682,1,21.2134,21.9907,0.121214,-0.260717,0.178681,0.0008,0.1746,21.038,250,0.08415,3.5881,3.5881,155116,0
1778499333.376296,0.348189,-0.406871,0.657057,1,20.1343,20.7645,0.132189,-0.253372,0.179056,0.0007,0.161,19.9726,250,0.07989,4.5365,4.5365,155120,0
1778499333.426369,0.368537,-0.390898,0.656925,1,19.0815,20.2946,0.152537,-0.237399,0.178925,0.0008,0.1464,18.9342,250,0.07574,7.6766,7.6766,155120,0
1778499333.476563,0.35,-0.4,0.65,1,20.7748,21.879,0.162253,-0.227402,0.178674,0.0008,0.1667,20.6073,250,0.08243,4.0638,4.0638,155120,0
1778499333.526709,0.35,-0.35,0.65,1,0.6289,0.8023,0.170586,-0.216802,0.178556,0.0007,0.137,0.4911,3,0.1637,1.5058,1.5058,155120,0
1778499333.576922,0.35,-0.35,0.65,0,31.4624,32.9921,0.178651,-0.206158,0.178628,0.0008,0.1504,31.3112,250,0.12524,10.0346,10.0346,155120,0
1778499333.627047,0.4,-0.3,0.65,1,22.4005,24.975,0.193536,-0.187768,0.179136,0.0009,0.1754,22.2243,250,0.0889,3.5519,3.5519,155120,0
1778499333.677145,0.4,-0.3,0.65,1,24.4549,26.2157,0.199895,-0.178778,0.179621,0.0007,0.1531,24.3011,250,0.0972,3.5571,3.5571,155120,0
1778499333.727256,0.4,-0.3,0.65,1,24.6966,28.1498,0.204913,-0.169902,0.180271,0.0008,0.1511,24.5447,250,0.09818,3.562,3.562,155124,0
1778499333.777345,0.4,-0.3,0.65,1,22.2983,25.6867,0.208902,-0.161335,0.180979,0.0007,0.1379,22.1596,250,0.08864,3.5689,3.5689,155124,0
1778499333.82745,0.4,-0.3,0.65,1,21.2074,22.3698,0.213313,-0.143707,0.182012,0.0005,0.1757,21.0313,250,0.08413,3.5883,3.5883,155124,0
1778499333.877544,0.4,-0.3,0.65,1,19.0336,20.0708,0.214821,-0.134851,0.182122,0.0008,0.1754,18.8574,250,0.07543,3.5979,3.5979,155124,0
1778499333.927726,0.4,-0.3,0.65,1,20.4989,21.8254,0.215521,-0.126083,0.182006,0.001,0.1552,20.3428,250,0.08137,3.6054,3.6054,155136,0
1778499333.977828,0.4,-0.25,0.65,1,0.6937,0.9116,0.215787,-0.117381,0.181847,0.0008,0.1639,0.529,2,0.26451,2.8868,2.8868,155136,0
1778499334.027922,0.4,-0.25,0.65,1,0.5132,0.7391,0.214068,-0.101477,0.181241,0.001,0.1944,0.3178,1,0.31777,2.0669,2.0669,155136,0
1778499334.078033,0.427581,-0.248686,0.658923,1,24.6075,27.4807,0.211581,-0.095187,0.180923,0.0007,0.1662,24.4406,250,0.09776,7.3778,7.3778,155136,0
1778499334.128133,0.423795,-0.242744,0.658379,1,21.4849,22.2381,0.207795,-0.089245,0.180379,0.0009,0.1454,21.3387,250,0.08535,5.2468,5.2468,155136,0
1778499334.178246,0.418889,-0.23768,0.657268,1,17.2388,18.5559,0.202889,-0.084181,0.179268,0.0008,0.1579,17.0801,250,0.06832,3.7857,3.7857,155140,0
1778499334.228331,0.405355,-0.228336,0.653193,1,0.4889,0.6496,0.189355,-0.074837,0.175193,0.0007,0.119,0.3693,2,0.18464,2.4197,2.4197,155140,0
1778499334.278521,0.397693,-0.225132,0.650662,1,0.4577,0.6459,0.181693,-0.071632,0.172662,0.0008,0.1799,0.277,1,0.277,2.5821,2.5821,155140,0
1778499334.328615,0.388659,-0.222423,0.647809,1,0.436,0.6239,0.172659,-0.068924,0.169808,0.0007,0.163,0.2724,1,0.27239,2.0026,2.0026,155140,0
1778499334.378827,0.378719,-0.219694,0.64499,1,0.4856,0.6893,0.162719,-0.066194,0.166989,0.001,0.1679,0.3167,1,0.31668,1.6994,1.6994,155140,0
1778499334.429363,0.351373,-0.212581,0.638668,1,0.6262,0.8294,0.135373,-0.059082,0.160668,0.0006,0.155,0.4706,2,0.23529,0.8877,0.8877,155140,0
1778499334.47948,0.335573,-0.209661,0.635102,1,0.5378,0.7596,0.119573,-0.056162,0.157102,0.0011,0.2045,0.3322,1,0.33218,1.2474,1.2474,155140,0
1778499334.529677,0.320407,-0.207919,0.63132,1,0.3851,0.5656,0.104407,-0.05442,0.15332,0.0007,0.1397,0.2448,1,0.24476,0.9474,0.9474,155140,0
1778499334.579828,0.304554,-0.206665,0.626804,1,0.4369,0.6176,0.088554,-0.053166,0.148803,0.001,0.1691,0.2669,1,0.26689,0.8041,0.8041,155144,0
1778499334.629966,0.3,-0.2,0.6,1,0.4097,0.6085,0.059046,-0.051682,0.139081,0.001,0.156,0.2527,1,0.25266,1.591,1.591,155144,0
1778499334.680058,0.260279,-0.205102,0.61156,1,0.5804,1.4862,0.044279,-0.051603,0.133559,0.0009,0.1719,0.4075,2,0.20377,0.3099,0.3099,155144,0
1778499334.730226,0.247146,-0.205414,0.606753,1,0.4706,3.2474,0.031146,-0.051915,0.128752,0.0009,0.1574,0.3123,1,0.31229,0.3385,0.3385,155144,0
1778499334.780357,0.234482,-0.205829,0.602343,1,0.5813,0.8556,0.018482,-0.05233,0.124342,0.001,0.2024,0.3779,1,0.37794,0.3718,0.3718,155144,0
1778499334.83055,0.210901,-0.206991,0.594774,1,0.4392,3.1898,-0.005099,-0.053492,0.116773,0.0008,0.1628,0.2755,1,0.27554,1.5174,1.5174,155144,0
1778499334.880676,0.199084,-0.208147,0.591083,1,0.4274,0.6273,-0.016916,-0.054647,0.113083,0.0011,0.1616,0.2647,1,0.26467,0.4604,0.4604,155144,0
1778499334.93145,0.188045,-0.208974,0.58758,1,0.4104,0.5933,-0.027955,-0.055475,0.10958,0.0009,0.1569,0.2526,1,0.25262,0.4101,0.4101,155144,0
1778499334.981561,0.177324,-0.209558,0.584024,1,0.4243,0.6144,-0.038676,-0.056058,0.106024,0.0007,0.1597,0.2639,1,0.26385,0.4565,0.4565,155144,0
1778499335.031658,0.157044,-0.211444,0.577563,1,0.4048,0.5991,-0.058956,-0.057945,0.099563,0.0007,0.1387,0.2654,1,0.26541,1.395,1.395,155160,0
1778499335.081738,0.147661,-0.212335,0.575087,1,0.426,0.6286,-0.068339,-0.058836,0.097087,0.0008,0.1521,0.2731,1,0.27305,0.5983,0.5983,155160,0
1778499335.13182,0.138518,-0.2127,0.573395,1,0.3961,0.5765,-0.077482,-0.059201,0.095395,0.0007,0.142,0.2534,1,0.25337,0.6521,0.6521,155160,0
1778499335.181958,0.15,-0.2,0.55,1,0.4494,0.64,-0.085557,-0.059442,0.09433,0.0007,0.165,0.2837,1,0.28372,0.7699,0.7699,155160,0
1778499335.232126,0.116329,-0.214258,0.57029,1,0.5744,0.7467,-0.099671,-0.060759,0.092289,0.0009,0.1651,0.4083,2,0.20417,0.5677,0.5677,155160,0
1778499335.282229,0.110427,-0.215385,0.568545,1,0.4087,0.6042,-0.105573,-0.061886,0.090545,0.001,0.1463,0.2614,1,0.26138,2.9712,2.9712,155160,0
1778499335.332334,0.105298,-0.216939,0.56647,1,0.6061,0.8137,-0.110702,-0.06344,0.088469,0.0008,0.1673,0.4379,2,0.21897,0.7591,0.7591,155160,0
1778499335.383279,0.100685,-0.219391,0.564316,1,0.6358,0.8259,-0.115315,-0.065891,0.086316,0.0007,0.1758,0.4593,2,0.22965,0.7229,0.7229,155164,0
1778499335.433524,0.092967,-0.226224,0.561134,1,0.6348,0.8277,-0.123033,-0.072725,0.083133,0.0009,0.1566,0.4773,2,0.23865,0.7967,0.7967,155172,0
1778499335.483754,0.089263,-0.23033,0.560304,1,0.6112,0.8271,-0.126737,-0.076831,0.082304,0.0007,0.1663,0.4442,2,0.22209,0.8835,0.8835,155172,0
1778499335.533969,0.085632,-0.234311,0.560221,1,0.3394,0.4642,-0.130368,-0.080812,0.082221,0.0003,0.1091,0.2299,2,0.11496,1.0354,1.0354,155172,0
1778499335.584074,0.082022,-0.237969,0.560862,1,0.3411,0.4569,-0.133978,-0.084469,0.082861,0.0005,0.1076,0.233,2,0.11649,1.2343,1.2343,155172,0
1778499335.63416,0.075889,-0.245816,0.563759,1,0.575,0.7476,-0.140111,-0.092317,0.085759,0.0005,0.1474,0.4271,2,0.21354,1.8682,1.8682,155172,0
1778499335.684257,0.073806,-0.251609,0.565553,1,0.6243,0.8055,-0.142194,-0.09811,0.087553,0.0007,0.1688,0.4548,2,0.22741,2.8171,2.8171,155172,0
1778499335.734356,0.072444,-0.258347,0.567388,1,0.7712,0.968,-0.143556,-0.104848,0.089388,0.0006,0.1662,0.6044,3,0.20146,0.9037,0.9037,155172,0
1778499335.784466,0.05,-0.25,0.55,1,0.7455,1.6739,-0.144367,-0.112512,0.091314,0.0008,0.1836,0.5612,3,0.18705,0.9361,0.9361,155176,0
1778499335.834862,0.05,-0.25,0.55,1,0.6595,0.8451,-0.149695,-0.118367,0.09443,0.0009,0.1503,0.5083,3,0.16944,0.939,0.939,155176,0
1778499335.884955,0.05,-0.3,0.6,1,0.6961,0.8727,-0.155051,-0.130189,0.097374,0.0006,0.1523,0.5433,3,0.18109,1.0771,1.0771,155176,0
1778499335.935074,0.059801,-0.293878,0.578519,1,0.7012,0.8858,-0.156199,-0.140378,0.100518,0.0009,0.1435,0.5568,3,0.1856,1.2044,1.2044,155176,0
1778499335.985213,0.064616,-0.311491,0.585306,1,0.7164,0.9148,-0.151384,-0.157992,0.107306,0.0008,0.1576,0.5581,3,0.18603,2.5546,2.5546,155176,0
1778499336.035316,0.05,-0.3,0.6,1,0.8412,1.0379,-0.147761,-0.168886,0.110675,0.001,0.1801,0.6601,3,0.22002,1.4464,1.4464,155176,0
1778499336.085408,0.072234,-0.334627,0.59167,1,0.8251,1.0035,-0.143766,-0.181127,0.11367,0.0007,0.1556,0.6687,4,0.16717,1.1665,1.1665,155176,0
1778499336.135499,0.077128,-0.347603,0.594448,1,0.882,1.0585,-0.138872,-0.194104,0.116448,0.0008,0.1708,0.7103,4,0.17759,1.2758,1.2758,155176,0
1778499336.185645,0.091359,-0.376827,0.596901,1,0.8567,1.0328,-0.124641,-0.223328,0.1189,0.0009,0.1573,0.6985,4,0.17463,1.7195,1.7195,155180,0
1778499336.235759,0.100325,-0.391577,0.596368,1,0.8796,1.0557,-0.115675,-0.238078,0.118367,0.0008,0.1545,0.7243,4,0.18107,1.5937,1.5937,155192,0
1778499336.285952,0.109945,-0.405272,0.595039,1,0.772,0.9348,-0.106055,-0.251773,0.117039,0.0009,0.1473,0.6238,4,0.15594,1.3658,1.3658,155192,0
1778499336.336221,0.11918,-0.415466,0.593719,1,1.0631,1.3134,-0.09682,-0.261967,0.115719,0.0005,0.1125,0.9502,4,0.23755,1.0594,1.0594,155192,0
1778499336.386331,0.137226,-0.433163,0.591564,1,0.8871,1.0891,-0.078774,-0.279664,0.113564,0.0007,0.1612,0.7253,4,0.18132,0.6414,0.6414,155192,0
1778499336.436547,0.146136,-0.438046,0.590903,1,0.7217,0.9211,-0.069864,-0.284546,0.112903,0.001,0.1755,0.5451,3,0.18171,2.229,2.229,155192,0
1778499336.486763,0.154715,-0.441386,0.590761,1,0.7458,0.94,-0.061285,-0.287887,0.112761,0.0008,0.152,0.593,3,0.19766,1.2091,1.2091,155192,0
1778499336.536961,0.164093,-0.445001,0.591104,1,0.7101,0.8868,-0.051907,-0.291502,0.113104,0.0011,0.1655,0.5435,3,0.18117,0.6203,0.6203,155192,0
1778499336.587063,0.182587,-0.452317,0.592323,1,0.708,0.8922,-0.033413,-0.298818,0.114323,0.0009,0.1628,0.5443,3,0.18145,0.332,0.332,155196,0
1778499336.63716,0.191588,-0.45639,0.592954,1,0.6957,0.8829,-0.024412,-0.302891,0.114953,0.0008,0.1596,0.5353,3,0.17842,0.3764,0.3764,155196,0
1778499336.687275,0.200903,-0.459078,0.593922,1,0.5792,0.7794,-0.015097,-0.305579,0.115922,0.0012,0.1686,0.4094,2,0.20469,2.6949,2.6949,155196,0
1778499336.737375,0.210416,-0.459467,0.595284,1,0.5947,0.7684,-0.005584,-0.305968,0.117284,0.0009,0.1578,0.436,2,0.21798,1.7838,1.7838,155208,0
1778499336.787469,0.230959,-0.461977,0.599086,1,0.5907,0.7719,0.014959,-0.308478,0.121085,0.0009,0.1858,0.404,2,0.20202,1.8342,1.8342,155208,0
1778499336.837646,0.24203,-0.461821,0.601663,1,0.612,0.8054,0.02603,-0.308322,0.123663,0.0009,0.173,0.4382,2,0.21911,1.4147,1.4147,155208,0
1778499336.887832,0.253718,-0.459999,0.604694,1,0.5515,0.7535,0.037718,-0.306499,0.126694,0.0009,0.1659,0.3847,2,0.19233,1.5378,1.5378,155208,0
1778499336.937912,0.265203,-0.457393,0.607838,1,0.5976,0.787,0.049203,-0.303894,0.129838,0.0007,0.1583,0.4386,2,0.21928,1.7533,1.7533,155208,0
1778499336.988004,0.287908,-0.448733,0.614614,1,0.5463,0.7422,0.071908,-0.295234,0.136614,0.0009,0.1573,0.3881,2,0.19403,2.3444,2.3444,155212,0
1778499337.038106,0.29968,-0.442154,0.618394,1,0.5691,0.7596,0.08368,-0.288655,0.140393,0.0007,0.164,0.4044,2,0.20222,2.6811,2.6811,155212,0
1778499337.088208,0.310977,-0.435365,0.622009,1,22.6388,23.3847,0.094977,-0.281866,0.144009,0.001,0.165,22.4727,250,0.08989,3.1116,3.1116,155212,0
1778499337.138308,0.3,-0.45,0.65,1,0.6136,0.8116,0.106596,-0.274496,0.14757,0.0008,0.1641,0.4486,2,0.22432,2.8278,2.8278,155212,0
1778499337.188397,0.345374,-0.412716,0.631619,1,21.5958,23.0921,0.129374,-0.259217,0.153619,0.0008,0.1665,21.4285,250,0.08571,5.8836,5.8836,155212,0
1778499337.238577,0.357017,-0.403111,0.634394,1,21.1926,24.5419,0.141017,-0.249612,0.156394,0.0005,0.1363,21.0558,250,0.08422,7.5546,7.5546,155212,0
1778499337.288871,0.357017,-0.403111,0.634394,0,20.3223,24.0334,0.152002,-0.24004,0.158732,0.001,0.1651,20.1562,250,0.08062,14.6977,14.6977,155216,0
1778499337.338964,0.35,-0.4,0.65,1,21.0109,24.3882,0.1625,-0.229719,0.160736,0.0009,0.1486,20.8614,250,0.08345,3.9891,3.9891,155220,0
1778499337.389049,0.35,-0.35,0.65,1,0.766,0.9785,0.180591,-0.207784,0.163614,0.0008,0.176,0.5893,3,0.19644,1.5013,1.5013,155220,0
1778499337.439145,0.4,-0.3,0.65,1,21.7222,23.048,0.188841,-0.195876,0.164707,0.0004,0.1058,21.616,250,0.08646,3.5243,3.5243,155220,0
1778499337.48924,0.4,-0.3,0.65,1,17.6778,18.7944,0.195912,-0.183302,0.165696,0.0008,0.1583,17.5187,250,0.07007,3.5335,3.5335,155220,0
1778499337.539323,0.4,-0.3,0.65,1,20.6722,23.7496,0.20186,-0.171891,0.166672,0.0006,0.1508,20.5208,250,0.08208,3.5432,3.5432,155220,0
1778499337.589422,0.4,-0.3,0.65,0,27.79,30.0763,0.212589,-0.152793,0.168918,0.0007,0.1763,27.613,250,0.11045,31.3137,31.3137,155220,0
1778499337.639533,0.4,-0.3,0.65,1,22.9378,25.9551,0.21692,-0.144044,0.17023,0.0004,0.1142,22.8231,250,0.09129,3.5653,3.5653,155228,0
1778499337.689761,0.4,-0.3,0.65,1,21.7776,23.4288,0.220613,-0.135599,0.171447,0.0006,0.1464,21.6307,250,0.08652,3.5679,3.5679,155232,0
1778499337.739933,0.4,-0.3,0.65,1,20.9443,22.767,0.225083,-0.127347,0.172805,0.0009,0.1314,20.8119,250,0.08325,3.5732,3.5732,155232,0
1778499337.790021,0.4,-0.25,0.65,1,0.6023,0.7742,0.233458,-0.111442,0.175372,0.0008,0.1649,0.4366,2,0.21828,2.9119,2.9119,155232,0
1778499337.840128,0.4,-0.25,0.65,1,0.4306,1.2442,0.236235,-0.103731,0.176411,0.0009,0.1643,0.2654,1,0.26535,2.0258,2.0258,155232,0
1778499337.89026,0.4,-0.25,0.65,1,0.4406,1.2945,0.237681,-0.095976,0.177246,0.0008,0.1543,0.2856,1,0.28555,2.0242,2.0242,155232,0
1778499337.940342,0.4,-0.25,0.65,1,0.452,0.6278,0.237717,-0.088556,0.177937,0.0009,0.1475,0.3035,1,0.30352,2.0363,2.0363,155232,0
1778499337.990446,0.4,-0.25,0.65,1,0.4062,0.8662,0.23402,-0.07472,0.179147,0.0009,0.1552,0.2501,1,0.25014,2.068,2.068,155232,0
1778499338.040553,0.4,-0.2,0.65,1,0.608,0.9298,0.229753,-0.067704,0.179665,0.0009,0.1578,0.4493,2,0.22465,1.7142,1.7142,155232,0
1778499338.090667,0.4,-0.2,0.65,1,0.4667,0.6765,0.224071,-0.060858,0.18,0.001,0.1803,0.2854,1,0.28543,1.6433,1.6433,155232,0
1778499338.141307,0.4,-0.2,0.65,1,0.4684,0.673,0.215923,-0.054015,0.179793,0.0008,0.1697,0.2979,1,0.29792,1.6587,1.6587,155232,0
1778499338.193283,0.410756,-0.196613,0.655446,1,0.4711,0.677,0.194756,-0.043114,0.177446,0.0008,0.166,0.3044,1,0.30436,2.7131,2.7131,155236,0
1778499338.243388,0.398064,-0.192497,0.65349,1,0.6247,0.8272,0.182064,-0.038998,0.175489,0.0008,0.1785,0.4455,2,0.22274,1.5975,1.5975,155236,0
1778499338.293496,0.38433,-0.189535,0.651263,1,0.4243,0.6219,0.16833,-0.036036,0.173263,0.0007,0.1715,0.252,1,0.25199,2.5252,2.5252,155236,0
1778499338.343716,0.370345,-0.18737,0.649054,1,0.4385,0.6412,0.154345,-0.033871,0.171053,0.0007,0.1572,0.2806,1,0.28057,1.8067,1.8067,155236,0
1778499338.393795,0.335233,-0.182933,0.644394,1,0.5824,0.7697,0.119233,-0.029434,0.166394,0.0007,0.1399,0.4419,2,0.22094,0.8096,0.8096,155248,0
1778499338.44387,0.317636,-0.18203,0.642444,1,0.4021,0.5927,0.101636,-0.028531,0.164443,0.0006,0.1472,0.2543,1,0.25429,1.0086,1.0086,155248,0
1778499338.493943,0.298856,-0.182521,0.640555,1,0.4007,0.5967,0.082856,-0.029022,0.162555,0.0007,0.1445,0.2555,1,0.25548,0.966,0.966,155248,0
1778499338.5449,0.280148,-0.183603,0.638839,1,0.4796,1.1857,0.064148,-0.030103,0.160839,0.0008,0.1725,0.3063,1,0.30629,0.8126,0.8126,155252,0
1778499338.594998,0.247166,-0.186726,0.636289,1,0.408,0.601,0.031166,-0.033227,0.158289,0.0009,0.1597,0.2473,1,0.24734,2.2273,2.2273,155252,0
1778499338.645098,0.232874,-0.188597,0.63468,1,0.4822,0.6858,0.016874,-0.035097,0.15668,0.0008,0.1769,0.3045,1,0.30446,0.4979,0.4979,155252,0
1778499338.695173,0.219,-0.190826,0.632406,1,0.4137,0.6137,0.003,-0.037327,0.154405,0.0006,0.1469,0.2663,1,0.26626,0.3813,0.3813,155252,0
1778499338.745252,0.205954,-0.194065,0.629412,1,0.4025,0.9598,-0.010046,-0.040566,0.151412,0.0009,0.139,0.2625,1,0.26254,0.4293,0.4293,155252,0
1778499338.795336,0.181745,-0.2006,0.623203,1,0.4231,0.6199,-0.034255,-0.047101,0.145202,0.0009,0.1562,0.266,1,0.26598,1.9065,1.9065,155252,0
1778499338.845415,0.171397,-0.202429,0.620631,1,0.4223,0.6129,-0.044603,-0.04893,0.142631,0.001,0.1642,0.2572,1,0.25716,0.4513,0.4513,155252,0
1778499338.895498,0.161609,-0.203958,0.617996,1,0.4355,0.6224,-0.054391,-0.050459,0.139995,0.0008,0.1705,0.2642,1,0.26418,0.4733,0.4733,155252,0
1778499338.945649,0.142813,-0.206414,0.611914,1,0.5123,0.7493,-0.073187,-0.052915,0.133913,0.0009,0.1708,0.3406,1,0.34059,1.3713,1.3713,155252,0
1778499338.995751,0.133461,-0.208379,0.60821,1,0.5141,0.743,-0.082539,-0.05488,0.13021,0.0009,0.2037,0.3096,1,0.30959,1.9052,1.9052,155256,0
1778499339.045841,0.124776,-0.210288,0.604502,1,0.5325,0.7143,-0.091224,-0.056789,0.126502,0.0008,0.1368,0.3949,2,0.19746,0.6655,0.6655,155256,0
1778499339.095942,0.117215,-0.211344,0.601289,1,0.6151,0.8224,-0.098785,-0.057845,0.123288,0.001,0.1662,0.448,2,0.224,0.668,0.668,155256,0
1778499339.146081,0.103825,-0.215238,0.594786,1,0.3588,0.4877,-0.112175,-0.061739,0.116785,0.0005,0.1102,0.2481,2,0.12407,0.6832,0.6832,155256,0
1778499339.196173,0.097772,-0.217725,0.591766,1,0.3208,0.4598,-0.118228,-0.064226,0.113765,0.0006,0.1016,0.2185,2,0.10927,0.5941,0.5941,155268,0
1778499339.247033,0.091825,-0.220567,0.588966,1,0.3447,0.4671,-0.124175,-0.067067,0.110965,0.0004,0.1101,0.2342,2,0.11709,0.5847,0.5847,155268,0
1778499339.297175,0.1,-0.2,0.6,1,0.3486,0.4617,-0.129961,-0.06954,0.108744,0.0003,0.1058,0.2425,2,0.12125,1.6875,1.6875,155268,0
1778499339.347277,0.1,-0.25,0.6,1,0.3365,0.4498,-0.140027,-0.074149,0.106796,0.0005,0.108,0.2281,2,0.11404,2.7327,2.7327,155268,0
1778499339.397386,0.05,-0.25,0.6,1,23.3346,26.4457,-0.143566,-0.07651,0.1068,0.0004,0.1086,23.2256,250,0.0929,3.1088,3.1088,155272,0
1778499339.447495,0.05,-0.25,0.6,1,20.5994,21.354,-0.146472,-0.079085,0.107198,0.0009,0.1732,20.4253,250,0.0817,3.1017,3.1017,155272,0
1778499339.49765,0.066918,-0.235471,0.585795,1,0.5696,0.7517,-0.149082,-0.081972,0.107794,0.0009,0.1621,0.4066,2,0.20329,1.5143,1.5143,155272,0
1778499339.547726,0.061709,-0.242696,0.586994,1,0.7317,0.9262,-0.154291,-0.089197,0.108994,0.0009,0.1539,0.577,3,0.19233,1.2103,1.2103,155272,0
1778499339.597923,0.059026,-0.247398,0.587395,1,0.7511,0.9428,-0.156974,-0.093899,0.109395,0.0009,0.1639,0.5863,3,0.19542,1.2677,1.2677,155272,0
1778499339.648027,0.056647,-0.252615,0.587662,1,0.7413,0.934,-0.159353,-0.099116,0.109661,0.0007,0.1651,0.5755,3,0.19182,1.2288,1.2288,155272,0
1778499339.69811,0.05491,-0.257483,0.587836,1,0.7287,0.9357,-0.16109,-0.103983,0.109836,0.0008,0.1535,0.5744,3,0.19146,1.1628,1.1628,155272,0
1778499339.748209,0.045912,-0.269097,0.589118,1,0.6979,0.8671,-0.170088,-0.115598,0.111117,0.0009,0.1618,0.5351,3,0.17837,0.9427,0.9427,155272,0
1778499339.798313,0.042017,-0.277815,0.590833,1,0.7453,0.9211,-0.173983,-0.124316,0.112833,0.0009,0.1703,0.574,3,0.19133,0.8768,0.8768,155284,0
1778499339.848578,0.040543,-0.285204,0.59226,1,0.6841,0.8827,-0.175457,-0.131704,0.114259,0.0006,0.152,0.5315,3,0.17718,0.8862,0.8862,155284,0
1778499339.898688,0.039412,-0.29398,0.592527,1,0.7119,0.9114,-0.176588,-0.140481,0.114526,0.0007,0.1594,0.5518,3,0.18393,1.0616,1.0616,155284,0
1778499339.948861,0.040101,-0.313088,0.592913,1,0.7288,0.9004,-0.175899,-0.159589,0.114913,0.0009,0.1583,0.5696,3,0.18988,2.5524,2.5524,155284,0
1778499339.998972,0.041542,-0.324178,0.593032,1,0.8423,1.0224,-0.174458,-0.170679,0.115031,0.0009,0.1747,0.6667,4,0.16667,1.5727,1.5727,155284,0
1778499340.049127,0.043977,-0.335746,0.593508,1,0.8176,1.0077,-0.172023,-0.182247,0.115507,0.0008,0.165,0.6518,4,0.16296,1.9813,1.9813,155284,0
1778499340.099229,0.047211,-0.346393,0.59448,1,1.0756,1.2795,-0.168789,-0.192894,0.116479,0.0009,0.1701,0.9047,4,0.22617,2.5074,2.5074,155284,0
1778499340.149337,0.055405,-0.369743,0.597631,1,0.938,1.118,-0.160595,-0.216244,0.119631,0.0009,0.169,0.7681,5,0.15362,1.0706,1.0706,155288,0
1778499340.199445,0.059651,-0.380696,0.599282,1,0.9706,1.751,-0.156349,-0.227197,0.121281,0.0008,0.1904,0.7793,5,0.15587,1.1155,1.1155,155288,0
1778499340.249542,0.064748,-0.390139,0.601236,1,1.0061,1.8577,-0.151252,-0.23664,0.123235,0.0008,0.1589,0.8464,5,0.16928,1.1206,1.1206,155288,0
1778499340.300019,0.070413,-0.399661,0.603256,1,1.0178,1.4966,-0.145587,-0.246162,0.125256,0.0007,0.1711,0.846,5,0.1692,1.1148,1.1148,155288,0
1778499340.350194,0.082793,-0.415811,0.607058,1,0.98,1.8968,-0.133207,-0.262312,0.129058,0.001,0.1635,0.8156,5,0.16311,1.0055,1.0055,155292,0
1778499340.400305,0.089175,-0.423714,0.608638,1,1.2313,2.1906,-0.126825,-0.270215,0.130637,0.0007,0.2724,0.9582,5,0.19165,0.9283,0.9283,155292,0
1778499340.450391,0.095919,-0.432504,0.609939,1,0.9748,3.8555,-0.120081,-0.279005,0.131939,0.0008,0.1892,0.7849,5,0.15699,0.8368,0.8368,155292,0
1778499340.500658,0.102938,-0.440842,0.611046,1,0.924,1.0921,-0.113062,-0.287343,0.133046,0.0009,0.1639,0.7592,5,0.15183,0.745,0.745,155292,0
1778499340.551275,0.118468,-0.460814,0.612594,1,0.9037,1.8982,-0.097532,-0.307314,0.134593,0.0006,0.1696,0.7334,4,0.18335,1.9648,1.9648,155292,0
1778499340.601669,0.15,-0.45,0.6,1,0.4189,0.5451,-0.089697,-0.319255,0.134886,0.0004,0.1143,0.3042,3,0.1014,2.166,2.166,155308,0
1778499340.651894,0.135537,-0.478982,0.613637,1,0.8826,1.0764,-0.080463,-0.325482,0.135637,0.0003,0.1061,0.7761,4,0.19402,0.7099,0.7099,155308,0
1778499340.702007,0.145666,-0.478936,0.614894,1,0.7048,0.8709,-0.070334,-0.325437,0.136894,0.0008,0.1623,0.5417,3,0.18057,2.5653,2.5653,155308,0
1778499340.752118,0.15,-0.5,0.6,1,0.8552,1.0444,-0.049868,-0.322189,0.139868,0.0011,0.2601,0.594,3,0.19799,0.9066,0.9066,155308,0
1778499340.802194,0.2,-0.45,0.6,1,0.851,1.0755,-0.038531,-0.320428,0.141341,0.0005,0.1078,0.7427,3,0.24756,0.4192,0.4192,155308,0
1778499340.852278,0.2,-0.45,0.6,1,0.6995,0.9127,-0.026911,-0.319584,0.142387,0.0009,0.1378,0.5609,3,0.18697,0.3448,0.3448,155308,0
1778499340.902375,0.2,-0.45,0.6,1,0.5772,0.7558,-0.015143,-0.319357,0.143053,0.0007,0.1553,0.4213,2,0.21063,2.9933,2.9933,155308,0
1778499340.952476,0.2,-0.45,0.6,1,0.5562,0.7411,0.006625,-0.315433,0.144338,0.0008,0.1594,0.396,2,0.19801,2.8391,2.8391,155312,0
1778499341.00412,0.25,-0.45,0.6,1,0.5494,0.7269,0.017753,-0.313541,0.144894,0.0007,0.1413,0.4074,2,0.20369,2.9241,2.9241,155312,0
1778499341.054197,0.244431,-0.463687,0.623514,1,0.5547,0.7584,0.028431,-0.310187,0.145513,0.0008,0.1471,0.4069,2,0.20343,1.4966,1.4966,155312,0
1778499341.104302,0.255677,-0.458066,0.624278,1,0.5516,1.3193,0.039677,-0.304567,0.146278,0.0009,0.1386,0.4121,2,0.20607,1.3738,1.3738,155312,0
1778499341.154393,0.3,-0.45,0.65,1,0.5973,0.7827,0.063502,-0.293435,0.147853,0.0008,0.172,0.4246,2,0.21228,2.9308,2.9308,155312,0
1778499341.204483,0.291033,-0.440374,0.626832,1,0.5562,0.7453,0.075033,-0.286875,0.148832,0.001,0.1565,0.3987,2,0.19936,1.9422,1.9422,155312,0
1778499341.254629,0.302476,-0.433519,0.627906,1,0.5836,0.7686,0.086476,-0.28002,0.149906,0.0007,0.1691,0.4138,2,0.20689,2.1676,2.1676,155312,0
1778499341.30471,0.3,-0.45,0.65,1,0.6307,1.6673,0.098197,-0.2736,0.15114,0.0009,0.1585,0.4713,2,0.23566,2.8421,2.8421,155312,0
1778499341.354815,0.33652,-0.414357,0.631949,1,22.0371,23.2255,0.12052,-0.260858,0.153949,0.0006,0.15,21.8866,250,0.08755,3.9765,3.9765,155328,0
1778499341.404837,0.346924,-0.406388,0.633379,1,20.8808,22.042,0.130924,-0.252889,0.155379,0.0006,0.1299,20.7503,250,0.083,4.8699,4.8699,155328,0
1778499341.454911,0.356364,-0.398226,0.634793,1,18.3305,18.8124,0.140364,-0.244727,0.156792,0.0008,0.1584,18.1714,250,0.07269,5.8868,5.8868,155328,0
1778499341.504987,0.365546,-0.389554,0.636453,1,19.3999,20.0186,0.149546,-0.236055,0.158452,0.0005,0.1423,19.257,250,0.07703,7.122,7.122,155328,0
1778499341.555094,0.35,-0.35,0.65,1,0.8126,1.0036,0.165253,-0.218369,0.162238,0.001,0.1653,0.6463,3,0.21544,2.4657,2.4657,155328,0
1778499341.605187,0.35,-0.35,0.65,1,0.4366,0.636,0.172388,-0.209692,0.164304,0.0007,0.1625,0.2733,1,0.27332,1.6093,1.6093,155328,0
1778499341.655268,0.35,-0.35,0.65,1,0.4748,0.7641,0.179007,-0.201376,0.166292,0.0009,0.1664,0.3076,1,0.30756,1.6155,1.6155,155328,0
1778499341.705343,0.4,-0.3,0.65,1,23.8399,24.9112,0.190713,-0.185177,0.169801,0.0008,0.1433,23.6959,250,0.09478,3.5238,3.5238,155328,0
1778499341.755435,0.4,-0.3,0.65,1,22.5021,23.2178,0.195068,-0.176656,0.171216,0.001,0.1517,22.3494,250,0.0894,3.5322,3.5322,155328,0
1778499341.805523,0.4,-0.3,0.65,0,19.8966,20.7785,0.199272,-0.16853,0.172338,0.0007,0.1385,19.7574,250,0.07903,14.7556,14.7556,155332,0
1778499341.855884,0.4,-0.3,0.65,0,23.1705,24.5821,0.203049,-0.161521,0.173098,0.0006,0.159,23.0109,250,0.09204,17.6715,17.6715,155332,0
1778499341.905971,0.4,-0.3,0.65,0,20.4822,21.3559,0.208807,-0.147351,0.173817,0.001,0.165,20.3163,250,0.08127,18.1059,18.1059,155332,0
1778499341.956068,0.4,-0.3,0.65,0,23.9481,28.0896,0.210213,-0.140809,0.17392,0.0008,0.1695,23.7778,250,0.09511,25.1413,25.1413,155332,0
1778499342.006169,0.4,-0.3,0.65,0,23.9552,27.4351,0.211068,-0.134489,0.173958,0.0004,0.0972,23.8576,250,0.09543,50.469,50.469,155332,0
1778499342.056267,0.4,-0.3,0.65,1,16.7788,21.0036,0.211015,-0.128727,0.173881,0.0008,0.1645,16.6134,250,0.06645,3.6119,3.6119,155336,0
1778499342.106441,0.4,-0.25,0.65,1,0.5534,0.7308,0.207117,-0.117451,0.172527,0.0008,0.1642,0.3884,2,0.19419,2.9065,2.9065,155336,0
1778499342.156534,0.419427,-0.265289,0.649419,1,23.4959,27.3446,0.203427,-0.11179,0.171418,0.001,0.167,23.3279,250,0.09331,5.9511,5.9511,155348,0
1778499342.206633,0.414813,-0.25971,0.648169,1,22.5309,23.7942,0.198813,-0.10621,0.170169,0.0005,0.1074,22.423,250,0.08969,4.1857,4.1857,155348,0
1778499342.25674,0.408917,-0.254425,0.646785,1,0.529,0.6946,0.192917,-0.100926,0.168785,0.0008,0.146,0.3822,2,0.19109,2.9346,2.9346,155348,0
1778499342.306911,0.392393,-0.243905,0.643039,1,0.595,0.7737,0.176393,-0.090406,0.165039,0.0008,0.1708,0.4234,2,0.2117,1.968,1.968,155348,0
1778499342.35706,0.381297,-0.238838,0.640435,1,0.4246,0.634,0.165297,-0.085338,0.162435,0.0011,0.1552,0.2682,1,0.26823,2.4228,2.4228,155348,0
1778499342.407207,0.369156,-0.234507,0.637322,1,0.4525,0.6638,0.153156,-0.081007,0.159321,0.0009,0.1634,0.2882,1,0.28815,1.833,1.833,155348,0
1778499342.457306,0.356256,-0.230456,0.63396,1,0.4624,0.674,0.140256,-0.076957,0.15596,0.0008,0.1712,0.2904,1,0.2904,1.4848,1.4848,155348,0
1778499342.507377,0.35,-0.2,0.65,1,0.4264,0.604,0.113914,-0.071474,0.149001,0.0008,0.1548,0.2707,1,0.27074,2.8802,2.8802,155348,0
1778499342.557458,0.3,-0.2,0.6,1,0.5857,0.7556,0.100577,-0.06951,0.144912,0.0009,0.1686,0.4162,2,0.20808,0.9061,0.9061,155348,0
1778499342.60754,0.303351,-0.221194,0.618552,1,0.4248,0.6238,0.087351,-0.067695,0.140552,0.0008,0.1526,0.2714,1,0.27136,1.5045,1.5045,155352,0
1778499342.657624,0.290463,-0.219639,0.614043,1,0.4541,0.6748,0.074463,-0.06614,0.136043,0.0009,0.1592,0.294,1,0.29401,0.4525,0.4525,155352,0
1778499342.707728,0.264846,-0.216572,0.604457,1,0.4353,0.6345,0.048846,-0.063073,0.126457,0.0007,0.1675,0.2671,1,0.26712,1.6308,1.6308,155352,0
1778499342.757829,0.252264,-0.214672,0.599047,1,0.439,0.6153,0.036264,-0.061173,0.121046,0.0006,0.162,0.2764,1,0.27636,0.3215,0.3215,155352,0
1778499342.80792,0.239575,-0.212072,0.592943,1,0.4474,0.6603,0.023575,-0.058573,0.114943,0.0012,0.1669,0.2793,1,0.27927,0.3239,0.3239,155352,0
1778499342.858018,0.226489,-0.209071,0.586349,1,0.5247,0.7362,0.010489,-0.055572,0.108348,0.001,0.1913,0.3325,1,0.3325,0.3652,0.3652,155352,0
1778499342.90813,0.203131,-0.205987,0.574113,1,0.4631,0.6659,-0.012869,-0.052487,0.096113,0.0007,0.1733,0.2891,1,0.28914,1.6049,1.6049,155352,0
1778499342.95822,0.189771,-0.205085,0.567486,1,0.5269,0.762,-0.026229,-0.051585,0.089486,0.0007,0.1705,0.3557,1,0.35568,0.469,0.469,155352,0
1778499343.008322,0.178123,-0.204543,0.56265,1,0.4604,0.6603,-0.037877,-0.051044,0.08465,0.0009,0.1613,0.2982,1,0.29819,0.3738,0.3738,155356,0
1778499343.058416,0.167604,-0.204505,0.559551,1,0.4856,0.6879,-0.048396,-0.051006,0.08155,0.0007,0.1793,0.3056,1,0.30559,0.3727,0.3727,155368,0
1778499343.108508,0.148687,-0.205649,0.557619,1,0.4307,0.6151,-0.067313,-0.05215,0.079619,0.0007,0.175,0.255,1,0.25504,1.0746,1.0746,155368,0
1778499343.158616,0.139036,-0.207057,0.557725,1,0.4907,0.7066,-0.076964,-0.053557,0.079725,0.0009,0.1839,0.3058,1,0.30584,0.5362,0.5362,155368,0
1778499343.208708,0.130763,-0.208667,0.557928,1,0.4508,0.6451,-0.085237,-0.055168,0.079928,0.0007,0.1439,0.3063,1,0.3063,0.5214,0.5214,155368,0
1778499343.258793,0.121423,-0.210954,0.558319,1,0.4228,0.6094,-0.094577,-0.057455,0.080319,0.0006,0.1525,0.2697,1,0.26967,0.6083,0.6083,155372,0
1778499343.308848,0.105257,-0.2175,0.559171,1,0.3987,0.5787,-0.110743,-0.064001,0.08117,0.0005,0.1431,0.2551,1,0.25509,1.8035,1.8035,155372,0
1778499343.35893,0.098223,-0.222542,0.55913,1,0.43,0.6382,-0.117777,-0.069043,0.081129,0.0009,0.1622,0.2669,1,0.26689,2.7236,2.7236,155376,0
1778499343.409037,0.092004,-0.228881,0.558613,1,0.6244,0.812,-0.123996,-0.075382,0.080613,0.0008,0.1603,0.4633,2,0.23165,0.905,0.905,155376,0
1778499343.459151,0.086746,-0.236135,0.557921,1,0.5782,0.7663,-0.129254,-0.082636,0.079921,0.001,0.169,0.4083,2,0.20415,1.0574,1.0574,155376,0
1778499343.509246,0.077423,-0.250032,0.557189,1,0.5757,0.7594,-0.138577,-0.096532,0.079189,0.0008,0.1567,0.4181,2,0.20907,2.3486,2.3486,155376,0
1778499343.559349,0.074385,-0.257883,0.55626,1,0.7482,0.9305,-0.141615,-0.104384,0.07826,0.0007,0.1591,0.5884,3,0.19615,0.8842,0.8842,155376,0
1778499343.609558,0.073132,-0.266593,0.554455,1,0.6799,0.8725,-0.142868,-0.113093,0.076455,0.0009,0.1531,0.526,3,0.17532,0.8763,0.8763,155376,0
1778499343.659734,0.05,-0.3,0.55,1,0.6896,0.8762,-0.142861,-0.122317,0.074283,0.0006,0.1523,0.5367,3,0.1789,2.3081,2.3081,155376,0
1778499343.709912,0.075957,-0.295705,0.547677,1,0.7113,0.8888,-0.140043,-0.142206,0.069676,0.0007,0.152,0.5585,3,0.18616,0.973,0.973,155388,0
1778499343.760179,0.077778,-0.304848,0.545877,1,0.6951,1.4838,-0.138222,-0.151349,0.067877,0.0009,0.1525,0.5417,3,0.18058,1.0149,1.0149,155388,0
1778499343.810408,0.079846,-0.31396,0.544325,1,0.7584,1.7551,-0.136154,-0.160461,0.066325,0.0012,0.1869,0.5702,3,0.19006,1.1014,1.1014,155392,0
1778499343.860528,0.083003,-0.327042,0.54236,1,0.7272,0.924,-0.132997,-0.173543,0.064359,0.0013,0.1732,0.5527,3,0.18425,1.3699,1.3699,155392,0
1778499343.910679,0.090289,-0.354241,0.540092,1,0.7037,3.4732,-0.125711,-0.200742,0.062091,0.0009,0.1577,0.545,3,0.18168,2.3235,2.3235,155392,0
1778499343.961459,0.094519,-0.36769,0.540538,1,0.7089,0.8859,-0.121481,-0.214191,0.062538,0.001,0.1777,0.5302,3,0.17674,2.3354,2.3354,155392,0
1778499344.011617,0.098657,-0.38018,0.541985,1,0.6851,0.8649,-0.117343,-0.226681,0.063984,0.0008,0.1684,0.516,3,0.17199,2.6811,2.6811,155392,0
1778499344.06189,0.102903,-0.391667,0.544706,1,0.8655,1.0441,-0.113097,-0.238168,0.066706,0.0007,0.1745,0.6903,4,0.17258,0.7216,0.7216,155392,0
1778499344.112074,0.112309,-0.410548,0.552256,1,0.8053,0.975,-0.103691,-0.257049,0.074256,0.0007,0.1588,0.6457,4,0.16144,0.7196,0.7196,155392,0
1778499344.162171,0.118146,-0.418666,0.556692,1,0.8381,1.1324,-0.097854,-0.265167,0.078692,0.0009,0.1727,0.6645,4,0.16613,0.6726,0.6726,155392,0
1778499344.212245,0.1,-0.45,0.55,1,0.8094,0.9817,-0.091868,-0.272368,0.082927,0.0008,0.1588,0.6499,4,0.16247,1.1426,1.1426,155396,0
1778499344.262354,0.131532,-0.433639,0.565481,1,0.838,1.0176,-0.084468,-0.28014,0.08748,0.0009,0.1593,0.6779,4,0.16946,0.58,0.58,155396,0
1778499344.312538,0.147647,-0.452179,0.573937,1,0.739,0.9461,-0.068353,-0.298679,0.095937,0.001,0.163,0.575,3,0.19165,1.6865,1.6865,155396,0
1778499344.362698,0.155447,-0.460537,0.577627,1,0.6713,0.8642,-0.060553,-0.307038,0.099627,0.0009,0.151,0.5194,3,0.17313,0.9183,0.9183,155396,0
1778499344.412966,0.163659,-0.465507,0.581816,1,0.7348,0.9107,-0.052341,-0.312007,0.103816,0.0009,0.1651,0.5688,3,0.18961,0.6052,0.6052,155396,0
1778499344.463056,0.15,-0.45,0.6,1,0.7455,0.9212,-0.043221,-0.311392,0.108616,0.0009,0.1673,0.5773,3,0.19243,2.0952,2.0952,155408,0
1778499344.513728,0.192079,-0.46079,0.595081,1,0.6958,0.8937,-0.023921,-0.307291,0.11708,0.001,0.165,0.5298,3,0.1766,0.5419,0.5419,155408,0
1778499344.563987,0.202193,-0.459186,0.598227,1,0.655,0.8697,-0.013807,-0.305687,0.120227,0.001,0.1694,0.4847,2,0.24235,2.7785,2.7785,155412,0
1778499344.614069,0.211734,-0.457842,0.600499,1,0.5859,0.7656,-0.004266,-0.304343,0.122499,0.0008,0.1594,0.4256,2,0.21282,1.7691,1.7691,155412,0
1778499344.664155,0.221084,-0.457081,0.601997,1,0.5446,1.3505,0.005084,-0.303582,0.123996,0.0008,0.1374,0.4064,2,0.20322,1.3456,1.3456,155412,0
1778499344.714246,0.241204,-0.457013,0.603478,1,0.5872,0.7849,0.025204,-0.303514,0.125478,0.0006,0.1636,0.423,2,0.21149,1.5079,1.5079,155412,0
1778499344.764461,0.249941,-0.455206,0.60401,1,0.5548,0.7437,0.033941,-0.301707,0.12601,0.0008,0.1579,0.3961,2,0.19804,1.2938,1.2938,155412,0
1778499344.814549,0.258196,-0.454274,0.604334,1,0.5909,0.7729,0.042196,-0.300774,0.126334,0.0009,0.172,0.418,2,0.20901,1.449,1.449,155412,0
1778499344.864624,0.266821,-0.453533,0.604742,1,0.5727,0.8895,0.050821,-0.300034,0.126742,0.0008,0.1477,0.4242,2,0.2121,1.6837,1.6837,155412,0
1778499344.914837,0.28374,-0.449065,0.607229,1,0.5574,0.7596,0.06774,-0.295566,0.129228,0.0006,0.1541,0.4028,2,0.20138,2.2306,2.2306,155412,0
1778499344.965059,0.292385,-0.445672,0.609551,1,0.6149,0.8325,0.076385,-0.292173,0.131551,0.0009,0.166,0.4479,2,0.22397,2.5403,2.5403,155412,0
1778499345.015151,0.300319,-0.439971,0.612715,1,0.5999,0.7753,0.084319,-0.286472,0.134714,0.0009,0.1691,0.4299,2,0.21495,2.6766,2.6766,155412,0
1778499345.065236,0.3,-0.4,0.6,1,0.5672,0.7564,0.100484,-0.271077,0.142843,0.0006,0.1618,0.4049,2,0.20243,1.7808,1.7808,155412,0
1778499345.11534,0.35,-0.4,0.65,1,23.2434,24.6393,0.109584,-0.26477,0.147264,0.0012,0.1674,23.0747,250,0.0923,3.9611,3.9611,155412,0
1778499345.165433,0.334981,-0.411727,0.629835,1,20.7327,22.3845,0.118981,-0.258228,0.151834,0.0006,0.1553,20.5768,250,0.08231,3.464,3.464,155412,0
1778499345.215544,0.343508,-0.404884,0.633921,1,21.3297,22.1517,0.127508,-0.251385,0.15592,0.0007,0.1572,21.1719,250,0.08469,3.8875,3.8875,155412,0
1778499345.265627,0.362394,-0.393583,0.641488,1,29.9623,32.7453,0.146394,-0.240083,0.163487,0.0009,0.1557,29.8058,250,0.11922,6.575,6.575,155412,0
1778499345.315741,0.362394,-0.393583,0.641488,0,21.4383,22.8897,0.155102,-0.234525,0.167474,0.0009,0.1455,21.2918,250,0.08517,11.8509,11.8509,155424,0
1778499345.36601,0.35,-0.4,0.65,1,25.5166,26.5627,0.162971,-0.228085,0.172341,0.0006,0.1439,25.372,250,0.10149,4.0143,4.0143,155424,0
1778499345.416106,0.35,-0.35,0.65,1,0.8523,1.0826,0.170177,-0.220983,0.177514,0.0006,0.1582,0.6935,3,0.23116,1.4941,1.4941,155424,0
1778499345.466284,0.35,-0.35,0.65,0,27.539,28.9316,0.18121,-0.204231,0.186417,0.0002,0.1052,27.4336,250,0.10973,33.2138,33.2138,155424,0
1778499345.516386,0.35,-0.35,0.65,0,21.6904,24.9701,0.184859,-0.194206,0.189977,0.0007,0.1577,21.532,250,0.08613,10.5086,10.5086,155424,0
1778499345.566562,0.35,-0.35,0.65,0,19.3868,20.871,0.187812,-0.184297,0.192922,0.0005,0.144,19.2422,250,0.07697,12.0556,12.0556,155424,0
1778499345.616654,0.35,-0.35,0.65,0,22.6617,25.8632,0.190026,-0.174999,0.195178,0.0006,0.1699,22.4912,250,0.08996,13.1642,13.1642,155424,0
1778499345.666756,0.40565,-0.310393,0.675218,1,22.6376,24.2703,0.18965,-0.156894,0.197218,0.0007,0.1643,22.4726,250,0.08989,5.5052,5.5052,155428,0
1778499345.71687,0.402422,-0.300803,0.675115,1,19.3161,19.9819,0.186422,-0.147303,0.197115,0.0007,0.1475,19.1679,250,0.07667,3.808,3.808,155428,0
1778499345.766947,0.398115,-0.291669,0.674479,1,0.5096,0.6784,0.182115,-0.13817,0.196479,0.0005,0.14,0.3691,2,0.18457,2.7243,2.7243,155428,0
1778499345.817057,0.393146,-0.283678,0.673437,1,0.6289,0.8314,0.177146,-0.130179,0.195437,0.0006,0.1725,0.4558,2,0.22789,2.1552,2.1552,155432,0
1778499345.867157,0.4,-0.25,0.65,1,0.6274,0.8229,0.165493,-0.115395,0.193458,0.0007,0.1697,0.457,2,0.2285,2.1392,2.1392,155432,0
1778499345.917249,0.35,-0.25,0.65,1,0.7005,0.8843,0.157774,-0.107577,0.192625,0.0006,0.1643,0.5356,3,0.17852,0.7945,0.7945,155432,0
1778499345.96734,0.365038,-0.25317,0.669515,1,0.419,0.5921,0.149038,-0.099671,0.191515,0.0006,0.1587,0.2597,1,0.25967,2.1197,2.1197,155432,0
1778499346.017439,0.355444,-0.24554,0.668142,1,0.4281,0.6203,0.139444,-0.092041,0.190141,0.0005,0.1606,0.267,1,0.26698,1.339,1.339,155432,0
1778499346.067543,0.333725,-0.23108,0.664848,1,0.429,0.6339,0.117725,-0.077581,0.186847,0.0006,0.1758,0.2527,1,0.25268,2.5068,2.5068,155432,0
1778499346.11764,0.3,-0.25,0.65,1,0.5954,0.7935,0.106436,-0.071579,0.184777,0.0007,0.1687,0.426,2,0.21299,0.4661,0.4661,155448,0
1778499346.167753,0.310552,-0.219939,0.659839,1,0.4399,0.6577,0.094552,-0.06644,0.181839,0.0007,0.1576,0.2815,1,0.28154,2.346,2.346,155448,0
1778499346.217865,0.298725,-0.215869,0.656151,1,0.4991,0.7396,0.082725,-0.06237,0.17815,0.0005,0.1767,0.3219,1,0.32193,0.5298,0.5298,155448,0
1778499346.267932,0.274743,-0.210932,0.647144,1,0.4141,0.5969,0.058743,-0.057433,0.169144,0.0005,0.142,0.2716,1,0.27161,1.3102,1.3102,155448,0
1778499346.318013,0.263018,-0.209682,0.642039,1,0.3944,0.5892,0.047018,-0.056183,0.164039,0.0004,0.1457,0.2482,1,0.24821,0.2946,0.2946,155452,0
1778499346.368095,0.252348,-0.209535,0.637019,1,0.4295,0.6504,0.036348,-0.056036,0.159019,0.0007,0.1674,0.2614,1,0.26139,0.2035,0.2035,155452,0
1778499346.418185,0.242047,-0.209958,0.631973,1,0.4017,0.5789,0.026047,-0.056458,0.153973,0.0005,0.1473,0.2539,1,0.25389,0.1846,0.1846,155452,0
1778499346.468308,0.2,-0.2,0.6,1,0.7773,1.0081,0.004862,-0.057601,0.143729,0.0008,0.2199,0.5567,2,0.27833,0.1951,0.1951,155452,0
1778499346.518398,0.208947,-0.21159,0.616221,1,0.4053,0.5984,-0.007053,-0.058091,0.138221,0.0007,0.1498,0.2548,1,0.25483,0.8947,0.8947,155456,0
1778499346.568497,0.197242,-0.211738,0.611106,1,0.4846,0.7127,-0.018758,-0.058239,0.133105,0.0007,0.1789,0.3051,1,0.30505,0.309,0.309,155456,0
1778499346.618591,0.186124,-0.211818,0.606307,1,0.42,0.6136,-0.029876,-0.058319,0.128307,0.0006,0.1548,0.2646,1,0.26462,0.3881,0.3881,155456,0
1778499346.66868,0.163091,-0.211315,0.595629,1,0.4565,0.6537,-0.052909,-0.057816,0.117629,0.0005,0.1651,0.2909,1,0.2909,1.6437,1.6437,155456,0
1778499346.718758,0.153102,-0.210059,0.590083,1,0.4002,0.598,-0.062898,-0.05656,0.112083,0.0006,0.1465,0.253,1,0.25303,0.364,0.364,155456,0
1778499346.768839,0.14335,-0.208926,0.58423,1,0.4783,0.6648,-0.07265,-0.055426,0.10623,0.0005,0.1582,0.3196,1,0.31958,0.4615,0.4615,155468,0
1778499346.818955,0.134412,-0.208239,0.579171,1,0.4299,0.643,-0.081588,-0.05474,0.101171,0.0005,0.156,0.2734,1,0.27337,0.7024,0.7024,155468,0
1778499346.869049,0.1,-0.2,0.55,1,0.5847,0.7666,-0.095321,-0.054297,0.096557,0.0005,0.1604,0.4238,2,0.21188,0.7361,0.7361,155468,0
1778499346.919122,0.114611,-0.208793,0.574514,1,0.5475,0.7199,-0.101389,-0.055294,0.096514,0.0006,0.1434,0.4035,2,0.20175,0.6601,0.6601,155472,0
1778499346.969267,0.108532,-0.211168,0.575424,1,0.5776,0.7645,-0.107468,-0.057669,0.097423,0.0007,0.1605,0.4164,2,0.20821,0.6623,0.6623,155472,0
1778499347.019468,0.102682,-0.213663,0.57709,1,0.6042,0.7914,-0.113318,-0.060164,0.09909,0.0009,0.1867,0.4166,2,0.20832,0.6537,0.6537,155472,0
1778499347.069579,0.091475,-0.220216,0.580308,1,0.6169,0.8934,-0.124525,-0.066717,0.102308,0.0008,0.1789,0.4372,2,0.2186,0.626,0.626,155472,0
1778499347.119738,0.1,-0.2,0.6,1,0.5989,0.7724,-0.130065,-0.070308,0.103596,0.0006,0.1684,0.4299,2,0.21496,1.6643,1.6643,155472,0
1778499347.16985,0.1,-0.25,0.6,1,0.667,1.7226,-0.135907,-0.074588,0.104816,0.0008,0.1761,0.4901,2,0.24507,2.7721,2.7721,155472,0
1778499347.220083,0.05,-0.25,0.6,1,25.3185,26.7393,-0.141427,-0.079111,0.106023,0.0005,0.1691,25.1488,250,0.1006,3.0728,3.0728,155480,0
1778499347.270184,0.065553,-0.240572,0.587066,1,0.5863,1.4433,-0.150447,-0.087072,0.109066,0.0007,0.1533,0.4323,2,0.21613,2.4258,2.4258,155484,0
1778499347.320364,0.062141,-0.243335,0.588876,1,0.6475,3.3625,-0.153859,-0.089836,0.110876,0.0005,0.1307,0.5163,3,0.1721,1.1713,1.1713,155484,0
1778499347.370542,0.059275,-0.245019,0.590718,1,0.7308,1.4786,-0.156725,-0.09152,0.112717,0.0006,0.1723,0.558,3,0.18599,1.2462,1.2462,155484,0
1778499347.420719,0.05728,-0.245909,0.59212,1,0.6921,1.5467,-0.15872,-0.09241,0.11412,0.0006,0.1668,0.5247,3,0.17489,1.2646,1.2646,155484,0
1778499347.471098,0.055258,-0.249386,0.593685,1,0.7706,0.9664,-0.160742,-0.095887,0.115684,0.0007,0.1774,0.5925,3,0.19751,1.2177,1.2177,155484,0
1778499347.521755,0.055196,-0.253097,0.594291,1,0.6727,0.8719,-0.160804,-0.099598,0.116291,0.0007,0.1508,0.5213,3,0.17375,1.1811,1.1811,155484,0
1778499347.571851,0.05602,-0.257613,0.5945,1,0.6523,0.8303,-0.15998,-0.104114,0.1165,0.0006,0.14,0.5118,3,0.17059,1.1005,1.1005,155488,0
1778499347.621932,0.058084,-0.262847,0.594267,1,0.7135,0.8845,-0.157916,-0.109348,0.116267,0.0006,0.1695,0.5434,3,0.18112,0.9895,0.9895,155488,0
1778499347.672112,0.05,-0.3,0.6,1,0.8021,1.0261,-0.15032,-0.121557,0.114624,0.0002,0.1697,0.6322,3,0.21074,1.0978,1.0978,155492,0
1778499347.722214,0.071167,-0.281748,0.591068,1,0.6702,0.8585,-0.144833,-0.128249,0.113068,0.0007,0.1468,0.5227,3,0.17425,0.6791,0.6791,155492,0
1778499347.773374,0.077683,-0.290137,0.589379,1,0.4031,0.5348,-0.138317,-0.136638,0.111378,0.0002,0.1079,0.2949,3,0.09831,0.7109,0.7109,155492,0
1778499347.823483,0.084703,-0.300015,0.588131,1,0.3983,0.5117,-0.131297,-0.146516,0.110131,0.0002,0.1065,0.2916,3,0.09719,1.0893,1.0893,155492,0
1778499347.873577,0.099963,-0.322331,0.586513,1,0.7437,0.9342,-0.116037,-0.168832,0.108512,0.0008,0.141,0.6019,3,0.20064,1.8982,1.8982,155492,0
1778499347.9238,0.107874,-0.335198,0.586209,1,0.6754,0.8828,-0.108126,-0.181699,0.108208,0.0006,0.1523,0.5226,3,0.17419,1.9818,1.9818,155492,0
1778499347.974051,0.115697,-0.347938,0.586062,1,0.7895,1.0103,-0.100303,-0.194439,0.108062,0.0007,0.1669,0.6219,3,0.20731,2.1797,2.1797,155492,0
1778499348.024148,0.123871,-0.360232,0.586291,1,0.6689,1.5267,-0.092129,-0.206733,0.108291,0.0006,0.1416,0.5267,3,0.17558,2.2464,2.2464,155492,0
1778499348.074221,0.139594,-0.381295,0.588214,1,0.7077,0.885,-0.076406,-0.227795,0.110214,0.0006,0.1586,0.5485,3,0.18282,2.0674,2.0674,155496,0
1778499348.124326,0.147066,-0.389144,0.589932,1,0.6984,0.8899,-0.068934,-0.235645,0.111931,0.0006,0.1681,0.5297,3,0.17657,1.6327,1.6327,155496,0
1778499348.174402,0.154549,-0.395708,0.592248,1,0.7023,0.8855,-0.061451,-0.242209,0.114248,0.0005,0.1418,0.5601,3,0.18668,1.2833,1.2833,155508,0
1778499348.224562,0.161852,-0.401035,0.594803,1,0.7549,1.501,-0.054148,-0.247536,0.116802,0.0007,0.1718,0.5824,3,0.19414,0.9522,0.9522,155508,0
1778499348.274662,0.178213,-0.410593,0.601449,1,0.7195,0.9006,-0.037787,-0.257094,0.123449,0.0002,0.1572,0.562,3,0.18734,0.435,0.435,155508,0
1778499348.324734,0.187,-0.414498,0.604502,1,0.6745,0.8594,-0.029,-0.260999,0.126501,0.0005,0.1468,0.5273,3,0.17576,0.2131,0.2131,155508,0
1778499348.374848,0.196461,-0.417726,0.607294,1,0.6831,0.8804,-0.019539,-0.264226,0.129294,0.0006,0.1651,0.5173,3,0.17244,0.1039,0.1039,155508,0
1778499348.424926,0.206824,-0.420127,0.609992,1,0.5924,1.4072,-0.009176,-0.266627,0.131992,0.0006,0.1503,0.4415,2,0.22077,1.5984,1.5984,155508,0
1778499348.475004,0.25,-0.4,0.6,1,0.555,0.7374,0.012569,-0.271326,0.136983,0.0006,0.1503,0.404,2,0.202,0.5675,0.5675,155512,0
1778499348.525117,0.25,-0.45,0.6,1,0.5871,0.7606,0.023642,-0.273044,0.139769,0.0006,0.1656,0.421,2,0.21048,2.0946,2.0946,155512,0
1778499348.575206,0.251081,-0.428341,0.620451,1,0.5522,0.7386,0.035081,-0.274842,0.14245,0.0007,0.1521,0.3994,2,0.19971,0.74,0.74,155512,0
1778499348.625592,0.3,-0.45,0.65,1,24.8804,26.5326,0.059626,-0.281273,0.147074,0.0007,0.1647,24.7151,250,0.09886,3.2399,3.2399,155512,0
1778499348.675783,0.288114,-0.435957,0.627076,1,0.726,0.9413,0.072114,-0.282458,0.149076,0.0009,0.179,0.5461,2,0.27305,1.8577,1.8577,155512,0
1778499348.725864,0.300037,-0.43549,0.62868,1,0.5089,0.8267,0.084037,-0.28199,0.150679,0.0007,0.1885,0.3197,1,0.31965,2.7017,2.7017,155512,0
1778499348.775955,0.312255,-0.434626,0.630027,1,24.7357,28.7302,0.096255,-0.281127,0.152027,0.0006,0.164,24.5711,250,0.09828,3.2489,3.2489,155512,0
1778499348.826523,0.35,-0.4,0.65,1,21.3679,24.6693,0.118965,-0.276223,0.153886,0.0002,0.1012,21.2664,250,0.08507,4.1166,4.1166,155520,0
1778499348.876828,0.35,-0.4,0.65,1,21.6077,22.2672,0.129338,-0.273905,0.155169,0.0005,0.1504,21.4568,250,0.08583,4.1095,4.1095,155520,0
1778499348.926939,0.35,-0.4,0.65,0,18.6979,19.5234,0.139075,-0.26888,0.156477,0.0008,0.1744,18.5228,250,0.07409,113.7175,113.7175,155520,0
1778499348.977032,0.35,-0.4,0.65,0,19.746,21.0863,0.148016,-0.262423,0.15774,0.0005,0.1179,19.6276,250,0.07851,117.3515,117.3515,155520,0
1778499349.027131,0.35,-0.4,0.65,1,22.2457,23.162,0.165242,-0.250026,0.161759,0.0004,0.1335,22.1117,250,0.08845,4.1069,4.1069,155532,0
1778499349.07725,0.35,-0.4,0.65,1,17.7475,18.6538,0.172301,-0.242993,0.164206,0.0006,0.153,17.5938,250,0.07038,4.1061,4.1061,155532,0
1778499349.127399,0.35,-0.4,0.65,1,21.6849,25.2233,0.178151,-0.235266,0.166892,0.0003,0.1131,21.5714,250,0.08629,4.1028,4.1028,155532,0
1778499349.177503,0.35,-0.4,0.65,1,28.5213,30.7933,0.183356,-0.226123,0.169663,0.0009,0.1651,28.3553,250,0.11342,4.1007,4.1007,155536,0
1778499349.227566,0.35,-0.4,0.65,0,18.8716,22.4357,0.191239,-0.206271,0.174933,0.0006,0.1309,18.7402,250,0.07496,10.4748,10.4748,155536,0
1778499349.277777,0.35,-0.4,0.65,0,20.7997,20.911,0.195165,-0.198066,0.177117,0.0009,0.1679,20.6309,250,0.08252,10.378,10.378,155536,0
1778499349.327951,0.35,-0.4,0.65,0,18.94,19.8832,0.198252,-0.18968,0.179193,0.0005,0.1527,18.7868,250,0.07515,11.5011,11.5011,155536,0
1778499349.378193,0.4,-0.3,0.65,1,20.7148,21.9747,0.200654,-0.181704,0.181108,0.0006,0.1568,20.5574,250,0.08223,3.5581,3.5581,155536,0
1778499349.42828,0.4,-0.3,0.65,1,20.7575,21.8903,0.204681,-0.166624,0.184537,0.0006,0.1408,20.6161,250,0.08246,3.5772,3.5772,155536,0
1778499349.478381,0.4,-0.3,0.65,0,23.4517,24.198,0.204605,-0.157156,0.18635,0.0006,0.1855,23.2655,250,0.09306,24.6826,24.6826,155536,0
1778499349.528472,0.4,-0.3,0.65,0,21.9895,22.8547,0.203688,-0.148631,0.187828,0.0008,0.1388,21.8499,250,0.0874,11.3599,11.3599,155536,0
1778499349.57865,0.4,-0.3,0.65,0,19.2908,20.5526,0.201939,-0.14082,0.188989,0.0005,0.1572,19.1331,250,0.07653,12.0394,12.0394,155536,0
1778499349.628725,0.411377,-0.279693,0.668864,1,21.0159,22.3043,0.195377,-0.126194,0.190864,0.0006,0.1684,20.8469,250,0.08339,4.2097,4.2097,155536,0
1778499349.678896,0.4,-0.25,0.65,1,0.7049,0.8782,0.191526,-0.120482,0.192025,0.0007,0.1606,0.5436,3,0.18121,2.0969,2.0969,155540,0
1778499349.729,0.402717,-0.26817,0.671505,1,0.5668,0.7451,0.186717,-0.114671,0.193504,0.0009,0.1575,0.4083,2,0.20416,2.4836,2.4836,155540,0
1778499349.779089,0.396509,-0.261375,0.673229,1,0.6364,0.8228,0.180509,-0.107875,0.195229,0.0005,0.1598,0.4761,2,0.23804,1.9386,1.9386,155548,0
1778499349.829193,0.4,-0.25,0.7,1,0.6306,0.8379,0.16496,-0.094275,0.198415,0.0007,0.1728,0.4571,2,0.22855,1.9796,1.9796,155548,0
1778499349.879716,0.35,-0.25,0.7,1,0.8323,4.268,0.156183,-0.08867,0.199536,0.0007,0.1767,0.6549,3,0.21831,0.8973,0.8973,155548,0
1778499349.929888,0.362725,-0.237316,0.678302,1,0.4218,0.6004,0.146725,-0.083817,0.200301,0.0005,0.164,0.2573,1,0.25725,2.1267,2.1267,155548,0
1778499349.979995,0.352282,-0.232953,0.67876,1,0.4331,1.2401,0.136282,-0.079454,0.20076,0.0004,0.165,0.2677,1,0.26772,1.176,1.176,155548,0
1778499350.030101,0.35,-0.2,0.7,1,0.666,1.5621,0.112695,-0.071003,0.200499,0.0006,0.1701,0.4953,2,0.24763,0.6994,0.6994,155552,0
1778499350.080219,0.3,-0.2,0.7,1,0.58,1.5997,0.09966,-0.067218,0.199425,0.0005,0.1672,0.4122,2,0.20612,1.258,1.258,155552,0
1778499350.130315,0.3,-0.2,0.7,1,0.449,1.5135,0.086839,-0.064844,0.197501,0.0006,0.1628,0.2857,1,0.2857,0.4628,0.4628,155552,0
1778499350.180411,0.3,-0.2,0.65,1,0.6571,1.6021,0.075231,-0.065934,0.194516,0.0006,0.1765,0.48,2,0.23998,0.374,0.374,155552,0
1778499350.230516,0.25,-0.25,0.65,1,0.5881,1.0093,0.053134,-0.071672,0.185473,0.0005,0.1696,0.418,2,0.20898,0.6691,0.6691,155552,0
1778499350.280621,0.256731,-0.228747,0.657019,1,0.5095,0.894,0.040731,-0.075248,0.179018,0.0009,0.1776,0.3309,1,0.33094,1.294,1.294,155552,0
1778499350.333644,0.244622,-0.232272,0.65023,1,0.4561,0.6866,0.028622,-0.078773,0.17223,0.0006,0.1639,0.2917,1,0.29169,0.3311,0.3311,155552,0
1778499350.383748,0.231828,-0.235495,0.643082,1,0.4678,0.9164,0.015828,-0.081996,0.165081,0.0006,0.1717,0.2955,1,0.29546,0.6243,0.6243,155552,0
1778499350.433899,0.205515,-0.239836,0.62859,1,0.4876,0.7185,-0.010485,-0.086336,0.15059,0.0006,0.1791,0.3079,1,0.30785,2.71,2.71,155556,0
1778499350.483991,0.192232,-0.24154,0.621358,1,0.3961,0.6194,-0.023768,-0.08804,0.143357,0.0005,0.1451,0.2505,1,0.25054,0.9908,0.9908,155556,0
1778499350.534073,0.179719,-0.243029,0.614913,1,0.5062,0.7117,-0.036281,-0.08953,0.136912,0.0008,0.1727,0.3328,1,0.33277,1.1868,1.1868,155556,0
1778499350.584364,0.167088,-0.244325,0.608772,1,0.4593,1.1808,-0.048912,-0.090826,0.130772,0.0005,0.16,0.2988,1,0.29884,1.9599,1.9599,155556,0
1778499350.634601,0.142605,-0.247929,0.598919,1,0.5972,0.7739,-0.073395,-0.09443,0.120919,0.0006,0.1655,0.4312,2,0.2156,0.938,0.938,155556,0
1778499350.684762,0.130426,-0.249797,0.595353,1,0.5663,0.7504,-0.085574,-0.096298,0.117353,0.0006,0.1656,0.4001,2,0.20007,1.2507,1.2507,155556,0
1778499350.734981,0.118717,-0.251577,0.592568,1,0.5362,0.7275,-0.097283,-0.098078,0.114568,0.0006,0.1486,0.3871,2,0.19355,1.6334,1.6334,155556,0
1778499350.785482,0.096038,-0.253253,0.588936,1,0.6656,1.0959,-0.119962,-0.099754,0.110935,0.0007,0.1685,0.4965,2,0.24824,2.9747,2.9747,155568,0
1778499350.835627,0.086197,-0.253612,0.587892,1,0.6785,0.8539,-0.129803,-0.100113,0.109892,0.0006,0.1608,0.5172,3,0.17239,0.9815,0.9815,155568,0
1778499350.885819,0.076775,-0.253623,0.58722,1,0.6724,0.8709,-0.139225,-0.100124,0.10922,0.0005,0.1409,0.531,3,0.17699,1.0265,1.0265,155572,0
1778499350.935859,0.067438,-0.253413,0.586921,1,0.7306,0.9262,-0.148562,-0.099914,0.10892,0.0006,0.1525,0.5775,3,0.19251,1.098,1.098,155572,0
1778499350.986011,0.053892,-0.253729,0.587245,1,0.7764,0.9967,-0.162108,-0.10023,0.109245,0.0007,0.165,0.6107,3,0.20356,1.1893,1.1893,155572,0
1778499351.036095,0.048938,-0.255241,0.587812,1,0.7242,0.8917,-0.167062,-0.101742,0.109811,0.0006,0.1475,0.5762,3,0.19206,1.2717,1.2717,155572,0
1778499351.086462,0.045198,-0.257152,0.588666,1,0.4222,0.5743,-0.170802,-0.103653,0.110666,0.0003,0.1145,0.3074,3,0.10247,1.2869,1.2869,155572,0
1778499351.136548,0.042246,-0.258819,0.589993,1,0.431,0.5901,-0.173754,-0.10532,0.111993,0.0002,0.1198,0.311,3,0.10368,1.2869,1.2869,155572,0
1778499351.186642,0.038858,-0.262157,0.59257,1,0.7597,0.9521,-0.177142,-0.108658,0.114569,0.0003,0.1873,0.5722,3,0.19074,1.2132,1.2132,155572,0
1778499351.236719,0.03874,-0.264575,0.593453,1,0.7554,0.9627,-0.17726,-0.111075,0.115452,0.0006,0.1501,0.6047,3,0.20158,1.1712,1.1712,155572,0
1778499351.286795,0.039553,-0.267951,0.593926,1,0.6893,0.8689,-0.176447,-0.114451,0.115926,0.0004,0.1463,0.5425,3,0.18084,1.0756,1.0756,155584,0
1778499351.336951,0.041042,-0.272725,0.593957,1,0.6951,0.875,-0.174958,-0.119226,0.115957,0.0007,0.1519,0.5425,3,0.18083,0.9642,0.9642,155588,0
1778499351.387048,0.046704,-0.28419,0.593061,1,0.7106,0.9294,-0.169296,-0.130691,0.115061,0.0006,0.1614,0.5486,3,0.18287,0.8079,0.8079,155588,0
1778499351.437142,0.050662,-0.291139,0.592793,1,0.7983,0.9768,-0.165338,-0.13764,0.114793,0.0007,0.1656,0.632,3,0.21065,0.7804,0.7804,155588,0
1778499351.487266,0.05529,-0.299256,0.59267,1,0.8036,1.0039,-0.16071,-0.145757,0.114669,0.0007,0.181,0.6219,3,0.20731,0.92,0.92,155588,0
1778499351.537355,0.060101,-0.30841,0.593222,1,0.691,0.8671,-0.155899,-0.154911,0.115222,0.0006,0.1565,0.5339,3,0.17795,1.6772,1.6772,155588,0
1778499351.587453,0.072006,-0.330349,0.596133,1,0.831,1.0126,-0.143994,-0.176849,0.118132,0.0006,0.1787,0.6517,4,0.16292,0.8996,0.8996,155588,0
1778499351.63756,0.07892,-0.341801,0.598572,1,0.806,0.9843,-0.13708,-0.188301,0.120572,0.0009,0.1644,0.6407,4,0.16016,0.9235,0.9235,155592,0
1778499351.687655,0.086605,-0.353755,0.601775,1,0.8116,1.0072,-0.129395,-0.200255,0.123775,0.0007,0.1589,0.6519,4,0.16298,1.0026,1.0026,155592,0
1778499351.737751,0.094852,-0.365878,0.605402,1,0.849,1.027,-0.121148,-0.212379,0.127401,0.0006,0.1556,0.6928,4,0.1732,1.1064,1.1064,155592,0
1778499351.787928,0.110912,-0.389677,0.612239,1,0.7961,0.9682,-0.105088,-0.236178,0.134238,0.0007,0.1584,0.6369,4,0.15922,1.2705,1.2705,155592,0
1778499351.838009,0.118849,-0.400716,0.615751,1,0.8034,0.9673,-0.097151,-0.247217,0.137751,0.0006,0.1462,0.6566,4,0.16416,1.2712,1.2712,155592,0
1778499351.888113,0.15,-0.4,0.6,1,0.7247,0.9167,-0.089432,-0.255466,0.141389,0.0007,0.1686,0.5554,3,0.18512,2.6795,2.6795,155592,0
1778499351.938883,0.15,-0.4,0.6,1,0.6671,0.8671,-0.081055,-0.264093,0.145382,0.0005,0.1443,0.5224,3,0.17412,2.2259,2.2259,155592,0
1778499351.988952,0.151329,-0.431934,0.63146,1,0.8017,0.9796,-0.064671,-0.278435,0.15346,0.0006,0.1582,0.6429,4,0.16071,0.6225,0.6225,155592,0
1778499352.039006,0.159296,-0.437747,0.635086,1,0.758,0.9383,-0.056704,-0.284247,0.157085,0.0005,0.1325,0.625,4,0.15625,0.4606,0.4606,155592,0
1778499352.089156,0.16877,-0.443395,0.638743,1,0.6903,0.8846,-0.04723,-0.289896,0.160743,0.0006,0.1606,0.529,3,0.17634,1.8436,1.8436,155596,0
1778499352.139266,0.178384,-0.44926,0.64218,1,0.7494,0.9529,-0.037616,-0.295761,0.16418,0.0006,0.1685,0.5804,3,0.19345,0.66,0.66,155604,0
1778499352.189721,0.196699,-0.45777,0.648075,1,0.659,0.8312,-0.019301,-0.304271,0.170075,0.0006,0.1356,0.5229,3,0.17429,0.2569,0.2569,155604,0
1778499352.239896,0.207115,-0.458974,0.650817,1,0.3409,0.447,-0.008885,-0.305475,0.172817,0.0002,0.1051,0.2356,2,0.11781,1.2191,1.2191,155604,0
1778499352.290142,0.21848,-0.460429,0.653119,1,0.552,1.0521,0.00248,-0.30693,0.175119,0.0002,0.1063,0.4454,2,0.22271,0.9077,0.9077,155604,0
1778499352.340252,0.229975,-0.462967,0.654833,1,0.5467,0.8022,0.013975,-0.309468,0.176833,0.0006,0.1567,0.3894,2,0.1947,1.0515,1.0515,155604,0
1778499352.39067,0.253039,-0.468234,0.657567,1,0.7118,1.321,0.037039,-0.314735,0.179567,0.0006,0.217,0.4943,2,0.24713,1.7015,1.7015,155604,0
1778499352.440757,0.2643,-0.469321,0.658764,1,0.4456,1.2678,0.0483,-0.315822,0.180764,0.0006,0.1551,0.29,1,0.28995,2.7435,2.7435,155604,0
1778499352.491516,0.25,-0.45,0.65,1,0.3521,0.4746,0.058436,-0.314373,0.181727,0.0002,0.1107,0.2411,2,0.12055,1.0861,1.0861,155608,0
1778499352.541728,0.285013,-0.464498,0.660489,1,26.2798,27.6029,0.069013,-0.310999,0.182488,0.0003,0.2602,26.0193,250,0.10408,3.0712,3.0712,155608,0
1778499352.593583,0.305487,-0.457455,0.661485,1,21.232,22.5468,0.089487,-0.303956,0.183484,0.0007,0.1431,21.0882,250,0.08435,4.7107,4.7107,155608,0
1778499352.643826,0.316353,-0.454333,0.661558,1,22.3173,23.1402,0.100353,-0.300834,0.183557,0.0007,0.1435,22.1731,250,0.08869,6.7153,6.7153,155608,0
1778499352.693964,0.316353,-0.454333,0.661558,0,20.8962,22.7183,0.111055,-0.297191,0.183402,0.0006,0.1509,20.7447,250,0.08298,14.4919,14.4919,155608,0
1778499352.744059,0.3,-0.45,0.65,1,19.3829,22.9315,0.122131,-0.293604,0.183156,0.0006,0.1499,19.2324,250,0.07693,3.0425,3.0425,155612,0
1778499352.794306,0.35,-0.4,0.65,1,19.8341,22.6821,0.143287,-0.278576,0.183068,0.0006,0.1534,19.6801,250,0.07872,4.0662,4.0662,155612,0
1778499352.844524,0.35,-0.4,0.65,1,21.0774,22.3369,0.152398,-0.267913,0.18338,0.0006,0.1495,20.9273,250,0.08371,4.0659,4.0659,155612,0
1778499352.894621,0.35,-0.4,0.65,1,27.9853,29.3692,0.161269,-0.258477,0.18382,0.0006,0.1435,27.8412,250,0.11136,4.0645,4.0645,155612,0
1778499352.944737,0.35,-0.4,0.65,1,20.6745,22.1075,0.169247,-0.248642,0.184544,0.0005,0.1398,20.5342,250,0.08214,4.0657,4.0657,155624,0
1778499352.994838,0.35,-0.4,0.65,0,17.1669,18.1552,0.181478,-0.228618,0.186952,0.0006,0.1483,17.018,250,0.06807,10.5528,10.5528,155624,0
1778499353.045001,0.35,-0.4,0.65,0,20.8777,21.991,0.186161,-0.21898,0.188619,0.0007,0.1754,20.7017,250,0.08281,10.0447,10.0447,155624,0
1778499353.095057,0.35,-0.4,0.65,0,20.4637,23.5447,0.189398,-0.209543,0.190622,0.0006,0.1734,20.2897,250,0.08116,10.0669,10.0669,155624,0
1778499353.145136,0.35,-0.4,0.65,0,22.4649,25.0318,0.191011,-0.200438,0.193054,0.0007,0.141,22.3232,250,0.08929,10.4288,10.4288,155624,0
1778499353.195244,0.35,-0.4,0.65,0,21.1682,21.9709,0.189958,-0.184837,0.198989,0.0006,0.1567,21.011,250,0.08404,20.5773,20.5773,155624,0
1778499353.245337,0.40362,-0.331386,0.680195,1,19.2738,19.8875,0.18762,-0.177887,0.202194,0.0006,0.1497,19.1235,250,0.07649,7.4719,7.4719,155624,0
1778499353.295656,0.400079,-0.32449,0.683081,1,21.2569,22.5313,0.184079,-0.170991,0.205081,0.0007,0.166,21.0901,250,0.08436,5.4496,5.4496,155628,0
1778499353.345844,0.388781,-0.309374,0.68712,1,0.7013,0.9012,0.172781,-0.155875,0.20912,0.0007,0.1705,0.5302,3,0.17672,2.5149,2.5149,155628,0
1778499353.395969,0.382697,-0.303233,0.688203,1,0.6054,0.7959,0.166697,-0.149734,0.210202,0.0006,0.1557,0.4492,2,0.22459,1.937,1.937,155628,0
1778499353.446097,0.376185,-0.298029,0.688666,1,0.4581,0.6555,0.160185,-0.144529,0.210665,0.0007,0.1653,0.2921,1,0.29211,2.4401,2.4401,155628,0
1778499353.496191,0.368669,-0.292505,0.688525,1,0.4326,0.6214,0.152669,-0.139006,0.210525,0.0006,0.1561,0.2759,1,0.27592,1.9024,1.9024,155628,0
1778499353.546283,0.348673,-0.278049,0.685481,1,0.5714,0.767,0.132673,-0.12455,0.20748,0.0006,0.1493,0.4216,2,0.21079,0.9841,0.9841,155628,0
1778499353.596379,0.35,-0.25,0.7,1,0.4193,0.6228,0.122326,-0.117854,0.204386,0.0005,0.1529,0.2659,1,0.26588,2.3789,2.3789,155628,0
1778499353.646472,0.35,-0.25,0.7,1,0.4214,0.6132,0.111265,-0.110932,0.200117,0.0005,0.1669,0.254,1,0.25396,0.8008,0.8008,155628,0
1778499353.69658,0.316654,-0.257928,0.673063,1,0.6767,0.8678,0.100654,-0.104429,0.195063,0.0006,0.1591,0.5171,2,0.25854,0.7278,0.7278,155632,0
1778499353.746669,0.293902,-0.246847,0.659669,1,0.4278,0.6871,0.077902,-0.093348,0.181668,0.0005,0.1625,0.2648,1,0.26484,1.9786,1.9786,155632,0
1778499353.796776,0.28186,-0.242211,0.652329,1,0.5503,0.7883,0.06586,-0.088712,0.174329,0.0009,0.1706,0.3787,1,0.37875,0.4964,0.4964,155636,0
1778499353.846851,0.26943,-0.2385,0.645065,1,0.4476,0.6333,0.05343,-0.085001,0.167064,0.0007,0.1407,0.3062,1,0.30623,0.4269,0.4269,155636,0
1778499353.896946,0.256207,-0.235157,0.637643,1,0.4836,0.6844,0.040207,-0.081658,0.159643,0.0005,0.1625,0.3205,1,0.3205,0.4335,0.4335,155636,0
1778499353.947053,0.25,-0.25,0.6,1,0.6652,0.8671,0.012591,-0.077737,0.144939,0.0007,0.2289,0.4357,2,0.21785,0.1167,0.1167,155648,0
1778499353.997143,0.214191,-0.230243,0.616105,1,0.4664,0.6517,-0.001809,-0.076744,0.138104,0.0005,0.2014,0.2645,1,0.26448,2.3536,2.3536,155648,0
1778499354.047259,0.199625,-0.22974,0.609695,1,0.468,0.6886,-0.016375,-0.07624,0.131695,0.0007,0.1682,0.2991,1,0.29913,0.835,0.835,155648,0
1778499354.097343,0.185835,-0.229204,0.604164,1,0.398,0.5741,-0.030165,-0.075705,0.126163,0.0005,0.1423,0.2552,1,0.25521,0.7657,0.7657,155652,0
1778499354.147438,0.161183,-0.227519,0.594759,1,0.4173,0.6135,-0.054817,-0.07402,0.116759,0.0006,0.1561,0.2605,1,0.26053,2.0465,2.0465,155652,0
1778499354.197546,0.149814,-0.226945,0.590658,1,0.4147,0.6084,-0.066186,-0.073446,0.112658,0.0005,0.1621,0.252,1,0.25202,1.7191,1.7191,155652,0
1778499354.247656,0.138994,-0.227176,0.58651,1,0.4578,0.6732,-0.077006,-0.073677,0.10851,0.0005,0.1645,0.2927,1,0.29274,2.3298,2.3298,155652,0
1778499354.297759,0.15,-0.25,0.6,1,0.5455,0.7312,-0.087314,-0.075168,0.10417,0.0006,0.1484,0.3965,2,0.19823,1.143,1.143,155652,0
1778499354.347848,0.1,-0.25,0.6,1,0.6803,0.8686,-0.106008,-0.078853,0.097539,0.0006,0.15,0.5296,3,0.17655,0.9135,0.9135,155652,0
1778499354.397939,0.100509,-0.233822,0.573323,1,0.5796,0.7847,-0.115491,-0.080322,0.095323,0.0005,0.1577,0.4214,2,0.21068,0.8374,0.8374,155652,0
1778499354.448038,0.092536,-0.23459,0.572112,1,0.6656,0.8739,-0.123464,-0.081091,0.094112,0.0007,0.166,0.4989,2,0.24946,1.0083,1.0083,155656,0
1778499354.498118,0.086009,-0.234801,0.571324,1,0.5826,0.7565,-0.129991,-0.081302,0.093324,0.0005,0.1437,0.4384,2,0.21921,1.1133,1.1133,155664,0
1778499354.548224,0.1,-0.25,0.55,1,0.586,0.7731,-0.139741,-0.081826,0.091382,0.0006,0.1626,0.4228,2,0.21141,1.7891,1.7891,155664,0
1778499354.598311,0.05,-0.25,0.55,1,0.6975,0.8861,-0.143371,-0.081793,0.090234,0.0006,0.1615,0.5354,3,0.17846,0.9782,0.9782,155664,0
1778499354.64843,0.069788,-0.235504,0.567196,1,0.617,0.8183,-0.146212,-0.082005,0.089196,0.0007,0.1789,0.4374,2,0.21868,0.9365,0.9365,155664,0
1778499354.698599,0.067449,-0.236137,0.56632,1,0.6214,0.8474,-0.148551,-0.082637,0.08832,0.0007,0.1558,0.4648,2,0.23242,1.5674,1.5674,155664,0
1778499354.748691,0.063109,-0.242759,0.563538,1,0.6281,0.8355,-0.152891,-0.08926,0.085537,0.0006,0.1609,0.4666,2,0.2333,2.2242,2.2242,155664,0
1778499354.79879,0.061252,-0.24848,0.56188,1,0.726,0.915,-0.154748,-0.094981,0.083879,0.0006,0.1615,0.5639,3,0.18796,0.9484,0.9484,155664,0
1778499354.848838,0.059857,-0.254919,0.560131,1,0.683,0.8728,-0.156143,-0.10142,0.082131,0.0004,0.148,0.5345,3,0.17818,0.9033,0.9033,155668,0
1778499354.898928,0.059247,-0.262044,0.558214,1,0.7228,0.8993,-0.156753,-0.108545,0.080214,0.0006,0.1662,0.556,3,0.18533,0.8559,0.8559,155668,0
1778499354.949024,0.060751,-0.277498,0.554173,1,0.7115,0.8963,-0.155249,-0.123999,0.076172,0.0007,0.1468,0.5639,3,0.18798,0.8319,0.8319,155668,0
1778499354.999117,0.062767,-0.287062,0.552265,1,0.7711,0.9602,-0.153233,-0.133563,0.074264,0.0004,0.1563,0.6143,3,0.20478,0.9017,0.9017,155668,0
1778499355.049206,0.065746,-0.297805,0.550365,1,0.6687,0.8531,-0.150254,-0.144306,0.072365,0.0007,0.1419,0.526,3,0.17534,0.9673,0.9673,155668,0
1778499355.099311,0.069248,-0.31032,0.548861,1,0.5498,0.7236,-0.146752,-0.156821,0.070861,0.0003,0.1083,0.4412,3,0.14708,1.1382,1.1382,155668,0
1778499355.150582,0.076896,-0.336004,0.548178,1,0.6817,2.4432,-0.139104,-0.182505,0.070178,0.0009,0.1549,0.5259,3,0.17529,2.0337,2.0337,155668,0
1778499355.201336,0.081027,-0.349381,0.549291,1,0.677,0.8403,-0.134973,-0.195882,0.071291,0.0007,0.1572,0.5191,3,0.17304,2.2907,2.2907,155668,0
1778499355.251534,0.085183,-0.363123,0.551423,1,1.0508,1.278,-0.130817,-0.209624,0.073422,0.0009,0.1999,0.8501,4,0.21252,0.7091,0.7091,155668,0
1778499355.301692,0.089694,-0.376396,0.55468,1,0.8231,1.0038,-0.126306,-0.222896,0.076679,0.0008,0.167,0.6553,4,0.16383,0.7159,0.7159,155684,0
1778499355.351884,0.09999,-0.399714,0.563246,1,0.7895,0.9788,-0.11601,-0.246215,0.085246,0.0007,0.1491,0.6397,4,0.15993,0.7604,0.7604,155684,0
1778499355.401976,0.105577,-0.409772,0.568007,1,0.8047,0.9802,-0.110423,-0.256273,0.090007,0.0006,0.1548,0.6493,4,0.16232,0.7554,0.7554,155684,0
1778499355.453616,0.1,-0.4,0.55,1,0.7934,0.9829,-0.104649,-0.26617,0.095235,0.0006,0.1496,0.6432,4,0.16081,0.5972,0.5972,155684,0
1778499355.503783,0.1,-0.45,0.6,1,0.9424,1.705,-0.098263,-0.274822,0.100828,0.0005,0.1658,0.776,5,0.15521,0.6176,0.6176,155684,0
1778499355.553853,0.131165,-0.442821,0.590051,1,0.8115,1.0052,-0.084835,-0.289321,0.112051,0.0008,0.161,0.6496,4,0.1624,0.6026,0.6026,155684,0
1778499355.604113,0.138704,-0.450093,0.595423,1,0.9876,1.2185,-0.077296,-0.296594,0.117423,0.0009,0.1722,0.8145,4,0.20363,0.4972,0.4972,155684,0
1778499355.654207,0.14658,-0.455745,0.60056,1,0.7452,0.9233,-0.06942,-0.302245,0.12256,0.0006,0.1642,0.5803,3,0.19344,2.6155,2.6155,155684,0
1778499355.704314,0.155133,-0.458943,0.605828,1,0.8568,1.0627,-0.060867,-0.305444,0.127828,0.0009,0.1872,0.6688,3,0.22293,1.5294,1.5294,155688,0
1778499355.754396,0.17269,-0.460208,0.616002,1,0.6808,0.8623,-0.04331,-0.306709,0.138002,0.0004,0.1598,0.5207,3,0.17355,0.4641,0.4641,155688,0
1778499355.804589,0.182702,-0.46079,0.620413,1,0.6618,0.857,-0.033298,-0.307291,0.142413,0.0006,0.1517,0.5095,3,0.16982,0.2782,0.2782,155688,0
1778499355.854784,0.193153,-0.462107,0.623769,1,0.7012,0.905,-0.022847,-0.308608,0.145769,0.0007,0.1477,0.5529,3,0.18429,0.3188,0.3188,155688,0
1778499355.905446,0.2,-0.45,0.65,1,0.6672,0.8567,0.000307,-0.31242,0.14917,0.0006,0.1541,0.5125,3,0.17082,0.263,0.263,155688,0
1778499355.955544,0.25,-0.45,0.65,1,0.5701,0.7555,0.011839,-0.315155,0.149555,0.0007,0.1678,0.4016,2,0.20079,2.4713,2.4713,155688,0
1778499356.005654,0.25,-0.45,0.65,1,0.6078,0.8036,0.023484,-0.316835,0.14932,0.0006,0.1609,0.4463,2,0.22314,0.9808,0.9808,155688,0
1778499356.055753,0.25,-0.45,0.65,1,0.7049,0.9241,0.034807,-0.316175,0.148829,0.0007,0.1985,0.5057,2,0.25283,0.9762,0.9762,155688,0
1778499356.105838,0.25,-0.45,0.6,1,0.5962,0.8054,0.056785,-0.318191,0.146771,0.0006,0.1557,0.4399,2,0.21996,1.1646,1.1646,155692,0
1778499356.155973,0.3,-0.45,0.6,1,22.4958,23.1158,0.06813,-0.317762,0.145728,0.0007,0.1673,22.3278,250,0.08931,4.5214,4.5214,155704,0
1778499356.206078,0.294911,-0.468221,0.623086,1,20.9914,21.7293,0.078911,-0.314722,0.145085,0.0006,0.15,20.8409,250,0.08336,6.3784,6.3784,155704,0
1778499356.256177,0.294911,-0.468221,0.623086,0,18.4493,19.2125,0.089817,-0.310308,0.144825,0.0007,0.1643,18.2843,250,0.07314,11.4482,11.4482,155704,0
1778499356.30637,0.3,-0.45,0.6,1,22.3262,23.2309,0.113298,-0.300521,0.145405,0.0006,0.139,22.1866,250,0.08875,4.5131,4.5131,155704,0
1778499356.356552,0.3,-0.45,0.6,1,21.0768,23.0405,0.124214,-0.29372,0.146508,0.0005,0.1093,20.9669,250,0.08387,4.5198,4.5198,155704,0
1778499356.406652,0.35,-0.4,0.65,1,20.6746,22.3908,0.134941,-0.28505,0.148164,0.0006,0.157,20.5169,250,0.08207,3.9923,3.9923,155720,0
1778499356.456821,0.35,-0.4,0.65,1,19.1383,22.3586,0.144974,-0.274752,0.15007,0.0007,0.1692,18.9684,250,0.07587,4.0053,4.0053,155720,0
1778499356.506939,0.35,-0.4,0.65,1,24.3283,27.2354,0.164998,-0.25508,0.154002,0.0005,0.1651,24.1626,250,0.09665,4.0272,4.0272,155724,0
1778499356.557023,0.35,-0.4,0.65,1,22.0859,25.4911,0.17477,-0.24562,0.155976,0.0004,0.1291,21.9564,250,0.08783,4.037,4.037,155724,0
1778499356.607119,0.35,-0.4,0.65,1,20.708,21.6195,0.184547,-0.237375,0.157924,0.0005,0.134,20.5736,250,0.08229,4.0444,4.0444,155724,0
1778499356.65722,0.35,-0.4,0.65,1,19.8379,20.609,0.192753,-0.22768,0.160259,0.0005,0.1458,19.6916,250,0.07877,4.056,4.056,155724,0
1778499356.707322,0.35,-0.4,0.65,0,21.6376,22.2486,0.208759,-0.209004,0.166326,0.0005,0.1506,21.4865,250,0.08595,11.8943,11.8943,155724,0
1778499356.7574,0.35,-0.4,0.65,0,19.9027,21.1326,0.214565,-0.202603,0.169031,0.0007,0.1596,19.7424,250,0.07897,10.0796,10.0796,155724,0
1778499356.807497,0.4,-0.3,0.65,1,22.5063,24.5622,0.219814,-0.193674,0.17271,0.0006,0.1495,22.3562,250,0.08942,3.5644,3.5644,155728,0
1778499356.857659,0.4,-0.3,0.65,1,20.312,22.2588,0.222224,-0.183405,0.176209,0.0002,0.094,20.2178,250,0.08087,3.5789,3.5789,155728,0
1778499356.907861,0.4,-0.3,0.65,1,19.6506,23.4725,0.22064,-0.163222,0.181017,0.0005,0.1474,19.5026,250,0.07801,3.6148,3.6148,155728,0
1778499356.957947,0.4,-0.3,0.65,1,20.8234,24.0156,0.21859,-0.153674,0.182526,0.0008,0.1593,20.6634,250,0.08265,3.6341,3.6341,155728,0
1778499357.008063,0.4,-0.3,0.65,1,20.3601,23.3041,0.215855,-0.144182,0.183852,0.0006,0.155,20.2045,250,0.08082,3.6561,3.6561,155728,0
1778499357.058125,0.4,-0.3,0.65,1,19.7362,23.022,0.210896,-0.133873,0.18492,0.0004,0.1389,19.5969,250,0.07839,3.6885,3.6885,155728,0
1778499357.108229,0.410405,-0.267836,0.662272,1,19.4586,22.6496,0.194405,-0.114337,0.184272,0.0007,0.1281,19.3298,250,0.07732,3.5467,3.5467,155728,0
1778499357.158336,0.398875,-0.258435,0.660518,1,0.5458,0.7295,0.182875,-0.104936,0.182518,0.0004,0.1502,0.3952,2,0.19762,2.2222,2.2222,155728,0
1778499357.208452,0.38711,-0.250692,0.658316,1,0.6234,0.823,0.17111,-0.097193,0.180315,0.0009,0.1876,0.4349,2,0.21743,1.5387,1.5387,155728,0
1778499357.258546,0.374525,-0.244496,0.655724,1,0.4725,0.6696,0.158525,-0.090997,0.177723,0.0005,0.1671,0.3049,1,0.3049,2.4325,2.4325,155732,0
1778499357.308639,0.348512,-0.235047,0.648935,1,0.5598,0.753,0.132512,-0.081548,0.170934,0.0008,0.1569,0.4021,2,0.20104,0.8326,0.8326,155732,0
1778499357.358745,0.334447,-0.230196,0.644443,1,0.4138,0.5939,0.118447,-0.076697,0.166443,0.0006,0.1623,0.2509,1,0.2509,1.1859,1.1859,155732,0
1778499357.40898,0.3,-0.25,0.65,1,0.6049,0.8002,0.104068,-0.072732,0.161019,0.0007,0.1604,0.4438,2,0.22188,0.4897,0.4897,155732,0
1778499357.459097,0.3,-0.2,0.65,1,0.5901,0.7882,0.090383,-0.070347,0.154746,0.0005,0.1677,0.4219,2,0.21096,0.3775,0.3775,155732,0
1778499357.509382,0.3,-0.2,0.6,1,0.5572,0.7365,0.064162,-0.070424,0.140467,0.0007,0.1463,0.4102,2,0.20511,0.348,0.348,155732,0
1778499357.559581,0.25,-0.25,0.6,1,0.6052,0.7787,0.052389,-0.071753,0.133504,0.0008,0.1657,0.4387,2,0.21937,0.5126,0.5126,155732,0
1778499357.609756,0.256146,-0.227892,0.604426,1,0.4041,0.5921,0.040146,-0.074393,0.126426,0.0006,0.1491,0.2544,1,0.25439,0.974,0.974,155732,0
1778499357.659886,0.243638,-0.231521,0.597535,1,0.5146,0.7405,0.027638,-0.078022,0.119535,0.0007,0.166,0.3478,1,0.34781,0.4554,0.4554,155736,0
1778499357.710001,0.217399,-0.238893,0.584586,1,0.4763,1.4909,0.001399,-0.085393,0.106586,0.0006,0.1634,0.3124,1,0.31236,2.4397,2.4397,155736,0
1778499357.760112,0.203296,-0.242007,0.578467,1,0.4603,1.3094,-0.012704,-0.088508,0.100467,0.0009,0.1691,0.2904,1,0.29038,0.891,0.891,155736,0
1778499357.810208,0.189913,-0.243924,0.572978,1,0.4099,1.3298,-0.026087,-0.090424,0.094978,0.0006,0.1441,0.2653,1,0.26525,0.8389,0.8389,155736,0
1778499357.861379,0.178506,-0.245006,0.568066,1,0.3287,0.5788,-0.037494,-0.091507,0.090065,0.0004,0.1197,0.2086,1,0.20857,0.9786,0.9786,155736,0
1778499357.911598,0.158905,-0.244089,0.559253,1,0.2678,0.493,-0.057095,-0.090589,0.081253,0.0003,0.1066,0.1609,1,0.1609,1.5698,1.5698,155744,0
1778499357.961662,0.149762,-0.243151,0.555547,1,0.3236,0.46,-0.066238,-0.089652,0.077547,0.0004,0.1178,0.2054,1,0.2054,1.7401,1.7401,155744,0
1778499358.011737,0.140743,-0.242664,0.552303,1,0.3834,0.5731,-0.075257,-0.089165,0.074302,0.0005,0.136,0.2469,1,0.24688,2.1092,2.1092,155744,0
1778499358.061823,0.132315,-0.241952,0.550057,1,0.431,0.629,-0.083685,-0.088452,0.072057,0.0006,0.1533,0.2771,1,0.27709,2.4602,2.4602,155748,0
1778499358.111899,0.117029,-0.24099,0.547154,1,0.4296,0.6391,-0.098971,-0.087491,0.069154,0.0005,0.1559,0.2731,1,0.27313,2.6476,2.6476,155748,0
1778499358.161996,0.110151,-0.239467,0.546349,1,0.5572,0.7535,-0.105849,-0.085968,0.068349,0.0006,0.147,0.4096,2,0.20478,0.8594,0.8594,155748,0
1778499358.213164,0.104002,-0.237433,0.545664,1,0.5548,0.9722,-0.111998,-0.083934,0.067663,0.0007,0.1476,0.4066,2,0.20328,0.7962,0.7962,155748,0
1778499358.263277,0.09835,-0.234545,0.544875,1,0.6252,0.8039,-0.11765,-0.081046,0.066875,0.0008,0.1657,0.4587,2,0.22935,0.8124,0.8124,155748,0
1778499358.313372,0.087881,-0.228187,0.542676,1,0.5937,0.7815,-0.128119,-0.074688,0.064676,0.0006,0.1802,0.4128,2,0.20642,0.7806,0.7806,155748,0
1778499358.363543,0.1,-0.25,0.55,1,0.6587,0.8573,-0.132904,-0.072404,0.063422,0.0007,0.1746,0.4834,2,0.24172,1.6677,1.6677,155748,0
1778499358.413722,0.1,-0.2,0.55,1,0.4824,0.6744,-0.136506,-0.0713,0.062403,0.0006,0.1756,0.3062,1,0.30618,1.9278,1.9278,155748,0
1778499358.463896,0.1,-0.25,0.55,1,0.5588,1.4088,-0.138424,-0.071861,0.061542,0.0007,0.1648,0.3933,2,0.19664,1.5351,1.5351,155752,0
1778499358.514006,0.1,-0.25,0.55,1,0.6561,0.8722,-0.138738,-0.075271,0.060833,0.0009,0.1804,0.4748,2,0.23738,1.4241,1.4241,155752,0
1778499358.564106,0.1,-0.25,0.55,1,0.575,0.7489,-0.138327,-0.076884,0.061009,0.0006,0.151,0.4234,2,0.21169,1.4262,1.4262,155764,0
1778499358.6142,0.1,-0.25,0.55,1,0.5774,0.7736,-0.137886,-0.078521,0.061089,0.0007,0.1556,0.421,2,0.21051,1.4283,1.4283,155764,0
1778499358.664453,0.078496,-0.234276,0.538787,1,1.4372,1.6286,-0.137504,-0.080776,0.060787,0.0007,0.2053,1.2312,2,0.61561,0.9669,0.9669,155764,0
1778499358.714684,0.078834,-0.241568,0.537058,1,0.5642,0.7533,-0.137166,-0.088069,0.059058,0.0006,0.1509,0.4127,2,0.20636,1.3609,1.3609,155764,0
1778499358.764771,0.079006,-0.247166,0.536073,1,0.5804,0.7605,-0.136994,-0.093667,0.058073,0.0007,0.1662,0.4136,2,0.2068,1.6474,1.6474,155764,0
1778499358.81487,0.079838,-0.254586,0.534841,1,0.6316,0.836,-0.136162,-0.101087,0.056841,0.0005,0.1709,0.4602,2,0.23009,2.1321,2.1321,155764,0
1778499358.865026,0.1,-0.25,0.55,1,0.5368,1.2122,-0.13353,-0.120522,0.053694,0.0006,0.1417,0.3944,2,0.19719,1.2323,1.2323,155768,0
1778499358.915142,0.084499,-0.286912,0.529325,1,0.6745,0.8506,-0.131501,-0.133413,0.051325,0.0005,0.1524,0.5216,3,0.17385,0.793,0.793,155768,0
1778499358.965231,0.086521,-0.301958,0.526811,1,0.7193,0.8943,-0.129479,-0.148458,0.048811,0.0004,0.1613,0.5576,3,0.18588,0.7015,0.7015,155768,0
1778499359.01534,0.1,-0.3,0.55,1,0.709,0.8946,-0.127687,-0.164534,0.047385,0.0008,0.1846,0.5236,3,0.17453,0.6605,0.6605,155768,0
1778499359.065551,0.089897,-0.348833,0.529099,1,0.8157,1.0531,-0.126103,-0.195334,0.051099,0.0007,0.1756,0.6393,3,0.21312,2.1999,2.1999,155768,0
1778499359.115643,0.090434,-0.36372,0.53351,1,0.6659,0.8506,-0.125566,-0.210221,0.055509,0.0006,0.1546,0.5108,3,0.17025,1.6749,1.6749,155768,0
1778499359.165741,0.091485,-0.377958,0.538588,1,0.7357,0.9377,-0.124515,-0.224459,0.060588,0.0007,0.1547,0.5802,3,0.19341,2.4738,2.4738,155768,0
1778499359.215848,0.093105,-0.393259,0.54455,1,0.9453,1.1559,-0.122895,-0.23976,0.066549,0.0005,0.1604,0.7844,4,0.1961,0.6987,0.6987,155780,0
1778499359.265924,0.098559,-0.423386,0.55771,1,0.8163,1.0159,-0.117441,-0.269886,0.079709,0.0007,0.149,0.6666,4,0.16665,0.926,0.926,155784,0
1778499359.31603,0.102363,-0.437483,0.564586,1,0.8881,1.0806,-0.113637,-0.283983,0.086586,0.0006,0.1688,0.7187,4,0.17968,1.0007,1.0007,155784,0
1778499359.366119,0.107679,-0.451448,0.572038,1,0.8261,1.0028,-0.108321,-0.297948,0.094037,0.0005,0.1703,0.6554,4,0.16384,1.0393,1.0393,155784,0
1778499359.416224,0.114811,-0.463236,0.579829,1,0.8686,1.0547,-0.101189,-0.309736,0.101829,0.0005,0.1689,0.6991,4,0.17478,0.9284,0.9284,155784,0
1778499359.466324,0.132238,-0.473128,0.595056,1,0.8133,1.0026,-0.083762,-0.319629,0.117055,0.0006,0.1632,0.6496,4,0.1624,0.6046,0.6046,155784,0
1778499359.516446,0.141243,-0.477742,0.601136,1,0.8548,1.0929,-0.074757,-0.324242,0.123135,0.0007,0.2083,0.6458,3,0.21526,2.5622,2.5622,155784,0
1778499359.566545,0.150898,-0.483944,0.606147,1,0.6958,0.903,-0.065102,-0.330444,0.128147,0.0007,0.1637,0.5314,3,0.17713,1.138,1.138,155784,0
1778499359.616634,0.160404,-0.489384,0.610004,1,0.674,0.8599,-0.055596,-0.335885,0.132004,0.0005,0.1506,0.5228,3,0.17428,0.5684,0.5684,155784,0
1778499359.66674,0.178598,-0.494879,0.615864,1,0.6987,0.9045,-0.037402,-0.34138,0.137864,0.0006,0.1594,0.5388,3,0.17959,0.6734,0.6734,155788,0
1778499359.716831,0.188177,-0.494163,0.618417,1,0.6011,0.8056,-0.027823,-0.340663,0.140417,0.0007,0.1562,0.4442,2,0.22209,2.6533,2.6533,155788,0
1778499359.766934,0.197813,-0.492604,0.620895,1,0.6155,0.8124,-0.018187,-0.339105,0.142895,0.0008,0.1579,0.4569,2,0.22845,1.8499,1.8499,155788,0
1778499359.817042,0.208179,-0.490867,0.62359,1,0.5554,0.7302,-0.007821,-0.337368,0.14559,0.0006,0.1554,0.3994,2,0.19972,1.6395,1.6395,155788,0
1778499359.867137,0.25,-0.5,0.65,1,22.6612,25.959,0.014093,-0.33253,0.151339,0.0005,0.1537,22.507,250,0.09003,3.8846,3.8846,155788,0
1778499359.917243,0.242837,-0.482421,0.632854,1,0.6161,0.7979,0.026837,-0.328922,0.154854,0.0005,0.1624,0.4531,2,0.22656,2.2139,2.2139,155788,0
1778499359.967355,0.256712,-0.476592,0.636771,1,0.6731,0.8908,0.040712,-0.323092,0.15877,0.0008,0.1921,0.4802,2,0.24012,2.0965,2.0965,155788,0
1778499360.017535,0.25,-0.45,0.65,1,0.5661,0.7478,0.054656,-0.318141,0.162564,0.0006,0.1713,0.3942,2,0.19712,1.521,1.521,155792,0
1778499360.067745,0.299906,-0.463043,0.647653,1,24.4716,25.8675,0.083906,-0.309544,0.169652,0.0006,0.1565,24.3144,250,0.09726,4.912,4.912,155804,0
1778499360.117843,0.314193,-0.455174,0.650941,1,25.9764,27.2661,0.098193,-0.301675,0.172941,0.0006,0.1539,25.822,250,0.10329,6.5615,6.5615,155804,0
1778499360.167978,0.314193,-0.455174,0.650941,0,14.3596,15.4629,0.11268,-0.293256,0.175997,0.0004,0.1524,14.2068,250,0.05683,12.9035,12.9035,155804,0
1778499360.218092,0.35,-0.4,0.65,1,21.7572,23.6469,0.126147,-0.284222,0.178734,0.0006,0.1647,21.5919,250,0.08637,4.0036,4.0036,155804,0
1778499360.268182,0.35,-0.4,0.65,0,23.9549,27.3621,0.152288,-0.266091,0.183611,0.0003,0.0886,23.8661,250,0.09546,29.4102,29.4102,155804,0
1778499360.318341,0.35,-0.4,0.65,1,22.4397,24.3285,0.164212,-0.255997,0.185778,0.0005,0.136,22.3033,250,0.08921,4.024,4.024,155804,0
1778499360.36904,0.35,-0.4,0.65,1,15.4325,18.5627,0.176178,-0.245879,0.187854,0.0006,0.1521,15.2798,250,0.06112,4.0307,4.0307,155808,0
1778499360.419226,0.35,-0.4,0.65,0,21.5318,25.0295,0.18706,-0.234738,0.190012,0.0006,0.1629,21.3683,250,0.08547,10.0023,10.0023,155808,0
1778499360.469457,0.35,-0.4,0.65,0,21.0597,23.091,0.203745,-0.214039,0.193946,0.0007,0.1731,20.8859,250,0.08354,16.5704,16.5704,155808,0
1778499360.519635,0.35,-0.4,0.65,0,19.3659,20.2584,0.209053,-0.203644,0.195403,0.0006,0.1264,19.2389,250,0.07696,12.3486,12.3486,155808,0
1778499360.57007,0.35,-0.4,0.65,0,16.8815,18.3119,0.212551,-0.194029,0.196372,0.0006,0.1578,16.7232,250,0.06689,11.1289,11.1289,155808,0
1778499360.620173,0.35,-0.4,0.65,0,23.822,24.5284,0.213878,-0.184985,0.196644,0.0006,0.1505,23.6709,250,0.09468,10.4036,10.4036,155808,0
1778499360.670278,0.4,-0.3,0.65,1,20.1634,21.5907,0.211434,-0.166724,0.19528,0.0007,0.1742,19.9886,250,0.07995,3.6156,3.6156,155808,0
1778499360.720375,0.4,-0.3,0.65,1,20.7619,22.5846,0.207863,-0.157013,0.193703,0.0004,0.1389,20.6226,250,0.08249,3.6439,3.6439,155808,0
1778499360.77054,0.4,-0.3,0.65,0,24.6602,26.4429,0.20398,-0.147754,0.192198,0.0008,0.1575,24.5019,250,0.09801,17.0261,17.0261,155808,0
1778499360.823192,0.414305,-0.292391,0.668346,1,21.2307,22.12,0.198305,-0.138892,0.190345,0.0005,0.1572,21.073,250,0.08429,6.5298,6.5298,155820,0
1778499360.87347,0.397036,-0.27662,0.662976,1,0.7075,0.8897,0.181036,-0.123121,0.184976,0.0006,0.1827,0.5242,3,0.17474,2.3714,2.3714,155824,0
1778499360.923705,0.386969,-0.270689,0.659476,1,0.6018,0.8252,0.170969,-0.11719,0.181476,0.0006,0.1611,0.4401,2,0.22003,1.7091,1.7091,155824,0
1778499360.97391,0.376048,-0.26594,0.655791,1,0.4098,0.6005,0.160048,-0.112441,0.177791,0.0006,0.1523,0.257,1,0.25699,2.414,2.414,155824,0
1778499361.024072,0.363593,-0.261885,0.651862,1,0.4193,0.6205,0.147593,-0.108385,0.173862,0.0006,0.1518,0.2669,1,0.26691,1.8042,1.8042,155824,0
1778499361.074172,0.334947,-0.253907,0.643521,1,0.5556,0.7391,0.118947,-0.100408,0.16552,0.0007,0.1489,0.4061,2,0.20304,0.7339,0.7339,155824,0
1778499361.124264,0.319482,-0.250119,0.638702,1,0.4481,0.6529,0.103482,-0.09662,0.160702,0.0008,0.1704,0.2769,1,0.27687,1.0907,1.0907,155824,0
1778499361.174371,0.304408,-0.247514,0.633446,1,0.495,0.7332,0.088408,-0.094015,0.155446,0.0007,0.1821,0.3122,1,0.31218,0.8189,0.8189,155824,0
1778499361.224864,0.25,-0.25,0.6,1,0.5812,0.7748,0.058944,-0.092917,0.143539,0.0008,0.1674,0.4131,2,0.20656,0.4083,0.4083,155824,0
1778499361.274972,0.26141,-0.247185,0.615816,1,0.4074,0.6114,0.04541,-0.093685,0.137816,0.0007,0.153,0.2537,1,0.25369,0.9204,0.9204,155828,0
1778499361.325076,0.248183,-0.247835,0.610511,1,0.4688,0.6608,0.032183,-0.094336,0.132511,0.0007,0.174,0.2941,1,0.29411,0.3833,0.3833,155828,0
1778499361.375177,0.235119,-0.248695,0.605392,1,0.5134,0.7372,0.019119,-0.095196,0.127391,0.0006,0.1793,0.3335,1,0.3335,0.5502,0.5502,155828,0
1778499361.425291,0.209676,-0.249905,0.594951,1,0.4339,0.6307,-0.006324,-0.096406,0.11695,0.0005,0.1546,0.2788,1,0.27876,2.208,2.208,155828,0
1778499361.475497,0.19757,-0.250699,0.589977,1,0.5199,0.7135,-0.01843,-0.097199,0.111977,0.0008,0.2097,0.3094,1,0.30935,1.4287,1.4287,155828,0
1778499361.525663,0.184849,-0.251347,0.585131,1,0.4501,0.6455,-0.031151,-0.097848,0.107131,0.0006,0.1662,0.2833,1,0.28328,2.0211,2.0211,155828,0
1778499361.575866,0.172521,-0.251646,0.58087,1,0.4135,0.6095,-0.043479,-0.098146,0.10287,0.0008,0.1496,0.2631,1,0.26314,2.8118,2.8118,155828,0
1778499361.626111,0.149488,-0.251172,0.574167,1,0.6376,0.8313,-0.066512,-0.097672,0.096166,0.0005,0.1772,0.4599,2,0.22993,0.6787,0.6787,155840,0
1778499361.676201,0.138047,-0.25034,0.571358,1,0.5678,0.7549,-0.077953,-0.096841,0.093358,0.0004,0.146,0.4214,2,0.2107,0.8032,0.8032,155844,0
1778499361.726291,0.127126,-0.249556,0.569255,1,0.5614,0.7472,-0.088874,-0.096057,0.091255,0.0007,0.1545,0.4062,2,0.20311,0.9742,0.9742,155844,0
1778499361.776384,0.117294,-0.24839,0.567931,1,0.5766,0.7602,-0.098706,-0.094891,0.089931,0.0008,0.1547,0.4212,2,0.2106,1.148,1.148,155844,0
1778499361.826505,0.099194,-0.246844,0.566275,1,0.6695,0.8819,-0.116806,-0.093345,0.088275,0.0007,0.1729,0.4959,2,0.24793,1.5581,1.5581,155844,0
1778499361.876608,0.09101,-0.246425,0.565641,1,0.5873,0.7999,-0.12499,-0.092926,0.087641,0.0009,0.1448,0.4416,2,0.22079,1.7117,1.7117,155844,0
1778499361.926702,0.083747,-0.246547,0.565111,1,0.5563,0.7464,-0.132253,-0.093048,0.087111,0.0008,0.1468,0.4088,2,0.20441,1.9503,1.9503,155844,0
1778499361.976795,0.078037,-0.247208,0.564832,1,0.5464,0.7422,-0.137963,-0.093709,0.086831,0.0006,0.1471,0.3988,2,0.19939,2.2213,2.2213,155844,0
1778499362.026857,0.068662,-0.250505,0.564773,1,0.7321,0.9168,-0.147338,-0.097006,0.086773,0.0005,0.1557,0.5759,3,0.19197,0.9471,0.9471,155844,0
1778499362.076951,0.064571,-0.252616,0.565479,1,0.8885,1.1145,-0.151429,-0.099117,0.087478,0.0006,0.198,0.6898,3,0.22994,0.9484,0.9484,155848,0
1778499362.127037,0.060475,-0.255268,0.566497,1,0.6934,0.8728,-0.155525,-0.101769,0.088497,0.0006,0.147,0.5459,3,0.18195,0.9343,0.9343,155848,0
1778499362.177116,0.056982,-0.258641,0.567631,1,0.7539,0.9436,-0.159018,-0.105142,0.08963,0.0006,0.1619,0.5915,3,0.19715,0.901,0.901,155848,0
1778499362.227195,0.052598,-0.268445,0.568742,1,0.7526,0.9485,-0.163402,-0.114946,0.090741,0.0005,0.1664,0.5857,3,0.19525,0.7916,0.7916,155848,0
1778499362.277294,0.05,-0.25,0.55,1,0.7508,0.9578,-0.164346,-0.120924,0.090832,0.0005,0.1529,0.5975,3,0.19915,0.8559,0.8559,155848,0
1778499362.327415,0.052251,-0.280479,0.5685,1,0.83,1.0457,-0.163749,-0.12698,0.090499,0.0008,0.1905,0.6387,3,0.21292,0.6962,0.6962,155848,0
1778499362.377507,0.053883,-0.287443,0.568062,1,0.7564,0.9407,-0.162117,-0.133944,0.090061,0.0005,0.1642,0.5918,3,0.19725,0.7951,0.7951,155856,0
1778499362.427601,0.059814,-0.307119,0.567993,1,0.6831,0.866,-0.156186,-0.15362,0.089992,0.0006,0.1522,0.5304,3,0.17679,1.8106,1.8106,155856,0
1778499362.477696,0.05,-0.3,0.55,1,0.6894,0.891,-0.15258,-0.166035,0.090491,0.0005,0.1588,0.53,3,0.17668,1.3994,1.3994,155860,0
1778499362.527792,0.05,-0.35,0.55,1,0.865,1.0757,-0.148404,-0.180581,0.091417,0.0006,0.1644,0.6999,4,0.17498,0.8834,0.8834,155860,0
1778499362.577848,0.05,-0.35,0.55,1,0.7924,0.9723,-0.144033,-0.195548,0.093624,0.0005,0.1467,0.6451,4,0.16128,0.7182,0.7182,155860,0
1778499362.62794,0.1,-0.4,0.6,1,0.7916,0.9599,-0.132947,-0.225235,0.101261,0.0006,0.1591,0.6318,4,0.15796,1.502,1.502,155860,0
1778499362.678018,0.088852,-0.393382,0.583933,1,0.8029,0.9838,-0.127148,-0.239883,0.105933,0.0005,0.1463,0.6561,4,0.16403,1.6044,1.6044,155860,0
1778499362.728099,0.095478,-0.407251,0.589374,1,0.7843,0.9699,-0.120522,-0.253751,0.111374,0.0006,0.1418,0.642,4,0.1605,1.6773,1.6773,155860,0
1778499362.778182,0.103134,-0.41906,0.594756,1,0.8368,1.0139,-0.112866,-0.265561,0.116755,0.0006,0.1606,0.6756,4,0.16889,1.7844,1.7844,155860,0
1778499362.828258,0.121616,-0.442533,0.605201,1,0.7787,0.9571,-0.094384,-0.289034,0.127201,0.0006,0.143,0.6351,4,0.15879,1.3963,1.3963,155860,0
1778499362.87836,0.131489,-0.453329,0.61071,1,0.7903,0.9822,-0.084511,-0.29983,0.132709,0.0004,0.1524,0.6374,4,0.15936,0.9729,0.9729,155864,0
1778499362.928539,0.141858,-0.462913,0.616686,1,0.8295,1.02,-0.074142,-0.309414,0.138686,0.0007,0.1652,0.6636,4,0.1659,0.6157,0.6157,155864,0
1778499362.978695,0.15,-0.45,0.6,1,0.7027,0.9002,-0.063204,-0.318163,0.144704,0.0005,0.1471,0.5552,3,0.18505,1.8539,1.8539,155864,0
1778499363.028842,0.2,-0.5,0.65,1,0.8335,1.0306,-0.040489,-0.331826,0.155109,0.0006,0.1613,0.6716,4,0.16789,1.2499,1.2499,155864,0
1778499363.078952,0.187821,-0.490233,0.63719,1,0.5662,0.7684,-0.028179,-0.336734,0.15919,0.0007,0.1657,0.3999,2,0.19993,1.0444,1.0444,155864,0
1778499363.129036,0.198989,-0.494205,0.640371,1,0.562,0.7447,-0.017011,-0.340706,0.162371,0.0005,0.1582,0.4032,2,0.20162,1.6805,1.6805,155864,0
1778499363.17915,0.20983,-0.496724,0.642202,1,0.621,0.8217,-0.00617,-0.343225,0.164202,0.0006,0.1611,0.4593,2,0.22964,1.6854,1.6854,155864,0
1778499363.229245,0.23336,-0.495232,0.641874,1,0.5718,0.7708,0.01736,-0.341732,0.163874,0.0006,0.1528,0.4184,2,0.20921,2.3307,2.3307,155864,0
1778499363.279358,0.245658,-0.490394,0.640503,1,0.6232,0.8477,0.029658,-0.336894,0.162502,0.0009,0.1579,0.4644,2,0.23222,2.473,2.473,155880,0
1778499363.329453,0.258321,-0.484893,0.638964,1,0.5533,0.7589,0.042321,-0.331394,0.160964,0.0004,0.1509,0.402,2,0.201,2.8605,2.8605,155880,0
1778499363.379559,0.25,-0.5,0.65,1,23.379,26.4126,0.055603,-0.3232,0.159815,0.0005,0.169,23.2095,250,0.09284,3.8742,3.8742,155880,0
1778499363.42965,0.299291,-0.456999,0.637483,1,20.3128,23.305,0.083291,-0.3035,0.159482,0.0006,0.1405,20.1716,250,0.08069,3.9103,3.9103,155880,0
1778499363.479763,0.314368,-0.448257,0.638401,1,21.6088,23.3432,0.098368,-0.294758,0.160401,0.0007,0.1646,21.4435,250,0.08577,5.1959,5.1959,155880,0
1778499363.530014,0.3,-0.45,0.65,1,0.3127,0.3899,0.112479,-0.284438,0.162039,0.0002,0.0731,0.2394,3,0.0798,2.8881,2.8881,155880,0
1778499363.580116,0.342965,-0.427298,0.642379,1,22.295,25.2039,0.126965,-0.273799,0.164378,0.0003,0.1087,22.186,250,0.08874,7.8105,7.8105,155880,0
1778499363.630214,0.342965,-0.427298,0.642379,0,19.8423,21.1676,0.153325,-0.252983,0.170316,0.0005,0.1624,19.6793,250,0.07872,17.2741,17.2741,155884,0
1778499363.68033,0.35,-0.4,0.65,1,20.2031,21.7562,0.164203,-0.241196,0.17373,0.0007,0.165,20.0373,250,0.08015,3.9724,3.9724,155884,0
1778499363.730419,0.35,-0.4,0.65,1,18.5869,19.8954,0.174746,-0.229262,0.177338,0.0005,0.1118,18.4746,250,0.0739,3.9767,3.9767,155884,0
1778499363.780545,0.35,-0.4,0.65,0,19.0985,21.1647,0.184322,-0.218306,0.180829,0.0006,0.1627,18.9352,250,0.07574,14.8688,14.8688,155884,0
1778499363.830815,0.35,-0.4,0.65,0,22.8775,23.5845,0.200919,-0.19743,0.187201,0.0002,0.1758,22.7015,250,0.09081,10.2404,10.2404,155884,0
1778499363.881451,0.35,-0.4,0.65,0,17.4251,20.4549,0.206638,-0.186849,0.190064,0.0008,0.1605,17.2638,250,0.06906,15.3421,15.3421,155884,0
1778499363.931641,0.35,-0.4,0.65,0,21.8897,23.1092,0.211063,-0.176835,0.192716,0.0006,0.1713,21.7178,250,0.08687,10.4897,10.4897,155884,0
1778499363.981722,0.4,-0.3,0.65,1,21.57,23.6188,0.213182,-0.167528,0.194867,0.0007,0.1366,21.4327,250,0.08573,3.5836,3.5836,155888,0
1778499364.031951,0.4,-0.3,0.7,1,22.9698,26.0395,0.211251,-0.149307,0.198055,0.0007,0.1303,22.8389,250,0.09136,3.2159,3.2159,155888,0
1778499364.082133,0.4,-0.3,0.7,1,22.1821,23.8757,0.207188,-0.140219,0.199256,0.0006,0.1397,22.0418,250,0.08817,3.2498,3.2498,155900,0
1778499364.132232,0.4,-0.3,0.7,1,21.9405,24.9511,0.201735,-0.13175,0.200329,0.0006,0.1471,21.7928,250,0.08717,3.2899,3.2899,155900,0
1778499364.182351,0.4,-0.3,0.7,1,19.154,20.8942,0.194983,-0.124152,0.201162,0.0002,0.1543,18.9995,250,0.076,3.3329,3.3329,155900,0
1778499364.232438,0.393277,-0.262997,0.680288,1,0.5431,0.6945,0.177277,-0.109498,0.202288,0.0006,0.1372,0.4053,2,0.20266,2.5832,2.5832,155900,0
1778499364.282533,0.381328,-0.255569,0.680221,1,0.5514,0.7391,0.165328,-0.102069,0.202221,0.0006,0.1444,0.4064,2,0.20319,1.3887,1.3887,155900,0
1778499364.332629,0.36689,-0.248103,0.679239,1,0.4173,0.6024,0.15089,-0.094604,0.201238,0.0005,0.1556,0.2612,1,0.26122,2.4695,2.4695,155904,0
1778499364.382727,0.352098,-0.241923,0.677176,1,0.4209,0.624,0.136098,-0.088424,0.199176,0.0005,0.1497,0.2707,1,0.27066,1.6774,1.6774,155904,0
1778499364.43283,0.3,-0.25,0.65,1,0.5458,0.7302,0.103242,-0.078148,0.190218,0.0006,0.1375,0.4076,2,0.2038,0.9406,0.9406,155920,0
1778499364.483362,0.302846,-0.227916,0.661705,1,0.4354,0.6516,0.086846,-0.074416,0.183705,0.0007,0.1606,0.2742,1,0.27415,1.4486,1.4486,155920,0
1778499364.533461,0.28658,-0.225656,0.654046,1,0.4419,0.6527,0.07058,-0.072156,0.176045,0.0006,0.1638,0.2774,1,0.27745,0.7466,0.7466,155920,0
1778499364.583561,0.25,-0.2,0.65,1,0.6638,0.8798,0.054194,-0.071188,0.168006,0.0008,0.169,0.4939,2,0.24697,0.3568,0.3568,155920,0
1778499364.633657,0.25,-0.2,0.65,1,0.4495,0.6703,0.020671,-0.069503,0.151471,0.0005,0.1593,0.2897,1,0.28973,0.2385,0.2385,155920,0
1778499364.683755,0.2,-0.2,0.6,1,0.5956,0.7874,0.005438,-0.068649,0.144048,0.0006,0.1579,0.4371,2,0.21856,0.3384,0.3384,155920,0
1778499364.733856,0.206717,-0.220692,0.614909,1,0.4694,0.6733,-0.009283,-0.067193,0.136909,0.0005,0.1638,0.3051,1,0.30511,1.4286,1.4286,155920,0
1778499364.783944,0.192678,-0.218689,0.608464,1,0.4298,0.9435,-0.023322,-0.06519,0.130463,0.0005,0.1629,0.2664,1,0.26644,0.4634,0.4634,155920,0
1778499364.834033,0.165925,-0.214462,0.597103,1,0.4469,0.6633,-0.050075,-0.060963,0.119102,0.0008,0.1692,0.2769,1,0.27691,2.1901,2.1901,155924,0
1778499364.884126,0.154458,-0.212632,0.592143,1,0.4241,0.6272,-0.061542,-0.059133,0.114142,0.0005,0.1624,0.2612,1,0.26119,0.7213,0.7213,155924,0
1778499364.934224,0.14459,-0.211162,0.587814,1,0.4151,0.5911,-0.07141,-0.057662,0.109813,0.0007,0.1444,0.27,1,0.27001,0.7421,0.7421,155924,0
1778499364.984317,0.135846,-0.20982,0.584142,1,0.4239,1.1455,-0.080154,-0.05632,0.106142,0.0007,0.1606,0.2626,1,0.26264,1.0159,1.0159,155924,0
1778499365.034421,0.1,-0.2,0.6,1,0.7668,0.9815,-0.096179,-0.052646,0.10005,0.0006,0.1933,0.5729,2,0.28645,1.7082,1.7082,155932,0
1778499365.084518,0.112841,-0.204785,0.574969,1,0.5908,0.8023,-0.103159,-0.051286,0.096969,0.0006,0.1643,0.4259,2,0.21293,0.6383,0.6383,155932,0
1778499365.134613,0.106437,-0.203192,0.571519,1,0.4848,0.6848,-0.109563,-0.049693,0.093519,0.0008,0.1744,0.3096,1,0.30963,2.2562,2.2562,155932,0
1778499365.184924,0.095857,-0.198947,0.567637,1,0.4444,0.6354,-0.120143,-0.045448,0.089636,0.0006,0.1637,0.2801,1,0.28008,1.5517,1.5517,155932,0
1778499365.23561,0.092142,-0.198535,0.565035,1,0.4244,0.6038,-0.123858,-0.045036,0.087034,0.0006,0.1668,0.257,1,0.25702,2.1279,2.1279,155932,0
1778499365.28577,0.089325,-0.196305,0.563387,1,0.417,0.6215,-0.126675,-0.042806,0.085386,0.0006,0.1624,0.254,1,0.25404,2.3122,2.3122,155936,0
1778499365.33587,0.085817,-0.191949,0.563246,1,0.4176,0.614,-0.130183,-0.038449,0.085245,0.0004,0.1559,0.2613,1,0.26126,2.3813,2.3813,155936,0
1778499365.385989,0.073505,-0.191752,0.561689,1,0.4282,0.6322,-0.142495,-0.038253,0.083688,0.0006,0.1626,0.265,1,0.265,1.0466,1.0466,155936,0
1778499365.436076,0.067532,-0.194617,0.560884,1,0.4666,0.6726,-0.148468,-0.041118,0.082883,0.0006,0.1648,0.3012,1,0.30124,2.3129,2.3129,155936,0
1778499365.486171,0.061714,-0.200091,0.559296,1,0.6144,0.8228,-0.154286,-0.046592,0.081296,0.0006,0.1604,0.4533,2,0.22666,0.9015,0.9015,155936,0
1778499365.53627,0.057228,-0.205925,0.557339,1,0.6154,0.823,-0.158772,-0.052426,0.079338,0.0007,0.1707,0.4441,2,0.22204,0.8122,0.8122,155936,0
1778499365.586439,0.052234,-0.218951,0.551404,1,0.6,0.7794,-0.163766,-0.065452,0.073403,0.0006,0.1838,0.4157,2,0.20783,0.7569,0.7569,155936,0
1778499365.636724,0.051972,-0.226806,0.547946,1,0.5544,0.741,-0.164028,-0.073306,0.069946,0.0006,0.1502,0.4037,2,0.20183,0.8711,0.8711,155936,0
1778499365.686905,0.053022,-0.236493,0.544187,1,0.5876,0.8034,-0.162978,-0.082994,0.066187,0.0006,0.1693,0.4177,2,0.20886,1.253,1.253,155952,0
1778499365.737011,0.055007,-0.248147,0.540421,1,0.5637,0.7527,-0.160993,-0.094648,0.06242,0.0006,0.1543,0.4088,2,0.20442,2.0156,2.0156,155952,0
1778499365.787101,0.05,-0.25,0.55,1,0.6356,0.8383,-0.155559,-0.120857,0.055939,0.0007,0.1712,0.4638,2,0.23188,2.691,2.691,155952,0
1778499365.837199,0.063059,-0.287252,0.531842,1,0.674,0.8489,-0.152941,-0.133753,0.053842,0.0008,0.151,0.5222,3,0.17406,0.9199,0.9199,155952,0
1778499365.887304,0.065976,-0.302783,0.530674,1,0.6868,0.876,-0.150024,-0.149284,0.052674,0.0007,0.1572,0.5289,3,0.1763,0.8201,0.8201,155952,0
1778499365.937407,0.05,-0.3,0.55,1,0.7222,0.9205,-0.147719,-0.164961,0.052908,0.0007,0.1753,0.5463,3,0.18209,0.7154,0.7154,155952,0
1778499365.98762,0.071173,-0.350992,0.534969,1,0.8289,1.0271,-0.144827,-0.197493,0.056969,0.0008,0.1666,0.6616,4,0.1654,0.8794,0.8794,155952,0
1778499366.038082,0.05,-0.35,0.55,1,0.5332,0.7026,-0.144244,-0.214467,0.060524,0.0007,0.1294,0.4031,4,0.10078,1.0004,1.0004,155956,0
1778499366.088141,0.072222,-0.383881,0.543141,1,0.4772,0.6831,-0.143778,-0.230382,0.065141,0.0003,0.114,0.3628,4,0.09071,1.0961,1.0961,155956,0
1778499366.138262,0.073635,-0.398392,0.548828,1,0.8532,1.0512,-0.142365,-0.244893,0.070828,0.0007,0.1711,0.6814,4,0.17036,1.1509,1.1509,155956,0
1778499366.188365,0.1,-0.4,0.55,1,0.816,1.0022,-0.137291,-0.269942,0.084413,0.0007,0.1842,0.6311,4,0.15777,0.697,0.697,155956,0
1778499366.238601,0.1,-0.45,0.55,1,1.1075,1.359,-0.133991,-0.282244,0.091764,0.001,0.2055,0.9011,4,0.22527,0.9932,0.9932,155956,0
1778499366.288717,0.086049,-0.447716,0.577893,1,0.9029,1.0996,-0.129951,-0.294217,0.099893,0.0005,0.1572,0.7452,4,0.1863,2.77,2.77,155956,0
1778499366.338837,0.091175,-0.457409,0.586375,1,0.9394,1.1446,-0.124825,-0.30391,0.108374,0.0004,0.1499,0.789,5,0.1578,0.6437,0.6437,155956,0
1778499366.388912,0.103039,-0.473128,0.603674,1,1.0841,1.2942,-0.112961,-0.319629,0.125674,0.0006,0.1535,0.9299,5,0.18599,0.611,0.611,155968,0
1778499366.439006,0.108738,-0.481212,0.611593,1,0.8211,1.0071,-0.107262,-0.327713,0.133592,0.0005,0.1548,0.6658,4,0.16645,2.3163,2.3163,155968,0
1778499366.489121,0.115293,-0.488014,0.617763,1,0.9406,1.1468,-0.100707,-0.334514,0.139762,0.0008,0.1713,0.7686,4,0.19215,1.5997,1.5997,155972,0
1778499366.539276,0.1,-0.5,0.6,1,0.8011,1.421,-0.092584,-0.340607,0.144105,0.0006,0.1533,0.6472,4,0.1618,1.8771,1.8771,155972,0
1778499366.589422,0.143203,-0.504126,0.628104,1,0.7065,0.9005,-0.072797,-0.350627,0.150104,0.0005,0.1802,0.5257,3,0.17525,1.9189,1.9189,155972,0
1778499366.639587,0.154462,-0.506359,0.630362,1,0.6742,0.8612,-0.061538,-0.35286,0.152361,0.0008,0.1501,0.5234,3,0.17448,0.6832,0.6832,155972,0
1778499366.689692,0.165852,-0.507338,0.632285,1,0.8591,1.691,-0.050148,-0.353838,0.154285,0.0007,0.2338,0.6246,3,0.20819,0.7039,0.7039,155972,0
1778499366.739844,0.178108,-0.506999,0.634172,1,0.4445,0.6136,-0.037892,-0.353499,0.156172,0.0005,0.1239,0.3201,3,0.10671,0.8529,0.8529,155972,0
1778499366.789963,0.203002,-0.50193,0.638436,1,0.3498,0.4789,-0.012998,-0.348431,0.160436,0.0002,0.1107,0.2389,2,0.11943,2.6095,2.6095,155972,0
1778499366.840062,0.215768,-0.49783,0.64086,1,0.4008,0.5223,-0.000232,-0.344331,0.16286,0.0003,0.1124,0.2881,2,0.14407,1.8451,1.8451,155972,0
1778499366.890153,0.229038,-0.492515,0.643391,1,0.5525,1.344,0.013038,-0.339016,0.16539,0.0006,0.145,0.4069,2,0.20344,1.8525,1.8525,155976,0
1778499366.94027,0.243364,-0.486915,0.645949,1,0.7981,1.5974,0.027364,-0.333415,0.167949,0.0007,0.1745,0.6228,2,0.31141,2.0372,2.0372,155976,0
1778499366.990349,0.25,-0.45,0.65,1,0.5573,0.7266,0.057536,-0.318333,0.173137,0.0009,0.1448,0.4116,2,0.20581,1.6897,1.6897,155976,0
1778499367.040521,0.288556,-0.466066,0.653455,1,23.5365,24.4119,0.072556,-0.312566,0.175455,0.0009,0.1654,23.3702,250,0.09348,3.4013,3.4013,155976,0
1778499367.09068,0.30485,-0.45898,0.655958,1,21.2782,23.0832,0.08885,-0.305481,0.177958,0.0005,0.138,21.1398,250,0.08456,4.7939,4.7939,155976,0
1778499367.141233,0.319769,-0.450452,0.658408,1,24.7862,26.496,0.103769,-0.296953,0.180408,0.0006,0.149,24.6366,250,0.09855,6.5707,6.5707,155976,0
1778499367.19342,0.35,-0.4,0.65,1,20.4337,20.5506,0.1329,-0.281802,0.185132,0.0009,0.1792,20.2537,250,0.08101,3.9783,3.9783,155980,0
1778499367.243504,0.35,-0.4,0.65,1,19.8006,19.9207,0.146336,-0.273285,0.18737,0.0006,0.1704,19.6296,250,0.07852,3.9843,3.9843,155980,0
1778499367.293573,0.35,-0.4,0.65,1,21.1969,21.9615,0.157544,-0.265396,0.189384,0.0005,0.1536,21.0429,250,0.08417,3.9902,3.9902,155992,0
1778499367.343745,0.35,-0.4,0.65,1,22.0539,22.7075,0.170886,-0.255307,0.192075,0.0006,0.1512,21.9021,250,0.08761,3.9987,3.9987,155992,0
1778499367.393831,0.35,-0.4,0.65,0,20.2128,21.1979,0.195065,-0.236308,0.197904,0.0006,0.1527,20.0595,250,0.08024,15.0198,15.0198,155992,0
1778499367.443917,0.35,-0.4,0.65,0,15.089,16.0152,0.204613,-0.22539,0.200841,0.0002,0.1113,14.9775,250,0.05991,12.4383,12.4383,155992,0
1778499367.494009,0.35,-0.4,0.65,0,21.4383,22.7419,0.213547,-0.213774,0.203628,0.0006,0.1573,21.2805,250,0.08512,12.0099,12.0099,155992,0
1778499367.544109,0.35,-0.4,0.65,0,20.4207,21.8856,0.221607,-0.203631,0.206003,0.0005,0.1574,20.2628,250,0.08105,10.4799,10.4799,155992,0
1778499367.59421,0.35,-0.4,0.65,0,20.812,21.7762,0.234686,-0.183239,0.210102,0.0006,0.1494,20.662,250,0.08265,12.1712,12.1712,155992,0
1778499367.644637,0.35,-0.4,0.65,0,25.7712,27.5612,0.238652,-0.172813,0.211761,0.0003,0.1909,25.58,250,0.10232,26.0104,26.0104,155996,0
1778499367.694744,0.4,-0.3,0.7,1,20.6328,21.8929,0.242005,-0.163377,0.213393,0.0006,0.1608,20.4713,250,0.08189,3.1645,3.1645,155996,0
1778499367.744845,0.4,-0.3,0.7,1,21.6743,25.5151,0.244085,-0.154941,0.214854,0.0006,0.1302,21.5435,250,0.08617,3.177,3.177,155996,0
1778499367.794924,0.4,-0.3,0.7,1,20.8301,23.3045,0.239533,-0.135849,0.217133,0.0004,0.1292,20.7006,250,0.0828,3.2187,3.2187,155996,0
1778499367.845028,0.4,-0.3,0.7,1,20.1856,23.576,0.23565,-0.128305,0.217687,0.0005,0.1499,20.0352,250,0.08014,3.2452,3.2452,155996,0
1778499367.895123,0.4,-0.25,0.7,1,0.6354,0.8423,0.229258,-0.120939,0.217541,0.0006,0.1772,0.4575,2,0.22877,2.6086,2.6086,156000,0
1778499367.945232,0.4,-0.25,0.7,1,0.4191,0.6161,0.221166,-0.113232,0.217009,0.0005,0.15,0.2686,1,0.26856,1.9772,1.9772,156000,0
1778499367.995333,0.418597,-0.252767,0.692323,1,22.8197,23.5758,0.202597,-0.099268,0.214323,0.0006,0.1418,22.6773,250,0.09071,4.1318,4.1318,156000,0
1778499368.045425,0.408146,-0.245599,0.689903,1,0.5221,0.6952,0.192146,-0.0921,0.211903,0.0006,0.1378,0.3837,2,0.19185,2.5695,2.5695,156000,0
1778499368.095575,0.396867,-0.239656,0.686624,1,0.5949,0.7725,0.180867,-0.086157,0.208624,0.0006,0.1665,0.4277,2,0.21386,1.7865,1.7865,156016,0
1778499368.145982,0.35,-0.25,0.7,1,0.6126,0.814,0.153026,-0.076539,0.198357,0.0006,0.155,0.4569,2,0.22847,2.6076,2.6076,156016,0
1778499368.196052,0.35,-0.25,0.65,1,0.5461,0.7156,0.136413,-0.073087,0.191645,0.0005,0.1423,0.4032,2,0.20162,0.8232,0.8232,156016,0
1778499368.246127,0.35,-0.2,0.65,1,0.5504,0.7315,0.118926,-0.070465,0.184401,0.0005,0.1398,0.4101,2,0.20505,0.7344,0.7344,156016,0
1778499368.29623,0.31596,-0.221939,0.655015,1,0.5532,0.7418,0.09996,-0.068439,0.177015,0.0006,0.1487,0.4039,2,0.20193,0.5745,0.5745,156016,0
1778499368.346304,0.3,-0.2,0.65,1,0.4141,0.6146,0.061437,-0.0673,0.16416,0.0005,0.1455,0.2681,1,0.26813,1.9668,1.9668,156016,0
1778499368.396432,0.257322,-0.222451,0.636759,1,0.8546,1.1743,0.041322,-0.068951,0.158758,0.0008,0.2058,0.648,2,0.324,0.2715,0.2715,156016,0
1778499368.446604,0.25,-0.25,0.65,1,0.3855,0.5675,0.021282,-0.072056,0.153964,0.0006,0.1393,0.2457,1,0.24565,1.9624,1.9624,156016,0
1778499368.496775,0.2,-0.25,0.65,1,0.5977,0.7894,0.002178,-0.075264,0.149771,0.0006,0.1608,0.4363,2,0.21817,0.2412,0.2412,156020,0
1778499368.546963,0.2,-0.25,0.6,1,0.5976,0.7882,-0.034415,-0.079561,0.143197,0.0006,0.1612,0.4359,2,0.21794,0.3372,0.3372,156020,0
1778499368.597066,0.164057,-0.233431,0.618495,1,0.5836,0.795,-0.051943,-0.079931,0.140495,0.0006,0.1628,0.4202,2,0.21011,0.4181,0.4181,156020,0
1778499368.647155,0.14862,-0.232727,0.615776,1,0.6169,0.7865,-0.06738,-0.079228,0.137776,0.0005,0.1557,0.4607,2,0.23036,0.5672,0.5672,156020,0
1778499368.697294,0.134536,-0.231488,0.612437,1,0.7453,0.9404,-0.081464,-0.077989,0.134436,0.0006,0.3041,0.4406,2,0.22028,0.6158,0.6158,156020,0
1778499368.747391,0.111716,-0.228432,0.604232,1,0.5698,0.7521,-0.104284,-0.074933,0.126231,0.0006,0.158,0.4112,2,0.2056,0.7476,0.7476,156020,0
1778499368.797483,0.103031,-0.227669,0.599194,1,0.584,0.7688,-0.112969,-0.07417,0.121194,0.0006,0.1556,0.4278,2,0.21389,0.6593,0.6593,156020,0
1778499368.847666,0.095911,-0.228986,0.592656,1,0.685,0.8849,-0.120089,-0.075487,0.114656,0.0007,0.1826,0.5017,2,0.25083,0.7993,0.7993,156020,0
1778499368.897684,0.09004,-0.231388,0.585128,1,0.5419,0.7232,-0.12596,-0.077889,0.107128,0.0005,0.1496,0.3918,2,0.1959,0.9829,0.9829,156020,0
1778499368.947778,0.1,-0.25,0.55,1,0.5402,0.7244,-0.138773,-0.079999,0.093313,0.0006,0.1485,0.3911,2,0.19556,1.717,1.717,156020,0
1778499368.997858,0.05,-0.25,0.55,1,0.765,0.9522,-0.145349,-0.080503,0.088643,0.0007,0.1514,0.6129,3,0.20429,0.9603,0.9603,156032,0
1778499369.047958,0.065021,-0.236276,0.563508,1,0.6286,0.8387,-0.150979,-0.082777,0.085507,0.0007,0.1716,0.4563,2,0.22817,1.1031,1.1031,156032,0
1778499369.098057,0.061711,-0.239304,0.562038,1,0.5194,0.6825,-0.154289,-0.085805,0.084038,0.0006,0.1302,0.3886,2,0.19428,1.954,1.954,156032,0
1778499369.148149,0.058173,-0.243651,0.563681,1,0.5722,0.7619,-0.157827,-0.090152,0.08568,0.0005,0.1484,0.4233,2,0.21163,2.7185,2.7185,156032,0
1778499369.198257,0.056888,-0.245131,0.565475,1,0.7611,0.957,-0.159112,-0.091631,0.087474,0.0006,0.1581,0.6025,3,0.20082,1.0014,1.0014,156032,0
1778499369.248353,0.056225,-0.245744,0.566875,1,0.7099,0.905,-0.159775,-0.092245,0.088875,0.0005,0.1515,0.558,3,0.18599,1.0173,1.0173,156036,0
1778499369.29846,0.056104,-0.245927,0.56756,1,0.7148,0.9267,-0.159896,-0.092428,0.08956,0.0007,0.1588,0.5553,3,0.18511,1.0235,1.0235,156036,0
1778499369.348707,0.058004,-0.245392,0.567201,1,0.7216,0.9066,-0.157996,-0.091893,0.0892,0.0007,0.1571,0.5637,3,0.18792,1.0178,1.0178,156036,0
1778499369.398813,0.060032,-0.245002,0.567292,1,0.7126,0.9074,-0.155968,-0.091503,0.089292,0.0006,0.1523,0.5598,3,0.1866,1.0102,1.0102,156036,0
1778499369.448859,0.062292,-0.244827,0.568709,1,0.7404,0.9327,-0.153708,-0.091328,0.090709,0.0008,0.1664,0.5732,3,0.19105,1.0066,1.0066,156036,0
1778499369.498957,0.064557,-0.245185,0.571868,1,0.716,0.908,-0.151443,-0.091686,0.093867,0.0007,0.1625,0.5528,3,0.18427,1.013,1.013,156036,0
1778499369.549052,0.068621,-0.247803,0.584006,1,0.7635,1.0354,-0.147379,-0.094304,0.106006,0.0005,0.1743,0.5887,3,0.19623,1.0833,1.0833,156036,0
1778499369.599154,0.07025,-0.249815,0.592181,1,0.9131,1.1991,-0.14575,-0.096316,0.114181,0.0006,0.1673,0.7452,3,0.24839,1.1396,1.1396,156036,0
1778499369.649257,0.071872,-0.250723,0.602302,1,0.7401,1.0025,-0.144128,-0.097224,0.124301,0.0006,0.1612,0.5782,3,0.19274,1.2262,1.2262,156036,0
1778499369.699362,0.072884,-0.251016,0.614216,1,0.7148,0.9572,-0.143116,-0.097516,0.136216,0.0006,0.1579,0.5563,3,0.18544,1.7312,1.7312,156040,0
1778499369.749461,0.072884,-0.251016,0.614216,0,21.1873,24.6522,-0.143075,-0.096718,0.162941,0.0006,0.1749,21.0118,250,0.08405,15.3112,15.3112,156040,0
1778499369.799545,0.072884,-0.251016,0.614216,0,19.9315,23.0445,-0.143655,-0.095089,0.177247,0.0006,0.1444,19.7865,250,0.07915,22.2976,22.2976,156052,0
1778499369.849642,0.1,-0.25,0.65,1,0.769,0.9622,-0.144439,-0.092764,0.191512,0.0006,0.1507,0.6177,3,0.2059,2.3697,2.3697,156052,0
1778499369.899741,0.1,-0.25,0.65,1,0.8502,1.6494,-0.145455,-0.090234,0.205538,0.0005,0.1499,0.6997,3,0.23325,2.3179,2.3179,156056,0
1778499369.949937,0.1,-0.25,0.75,1,0.8123,0.9963,-0.147889,-0.083973,0.23059,0.0007,0.1737,0.638,3,0.21265,1.0483,1.0483,156056,0
1778499370.000121,0.1,-0.25,0.75,1,0.6979,1.3758,-0.149974,-0.080866,0.240889,0.0006,0.1523,0.545,3,0.18167,1.2113,1.2113,156056,0
1778499370.050335,0.1,-0.25,0.75,1,0.7181,1.5848,-0.152503,-0.077326,0.250082,0.0006,0.1601,0.5575,3,0.18583,1.192,1.192,156060,0
1778499370.100568,0.1,-0.25,0.75,1,0.6857,1.6157,-0.155119,-0.073757,0.258234,0.0007,0.1538,0.5312,3,0.17705,1.1718,1.1718,156060,0
1778499370.150674,0.1,-0.25,0.75,1,0.7903,2.7946,-0.160799,-0.067243,0.273886,0.0007,0.1704,0.6192,3,0.20641,1.1329,1.1329,156060,0
1778499370.200897,0.05,-0.25,0.8,1,0.7507,0.9588,-0.163844,-0.064766,0.280461,0.0007,0.1815,0.5685,3,0.1895,1.5663,1.5663,156060,0
1778499370.250997,0.05,-0.25,0.8,1,0.6854,0.8586,-0.166448,-0.061942,0.285748,0.0006,0.1506,0.5342,3,0.17808,1.5668,1.5668,156060,0
1778499370.30152,0.05,-0.25,0.8,1,0.6894,3.2658,-0.168505,-0.059061,0.289972,0.0005,0.1536,0.5353,3,0.17843,1.5477,1.5477,156060,0
1778499370.351846,0.05,-0.25,0.8,1,0.6937,0.8928,-0.17262,-0.054857,0.297359,0.0004,0.1489,0.5444,3,0.18148,1.5165,1.5165,156060,0
1778499370.401937,0.05,-0.25,0.8,1,0.7472,0.9289,-0.17408,-0.053001,0.300122,0.0006,0.154,0.5926,3,0.19754,1.4999,1.4999,156060,0
1778499370.452034,0.05,-0.25,0.8,1,0.7969,1.0207,-0.175781,-0.051863,0.302393,0.0007,0.1822,0.614,3,0.20468,1.4864,1.4864,156060,0
1778499370.502143,0.05,-0.25,0.8,1,0.743,0.9235,-0.176566,-0.0504,0.304015,0.0007,0.1742,0.5681,3,0.18937,1.4754,1.4754,156060,0
1778499370.552237,0.05,-0.25,0.8,1,0.7594,0.961,-0.178683,-0.050204,0.306829,0.0004,0.1641,0.5949,3,0.19831,1.46,1.46,156064,0
1778499370.60233,0.05,-0.25,0.8,1,0.6856,0.8537,-0.179751,-0.05026,0.308222,0.0004,0.1508,0.5344,3,0.17812,1.4526,1.4526,156064,0
1778499370.652427,0.05,-0.25,0.8,1,0.7189,0.9031,-0.181282,-0.050406,0.30995,0.0005,0.1595,0.5589,3,0.18631,1.4471,1.4471,156072,0
1778499370.703021,0.05,-0.25,0.8,1,0.7024,0.9348,-0.182419,-0.049735,0.312356,0.0005,0.1583,0.5436,3,0.18118,1.4505,1.4505,156072,0
1778499370.753147,0.05,-0.25,0.8,1,0.7678,0.9811,-0.184412,-0.046911,0.319762,0.0006,0.1492,0.6179,3,0.20598,1.5173,1.5173,156072,0
1778499370.803237,0.05,-0.2,0.85,1,1.2377,1.4137,-0.186432,-0.045686,0.325274,0.0005,0.137,1.1002,8,0.13752,2.68,2.68,156072,0
1778499370.85333,0.05,-0.2,0.85,1,0.6983,0.8907,-0.188678,-0.044398,0.331083,0.0005,0.1414,0.5564,3,0.18547,2.9953,2.9953,156072,0
1778499370.903424,0.05,-0.2,0.85,1,0.6741,0.886,-0.190389,-0.042223,0.337263,0.0008,0.1904,0.4829,2,0.24145,2.2766,2.2766,156076,0
1778499370.953513,-0.0,-0.2,0.85,1,1.136,1.3144,-0.192963,-0.036411,0.351491,0.0006,0.1607,0.9747,7,0.13924,2.914,2.914,156076,0
1778499371.003617,0.021802,-0.186538,0.837298,1,18.7456,21.9282,-0.194198,-0.033039,0.359297,0.0005,0.1618,18.5832,250,0.07433,4.6211,4.6211,156076,0
1778499371.053715,0.021117,-0.182708,0.844463,1,0.8705,1.0533,-0.194883,-0.029209,0.366463,0.0007,0.1575,0.7124,4,0.17809,2.0774,2.0774,156076,0
1778499371.103831,0.020366,-0.178993,0.851394,1,0.9539,1.8135,-0.195634,-0.025494,0.373394,0.0007,0.1892,0.764,4,0.191,1.6653,1.6653,156076,0
1778499371.153924,-0.0,-0.15,0.85,1,0.7551,0.9987,-0.197892,-0.017703,0.385021,0.0007,0.1543,0.6,3,0.20001,1.7674,1.7674,156076,0
1778499371.204058,0.016384,-0.167195,0.867829,1,0.7292,0.8978,-0.199616,-0.013696,0.389828,0.0006,0.1543,0.5742,3,0.19141,1.7744,1.7744,156076,0
1778499371.254218,0.014666,-0.16391,0.871397,1,0.8357,1.1766,-0.201334,-0.01041,0.393396,0.0008,0.1501,0.6848,3,0.22826,1.9385,1.9385,156080,0
1778499371.304317,0.0122,-0.160314,0.874993,1,0.6828,1.4647,-0.2038,-0.006815,0.396992,0.0007,0.1482,0.5339,3,0.17797,1.8758,1.8758,156080,0
1778499371.354411,0.008486,-0.15588,0.87787,1,0.7092,0.9052,-0.207514,-0.002381,0.399869,0.0008,0.1719,0.5366,3,0.17887,1.8271,1.8271,156080,0
1778499371.404507,0.007332,-0.155264,0.878025,1,0.7318,0.9239,-0.208668,-0.001764,0.400025,0.0005,0.1482,0.5831,3,0.19438,1.8036,1.8036,156080,0
1778499371.454598,0.007078,-0.155076,0.877685,1,0.6641,0.8421,-0.208922,-0.001577,0.399685,0.0006,0.144,0.5194,3,0.17314,1.7845,1.7845,156080,0
1778499371.504995,0.008479,-0.155186,0.876021,1,0.664,1.0735,-0.207521,-0.001687,0.398021,0.0005,0.1381,0.5254,3,0.17513,1.74,1.74,156092,0
1778499371.555091,0.009817,-0.155587,0.874599,1,0.7609,0.964,-0.206183,-0.002088,0.396599,0.0006,0.1674,0.5929,3,0.19763,1.712,1.712,156092,0
1778499371.605445,0.011009,-0.155675,0.872817,1,0.7514,0.9487,-0.204991,-0.002176,0.394816,0.0006,0.1656,0.5852,3,0.19507,1.6962,1.6962,156092,0
1778499371.655538,0.011658,-0.155683,0.871213,1,0.6904,0.8705,-0.204342,-0.002184,0.393212,0.0004,0.1683,0.5217,3,0.17389,1.6922,1.6922,156096,0
1778499371.705652,0.011535,-0.155107,0.86966,1,0.7683,1.0374,-0.204465,-0.001608,0.39166,0.0007,0.1799,0.5877,3,0.19591,1.6971,1.6971,156096,0
1778499371.755756,0.011244,-0.154892,0.869419,1,0.7206,0.9783,-0.204756,-0.001392,0.391419,0.0007,0.1508,0.5691,3,0.18971,1.6988,1.6988,156096,0
1778499371.805854,0.011051,-0.154924,0.869413,1,0.719,0.958,-0.204949,-0.001425,0.391412,0.0007,0.1517,0.5667,3,0.18889,1.6986,1.6986,156096,0
1778499371.855955,0.011284,-0.155342,0.869264,1,1.2563,1.4777,-0.204716,-0.001843,0.391264,0.0006,0.1592,1.0964,3,0.36548,1.6941,1.6941,156096,0
1778499371.906064,0.013152,-0.158106,0.867731,1,0.8081,1.0108,-0.202848,-0.004607,0.389731,0.0006,0.1591,0.6484,3,0.21615,1.6688,1.6688,156096,0
1778499371.956169,0.014492,-0.160462,0.866347,1,0.8198,1.0042,-0.201508,-0.006963,0.388347,0.0007,0.1589,0.6602,3,0.22006,1.6535,1.6535,156096,0
1778499372.006257,0.015804,-0.163678,0.864871,1,0.7474,0.9366,-0.200196,-0.010179,0.386871,0.0006,0.1416,0.6053,3,0.20175,1.6449,1.6449,156096,0
1778499372.056362,0.016742,-0.16789,0.862708,1,0.8301,1.0121,-0.199258,-0.014391,0.384707,0.0007,0.1841,0.6453,3,0.21511,1.6583,1.6583,156096,0
1778499372.106462,0.019231,-0.178493,0.855134,1,0.753,0.933,-0.196769,-0.024994,0.377133,0.0007,0.1619,0.5904,3,0.19681,1.9469,1.9469,156100,0
1778499372.156552,0.021045,-0.184943,0.849881,1,0.7522,0.9325,-0.194955,-0.031444,0.37188,0.0005,0.1501,0.6015,3,0.20052,2.714,2.714,156100,0
1778499372.206629,0.023555,-0.191508,0.84358,1,0.9068,1.0964,-0.192445,-0.038009,0.365579,0.0006,0.157,0.7492,4,0.1873,1.648,1.648,156100,0
1778499372.25674,0.026465,-0.198162,0.836484,1,0.9588,1.1448,-0.189535,-0.044663,0.358483,0.0006,0.1487,0.8095,4,0.20237,2.2383,2.2383,156100,0
1778499372.306843,0.05,-0.2,0.85,1,0.884,1.0593,-0.184357,-0.059036,0.341409,0.0007,0.1522,0.7311,4,0.18277,2.151,2.151,156100,0
1778499372.356923,0.05,-0.25,0.8,1,0.8792,1.0624,-0.18272,-0.067404,0.33087,0.0006,0.1443,0.7343,4,0.18358,2.5911,2.5911,156112,0
1778499372.407013,0.05,-0.25,0.8,0,27.0534,27.1912,-0.180866,-0.074582,0.319477,0.0006,0.1451,26.9077,250,0.10763,20.0205,20.0205,156116,0
1778499372.457101,0.05,-0.25,0.8,0,18.5225,21.8473,-0.178583,-0.081512,0.304415,0.0006,0.1624,18.3595,250,0.07344,26.0437,26.0437,156116,0
1778499372.507195,0.05,-0.25,0.8,1,0.8164,1.0227,-0.168774,-0.087694,0.274743,0.0007,0.1506,0.665,3,0.22168,1.6074,1.6074,156120,0
1778499372.557296,0.1,-0.25,0.75,1,0.7392,0.9096,-0.161641,-0.087174,0.26065,0.0008,0.1477,0.5907,3,0.19689,1.1665,1.1665,156120,0
1778499372.607385,0.1,-0.25,0.75,1,0.7441,0.922,-0.153734,-0.086123,0.246521,0.0005,0.1478,0.5958,3,0.1986,1.213,1.213,156120,0
1778499372.657497,0.1,-0.25,0.75,1,0.8539,1.0681,-0.145956,-0.085752,0.232915,0.0007,0.2441,0.6091,3,0.20305,1.2627,1.2627,156120,0
1778499372.707585,0.1,-0.25,0.65,1,0.7561,0.9379,-0.130985,-0.083735,0.203151,0.0006,0.2294,0.526,3,0.17535,2.7835,2.7835,156120,0
1778499372.757694,0.1,-0.25,0.65,0,25.4336,26.4833,-0.125097,-0.082617,0.188609,0.0008,0.1702,25.2625,250,0.10105,22.403,22.403,156120,0
1778499372.807783,0.1,-0.25,0.65,0,21.1312,24.4069,-0.121017,-0.081087,0.175557,0.0004,0.2009,20.9299,250,0.08372,16.631,16.631,156124,0
1778499372.857864,0.1,-0.25,0.65,0,16.5917,18.305,-0.117541,-0.07877,0.162634,0.0008,0.1432,16.4478,250,0.06579,10.6696,10.6696,156124,0
1778499372.907934,0.106706,-0.227859,0.615213,1,0.6083,0.8045,-0.109294,-0.07436,0.137212,0.0005,0.2064,0.4014,2,0.20072,0.6997,0.6997,156124,0
1778499372.958015,0.111011,-0.225358,0.602298,1,0.5948,0.7947,-0.104989,-0.071859,0.124297,0.0007,0.1571,0.437,2,0.21851,0.3805,0.3805,156124,0
1778499373.008103,0.114611,-0.224315,0.590258,1,0.5596,0.7492,-0.101389,-0.070816,0.112257,0.0004,0.1367,0.4225,2,0.21126,0.5118,0.5118,156124,0
1778499373.058186,0.1,-0.2,0.6,1,0.5836,0.7636,-0.099136,-0.07135,0.102491,0.0006,0.1595,0.4235,2,0.21175,1.657,1.657,156124,0
1778499373.108284,0.1,-0.25,0.55,1,0.5591,0.7468,-0.096854,-0.073176,0.092633,0.0005,0.1554,0.4032,2,0.20161,1.8636,1.8636,156124,0
1778499373.158388,0.1,-0.25,0.55,1,0.5746,0.7743,-0.096404,-0.074517,0.091814,0.0006,0.159,0.415,2,0.2075,1.4332,1.4332,156124,0
1778499373.208482,0.1,-0.25,0.55,1,0.5642,0.763,-0.096269,-0.075759,0.092752,0.0006,0.1574,0.4063,2,0.20315,1.4272,1.4272,156124,0
1778499373.258558,0.1,-0.25,0.55,1,0.5599,0.7388,-0.096502,-0.077111,0.094873,0.0005,0.1364,0.4231,2,0.21154,1.4133,1.4133,156136,0
1778499373.30864,0.1,-0.25,0.6,1,0.5644,0.7492,-0.098559,-0.081529,0.10068,0.0004,0.1565,0.4076,2,0.20378,2.052,2.052,156136,0
1778499373.358869,0.115889,-0.237241,0.581877,1,0.6322,0.8298,-0.100111,-0.083742,0.103877,0.0006,0.1607,0.4709,2,0.23543,0.6961,0.6961,156136,0
1778499373.408949,0.114188,-0.239827,0.585557,1,0.518,0.715,-0.101812,-0.086328,0.107557,0.0006,0.1379,0.3795,2,0.18977,0.8591,0.8591,156136,0
1778499373.459065,0.11226,-0.242619,0.590659,1,0.6201,0.8219,-0.10374,-0.08912,0.112659,0.001,0.1657,0.4534,2,0.22671,1.0225,1.0225,156136,0
1778499373.509186,0.107509,-0.248506,0.606501,1,0.5793,0.7597,-0.108491,-0.095007,0.128501,0.0007,0.1653,0.4133,2,0.20667,2.1702,2.1702,156136,0
1778499373.559279,0.10462,-0.251247,0.617104,1,0.6977,0.8921,-0.11138,-0.097748,0.139104,0.0005,0.1565,0.5407,3,0.18022,0.8417,0.8417,156136,0
1778499373.609382,0.101456,-0.253506,0.629169,1,0.675,0.8648,-0.114544,-0.100006,0.151169,0.0006,0.1499,0.5246,3,0.17486,0.8882,0.8882,156136,0
1778499373.659495,0.097688,-0.255465,0.642546,1,0.7063,1.6653,-0.118312,-0.101966,0.164546,0.0006,0.1833,0.5224,3,0.17413,0.9186,0.9186,156136,0
1778499373.709585,0.089662,-0.258381,0.669838,1,23.7743,25.6546,-0.126338,-0.104881,0.191838,0.0007,0.1603,23.6134,250,0.09445,8.3808,8.3808,156136,0
1778499373.759732,0.1,-0.25,0.65,1,0.3933,0.5034,-0.130245,-0.105422,0.205751,0.0002,0.1013,0.2918,3,0.09728,2.187,2.187,156136,0
1778499373.809955,0.1,-0.3,0.7,1,0.4572,0.5673,-0.134248,-0.105074,0.220306,0.0003,0.1093,0.3476,4,0.08689,1.5041,1.5041,156136,0
1778499373.860133,0.1,-0.25,0.75,1,0.699,1.2889,-0.137836,-0.103831,0.23423,0.0006,0.1475,0.551,3,0.18365,1.2662,1.2662,156136,0
1778499373.910222,0.1,-0.25,0.75,1,0.814,1.3179,-0.14408,-0.099851,0.260009,0.0006,0.1587,0.6548,4,0.16369,1.5089,1.5089,156136,0
1778499373.960314,0.1,-0.25,0.75,1,0.8533,1.5027,-0.147187,-0.097658,0.272265,0.0004,0.1425,0.7104,4,0.1776,1.4637,1.4637,156136,0
1778499374.010539,0.1,-0.25,0.75,1,0.8033,1.5794,-0.150008,-0.095292,0.283481,0.0006,0.145,0.6578,4,0.16444,1.4479,1.4479,156136,0
1778499374.060709,0.05,-0.25,0.8,1,0.7819,3.8764,-0.152299,-0.093103,0.29384,0.0006,0.1748,0.6066,3,0.2022,0.9201,0.9201,156200,0
1778499374.110807,0.059758,-0.242208,0.792427,1,24.7049,28.1012,-0.156242,-0.088709,0.314427,0.0005,0.1681,24.5362,250,0.09814,6.7338,6.7338,156200,0
1778499374.161358,0.057966,-0.23969,0.802804,1,0.9183,1.077,-0.158034,-0.08619,0.324804,0.0004,0.1514,0.7665,5,0.15331,2.5068,2.5068,156200,0
1778499374.211516,0.056032,-0.237276,0.813596,1,0.7655,0.9508,-0.159968,-0.083777,0.335595,0.0006,0.1764,0.5885,3,0.19615,2.6296,2.6296,156212,0
1778499374.261704,0.054549,-0.234677,0.824122,1,0.6809,0.8526,-0.161451,-0.081178,0.346122,0.0006,0.1493,0.531,3,0.17699,1.7021,1.7021,156212,0
1778499374.311902,0.053511,-0.227913,0.842835,1,0.6906,0.8723,-0.162489,-0.074414,0.364835,0.0006,0.149,0.541,3,0.18032,1.5889,1.5889,156212,0
1778499374.361995,0.05383,-0.223375,0.851258,1,0.7155,0.8929,-0.16217,-0.069876,0.373258,0.0006,0.1572,0.5578,3,0.18593,0.8364,0.8364,156212,0
1778499374.412154,0.054259,-0.218684,0.858704,1,0.6665,0.8377,-0.161741,-0.065185,0.380704,0.0006,0.152,0.514,3,0.17133,1.6053,1.6053,156212,0
1778499374.462257,0.054467,-0.213628,0.865524,1,0.7039,0.8774,-0.161533,-0.060128,0.387523,0.0005,0.1672,0.5362,3,0.17873,1.3762,1.3762,156216,0
1778499374.512342,0.052669,-0.203177,0.879929,1,0.3397,0.4488,-0.163331,-0.049678,0.401928,0.0003,0.0979,0.2415,3,0.08049,1.3871,1.3871,156216,0
1778499374.562853,0.050524,-0.199117,0.886935,1,0.358,0.4742,-0.165476,-0.045617,0.408934,0.0004,0.0975,0.26,3,0.08668,1.4114,1.4114,156216,0
1778499374.612959,0.047919,-0.195757,0.893539,1,0.7009,0.8947,-0.168081,-0.042257,0.415538,0.0007,0.1628,0.5373,3,0.17911,1.4463,1.4463,156216,0
1778499374.663325,0.045293,-0.192956,0.899538,1,0.7204,1.6068,-0.170707,-0.039457,0.421538,0.0006,0.1537,0.5662,3,0.18872,1.4815,1.4815,156216,0
1778499374.713565,0.039949,-0.18922,0.911076,1,0.8155,1.0111,-0.176051,-0.035721,0.433076,0.0006,0.1417,0.6731,3,0.22438,1.6153,1.6153,156220,0
1778499374.763783,0.037054,-0.18843,0.916589,1,0.9807,1.1955,-0.178946,-0.034931,0.438588,0.0007,0.1707,0.8094,3,0.26979,1.4769,1.4769,156220,0
1778499374.814503,0.033854,-0.18849,0.921674,1,0.787,0.9976,-0.182146,-0.034991,0.443673,0.0003,0.1095,0.6771,3,0.22571,1.4031,1.4031,156220,0
1778499374.865082,0.05,-0.2,0.9,1,0.8363,1.227,-0.188026,-0.036969,0.449679,0.0006,0.1666,0.6692,4,0.16729,1.2585,1.2585,156224,0
1778499374.915252,0.05,-0.2,0.9,1,0.8509,1.0581,-0.190867,-0.038405,0.451059,0.0006,0.1899,0.6605,4,0.16512,1.3646,1.3646,156224,0
1778499374.96536,-0.0,-0.2,0.9,1,0.9195,1.0844,-0.193491,-0.039788,0.451792,0.0005,0.1568,0.7623,5,0.15245,1.7415,1.7415,156224,0
1778499375.015511,-0.0,-0.2,0.9,1,0.7425,0.9349,-0.195507,-0.041174,0.451616,0.0008,0.1731,0.5686,3,0.18953,1.3639,1.3639,156224,0
1778499375.065602,-0.0,-0.2,0.9,1,0.6582,0.8318,-0.19738,-0.043312,0.449089,0.0005,0.1413,0.5164,3,0.17213,1.3967,1.3967,156224,0
1778499375.115705,-0.0,-0.2,0.9,1,0.6999,0.8896,-0.198179,-0.043988,0.447534,0.0005,0.1583,0.5411,3,0.18036,1.4588,1.4588,156236,0
1778499375.165829,0.016682,-0.197586,0.92414,1,0.6744,0.8798,-0.199318,-0.044086,0.446139,0.0006,0.1512,0.5226,3,0.17421,1.5671,1.5671,156236,0
1778499375.215928,0.015489,-0.197143,0.92281,1,1.0193,1.2382,-0.200511,-0.043644,0.44481,0.0007,0.1973,0.8213,4,0.20533,1.8802,1.8802,156236,0
1778499375.266034,0.010653,-0.194387,0.920772,1,0.9434,1.1512,-0.205347,-0.040887,0.442772,0.0008,0.1803,0.7624,4,0.19059,1.6608,1.6608,156240,0
1778499375.316126,0.007656,-0.192582,0.920088,1,0.8014,0.9846,-0.208344,-0.039083,0.442088,0.0005,0.1486,0.6523,4,0.16309,1.5688,1.5688,156240,0
1778499375.366236,0.00484,-0.190728,0.919314,1,0.8068,0.9805,-0.21116,-0.037229,0.441314,0.0006,0.1527,0.6536,4,0.16339,1.538,1.538,156240,0
1778499375.416406,0.003019,-0.188999,0.918268,1,0.851,1.0343,-0.212981,-0.035499,0.440268,0.0007,0.1884,0.6619,4,0.16547,1.4712,1.4712,156240,0
1778499375.466635,0.000722,-0.185011,0.916082,1,0.7861,0.9712,-0.215278,-0.031512,0.438082,0.0006,0.1493,0.6362,4,0.15906,1.393,1.393,156240,0
1778499375.516734,0.000241,-0.183193,0.915086,1,0.8329,1.0514,-0.215759,-0.029694,0.437085,0.0007,0.1647,0.6675,3,0.22251,2.6108,2.6108,156240,0
1778499375.567036,-3.1e-05,-0.181865,0.914461,1,0.8201,0.9919,-0.216031,-0.028366,0.436461,0.0007,0.1678,0.6516,4,0.1629,1.4185,1.4185,156240,0
1778499375.617141,0.000227,-0.181203,0.914067,1,0.7093,0.8922,-0.215773,-0.027704,0.436066,0.0006,0.1658,0.5429,3,0.18095,2.2237,2.2237,156240,0
1778499375.667245,0.003875,-0.181984,0.912463,1,0.7326,0.9161,-0.212125,-0.028485,0.434463,0.0007,0.1738,0.558,3,0.18601,2.7095,2.7095,156244,0
1778499375.717352,0.006757,-0.183163,0.911064,1,0.7445,0.9502,-0.209243,-0.029664,0.433064,0.0008,0.163,0.5807,3,0.19357,2.6485,2.6485,156244,0
1778499375.767446,0.010336,-0.184807,0.909118,1,0.7954,0.9976,-0.205664,-0.031308,0.431118,0.0006,0.1667,0.628,3,0.20934,2.4494,2.4494,156244,0
1778499375.817619,0.014544,-0.187208,0.906684,1,0.7052,0.8889,-0.201456,-0.033709,0.428684,0.0005,0.1694,0.5353,3,0.17842,2.2915,2.2915,156244,0
1778499375.86771,0.025202,-0.194568,0.900528,1,0.6918,0.8803,-0.190798,-0.041069,0.422528,0.0005,0.1526,0.5388,3,0.17959,2.2188,2.2188,156244,0
1778499375.917926,0.031851,-0.199498,0.89657,1,0.6928,0.8882,-0.184149,-0.045999,0.41857,0.0006,0.155,0.5372,3,0.17908,1.9603,1.9603,156244,0
1778499375.968157,0.039329,-0.204695,0.891702,1,0.7053,0.8945,-0.176671,-0.051196,0.413701,0.0006,0.156,0.5487,3,0.18289,1.7174,1.7174,156252,0
1778499376.018254,0.046763,-0.209918,0.886449,1,0.7576,0.9515,-0.169237,-0.056419,0.408448,0.0005,0.1611,0.596,3,0.19866,1.3407,1.3407,156252,0
1778499376.068415,0.05,-0.2,0.9,1,0.6917,0.8649,-0.156104,-0.066203,0.39808,0.0005,0.1792,0.5119,3,0.17065,1.2971,1.2971,156256,0
1778499376.118594,0.05,-0.2,0.85,1,0.6777,0.8729,-0.151294,-0.070833,0.393978,0.0005,0.147,0.5302,3,0.17674,2.2195,2.2195,156260,0
1778499376.168774,0.05,-0.25,0.85,1,26.5492,27.7759,-0.148003,-0.074855,0.391154,0.0008,0.175,26.3734,250,0.10549,5.4063,5.4063,156260,0
1778499376.218937,0.05,-0.25,0.85,1,20.1163,22.0009,-0.146251,-0.077882,0.389794,0.0008,0.1558,19.9596,250,0.07984,6.3808,6.3808,156260,0
1778499376.269135,0.05,-0.25,0.85,1,18.8745,19.9221,-0.145411,-0.082512,0.390275,0.0005,0.1443,18.7297,250,0.07492,6.8608,6.8608,156260,0
1778499376.319308,0.05,-0.25,0.85,1,21.4926,24.5385,-0.145382,-0.084136,0.390874,0.0005,0.1556,21.3365,250,0.08535,6.8831,6.8831,156260,0
1778499376.369483,0.05,-0.25,0.85,1,23.0572,25.1438,-0.145354,-0.085505,0.391234,0.0006,0.1752,22.8814,250,0.09153,7.0548,7.0548,156264,0
1778499376.41969,0.05,-0.25,0.85,1,25.5177,28.6304,-0.145494,-0.086741,0.391632,0.0006,0.1753,25.3418,250,0.10137,7.2033,7.2033,156264,0
1778499376.46994,0.070151,-0.24189,0.870386,1,0.406,0.632,-0.145849,-0.088391,0.392386,0.0004,0.0888,0.3167,4,0.07918,1.2136,1.2136,156264,0
1778499376.520042,0.070155,-0.242218,0.870358,1,0.8307,1.6209,-0.145845,-0.088719,0.392358,0.0007,0.163,0.667,3,0.22233,1.1657,1.1657,156264,0
1778499376.570136,0.070028,-0.242698,0.870375,1,0.6274,0.8218,-0.145972,-0.089199,0.392375,0.0006,0.1521,0.4746,2,0.23731,2.0279,2.0279,156264,0
1778499376.620235,0.069825,-0.242972,0.870357,1,0.6497,0.854,-0.146175,-0.089473,0.392357,0.0006,0.1618,0.4873,2,0.24367,1.4991,1.4991,156264,0
1778499376.670335,0.069404,-0.242712,0.870122,1,0.6616,0.8491,-0.146596,-0.089213,0.392122,0.0007,0.1677,0.4932,2,0.24659,1.3215,1.3215,156264,0
1778499376.720435,0.069193,-0.24229,0.869999,1,0.6228,1.4683,-0.146807,-0.088791,0.391998,0.0005,0.1547,0.4676,2,0.23379,1.2147,1.2147,156264,0
1778499376.770618,0.06906,-0.241618,0.869904,1,0.5702,1.1333,-0.14694,-0.088119,0.391903,0.0005,0.1575,0.4122,2,0.2061,1.1925,1.1925,156264,0
1778499376.820668,0.069012,-0.240868,0.869886,1,0.5959,3.7407,-0.146988,-0.087368,0.391885,0.0005,0.1441,0.4512,2,0.22562,1.2166,1.2166,156280,0
1778499376.871523,0.068823,-0.239708,0.87031,1,0.3528,0.4607,-0.147177,-0.086209,0.39231,0.0005,0.1132,0.2391,2,0.11955,1.3031,1.3031,156280,0
1778499376.921772,0.068514,-0.239376,0.870792,1,0.6348,0.838,-0.147486,-0.085877,0.392792,0.0002,0.1952,0.4393,2,0.21966,1.6534,1.6534,156280,0
1778499376.971906,0.05,-0.25,0.85,1,24.1064,26.2177,-0.147994,-0.085492,0.393369,0.0002,0.1063,23.9999,250,0.096,8.066,8.066,156280,0
1778499377.022125,0.05,-0.25,0.85,1,22.4231,25.7481,-0.148719,-0.084808,0.393975,0.0003,0.1034,22.3194,250,0.08928,7.8584,7.8584,156280,0
1778499377.072228,0.05,-0.25,0.85,1,21.9742,22.9351,-0.15075,-0.082139,0.394864,0.0007,0.1495,21.8239,250,0.0873,7.1499,7.1499,156280,0
1778499377.12235,0.05,-0.25,0.85,1,20.1,21.9555,-0.15178,-0.080468,0.394932,0.0005,0.1622,19.9372,250,0.07975,6.7915,6.7915,156280,0
1778499377.172524,0.05,-0.25,0.85,1,20.6353,21.4988,-0.152789,-0.078533,0.394598,0.0006,0.1377,20.497,250,0.08199,6.5558,6.5558,156280,0
1778499377.222624,0.05,-0.25,0.85,1,17.4871,18.2182,-0.153748,-0.076769,0.394155,0.0006,0.1611,17.3255,250,0.0693,6.519,6.519,156280,0
1778499377.272909,0.05,-0.25,0.85,1,22.9101,23.635,-0.156019,-0.07334,0.393488,0.0007,0.1703,22.7392,250,0.09096,6.59,6.59,156284,0
1778499377.322991,0.05,-0.2,0.85,1,0.6965,0.8774,-0.157622,-0.071292,0.393334,0.0005,0.15,0.546,3,0.182,1.6181,1.6181,156284,0
1778499377.373694,0.05,-0.2,0.85,1,0.6107,0.8049,-0.159603,-0.068896,0.393224,0.0009,0.1557,0.4541,2,0.22703,1.1239,1.1239,156288,0
1778499377.42377,0.053917,-0.219236,0.870897,1,0.5518,1.0281,-0.162083,-0.065736,0.392897,0.0005,0.1389,0.4124,2,0.20618,0.7617,0.7617,156288,0
1778499377.473853,0.048336,-0.211806,0.870298,1,0.6896,0.8715,-0.167664,-0.058307,0.392297,0.0007,0.1453,0.5436,3,0.1812,1.2309,1.2309,156288,0
1778499377.523951,0.045288,-0.208047,0.870136,1,0.6886,0.8849,-0.170712,-0.054547,0.392136,0.0006,0.1515,0.5365,3,0.17882,1.2464,1.2464,156288,0
1778499377.574024,0.042459,-0.204532,0.869889,1,0.8194,1.019,-0.173541,-0.051033,0.391889,0.0006,0.1598,0.659,3,0.21965,1.2681,1.2681,156300,0
1778499377.62412,0.039743,-0.200989,0.869698,1,0.6771,1.2617,-0.176257,-0.04749,0.391697,0.0007,0.1487,0.5278,3,0.17592,1.3013,1.3013,156300,0
1778499377.674235,0.035726,-0.195538,0.869727,1,0.5686,0.7434,-0.180274,-0.042039,0.391727,0.0006,0.1582,0.4098,2,0.2049,2.8919,2.8919,156304,0
1778499377.72435,0.034562,-0.194122,0.869991,1,0.7355,0.9171,-0.181438,-0.040623,0.391991,0.0006,0.1592,0.5758,3,0.19193,1.3848,1.3848,156304,0
1778499377.774455,0.034102,-0.193463,0.870214,1,0.7649,0.9642,-0.181898,-0.039963,0.392214,0.0007,0.1693,0.5949,3,0.19831,1.3923,1.3923,156304,0
1778499377.824564,0.034149,-0.193279,0.870289,1,0.6824,0.8599,-0.181851,-0.03978,0.392289,0.0006,0.1552,0.5267,3,0.17556,1.3925,1.3925,156304,0
1778499377.874713,0.034846,-0.193425,0.870286,1,0.7568,0.9307,-0.181154,-0.039926,0.392285,0.0006,0.1601,0.5961,3,0.19871,1.3874,1.3874,156304,0
1778499377.924789,0.035222,-0.193849,0.870306,1,0.7167,0.9002,-0.180778,-0.04035,0.392306,0.0006,0.1597,0.5564,3,0.18547,1.3788,1.3788,156304,0
1778499377.974842,0.035683,-0.194466,0.870261,1,0.6267,0.8271,-0.180317,-0.040967,0.392261,0.0006,0.1409,0.4852,2,0.24261,2.9935,2.9935,156304,0
1778499378.025014,0.036335,-0.195409,0.870062,1,0.6039,0.7973,-0.179665,-0.04191,0.392062,0.0006,0.1671,0.4362,2,0.21811,2.9472,2.9472,156304,0
1778499378.075117,0.040056,-0.198621,0.867161,1,0.6766,0.8471,-0.175944,-0.045122,0.389161,0.0006,0.1743,0.5017,2,0.25087,2.7813,2.7813,156308,0
1778499378.12523,0.04314,-0.200959,0.86445,1,0.8144,1.0155,-0.17286,-0.04746,0.386449,0.0007,0.1749,0.6388,3,0.21294,1.311,1.311,156308,0
1778499378.175349,0.04702,-0.203604,0.860989,1,0.6347,0.843,-0.16898,-0.050105,0.382988,0.0006,0.1614,0.4728,2,0.23639,2.7998,2.7998,156308,0
1778499378.225503,0.05503,-0.209382,0.853683,1,0.7004,0.8971,-0.16097,-0.055883,0.375682,0.0008,0.1752,0.5243,3,0.17477,1.2835,1.2835,156308,0
1778499378.275616,0.059092,-0.212274,0.849888,1,0.6452,0.8493,-0.156908,-0.058775,0.371888,0.0005,0.1763,0.4684,2,0.2342,1.6457,1.6457,156308,0
1778499378.325717,0.062721,-0.21476,0.846573,1,0.6081,0.798,-0.153279,-0.061261,0.368572,0.0006,0.162,0.4456,2,0.2228,1.5451,1.5451,156308,0
1778499378.375822,0.065771,-0.2169,0.844174,1,0.5987,0.7924,-0.150229,-0.063401,0.366174,0.0006,0.1563,0.4417,2,0.22087,0.9264,0.9264,156308,0
1778499378.425928,0.069717,-0.219724,0.841779,1,0.6077,0.8026,-0.146283,-0.066225,0.363779,0.0006,0.1604,0.4467,2,0.22337,0.804,0.804,156308,0
1778499378.476036,0.070359,-0.220269,0.841897,1,0.6278,0.818,-0.145641,-0.06677,0.363896,0.0007,0.1661,0.4611,2,0.23054,0.7858,0.7858,156316,0
1778499378.526133,0.05,-0.2,0.85,1,0.6178,0.8226,-0.145551,-0.067138,0.364508,0.0007,0.1732,0.4439,2,0.22196,2.9968,2.9968,156320,0
1778499378.576235,0.05,-0.2,0.85,1,0.6166,0.7946,-0.145652,-0.067495,0.365059,0.0007,0.174,0.442,2,0.22099,1.6693,1.6693,156320,0
1778499378.626334,0.06857,-0.221237,0.845642,1,0.688,0.8599,-0.14743,-0.067737,0.367642,0.0007,0.1627,0.5246,3,0.17486,1.4204,1.4204,156320,0
1778499378.676445,0.066417,-0.220505,0.848565,1,0.8132,1.0093,-0.149583,-0.067006,0.370565,0.0006,0.1792,0.6333,3,0.21111,1.255,1.255,156320,0
1778499378.726544,0.063732,-0.219405,0.852314,1,0.611,0.8055,-0.152268,-0.065906,0.374313,0.0005,0.1786,0.432,2,0.21598,2.0483,2.0483,156320,0
1778499378.776619,0.060357,-0.218057,0.85709,1,0.8002,0.987,-0.155643,-0.064558,0.37909,0.0006,0.1723,0.6274,3,0.20913,1.2213,1.2213,156320,0
1778499378.826721,0.052351,-0.215197,0.8679,1,0.6737,0.862,-0.163649,-0.061697,0.3899,0.0006,0.1535,0.5196,3,0.17319,1.2168,1.2168,156320,0
1778499378.876887,0.047914,-0.213794,0.873332,1,0.7792,0.9657,-0.168086,-0.060295,0.395332,0.0008,0.1866,0.5919,3,0.19729,1.2235,1.2235,156324,0
1778499378.927071,0.043138,-0.212209,0.878356,1,0.7155,0.9129,-0.172862,-0.05871,0.400356,0.0008,0.1606,0.5541,3,0.1847,1.2704,1.2704,156324,0
1778499378.977161,0.038247,-0.210511,0.882757,1,0.6811,0.8584,-0.177753,-0.057012,0.404757,0.0007,0.1515,0.5289,3,0.17629,1.4382,1.4382,156324,0
1778499379.02726,0.029246,-0.207432,0.889513,1,0.6732,0.8541,-0.186754,-0.053933,0.411513,0.0006,0.1456,0.527,3,0.17567,2.2176,2.2176,156324,0
1778499379.077376,0.025992,-0.206324,0.891278,1,0.8346,1.0016,-0.190008,-0.052825,0.413278,0.0006,0.1702,0.6638,4,0.16595,1.1925,1.1925,156324,0
1778499379.127478,0.02298,-0.205373,0.892694,1,0.695,0.8842,-0.19302,-0.051873,0.414693,0.0006,0.1718,0.5226,3,0.1742,2.7646,2.7646,156324,0
1778499379.177609,0.020097,-0.204246,0.893895,1,1.1055,1.3177,-0.195903,-0.050747,0.415895,0.0007,0.1829,0.9219,4,0.23047,1.2297,1.2297,156324,0
1778499379.227698,0.015383,-0.203109,0.896609,1,0.7958,0.9822,-0.200617,-0.04961,0.418608,0.0006,0.1564,0.6389,4,0.15971,1.3533,1.3533,156328,0
1778499379.277813,0.014756,-0.203801,0.897075,1,0.9079,1.0829,-0.201244,-0.050302,0.419075,0.0006,0.1657,0.7416,4,0.1854,1.3286,1.3286,156340,0
1778499379.327904,0.012977,-0.204607,0.898131,1,0.8552,1.0428,-0.203023,-0.051107,0.42013,0.0006,0.1539,0.7007,4,0.17517,1.4561,1.4561,156340,0
1778499379.378008,0.010848,-0.205349,0.89943,1,1.0164,1.2301,-0.205152,-0.051849,0.42143,0.0005,0.1803,0.8356,4,0.20889,1.5899,1.5899,156340,0
1778499379.428126,0.004833,-0.206996,0.902501,1,1.1449,1.3527,-0.211167,-0.053497,0.424501,0.0003,0.2179,0.9266,4,0.23166,2.2043,2.2043,156340,0
1778499379.478222,0.001113,-0.208451,0.904638,1,0.8075,0.9802,-0.214887,-0.054952,0.426638,0.0005,0.1572,0.6498,4,0.16246,2.505,2.505,156340,0
1778499379.528314,-0.002545,-0.210963,0.906963,1,0.9046,1.0977,-0.218545,-0.057464,0.428963,0.0005,0.1473,0.7569,5,0.15138,1.4011,1.4011,156340,0
1778499379.578424,-0.005796,-0.214312,0.909466,1,1.2331,1.4334,-0.221796,-0.060813,0.431466,0.0007,0.1635,1.069,7,0.15271,1.4734,1.4734,156340,0
1778499379.628586,-0.009699,-0.22123,0.912656,1,1.1048,1.2902,-0.225699,-0.067731,0.434656,0.0006,0.1414,0.9627,7,0.13754,1.4669,1.4669,156344,0
1778499379.678816,-0.010728,-0.223323,0.912894,1,0.934,1.1037,-0.226728,-0.069824,0.434893,0.0006,0.1654,0.768,5,0.1536,1.8247,1.8247,156344,0
1778499379.728932,-0.011517,-0.224363,0.912641,1,1.2545,1.4247,-0.227517,-0.070864,0.434641,0.0005,0.1635,1.0905,8,0.13631,2.6637,2.6637,156344,0
1778499379.779048,-0.011769,-0.224425,0.912053,1,1.1823,2.0742,-0.227769,-0.070925,0.434053,0.0009,0.1881,0.9933,6,0.16556,1.3875,1.3875,156344,0
1778499379.829148,-0.011596,-0.223125,0.91039,1,1.3779,1.5772,-0.227596,-0.069626,0.432389,0.0006,0.171,1.2063,9,0.13403,1.2954,1.2954,156344,0
1778499379.879247,-0.011456,-0.222549,0.909784,1,1.1856,2.0192,-0.227456,-0.069049,0.431784,0.0007,0.1549,1.03,7,0.14715,1.3612,1.3612,156344,0
1778499379.929363,-0.011458,-0.222784,0.909675,1,1.6169,2.2949,-0.227458,-0.069285,0.431675,0.0009,0.2048,1.4112,8,0.1764,1.4158,1.4158,156344,0
1778499379.979468,-0.011458,-0.222784,0.909675,0,28.244,32.0607,-0.227755,-0.070548,0.432155,0.0006,0.1616,28.0817,250,0.11233,31.4336,31.4336,156344,0
1778499380.029632,-0.011458,-0.222784,0.909675,0,21.6262,23.4298,-0.227734,-0.074141,0.433211,0.0006,0.1509,21.4747,250,0.0859,22.4448,22.4448,156348,0
1778499380.080101,-0.011458,-0.222784,0.909675,0,22.8927,26.8061,-0.226715,-0.075005,0.432987,0.0006,0.1546,22.7375,250,0.09095,22.6048,22.6048,156348,0
1778499380.130243,-0.011458,-0.222784,0.909675,0,25.7665,28.8715,-0.224843,-0.075796,0.432449,0.0006,0.1242,25.6418,250,0.10257,23.0776,23.0776,156360,0
1778499380.180322,-0.011458,-0.222784,0.909675,0,22.2897,25.8445,-0.222222,-0.076518,0.431597,0.0006,0.1367,22.1525,250,0.08861,23.458,23.458,156360,0
1778499380.230403,0.001513,-0.231358,0.907184,1,22.0073,23.0535,-0.214487,-0.077859,0.429184,0.0006,0.1093,21.8974,250,0.08759,3.5027,3.5027,156360,0
1778499380.280612,0.007205,-0.232675,0.905484,1,21.9547,22.8906,-0.208795,-0.079175,0.427483,0.0007,0.1464,21.8077,250,0.08723,3.3778,3.3778,156360,0
1778499380.330718,0.014314,-0.234682,0.9031,1,22.3726,23.6096,-0.201686,-0.081183,0.4251,0.0008,0.2173,22.1546,250,0.08862,3.1098,3.1098,156360,0
1778499380.381186,0.022739,-0.2376,0.899968,1,1.0926,1.443,-0.193261,-0.0841,0.421967,0.0005,0.1331,0.959,7,0.137,2.5859,2.5859,156360,0
1778499380.431285,0.040772,-0.245598,0.892641,1,1.0733,3.4982,-0.175228,-0.092099,0.414641,0.0005,0.1405,0.9323,7,0.13318,2.2904,2.2904,156364,0
1778499380.481405,0.040772,-0.245598,0.892641,0,23.6728,25.3978,-0.165841,-0.097005,0.410783,0.0006,0.1446,23.5276,250,0.09411,17.3445,17.3445,156364,0
1778499380.534118,0.040772,-0.245598,0.892641,0,13.2203,14.0038,-0.156581,-0.102036,0.406941,0.0002,0.1033,13.1168,250,0.05247,14.0886,14.0886,156364,0
1778499380.584335,0.040772,-0.245598,0.892641,0,25.527,29.5915,-0.147663,-0.10742,0.40333,0.0006,0.1594,25.367,250,0.10147,10.422,10.422,156364,0
1778499380.634533,0.1,-0.25,0.9,1,0.6325,0.786,-0.138467,-0.113236,0.399451,0.0005,0.1312,0.5008,3,0.16695,2.5805,2.5805,156364,0
1778499380.684691,0.05,-0.25,0.9,1,1.0541,1.2172,-0.143142,-0.116109,0.401422,0.0006,0.1549,0.8986,6,0.14977,1.5337,1.5337,156364,0
1778499380.734779,0.1,-0.25,0.9,1,0.9042,1.0833,-0.139763,-0.119585,0.397648,0.0005,0.1499,0.7537,5,0.15075,1.4003,1.4003,156364,0
1778499380.785026,0.1,-0.3,0.85,1,0.8564,1.3045,-0.134856,-0.125139,0.394519,0.0007,0.1777,0.678,4,0.1695,0.9357,0.9357,156364,0
1778499380.835129,0.089519,-0.289147,0.867071,1,0.6862,0.8743,-0.126481,-0.135647,0.389071,0.0007,0.1546,0.5309,3,0.17695,1.0388,1.0388,156368,0
1778499380.885225,0.094342,-0.292167,0.862587,1,0.6695,0.8426,-0.121658,-0.138668,0.384587,0.0005,0.1474,0.5216,3,0.17386,1.3001,1.3001,156368,0
1778499380.935323,0.099232,-0.294767,0.857751,1,0.7347,0.9272,-0.116768,-0.141268,0.37975,0.0007,0.1703,0.5637,3,0.1879,1.4034,1.4034,156368,0
1778499380.985614,0.109624,-0.297926,0.847203,1,0.7713,0.9632,-0.106376,-0.144427,0.369203,0.0007,0.1695,0.6011,3,0.20038,1.5159,1.5159,156376,0
1778499381.035717,0.114487,-0.300349,0.842756,1,0.7532,0.9945,-0.101513,-0.14685,0.364755,0.0008,0.1837,0.5688,3,0.18959,1.2895,1.2895,156376,0
1778499381.085948,0.118585,-0.302307,0.839247,1,0.6659,0.8308,-0.097415,-0.148808,0.361247,0.0008,0.1498,0.5153,3,0.17177,1.1974,1.1974,156376,0
1778499381.136051,0.122205,-0.303879,0.836359,1,0.5699,0.7614,-0.093795,-0.15038,0.358359,0.0006,0.1513,0.418,2,0.20899,2.4034,2.4034,156376,0
1778499381.186173,0.128086,-0.307595,0.832273,1,0.7292,0.9034,-0.087914,-0.154095,0.354273,0.0008,0.177,0.5515,3,0.18383,1.5415,1.5415,156376,0
1778499381.236282,0.130821,-0.309584,0.83044,1,0.7022,0.9175,-0.085179,-0.156085,0.35244,0.0007,0.1718,0.5298,2,0.26489,1.8161,1.8161,156376,0
1778499381.286389,0.133265,-0.311419,0.828747,1,0.6695,0.8495,-0.082735,-0.15792,0.350747,0.0005,0.148,0.521,3,0.17367,1.3612,1.3612,156380,0
1778499381.336498,0.15,-0.3,0.85,1,1.3512,1.5369,-0.080391,-0.160048,0.34912,0.0007,0.1792,1.1712,9,0.13014,2.4106,2.4106,156380,0
1778499381.386569,0.140359,-0.315106,0.823014,1,0.8609,1.0527,-0.075641,-0.161606,0.345014,0.0009,0.1642,0.6958,4,0.17394,0.9362,0.9362,156380,0
1778499381.436736,0.143226,-0.315229,0.820308,1,0.5715,0.7528,-0.072774,-0.16173,0.342307,0.0007,0.1614,0.4094,2,0.20472,0.9328,0.9328,156380,0
1778499381.486924,0.146955,-0.316954,0.816861,1,0.664,0.8727,-0.069045,-0.163455,0.33886,0.0008,0.1821,0.4811,2,0.24056,2.1531,2.1531,156380,0
1778499381.537029,0.151619,-0.318786,0.812185,1,0.5753,0.7613,-0.064381,-0.165286,0.334184,0.0006,0.1539,0.4208,2,0.21038,2.5485,2.5485,156380,0
1778499381.587313,0.162283,-0.32264,0.799746,1,0.5648,0.7556,-0.053717,-0.169141,0.321745,0.0006,0.1527,0.4115,2,0.20577,2.1915,2.1915,156380,0
1778499381.63737,0.15,-0.3,0.8,1,0.5879,0.7783,-0.048559,-0.171178,0.314575,0.0005,0.1603,0.4271,2,0.21354,2.5998,2.5998,156380,0
1778499381.687453,0.15,-0.35,0.8,1,0.731,0.9306,-0.043868,-0.173166,0.306802,0.0004,0.1492,0.5814,3,0.19379,2.4971,2.4971,156384,0
1778499381.737582,0.2,-0.35,0.8,1,0.6689,0.8655,-0.039963,-0.175417,0.299076,0.0007,0.1527,0.5155,3,0.17184,1.6652,1.6652,156384,0
1778499381.787652,0.181697,-0.332496,0.761289,1,0.5326,0.6948,-0.034303,-0.178997,0.283289,0.0005,0.1289,0.4033,2,0.20163,0.7914,0.7914,156384,0
1778499381.837735,0.183924,-0.333887,0.752563,1,0.5796,0.7616,-0.032076,-0.180388,0.274563,0.0006,0.1433,0.4358,2,0.21788,1.6522,1.6522,156396,0
1778499381.887857,0.185668,-0.335075,0.743183,1,0.6484,0.8358,-0.030332,-0.181575,0.265182,0.001,0.1962,0.4513,2,0.22563,2.2041,2.2041,156396,0
1778499381.937963,0.187105,-0.335854,0.732893,1,0.5665,0.7784,-0.028895,-0.182355,0.254893,0.0005,0.1524,0.4136,2,0.20679,2.5078,2.5078,156396,0
1778499381.988055,0.189687,-0.336316,0.708069,1,0.7041,0.8745,-0.026313,-0.182817,0.230069,0.0008,0.1597,0.5436,3,0.18121,0.6823,0.6823,156396,0
1778499382.038146,0.191213,-0.335977,0.694371,1,0.5968,0.7813,-0.024787,-0.182478,0.21637,0.0005,0.1657,0.4306,2,0.21531,2.9176,2.9176,156396,0
1778499382.088252,0.193067,-0.336114,0.679607,1,0.5682,0.7505,-0.022933,-0.182615,0.201606,0.0007,0.155,0.4125,2,0.20625,2.6025,2.6025,156400,0
1778499382.138355,0.195228,-0.335235,0.664852,1,0.5884,0.7773,-0.020772,-0.181735,0.186851,0.0007,0.1673,0.4204,2,0.2102,2.242,2.242,156400,0
1778499382.188451,0.199616,-0.332147,0.634575,1,0.5759,0.7816,-0.016384,-0.178648,0.156575,0.0004,0.1594,0.416,2,0.20802,1.5886,1.5886,156400,0
1778499382.238615,0.201824,-0.330677,0.619558,1,0.5809,0.8369,-0.014176,-0.177178,0.141558,0.0006,0.1659,0.4144,2,0.20722,1.1901,1.1901,156400,0
1778499382.288797,0.20361,-0.329135,0.606149,1,0.6929,0.89,-0.01239,-0.175636,0.128148,0.0005,0.174,0.5184,2,0.2592,0.9652,0.9652,156400,0
1778499382.338866,0.205411,-0.327604,0.592167,1,0.7429,0.9552,-0.010589,-0.174105,0.114167,0.0006,0.1648,0.5774,2,0.28871,0.7809,0.7809,156400,0
1778499382.388958,0.207908,-0.322617,0.565678,1,0.7521,0.9759,-0.008092,-0.169118,0.087678,0.0007,0.1689,0.5825,2,0.29124,0.5377,0.5377,156404,0
1778499382.43906,0.207994,-0.318354,0.552986,1,0.6407,0.8326,-0.008006,-0.164855,0.074985,0.0006,0.1492,0.4909,2,0.24544,0.4468,0.4468,156404,0
1778499382.489163,0.20775,-0.31384,0.539745,1,0.7099,0.9079,-0.00825,-0.160341,0.061744,0.0008,0.1818,0.5273,2,0.26364,0.3828,0.3828,156408,0
1778499382.539316,0.207544,-0.310455,0.526492,1,0.3488,0.6638,-0.008456,-0.156956,0.048491,0.0003,0.105,0.2434,2,0.12171,0.3314,0.3314,156408,0
1778499382.589517,0.207222,-0.303791,0.502087,1,0.5541,0.7414,-0.008778,-0.150292,0.024087,0.0006,0.1586,0.3948,2,0.19742,0.2618,0.2618,156408,0
1778499382.639704,0.206586,-0.301306,0.49194,1,0.4931,0.6953,-0.009414,-0.147807,0.013939,0.0006,0.1671,0.3253,1,0.32533,2.7969,2.7969,156420,0
1778499382.689816,0.205666,-0.298364,0.484251,1,0.5943,1.4354,-0.010334,-0.144865,0.006251,0.0004,0.1657,0.4281,2,0.21407,0.2263,0.2263,156420,0
1778499382.739972,0.204501,-0.295368,0.478425,1,0.419,0.62,-0.011499,-0.141869,0.000425,0.0006,0.1639,0.2545,1,0.25453,2.9408,2.9408,156420,0
1778499382.790156,0.202463,-0.290214,0.471154,1,0.4115,1.1863,-0.013537,-0.136715,-0.006846,0.0005,0.1396,0.2713,1,0.2713,2.9184,2.9184,156420,0
1778499382.840284,0.202181,-0.288923,0.468749,1,0.4615,1.5247,-0.013819,-0.135424,-0.009252,0.0008,0.1552,0.3055,1,0.30554,2.8976,2.8976,156420,0
1778499382.890387,0.201986,-0.288128,0.466891,1,0.4506,1.2824,-0.014014,-0.134628,-0.011109,0.0003,0.1536,0.2968,1,0.29676,2.8768,2.8768,156424,0
1778499382.940656,0.201777,-0.287035,0.465784,1,0.4163,1.315,-0.014223,-0.133536,-0.012216,0.0007,0.1551,0.2606,1,0.26057,2.8638,2.8638,156424,0
1778499382.990816,0.201295,-0.285386,0.465319,1,0.4396,1.0879,-0.014705,-0.131887,-0.012681,0.0006,0.1601,0.279,1,0.27895,2.6886,2.6886,156424,0
1778499383.04105,0.201165,-0.283999,0.466222,1,0.4044,0.5939,-0.014835,-0.130499,-0.011778,0.0005,0.1504,0.2535,1,0.25352,2.6562,2.6562,156424,0
1778499383.091212,0.200852,-0.282168,0.468103,1,0.4632,0.6782,-0.015148,-0.128669,-0.009897,0.0007,0.171,0.2915,1,0.29149,2.4857,2.4857,156424,0
1778499383.141318,0.200388,-0.280817,0.471296,1,0.5236,0.8318,-0.015612,-0.127318,-0.006705,0.0007,0.1723,0.3506,1,0.35063,2.4663,2.4663,156424,0
1778499383.192979,0.199595,-0.277756,0.483203,1,0.4989,0.7405,-0.016405,-0.124256,0.005203,0.0006,0.1656,0.3327,1,0.33267,2.439,2.439,156424,0
1778499383.243572,0.198869,-0.277874,0.491588,1,0.5088,0.737,-0.017131,-0.124375,0.013588,0.0008,0.1881,0.3199,1,0.31988,2.4613,2.4613,156428,0
1778499383.293687,0.198367,-0.277264,0.500745,1,0.5194,0.7629,-0.017633,-0.123765,0.022744,0.0009,0.1939,0.3247,1,0.32466,2.5222,2.5222,156428,0
1778499383.343781,0.197884,-0.275585,0.511074,1,0.4313,0.6267,-0.018116,-0.122086,0.033073,0.0008,0.1634,0.2671,1,0.26713,2.3959,2.3959,156428,0
1778499383.393865,0.196448,-0.271182,0.533924,1,0.5624,0.749,-0.019552,-0.117683,0.055923,0.0006,0.1625,0.3993,2,0.19964,0.1939,0.1939,156428,0
1778499383.443932,0.194977,-0.269733,0.545498,1,0.4335,0.6245,-0.021023,-0.116234,0.067498,0.0006,0.1577,0.2752,1,0.27523,2.0986,2.0986,156428,0
1778499383.494027,0.193071,-0.269132,0.55793,1,0.4917,0.7086,-0.022929,-0.115632,0.07993,0.0008,0.1764,0.3145,1,0.31454,2.1601,2.1601,156428,0
1778499383.544114,0.190674,-0.269193,0.56992,1,0.4688,0.6915,-0.025326,-0.115694,0.091919,0.0008,0.1632,0.3048,1,0.30478,2.2773,2.2773,156428,0
1778499383.5942,0.184259,-0.270563,0.594608,1,0.5498,0.7157,-0.031741,-0.117063,0.116608,0.0004,0.1289,0.4205,2,0.21026,0.3891,0.3891,156436,0
1778499383.644282,0.2,-0.25,0.6,1,0.4345,0.6108,-0.035958,-0.118216,0.129875,0.0006,0.1594,0.2745,1,0.27453,2.5141,2.5141,156440,0
1778499383.694381,0.2,-0.25,0.6,1,0.4999,0.6921,-0.040501,-0.119982,0.143052,0.0006,0.191,0.3083,1,0.30832,0.2121,0.2121,156444,0
1778499383.744458,0.15,-0.25,0.65,1,0.5816,1.8184,-0.044866,-0.121475,0.155423,0.0005,0.1554,0.4258,2,0.21289,1.3708,1.3708,156444,0
1778499383.794549,0.162429,-0.275666,0.656832,1,0.5703,0.75,-0.053571,-0.122166,0.178832,0.0006,0.1677,0.4021,2,0.20103,2.1607,2.1607,156444,0
1778499383.844762,0.15,-0.25,0.65,1,0.5276,0.7158,-0.058097,-0.12089,0.190637,0.0006,0.14,0.387,2,0.19352,0.9522,0.9522,156444,0
1778499383.894865,0.15,-0.25,0.7,1,0.604,0.8043,-0.062643,-0.119682,0.201599,0.0008,0.1662,0.437,2,0.21848,0.9766,0.9766,156444,0
1778499383.944982,0.14857,-0.271549,0.691045,1,0.6555,1.4745,-0.06743,-0.11805,0.213044,0.0003,0.1099,0.5454,3,0.18179,1.0505,1.0505,156444,0
1778499383.995081,0.139744,-0.266304,0.713661,1,0.7773,0.9777,-0.076256,-0.112805,0.235661,0.0006,0.169,0.6078,3,0.20258,1.7673,1.7673,156444,0
1778499384.045171,0.15,-0.25,0.7,1,0.661,0.8399,-0.080113,-0.108585,0.246268,0.0007,0.1646,0.4957,2,0.24785,2.1145,2.1145,156444,0
1778499384.095261,0.132513,-0.258667,0.733975,1,0.7687,0.9512,-0.083487,-0.105168,0.255975,0.0007,0.1593,0.6086,3,0.20288,2.1907,2.1907,156448,0
1778499384.145713,0.127402,-0.251495,0.750494,1,0.8391,1.0243,-0.088598,-0.097996,0.272494,0.0006,0.1533,0.6851,4,0.17128,1.3495,1.3495,156448,0
1778499384.195815,0.125146,-0.248523,0.758033,1,0.8412,1.0369,-0.090854,-0.095024,0.280033,0.0007,0.1545,0.686,4,0.1715,1.434,1.434,156448,0
1778499384.245911,0.122884,-0.245482,0.76545,1,0.8805,1.0645,-0.093116,-0.091983,0.28745,0.0006,0.1667,0.7131,4,0.17828,1.4513,1.4513,156460,0
1778499384.296011,0.1,-0.25,0.75,1,0.9426,1.1337,-0.095378,-0.089147,0.294345,0.0007,0.1626,0.7793,4,0.19481,2.0137,2.0137,156460,0
1778499384.346107,0.115553,-0.236713,0.784852,1,0.6813,0.8748,-0.100447,-0.083214,0.306852,0.0007,0.1475,0.5331,3,0.1777,2.3094,2.3094,156460,0
1778499384.396264,0.113099,-0.23283,0.790475,1,0.7861,0.9785,-0.102901,-0.079331,0.312475,0.0008,0.1793,0.606,3,0.20199,1.5222,1.5222,156460,0
1778499384.446362,0.110515,-0.229699,0.795951,1,0.6922,0.8849,-0.105485,-0.0762,0.317951,0.0006,0.1487,0.5429,3,0.18095,1.2411,1.2411,156460,0
1778499384.497242,0.107887,-0.226182,0.80155,1,0.7232,0.8844,-0.108113,-0.072682,0.32355,0.0005,0.1371,0.5856,3,0.19521,1.3058,1.3058,156464,0
1778499384.547282,0.103639,-0.219099,0.811682,1,0.7218,0.919,-0.112361,-0.0656,0.333682,0.0006,0.1469,0.5744,3,0.19145,1.238,1.238,156464,0
1778499384.597375,0.102018,-0.215748,0.815923,1,0.6173,0.7987,-0.113982,-0.062249,0.337923,0.0006,0.2224,0.3943,2,0.19717,0.6812,0.6812,156464,0
1778499384.64748,0.100177,-0.213066,0.820224,1,0.6463,0.8655,-0.115823,-0.059567,0.342224,0.0009,0.1792,0.4662,2,0.23312,0.4741,0.4741,156464,0
1778499384.697815,0.098343,-0.210352,0.824119,1,0.6271,0.8599,-0.117657,-0.056853,0.346118,0.0006,0.1632,0.4633,2,0.23164,0.5642,0.5642,156464,0
1778499384.748106,0.094214,-0.20358,0.831737,1,0.5687,0.7483,-0.121786,-0.050081,0.353737,0.0006,0.1507,0.4173,2,0.20867,1.3361,1.3361,156464,0
1778499384.798195,0.091965,-0.200523,0.835749,1,0.5651,0.7374,-0.124035,-0.047024,0.357748,0.0006,0.1462,0.4182,2,0.20912,1.6439,1.6439,156464,0
1778499384.848291,0.089929,-0.197869,0.839309,1,0.6316,0.8393,-0.126071,-0.04437,0.361309,0.0005,0.1701,0.4609,2,0.23046,1.8216,1.8216,156468,0
1778499384.898398,0.088446,-0.195844,0.841664,1,0.6021,0.8098,-0.127554,-0.042345,0.363664,0.0005,0.1693,0.4323,2,0.21615,2.3735,2.3735,156468,0
1778499384.948487,0.086708,-0.19195,0.844977,1,0.7019,0.8903,-0.129292,-0.038451,0.366976,0.0004,0.1609,0.5405,3,0.18017,1.4027,1.4027,156468,0
1778499384.998584,0.086055,-0.190332,0.846727,1,0.7464,0.9243,-0.129945,-0.036832,0.368727,0.0006,0.1608,0.585,3,0.19499,1.4056,1.4056,156468,0
1778499385.048692,0.085339,-0.188342,0.848679,1,0.7246,0.9228,-0.130661,-0.034843,0.370678,0.0008,0.1668,0.5569,3,0.18564,1.4098,1.4098,156468,0
1778499385.098775,0.08454,-0.186095,0.850787,1,0.7419,1.037,-0.13146,-0.032595,0.372786,0.0006,0.1586,0.5828,3,0.19425,1.412,1.412,156480,0
1778499385.148842,0.082854,-0.18192,0.855057,1,0.7056,0.8987,-0.133146,-0.028421,0.377057,0.0007,0.1558,0.549,3,0.183,1.4107,1.4107,156480,0
1778499385.198945,0.082172,-0.180567,0.856812,1,0.7639,1.0363,-0.133828,-0.027068,0.378812,0.0007,0.1568,0.6063,3,0.20211,1.4138,1.4138,156480,0
1778499385.249032,0.081833,-0.179928,0.857773,1,0.6942,0.8692,-0.134167,-0.026429,0.379773,0.0005,0.1525,0.5412,3,0.18042,1.4146,1.4146,156480,0
1778499385.299128,0.081855,-0.179692,0.857952,1,0.6963,0.8743,-0.134145,-0.026193,0.379952,0.0007,0.1594,0.5362,3,0.17874,1.4138,1.4138,156484,0
1778499385.349223,0.082466,-0.179551,0.85707,1,0.6724,0.8662,-0.133534,-0.026052,0.37907,0.0008,0.147,0.5246,3,0.17485,1.4134,1.4134,156488,0
1778499385.39933,0.082912,-0.180132,0.855844,1,0.6611,0.8294,-0.133088,-0.026633,0.377844,0.0007,0.1371,0.5234,3,0.17445,1.412,1.412,156488,0
1778499385.449437,0.083643,-0.18142,0.854283,1,0.7021,0.8859,-0.132357,-0.027921,0.376283,0.0006,0.1681,0.5335,3,0.17783,1.4096,1.4096,156488,0
1778499385.499517,0.084824,-0.183437,0.852075,1,0.7131,0.8753,-0.131176,-0.029938,0.374075,0.0005,0.1703,0.5422,3,0.18073,1.4086,1.4086,156488,0
1778499385.549628,0.088853,-0.189752,0.845061,1,0.8858,1.8485,-0.127147,-0.036253,0.367061,0.0006,0.1966,0.6886,3,0.22955,1.4025,1.4025,156488,0
1778499385.59973,0.091954,-0.194176,0.839712,1,0.5742,0.7719,-0.124046,-0.040676,0.361712,0.0007,0.1556,0.418,2,0.20898,2.4391,2.4391,156488,0
1778499385.649828,0.095541,-0.199205,0.833339,1,0.5309,0.6927,-0.120459,-0.045706,0.355339,0.0005,0.1465,0.3839,2,0.19195,1.4934,1.4934,156488,0
1778499385.699905,0.10008,-0.204168,0.825568,1,0.5371,0.7301,-0.11592,-0.050669,0.347567,0.0006,0.1427,0.3938,2,0.19688,2.9284,2.9284,156492,0
1778499385.750034,0.109826,-0.215073,0.809306,1,0.8149,1.0095,-0.106174,-0.061574,0.331306,0.0006,0.1621,0.6522,2,0.32611,2.901,2.901,156492,0
1778499385.800593,0.114633,-0.220632,0.802763,1,0.3537,0.4699,-0.101367,-0.067133,0.324762,0.0003,0.1103,0.2431,2,0.12153,2.7075,2.7075,156492,0
1778499385.850665,0.1,-0.25,0.8,1,1.4082,1.8546,-0.096718,-0.072183,0.318599,0.0006,0.1568,1.2508,8,0.15635,2.9461,2.9461,156492,0
1778499385.90077,0.1,-0.25,0.8,1,0.8563,3.656,-0.092388,-0.076707,0.312444,0.0005,0.142,0.7138,4,0.17846,1.715,1.715,156504,0
1778499385.950852,0.15,-0.25,0.8,1,0.5383,0.7396,-0.084623,-0.085324,0.300311,0.0005,0.153,0.3848,2,0.19239,2.444,2.444,156504,0
1778499386.001182,0.134921,-0.243414,0.771661,1,0.409,0.5251,-0.081079,-0.089915,0.29366,0.0003,0.1112,0.2975,3,0.09918,1.6299,1.6299,156504,0
1778499386.051644,0.13841,-0.248031,0.764553,1,0.6615,0.857,-0.07759,-0.094532,0.286553,0.0003,0.088,0.5732,3,0.19106,1.0513,1.0513,156504,0
1778499386.101825,0.14144,-0.252417,0.756664,1,0.6407,0.8142,-0.07456,-0.098918,0.278664,0.0005,0.1324,0.5078,3,0.16926,0.9551,0.9551,156508,0
1778499386.151951,0.147552,-0.259763,0.738316,1,0.681,0.872,-0.068448,-0.106264,0.260316,0.0006,0.1553,0.5251,3,0.17505,0.8991,0.8991,156508,0
1778499386.202055,0.150288,-0.262393,0.728593,1,0.6787,0.8589,-0.065712,-0.108894,0.250593,0.0008,0.1592,0.5187,3,0.17292,1.0089,1.0089,156508,0
1778499386.25219,0.15293,-0.265097,0.718838,1,0.9533,1.2007,-0.06307,-0.111598,0.240838,0.0009,0.2062,0.7461,3,0.24871,0.9755,0.9755,156508,0
1778499386.302281,0.155838,-0.267731,0.708532,1,0.6577,0.8283,-0.060162,-0.114232,0.230532,0.0006,0.136,0.5211,3,0.17371,0.9116,0.9116,156508,0
1778499386.353375,0.161143,-0.271664,0.688436,1,0.7279,0.9243,-0.054857,-0.118165,0.210435,0.0005,0.1473,0.5801,3,0.19335,0.8003,0.8003,156508,0
1778499386.403576,0.15,-0.25,0.7,1,0.614,0.7986,-0.052629,-0.119428,0.200202,0.0006,0.2179,0.3955,2,0.19774,0.9169,0.9169,156508,0
1778499386.453743,0.15,-0.25,0.65,1,0.4172,0.6122,-0.050522,-0.120145,0.188955,0.0006,0.1531,0.2635,1,0.26349,2.0146,2.0146,156512,0
1778499386.503851,0.167427,-0.273235,0.655764,1,0.7282,1.4911,-0.048573,-0.119735,0.177764,0.0006,0.1657,0.5619,3,0.1873,0.6508,0.6508,156512,0
1778499386.553949,0.15,-0.25,0.65,1,0.5259,0.722,-0.045346,-0.116931,0.154107,0.0007,0.1428,0.3825,2,0.19123,1.1175,1.1175,156512,0
1778499386.604048,0.15,-0.25,0.6,1,0.592,0.7526,-0.044149,-0.114685,0.142664,0.0007,0.1678,0.4235,2,0.21175,1.1241,1.1241,156512,0
1778499386.654142,0.172613,-0.265057,0.608597,1,0.5789,0.7731,-0.043387,-0.111558,0.130597,0.0008,0.162,0.416,2,0.20801,1.3137,1.3137,156512,0
1778499386.704242,0.17346,-0.260899,0.596627,1,0.5609,1.5388,-0.04254,-0.107399,0.118626,0.0006,0.1573,0.403,2,0.2015,0.7201,0.7201,156512,0
1778499386.754339,0.2,-0.25,0.55,1,0.5368,0.716,-0.03959,-0.095959,0.096498,0.0006,0.1462,0.39,2,0.19501,0.2874,0.2874,156520,0
1778499386.804505,0.179151,-0.243457,0.565735,1,0.6513,0.8748,-0.036849,-0.089958,0.087734,0.0006,0.161,0.4898,2,0.24489,0.3889,0.3889,156520,0
1778499386.854784,0.182431,-0.235569,0.558743,1,0.4128,0.6029,-0.033569,-0.08207,0.080742,0.0006,0.1544,0.2578,1,0.25779,2.5745,2.5745,156524,0
1778499386.904969,0.191098,-0.220117,0.549045,1,0.4624,0.6896,-0.024902,-0.066618,0.071044,0.0006,0.165,0.2968,1,0.29677,1.5619,1.5619,156524,0
1778499386.955082,0.195828,-0.21354,0.545587,1,0.4893,0.7233,-0.020172,-0.060041,0.067586,0.0007,0.1715,0.317,1,0.31704,0.7419,0.7419,156524,0
1778499387.005191,0.200671,-0.208413,0.543238,1,0.4768,0.6771,-0.015329,-0.054914,0.065238,0.0008,0.1756,0.3005,1,0.30046,0.4115,0.4115,156524,0
1778499387.055291,0.205992,-0.202479,0.541611,1,0.4425,0.6278,-0.010008,-0.04898,0.063611,0.0005,0.1656,0.2763,1,0.27633,0.1097,0.1097,156524,0
1778499387.105462,0.216222,-0.190587,0.537689,1,0.406,0.5923,0.000222,-0.037088,0.059689,0.0006,0.1535,0.2519,1,0.25191,0.2449,0.2449,156524,0
1778499387.155545,0.220787,-0.184698,0.535107,1,0.404,0.6115,0.004787,-0.031199,0.057107,0.0006,0.153,0.2504,1,0.25044,0.0592,0.0592,156524,0
1778499387.20566,0.2,-0.2,0.55,1,0.4221,0.6272,0.0086,-0.026412,0.054159,0.0004,0.1528,0.2688,1,0.26881,2.1494,2.1494,156524,0
1778499387.255849,0.25,-0.2,0.55,1,0.5468,0.7352,0.011352,-0.022048,0.051375,0.0006,0.1491,0.3972,2,0.19858,0.1879,0.1879,156528,0
1778499387.305953,0.25,-0.15,0.55,1,0.597,0.7922,0.013017,-0.01717,0.0476,0.0006,0.1739,0.4226,2,0.21129,0.2255,0.2255,156528,0
1778499387.356039,0.25,-0.15,0.5,1,0.5665,0.7605,0.013088,-0.016907,0.046953,0.0005,0.1584,0.4075,2,0.20376,0.282,0.282,156528,0
1778499387.406142,0.25,-0.15,0.5,1,0.5447,0.7609,0.012936,-0.017549,0.046769,0.0007,0.1841,0.36,1,0.35998,0.2667,0.2667,156540,0
1778499387.456229,0.25,-0.15,0.55,1,0.5694,0.7523,0.01236,-0.018981,0.047152,0.0006,0.1484,0.4204,2,0.2102,0.2916,0.2916,156540,0
1778499387.506349,0.25,-0.2,0.55,1,0.6459,0.8413,0.010864,-0.023183,0.048826,0.0008,0.2045,0.4406,2,0.22029,0.2015,0.2015,156540,0
1778499387.556441,0.25,-0.2,0.55,1,0.4528,0.6553,0.010427,-0.025968,0.050341,0.0005,0.1727,0.2795,1,0.27955,0.1352,0.1352,156540,0
1778499387.606665,0.25,-0.2,0.55,1,0.4323,0.6251,0.009985,-0.029747,0.05274,0.0006,0.1651,0.2666,1,0.26663,0.1448,0.1448,156540,0
1778499387.65676,0.2,-0.2,0.55,1,0.5673,0.7661,0.008903,-0.034654,0.056254,0.0008,0.16,0.4066,2,0.20328,0.2137,0.2137,156544,0
1778499387.706859,0.219168,-0.201119,0.543961,1,0.4106,0.5983,0.003168,-0.04762,0.065961,0.0006,0.1512,0.2589,1,0.25888,0.802,0.802,156544,0
1778499387.756952,0.214539,-0.209575,0.550016,1,0.4085,0.6035,-0.001461,-0.056076,0.072016,0.0006,0.1484,0.2594,1,0.25945,0.2085,0.2085,156544,0
1778499387.807049,0.208966,-0.218424,0.557575,1,0.4208,0.6238,-0.007034,-0.064924,0.079575,0.0006,0.1559,0.2643,1,0.26429,0.5169,0.5169,156544,0
1778499387.85717,0.202679,-0.227695,0.566541,1,0.4487,0.6432,-0.013321,-0.074196,0.088541,0.0005,0.1661,0.2821,1,0.28213,0.732,0.732,156544,0
1778499387.907256,0.189627,-0.244668,0.588371,1,0.584,0.7717,-0.026373,-0.091169,0.11037,0.0005,0.1629,0.4206,2,0.21029,0.3315,0.3315,156544,0
1778499387.957366,0.182903,-0.251743,0.601421,1,0.4597,0.6928,-0.033097,-0.098244,0.12342,0.0006,0.1642,0.295,1,0.29498,2.2063,2.2063,156544,0
1778499388.007459,0.176542,-0.257216,0.614753,1,0.4256,0.6123,-0.039458,-0.103717,0.136752,0.0007,0.1691,0.2558,1,0.2558,2.713,2.713,156544,0
1778499388.05755,0.15,-0.25,0.65,1,0.6246,0.8377,-0.045371,-0.107818,0.150271,0.0005,0.167,0.4571,2,0.22854,0.9013,0.9013,156552,0
1778499388.107744,0.161655,-0.266499,0.652523,1,0.5343,0.719,-0.054345,-0.113,0.174523,0.0005,0.1365,0.3972,2,0.19862,1.5189,1.5189,156552,0
1778499388.157994,0.158055,-0.268163,0.66328,1,0.5778,0.7667,-0.057945,-0.114664,0.18528,0.0007,0.1661,0.411,2,0.2055,1.7697,1.7697,156552,0
1778499388.208084,0.15,-0.25,0.65,1,0.5827,0.7514,-0.061268,-0.115866,0.195798,0.0007,0.166,0.4159,2,0.20797,1.0518,1.0518,156552,0
1778499388.258191,0.151375,-0.270454,0.683705,1,0.5969,0.7878,-0.064625,-0.116955,0.205704,0.0007,0.1604,0.4358,2,0.2179,2.8929,2.8929,156552,0
1778499388.308301,0.144745,-0.271809,0.704226,1,0.9543,1.1766,-0.071255,-0.11831,0.226226,0.0009,0.1809,0.7724,3,0.25748,1.0351,1.0351,156564,0
1778499388.358398,0.141703,-0.27204,0.715039,1,0.7017,0.8827,-0.074297,-0.118541,0.237039,0.0006,0.1511,0.55,3,0.18332,1.7647,1.7647,156564,0
1778499388.408543,0.15,-0.25,0.75,1,0.6034,0.8489,-0.077542,-0.118306,0.248661,0.0005,0.1841,0.4187,2,0.20937,2.8801,2.8801,156564,0
1778499388.45873,0.135315,-0.271029,0.737579,1,0.7062,0.8972,-0.080685,-0.117529,0.259579,0.0006,0.1649,0.5407,3,0.18025,2.4143,2.4143,156568,0
1778499388.508819,0.128511,-0.265139,0.759854,1,0.7117,0.896,-0.087489,-0.11164,0.281853,0.0006,0.1537,0.5573,3,0.18577,2.9137,2.9137,156568,0
1778499388.558963,0.15,-0.25,0.75,1,0.5484,0.741,-0.090838,-0.107228,0.290034,0.0007,0.1454,0.4023,2,0.20116,1.3125,1.3125,156568,0
1778499388.609059,0.1,-0.25,0.8,1,0.6928,0.8614,-0.094725,-0.101619,0.297564,0.0005,0.1484,0.5438,3,0.18128,2.357,2.357,156572,0
1778499388.659137,0.117558,-0.248998,0.782002,1,0.7161,0.9055,-0.098442,-0.095498,0.304001,0.0008,0.1473,0.568,3,0.18933,2.5935,2.5935,156572,0
1778499388.709235,0.110012,-0.236427,0.793874,1,0.6989,0.8762,-0.105988,-0.082928,0.315874,0.0004,0.1527,0.5458,3,0.18193,1.6833,1.6833,156572,0
1778499388.759366,0.106837,-0.230253,0.799919,1,0.8992,4.1566,-0.109163,-0.076754,0.321918,0.0005,0.2081,0.6906,3,0.23018,1.5063,1.5063,156572,0
1778499388.809534,0.104007,-0.225137,0.806152,1,0.6563,0.8164,-0.111993,-0.071637,0.328152,0.0005,0.1524,0.5035,3,0.16782,1.185,1.185,156576,0
1778499388.859738,0.101606,-0.220671,0.812257,1,0.5509,1.2176,-0.114394,-0.067172,0.334257,0.0005,0.1496,0.4008,2,0.20042,2.6859,2.6859,156576,0
1778499388.909909,0.098286,-0.214388,0.822757,1,0.5868,1.4015,-0.117714,-0.060888,0.344757,0.0006,0.1535,0.4327,2,0.21635,0.5611,0.5611,156576,0
1778499388.960014,0.097095,-0.211702,0.827211,1,0.6931,1.3059,-0.118905,-0.058203,0.349211,0.0006,0.1523,0.5402,3,0.18005,0.9119,0.9119,156576,0
1778499389.010115,0.09617,-0.208326,0.830995,1,0.7383,1.6493,-0.11983,-0.054827,0.352995,0.0006,0.1633,0.5744,3,0.19146,0.9271,0.9271,156576,0
1778499389.060311,0.095446,-0.204708,0.834093,1,0.6823,1.6034,-0.120554,-0.051209,0.356092,0.0006,0.1344,0.5474,3,0.18245,0.9559,0.9559,156584,0
1778499389.110491,0.09432,-0.198611,0.838744,1,0.7451,3.5657,-0.12168,-0.045112,0.360744,0.0006,0.1804,0.564,3,0.18801,1.0499,1.0499,156584,0
1778499389.160591,0.093857,-0.196637,0.840666,1,0.7024,1.4955,-0.122143,-0.043138,0.362666,0.0005,0.1603,0.5416,3,0.18052,1.0734,1.0734,156584,0
1778499389.210781,0.093444,-0.195117,0.842162,1,0.6173,0.8143,-0.122556,-0.041617,0.364161,0.0008,0.1773,0.4392,2,0.21959,2.9393,2.9393,156584,0
1778499389.260941,0.093296,-0.194404,0.842745,1,0.5427,1.3349,-0.122704,-0.040905,0.364745,0.0006,0.144,0.3982,2,0.19908,2.9269,2.9269,156592,0
1778499389.311294,0.093316,-0.194547,0.841845,1,0.5683,0.7395,-0.122684,-0.041048,0.363845,0.0005,0.1528,0.4149,2,0.20747,2.9254,2.9254,156592,0
1778499389.361617,0.093709,-0.195239,0.840079,1,0.6868,0.8751,-0.122291,-0.04174,0.362079,0.0006,0.156,0.5302,3,0.17673,1.1036,1.1036,156592,0
1778499389.411821,0.094351,-0.196463,0.83797,1,0.6639,0.8555,-0.121649,-0.042964,0.359969,0.0006,0.1498,0.5135,3,0.17115,1.1007,1.1007,156592,0
1778499389.462056,0.094941,-0.198103,0.835696,1,0.6821,0.8847,-0.121059,-0.044604,0.357696,0.0006,0.1488,0.5327,3,0.17757,1.1345,1.1345,156592,0
1778499389.512141,0.095656,-0.202991,0.831318,1,0.6855,0.8596,-0.120344,-0.049492,0.353318,0.0005,0.1548,0.5302,3,0.17672,1.9681,1.9681,156592,0
1778499389.562272,0.096685,-0.20623,0.827498,1,0.7525,0.9441,-0.119315,-0.052731,0.349498,0.0006,0.1738,0.5781,3,0.1927,1.7734,1.7734,156592,0
1778499389.612354,0.098012,-0.209385,0.82316,1,0.5666,0.7008,-0.117988,-0.055885,0.34516,0.0004,0.133,0.4333,3,0.14442,2.0453,2.0453,156592,0
1778499389.663598,0.099719,-0.212364,0.81857,1,0.758,1.7213,-0.116281,-0.058865,0.340569,0.0007,0.1675,0.5899,3,0.19662,2.4948,2.4948,156596,0
1778499389.713748,0.103839,-0.218787,0.810753,1,0.5523,0.7325,-0.112161,-0.065287,0.332753,0.0005,0.1501,0.4017,2,0.20086,1.9495,1.9495,156596,0
1778499389.763847,0.10651,-0.221957,0.805412,1,0.6257,0.8174,-0.10949,-0.068458,0.327412,0.0007,0.1738,0.4512,2,0.22558,1.5792,1.5792,156596,0
1778499389.813934,0.109456,-0.225668,0.799768,1,0.5481,0.735,-0.106544,-0.072169,0.321767,0.0005,0.1502,0.3974,2,0.19872,1.0086,1.0086,156596,0
1778499389.864025,0.112786,-0.229813,0.793884,1,0.7295,0.9221,-0.103214,-0.076314,0.315883,0.0004,0.159,0.5701,3,0.19003,1.121,1.121,156596,0
1778499389.914126,0.119244,-0.237933,0.780555,1,0.7879,0.9839,-0.096756,-0.084434,0.302555,0.0006,0.1737,0.6136,3,0.20454,1.2511,1.2511,156604,0
1778499389.964234,0.1,-0.25,0.75,1,0.7931,0.9999,-0.093763,-0.0887,0.295408,0.0006,0.1645,0.6279,3,0.20931,0.8901,0.8901,156604,0
1778499390.014336,0.125401,-0.246949,0.765715,1,0.5835,0.7625,-0.090599,-0.09345,0.287714,0.0007,0.1666,0.4161,2,0.20804,1.7193,1.7193,156604,0
1778499390.064429,0.128609,-0.251744,0.7582,1,0.6788,1.1193,-0.087391,-0.098245,0.2802,0.0005,0.1596,0.5187,3,0.17291,1.0328,1.0328,156608,0
1778499390.114595,0.136491,-0.261319,0.741488,1,0.6553,0.8373,-0.079509,-0.107819,0.263487,0.0008,0.1418,0.5128,3,0.17093,0.8761,0.8761,156608,0
1778499390.16477,0.140933,-0.265495,0.732883,1,0.6823,0.863,-0.075067,-0.111995,0.254882,0.0006,0.1628,0.5188,3,0.17294,0.9326,0.9326,156608,0
1778499390.214871,0.15,-0.25,0.7,1,0.5847,0.7901,-0.070819,-0.115614,0.246966,0.0007,0.1599,0.4242,2,0.21209,1.7718,1.7718,156608,0
1778499390.265199,0.154241,-0.274846,0.708253,1,0.571,0.7642,-0.061759,-0.121347,0.230252,0.0008,0.1567,0.4136,2,0.2068,2.658,2.658,156608,0
1778499390.3153,0.158492,-0.276131,0.699966,1,0.563,0.753,-0.057508,-0.122632,0.221966,0.0006,0.1525,0.4098,2,0.20492,2.8924,2.8924,156608,0
1778499390.365486,0.162522,-0.276723,0.691361,1,0.5436,0.734,-0.053478,-0.123224,0.213361,0.0006,0.1591,0.3839,2,0.19195,2.3603,2.3603,156608,0
1778499390.415651,0.15,-0.3,0.7,1,0.7134,0.9288,-0.049871,-0.123547,0.204508,0.0006,0.1671,0.5458,3,0.18194,1.2758,1.2758,156612,0
1778499390.465757,0.15,-0.3,0.65,1,0.7272,0.938,-0.042726,-0.121728,0.183673,0.0006,0.1591,0.5675,3,0.18917,1.2589,1.2589,156612,0
1778499390.515991,0.2,-0.25,0.65,1,0.6269,0.8255,-0.039322,-0.120695,0.173326,0.0006,0.162,0.4643,2,0.23216,0.06,0.06,156612,0
1778499390.56609,0.2,-0.25,0.65,1,0.4867,0.7153,-0.035456,-0.118923,0.162444,0.0005,0.181,0.3052,1,0.30525,2.4006,2.4006,156612,0
1778499390.616172,0.2,-0.25,0.65,1,0.429,0.6036,-0.031358,-0.116746,0.151755,0.0005,0.1623,0.2661,1,0.26612,2.6306,2.6306,156612,0
1778499390.666278,0.193232,-0.265861,0.60908,1,0.6213,0.811,-0.022768,-0.112362,0.131079,0.0005,0.1615,0.4593,2,0.22965,0.4515,0.4515,156612,0
1778499390.716444,0.19707,-0.263181,0.599893,1,0.5812,0.7593,-0.01893,-0.109682,0.121892,0.0006,0.1815,0.3991,2,0.19956,0.3096,0.3096,156612,0
1778499390.766641,0.200501,-0.260545,0.591573,1,0.6593,0.8681,-0.015499,-0.107046,0.113573,0.0007,0.184,0.4747,2,0.23733,0.2685,0.2685,156624,0
1778499390.816847,0.203391,-0.257025,0.584443,1,0.3858,0.5516,-0.012609,-0.103526,0.106443,0.0006,0.14,0.2452,1,0.24519,2.9575,2.9575,156628,0
1778499390.867064,0.207651,-0.246624,0.573158,1,0.4034,0.6091,-0.008349,-0.093124,0.095158,0.0006,0.1531,0.2497,1,0.2497,2.6007,2.6007,156628,0
1778499390.917184,0.209816,-0.241403,0.567881,1,0.4199,0.6013,-0.006184,-0.087904,0.08988,0.0006,0.1586,0.2607,1,0.26067,1.7598,1.7598,156628,0
1778499390.967296,0.212209,-0.235841,0.563266,1,0.5085,0.7252,-0.003791,-0.082341,0.085266,0.0007,0.175,0.3329,1,0.33286,1.3566,1.3566,156628,0
1778499391.017504,0.21499,-0.229271,0.558921,1,0.4204,0.6137,-0.00101,-0.075772,0.08092,0.0008,0.1589,0.2608,1,0.26077,0.9299,0.9299,156628,0
1778499391.067647,0.221719,-0.216471,0.550974,1,0.4115,0.6011,0.005719,-0.062971,0.072973,0.0009,0.1537,0.2568,1,0.25684,0.3634,0.3634,156628,0
1778499391.117829,0.224683,-0.211022,0.547475,1,0.4061,0.5901,0.008683,-0.057522,0.069475,0.0006,0.152,0.2534,1,0.25344,0.1512,0.1512,156628,0
1778499391.168098,0.226946,-0.206384,0.544644,1,0.4835,0.6823,0.010946,-0.052884,0.066644,0.0007,0.1724,0.3104,1,0.31044,0.0937,0.0937,156628,0
1778499391.218203,0.228933,-0.202348,0.542102,1,0.4416,0.651,0.012933,-0.048849,0.064102,0.0006,0.1634,0.2776,1,0.27765,0.0616,0.0616,156628,0
1778499391.268307,0.232258,-0.194312,0.53718,1,0.4758,0.6644,0.016258,-0.040813,0.059179,0.0007,0.1716,0.3035,1,0.30354,0.1954,0.1954,156628,0
1778499391.318471,0.233638,-0.190064,0.534969,1,0.4519,0.6302,0.017638,-0.036565,0.056968,0.0007,0.1821,0.2691,1,0.26908,0.0183,0.0183,156628,0
1778499391.368579,0.235102,-0.186959,0.532875,1,0.4424,0.6411,0.019102,-0.033459,0.054874,0.0006,0.1634,0.2784,1,0.27842,0.0186,0.0186,156628,0
1778499391.418762,0.23629,-0.184861,0.531693,1,0.47,0.6717,0.02029,-0.031362,0.053693,0.0006,0.1719,0.2975,1,0.29751,0.0315,0.0315,156628,0
1778499391.468918,0.237747,-0.181317,0.533023,1,0.4384,0.6512,0.021747,-0.027818,0.055023,0.0007,0.17,0.2677,1,0.26769,0.0583,0.0583,156628,0
1778499391.519024,0.238028,-0.180638,0.534562,1,0.4504,0.6501,0.022028,-0.027139,0.056562,0.0007,0.1671,0.2826,1,0.28261,0.064,0.064,156628,0
1778499391.56919,0.237922,-0.18061,0.535846,1,0.4307,0.6178,0.021922,-0.027111,0.057846,0.0006,0.1515,0.2785,1,0.2785,0.0634,0.0634,156628,0
1778499391.619298,0.237522,-0.181094,0.536671,1,0.4257,0.6019,0.021522,-0.027595,0.058671,0.0004,0.1501,0.2752,1,0.27518,0.0621,0.0621,156632,0
1778499391.669967,0.236403,-0.182602,0.536836,1,0.4588,1.4514,0.020403,-0.029103,0.058836,0.0006,0.1622,0.296,1,0.29604,0.0546,0.0546,156632,0
1778499391.719503,0.235887,-0.183207,0.536179,1,0.477,0.66,0.019887,-0.029708,0.058179,0.0006,0.1687,0.3077,1,0.30766,0.0619,0.0619,156632,0
1778499391.769603,0.23551,-0.183756,0.535349,1,0.4635,0.6504,0.01951,-0.030256,0.057349,0.0006,0.1574,0.3054,1,0.30538,0.0625,0.0625,156632,0
1778499391.819711,0.234965,-0.184351,0.53458,1,0.3967,0.5793,0.018965,-0.030852,0.056579,0.0005,0.142,0.2541,1,0.25415,0.063,0.063,156632,0
1778499391.869809,0.233281,-0.186683,0.533333,1,0.4167,0.6055,0.017281,-0.033184,0.055332,0.0006,0.1436,0.2725,1,0.27246,0.0519,0.0519,156640,0
1778499391.919941,0.232001,-0.188592,0.532919,1,1.2637,1.5302,0.016001,-0.035093,0.054919,0.0006,0.1629,1.1001,1,1.10011,0.0558,0.0558,156640,0
1778499391.970036,0.230434,-0.190751,0.532709,1,0.4519,0.6521,0.014434,-0.037251,0.054709,0.0006,0.153,0.2983,1,0.29827,0.0527,0.0527,156640,0
1778499392.020209,0.228573,-0.193398,0.532671,1,0.4504,0.6636,0.012573,-0.039898,0.05467,0.0006,0.1628,0.2869,1,0.28693,0.0486,0.0486,156640,0
1778499392.070328,0.224187,-0.200245,0.533212,1,0.6124,0.7991,0.008187,-0.046746,0.055211,0.0002,0.1204,0.4918,1,0.4918,0.1449,0.1449,156644,0
1778499392.120449,0.221444,-0.204338,0.533743,1,0.5639,0.7882,0.005444,-0.050839,0.055743,0.0003,0.2167,0.3469,1,0.34693,0.0676,0.0676,156644,0
1778499392.17066,0.218722,-0.208133,0.5347,1,0.4362,0.6428,0.002722,-0.054634,0.0567,0.0004,0.1617,0.274,1,0.27403,0.0773,0.0773,156644,0
1778499392.221529,0.216367,-0.211881,0.536758,1,0.2958,0.4272,0.000367,-0.058381,0.058758,0.0002,0.1174,0.1782,1,0.1782,0.0754,0.0754,156644,0
1778499392.271715,0.212413,-0.22005,0.543386,1,0.2835,0.4211,-0.003587,-0.066551,0.065386,0.0003,0.1115,0.1718,1,0.17176,0.4679,0.4679,156644,0
1778499392.321829,0.210371,-0.224224,0.547601,1,0.4577,0.6595,-0.005629,-0.070725,0.069601,0.0006,0.1629,0.2942,1,0.29418,0.1737,0.1737,156644,0
1778499392.373281,0.20833,-0.228201,0.551935,1,0.4458,0.8185,-0.00767,-0.074701,0.073934,0.0005,0.1539,0.2915,1,0.29151,0.2234,0.2234,156644,0
1778499392.423382,0.206435,-0.23222,0.556718,1,0.4595,0.6665,-0.009565,-0.078721,0.078717,0.0008,0.1714,0.2872,1,0.2872,0.3436,0.3436,156644,0
1778499392.473547,0.202717,-0.240195,0.569611,1,0.4382,0.6353,-0.013283,-0.086696,0.091611,0.0007,0.1688,0.2687,1,0.26868,1.5935,1.5935,156648,0
1778499392.524767,0.200657,-0.24404,0.577493,1,0.4561,0.6737,-0.015343,-0.090541,0.099492,0.0008,0.1656,0.2897,1,0.28969,0.6593,0.6593,156648,0
1778499392.575716,0.198421,-0.248189,0.586701,1,0.4816,0.7035,-0.017579,-0.094689,0.108701,0.0007,0.162,0.319,1,0.319,0.8441,0.8441,156660,0
1778499392.625817,0.193828,-0.255617,0.60653,1,0.467,0.6553,-0.022172,-0.102117,0.12853,0.0007,0.1804,0.2859,1,0.28586,2.736,2.736,156660,0
1778499392.675907,0.191262,-0.2591,0.617043,1,0.4322,0.6621,-0.024738,-0.105601,0.139042,0.0005,0.1539,0.2778,1,0.27784,1.774,1.774,156660,0
1778499392.726016,0.188814,-0.261965,0.626781,1,0.4698,0.7,-0.027186,-0.108466,0.148781,0.0007,0.182,0.2871,1,0.28709,2.3467,2.3467,156660,0
1778499392.776116,0.186318,-0.264851,0.636279,1,0.6589,0.8845,-0.029682,-0.111351,0.158279,0.0008,0.1643,0.4939,2,0.24693,0.4438,0.4438,156660,0
1778499392.828094,0.181058,-0.27012,0.653809,1,0.6699,0.8634,-0.034942,-0.116621,0.175809,0.0007,0.167,0.5021,2,0.25107,0.529,0.529,156664,0
1778499392.878196,0.2,-0.25,0.65,1,0.6091,1.4377,-0.038239,-0.118757,0.184809,0.0006,0.1531,0.4554,2,0.2277,0.4038,0.4038,156664,0
1778499392.928295,0.15,-0.25,0.65,1,0.5555,0.7435,-0.041923,-0.120664,0.194242,0.0006,0.1449,0.4099,2,0.20497,1.1071,1.1071,156664,0
1778499392.978409,0.15,-0.3,0.7,1,0.6974,0.8941,-0.045676,-0.121645,0.20357,0.0006,0.1724,0.5244,3,0.17479,1.7948,1.7948,156664,0
1778499393.02849,0.162087,-0.275223,0.70211,1,0.5557,0.7238,-0.053913,-0.121724,0.22411,0.0005,0.1608,0.3944,2,0.19721,2.7441,2.7441,156664,0
1778499393.07868,0.157887,-0.274377,0.712948,1,0.5916,0.7753,-0.058113,-0.120878,0.234947,0.0005,0.1685,0.4226,2,0.21129,2.6987,2.6987,156664,0
1778499393.128774,0.15,-0.25,0.7,1,0.584,0.7671,-0.06189,-0.119923,0.245136,0.0006,0.1487,0.4348,2,0.21738,1.1462,1.1462,156664,0
1778499393.17887,0.150523,-0.272098,0.732871,1,0.6612,0.889,-0.065477,-0.118598,0.254871,0.0007,0.1668,0.4938,2,0.2469,2.9361,2.9361,156676,0
1778499393.229101,0.143907,-0.26773,0.751074,1,0.6865,0.8509,-0.072093,-0.114231,0.273073,0.0007,0.1518,0.5339,3,0.17798,0.7892,0.7892,156680,0
1778499393.279295,0.140716,-0.264916,0.75948,1,0.678,0.8679,-0.075284,-0.111417,0.28148,0.0005,0.1455,0.532,3,0.17734,0.7368,0.7368,156680,0
1778499393.329602,0.137917,-0.262009,0.766859,1,0.7072,0.8869,-0.078083,-0.10851,0.288859,0.0002,0.1717,0.5353,3,0.17843,0.7371,0.7371,156684,0
1778499393.379783,0.135383,-0.259429,0.773309,1,0.6663,0.8605,-0.080617,-0.105929,0.295309,0.0006,0.1449,0.5208,3,0.17361,0.7515,0.7515,156684,0
1778499393.429973,0.13012,-0.252707,0.786235,1,1.0504,1.5802,-0.08588,-0.099208,0.308235,0.0006,0.1521,0.8977,2,0.44886,1.4,1.4,156684,0
1778499393.480148,0.127234,-0.249468,0.793184,1,0.5993,1.4886,-0.088766,-0.095969,0.315184,0.0006,0.1604,0.4383,2,0.21917,1.2792,1.2792,156684,0
1778499393.530249,0.124555,-0.246327,0.799399,1,0.5394,1.4781,-0.091445,-0.092828,0.321399,0.0005,0.1365,0.4024,2,0.20119,0.9777,0.9777,156684,0
1778499393.580352,0.121927,-0.24288,0.805282,1,0.5386,1.5477,-0.094073,-0.089381,0.327282,0.0005,0.1396,0.3985,2,0.19923,0.6537,0.6537,156684,0
1778499393.630452,0.11799,-0.235814,0.816958,1,0.623,1.0636,-0.09801,-0.082315,0.338957,0.0007,0.185,0.4372,2,0.21862,1.8262,1.8262,156688,0
1778499393.680658,0.1,-0.25,0.8,1,0.7174,0.911,-0.099266,-0.07893,0.344482,0.0008,0.1748,0.5419,3,0.18062,0.618,0.618,156688,0
1778499393.730864,0.1,-0.25,0.85,1,0.689,0.8838,-0.100315,-0.075604,0.349979,0.0006,0.1765,0.5118,3,0.17062,1.1972,1.1972,156688,0
1778499393.781402,0.1,-0.25,0.85,1,0.7121,0.895,-0.101111,-0.072576,0.354773,0.0004,0.1774,0.5343,3,0.17811,2.6813,2.6813,156688,0
1778499393.833586,0.112586,-0.221307,0.841268,1,0.5532,0.7752,-0.103414,-0.067808,0.363268,0.0005,0.1419,0.4108,2,0.20542,2.9683,2.9683,156688,0
1778499393.883949,0.111211,-0.218787,0.844874,1,0.3575,0.4849,-0.104789,-0.065288,0.366873,0.0003,0.1081,0.2491,2,0.12454,1.2268,1.2268,156696,0
1778499393.934063,0.109524,-0.216829,0.848668,1,0.6977,1.0968,-0.106476,-0.06333,0.370668,0.0009,0.1847,0.5122,2,0.25608,2.2796,2.2796,156696,0
1778499393.984151,0.107719,-0.214935,0.851872,1,0.6206,1.1983,-0.108281,-0.061436,0.373872,0.0008,0.1746,0.4453,2,0.22263,2.6309,2.6309,156696,0
1778499394.034244,0.105025,-0.211,0.856204,1,0.5812,0.7769,-0.110975,-0.057501,0.378204,0.0005,0.1395,0.4412,2,0.2206,2.1754,2.1754,156700,0
1778499394.084325,0.103927,-0.209526,0.858274,1,0.4013,0.532,-0.112073,-0.056027,0.380273,0.0003,0.116,0.2849,2,0.14247,1.8149,1.8149,156700,0
1778499394.134506,0.102941,-0.208017,0.859905,1,0.5753,0.765,-0.113059,-0.054518,0.381905,0.0006,0.1664,0.4083,2,0.20414,1.7318,1.7318,156700,0
1778499394.18482,0.101208,-0.206925,0.861923,1,0.7147,0.9342,-0.114792,-0.053425,0.383923,0.0009,0.1912,0.5226,2,0.26131,1.9733,1.9733,156700,0
1778499394.234965,0.100687,-0.206867,0.861988,1,0.5966,0.783,-0.115313,-0.053368,0.383988,0.0009,0.1555,0.4402,2,0.22012,2.0262,2.0262,156700,0
1778499394.285064,0.100288,-0.206899,0.861745,1,0.6903,0.9122,-0.115712,-0.053399,0.383745,0.0008,0.1689,0.5206,2,0.2603,2.0705,2.0705,156704,0
1778499394.33533,0.100029,-0.207219,0.861129,1,0.5373,0.7204,-0.115971,-0.053719,0.383129,0.0005,0.1387,0.3981,2,0.19905,2.1397,2.1397,156704,0
1778499394.385431,0.100273,-0.20857,0.85945,1,0.6141,0.8091,-0.115727,-0.055071,0.381449,0.0008,0.185,0.4282,2,0.21411,2.4156,2.4156,156704,0
1778499394.435513,0.100669,-0.209232,0.858617,1,0.5576,0.7383,-0.115331,-0.055733,0.380617,0.0006,0.157,0.3999,2,0.19996,2.5536,2.5536,156704,0
1778499394.485718,0.101182,-0.20972,0.857665,1,0.5875,0.7802,-0.114818,-0.056221,0.379665,0.0006,0.1548,0.4321,2,0.21604,2.6447,2.6447,156708,0
1778499394.535821,0.101624,-0.210304,0.856916,1,0.5773,0.7803,-0.114376,-0.056805,0.378916,0.0005,0.1663,0.4105,2,0.20523,2.8444,2.8444,156708,0
1778499394.585976,0.102273,-0.212163,0.856206,1,0.4179,0.5685,-0.113727,-0.058664,0.378205,0.0002,0.1193,0.2984,3,0.09946,1.5197,1.5197,156708,0
1778499394.636108,0.102542,-0.213201,0.855936,1,0.9282,1.1121,-0.113458,-0.059702,0.377936,0.0007,0.1604,0.7672,3,0.25572,2.0281,2.0281,156708,0
1778499394.686205,0.102812,-0.214309,0.855501,1,0.7588,0.9751,-0.113188,-0.060809,0.377501,0.0005,0.1515,0.6067,3,0.20224,2.1279,2.1279,156708,0
1778499394.736301,0.103083,-0.215337,0.854891,1,0.7975,0.988,-0.112917,-0.061838,0.376891,0.0007,0.1748,0.6221,3,0.20735,2.1551,2.1551,156716,0
1778499394.786396,0.103548,-0.217587,0.853018,1,0.7074,0.8923,-0.112452,-0.064088,0.375017,0.0006,0.1735,0.5333,3,0.17778,2.3103,2.3103,156716,0
1778499394.836573,0.104062,-0.218938,0.851199,1,0.6592,0.8413,-0.111938,-0.065439,0.373199,0.0005,0.1483,0.5104,3,0.17013,2.4297,2.4297,156716,0
1778499394.886752,0.104967,-0.220615,0.848891,1,0.6685,0.8669,-0.111033,-0.067116,0.37089,0.0007,0.1492,0.5186,3,0.17288,2.5704,2.5704,156720,0
1778499394.936837,0.106585,-0.222293,0.845374,1,0.6723,0.8573,-0.109415,-0.068794,0.367374,0.0006,0.1507,0.5209,3,0.17364,2.8623,2.8623,156720,0
1778499394.986936,0.110841,-0.227795,0.83732,1,1.1517,1.364,-0.105159,-0.074296,0.35932,0.0006,0.3181,0.833,4,0.20825,1.1761,1.1761,156720,0
1778499395.037047,0.113187,-0.231366,0.832693,1,0.9077,1.0894,-0.102813,-0.077867,0.354692,0.0006,0.166,0.7411,4,0.18527,1.1311,1.1311,156720,0
1778499395.087132,0.1,-0.25,0.85,1,0.9497,1.1351,-0.100483,-0.081653,0.349732,0.0005,0.1613,0.7879,5,0.15758,0.9954,0.9954,156724,0
1778499395.13721,0.1,-0.25,0.8,1,0.8527,1.0368,-0.098249,-0.085833,0.344416,0.0008,0.1596,0.6923,4,0.17308,1.1283,1.1283,156732,0
1778499395.187297,0.122735,-0.247853,0.810551,1,0.6603,0.874,-0.093265,-0.094353,0.332551,0.0007,0.1678,0.4918,2,0.2459,2.1744,2.1744,156732,0
1778499395.237402,0.125442,-0.252093,0.804837,1,0.5724,0.7448,-0.090558,-0.098594,0.326837,0.0007,0.1795,0.3922,2,0.19611,2.6782,2.6782,156732,0
1778499395.287477,0.128576,-0.256416,0.798686,1,0.6789,0.8608,-0.087424,-0.102917,0.320685,0.0006,0.148,0.5304,3,0.17679,0.9619,0.9619,156736,0
1778499395.337581,0.131818,-0.260016,0.792349,1,0.7488,0.9485,-0.084182,-0.106517,0.314348,0.0005,0.1622,0.586,3,0.19533,0.834,0.834,156736,0
1778499395.387749,0.137471,-0.266929,0.779712,1,0.7235,0.9293,-0.078529,-0.11343,0.301711,0.0009,0.1768,0.5459,3,0.18196,0.8369,0.8369,156736,0
1778499395.437855,0.15,-0.25,0.75,1,0.6512,0.8639,-0.075956,-0.11646,0.295705,0.0006,0.1624,0.4882,2,0.24411,0.7594,0.7594,156736,0
1778499395.487972,0.142424,-0.272765,0.767756,1,0.6707,0.8584,-0.073576,-0.119265,0.289755,0.0006,0.152,0.5181,3,0.17271,0.703,0.703,156736,0
1778499395.538069,0.144549,-0.27557,0.762064,1,0.7193,0.9011,-0.071451,-0.122071,0.284064,0.0006,0.1661,0.5526,3,0.18421,0.6509,0.6509,156748,0
1778499395.588176,0.14801,-0.281065,0.750784,1,0.7301,0.9235,-0.06799,-0.127566,0.272784,0.0007,0.155,0.5744,3,0.19148,0.5702,0.5702,156748,0
1778499395.638286,0.148965,-0.284022,0.745417,1,0.7136,0.9126,-0.067035,-0.130523,0.267416,0.0008,0.171,0.5418,3,0.18061,0.6367,0.6367,156752,0
1778499395.688446,0.149625,-0.28709,0.739889,1,0.7004,0.8888,-0.066375,-0.133591,0.261889,0.0006,0.1806,0.5192,3,0.17307,0.6843,0.6843,156752,0
1778499395.738549,0.150254,-0.290254,0.733928,1,0.7419,0.9426,-0.065746,-0.136755,0.255928,0.0008,0.1637,0.5774,3,0.19246,0.7519,0.7519,156752,0
1778499395.788794,0.152083,-0.295247,0.720657,1,0.8076,1.0128,-0.063917,-0.141748,0.242657,0.0007,0.1884,0.6185,3,0.20616,0.8252,0.8252,156752,0
1778499395.839062,0.15306,-0.296767,0.713432,1,0.6841,0.8828,-0.06294,-0.143267,0.235432,0.0006,0.1493,0.5343,3,0.1781,0.9208,0.9208,156752,0
1778499395.889162,0.153827,-0.297709,0.706537,1,0.6911,0.8876,-0.062173,-0.14421,0.228536,0.0007,0.1659,0.5245,3,0.17485,0.919,0.919,156752,0
1778499395.939253,0.154102,-0.298328,0.699846,1,0.692,0.873,-0.061898,-0.144829,0.221846,0.0005,0.1548,0.5367,3,0.1789,0.9099,0.9099,156752,0
1778499395.989339,0.154362,-0.299783,0.686646,1,0.6821,0.8652,-0.061638,-0.146284,0.208645,0.0006,0.1453,0.5362,3,0.17873,0.8731,0.8731,156752,0
1778499396.039505,0.154688,-0.299975,0.679658,1,0.7108,0.8952,-0.061312,-0.146476,0.201657,0.0006,0.1763,0.5339,3,0.17795,0.8301,0.8301,156752,0
1778499396.089701,0.155306,-0.299449,0.672112,1,0.795,1.0093,-0.060694,-0.14595,0.194111,0.0006,0.1722,0.6222,3,0.20741,0.7755,0.7755,156752,0
1778499396.139839,0.155994,-0.29895,0.66485,1,0.6707,0.8357,-0.060006,-0.145451,0.18685,0.0006,0.1476,0.5225,3,0.17418,0.73,0.73,156752,0
1778499396.189923,0.157977,-0.297579,0.650761,1,0.6785,1.1201,-0.058023,-0.14408,0.172761,0.0007,0.1548,0.523,3,0.17434,0.6611,0.6611,156752,0
1778499396.240031,0.159137,-0.296661,0.644008,1,0.7136,1.4796,-0.056863,-0.143162,0.166008,0.0007,0.1727,0.5402,3,0.18006,0.6319,0.6319,156752,0
1778499396.290165,0.160513,-0.295343,0.636985,1,0.8735,1.841,-0.055487,-0.141844,0.158984,0.001,0.1998,0.6727,3,0.22423,0.6068,0.6068,156752,0
1778499396.340368,0.162258,-0.293758,0.63031,1,0.5447,1.6719,-0.053742,-0.140259,0.15231,0.0005,0.1412,0.403,2,0.2015,2.6763,2.6763,156752,0
1778499396.39062,0.166251,-0.290414,0.618006,1,0.6758,0.8995,-0.049749,-0.136914,0.140006,0.0008,0.1708,0.5042,2,0.25212,1.8977,1.8977,156752,0
1778499396.440882,0.16793,-0.288908,0.612264,1,0.554,0.754,-0.04807,-0.135409,0.134263,0.0006,0.1545,0.3989,2,0.19945,1.5259,1.5259,156756,0
1778499396.49127,0.169285,-0.287193,0.606573,1,0.6042,0.8008,-0.046715,-0.133694,0.128573,0.0004,0.1706,0.4333,2,0.21664,1.3236,1.3236,156756,0
1778499396.541373,0.170563,-0.28558,0.60104,1,0.5543,1.1456,-0.045437,-0.132081,0.123039,0.0006,0.1493,0.4044,2,0.20222,1.1651,1.1651,156756,0
1778499396.591556,0.15,-0.3,0.6,1,0.6663,0.8567,-0.042049,-0.127772,0.111809,0.0006,0.1525,0.5132,3,0.17106,0.6408,0.6408,156756,0
1778499396.643283,0.2,-0.3,0.6,1,0.5448,0.7216,-0.039955,-0.12506,0.106383,0.0006,0.1573,0.3869,2,0.19347,1.9537,1.9537,156756,0
1778499396.693351,0.2,-0.3,0.6,1,0.5825,0.9773,-0.03779,-0.121929,0.101036,0.0007,0.1526,0.4293,2,0.21466,0.5546,0.5546,156756,0
1778499396.743453,0.2,-0.25,0.55,1,0.4078,0.6047,-0.035651,-0.118532,0.095581,0.0005,0.1546,0.2527,1,0.25271,2.3615,2.3615,156756,0
1778499396.793557,0.184233,-0.262265,0.565325,1,0.5913,0.7942,-0.031767,-0.108766,0.087324,0.0006,0.1594,0.4313,2,0.21564,0.3637,0.3637,156764,0
1778499396.843747,0.186842,-0.256045,0.560677,1,0.5603,0.7341,-0.029158,-0.102546,0.082677,0.0006,0.1579,0.4018,2,0.20089,0.3543,0.3543,156768,0
1778499396.893844,0.189825,-0.249353,0.555963,1,0.404,0.602,-0.026175,-0.095854,0.077962,0.0006,0.1468,0.2565,1,0.25654,2.4862,2.4862,156768,0
1778499396.943934,0.192976,-0.2427,0.551383,1,0.4592,0.6699,-0.023024,-0.089201,0.073383,0.0007,0.1624,0.2961,1,0.29608,1.9895,1.9895,156768,0
1778499396.994033,0.197927,-0.231062,0.543526,1,0.457,0.6768,-0.018073,-0.077563,0.065526,0.0007,0.1691,0.2872,1,0.28724,1.0582,1.0582,156772,0
1778499397.044124,0.19949,-0.226365,0.54055,1,0.4382,0.6224,-0.01651,-0.072866,0.062549,0.0006,0.1538,0.2838,1,0.28379,0.5695,0.5695,156772,0
1778499397.094214,0.200566,-0.222312,0.538071,1,0.4106,0.6007,-0.015434,-0.068812,0.060071,0.0006,0.1455,0.2645,1,0.26448,0.3939,0.3939,156772,0
1778499397.144328,0.201623,-0.219058,0.535728,1,0.4649,1.0369,-0.014377,-0.065559,0.057728,0.0006,0.164,0.3004,1,0.30036,0.3253,0.3253,156772,0
1778499397.194535,0.203538,-0.21315,0.531111,1,0.4423,0.6544,-0.012462,-0.059651,0.053111,0.0007,0.1634,0.2782,1,0.27822,0.2666,0.2666,156772,0
1778499397.244638,0.204539,-0.209643,0.528735,1,0.4209,0.625,-0.011461,-0.056144,0.050735,0.0007,0.1556,0.2647,1,0.26471,0.1523,0.1523,156772,0
1778499397.294816,0.205679,-0.205639,0.526336,1,0.4135,0.6154,-0.010321,-0.052139,0.048336,0.0007,0.1563,0.2565,1,0.25653,0.1452,0.1452,156776,0
1778499397.345044,0.206869,-0.20203,0.524215,1,0.4492,0.6618,-0.009131,-0.04853,0.046215,0.0008,0.1704,0.2781,1,0.27806,0.1387,0.1387,156776,0
1778499397.395123,0.208779,-0.194977,0.521662,1,0.447,0.6521,-0.007221,-0.041478,0.043661,0.0006,0.1608,0.2855,1,0.28552,0.1456,0.1456,156776,0
1778499397.445327,0.209633,-0.191245,0.521058,1,0.4136,0.6052,-0.006367,-0.037745,0.043058,0.0006,0.1496,0.2635,1,0.2635,0.0983,0.0983,156776,0
1778499397.495423,0.210189,-0.187383,0.52084,1,0.4011,0.5871,-0.005811,-0.033883,0.042839,0.0007,0.1546,0.2458,1,0.24584,0.084,0.084,156776,0
1778499397.545959,0.2,-0.2,0.5,1,0.4426,0.7228,-0.004941,-0.025712,0.042636,0.0006,0.1558,0.2861,1,0.28615,1.2485,1.2485,156780,0
1778499397.59604,0.2,-0.2,0.5,1,0.3971,0.6064,-0.004722,-0.021558,0.042569,0.0006,0.1513,0.2453,1,0.24527,0.1174,0.1174,156780,0
1778499397.646136,0.2,-0.15,0.5,1,0.6674,0.8662,-0.004717,-0.017477,0.042602,0.0007,0.1712,0.4955,2,0.24776,0.0589,0.0589,156784,0
1778499397.696247,0.211332,-0.167611,0.520921,1,0.7853,1.0174,-0.004668,-0.014112,0.042921,0.0006,0.1855,0.5992,1,0.59916,1.5422,1.5422,156784,0
1778499397.746333,0.211235,-0.16286,0.522674,1,0.463,0.6434,-0.004765,-0.009361,0.044674,0.0005,0.1567,0.3058,1,0.30577,0.0551,0.0551,156784,0
1778499397.796496,0.211142,-0.16145,0.523971,1,0.5227,0.7143,-0.004858,-0.007951,0.045971,0.0007,0.2539,0.2681,1,0.2681,0.0784,0.0784,156784,0
1778499397.846667,0.211034,-0.160387,0.525171,1,0.4694,0.6597,-0.004966,-0.006887,0.047171,0.0006,0.1651,0.3036,1,0.3036,0.0831,0.0831,156796,0
1778499397.89686,0.211066,-0.159694,0.525979,1,0.3991,0.5897,-0.004934,-0.006194,0.047978,0.0006,0.1475,0.251,1,0.25096,0.0854,0.0854,156796,0
1778499397.946933,0.211334,-0.159008,0.52667,1,0.4211,0.6198,-0.004666,-0.005509,0.04867,0.0005,0.1636,0.257,1,0.25698,0.0852,0.0852,156796,0
1778499397.997051,0.211498,-0.158969,0.526746,1,0.4443,0.6359,-0.004502,-0.00547,0.048745,0.0007,0.1651,0.2785,1,0.27851,0.0852,0.0852,156796,0
1778499398.047166,0.211615,-0.159279,0.526674,1,0.4301,0.6311,-0.004385,-0.00578,0.048673,0.0006,0.1592,0.2703,1,0.27026,0.0844,0.0844,156800,0
1778499398.097263,0.211688,-0.15985,0.526522,1,0.4385,0.6393,-0.004312,-0.00635,0.048521,0.0009,0.166,0.2716,1,0.27157,0.0835,0.0835,156800,0
1778499398.147364,0.211698,-0.161152,0.526325,1,0.4736,0.6975,-0.004302,-0.007653,0.048324,0.0008,0.1837,0.2891,1,0.28908,0.0811,0.0811,156800,0
1778499398.19746,0.211665,-0.161601,0.526245,1,0.421,0.6236,-0.004335,-0.008102,0.048245,0.0007,0.1625,0.2578,1,0.25777,0.0844,0.0844,156800,0
1778499398.247654,0.211706,-0.161925,0.526114,1,0.4369,0.6407,-0.004294,-0.008425,0.048114,0.0006,0.1595,0.2767,1,0.27672,0.0844,0.0844,156800,0
1778499398.297905,0.211773,-0.162155,0.525946,1,0.4607,0.6647,-0.004227,-0.008656,0.047945,0.0008,0.1719,0.2879,1,0.2879,0.0842,0.0842,156800,0
1778499398.348016,0.2,-0.15,0.55,1,0.4259,0.6496,-0.003751,-0.008513,0.047238,0.0008,0.1515,0.2737,1,0.27366,1.7871,1.7871,156800,0
1778499398.398128,0.2,-0.15,0.5,1,0.6435,0.8679,-0.003551,-0.008125,0.046935,0.0006,0.1686,0.4743,2,0.23714,0.0818,0.0818,156800,0
1778499398.448238,0.212608,-0.161319,0.524665,1,0.4935,0.7015,-0.003392,-0.007819,0.046665,0.0007,0.1816,0.3111,1,0.31111,1.6452,1.6452,156804,0
1778499398.498341,0.212758,-0.161297,0.524309,1,0.4114,0.6021,-0.003242,-0.007798,0.046309,0.0007,0.1489,0.2619,1,0.26191,0.0775,0.0775,156804,0
1778499398.548546,0.212828,-0.161803,0.524126,1,0.4282,0.6339,-0.003172,-0.008304,0.046126,0.0006,0.1562,0.2713,1,0.27134,0.0791,0.0791,156804,0
1778499398.598722,0.212859,-0.162129,0.524122,1,0.422,0.6292,-0.003141,-0.00863,0.046122,0.0009,0.1551,0.266,1,0.26604,0.0807,0.0807,156804,0
1778499398.648855,0.212819,-0.162457,0.524046,1,0.5072,0.7619,-0.003181,-0.008958,0.046045,0.0007,0.1742,0.3323,1,0.3323,0.0821,0.0821,156816,0
1778499398.698951,0.212634,-0.162828,0.523894,1,0.4608,0.671,-0.003366,-0.009329,0.045894,0.0006,0.1729,0.2873,1,0.2873,0.0835,0.0835,156816,0
1778499398.749069,0.2,-0.15,0.5,1,0.4173,0.6202,-0.003941,-0.011117,0.045843,0.0006,0.1547,0.262,1,0.26196,1.592,1.592,156816,0
1778499398.799171,0.2,-0.15,0.5,1,0.4261,0.6233,-0.004247,-0.012639,0.046143,0.0006,0.1592,0.2663,1,0.26633,0.0759,0.0759,156816,0
1778499398.849296,0.2,-0.15,0.5,1,0.5012,0.7209,-0.004763,-0.014132,0.046834,0.0009,0.1792,0.3212,1,0.32116,0.0825,0.0825,156820,0
1778499398.899379,0.2,-0.15,0.55,1,0.5221,0.6942,-0.005413,-0.015833,0.047791,0.0006,0.1376,0.3839,2,0.19197,0.2129,0.2129,156820,0
1778499398.949484,0.2,-0.15,0.55,1,0.4801,0.6719,-0.007202,-0.020676,0.050429,0.0006,0.1791,0.3004,1,0.30042,0.2204,0.2204,156820,0
1778499398.999592,0.2,-0.2,0.55,1,0.584,0.7716,-0.008307,-0.023806,0.052348,0.0007,0.1561,0.4272,2,0.2136,0.2029,0.2029,156820,0
1778499399.050146,0.206501,-0.180665,0.532842,1,0.4411,1.8066,-0.009499,-0.027166,0.054841,0.0008,0.1628,0.2775,1,0.27749,1.5732,1.5732,156820,0
1778499399.100255,0.20538,-0.184188,0.535369,1,0.4589,1.1633,-0.01062,-0.030688,0.057369,0.0007,0.1687,0.2895,1,0.28955,0.1078,0.1078,156820,0
1778499399.150425,0.202659,-0.191159,0.540822,1,0.3954,1.1846,-0.013341,-0.03766,0.062821,0.0005,0.1357,0.2592,1,0.25921,0.2577,0.2577,156820,0
1778499399.200723,0.2014,-0.194311,0.543532,1,0.4658,0.6692,-0.0146,-0.040812,0.065531,0.0007,0.1728,0.2924,1,0.29237,0.1744,0.1744,156820,0
1778499399.25157,0.200312,-0.197421,0.546253,1,0.4665,0.6514,-0.015688,-0.043922,0.068252,0.0006,0.1633,0.3026,1,0.30257,0.1881,0.1881,156824,0
1778499399.303508,0.199172,-0.200209,0.548666,1,0.455,0.686,-0.016828,-0.04671,0.070665,0.0006,0.1588,0.2955,1,0.29553,0.2039,0.2039,156844,0
1778499399.353608,0.196631,-0.205554,0.553016,1,0.4022,0.5963,-0.019369,-0.052054,0.075016,0.0007,0.1433,0.2582,1,0.25821,0.2492,0.2492,156844,0
1778499399.403863,0.19503,-0.207895,0.554885,1,0.4357,0.6505,-0.02097,-0.054396,0.076885,0.0005,0.1552,0.28,1,0.28004,0.2416,0.2416,156844,0
1778499399.453947,0.193797,-0.210897,0.556772,1,0.414,0.6068,-0.022203,-0.057397,0.078771,0.0006,0.1502,0.2633,1,0.26332,0.2454,0.2454,156844,0
1778499399.504048,0.192873,-0.213986,0.558969,1,0.4259,1.2496,-0.023127,-0.060486,0.080969,0.0005,0.1572,0.2682,1,0.26816,0.2531,0.2531,156848,0
1778499399.554139,0.191054,-0.220311,0.565274,1,0.444,0.6488,-0.024946,-0.066812,0.087273,0.0007,0.1674,0.276,1,0.27598,0.3352,0.3352,156848,0
1778499399.604532,0.2,-0.2,0.55,1,0.4025,0.5873,-0.025924,-0.070019,0.091293,0.0006,0.1503,0.2516,1,0.25157,1.5738,1.5738,156848,0
1778499399.654631,0.2,-0.25,0.55,1,0.5974,0.7938,-0.027053,-0.073619,0.09543,0.0005,0.169,0.4279,2,0.21397,0.2143,0.2143,156852,0
1778499399.704853,0.186435,-0.234479,0.582326,1,0.6164,0.8194,-0.029565,-0.08098,0.104326,0.0008,0.1857,0.4299,2,0.21494,0.3371,0.3371,156852,0
1778499399.754932,0.184988,-0.237732,0.587425,1,0.4414,0.6874,-0.031012,-0.084233,0.109425,0.0008,0.1654,0.2752,1,0.27521,0.3052,0.3052,156852,0
1778499399.805058,0.183477,-0.24062,0.592778,1,0.4157,0.6276,-0.032523,-0.087121,0.114777,0.0007,0.1534,0.2615,1,0.26152,0.3344,0.3344,156852,0
1778499399.85516,0.181774,-0.243184,0.598585,1,0.4634,0.6425,-0.034226,-0.089685,0.120585,0.0006,0.1597,0.3031,1,0.30309,0.484,0.484,156852,0
1778499399.905232,0.17794,-0.246518,0.610645,1,0.4152,0.6007,-0.03806,-0.093019,0.132645,0.0005,0.1494,0.2654,1,0.26542,1.5254,1.5254,156852,0
1778499399.95534,0.175977,-0.24733,0.617074,1,0.435,0.6296,-0.040023,-0.093831,0.139074,0.0006,0.1627,0.2717,1,0.27172,1.1803,1.1803,156852,0
1778499400.005448,0.15,-0.25,0.6,1,0.5803,0.7762,-0.041727,-0.094712,0.145215,0.0007,0.1659,0.4137,2,0.20684,0.6832,0.6832,156852,0
1778499400.055562,0.15,-0.25,0.65,1,0.5914,0.7751,-0.043261,-0.09607,0.151069,0.0007,0.1723,0.4184,2,0.20921,0.3616,0.3616,156856,0
1778499400.105664,0.169488,-0.252242,0.641479,1,0.6575,0.8569,-0.046512,-0.098743,0.163479,0.0007,0.1769,0.48,2,0.23999,0.7264,0.7264,156856,0
1778499400.155976,0.167807,-0.253046,0.647877,1,0.5527,0.7506,-0.048193,-0.099547,0.169876,0.0006,0.1552,0.3969,2,0.19845,0.64,0.64,156856,0
1778499400.20605,0.166268,-0.253212,0.653995,1,0.5757,0.7682,-0.049732,-0.099713,0.175994,0.0005,0.1557,0.4194,2,0.20972,0.6836,0.6836,156856,0
1778499400.256185,0.164939,-0.253254,0.659695,1,0.6334,0.846,-0.051061,-0.099755,0.181695,0.0009,0.1767,0.4559,2,0.22793,0.7317,0.7317,156856,0
1778499400.306274,0.162556,-0.25343,0.670922,1,0.6632,0.853,-0.053444,-0.099931,0.192922,0.0006,0.1722,0.4904,2,0.24519,0.8219,0.8219,156856,0
1778499400.356461,0.16137,-0.253694,0.676536,1,0.5644,0.749,-0.05463,-0.100195,0.198536,0.0006,0.1677,0.396,2,0.19802,0.8919,0.8919,156856,0
1778499400.406626,0.160261,-0.253954,0.681996,1,0.5524,0.7519,-0.055739,-0.100455,0.203995,0.0006,0.1517,0.4001,2,0.20003,0.9513,0.9513,156856,0
1778499400.456869,0.159321,-0.254156,0.687523,1,0.5604,0.754,-0.056679,-0.100656,0.209522,0.0008,0.1551,0.4045,2,0.20226,1.0175,1.0175,156860,0
1778499400.507126,0.157809,-0.254291,0.698391,1,0.6385,0.8561,-0.058191,-0.100792,0.220391,0.0006,0.1656,0.4723,2,0.23615,1.0947,1.0947,156860,0
1778499400.55731,0.157115,-0.253992,0.704187,1,0.5679,0.7468,-0.058885,-0.100492,0.226187,0.0007,0.1507,0.4166,2,0.20829,1.149,1.149,156860,0
1778499400.607406,0.156243,-0.253038,0.710365,1,0.6244,0.8349,-0.059757,-0.099539,0.232364,0.0007,0.1801,0.4436,2,0.22178,1.1273,1.1273,156860,0
1778499400.657586,0.154757,-0.251448,0.716758,1,0.6773,0.8724,-0.061243,-0.097949,0.238758,0.0006,0.1743,0.5024,2,0.25118,1.0991,1.0991,156872,0
1778499400.707683,0.150598,-0.24585,0.731447,1,0.6257,0.8421,-0.065402,-0.092351,0.253446,0.0005,0.1791,0.4462,2,0.2231,0.625,0.625,156872,0
1778499400.757867,0.148222,-0.242927,0.73967,1,0.5995,0.7755,-0.067778,-0.089427,0.261669,0.0007,0.1719,0.427,2,0.21348,0.6247,0.6247,156872,0
1778499400.807955,0.145759,-0.240278,0.747988,1,0.5693,0.7664,-0.070241,-0.086779,0.269988,0.0005,0.1647,0.4041,2,0.20205,0.5187,0.5187,156872,0
1778499400.858162,0.143169,-0.237619,0.756492,1,0.6009,0.7879,-0.072831,-0.084119,0.278492,0.0007,0.1636,0.4367,2,0.21833,0.5298,0.5298,156876,0
1778499400.908249,0.15,-0.25,0.75,1,0.5938,0.7924,-0.077518,-0.078546,0.294161,0.0006,0.1603,0.4328,2,0.2164,2.2304,2.2304,156876,0
1778499400.958494,0.15,-0.25,0.8,1,0.6735,0.8696,-0.07966,-0.075686,0.301974,0.0005,0.151,0.5221,3,0.17403,0.9569,0.9569,156876,0
1778499401.008664,0.15,-0.25,0.8,1,0.5696,0.7598,-0.081621,-0.072837,0.309224,0.0005,0.1638,0.4052,2,0.20261,2.8288,2.8288,156876,0
1778499401.058842,0.132408,-0.223127,0.794184,1,0.6719,0.8454,-0.083592,-0.069628,0.316184,0.0008,0.1535,0.5177,3,0.17256,1.7634,1.7634,156876,0
1778499401.108939,0.128207,-0.216254,0.808337,1,0.8085,1.0023,-0.087793,-0.062755,0.330337,0.0006,0.1633,0.6445,4,0.16113,2.6525,2.6525,156876,0
1778499401.159113,0.15,-0.2,0.8,1,0.7009,0.8906,-0.090081,-0.059144,0.337817,0.0006,0.1647,0.5356,3,0.17855,2.9983,2.9983,156876,0
1778499401.209215,0.1,-0.2,0.8,1,1.1192,1.3182,-0.092226,-0.055681,0.345009,0.0006,0.1791,0.9395,6,0.15658,1.3785,1.3785,156876,0
1778499401.259318,0.121609,-0.2058,0.83022,1,0.6712,0.8387,-0.094391,-0.052301,0.35222,0.0006,0.1478,0.5228,3,0.17425,1.9583,1.9583,156876,0
1778499401.3095,0.117068,-0.19873,0.843767,1,0.8205,1.4282,-0.098932,-0.045231,0.365767,0.0006,0.1811,0.6388,4,0.1597,1.7897,1.7897,156880,0
1778499401.359665,0.114626,-0.195117,0.850201,1,0.7041,0.8904,-0.101374,-0.041618,0.3722,0.0008,0.1604,0.5428,3,0.18095,2.8108,2.8108,156880,0
1778499401.40991,0.112194,-0.191724,0.856291,1,0.4233,0.6522,-0.103806,-0.038225,0.378291,0.0003,0.118,0.3049,3,0.10164,2.9578,2.9578,156880,0
1778499401.460074,0.109747,-0.188053,0.861814,1,0.8241,1.5646,-0.106253,-0.034554,0.383813,0.0005,0.1594,0.6642,3,0.22139,2.4973,2.4973,156888,0
1778499401.510176,0.105258,-0.181063,0.87058,1,0.6938,1.4962,-0.110742,-0.027564,0.39258,0.0005,0.1677,0.5256,3,0.17519,1.9345,1.9345,156888,0
1778499401.560541,0.1,-0.2,0.85,1,0.9937,1.8512,-0.112745,-0.024272,0.396005,0.0006,0.161,0.8322,4,0.20805,1.2607,1.2607,156888,0
1778499401.610634,0.1,-0.15,0.9,1,0.8261,1.1791,-0.11468,-0.021072,0.398874,0.0006,0.1475,0.678,4,0.16951,1.6568,1.6568,156888,0
1778499401.660722,0.099115,-0.171288,0.879809,1,0.6644,4.3454,-0.116885,-0.017789,0.401808,0.0004,0.1386,0.5254,3,0.17512,1.6362,1.6362,156892,0
1778499401.711852,0.094357,-0.165168,0.886042,1,0.6821,0.8554,-0.121643,-0.011669,0.408042,0.0008,0.1526,0.5287,3,0.17623,2.1862,2.1862,156892,0
1778499401.762027,0.092517,-0.162869,0.888236,1,0.8458,1.0357,-0.123483,-0.009369,0.410236,0.0007,0.1738,0.6712,3,0.22374,2.4301,2.4301,156892,0
1778499401.81214,0.091026,-0.160968,0.889771,1,0.7405,0.9352,-0.124974,-0.007469,0.411771,0.0005,0.1602,0.5798,3,0.19327,2.7087,2.7087,156904,0
1778499401.862244,0.090085,-0.159817,0.890527,1,0.7617,0.9599,-0.125915,-0.006317,0.412527,0.0006,0.1538,0.6073,3,0.20245,2.8833,2.8833,156904,0
1778499401.912345,0.089619,-0.15943,0.890389,1,0.7292,0.9111,-0.126381,-0.005931,0.412389,0.0008,0.1714,0.557,3,0.18568,2.8934,2.8934,156904,0
1778499401.962443,0.089895,-0.15997,0.889519,1,0.7011,0.8769,-0.126105,-0.006471,0.411519,0.0007,0.1767,0.5237,3,0.17457,2.777,2.777,156904,0
1778499402.013117,0.090574,-0.161183,0.888138,1,0.7904,1.0878,-0.125426,-0.007683,0.410138,0.0008,0.1629,0.6267,3,0.20891,2.5582,2.5582,156904,0
1778499402.063796,0.091636,-0.162892,0.886504,1,0.7216,0.9269,-0.124364,-0.009392,0.408503,0.0002,0.1766,0.5448,3,0.18161,2.3138,2.3138,156908,0
1778499402.114031,0.093975,-0.166718,0.883442,1,0.8188,1.069,-0.122025,-0.013219,0.405442,0.0005,0.1454,0.6729,3,0.22431,1.903,1.903,156908,0
1778499402.164126,0.095196,-0.168374,0.882228,1,0.6873,0.8719,-0.120804,-0.014875,0.404228,0.0005,0.1635,0.5234,3,0.17446,1.795,1.795,156908,0
1778499402.214493,0.096503,-0.170228,0.880825,1,0.6947,0.9208,-0.119497,-0.016729,0.402825,0.0006,0.1702,0.5239,3,0.17463,1.6843,1.6843,156908,0
1778499402.264587,0.1,-0.15,0.9,1,0.808,1.2386,-0.117997,-0.018797,0.401128,0.0005,0.1501,0.6574,4,0.16436,1.3605,1.3605,156908,0
1778499402.314867,0.1,-0.2,0.85,1,0.8998,1.0919,-0.113683,-0.024094,0.396204,0.0005,0.1723,0.727,4,0.18174,1.0826,1.0826,156908,0
1778499402.364939,0.105005,-0.181309,0.871465,1,0.7054,0.8742,-0.110995,-0.02781,0.393465,0.0004,0.1564,0.5485,3,0.18285,1.647,1.647,156908,0
1778499402.415038,0.108058,-0.185936,0.869183,1,0.6977,0.884,-0.107942,-0.032437,0.391182,0.0004,0.1481,0.5492,3,0.18307,2.0715,2.0715,156908,0
1778499402.465127,0.114875,-0.197076,0.865339,1,0.8073,0.9896,-0.101125,-0.043577,0.387339,0.0005,0.1578,0.649,4,0.16225,1.557,1.557,156912,0
1778499402.515222,0.118222,-0.202697,0.862677,1,0.8851,1.0737,-0.097778,-0.049198,0.384676,0.0005,0.1651,0.7196,4,0.17989,1.4855,1.4855,156912,0
1778499402.565312,0.121647,-0.208118,0.85879,1,0.854,1.0551,-0.094353,-0.054619,0.38079,0.0006,0.1493,0.7041,4,0.17603,1.5291,1.5291,156912,0
1778499402.615413,0.125023,-0.213198,0.85424,1,0.7995,0.9851,-0.090977,-0.059699,0.376239,0.0005,0.1717,0.6272,4,0.15681,1.6541,1.6541,156912,0
1778499402.665489,0.13162,-0.222807,0.84426,1,0.8001,0.9797,-0.08438,-0.069308,0.36626,0.0004,0.1575,0.6422,4,0.16054,2.0521,2.0521,156912,0
1778499402.715584,0.135553,-0.228114,0.838513,1,0.5496,0.742,-0.080447,-0.074615,0.360513,0.0008,0.1497,0.3992,2,0.19958,2.1113,2.1113,156912,0
1778499402.765682,0.140118,-0.233654,0.832302,1,0.7463,0.9666,-0.075882,-0.080155,0.354302,0.0007,0.1627,0.5829,3,0.1943,2.6211,2.6211,156912,0
1778499402.815848,0.145518,-0.239551,0.82507,1,0.9662,1.1559,-0.070482,-0.086052,0.34707,0.0007,0.1662,0.7993,5,0.15986,2.2131,2.2131,156912,0
1778499402.865932,0.155887,-0.250456,0.811347,1,0.9621,1.1368,-0.060113,-0.096957,0.333346,0.0006,0.1636,0.7979,5,0.15958,1.1008,1.1008,156916,0
1778499402.91602,0.160395,-0.255154,0.805357,1,0.9318,1.1219,-0.055605,-0.101654,0.327357,0.0008,0.1622,0.7688,5,0.15376,2.6996,2.6996,156916,0
1778499402.966118,0.164747,-0.259886,0.799067,1,0.9246,1.1269,-0.051253,-0.106387,0.321067,0.0007,0.1899,0.734,4,0.18351,2.4504,2.4504,156916,0
1778499403.016225,0.168646,-0.264398,0.79275,1,1.0153,1.2198,-0.047354,-0.110899,0.314749,0.0008,0.1743,0.8402,5,0.16804,1.1389,1.1389,156916,0
1778499403.066324,0.2,-0.25,0.8,1,0.879,1.0612,-0.039889,-0.120358,0.301043,0.0006,0.1742,0.7041,4,0.17603,1.7726,1.7726,156916,0
1778499403.116446,0.2,-0.3,0.75,1,0.5819,0.7713,-0.035821,-0.124905,0.292534,0.0006,0.1743,0.4069,2,0.20346,1.1237,1.1237,156916,0
1778499403.166623,0.184201,-0.282574,0.761679,1,0.61,0.8024,-0.031799,-0.129074,0.283678,0.0006,0.1596,0.4499,2,0.22495,1.1959,1.1959,156916,0
1778499403.217038,0.188456,-0.286452,0.752232,1,0.774,1.0214,-0.027544,-0.132953,0.274232,0.0002,0.1114,0.6623,2,0.33117,0.818,0.818,156932,0
1778499403.267139,0.196403,-0.293003,0.734484,1,0.5514,0.7284,-0.019597,-0.139504,0.256484,0.0004,0.1428,0.4082,2,0.2041,0.6253,0.6253,156932,0
1778499403.317232,0.199916,-0.296199,0.725681,1,0.5637,0.7582,-0.016084,-0.1427,0.247681,0.0006,0.1505,0.4126,2,0.20631,0.5642,0.5642,156932,0
1778499403.367331,0.203115,-0.29955,0.716637,1,0.5802,0.7754,-0.012885,-0.146051,0.238636,0.0006,0.1697,0.4099,2,0.20497,0.5094,0.5094,156932,0
1778499403.417407,0.20574,-0.302433,0.707526,1,0.5414,0.7305,-0.01026,-0.148934,0.229525,0.0005,0.1399,0.401,2,0.2005,0.4553,0.4553,156932,0
1778499403.467575,0.210282,-0.305958,0.688136,1,0.5452,0.7323,-0.005718,-0.152459,0.210135,0.0006,0.1456,0.399,2,0.19952,0.373,0.373,156932,0
1778499403.517769,0.212571,-0.306785,0.677638,1,0.6101,0.7993,-0.003429,-0.153286,0.199637,0.0006,0.1661,0.4434,2,0.22168,0.3781,0.3781,156932,0
1778499403.567949,0.214665,-0.307215,0.667383,1,0.5909,0.7975,-0.001335,-0.153716,0.189382,0.0006,0.1634,0.4268,2,0.21342,0.3644,0.3644,156932,0
1778499403.61805,0.216427,-0.307393,0.658055,1,0.5584,0.7556,0.000427,-0.153893,0.180054,0.0006,0.1606,0.3972,2,0.19861,0.3503,0.3503,156932,0
1778499403.668153,0.219162,-0.307107,0.639164,1,0.5829,0.7867,0.003162,-0.153608,0.161164,0.0007,0.166,0.4163,2,0.20813,0.3098,0.3098,156936,0
1778499403.718357,0.220189,-0.306065,0.629705,1,0.5959,0.7863,0.004189,-0.152566,0.151704,0.0007,0.1697,0.4255,2,0.21275,0.305,0.305,156936,0
1778499403.768515,0.221407,-0.304827,0.619449,1,0.5642,0.7443,0.005407,-0.151327,0.141449,0.0007,0.1655,0.398,2,0.19899,0.2864,0.2864,156936,0
1778499403.818672,0.222878,-0.303321,0.608886,1,0.5763,0.7619,0.006878,-0.149821,0.130886,0.0006,0.1682,0.4074,2,0.20371,0.2716,0.2716,156936,0
1778499403.868779,0.226102,-0.298467,0.587214,1,0.5422,0.7259,0.010102,-0.144968,0.109213,0.0007,0.1491,0.3925,2,0.19625,0.2264,0.2264,156940,0
1778499403.918882,0.25,-0.3,0.6,1,0.5988,0.8171,0.011547,-0.141225,0.098846,0.0008,0.1708,0.4272,2,0.21361,0.2124,0.2124,156940,0
1778499403.968967,0.25,-0.3,0.55,1,0.536,0.7228,0.012191,-0.135637,0.090562,0.0006,0.1425,0.393,2,0.19649,0.2321,0.2321,156940,0
1778499404.019074,0.22864,-0.283337,0.560689,1,0.4158,0.6252,0.01264,-0.129838,0.082689,0.0006,0.1551,0.2601,1,0.26011,2.8244,2.8244,156940,0
1778499404.069173,0.25,-0.25,0.55,1,0.422,0.6108,0.014018,-0.11999,0.067152,0.0006,0.1503,0.2711,1,0.27108,1.6674,1.6674,156944,0
1778499404.119301,0.231399,-0.268731,0.537475,1,0.5352,0.7639,0.015399,-0.115232,0.059475,0.001,0.2285,0.3057,1,0.30574,2.2511,2.2511,156944,0
1778499404.16971,0.232987,-0.263102,0.530692,1,0.4852,0.6902,0.016987,-0.109603,0.052692,0.0007,0.1631,0.3213,1,0.32132,1.7568,1.7568,156944,0
1778499404.219816,0.23482,-0.257623,0.52439,1,0.4379,0.6138,0.01882,-0.104124,0.04639,0.0006,0.1616,0.2758,1,0.2758,1.5147,1.5147,156952,0
1778499404.269987,0.238207,-0.247295,0.514433,1,0.416,1.0499,0.022207,-0.093796,0.036433,0.0006,0.1582,0.2571,1,0.25708,1.2878,1.2878,156952,0
1778499404.32012,0.239714,-0.241935,0.511248,1,0.4575,1.4094,0.023714,-0.088436,0.033247,0.0007,0.1652,0.2916,1,0.29157,0.8776,0.8776,156964,0
1778499404.370301,0.241514,-0.235855,0.508736,1,0.4156,1.3122,0.025514,-0.082356,0.030736,0.0008,0.156,0.2588,1,0.25877,0.6949,0.6949,156964,0
1778499404.420452,0.243466,-0.229448,0.506168,1,0.4331,1.2449,0.027466,-0.075949,0.028168,0.0007,0.1584,0.2739,1,0.27393,0.5035,0.5035,156968,0
1778499404.470601,0.246716,-0.215391,0.50213,1,0.4775,0.6797,0.030716,-0.061891,0.02413,0.0008,0.1703,0.3064,1,0.30639,0.2763,0.2763,156968,0
1778499404.520785,0.247584,-0.208188,0.501176,1,0.511,0.7357,0.031584,-0.054689,0.023176,0.001,0.1872,0.3228,1,0.32283,0.1626,0.1626,156968,0
1778499404.571062,0.24854,-0.200934,0.500563,1,0.4162,0.6107,0.03254,-0.047434,0.022563,0.0007,0.1494,0.2662,1,0.26618,0.168,0.168,156968,0
1778499404.621485,0.249208,-0.193225,0.500003,1,0.3924,0.5802,0.033208,-0.039725,0.022003,0.0005,0.1466,0.2453,1,0.24533,0.2207,0.2207,156968,0
1778499404.671729,0.250214,-0.176518,0.49859,1,0.4449,0.6565,0.034214,-0.023019,0.02059,0.0008,0.1575,0.2867,1,0.2867,0.593,0.593,156968,0
1778499404.721817,0.250646,-0.168566,0.49783,1,0.4041,0.5986,0.034646,-0.015067,0.01983,0.0005,0.1487,0.2548,1,0.25479,0.2467,0.2467,156968,0
1778499404.771898,0.251404,-0.16124,0.497367,1,0.3983,0.5934,0.035404,-0.00774,0.019367,0.0006,0.1439,0.2538,1,0.25385,0.237,0.237,156968,0
1778499404.821992,0.25234,-0.154968,0.496557,1,0.5129,0.7457,0.03634,-0.001469,0.018557,0.0006,0.1728,0.3394,1,0.33944,0.2309,0.2309,156972,0
1778499404.87209,0.254247,-0.147637,0.494605,1,0.4163,0.6128,0.038247,0.005863,0.016605,0.0008,0.1616,0.2539,1,0.25385,0.287,0.287,156972,0
1778499404.923227,0.254545,-0.145248,0.494344,1,0.2862,0.4109,0.038545,0.008251,0.016344,0.0003,0.1083,0.1776,1,0.17764,0.2129,0.2129,156972,0
1778499404.973687,0.254511,-0.144351,0.49443,1,0.5241,0.9219,0.038511,0.009148,0.01643,0.0007,0.1995,0.3238,1,0.32385,0.2087,0.2087,156972,0
1778499405.023951,0.254329,-0.144191,0.494759,1,0.4293,0.6466,0.038329,0.009309,0.016759,0.0006,0.1628,0.266,1,0.26597,0.2074,0.2074,156972,0
1778499405.074031,0.253321,-0.146306,0.495866,1,0.4181,0.6208,0.037321,0.007194,0.017866,0.0006,0.1608,0.2567,1,0.25673,0.2028,0.2028,156972,0
1778499405.124132,0.252599,-0.148665,0.496098,1,0.4297,0.6986,0.036599,0.004834,0.018098,0.0006,0.1635,0.2656,1,0.26558,0.1983,0.1983,156972,0
1778499405.174251,0.251688,-0.151432,0.496128,1,0.5418,0.7756,0.035688,0.002068,0.018127,0.0009,0.195,0.346,1,0.34596,0.1944,0.1944,156972,0
1778499405.22434,0.250624,-0.153922,0.496205,1,0.4666,1.1619,0.034624,-0.000423,0.018205,0.0007,0.1642,0.3017,1,0.30172,0.1843,0.1843,156976,0
1778499405.274442,0.248214,-0.157942,0.496632,1,0.4545,0.6752,0.032214,-0.004443,0.018632,0.0007,0.1817,0.2721,1,0.27212,0.18,0.18,156976,0
1778499405.324586,0.246881,-0.15931,0.497043,1,0.4254,0.6641,0.030881,-0.005811,0.019042,0.0006,0.1587,0.2661,1,0.26608,0.162,0.162,156976,0
1778499405.374749,0.245545,-0.161078,0.497539,1,0.4147,0.6046,0.029545,-0.007579,0.019539,0.0005,0.1591,0.2551,1,0.2551,0.1595,0.1595,156976,0
1778499405.42485,0.244452,-0.163235,0.498257,1,0.4257,1.3259,0.028452,-0.009735,0.020257,0.0005,0.1614,0.2638,1,0.26377,0.1541,0.1541,156976,0
1778499405.474955,0.242844,-0.167232,0.500922,1,0.4666,0.7023,0.026844,-0.013733,0.022922,0.0009,0.166,0.2996,1,0.29964,0.1504,0.1504,156976,0
1778499405.525074,0.242696,-0.169518,0.502422,1,0.4081,0.6249,0.026696,-0.016018,0.024422,0.0006,0.1507,0.2568,1,0.25678,0.1366,0.1366,156976,0
1778499405.575173,0.242703,-0.172303,0.504272,1,0.4193,0.6075,0.026703,-0.018804,0.026271,0.0006,0.1493,0.2694,1,0.26944,0.1368,0.1368,156980,0
1778499405.625249,0.243097,-0.177955,0.508695,1,0.4125,0.6084,0.027097,-0.024456,0.030695,0.0006,0.1463,0.2657,1,0.26569,0.1645,0.1645,156980,0
1778499405.675356,0.243503,-0.181027,0.5114,1,0.4241,0.6132,0.027503,-0.027528,0.033399,0.0007,0.1596,0.2638,1,0.26382,0.1288,0.1288,156984,0
1778499405.725558,0.244285,-0.184315,0.514223,1,0.5107,0.7284,0.028285,-0.030816,0.036223,0.001,0.2106,0.2991,1,0.29913,0.1293,0.1293,156984,0
1778499405.775739,0.245238,-0.187039,0.517086,1,0.4163,0.6078,0.029238,-0.03354,0.039085,0.0005,0.1555,0.2603,1,0.26034,0.1247,0.1247,156984,0
1778499405.825817,0.248113,-0.19112,0.523281,1,0.4207,0.6171,0.032113,-0.03762,0.045281,0.0006,0.1451,0.275,1,0.275,0.1867,0.1867,156984,0
1778499405.875924,0.250529,-0.192436,0.52688,1,0.4141,0.6086,0.034529,-0.038936,0.04888,0.0006,0.1587,0.2548,1,0.25479,0.1374,0.1374,156984,0
1778499405.926026,0.254312,-0.194001,0.530908,1,0.5268,0.7706,0.038312,-0.040502,0.052908,0.0007,0.1754,0.3507,1,0.35069,0.1618,0.1618,156984,0
1778499405.97615,0.259438,-0.195895,0.535102,1,0.4581,0.6653,0.043438,-0.042396,0.057102,0.0006,0.152,0.3055,1,0.30551,0.1982,0.1982,156996,0
1778499406.026247,0.273546,-0.203221,0.544702,1,0.479,0.6834,0.057546,-0.049722,0.066702,0.0007,0.1777,0.3006,1,0.30062,0.8107,0.8107,157000,0
1778499406.076333,0.282295,-0.207641,0.550604,1,0.4123,0.5991,0.066295,-0.054142,0.072604,0.0005,0.1468,0.2651,1,0.26512,0.4179,0.4179,157000,0
1778499406.126451,0.292667,-0.212787,0.556594,1,0.4696,0.6632,0.076667,-0.059288,0.078594,0.0006,0.1696,0.2994,1,0.29938,0.551,0.551,157000,0
1778499406.176552,0.304228,-0.217923,0.562995,1,0.5185,0.7559,0.088228,-0.064424,0.084995,0.0008,0.1713,0.3464,1,0.34639,0.6891,0.6891,157000,0
1778499406.22664,0.35,-0.25,0.6,1,0.5406,0.7281,0.111153,-0.072725,0.099392,0.0006,0.1482,0.3918,2,0.19591,1.0347,1.0347,157000,0
1778499406.276844,0.33837,-0.229114,0.58517,1,0.4116,0.6099,0.12237,-0.075615,0.10717,0.0006,0.1484,0.2625,1,0.26255,2.1725,2.1725,157000,0
1778499406.326938,0.350515,-0.231727,0.593764,1,0.4044,0.5968,0.134515,-0.078227,0.115764,0.0006,0.151,0.2528,1,0.25282,1.3407,1.3407,157000,0
1778499406.377048,0.363317,-0.234342,0.602453,1,0.426,0.6618,0.147317,-0.080843,0.124453,0.0006,0.1558,0.2697,1,0.26967,1.469,1.469,157000,0
1778499406.427156,0.388215,-0.237776,0.618317,1,0.6647,0.8742,0.172215,-0.084277,0.140316,0.0008,0.1876,0.4763,2,0.23814,1.6114,1.6114,157004,0
1778499406.477243,0.400125,-0.239134,0.625509,1,0.4406,0.6347,0.184125,-0.085635,0.147509,0.0006,0.1537,0.2863,1,0.28632,2.6935,2.6935,157004,0
1778499406.527341,0.411155,-0.240324,0.63203,1,29.9885,31.3588,0.195155,-0.086825,0.15403,0.0005,0.1766,29.8115,250,0.11925,3.1262,3.1262,157004,0
1778499406.577447,0.421788,-0.241363,0.637967,1,24.281,27.1386,0.205788,-0.087864,0.159967,0.0005,0.154,24.1265,250,0.09651,5.2561,5.2561,157004,0
1778499406.627604,0.4,-0.25,0.65,1,0.7191,0.9056,0.226151,-0.090724,0.170871,0.0006,0.1629,0.5556,3,0.18521,2.0397,2.0397,157012,0
1778499406.677859,0.4,-0.25,0.65,1,0.4462,0.6291,0.235864,-0.092231,0.176204,0.0005,0.1616,0.284,1,0.28402,2.0305,2.0305,157012,0
1778499406.72795,0.4,-0.25,0.65,1,0.4536,0.6688,0.245463,-0.093767,0.181393,0.0007,0.1707,0.2823,1,0.28226,2.019,2.019,157012,0
1778499406.778057,0.4,-0.25,0.65,1,0.4516,0.6686,0.254444,-0.094434,0.185892,0.0005,0.1747,0.2764,1,0.27639,2.0101,2.0101,157012,0
1778499406.828191,0.4,-0.25,0.65,1,0.4475,0.6475,0.271165,-0.094566,0.193395,0.0007,0.1725,0.2744,1,0.27435,1.9937,1.9937,157032,0
1778499406.878289,0.4,-0.25,0.65,1,0.4639,0.6687,0.278239,-0.094336,0.196061,0.0007,0.171,0.2922,1,0.29223,1.9899,1.9899,157032,0
1778499406.928486,0.4,-0.25,0.7,1,0.7767,1.0237,0.283803,-0.09345,0.19808,0.0008,0.2006,0.5752,2,0.28761,1.8501,1.8501,157032,0
1778499406.978672,0.4,-0.25,0.7,1,0.4079,0.6033,0.287795,-0.091937,0.199541,0.0006,0.151,0.2563,1,0.25634,1.8402,1.8402,157032,0
1778499407.028842,0.4,-0.25,0.7,1,0.4989,0.7239,0.292261,-0.088028,0.200613,0.0009,0.1906,0.3075,1,0.30748,1.8374,1.8374,157032,0
1778499407.078963,0.4,-0.25,0.7,1,0.494,0.7455,0.292417,-0.086862,0.20057,0.0008,0.1869,0.3064,1,0.30637,1.8378,1.8378,157032,0
1778499407.129051,0.4,-0.25,0.7,1,0.4137,0.6139,0.291188,-0.085915,0.200005,0.0005,0.1583,0.2549,1,0.25488,1.837,1.837,157032,0
1778499407.179522,0.4,-0.25,0.7,1,0.5841,0.8283,0.288685,-0.085169,0.198732,0.0007,0.181,0.4023,1,0.40231,1.838,1.838,157032,0
1778499407.229692,0.4,-0.25,0.65,1,0.5876,0.775,0.279837,-0.084943,0.194971,0.0006,0.158,0.4289,2,0.21447,1.9757,1.9757,157032,0
1778499407.280187,0.4,-0.25,0.65,1,0.4004,1.2649,0.273894,-0.085074,0.193044,0.0004,0.1458,0.2542,1,0.25421,2.0026,2.0026,157032,0
1778499407.330305,0.4,-0.25,0.65,1,0.4854,1.2865,0.266402,-0.084876,0.190731,0.0006,0.1622,0.3226,1,0.32263,2.0083,2.0083,157032,0
1778499407.380406,0.4,-0.25,0.65,1,0.4124,1.1851,0.257984,-0.084171,0.187936,0.0005,0.1385,0.2734,1,0.27341,2.02,2.02,157032,0
1778499407.430578,0.4,-0.25,0.65,1,0.4122,1.1132,0.240618,-0.082131,0.181811,0.0006,0.1508,0.2609,1,0.26089,2.0474,2.0474,157032,0
1778499407.480738,0.4,-0.25,0.65,1,0.4342,0.6433,0.230573,-0.080815,0.178359,0.0008,0.1667,0.2668,1,0.26675,2.0595,2.0595,157032,0
1778499407.531739,0.4,-0.25,0.65,1,0.4327,0.6324,0.220538,-0.079743,0.174777,0.0006,0.1633,0.2688,1,0.26875,2.0726,2.0726,157036,0
1778499407.581837,0.4,-0.25,0.65,1,0.7226,1.0978,0.210028,-0.078441,0.170912,0.0007,0.2828,0.4391,1,0.43911,2.0821,2.0821,157036,0
1778499407.63356,0.404104,-0.230103,0.639697,1,0.3941,0.6023,0.188104,-0.076604,0.161696,0.0006,0.1391,0.2544,1,0.25442,2.7414,2.7414,157040,0
1778499407.683654,0.391462,-0.229631,0.634435,1,0.5981,0.8032,0.175462,-0.076132,0.156434,0.0006,0.1605,0.437,2,0.2185,1.5629,1.5629,157040,0
1778499407.733754,0.4,-0.25,0.65,1,0.5796,0.8197,0.162278,-0.07585,0.151162,0.0006,0.1518,0.4273,2,0.21364,2.0981,2.0981,157040,0
1778499407.785212,0.35,-0.25,0.6,1,1.4055,1.6166,0.149445,-0.075721,0.14596,0.0009,0.1664,1.2383,3,0.41276,0.8645,0.8645,157040,0
1778499407.835302,0.338432,-0.227498,0.612718,1,0.3883,0.5755,0.122432,-0.073999,0.134718,0.0005,0.1334,0.2544,1,0.2544,2.8917,2.8917,157040,0
1778499407.885386,0.3,-0.25,0.6,1,0.5491,0.7246,0.108814,-0.07292,0.128937,0.0006,0.1445,0.404,2,0.20201,0.4386,0.4386,157040,0
1778499407.935595,0.30988,-0.22539,0.600571,1,0.4258,0.6165,0.09388,-0.07189,0.122571,0.0006,0.139,0.2862,1,0.28624,1.4225,1.4225,157048,0
1778499407.985689,0.3,-0.2,0.6,1,0.4846,0.6936,0.067428,-0.07107,0.110186,0.0007,0.165,0.319,1,0.31895,1.9385,1.9385,157056,0
1778499408.035886,0.25,-0.2,0.6,1,0.5919,0.7936,0.054526,-0.070063,0.103833,0.0007,0.1716,0.4196,2,0.20982,0.3125,0.3125,157056,0
1778499408.085969,0.25,-0.2,0.6,1,0.4133,0.6179,0.042288,-0.068556,0.097415,0.0005,0.1529,0.2598,1,0.25985,0.1988,0.1988,157060,0
1778499408.136061,0.246102,-0.219851,0.568621,1,0.4193,0.6205,0.030102,-0.066351,0.090621,0.0007,0.1586,0.26,1,0.25999,2.7397,2.7397,157060,0
1778499408.186131,0.223595,-0.213663,0.556363,1,0.4495,0.637,0.007595,-0.060164,0.078362,0.0005,0.1634,0.2857,1,0.28566,1.1197,1.1197,157060,0
1778499408.23623,0.213906,-0.210865,0.551522,1,0.4851,0.6791,-0.002094,-0.057366,0.073521,0.0005,0.1651,0.3195,1,0.31953,0.1665,0.1665,157060,0
1778499408.286327,0.205532,-0.207817,0.547477,1,0.4693,0.6671,-0.010468,-0.054318,0.069477,0.0006,0.1592,0.3096,1,0.30955,0.1277,0.1277,157060,0
1778499408.336434,0.197058,-0.204781,0.544135,1,0.4345,0.6287,-0.018942,-0.051282,0.066135,0.0006,0.1684,0.2655,1,0.26553,0.1635,0.1635,157060,0
1778499408.386539,0.181913,-0.199715,0.540049,1,0.4413,0.6403,-0.034087,-0.046216,0.062049,0.0006,0.1691,0.2716,1,0.27158,0.5423,0.5423,157060,0
1778499408.436647,0.173921,-0.197483,0.538366,1,0.4069,0.6048,-0.042079,-0.043984,0.060366,0.0005,0.1476,0.2588,1,0.25877,0.2366,0.2366,157060,0
1778499408.486886,0.165425,-0.196199,0.536881,1,0.5377,0.7792,-0.050575,-0.0427,0.05888,0.0006,0.1648,0.3722,1,0.37224,0.2873,0.2873,157064,0
1778499408.536981,0.157324,-0.195903,0.53598,1,0.4718,0.6929,-0.058676,-0.042404,0.057979,0.0007,0.1804,0.2907,1,0.2907,0.3316,0.3316,157064,0
1778499408.587097,0.141519,-0.196929,0.535745,1,0.4088,0.6171,-0.074481,-0.04343,0.057745,0.0006,0.1531,0.2551,1,0.25509,0.7584,0.7584,157064,0
1778499408.637192,0.133747,-0.196863,0.535653,1,0.4465,0.6361,-0.082253,-0.043364,0.057653,0.0007,0.1625,0.2833,1,0.28334,0.4345,0.4345,157064,0
1778499408.687313,0.127288,-0.196286,0.535223,1,0.4885,0.7089,-0.088712,-0.042786,0.057222,0.0007,0.1958,0.292,1,0.29198,0.4541,0.4541,157064,0
1778499408.73741,0.12235,-0.195045,0.534453,1,0.4287,0.6249,-0.09365,-0.041545,0.056452,0.0005,0.1789,0.2493,1,0.24925,0.4705,0.4705,157064,0
1778499408.787632,0.117157,-0.192358,0.532281,1,0.4269,0.6092,-0.098843,-0.038859,0.054281,0.0005,0.1623,0.2641,1,0.26406,0.4719,0.4719,157064,0
1778499408.837742,0.116701,-0.191497,0.531212,1,0.4427,0.6482,-0.099299,-0.037998,0.053212,0.0007,0.162,0.28,1,0.27997,0.4959,0.4959,157064,0
1778499408.887855,0.117282,-0.191315,0.530551,1,0.4078,0.6074,-0.098718,-0.037816,0.052551,0.0006,0.1491,0.2581,1,0.25809,0.4935,0.4935,157068,0
1778499408.939218,0.118418,-0.191496,0.53028,1,0.4114,0.6109,-0.097582,-0.037997,0.052279,0.0009,0.1484,0.2622,1,0.26216,0.4877,0.4877,157068,0
1778499408.989311,0.121494,-0.192894,0.530675,1,0.4295,0.6129,-0.094506,-0.039395,0.052675,0.0004,0.1525,0.2766,1,0.27658,0.463,0.463,157068,0
1778499409.039548,0.1,-0.2,0.55,1,0.4918,0.7145,-0.092733,-0.040537,0.053058,0.0006,0.181,0.3103,1,0.31026,2.3504,2.3504,157068,0
1778499409.089732,0.15,-0.2,0.55,1,0.582,4.6733,-0.090508,-0.042313,0.053739,0.0006,0.1531,0.4283,2,0.21415,0.3547,0.3547,157080,0
1778499409.139821,0.128347,-0.197884,0.532936,1,0.4286,0.6354,-0.087653,-0.044385,0.054935,0.0006,0.1669,0.2611,1,0.26107,1.3724,1.3724,157080,0
1778499409.189908,0.135872,-0.202939,0.537519,1,0.4424,0.7953,-0.080128,-0.049439,0.059519,0.0004,0.1631,0.2789,1,0.27893,0.2629,0.2629,157080,0
1778499409.239995,0.140555,-0.205807,0.541108,1,0.4214,0.6075,-0.075445,-0.052308,0.063108,0.0004,0.1534,0.2676,1,0.26761,0.1053,0.1053,157084,0
1778499409.290091,0.145448,-0.208655,0.544873,1,0.4137,1.1581,-0.070552,-0.055156,0.066872,0.0006,0.1446,0.2685,1,0.26851,0.1287,0.1287,157084,0
1778499409.340185,0.152109,-0.212312,0.550177,1,0.4146,1.2285,-0.063891,-0.058813,0.072177,0.0005,0.1421,0.2721,1,0.27205,0.392,0.392,157104,0
1778499409.390298,0.166845,-0.219023,0.560928,1,0.4454,1.3408,-0.049155,-0.065524,0.082928,0.0006,0.16,0.2849,1,0.2849,1.6077,1.6077,157104,0
1778499409.440391,0.2,-0.2,0.55,1,0.6785,1.1888,-0.040476,-0.068567,0.08919,0.0006,0.1615,0.5165,2,0.25823,0.1808,0.1808,157104,0
1778499409.490566,0.2,-0.25,0.55,1,0.6634,1.5127,-0.031297,-0.071604,0.096061,0.0007,0.1511,0.5116,2,0.25581,0.2081,0.2081,157104,0
1778499409.540657,0.194289,-0.228264,0.580786,1,0.5846,0.7741,-0.021711,-0.074765,0.102786,0.0007,0.1631,0.4208,2,0.2104,0.2515,0.2515,157104,0
1778499409.590754,0.215471,-0.235786,0.594496,1,0.5386,1.3961,-0.000529,-0.082287,0.116496,0.0007,0.1634,0.3745,1,0.3745,2.5688,2.5688,157104,0
1778499409.643179,0.226569,-0.239366,0.601261,1,0.2754,0.3962,0.010569,-0.085867,0.12326,0.0002,0.1032,0.1721,1,0.17206,0.8507,0.8507,157108,0
1778499409.693918,0.238377,-0.242622,0.60794,1,0.418,0.6315,0.022377,-0.089123,0.129939,0.0007,0.145,0.2723,1,0.27233,0.6912,0.6912,157108,0
1778499409.744041,0.250886,-0.245386,0.614501,1,0.4116,0.6125,0.034886,-0.091887,0.136501,0.0006,0.1519,0.2591,1,0.25908,0.554,0.554,157108,0
1778499409.794138,0.3,-0.25,0.65,1,0.5865,0.7776,0.059715,-0.094143,0.148137,0.0006,0.1594,0.4264,2,0.21322,0.6863,0.6863,157108,0
1778499409.844248,0.288777,-0.247954,0.631192,1,0.4686,0.6859,0.072777,-0.094455,0.153192,0.0007,0.1758,0.292,1,0.29199,0.9638,0.9638,157108,0
1778499409.894344,0.301962,-0.248016,0.636006,1,0.4165,0.6029,0.085962,-0.094517,0.158006,0.0006,0.154,0.2619,1,0.26189,0.5884,0.5884,157108,0
1778499409.944505,0.315535,-0.247583,0.640513,1,0.4574,0.6474,0.099535,-0.094084,0.162512,0.0005,0.1715,0.2854,1,0.28538,0.7334,0.7334,157108,0
1778499409.994678,0.342832,-0.246811,0.648111,1,0.4813,0.6939,0.126832,-0.093312,0.170111,0.0008,0.1759,0.3047,1,0.30467,2.497,2.497,157108,0
1778499410.044937,0.356361,-0.246137,0.650991,1,0.4098,0.6027,0.140361,-0.092638,0.172991,0.0006,0.1632,0.2459,1,0.24593,1.4604,1.4604,157112,0
1778499410.095034,0.36899,-0.245979,0.653417,1,0.4917,0.7079,0.15299,-0.09248,0.175417,0.0008,0.1805,0.3105,1,0.31047,1.4868,1.4868,157112,0
1778499410.145163,0.381862,-0.245257,0.655529,1,0.487,1.2208,0.165862,-0.091758,0.177529,0.0008,0.1648,0.3214,1,0.32144,1.8475,1.8475,157112,0
1778499410.195266,0.406644,-0.24471,0.661447,1,0.6264,0.8337,0.190644,-0.09121,0.183447,0.0007,0.1713,0.4543,2,0.22717,2.4192,2.4192,157112,0
1778499410.245378,0.418697,-0.243799,0.665408,1,24.5959,28.0261,0.202697,-0.0903,0.187407,0.0008,0.2075,24.3877,250,0.09755,3.8932,3.8932,157112,0
1778499410.295492,0.4,-0.25,0.65,1,0.6629,0.8704,0.214326,-0.089009,0.191436,0.0007,0.189,0.4732,2,0.23662,2.3675,2.3675,157112,0
1778499410.345654,0.4,-0.25,0.7,1,0.53,0.6979,0.239403,-0.085784,0.198625,0.0005,0.1421,0.3874,2,0.19369,1.9259,1.9259,157112,0
1778499410.395801,0.4,-0.25,0.7,1,0.4443,0.6361,0.250719,-0.084935,0.200826,0.0005,0.1583,0.2855,1,0.28552,1.9031,1.9031,157112,0
1778499410.44593,0.4,-0.25,0.7,1,0.4389,0.6415,0.260577,-0.084579,0.202062,0.0005,0.1542,0.2841,1,0.28412,1.883,1.883,157116,0
1778499410.496045,0.4,-0.25,0.7,1,0.5032,0.7105,0.26851,-0.084061,0.202461,0.0009,0.1844,0.3179,1,0.31788,1.8702,1.8702,157116,0
1778499410.546688,0.4,-0.25,0.7,1,0.4153,0.6248,0.279787,-0.081668,0.20157,0.0005,0.1543,0.2605,1,0.26047,1.8521,1.8521,157116,0
1778499410.596905,0.4,-0.25,0.7,1,0.4388,0.6246,0.283147,-0.079943,0.200859,0.0006,0.1597,0.2785,1,0.27848,1.8475,1.8475,157116,0
1778499410.647002,0.4,-0.25,0.7,1,0.4974,0.7198,0.2855,-0.077992,0.200268,0.0007,0.1844,0.3123,1,0.31225,1.8425,1.8425,157116,0
1778499410.697165,0.4,-0.25,0.7,1,0.2871,0.4098,0.286971,-0.076277,0.200133,0.0003,0.1109,0.1759,1,0.17587,1.84,1.84,157116,0
1778499410.747283,0.4,-0.25,0.7,1,0.2787,0.6004,0.286753,-0.074636,0.200959,0.0003,0.1068,0.1716,1,0.17162,1.8401,1.8401,157116,0
1778499410.797383,0.4,-0.25,0.7,1,0.4744,0.678,0.285335,-0.074498,0.201571,0.0005,0.178,0.2959,1,0.29589,1.8418,1.8418,157116,0
1778499410.847483,0.4,-0.25,0.7,1,0.4213,0.612,0.282377,-0.073858,0.202091,0.0007,0.1645,0.2561,1,0.25607,1.8437,1.8437,157120,0
1778499410.897665,0.4,-0.25,0.7,1,0.4026,0.5946,0.279082,-0.074486,0.20251,0.0005,0.1477,0.2543,1,0.2543,1.846,1.846,157120,0
1778499410.947853,0.4,-0.25,0.7,1,0.4495,0.6453,0.269697,-0.077948,0.202579,0.0006,0.1635,0.2854,1,0.28543,1.8584,1.8584,157120,0
1778499410.997946,0.4,-0.25,0.7,1,0.4473,0.6609,0.261979,-0.07915,0.201545,0.0006,0.1722,0.2745,1,0.27447,1.8699,1.8699,157120,0
1778499411.048042,0.4,-0.25,0.7,1,0.4154,0.617,0.253059,-0.079687,0.199939,0.0007,0.1585,0.2563,1,0.25626,1.8828,1.8828,157120,0
1778499411.098144,0.4,-0.25,0.7,1,0.4824,0.6934,0.241867,-0.079591,0.19755,0.0006,0.1793,0.3024,1,0.30244,1.9027,1.9027,157124,0
1778499411.148244,0.4,-0.25,0.65,1,0.562,0.7552,0.215079,-0.079739,0.19114,0.0007,0.1505,0.4109,2,0.20543,2.0758,2.0758,157124,0
1778499411.198353,0.416815,-0.233249,0.665531,1,23.7233,25.5984,0.200815,-0.079749,0.187531,0.0005,0.165,23.5578,250,0.09423,3.2197,3.2197,157124,0
1778499411.248499,0.401952,-0.233401,0.661739,1,0.5614,0.7423,0.185952,-0.079902,0.183739,0.0006,0.1672,0.3936,2,0.19678,2.012,2.012,157128,0
1778499411.298683,0.387786,-0.233895,0.658141,1,0.5466,0.7262,0.171786,-0.080395,0.18014,0.0006,0.1519,0.394,2,0.19701,1.4011,1.4011,157128,0
1778499411.348771,0.358537,-0.234217,0.649599,1,0.5546,0.7403,0.142537,-0.080718,0.171599,0.0005,0.151,0.403,2,0.20151,0.9915,0.9915,157128,0
1778499411.398931,0.344148,-0.233448,0.644492,1,0.5352,0.7938,0.128148,-0.079949,0.166491,0.001,0.1954,0.3388,1,0.33877,1.2578,1.2578,157128,0
1778499411.449058,0.35,-0.25,0.65,1,0.4723,0.6947,0.113126,-0.078131,0.160287,0.0008,0.1826,0.2889,1,0.28889,1.4561,1.4561,157128,0
1778499411.499154,0.3,-0.25,0.65,1,0.5551,0.7325,0.098172,-0.075662,0.153483,0.0005,0.145,0.4096,2,0.20482,0.8656,0.8656,157128,0
1778499411.549271,0.3,-0.25,0.6,1,0.5608,0.7523,0.070947,-0.072242,0.140094,0.0006,0.151,0.4092,2,0.20461,0.3709,0.3709,157128,0
1778499411.599456,0.25,-0.2,0.6,1,0.5749,0.7667,0.05808,-0.070677,0.13345,0.0006,0.1681,0.4062,2,0.20311,0.64,0.64,157128,0
1778499411.649641,0.261734,-0.222582,0.605098,1,0.4463,0.6464,0.045734,-0.069083,0.127098,0.0007,0.1548,0.2908,1,0.29081,1.4298,1.4298,157144,0
1778499411.699776,0.249439,-0.221403,0.598974,1,0.4506,0.6426,0.033439,-0.067903,0.120974,0.0006,0.1591,0.2909,1,0.29091,0.2696,0.2696,157144,0
1778499411.75002,0.25,-0.2,0.6,1,0.4282,1.3917,0.010969,-0.065843,0.110236,0.0006,0.1572,0.2704,1,0.27039,0.8478,0.8478,157144,0
1778499411.800127,0.216794,-0.21829,0.583773,1,0.5633,1.195,0.000794,-0.06479,0.105773,0.0006,0.1474,0.4153,2,0.20766,0.1904,0.1904,157144,0
1778499411.850324,0.207805,-0.216523,0.580125,1,0.4217,4.3486,-0.008195,-0.063024,0.102125,0.0006,0.1508,0.2703,1,0.27029,0.1548,0.1548,157164,0
1778499411.90045,0.199593,-0.213978,0.576825,1,0.4596,3.6409,-0.016407,-0.060479,0.098825,0.0011,0.1828,0.2757,1,0.27567,0.1669,0.1669,157164,0
1778499411.950539,0.184315,-0.207015,0.569719,1,0.461,1.3888,-0.031685,-0.053516,0.091719,0.0005,0.1633,0.2972,1,0.29723,0.7116,0.7116,157164,0
1778499412.000827,0.177466,-0.203443,0.566145,1,0.4307,1.2585,-0.038534,-0.049944,0.088145,0.0006,0.1672,0.263,1,0.26297,0.2124,0.2124,157164,0
1778499412.051059,0.171355,-0.200152,0.563032,1,0.4153,1.3631,-0.044645,-0.046653,0.085032,0.0006,0.1518,0.2629,1,0.26289,0.255,0.255,157168,0
1778499412.101825,0.165538,-0.196976,0.56031,1,0.4645,0.7149,-0.050462,-0.043477,0.08231,0.0005,0.1498,0.3141,1,0.31415,0.2819,0.2819,157168,0
1778499412.15209,0.156082,-0.193284,0.556805,1,0.4094,0.6191,-0.059918,-0.039785,0.078804,0.0006,0.1512,0.2576,1,0.25757,0.3743,0.3743,157168,0
1778499412.202182,0.152857,-0.193315,0.556702,1,0.4483,0.6557,-0.063143,-0.039816,0.078702,0.0006,0.1631,0.2846,1,0.28458,0.3704,0.3704,157168,0
1778499412.252274,0.150339,-0.194747,0.558045,1,0.41,0.6043,-0.065661,-0.041247,0.080045,0.0005,0.1474,0.2621,1,0.26211,0.3861,0.3861,157168,0
1778499412.302374,0.148338,-0.196784,0.560198,1,0.4737,0.682,-0.067662,-0.043285,0.082197,0.0009,0.1926,0.2803,1,0.2803,0.3934,0.3934,157168,0
1778499412.353511,0.144076,-0.202091,0.564718,1,0.4731,0.7145,-0.071924,-0.048592,0.086717,0.0006,0.161,0.3115,1,0.3115,0.3669,0.3669,157168,0
1778499412.4036,0.141808,-0.205191,0.565937,1,0.4086,0.647,-0.074192,-0.051692,0.087937,0.0006,0.1465,0.2614,1,0.2614,0.1749,0.1749,157168,0
1778499412.453693,0.139215,-0.2093,0.566535,1,0.4583,0.6439,-0.076785,-0.0558,0.088534,0.0006,0.166,0.2917,1,0.29168,0.3794,0.3794,157172,0
1778499412.50379,0.136291,-0.214358,0.566647,1,0.4038,0.5892,-0.079709,-0.060859,0.088647,0.0005,0.148,0.2553,1,0.25526,0.9655,0.9655,157172,0
1778499412.553863,0.15,-0.25,0.55,1,0.65,0.8515,-0.086915,-0.073524,0.088862,0.0007,0.169,0.4803,2,0.24014,1.1542,1.1542,157172,0
1778499412.603961,0.15,-0.25,0.55,1,0.5438,0.7473,-0.090796,-0.081966,0.089365,0.0005,0.1443,0.399,2,0.19952,0.5729,0.5729,157172,0
1778499412.654053,0.121748,-0.246313,0.568081,1,0.6402,0.8083,-0.094252,-0.092814,0.09008,0.0006,0.16,0.4796,2,0.23979,0.848,0.848,157172,0
1778499412.704146,0.119099,-0.258903,0.568773,1,0.5598,1.4138,-0.096901,-0.105404,0.090773,0.0006,0.1573,0.4019,2,0.20097,1.9505,1.9505,157172,0
1778499412.754252,0.116017,-0.289233,0.570107,1,0.783,0.9677,-0.099983,-0.135734,0.092107,0.0007,0.1853,0.597,3,0.199,0.7199,0.7199,157172,0
1778499412.80436,0.115632,-0.304986,0.571183,1,0.7643,0.9807,-0.100368,-0.151487,0.093182,0.0006,0.1524,0.6113,3,0.20376,0.7553,0.7553,157172,0
1778499412.854444,0.1,-0.3,0.55,1,0.7199,0.8952,-0.100279,-0.1684,0.094712,0.0005,0.1647,0.5547,3,0.18491,0.7426,0.7426,157172,0
1778499412.904727,0.117946,-0.352938,0.577834,1,0.8202,1.0065,-0.098054,-0.199439,0.099833,0.0006,0.1507,0.6688,3,0.22294,1.5651,1.5651,157176,0
1778499412.954832,0.1,-0.35,0.6,1,0.6049,0.7674,-0.095832,-0.214108,0.10348,0.0006,0.144,0.4602,3,0.15342,2.9595,2.9595,157176,0
1778499413.004911,0.1,-0.4,0.6,1,0.7067,0.8588,-0.093374,-0.227764,0.10752,0.0005,0.1429,0.5633,4,0.14083,2.1648,2.1648,157176,0
1778499413.055008,0.124996,-0.394367,0.590469,1,0.8713,1.0767,-0.091004,-0.240867,0.112468,0.0007,0.1638,0.7069,4,0.17672,0.7192,0.7192,157176,0
1778499413.105097,0.130266,-0.419008,0.600762,1,0.87,1.042,-0.085734,-0.265509,0.122761,0.0006,0.1636,0.7058,4,0.17646,0.7307,0.7307,157176,0
1778499413.155238,0.133824,-0.429819,0.606776,1,0.8343,1.0128,-0.082176,-0.27632,0.128776,0.0004,0.165,0.6688,4,0.16721,0.6993,0.6993,157176,0
1778499413.205368,0.138452,-0.43932,0.61265,1,0.835,1.0216,-0.077548,-0.28582,0.13465,0.0005,0.18,0.6545,4,0.16362,0.641,0.641,157176,0
1778499413.255914,0.144052,-0.447764,0.618645,1,0.8051,0.9792,-0.071948,-0.294265,0.140644,0.0007,0.1689,0.6355,4,0.15888,0.5548,0.5548,157180,0
1778499413.305999,0.158736,-0.459228,0.630276,1,0.6791,0.8514,-0.057264,-0.305729,0.152275,0.0005,0.1562,0.5224,3,0.17412,1.3883,1.3883,157180,0
1778499413.3561,0.167543,-0.465122,0.635093,1,0.7475,0.922,-0.048457,-0.311623,0.157093,0.0005,0.1636,0.5834,3,0.19447,0.5558,0.5558,157180,0
1778499413.406196,0.2,-0.45,0.65,1,0.6806,0.8661,-0.038888,-0.318006,0.16091,0.0005,0.1484,0.5318,3,0.17726,0.3866,0.3866,157180,0
1778499413.456309,0.187798,-0.476662,0.642245,1,0.6739,0.8545,-0.028202,-0.323163,0.164245,0.0006,0.1491,0.5242,3,0.17473,0.4197,0.4197,157180,0
1778499413.506408,0.212257,-0.482376,0.648116,1,0.706,0.8946,-0.003743,-0.328876,0.170116,0.0006,0.1739,0.5315,3,0.17717,0.8783,0.8783,157180,0
1778499413.556501,0.225539,-0.482728,0.650772,1,0.585,0.7488,0.009539,-0.329229,0.172771,0.0006,0.1658,0.4186,2,0.20928,1.6521,1.6521,157180,0
1778499413.606601,0.239959,-0.480474,0.653553,1,0.6792,0.8742,0.023959,-0.326974,0.175552,0.0006,0.1792,0.4994,2,0.24971,1.6899,1.6899,157180,0
1778499413.656706,0.254921,-0.476505,0.656396,1,0.5716,0.7497,0.038921,-0.323006,0.178396,0.0006,0.1648,0.4062,2,0.20309,1.9464,1.9464,157184,0
1778499413.707023,0.286904,-0.46379,0.66271,1,0.5854,0.7862,0.070904,-0.310291,0.184709,0.0006,0.1588,0.426,2,0.21299,2.9157,2.9157,157184,0
1778499413.757125,0.303287,-0.454816,0.666264,1,24.9604,26.5529,0.087287,-0.301317,0.188264,0.0005,0.1405,24.8193,250,0.09928,3.7083,3.7083,157184,0
1778499413.80722,0.320468,-0.446839,0.669924,1,21.9429,22.499,0.104468,-0.29334,0.191923,0.0004,0.1127,21.8297,250,0.08732,5.4939,5.4939,157184,0
1778499413.857297,0.3,-0.45,0.65,1,0.633,0.8041,0.121221,-0.286584,0.195499,0.0006,0.1385,0.4939,3,0.16463,2.987,2.987,157184,0
1778499413.907376,0.35,-0.4,0.7,1,22.0055,23.4006,0.152153,-0.267767,0.202936,0.0005,0.1428,21.8621,250,0.08745,3.5962,3.5962,157184,0
1778499413.957486,0.35,-0.4,0.7,1,20.7976,21.8078,0.167524,-0.258001,0.206775,0.0006,0.1683,20.6287,250,0.08251,3.6041,3.6041,157196,0
1778499414.007582,0.35,-0.4,0.7,1,22.4524,23.7399,0.181561,-0.24822,0.21032,0.0005,0.1453,22.3066,250,0.08923,3.611,3.611,157200,0
1778499414.057735,0.35,-0.4,0.7,0,20.1122,23.4862,0.192888,-0.239464,0.213136,0.0005,0.131,19.9807,250,0.07992,13.005,13.005,157204,0
1778499414.107822,0.35,-0.4,0.7,0,19.3484,22.2342,0.215189,-0.210238,0.218894,0.0006,0.1286,19.2192,250,0.07688,10.9678,10.9678,157204,0
1778499414.157919,0.35,-0.4,0.7,0,21.2863,24.1215,0.22408,-0.197153,0.220804,0.0005,0.1428,21.143,250,0.08457,13.0095,13.0095,157204,0
1778499414.208022,0.35,-0.4,0.7,0,20.0178,23.2484,0.231371,-0.184998,0.222163,0.0005,0.1434,19.8739,250,0.0795,13.7523,13.7523,157204,0
1778499414.258109,0.35,-0.4,0.7,0,20.467,21.8017,0.235811,-0.173612,0.222775,0.0005,0.14,20.3265,250,0.08131,10.732,10.732,157204,0
1778499414.308197,0.4,-0.3,0.7,1,20.408,21.4934,0.237769,-0.154314,0.2217,0.0006,0.132,20.2754,250,0.0811,3.2541,3.2541,157204,0
1778499414.35838,0.4,-0.3,0.7,1,18.1228,19.1344,0.23597,-0.146373,0.219481,0.0007,0.1505,17.9715,250,0.07189,3.2712,3.2712,157224,0
1778499414.408465,0.4,-0.3,0.7,1,20.8745,22.3675,0.233007,-0.140514,0.216242,0.0005,0.1324,20.7416,250,0.08297,3.2866,3.2866,157224,0
1778499414.458587,0.4,-0.3,0.7,1,22.1761,23.2662,0.228907,-0.137026,0.212119,0.0007,0.188,21.9874,250,0.08795,3.2912,3.2912,157228,0
1778499414.508678,0.4,-0.3,0.7,1,20.5012,21.4511,0.216433,-0.133437,0.201703,0.0006,0.1549,20.3457,250,0.08138,3.2969,3.2969,157228,0
1778499414.558749,0.4,-0.3,0.65,1,18.7833,19.9552,0.209289,-0.133013,0.195704,0.0005,0.1068,18.676,250,0.0747,3.734,3.734,157228,0
1778499414.608848,0.417927,-0.286472,0.667285,1,20.7357,22.3234,0.201927,-0.132973,0.189284,0.0005,0.1401,20.5951,250,0.08238,7.391,7.391,157228,0
1778499414.658955,0.411465,-0.287142,0.661341,1,16.6954,19.9337,0.195465,-0.133643,0.183341,0.0006,0.167,16.5278,250,0.06611,5.0846,5.0846,157228,0
1778499414.709069,0.400227,-0.289951,0.64993,1,26.3255,27.213,0.184227,-0.136452,0.17193,0.0007,0.1562,26.1687,250,0.10467,3.2074,3.2074,157228,0
1778499414.759138,0.394032,-0.290319,0.643506,1,0.5185,0.6632,0.178032,-0.13682,0.165505,0.0006,0.1113,0.4066,2,0.2033,2.5749,2.5749,157228,0
1778499414.809242,0.386492,-0.288633,0.636993,1,0.4895,0.678,0.170492,-0.135134,0.158993,0.0006,0.1505,0.3385,1,0.33852,2.9698,2.9698,157228,0
1778499414.85934,0.4,-0.3,0.65,1,23.8651,24.8364,0.161136,-0.132497,0.152155,0.0006,0.1574,23.7071,250,0.09483,3.7355,3.7355,157232,0
1778499414.909439,0.352902,-0.278116,0.615462,1,0.6699,0.8562,0.136902,-0.124617,0.137461,0.0005,0.1598,0.5096,3,0.16987,1.3896,1.3896,157232,0
1778499414.959552,0.337906,-0.27294,0.607354,1,0.3932,0.5754,0.121906,-0.11944,0.129354,0.0006,0.144,0.2486,1,0.24857,1.7007,1.7007,157232,0
1778499415.009732,0.321624,-0.267718,0.59863,1,0.3983,0.5678,0.105624,-0.114219,0.12063,0.0005,0.1421,0.2558,1,0.25578,1.3806,1.3806,157232,0
1778499415.059834,0.306775,-0.262854,0.590818,1,0.426,0.6074,0.090775,-0.109355,0.112818,0.0006,0.1535,0.2719,1,0.27187,1.0357,1.0357,157232,0
1778499415.109984,0.3,-0.25,0.55,1,0.4049,1.351,0.060406,-0.099264,0.096708,0.0006,0.1602,0.2441,1,0.24412,2.9258,2.9258,157232,0
1778499415.160202,0.261482,-0.246048,0.567009,1,0.6576,0.8828,0.045482,-0.092548,0.089009,0.0003,0.1109,0.5463,2,0.27317,0.2314,0.2314,157232,0
1778499415.210291,0.248569,-0.239232,0.55969,1,0.4392,0.6212,0.032569,-0.085733,0.081689,0.0005,0.1692,0.2696,1,0.26959,0.5287,0.5287,157232,0
1778499415.260385,0.237705,-0.231378,0.553136,1,0.4067,1.2448,0.021705,-0.077879,0.075135,0.0007,0.1419,0.2641,1,0.2641,0.2942,0.2942,157236,0
1778499415.3105,0.218237,-0.216433,0.54186,1,0.4506,0.758,0.002237,-0.062934,0.063859,0.0006,0.1644,0.2857,1,0.28565,1.099,1.099,157236,0
1778499415.361322,0.209883,-0.211292,0.53764,1,0.4174,0.5967,-0.006117,-0.057793,0.05964,0.0008,0.1549,0.2617,1,0.26173,0.1462,0.1462,157236,0
1778499415.411595,0.203246,-0.207569,0.534536,1,0.437,0.6564,-0.012754,-0.05407,0.056535,0.0007,0.1747,0.2616,1,0.26163,0.1138,0.1138,157240,0
1778499415.461767,0.198164,-0.204329,0.532195,1,0.4059,0.5839,-0.017836,-0.05083,0.054194,0.0006,0.148,0.2573,1,0.25727,0.1148,0.1148,157240,0
1778499415.511947,0.19166,-0.196547,0.529884,1,0.4306,0.6253,-0.02434,-0.043047,0.051884,0.0007,0.1649,0.265,1,0.265,0.1017,0.1017,157240,0
1778499415.562046,0.189249,-0.191842,0.529581,1,0.4417,0.6292,-0.026751,-0.038343,0.05158,0.0007,0.17,0.2709,1,0.27091,0.1308,0.1308,157240,0
1778499415.612162,0.18668,-0.187746,0.528933,1,0.4599,0.6806,-0.02932,-0.034247,0.050933,0.0007,0.165,0.2941,1,0.29412,0.1478,0.1478,157244,0
1778499415.662255,0.2,-0.2,0.55,1,0.4107,0.5819,-0.031677,-0.03133,0.049905,0.0008,0.1517,0.2582,1,0.25823,1.3377,1.3377,157244,0
1778499415.712365,0.2,-0.2,0.55,1,0.4573,0.6474,-0.035243,-0.028702,0.047005,0.0007,0.1717,0.285,1,0.28498,0.2128,0.2128,157244,0
1778499415.762558,0.2,-0.2,0.5,1,0.5497,0.725,-0.03538,-0.029492,0.045732,0.0006,0.149,0.4001,2,0.20004,0.1336,0.1336,157244,0
1778499415.813771,0.2,-0.2,0.5,1,0.4274,0.6557,-0.033988,-0.031738,0.044845,0.0007,0.1509,0.2758,1,0.27583,0.0864,0.0864,157244,0
1778499415.86397,0.184874,-0.188728,0.522774,1,0.5083,1.6124,-0.031126,-0.035229,0.044774,0.0004,0.1773,0.3306,1,0.33062,1.3737,1.3737,157244,0
1778499415.914076,0.195189,-0.198342,0.524893,1,0.4264,0.6274,-0.020811,-0.044843,0.046893,0.0007,0.1599,0.2658,1,0.26576,0.4753,0.4753,157244,0
1778499415.964175,0.202326,-0.204105,0.526396,1,0.4512,0.6297,-0.013674,-0.050605,0.048396,0.0007,0.172,0.2785,1,0.27852,0.0859,0.0859,157244,0
1778499416.014273,0.211119,-0.211176,0.528161,1,0.4211,0.6205,-0.004881,-0.057677,0.05016,0.0005,0.1486,0.272,1,0.27203,0.1798,0.1798,157248,0
1778499416.064366,0.2,-0.2,0.55,1,0.4177,0.7829,0.00508,-0.065924,0.052668,0.0007,0.1557,0.2613,1,0.26134,1.3689,1.3689,157248,0
1778499416.11446,0.243903,-0.238576,0.536838,1,0.5992,0.8029,0.027903,-0.085077,0.058837,0.0007,0.1634,0.4351,2,0.21753,0.2734,0.2734,157248,0
1778499416.164561,0.257291,-0.249035,0.540084,1,0.4849,0.6856,0.041291,-0.095536,0.062083,0.0009,0.1791,0.3049,1,0.30489,1.6158,1.6158,157248,0
1778499416.21466,0.270497,-0.257957,0.543192,1,0.4092,0.6108,0.054497,-0.104458,0.065191,0.0006,0.148,0.2606,1,0.26063,1.9908,1.9908,157248,0
1778499416.265419,0.294547,-0.272672,0.550019,1,0.6191,0.794,0.078547,-0.119173,0.072019,0.0009,0.1785,0.4397,2,0.21986,0.4347,0.4347,157248,0
1778499416.315691,0.305519,-0.278651,0.553808,1,0.2907,0.4272,0.089519,-0.125151,0.075808,0.0003,0.1121,0.1783,1,0.1783,2.2544,2.2544,157248,0
1778499416.365967,0.317483,-0.284762,0.55771,1,0.4058,0.5955,0.101483,-0.131263,0.07971,0.0006,0.149,0.2562,1,0.25618,2.4143,2.4143,157248,0
1778499416.416086,0.329683,-0.292024,0.56089,1,0.3944,0.5977,0.113683,-0.138525,0.08289,0.0005,0.1407,0.2532,1,0.25319,2.5553,2.5553,157248,0
1778499416.466192,0.353973,-0.306718,0.56647,1,0.6081,0.7861,0.137973,-0.153219,0.08847,0.0007,0.165,0.4424,2,0.2212,1.6813,1.6813,157264,0
1778499416.516263,0.364682,-0.313748,0.568725,1,0.575,0.7671,0.148682,-0.160249,0.090725,0.0006,0.1617,0.4127,2,0.20637,2.3637,2.3637,157264,0
1778499416.566663,0.35,-0.3,0.55,1,0.5426,0.7432,0.15808,-0.166552,0.092437,0.0006,0.1464,0.3957,2,0.19785,1.6472,1.6472,157264,0
1778499416.616766,0.4,-0.3,0.6,1,23.5541,25.1717,0.166344,-0.171903,0.093373,0.0006,0.1646,23.3889,250,0.09356,6.095,6.095,157264,0
1778499416.666862,0.4,-0.3,0.6,1,22.1902,22.9359,0.181311,-0.181179,0.09275,0.0005,0.1547,22.035,250,0.08814,6.0745,6.0745,157264,0
1778499416.716932,0.4,-0.3,0.6,1,20.6323,21.261,0.187986,-0.184979,0.091379,0.0007,0.1661,20.4656,250,0.08186,6.0642,6.0642,157264,0
1778499416.767046,0.4,-0.3,0.6,1,23.8366,25.2187,0.193832,-0.188386,0.089996,0.0006,0.1578,23.6782,250,0.09471,6.0531,6.0531,157264,0
1778499416.817136,0.4,-0.3,0.6,1,23.3724,26.7752,0.198497,-0.190959,0.088984,0.0005,0.1393,23.2326,250,0.09293,6.0458,6.0458,157276,0
1778499416.867226,0.4,-0.3,0.6,1,19.5887,22.8084,0.206632,-0.194854,0.088686,0.0004,0.1395,19.4488,250,0.0778,6.0383,6.0383,157300,0
1778499416.917319,0.4,-0.3,0.6,1,22.297,25.0924,0.210565,-0.196309,0.08942,0.0006,0.1416,22.1548,250,0.08862,6.0369,6.0369,157300,0
1778499416.967418,0.4,-0.3,0.6,1,18.745,19.3303,0.214898,-0.198066,0.090143,0.0006,0.1732,18.5712,250,0.07428,6.0351,6.0351,157300,0
1778499417.017532,0.4,-0.3,0.6,1,18.294,19.08,0.219104,-0.200015,0.090645,0.0007,0.1698,18.1235,250,0.07249,6.0339,6.0339,157300,0
1778499417.06761,0.4,-0.3,0.6,1,22.3013,23.306,0.227088,-0.201958,0.091823,0.0005,0.1153,22.1855,250,0.08874,6.0335,6.0335,157300,0
1778499417.117754,0.4,-0.3,0.6,1,21.3346,22.5016,0.230823,-0.202155,0.091823,0.0006,0.1251,21.209,250,0.08484,6.034,6.034,157300,0
1778499417.167874,0.4,-0.3,0.6,1,18.2593,19.5046,0.234193,-0.201954,0.091422,0.0006,0.1575,18.1012,250,0.0724,6.0375,6.0375,157300,0
1778499417.217954,0.4,-0.3,0.6,1,20.5627,21.6854,0.237073,-0.201437,0.091106,0.0007,0.1926,20.3693,250,0.08148,6.0417,6.0417,157304,0
1778499417.268049,0.4,-0.3,0.6,1,20.9943,24.4946,0.242349,-0.200039,0.089159,0.0006,0.1337,20.8601,250,0.08344,6.0463,6.0463,157304,0
1778499417.318148,0.4,-0.3,0.6,1,21.0521,24.7254,0.244612,-0.199504,0.087555,0.0006,0.1273,20.9242,250,0.0837,6.0485,6.0485,157304,0
1778499417.368286,0.4,-0.3,0.6,1,21.3342,24.9074,0.246242,-0.198439,0.08636,0.0009,0.2083,21.1251,250,0.0845,6.0493,6.0493,157304,0
1778499417.418469,0.4,-0.3,0.6,1,21.3326,25.1954,0.247587,-0.196549,0.08528,0.0006,0.1967,21.1353,250,0.08454,6.0501,6.0501,157308,0
1778499417.468637,0.4,-0.3,0.6,1,20.5277,21.5886,0.250877,-0.192069,0.081969,0.0006,0.1551,20.3721,250,0.08149,6.0512,6.0512,157308,0
1778499417.518782,0.4,-0.3,0.6,1,22.1096,24.0683,0.252466,-0.189989,0.079911,0.0005,0.1408,21.9683,250,0.08787,6.0517,6.0517,157308,0
1778499417.568875,0.4,-0.3,0.6,1,18.5142,19.3443,0.254205,-0.187893,0.076943,0.0008,0.1572,18.3563,250,0.07343,6.0538,6.0538,157308,0
1778499417.618951,0.4,-0.3,0.6,1,19.5605,20.7993,0.256105,-0.185626,0.073173,0.0004,0.1524,19.4076,250,0.07763,6.0561,6.0561,157312,0
1778499417.669044,0.4,-0.3,0.6,1,20.1047,20.8599,0.259346,-0.181968,0.066655,0.0006,0.1696,19.9345,250,0.07974,6.0575,6.0575,157312,0
1778499417.719146,0.4,-0.3,0.6,1,19.4129,20.803,0.260526,-0.181456,0.064563,0.0005,0.1458,19.2666,250,0.07707,6.0556,6.0556,157312,0
1778499417.769251,0.4,-0.3,0.6,1,22.2255,22.3651,0.261319,-0.180812,0.06275,0.0006,0.1437,22.0813,250,0.08833,6.0555,6.0555,157312,0
1778499417.819346,0.4,-0.3,0.6,1,18.8349,20.1232,0.261743,-0.179948,0.061333,0.0006,0.1423,18.692,250,0.07477,6.0551,6.0551,157312,0
1778499417.869632,0.4,-0.3,0.6,1,12.2945,13.0541,0.261992,-0.178799,0.059627,0.0004,0.104,12.1901,250,0.04876,6.0541,6.0541,157312,0
1778499417.919737,0.4,-0.3,0.6,1,10.1401,12.0951,0.261822,-0.178399,0.059322,0.0004,0.1057,10.0341,250,0.04014,6.0546,6.0546,157312,0
1778499417.969823,0.4,-0.3,0.6,1,9.4864,9.6017,0.261816,-0.178015,0.059043,0.0003,0.0983,9.3879,250,0.03755,6.0546,6.0546,157312,0
1778499418.019962,0.4,-0.3,0.6,1,19.8063,20.5739,0.262092,-0.177824,0.058622,0.0005,0.1555,19.6502,250,0.0786,6.054,6.054,157312,0
1778499418.070075,0.4,-0.3,0.6,1,21.2045,22.853,0.262788,-0.177733,0.058017,0.0006,0.1581,21.0459,250,0.08418,6.0526,6.0526,157316,0
1778499418.120272,0.4,-0.3,0.6,1,20.5357,22.8752,0.26292,-0.177584,0.057964,0.0008,0.1616,20.3733,250,0.08149,6.0524,6.0524,157316,0
1778499418.170502,0.4,-0.3,0.6,1,24.1317,26.2719,0.263031,-0.177487,0.05794,0.0005,0.1255,24.0057,250,0.09602,6.0522,6.0522,157316,0
1778499418.220653,0.4,-0.3,0.6,1,25.049,26.2414,0.263185,-0.177509,0.057867,0.0007,0.1731,24.8752,250,0.0995,6.0521,6.0521,157316,0
1778499418.271429,0.4,-0.3,0.6,1,22.6511,23.8069,0.263426,-0.177712,0.057902,0.0006,0.1672,22.4834,250,0.08993,6.0519,6.0519,157316,0
1778499418.321612,0.4,-0.3,0.6,1,20.9189,21.9107,0.263603,-0.177726,0.057882,0.0006,0.1547,20.7636,250,0.08305,6.0516,6.0516,157316,0
1778499418.371712,0.4,-0.3,0.6,1,20.5478,21.805,0.263812,-0.177924,0.057714,0.0005,0.1357,20.4116,250,0.08165,6.0512,6.0512,157316,0
1778499418.42187,0.4,-0.3,0.6,1,18.919,20.049,0.263981,-0.177993,0.057239,0.0006,0.1688,18.7496,250,0.075,6.0508,6.0508,157320,0
1778499418.471952,0.4,-0.3,0.6,1,20.3391,21.3195,0.264073,-0.178163,0.056773,0.0006,0.1397,20.1988,250,0.0808,6.05,6.05,157320,0
1778499418.522172,0.4,-0.3,0.6,1,21.0701,22.4225,0.264127,-0.17813,0.056719,0.0005,0.1475,20.9221,250,0.08369,6.0497,6.0497,157320,0
1778499418.572292,0.4,-0.3,0.6,1,18.8872,19.9868,0.264206,-0.178096,0.056639,0.0009,0.1607,18.7256,250,0.0749,6.0494,6.0494,157320,0
1778499418.623554,0.4,-0.3,0.6,1,21.2631,22.256,0.264225,-0.177997,0.056554,0.0005,0.1392,21.1234,250,0.08449,6.0492,6.0492,157320,0
1778499418.673768,0.4,-0.3,0.6,1,20.4179,21.4146,0.26421,-0.177841,0.056407,0.0006,0.1683,20.249,250,0.081,6.049,6.049,157320,0
