x,y,z,roll,pitch,yaw,success,pos_err_mm,iterations,solve_ms,seed_used
-0.5,-0.6,0.01,0.0,0.0,0.0,0,565.81,1750,82.77,-1
-0.5,-0.6,0.06,0.0,0.0,0.0,0,530.093,1750,80.51,-1
-0.5,-0.6,0.11,0.0,0.0,0.0,0,555.491,1750,80.25,-1
-0.5,-0.6,0.16,0.0,0.0,0.0,0,524.224,1750,80.5,-1
-0.5,-0.6,0.21,0.0,0.0,0.0,0,426.084,1750,81.17,-1
-0.5,-0.6,0.26,0.0,0.0,0.0,0,391.492,1750,94.84,-1
-0.5,-0.6,0.31,0.0,0.0,0.0,0,398.641,1750,109.59,-1
-0.5,-0.6,0.36,0.0,0.0,0.0,0,355.132,1750,104.29,-1
-0.5,-0.6,0.41,0.0,0.0,0.0,0,543.154,1750,105.56,-1
-0.5,-0.6,0.46,0.0,0.0,0.0,0,288.152,1750,103.29,-1
-0.5,-0.6,0.51,0.0,0.0,0.0,0,273.282,1750,100.67,-1
-0.5,-0.6,0.56,0.0,0.0,0.0,0,253.403,1750,102.02,-1
-0.5,-0.6,0.61,0.0,0.0,0.0,0,503.829,1750,101.92,-1
-0.5,-0.6,0.66,0.0,0.0,0.0,0,236.204,1750,101.05,-1
-0.5,-0.6,0.71,0.0,0.0,0.0,0,247.791,1750,101.72,-1
-0.5,-0.6,0.76,0.0,0.0,0.0,0,239.427,1750,101.1,-1
-0.5,-0.6,0.81,0.0,0.0,0.0,0,245.944,1750,99.51,-1
-0.5,-0.55,0.01,0.0,0.0,0.0,0,596.301,1750,105.49,-1
-0.5,-0.55,0.06,0.0,0.0,0.0,0,511.228,1750,102.11,-1
-0.5,-0.55,0.11,0.0,0.0,0.0,0,525.691,1750,102.45,-1
-0.5,-0.55,0.16,0.0,0.0,0.0,0,441.591,1750,105.9,-1
-0.5,-0.55,0.21,0.0,0.0,0.0,0,408.585,1750,101.37,-1
-0.5,-0.55,0.26,0.0,0.0,0.0,0,408.414,1750,103.76,-1
-0.5,-0.55,0.31,0.0,0.0,0.0,0,376.814,1750,102.23,-1
-0.5,-0.55,0.36,0.0,0.0,0.0,0,337.975,1750,101.09,-1
-0.5,-0.55,0.41,0.0,0.0,0.0,0,283.099,1750,103.44,-1
-0.5,-0.55,0.46,0.0,0.0,0.0,0,270.216,1750,102.81,-1
-0.5,-0.55,0.51,0.0,0.0,0.0,0,246.284,1750,100.05,-1
-0.5,-0.55,0.56,0.0,0.0,0.0,0,224.95,1750,100.96,-1
-0.5,-0.55,0.61,0.0,0.0,0.0,0,208.682,1750,100.23,-1
-0.5,-0.55,0.66,0.0,0.0,0.0,0,221.522,1750,98.32,-1
-0.5,-0.55,0.71,0.0,0.0,0.0,0,218.317,1750,100.36,-1
-0.5,-0.55,0.76,0.0,0.0,0.0,0,208.682,1750,97.36,-1
-0.5,-0.55,0.81,0.0,0.0,0.0,0,215.507,1750,99.62,-1
-0.5,-0.5,0.01,0.0,0.0,0.0,0,531.994,1750,101.15,-1
-0.5,-0.5,0.06,0.0,0.0,0.0,0,534.615,1750,102.35,-1
-0.5,-0.5,0.11,0.0,0.0,0.0,0,459.575,1750,102.86,-1
-0.5,-0.5,0.16,0.0,0.0,0.0,0,424.892,1750,103.51,-1
-0.5,-0.5,0.21,0.0,0.0,0.0,0,391.447,1750,102.14,-1
-0.5,-0.5,0.26,0.0,0.0,0.0,0,414.273,1750,102.15,-1
-0.5,-0.5,0.31,0.0,0.0,0.0,0,326.342,1750,102.38,-1
-0.5,-0.5,0.36,0.0,0.0,0.0,0,287.035,1750,100.81,-1
-0.5,-0.5,0.41,0.0,0.0,0.0,0,272.483,1750,100.83,-1
-0.5,-0.5,0.46,0.0,0.0,0.0,0,232.722,1750,100.35,-1
-0.5,-0.5,0.51,0.0,0.0,0.0,0,223.534,1750,100.74,-1
-0.5,-0.5,0.56,0.0,0.0,0.0,0,192.224,1750,101.53,-1
-0.5,-0.5,0.61,0.0,0.0,0.0,0,187.774,1750,103.92,-1
-0.5,-0.5,0.66,0.0,0.0,0.0,0,173.976,1750,100.72,-1
-0.5,-0.5,0.71,0.0,0.0,0.0,0,177.791,1750,99.06,-1
-0.5,-0.5,0.76,0.0,0.0,0.0,0,181.081,1750,96.18,-1
-0.5,-0.5,0.81,0.0,0.0,0.0,0,188.05,1750,94.43,-1
-0.5,-0.45,0.01,0.0,0.0,0.0,0,519.436,1750,100.96,-1
-0.5,-0.45,0.06,0.0,0.0,0.0,0,482.583,1750,103.72,-1
-0.5,-0.45,0.11,0.0,0.0,0.0,0,444.727,1750,104.37,-1
-0.5,-0.45,0.16,0.0,0.0,0.0,0,599.39,1750,103.6,-1
-0.5,-0.45,0.21,0.0,0.0,0.0,0,406.662,1750,101.97,-1
-0.5,-0.45,0.26,0.0,0.0,0.0,0,375.111,1750,103.65,-1
-0.5,-0.45,0.31,0.0,0.0,0.0,0,302.472,1750,101.42,-1
-0.5,-0.45,0.36,0.0,0.0,0.0,0,264.626,1750,103.38,-1
-0.5,-0.45,0.41,0.0,0.0,0.0,0,235.245,1750,102.97,-1
-0.5,-0.45,0.46,0.0,0.0,0.0,0,228.628,1750,101.49,-1
-0.5,-0.45,0.51,0.0,0.0,0.0,0,193.142,1750,101.89,-1
-0.5,-0.45,0.56,0.0,0.0,0.0,0,181.705,1750,98.87,-1
-0.5,-0.45,0.61,0.0,0.0,0.0,0,188.223,1750,99.35,-1
-0.5,-0.45,0.66,0.0,0.0,0.0,0,147.086,1750,98.44,-1
-0.5,-0.45,0.71,0.0,0.0,0.0,0,153.816,1750,96.35,-1
-0.5,-0.45,0.76,0.0,0.0,0.0,0,157.367,1750,96.74,-1
-0.5,-0.45,0.81,0.0,0.0,0.0,0,165.328,1750,97.08,-1
-0.5,-0.4,0.01,0.0,0.0,0.0,0,493.107,1750,105.63,-1
-0.5,-0.4,0.06,0.0,0.0,0.0,0,454.499,1750,104.9,-1
-0.5,-0.4,0.11,0.0,0.0,0.0,0,454.644,1750,107.37,-1
-0.5,-0.4,0.16,0.0,0.0,0.0,0,380.652,1750,102.51,-1
-0.5,-0.4,0.21,0.0,0.0,0.0,0,384.571,1750,97.1,-1
-0.5,-0.4,0.26,0.0,0.0,0.0,0,311.795,1750,104.82,-1
-0.5,-0.4,0.31,0.0,0.0,0.0,0,279.557,1750,104.68,-1
-0.5,-0.4,0.36,0.0,0.0,0.0,0,246.879,1750,103.05,-1
-0.5,-0.4,0.41,0.0,0.0,0.0,0,217.237,1750,101.39,-1
-0.5,-0.4,0.46,0.0,0.0,0.0,0,219.541,1750,101.45,-1
-0.5,-0.4,0.51,0.0,0.0,0.0,0,180.899,1750,100.1,-1
-0.5,-0.4,0.56,0.0,0.0,0.0,0,145.033,1750,101.29,-1
-0.5,-0.4,0.61,0.0,0.0,0.0,0,128.4,1750,98.94,-1
-0.5,-0.4,0.66,0.0,0.0,0.0,0,123.385,1750,99.64,-1
-0.5,-0.4,0.71,0.0,0.0,0.0,0,200.014,1750,97.76,-1
-0.5,-0.4,0.76,0.0,0.0,0.0,0,139.579,1750,96.65,-1
-0.5,-0.4,0.81,0.0,0.0,0.0,0,146.802,1750,95.8,-1
-0.5,-0.35,0.01,0.0,0.0,0.0,0,516.942,1750,102.94,-1
-0.5,-0.35,0.06,0.0,0.0,0.0,0,437.171,1750,101.51,-1
-0.5,-0.35,0.11,0.0,0.0,0.0,0,400.205,1750,101.73,-1
-0.5,-0.35,0.16,0.0,0.0,0.0,0,364.268,1750,102.91,-1
-0.5,-0.35,0.21,0.0,0.0,0.0,0,329.434,1750,102.52,-1
-0.5,-0.35,0.26,0.0,0.0,0.0,0,295.807,1750,101.98,-1
-0.5,-0.35,0.31,0.0,0.0,0.0,0,263.517,1750,101.02,-1
-0.5,-0.35,0.36,0.0,0.0,0.0,0,232.726,1750,101.94,-1
-0.5,-0.35,0.41,0.0,0.0,0.0,0,239.665,1750,104.21,-1
-0.5,-0.35,0.46,0.0,0.0,0.0,0,198.522,1750,101.13,-1
-0.5,-0.35,0.51,0.0,0.0,0.0,0,151.636,1750,102.29,-1
-0.5,-0.35,0.56,0.0,0.0,0.0,0,159.322,1750,98.76,-1
-0.5,-0.35,0.61,0.0,0.0,0.0,0,110.438,1750,100.48,-1
-0.5,-0.35,0.66,0.0,0.0,0.0,0,103.29,1750,98.51,-1
-0.5,-0.35,0.71,0.0,0.0,0.0,0,112.675,1750,98.48,-1
-0.5,-0.35,0.76,0.0,0.0,0.0,0,128.646,1750,98.99,-1
-0.5,-0.35,0.81,0.0,0.0,0.0,0,134.354,1750,93.48,-1
-0.5,-0.3,0.01,0.0,0.0,0.0,0,482.361,1750,102.4,-1
-0.5,-0.3,0.06,0.0,0.0,0.0,0,437.27,1750,99.49,-1
-0.5,-0.3,0.11,0.0,0.0,0.0,0,396.768,1750,102.85,-1
-0.5,-0.3,0.16,0.0,0.0,0.0,0,358.841,1750,101.4,-1
-0.5,-0.3,0.21,0.0,0.0,0.0,0,322.747,1750,101.88,-1
-0.5,-0.3,0.26,0.0,0.0,0.0,0,288.219,1750,101.64,-1
-0.5,-0.3,0.31,0.0,0.0,0.0,0,255.186,1750,100.44,-1
-0.5,-0.3,0.36,0.0,0.0,0.0,0,223.683,1750,100.79,-1
-0.5,-0.3,0.41,0.0,0.0,0.0,0,169.307,1750,100.54,-1
-0.5,-0.3,0.46,0.0,0.0,0.0,0,204.153,1750,100.56,-1
-0.5,-0.3,0.51,0.0,0.0,0.0,0,140.157,1750,103.24,-1
-0.5,-0.3,0.56,0.0,0.0,0.0,0,145.006,1750,103.66,-1
-0.5,-0.3,0.61,0.0,0.0,0.0,0,92.409,1750,101.23,-1
-0.5,-0.3,0.66,0.0,0.0,0.0,0,87.212,1750,102.14,-1
-0.5,-0.3,0.71,0.0,0.0,0.0,0,96.581,1750,98.27,-1
-0.5,-0.3,0.76,0.0,0.0,0.0,0,120.659,1750,90.86,-1
-0.5,-0.3,0.81,0.0,0.0,0.0,0,100.036,1750,95.24,-1
-0.5,-0.25,0.01,0.0,0.0,0.0,0,502.906,1750,102.21,-1
-0.5,-0.25,0.06,0.0,0.0,0.0,0,445.733,1750,102.7,-1
-0.5,-0.25,0.11,0.0,0.0,0.0,0,402.476,1750,102.21,-1
-0.5,-0.25,0.16,0.0,0.0,0.0,0,361.48,1750,103.12,-1
-0.5,-0.25,0.21,0.0,0.0,0.0,0,324.153,1750,103.64,-1
-0.5,-0.25,0.26,0.0,0.0,0.0,0,314.956,1750,100.99,-1
-0.5,-0.25,0.31,0.0,0.0,0.0,0,227.096,1750,100.85,-1
-0.5,-0.25,0.36,0.0,0.0,0.0,0,242.566,1750,101.77,-1
-0.5,-0.25,0.41,0.0,0.0,0.0,0,207.312,1750,100.12,-1
-0.5,-0.25,0.46,0.0,0.0,0.0,0,175.348,1750,99.04,-1
-0.5,-0.25,0.51,0.0,0.0,0.0,0,136.159,1750,98.27,-1
-0.5,-0.25,0.56,0.0,0.0,0.0,0,101.935,1750,96.42,-1
-0.5,-0.25,0.61,0.0,0.0,0.0,0,85.453,1750,97.4,-1
-0.5,-0.25,0.66,0.0,0.0,0.0,0,75.523,1750,97.71,-1
-0.5,-0.25,0.71,0.0,0.0,0.0,0,109.561,1750,94.71,-1
-0.5,-0.25,0.76,0.0,0.0,0.0,0,79.299,1750,93.79,-1
-0.5,-0.25,0.81,0.0,0.0,0.0,0,90.577,1750,94.7,-1
-0.5,-0.2,0.01,0.0,0.0,0.0,0,488.234,1750,101.38,-1
-0.5,-0.2,0.06,0.0,0.0,0.0,0,449.6,1750,100.63,-1
-0.5,-0.2,0.11,0.0,0.0,0.0,0,410.117,1750,102.35,-1
-0.5,-0.2,0.16,0.0,0.0,0.0,0,367.812,1750,103.49,-1
-0.5,-0.2,0.21,0.0,0.0,0.0,0,327.692,1750,105.18,-1
-0.5,-0.2,0.26,0.0,0.0,0.0,0,289.701,1750,102.44,-1
-0.5,-0.2,0.31,0.0,0.0,0.0,0,247.083,1750,103.39,-1
-0.5,-0.2,0.36,0.0,0.0,0.0,0,224.334,1750,102.27,-1
-0.5,-0.2,0.41,0.0,0.0,0.0,0,196.344,1750,101.79,-1
-0.5,-0.2,0.46,0.0,0.0,0.0,0,155.975,1750,100.62,-1
-0.5,-0.2,0.51,0.0,0.0,0.0,0,134.065,1750,101.63,-1
-0.5,-0.2,0.56,0.0,0.0,0.0,0,93.484,1750,100.54,-1
-0.5,-0.2,0.61,0.0,0.0,0.0,0,78.747,1750,94.56,-1
-0.5,-0.2,0.66,0.0,0.0,0.0,0,68.521,1750,101.77,-1
-0.5,-0.2,0.71,0.0,0.0,0.0,0,73.529,1750,94.7,-1
-0.5,-0.2,0.76,0.0,0.0,0.0,0,76.19,1750,93.82,-1
-0.5,-0.2,0.81,0.0,0.0,0.0,0,117.008,1750,92.59,-1
-0.5,-0.15,0.01,0.0,0.0,0.0,0,479.862,1750,102.5,-1
-0.5,-0.15,0.06,0.0,0.0,0.0,0,440.305,1750,104.57,-1
-0.5,-0.15,0.11,0.0,0.0,0.0,0,401.914,1750,101.73,-1
-0.5,-0.15,0.16,0.0,0.0,0.0,0,364.765,1750,100.26,-1
-0.5,-0.15,0.21,0.0,0.0,0.0,0,328.946,1750,100.86,-1
-0.5,-0.15,0.26,0.0,0.0,0.0,0,294.589,1750,101.74,-1
-0.5,-0.15,0.31,0.0,0.0,0.0,0,254.698,1750,99.33,-1
-0.5,-0.15,0.36,0.0,0.0,0.0,0,221.036,1750,100.5,-1
-0.5,-0.15,0.41,0.0,0.0,0.0,0,189.033,1750,99.71,-1
-0.5,-0.15,0.46,0.0,0.0,0.0,0,159.215,1750,95.79,-1
-0.5,-0.15,0.51,0.0,0.0,0.0,0,116.234,1750,98.91,-1
-0.5,-0.15,0.56,0.0,0.0,0.0,0,101.488,1750,99.66,-1
-0.5,-0.15,0.61,0.0,0.0,0.0,0,71.716,1750,100.6,-1
-0.5,-0.15,0.66,0.0,0.0,0.0,0,66.397,1750,100.27,-1
-0.5,-0.15,0.71,0.0,0.0,0.0,0,75.643,1750,92.79,-1
-0.5,-0.15,0.76,0.0,0.0,0.0,0,77.544,1750,93.42,-1
-0.5,-0.15,0.81,0.0,0.0,0.0,0,82.782,1750,91.76,-1
-0.5,-0.1,0.01,0.0,0.0,0.0,0,476.546,1750,101.69,-1
-0.5,-0.1,0.06,0.0,0.0,0.0,0,436.507,1750,103.87,-1
-0.5,-0.1,0.11,0.0,0.0,0.0,0,442.134,1750,101.56,-1
-0.5,-0.1,0.16,0.0,0.0,0.0,0,359.738,1750,101.5,-1
-0.5,-0.1,0.21,0.0,0.0,0.0,0,330.741,1750,101.9,-1
-0.5,-0.1,0.26,0.0,0.0,0.0,0,292.383,1750,98.7,-1
-0.5,-0.1,0.31,0.0,0.0,0.0,0,255.054,1750,98.76,-1
-0.5,-0.1,0.36,0.0,0.0,0.0,0,221.016,1750,99.14,-1
-0.5,-0.1,0.41,0.0,0.0,0.0,0,183.696,1750,97.74,-1
-0.5,-0.1,0.46,0.0,0.0,0.0,0,158.978,1750,99.21,-1
-0.5,-0.1,0.51,0.0,0.0,0.0,0,135.318,1750,98.36,-1
-0.5,-0.1,0.56,0.0,0.0,0.0,0,96.538,1750,102.94,-1
-0.5,-0.1,0.61,0.0,0.0,0.0,0,74.496,1750,100.14,-1
-0.5,-0.1,0.66,0.0,0.0,0.0,0,69.211,1750,100.17,-1
-0.5,-0.1,0.71,0.0,0.0,0.0,0,107.484,1750,94.39,-1
-0.5,-0.1,0.76,0.0,0.0,0.0,0,72.372,1750,93.44,-1
-0.5,-0.1,0.81,0.0,0.0,0.0,0,85.92,1750,90.82,-1
-0.5,-0.05,0.01,0.0,0.0,0.0,0,478.398,1750,102.79,-1
-0.5,-0.05,0.06,0.0,0.0,0.0,0,438.145,1750,101.34,-1
-0.5,-0.05,0.11,0.0,0.0,0.0,0,398.186,1750,100.48,-1
-0.5,-0.05,0.16,0.0,0.0,0.0,0,379.093,1750,100.36,-1
-0.5,-0.05,0.21,0.0,0.0,0.0,0,344.187,1750,99.31,-1
-0.5,-0.05,0.26,0.0,0.0,0.0,0,298.217,1750,97.61,-1
-0.5,-0.05,0.31,0.0,0.0,0.0,0,252.987,1750,99.12,-1
-0.5,-0.05,0.36,0.0,0.0,0.0,0,204.47,1750,100.02,-1
-0.5,-0.05,0.41,0.0,0.0,0.0,0,189.831,1750,99.52,-1
-0.5,-0.05,0.46,0.0,0.0,0.0,0,155.099,1750,97.92,-1
-0.5,-0.05,0.51,0.0,0.0,0.0,0,124.045,1750,98.98,-1
-0.5,-0.05,0.56,0.0,0.0,0.0,0,99.589,1750,103.43,-1
-0.5,-0.05,0.61,0.0,0.0,0.0,0,86.62,1750,99.5,-1
-0.5,-0.05,0.66,0.0,0.0,0.0,0,77.078,1750,99.05,-1
-0.5,-0.05,0.71,0.0,0.0,0.0,0,75.944,1750,98.13,-1
-0.5,-0.05,0.76,0.0,0.0,0.0,0,80.669,1750,97.46,-1
-0.5,-0.05,0.81,0.0,0.0,0.0,0,88.44,1750,93.31,-1
-0.5,0.0,0.01,0.0,0.0,0.0,0,488.163,1750,103.81,-1
-0.5,0.0,0.06,0.0,0.0,0.0,0,462.194,1750,103.24,-1
-0.5,0.0,0.11,0.0,0.0,0.0,0,397.757,1750,100.13,-1
-0.5,0.0,0.16,0.0,0.0,0.0,0,387.894,1750,100.75,-1
-0.5,0.0,0.21,0.0,0.0,0.0,0,352.056,1750,102.37,-1
-0.5,0.0,0.26,0.0,0.0,0.0,0,268.467,1750,100.84,-1
-0.5,0.0,0.31,0.0,0.0,0.0,0,259.961,1750,99.76,-1
-0.5,0.0,0.36,0.0,0.0,0.0,0,229.66,1750,102.8,-1
-0.5,0.0,0.41,0.0,0.0,0.0,0,195.128,1750,101.58,-1
-0.5,0.0,0.46,0.0,0.0,0.0,0,161.526,1750,108.48,-1
-0.5,0.0,0.51,0.0,0.0,0.0,0,136.497,1750,108.96,-1
-0.5,0.0,0.56,0.0,0.0,0.0,0,115.941,1750,108.75,-1
-0.5,0.0,0.61,0.0,0.0,0.0,0,100.837,1750,107.24,-1
-0.5,0.0,0.66,0.0,0.0,0.0,0,92.088,1750,105.87,-1
-0.5,0.0,0.71,0.0,0.0,0.0,0,100.185,1750,97.9,-1
-0.5,0.0,0.76,0.0,0.0,0.0,0,103.704,1750,88.6,-1
-0.5,0.0,0.81,0.0,0.0,0.0,0,110.282,1750,96.81,-1
-0.45,-0.6,0.01,0.0,0.0,0.0,0,540.785,1750,101.91,-1
-0.45,-0.6,0.06,0.0,0.0,0.0,0,504.193,1750,98.56,-1
-0.45,-0.6,0.11,0.0,0.0,0.0,0,577.719,1750,102.02,-1
-0.45,-0.6,0.16,0.0,0.0,0.0,0,524.782,1750,102.93,-1
-0.45,-0.6,0.21,0.0,0.0,0.0,0,393.833,1750,100.9,-1
-0.45,-0.6,0.26,0.0,0.0,0.0,0,431.163,1750,99.99,-1
-0.45,-0.6,0.31,0.0,0.0,0.0,0,330.714,1750,98.48,-1
-0.45,-0.6,0.36,0.0,0.0,0.0,0,340.61,1750,98.73,-1
-0.45,-0.6,0.41,0.0,0.0,0.0,0,279.298,1750,100.48,-1
-0.45,-0.6,0.46,0.0,0.0,0.0,0,261.709,1750,96.9,-1
-0.45,-0.6,0.51,0.0,0.0,0.0,0,239.045,1750,98.77,-1
-0.45,-0.6,0.56,0.0,0.0,0.0,0,217.989,1750,98.91,-1
-0.45,-0.6,0.61,0.0,0.0,0.0,0,224.63,1750,97.77,-1
-0.45,-0.6,0.66,0.0,0.0,0.0,0,201.93,1750,100.19,-1
-0.45,-0.6,0.71,0.0,0.0,0.0,0,200.155,1750,97.55,-1
-0.45,-0.6,0.76,0.0,0.0,0.0,0,203.291,1750,99.16,-1
-0.45,-0.6,0.81,0.0,0.0,0.0,0,210.329,1750,97.4,-1
-0.45,-0.55,0.01,0.0,0.0,0.0,0,522.344,1750,98.93,-1
-0.45,-0.55,0.06,0.0,0.0,0.0,0,485.151,1750,99.19,-1
-0.45,-0.55,0.11,0.0,0.0,0.0,0,448.791,1750,100.42,-1
-0.45,-0.55,0.16,0.0,0.0,0.0,0,413.424,1750,100.17,-1
-0.45,-0.55,0.21,0.0,0.0,0.0,0,376.33,1750,98.92,-1
-0.45,-0.55,0.26,0.0,0.0,0.0,0,340.263,1750,100.86,-1
-0.45,-0.55,0.31,0.0,0.0,0.0,0,391.054,1750,99.03,-1
-0.45,-0.55,0.36,0.0,0.0,0.0,0,523.19,1750,97.86,-1
-0.45,-0.55,0.41,0.0,0.0,0.0,0,252.734,1750,99.68,-1
-0.45,-0.55,0.46,0.0,0.0,0.0,0,236.172,1750,98.51,-1
-0.45,-0.55,0.51,0.0,0.0,0.0,0,210.875,1750,97.48,-1
-0.45,-0.55,0.56,0.0,0.0,0.0,0,185.916,1750,100.46,-1
-0.45,-0.55,0.61,0.0,0.0,0.0,0,171.649,1750,97.26,-1
-0.45,-0.55,0.66,0.0,0.0,0.0,0,166.003,1750,98.24,-1
-0.45,-0.55,0.71,0.0,0.0,0.0,0,181.247,1750,98.03,-1
-0.45,-0.55,0.76,0.0,0.0,0.0,0,170.992,1750,97.75,-1
-0.45,-0.55,0.81,0.0,0.0,0.0,0,178.508,1750,98.29,-1
-0.45,-0.5,0.01,0.0,0.0,0.0,0,506.805,1750,101.19,-1
-0.45,-0.5,0.06,0.0,0.0,0.0,0,513.78,1750,100.33,-1
-0.45,-0.5,0.11,0.0,0.0,0.0,0,432.453,1750,100.97,-1
-0.45,-0.5,0.16,0.0,0.0,0.0,0,396.662,1750,99.86,-1
-0.45,-0.5,0.21,0.0,0.0,0.0,0,450.663,1750,98.98,-1
-0.45,-0.5,0.26,0.0,0.0,0.0,0,401.435,1750,100.8,-1
-0.45,-0.5,0.31,0.0,0.0,0.0,0,291.305,1750,98.81,-1
-0.45,-0.5,0.36,0.0,0.0,0.0,0,256.882,1750,98.25,-1
-0.45,-0.5,0.41,0.0,0.0,0.0,0,227.103,1750,97.0,-1
-0.45,-0.5,0.46,0.0,0.0,0.0,0,208.44,1750,98.61,-1
-0.45,-0.5,0.51,0.0,0.0,0.0,0,186.497,1750,99.29,-1
-0.45,-0.5,0.56,0.0,0.0,0.0,0,154.814,1750,96.88,-1
-0.45,-0.5,0.61,0.0,0.0,0.0,0,143.949,1750,97.19,-1
-0.45,-0.5,0.66,0.0,0.0,0.0,0,133.805,1750,99.05,-1
-0.45,-0.5,0.71,0.0,0.0,0.0,0,138.599,1750,96.45,-1
-0.45,-0.5,0.76,0.0,0.0,0.0,0,142.386,1750,93.73,-1
-0.45,-0.5,0.81,0.0,0.0,0.0,0,150.374,1750,93.35,-1
-0.45,-0.45,0.01,0.0,0.0,0.0,0,494.36,1750,102.41,-1
-0.45,-0.45,0.06,0.0,0.0,0.0,0,456.602,1750,99.41,-1
-0.45,-0.45,0.11,0.0,0.0,0.0,0,419.686,1750,99.03,-1
-0.45,-0.45,0.16,0.0,0.0,0.0,0,417.924,1750,103.05,-1
-0.45,-0.45,0.21,0.0,0.0,0.0,0,348.934,1750,98.75,-1
-0.45,-0.45,0.26,0.0,0.0,0.0,0,394.046,1750,100.94,-1
-0.45,-0.45,0.31,0.0,0.0,0.0,0,271.053,1750,98.6,-1
-0.45,-0.45,0.36,0.0,0.0,0.0,0,235.194,1750,100.13,-1
-0.45,-0.45,0.41,0.0,0.0,0.0,0,205.238,1750,98.13,-1
-0.45,-0.45,0.46,0.0,0.0,0.0,0,178.425,1750,97.73,-1
-0.45,-0.45,0.51,0.0,0.0,0.0,0,154.171,1750,97.8,-1
-0.45,-0.45,0.56,0.0,0.0,0.0,0,134.072,1750,97.81,-1
-0.45,-0.45,0.61,0.0,0.0,0.0,0,490.165,1750,99.43,-1
-0.45,-0.45,0.66,0.0,0.0,0.0,0,104.95,1750,97.59,-1
-0.45,-0.45,0.71,0.0,0.0,0.0,0,114.722,1750,92.29,-1
-0.45,-0.45,0.76,0.0,0.0,0.0,0,118.899,1750,95.68,-1
-0.45,-0.45,0.81,0.0,0.0,0.0,0,127.227,1750,93.02,-1
-0.45,-0.4,0.01,0.0,0.0,0.0,0,477.344,1750,99.06,-1
-0.45,-0.4,0.06,0.0,0.0,0.0,0,470.6,1750,101.28,-1
-0.45,-0.4,0.11,0.0,0.0,0.0,0,432.241,1750,100.23,-1
-0.45,-0.4,0.16,0.0,0.0,0.0,0,359.722,1750,98.11,-1
-0.45,-0.4,0.21,0.0,0.0,0.0,0,323.15,1750,99.51,-1
-0.45,-0.4,0.26,0.0,0.0,0.0,0,287.951,1750,100.36,-1
-0.45,-0.4,0.31,0.0,0.0,0.0,0,253.064,1750,101.73,-1
-0.45,-0.4,0.36,0.0,0.0,0.0,0,218.269,1750,99.11,-1
-0.45,-0.4,0.41,0.0,0.0,0.0,0,187.809,1750,98.72,-1
-0.45,-0.4,0.46,0.0,0.0,0.0,0,139.735,1750,98.84,-1
-0.45,-0.4,0.51,0.0,0.0,0.0,0,134.305,1750,96.13,-1
-0.45,-0.4,0.56,0.0,0.0,0.0,0,109.107,1750,98.38,-1
-0.45,-0.4,0.61,0.0,0.0,0.0,0,94.46,1750,98.2,-1
-0.45,-0.4,0.66,0.0,0.0,0.0,0,79.35,1750,98.68,-1
-0.45,-0.4,0.71,0.0,0.0,0.0,0,97.996,1750,95.87,-1
-0.45,-0.4,0.76,0.0,0.0,0.0,0,102.551,1750,97.57,-1
-0.45,-0.4,0.81,0.0,0.0,0.0,0,94.416,1750,92.3,-1
-0.45,-0.35,0.01,0.0,0.0,0.0,0,454.29,1750,99.31,-1
-0.45,-0.35,0.06,0.0,0.0,0.0,0,415.888,1750,99.79,-1
-0.45,-0.35,0.11,0.0,0.0,0.0,0,378.303,1750,99.61,-1
-0.45,-0.35,0.16,0.0,0.0,0.0,0,341.647,1750,100.3,-1
-0.45,-0.35,0.21,0.0,0.0,0.0,0,306.024,1750,101.62,-1
-0.45,-0.35,0.26,0.0,0.0,0.0,0,271.538,1750,96.82,-1
-0.45,-0.35,0.31,0.0,0.0,0.0,0,238.288,1750,100.88,-1
-0.45,-0.35,0.36,0.0,0.0,0.0,0,206.33,1750,97.52,-1
-0.45,-0.35,0.41,0.0,0.0,0.0,0,175.278,1750,100.73,-1
-0.45,-0.35,0.46,0.0,0.0,0.0,0,175.162,1750,98.31,-1
-0.45,-0.35,0.51,0.0,0.0,0.0,0,119.494,1750,98.24,-1
-0.45,-0.35,0.56,0.0,0.0,0.0,0,116.817,1750,97.5,-1
-0.45,-0.35,0.61,0.0,0.0,0.0,0,67.472,1750,97.25,-1
-0.45,-0.35,0.66,0.0,0.0,0.0,0,57.509,1750,96.69,-1
-0.45,-0.35,0.71,0.0,0.0,0.0,0,56.175,1750,95.89,-1
-0.45,-0.35,0.76,0.0,0.0,0.0,0,59.712,1750,93.25,-1
-0.45,-0.35,0.81,0.0,0.0,0.0,0,98.476,1750,92.83,-1
-0.45,-0.3,0.01,0.0,0.0,0.0,0,486.659,1750,101.05,-1
-0.45,-0.3,0.06,0.0,0.0,0.0,0,443.519,1750,100.16,-1
-0.45,-0.3,0.11,0.0,0.0,0.0,0,546.267,1750,100.46,-1
-0.45,-0.3,0.16,0.0,0.0,0.0,0,334.445,1750,99.91,-1
-0.45,-0.3,0.21,0.0,0.0,0.0,0,298.412,1750,99.5,-1
-0.45,-0.3,0.26,0.0,0.0,0.0,0,296.846,1750,101.05,-1
-0.45,-0.3,0.31,0.0,0.0,0.0,0,230.304,1750,99.23,-1
-0.45,-0.3,0.36,0.0,0.0,0.0,0,229.988,1750,100.48,-1
-0.45,-0.3,0.41,0.0,0.0,0.0,0,197.375,1750,100.66,-1
-0.45,-0.3,0.46,0.0,0.0,0.0,0,95.809,1750,97.18,-1
-0.45,-0.3,0.51,0.0,0.0,0.0,0,143.595,1750,96.75,-1
-0.45,-0.3,0.56,0.0,0.0,0.0,0,72.514,1750,96.64,-1
-0.45,-0.3,0.61,0.0,0.0,0.0,0,46.095,1750,98.67,-1
-0.45,-0.3,0.66,0.0,0.0,0.0,0,39.935,1750,96.99,-1
-0.45,-0.3,0.71,0.0,0.0,0.0,0,40.296,1750,95.82,-1
-0.45,-0.3,0.76,0.0,0.0,0.0,0,43.384,1750,90.68,-1
-0.45,-0.3,0.81,0.0,0.0,0.0,0,52.086,1750,91.47,-1
-0.45,-0.25,0.01,0.0,0.0,0.0,0,477.776,1750,100.24,-1
-0.45,-0.25,0.06,0.0,0.0,0.0,0,420.191,1750,99.82,-1
-0.45,-0.25,0.11,0.0,0.0,0.0,0,376.898,1750,100.75,-1
-0.45,-0.25,0.16,0.0,0.0,0.0,0,337.621,1750,99.02,-1
-0.45,-0.25,0.21,0.0,0.0,0.0,0,299.147,1750,99.6,-1
-0.45,-0.25,0.26,0.0,0.0,0.0,0,262.934,1750,98.87,-1
-0.45,-0.25,0.31,0.0,0.0,0.0,0,228.545,1750,98.48,-1
-0.45,-0.25,0.36,0.0,0.0,0.0,0,207.79,1750,99.35,-1
-0.45,-0.25,0.41,0.0,0.0,0.0,0,186.94,1750,98.41,-1
-0.45,-0.25,0.46,0.0,0.0,0.0,0,156.802,1750,98.42,-1
-0.45,-0.25,0.51,0.0,0.0,0.0,0,117.895,1750,97.1,-1
-0.45,-0.25,0.56,0.0,0.0,0.0,0,57.212,1750,99.04,-1
-0.45,-0.25,0.61,0.0,0.0,0.0,0,39.073,1750,98.38,-1
-0.45,-0.25,0.66,0.0,0.0,0.0,0,27.1,1750,96.96,-1
-0.45,-0.25,0.71,0.0,0.0,0.0,0,33.027,1750,95.27,-1
-0.45,-0.25,0.76,0.0,0.0,0.0,0,35.88,1750,91.47,-1
-0.45,-0.25,0.81,0.0,0.0,0.0,0,42.15,1750,90.58,-1
-0.45,-0.2,0.01,0.0,0.0,0.0,0,478.66,1750,101.64,-1
-0.45,-0.2,0.06,0.0,0.0,0.0,0,428.59,1750,100.35,-1
-0.45,-0.2,0.11,0.0,0.0,0.0,0,384.048,1750,99.72,-1
-0.45,-0.2,0.16,0.0,0.0,0.0,0,341.768,1750,99.45,-1
-0.45,-0.2,0.21,0.0,0.0,0.0,0,301.696,1750,99.84,-1
-0.45,-0.2,0.26,0.0,0.0,0.0,0,263.77,1750,98.2,-1
-0.45,-0.2,0.31,0.0,0.0,0.0,0,244.259,1750,95.08,-1
-0.45,-0.2,0.36,0.0,0.0,0.0,0,208.063,1750,97.18,-1
-0.45,-0.2,0.41,0.0,0.0,0.0,0,175.337,1750,97.12,-1
-0.45,-0.2,0.46,0.0,0.0,0.0,0,142.707,1750,99.27,-1
-0.45,-0.2,0.51,0.0,0.0,0.0,0,102.81,1750,99.52,-1
-0.45,-0.2,0.56,0.0,0.0,0.0,0,66.74,1750,99.9,-1
-0.45,-0.2,0.61,0.0,0.0,0.0,0,27.447,1750,96.38,-1
-0.45,-0.2,0.66,0.0,0.0,0.0,0,19.388,1750,100.0,-1
-0.45,-0.2,0.71,0.0,0.0,0.0,0,21.829,1750,95.4,-1
-0.45,-0.2,0.76,0.0,0.0,0.0,0,34.707,1750,91.16,-1
-0.45,-0.2,0.81,0.0,0.0,0.0,0,39.212,1750,91.6,-1
-0.45,-0.15,0.01,0.0,0.0,0.0,0,459.532,1750,102.08,-1
-0.45,-0.15,0.06,0.0,0.0,0.0,0,419.594,1750,99.24,-1
-0.45,-0.15,0.11,0.0,0.0,0.0,0,405.737,1750,101.14,-1
-0.45,-0.15,0.16,0.0,0.0,0.0,0,343.405,1750,101.4,-1
-0.45,-0.15,0.21,0.0,0.0,0.0,0,390.38,1750,97.06,-1
-0.45,-0.15,0.26,0.0,0.0,0.0,0,269.865,1750,97.74,-1
-0.45,-0.15,0.31,0.0,0.0,0.0,0,234.387,1750,97.6,-1
-0.45,-0.15,0.36,0.0,0.0,0.0,0,183.011,1750,96.91,-1
-0.45,-0.15,0.41,0.0,0.0,0.0,0,152.73,1750,96.59,-1
-0.45,-0.15,0.46,0.0,0.0,0.0,0,112.754,1750,94.83,-1
-0.45,-0.15,0.51,0.0,0.0,0.0,0,114.175,1750,99.89,-1
-0.45,-0.15,0.56,0.0,0.0,0.0,0,65.624,1750,97.12,-1
-0.45,-0.15,0.61,0.0,0.0,0.0,0,28.906,1750,98.81,-1
-0.45,-0.15,0.66,0.0,0.0,0.0,0,17.046,1750,97.65,-1
-0.45,-0.15,0.71,0.0,0.0,0.0,0,14.861,1750,92.31,-1
-0.45,-0.15,0.76,0.0,0.0,0.0,0,30.475,1750,90.53,-1
-0.45,-0.15,0.81,0.0,0.0,0.0,0,86.702,1750,90.99,-1
-0.45,-0.1,0.01,0.0,0.0,0.0,0,456.222,1750,101.26,-1
-0.45,-0.1,0.06,0.0,0.0,0.0,0,415.767,1750,103.24,-1
-0.45,-0.1,0.11,0.0,0.0,0.0,0,376.417,1750,99.42,-1
-0.45,-0.1,0.16,0.0,0.0,0.0,0,381.903,1750,98.86,-1
-0.45,-0.1,0.21,0.0,0.0,0.0,0,308.624,1750,97.53,-1
-0.45,-0.1,0.26,0.0,0.0,0.0,0,220.307,1750,99.47,-1
-0.45,-0.1,0.31,0.0,0.0,0.0,0,233.194,1750,99.14,-1
-0.45,-0.1,0.36,0.0,0.0,0.0,0,157.89,1750,98.68,-1
-0.45,-0.1,0.41,0.0,0.0,0.0,0,127.465,1750,97.93,-1
-0.45,-0.1,0.46,0.0,0.0,0.0,0,143.086,1750,97.6,-1
-0.45,-0.1,0.51,0.0,0.0,0.0,0,93.85,1750,97.86,-1
-0.45,-0.1,0.56,0.0,0.0,0.0,0,62.712,1750,100.04,-1
-0.45,-0.1,0.61,0.0,0.0,0.0,0,26.939,1750,99.5,-1
-0.45,-0.1,0.66,0.0,0.0,0.0,0,20.149,1750,98.01,-1
-0.45,-0.1,0.71,0.0,0.0,0.0,0,17.937,1750,92.12,-1
-0.45,-0.1,0.76,0.0,0.0,0.0,0,35.165,1750,91.59,-1
-0.45,-0.1,0.81,0.0,0.0,0.0,0,93.515,1750,91.28,-1
-0.45,-0.05,0.01,0.0,0.0,0.0,0,458.302,1750,103.57,-1
-0.45,-0.05,0.06,0.0,0.0,0.0,0,417.86,1750,100.17,-1
-0.45,-0.05,0.11,0.0,0.0,0.0,0,375.996,1750,98.87,-1
-0.45,-0.05,0.16,0.0,0.0,0.0,0,337.009,1750,100.49,-1
-0.45,-0.05,0.21,0.0,0.0,0.0,0,327.896,1750,100.21,-1
-0.45,-0.05,0.26,0.0,0.0,0.0,0,292.036,1750,102.0,-1
-0.45,-0.05,0.31,0.0,0.0,0.0,0,203.275,1750,98.35,-1
-0.45,-0.05,0.36,0.0,0.0,0.0,0,177.412,1750,98.22,-1
-0.45,-0.05,0.41,0.0,0.0,0.0,0,174.288,1750,99.16,-1
-0.45,-0.05,0.46,0.0,0.0,0.0,0,107.191,1750,97.59,-1
-0.45,-0.05,0.51,0.0,0.0,0.0,0,84.54,1750,100.28,-1
-0.45,-0.05,0.56,0.0,0.0,0.0,0,59.944,1750,97.97,-1
-0.45,-0.05,0.61,0.0,0.0,0.0,0,40.701,1750,100.15,-1
-0.45,-0.05,0.66,0.0,0.0,0.0,0,29.219,1750,100.3,-1
-0.45,-0.05,0.71,0.0,0.0,0.0,0,28.729,1750,95.81,-1
-0.45,-0.05,0.76,0.0,0.0,0.0,0,91.202,1750,93.66,-1
-0.45,-0.05,0.81,0.0,0.0,0.0,0,49.127,1750,91.95,-1
-0.45,0.0,0.01,0.0,0.0,0.0,0,484.792,1750,104.13,-1
-0.45,0.0,0.06,0.0,0.0,0.0,0,413.944,1750,101.8,-1
-0.45,0.0,0.11,0.0,0.0,0.0,0,399.45,1750,102.54,-1
-0.45,0.0,0.16,0.0,0.0,0.0,0,371.829,1750,101.3,-1
-0.45,0.0,0.21,0.0,0.0,0.0,0,398.501,1750,100.01,-1
-0.45,0.0,0.26,0.0,0.0,0.0,0,282.983,1750,102.7,-1
-0.45,0.0,0.31,0.0,0.0,0.0,0,230.759,1750,102.05,-1
-0.45,0.0,0.36,0.0,0.0,0.0,0,185.323,1750,101.96,-1
-0.45,0.0,0.41,0.0,0.0,0.0,0,156.689,1750,102.28,-1
-0.45,0.0,0.46,0.0,0.0,0.0,0,125.405,1750,99.81,-1
-0.45,0.0,0.51,0.0,0.0,0.0,0,97.586,1750,101.08,-1
-0.45,0.0,0.56,0.0,0.0,0.0,0,74.341,1750,100.82,-1
-0.45,0.0,0.61,0.0,0.0,0.0,0,56.99,1750,104.44,-1
-0.45,0.0,0.66,0.0,0.0,0.0,0,46.825,1750,105.21,-1
-0.45,0.0,0.71,0.0,0.0,0.0,0,54.772,1750,98.7,-1
-0.45,0.0,0.76,0.0,0.0,0.0,0,70.475,1750,96.51,-1
-0.45,0.0,0.81,0.0,0.0,0.0,0,74.917,1750,96.39,-1
-0.4,-0.6,0.01,0.0,0.0,0.0,0,634.357,1750,99.97,-1
-0.4,-0.6,0.06,0.0,0.0,0.0,0,480.539,1750,100.34,-1
-0.4,-0.6,0.11,0.0,0.0,0.0,0,518.712,1750,101.52,-1
-0.4,-0.6,0.16,0.0,0.0,0.0,0,403.062,1750,98.65,-1
-0.4,-0.6,0.21,0.0,0.0,0.0,0,366.595,1750,98.95,-1
-0.4,-0.6,0.26,0.0,0.0,0.0,0,480.303,1750,100.71,-1
-0.4,-0.6,0.31,0.0,0.0,0.0,0,485.705,1750,103.13,-1
-0.4,-0.6,0.36,0.0,0.0,0.0,0,365.344,1750,100.54,-1
-0.4,-0.6,0.41,0.0,0.0,0.0,0,288.686,1750,102.9,-1
-0.4,-0.6,0.46,0.0,0.0,0.0,0,231.917,1750,105.11,-1
-0.4,-0.6,0.51,0.0,0.0,0.0,0,215.422,1750,104.38,-1
-0.4,-0.6,0.56,0.0,0.0,0.0,0,185.329,1750,102.8,-1
-0.4,-0.6,0.61,0.0,0.0,0.0,0,170.799,1750,100.93,-1
-0.4,-0.6,0.66,0.0,0.0,0.0,0,165.532,1750,98.64,-1
-0.4,-0.6,0.71,0.0,0.0,0.0,0,168.528,1750,101.03,-1
-0.4,-0.6,0.76,0.0,0.0,0.0,0,171.178,1750,100.53,-1
-0.4,-0.6,0.81,0.0,0.0,0.0,0,177.381,1750,100.76,-1
-0.4,-0.55,0.01,0.0,0.0,0.0,0,499.338,1750,103.69,-1
-0.4,-0.55,0.06,0.0,0.0,0.0,0,461.362,1750,102.81,-1
-0.4,-0.55,0.11,0.0,0.0,0.0,0,487.278,1750,100.58,-1
-0.4,-0.55,0.16,0.0,0.0,0.0,0,450.231,1750,100.26,-1
-0.4,-0.55,0.21,0.0,0.0,0.0,0,539.872,1750,101.27,-1
-0.4,-0.55,0.26,0.0,0.0,0.0,0,350.782,1750,101.05,-1
-0.4,-0.55,0.31,0.0,0.0,0.0,0,371.036,1750,98.3,-1
-0.4,-0.55,0.36,0.0,0.0,0.0,0,270.307,1750,102.32,-1
-0.4,-0.55,0.41,0.0,0.0,0.0,0,236.673,1750,100.57,-1
-0.4,-0.55,0.46,0.0,0.0,0.0,0,201.084,1750,99.65,-1
-0.4,-0.55,0.51,0.0,0.0,0.0,0,167.356,1750,97.97,-1
-0.4,-0.55,0.56,0.0,0.0,0.0,0,148.523,1750,100.07,-1
-0.4,-0.55,0.61,0.0,0.0,0.0,0,136.068,1750,99.48,-1
-0.4,-0.55,0.66,0.0,0.0,0.0,0,129.103,1750,99.29,-1
-0.4,-0.55,0.71,0.0,0.0,0.0,0,131.042,1750,99.65,-1
-0.4,-0.55,0.76,0.0,0.0,0.0,0,155.007,1750,97.23,-1
-0.4,-0.55,0.81,0.0,0.0,0.0,0,142.864,1750,93.87,-1
-0.4,-0.5,0.01,0.0,0.0,0.0,0,533.998,1750,103.24,-1
-0.4,-0.5,0.06,0.0,0.0,0.0,0,529.245,1750,100.96,-1
-0.4,-0.5,0.11,0.0,0.0,0.0,0,407.805,1750,101.92,-1
-0.4,-0.5,0.16,0.0,0.0,0.0,0,424.217,1750,102.35,-1
-0.4,-0.5,0.21,0.0,0.0,0.0,0,385.172,1750,103.51,-1
-0.4,-0.5,0.26,0.0,0.0,0.0,0,382.42,1750,102.79,-1
-0.4,-0.5,0.31,0.0,0.0,0.0,0,509.109,1750,105.27,-1
-0.4,-0.5,0.36,0.0,0.0,0.0,0,240.125,1750,105.72,-1
-0.4,-0.5,0.41,0.0,0.0,0.0,0,196.402,1750,104.6,-1
-0.4,-0.5,0.46,0.0,0.0,0.0,0,180.661,1750,105.42,-1
-0.4,-0.5,0.51,0.0,0.0,0.0,0,153.69,1750,104.09,-1
-0.4,-0.5,0.56,0.0,0.0,0.0,0,117.838,1750,104.74,-1
-0.4,-0.5,0.61,0.0,0.0,0.0,0,103.264,1750,106.98,-1
-0.4,-0.5,0.66,0.0,0.0,0.0,0,95.333,1750,104.59,-1
-0.4,-0.5,0.71,0.0,0.0,0.0,0,100.81,1750,101.18,-1
-0.4,-0.5,0.76,0.0,0.0,0.0,0,105.023,1750,95.77,-1
-0.4,-0.5,0.81,0.0,0.0,0.0,0,113.77,1750,96.81,-1
-0.4,-0.45,0.01,0.0,0.0,0.0,0,471.529,1750,103.52,-1
-0.4,-0.45,0.06,0.0,0.0,0.0,0,433.008,1750,102.85,-1
-0.4,-0.45,0.11,0.0,0.0,0.0,0,395.262,1750,102.61,-1
-0.4,-0.45,0.16,0.0,0.0,0.0,0,398.205,1750,104.99,-1
-0.4,-0.45,0.21,0.0,0.0,0.0,0,322.619,1750,104.08,-1
-0.4,-0.45,0.26,0.0,0.0,0.0,0,326.085,1750,103.66,-1
-0.4,-0.45,0.31,0.0,0.0,0.0,0,246.252,1750,101.74,-1
-0.4,-0.45,0.36,0.0,0.0,0.0,0,211.175,1750,103.8,-1
-0.4,-0.45,0.41,0.0,0.0,0.0,0,181.014,1750,102.37,-1
-0.4,-0.45,0.46,0.0,0.0,0.0,0,133.894,1750,102.13,-1
-0.4,-0.45,0.51,0.0,0.0,0.0,0,109.001,1750,102.66,-1
-0.4,-0.45,0.56,0.0,0.0,0.0,0,89.96,1750,101.23,-1
-0.4,-0.45,0.61,0.0,0.0,0.0,0,76.436,1750,101.52,-1
-0.4,-0.45,0.66,0.0,0.0,0.0,0,64.312,1750,100.65,-1
-0.4,-0.45,0.71,0.0,0.0,0.0,0,106.374,1750,98.72,-1
-0.4,-0.45,0.76,0.0,0.0,0.0,0,82.537,1750,96.91,-1
-0.4,-0.45,0.81,0.0,0.0,0.0,0,91.626,1750,96.14,-1
-0.4,-0.4,0.01,0.0,0.0,0.0,0,462.638,1750,106.27,-1
-0.4,-0.4,0.06,0.0,0.0,0.0,0,423.442,1750,106.96,-1
-0.4,-0.4,0.11,0.0,0.0,0.0,0,413.589,1750,107.86,-1
-0.4,-0.4,0.16,0.0,0.0,0.0,0,375.673,1750,107.42,-1
-0.4,-0.4,0.21,0.0,0.0,0.0,0,305.026,1750,103.71,-1
-0.4,-0.4,0.26,0.0,0.0,0.0,0,268.55,1750,104.11,-1
-0.4,-0.4,0.31,0.0,0.0,0.0,0,229.836,1750,104.43,-1
-0.4,-0.4,0.36,0.0,0.0,0.0,0,175.282,1750,101.63,-1
-0.4,-0.4,0.41,0.0,0.0,0.0,0,141.102,1750,103.31,-1
-0.4,-0.4,0.46,0.0,0.0,0.0,0,112.277,1750,100.98,-1
-0.4,-0.4,0.51,0.0,0.0,0.0,0,119.02,1750,101.13,-1
-0.4,-0.4,0.56,0.0,0.0,0.0,0,91.33,1750,103.18,-1
-0.4,-0.4,0.61,0.0,0.0,0.0,0,49.613,1750,102.72,-1
-0.4,-0.4,0.66,0.0,0.0,0.0,0,36.586,1750,100.07,-1
-0.4,-0.4,0.71,0.0,0.0,0.0,0,34.342,1750,96.43,-1
-0.4,-0.4,0.76,0.0,0.0,0.0,0,53.61,1750,95.45,-1
-0.4,-0.4,0.81,0.0,0.0,0.0,0,47.038,1750,94.66,-1
-0.4,-0.35,0.01,0.0,0.0,0.0,0,438.899,1750,104.27,-1
-0.4,-0.35,0.06,0.0,0.0,0.0,0,399.423,1750,103.3,-1
-0.4,-0.35,0.11,0.0,0.0,0.0,0,360.944,1750,102.36,-1
-0.4,-0.35,0.16,0.0,0.0,0.0,0,363.778,1750,106.26,-1
-0.4,-0.35,0.21,0.0,0.0,0.0,0,287.287,1750,105.75,-1
-0.4,-0.35,0.26,0.0,0.0,0.0,0,252.294,1750,103.36,-1
-0.4,-0.35,0.31,0.0,0.0,0.0,0,196.95,1750,100.93,-1
-0.4,-0.35,0.36,0.0,0.0,0.0,0,203.092,1750,100.55,-1
-0.4,-0.35,0.41,0.0,0.0,0.0,0,106.946,1750,100.95,-1
-0.4,-0.35,0.46,0.0,0.0,0.0,0,160.656,1750,101.89,-1
-0.4,-0.35,0.51,0.0,0.0,0.0,0,110.926,1750,102.79,-1
-0.4,-0.35,0.56,0.0,0.0,0.0,0,74.12,1750,101.51,-1
-0.4,-0.35,0.61,0.0,0.0,0.0,0,23.938,1750,99.74,-1
-0.4,-0.35,0.66,0.0,0.0,0.0,0,12.77,1750,98.84,-1
-0.4,-0.35,0.71,0.0,0.0,0.0,0,12.383,1750,99.39,-1
-0.4,-0.35,0.76,0.0,0.0,0.0,0,17.625,1750,94.08,-1
-0.4,-0.35,0.81,0.0,0.0,0.0,0,27.524,1750,95.35,-1
-0.4,-0.3,0.01,0.0,0.0,0.0,0,430.133,1750,103.4,-1
-0.4,-0.3,0.06,0.0,0.0,0.0,0,390.054,1750,103.38,-1
-0.4,-0.3,0.11,0.0,0.0,0.0,0,351.791,1750,104.16,-1
-0.4,-0.3,0.16,0.0,0.0,0.0,0,314.891,1750,104.16,-1
-0.4,-0.3,0.21,0.0,0.0,0.0,0,279.279,1750,103.46,-1
-0.4,-0.3,0.26,0.0,0.0,0.0,0,244.984,1750,102.76,-1
-0.4,-0.3,0.31,0.0,0.0,0.0,0,233.764,1750,104.51,-1
-0.4,-0.3,0.36,0.0,0.0,0.0,0,200.453,1750,105.56,-1
-0.4,-0.3,0.41,0.0,0.0,0.0,0,186.199,1750,104.55,-1
-0.4,-0.3,0.46,0.0,0.0,0.0,0,155.56,1750,101.83,-1
-0.4,-0.3,0.51,0.0,0.0,0.0,0,91.302,1750,97.02,-1
-0.4,-0.3,0.56,0.0,0.0,0.0,0,56.924,1750,98.13,-1
-0.4,-0.3,0.61,0.0,0.0,0.0,1,7.858,750,43.14,2
-0.4,-0.3,0.66,0.0,0.0,0.0,1,2.439,762,43.29,3
-0.4,-0.3,0.71,0.0,0.0,0.0,1,2.213,16,0.95,0
-0.4,-0.3,0.76,0.0,0.0,0.0,1,2.809,9,0.56,0
-0.4,-0.3,0.81,0.0,0.0,0.0,1,6.245,250,13.31,0
-0.4,-0.25,0.01,0.0,0.0,0.0,0,444.137,1750,103.78,-1
-0.4,-0.25,0.06,0.0,0.0,0.0,0,398.677,1750,104.02,-1
-0.4,-0.25,0.11,0.0,0.0,0.0,0,357.009,1750,101.57,-1
-0.4,-0.25,0.16,0.0,0.0,0.0,0,343.109,1750,102.71,-1
-0.4,-0.25,0.21,0.0,0.0,0.0,0,279.773,1750,102.83,-1
-0.4,-0.25,0.26,0.0,0.0,0.0,0,244.74,1750,101.29,-1
-0.4,-0.25,0.31,0.0,0.0,0.0,0,235.611,1750,102.59,-1
-0.4,-0.25,0.36,0.0,0.0,0.0,0,202.541,1750,102.06,-1
-0.4,-0.25,0.41,0.0,0.0,0.0,0,183.812,1750,99.58,-1
-0.4,-0.25,0.46,0.0,0.0,0.0,0,151.873,1750,99.91,-1
-0.4,-0.25,0.51,0.0,0.0,0.0,0,95.263,1750,99.7,-1
-0.4,-0.25,0.56,0.0,0.0,0.0,0,28.937,1750,99.86,-1
-0.4,-0.25,0.61,0.0,0.0,0.0,1,1.908,26,1.56,0
-0.4,-0.25,0.66,0.0,0.0,0.0,1,1.431,12,0.75,0
-0.4,-0.25,0.71,0.0,0.0,0.0,1,1.386,15,0.92,0
-0.4,-0.25,0.76,0.0,0.0,0.0,1,1.547,9,0.55,0
-0.4,-0.25,0.81,0.0,0.0,0.0,1,2.803,9,0.56,0
-0.4,-0.2,0.01,0.0,0.0,0.0,0,451.235,1750,105.13,-1
-0.4,-0.2,0.06,0.0,0.0,0.0,0,406.836,1750,104.09,-1
-0.4,-0.2,0.11,0.0,0.0,0.0,0,362.668,1750,105.11,-1
-0.4,-0.2,0.16,0.0,0.0,0.0,0,320.926,1750,104.46,-1
-0.4,-0.2,0.21,0.0,0.0,0.0,0,310.395,1750,103.28,-1
-0.4,-0.2,0.26,0.0,0.0,0.0,0,244.79,1750,102.29,-1
-0.4,-0.2,0.31,0.0,0.0,0.0,0,229.485,1750,100.73,-1
-0.4,-0.2,0.36,0.0,0.0,0.0,0,146.409,1750,101.21,-1
-0.4,-0.2,0.41,0.0,0.0,0.0,0,96.202,1750,102.74,-1
-0.4,-0.2,0.46,0.0,0.0,0.0,0,148.961,1750,100.31,-1
-0.4,-0.2,0.51,0.0,0.0,0.0,0,87.244,1750,99.12,-1
-0.4,-0.2,0.56,0.0,0.0,0.0,0,10.812,1750,102.76,-1
-0.4,-0.2,0.61,0.0,0.0,0.0,1,2.318,761,47.0,3
-0.4,-0.2,0.66,0.0,0.0,0.0,1,1.543,15,0.94,0
-0.4,-0.2,0.71,0.0,0.0,0.0,1,1.282,15,0.93,0
-0.4,-0.2,0.76,0.0,0.0,0.0,1,1.361,9,0.57,0
-0.4,-0.2,0.81,0.0,0.0,0.0,1,1.924,9,0.57,0
-0.4,-0.15,0.01,0.0,0.0,0.0,0,442.515,1750,107.45,-1
-0.4,-0.15,0.06,0.0,0.0,0.0,0,402.53,1750,106.99,-1
-0.4,-0.15,0.11,0.0,0.0,0.0,0,363.866,1750,102.65,-1
-0.4,-0.15,0.16,0.0,0.0,0.0,0,326.646,1750,102.49,-1
-0.4,-0.15,0.21,0.0,0.0,0.0,0,271.488,1750,103.57,-1
-0.4,-0.15,0.26,0.0,0.0,0.0,0,247.62,1750,99.16,-1
-0.4,-0.15,0.31,0.0,0.0,0.0,0,242.825,1750,100.26,-1
-0.4,-0.15,0.36,0.0,0.0,0.0,0,145.925,1750,100.28,-1
-0.4,-0.15,0.41,0.0,0.0,0.0,0,149.698,1750,100.17,-1
-0.4,-0.15,0.46,0.0,0.0,0.0,0,145.58,1750,100.78,-1
-0.4,-0.15,0.51,0.0,0.0,0.0,0,82.703,1750,103.52,-1
-0.4,-0.15,0.56,0.0,0.0,0.0,1,7.83,250,14.36,0
-0.4,-0.15,0.61,0.0,0.0,0.0,1,1.586,771,47.79,3
-0.4,-0.15,0.66,0.0,0.0,0.0,1,1.908,10,0.66,0
-0.4,-0.15,0.71,0.0,0.0,0.0,1,2.752,266,16.43,1
-0.4,-0.15,0.76,0.0,0.0,0.0,1,2.638,8,0.54,0
-0.4,-0.15,0.81,0.0,0.0,0.0,1,1.815,9,0.59,0
-0.4,-0.1,0.01,0.0,0.0,0.0,0,439.258,1750,108.32,-1
-0.4,-0.1,0.06,0.0,0.0,0.0,0,365.784,1750,106.79,-1
-0.4,-0.1,0.11,0.0,0.0,0.0,0,359.42,1750,103.1,-1
-0.4,-0.1,0.16,0.0,0.0,0.0,0,321.417,1750,103.52,-1
-0.4,-0.1,0.21,0.0,0.0,0.0,0,267.271,1750,100.82,-1
-0.4,-0.1,0.26,0.0,0.0,0.0,0,254.359,1750,101.63,-1
-0.4,-0.1,0.31,0.0,0.0,0.0,0,221.386,1750,99.86,-1
-0.4,-0.1,0.36,0.0,0.0,0.0,0,167.094,1750,101.02,-1
-0.4,-0.1,0.41,0.0,0.0,0.0,0,146.92,1750,98.73,-1
-0.4,-0.1,0.46,0.0,0.0,0.0,0,77.726,1750,96.67,-1
-0.4,-0.1,0.51,0.0,0.0,0.0,0,43.865,1750,99.04,-1
-0.4,-0.1,0.56,0.0,0.0,0.0,0,12.702,1750,99.29,-1
-0.4,-0.1,0.61,0.0,0.0,0.0,1,1.934,763,46.07,3
-0.4,-0.1,0.66,0.0,0.0,0.0,1,1.634,11,0.68,0
-0.4,-0.1,0.71,0.0,0.0,0.0,1,2.262,10,0.61,0
-0.4,-0.1,0.76,0.0,0.0,0.0,1,2.501,8,0.5,0
-0.4,-0.1,0.81,0.0,0.0,0.0,1,2.096,9,0.55,0
-0.4,-0.05,0.01,0.0,0.0,0.0,0,439.983,1750,102.3,-1
-0.4,-0.05,0.06,0.0,0.0,0.0,0,398.073,1750,104.52,-1
-0.4,-0.05,0.11,0.0,0.0,0.0,0,361.815,1750,103.82,-1
-0.4,-0.05,0.16,0.0,0.0,0.0,0,247.863,1750,100.58,-1
-0.4,-0.05,0.21,0.0,0.0,0.0,0,310.324,1750,103.01,-1
-0.4,-0.05,0.26,0.0,0.0,0.0,0,283.207,1750,99.23,-1
-0.4,-0.05,0.31,0.0,0.0,0.0,0,175.027,1750,102.23,-1
-0.4,-0.05,0.36,0.0,0.0,0.0,0,192.48,1750,99.58,-1
-0.4,-0.05,0.41,0.0,0.0,0.0,0,168.615,1750,98.29,-1
-0.4,-0.05,0.46,0.0,0.0,0.0,0,71.062,1750,95.25,-1
-0.4,-0.05,0.51,0.0,0.0,0.0,0,43.887,1750,95.52,-1
-0.4,-0.05,0.56,0.0,0.0,0.0,0,19.927,1750,95.5,-1
-0.4,-0.05,0.61,0.0,0.0,0.0,1,2.583,765,45.12,3
-0.4,-0.05,0.66,0.0,0.0,0.0,1,2.302,762,44.07,3
-0.4,-0.05,0.71,0.0,0.0,0.0,1,2.02,11,0.68,0
-0.4,-0.05,0.76,0.0,0.0,0.0,1,2.214,10,0.6,0
-0.4,-0.05,0.81,0.0,0.0,0.0,1,2.995,11,0.66,0
-0.4,0.0,0.01,0.0,0.0,0.0,0,435.238,1750,101.6,-1
-0.4,0.0,0.06,0.0,0.0,0.0,0,419.331,1750,102.13,-1
-0.4,0.0,0.11,0.0,0.0,0.0,0,397.398,1750,97.99,-1
-0.4,0.0,0.16,0.0,0.0,0.0,0,361.055,1750,100.53,-1
-0.4,0.0,0.21,0.0,0.0,0.0,0,408.405,1750,98.54,-1
-0.4,0.0,0.26,0.0,0.0,0.0,0,250.553,1750,100.47,-1
-0.4,0.0,0.31,0.0,0.0,0.0,0,233.875,1750,98.62,-1
-0.4,0.0,0.36,0.0,0.0,0.0,0,163.344,1750,96.5,-1
-0.4,0.0,0.41,0.0,0.0,0.0,0,126.972,1750,96.12,-1
-0.4,0.0,0.46,0.0,0.0,0.0,0,92.832,1750,95.57,-1
-0.4,0.0,0.51,0.0,0.0,0.0,0,61.878,1750,95.2,-1
-0.4,0.0,0.56,0.0,0.0,0.0,0,35.466,1750,97.87,-1
-0.4,0.0,0.61,0.0,0.0,0.0,0,15.423,1750,101.36,-1
-0.4,0.0,0.66,0.0,0.0,0.0,1,8.575,1500,84.88,5
-0.4,0.0,0.71,0.0,0.0,0.0,1,7.785,250,13.55,0
-0.4,0.0,0.76,0.0,0.0,0.0,0,10.117,1750,93.24,-1
-0.4,0.0,0.81,0.0,0.0,0.0,0,31.302,1750,93.15,-1
-0.35,-0.6,0.01,0.0,0.0,0.0,0,616.557,1750,100.7,-1
-0.35,-0.6,0.06,0.0,0.0,0.0,0,459.285,1750,98.26,-1
-0.35,-0.6,0.11,0.0,0.0,0.0,0,419.286,1750,98.74,-1
-0.35,-0.6,0.16,0.0,0.0,0.0,0,378.947,1750,98.46,-1
-0.35,-0.6,0.21,0.0,0.0,0.0,0,389.195,1750,97.89,-1
-0.35,-0.6,0.26,0.0,0.0,0.0,0,314.12,1750,98.64,-1
-0.35,-0.6,0.31,0.0,0.0,0.0,0,411.587,1750,98.85,-1
-0.35,-0.6,0.36,0.0,0.0,0.0,0,270.036,1750,98.82,-1
-0.35,-0.6,0.41,0.0,0.0,0.0,0,239.377,1750,99.12,-1
-0.35,-0.6,0.46,0.0,0.0,0.0,0,211.948,1750,97.79,-1
-0.35,-0.6,0.51,0.0,0.0,0.0,0,175.273,1750,99.5,-1
-0.35,-0.6,0.56,0.0,0.0,0.0,0,156.599,1750,99.02,-1
-0.35,-0.6,0.61,0.0,0.0,0.0,0,142.527,1750,98.06,-1
-0.35,-0.6,0.66,0.0,0.0,0.0,0,135.104,1750,96.27,-1
-0.35,-0.6,0.71,0.0,0.0,0.0,0,146.134,1750,99.42,-1
-0.35,-0.6,0.76,0.0,0.0,0.0,0,169.862,1750,97.79,-1
-0.35,-0.6,0.81,0.0,0.0,0.0,0,152.987,1750,97.89,-1
-0.35,-0.55,0.01,0.0,0.0,0.0,0,478.61,1750,100.82,-1
-0.35,-0.55,0.06,0.0,0.0,0.0,0,507.934,1750,98.18,-1
-0.35,-0.55,0.11,0.0,0.0,0.0,0,472.49,1750,100.14,-1
-0.35,-0.55,0.16,0.0,0.0,0.0,0,447.157,1750,99.77,-1
-0.35,-0.55,0.21,0.0,0.0,0.0,0,372.614,1750,98.37,-1
-0.35,-0.55,0.26,0.0,0.0,0.0,0,366.316,1750,98.69,-1
-0.35,-0.55,0.31,0.0,0.0,0.0,0,284.476,1750,97.68,-1
-0.35,-0.55,0.36,0.0,0.0,0.0,0,233.314,1750,98.72,-1
-0.35,-0.55,0.41,0.0,0.0,0.0,0,214.705,1750,98.22,-1
-0.35,-0.55,0.46,0.0,0.0,0.0,0,165.773,1750,98.86,-1
-0.35,-0.55,0.51,0.0,0.0,0.0,0,140.665,1750,99.88,-1
-0.35,-0.55,0.56,0.0,0.0,0.0,0,119.922,1750,98.5,-1
-0.35,-0.55,0.61,0.0,0.0,0.0,0,103.172,1750,97.4,-1
-0.35,-0.55,0.66,0.0,0.0,0.0,0,95.585,1750,98.12,-1
-0.35,-0.55,0.71,0.0,0.0,0.0,0,105.92,1750,95.67,-1
-0.35,-0.55,0.76,0.0,0.0,0.0,0,107.937,1750,95.79,-1
-0.35,-0.55,0.81,0.0,0.0,0.0,0,112.868,1750,93.7,-1
-0.35,-0.5,0.01,0.0,0.0,0.0,0,519.17,1750,101.16,-1
-0.35,-0.5,0.06,0.0,0.0,0.0,0,424.161,1750,101.94,-1
-0.35,-0.5,0.11,0.0,0.0,0.0,0,385.862,1750,97.86,-1
-0.35,-0.5,0.16,0.0,0.0,0.0,0,408.642,1750,100.54,-1
-0.35,-0.5,0.21,0.0,0.0,0.0,0,358.609,1750,98.82,-1
-0.35,-0.5,0.26,0.0,0.0,0.0,0,525.537,1750,99.5,-1
-0.35,-0.5,0.31,0.0,0.0,0.0,0,254.896,1750,98.43,-1
-0.35,-0.5,0.36,0.0,0.0,0.0,0,222.658,1750,98.33,-1
-0.35,-0.5,0.41,0.0,0.0,0.0,0,182.769,1750,98.11,-1
-0.35,-0.5,0.46,0.0,0.0,0.0,0,141.773,1750,98.06,-1
-0.35,-0.5,0.51,0.0,0.0,0.0,0,103.343,1750,98.39,-1
-0.35,-0.5,0.56,0.0,0.0,0.0,0,82.565,1750,97.56,-1
-0.35,-0.5,0.61,0.0,0.0,0.0,0,67.918,1750,97.06,-1
-0.35,-0.5,0.66,0.0,0.0,0.0,0,58.966,1750,99.06,-1
-0.35,-0.5,0.71,0.0,0.0,0.0,0,65.403,1750,94.3,-1
-0.35,-0.5,0.76,0.0,0.0,0.0,0,70.033,1750,94.63,-1
-0.35,-0.5,0.81,0.0,0.0,0.0,0,79.453,1750,94.36,-1
-0.35,-0.45,0.01,0.0,0.0,0.0,0,451.072,1750,100.38,-1
-0.35,-0.45,0.06,0.0,0.0,0.0,0,411.977,1750,99.51,-1
-0.35,-0.45,0.11,0.0,0.0,0.0,0,373.621,1750,99.73,-1
-0.35,-0.45,0.16,0.0,0.0,0.0,0,336.136,1750,97.17,-1
-0.35,-0.45,0.21,0.0,0.0,0.0,0,347.284,1750,99.07,-1
-0.35,-0.45,0.26,0.0,0.0,0.0,0,260.556,1750,98.69,-1
-0.35,-0.45,0.31,0.0,0.0,0.0,0,238.991,1750,97.45,-1
-0.35,-0.45,0.36,0.0,0.0,0.0,0,206.284,1750,98.74,-1
-0.35,-0.45,0.41,0.0,0.0,0.0,0,161.418,1750,97.06,-1
-0.35,-0.45,0.46,0.0,0.0,0.0,0,123.464,1750,96.63,-1
-0.35,-0.45,0.51,0.0,0.0,0.0,0,78.577,1750,96.11,-1
-0.35,-0.45,0.56,0.0,0.0,0.0,0,54.741,1750,96.01,-1
-0.35,-0.45,0.61,0.0,0.0,0.0,0,38.587,1750,98.51,-1
-0.35,-0.45,0.66,0.0,0.0,0.0,0,25.601,1750,96.24,-1
-0.35,-0.45,0.71,0.0,0.0,0.0,0,46.334,1750,94.13,-1
-0.35,-0.45,0.76,0.0,0.0,0.0,0,30.706,1750,91.66,-1
-0.35,-0.45,0.81,0.0,0.0,0.0,0,60.963,1750,90.81,-1
-0.35,-0.4,0.01,0.0,0.0,0.0,0,442.545,1750,101.54,-1
-0.35,-0.4,0.06,0.0,0.0,0.0,0,403.674,1750,98.87,-1
-0.35,-0.4,0.11,0.0,0.0,0.0,0,386.46,1750,98.44,-1
-0.35,-0.4,0.16,0.0,0.0,0.0,0,359.881,1750,99.66,-1
-0.35,-0.4,0.21,0.0,0.0,0.0,0,291.64,1750,99.55,-1
-0.35,-0.4,0.26,0.0,0.0,0.0,0,261.895,1750,100.13,-1
-0.35,-0.4,0.31,0.0,0.0,0.0,0,227.661,1750,97.97,-1
-0.35,-0.4,0.36,0.0,0.0,0.0,0,157.194,1750,98.12,-1
-0.35,-0.4,0.41,0.0,0.0,0.0,0,163.327,1750,98.88,-1
-0.35,-0.4,0.46,0.0,0.0,0.0,0,81.56,1750,96.35,-1
-0.35,-0.4,0.51,0.0,0.0,0.0,0,78.924,1750,96.12,-1
-0.35,-0.4,0.56,0.0,0.0,0.0,0,62.509,1750,95.72,-1
-0.35,-0.4,0.61,0.0,0.0,0.0,1,9.736,750,40.84,2
-0.35,-0.4,0.66,0.0,0.0,0.0,1,2.471,18,1.1,0
-0.35,-0.4,0.71,0.0,0.0,0.0,1,2.288,9,0.55,0
-0.35,-0.4,0.76,0.0,0.0,0.0,1,2.864,10,0.6,0
-0.35,-0.4,0.81,0.0,0.0,0.0,0,11.391,1750,90.07,-1
-0.35,-0.35,0.01,0.0,0.0,0.0,0,468.45,1750,98.13,-1
-0.35,-0.35,0.06,0.0,0.0,0.0,0,414.319,1750,100.85,-1
-0.35,-0.35,0.11,0.0,0.0,0.0,0,373.256,1750,100.21,-1
-0.35,-0.35,0.16,0.0,0.0,0.0,0,310.343,1750,100.31,-1
-0.35,-0.35,0.21,0.0,0.0,0.0,0,290.938,1750,98.49,-1
-0.35,-0.35,0.26,0.0,0.0,0.0,0,255.27,1750,100.35,-1
-0.35,-0.35,0.31,0.0,0.0,0.0,0,184.827,1750,96.63,-1
-0.35,-0.35,0.36,0.0,0.0,0.0,0,133.917,1750,97.65,-1
-0.35,-0.35,0.41,0.0,0.0,0.0,0,157.004,1750,99.73,-1
-0.35,-0.35,0.46,0.0,0.0,0.0,0,127.359,1750,97.26,-1
-0.35,-0.35,0.51,0.0,0.0,0.0,0,85.127,1750,95.79,-1
-0.35,-0.35,0.56,0.0,0.0,0.0,1,8.689,500,28.37,1
-0.35,-0.35,0.61,0.0,0.0,0.0,1,0.851,516,30.32,2
-0.35,-0.35,0.66,0.0,0.0,0.0,1,1.981,19,1.14,0
-0.35,-0.35,0.71,0.0,0.0,0.0,1,1.247,263,12.0,1
-0.35,-0.35,0.76,0.0,0.0,0.0,1,2.413,8,0.51,0
-0.35,-0.35,0.81,0.0,0.0,0.0,1,1.316,9,0.56,0
-0.35,-0.3,0.01,0.0,0.0,0.0,0,412.762,1750,101.33,-1
-0.35,-0.3,0.06,0.0,0.0,0.0,0,374.157,1750,99.26,-1
-0.35,-0.3,0.11,0.0,0.0,0.0,0,366.123,1750,99.68,-1
-0.35,-0.3,0.16,0.0,0.0,0.0,0,327.324,1750,97.32,-1
-0.35,-0.3,0.21,0.0,0.0,0.0,0,288.648,1750,99.88,-1
-0.35,-0.3,0.26,0.0,0.0,0.0,0,253.095,1750,99.86,-1
-0.35,-0.3,0.31,0.0,0.0,0.0,0,218.954,1750,95.57,-1
-0.35,-0.3,0.36,0.0,0.0,0.0,0,186.333,1750,97.34,-1
-0.35,-0.3,0.41,0.0,0.0,0.0,0,189.485,1750,96.8,-1
-0.35,-0.3,0.46,0.0,0.0,0.0,0,125.948,1750,98.57,-1
-0.35,-0.3,0.51,0.0,0.0,0.0,0,28.267,1750,93.85,-1
-0.35,-0.3,0.56,0.0,0.0,0.0,1,1.95,263,15.29,1
-0.35,-0.3,0.61,0.0,0.0,0.0,1,0.926,513,28.35,2
-0.35,-0.3,0.66,0.0,0.0,0.0,1,0.746,12,0.75,0
-0.35,-0.3,0.71,0.0,0.0,0.0,1,0.654,262,15.37,1
-0.35,-0.3,0.76,0.0,0.0,0.0,1,0.561,8,0.5,0
-0.35,-0.3,0.81,0.0,0.0,0.0,1,0.808,9,0.55,0
-0.35,-0.25,0.01,0.0,0.0,0.0,0,426.318,1750,100.19,-1
-0.35,-0.25,0.06,0.0,0.0,0.0,0,403.97,1750,100.38,-1
-0.35,-0.25,0.11,0.0,0.0,0.0,0,364.966,1750,97.91,-1
-0.35,-0.25,0.16,0.0,0.0,0.0,0,301.837,1750,99.38,-1
-0.35,-0.25,0.21,0.0,0.0,0.0,0,268.012,1750,97.41,-1
-0.35,-0.25,0.26,0.0,0.0,0.0,0,255.27,1750,99.83,-1
-0.35,-0.25,0.31,0.0,0.0,0.0,0,221.377,1750,95.6,-1
-0.35,-0.25,0.36,0.0,0.0,0.0,0,188.879,1750,101.0,-1
-0.35,-0.25,0.41,0.0,0.0,0.0,0,190.914,1750,95.48,-1
-0.35,-0.25,0.46,0.0,0.0,0.0,0,93.575,1750,94.65,-1
-0.35,-0.25,0.51,0.0,0.0,0.0,0,16.703,1750,95.77,-1
-0.35,-0.25,0.56,0.0,0.0,0.0,1,2.801,266,14.75,1
-0.35,-0.25,0.61,0.0,0.0,0.0,1,1.958,15,0.93,0
-0.35,-0.25,0.66,0.0,0.0,0.0,1,0.788,14,0.85,0
-0.35,-0.25,0.71,0.0,0.0,0.0,1,1.987,259,15.22,1
-0.35,-0.25,0.76,0.0,0.0,0.0,1,0.898,8,0.5,0
-0.35,-0.25,0.81,0.0,0.0,0.0,1,0.76,9,0.55,0
-0.35,-0.2,0.01,0.0,0.0,0.0,0,438.382,1750,100.46,-1
-0.35,-0.2,0.06,0.0,0.0,0.0,0,398.342,1750,100.19,-1
-0.35,-0.2,0.11,0.0,0.0,0.0,0,346.256,1750,99.53,-1
-0.35,-0.2,0.16,0.0,0.0,0.0,0,322.643,1750,100.71,-1
-0.35,-0.2,0.21,0.0,0.0,0.0,0,244.057,1750,98.54,-1
-0.35,-0.2,0.26,0.0,0.0,0.0,0,261.685,1750,98.14,-1
-0.35,-0.2,0.31,0.0,0.0,0.0,0,247.126,1750,98.03,-1
-0.35,-0.2,0.36,0.0,0.0,0.0,0,197.833,1750,96.91,-1
-0.35,-0.2,0.41,0.0,0.0,0.0,0,184.23,1750,98.3,-1
-0.35,-0.2,0.46,0.0,0.0,0.0,0,43.475,1750,93.31,-1
-0.35,-0.2,0.51,0.0,0.0,0.0,0,11.318,1750,95.57,-1
-0.35,-0.2,0.56,0.0,0.0,0.0,1,2.867,21,1.27,0
-0.35,-0.2,0.61,0.0,0.0,0.0,1,1.165,260,13.31,1
-0.35,-0.2,0.66,0.0,0.0,0.0,1,1.198,10,0.62,0
-0.35,-0.2,0.71,0.0,0.0,0.0,1,1.036,259,15.38,1
-0.35,-0.2,0.76,0.0,0.0,0.0,1,0.869,8,0.5,0
-0.35,-0.2,0.81,0.0,0.0,0.0,1,0.892,9,0.56,0
-0.35,-0.15,0.01,0.0,0.0,0.0,0,432.307,1750,100.85,-1
-0.35,-0.15,0.06,0.0,0.0,0.0,0,403.957,1750,100.79,-1
-0.35,-0.15,0.11,0.0,0.0,0.0,0,351.308,1750,100.61,-1
-0.35,-0.15,0.16,0.0,0.0,0.0,0,335.887,1750,97.22,-1
-0.35,-0.15,0.21,0.0,0.0,0.0,0,307.989,1750,98.12,-1
-0.35,-0.15,0.26,0.0,0.0,0.0,0,275.4,1750,100.19,-1
-0.35,-0.15,0.31,0.0,0.0,0.0,0,180.369,1750,99.43,-1
-0.35,-0.15,0.36,0.0,0.0,0.0,0,205.145,1750,95.77,-1
-0.35,-0.15,0.41,0.0,0.0,0.0,0,174.151,1750,98.94,-1
-0.35,-0.15,0.46,0.0,0.0,0.0,0,91.093,1750,94.98,-1
-0.35,-0.15,0.51,0.0,0.0,0.0,1,6.646,500,27.06,1
-0.35,-0.15,0.56,0.0,0.0,0.0,1,1.535,1261,71.05,5
-0.35,-0.15,0.61,0.0,0.0,0.0,1,1.201,761,43.62,3
-0.35,-0.15,0.66,0.0,0.0,0.0,1,1.394,10,0.62,0
-0.35,-0.15,0.71,0.0,0.0,0.0,1,1.213,9,0.57,0
-0.35,-0.15,0.76,0.0,0.0,0.0,1,1.232,8,0.5,0
-0.35,-0.15,0.81,0.0,0.0,0.0,1,2.138,8,0.49,0
-0.35,-0.1,0.01,0.0,0.0,0.0,0,425.886,1750,100.68,-1
-0.35,-0.1,0.06,0.0,0.0,0.0,0,385.696,1750,99.03,-1
-0.35,-0.1,0.11,0.0,0.0,0.0,0,378.934,1750,97.42,-1
-0.35,-0.1,0.16,0.0,0.0,0.0,0,218.47,1750,98.19,-1
-0.35,-0.1,0.21,0.0,0.0,0.0,0,194.283,1750,97.23,-1
-0.35,-0.1,0.26,0.0,0.0,0.0,0,241.293,1750,97.15,-1
-0.35,-0.1,0.31,0.0,0.0,0.0,0,155.124,1750,96.56,-1
-0.35,-0.1,0.36,0.0,0.0,0.0,0,194.631,1750,95.7,-1
-0.35,-0.1,0.41,0.0,0.0,0.0,0,163.589,1750,96.94,-1
-0.35,-0.1,0.46,0.0,0.0,0.0,0,55.032,1750,94.87,-1
-0.35,-0.1,0.51,0.0,0.0,0.0,1,8.796,500,27.74,1
-0.35,-0.1,0.56,0.0,0.0,0.0,1,1.504,774,43.66,3
-0.35,-0.1,0.61,0.0,0.0,0.0,1,1.491,264,14.04,1
-0.35,-0.1,0.66,0.0,0.0,0.0,1,1.196,760,43.6,3
-0.35,-0.1,0.71,0.0,0.0,0.0,1,1.731,9,0.56,0
-0.35,-0.1,0.76,0.0,0.0,0.0,1,1.156,9,0.55,0
-0.35,-0.1,0.81,0.0,0.0,0.0,1,1.978,8,0.5,0
-0.35,-0.05,0.01,0.0,0.0,0.0,0,425.248,1750,99.81,-1
-0.35,-0.05,0.06,0.0,0.0,0.0,0,388.36,1750,100.26,-1
-0.35,-0.05,0.11,0.0,0.0,0.0,0,384.33,1750,98.9,-1
-0.35,-0.05,0.16,0.0,0.0,0.0,0,311.579,1750,97.29,-1
-0.35,-0.05,0.21,0.0,0.0,0.0,0,250.458,1750,98.01,-1
-0.35,-0.05,0.26,0.0,0.0,0.0,0,192.96,1750,97.71,-1
-0.35,-0.05,0.31,0.0,0.0,0.0,0,220.795,1750,98.86,-1
-0.35,-0.05,0.36,0.0,0.0,0.0,0,163.897,1750,95.92,-1
-0.35,-0.05,0.41,0.0,0.0,0.0,0,117.354,1750,95.69,-1
-0.35,-0.05,0.46,0.0,0.0,0.0,0,56.941,1750,95.03,-1
-0.35,-0.05,0.51,0.0,0.0,0.0,0,16.698,1750,93.86,-1
-0.35,-0.05,0.56,0.0,0.0,0.0,1,2.036,267,15.57,1
-0.35,-0.05,0.61,0.0,0.0,0.0,1,1.655,12,0.53,0
-0.35,-0.05,0.66,0.0,0.0,0.0,1,1.513,1263,73.08,5
-0.35,-0.05,0.71,0.0,0.0,0.0,1,1.574,10,0.62,0
-0.35,-0.05,0.76,0.0,0.0,0.0,1,2.467,10,0.62,0
-0.35,-0.05,0.81,0.0,0.0,0.0,1,2.794,8,0.5,0
-0.35,0.0,0.01,0.0,0.0,0.0,0,436.768,1750,100.31,-1
-0.35,0.0,0.06,0.0,0.0,0.0,0,416.022,1750,100.98,-1
-0.35,0.0,0.11,0.0,0.0,0.0,0,391.163,1750,99.56,-1
-0.35,0.0,0.16,0.0,0.0,0.0,0,334.459,1750,99.66,-1
-0.35,0.0,0.21,0.0,0.0,0.0,0,228.968,1750,98.68,-1
-0.35,0.0,0.26,0.0,0.0,0.0,0,253.142,1750,99.2,-1
-0.35,0.0,0.31,0.0,0.0,0.0,0,149.394,1750,101.04,-1
-0.35,0.0,0.36,0.0,0.0,0.0,0,140.625,1750,99.94,-1
-0.35,0.0,0.41,0.0,0.0,0.0,0,101.803,1750,95.37,-1
-0.35,0.0,0.46,0.0,0.0,0.0,0,64.744,1750,97.08,-1
-0.35,0.0,0.51,0.0,0.0,0.0,0,30.363,1750,95.93,-1
-0.35,0.0,0.56,0.0,0.0,0.0,1,2.148,763,43.85,3
-0.35,0.0,0.61,0.0,0.0,0.0,1,2.028,14,0.85,0
-0.35,0.0,0.66,0.0,0.0,0.0,1,2.659,1262,72.0,5
-0.35,0.0,0.71,0.0,0.0,0.0,1,2.675,10,0.61,0
-0.35,0.0,0.76,0.0,0.0,0.0,1,2.358,13,0.79,0
-0.35,0.0,0.81,0.0,0.0,0.0,1,1.884,9,0.55,0
-0.3,-0.6,0.01,0.0,0.0,0.0,0,595.027,1750,98.86,-1
-0.3,-0.6,0.06,0.0,0.0,0.0,0,527.44,1750,97.15,-1
-0.3,-0.6,0.11,0.0,0.0,0.0,0,475.774,1750,100.16,-1
-0.3,-0.6,0.16,0.0,0.0,0.0,0,420.658,1750,99.65,-1
-0.3,-0.6,0.21,0.0,0.0,0.0,0,440.378,1750,99.28,-1
-0.3,-0.6,0.26,0.0,0.0,0.0,0,326.25,1750,96.76,-1
-0.3,-0.6,0.31,0.0,0.0,0.0,0,277.427,1750,98.8,-1
-0.3,-0.6,0.36,0.0,0.0,0.0,0,256.691,1750,98.9,-1
-0.3,-0.6,0.41,0.0,0.0,0.0,0,217.864,1750,97.38,-1
-0.3,-0.6,0.46,0.0,0.0,0.0,0,176.532,1750,100.75,-1
-0.3,-0.6,0.51,0.0,0.0,0.0,0,152.284,1750,96.82,-1
-0.3,-0.6,0.56,0.0,0.0,0.0,0,132.383,1750,99.49,-1
-0.3,-0.6,0.61,0.0,0.0,0.0,0,117.746,1750,97.49,-1
-0.3,-0.6,0.66,0.0,0.0,0.0,0,109.253,1750,97.69,-1
-0.3,-0.6,0.71,0.0,0.0,0.0,0,128.751,1750,99.84,-1
-0.3,-0.6,0.76,0.0,0.0,0.0,0,157.472,1750,97.05,-1
-0.3,-0.6,0.81,0.0,0.0,0.0,0,267.358,1750,97.49,-1
-0.3,-0.55,0.01,0.0,0.0,0.0,0,569.265,1750,95.98,-1
-0.3,-0.55,0.06,0.0,0.0,0.0,0,526.963,1750,99.16,-1
-0.3,-0.55,0.11,0.0,0.0,0.0,0,458.317,1750,98.39,-1
-0.3,-0.55,0.16,0.0,0.0,0.0,0,403.84,1750,99.0,-1
-0.3,-0.55,0.21,0.0,0.0,0.0,0,403.364,1750,98.29,-1
-0.3,-0.55,0.26,0.0,0.0,0.0,0,308.016,1750,96.51,-1
-0.3,-0.55,0.31,0.0,0.0,0.0,0,247.12,1750,98.47,-1
-0.3,-0.55,0.36,0.0,0.0,0.0,0,212.134,1750,99.22,-1
-0.3,-0.55,0.41,0.0,0.0,0.0,0,172.944,1750,97.37,-1
-0.3,-0.55,0.46,0.0,0.0,0.0,0,142.729,1750,101.98,-1
-0.3,-0.55,0.51,0.0,0.0,0.0,0,115.9,1750,99.53,-1
-0.3,-0.55,0.56,0.0,0.0,0.0,0,93.455,1750,99.84,-1
-0.3,-0.55,0.61,0.0,0.0,0.0,0,76.617,1750,97.51,-1
-0.3,-0.55,0.66,0.0,0.0,0.0,0,66.687,1750,97.82,-1
-0.3,-0.55,0.71,0.0,0.0,0.0,0,93.809,1750,97.54,-1
-0.3,-0.55,0.76,0.0,0.0,0.0,0,107.069,1750,93.19,-1
-0.3,-0.55,0.81,0.0,0.0,0.0,0,103.554,1750,97.69,-1
-0.3,-0.5,0.01,0.0,0.0,0.0,0,579.607,1750,100.42,-1
-0.3,-0.5,0.06,0.0,0.0,0.0,0,405.516,1750,99.73,-1
-0.3,-0.5,0.11,0.0,0.0,0.0,0,431.443,1750,97.89,-1
-0.3,-0.5,0.16,0.0,0.0,0.0,0,326.537,1750,98.73,-1
-0.3,-0.5,0.21,0.0,0.0,0.0,0,286.947,1750,98.09,-1
-0.3,-0.5,0.26,0.0,0.0,0.0,0,276.697,1750,98.17,-1
-0.3,-0.5,0.31,0.0,0.0,0.0,0,224.059,1750,98.15,-1
-0.3,-0.5,0.36,0.0,0.0,0.0,0,180.462,1750,98.01,-1
-0.3,-0.5,0.41,0.0,0.0,0.0,0,145.414,1750,95.79,-1
-0.3,-0.5,0.46,0.0,0.0,0.0,0,112.676,1750,98.7,-1
-0.3,-0.5,0.51,0.0,0.0,0.0,0,83.042,1750,96.35,-1
-0.3,-0.5,0.56,0.0,0.0,0.0,0,57.652,1750,97.85,-1
-0.3,-0.5,0.61,0.0,0.0,0.0,0,38.069,1750,94.72,-1
-0.3,-0.5,0.66,0.0,0.0,0.0,0,26.213,1750,97.35,-1
-0.3,-0.5,0.71,0.0,0.0,0.0,0,23.896,1750,92.76,-1
-0.3,-0.5,0.76,0.0,0.0,0.0,0,33.008,1750,93.81,-1
-0.3,-0.5,0.81,0.0,0.0,0.0,0,36.006,1750,91.81,-1
-0.3,-0.45,0.01,0.0,0.0,0.0,0,484.345,1750,98.05,-1
-0.3,-0.45,0.06,0.0,0.0,0.0,0,393.636,1750,99.68,-1
-0.3,-0.45,0.11,0.0,0.0,0.0,0,354.954,1750,99.67,-1
-0.3,-0.45,0.16,0.0,0.0,0.0,0,369.434,1750,99.23,-1
-0.3,-0.45,0.21,0.0,0.0,0.0,0,298.02,1750,97.27,-1
-0.3,-0.45,0.26,0.0,0.0,0.0,0,261.761,1750,98.91,-1
-0.3,-0.45,0.31,0.0,0.0,0.0,0,228.871,1750,98.71,-1
-0.3,-0.45,0.36,0.0,0.0,0.0,0,197.57,1750,97.96,-1
-0.3,-0.45,0.41,0.0,0.0,0.0,0,167.688,1750,96.69,-1
-0.3,-0.45,0.46,0.0,0.0,0.0,0,138.862,1750,97.19,-1
-0.3,-0.45,0.51,0.0,0.0,0.0,0,48.139,1750,96.32,-1
-0.3,-0.45,0.56,0.0,0.0,0.0,0,22.668,1750,96.34,-1
-0.3,-0.45,0.61,0.0,0.0,0.0,1,4.493,500,26.39,1
-0.3,-0.45,0.66,0.0,0.0,0.0,1,1.019,14,0.68,0
-0.3,-0.45,0.71,0.0,0.0,0.0,1,0.812,18,1.05,0
-0.3,-0.45,0.76,0.0,0.0,0.0,1,1.432,12,0.7,0
-0.3,-0.45,0.81,0.0,0.0,0.0,1,3.957,250,13.46,0
-0.3,-0.4,0.01,0.0,0.0,0.0,0,454.098,1750,99.35,-1
-0.3,-0.4,0.06,0.0,0.0,0.0,0,424.545,1750,99.42,-1
-0.3,-0.4,0.11,0.0,0.0,0.0,0,384.942,1750,97.86,-1
-0.3,-0.4,0.16,0.0,0.0,0.0,0,310.45,1750,99.4,-1
-0.3,-0.4,0.21,0.0,0.0,0.0,0,285.929,1750,99.19,-1
-0.3,-0.4,0.26,0.0,0.0,0.0,0,251.27,1750,97.5,-1
-0.3,-0.4,0.31,0.0,0.0,0.0,0,218.413,1750,98.09,-1
-0.3,-0.4,0.36,0.0,0.0,0.0,0,177.498,1750,96.86,-1
-0.3,-0.4,0.41,0.0,0.0,0.0,0,121.583,1750,94.75,-1
-0.3,-0.4,0.46,0.0,0.0,0.0,0,97.625,1750,95.81,-1
-0.3,-0.4,0.51,0.0,0.0,0.0,0,29.367,1750,96.44,-1
-0.3,-0.4,0.56,0.0,0.0,0.0,1,1.973,270,14.72,1
-0.3,-0.4,0.61,0.0,0.0,0.0,1,0.534,20,0.87,0
-0.3,-0.4,0.66,0.0,0.0,0.0,1,1.258,21,0.95,0
-0.3,-0.4,0.71,0.0,0.0,0.0,1,2.833,10,0.48,0
-0.3,-0.4,0.76,0.0,0.0,0.0,1,2.913,9,0.44,0
-0.3,-0.4,0.81,0.0,0.0,0.0,1,0.575,10,0.48,0
-0.3,-0.35,0.01,0.0,0.0,0.0,0,441.315,1750,99.06,-1
-0.3,-0.35,0.06,0.0,0.0,0.0,0,399.378,1750,98.49,-1
-0.3,-0.35,0.11,0.0,0.0,0.0,0,358.632,1750,99.22,-1
-0.3,-0.35,0.16,0.0,0.0,0.0,0,316.261,1750,99.03,-1
-0.3,-0.35,0.21,0.0,0.0,0.0,0,279.888,1750,97.78,-1
-0.3,-0.35,0.26,0.0,0.0,0.0,0,245.253,1750,96.16,-1
-0.3,-0.35,0.31,0.0,0.0,0.0,0,212.557,1750,95.41,-1
-0.3,-0.35,0.36,0.0,0.0,0.0,0,182.079,1750,97.12,-1
-0.3,-0.35,0.41,0.0,0.0,0.0,0,154.11,1750,95.25,-1
-0.3,-0.35,0.46,0.0,0.0,0.0,0,98.469,1750,92.97,-1
-0.3,-0.35,0.51,0.0,0.0,0.0,0,13.688,1750,95.04,-1
-0.3,-0.35,0.56,0.0,0.0,0.0,1,1.264,263,15.22,1
-0.3,-0.35,0.61,0.0,0.0,0.0,1,2.841,258,15.31,1
-0.3,-0.35,0.66,0.0,0.0,0.0,1,0.354,12,0.74,0
-0.3,-0.35,0.71,0.0,0.0,0.0,1,2.29,13,0.78,0
-0.3,-0.35,0.76,0.0,0.0,0.0,1,1.216,9,0.55,0
-0.3,-0.35,0.81,0.0,0.0,0.0,1,1.981,9,0.54,0
-0.3,-0.3,0.01,0.0,0.0,0.0,0,402.969,1750,97.26,-1
-0.3,-0.3,0.06,0.0,0.0,0.0,0,393.149,1750,98.97,-1
-0.3,-0.3,0.11,0.0,0.0,0.0,0,353.512,1750,99.07,-1
-0.3,-0.3,0.16,0.0,0.0,0.0,0,314.298,1750,97.61,-1
-0.3,-0.3,0.21,0.0,0.0,0.0,0,278.142,1750,95.97,-1
-0.3,-0.3,0.26,0.0,0.0,0.0,0,243.676,1750,96.31,-1
-0.3,-0.3,0.31,0.0,0.0,0.0,0,211.166,1750,96.99,-1
-0.3,-0.3,0.36,0.0,0.0,0.0,0,180.902,1750,96.06,-1
-0.3,-0.3,0.41,0.0,0.0,0.0,0,166.757,1750,92.98,-1
-0.3,-0.3,0.46,0.0,0.0,0.0,0,75.557,1750,93.7,-1
-0.3,-0.3,0.51,0.0,0.0,0.0,1,4.102,250,13.77,0
-0.3,-0.3,0.56,0.0,0.0,0.0,1,1.084,28,1.68,0
-0.3,-0.3,0.61,0.0,0.0,0.0,1,1.045,261,15.11,1
-0.3,-0.3,0.66,0.0,0.0,0.0,1,1.311,761,41.01,3
-0.3,-0.3,0.71,0.0,0.0,0.0,1,1.393,14,0.84,0
-0.3,-0.3,0.76,0.0,0.0,0.0,1,1.688,8,0.49,0
-0.3,-0.3,0.81,0.0,0.0,0.0,1,0.73,9,0.55,0
-0.3,-0.25,0.01,0.0,0.0,0.0,0,431.098,1750,97.15,-1
-0.3,-0.25,0.06,0.0,0.0,0.0,0,391.809,1750,97.93,-1
-0.3,-0.25,0.11,0.0,0.0,0.0,0,327.343,1750,96.95,-1
-0.3,-0.25,0.16,0.0,0.0,0.0,0,316.423,1750,98.49,-1
-0.3,-0.25,0.21,0.0,0.0,0.0,0,280.598,1750,98.74,-1
-0.3,-0.25,0.26,0.0,0.0,0.0,0,246.409,1750,95.42,-1
-0.3,-0.25,0.31,0.0,0.0,0.0,0,213.926,1750,98.0,-1
-0.3,-0.25,0.36,0.0,0.0,0.0,0,183.625,1750,97.05,-1
-0.3,-0.25,0.41,0.0,0.0,0.0,0,88.878,1750,94.74,-1
-0.3,-0.25,0.46,0.0,0.0,0.0,0,58.043,1750,91.66,-1
-0.3,-0.25,0.51,0.0,0.0,0.0,1,2.078,17,1.03,0
-0.3,-0.25,0.56,0.0,0.0,0.0,1,0.858,15,0.92,0
-0.3,-0.25,0.61,0.0,0.0,0.0,1,2.941,259,15.22,1
-0.3,-0.25,0.66,0.0,0.0,0.0,1,0.831,11,0.68,0
-0.3,-0.25,0.71,0.0,0.0,0.0,1,2.167,259,13.28,1
-0.3,-0.25,0.76,0.0,0.0,0.0,1,0.607,8,0.5,0
-0.3,-0.25,0.81,0.0,0.0,0.0,1,2.12,8,0.5,0
-0.3,-0.2,0.01,0.0,0.0,0.0,0,423.926,1750,100.22,-1
-0.3,-0.2,0.06,0.0,0.0,0.0,0,376.91,1750,99.55,-1
-0.3,-0.2,0.11,0.0,0.0,0.0,0,358.788,1750,97.68,-1
-0.3,-0.2,0.16,0.0,0.0,0.0,0,310.46,1750,97.46,-1
-0.3,-0.2,0.21,0.0,0.0,0.0,0,287.04,1750,96.88,-1
-0.3,-0.2,0.26,0.0,0.0,0.0,0,253.875,1750,97.18,-1
-0.3,-0.2,0.31,0.0,0.0,0.0,0,222.918,1750,96.34,-1
-0.3,-0.2,0.36,0.0,0.0,0.0,0,213.697,1750,96.76,-1
-0.3,-0.2,0.41,0.0,0.0,0.0,0,116.651,1750,96.95,-1
-0.3,-0.2,0.46,0.0,0.0,0.0,0,51.97,1750,93.24,-1
-0.3,-0.2,0.51,0.0,0.0,0.0,1,1.566,15,0.92,0
-0.3,-0.2,0.56,0.0,0.0,0.0,1,0.783,264,13.49,1
-0.3,-0.2,0.61,0.0,0.0,0.0,1,0.997,12,0.58,0
-0.3,-0.2,0.66,0.0,0.0,0.0,1,0.931,10,0.61,0
-0.3,-0.2,0.71,0.0,0.0,0.0,1,0.767,259,15.54,1
-0.3,-0.2,0.76,0.0,0.0,0.0,1,0.709,8,0.49,0
-0.3,-0.2,0.81,0.0,0.0,0.0,1,1.174,8,0.49,0
-0.3,-0.15,0.01,0.0,0.0,0.0,0,429.696,1750,99.47,-1
-0.3,-0.15,0.06,0.0,0.0,0.0,0,389.295,1750,99.38,-1
-0.3,-0.15,0.11,0.0,0.0,0.0,0,350.477,1750,97.08,-1
-0.3,-0.15,0.16,0.0,0.0,0.0,0,330.54,1750,96.92,-1
-0.3,-0.15,0.21,0.0,0.0,0.0,0,247.122,1750,97.1,-1
-0.3,-0.15,0.26,0.0,0.0,0.0,0,262.309,1750,98.03,-1
-0.3,-0.15,0.31,0.0,0.0,0.0,0,130.924,1750,94.59,-1
-0.3,-0.15,0.36,0.0,0.0,0.0,0,198.613,1750,95.11,-1
-0.3,-0.15,0.41,0.0,0.0,0.0,0,64.501,1750,97.87,-1
-0.3,-0.15,0.46,0.0,0.0,0.0,0,23.753,1750,92.23,-1
-0.3,-0.15,0.51,0.0,0.0,0.0,1,1.294,264,14.4,1
-0.3,-0.15,0.56,0.0,0.0,0.0,1,1.252,263,15.49,1
-0.3,-0.15,0.61,0.0,0.0,0.0,1,1.237,761,44.46,3
-0.3,-0.15,0.66,0.0,0.0,0.0,1,1.475,261,13.69,1
-0.3,-0.15,0.71,0.0,0.0,0.0,1,1.222,9,0.55,0
-0.3,-0.15,0.76,0.0,0.0,0.0,1,1.17,8,0.49,0
-0.3,-0.15,0.81,0.0,0.0,0.0,1,1.07,8,0.49,0
-0.3,-0.1,0.01,0.0,0.0,0.0,0,416.262,1750,97.94,-1
-0.3,-0.1,0.06,0.0,0.0,0.0,0,402.634,1750,97.83,-1
-0.3,-0.1,0.11,0.0,0.0,0.0,0,365.656,1750,99.08,-1
-0.3,-0.1,0.16,0.0,0.0,0.0,0,350.652,1750,98.69,-1
-0.3,-0.1,0.21,0.0,0.0,0.0,0,237.854,1750,94.33,-1
-0.3,-0.1,0.26,0.0,0.0,0.0,0,252.092,1750,97.05,-1
-0.3,-0.1,0.31,0.0,0.0,0.0,0,136.941,1750,96.19,-1
-0.3,-0.1,0.36,0.0,0.0,0.0,0,189.364,1750,98.05,-1
-0.3,-0.1,0.41,0.0,0.0,0.0,0,118.823,1750,96.41,-1
-0.3,-0.1,0.46,0.0,0.0,0.0,0,23.061,1750,93.43,-1
-0.3,-0.1,0.51,0.0,0.0,0.0,1,2.301,15,0.93,0
-0.3,-0.1,0.56,0.0,0.0,0.0,1,1.349,761,43.07,3
-0.3,-0.1,0.61,0.0,0.0,0.0,1,2.826,12,0.73,0
-0.3,-0.1,0.66,0.0,0.0,0.0,1,1.692,263,15.87,1
-0.3,-0.1,0.71,0.0,0.0,0.0,1,1.987,9,0.55,0
-0.3,-0.1,0.76,0.0,0.0,0.0,1,1.877,9,0.54,0
-0.3,-0.1,0.81,0.0,0.0,0.0,1,1.412,8,0.49,0
-0.3,-0.05,0.01,0.0,0.0,0.0,0,408.898,1750,99.41,-1
-0.3,-0.05,0.06,0.0,0.0,0.0,0,373.058,1750,97.7,-1
-0.3,-0.05,0.11,0.0,0.0,0.0,0,371.143,1750,98.87,-1
-0.3,-0.05,0.16,0.0,0.0,0.0,0,315.904,1750,98.14,-1
-0.3,-0.05,0.21,0.0,0.0,0.0,0,253.887,1750,99.12,-1
-0.3,-0.05,0.26,0.0,0.0,0.0,0,245.793,1750,97.32,-1
-0.3,-0.05,0.31,0.0,0.0,0.0,0,155.303,1750,94.7,-1
-0.3,-0.05,0.36,0.0,0.0,0.0,0,105.325,1750,94.05,-1
-0.3,-0.05,0.41,0.0,0.0,0.0,0,88.286,1750,95.66,-1
-0.3,-0.05,0.46,0.0,0.0,0.0,0,33.019,1750,94.45,-1
-0.3,-0.05,0.51,0.0,0.0,0.0,1,2.781,16,0.99,0
-0.3,-0.05,0.56,0.0,0.0,0.0,1,1.525,761,43.71,3
-0.3,-0.05,0.61,0.0,0.0,0.0,1,2.407,263,14.12,1
-0.3,-0.05,0.66,0.0,0.0,0.0,1,2.728,263,15.41,1
-0.3,-0.05,0.71,0.0,0.0,0.0,1,1.266,10,0.62,0
-0.3,-0.05,0.76,0.0,0.0,0.0,1,1.947,9,0.55,0
-0.3,-0.05,0.81,0.0,0.0,0.0,1,1.279,9,0.54,0
-0.3,0.0,0.01,0.0,0.0,0.0,0,427.846,1750,101.13,-1
-0.3,0.0,0.06,0.0,0.0,0.0,0,408.187,1750,98.9,-1
-0.3,0.0,0.11,0.0,0.0,0.0,0,345.11,1750,100.2,-1
-0.3,0.0,0.16,0.0,0.0,0.0,0,281.05,1750,97.8,-1
-0.3,0.0,0.21,0.0,0.0,0.0,0,212.097,1750,98.52,-1
-0.3,0.0,0.26,0.0,0.0,0.0,0,191.157,1750,99.12,-1
-0.3,0.0,0.31,0.0,0.0,0.0,0,211.102,1750,98.56,-1
-0.3,0.0,0.36,0.0,0.0,0.0,0,214.482,1750,98.97,-1
-0.3,0.0,0.41,0.0,0.0,0.0,0,74.229,1750,98.55,-1
-0.3,0.0,0.46,0.0,0.0,0.0,0,42.235,1750,97.65,-1
-0.3,0.0,0.51,0.0,0.0,0.0,1,4.977,750,41.71,2
-0.3,0.0,0.56,0.0,0.0,0.0,0,379.76,1750,99.36,-1
-0.3,0.0,0.61,0.0,0.0,0.0,1,1.626,262,15.88,1
-0.3,0.0,0.66,0.0,0.0,0.0,1,1.495,1513,86.68,6
-0.3,0.0,0.71,0.0,0.0,0.0,1,1.988,10,0.61,0
-0.3,0.0,0.76,0.0,0.0,0.0,1,1.352,9,0.55,0
-0.3,0.0,0.81,0.0,0.0,0.0,1,1.339,11,0.67,0
-0.25,-0.6,0.01,0.0,0.0,0.0,0,565.462,1750,97.84,-1
-0.25,-0.6,0.06,0.0,0.0,0.0,0,424.324,1750,97.62,-1
-0.25,-0.6,0.11,0.0,0.0,0.0,0,461.517,1750,98.52,-1
-0.25,-0.6,0.16,0.0,0.0,0.0,0,406.97,1750,97.7,-1
-0.25,-0.6,0.21,0.0,0.0,0.0,0,314.011,1750,97.94,-1
-0.25,-0.6,0.26,0.0,0.0,0.0,0,315.021,1750,96.97,-1
-0.25,-0.6,0.31,0.0,0.0,0.0,0,281.327,1750,99.19,-1
-0.25,-0.6,0.36,0.0,0.0,0.0,0,249.082,1750,98.49,-1
-0.25,-0.6,0.41,0.0,0.0,0.0,0,188.669,1750,96.65,-1
-0.25,-0.6,0.46,0.0,0.0,0.0,0,159.892,1750,96.36,-1
-0.25,-0.6,0.51,0.0,0.0,0.0,0,134.601,1750,98.3,-1
-0.25,-0.6,0.56,0.0,0.0,0.0,0,113.703,1750,96.1,-1
-0.25,-0.6,0.61,0.0,0.0,0.0,0,98.235,1750,98.06,-1
-0.25,-0.6,0.66,0.0,0.0,0.0,0,89.222,1750,97.35,-1
-0.25,-0.6,0.71,0.0,0.0,0.0,0,85.264,1750,95.97,-1
-0.25,-0.6,0.76,0.0,0.0,0.0,0,135.557,1750,98.08,-1
-0.25,-0.6,0.81,0.0,0.0,0.0,0,131.884,1750,97.67,-1
-0.25,-0.55,0.01,0.0,0.0,0.0,0,444.171,1750,99.46,-1
-0.25,-0.55,0.06,0.0,0.0,0.0,0,405.09,1750,99.63,-1
-0.25,-0.55,0.11,0.0,0.0,0.0,0,443.496,1750,98.24,-1
-0.25,-0.55,0.16,0.0,0.0,0.0,0,389.691,1750,97.22,-1
-0.25,-0.55,0.21,0.0,0.0,0.0,0,289.317,1750,98.0,-1
-0.25,-0.55,0.26,0.0,0.0,0.0,0,263.21,1750,99.98,-1
-0.25,-0.55,0.31,0.0,0.0,0.0,0,314.258,1750,101.92,-1
-0.25,-0.55,0.36,0.0,0.0,0.0,0,193.673,1750,100.58,-1
-0.25,-0.55,0.41,0.0,0.0,0.0,0,156.605,1750,102.67,-1
-0.25,-0.55,0.46,0.0,0.0,0.0,0,125.1,1750,98.42,-1
-0.25,-0.55,0.51,0.0,0.0,0.0,0,96.875,1750,97.31,-1
-0.25,-0.55,0.56,0.0,0.0,0.0,0,73.014,1750,95.81,-1
-0.25,-0.55,0.61,0.0,0.0,0.0,0,54.911,1750,96.14,-1
-0.25,-0.55,0.66,0.0,0.0,0.0,0,44.133,1750,96.69,-1
-0.25,-0.55,0.71,0.0,0.0,0.0,0,87.187,1750,94.44,-1
-0.25,-0.55,0.76,0.0,0.0,0.0,0,61.857,1750,95.47,-1
-0.25,-0.55,0.81,0.0,0.0,0.0,0,89.174,1750,94.13,-1
-0.25,-0.5,0.01,0.0,0.0,0.0,0,429.022,1750,96.9,-1
-0.25,-0.5,0.06,0.0,0.0,0.0,0,459.313,1750,99.5,-1
-0.25,-0.5,0.11,0.0,0.0,0.0,0,422.546,1750,97.37,-1
-0.25,-0.5,0.16,0.0,0.0,0.0,0,308.724,1750,99.16,-1
-0.25,-0.5,0.21,0.0,0.0,0.0,0,321.51,1750,96.87,-1
-0.25,-0.5,0.26,0.0,0.0,0.0,0,241.283,1750,98.44,-1
-0.25,-0.5,0.31,0.0,0.0,0.0,0,215.191,1750,97.37,-1
-0.25,-0.5,0.36,0.0,0.0,0.0,0,164.831,1750,95.37,-1
-0.25,-0.5,0.41,0.0,0.0,0.0,0,128.398,1750,98.4,-1
-0.25,-0.5,0.46,0.0,0.0,0.0,0,94.04,1750,97.42,-1
-0.25,-0.5,0.51,0.0,0.0,0.0,0,62.545,1750,96.96,-1
-0.25,-0.5,0.56,0.0,0.0,0.0,0,35.112,1750,96.63,-1
-0.25,-0.5,0.61,0.0,0.0,0.0,0,13.537,1750,94.47,-1
-0.25,-0.5,0.66,0.0,0.0,0.0,1,4.329,250,13.81,0
-0.25,-0.5,0.71,0.0,0.0,0.0,1,3.699,250,13.77,0
-0.25,-0.5,0.76,0.0,0.0,0.0,1,5.591,250,12.25,0
-0.25,-0.5,0.81,0.0,0.0,0.0,0,11.637,1750,91.73,-1
-0.25,-0.45,0.01,0.0,0.0,0.0,0,475.024,1750,98.68,-1
-0.25,-0.45,0.06,0.0,0.0,0.0,0,378.028,1750,98.45,-1
-0.25,-0.45,0.11,0.0,0.0,0.0,0,339.362,1750,98.14,-1
-0.25,-0.45,0.16,0.0,0.0,0.0,0,322.477,1750,98.52,-1
-0.25,-0.45,0.21,0.0,0.0,0.0,0,289.215,1750,97.19,-1
-0.25,-0.45,0.26,0.0,0.0,0.0,0,227.908,1750,98.94,-1
-0.25,-0.45,0.31,0.0,0.0,0.0,0,183.522,1750,94.85,-1
-0.25,-0.45,0.36,0.0,0.0,0.0,0,143.7,1750,97.04,-1
-0.25,-0.45,0.41,0.0,0.0,0.0,0,105.029,1750,96.72,-1
-0.25,-0.45,0.46,0.0,0.0,0.0,0,67.932,1750,93.77,-1
-0.25,-0.45,0.51,0.0,0.0,0.0,0,33.091,1750,93.77,-1
-0.25,-0.45,0.56,0.0,0.0,0.0,1,2.697,14,0.69,0
-0.25,-0.45,0.61,0.0,0.0,0.0,1,2.512,26,1.47,0
-0.25,-0.45,0.66,0.0,0.0,0.0,1,1.406,513,30.45,2
-0.25,-0.45,0.71,0.0,0.0,0.0,1,2.62,14,0.85,0
-0.25,-0.45,0.76,0.0,0.0,0.0,1,2.291,13,0.76,0
-0.25,-0.45,0.81,0.0,0.0,0.0,1,1.575,10,0.58,0
-0.25,-0.4,0.01,0.0,0.0,0.0,0,409.857,1750,98.33,-1
-0.25,-0.4,0.06,0.0,0.0,0.0,0,370.786,1750,99.71,-1
-0.25,-0.4,0.11,0.0,0.0,0.0,0,332.721,1750,98.28,-1
-0.25,-0.4,0.16,0.0,0.0,0.0,0,314.392,1750,98.2,-1
-0.25,-0.4,0.21,0.0,0.0,0.0,0,279.359,1750,95.25,-1
-0.25,-0.4,0.26,0.0,0.0,0.0,0,246.561,1750,97.61,-1
-0.25,-0.4,0.31,0.0,0.0,0.0,0,216.387,1750,96.52,-1
-0.25,-0.4,0.36,0.0,0.0,0.0,0,184.6,1750,93.69,-1
-0.25,-0.4,0.41,0.0,0.0,0.0,0,165.213,1750,95.28,-1
-0.25,-0.4,0.46,0.0,0.0,0.0,0,51.909,1750,94.43,-1
-0.25,-0.4,0.51,0.0,0.0,0.0,1,9.969,500,26.54,1
-0.25,-0.4,0.56,0.0,0.0,0.0,0,92.49,1750,98.53,-1
-0.25,-0.4,0.61,0.0,0.0,0.0,1,1.298,519,27.99,2
-0.25,-0.4,0.66,0.0,0.0,0.0,1,2.358,15,0.91,0
-0.25,-0.4,0.71,0.0,0.0,0.0,1,1.307,10,0.61,0
-0.25,-0.4,0.76,0.0,0.0,0.0,1,1.513,8,0.49,0
-0.25,-0.4,0.81,0.0,0.0,0.0,1,1.407,10,0.6,0
-0.25,-0.35,0.01,0.0,0.0,0.0,0,441.858,1750,98.84,-1
-0.25,-0.35,0.06,0.0,0.0,0.0,0,388.371,1750,98.06,-1
-0.25,-0.35,0.11,0.0,0.0,0.0,0,348.347,1750,99.99,-1
-0.25,-0.35,0.16,0.0,0.0,0.0,0,308.843,1750,95.94,-1
-0.25,-0.35,0.21,0.0,0.0,0.0,0,273.834,1750,97.38,-1
-0.25,-0.35,0.26,0.0,0.0,0.0,0,241.157,1750,96.8,-1
-0.25,-0.35,0.31,0.0,0.0,0.0,0,172.078,1750,94.36,-1
-0.25,-0.35,0.36,0.0,0.0,0.0,0,95.45,1750,95.45,-1
-0.25,-0.35,0.41,0.0,0.0,0.0,0,97.467,1750,93.0,-1
-0.25,-0.35,0.46,0.0,0.0,0.0,0,94.702,1750,94.58,-1
-0.25,-0.35,0.51,0.0,0.0,0.0,1,1.926,12,0.75,0
-0.25,-0.35,0.56,0.0,0.0,0.0,1,1.54,518,27.79,2
-0.25,-0.35,0.61,0.0,0.0,0.0,1,2.304,260,15.23,1
-0.25,-0.35,0.66,0.0,0.0,0.0,1,1.183,17,1.04,0
-0.25,-0.35,0.71,0.0,0.0,0.0,1,1.331,11,0.69,0
-0.25,-0.35,0.76,0.0,0.0,0.0,1,0.941,8,0.49,0
-0.25,-0.35,0.81,0.0,0.0,0.0,1,2.816,8,0.51,0
-0.25,-0.3,0.01,0.0,0.0,0.0,0,424.347,1750,105.4,-1
-0.25,-0.3,0.06,0.0,0.0,0.0,0,383.98,1750,99.32,-1
-0.25,-0.3,0.11,0.0,0.0,0.0,0,345.093,1750,102.46,-1
-0.25,-0.3,0.16,0.0,0.0,0.0,0,302.13,1750,98.89,-1
-0.25,-0.3,0.21,0.0,0.0,0.0,0,272.64,1750,100.26,-1
-0.25,-0.3,0.26,0.0,0.0,0.0,0,240.15,1750,100.34,-1
-0.25,-0.3,0.31,0.0,0.0,0.0,0,210.464,1750,98.59,-1
-0.25,-0.3,0.36,0.0,0.0,0.0,0,113.816,1750,97.53,-1
-0.25,-0.3,0.41,0.0,0.0,0.0,0,108.786,1750,97.95,-1
-0.25,-0.3,0.46,0.0,0.0,0.0,0,32.418,1750,97.54,-1
-0.25,-0.3,0.51,0.0,0.0,0.0,1,2.548,11,0.56,0
-0.25,-0.3,0.56,0.0,0.0,0.0,0,93.58,1750,99.65,-1
-0.25,-0.3,0.61,0.0,0.0,0.0,1,2.055,264,15.51,1
-0.25,-0.3,0.66,0.0,0.0,0.0,1,2.453,10,0.73,0
-0.25,-0.3,0.71,0.0,0.0,0.0,1,1.314,10,0.61,0
-0.25,-0.3,0.76,0.0,0.0,0.0,1,2.916,7,0.44,0
-0.25,-0.3,0.81,0.0,0.0,0.0,1,2.964,8,0.49,0
-0.25,-0.25,0.01,0.0,0.0,0.0,0,392.731,1750,100.68,-1
-0.25,-0.25,0.06,0.0,0.0,0.0,0,383.718,1750,101.29,-1
-0.25,-0.25,0.11,0.0,0.0,0.0,0,304.309,1750,102.74,-1
-0.25,-0.25,0.16,0.0,0.0,0.0,0,310.144,1750,100.01,-1
-0.25,-0.25,0.21,0.0,0.0,0.0,0,275.665,1750,100.83,-1
-0.25,-0.25,0.26,0.0,0.0,0.0,0,243.21,1750,101.08,-1
-0.25,-0.25,0.31,0.0,0.0,0.0,0,213.545,1750,99.94,-1
-0.25,-0.25,0.36,0.0,0.0,0.0,0,230.053,1750,98.32,-1
-0.25,-0.25,0.41,0.0,0.0,0.0,0,64.602,1750,97.95,-1
-0.25,-0.25,0.46,0.0,0.0,0.0,0,18.839,1750,97.02,-1
-0.25,-0.25,0.51,0.0,0.0,0.0,1,2.201,16,0.97,0
-0.25,-0.25,0.56,0.0,0.0,0.0,1,1.802,266,15.59,1
-0.25,-0.25,0.61,0.0,0.0,0.0,1,1.582,760,43.02,3
-0.25,-0.25,0.66,0.0,0.0,0.0,1,1.898,9,0.56,0
-0.25,-0.25,0.71,0.0,0.0,0.0,1,1.329,259,15.49,1
-0.25,-0.25,0.76,0.0,0.0,0.0,1,1.786,7,0.44,0
-0.25,-0.25,0.81,0.0,0.0,0.0,1,2.563,8,0.49,0
-0.25,-0.2,0.01,0.0,0.0,0.0,0,412.503,1750,103.08,-1
-0.25,-0.2,0.06,0.0,0.0,0.0,0,368.811,1750,103.6,-1
-0.25,-0.2,0.11,0.0,0.0,0.0,0,352.144,1750,101.32,-1
-0.25,-0.2,0.16,0.0,0.0,0.0,0,316.529,1750,102.38,-1
-0.25,-0.2,0.21,0.0,0.0,0.0,0,283.018,1750,102.42,-1
-0.25,-0.2,0.26,0.0,0.0,0.0,0,252.038,1750,98.64,-1
-0.25,-0.2,0.31,0.0,0.0,0.0,0,224.074,1750,100.8,-1
-0.25,-0.2,0.36,0.0,0.0,0.0,0,107.357,1750,99.33,-1
-0.25,-0.2,0.41,0.0,0.0,0.0,0,49.524,1750,97.34,-1
-0.25,-0.2,0.46,0.0,0.0,0.0,0,15.121,1750,95.98,-1
-0.25,-0.2,0.51,0.0,0.0,0.0,1,1.812,13,0.87,0
-0.25,-0.2,0.56,0.0,0.0,0.0,1,1.983,262,15.6,1
-0.25,-0.2,0.61,0.0,0.0,0.0,1,1.688,763,45.39,3
-0.25,-0.2,0.66,0.0,0.0,0.0,1,2.772,261,16.1,1
-0.25,-0.2,0.71,0.0,0.0,0.0,1,2.755,258,19.5,1
-0.25,-0.2,0.76,0.0,0.0,0.0,1,0.986,8,0.56,0
-0.25,-0.2,0.81,0.0,0.0,0.0,1,0.934,8,0.51,0
-0.25,-0.15,0.01,0.0,0.0,0.0,0,413.168,1750,103.23,-1
-0.25,-0.15,0.06,0.0,0.0,0.0,0,398.959,1750,101.54,-1
-0.25,-0.15,0.11,0.0,0.0,0.0,0,337.494,1750,102.48,-1
-0.25,-0.15,0.16,0.0,0.0,0.0,0,300.66,1750,102.46,-1
-0.25,-0.15,0.21,0.0,0.0,0.0,0,291.83,1750,103.44,-1
-0.25,-0.15,0.26,0.0,0.0,0.0,0,247.142,1750,99.93,-1
-0.25,-0.15,0.31,0.0,0.0,0.0,0,196.474,1750,100.0,-1
-0.25,-0.15,0.36,0.0,0.0,0.0,0,84.811,1750,99.52,-1
-0.25,-0.15,0.41,0.0,0.0,0.0,0,71.572,1750,96.5,-1
-0.25,-0.15,0.46,0.0,0.0,0.0,0,13.937,1750,96.82,-1
-0.25,-0.15,0.51,0.0,0.0,0.0,1,1.697,13,0.59,0
-0.25,-0.15,0.56,0.0,0.0,0.0,1,2.074,1258,72.89,5
-0.25,-0.15,0.61,0.0,0.0,0.0,1,1.299,12,0.74,0
-0.25,-0.15,0.66,0.0,0.0,0.0,1,1.223,261,16.03,1
-0.25,-0.15,0.71,0.0,0.0,0.0,1,1.461,10,0.61,0
-0.25,-0.15,0.76,0.0,0.0,0.0,1,1.039,8,0.49,0
-0.25,-0.15,0.81,0.0,0.0,0.0,1,0.792,8,0.49,0
-0.25,-0.1,0.01,0.0,0.0,0.0,0,410.443,1750,104.65,-1
-0.25,-0.1,0.06,0.0,0.0,0.0,0,310.719,1750,100.76,-1
-0.25,-0.1,0.11,0.0,0.0,0.0,0,356.726,1750,101.33,-1
-0.25,-0.1,0.16,0.0,0.0,0.0,0,194.476,1750,101.66,-1
-0.25,-0.1,0.21,0.0,0.0,0.0,0,281.523,1750,99.74,-1
-0.25,-0.1,0.26,0.0,0.0,0.0,0,162.346,1750,100.31,-1
-0.25,-0.1,0.31,0.0,0.0,0.0,0,148.499,1750,97.99,-1
-0.25,-0.1,0.36,0.0,0.0,0.0,0,124.513,1750,99.32,-1
-0.25,-0.1,0.41,0.0,0.0,0.0,0,61.279,1750,94.71,-1
-0.25,-0.1,0.46,0.0,0.0,0.0,0,17.451,1750,98.84,-1
-0.25,-0.1,0.51,0.0,0.0,0.0,1,1.455,15,0.92,0
-0.25,-0.1,0.56,0.0,0.0,0.0,1,1.882,761,44.16,3
-0.25,-0.1,0.61,0.0,0.0,0.0,1,1.424,263,15.99,1
-0.25,-0.1,0.66,0.0,0.0,0.0,1,1.441,262,16.04,1
-0.25,-0.1,0.71,0.0,0.0,0.0,1,1.958,10,0.61,0
-0.25,-0.1,0.76,0.0,0.0,0.0,1,2.871,10,0.67,0
-0.25,-0.1,0.81,0.0,0.0,0.0,1,0.925,9,0.55,0
-0.25,-0.05,0.01,0.0,0.0,0.0,0,461.257,1750,102.26,-1
-0.25,-0.05,0.06,0.0,0.0,0.0,0,300.318,1750,104.09,-1
-0.25,-0.05,0.11,0.0,0.0,0.0,0,286.185,1750,102.02,-1
-0.25,-0.05,0.16,0.0,0.0,0.0,0,306.525,1750,102.62,-1
-0.25,-0.05,0.21,0.0,0.0,0.0,0,343.538,1750,102.23,-1
-0.25,-0.05,0.26,0.0,0.0,0.0,0,190.011,1750,103.3,-1
-0.25,-0.05,0.31,0.0,0.0,0.0,0,299.44,1750,105.37,-1
-0.25,-0.05,0.36,0.0,0.0,0.0,0,186.359,1750,103.44,-1
-0.25,-0.05,0.41,0.0,0.0,0.0,0,93.078,1750,100.2,-1
-0.25,-0.05,0.46,0.0,0.0,0.0,0,23.556,1750,99.63,-1
-0.25,-0.05,0.51,0.0,0.0,0.0,1,1.694,19,1.15,0
-0.25,-0.05,0.56,0.0,0.0,0.0,1,1.803,766,44.89,3
-0.25,-0.05,0.61,0.0,0.0,0.0,0,298.087,1750,105.5,-1
-0.25,-0.05,0.66,0.0,0.0,0.0,1,1.512,1512,90.58,6
-0.25,-0.05,0.71,0.0,0.0,0.0,1,1.398,11,0.67,0
-0.25,-0.05,0.76,0.0,0.0,0.0,1,1.534,10,0.61,0
-0.25,-0.05,0.81,0.0,0.0,0.0,1,1.169,12,0.72,0
-0.25,0.0,0.01,0.0,0.0,0.0,0,340.77,1750,100.68,-1
-0.25,0.0,0.06,0.0,0.0,0.0,0,333.081,1750,102.9,-1
-0.25,0.0,0.11,0.0,0.0,0.0,0,309.078,1750,101.8,-1
-0.25,0.0,0.16,0.0,0.0,0.0,0,258.643,1750,99.76,-1
-0.25,0.0,0.21,0.0,0.0,0.0,0,202.295,1750,100.67,-1
-0.25,0.0,0.26,0.0,0.0,0.0,0,164.571,1750,104.08,-1
-0.25,0.0,0.31,0.0,0.0,0.0,0,210.33,1750,104.32,-1
-0.25,0.0,0.36,0.0,0.0,0.0,0,98.897,1750,103.59,-1
-0.25,0.0,0.41,0.0,0.0,0.0,0,65.298,1750,103.56,-1
-0.25,0.0,0.46,0.0,0.0,0.0,0,21.853,1750,103.67,-1
-0.25,0.0,0.51,0.0,0.0,0.0,1,2.049,762,44.54,3
-0.25,0.0,0.56,0.0,0.0,0.0,0,352.677,1750,105.23,-1
-0.25,0.0,0.61,0.0,0.0,0.0,0,338.278,1750,105.56,-1
-0.25,0.0,0.66,0.0,0.0,0.0,1,2.511,1513,90.6,6
-0.25,0.0,0.71,0.0,0.0,0.0,1,1.829,11,0.67,0
-0.25,0.0,0.76,0.0,0.0,0.0,1,1.931,11,0.66,0
-0.25,0.0,0.81,0.0,0.0,0.0,1,1.404,8,0.49,0
-0.2,-0.6,0.01,0.0,0.0,0.0,0,448.541,1750,102.47,-1
-0.2,-0.6,0.06,0.0,0.0,0.0,0,408.887,1750,102.56,-1
-0.2,-0.6,0.11,0.0,0.0,0.0,0,365.429,1750,102.06,-1
-0.2,-0.6,0.16,0.0,0.0,0.0,0,330.532,1750,101.71,-1
-0.2,-0.6,0.21,0.0,0.0,0.0,0,305.883,1750,103.03,-1
-0.2,-0.6,0.26,0.0,0.0,0.0,0,311.913,1750,102.93,-1
-0.2,-0.6,0.31,0.0,0.0,0.0,0,279.105,1750,101.12,-1
-0.2,-0.6,0.36,0.0,0.0,0.0,0,243.045,1750,103.05,-1
-0.2,-0.6,0.41,0.0,0.0,0.0,0,178.311,1750,99.26,-1
-0.2,-0.6,0.46,0.0,0.0,0.0,0,148.917,1750,101.5,-1
-0.2,-0.6,0.51,0.0,0.0,0.0,0,122.993,1750,100.98,-1
-0.2,-0.6,0.56,0.0,0.0,0.0,0,101.486,1750,99.39,-1
-0.2,-0.6,0.61,0.0,0.0,0.0,0,85.5,1750,101.43,-1
-0.2,-0.6,0.66,0.0,0.0,0.0,0,76.167,1750,102.72,-1
-0.2,-0.6,0.71,0.0,0.0,0.0,0,70.562,1750,102.27,-1
-0.2,-0.6,0.76,0.0,0.0,0.0,0,71.107,1750,101.95,-1
-0.2,-0.6,0.81,0.0,0.0,0.0,0,79.787,1750,101.72,-1
-0.2,-0.55,0.01,0.0,0.0,0.0,0,523.781,1750,104.85,-1
-0.2,-0.55,0.06,0.0,0.0,0.0,0,481.715,1750,104.79,-1
-0.2,-0.55,0.11,0.0,0.0,0.0,0,434.228,1750,98.28,-1
-0.2,-0.55,0.16,0.0,0.0,0.0,0,309.416,1750,102.85,-1
-0.2,-0.55,0.21,0.0,0.0,0.0,0,279.461,1750,102.15,-1
-0.2,-0.55,0.26,0.0,0.0,0.0,0,260.204,1750,102.31,-1
-0.2,-0.55,0.31,0.0,0.0,0.0,0,234.802,1750,104.65,-1
-0.2,-0.55,0.36,0.0,0.0,0.0,0,180.627,1750,102.65,-1
-0.2,-0.55,0.41,0.0,0.0,0.0,0,145.948,1750,102.64,-1
-0.2,-0.55,0.46,0.0,0.0,0.0,0,113.672,1750,100.53,-1
-0.2,-0.55,0.51,0.0,0.0,0.0,0,84.612,1750,99.37,-1
-0.2,-0.55,0.56,0.0,0.0,0.0,0,59.902,1750,99.28,-1
-0.2,-0.55,0.61,0.0,0.0,0.0,0,41.041,1750,101.33,-1
-0.2,-0.55,0.66,0.0,0.0,0.0,0,29.734,1750,100.77,-1
-0.2,-0.55,0.71,0.0,0.0,0.0,0,27.749,1750,99.0,-1
-0.2,-0.55,0.76,0.0,0.0,0.0,0,29.848,1750,96.26,-1
-0.2,-0.55,0.81,0.0,0.0,0.0,0,56.906,1750,99.26,-1
-0.2,-0.5,0.01,0.0,0.0,0.0,0,491.984,1750,100.34,-1
-0.2,-0.5,0.06,0.0,0.0,0.0,0,376.16,1750,103.54,-1
-0.2,-0.5,0.11,0.0,0.0,0.0,0,337.685,1750,101.51,-1
-0.2,-0.5,0.16,0.0,0.0,0.0,0,294.995,1750,102.88,-1
-0.2,-0.5,0.21,0.0,0.0,0.0,0,260.513,1750,100.21,-1
-0.2,-0.5,0.26,0.0,0.0,0.0,0,235.929,1750,100.07,-1
-0.2,-0.5,0.31,0.0,0.0,0.0,0,194.93,1750,102.66,-1
-0.2,-0.5,0.36,0.0,0.0,0.0,0,154.733,1750,99.5,-1
-0.2,-0.5,0.41,0.0,0.0,0.0,0,117.476,1750,99.84,-1
-0.2,-0.5,0.46,0.0,0.0,0.0,0,82.152,1750,102.03,-1
-0.2,-0.5,0.51,0.0,0.0,0.0,0,49.547,1750,97.63,-1
-0.2,-0.5,0.56,0.0,0.0,0.0,0,20.927,1750,99.03,-1
-0.2,-0.5,0.61,0.0,0.0,0.0,1,2.596,33,1.94,0
-0.2,-0.5,0.66,0.0,0.0,0.0,1,2.437,20,1.16,0
-0.2,-0.5,0.71,0.0,0.0,0.0,1,1.664,9,0.6,0
-0.2,-0.5,0.76,0.0,0.0,0.0,1,0.663,8,0.48,0
-0.2,-0.5,0.81,0.0,0.0,0.0,1,0.447,9,0.53,0
-0.2,-0.45,0.01,0.0,0.0,0.0,0,404.283,1750,102.85,-1
-0.2,-0.45,0.06,0.0,0.0,0.0,0,400.2,1750,102.2,-1
-0.2,-0.45,0.11,0.0,0.0,0.0,0,358.644,1750,102.52,-1
-0.2,-0.45,0.16,0.0,0.0,0.0,0,288.457,1750,99.61,-1
-0.2,-0.45,0.21,0.0,0.0,0.0,0,289.687,1750,99.33,-1
-0.2,-0.45,0.26,0.0,0.0,0.0,0,256.812,1750,101.37,-1
-0.2,-0.45,0.31,0.0,0.0,0.0,0,174.148,1750,100.63,-1
-0.2,-0.45,0.36,0.0,0.0,0.0,0,133.539,1750,96.71,-1
-0.2,-0.45,0.41,0.0,0.0,0.0,0,93.9,1750,97.56,-1
-0.2,-0.45,0.46,0.0,0.0,0.0,0,55.607,1750,98.2,-1
-0.2,-0.45,0.51,0.0,0.0,0.0,0,19.317,1750,99.09,-1
-0.2,-0.45,0.56,0.0,0.0,0.0,1,1.855,10,0.61,0
-0.2,-0.45,0.61,0.0,0.0,0.0,1,1.986,17,1.01,0
-0.2,-0.45,0.66,0.0,0.0,0.0,1,1.855,762,42.21,3
-0.2,-0.45,0.71,0.0,0.0,0.0,1,2.446,7,0.46,0
-0.2,-0.45,0.76,0.0,0.0,0.0,1,0.923,8,0.49,0
-0.2,-0.45,0.81,0.0,0.0,0.0,1,0.672,8,0.48,0
-0.2,-0.4,0.01,0.0,0.0,0.0,0,449.71,1750,103.14,-1
-0.2,-0.4,0.06,0.0,0.0,0.0,0,408.795,1750,100.83,-1
-0.2,-0.4,0.11,0.0,0.0,0.0,0,320.907,1750,100.52,-1
-0.2,-0.4,0.16,0.0,0.0,0.0,0,310.718,1750,101.71,-1
-0.2,-0.4,0.21,0.0,0.0,0.0,0,277.547,1750,99.44,-1
-0.2,-0.4,0.26,0.0,0.0,0.0,0,247.475,1750,100.34,-1
-0.2,-0.4,0.31,0.0,0.0,0.0,0,159.94,1750,97.61,-1
-0.2,-0.4,0.36,0.0,0.0,0.0,0,117.836,1750,99.68,-1
-0.2,-0.4,0.41,0.0,0.0,0.0,0,76.285,1750,99.68,-1
-0.2,-0.4,0.46,0.0,0.0,0.0,0,35.501,1750,97.74,-1
-0.2,-0.4,0.51,0.0,0.0,0.0,1,1.339,10,0.66,0
-0.2,-0.4,0.56,0.0,0.0,0.0,1,2.544,11,0.69,0
-0.2,-0.4,0.61,0.0,0.0,0.0,1,0.954,266,15.33,1
-0.2,-0.4,0.66,0.0,0.0,0.0,1,2.855,17,1.07,0
-0.2,-0.4,0.71,0.0,0.0,0.0,1,2.42,6,0.39,0
-0.2,-0.4,0.76,0.0,0.0,0.0,1,1.267,8,0.48,0
-0.2,-0.4,0.81,0.0,0.0,0.0,1,2.788,8,0.49,0
-0.2,-0.35,0.01,0.0,0.0,0.0,0,438.58,1750,100.78,-1
-0.2,-0.35,0.06,0.0,0.0,0.0,0,397.024,1750,102.33,-1
-0.2,-0.35,0.11,0.0,0.0,0.0,0,341.278,1750,98.94,-1
-0.2,-0.35,0.16,0.0,0.0,0.0,0,305.62,1750,100.84,-1
-0.2,-0.35,0.21,0.0,0.0,0.0,0,272.495,1750,99.58,-1
-0.2,-0.35,0.26,0.0,0.0,0.0,0,242.55,1750,98.48,-1
-0.2,-0.35,0.31,0.0,0.0,0.0,0,192.918,1750,99.09,-1
-0.2,-0.35,0.36,0.0,0.0,0.0,0,148.789,1750,99.39,-1
-0.2,-0.35,0.41,0.0,0.0,0.0,0,79.087,1750,97.58,-1
-0.2,-0.35,0.46,0.0,0.0,0.0,0,20.915,1750,97.85,-1
-0.2,-0.35,0.51,0.0,0.0,0.0,1,1.853,13,0.79,0
-0.2,-0.35,0.56,0.0,0.0,0.0,0,101.34,1750,97.44,-1
-0.2,-0.35,0.61,0.0,0.0,0.0,1,1.757,266,15.41,1
-0.2,-0.35,0.66,0.0,0.0,0.0,1,0.344,40,2.28,0
-0.2,-0.35,0.71,0.0,0.0,0.0,1,2.014,9,0.55,0
-0.2,-0.35,0.76,0.0,0.0,0.0,1,1.297,7,0.48,0
-0.2,-0.35,0.81,0.0,0.0,0.0,1,0.538,8,0.49,0
-0.2,-0.3,0.01,0.0,0.0,0.0,0,418.091,1750,99.71,-1
-0.2,-0.3,0.06,0.0,0.0,0.0,0,370.266,1750,100.29,-1
-0.2,-0.3,0.11,0.0,0.0,0.0,0,330.995,1750,100.77,-1
-0.2,-0.3,0.16,0.0,0.0,0.0,0,265.197,1750,100.09,-1
-0.2,-0.3,0.21,0.0,0.0,0.0,0,271.832,1750,99.25,-1
-0.2,-0.3,0.26,0.0,0.0,0.0,0,197.81,1750,100.1,-1
-0.2,-0.3,0.31,0.0,0.0,0.0,0,149.258,1750,98.94,-1
-0.2,-0.3,0.36,0.0,0.0,0.0,0,129.631,1750,98.81,-1
-0.2,-0.3,0.41,0.0,0.0,0.0,0,85.972,1750,97.66,-1
-0.2,-0.3,0.46,0.0,0.0,0.0,0,12.036,1750,95.86,-1
-0.2,-0.3,0.51,0.0,0.0,0.0,1,2.192,10,0.67,0
-0.2,-0.3,0.56,0.0,0.0,0.0,1,1.901,513,29.99,2
-0.2,-0.3,0.61,0.0,0.0,0.0,1,2.029,516,28.54,2
-0.2,-0.3,0.66,0.0,0.0,0.0,0,27.961,1750,97.67,-1
-0.2,-0.3,0.71,0.0,0.0,0.0,1,2.443,8,0.51,0
-0.2,-0.3,0.76,0.0,0.0,0.0,1,1.315,7,0.44,0
-0.2,-0.3,0.81,0.0,0.0,0.0,1,2.87,7,0.44,0
-0.2,-0.25,0.01,0.0,0.0,0.0,0,418.794,1750,101.12,-1
-0.2,-0.25,0.06,0.0,0.0,0.0,0,380.109,1750,102.16,-1
-0.2,-0.25,0.11,0.0,0.0,0.0,0,328.912,1750,99.25,-1
-0.2,-0.25,0.16,0.0,0.0,0.0,0,297.753,1750,101.04,-1
-0.2,-0.25,0.21,0.0,0.0,0.0,0,275.221,1750,100.37,-1
-0.2,-0.25,0.26,0.0,0.0,0.0,0,245.526,1750,99.45,-1
-0.2,-0.25,0.31,0.0,0.0,0.0,0,160.947,1750,100.59,-1
-0.2,-0.25,0.36,0.0,0.0,0.0,0,97.123,1750,98.14,-1
-0.2,-0.25,0.41,0.0,0.0,0.0,0,91.092,1750,99.43,-1
-0.2,-0.25,0.46,0.0,0.0,0.0,0,19.582,1750,98.61,-1
-0.2,-0.25,0.51,0.0,0.0,0.0,1,2.53,263,15.52,1
-0.2,-0.25,0.56,0.0,0.0,0.0,1,1.961,1515,85.39,6
-0.2,-0.25,0.61,0.0,0.0,0.0,1,2.933,761,45.09,3
-0.2,-0.25,0.66,0.0,0.0,0.0,1,4.455,250,13.92,0
-0.2,-0.25,0.71,0.0,0.0,0.0,1,1.722,8,0.5,0
-0.2,-0.25,0.76,0.0,0.0,0.0,1,1.712,7,0.44,0
-0.2,-0.25,0.81,0.0,0.0,0.0,1,1.927,7,0.43,0
-0.2,-0.2,0.01,0.0,0.0,0.0,0,353.285,1750,101.22,-1
-0.2,-0.2,0.06,0.0,0.0,0.0,0,385.623,1750,101.99,-1
-0.2,-0.2,0.11,0.0,0.0,0.0,0,340.659,1750,100.34,-1
-0.2,-0.2,0.16,0.0,0.0,0.0,0,315.196,1750,100.28,-1
-0.2,-0.2,0.21,0.0,0.0,0.0,0,283.775,1750,101.97,-1
-0.2,-0.2,0.26,0.0,0.0,0.0,0,193.063,1750,102.59,-1
-0.2,-0.2,0.31,0.0,0.0,0.0,0,136.04,1750,101.87,-1
-0.2,-0.2,0.36,0.0,0.0,0.0,0,169.795,1750,100.87,-1
-0.2,-0.2,0.41,0.0,0.0,0.0,0,111.478,1750,100.9,-1
-0.2,-0.2,0.46,0.0,0.0,0.0,1,7.568,750,41.89,2
-0.2,-0.2,0.51,0.0,0.0,0.0,1,2.28,13,0.82,0
-0.2,-0.2,0.56,0.0,0.0,0.0,1,1.354,266,16.03,1
-0.2,-0.2,0.61,0.0,0.0,0.0,1,2.525,13,0.79,0
-0.2,-0.2,0.66,0.0,0.0,0.0,1,2.386,261,15.63,1
-0.2,-0.2,0.71,0.0,0.0,0.0,1,2.197,13,0.78,0
-0.2,-0.2,0.76,0.0,0.0,0.0,1,1.92,8,0.49,0
-0.2,-0.2,0.81,0.0,0.0,0.0,1,2.225,7,0.44,0
-0.2,-0.15,0.01,0.0,0.0,0.0,0,410.94,1750,104.21,-1
-0.2,-0.15,0.06,0.0,0.0,0.0,0,395.928,1750,102.12,-1
-0.2,-0.15,0.11,0.0,0.0,0.0,0,297.019,1750,103.51,-1
-0.2,-0.15,0.16,0.0,0.0,0.0,0,305.035,1750,104.24,-1
-0.2,-0.15,0.21,0.0,0.0,0.0,0,292.694,1750,102.16,-1
-0.2,-0.15,0.26,0.0,0.0,0.0,0,263.313,1750,100.31,-1
-0.2,-0.15,0.31,0.0,0.0,0.0,0,138.714,1750,102.36,-1
-0.2,-0.15,0.36,0.0,0.0,0.0,0,143.213,1750,102.27,-1
-0.2,-0.15,0.41,0.0,0.0,0.0,0,50.431,1750,100.43,-1
-0.2,-0.15,0.46,0.0,0.0,0.0,1,7.112,500,28.72,1
-0.2,-0.15,0.51,0.0,0.0,0.0,1,1.773,11,0.68,0
-0.2,-0.15,0.56,0.0,0.0,0.0,1,1.714,761,45.91,3
-0.2,-0.15,0.61,0.0,0.0,0.0,1,1.299,263,16.15,1
-0.2,-0.15,0.66,0.0,0.0,0.0,1,1.789,264,16.12,1
-0.2,-0.15,0.71,0.0,0.0,0.0,1,1.55,261,16.05,1
-0.2,-0.15,0.76,0.0,0.0,0.0,1,1.842,9,0.54,0
-0.2,-0.15,0.81,0.0,0.0,0.0,1,2.21,9,0.54,0
-0.2,-0.1,0.01,0.0,0.0,0.0,0,424.081,1750,104.66,-1
-0.2,-0.1,0.06,0.0,0.0,0.0,0,411.184,1750,105.42,-1
-0.2,-0.1,0.11,0.0,0.0,0.0,0,348.564,1750,105.09,-1
-0.2,-0.1,0.16,0.0,0.0,0.0,0,314.029,1750,106.91,-1
-0.2,-0.1,0.21,0.0,0.0,0.0,0,195.653,1750,107.3,-1
-0.2,-0.1,0.26,0.0,0.0,0.0,0,180.503,1750,106.75,-1
-0.2,-0.1,0.31,0.0,0.0,0.0,0,133.781,1750,105.05,-1
-0.2,-0.1,0.36,0.0,0.0,0.0,0,117.718,1750,104.05,-1
-0.2,-0.1,0.41,0.0,0.0,0.0,0,47.945,1750,103.74,-1
-0.2,-0.1,0.46,0.0,0.0,0.0,0,22.341,1750,98.14,-1
-0.2,-0.1,0.51,0.0,0.0,0.0,1,1.668,13,0.82,0
-0.2,-0.1,0.56,0.0,0.0,0.0,1,1.821,19,1.15,0
-0.2,-0.1,0.61,0.0,0.0,0.0,0,231.177,1750,105.1,-1
-0.2,-0.1,0.66,0.0,0.0,0.0,0,220.214,1750,105.39,-1
-0.2,-0.1,0.71,0.0,0.0,0.0,1,2.312,13,0.79,0
-0.2,-0.1,0.76,0.0,0.0,0.0,1,1.464,12,0.76,0
-0.2,-0.1,0.81,0.0,0.0,0.0,1,1.21,10,0.6,0
-0.2,-0.05,0.01,0.0,0.0,0.0,0,411.923,1750,102.8,-1
-0.2,-0.05,0.06,0.0,0.0,0.0,0,294.153,1750,100.36,-1
-0.2,-0.05,0.11,0.0,0.0,0.0,0,233.477,1750,104.06,-1
-0.2,-0.05,0.16,0.0,0.0,0.0,0,312.497,1750,104.74,-1
-0.2,-0.05,0.21,0.0,0.0,0.0,0,138.649,1750,103.17,-1
-0.2,-0.05,0.26,0.0,0.0,0.0,0,187.336,1750,104.65,-1
-0.2,-0.05,0.31,0.0,0.0,0.0,0,202.943,1750,102.55,-1
-0.2,-0.05,0.36,0.0,0.0,0.0,0,180.099,1750,105.59,-1
-0.2,-0.05,0.41,0.0,0.0,0.0,0,52.355,1750,105.7,-1
-0.2,-0.05,0.46,0.0,0.0,0.0,0,15.223,1750,104.11,-1
-0.2,-0.05,0.51,0.0,0.0,0.0,1,1.744,265,16.21,1
-0.2,-0.05,0.56,0.0,0.0,0.0,1,2.027,1265,77.34,5
-0.2,-0.05,0.61,0.0,0.0,0.0,0,272.065,1750,106.8,-1
-0.2,-0.05,0.66,0.0,0.0,0.0,1,1.872,1513,92.38,6
-0.2,-0.05,0.71,0.0,0.0,0.0,1,1.759,15,0.96,0
-0.2,-0.05,0.76,0.0,0.0,0.0,1,2.205,11,0.71,0
-0.2,-0.05,0.81,0.0,0.0,0.0,1,1.261,7,0.44,0
-0.2,0.0,0.01,0.0,0.0,0.0,0,337.738,1750,104.06,-1
-0.2,0.0,0.06,0.0,0.0,0.0,0,385.508,1750,104.11,-1
-0.2,0.0,0.11,0.0,0.0,0.0,0,332.286,1750,102.89,-1
-0.2,0.0,0.16,0.0,0.0,0.0,0,302.628,1750,104.02,-1
-0.2,0.0,0.21,0.0,0.0,0.0,0,189.761,1750,103.21,-1
-0.2,0.0,0.26,0.0,0.0,0.0,0,144.753,1750,102.15,-1
-0.2,0.0,0.31,0.0,0.0,0.0,0,105.092,1750,102.22,-1
-0.2,0.0,0.36,0.0,0.0,0.0,0,69.973,1750,98.91,-1
-0.2,0.0,0.41,0.0,0.0,0.0,0,40.598,1750,103.52,-1
-0.2,0.0,0.46,0.0,0.0,0.0,0,12.58,1750,104.97,-1
-0.2,0.0,0.51,0.0,0.0,0.0,1,1.986,15,0.92,0
-0.2,0.0,0.56,0.0,0.0,0.0,1,2.028,759,46.21,3
-0.2,0.0,0.61,0.0,0.0,0.0,1,1.997,761,46.49,3
-0.2,0.0,0.66,0.0,0.0,0.0,1,2.451,763,46.74,3
-0.2,0.0,0.71,0.0,0.0,0.0,1,1.83,14,0.83,0
-0.2,0.0,0.76,0.0,0.0,0.0,1,1.692,11,0.67,0
-0.2,0.0,0.81,0.0,0.0,0.0,1,2.151,7,0.42,0
-0.15,-0.6,0.01,0.0,0.0,0.0,0,518.599,1750,104.05,-1
-0.15,-0.6,0.06,0.0,0.0,0.0,0,470.52,1750,103.47,-1
-0.15,-0.6,0.11,0.0,0.0,0.0,0,416.491,1750,103.46,-1
-0.15,-0.6,0.16,0.0,0.0,0.0,0,320.032,1750,101.65,-1
-0.15,-0.6,0.21,0.0,0.0,0.0,0,301.163,1750,103.76,-1
-0.15,-0.6,0.26,0.0,0.0,0.0,0,312.117,1750,101.5,-1
-0.15,-0.6,0.31,0.0,0.0,0.0,0,282.226,1750,104.79,-1
-0.15,-0.6,0.36,0.0,0.0,0.0,0,221.803,1750,102.95,-1
-0.15,-0.6,0.41,0.0,0.0,0.0,0,173.532,1750,99.47,-1
-0.15,-0.6,0.46,0.0,0.0,0.0,0,144.005,1750,100.23,-1
-0.15,-0.6,0.51,0.0,0.0,0.0,0,117.958,1750,101.12,-1
-0.15,-0.6,0.56,0.0,0.0,0.0,0,96.346,1750,97.5,-1
-0.15,-0.6,0.61,0.0,0.0,0.0,0,80.276,1750,102.87,-1
-0.15,-0.6,0.66,0.0,0.0,0.0,0,70.956,1750,100.63,-1
-0.15,-0.6,0.71,0.0,0.0,0.0,0,68.849,1750,100.96,-1
-0.15,-0.6,0.76,0.0,0.0,0.0,0,69.367,1750,97.56,-1
-0.15,-0.6,0.81,0.0,0.0,0.0,0,69.468,1750,98.14,-1
-0.15,-0.55,0.01,0.0,0.0,0.0,0,489.197,1750,100.42,-1
-0.15,-0.55,0.06,0.0,0.0,0.0,0,379.994,1750,102.66,-1
-0.15,-0.55,0.11,0.0,0.0,0.0,0,336.746,1750,103.27,-1
-0.15,-0.55,0.16,0.0,0.0,0.0,0,298.815,1750,101.95,-1
-0.15,-0.55,0.21,0.0,0.0,0.0,0,272.914,1750,102.02,-1
-0.15,-0.55,0.26,0.0,0.0,0.0,0,264.109,1750,103.51,-1
-0.15,-0.55,0.31,0.0,0.0,0.0,0,216.331,1750,101.5,-1
-0.15,-0.55,0.36,0.0,0.0,0.0,0,176.172,1750,102.12,-1
-0.15,-0.55,0.41,0.0,0.0,0.0,0,141.355,1750,99.11,-1
-0.15,-0.55,0.46,0.0,0.0,0.0,0,108.942,1750,102.2,-1
-0.15,-0.55,0.51,0.0,0.0,0.0,0,79.761,1750,97.09,-1
-0.15,-0.55,0.56,0.0,0.0,0.0,0,54.97,1750,101.07,-1
-0.15,-0.55,0.61,0.0,0.0,0.0,0,36.124,1750,100.15,-1
-0.15,-0.55,0.66,0.0,0.0,0.0,0,25.496,1750,101.57,-1
-0.15,-0.55,0.71,0.0,0.0,0.0,0,22.251,1750,100.66,-1
-0.15,-0.55,0.76,0.0,0.0,0.0,0,22.499,1750,95.03,-1
-0.15,-0.55,0.81,0.0,0.0,0.0,0,25.454,1750,98.31,-1
-0.15,-0.5,0.01,0.0,0.0,0.0,0,488.643,1750,103.15,-1
-0.15,-0.5,0.06,0.0,0.0,0.0,0,365.066,1750,103.77,-1
-0.15,-0.5,0.11,0.0,0.0,0.0,0,413.064,1750,100.5,-1
-0.15,-0.5,0.16,0.0,0.0,0.0,0,284.608,1750,100.88,-1
-0.15,-0.5,0.21,0.0,0.0,0.0,0,253.249,1750,103.82,-1
-0.15,-0.5,0.26,0.0,0.0,0.0,0,236.114,1750,103.47,-1
-0.15,-0.5,0.31,0.0,0.0,0.0,0,190.462,1750,100.12,-1
-0.15,-0.5,0.36,0.0,0.0,0.0,0,150.504,1750,100.8,-1
-0.15,-0.5,0.41,0.0,0.0,0.0,0,113.099,1750,100.18,-1
-0.15,-0.5,0.46,0.0,0.0,0.0,0,77.626,1750,102.13,-1
-0.15,-0.5,0.51,0.0,0.0,0.0,0,44.904,1750,99.12,-1
-0.15,-0.5,0.56,0.0,0.0,0.0,0,16.305,1750,97.55,-1
-0.15,-0.5,0.61,0.0,0.0,0.0,1,2.618,20,1.19,0
-0.15,-0.5,0.66,0.0,0.0,0.0,1,4.133,1000,57.53,3
-0.15,-0.5,0.71,0.0,0.0,0.0,1,2.259,257,15.26,1
-0.15,-0.5,0.76,0.0,0.0,0.0,1,1.727,14,0.89,0
-0.15,-0.5,0.81,0.0,0.0,0.0,1,1.184,8,0.48,0
-0.15,-0.45,0.01,0.0,0.0,0.0,0,432.665,1750,101.66,-1
-0.15,-0.45,0.06,0.0,0.0,0.0,0,447.39,1750,102.16,-1
-0.15,-0.45,0.11,0.0,0.0,0.0,0,381.414,1750,102.12,-1
-0.15,-0.45,0.16,0.0,0.0,0.0,0,278.574,1750,102.92,-1
-0.15,-0.45,0.21,0.0,0.0,0.0,0,289.058,1750,100.56,-1
-0.15,-0.45,0.26,0.0,0.0,0.0,0,262.378,1750,101.85,-1
-0.15,-0.45,0.31,0.0,0.0,0.0,0,170.317,1750,99.73,-1
-0.15,-0.45,0.36,0.0,0.0,0.0,0,129.563,1750,100.76,-1
-0.15,-0.45,0.41,0.0,0.0,0.0,0,89.752,1750,99.31,-1
-0.15,-0.45,0.46,0.0,0.0,0.0,0,51.276,1750,100.22,-1
-0.15,-0.45,0.51,0.0,0.0,0.0,0,14.869,1750,97.6,-1
-0.15,-0.45,0.56,0.0,0.0,0.0,1,1.442,267,15.57,1
-0.15,-0.45,0.61,0.0,0.0,0.0,1,2.931,20,1.22,0
-0.15,-0.45,0.66,0.0,0.0,0.0,1,2.437,770,44.79,3
-0.15,-0.45,0.71,0.0,0.0,0.0,1,2.127,8,0.49,0
-0.15,-0.45,0.76,0.0,0.0,0.0,1,1.57,8,0.53,0
-0.15,-0.45,0.81,0.0,0.0,0.0,1,2.051,7,0.43,0
-0.15,-0.4,0.01,0.0,0.0,0.0,0,386.476,1750,104.56,-1
-0.15,-0.4,0.06,0.0,0.0,0.0,0,393.872,1750,102.19,-1
-0.15,-0.4,0.11,0.0,0.0,0.0,0,325.997,1750,101.54,-1
-0.15,-0.4,0.16,0.0,0.0,0.0,0,310.753,1750,103.15,-1
-0.15,-0.4,0.21,0.0,0.0,0.0,0,264.262,1750,100.18,-1
-0.15,-0.4,0.26,0.0,0.0,0.0,0,211.456,1750,99.98,-1
-0.15,-0.4,0.31,0.0,0.0,0.0,0,156.398,1750,100.65,-1
-0.15,-0.4,0.36,0.0,0.0,0.0,0,114.13,1750,99.66,-1
-0.15,-0.4,0.41,0.0,0.0,0.0,0,72.361,1750,99.73,-1
-0.15,-0.4,0.46,0.0,0.0,0.0,0,31.314,1750,100.7,-1
-0.15,-0.4,0.51,0.0,0.0,0.0,1,1.848,15,0.94,0
-0.15,-0.4,0.56,0.0,0.0,0.0,1,2.139,16,0.96,0
-0.15,-0.4,0.61,0.0,0.0,0.0,1,2.285,1263,71.3,5
-0.15,-0.4,0.66,0.0,0.0,0.0,1,2.496,762,43.75,3
-0.15,-0.4,0.71,0.0,0.0,0.0,1,1.965,7,0.49,0
-0.15,-0.4,0.76,0.0,0.0,0.0,1,1.483,8,0.49,0
-0.15,-0.4,0.81,0.0,0.0,0.0,1,1.027,8,0.48,0
-0.15,-0.35,0.01,0.0,0.0,0.0,0,409.272,1750,102.89,-1
-0.15,-0.35,0.06,0.0,0.0,0.0,0,377.534,1750,101.62,-1
-0.15,-0.35,0.11,0.0,0.0,0.0,0,329.68,1750,100.19,-1
-0.15,-0.35,0.16,0.0,0.0,0.0,0,284.948,1750,98.83,-1
-0.15,-0.35,0.21,0.0,0.0,0.0,0,275.199,1750,100.47,-1
-0.15,-0.35,0.26,0.0,0.0,0.0,0,191.381,1750,98.37,-1
-0.15,-0.35,0.31,0.0,0.0,0.0,0,148.041,1750,99.92,-1
-0.15,-0.35,0.36,0.0,0.0,0.0,0,97.484,1750,99.1,-1
-0.15,-0.35,0.41,0.0,0.0,0.0,0,61.877,1750,97.65,-1
-0.15,-0.35,0.46,0.0,0.0,0.0,0,19.143,1750,97.92,-1
-0.15,-0.35,0.51,0.0,0.0,0.0,1,2.125,23,1.38,0
-0.15,-0.35,0.56,0.0,0.0,0.0,0,109.979,1750,100.58,-1
-0.15,-0.35,0.61,0.0,0.0,0.0,1,2.366,1260,69.61,5
-0.15,-0.35,0.66,0.0,0.0,0.0,0,35.395,1750,98.42,-1
-0.15,-0.35,0.71,0.0,0.0,0.0,1,2.061,9,0.55,0
-0.15,-0.35,0.76,0.0,0.0,0.0,1,2.216,7,0.43,0
-0.15,-0.35,0.81,0.0,0.0,0.0,1,1.001,8,0.49,0
-0.15,-0.3,0.01,0.0,0.0,0.0,0,415.074,1750,101.48,-1
-0.15,-0.3,0.06,0.0,0.0,0.0,0,370.396,1750,103.23,-1
-0.15,-0.3,0.11,0.0,0.0,0.0,0,328.964,1750,99.83,-1
-0.15,-0.3,0.16,0.0,0.0,0.0,0,217.909,1750,100.68,-1
-0.15,-0.3,0.21,0.0,0.0,0.0,0,216.013,1750,99.5,-1
-0.15,-0.3,0.26,0.0,0.0,0.0,0,225.065,1750,99.02,-1
-0.15,-0.3,0.31,0.0,0.0,0.0,0,93.853,1750,100.86,-1
-0.15,-0.3,0.36,0.0,0.0,0.0,0,104.126,1750,99.48,-1
-0.15,-0.3,0.41,0.0,0.0,0.0,0,59.185,1750,99.5,-1
-0.15,-0.3,0.46,0.0,0.0,0.0,1,9.448,750,42.0,2
-0.15,-0.3,0.51,0.0,0.0,0.0,1,2.462,14,0.84,0
-0.15,-0.3,0.56,0.0,0.0,0.0,0,111.479,1750,99.63,-1
-0.15,-0.3,0.61,0.0,0.0,0.0,1,2.468,1260,70.26,5
-0.15,-0.3,0.66,0.0,0.0,0.0,0,35.135,1750,98.65,-1
-0.15,-0.3,0.71,0.0,0.0,0.0,1,2.526,8,0.51,0
-0.15,-0.3,0.76,0.0,0.0,0.0,1,2.928,6,0.39,0
-0.15,-0.3,0.81,0.0,0.0,0.0,1,1.42,7,0.49,0
-0.15,-0.25,0.01,0.0,0.0,0.0,0,416.788,1750,101.54,-1
-0.15,-0.25,0.06,0.0,0.0,0.0,0,374.108,1750,101.21,-1
-0.15,-0.25,0.11,0.0,0.0,0.0,0,326.615,1750,100.27,-1
-0.15,-0.25,0.16,0.0,0.0,0.0,0,213.656,1750,100.05,-1
-0.15,-0.25,0.21,0.0,0.0,0.0,0,210.132,1750,100.56,-1
-0.15,-0.25,0.26,0.0,0.0,0.0,0,133.629,1750,100.73,-1
-0.15,-0.25,0.31,0.0,0.0,0.0,0,141.517,1750,101.41,-1
-0.15,-0.25,0.36,0.0,0.0,0.0,0,64.109,1750,97.64,-1
-0.15,-0.25,0.41,0.0,0.0,0.0,0,36.241,1750,99.04,-1
-0.15,-0.25,0.46,0.0,0.0,0.0,0,16.216,1750,96.41,-1
-0.15,-0.25,0.51,0.0,0.0,0.0,1,2.573,14,0.86,0
-0.15,-0.25,0.56,0.0,0.0,0.0,0,113.234,1750,100.15,-1
-0.15,-0.25,0.61,0.0,0.0,0.0,0,78.747,1750,100.86,-1
-0.15,-0.25,0.66,0.0,0.0,0.0,0,34.262,1750,102.61,-1
-0.15,-0.25,0.71,0.0,0.0,0.0,1,2.145,8,0.51,0
-0.15,-0.25,0.76,0.0,0.0,0.0,1,1.798,6,0.38,0
-0.15,-0.25,0.81,0.0,0.0,0.0,1,2.79,6,0.38,0
-0.15,-0.2,0.01,0.0,0.0,0.0,0,403.252,1750,101.86,-1
-0.15,-0.2,0.06,0.0,0.0,0.0,0,380.225,1750,104.43,-1
-0.15,-0.2,0.11,0.0,0.0,0.0,0,329.893,1750,100.16,-1
-0.15,-0.2,0.16,0.0,0.0,0.0,0,228.82,1750,101.74,-1
-0.15,-0.2,0.21,0.0,0.0,0.0,0,288.621,1750,101.36,-1
-0.15,-0.2,0.26,0.0,0.0,0.0,0,211.851,1750,100.84,-1
-0.15,-0.2,0.31,0.0,0.0,0.0,0,92.057,1750,100.49,-1
-0.15,-0.2,0.36,0.0,0.0,0.0,0,60.69,1750,100.4,-1
-0.15,-0.2,0.41,0.0,0.0,0.0,0,30.397,1750,98.44,-1
-0.15,-0.2,0.46,0.0,0.0,0.0,0,15.27,1750,98.98,-1
-0.15,-0.2,0.51,0.0,0.0,0.0,1,3.092,250,12.51,0
-0.15,-0.2,0.56,0.0,0.0,0.0,1,1.406,758,44.79,3
-0.15,-0.2,0.61,0.0,0.0,0.0,1,3.64,500,28.97,1
-0.15,-0.2,0.66,0.0,0.0,0.0,0,38.218,1750,104.54,-1
-0.15,-0.2,0.71,0.0,0.0,0.0,0,19.426,1750,96.67,-1
-0.15,-0.2,0.76,0.0,0.0,0.0,0,18.923,1750,94.47,-1
-0.15,-0.2,0.81,0.0,0.0,0.0,1,2.444,8,0.49,0
-0.15,-0.15,0.01,0.0,0.0,0.0,0,419.574,1750,102.87,-1
-0.15,-0.15,0.06,0.0,0.0,0.0,0,365.249,1750,101.77,-1
-0.15,-0.15,0.11,0.0,0.0,0.0,0,302.658,1750,102.33,-1
-0.15,-0.15,0.16,0.0,0.0,0.0,0,249.873,1750,99.49,-1
-0.15,-0.15,0.21,0.0,0.0,0.0,0,305.222,1750,100.15,-1
-0.15,-0.15,0.26,0.0,0.0,0.0,0,197.364,1750,102.74,-1
-0.15,-0.15,0.31,0.0,0.0,0.0,0,115.005,1750,100.6,-1
-0.15,-0.15,0.36,0.0,0.0,0.0,0,49.3,1750,99.28,-1
-0.15,-0.15,0.41,0.0,0.0,0.0,0,37.817,1750,100.56,-1
-0.15,-0.15,0.46,0.0,0.0,0.0,0,17.875,1750,100.88,-1
-0.15,-0.15,0.51,0.0,0.0,0.0,1,3.258,250,13.91,0
-0.15,-0.15,0.56,0.0,0.0,0.0,1,1.375,764,45.81,3
-0.15,-0.15,0.61,0.0,0.0,0.0,0,169.24,1750,105.32,-1
-0.15,-0.15,0.66,0.0,0.0,0.0,0,154.622,1750,105.73,-1
-0.15,-0.15,0.71,0.0,0.0,0.0,0,65.829,1750,94.08,-1
-0.15,-0.15,0.76,0.0,0.0,0.0,1,1.627,13,0.77,0
-0.15,-0.15,0.81,0.0,0.0,0.0,1,1.09,7,0.43,0
-0.15,-0.1,0.01,0.0,0.0,0.0,0,409.864,1750,105.22,-1
-0.15,-0.1,0.06,0.0,0.0,0.0,0,378.966,1750,102.92,-1
-0.15,-0.1,0.11,0.0,0.0,0.0,0,339.632,1750,101.94,-1
-0.15,-0.1,0.16,0.0,0.0,0.0,0,228.25,1750,104.15,-1
-0.15,-0.1,0.21,0.0,0.0,0.0,0,178.401,1750,100.25,-1
-0.15,-0.1,0.26,0.0,0.0,0.0,0,117.831,1750,101.31,-1
-0.15,-0.1,0.31,0.0,0.0,0.0,0,139.755,1750,101.65,-1
-0.15,-0.1,0.36,0.0,0.0,0.0,0,65.078,1750,100.75,-1
-0.15,-0.1,0.41,0.0,0.0,0.0,0,41.471,1750,101.53,-1
-0.15,-0.1,0.46,0.0,0.0,0.0,0,20.698,1750,96.52,-1
-0.15,-0.1,0.51,0.0,0.0,0.0,1,2.185,270,16.15,1
-0.15,-0.1,0.56,0.0,0.0,0.0,1,2.142,766,44.82,3
-0.15,-0.1,0.61,0.0,0.0,0.0,0,208.813,1750,104.56,-1
-0.15,-0.1,0.66,0.0,0.0,0.0,1,2.709,765,44.71,3
-0.15,-0.1,0.71,0.0,0.0,0.0,1,2.12,10,0.62,0
-0.15,-0.1,0.76,0.0,0.0,0.0,1,1.528,12,0.73,0
-0.15,-0.1,0.81,0.0,0.0,0.0,1,1.128,9,0.59,0
-0.15,-0.05,0.01,0.0,0.0,0.0,0,412.124,1750,103.59,-1
-0.15,-0.05,0.06,0.0,0.0,0.0,0,379.334,1750,104.41,-1
-0.15,-0.05,0.11,0.0,0.0,0.0,0,296.395,1750,104.24,-1
-0.15,-0.05,0.16,0.0,0.0,0.0,0,334.261,1750,103.98,-1
-0.15,-0.05,0.21,0.0,0.0,0.0,0,176.842,1750,102.13,-1
-0.15,-0.05,0.26,0.0,0.0,0.0,0,119.088,1750,101.76,-1
-0.15,-0.05,0.31,0.0,0.0,0.0,0,229.734,1750,103.56,-1
-0.15,-0.05,0.36,0.0,0.0,0.0,0,97.223,1750,103.6,-1
-0.15,-0.05,0.41,0.0,0.0,0.0,0,49.649,1750,101.57,-1
-0.15,-0.05,0.46,0.0,0.0,0.0,0,13.588,1750,101.06,-1
-0.15,-0.05,0.51,0.0,0.0,0.0,1,2.029,758,44.02,3
-0.15,-0.05,0.56,0.0,0.0,0.0,1,2.681,1273,76.09,5
-0.15,-0.05,0.61,0.0,0.0,0.0,1,2.95,760,46.43,3
-0.15,-0.05,0.66,0.0,0.0,0.0,1,2.128,513,27.64,2
-0.15,-0.05,0.71,0.0,0.0,0.0,1,2.507,14,0.87,0
-0.15,-0.05,0.76,0.0,0.0,0.0,1,2.669,14,0.89,0
-0.15,-0.05,0.81,0.0,0.0,0.0,1,1.908,8,0.48,0
-0.15,0.0,0.01,0.0,0.0,0.0,0,390.557,1750,103.45,-1
-0.15,0.0,0.06,0.0,0.0,0.0,0,368.873,1750,103.49,-1
-0.15,0.0,0.11,0.0,0.0,0.0,0,327.32,1750,102.12,-1
-0.15,0.0,0.16,0.0,0.0,0.0,0,277.302,1750,103.75,-1
-0.15,0.0,0.21,0.0,0.0,0.0,0,197.065,1750,101.96,-1
-0.15,0.0,0.26,0.0,0.0,0.0,0,146.979,1750,103.61,-1
-0.15,0.0,0.31,0.0,0.0,0.0,0,108.911,1750,104.02,-1
-0.15,0.0,0.36,0.0,0.0,0.0,0,77.98,1750,100.94,-1
-0.15,0.0,0.41,0.0,0.0,0.0,0,58.89,1750,105.39,-1
-0.15,0.0,0.46,0.0,0.0,0.0,0,15.689,1750,102.93,-1
-0.15,0.0,0.51,0.0,0.0,0.0,1,2.313,757,45.58,3
-0.15,0.0,0.56,0.0,0.0,0.0,1,2.298,757,44.19,3
-0.15,0.0,0.61,0.0,0.0,0.0,1,2.555,759,46.09,3
-0.15,0.0,0.66,0.0,0.0,0.0,1,2.38,1262,74.35,5
-0.15,0.0,0.71,0.0,0.0,0.0,1,1.966,11,0.74,0
-0.15,0.0,0.76,0.0,0.0,0.0,1,1.899,13,0.81,0
-0.15,0.0,0.81,0.0,0.0,0.0,1,1.705,7,0.43,0
-0.1,-0.6,0.01,0.0,0.0,0.0,0,423.146,1750,101.08,-1
-0.1,-0.6,0.06,0.0,0.0,0.0,0,386.337,1750,100.71,-1
-0.1,-0.6,0.11,0.0,0.0,0.0,0,419.438,1750,101.67,-1
-0.1,-0.6,0.16,0.0,0.0,0.0,0,309.825,1750,99.76,-1
-0.1,-0.6,0.21,0.0,0.0,0.0,0,296.894,1750,101.73,-1
-0.1,-0.6,0.26,0.0,0.0,0.0,0,300.067,1750,102.05,-1
-0.1,-0.6,0.31,0.0,0.0,0.0,0,268.84,1750,101.82,-1
-0.1,-0.6,0.36,0.0,0.0,0.0,0,193.841,1750,100.22,-1
-0.1,-0.6,0.41,0.0,0.0,0.0,0,174.413,1750,99.55,-1
-0.1,-0.6,0.46,0.0,0.0,0.0,0,145.245,1750,99.96,-1
-0.1,-0.6,0.51,0.0,0.0,0.0,0,119.594,1750,98.62,-1
-0.1,-0.6,0.56,0.0,0.0,0.0,0,98.393,1750,98.36,-1
-0.1,-0.6,0.61,0.0,0.0,0.0,0,83.027,1750,99.77,-1
-0.1,-0.6,0.66,0.0,0.0,0.0,0,76.554,1750,100.54,-1
-0.1,-0.6,0.71,0.0,0.0,0.0,0,71.46,1750,102.38,-1
-0.1,-0.6,0.76,0.0,0.0,0.0,0,69.698,1750,97.89,-1
-0.1,-0.6,0.81,0.0,0.0,0.0,0,68.777,1750,94.95,-1
-0.1,-0.55,0.01,0.0,0.0,0.0,0,406.709,1750,101.62,-1
-0.1,-0.55,0.06,0.0,0.0,0.0,0,369.991,1750,101.86,-1
-0.1,-0.55,0.11,0.0,0.0,0.0,0,431.336,1750,99.38,-1
-0.1,-0.55,0.16,0.0,0.0,0.0,0,289.567,1750,103.31,-1
-0.1,-0.55,0.21,0.0,0.0,0.0,0,267.254,1750,100.46,-1
-0.1,-0.55,0.26,0.0,0.0,0.0,0,274.65,1750,99.6,-1
-0.1,-0.55,0.31,0.0,0.0,0.0,0,217.736,1750,100.87,-1
-0.1,-0.55,0.36,0.0,0.0,0.0,0,177.3,1750,102.87,-1
-0.1,-0.55,0.41,0.0,0.0,0.0,0,142.904,1750,97.43,-1
-0.1,-0.55,0.46,0.0,0.0,0.0,0,110.992,1750,99.4,-1
-0.1,-0.55,0.51,0.0,0.0,0.0,0,82.401,1750,99.25,-1
-0.1,-0.55,0.56,0.0,0.0,0.0,0,58.274,1750,98.29,-1
-0.1,-0.55,0.61,0.0,0.0,0.0,0,41.935,1750,99.07,-1
-0.1,-0.55,0.66,0.0,0.0,0.0,0,37.979,1750,101.11,-1
-0.1,-0.55,0.71,0.0,0.0,0.0,0,26.639,1750,100.4,-1
-0.1,-0.55,0.76,0.0,0.0,0.0,0,24.083,1750,96.37,-1
-0.1,-0.55,0.81,0.0,0.0,0.0,0,22.115,1750,97.94,-1
-0.1,-0.5,0.01,0.0,0.0,0.0,0,445.19,1750,102.06,-1
-0.1,-0.5,0.06,0.0,0.0,0.0,0,355.596,1750,102.38,-1
-0.1,-0.5,0.11,0.0,0.0,0.0,0,385.237,1750,101.45,-1
-0.1,-0.5,0.16,0.0,0.0,0.0,0,323.975,1750,101.55,-1
-0.1,-0.5,0.21,0.0,0.0,0.0,0,247.646,1750,98.72,-1
-0.1,-0.5,0.26,0.0,0.0,0.0,0,250.064,1750,99.03,-1
-0.1,-0.5,0.31,0.0,0.0,0.0,0,195.594,1750,101.92,-1
-0.1,-0.5,0.36,0.0,0.0,0.0,0,152.216,1750,98.21,-1
-0.1,-0.5,0.41,0.0,0.0,0.0,0,115.346,1750,99.43,-1
-0.1,-0.5,0.46,0.0,0.0,0.0,0,80.542,1750,99.09,-1
-0.1,-0.5,0.51,0.0,0.0,0.0,0,48.663,1750,98.95,-1
-0.1,-0.5,0.56,0.0,0.0,0.0,0,21.093,1750,99.24,-1
-0.1,-0.5,0.61,0.0,0.0,0.0,0,85.119,1750,97.34,-1
-0.1,-0.5,0.66,0.0,0.0,0.0,1,7.601,1000,56.84,3
-0.1,-0.5,0.71,0.0,0.0,0.0,1,2.978,7,0.44,0
-0.1,-0.5,0.76,0.0,0.0,0.0,1,1.945,6,0.45,0
-0.1,-0.5,0.81,0.0,0.0,0.0,1,1.501,7,0.43,0
-0.1,-0.45,0.01,0.0,0.0,0.0,0,450.016,1750,102.28,-1
-0.1,-0.45,0.06,0.0,0.0,0.0,0,418.51,1750,100.82,-1
-0.1,-0.45,0.11,0.0,0.0,0.0,0,344.77,1750,101.56,-1
-0.1,-0.45,0.16,0.0,0.0,0.0,0,322.583,1750,99.71,-1
-0.1,-0.45,0.21,0.0,0.0,0.0,0,217.925,1750,100.37,-1
-0.1,-0.45,0.26,0.0,0.0,0.0,0,218.138,1750,99.8,-1
-0.1,-0.45,0.31,0.0,0.0,0.0,0,172.087,1750,97.33,-1
-0.1,-0.45,0.36,0.0,0.0,0.0,0,131.844,1750,98.87,-1
-0.1,-0.45,0.41,0.0,0.0,0.0,0,92.672,1750,96.4,-1
-0.1,-0.45,0.46,0.0,0.0,0.0,0,217.018,1750,100.28,-1
-0.1,-0.45,0.51,0.0,0.0,0.0,0,19.726,1750,99.24,-1
-0.1,-0.45,0.56,0.0,0.0,0.0,1,3.098,500,28.36,1
-0.1,-0.45,0.61,0.0,0.0,0.0,1,3.612,1500,83.82,5
-0.1,-0.45,0.66,0.0,0.0,0.0,1,3.713,1000,55.15,3
-0.1,-0.45,0.71,0.0,0.0,0.0,1,2.833,8,0.5,0
-0.1,-0.45,0.76,0.0,0.0,0.0,1,1.115,6,0.38,0
-0.1,-0.45,0.81,0.0,0.0,0.0,1,1.245,9,0.54,0
-0.1,-0.4,0.01,0.0,0.0,0.0,0,377.265,1750,101.06,-1
-0.1,-0.4,0.06,0.0,0.0,0.0,0,405.528,1750,101.93,-1
-0.1,-0.4,0.11,0.0,0.0,0.0,0,346.265,1750,100.86,-1
-0.1,-0.4,0.16,0.0,0.0,0.0,0,313.813,1750,100.26,-1
-0.1,-0.4,0.21,0.0,0.0,0.0,0,285.411,1750,98.73,-1
-0.1,-0.4,0.26,0.0,0.0,0.0,0,138.324,1750,98.12,-1
-0.1,-0.4,0.31,0.0,0.0,0.0,0,152.028,1750,99.04,-1
-0.1,-0.4,0.36,0.0,0.0,0.0,0,116.93,1750,96.72,-1
-0.1,-0.4,0.41,0.0,0.0,0.0,0,75.866,1750,99.89,-1
-0.1,-0.4,0.46,0.0,0.0,0.0,0,35.751,1750,96.14,-1
-0.1,-0.4,0.51,0.0,0.0,0.0,1,2.375,18,1.07,0
-0.1,-0.4,0.56,0.0,0.0,0.0,1,2.719,11,0.71,0
-0.1,-0.4,0.61,0.0,0.0,0.0,1,2.792,1260,71.27,5
-0.1,-0.4,0.66,0.0,0.0,0.0,1,2.757,776,44.44,3
-0.1,-0.4,0.71,0.0,0.0,0.0,1,2.896,8,0.49,0
-0.1,-0.4,0.76,0.0,0.0,0.0,1,1.719,7,0.48,0
-0.1,-0.4,0.81,0.0,0.0,0.0,1,0.967,8,0.49,0
-0.1,-0.35,0.01,0.0,0.0,0.0,0,415.589,1750,99.08,-1
-0.1,-0.35,0.06,0.0,0.0,0.0,0,367.106,1750,101.14,-1
-0.1,-0.35,0.11,0.0,0.0,0.0,0,341.993,1750,100.14,-1
-0.1,-0.35,0.16,0.0,0.0,0.0,0,309.504,1750,99.86,-1
-0.1,-0.35,0.21,0.0,0.0,0.0,0,241.302,1750,98.39,-1
-0.1,-0.35,0.26,0.0,0.0,0.0,0,195.42,1750,100.01,-1
-0.1,-0.35,0.31,0.0,0.0,0.0,0,150.7,1750,98.86,-1
-0.1,-0.35,0.36,0.0,0.0,0.0,0,108.108,1750,97.97,-1
-0.1,-0.35,0.41,0.0,0.0,0.0,0,65.828,1750,98.9,-1
-0.1,-0.35,0.46,0.0,0.0,0.0,0,24.019,1750,96.81,-1
-0.1,-0.35,0.51,0.0,0.0,0.0,1,2.346,11,0.67,0
-0.1,-0.35,0.56,0.0,0.0,0.0,0,118.546,1750,98.7,-1
-0.1,-0.35,0.61,0.0,0.0,0.0,1,2.542,771,40.76,3
-0.1,-0.35,0.66,0.0,0.0,0.0,0,36.817,1750,97.6,-1
-0.1,-0.35,0.71,0.0,0.0,0.0,1,2.87,10,0.61,0
-0.1,-0.35,0.76,0.0,0.0,0.0,1,1.731,7,0.49,0
-0.1,-0.35,0.81,0.0,0.0,0.0,1,1.116,7,0.43,0
-0.1,-0.3,0.01,0.0,0.0,0.0,0,415.014,1750,101.83,-1
-0.1,-0.3,0.06,0.0,0.0,0.0,0,365.056,1750,99.43,-1
-0.1,-0.3,0.11,0.0,0.0,0.0,0,341.928,1750,100.26,-1
-0.1,-0.3,0.16,0.0,0.0,0.0,0,270.635,1750,100.73,-1
-0.1,-0.3,0.21,0.0,0.0,0.0,0,208.384,1750,100.33,-1
-0.1,-0.3,0.26,0.0,0.0,0.0,0,91.936,1750,100.11,-1
-0.1,-0.3,0.31,0.0,0.0,0.0,0,98.522,1750,97.82,-1
-0.1,-0.3,0.36,0.0,0.0,0.0,0,70.71,1750,99.69,-1
-0.1,-0.3,0.41,0.0,0.0,0.0,0,63.193,1750,98.18,-1
-0.1,-0.3,0.46,0.0,0.0,0.0,0,20.827,1750,98.8,-1
-0.1,-0.3,0.51,0.0,0.0,0.0,1,2.478,17,1.02,0
-0.1,-0.3,0.56,0.0,0.0,0.0,0,106.743,1750,98.45,-1
-0.1,-0.3,0.61,0.0,0.0,0.0,0,61.377,1750,96.4,-1
-0.1,-0.3,0.66,0.0,0.0,0.0,0,36.761,1750,97.59,-1
-0.1,-0.3,0.71,0.0,0.0,0.0,1,2.897,10,0.62,0
-0.1,-0.3,0.76,0.0,0.0,0.0,1,1.644,6,0.38,0
-0.1,-0.3,0.81,0.0,0.0,0.0,1,1.805,6,0.37,0
-0.1,-0.25,0.01,0.0,0.0,0.0,0,417.608,1750,101.83,-1
-0.1,-0.25,0.06,0.0,0.0,0.0,0,380.603,1750,99.39,-1
-0.1,-0.25,0.11,0.0,0.0,0.0,0,213.181,1750,101.93,-1
-0.1,-0.25,0.16,0.0,0.0,0.0,0,218.841,1750,100.42,-1
-0.1,-0.25,0.21,0.0,0.0,0.0,0,150.602,1750,101.09,-1
-0.1,-0.25,0.26,0.0,0.0,0.0,0,84.131,1750,99.61,-1
-0.1,-0.25,0.31,0.0,0.0,0.0,0,66.977,1750,98.11,-1
-0.1,-0.25,0.36,0.0,0.0,0.0,0,86.379,1750,100.19,-1
-0.1,-0.25,0.41,0.0,0.0,0.0,0,58.423,1750,98.52,-1
-0.1,-0.25,0.46,0.0,0.0,0.0,0,26.738,1750,97.97,-1
-0.1,-0.25,0.51,0.0,0.0,0.0,1,2.494,15,0.93,0
-0.1,-0.25,0.56,0.0,0.0,0.0,0,113.183,1750,99.96,-1
-0.1,-0.25,0.61,0.0,0.0,0.0,0,71.162,1750,100.1,-1
-0.1,-0.25,0.66,0.0,0.0,0.0,0,37.668,1750,98.47,-1
-0.1,-0.25,0.71,0.0,0.0,0.0,0,10.086,1750,97.85,-1
-0.1,-0.25,0.76,0.0,0.0,0.0,1,1.524,6,0.39,0
-0.1,-0.25,0.81,0.0,0.0,0.0,1,1.012,6,0.37,0
-0.1,-0.2,0.01,0.0,0.0,0.0,0,417.99,1750,103.11,-1
-0.1,-0.2,0.06,0.0,0.0,0.0,0,381.005,1750,102.53,-1
-0.1,-0.2,0.11,0.0,0.0,0.0,0,320.728,1750,99.11,-1
-0.1,-0.2,0.16,0.0,0.0,0.0,0,348.797,1750,101.96,-1
-0.1,-0.2,0.21,0.0,0.0,0.0,0,148.168,1750,102.52,-1
-0.1,-0.2,0.26,0.0,0.0,0.0,0,83.574,1750,101.81,-1
-0.1,-0.2,0.31,0.0,0.0,0.0,0,42.037,1750,99.59,-1
-0.1,-0.2,0.36,0.0,0.0,0.0,0,44.9,1750,98.02,-1
-0.1,-0.2,0.41,0.0,0.0,0.0,0,72.601,1750,97.61,-1
-0.1,-0.2,0.46,0.0,0.0,0.0,0,37.156,1750,98.9,-1
-0.1,-0.2,0.51,0.0,0.0,0.0,0,21.772,1750,100.93,-1
-0.1,-0.2,0.56,0.0,0.0,0.0,0,24.096,1750,102.09,-1
-0.1,-0.2,0.61,0.0,0.0,0.0,0,103.488,1750,103.89,-1
-0.1,-0.2,0.66,0.0,0.0,0.0,0,51.631,1750,102.78,-1
-0.1,-0.2,0.71,0.0,0.0,0.0,0,38.48,1750,99.75,-1
-0.1,-0.2,0.76,0.0,0.0,0.0,0,25.248,1750,98.5,-1
-0.1,-0.2,0.81,0.0,0.0,0.0,1,1.041,505,28.19,2
-0.1,-0.15,0.01,0.0,0.0,0.0,0,416.242,1750,101.17,-1
-0.1,-0.15,0.06,0.0,0.0,0.0,0,364.689,1750,105.62,-1
-0.1,-0.15,0.11,0.0,0.0,0.0,0,367.225,1750,102.32,-1
-0.1,-0.15,0.16,0.0,0.0,0.0,0,338.608,1750,101.19,-1
-0.1,-0.15,0.21,0.0,0.0,0.0,0,212.704,1750,102.25,-1
-0.1,-0.15,0.26,0.0,0.0,0.0,0,147.506,1750,101.98,-1
-0.1,-0.15,0.31,0.0,0.0,0.0,0,74.224,1750,99.68,-1
-0.1,-0.15,0.36,0.0,0.0,0.0,0,32.295,1750,99.7,-1
-0.1,-0.15,0.41,0.0,0.0,0.0,0,57.135,1750,99.64,-1
-0.1,-0.15,0.46,0.0,0.0,0.0,0,46.643,1750,99.78,-1
-0.1,-0.15,0.51,0.0,0.0,0.0,0,16.918,1750,100.37,-1
-0.1,-0.15,0.56,0.0,0.0,0.0,1,3.097,1500,87.36,5
-0.1,-0.15,0.61,0.0,0.0,0.0,0,108.296,1750,101.71,-1
-0.1,-0.15,0.66,0.0,0.0,0.0,0,82.637,1750,103.09,-1
-0.1,-0.15,0.71,0.0,0.0,0.0,0,48.442,1750,100.28,-1
-0.1,-0.15,0.76,0.0,0.0,0.0,0,68.729,1750,96.54,-1
-0.1,-0.15,0.81,0.0,0.0,0.0,1,1.215,9,0.52,0
-0.1,-0.1,0.01,0.0,0.0,0.0,0,402.299,1750,103.41,-1
-0.1,-0.1,0.06,0.0,0.0,0.0,0,374.572,1750,101.93,-1
-0.1,-0.1,0.11,0.0,0.0,0.0,0,385.948,1750,101.03,-1
-0.1,-0.1,0.16,0.0,0.0,0.0,0,338.342,1750,102.88,-1
-0.1,-0.1,0.21,0.0,0.0,0.0,0,204.159,1750,101.45,-1
-0.1,-0.1,0.26,0.0,0.0,0.0,0,164.594,1750,104.23,-1
-0.1,-0.1,0.31,0.0,0.0,0.0,0,71.82,1750,99.91,-1
-0.1,-0.1,0.36,0.0,0.0,0.0,0,36.057,1750,100.73,-1
-0.1,-0.1,0.41,0.0,0.0,0.0,0,44.76,1750,99.48,-1
-0.1,-0.1,0.46,0.0,0.0,0.0,0,26.465,1750,101.87,-1
-0.1,-0.1,0.51,0.0,0.0,0.0,1,2.339,758,45.57,3
-0.1,-0.1,0.56,0.0,0.0,0.0,1,2.747,1259,73.61,5
-0.1,-0.1,0.61,0.0,0.0,0.0,1,6.331,1000,58.02,3
-0.1,-0.1,0.66,0.0,0.0,0.0,0,124.16,1750,102.85,-1
-0.1,-0.1,0.71,0.0,0.0,0.0,0,119.417,1750,100.95,-1
-0.1,-0.1,0.76,0.0,0.0,0.0,0,20.009,1750,97.98,-1
-0.1,-0.1,0.81,0.0,0.0,0.0,1,2.26,8,0.49,0
-0.1,-0.05,0.01,0.0,0.0,0.0,0,458.402,1750,100.44,-1
-0.1,-0.05,0.06,0.0,0.0,0.0,0,406.53,1750,103.07,-1
-0.1,-0.05,0.11,0.0,0.0,0.0,0,358.176,1750,105.22,-1
-0.1,-0.05,0.16,0.0,0.0,0.0,0,313.401,1750,100.85,-1
-0.1,-0.05,0.21,0.0,0.0,0.0,0,195.687,1750,101.18,-1
-0.1,-0.05,0.26,0.0,0.0,0.0,0,156.769,1750,102.63,-1
-0.1,-0.05,0.31,0.0,0.0,0.0,0,49.066,1750,102.5,-1
-0.1,-0.05,0.36,0.0,0.0,0.0,0,45.408,1750,100.5,-1
-0.1,-0.05,0.41,0.0,0.0,0.0,0,51.558,1750,102.86,-1
-0.1,-0.05,0.46,0.0,0.0,0.0,0,25.163,1750,101.4,-1
-0.1,-0.05,0.51,0.0,0.0,0.0,1,2.376,758,44.1,3
-0.1,-0.05,0.56,0.0,0.0,0.0,1,2.842,1258,74.47,5
-0.1,-0.05,0.61,0.0,0.0,0.0,1,2.678,758,46.15,3
-0.1,-0.05,0.66,0.0,0.0,0.0,0,168.528,1750,100.68,-1
-0.1,-0.05,0.71,0.0,0.0,0.0,1,5.356,500,28.05,1
-0.1,-0.05,0.76,0.0,0.0,0.0,1,2.277,758,44.28,3
-0.1,-0.05,0.81,0.0,0.0,0.0,1,2.633,7,0.43,0
-0.1,0.0,0.01,0.0,0.0,0.0,0,447.726,1750,101.72,-1
-0.1,0.0,0.06,0.0,0.0,0.0,0,357.334,1750,105.42,-1
-0.1,0.0,0.11,0.0,0.0,0.0,0,313.888,1750,102.36,-1
-0.1,0.0,0.16,0.0,0.0,0.0,0,254.138,1750,101.95,-1
-0.1,0.0,0.21,0.0,0.0,0.0,0,209.686,1750,104.38,-1
-0.1,0.0,0.26,0.0,0.0,0.0,0,169.059,1750,105.38,-1
-0.1,0.0,0.31,0.0,0.0,0.0,0,132.17,1750,102.82,-1
-0.1,0.0,0.36,0.0,0.0,0.0,0,105.716,1750,105.19,-1
-0.1,0.0,0.41,0.0,0.0,0.0,0,63.09,1750,103.91,-1
-0.1,0.0,0.46,0.0,0.0,0.0,0,20.715,1750,100.56,-1
-0.1,0.0,0.51,0.0,0.0,0.0,1,2.138,759,42.17,3
-0.1,0.0,0.56,0.0,0.0,0.0,1,2.989,758,45.85,3
-0.1,0.0,0.61,0.0,0.0,0.0,1,2.56,758,45.92,3
-0.1,0.0,0.66,0.0,0.0,0.0,1,2.706,19,1.12,0
-0.1,0.0,0.71,0.0,0.0,0.0,1,2.526,760,41.76,3
-0.1,0.0,0.76,0.0,0.0,0.0,1,2.36,10,0.6,0
-0.1,0.0,0.81,0.0,0.0,0.0,1,1.949,7,0.48,0
-0.05,-0.6,0.01,0.0,0.0,0.0,0,517.952,1750,101.74,-1
-0.05,-0.6,0.06,0.0,0.0,0.0,0,375.753,1750,102.46,-1
-0.05,-0.6,0.11,0.0,0.0,0.0,0,384.631,1750,100.24,-1
-0.05,-0.6,0.16,0.0,0.0,0.0,0,296.828,1750,101.28,-1
-0.05,-0.6,0.21,0.0,0.0,0.0,0,286.271,1750,100.52,-1
-0.05,-0.6,0.26,0.0,0.0,0.0,0,330.761,1750,101.86,-1
-0.05,-0.6,0.31,0.0,0.0,0.0,0,274.337,1750,100.8,-1
-0.05,-0.6,0.36,0.0,0.0,0.0,0,212.772,1750,97.92,-1
-0.05,-0.6,0.41,0.0,0.0,0.0,0,180.79,1750,102.43,-1
-0.05,-0.6,0.46,0.0,0.0,0.0,0,152.399,1750,101.06,-1
-0.05,-0.6,0.51,0.0,0.0,0.0,0,128.414,1750,97.0,-1
-0.05,-0.6,0.56,0.0,0.0,0.0,0,148.167,1750,102.66,-1
-0.05,-0.6,0.61,0.0,0.0,0.0,0,101.778,1750,101.65,-1
-0.05,-0.6,0.66,0.0,0.0,0.0,0,96.684,1750,98.79,-1
-0.05,-0.6,0.71,0.0,0.0,0.0,0,81.226,1750,98.03,-1
-0.05,-0.6,0.76,0.0,0.0,0.0,0,74.754,1750,99.13,-1
-0.05,-0.6,0.81,0.0,0.0,0.0,0,69.329,1750,97.4,-1
-0.05,-0.55,0.01,0.0,0.0,0.0,0,391.943,1750,101.54,-1
-0.05,-0.55,0.06,0.0,0.0,0.0,0,436.109,1750,100.33,-1
-0.05,-0.55,0.11,0.0,0.0,0.0,0,412.87,1750,101.79,-1
-0.05,-0.55,0.16,0.0,0.0,0.0,0,380.062,1750,101.14,-1
-0.05,-0.55,0.21,0.0,0.0,0.0,0,258.158,1750,100.99,-1
-0.05,-0.55,0.26,0.0,0.0,0.0,0,292.806,1750,100.01,-1
-0.05,-0.55,0.31,0.0,0.0,0.0,0,215.902,1750,101.41,-1
-0.05,-0.55,0.36,0.0,0.0,0.0,0,183.848,1750,101.72,-1
-0.05,-0.55,0.41,0.0,0.0,0.0,0,150.369,1750,100.25,-1
-0.05,-0.55,0.46,0.0,0.0,0.0,0,119.59,1750,98.59,-1
-0.05,-0.55,0.51,0.0,0.0,0.0,0,93.997,1750,99.91,-1
-0.05,-0.55,0.56,0.0,0.0,0.0,0,77.222,1750,99.02,-1
-0.05,-0.55,0.61,0.0,0.0,0.0,0,71.932,1750,100.91,-1
-0.05,-0.55,0.66,0.0,0.0,0.0,0,54.427,1750,99.69,-1
-0.05,-0.55,0.71,0.0,0.0,0.0,0,39.201,1750,98.84,-1
-0.05,-0.55,0.76,0.0,0.0,0.0,0,30.948,1750,98.81,-1
-0.05,-0.55,0.81,0.0,0.0,0.0,0,23.493,1750,96.09,-1
-0.05,-0.5,0.01,0.0,0.0,0.0,0,344.579,1750,100.4,-1
-0.05,-0.5,0.06,0.0,0.0,0.0,0,346.224,1750,102.03,-1
-0.05,-0.5,0.11,0.0,0.0,0.0,0,387.936,1750,102.58,-1
-0.05,-0.5,0.16,0.0,0.0,0.0,0,358.638,1750,101.81,-1
-0.05,-0.5,0.21,0.0,0.0,0.0,0,240.751,1750,102.6,-1
-0.05,-0.5,0.26,0.0,0.0,0.0,0,248.608,1750,101.43,-1
-0.05,-0.5,0.31,0.0,0.0,0.0,0,288.324,1750,103.77,-1
-0.05,-0.5,0.36,0.0,0.0,0.0,0,159.665,1750,101.71,-1
-0.05,-0.5,0.41,0.0,0.0,0.0,0,123.925,1750,97.95,-1
-0.05,-0.5,0.46,0.0,0.0,0.0,0,90.802,1750,98.2,-1
-0.05,-0.5,0.51,0.0,0.0,0.0,0,64.43,1750,99.68,-1
-0.05,-0.5,0.56,0.0,0.0,0.0,0,52.818,1750,102.13,-1
-0.05,-0.5,0.61,0.0,0.0,0.0,0,87.273,1750,98.72,-1
-0.05,-0.5,0.66,0.0,0.0,0.0,0,37.714,1750,96.24,-1
-0.05,-0.5,0.71,0.0,0.0,0.0,1,4.894,500,28.9,1
-0.05,-0.5,0.76,0.0,0.0,0.0,1,2.048,255,14.98,1
-0.05,-0.5,0.81,0.0,0.0,0.0,1,1.285,7,0.44,0
-0.05,-0.45,0.01,0.0,0.0,0.0,0,416.622,1750,100.51,-1
-0.05,-0.45,0.06,0.0,0.0,0.0,0,392.644,1750,101.16,-1
-0.05,-0.45,0.11,0.0,0.0,0.0,0,302.605,1750,101.38,-1
-0.05,-0.45,0.16,0.0,0.0,0.0,0,267.483,1750,100.3,-1
-0.05,-0.45,0.21,0.0,0.0,0.0,0,302.334,1750,100.36,-1
-0.05,-0.45,0.26,0.0,0.0,0.0,0,284.309,1750,100.13,-1
-0.05,-0.45,0.31,0.0,0.0,0.0,0,179.293,1750,99.83,-1
-0.05,-0.45,0.36,0.0,0.0,0.0,0,140.148,1750,99.76,-1
-0.05,-0.45,0.41,0.0,0.0,0.0,0,102.312,1750,99.03,-1
-0.05,-0.45,0.46,0.0,0.0,0.0,0,67.127,1750,98.81,-1
-0.05,-0.45,0.51,0.0,0.0,0.0,0,42.345,1750,100.6,-1
-0.05,-0.45,0.56,0.0,0.0,0.0,0,35.951,1750,98.07,-1
-0.05,-0.45,0.61,0.0,0.0,0.0,0,18.862,1750,97.85,-1
-0.05,-0.45,0.66,0.0,0.0,0.0,0,34.179,1750,99.51,-1
-0.05,-0.45,0.71,0.0,0.0,0.0,1,4.848,250,13.91,0
-0.05,-0.45,0.76,0.0,0.0,0.0,1,1.598,5,0.32,0
-0.05,-0.45,0.81,0.0,0.0,0.0,1,0.923,9,0.54,0
-0.05,-0.4,0.01,0.0,0.0,0.0,0,368.225,1750,101.04,-1
-0.05,-0.4,0.06,0.0,0.0,0.0,0,379.007,1750,101.71,-1
-0.05,-0.4,0.11,0.0,0.0,0.0,0,349.965,1750,99.95,-1
-0.05,-0.4,0.16,0.0,0.0,0.0,0,319.001,1750,100.58,-1
-0.05,-0.4,0.21,0.0,0.0,0.0,0,292.828,1750,100.62,-1
-0.05,-0.4,0.26,0.0,0.0,0.0,0,214.001,1750,100.56,-1
-0.05,-0.4,0.31,0.0,0.0,0.0,0,166.474,1750,97.41,-1
-0.05,-0.4,0.36,0.0,0.0,0.0,0,125.98,1750,99.28,-1
-0.05,-0.4,0.41,0.0,0.0,0.0,0,86.418,1750,98.25,-1
-0.05,-0.4,0.46,0.0,0.0,0.0,0,49.744,1750,98.34,-1
-0.05,-0.4,0.51,0.0,0.0,0.0,0,31.132,1750,98.35,-1
-0.05,-0.4,0.56,0.0,0.0,0.0,0,21.324,1750,99.1,-1
-0.05,-0.4,0.61,0.0,0.0,0.0,0,44.882,1750,101.79,-1
-0.05,-0.4,0.66,0.0,0.0,0.0,0,13.614,1750,97.8,-1
-0.05,-0.4,0.71,0.0,0.0,0.0,1,4.839,250,11.96,0
-0.05,-0.4,0.76,0.0,0.0,0.0,1,1.078,6,0.38,0
-0.05,-0.4,0.81,0.0,0.0,0.0,1,0.713,7,0.43,0
-0.05,-0.35,0.01,0.0,0.0,0.0,0,416.592,1750,101.19,-1
-0.05,-0.35,0.06,0.0,0.0,0.0,0,359.284,1750,99.13,-1
-0.05,-0.35,0.11,0.0,0.0,0.0,0,346.111,1750,100.62,-1
-0.05,-0.35,0.16,0.0,0.0,0.0,0,315.036,1750,99.37,-1
-0.05,-0.35,0.21,0.0,0.0,0.0,0,277.656,1750,100.06,-1
-0.05,-0.35,0.26,0.0,0.0,0.0,0,206.226,1750,99.16,-1
-0.05,-0.35,0.31,0.0,0.0,0.0,0,159.062,1750,95.91,-1
-0.05,-0.35,0.36,0.0,0.0,0.0,0,117.746,1750,98.69,-1
-0.05,-0.35,0.41,0.0,0.0,0.0,0,77.059,1750,98.1,-1
-0.05,-0.35,0.46,0.0,0.0,0.0,0,39.648,1750,98.92,-1
-0.05,-0.35,0.51,0.0,0.0,0.0,0,25.77,1750,97.71,-1
-0.05,-0.35,0.56,0.0,0.0,0.0,0,11.96,1750,99.7,-1
-0.05,-0.35,0.61,0.0,0.0,0.0,0,34.135,1750,95.58,-1
-0.05,-0.35,0.66,0.0,0.0,0.0,1,2.892,11,0.67,0
-0.05,-0.35,0.71,0.0,0.0,0.0,1,4.842,250,13.85,0
-0.05,-0.35,0.76,0.0,0.0,0.0,1,1.003,6,0.37,0
-0.05,-0.35,0.81,0.0,0.0,0.0,1,0.927,6,0.37,0
-0.05,-0.3,0.01,0.0,0.0,0.0,0,406.641,1750,101.08,-1
-0.05,-0.3,0.06,0.0,0.0,0.0,0,380.736,1750,100.99,-1
-0.05,-0.3,0.11,0.0,0.0,0.0,0,346.594,1750,99.1,-1
-0.05,-0.3,0.16,0.0,0.0,0.0,0,315.81,1750,98.99,-1
-0.05,-0.3,0.21,0.0,0.0,0.0,0,113.489,1750,100.12,-1
-0.05,-0.3,0.26,0.0,0.0,0.0,0,150.248,1750,99.31,-1
-0.05,-0.3,0.31,0.0,0.0,0.0,0,157.321,1750,97.24,-1
-0.05,-0.3,0.36,0.0,0.0,0.0,0,115.837,1750,96.37,-1
-0.05,-0.3,0.41,0.0,0.0,0.0,0,74.824,1750,100.46,-1
-0.05,-0.3,0.46,0.0,0.0,0.0,0,37.333,1750,97.5,-1
-0.05,-0.3,0.51,0.0,0.0,0.0,0,24.414,1750,98.21,-1
-0.05,-0.3,0.56,0.0,0.0,0.0,0,74.13,1750,99.45,-1
-0.05,-0.3,0.61,0.0,0.0,0.0,0,31.697,1750,97.74,-1
-0.05,-0.3,0.66,0.0,0.0,0.0,1,2.991,16,1.0,0
-0.05,-0.3,0.71,0.0,0.0,0.0,1,4.853,250,11.8,0
-0.05,-0.3,0.76,0.0,0.0,0.0,1,1.334,6,0.38,0
-0.05,-0.3,0.81,0.0,0.0,0.0,1,2.749,6,0.39,0
-0.05,-0.25,0.01,0.0,0.0,0.0,0,406.933,1750,99.98,-1
-0.05,-0.25,0.06,0.0,0.0,0.0,0,384.784,1750,99.82,-1
-0.05,-0.25,0.11,0.0,0.0,0.0,0,343.804,1750,104.1,-1
-0.05,-0.25,0.16,0.0,0.0,0.0,0,320.683,1750,100.6,-1
-0.05,-0.25,0.21,0.0,0.0,0.0,0,119.673,1750,101.52,-1
-0.05,-0.25,0.26,0.0,0.0,0.0,0,165.552,1750,99.06,-1
-0.05,-0.25,0.31,0.0,0.0,0.0,0,138.896,1750,98.53,-1
-0.05,-0.25,0.36,0.0,0.0,0.0,0,120.362,1750,96.83,-1
-0.05,-0.25,0.41,0.0,0.0,0.0,0,80.094,1750,99.52,-1
-0.05,-0.25,0.46,0.0,0.0,0.0,0,44.8,1750,101.84,-1
-0.05,-0.25,0.51,0.0,0.0,0.0,0,32.85,1750,101.89,-1
-0.05,-0.25,0.56,0.0,0.0,0.0,0,85.448,1750,99.06,-1
-0.05,-0.25,0.61,0.0,0.0,0.0,0,47.77,1750,99.66,-1
-0.05,-0.25,0.66,0.0,0.0,0.0,0,37.027,1750,100.13,-1
-0.05,-0.25,0.71,0.0,0.0,0.0,0,40.049,1750,97.87,-1
-0.05,-0.25,0.76,0.0,0.0,0.0,0,24.097,1750,96.4,-1
-0.05,-0.25,0.81,0.0,0.0,0.0,1,1.952,6,0.38,0
-0.05,-0.2,0.01,0.0,0.0,0.0,0,427.249,1750,100.14,-1
-0.05,-0.2,0.06,0.0,0.0,0.0,0,372.711,1750,102.96,-1
-0.05,-0.2,0.11,0.0,0.0,0.0,0,359.68,1750,104.36,-1
-0.05,-0.2,0.16,0.0,0.0,0.0,0,287.328,1750,101.95,-1
-0.05,-0.2,0.21,0.0,0.0,0.0,0,248.987,1750,101.56,-1
-0.05,-0.2,0.26,0.0,0.0,0.0,0,57.359,1750,100.58,-1
-0.05,-0.2,0.31,0.0,0.0,0.0,0,115.361,1750,100.51,-1
-0.05,-0.2,0.36,0.0,0.0,0.0,0,132.603,1750,101.29,-1
-0.05,-0.2,0.41,0.0,0.0,0.0,0,97.703,1750,101.3,-1
-0.05,-0.2,0.46,0.0,0.0,0.0,0,72.038,1750,102.46,-1
-0.05,-0.2,0.51,0.0,0.0,0.0,0,64.947,1750,100.4,-1
-0.05,-0.2,0.56,0.0,0.0,0.0,0,61.756,1750,101.77,-1
-0.05,-0.2,0.61,0.0,0.0,0.0,0,61.991,1750,103.08,-1
-0.05,-0.2,0.66,0.0,0.0,0.0,0,86.168,1750,98.7,-1
-0.05,-0.2,0.71,0.0,0.0,0.0,0,79.922,1750,97.55,-1
-0.05,-0.2,0.76,0.0,0.0,0.0,0,56.966,1750,96.18,-1
-0.05,-0.2,0.81,0.0,0.0,0.0,0,18.227,1750,98.14,-1
-0.05,-0.15,0.01,0.0,0.0,0.0,0,438.217,1750,100.96,-1
-0.05,-0.15,0.06,0.0,0.0,0.0,0,374.937,1750,104.48,-1
-0.05,-0.15,0.11,0.0,0.0,0.0,0,332.594,1750,101.1,-1
-0.05,-0.15,0.16,0.0,0.0,0.0,0,342.278,1750,102.12,-1
-0.05,-0.15,0.21,0.0,0.0,0.0,0,301.902,1750,102.28,-1
-0.05,-0.15,0.26,0.0,0.0,0.0,0,79.467,1750,100.3,-1
-0.05,-0.15,0.31,0.0,0.0,0.0,0,68.938,1750,102.0,-1
-0.05,-0.15,0.36,0.0,0.0,0.0,0,113.089,1750,98.16,-1
-0.05,-0.15,0.41,0.0,0.0,0.0,0,106.661,1750,100.52,-1
-0.05,-0.15,0.46,0.0,0.0,0.0,0,73.985,1750,99.5,-1
-0.05,-0.15,0.51,0.0,0.0,0.0,0,49.034,1750,100.07,-1
-0.05,-0.15,0.56,0.0,0.0,0.0,0,41.85,1750,101.82,-1
-0.05,-0.15,0.61,0.0,0.0,0.0,0,50.666,1750,102.36,-1
-0.05,-0.15,0.66,0.0,0.0,0.0,0,135.369,1750,100.32,-1
-0.05,-0.15,0.71,0.0,0.0,0.0,0,107.478,1750,100.27,-1
-0.05,-0.15,0.76,0.0,0.0,0.0,0,87.113,1750,100.55,-1
-0.05,-0.15,0.81,0.0,0.0,0.0,0,26.49,1750,97.8,-1
-0.05,-0.1,0.01,0.0,0.0,0.0,0,453.691,1750,102.05,-1
-0.05,-0.1,0.06,0.0,0.0,0.0,0,360.932,1750,102.18,-1
-0.05,-0.1,0.11,0.0,0.0,0.0,0,392.791,1750,101.15,-1
-0.05,-0.1,0.16,0.0,0.0,0.0,0,173.594,1750,103.3,-1
-0.05,-0.1,0.21,0.0,0.0,0.0,0,169.255,1750,103.0,-1
-0.05,-0.1,0.26,0.0,0.0,0.0,0,152.412,1750,105.23,-1
-0.05,-0.1,0.31,0.0,0.0,0.0,0,95.951,1750,101.39,-1
-0.05,-0.1,0.36,0.0,0.0,0.0,0,122.289,1750,99.23,-1
-0.05,-0.1,0.41,0.0,0.0,0.0,0,89.937,1750,102.14,-1
-0.05,-0.1,0.46,0.0,0.0,0.0,0,54.095,1750,103.02,-1
-0.05,-0.1,0.51,0.0,0.0,0.0,0,33.351,1750,101.93,-1
-0.05,-0.1,0.56,0.0,0.0,0.0,0,24.552,1750,101.08,-1
-0.05,-0.1,0.61,0.0,0.0,0.0,0,34.899,1750,100.68,-1
-0.05,-0.1,0.66,0.0,0.0,0.0,0,66.79,1750,102.31,-1
-0.05,-0.1,0.71,0.0,0.0,0.0,0,75.042,1750,97.79,-1
-0.05,-0.1,0.76,0.0,0.0,0.0,0,53.29,1750,98.61,-1
-0.05,-0.1,0.81,0.0,0.0,0.0,0,15.494,1750,97.85,-1
-0.05,-0.05,0.01,0.0,0.0,0.0,0,469.037,1750,101.25,-1
-0.05,-0.05,0.06,0.0,0.0,0.0,0,380.365,1750,103.27,-1
-0.05,-0.05,0.11,0.0,0.0,0.0,0,253.658,1750,103.67,-1
-0.05,-0.05,0.16,0.0,0.0,0.0,0,264.571,1750,102.7,-1
-0.05,-0.05,0.21,0.0,0.0,0.0,0,195.854,1750,104.02,-1
-0.05,-0.05,0.26,0.0,0.0,0.0,0,73.6,1750,104.93,-1
-0.05,-0.05,0.31,0.0,0.0,0.0,0,160.39,1750,103.43,-1
-0.05,-0.05,0.36,0.0,0.0,0.0,0,119.313,1750,101.64,-1
-0.05,-0.05,0.41,0.0,0.0,0.0,0,78.726,1750,103.25,-1
-0.05,-0.05,0.46,0.0,0.0,0.0,0,41.594,1750,101.27,-1
-0.05,-0.05,0.51,0.0,0.0,0.0,0,26.808,1750,100.97,-1
-0.05,-0.05,0.56,0.0,0.0,0.0,0,13.143,1750,100.64,-1
-0.05,-0.05,0.61,0.0,0.0,0.0,1,5.837,1000,59.64,3
-0.05,-0.05,0.66,0.0,0.0,0.0,0,28.311,1750,100.92,-1
-0.05,-0.05,0.71,0.0,0.0,0.0,0,33.77,1750,95.56,-1
-0.05,-0.05,0.76,0.0,0.0,0.0,0,18.8,1750,97.54,-1
-0.05,-0.05,0.81,0.0,0.0,0.0,1,2.717,7,0.36,0
-0.05,0.0,0.01,0.0,0.0,0.0,0,393.218,1750,104.44,-1
-0.05,0.0,0.06,0.0,0.0,0.0,0,367.118,1750,101.7,-1
-0.05,0.0,0.11,0.0,0.0,0.0,0,248.092,1750,102.25,-1
-0.05,0.0,0.16,0.0,0.0,0.0,0,300.5,1750,104.76,-1
-0.05,0.0,0.21,0.0,0.0,0.0,0,235.12,1750,104.09,-1
-0.05,0.0,0.26,0.0,0.0,0.0,0,201.55,1750,102.14,-1
-0.05,0.0,0.31,0.0,0.0,0.0,0,157.21,1750,105.64,-1
-0.05,0.0,0.36,0.0,0.0,0.0,0,115.698,1750,101.56,-1
-0.05,0.0,0.41,0.0,0.0,0.0,0,74.666,1750,103.29,-1
-0.05,0.0,0.46,0.0,0.0,0.0,0,37.092,1750,101.83,-1
-0.05,0.0,0.51,0.0,0.0,0.0,0,24.179,1750,100.19,-1
-0.05,0.0,0.56,0.0,0.0,0.0,1,9.195,250,14.24,0
-0.05,0.0,0.61,0.0,0.0,0.0,1,3.958,250,13.9,0
-0.05,0.0,0.66,0.0,0.0,0.0,1,2.542,516,31.58,2
-0.05,0.0,0.71,0.0,0.0,0.0,1,2.995,13,0.77,0
-0.05,0.0,0.76,0.0,0.0,0.0,1,2.904,13,0.75,0
-0.05,0.0,0.81,0.0,0.0,0.0,1,1.808,6,0.31,0
-0.0,-0.6,0.01,0.0,0.0,0.0,0,449.424,1750,100.07,-1
-0.0,-0.6,0.06,0.0,0.0,0.0,0,468.606,1750,102.14,-1
-0.0,-0.6,0.11,0.0,0.0,0.0,0,367.31,1750,102.02,-1
-0.0,-0.6,0.16,0.0,0.0,0.0,0,327.305,1750,101.19,-1
-0.0,-0.6,0.21,0.0,0.0,0.0,0,250.349,1750,104.29,-1
-0.0,-0.6,0.26,0.0,0.0,0.0,0,344.719,1750,100.71,-1
-0.0,-0.6,0.31,0.0,0.0,0.0,0,263.166,1750,103.05,-1
-0.0,-0.6,0.36,0.0,0.0,0.0,0,236.733,1750,98.99,-1
-0.0,-0.6,0.41,0.0,0.0,0.0,0,193.355,1750,100.17,-1
-0.0,-0.6,0.46,0.0,0.0,0.0,0,168.399,1750,100.04,-1
-0.0,-0.6,0.51,0.0,0.0,0.0,0,166.349,1750,100.43,-1
-0.0,-0.6,0.56,0.0,0.0,0.0,0,137.032,1750,99.75,-1
-0.0,-0.6,0.61,0.0,0.0,0.0,0,114.199,1750,102.7,-1
-0.0,-0.6,0.66,0.0,0.0,0.0,0,102.471,1750,100.07,-1
-0.0,-0.6,0.71,0.0,0.0,0.0,0,88.013,1750,101.41,-1
-0.0,-0.6,0.76,0.0,0.0,0.0,0,78.485,1750,99.71,-1
-0.0,-0.6,0.81,0.0,0.0,0.0,0,70.155,1750,100.73,-1
-0.0,-0.55,0.01,0.0,0.0,0.0,0,539.593,1750,101.6,-1
-0.0,-0.55,0.06,0.0,0.0,0.0,0,392.189,1750,100.69,-1
-0.0,-0.55,0.11,0.0,0.0,0.0,0,423.319,1750,102.09,-1
-0.0,-0.55,0.16,0.0,0.0,0.0,0,266.959,1750,100.7,-1
-0.0,-0.55,0.21,0.0,0.0,0.0,0,218.112,1750,100.92,-1
-0.0,-0.55,0.26,0.0,0.0,0.0,0,275.368,1750,102.82,-1
-0.0,-0.55,0.31,0.0,0.0,0.0,0,281.366,1750,102.33,-1
-0.0,-0.55,0.36,0.0,0.0,0.0,0,195.778,1750,100.26,-1
-0.0,-0.55,0.41,0.0,0.0,0.0,0,165.068,1750,98.71,-1
-0.0,-0.55,0.46,0.0,0.0,0.0,0,139.218,1750,100.11,-1
-0.0,-0.55,0.51,0.0,0.0,0.0,0,68.02,1750,102.43,-1
-0.0,-0.55,0.56,0.0,0.0,0.0,0,50.812,1750,102.33,-1
-0.0,-0.55,0.61,0.0,0.0,0.0,0,85.497,1750,103.42,-1
-0.0,-0.55,0.66,0.0,0.0,0.0,0,66.531,1750,102.44,-1
-0.0,-0.55,0.71,0.0,0.0,0.0,0,53.845,1750,99.67,-1
-0.0,-0.55,0.76,0.0,0.0,0.0,0,35.673,1750,98.69,-1
-0.0,-0.55,0.81,0.0,0.0,0.0,0,24.735,1750,98.42,-1
-0.0,-0.5,0.01,0.0,0.0,0.0,0,501.889,1750,98.34,-1
-0.0,-0.5,0.06,0.0,0.0,0.0,0,504.828,1750,104.06,-1
-0.0,-0.5,0.11,0.0,0.0,0.0,0,405.974,1750,101.29,-1
-0.0,-0.5,0.16,0.0,0.0,0.0,0,279.353,1750,101.01,-1
-0.0,-0.5,0.21,0.0,0.0,0.0,0,301.201,1750,100.32,-1
-0.0,-0.5,0.26,0.0,0.0,0.0,0,225.678,1750,100.26,-1
-0.0,-0.5,0.31,0.0,0.0,0.0,0,210.278,1750,101.41,-1
-0.0,-0.5,0.36,0.0,0.0,0.0,0,173.029,1750,99.88,-1
-0.0,-0.5,0.41,0.0,0.0,0.0,0,141.051,1750,101.05,-1
-0.0,-0.5,0.46,0.0,0.0,0.0,0,114.866,1750,100.59,-1
-0.0,-0.5,0.51,0.0,0.0,0.0,0,98.19,1750,98.27,-1
-0.0,-0.5,0.56,0.0,0.0,0.0,0,92.072,1750,98.18,-1
-0.0,-0.5,0.61,0.0,0.0,0.0,0,72.445,1750,102.83,-1
-0.0,-0.5,0.66,0.0,0.0,0.0,0,63.107,1750,97.42,-1
-0.0,-0.5,0.71,0.0,0.0,0.0,0,16.938,1750,95.96,-1
-0.0,-0.5,0.76,0.0,0.0,0.0,1,1.482,255,15.07,1
-0.0,-0.5,0.81,0.0,0.0,0.0,1,2.126,8,0.48,0
-0.0,-0.45,0.01,0.0,0.0,0.0,0,355.598,1750,101.66,-1
-0.0,-0.45,0.06,0.0,0.0,0.0,0,325.566,1750,101.62,-1
-0.0,-0.45,0.11,0.0,0.0,0.0,0,343.951,1750,101.42,-1
-0.0,-0.45,0.16,0.0,0.0,0.0,0,333.842,1750,101.08,-1
-0.0,-0.45,0.21,0.0,0.0,0.0,0,310.608,1750,101.7,-1
-0.0,-0.45,0.26,0.0,0.0,0.0,0,262.953,1750,99.61,-1
-0.0,-0.45,0.31,0.0,0.0,0.0,0,191.632,1750,98.22,-1
-0.0,-0.45,0.36,0.0,0.0,0.0,0,154.954,1750,101.11,-1
-0.0,-0.45,0.41,0.0,0.0,0.0,0,122.044,1750,101.43,-1
-0.0,-0.45,0.46,0.0,0.0,0.0,0,96.267,1750,99.2,-1
-0.0,-0.45,0.51,0.0,0.0,0.0,0,83.561,1750,99.15,-1
-0.0,-0.45,0.56,0.0,0.0,0.0,0,72.845,1750,98.99,-1
-0.0,-0.45,0.61,0.0,0.0,0.0,0,52.671,1750,98.82,-1
-0.0,-0.45,0.66,0.0,0.0,0.0,0,16.342,1750,97.34,-1
-0.0,-0.45,0.71,0.0,0.0,0.0,1,1.233,5,0.37,0
-0.0,-0.45,0.76,0.0,0.0,0.0,1,0.319,6,0.38,0
-0.0,-0.45,0.81,0.0,0.0,0.0,1,1.458,5,0.31,0
-0.0,-0.4,0.01,0.0,0.0,0.0,0,416.318,1750,101.58,-1
-0.0,-0.4,0.06,0.0,0.0,0.0,0,411.754,1750,100.95,-1
-0.0,-0.4,0.11,0.0,0.0,0.0,0,355.272,1750,98.55,-1
-0.0,-0.4,0.16,0.0,0.0,0.0,0,325.269,1750,99.89,-1
-0.0,-0.4,0.21,0.0,0.0,0.0,0,300.595,1750,97.85,-1
-0.0,-0.4,0.26,0.0,0.0,0.0,0,240.979,1750,99.9,-1
-0.0,-0.4,0.31,0.0,0.0,0.0,0,179.663,1750,100.1,-1
-0.0,-0.4,0.36,0.0,0.0,0.0,0,142.133,1750,102.22,-1
-0.0,-0.4,0.41,0.0,0.0,0.0,0,108.68,1750,99.73,-1
-0.0,-0.4,0.46,0.0,0.0,0.0,0,83.925,1750,101.71,-1
-0.0,-0.4,0.51,0.0,0.0,0.0,0,75.674,1750,97.06,-1
-0.0,-0.4,0.56,0.0,0.0,0.0,0,57.977,1750,101.21,-1
-0.0,-0.4,0.61,0.0,0.0,0.0,0,26.608,1750,98.21,-1
-0.0,-0.4,0.66,0.0,0.0,0.0,1,0.555,6,0.39,0
-0.0,-0.4,0.71,0.0,0.0,0.0,1,1.902,5,0.32,0
-0.0,-0.4,0.76,0.0,0.0,0.0,1,0.81,6,0.37,0
-0.0,-0.4,0.81,0.0,0.0,0.0,1,0.347,6,0.43,0
-0.0,-0.35,0.01,0.0,0.0,0.0,0,440.222,1750,101.42,-1
-0.0,-0.35,0.06,0.0,0.0,0.0,0,382.625,1750,102.77,-1
-0.0,-0.35,0.11,0.0,0.0,0.0,0,351.864,1750,102.9,-1
-0.0,-0.35,0.16,0.0,0.0,0.0,0,309.523,1750,102.71,-1
-0.0,-0.35,0.21,0.0,0.0,0.0,0,264.189,1750,102.86,-1
-0.0,-0.35,0.26,0.0,0.0,0.0,0,226.095,1750,102.57,-1
-0.0,-0.35,0.31,0.0,0.0,0.0,0,172.967,1750,102.83,-1
-0.0,-0.35,0.36,0.0,0.0,0.0,0,135.031,1750,101.96,-1
-0.0,-0.35,0.41,0.0,0.0,0.0,0,101.39,1750,102.35,-1
-0.0,-0.35,0.46,0.0,0.0,0.0,0,77.64,1750,105.42,-1
-0.0,-0.35,0.51,0.0,0.0,0.0,0,70.601,1750,103.49,-1
-0.0,-0.35,0.56,0.0,0.0,0.0,0,49.123,1750,104.82,-1
-0.0,-0.35,0.61,0.0,0.0,0.0,0,22.322,1750,103.38,-1
-0.0,-0.35,0.66,0.0,0.0,0.0,1,0.625,6,0.38,0
-0.0,-0.35,0.71,0.0,0.0,0.0,1,0.706,5,0.31,0
-0.0,-0.35,0.76,0.0,0.0,0.0,1,0.352,6,0.37,0
-0.0,-0.35,0.81,0.0,0.0,0.0,1,1.261,6,0.37,0
-0.0,-0.3,0.01,0.0,0.0,0.0,0,422.398,1750,104.09,-1
-0.0,-0.3,0.06,0.0,0.0,0.0,0,386.347,1750,104.08,-1
-0.0,-0.3,0.11,0.0,0.0,0.0,0,336.637,1750,104.22,-1
-0.0,-0.3,0.16,0.0,0.0,0.0,0,323.13,1750,103.68,-1
-0.0,-0.3,0.21,0.0,0.0,0.0,0,195.422,1750,103.75,-1
-0.0,-0.3,0.26,0.0,0.0,0.0,0,132.354,1750,102.65,-1
-0.0,-0.3,0.31,0.0,0.0,0.0,0,171.775,1750,103.38,-1
-0.0,-0.3,0.36,0.0,0.0,0.0,0,133.934,1750,100.94,-1
-0.0,-0.3,0.41,0.0,0.0,0.0,0,100.395,1750,102.56,-1
-0.0,-0.3,0.46,0.0,0.0,0.0,0,76.871,1750,100.51,-1
-0.0,-0.3,0.51,0.0,0.0,0.0,0,69.876,1750,102.04,-1
-0.0,-0.3,0.56,0.0,0.0,0.0,0,47.42,1750,100.32,-1
-0.0,-0.3,0.61,0.0,0.0,0.0,0,19.399,1750,100.51,-1
-0.0,-0.3,0.66,0.0,0.0,0.0,1,1.57,4,0.27,0
-0.0,-0.3,0.71,0.0,0.0,0.0,1,2.692,5,0.32,0
-0.0,-0.3,0.76,0.0,0.0,0.0,1,2.985,4,0.25,0
-0.0,-0.3,0.81,0.0,0.0,0.0,1,1.507,6,0.37,0
-0.0,-0.25,0.01,0.0,0.0,0.0,0,426.351,1750,104.42,-1
-0.0,-0.25,0.06,0.0,0.0,0.0,0,379.6,1750,105.24,-1
-0.0,-0.25,0.11,0.0,0.0,0.0,0,357.971,1750,103.99,-1
-0.0,-0.25,0.16,0.0,0.0,0.0,0,189.526,1750,104.3,-1
-0.0,-0.25,0.21,0.0,0.0,0.0,0,256.73,1750,103.26,-1
-0.0,-0.25,0.26,0.0,0.0,0.0,0,215.696,1750,101.62,-1
-0.0,-0.25,0.31,0.0,0.0,0.0,0,176.129,1750,103.01,-1
-0.0,-0.25,0.36,0.0,0.0,0.0,0,237.217,1750,100.72,-1
-0.0,-0.25,0.41,0.0,0.0,0.0,0,106.021,1750,103.31,-1
-0.0,-0.25,0.46,0.0,0.0,0.0,0,82.988,1750,101.96,-1
-0.0,-0.25,0.51,0.0,0.0,0.0,0,127.805,1750,101.83,-1
-0.0,-0.25,0.56,0.0,0.0,0.0,0,75.08,1750,103.49,-1
-0.0,-0.25,0.61,0.0,0.0,0.0,0,40.836,1750,103.11,-1
-0.0,-0.25,0.66,0.0,0.0,0.0,0,45.47,1750,97.7,-1
-0.0,-0.25,0.71,0.0,0.0,0.0,0,51.926,1750,95.26,-1
-0.0,-0.25,0.76,0.0,0.0,0.0,0,34.469,1750,99.48,-1
-0.0,-0.25,0.81,0.0,0.0,0.0,1,1.953,3,0.21,0
-0.0,-0.2,0.01,0.0,0.0,0.0,0,426.69,1750,101.62,-1
-0.0,-0.2,0.06,0.0,0.0,0.0,0,385.841,1750,103.9,-1
-0.0,-0.2,0.11,0.0,0.0,0.0,0,367.478,1750,101.62,-1
-0.0,-0.2,0.16,0.0,0.0,0.0,0,339.935,1750,100.81,-1
-0.0,-0.2,0.21,0.0,0.0,0.0,0,317.276,1750,101.71,-1
-0.0,-0.2,0.26,0.0,0.0,0.0,0,176.44,1750,101.78,-1
-0.0,-0.2,0.31,0.0,0.0,0.0,0,188.321,1750,102.87,-1
-0.0,-0.2,0.36,0.0,0.0,0.0,0,188.749,1750,100.86,-1
-0.0,-0.2,0.41,0.0,0.0,0.0,0,154.161,1750,101.77,-1
-0.0,-0.2,0.46,0.0,0.0,0.0,0,107.94,1750,100.96,-1
-0.0,-0.2,0.51,0.0,0.0,0.0,0,112.427,1750,101.62,-1
-0.0,-0.2,0.56,0.0,0.0,0.0,0,105.477,1750,101.64,-1
-0.0,-0.2,0.61,0.0,0.0,0.0,0,74.042,1750,102.54,-1
-0.0,-0.2,0.66,0.0,0.0,0.0,0,91.452,1750,99.98,-1
-0.0,-0.2,0.71,0.0,0.0,0.0,0,101.145,1750,99.68,-1
-0.0,-0.2,0.76,0.0,0.0,0.0,0,71.676,1750,97.57,-1
-0.0,-0.2,0.81,0.0,0.0,0.0,0,29.196,1750,100.08,-1
-0.0,-0.15,0.01,0.0,0.0,0.0,0,429.838,1750,99.73,-1
-0.0,-0.15,0.06,0.0,0.0,0.0,0,412.112,1750,101.98,-1
-0.0,-0.15,0.11,0.0,0.0,0.0,0,379.178,1750,100.91,-1
-0.0,-0.15,0.16,0.0,0.0,0.0,0,357.015,1750,101.76,-1
-0.0,-0.15,0.21,0.0,0.0,0.0,0,331.957,1750,102.02,-1
-0.0,-0.15,0.26,0.0,0.0,0.0,0,255.357,1750,105.0,-1
-0.0,-0.15,0.31,0.0,0.0,0.0,0,210.226,1750,100.55,-1
-0.0,-0.15,0.36,0.0,0.0,0.0,0,163.389,1750,102.0,-1
-0.0,-0.15,0.41,0.0,0.0,0.0,0,132.078,1750,102.43,-1
-0.0,-0.15,0.46,0.0,0.0,0.0,0,106.874,1750,103.03,-1
-0.0,-0.15,0.51,0.0,0.0,0.0,0,92.057,1750,100.76,-1
-0.0,-0.15,0.56,0.0,0.0,0.0,0,85.195,1750,102.45,-1
-0.0,-0.15,0.61,0.0,0.0,0.0,0,110.316,1750,101.4,-1
-0.0,-0.15,0.66,0.0,0.0,0.0,0,139.323,1750,103.42,-1
-0.0,-0.15,0.71,0.0,0.0,0.0,0,136.798,1750,98.14,-1
-0.0,-0.15,0.76,0.0,0.0,0.0,0,87.097,1750,101.53,-1
-0.0,-0.15,0.81,0.0,0.0,0.0,0,37.148,1750,98.36,-1
-0.0,-0.1,0.01,0.0,0.0,0.0,0,419.647,1750,102.12,-1
-0.0,-0.1,0.06,0.0,0.0,0.0,0,430.024,1750,101.86,-1
-0.0,-0.1,0.11,0.0,0.0,0.0,0,348.351,1750,101.8,-1
-0.0,-0.1,0.16,0.0,0.0,0.0,0,215.076,1750,103.17,-1
-0.0,-0.1,0.21,0.0,0.0,0.0,0,176.527,1750,101.85,-1
-0.0,-0.1,0.26,0.0,0.0,0.0,0,133.566,1750,98.43,-1
-0.0,-0.1,0.31,0.0,0.0,0.0,0,184.145,1750,102.81,-1
-0.0,-0.1,0.36,0.0,0.0,0.0,0,147.829,1750,101.93,-1
-0.0,-0.1,0.41,0.0,0.0,0.0,0,115.324,1750,100.29,-1
-0.0,-0.1,0.46,0.0,0.0,0.0,0,90.407,1750,100.8,-1
-0.0,-0.1,0.51,0.0,0.0,0.0,0,79.892,1750,101.6,-1
-0.0,-0.1,0.56,0.0,0.0,0.0,0,65.759,1750,99.98,-1
-0.0,-0.1,0.61,0.0,0.0,0.0,0,64.104,1750,104.73,-1
-0.0,-0.1,0.66,0.0,0.0,0.0,0,181.611,1750,105.38,-1
-0.0,-0.1,0.71,0.0,0.0,0.0,0,95.61,1750,100.48,-1
-0.0,-0.1,0.76,0.0,0.0,0.0,0,67.387,1750,100.21,-1
-0.0,-0.1,0.81,0.0,0.0,0.0,0,25.189,1750,99.99,-1
-0.0,-0.05,0.01,0.0,0.0,0.0,0,437.23,1750,105.35,-1
-0.0,-0.05,0.06,0.0,0.0,0.0,0,382.375,1750,103.01,-1
-0.0,-0.05,0.11,0.0,0.0,0.0,0,362.954,1750,103.43,-1
-0.0,-0.05,0.16,0.0,0.0,0.0,0,135.313,1750,101.26,-1
-0.0,-0.05,0.21,0.0,0.0,0.0,0,269.738,1750,102.02,-1
-0.0,-0.05,0.26,0.0,0.0,0.0,0,234.019,1750,102.91,-1
-0.0,-0.05,0.31,0.0,0.0,0.0,0,175.156,1750,102.66,-1
-0.0,-0.05,0.36,0.0,0.0,0.0,0,137.791,1750,103.08,-1
-0.0,-0.05,0.41,0.0,0.0,0.0,0,104.545,1750,101.99,-1
-0.0,-0.05,0.46,0.0,0.0,0.0,0,80.454,1750,97.64,-1
-0.0,-0.05,0.51,0.0,0.0,0.0,0,72.958,1750,98.79,-1
-0.0,-0.05,0.56,0.0,0.0,0.0,0,52.022,1750,98.21,-1
-0.0,-0.05,0.61,0.0,0.0,0.0,0,25.397,1750,102.49,-1
-0.0,-0.05,0.66,0.0,0.0,0.0,0,215.118,1750,104.97,-1
-0.0,-0.05,0.71,0.0,0.0,0.0,0,50.924,1750,99.11,-1
-0.0,-0.05,0.76,0.0,0.0,0.0,0,28.979,1750,99.55,-1
-0.0,-0.05,0.81,0.0,0.0,0.0,1,2.266,7,0.44,0
-0.0,0.0,0.01,0.0,0.0,0.0,0,329.497,1750,103.92,-1
-0.0,0.0,0.06,0.0,0.0,0.0,0,366.102,1750,101.13,-1
-0.0,0.0,0.11,0.0,0.0,0.0,0,331.687,1750,101.99,-1
-0.0,0.0,0.16,0.0,0.0,0.0,0,295.02,1750,99.84,-1
-0.0,0.0,0.21,0.0,0.0,0.0,0,257.191,1750,101.72,-1
-0.0,0.0,0.26,0.0,0.0,0.0,0,218.62,1750,105.47,-1
-0.0,0.0,0.31,0.0,0.0,0.0,0,171.584,1750,102.2,-1
-0.0,0.0,0.36,0.0,0.0,0.0,0,133.678,1750,104.12,-1
-0.0,0.0,0.41,0.0,0.0,0.0,0,100.076,1750,102.14,-1
-0.0,0.0,0.46,0.0,0.0,0.0,0,76.535,1750,100.52,-1
-0.0,0.0,0.51,0.0,0.0,0.0,0,69.548,1750,99.99,-1
-0.0,0.0,0.56,0.0,0.0,0.0,0,47.067,1750,101.53,-1
-0.0,0.0,0.61,0.0,0.0,0.0,0,11.399,1750,104.42,-1
-0.0,0.0,0.66,0.0,0.0,0.0,1,7.3,250,14.28,0
-0.0,0.0,0.71,0.0,0.0,0.0,0,30.057,1750,97.02,-1
-0.0,0.0,0.76,0.0,0.0,0.0,0,20.539,1750,98.16,-1
-0.0,0.0,0.81,0.0,0.0,0.0,1,2.537,9,0.56,0
0.05,-0.6,0.01,0.0,0.0,0.0,0,401.252,1750,99.88,-1
0.05,-0.6,0.06,0.0,0.0,0.0,0,479.606,1750,101.88,-1
0.05,-0.6,0.11,0.0,0.0,0.0,0,447.418,1750,102.74,-1
0.05,-0.6,0.16,0.0,0.0,0.0,0,429.72,1750,100.0,-1
0.05,-0.6,0.21,0.0,0.0,0.0,0,344.837,1750,102.09,-1
0.05,-0.6,0.26,0.0,0.0,0.0,0,295.24,1750,102.31,-1
0.05,-0.6,0.31,0.0,0.0,0.0,0,283.239,1750,97.0,-1
0.05,-0.6,0.36,0.0,0.0,0.0,0,249.857,1750,100.34,-1
0.05,-0.6,0.41,0.0,0.0,0.0,0,214.437,1750,100.02,-1
0.05,-0.6,0.46,0.0,0.0,0.0,0,185.179,1750,99.03,-1
0.05,-0.6,0.51,0.0,0.0,0.0,0,154.547,1750,98.92,-1
0.05,-0.6,0.56,0.0,0.0,0.0,0,126.145,1750,100.36,-1
0.05,-0.6,0.61,0.0,0.0,0.0,0,101.91,1750,98.76,-1
0.05,-0.6,0.66,0.0,0.0,0.0,0,84.931,1750,100.06,-1
0.05,-0.6,0.71,0.0,0.0,0.0,0,95.502,1750,99.98,-1
0.05,-0.6,0.76,0.0,0.0,0.0,0,74.753,1750,98.11,-1
0.05,-0.6,0.81,0.0,0.0,0.0,0,69.302,1750,97.88,-1
0.05,-0.55,0.01,0.0,0.0,0.0,0,381.529,1750,102.57,-1
0.05,-0.55,0.06,0.0,0.0,0.0,0,417.113,1750,100.39,-1
0.05,-0.55,0.11,0.0,0.0,0.0,0,428.717,1750,103.11,-1
0.05,-0.55,0.16,0.0,0.0,0.0,0,406.766,1750,101.33,-1
0.05,-0.55,0.21,0.0,0.0,0.0,0,257.549,1750,99.65,-1
0.05,-0.55,0.26,0.0,0.0,0.0,0,277.742,1750,101.67,-1
0.05,-0.55,0.31,0.0,0.0,0.0,0,268.629,1750,99.29,-1
0.05,-0.55,0.36,0.0,0.0,0.0,0,215.717,1750,100.22,-1
0.05,-0.55,0.41,0.0,0.0,0.0,0,189.296,1750,100.8,-1
0.05,-0.55,0.46,0.0,0.0,0.0,0,168.587,1750,98.52,-1
0.05,-0.55,0.51,0.0,0.0,0.0,0,136.601,1750,99.71,-1
0.05,-0.55,0.56,0.0,0.0,0.0,0,103.843,1750,96.82,-1
0.05,-0.55,0.61,0.0,0.0,0.0,0,72.247,1750,102.0,-1
0.05,-0.55,0.66,0.0,0.0,0.0,0,47.75,1750,99.86,-1
0.05,-0.55,0.71,0.0,0.0,0.0,0,39.195,1750,98.91,-1
0.05,-0.55,0.76,0.0,0.0,0.0,0,30.947,1750,97.1,-1
0.05,-0.55,0.81,0.0,0.0,0.0,0,23.474,1750,98.18,-1
0.05,-0.5,0.01,0.0,0.0,0.0,0,380.957,1750,101.33,-1
0.05,-0.5,0.06,0.0,0.0,0.0,0,460.407,1750,100.5,-1
0.05,-0.5,0.11,0.0,0.0,0.0,0,326.504,1750,102.52,-1
0.05,-0.5,0.16,0.0,0.0,0.0,0,251.983,1750,99.16,-1
0.05,-0.5,0.21,0.0,0.0,0.0,0,306.869,1750,101.12,-1
0.05,-0.5,0.26,0.0,0.0,0.0,0,272.68,1750,100.53,-1
0.05,-0.5,0.31,0.0,0.0,0.0,0,238.887,1750,100.07,-1
0.05,-0.5,0.36,0.0,0.0,0.0,0,195.296,1750,100.63,-1
0.05,-0.5,0.41,0.0,0.0,0.0,0,168.631,1750,98.49,-1
0.05,-0.5,0.46,0.0,0.0,0.0,0,148.742,1750,100.02,-1
0.05,-0.5,0.51,0.0,0.0,0.0,0,137.981,1750,99.34,-1
0.05,-0.5,0.56,0.0,0.0,0.0,0,96.864,1750,98.17,-1
0.05,-0.5,0.61,0.0,0.0,0.0,0,46.667,1750,99.26,-1
0.05,-0.5,0.66,0.0,0.0,0.0,0,28.457,1750,98.47,-1
0.05,-0.5,0.71,0.0,0.0,0.0,1,4.703,250,13.87,0
0.05,-0.5,0.76,0.0,0.0,0.0,1,1.831,9,0.54,0
0.05,-0.5,0.81,0.0,0.0,0.0,1,1.093,7,0.43,0
0.05,-0.45,0.01,0.0,0.0,0.0,0,385.523,1750,99.69,-1
0.05,-0.45,0.06,0.0,0.0,0.0,0,394.103,1750,102.13,-1
0.05,-0.45,0.11,0.0,0.0,0.0,0,267.078,1750,101.31,-1
0.05,-0.45,0.16,0.0,0.0,0.0,0,339.882,1750,100.34,-1
0.05,-0.45,0.21,0.0,0.0,0.0,0,311.137,1750,102.07,-1
0.05,-0.45,0.26,0.0,0.0,0.0,0,301.304,1750,99.78,-1
0.05,-0.45,0.31,0.0,0.0,0.0,0,269.612,1750,101.79,-1
0.05,-0.45,0.36,0.0,0.0,0.0,0,179.536,1750,99.89,-1
0.05,-0.45,0.41,0.0,0.0,0.0,0,152.914,1750,100.42,-1
0.05,-0.45,0.46,0.0,0.0,0.0,0,134.358,1750,96.94,-1
0.05,-0.45,0.51,0.0,0.0,0.0,0,126.976,1750,100.56,-1
0.05,-0.45,0.56,0.0,0.0,0.0,0,92.429,1750,99.69,-1
0.05,-0.45,0.61,0.0,0.0,0.0,0,58.441,1750,98.1,-1
0.05,-0.45,0.66,0.0,0.0,0.0,0,34.159,1750,97.48,-1
0.05,-0.45,0.71,0.0,0.0,0.0,1,4.715,250,13.94,0
0.05,-0.45,0.76,0.0,0.0,0.0,1,1.741,8,0.53,0
0.05,-0.45,0.81,0.0,0.0,0.0,1,1.22,6,0.37,0
0.05,-0.4,0.01,0.0,0.0,0.0,0,412.975,1750,102.33,-1
0.05,-0.4,0.06,0.0,0.0,0.0,0,379.583,1750,101.33,-1
0.05,-0.4,0.11,0.0,0.0,0.0,0,361.479,1750,101.41,-1
0.05,-0.4,0.16,0.0,0.0,0.0,0,280.382,1750,100.17,-1
0.05,-0.4,0.21,0.0,0.0,0.0,0,306.92,1750,100.66,-1
0.05,-0.4,0.26,0.0,0.0,0.0,0,290.199,1750,99.62,-1
0.05,-0.4,0.31,0.0,0.0,0.0,0,285.933,1750,98.76,-1
0.05,-0.4,0.36,0.0,0.0,0.0,0,168.769,1750,100.77,-1
0.05,-0.4,0.41,0.0,0.0,0.0,0,142.401,1750,100.36,-1
0.05,-0.4,0.46,0.0,0.0,0.0,0,125.298,1750,100.75,-1
0.05,-0.4,0.51,0.0,0.0,0.0,0,118.4,1750,100.29,-1
0.05,-0.4,0.56,0.0,0.0,0.0,0,73.648,1750,99.92,-1
0.05,-0.4,0.61,0.0,0.0,0.0,0,44.882,1750,99.7,-1
0.05,-0.4,0.66,0.0,0.0,0.0,0,13.605,1750,96.21,-1
0.05,-0.4,0.71,0.0,0.0,0.0,1,4.746,250,13.84,0
0.05,-0.4,0.76,0.0,0.0,0.0,1,1.843,7,0.43,0
0.05,-0.4,0.81,0.0,0.0,0.0,1,0.547,8,0.48,0
0.05,-0.35,0.01,0.0,0.0,0.0,0,424.169,1750,102.43,-1
0.05,-0.35,0.06,0.0,0.0,0.0,0,388.507,1750,101.67,-1
0.05,-0.35,0.11,0.0,0.0,0.0,0,358.583,1750,100.32,-1
0.05,-0.35,0.16,0.0,0.0,0.0,0,319.655,1750,100.8,-1
0.05,-0.35,0.21,0.0,0.0,0.0,0,279.724,1750,104.06,-1
0.05,-0.35,0.26,0.0,0.0,0.0,0,284.404,1750,102.92,-1
0.05,-0.35,0.31,0.0,0.0,0.0,0,131.906,1750,102.21,-1
0.05,-0.35,0.36,0.0,0.0,0.0,0,163.24,1750,100.07,-1
0.05,-0.35,0.41,0.0,0.0,0.0,0,137.142,1750,100.45,-1
0.05,-0.35,0.46,0.0,0.0,0.0,0,121.02,1750,100.22,-1
0.05,-0.35,0.51,0.0,0.0,0.0,0,86.422,1750,99.71,-1
0.05,-0.35,0.56,0.0,0.0,0.0,0,75.239,1750,99.58,-1
0.05,-0.35,0.61,0.0,0.0,0.0,0,34.134,1750,97.67,-1
0.05,-0.35,0.66,0.0,0.0,0.0,1,2.91,8,0.49,0
0.05,-0.35,0.71,0.0,0.0,0.0,1,4.781,250,13.94,0
0.05,-0.35,0.76,0.0,0.0,0.0,1,1.989,7,0.48,0
0.05,-0.35,0.81,0.0,0.0,0.0,1,0.664,8,0.49,0
0.05,-0.3,0.01,0.0,0.0,0.0,0,373.778,1750,101.3,-1
0.05,-0.3,0.06,0.0,0.0,0.0,0,393.505,1750,100.61,-1
0.05,-0.3,0.11,0.0,0.0,0.0,0,328.423,1750,101.12,-1
0.05,-0.3,0.16,0.0,0.0,0.0,0,297.527,1750,101.46,-1
0.05,-0.3,0.21,0.0,0.0,0.0,0,305.855,1750,102.11,-1
0.05,-0.3,0.26,0.0,0.0,0.0,0,136.181,1750,101.34,-1
0.05,-0.3,0.31,0.0,0.0,0.0,0,195.068,1750,100.8,-1
0.05,-0.3,0.36,0.0,0.0,0.0,0,246.7,1750,100.99,-1
0.05,-0.3,0.41,0.0,0.0,0.0,0,131.898,1750,101.0,-1
0.05,-0.3,0.46,0.0,0.0,0.0,0,140.636,1750,98.45,-1
0.05,-0.3,0.51,0.0,0.0,0.0,0,172.521,1750,99.47,-1
0.05,-0.3,0.56,0.0,0.0,0.0,0,74.006,1750,100.73,-1
0.05,-0.3,0.61,0.0,0.0,0.0,0,31.697,1750,98.55,-1
0.05,-0.3,0.66,0.0,0.0,0.0,0,37.673,1750,96.47,-1
0.05,-0.3,0.71,0.0,0.0,0.0,1,4.816,250,13.85,0
0.05,-0.3,0.76,0.0,0.0,0.0,1,1.766,8,0.48,0
0.05,-0.3,0.81,0.0,0.0,0.0,1,0.836,7,0.42,0
0.05,-0.25,0.01,0.0,0.0,0.0,0,427.734,1750,101.47,-1
0.05,-0.25,0.06,0.0,0.0,0.0,0,371.647,1750,101.47,-1
0.05,-0.25,0.11,0.0,0.0,0.0,0,353.653,1750,102.56,-1
0.05,-0.25,0.16,0.0,0.0,0.0,0,312.841,1750,102.5,-1
0.05,-0.25,0.21,0.0,0.0,0.0,0,162.844,1750,100.05,-1
0.05,-0.25,0.26,0.0,0.0,0.0,0,295.954,1750,100.93,-1
0.05,-0.25,0.31,0.0,0.0,0.0,0,199.851,1750,103.35,-1
0.05,-0.25,0.36,0.0,0.0,0.0,0,193.253,1750,101.17,-1
0.05,-0.25,0.41,0.0,0.0,0.0,0,151.19,1750,102.52,-1
0.05,-0.25,0.46,0.0,0.0,0.0,0,191.452,1750,101.17,-1
0.05,-0.25,0.51,0.0,0.0,0.0,0,119.039,1750,100.58,-1
0.05,-0.25,0.56,0.0,0.0,0.0,0,82.674,1750,102.92,-1
0.05,-0.25,0.61,0.0,0.0,0.0,0,47.77,1750,101.66,-1
0.05,-0.25,0.66,0.0,0.0,0.0,0,55.098,1750,101.16,-1
0.05,-0.25,0.71,0.0,0.0,0.0,0,40.024,1750,99.97,-1
0.05,-0.25,0.76,0.0,0.0,0.0,0,24.096,1750,98.04,-1
0.05,-0.25,0.81,0.0,0.0,0.0,1,0.728,5,0.33,0
0.05,-0.2,0.01,0.0,0.0,0.0,0,436.006,1750,102.33,-1
0.05,-0.2,0.06,0.0,0.0,0.0,0,392.103,1750,101.75,-1
0.05,-0.2,0.11,0.0,0.0,0.0,0,357.485,1750,104.85,-1
0.05,-0.2,0.16,0.0,0.0,0.0,0,318.482,1750,100.4,-1
0.05,-0.2,0.21,0.0,0.0,0.0,0,280.862,1750,104.54,-1
0.05,-0.2,0.26,0.0,0.0,0.0,0,173.678,1750,102.33,-1
0.05,-0.2,0.31,0.0,0.0,0.0,0,178.973,1750,102.69,-1
0.05,-0.2,0.36,0.0,0.0,0.0,0,191.018,1750,104.17,-1
0.05,-0.2,0.41,0.0,0.0,0.0,0,160.481,1750,102.22,-1
0.05,-0.2,0.46,0.0,0.0,0.0,0,166.772,1750,101.94,-1
0.05,-0.2,0.51,0.0,0.0,0.0,0,154.492,1750,100.9,-1
0.05,-0.2,0.56,0.0,0.0,0.0,0,111.208,1750,103.72,-1
0.05,-0.2,0.61,0.0,0.0,0.0,0,90.089,1750,106.1,-1
0.05,-0.2,0.66,0.0,0.0,0.0,0,88.712,1750,102.33,-1
0.05,-0.2,0.71,0.0,0.0,0.0,0,79.92,1750,97.43,-1
0.05,-0.2,0.76,0.0,0.0,0.0,0,56.96,1750,97.64,-1
0.05,-0.2,0.81,0.0,0.0,0.0,0,18.009,1750,99.54,-1
0.05,-0.15,0.01,0.0,0.0,0.0,0,446.805,1750,101.35,-1
0.05,-0.15,0.06,0.0,0.0,0.0,0,399.2,1750,101.93,-1
0.05,-0.15,0.11,0.0,0.0,0.0,0,369.009,1750,102.07,-1
0.05,-0.15,0.16,0.0,0.0,0.0,0,331.847,1750,103.25,-1
0.05,-0.15,0.21,0.0,0.0,0.0,0,296.42,1750,105.21,-1
0.05,-0.15,0.26,0.0,0.0,0.0,0,251.202,1750,103.59,-1
0.05,-0.15,0.31,0.0,0.0,0.0,0,220.15,1750,100.57,-1
0.05,-0.15,0.36,0.0,0.0,0.0,0,191.618,1750,103.54,-1
0.05,-0.15,0.41,0.0,0.0,0.0,0,166.07,1750,102.59,-1
0.05,-0.15,0.46,0.0,0.0,0.0,0,147.142,1750,101.39,-1
0.05,-0.15,0.51,0.0,0.0,0.0,0,137.12,1750,100.71,-1
0.05,-0.15,0.56,0.0,0.0,0.0,0,128.911,1750,101.53,-1
0.05,-0.15,0.61,0.0,0.0,0.0,0,131.693,1750,103.79,-1
0.05,-0.15,0.66,0.0,0.0,0.0,0,113.782,1750,106.5,-1
0.05,-0.15,0.71,0.0,0.0,0.0,0,106.416,1750,99.78,-1
0.05,-0.15,0.76,0.0,0.0,0.0,0,71.71,1750,99.62,-1
0.05,-0.15,0.81,0.0,0.0,0.0,0,26.55,1750,99.36,-1
0.05,-0.1,0.01,0.0,0.0,0.0,0,469.658,1750,102.15,-1
0.05,-0.1,0.06,0.0,0.0,0.0,0,412.013,1750,101.66,-1
0.05,-0.1,0.11,0.0,0.0,0.0,0,395.081,1750,102.26,-1
0.05,-0.1,0.16,0.0,0.0,0.0,0,256.616,1750,102.27,-1
0.05,-0.1,0.21,0.0,0.0,0.0,0,246.006,1750,103.99,-1
0.05,-0.1,0.26,0.0,0.0,0.0,0,249.842,1750,102.34,-1
0.05,-0.1,0.31,0.0,0.0,0.0,0,207.908,1750,101.57,-1
0.05,-0.1,0.36,0.0,0.0,0.0,0,176.861,1750,100.53,-1
0.05,-0.1,0.41,0.0,0.0,0.0,0,150.986,1750,100.76,-1
0.05,-0.1,0.46,0.0,0.0,0.0,0,133.065,1750,102.54,-1
0.05,-0.1,0.51,0.0,0.0,0.0,0,126.675,1750,98.19,-1
0.05,-0.1,0.56,0.0,0.0,0.0,0,105.152,1750,102.18,-1
0.05,-0.1,0.61,0.0,0.0,0.0,0,84.848,1750,104.45,-1
0.05,-0.1,0.66,0.0,0.0,0.0,0,147.307,1750,104.14,-1
0.05,-0.1,0.71,0.0,0.0,0.0,0,110.638,1750,98.71,-1
0.05,-0.1,0.76,0.0,0.0,0.0,0,66.508,1750,101.62,-1
0.05,-0.1,0.81,0.0,0.0,0.0,0,37.077,1750,100.01,-1
0.05,-0.05,0.01,0.0,0.0,0.0,0,417.413,1750,100.98,-1
0.05,-0.05,0.06,0.0,0.0,0.0,0,391.749,1750,102.79,-1
0.05,-0.05,0.11,0.0,0.0,0.0,0,292.137,1750,100.27,-1
0.05,-0.05,0.16,0.0,0.0,0.0,0,327.628,1750,103.38,-1
0.05,-0.05,0.21,0.0,0.0,0.0,0,290.77,1750,101.24,-1
0.05,-0.05,0.26,0.0,0.0,0.0,0,253.255,1750,98.86,-1
0.05,-0.05,0.31,0.0,0.0,0.0,0,198.826,1750,101.61,-1
0.05,-0.05,0.36,0.0,0.0,0.0,0,167.141,1750,103.2,-1
0.05,-0.05,0.41,0.0,0.0,0.0,0,141.185,1750,100.78,-1
0.05,-0.05,0.46,0.0,0.0,0.0,0,124.437,1750,98.89,-1
0.05,-0.05,0.51,0.0,0.0,0.0,0,117.098,1750,100.79,-1
0.05,-0.05,0.56,0.0,0.0,0.0,0,80.015,1750,101.6,-1
0.05,-0.05,0.61,0.0,0.0,0.0,0,45.186,1750,105.48,-1
0.05,-0.05,0.66,0.0,0.0,0.0,0,186.038,1750,104.95,-1
0.05,-0.05,0.71,0.0,0.0,0.0,0,86.745,1750,98.49,-1
0.05,-0.05,0.76,0.0,0.0,0.0,0,53.247,1750,98.0,-1
0.05,-0.05,0.81,0.0,0.0,0.0,0,22.867,1750,97.23,-1
0.05,0.0,0.01,0.0,0.0,0.0,0,422.35,1750,102.9,-1
0.05,0.0,0.06,0.0,0.0,0.0,0,387.881,1750,101.63,-1
0.05,0.0,0.11,0.0,0.0,0.0,0,312.238,1750,98.94,-1
0.05,0.0,0.16,0.0,0.0,0.0,0,320.128,1750,101.79,-1
0.05,0.0,0.21,0.0,0.0,0.0,0,275.328,1750,101.33,-1
0.05,0.0,0.26,0.0,0.0,0.0,0,237.407,1750,102.51,-1
0.05,0.0,0.31,0.0,0.0,0.0,0,194.767,1750,101.58,-1
0.05,0.0,0.36,0.0,0.0,0.0,0,162.705,1750,101.41,-1
0.05,0.0,0.41,0.0,0.0,0.0,0,136.709,1750,102.1,-1
0.05,0.0,0.46,0.0,0.0,0.0,0,120.672,1750,102.06,-1
0.05,0.0,0.51,0.0,0.0,0.0,0,112.073,1750,99.4,-1
0.05,0.0,0.56,0.0,0.0,0.0,0,73.593,1750,103.1,-1
0.05,0.0,0.61,0.0,0.0,0.0,0,240.555,1750,102.47,-1
0.05,0.0,0.66,0.0,0.0,0.0,0,228.973,1750,104.84,-1
0.05,0.0,0.71,0.0,0.0,0.0,0,78.664,1750,101.02,-1
0.05,0.0,0.76,0.0,0.0,0.0,0,61.731,1750,98.49,-1
0.05,0.0,0.81,0.0,0.0,0.0,0,37.401,1750,97.64,-1
0.1,-0.6,0.01,0.0,0.0,0.0,0,543.017,1750,100.7,-1
0.1,-0.6,0.06,0.0,0.0,0.0,0,493.078,1750,101.4,-1
0.1,-0.6,0.11,0.0,0.0,0.0,0,415.107,1750,102.75,-1
0.1,-0.6,0.16,0.0,0.0,0.0,0,388.905,1750,102.24,-1
0.1,-0.6,0.21,0.0,0.0,0.0,0,405.856,1750,100.76,-1
0.1,-0.6,0.26,0.0,0.0,0.0,0,313.173,1750,104.79,-1
0.1,-0.6,0.31,0.0,0.0,0.0,0,194.376,1750,102.27,-1
0.1,-0.6,0.36,0.0,0.0,0.0,0,243.093,1750,103.79,-1
0.1,-0.6,0.41,0.0,0.0,0.0,0,210.189,1750,98.88,-1
0.1,-0.6,0.46,0.0,0.0,0.0,0,178.066,1750,100.23,-1
0.1,-0.6,0.51,0.0,0.0,0.0,0,147.08,1750,100.53,-1
0.1,-0.6,0.56,0.0,0.0,0.0,0,118.062,1750,102.03,-1
0.1,-0.6,0.61,0.0,0.0,0.0,0,69.194,1750,103.38,-1
0.1,-0.6,0.66,0.0,0.0,0.0,0,75.64,1750,103.15,-1
0.1,-0.6,0.71,0.0,0.0,0.0,0,71.448,1750,100.58,-1
0.1,-0.6,0.76,0.0,0.0,0.0,0,69.661,1750,99.86,-1
0.1,-0.6,0.81,0.0,0.0,0.0,0,68.571,1750,99.54,-1
0.1,-0.55,0.01,0.0,0.0,0.0,0,417.469,1750,104.35,-1
0.1,-0.55,0.06,0.0,0.0,0.0,0,482.344,1750,104.48,-1
0.1,-0.55,0.11,0.0,0.0,0.0,0,352.385,1750,102.76,-1
0.1,-0.55,0.16,0.0,0.0,0.0,0,400.871,1750,102.71,-1
0.1,-0.55,0.21,0.0,0.0,0.0,0,345.454,1750,105.06,-1
0.1,-0.55,0.26,0.0,0.0,0.0,0,297.653,1750,102.02,-1
0.1,-0.55,0.31,0.0,0.0,0.0,0,263.477,1750,100.79,-1
0.1,-0.55,0.36,0.0,0.0,0.0,0,229.657,1750,99.9,-1
0.1,-0.55,0.41,0.0,0.0,0.0,0,196.071,1750,100.57,-1
0.1,-0.55,0.46,0.0,0.0,0.0,0,162.641,1750,100.14,-1
0.1,-0.55,0.51,0.0,0.0,0.0,0,129.37,1750,100.26,-1
0.1,-0.55,0.56,0.0,0.0,0.0,0,96.43,1750,100.23,-1
0.1,-0.55,0.61,0.0,0.0,0.0,0,64.45,1750,101.31,-1
0.1,-0.55,0.66,0.0,0.0,0.0,0,35.672,1750,102.28,-1
0.1,-0.55,0.71,0.0,0.0,0.0,0,26.627,1750,99.43,-1
0.1,-0.55,0.76,0.0,0.0,0.0,0,24.056,1750,99.21,-1
0.1,-0.55,0.81,0.0,0.0,0.0,0,22.069,1750,97.8,-1
0.1,-0.5,0.01,0.0,0.0,0.0,0,399.127,1750,98.58,-1
0.1,-0.5,0.06,0.0,0.0,0.0,0,340.28,1750,103.39,-1
0.1,-0.5,0.11,0.0,0.0,0.0,0,409.984,1750,102.22,-1
0.1,-0.5,0.16,0.0,0.0,0.0,0,357.991,1750,102.89,-1
0.1,-0.5,0.21,0.0,0.0,0.0,0,323.532,1750,100.68,-1
0.1,-0.5,0.26,0.0,0.0,0.0,0,291.128,1750,100.68,-1
0.1,-0.5,0.31,0.0,0.0,0.0,0,257.943,1750,100.16,-1
0.1,-0.5,0.36,0.0,0.0,0.0,0,225.056,1750,102.48,-1
0.1,-0.5,0.41,0.0,0.0,0.0,0,192.276,1750,100.58,-1
0.1,-0.5,0.46,0.0,0.0,0.0,0,159.465,1750,100.06,-1
0.1,-0.5,0.51,0.0,0.0,0.0,0,126.572,1750,100.27,-1
0.1,-0.5,0.56,0.0,0.0,0.0,0,93.892,1750,98.89,-1
0.1,-0.5,0.61,0.0,0.0,0.0,0,60.255,1750,100.68,-1
0.1,-0.5,0.66,0.0,0.0,0.0,0,21.705,1750,99.16,-1
0.1,-0.5,0.71,0.0,0.0,0.0,1,2.865,9,0.55,0
0.1,-0.5,0.76,0.0,0.0,0.0,1,1.876,7,0.43,0
0.1,-0.5,0.81,0.0,0.0,0.0,1,1.042,6,0.37,0
0.1,-0.45,0.01,0.0,0.0,0.0,0,346.982,1750,102.13,-1
0.1,-0.45,0.06,0.0,0.0,0.0,0,437.128,1750,102.53,-1
0.1,-0.45,0.11,0.0,0.0,0.0,0,395.831,1750,102.99,-1
0.1,-0.45,0.16,0.0,0.0,0.0,0,355.951,1750,103.15,-1
0.1,-0.45,0.21,0.0,0.0,0.0,0,319.721,1750,103.02,-1
0.1,-0.45,0.26,0.0,0.0,0.0,0,287.801,1750,101.11,-1
0.1,-0.45,0.31,0.0,0.0,0.0,0,260.404,1750,101.69,-1
0.1,-0.45,0.36,0.0,0.0,0.0,0,210.989,1750,100.57,-1
0.1,-0.45,0.41,0.0,0.0,0.0,0,200.739,1750,100.1,-1
0.1,-0.45,0.46,0.0,0.0,0.0,0,175.561,1750,99.33,-1
0.1,-0.45,0.51,0.0,0.0,0.0,0,153.25,1750,99.81,-1
0.1,-0.45,0.56,0.0,0.0,0.0,0,101.893,1750,101.51,-1
0.1,-0.45,0.61,0.0,0.0,0.0,0,62.565,1750,101.53,-1
0.1,-0.45,0.66,0.0,0.0,0.0,0,29.368,1750,99.09,-1
0.1,-0.45,0.71,0.0,0.0,0.0,1,2.908,9,0.54,0
0.1,-0.45,0.76,0.0,0.0,0.0,1,2.517,9,0.54,0
0.1,-0.45,0.81,0.0,0.0,0.0,1,1.175,6,0.37,0
0.1,-0.4,0.01,0.0,0.0,0.0,0,333.516,1750,100.44,-1
0.1,-0.4,0.06,0.0,0.0,0.0,0,440.701,1750,102.48,-1
0.1,-0.4,0.11,0.0,0.0,0.0,0,330.966,1750,100.45,-1
0.1,-0.4,0.16,0.0,0.0,0.0,0,271.659,1750,101.39,-1
0.1,-0.4,0.21,0.0,0.0,0.0,0,308.232,1750,100.91,-1
0.1,-0.4,0.26,0.0,0.0,0.0,0,289.612,1750,101.39,-1
0.1,-0.4,0.31,0.0,0.0,0.0,0,177.735,1750,99.48,-1
0.1,-0.4,0.36,0.0,0.0,0.0,0,117.051,1750,100.32,-1
0.1,-0.4,0.41,0.0,0.0,0.0,0,164.195,1750,99.75,-1
0.1,-0.4,0.46,0.0,0.0,0.0,0,142.894,1750,100.56,-1
0.1,-0.4,0.51,0.0,0.0,0.0,0,141.79,1750,100.44,-1
0.1,-0.4,0.56,0.0,0.0,0.0,0,85.432,1750,101.05,-1
0.1,-0.4,0.61,0.0,0.0,0.0,0,64.401,1750,101.81,-1
0.1,-0.4,0.66,0.0,0.0,0.0,0,34.719,1750,98.42,-1
0.1,-0.4,0.71,0.0,0.0,0.0,1,3.405,250,14.23,0
0.1,-0.4,0.76,0.0,0.0,0.0,1,2.314,9,0.54,0
0.1,-0.4,0.81,0.0,0.0,0.0,1,1.272,19,1.09,0
0.1,-0.35,0.01,0.0,0.0,0.0,0,388.197,1750,102.54,-1
0.1,-0.35,0.06,0.0,0.0,0.0,0,348.925,1750,101.37,-1
0.1,-0.35,0.11,0.0,0.0,0.0,0,365.683,1750,102.6,-1
0.1,-0.35,0.16,0.0,0.0,0.0,0,334.185,1750,100.35,-1
0.1,-0.35,0.21,0.0,0.0,0.0,0,306.771,1750,102.31,-1
0.1,-0.35,0.26,0.0,0.0,0.0,0,285.024,1750,103.15,-1
0.1,-0.35,0.31,0.0,0.0,0.0,0,197.757,1750,100.85,-1
0.1,-0.35,0.36,0.0,0.0,0.0,0,239.156,1750,99.67,-1
0.1,-0.35,0.41,0.0,0.0,0.0,0,89.756,1750,100.76,-1
0.1,-0.35,0.46,0.0,0.0,0.0,0,108.043,1750,100.3,-1
0.1,-0.35,0.51,0.0,0.0,0.0,0,37.815,1750,99.04,-1
0.1,-0.35,0.56,0.0,0.0,0.0,0,28.729,1750,101.97,-1
0.1,-0.35,0.61,0.0,0.0,0.0,0,62.756,1750,104.02,-1
0.1,-0.35,0.66,0.0,0.0,0.0,0,36.711,1750,101.6,-1
0.1,-0.35,0.71,0.0,0.0,0.0,1,3.819,250,14.26,0
0.1,-0.35,0.76,0.0,0.0,0.0,1,2.091,10,0.6,0
0.1,-0.35,0.81,0.0,0.0,0.0,1,2.362,6,0.36,0
0.1,-0.3,0.01,0.0,0.0,0.0,0,442.265,1750,103.76,-1
0.1,-0.3,0.06,0.0,0.0,0.0,0,404.252,1750,103.0,-1
0.1,-0.3,0.11,0.0,0.0,0.0,0,368.114,1750,99.41,-1
0.1,-0.3,0.16,0.0,0.0,0.0,0,287.514,1750,101.85,-1
0.1,-0.3,0.21,0.0,0.0,0.0,0,172.707,1750,103.41,-1
0.1,-0.3,0.26,0.0,0.0,0.0,0,148.94,1750,101.89,-1
0.1,-0.3,0.31,0.0,0.0,0.0,0,254.5,1750,100.17,-1
0.1,-0.3,0.36,0.0,0.0,0.0,0,149.954,1750,100.95,-1
0.1,-0.3,0.41,0.0,0.0,0.0,0,166.352,1750,101.22,-1
0.1,-0.3,0.46,0.0,0.0,0.0,0,36.244,1750,102.03,-1
0.1,-0.3,0.51,0.0,0.0,0.0,0,131.958,1750,102.14,-1
0.1,-0.3,0.56,0.0,0.0,0.0,0,75.657,1750,100.51,-1
0.1,-0.3,0.61,0.0,0.0,0.0,0,61.377,1750,104.2,-1
0.1,-0.3,0.66,0.0,0.0,0.0,0,36.716,1750,101.35,-1
0.1,-0.3,0.71,0.0,0.0,0.0,1,4.114,250,14.36,0
0.1,-0.3,0.76,0.0,0.0,0.0,1,1.761,8,0.48,0
0.1,-0.3,0.81,0.0,0.0,0.0,1,2.508,5,0.32,0
0.1,-0.25,0.01,0.0,0.0,0.0,0,397.421,1750,105.03,-1
0.1,-0.25,0.06,0.0,0.0,0.0,0,327.311,1750,106.78,-1
0.1,-0.25,0.11,0.0,0.0,0.0,0,368.762,1750,107.44,-1
0.1,-0.25,0.16,0.0,0.0,0.0,0,332.661,1750,107.19,-1
0.1,-0.25,0.21,0.0,0.0,0.0,0,319.947,1750,108.23,-1
0.1,-0.25,0.26,0.0,0.0,0.0,0,155.034,1750,107.13,-1
0.1,-0.25,0.31,0.0,0.0,0.0,0,38.748,1750,103.75,-1
0.1,-0.25,0.36,0.0,0.0,0.0,0,171.281,1750,104.12,-1
0.1,-0.25,0.41,0.0,0.0,0.0,0,219.28,1750,103.49,-1
0.1,-0.25,0.46,0.0,0.0,0.0,0,183.447,1750,103.81,-1
0.1,-0.25,0.51,0.0,0.0,0.0,0,142.297,1750,102.95,-1
0.1,-0.25,0.56,0.0,0.0,0.0,0,103.303,1750,104.83,-1
0.1,-0.25,0.61,0.0,0.0,0.0,0,71.161,1750,105.65,-1
0.1,-0.25,0.66,0.0,0.0,0.0,0,37.678,1750,104.68,-1
0.1,-0.25,0.71,0.0,0.0,0.0,0,10.499,1750,99.75,-1
0.1,-0.25,0.76,0.0,0.0,0.0,1,2.148,5,0.37,0
0.1,-0.25,0.81,0.0,0.0,0.0,1,1.058,6,0.39,0
0.1,-0.2,0.01,0.0,0.0,0.0,0,450.677,1750,104.16,-1
0.1,-0.2,0.06,0.0,0.0,0.0,0,374.484,1750,102.64,-1
0.1,-0.2,0.11,0.0,0.0,0.0,0,374.947,1750,104.06,-1
0.1,-0.2,0.16,0.0,0.0,0.0,0,358.222,1750,104.54,-1
0.1,-0.2,0.21,0.0,0.0,0.0,0,306.593,1750,103.28,-1
0.1,-0.2,0.26,0.0,0.0,0.0,0,258.981,1750,104.53,-1
0.1,-0.2,0.31,0.0,0.0,0.0,0,185.027,1750,102.88,-1
0.1,-0.2,0.36,0.0,0.0,0.0,0,192.93,1750,103.36,-1
0.1,-0.2,0.41,0.0,0.0,0.0,0,201.042,1750,102.06,-1
0.1,-0.2,0.46,0.0,0.0,0.0,0,197.718,1750,106.3,-1
0.1,-0.2,0.51,0.0,0.0,0.0,0,159.911,1750,104.93,-1
0.1,-0.2,0.56,0.0,0.0,0.0,0,130.877,1750,104.75,-1
0.1,-0.2,0.61,0.0,0.0,0.0,0,90.091,1750,106.91,-1
0.1,-0.2,0.66,0.0,0.0,0.0,0,52.196,1750,107.52,-1
0.1,-0.2,0.71,0.0,0.0,0.0,0,38.457,1750,102.37,-1
0.1,-0.2,0.76,0.0,0.0,0.0,0,22.682,1750,101.14,-1
0.1,-0.2,0.81,0.0,0.0,0.0,1,1.947,5,0.32,0
0.1,-0.15,0.01,0.0,0.0,0.0,0,461.081,1750,105.24,-1
0.1,-0.15,0.06,0.0,0.0,0.0,0,423.219,1750,103.55,-1
0.1,-0.15,0.11,0.0,0.0,0.0,0,386.717,1750,104.45,-1
0.1,-0.15,0.16,0.0,0.0,0.0,0,341.796,1750,104.79,-1
0.1,-0.15,0.21,0.0,0.0,0.0,0,300.141,1750,104.74,-1
0.1,-0.15,0.26,0.0,0.0,0.0,0,253.813,1750,105.0,-1
0.1,-0.15,0.31,0.0,0.0,0.0,0,220.457,1750,104.2,-1
0.1,-0.15,0.36,0.0,0.0,0.0,0,225.744,1750,103.54,-1
0.1,-0.15,0.41,0.0,0.0,0.0,0,204.772,1750,103.03,-1
0.1,-0.15,0.46,0.0,0.0,0.0,0,189.972,1750,105.95,-1
0.1,-0.15,0.51,0.0,0.0,0.0,0,183.619,1750,102.65,-1
0.1,-0.15,0.56,0.0,0.0,0.0,0,160.067,1750,104.62,-1
0.1,-0.15,0.61,0.0,0.0,0.0,0,105.227,1750,108.36,-1
0.1,-0.15,0.66,0.0,0.0,0.0,0,82.716,1750,104.57,-1
0.1,-0.15,0.71,0.0,0.0,0.0,0,74.388,1750,102.25,-1
0.1,-0.15,0.76,0.0,0.0,0.0,0,53.505,1750,100.4,-1
0.1,-0.15,0.81,0.0,0.0,0.0,0,24.4,1750,97.93,-1
0.1,-0.1,0.01,0.0,0.0,0.0,0,457.2,1750,104.89,-1
0.1,-0.1,0.06,0.0,0.0,0.0,0,236.173,1750,104.44,-1
0.1,-0.1,0.11,0.0,0.0,0.0,0,403.455,1750,102.29,-1
0.1,-0.1,0.16,0.0,0.0,0.0,0,352.611,1750,103.09,-1
0.1,-0.1,0.21,0.0,0.0,0.0,0,239.134,1750,102.34,-1
0.1,-0.1,0.26,0.0,0.0,0.0,0,241.521,1750,104.2,-1
0.1,-0.1,0.31,0.0,0.0,0.0,0,261.311,1750,101.5,-1
0.1,-0.1,0.36,0.0,0.0,0.0,0,211.94,1750,103.13,-1
0.1,-0.1,0.41,0.0,0.0,0.0,0,191.068,1750,102.67,-1
0.1,-0.1,0.46,0.0,0.0,0.0,0,177.346,1750,100.99,-1
0.1,-0.1,0.51,0.0,0.0,0.0,0,156.479,1750,105.64,-1
0.1,-0.1,0.56,0.0,0.0,0.0,0,126.569,1750,107.97,-1
0.1,-0.1,0.61,0.0,0.0,0.0,0,110.084,1750,108.14,-1
0.1,-0.1,0.66,0.0,0.0,0.0,0,124.204,1750,101.49,-1
0.1,-0.1,0.71,0.0,0.0,0.0,0,117.706,1750,100.0,-1
0.1,-0.1,0.76,0.0,0.0,0.0,0,88.952,1750,98.54,-1
0.1,-0.1,0.81,0.0,0.0,0.0,0,56.641,1750,99.19,-1
0.1,-0.05,0.01,0.0,0.0,0.0,0,414.21,1750,103.01,-1
0.1,-0.05,0.06,0.0,0.0,0.0,0,418.397,1750,102.55,-1
0.1,-0.05,0.11,0.0,0.0,0.0,0,406.425,1750,101.97,-1
0.1,-0.05,0.16,0.0,0.0,0.0,0,344.5,1750,101.0,-1
0.1,-0.05,0.21,0.0,0.0,0.0,0,275.691,1750,100.61,-1
0.1,-0.05,0.26,0.0,0.0,0.0,0,271.048,1750,104.05,-1
0.1,-0.05,0.31,0.0,0.0,0.0,0,229.321,1750,100.39,-1
0.1,-0.05,0.36,0.0,0.0,0.0,0,202.682,1750,102.55,-1
0.1,-0.05,0.41,0.0,0.0,0.0,0,182.022,1750,100.87,-1
0.1,-0.05,0.46,0.0,0.0,0.0,0,169.393,1750,104.92,-1
0.1,-0.05,0.51,0.0,0.0,0.0,0,190.064,1750,106.1,-1
0.1,-0.05,0.56,0.0,0.0,0.0,0,144.586,1750,106.7,-1
0.1,-0.05,0.61,0.0,0.0,0.0,0,84.022,1750,105.03,-1
0.1,-0.05,0.66,0.0,0.0,0.0,0,167.07,1750,104.56,-1
0.1,-0.05,0.71,0.0,0.0,0.0,0,122.035,1750,98.95,-1
0.1,-0.05,0.76,0.0,0.0,0.0,0,88.31,1750,102.08,-1
0.1,-0.05,0.81,0.0,0.0,0.0,0,56.906,1750,97.69,-1
0.1,0.0,0.01,0.0,0.0,0.0,0,475.851,1750,102.06,-1
0.1,0.0,0.06,0.0,0.0,0.0,0,422.672,1750,102.53,-1
0.1,0.0,0.11,0.0,0.0,0.0,0,367.5,1750,101.86,-1
0.1,0.0,0.16,0.0,0.0,0.0,0,319.644,1750,101.87,-1
0.1,0.0,0.21,0.0,0.0,0.0,0,296.814,1750,102.29,-1
0.1,0.0,0.26,0.0,0.0,0.0,0,262.545,1750,102.07,-1
0.1,0.0,0.31,0.0,0.0,0.0,0,224.937,1750,101.31,-1
0.1,0.0,0.36,0.0,0.0,0.0,0,198.096,1750,104.07,-1
0.1,0.0,0.41,0.0,0.0,0.0,0,177.555,1750,102.23,-1
0.1,0.0,0.46,0.0,0.0,0.0,0,165.602,1750,103.26,-1
0.1,0.0,0.51,0.0,0.0,0.0,0,273.807,1750,106.0,-1
0.1,0.0,0.56,0.0,0.0,0.0,0,247.027,1750,106.41,-1
0.1,0.0,0.61,0.0,0.0,0.0,0,226.657,1750,104.98,-1
0.1,0.0,0.66,0.0,0.0,0.0,0,214.502,1750,103.44,-1
0.1,0.0,0.71,0.0,0.0,0.0,0,124.747,1750,101.17,-1
0.1,0.0,0.76,0.0,0.0,0.0,0,100.438,1750,97.8,-1
0.1,0.0,0.81,0.0,0.0,0.0,0,67.667,1750,97.77,-1
0.15,-0.6,0.01,0.0,0.0,0.0,0,413.586,1750,103.62,-1
0.15,-0.6,0.06,0.0,0.0,0.0,0,508.77,1750,101.93,-1
0.15,-0.6,0.11,0.0,0.0,0.0,0,418.167,1750,100.8,-1
0.15,-0.6,0.16,0.0,0.0,0.0,0,444.188,1750,105.11,-1
0.15,-0.6,0.21,0.0,0.0,0.0,0,380.495,1750,102.44,-1
0.15,-0.6,0.26,0.0,0.0,0.0,0,333.342,1750,102.22,-1
0.15,-0.6,0.31,0.0,0.0,0.0,0,273.322,1750,100.97,-1
0.15,-0.6,0.36,0.0,0.0,0.0,0,239.717,1750,104.29,-1
0.15,-0.6,0.41,0.0,0.0,0.0,0,206.894,1750,102.58,-1
0.15,-0.6,0.46,0.0,0.0,0.0,0,174.995,1750,102.19,-1
0.15,-0.6,0.51,0.0,0.0,0.0,0,144.359,1750,103.0,-1
0.15,-0.6,0.56,0.0,0.0,0.0,0,115.744,1750,104.32,-1
0.15,-0.6,0.61,0.0,0.0,0.0,0,90.875,1750,103.32,-1
0.15,-0.6,0.66,0.0,0.0,0.0,0,73.502,1750,100.98,-1
0.15,-0.6,0.71,0.0,0.0,0.0,0,68.985,1750,100.26,-1
0.15,-0.6,0.76,0.0,0.0,0.0,0,66.092,1750,100.42,-1
0.15,-0.6,0.81,0.0,0.0,0.0,0,70.474,1750,98.72,-1
0.15,-0.55,0.01,0.0,0.0,0.0,0,410.018,1750,103.87,-1
0.15,-0.55,0.06,0.0,0.0,0.0,0,357.146,1750,101.46,-1
0.15,-0.55,0.11,0.0,0.0,0.0,0,356.871,1750,102.3,-1
0.15,-0.55,0.16,0.0,0.0,0.0,0,405.217,1750,99.76,-1
0.15,-0.55,0.21,0.0,0.0,0.0,0,350.231,1750,104.42,-1
0.15,-0.55,0.26,0.0,0.0,0.0,0,293.1,1750,102.68,-1
0.15,-0.55,0.31,0.0,0.0,0.0,0,258.695,1750,104.67,-1
0.15,-0.55,0.36,0.0,0.0,0.0,0,224.835,1750,103.14,-1
0.15,-0.55,0.41,0.0,0.0,0.0,0,191.433,1750,100.17,-1
0.15,-0.55,0.46,0.0,0.0,0.0,0,158.412,1750,98.62,-1
0.15,-0.55,0.51,0.0,0.0,0.0,0,125.73,1750,102.01,-1
0.15,-0.55,0.56,0.0,0.0,0.0,0,93.449,1750,99.69,-1
0.15,-0.55,0.61,0.0,0.0,0.0,0,61.94,1750,99.61,-1
0.15,-0.55,0.66,0.0,0.0,0.0,0,33.299,1750,101.38,-1
0.15,-0.55,0.71,0.0,0.0,0.0,0,22.103,1750,100.08,-1
0.15,-0.55,0.76,0.0,0.0,0.0,0,21.62,1750,96.18,-1
0.15,-0.55,0.81,0.0,0.0,0.0,0,33.937,1750,93.84,-1
0.15,-0.5,0.01,0.0,0.0,0.0,0,424.834,1750,101.71,-1
0.15,-0.5,0.06,0.0,0.0,0.0,0,362.03,1750,102.84,-1
0.15,-0.5,0.11,0.0,0.0,0.0,0,396.666,1750,102.79,-1
0.15,-0.5,0.16,0.0,0.0,0.0,0,377.35,1750,105.1,-1
0.15,-0.5,0.21,0.0,0.0,0.0,0,319.062,1750,103.28,-1
0.15,-0.5,0.26,0.0,0.0,0.0,0,284.899,1750,102.73,-1
0.15,-0.5,0.31,0.0,0.0,0.0,0,251.481,1750,102.46,-1
0.15,-0.5,0.36,0.0,0.0,0.0,0,218.699,1750,100.48,-1
0.15,-0.5,0.41,0.0,0.0,0.0,0,186.424,1750,98.44,-1
0.15,-0.5,0.46,0.0,0.0,0.0,0,103.222,1750,101.95,-1
0.15,-0.5,0.51,0.0,0.0,0.0,0,123.334,1750,97.63,-1
0.15,-0.5,0.56,0.0,0.0,0.0,0,91.607,1750,96.53,-1
0.15,-0.5,0.61,0.0,0.0,0.0,0,58.525,1750,98.64,-1
0.15,-0.5,0.66,0.0,0.0,0.0,0,24.263,1750,100.8,-1
0.15,-0.5,0.71,0.0,0.0,0.0,1,7.218,500,26.3,1
0.15,-0.5,0.76,0.0,0.0,0.0,1,1.82,507,27.78,2
0.15,-0.5,0.81,0.0,0.0,0.0,1,1.62,5,0.31,0
0.15,-0.45,0.01,0.0,0.0,0.0,0,454.971,1750,102.76,-1
0.15,-0.45,0.06,0.0,0.0,0.0,0,445.114,1750,103.35,-1
0.15,-0.45,0.11,0.0,0.0,0.0,0,420.085,1750,101.73,-1
0.15,-0.45,0.16,0.0,0.0,0.0,0,349.192,1750,101.85,-1
0.15,-0.45,0.21,0.0,0.0,0.0,0,236.422,1750,102.05,-1
0.15,-0.45,0.26,0.0,0.0,0.0,0,283.295,1750,102.64,-1
0.15,-0.45,0.31,0.0,0.0,0.0,0,252.032,1750,100.15,-1
0.15,-0.45,0.36,0.0,0.0,0.0,0,221.786,1750,98.92,-1
0.15,-0.45,0.41,0.0,0.0,0.0,0,194.786,1750,99.77,-1
0.15,-0.45,0.46,0.0,0.0,0.0,0,164.864,1750,100.8,-1
0.15,-0.45,0.51,0.0,0.0,0.0,0,132.501,1750,98.76,-1
0.15,-0.45,0.56,0.0,0.0,0.0,0,98.405,1750,98.55,-1
0.15,-0.45,0.61,0.0,0.0,0.0,0,63.059,1750,102.92,-1
0.15,-0.45,0.66,0.0,0.0,0.0,0,25.023,1750,101.03,-1
0.15,-0.45,0.71,0.0,0.0,0.0,1,3.522,250,14.19,0
0.15,-0.45,0.76,0.0,0.0,0.0,1,1.704,19,1.07,0
0.15,-0.45,0.81,0.0,0.0,0.0,1,1.977,756,38.86,3
0.15,-0.4,0.01,0.0,0.0,0.0,0,472.143,1750,104.1,-1
0.15,-0.4,0.06,0.0,0.0,0.0,0,421.602,1750,102.02,-1
0.15,-0.4,0.11,0.0,0.0,0.0,0,376.454,1750,102.15,-1
0.15,-0.4,0.16,0.0,0.0,0.0,0,349.067,1750,101.7,-1
0.15,-0.4,0.21,0.0,0.0,0.0,0,237.543,1750,103.46,-1
0.15,-0.4,0.26,0.0,0.0,0.0,0,171.215,1750,101.19,-1
0.15,-0.4,0.31,0.0,0.0,0.0,0,263.701,1750,100.99,-1
0.15,-0.4,0.36,0.0,0.0,0.0,0,238.508,1750,99.98,-1
0.15,-0.4,0.41,0.0,0.0,0.0,0,209.355,1750,98.12,-1
0.15,-0.4,0.46,0.0,0.0,0.0,0,177.036,1750,101.77,-1
0.15,-0.4,0.51,0.0,0.0,0.0,0,162.376,1750,99.1,-1
0.15,-0.4,0.56,0.0,0.0,0.0,0,105.766,1750,101.13,-1
0.15,-0.4,0.61,0.0,0.0,0.0,0,67.859,1750,102.45,-1
0.15,-0.4,0.66,0.0,0.0,0.0,0,35.171,1750,98.3,-1
0.15,-0.4,0.71,0.0,0.0,0.0,1,4.756,250,13.93,0
0.15,-0.4,0.76,0.0,0.0,0.0,1,2.318,10,0.59,0
0.15,-0.4,0.81,0.0,0.0,0.0,1,1.158,7,0.42,0
0.15,-0.35,0.01,0.0,0.0,0.0,0,361.703,1750,103.14,-1
0.15,-0.35,0.06,0.0,0.0,0.0,0,437.464,1750,102.12,-1
0.15,-0.35,0.11,0.0,0.0,0.0,0,353.459,1750,101.26,-1
0.15,-0.35,0.16,0.0,0.0,0.0,0,276.119,1750,100.56,-1
0.15,-0.35,0.21,0.0,0.0,0.0,0,321.466,1750,104.06,-1
0.15,-0.35,0.26,0.0,0.0,0.0,0,183.571,1750,101.19,-1
0.15,-0.35,0.31,0.0,0.0,0.0,0,160.464,1750,100.22,-1
0.15,-0.35,0.36,0.0,0.0,0.0,0,92.446,1750,103.04,-1
0.15,-0.35,0.41,0.0,0.0,0.0,0,151.591,1750,100.41,-1
0.15,-0.35,0.46,0.0,0.0,0.0,0,180.145,1750,100.8,-1
0.15,-0.35,0.51,0.0,0.0,0.0,0,90.491,1750,100.06,-1
0.15,-0.35,0.56,0.0,0.0,0.0,0,111.069,1750,102.33,-1
0.15,-0.35,0.61,0.0,0.0,0.0,0,71.121,1750,100.03,-1
0.15,-0.35,0.66,0.0,0.0,0.0,0,28.638,1750,99.92,-1
0.15,-0.35,0.71,0.0,0.0,0.0,1,5.536,250,14.22,0
0.15,-0.35,0.76,0.0,0.0,0.0,1,2.872,7,0.51,0
0.15,-0.35,0.81,0.0,0.0,0.0,1,0.796,8,0.48,0
0.15,-0.3,0.01,0.0,0.0,0.0,0,453.016,1750,101.76,-1
0.15,-0.3,0.06,0.0,0.0,0.0,0,413.768,1750,103.03,-1
0.15,-0.3,0.11,0.0,0.0,0.0,0,248.806,1750,101.55,-1
0.15,-0.3,0.16,0.0,0.0,0.0,0,359.376,1750,102.37,-1
0.15,-0.3,0.21,0.0,0.0,0.0,0,180.309,1750,101.71,-1
0.15,-0.3,0.26,0.0,0.0,0.0,0,278.911,1750,100.88,-1
0.15,-0.3,0.31,0.0,0.0,0.0,0,166.937,1750,103.57,-1
0.15,-0.3,0.36,0.0,0.0,0.0,0,25.594,1750,101.84,-1
0.15,-0.3,0.41,0.0,0.0,0.0,0,170.896,1750,99.84,-1
0.15,-0.3,0.46,0.0,0.0,0.0,0,163.262,1750,102.68,-1
0.15,-0.3,0.51,0.0,0.0,0.0,0,157.386,1750,98.76,-1
0.15,-0.3,0.56,0.0,0.0,0.0,0,127.131,1750,100.99,-1
0.15,-0.3,0.61,0.0,0.0,0.0,0,81.556,1750,103.57,-1
0.15,-0.3,0.66,0.0,0.0,0.0,0,35.255,1750,99.99,-1
0.15,-0.3,0.71,0.0,0.0,0.0,1,5.503,250,13.81,0
0.15,-0.3,0.76,0.0,0.0,0.0,1,1.24,10,0.6,0
0.15,-0.3,0.81,0.0,0.0,0.0,1,0.788,1005,52.74,4
0.15,-0.25,0.01,0.0,0.0,0.0,0,431.987,1750,104.48,-1
0.15,-0.25,0.06,0.0,0.0,0.0,0,359.745,1750,101.99,-1
0.15,-0.25,0.11,0.0,0.0,0.0,0,383.177,1750,101.56,-1
0.15,-0.25,0.16,0.0,0.0,0.0,0,355.105,1750,100.61,-1
0.15,-0.25,0.21,0.0,0.0,0.0,0,323.423,1750,105.0,-1
0.15,-0.25,0.26,0.0,0.0,0.0,0,288.727,1750,101.68,-1
0.15,-0.25,0.31,0.0,0.0,0.0,0,173.007,1750,102.07,-1
0.15,-0.25,0.36,0.0,0.0,0.0,0,181.854,1750,99.67,-1
0.15,-0.25,0.41,0.0,0.0,0.0,0,187.31,1750,104.11,-1
0.15,-0.25,0.46,0.0,0.0,0.0,0,141.89,1750,100.72,-1
0.15,-0.25,0.51,0.0,0.0,0.0,0,106.139,1750,102.29,-1
0.15,-0.25,0.56,0.0,0.0,0.0,0,123.193,1750,102.94,-1
0.15,-0.25,0.61,0.0,0.0,0.0,0,78.658,1750,104.24,-1
0.15,-0.25,0.66,0.0,0.0,0.0,0,33.62,1750,99.96,-1
0.15,-0.25,0.71,0.0,0.0,0.0,1,7.572,250,13.78,0
0.15,-0.25,0.76,0.0,0.0,0.0,0,11.998,1750,93.51,-1
0.15,-0.25,0.81,0.0,0.0,0.0,1,2.607,5,0.32,0
0.15,-0.2,0.01,0.0,0.0,0.0,0,404.217,1750,101.31,-1
0.15,-0.2,0.06,0.0,0.0,0.0,0,427.337,1750,101.89,-1
0.15,-0.2,0.11,0.0,0.0,0.0,0,396.885,1750,102.71,-1
0.15,-0.2,0.16,0.0,0.0,0.0,0,362.938,1750,101.08,-1
0.15,-0.2,0.21,0.0,0.0,0.0,0,321.822,1750,104.34,-1
0.15,-0.2,0.26,0.0,0.0,0.0,0,272.753,1750,101.19,-1
0.15,-0.2,0.31,0.0,0.0,0.0,0,191.653,1750,102.19,-1
0.15,-0.2,0.36,0.0,0.0,0.0,0,201.121,1750,99.89,-1
0.15,-0.2,0.41,0.0,0.0,0.0,0,177.409,1750,102.93,-1
0.15,-0.2,0.46,0.0,0.0,0.0,0,214.553,1750,103.72,-1
0.15,-0.2,0.51,0.0,0.0,0.0,0,172.053,1750,100.36,-1
0.15,-0.2,0.56,0.0,0.0,0.0,0,127.734,1750,103.36,-1
0.15,-0.2,0.61,0.0,0.0,0.0,0,82.932,1750,102.19,-1
0.15,-0.2,0.66,0.0,0.0,0.0,0,39.815,1750,101.66,-1
0.15,-0.2,0.71,0.0,0.0,0.0,0,18.958,1750,96.93,-1
0.15,-0.2,0.76,0.0,0.0,0.0,0,10.507,1750,99.49,-1
0.15,-0.2,0.81,0.0,0.0,0.0,1,1.766,10,0.61,0
0.15,-0.15,0.01,0.0,0.0,0.0,0,416.553,1750,102.7,-1
0.15,-0.15,0.06,0.0,0.0,0.0,0,433.712,1750,100.71,-1
0.15,-0.15,0.11,0.0,0.0,0.0,0,405.231,1750,102.9,-1
0.15,-0.15,0.16,0.0,0.0,0.0,0,236.38,1750,100.77,-1
0.15,-0.15,0.21,0.0,0.0,0.0,0,314.255,1750,102.1,-1
0.15,-0.15,0.26,0.0,0.0,0.0,0,264.799,1750,102.38,-1
0.15,-0.15,0.31,0.0,0.0,0.0,0,219.412,1750,102.56,-1
0.15,-0.15,0.36,0.0,0.0,0.0,0,198.818,1750,102.7,-1
0.15,-0.15,0.41,0.0,0.0,0.0,0,245.811,1750,102.07,-1
0.15,-0.15,0.46,0.0,0.0,0.0,0,221.559,1750,102.97,-1
0.15,-0.15,0.51,0.0,0.0,0.0,0,181.753,1750,105.19,-1
0.15,-0.15,0.56,0.0,0.0,0.0,0,142.853,1750,102.05,-1
0.15,-0.15,0.61,0.0,0.0,0.0,0,104.564,1750,104.62,-1
0.15,-0.15,0.66,0.0,0.0,0.0,0,74.806,1750,100.59,-1
0.15,-0.15,0.71,0.0,0.0,0.0,0,65.482,1750,99.73,-1
0.15,-0.15,0.76,0.0,0.0,0.0,0,53.797,1750,97.74,-1
0.15,-0.15,0.81,0.0,0.0,0.0,0,30.328,1750,97.53,-1
0.15,-0.1,0.01,0.0,0.0,0.0,0,285.401,1750,102.44,-1
0.15,-0.1,0.06,0.0,0.0,0.0,0,431.237,1750,104.58,-1
0.15,-0.1,0.11,0.0,0.0,0.0,0,418.856,1750,103.78,-1
0.15,-0.1,0.16,0.0,0.0,0.0,0,364.097,1750,101.16,-1
0.15,-0.1,0.21,0.0,0.0,0.0,0,237.402,1750,103.05,-1
0.15,-0.1,0.26,0.0,0.0,0.0,0,265.509,1750,104.45,-1
0.15,-0.1,0.31,0.0,0.0,0.0,0,229.95,1750,101.68,-1
0.15,-0.1,0.36,0.0,0.0,0.0,0,208.944,1750,102.48,-1
0.15,-0.1,0.41,0.0,0.0,0.0,0,267.033,1750,102.02,-1
0.15,-0.1,0.46,0.0,0.0,0.0,0,216.658,1750,103.98,-1
0.15,-0.1,0.51,0.0,0.0,0.0,0,200.341,1750,103.2,-1
0.15,-0.1,0.56,0.0,0.0,0.0,0,160.367,1750,103.19,-1
0.15,-0.1,0.61,0.0,0.0,0.0,0,139.383,1750,106.16,-1
0.15,-0.1,0.66,0.0,0.0,0.0,0,118.568,1750,100.26,-1
0.15,-0.1,0.71,0.0,0.0,0.0,0,111.663,1750,99.64,-1
0.15,-0.1,0.76,0.0,0.0,0.0,0,93.928,1750,99.81,-1
0.15,-0.1,0.81,0.0,0.0,0.0,0,62.971,1750,97.75,-1
0.15,-0.05,0.01,0.0,0.0,0.0,0,462.389,1750,102.3,-1
0.15,-0.05,0.06,0.0,0.0,0.0,0,438.64,1750,104.09,-1
0.15,-0.05,0.11,0.0,0.0,0.0,0,401.153,1750,103.71,-1
0.15,-0.05,0.16,0.0,0.0,0.0,0,368.815,1750,104.14,-1
0.15,-0.05,0.21,0.0,0.0,0.0,0,269.714,1750,102.56,-1
0.15,-0.05,0.26,0.0,0.0,0.0,0,272.232,1750,101.8,-1
0.15,-0.05,0.31,0.0,0.0,0.0,0,291.262,1750,102.27,-1
0.15,-0.05,0.36,0.0,0.0,0.0,0,229.847,1750,104.19,-1
0.15,-0.05,0.41,0.0,0.0,0.0,0,243.573,1750,105.09,-1
0.15,-0.05,0.46,0.0,0.0,0.0,0,245.973,1750,101.53,-1
0.15,-0.05,0.51,0.0,0.0,0.0,0,220.971,1750,100.09,-1
0.15,-0.05,0.56,0.0,0.0,0.0,0,196.064,1750,102.49,-1
0.15,-0.05,0.61,0.0,0.0,0.0,0,174.562,1750,101.9,-1
0.15,-0.05,0.66,0.0,0.0,0.0,0,162.984,1750,99.98,-1
0.15,-0.05,0.71,0.0,0.0,0.0,0,155.653,1750,101.42,-1
0.15,-0.05,0.76,0.0,0.0,0.0,0,125.435,1750,99.43,-1
0.15,-0.05,0.81,0.0,0.0,0.0,0,85.733,1750,97.71,-1
0.15,0.0,0.01,0.0,0.0,0.0,0,289.617,1750,103.17,-1
0.15,0.0,0.06,0.0,0.0,0.0,0,437.859,1750,103.6,-1
0.15,0.0,0.11,0.0,0.0,0.0,0,330.65,1750,105.08,-1
0.15,0.0,0.16,0.0,0.0,0.0,0,155.422,1750,100.12,-1
0.15,0.0,0.21,0.0,0.0,0.0,0,304.947,1750,104.58,-1
0.15,0.0,0.26,0.0,0.0,0.0,0,292.361,1750,101.71,-1
0.15,0.0,0.31,0.0,0.0,0.0,0,317.823,1750,103.0,-1
0.15,0.0,0.36,0.0,0.0,0.0,0,293.532,1750,104.18,-1
0.15,0.0,0.41,0.0,0.0,0.0,0,271.086,1750,103.06,-1
0.15,0.0,0.46,0.0,0.0,0.0,0,250.579,1750,102.35,-1
0.15,0.0,0.51,0.0,0.0,0.0,0,232.116,1750,100.61,-1
0.15,0.0,0.56,0.0,0.0,0.0,0,215.98,1750,104.56,-1
0.15,0.0,0.61,0.0,0.0,0.0,0,203.005,1750,102.4,-1
0.15,0.0,0.66,0.0,0.0,0.0,0,200.551,1750,102.07,-1
0.15,0.0,0.71,0.0,0.0,0.0,0,164.857,1750,101.74,-1
0.15,0.0,0.76,0.0,0.0,0.0,0,128.781,1750,97.89,-1
0.15,0.0,0.81,0.0,0.0,0.0,0,87.008,1750,99.62,-1
0.2,-0.6,0.01,0.0,0.0,0.0,0,556.771,1750,102.84,-1
0.2,-0.6,0.06,0.0,0.0,0.0,0,515.395,1750,102.36,-1
0.2,-0.6,0.11,0.0,0.0,0.0,0,362.319,1750,102.16,-1
0.2,-0.6,0.16,0.0,0.0,0.0,0,411.137,1750,103.67,-1
0.2,-0.6,0.21,0.0,0.0,0.0,0,420.539,1750,103.72,-1
0.2,-0.6,0.26,0.0,0.0,0.0,0,346.495,1750,102.08,-1
0.2,-0.6,0.31,0.0,0.0,0.0,0,273.755,1750,103.45,-1
0.2,-0.6,0.36,0.0,0.0,0.0,0,240.148,1750,104.99,-1
0.2,-0.6,0.41,0.0,0.0,0.0,0,207.458,1750,102.77,-1
0.2,-0.6,0.46,0.0,0.0,0.0,0,175.861,1750,103.47,-1
0.2,-0.6,0.51,0.0,0.0,0.0,0,145.733,1750,103.48,-1
0.2,-0.6,0.56,0.0,0.0,0.0,0,117.883,1750,103.45,-1
0.2,-0.6,0.61,0.0,0.0,0.0,0,94.082,1750,104.91,-1
0.2,-0.6,0.66,0.0,0.0,0.0,0,77.965,1750,101.65,-1
0.2,-0.6,0.71,0.0,0.0,0.0,0,74.099,1750,99.91,-1
0.2,-0.6,0.76,0.0,0.0,0.0,0,75.9,1750,99.41,-1
0.2,-0.6,0.81,0.0,0.0,0.0,0,80.75,1750,101.82,-1
0.2,-0.55,0.01,0.0,0.0,0.0,0,511.199,1750,101.48,-1
0.2,-0.55,0.06,0.0,0.0,0.0,0,383.346,1750,101.45,-1
0.2,-0.55,0.11,0.0,0.0,0.0,0,328.772,1750,103.87,-1
0.2,-0.55,0.16,0.0,0.0,0.0,0,281.318,1750,101.12,-1
0.2,-0.55,0.21,0.0,0.0,0.0,0,362.035,1750,102.37,-1
0.2,-0.55,0.26,0.0,0.0,0.0,0,292.069,1750,104.89,-1
0.2,-0.55,0.31,0.0,0.0,0.0,0,257.341,1750,104.44,-1
0.2,-0.55,0.36,0.0,0.0,0.0,0,223.268,1750,105.22,-1
0.2,-0.55,0.41,0.0,0.0,0.0,0,189.797,1750,104.85,-1
0.2,-0.55,0.46,0.0,0.0,0.0,0,156.881,1750,100.76,-1
0.2,-0.55,0.51,0.0,0.0,0.0,0,124.51,1750,102.24,-1
0.2,-0.55,0.56,0.0,0.0,0.0,0,92.796,1750,102.22,-1
0.2,-0.55,0.61,0.0,0.0,0.0,0,62.308,1750,100.57,-1
0.2,-0.55,0.66,0.0,0.0,0.0,0,35.901,1750,99.65,-1
0.2,-0.55,0.71,0.0,0.0,0.0,0,27.173,1750,99.81,-1
0.2,-0.55,0.76,0.0,0.0,0.0,0,29.113,1750,97.15,-1
0.2,-0.55,0.81,0.0,0.0,0.0,0,80.182,1750,95.63,-1
0.2,-0.5,0.01,0.0,0.0,0.0,0,524.053,1750,101.97,-1
0.2,-0.5,0.06,0.0,0.0,0.0,0,405.076,1750,101.69,-1
0.2,-0.5,0.11,0.0,0.0,0.0,0,337.591,1750,103.93,-1
0.2,-0.5,0.16,0.0,0.0,0.0,0,396.286,1750,103.05,-1
0.2,-0.5,0.21,0.0,0.0,0.0,0,316.751,1750,103.31,-1
0.2,-0.5,0.26,0.0,0.0,0.0,0,281.903,1750,101.64,-1
0.2,-0.5,0.31,0.0,0.0,0.0,0,247.865,1750,105.03,-1
0.2,-0.5,0.36,0.0,0.0,0.0,0,214.587,1750,100.73,-1
0.2,-0.5,0.41,0.0,0.0,0.0,0,181.99,1750,99.56,-1
0.2,-0.5,0.46,0.0,0.0,0.0,0,149.985,1750,103.06,-1
0.2,-0.5,0.51,0.0,0.0,0.0,0,118.534,1750,97.75,-1
0.2,-0.5,0.56,0.0,0.0,0.0,0,88.134,1750,98.27,-1
0.2,-0.5,0.61,0.0,0.0,0.0,0,56.452,1750,99.51,-1
0.2,-0.5,0.66,0.0,0.0,0.0,0,23.774,1750,98.06,-1
0.2,-0.5,0.71,0.0,0.0,0.0,1,8.146,250,13.91,0
0.2,-0.5,0.76,0.0,0.0,0.0,1,2.824,14,0.83,0
0.2,-0.5,0.81,0.0,0.0,0.0,1,2.253,8,0.52,0
0.2,-0.45,0.01,0.0,0.0,0.0,0,469.133,1750,100.71,-1
0.2,-0.45,0.06,0.0,0.0,0.0,0,457.762,1750,103.29,-1
0.2,-0.45,0.11,0.0,0.0,0.0,0,372.545,1750,105.12,-1
0.2,-0.45,0.16,0.0,0.0,0.0,0,283.029,1750,102.03,-1
0.2,-0.45,0.21,0.0,0.0,0.0,0,311.387,1750,102.69,-1
0.2,-0.45,0.26,0.0,0.0,0.0,0,277.937,1750,102.06,-1
0.2,-0.45,0.31,0.0,0.0,0.0,0,245.672,1750,102.55,-1
0.2,-0.45,0.36,0.0,0.0,0.0,0,214.613,1750,101.64,-1
0.2,-0.45,0.41,0.0,0.0,0.0,0,186.532,1750,102.27,-1
0.2,-0.45,0.46,0.0,0.0,0.0,0,158.173,1750,98.33,-1
0.2,-0.45,0.51,0.0,0.0,0.0,0,127.588,1750,98.92,-1
0.2,-0.45,0.56,0.0,0.0,0.0,0,95.158,1750,98.76,-1
0.2,-0.45,0.61,0.0,0.0,0.0,0,61.289,1750,99.01,-1
0.2,-0.45,0.66,0.0,0.0,0.0,0,26.547,1750,97.82,-1
0.2,-0.45,0.71,0.0,0.0,0.0,1,1.683,14,0.92,0
0.2,-0.45,0.76,0.0,0.0,0.0,1,1.815,15,0.89,0
0.2,-0.45,0.81,0.0,0.0,0.0,1,2.316,7,0.41,0
0.2,-0.4,0.01,0.0,0.0,0.0,0,513.177,1750,101.51,-1
0.2,-0.4,0.06,0.0,0.0,0.0,0,430.663,1750,103.03,-1
0.2,-0.4,0.11,0.0,0.0,0.0,0,384.453,1750,103.4,-1
0.2,-0.4,0.16,0.0,0.0,0.0,0,342.013,1750,99.85,-1
0.2,-0.4,0.21,0.0,0.0,0.0,0,248.43,1750,102.11,-1
0.2,-0.4,0.26,0.0,0.0,0.0,0,279.851,1750,104.05,-1
0.2,-0.4,0.31,0.0,0.0,0.0,0,251.451,1750,100.34,-1
0.2,-0.4,0.36,0.0,0.0,0.0,0,204.451,1750,98.66,-1
0.2,-0.4,0.41,0.0,0.0,0.0,0,199.761,1750,103.02,-1
0.2,-0.4,0.46,0.0,0.0,0.0,0,169.423,1750,101.06,-1
0.2,-0.4,0.51,0.0,0.0,0.0,0,136.491,1750,98.71,-1
0.2,-0.4,0.56,0.0,0.0,0.0,0,101.477,1750,97.91,-1
0.2,-0.4,0.61,0.0,0.0,0.0,0,65.114,1750,96.49,-1
0.2,-0.4,0.66,0.0,0.0,0.0,0,29.777,1750,99.93,-1
0.2,-0.4,0.71,0.0,0.0,0.0,1,6.135,250,13.87,0
0.2,-0.4,0.76,0.0,0.0,0.0,1,4.924,250,13.98,0
0.2,-0.4,0.81,0.0,0.0,0.0,1,2.412,7,0.42,0
0.2,-0.35,0.01,0.0,0.0,0.0,0,456.069,1750,102.89,-1
0.2,-0.35,0.06,0.0,0.0,0.0,0,369.749,1750,101.31,-1
0.2,-0.35,0.11,0.0,0.0,0.0,0,317.014,1750,102.95,-1
0.2,-0.35,0.16,0.0,0.0,0.0,0,285.681,1750,102.07,-1
0.2,-0.35,0.21,0.0,0.0,0.0,0,313.755,1750,99.11,-1
0.2,-0.35,0.26,0.0,0.0,0.0,0,288.862,1750,103.37,-1
0.2,-0.35,0.31,0.0,0.0,0.0,0,267.17,1750,101.56,-1
0.2,-0.35,0.36,0.0,0.0,0.0,0,179.255,1750,101.94,-1
0.2,-0.35,0.41,0.0,0.0,0.0,0,171.662,1750,101.36,-1
0.2,-0.35,0.46,0.0,0.0,0.0,0,180.077,1750,101.23,-1
0.2,-0.35,0.51,0.0,0.0,0.0,0,144.826,1750,98.56,-1
0.2,-0.35,0.56,0.0,0.0,0.0,0,57.349,1750,99.18,-1
0.2,-0.35,0.61,0.0,0.0,0.0,0,69.037,1750,99.35,-1
0.2,-0.35,0.66,0.0,0.0,0.0,0,31.833,1750,98.25,-1
0.2,-0.35,0.71,0.0,0.0,0.0,1,6.268,250,13.84,0
0.2,-0.35,0.76,0.0,0.0,0.0,1,1.047,5,0.32,0
0.2,-0.35,0.81,0.0,0.0,0.0,1,1.741,6,0.37,0
0.2,-0.3,0.01,0.0,0.0,0.0,0,435.92,1750,104.06,-1
0.2,-0.3,0.06,0.0,0.0,0.0,0,375.618,1750,101.62,-1
0.2,-0.3,0.11,0.0,0.0,0.0,0,280.31,1750,101.91,-1
0.2,-0.3,0.16,0.0,0.0,0.0,0,292.619,1750,100.67,-1
0.2,-0.3,0.21,0.0,0.0,0.0,0,325.068,1750,103.18,-1
0.2,-0.3,0.26,0.0,0.0,0.0,0,188.27,1750,104.83,-1
0.2,-0.3,0.31,0.0,0.0,0.0,0,282.303,1750,101.34,-1
0.2,-0.3,0.36,0.0,0.0,0.0,0,184.913,1750,100.3,-1
0.2,-0.3,0.41,0.0,0.0,0.0,0,224.074,1750,99.36,-1
0.2,-0.3,0.46,0.0,0.0,0.0,0,187.61,1750,102.83,-1
0.2,-0.3,0.51,0.0,0.0,0.0,0,163.095,1750,100.13,-1
0.2,-0.3,0.56,0.0,0.0,0.0,0,157.728,1750,98.83,-1
0.2,-0.3,0.61,0.0,0.0,0.0,0,72.612,1750,97.97,-1
0.2,-0.3,0.66,0.0,0.0,0.0,0,31.519,1750,99.86,-1
0.2,-0.3,0.71,0.0,0.0,0.0,1,2.961,7,0.43,0
0.2,-0.3,0.76,0.0,0.0,0.0,1,2.541,8,0.47,0
0.2,-0.3,0.81,0.0,0.0,0.0,1,1.913,10,0.59,0
0.2,-0.25,0.01,0.0,0.0,0.0,0,465.709,1750,100.76,-1
0.2,-0.25,0.06,0.0,0.0,0.0,0,428.551,1750,100.51,-1
0.2,-0.25,0.11,0.0,0.0,0.0,0,412.787,1750,102.59,-1
0.2,-0.25,0.16,0.0,0.0,0.0,0,357.318,1750,101.08,-1
0.2,-0.25,0.21,0.0,0.0,0.0,0,283.854,1750,102.99,-1
0.2,-0.25,0.26,0.0,0.0,0.0,0,268.237,1750,102.64,-1
0.2,-0.25,0.31,0.0,0.0,0.0,0,188.384,1750,105.19,-1
0.2,-0.25,0.36,0.0,0.0,0.0,0,192.7,1750,101.55,-1
0.2,-0.25,0.41,0.0,0.0,0.0,0,201.436,1750,101.32,-1
0.2,-0.25,0.46,0.0,0.0,0.0,0,196.667,1750,100.57,-1
0.2,-0.25,0.51,0.0,0.0,0.0,0,132.845,1750,102.86,-1
0.2,-0.25,0.56,0.0,0.0,0.0,0,116.76,1750,100.39,-1
0.2,-0.25,0.61,0.0,0.0,0.0,0,74.706,1750,101.93,-1
0.2,-0.25,0.66,0.0,0.0,0.0,0,31.919,1750,98.39,-1
0.2,-0.25,0.71,0.0,0.0,0.0,1,2.576,12,0.77,0
0.2,-0.25,0.76,0.0,0.0,0.0,1,2.2,12,0.7,0
0.2,-0.25,0.81,0.0,0.0,0.0,1,1.626,6,0.37,0
0.2,-0.2,0.01,0.0,0.0,0.0,0,474.284,1750,102.13,-1
0.2,-0.2,0.06,0.0,0.0,0.0,0,426.974,1750,100.68,-1
0.2,-0.2,0.11,0.0,0.0,0.0,0,410.265,1750,101.76,-1
0.2,-0.2,0.16,0.0,0.0,0.0,0,362.883,1750,104.23,-1
0.2,-0.2,0.21,0.0,0.0,0.0,0,343.087,1750,102.77,-1
0.2,-0.2,0.26,0.0,0.0,0.0,0,192.31,1750,102.54,-1
0.2,-0.2,0.31,0.0,0.0,0.0,0,199.024,1750,101.44,-1
0.2,-0.2,0.36,0.0,0.0,0.0,0,210.807,1750,99.47,-1
0.2,-0.2,0.41,0.0,0.0,0.0,0,192.385,1750,101.91,-1
0.2,-0.2,0.46,0.0,0.0,0.0,0,201.465,1750,101.56,-1
0.2,-0.2,0.51,0.0,0.0,0.0,0,161.186,1750,99.45,-1
0.2,-0.2,0.56,0.0,0.0,0.0,0,119.493,1750,103.02,-1
0.2,-0.2,0.61,0.0,0.0,0.0,0,77.188,1750,102.58,-1
0.2,-0.2,0.66,0.0,0.0,0.0,0,35.462,1750,101.83,-1
0.2,-0.2,0.71,0.0,0.0,0.0,0,13.628,1750,97.8,-1
0.2,-0.2,0.76,0.0,0.0,0.0,1,5.868,500,28.48,1
0.2,-0.2,0.81,0.0,0.0,0.0,1,1.395,10,0.6,0
0.2,-0.15,0.01,0.0,0.0,0.0,0,455.633,1750,103.32,-1
0.2,-0.15,0.06,0.0,0.0,0.0,0,441.966,1750,102.47,-1
0.2,-0.15,0.11,0.0,0.0,0.0,0,407.104,1750,102.92,-1
0.2,-0.15,0.16,0.0,0.0,0.0,0,368.86,1750,102.64,-1
0.2,-0.15,0.21,0.0,0.0,0.0,0,336.829,1750,102.59,-1
0.2,-0.15,0.26,0.0,0.0,0.0,0,210.355,1750,102.52,-1
0.2,-0.15,0.31,0.0,0.0,0.0,0,218.793,1750,103.57,-1
0.2,-0.15,0.36,0.0,0.0,0.0,0,205.762,1750,100.77,-1
0.2,-0.15,0.41,0.0,0.0,0.0,0,239.811,1750,100.81,-1
0.2,-0.15,0.46,0.0,0.0,0.0,0,203.95,1750,104.35,-1
0.2,-0.15,0.51,0.0,0.0,0.0,0,166.776,1750,103.0,-1
0.2,-0.15,0.56,0.0,0.0,0.0,0,129.317,1750,100.95,-1
0.2,-0.15,0.61,0.0,0.0,0.0,0,93.612,1750,102.9,-1
0.2,-0.15,0.66,0.0,0.0,0.0,0,65.105,1750,98.81,-1
0.2,-0.15,0.71,0.0,0.0,0.0,0,56.479,1750,97.98,-1
0.2,-0.15,0.76,0.0,0.0,0.0,0,46.0,1750,96.63,-1
0.2,-0.15,0.81,0.0,0.0,0.0,0,24.377,1750,99.78,-1
0.2,-0.1,0.01,0.0,0.0,0.0,0,487.991,1750,102.99,-1
0.2,-0.1,0.06,0.0,0.0,0.0,0,443.443,1750,102.2,-1
0.2,-0.1,0.11,0.0,0.0,0.0,0,236.029,1750,102.48,-1
0.2,-0.1,0.16,0.0,0.0,0.0,0,368.538,1750,103.74,-1
0.2,-0.1,0.21,0.0,0.0,0.0,0,331.355,1750,102.43,-1
0.2,-0.1,0.26,0.0,0.0,0.0,0,330.422,1750,102.99,-1
0.2,-0.1,0.31,0.0,0.0,0.0,0,247.393,1750,103.62,-1
0.2,-0.1,0.36,0.0,0.0,0.0,0,207.082,1750,104.9,-1
0.2,-0.1,0.41,0.0,0.0,0.0,0,185.436,1750,101.77,-1
0.2,-0.1,0.46,0.0,0.0,0.0,0,209.762,1750,103.16,-1
0.2,-0.1,0.51,0.0,0.0,0.0,0,178.351,1750,102.99,-1
0.2,-0.1,0.56,0.0,0.0,0.0,0,147.682,1750,101.61,-1
0.2,-0.1,0.61,0.0,0.0,0.0,0,120.53,1750,100.77,-1
0.2,-0.1,0.66,0.0,0.0,0.0,0,101.719,1750,100.53,-1
0.2,-0.1,0.71,0.0,0.0,0.0,0,96.464,1750,98.09,-1
0.2,-0.1,0.76,0.0,0.0,0.0,0,82.354,1750,97.8,-1
0.2,-0.1,0.81,0.0,0.0,0.0,0,55.122,1750,98.15,-1
0.2,-0.05,0.01,0.0,0.0,0.0,0,454.725,1750,103.25,-1
0.2,-0.05,0.06,0.0,0.0,0.0,0,421.626,1750,102.27,-1
0.2,-0.05,0.11,0.0,0.0,0.0,0,396.773,1750,103.64,-1
0.2,-0.05,0.16,0.0,0.0,0.0,0,368.024,1750,102.57,-1
0.2,-0.05,0.21,0.0,0.0,0.0,0,334.851,1750,104.43,-1
0.2,-0.05,0.26,0.0,0.0,0.0,0,266.55,1750,103.01,-1
0.2,-0.05,0.31,0.0,0.0,0.0,0,281.042,1750,103.63,-1
0.2,-0.05,0.36,0.0,0.0,0.0,0,223.381,1750,102.09,-1
0.2,-0.05,0.41,0.0,0.0,0.0,0,205.041,1750,100.94,-1
0.2,-0.05,0.46,0.0,0.0,0.0,0,215.331,1750,104.42,-1
0.2,-0.05,0.51,0.0,0.0,0.0,0,189.948,1750,99.76,-1
0.2,-0.05,0.56,0.0,0.0,0.0,0,166.569,1750,104.03,-1
0.2,-0.05,0.61,0.0,0.0,0.0,0,147.115,1750,100.71,-1
0.2,-0.05,0.66,0.0,0.0,0.0,0,134.544,1750,100.41,-1
0.2,-0.05,0.71,0.0,0.0,0.0,0,130.633,1750,96.68,-1
0.2,-0.05,0.76,0.0,0.0,0.0,0,110.713,1750,99.79,-1
0.2,-0.05,0.81,0.0,0.0,0.0,0,76.939,1750,97.96,-1
0.2,0.0,0.01,0.0,0.0,0.0,0,460.493,1750,102.34,-1
0.2,0.0,0.06,0.0,0.0,0.0,0,427.841,1750,101.48,-1
0.2,0.0,0.11,0.0,0.0,0.0,0,403.294,1750,105.53,-1
0.2,0.0,0.16,0.0,0.0,0.0,0,374.414,1750,103.33,-1
0.2,0.0,0.21,0.0,0.0,0.0,0,344.298,1750,101.56,-1
0.2,0.0,0.26,0.0,0.0,0.0,0,299.867,1750,103.09,-1
0.2,0.0,0.31,0.0,0.0,0.0,0,268.152,1750,103.57,-1
0.2,0.0,0.36,0.0,0.0,0.0,0,268.513,1750,102.43,-1
0.2,0.0,0.41,0.0,0.0,0.0,0,237.473,1750,103.32,-1
0.2,0.0,0.46,0.0,0.0,0.0,0,218.914,1750,101.97,-1
0.2,0.0,0.51,0.0,0.0,0.0,0,197.607,1750,102.83,-1
0.2,0.0,0.56,0.0,0.0,0.0,0,179.486,1750,101.94,-1
0.2,0.0,0.61,0.0,0.0,0.0,0,165.588,1750,101.8,-1
0.2,0.0,0.66,0.0,0.0,0.0,0,157.201,1750,103.88,-1
0.2,0.0,0.71,0.0,0.0,0.0,0,153.36,1750,98.18,-1
0.2,0.0,0.76,0.0,0.0,0.0,0,124.578,1750,97.54,-1
0.2,0.0,0.81,0.0,0.0,0.0,0,85.694,1750,97.73,-1
0.25,-0.6,0.01,0.0,0.0,0.0,0,496.948,1750,100.26,-1
0.25,-0.6,0.06,0.0,0.0,0.0,0,511.359,1750,104.34,-1
0.25,-0.6,0.11,0.0,0.0,0.0,0,358.535,1750,100.65,-1
0.25,-0.6,0.16,0.0,0.0,0.0,0,316.004,1750,102.02,-1
0.25,-0.6,0.21,0.0,0.0,0.0,0,383.42,1750,100.73,-1
0.25,-0.6,0.26,0.0,0.0,0.0,0,335.389,1750,101.08,-1
0.25,-0.6,0.31,0.0,0.0,0.0,0,299.002,1750,103.2,-1
0.25,-0.6,0.36,0.0,0.0,0.0,0,245.107,1750,104.31,-1
0.25,-0.6,0.41,0.0,0.0,0.0,0,212.842,1750,103.61,-1
0.25,-0.6,0.46,0.0,0.0,0.0,0,181.936,1750,104.43,-1
0.25,-0.6,0.51,0.0,0.0,0.0,0,152.867,1750,105.67,-1
0.25,-0.6,0.56,0.0,0.0,0.0,0,126.555,1750,105.54,-1
0.25,-0.6,0.61,0.0,0.0,0.0,0,104.767,1750,105.31,-1
0.25,-0.6,0.66,0.0,0.0,0.0,0,90.555,1750,101.19,-1
0.25,-0.6,0.71,0.0,0.0,0.0,0,87.195,1750,102.97,-1
0.25,-0.6,0.76,0.0,0.0,0.0,0,89.722,1750,101.79,-1
0.25,-0.6,0.81,0.0,0.0,0.0,0,95.932,1750,97.85,-1
0.25,-0.55,0.01,0.0,0.0,0.0,0,481.025,1750,102.18,-1
0.25,-0.55,0.06,0.0,0.0,0.0,0,396.78,1750,101.04,-1
0.25,-0.55,0.11,0.0,0.0,0.0,0,354.394,1750,101.09,-1
0.25,-0.55,0.16,0.0,0.0,0.0,0,306.073,1750,103.28,-1
0.25,-0.55,0.21,0.0,0.0,0.0,0,394.517,1750,100.96,-1
0.25,-0.55,0.26,0.0,0.0,0.0,0,258.862,1750,102.13,-1
0.25,-0.55,0.31,0.0,0.0,0.0,0,260.258,1750,103.2,-1
0.25,-0.55,0.36,0.0,0.0,0.0,0,210.4,1750,101.31,-1
0.25,-0.55,0.41,0.0,0.0,0.0,0,192.694,1750,102.45,-1
0.25,-0.55,0.46,0.0,0.0,0.0,0,160.085,1750,103.16,-1
0.25,-0.55,0.51,0.0,0.0,0.0,0,128.39,1750,105.08,-1
0.25,-0.55,0.56,0.0,0.0,0.0,0,97.968,1750,101.94,-1
0.25,-0.55,0.61,0.0,0.0,0.0,0,69.917,1750,101.78,-1
0.25,-0.55,0.66,0.0,0.0,0.0,0,47.95,1750,101.66,-1
0.25,-0.55,0.71,0.0,0.0,0.0,0,41.672,1750,97.52,-1
0.25,-0.55,0.76,0.0,0.0,0.0,0,44.52,1750,98.09,-1
0.25,-0.55,0.81,0.0,0.0,0.0,0,51.536,1750,98.91,-1
0.25,-0.5,0.01,0.0,0.0,0.0,0,476.898,1750,100.94,-1
0.25,-0.5,0.06,0.0,0.0,0.0,0,481.896,1750,101.22,-1
0.25,-0.5,0.11,0.0,0.0,0.0,0,380.756,1750,100.2,-1
0.25,-0.5,0.16,0.0,0.0,0.0,0,404.872,1750,103.49,-1
0.25,-0.5,0.21,0.0,0.0,0.0,0,264.304,1750,101.53,-1
0.25,-0.5,0.26,0.0,0.0,0.0,0,218.109,1750,100.82,-1
0.25,-0.5,0.31,0.0,0.0,0.0,0,158.442,1750,101.74,-1
0.25,-0.5,0.36,0.0,0.0,0.0,0,201.909,1750,102.13,-1
0.25,-0.5,0.41,0.0,0.0,0.0,0,181.229,1750,104.76,-1
0.25,-0.5,0.46,0.0,0.0,0.0,0,148.678,1750,102.76,-1
0.25,-0.5,0.51,0.0,0.0,0.0,0,116.684,1750,97.48,-1
0.25,-0.5,0.56,0.0,0.0,0.0,0,85.149,1750,102.15,-1
0.25,-0.5,0.61,0.0,0.0,0.0,0,54.178,1750,97.44,-1
0.25,-0.5,0.66,0.0,0.0,0.0,0,23.27,1750,99.56,-1
0.25,-0.5,0.71,0.0,0.0,0.0,1,5.997,250,12.01,0
0.25,-0.5,0.76,0.0,0.0,0.0,1,3.414,250,13.96,0
0.25,-0.5,0.81,0.0,0.0,0.0,1,8.541,250,14.2,0
0.25,-0.45,0.01,0.0,0.0,0.0,0,483.865,1750,101.46,-1
0.25,-0.45,0.06,0.0,0.0,0.0,0,432.424,1750,102.14,-1
0.25,-0.45,0.11,0.0,0.0,0.0,0,385.406,1750,103.05,-1
0.25,-0.45,0.16,0.0,0.0,0.0,0,300.629,1750,102.11,-1
0.25,-0.45,0.21,0.0,0.0,0.0,0,311.227,1750,101.86,-1
0.25,-0.45,0.26,0.0,0.0,0.0,0,232.4,1750,101.82,-1
0.25,-0.45,0.31,0.0,0.0,0.0,0,243.093,1750,104.73,-1
0.25,-0.45,0.36,0.0,0.0,0.0,0,210.621,1750,100.56,-1
0.25,-0.45,0.41,0.0,0.0,0.0,0,179.255,1750,99.49,-1
0.25,-0.45,0.46,0.0,0.0,0.0,0,150.19,1750,100.98,-1
0.25,-0.45,0.51,0.0,0.0,0.0,0,120.849,1750,98.72,-1
0.25,-0.45,0.56,0.0,0.0,0.0,0,89.873,1750,96.64,-1
0.25,-0.45,0.61,0.0,0.0,0.0,0,57.574,1750,98.84,-1
0.25,-0.45,0.66,0.0,0.0,0.0,0,24.44,1750,98.09,-1
0.25,-0.45,0.71,0.0,0.0,0.0,1,5.983,500,28.82,1
0.25,-0.45,0.76,0.0,0.0,0.0,1,2.582,10,0.62,0
0.25,-0.45,0.81,0.0,0.0,0.0,1,1.115,7,0.48,0
0.25,-0.4,0.01,0.0,0.0,0.0,0,491.674,1750,103.77,-1
0.25,-0.4,0.06,0.0,0.0,0.0,0,473.613,1750,104.97,-1
0.25,-0.4,0.11,0.0,0.0,0.0,0,394.435,1750,104.22,-1
0.25,-0.4,0.16,0.0,0.0,0.0,0,350.83,1750,101.4,-1
0.25,-0.4,0.21,0.0,0.0,0.0,0,308.57,1750,103.59,-1
0.25,-0.4,0.26,0.0,0.0,0.0,0,267.469,1750,101.07,-1
0.25,-0.4,0.31,0.0,0.0,0.0,0,244.182,1750,100.09,-1
0.25,-0.4,0.36,0.0,0.0,0.0,0,212.16,1750,98.57,-1
0.25,-0.4,0.41,0.0,0.0,0.0,0,188.425,1750,99.83,-1
0.25,-0.4,0.46,0.0,0.0,0.0,0,159.715,1750,100.03,-1
0.25,-0.4,0.51,0.0,0.0,0.0,0,128.641,1750,99.15,-1
0.25,-0.4,0.56,0.0,0.0,0.0,0,95.647,1750,99.52,-1
0.25,-0.4,0.61,0.0,0.0,0.0,0,61.222,1750,98.27,-1
0.25,-0.4,0.66,0.0,0.0,0.0,0,25.891,1750,96.63,-1
0.25,-0.4,0.71,0.0,0.0,0.0,1,6.373,250,13.92,0
0.25,-0.4,0.76,0.0,0.0,0.0,1,1.244,8,0.49,0
0.25,-0.4,0.81,0.0,0.0,0.0,1,0.599,7,0.43,0
0.25,-0.35,0.01,0.0,0.0,0.0,0,445.403,1750,101.68,-1
0.25,-0.35,0.06,0.0,0.0,0.0,0,362.746,1750,103.64,-1
0.25,-0.35,0.11,0.0,0.0,0.0,0,306.938,1750,100.52,-1
0.25,-0.35,0.16,0.0,0.0,0.0,0,278.299,1750,101.2,-1
0.25,-0.35,0.21,0.0,0.0,0.0,0,340.474,1750,105.31,-1
0.25,-0.35,0.26,0.0,0.0,0.0,0,251.734,1750,102.33,-1
0.25,-0.35,0.31,0.0,0.0,0.0,0,197.882,1750,100.39,-1
0.25,-0.35,0.36,0.0,0.0,0.0,0,226.668,1750,99.64,-1
0.25,-0.35,0.41,0.0,0.0,0.0,0,187.699,1750,101.04,-1
0.25,-0.35,0.46,0.0,0.0,0.0,0,168.915,1750,99.38,-1
0.25,-0.35,0.51,0.0,0.0,0.0,0,135.968,1750,99.83,-1
0.25,-0.35,0.56,0.0,0.0,0.0,0,101.046,1750,98.6,-1
0.25,-0.35,0.61,0.0,0.0,0.0,0,64.698,1750,97.14,-1
0.25,-0.35,0.66,0.0,0.0,0.0,0,27.474,1750,99.9,-1
0.25,-0.35,0.71,0.0,0.0,0.0,1,6.298,250,13.88,0
0.25,-0.35,0.76,0.0,0.0,0.0,1,1.631,24,1.36,0
0.25,-0.35,0.81,0.0,0.0,0.0,1,2.117,13,0.8,0
0.25,-0.3,0.01,0.0,0.0,0.0,0,443.919,1750,102.32,-1
0.25,-0.3,0.06,0.0,0.0,0.0,0,357.109,1750,100.82,-1
0.25,-0.3,0.11,0.0,0.0,0.0,0,402.641,1750,102.81,-1
0.25,-0.3,0.16,0.0,0.0,0.0,0,341.462,1750,101.86,-1
0.25,-0.3,0.21,0.0,0.0,0.0,0,332.788,1750,102.27,-1
0.25,-0.3,0.26,0.0,0.0,0.0,0,285.339,1750,102.71,-1
0.25,-0.3,0.31,0.0,0.0,0.0,0,262.791,1750,102.7,-1
0.25,-0.3,0.36,0.0,0.0,0.0,0,200.388,1750,102.64,-1
0.25,-0.3,0.41,0.0,0.0,0.0,0,209.019,1750,102.2,-1
0.25,-0.3,0.46,0.0,0.0,0.0,0,176.984,1750,99.68,-1
0.25,-0.3,0.51,0.0,0.0,0.0,0,142.347,1750,95.49,-1
0.25,-0.3,0.56,0.0,0.0,0.0,0,105.755,1750,98.21,-1
0.25,-0.3,0.61,0.0,0.0,0.0,0,67.801,1750,97.89,-1
0.25,-0.3,0.66,0.0,0.0,0.0,0,29.03,1750,99.4,-1
0.25,-0.3,0.71,0.0,0.0,0.0,1,0.392,10,0.65,0
0.25,-0.3,0.76,0.0,0.0,0.0,1,2.116,7,0.43,0
0.25,-0.3,0.81,0.0,0.0,0.0,1,1.793,9,0.53,0
0.25,-0.25,0.01,0.0,0.0,0.0,0,452.319,1750,102.51,-1
0.25,-0.25,0.06,0.0,0.0,0.0,0,446.306,1750,101.06,-1
0.25,-0.25,0.11,0.0,0.0,0.0,0,406.658,1750,101.34,-1
0.25,-0.25,0.16,0.0,0.0,0.0,0,361.334,1750,100.93,-1
0.25,-0.25,0.21,0.0,0.0,0.0,0,318.818,1750,100.17,-1
0.25,-0.25,0.26,0.0,0.0,0.0,0,294.338,1750,100.9,-1
0.25,-0.25,0.31,0.0,0.0,0.0,0,272.693,1750,103.05,-1
0.25,-0.25,0.36,0.0,0.0,0.0,0,119.324,1750,99.94,-1
0.25,-0.25,0.41,0.0,0.0,0.0,0,216.703,1750,99.45,-1
0.25,-0.25,0.46,0.0,0.0,0.0,0,183.333,1750,99.82,-1
0.25,-0.25,0.51,0.0,0.0,0.0,0,147.354,1750,98.3,-1
0.25,-0.25,0.56,0.0,0.0,0.0,0,109.461,1750,100.77,-1
0.25,-0.25,0.61,0.0,0.0,0.0,0,70.257,1750,101.75,-1
0.25,-0.25,0.66,0.0,0.0,0.0,0,30.267,1750,101.43,-1
0.25,-0.25,0.71,0.0,0.0,0.0,1,0.425,7,0.44,0
0.25,-0.25,0.76,0.0,0.0,0.0,1,0.551,7,0.43,0
0.25,-0.25,0.81,0.0,0.0,0.0,1,0.355,7,0.43,0
0.25,-0.2,0.01,0.0,0.0,0.0,0,487.107,1750,101.91,-1
0.25,-0.2,0.06,0.0,0.0,0.0,0,397.638,1750,101.33,-1
0.25,-0.2,0.11,0.0,0.0,0.0,0,362.778,1750,102.5,-1
0.25,-0.2,0.16,0.0,0.0,0.0,0,335.553,1750,100.86,-1
0.25,-0.2,0.21,0.0,0.0,0.0,0,317.018,1750,101.27,-1
0.25,-0.2,0.26,0.0,0.0,0.0,0,301.115,1750,99.36,-1
0.25,-0.2,0.31,0.0,0.0,0.0,0,278.353,1750,99.29,-1
0.25,-0.2,0.36,0.0,0.0,0.0,0,215.026,1750,99.24,-1
0.25,-0.2,0.41,0.0,0.0,0.0,0,213.063,1750,99.09,-1
0.25,-0.2,0.46,0.0,0.0,0.0,0,187.378,1750,98.24,-1
0.25,-0.2,0.51,0.0,0.0,0.0,0,242.43,1750,101.65,-1
0.25,-0.2,0.56,0.0,0.0,0.0,0,245.647,1750,102.15,-1
0.25,-0.2,0.61,0.0,0.0,0.0,0,71.804,1750,99.05,-1
0.25,-0.2,0.66,0.0,0.0,0.0,0,31.034,1750,99.99,-1
0.25,-0.2,0.71,0.0,0.0,0.0,1,0.839,7,0.45,0
0.25,-0.2,0.76,0.0,0.0,0.0,1,2.67,8,0.49,0
0.25,-0.2,0.81,0.0,0.0,0.0,1,1.641,8,0.49,0
0.25,-0.15,0.01,0.0,0.0,0.0,0,478.412,1750,104.15,-1
0.25,-0.15,0.06,0.0,0.0,0.0,0,417.761,1750,101.7,-1
0.25,-0.15,0.11,0.0,0.0,0.0,0,372.949,1750,103.36,-1
0.25,-0.15,0.16,0.0,0.0,0.0,0,367.404,1750,102.1,-1
0.25,-0.15,0.21,0.0,0.0,0.0,0,322.957,1750,102.09,-1
0.25,-0.15,0.26,0.0,0.0,0.0,0,130.556,1750,100.75,-1
0.25,-0.15,0.31,0.0,0.0,0.0,0,281.196,1750,100.16,-1
0.25,-0.15,0.36,0.0,0.0,0.0,0,235.778,1750,102.68,-1
0.25,-0.15,0.41,0.0,0.0,0.0,0,198.955,1750,101.15,-1
0.25,-0.15,0.46,0.0,0.0,0.0,0,179.589,1750,101.24,-1
0.25,-0.15,0.51,0.0,0.0,0.0,0,151.677,1750,101.36,-1
0.25,-0.15,0.56,0.0,0.0,0.0,0,114.96,1750,100.99,-1
0.25,-0.15,0.61,0.0,0.0,0.0,0,78.849,1750,100.23,-1
0.25,-0.15,0.66,0.0,0.0,0.0,0,47.357,1750,101.78,-1
0.25,-0.15,0.71,0.0,0.0,0.0,0,36.337,1750,98.54,-1
0.25,-0.15,0.76,0.0,0.0,0.0,0,27.437,1750,98.07,-1
0.25,-0.15,0.81,0.0,0.0,0.0,1,8.466,250,14.26,0
0.25,-0.1,0.01,0.0,0.0,0.0,0,450.213,1750,103.11,-1
0.25,-0.1,0.06,0.0,0.0,0.0,0,441.656,1750,102.07,-1
0.25,-0.1,0.11,0.0,0.0,0.0,0,381.948,1750,104.54,-1
0.25,-0.1,0.16,0.0,0.0,0.0,0,352.499,1750,104.75,-1
0.25,-0.1,0.21,0.0,0.0,0.0,0,247.785,1750,103.61,-1
0.25,-0.1,0.26,0.0,0.0,0.0,0,303.332,1750,99.39,-1
0.25,-0.1,0.31,0.0,0.0,0.0,0,247.267,1750,105.39,-1
0.25,-0.1,0.36,0.0,0.0,0.0,0,252.451,1750,101.92,-1
0.25,-0.1,0.41,0.0,0.0,0.0,0,220.431,1750,102.93,-1
0.25,-0.1,0.46,0.0,0.0,0.0,0,188.316,1750,102.45,-1
0.25,-0.1,0.51,0.0,0.0,0.0,0,156.271,1750,102.7,-1
0.25,-0.1,0.56,0.0,0.0,0.0,0,125.045,1750,103.1,-1
0.25,-0.1,0.61,0.0,0.0,0.0,0,96.647,1750,100.19,-1
0.25,-0.1,0.66,0.0,0.0,0.0,0,75.826,1750,103.46,-1
0.25,-0.1,0.71,0.0,0.0,0.0,0,69.954,1750,100.46,-1
0.25,-0.1,0.76,0.0,0.0,0.0,0,58.77,1750,100.16,-1
0.25,-0.1,0.81,0.0,0.0,0.0,0,35.975,1750,99.77,-1
0.25,-0.05,0.01,0.0,0.0,0.0,0,485.631,1750,103.22,-1
0.25,-0.05,0.06,0.0,0.0,0.0,0,445.843,1750,104.18,-1
0.25,-0.05,0.11,0.0,0.0,0.0,0,407.322,1750,103.7,-1
0.25,-0.05,0.16,0.0,0.0,0.0,0,356.034,1750,101.11,-1
0.25,-0.05,0.21,0.0,0.0,0.0,0,326.376,1750,104.75,-1
0.25,-0.05,0.26,0.0,0.0,0.0,0,112.261,1750,101.41,-1
0.25,-0.05,0.31,0.0,0.0,0.0,0,273.714,1750,103.47,-1
0.25,-0.05,0.36,0.0,0.0,0.0,0,249.927,1750,102.34,-1
0.25,-0.05,0.41,0.0,0.0,0.0,0,219.701,1750,103.26,-1
0.25,-0.05,0.46,0.0,0.0,0.0,0,190.395,1750,103.66,-1
0.25,-0.05,0.51,0.0,0.0,0.0,0,162.372,1750,101.46,-1
0.25,-0.05,0.56,0.0,0.0,0.0,0,136.533,1750,104.27,-1
0.25,-0.05,0.61,0.0,0.0,0.0,0,114.772,1750,100.18,-1
0.25,-0.05,0.66,0.0,0.0,0.0,0,100.377,1750,102.5,-1
0.25,-0.05,0.71,0.0,0.0,0.0,0,96.306,1750,98.7,-1
0.25,-0.05,0.76,0.0,0.0,0.0,0,82.324,1750,98.16,-1
0.25,-0.05,0.81,0.0,0.0,0.0,0,55.348,1750,97.84,-1
0.25,0.0,0.01,0.0,0.0,0.0,0,462.356,1750,104.1,-1
0.25,0.0,0.06,0.0,0.0,0.0,0,422.035,1750,103.31,-1
0.25,0.0,0.11,0.0,0.0,0.0,0,394.126,1750,104.49,-1
0.25,0.0,0.16,0.0,0.0,0.0,0,362.383,1750,104.02,-1
0.25,0.0,0.21,0.0,0.0,0.0,0,296.777,1750,104.75,-1
0.25,0.0,0.26,0.0,0.0,0.0,0,292.993,1750,101.25,-1
0.25,0.0,0.31,0.0,0.0,0.0,0,279.737,1750,103.4,-1
0.25,0.0,0.36,0.0,0.0,0.0,0,247.829,1750,103.72,-1
0.25,0.0,0.41,0.0,0.0,0.0,0,219.604,1750,103.86,-1
0.25,0.0,0.46,0.0,0.0,0.0,0,191.83,1750,104.0,-1
0.25,0.0,0.51,0.0,0.0,0.0,0,166.229,1750,104.57,-1
0.25,0.0,0.56,0.0,0.0,0.0,0,143.734,1750,104.68,-1
0.25,0.0,0.61,0.0,0.0,0.0,0,125.862,1750,103.4,-1
0.25,0.0,0.66,0.0,0.0,0.0,0,114.723,1750,99.54,-1
0.25,0.0,0.71,0.0,0.0,0.0,0,111.236,1750,99.34,-1
0.25,0.0,0.76,0.0,0.0,0.0,0,93.955,1750,97.4,-1
0.25,0.0,0.81,0.0,0.0,0.0,0,63.44,1750,99.4,-1
0.3,-0.6,0.01,0.0,0.0,0.0,0,495.273,1750,102.36,-1
0.3,-0.6,0.06,0.0,0.0,0.0,0,431.752,1750,101.99,-1
0.3,-0.6,0.11,0.0,0.0,0.0,0,383.986,1750,101.35,-1
0.3,-0.6,0.16,0.0,0.0,0.0,0,339.969,1750,100.58,-1
0.3,-0.6,0.21,0.0,0.0,0.0,0,299.431,1750,101.52,-1
0.3,-0.6,0.26,0.0,0.0,0.0,0,262.354,1750,101.62,-1
0.3,-0.6,0.31,0.0,0.0,0.0,0,264.858,1750,102.03,-1
0.3,-0.6,0.36,0.0,0.0,0.0,0,266.817,1750,102.85,-1
0.3,-0.6,0.41,0.0,0.0,0.0,0,223.439,1750,103.12,-1
0.3,-0.6,0.46,0.0,0.0,0.0,0,193.628,1750,103.09,-1
0.3,-0.6,0.51,0.0,0.0,0.0,0,166.07,1750,101.67,-1
0.3,-0.6,0.56,0.0,0.0,0.0,0,141.756,1750,102.76,-1
0.3,-0.6,0.61,0.0,0.0,0.0,0,122.329,1750,102.18,-1
0.3,-0.6,0.66,0.0,0.0,0.0,0,110.155,1750,103.53,-1
0.3,-0.6,0.71,0.0,0.0,0.0,0,107.356,1750,104.04,-1
0.3,-0.6,0.76,0.0,0.0,0.0,0,110.244,1750,98.52,-1
0.3,-0.6,0.81,0.0,0.0,0.0,0,117.132,1750,100.38,-1
0.3,-0.55,0.01,0.0,0.0,0.0,0,494.844,1750,101.57,-1
0.3,-0.55,0.06,0.0,0.0,0.0,0,415.696,1750,102.5,-1
0.3,-0.55,0.11,0.0,0.0,0.0,0,419.654,1750,100.47,-1
0.3,-0.55,0.16,0.0,0.0,0.0,0,334.911,1750,102.21,-1
0.3,-0.55,0.21,0.0,0.0,0.0,0,289.621,1750,102.8,-1
0.3,-0.55,0.26,0.0,0.0,0.0,0,247.178,1750,99.6,-1
0.3,-0.55,0.31,0.0,0.0,0.0,0,270.074,1750,103.62,-1
0.3,-0.55,0.36,0.0,0.0,0.0,0,234.021,1750,103.21,-1
0.3,-0.55,0.41,0.0,0.0,0.0,0,201.053,1750,102.64,-1
0.3,-0.55,0.46,0.0,0.0,0.0,0,169.202,1750,102.74,-1
0.3,-0.55,0.51,0.0,0.0,0.0,0,138.782,1750,101.53,-1
0.3,-0.55,0.56,0.0,0.0,0.0,0,110.491,1750,101.43,-1
0.3,-0.55,0.61,0.0,0.0,0.0,0,85.939,1750,103.33,-1
0.3,-0.55,0.66,0.0,0.0,0.0,0,68.772,1750,103.04,-1
0.3,-0.55,0.71,0.0,0.0,0.0,0,64.441,1750,100.8,-1
0.3,-0.55,0.76,0.0,0.0,0.0,0,67.697,1750,97.64,-1
0.3,-0.55,0.81,0.0,0.0,0.0,0,75.445,1750,98.48,-1
0.3,-0.5,0.01,0.0,0.0,0.0,0,496.989,1750,103.58,-1
0.3,-0.5,0.06,0.0,0.0,0.0,0,445.184,1750,100.25,-1
0.3,-0.5,0.11,0.0,0.0,0.0,0,398.246,1750,101.28,-1
0.3,-0.5,0.16,0.0,0.0,0.0,0,361.299,1750,102.99,-1
0.3,-0.5,0.21,0.0,0.0,0.0,0,297.377,1750,99.87,-1
0.3,-0.5,0.26,0.0,0.0,0.0,0,248.447,1750,103.24,-1
0.3,-0.5,0.31,0.0,0.0,0.0,0,253.769,1750,101.45,-1
0.3,-0.5,0.36,0.0,0.0,0.0,0,219.484,1750,100.36,-1
0.3,-0.5,0.41,0.0,0.0,0.0,0,185.949,1750,101.52,-1
0.3,-0.5,0.46,0.0,0.0,0.0,0,153.144,1750,103.3,-1
0.3,-0.5,0.51,0.0,0.0,0.0,0,121.064,1750,101.67,-1
0.3,-0.5,0.56,0.0,0.0,0.0,0,89.788,1750,102.43,-1
0.3,-0.5,0.61,0.0,0.0,0.0,0,59.72,1750,102.94,-1
0.3,-0.5,0.66,0.0,0.0,0.0,0,33.107,1750,101.2,-1
0.3,-0.5,0.71,0.0,0.0,0.0,0,23.487,1750,101.35,-1
0.3,-0.5,0.76,0.0,0.0,0.0,0,27.236,1750,97.7,-1
0.3,-0.5,0.81,0.0,0.0,0.0,0,36.111,1750,97.64,-1
0.3,-0.45,0.01,0.0,0.0,0.0,0,376.33,1750,101.2,-1
0.3,-0.45,0.06,0.0,0.0,0.0,0,448.677,1750,101.47,-1
0.3,-0.45,0.11,0.0,0.0,0.0,0,400.967,1750,99.92,-1
0.3,-0.45,0.16,0.0,0.0,0.0,0,356.47,1750,100.24,-1
0.3,-0.45,0.21,0.0,0.0,0.0,0,314.585,1750,102.44,-1
0.3,-0.45,0.26,0.0,0.0,0.0,0,272.989,1750,99.97,-1
0.3,-0.45,0.31,0.0,0.0,0.0,0,210.836,1750,99.2,-1
0.3,-0.45,0.36,0.0,0.0,0.0,0,247.479,1750,100.69,-1
0.3,-0.45,0.41,0.0,0.0,0.0,0,177.699,1750,100.42,-1
0.3,-0.45,0.46,0.0,0.0,0.0,0,129.327,1750,97.6,-1
0.3,-0.45,0.51,0.0,0.0,0.0,0,114.932,1750,98.09,-1
0.3,-0.45,0.56,0.0,0.0,0.0,0,85.206,1750,97.6,-1
0.3,-0.45,0.61,0.0,0.0,0.0,0,54.648,1750,97.73,-1
0.3,-0.45,0.66,0.0,0.0,0.0,0,23.527,1750,97.72,-1
0.3,-0.45,0.71,0.0,0.0,0.0,1,6.621,250,14.34,0
0.3,-0.45,0.76,0.0,0.0,0.0,1,2.846,6,0.39,0
0.3,-0.45,0.81,0.0,0.0,0.0,1,4.285,250,13.53,0
0.3,-0.4,0.01,0.0,0.0,0.0,0,450.94,1750,101.11,-1
0.3,-0.4,0.06,0.0,0.0,0.0,0,451.904,1750,98.65,-1
0.3,-0.4,0.11,0.0,0.0,0.0,0,415.699,1750,102.26,-1
0.3,-0.4,0.16,0.0,0.0,0.0,0,311.74,1750,100.1,-1
0.3,-0.4,0.21,0.0,0.0,0.0,0,312.512,1750,101.21,-1
0.3,-0.4,0.26,0.0,0.0,0.0,0,270.924,1750,100.75,-1
0.3,-0.4,0.31,0.0,0.0,0.0,0,234.861,1750,101.43,-1
0.3,-0.4,0.36,0.0,0.0,0.0,0,209.559,1750,99.73,-1
0.3,-0.4,0.41,0.0,0.0,0.0,0,168.324,1750,99.68,-1
0.3,-0.4,0.46,0.0,0.0,0.0,0,150.056,1750,99.75,-1
0.3,-0.4,0.51,0.0,0.0,0.0,0,120.777,1750,98.46,-1
0.3,-0.4,0.56,0.0,0.0,0.0,0,89.901,1750,96.49,-1
0.3,-0.4,0.61,0.0,0.0,0.0,0,57.75,1750,97.81,-1
0.3,-0.4,0.66,0.0,0.0,0.0,0,24.792,1750,97.64,-1
0.3,-0.4,0.71,0.0,0.0,0.0,1,4.354,250,13.92,0
0.3,-0.4,0.76,0.0,0.0,0.0,1,2.876,9,0.55,0
0.3,-0.4,0.81,0.0,0.0,0.0,1,1.641,10,0.59,0
0.3,-0.35,0.01,0.0,0.0,0.0,0,463.953,1750,101.02,-1
0.3,-0.35,0.06,0.0,0.0,0.0,0,392.217,1750,100.69,-1
0.3,-0.35,0.11,0.0,0.0,0.0,0,406.254,1750,102.39,-1
0.3,-0.35,0.16,0.0,0.0,0.0,0,327.864,1750,99.55,-1
0.3,-0.35,0.21,0.0,0.0,0.0,0,311.212,1750,100.56,-1
0.3,-0.35,0.26,0.0,0.0,0.0,0,273.962,1750,99.74,-1
0.3,-0.35,0.31,0.0,0.0,0.0,0,243.262,1750,100.46,-1
0.3,-0.35,0.36,0.0,0.0,0.0,0,215.037,1750,99.49,-1
0.3,-0.35,0.41,0.0,0.0,0.0,0,186.018,1750,98.85,-1
0.3,-0.35,0.46,0.0,0.0,0.0,0,157.663,1750,98.11,-1
0.3,-0.35,0.51,0.0,0.0,0.0,0,127.044,1750,98.6,-1
0.3,-0.35,0.56,0.0,0.0,0.0,0,94.576,1750,97.48,-1
0.3,-0.35,0.61,0.0,0.0,0.0,0,60.765,1750,96.03,-1
0.3,-0.35,0.66,0.0,0.0,0.0,0,26.118,1750,97.34,-1
0.3,-0.35,0.71,0.0,0.0,0.0,1,4.114,250,13.88,0
0.3,-0.35,0.76,0.0,0.0,0.0,1,2.291,12,0.77,0
0.3,-0.35,0.81,0.0,0.0,0.0,1,0.61,8,0.49,0
0.3,-0.3,0.01,0.0,0.0,0.0,0,466.918,1750,100.59,-1
0.3,-0.3,0.06,0.0,0.0,0.0,0,367.38,1750,101.52,-1
0.3,-0.3,0.11,0.0,0.0,0.0,0,355.365,1750,100.43,-1
0.3,-0.3,0.16,0.0,0.0,0.0,0,328.94,1750,100.86,-1
0.3,-0.3,0.21,0.0,0.0,0.0,0,307.374,1750,99.42,-1
0.3,-0.3,0.26,0.0,0.0,0.0,0,277.857,1750,99.1,-1
0.3,-0.3,0.31,0.0,0.0,0.0,0,226.185,1750,100.13,-1
0.3,-0.3,0.36,0.0,0.0,0.0,0,220.649,1750,99.57,-1
0.3,-0.3,0.41,0.0,0.0,0.0,0,193.985,1750,98.87,-1
0.3,-0.3,0.46,0.0,0.0,0.0,0,164.469,1750,100.25,-1
0.3,-0.3,0.51,0.0,0.0,0.0,0,132.503,1750,97.58,-1
0.3,-0.3,0.56,0.0,0.0,0.0,0,98.629,1750,96.33,-1
0.3,-0.3,0.61,0.0,0.0,0.0,0,63.392,1750,95.31,-1
0.3,-0.3,0.66,0.0,0.0,0.0,0,27.311,1750,97.78,-1
0.3,-0.3,0.71,0.0,0.0,0.0,1,0.391,45,2.57,0
0.3,-0.3,0.76,0.0,0.0,0.0,1,0.401,8,0.49,0
0.3,-0.3,0.81,0.0,0.0,0.0,1,1.045,7,0.47,0
0.3,-0.25,0.01,0.0,0.0,0.0,0,501.026,1750,103.03,-1
0.3,-0.25,0.06,0.0,0.0,0.0,0,447.088,1750,100.35,-1
0.3,-0.25,0.11,0.0,0.0,0.0,0,352.583,1750,98.16,-1
0.3,-0.25,0.16,0.0,0.0,0.0,0,339.242,1750,102.47,-1
0.3,-0.25,0.21,0.0,0.0,0.0,0,320.418,1750,98.14,-1
0.3,-0.25,0.26,0.0,0.0,0.0,0,288.634,1750,101.92,-1
0.3,-0.25,0.31,0.0,0.0,0.0,0,252.052,1750,99.61,-1
0.3,-0.25,0.36,0.0,0.0,0.0,0,219.085,1750,99.23,-1
0.3,-0.25,0.41,0.0,0.0,0.0,0,200.284,1750,98.21,-1
0.3,-0.25,0.46,0.0,0.0,0.0,0,169.769,1750,96.95,-1
0.3,-0.25,0.51,0.0,0.0,0.0,0,136.731,1750,97.48,-1
0.3,-0.25,0.56,0.0,0.0,0.0,0,101.763,1750,99.09,-1
0.3,-0.25,0.61,0.0,0.0,0.0,0,65.429,1750,100.74,-1
0.3,-0.25,0.66,0.0,0.0,0.0,0,28.253,1750,102.75,-1
0.3,-0.25,0.71,0.0,0.0,0.0,1,5.713,250,13.59,0
0.3,-0.25,0.76,0.0,0.0,0.0,1,0.196,7,0.33,0
0.3,-0.25,0.81,0.0,0.0,0.0,1,0.372,7,0.32,0
0.3,-0.2,0.01,0.0,0.0,0.0,0,431.257,1750,101.09,-1
0.3,-0.2,0.06,0.0,0.0,0.0,0,398.015,1750,101.64,-1
0.3,-0.2,0.11,0.0,0.0,0.0,0,369.056,1750,101.46,-1
0.3,-0.2,0.16,0.0,0.0,0.0,0,353.073,1750,101.02,-1
0.3,-0.2,0.21,0.0,0.0,0.0,0,311.376,1750,101.94,-1
0.3,-0.2,0.26,0.0,0.0,0.0,0,282.567,1750,99.32,-1
0.3,-0.2,0.31,0.0,0.0,0.0,0,229.196,1750,100.46,-1
0.3,-0.2,0.36,0.0,0.0,0.0,0,232.268,1750,98.77,-1
0.3,-0.2,0.41,0.0,0.0,0.0,0,204.268,1750,99.94,-1
0.3,-0.2,0.46,0.0,0.0,0.0,0,173.106,1750,97.6,-1
0.3,-0.2,0.51,0.0,0.0,0.0,0,139.387,1750,98.56,-1
0.3,-0.2,0.56,0.0,0.0,0.0,0,103.73,1750,99.37,-1
0.3,-0.2,0.61,0.0,0.0,0.0,0,95.161,1750,99.14,-1
0.3,-0.2,0.66,0.0,0.0,0.0,0,28.857,1750,100.18,-1
0.3,-0.2,0.71,0.0,0.0,0.0,1,9.06,250,14.29,0
0.3,-0.2,0.76,0.0,0.0,0.0,1,0.299,7,0.48,0
0.3,-0.2,0.81,0.0,0.0,0.0,1,2.726,9,0.56,0
0.3,-0.15,0.01,0.0,0.0,0.0,0,477.924,1750,102.47,-1
0.3,-0.15,0.06,0.0,0.0,0.0,0,415.354,1750,103.16,-1
0.3,-0.15,0.11,0.0,0.0,0.0,0,403.62,1750,100.99,-1
0.3,-0.15,0.16,0.0,0.0,0.0,0,366.872,1750,102.13,-1
0.3,-0.15,0.21,0.0,0.0,0.0,0,330.816,1750,102.3,-1
0.3,-0.15,0.26,0.0,0.0,0.0,0,285.151,1750,101.32,-1
0.3,-0.15,0.31,0.0,0.0,0.0,0,258.264,1750,99.73,-1
0.3,-0.15,0.36,0.0,0.0,0.0,0,233.707,1750,100.77,-1
0.3,-0.15,0.41,0.0,0.0,0.0,0,205.531,1750,98.87,-1
0.3,-0.15,0.46,0.0,0.0,0.0,0,174.168,1750,100.48,-1
0.3,-0.15,0.51,0.0,0.0,0.0,0,140.238,1750,100.47,-1
0.3,-0.15,0.56,0.0,0.0,0.0,0,104.35,1750,98.8,-1
0.3,-0.15,0.61,0.0,0.0,0.0,0,67.178,1750,101.32,-1
0.3,-0.15,0.66,0.0,0.0,0.0,0,30.118,1750,100.84,-1
0.3,-0.15,0.71,0.0,0.0,0.0,1,8.802,250,14.18,0
0.3,-0.15,0.76,0.0,0.0,0.0,1,5.053,250,14.22,0
0.3,-0.15,0.81,0.0,0.0,0.0,1,2.622,9,0.61,0
0.3,-0.1,0.01,0.0,0.0,0.0,0,450.099,1750,100.71,-1
0.3,-0.1,0.06,0.0,0.0,0.0,0,413.187,1750,99.72,-1
0.3,-0.1,0.11,0.0,0.0,0.0,0,377.552,1750,102.09,-1
0.3,-0.1,0.16,0.0,0.0,0.0,0,369.633,1750,103.02,-1
0.3,-0.1,0.21,0.0,0.0,0.0,0,313.303,1750,100.72,-1
0.3,-0.1,0.26,0.0,0.0,0.0,0,283.98,1750,101.27,-1
0.3,-0.1,0.31,0.0,0.0,0.0,0,258.319,1750,100.3,-1
0.3,-0.1,0.36,0.0,0.0,0.0,0,233.715,1750,100.6,-1
0.3,-0.1,0.41,0.0,0.0,0.0,0,205.532,1750,99.11,-1
0.3,-0.1,0.46,0.0,0.0,0.0,0,173.496,1750,101.57,-1
0.3,-0.1,0.51,0.0,0.0,0.0,0,139.616,1750,99.38,-1
0.3,-0.1,0.56,0.0,0.0,0.0,0,105.944,1750,100.45,-1
0.3,-0.1,0.61,0.0,0.0,0.0,0,73.457,1750,101.27,-1
0.3,-0.1,0.66,0.0,0.0,0.0,0,69.373,1750,100.63,-1
0.3,-0.1,0.71,0.0,0.0,0.0,0,36.667,1750,99.23,-1
0.3,-0.1,0.76,0.0,0.0,0.0,0,27.744,1750,98.28,-1
0.3,-0.1,0.81,0.0,0.0,0.0,1,8.817,1500,83.37,5
0.3,-0.05,0.01,0.0,0.0,0.0,0,483.444,1750,102.82,-1
0.3,-0.05,0.06,0.0,0.0,0.0,0,445.398,1750,100.53,-1
0.3,-0.05,0.11,0.0,0.0,0.0,0,408.596,1750,103.17,-1
0.3,-0.05,0.16,0.0,0.0,0.0,0,205.72,1750,101.06,-1
0.3,-0.05,0.21,0.0,0.0,0.0,0,316.932,1750,104.13,-1
0.3,-0.05,0.26,0.0,0.0,0.0,0,269.97,1750,104.62,-1
0.3,-0.05,0.31,0.0,0.0,0.0,0,258.595,1750,100.37,-1
0.3,-0.05,0.36,0.0,0.0,0.0,0,233.757,1750,100.97,-1
0.3,-0.05,0.41,0.0,0.0,0.0,0,204.755,1750,100.4,-1
0.3,-0.05,0.46,0.0,0.0,0.0,0,172.411,1750,101.24,-1
0.3,-0.05,0.51,0.0,0.0,0.0,0,140.823,1750,101.19,-1
0.3,-0.05,0.56,0.0,0.0,0.0,0,110.565,1750,101.4,-1
0.3,-0.05,0.61,0.0,0.0,0.0,0,83.196,1750,100.68,-1
0.3,-0.05,0.66,0.0,0.0,0.0,0,62.875,1750,101.94,-1
0.3,-0.05,0.71,0.0,0.0,0.0,0,57.041,1750,100.99,-1
0.3,-0.05,0.76,0.0,0.0,0.0,0,46.557,1750,97.69,-1
0.3,-0.05,0.81,0.0,0.0,0.0,0,25.07,1750,98.15,-1
0.3,0.0,0.01,0.0,0.0,0.0,0,456.757,1750,101.83,-1
0.3,0.0,0.06,0.0,0.0,0.0,0,425.259,1750,103.59,-1
0.3,0.0,0.11,0.0,0.0,0.0,0,385.74,1750,101.53,-1
0.3,0.0,0.16,0.0,0.0,0.0,0,352.465,1750,103.87,-1
0.3,0.0,0.21,0.0,0.0,0.0,0,323.214,1750,104.77,-1
0.3,0.0,0.26,0.0,0.0,0.0,0,291.261,1750,102.86,-1
0.3,0.0,0.31,0.0,0.0,0.0,0,261.404,1750,103.61,-1
0.3,0.0,0.36,0.0,0.0,0.0,0,233.882,1750,101.05,-1
0.3,0.0,0.41,0.0,0.0,0.0,0,203.953,1750,101.21,-1
0.3,0.0,0.46,0.0,0.0,0.0,0,172.26,1750,99.81,-1
0.3,0.0,0.51,0.0,0.0,0.0,0,141.849,1750,100.26,-1
0.3,0.0,0.56,0.0,0.0,0.0,0,113.455,1750,101.88,-1
0.3,0.0,0.61,0.0,0.0,0.0,0,88.755,1750,101.27,-1
0.3,0.0,0.66,0.0,0.0,0.0,0,71.46,1750,102.02,-1
0.3,0.0,0.71,0.0,0.0,0.0,0,66.696,1750,97.7,-1
0.3,0.0,0.76,0.0,0.0,0.0,0,54.838,1750,98.01,-1
0.3,0.0,0.81,0.0,0.0,0.0,0,31.445,1750,95.77,-1
0.35,-0.6,0.01,0.0,0.0,0.0,0,522.223,1750,101.21,-1
0.35,-0.6,0.06,0.0,0.0,0.0,0,456.732,1750,102.04,-1
0.35,-0.6,0.11,0.0,0.0,0.0,0,414.624,1750,99.57,-1
0.35,-0.6,0.16,0.0,0.0,0.0,0,369.413,1750,101.78,-1
0.35,-0.6,0.21,0.0,0.0,0.0,0,328.114,1750,100.4,-1
0.35,-0.6,0.26,0.0,0.0,0.0,0,290.28,1750,99.93,-1
0.35,-0.6,0.31,0.0,0.0,0.0,0,326.919,1750,100.02,-1
0.35,-0.6,0.36,0.0,0.0,0.0,0,225.897,1750,101.05,-1
0.35,-0.6,0.41,0.0,0.0,0.0,0,275.227,1750,101.38,-1
0.35,-0.6,0.46,0.0,0.0,0.0,0,210.933,1750,100.73,-1
0.35,-0.6,0.51,0.0,0.0,0.0,0,185.218,1750,102.68,-1
0.35,-0.6,0.56,0.0,0.0,0.0,0,163.121,1750,103.14,-1
0.35,-0.6,0.61,0.0,0.0,0.0,0,146.041,1750,103.53,-1
0.35,-0.6,0.66,0.0,0.0,0.0,0,135.688,1750,101.22,-1
0.35,-0.6,0.71,0.0,0.0,0.0,0,133.366,1750,101.53,-1
0.35,-0.6,0.76,0.0,0.0,0.0,0,136.382,1750,99.08,-1
0.35,-0.6,0.81,0.0,0.0,0.0,0,143.486,1750,96.25,-1
0.35,-0.55,0.01,0.0,0.0,0.0,0,499.647,1750,99.47,-1
0.35,-0.55,0.06,0.0,0.0,0.0,0,439.391,1750,101.55,-1
0.35,-0.55,0.11,0.0,0.0,0.0,0,421.918,1750,100.91,-1
0.35,-0.55,0.16,0.0,0.0,0.0,0,379.45,1750,99.85,-1
0.35,-0.55,0.21,0.0,0.0,0.0,0,321.63,1750,99.94,-1
0.35,-0.55,0.26,0.0,0.0,0.0,0,315.037,1750,101.86,-1
0.35,-0.55,0.31,0.0,0.0,0.0,0,280.746,1750,100.14,-1
0.35,-0.55,0.36,0.0,0.0,0.0,0,205.702,1750,100.8,-1
0.35,-0.55,0.41,0.0,0.0,0.0,0,174.038,1750,100.73,-1
0.35,-0.55,0.46,0.0,0.0,0.0,0,184.829,1750,101.74,-1
0.35,-0.55,0.51,0.0,0.0,0.0,0,156.37,1750,101.01,-1
0.35,-0.55,0.56,0.0,0.0,0.0,0,130.891,1750,103.27,-1
0.35,-0.55,0.61,0.0,0.0,0.0,0,110.096,1750,102.82,-1
0.35,-0.55,0.66,0.0,0.0,0.0,0,96.729,1750,101.14,-1
0.35,-0.55,0.71,0.0,0.0,0.0,0,93.594,1750,101.42,-1
0.35,-0.55,0.76,0.0,0.0,0.0,0,96.947,1750,98.06,-1
0.35,-0.55,0.81,0.0,0.0,0.0,0,105.116,1750,95.0,-1
0.35,-0.5,0.01,0.0,0.0,0.0,0,601.805,1750,100.55,-1
0.35,-0.5,0.06,0.0,0.0,0.0,0,521.297,1750,101.93,-1
0.35,-0.5,0.11,0.0,0.0,0.0,0,444.757,1750,102.05,-1
0.35,-0.5,0.16,0.0,0.0,0.0,0,362.864,1750,99.48,-1
0.35,-0.5,0.21,0.0,0.0,0.0,0,333.16,1750,99.39,-1
0.35,-0.5,0.26,0.0,0.0,0.0,0,299.552,1750,99.2,-1
0.35,-0.5,0.31,0.0,0.0,0.0,0,235.541,1750,100.31,-1
0.35,-0.5,0.36,0.0,0.0,0.0,0,260.786,1750,100.45,-1
0.35,-0.5,0.41,0.0,0.0,0.0,0,162.941,1750,97.03,-1
0.35,-0.5,0.46,0.0,0.0,0.0,0,187.079,1750,97.6,-1
0.35,-0.5,0.51,0.0,0.0,0.0,0,139.184,1750,100.55,-1
0.35,-0.5,0.56,0.0,0.0,0.0,0,101.836,1750,97.68,-1
0.35,-0.5,0.61,0.0,0.0,0.0,0,74.826,1750,96.87,-1
0.35,-0.5,0.66,0.0,0.0,0.0,0,60.043,1750,97.46,-1
0.35,-0.5,0.71,0.0,0.0,0.0,0,56.663,1750,99.72,-1
0.35,-0.5,0.76,0.0,0.0,0.0,0,60.4,1750,94.95,-1
0.35,-0.5,0.81,0.0,0.0,0.0,0,69.234,1750,94.75,-1
0.35,-0.45,0.01,0.0,0.0,0.0,0,508.658,1750,100.11,-1
0.35,-0.45,0.06,0.0,0.0,0.0,0,466.968,1750,101.49,-1
0.35,-0.45,0.11,0.0,0.0,0.0,0,398.408,1750,98.69,-1
0.35,-0.45,0.16,0.0,0.0,0.0,0,374.77,1750,100.91,-1
0.35,-0.45,0.21,0.0,0.0,0.0,0,354.351,1750,98.77,-1
0.35,-0.45,0.26,0.0,0.0,0.0,0,284.737,1750,100.6,-1
0.35,-0.45,0.31,0.0,0.0,0.0,0,245.915,1750,100.71,-1
0.35,-0.45,0.36,0.0,0.0,0.0,0,210.335,1750,96.78,-1
0.35,-0.45,0.41,0.0,0.0,0.0,0,234.346,1750,101.02,-1
0.35,-0.45,0.46,0.0,0.0,0.0,0,152.912,1750,102.38,-1
0.35,-0.45,0.51,0.0,0.0,0.0,0,115.171,1750,99.44,-1
0.35,-0.45,0.56,0.0,0.0,0.0,0,82.87,1750,97.33,-1
0.35,-0.45,0.61,0.0,0.0,0.0,0,56.263,1750,97.57,-1
0.35,-0.45,0.66,0.0,0.0,0.0,0,34.2,1750,97.32,-1
0.35,-0.45,0.71,0.0,0.0,0.0,0,28.632,1750,94.63,-1
0.35,-0.45,0.76,0.0,0.0,0.0,0,26.894,1750,94.23,-1
0.35,-0.45,0.81,0.0,0.0,0.0,0,36.188,1750,93.39,-1
0.35,-0.4,0.01,0.0,0.0,0.0,0,489.897,1750,103.84,-1
0.35,-0.4,0.06,0.0,0.0,0.0,0,455.835,1750,101.32,-1
0.35,-0.4,0.11,0.0,0.0,0.0,0,378.257,1750,101.19,-1
0.35,-0.4,0.16,0.0,0.0,0.0,0,334.454,1750,98.25,-1
0.35,-0.4,0.21,0.0,0.0,0.0,0,321.677,1750,101.66,-1
0.35,-0.4,0.26,0.0,0.0,0.0,0,278.894,1750,101.31,-1
0.35,-0.4,0.31,0.0,0.0,0.0,0,241.95,1750,99.18,-1
0.35,-0.4,0.36,0.0,0.0,0.0,0,206.947,1750,98.51,-1
0.35,-0.4,0.41,0.0,0.0,0.0,0,178.998,1750,98.8,-1
0.35,-0.4,0.46,0.0,0.0,0.0,0,143.002,1750,97.7,-1
0.35,-0.4,0.51,0.0,0.0,0.0,0,110.615,1750,99.85,-1
0.35,-0.4,0.56,0.0,0.0,0.0,0,85.301,1750,96.17,-1
0.35,-0.4,0.61,0.0,0.0,0.0,0,54.277,1750,99.19,-1
0.35,-0.4,0.66,0.0,0.0,0.0,0,23.49,1750,96.25,-1
0.35,-0.4,0.71,0.0,0.0,0.0,1,2.65,509,28.94,2
0.35,-0.4,0.76,0.0,0.0,0.0,1,2.736,8,0.52,0
0.35,-0.4,0.81,0.0,0.0,0.0,1,7.338,250,13.84,0
0.35,-0.35,0.01,0.0,0.0,0.0,0,482.974,1750,100.6,-1
0.35,-0.35,0.06,0.0,0.0,0.0,0,407.236,1750,102.44,-1
0.35,-0.35,0.11,0.0,0.0,0.0,0,407.158,1750,101.83,-1
0.35,-0.35,0.16,0.0,0.0,0.0,0,362.552,1750,100.18,-1
0.35,-0.35,0.21,0.0,0.0,0.0,0,316.676,1750,100.47,-1
0.35,-0.35,0.26,0.0,0.0,0.0,0,278.07,1750,98.58,-1
0.35,-0.35,0.31,0.0,0.0,0.0,0,242.344,1750,99.31,-1
0.35,-0.35,0.36,0.0,0.0,0.0,0,210.062,1750,98.93,-1
0.35,-0.35,0.41,0.0,0.0,0.0,0,177.528,1750,100.98,-1
0.35,-0.35,0.46,0.0,0.0,0.0,0,148.248,1750,97.93,-1
0.35,-0.35,0.51,0.0,0.0,0.0,0,118.229,1750,94.8,-1
0.35,-0.35,0.56,0.0,0.0,0.0,0,88.009,1750,98.25,-1
0.35,-0.35,0.61,0.0,0.0,0.0,0,56.607,1750,95.93,-1
0.35,-0.35,0.66,0.0,0.0,0.0,0,24.42,1750,97.11,-1
0.35,-0.35,0.71,0.0,0.0,0.0,1,1.008,262,14.91,1
0.35,-0.35,0.76,0.0,0.0,0.0,1,2.447,19,1.1,0
0.35,-0.35,0.81,0.0,0.0,0.0,1,1.96,11,0.65,0
0.35,-0.3,0.01,0.0,0.0,0.0,0,474.258,1750,102.66,-1
0.35,-0.3,0.06,0.0,0.0,0.0,0,439.943,1750,100.2,-1
0.35,-0.3,0.11,0.0,0.0,0.0,0,402.23,1750,98.79,-1
0.35,-0.3,0.16,0.0,0.0,0.0,0,310.136,1750,97.6,-1
0.35,-0.3,0.21,0.0,0.0,0.0,0,317.169,1750,97.71,-1
0.35,-0.3,0.26,0.0,0.0,0.0,0,280.508,1750,100.36,-1
0.35,-0.3,0.31,0.0,0.0,0.0,0,262.375,1750,99.54,-1
0.35,-0.3,0.36,0.0,0.0,0.0,0,210.195,1750,99.48,-1
0.35,-0.3,0.41,0.0,0.0,0.0,0,180.463,1750,97.45,-1
0.35,-0.3,0.46,0.0,0.0,0.0,0,152.238,1750,97.23,-1
0.35,-0.3,0.51,0.0,0.0,0.0,0,122.68,1750,97.32,-1
0.35,-0.3,0.56,0.0,0.0,0.0,0,91.394,1750,98.33,-1
0.35,-0.3,0.61,0.0,0.0,0.0,0,58.805,1750,95.98,-1
0.35,-0.3,0.66,0.0,0.0,0.0,0,25.388,1750,97.35,-1
0.35,-0.3,0.71,0.0,0.0,0.0,1,0.536,17,1.06,0
0.35,-0.3,0.76,0.0,0.0,0.0,1,1.748,15,0.87,0
0.35,-0.3,0.81,0.0,0.0,0.0,1,1.844,16,0.93,0
0.35,-0.25,0.01,0.0,0.0,0.0,0,465.809,1750,100.22,-1
0.35,-0.25,0.06,0.0,0.0,0.0,0,455.568,1750,99.5,-1
0.35,-0.25,0.11,0.0,0.0,0.0,0,360.694,1750,101.92,-1
0.35,-0.25,0.16,0.0,0.0,0.0,0,355.574,1750,97.47,-1
0.35,-0.25,0.21,0.0,0.0,0.0,0,320.411,1750,99.95,-1
0.35,-0.25,0.26,0.0,0.0,0.0,0,284.917,1750,99.0,-1
0.35,-0.25,0.31,0.0,0.0,0.0,0,242.611,1750,98.26,-1
0.35,-0.25,0.36,0.0,0.0,0.0,0,212.976,1750,98.95,-1
0.35,-0.25,0.41,0.0,0.0,0.0,0,184.672,1750,96.88,-1
0.35,-0.25,0.46,0.0,0.0,0.0,0,156.529,1750,98.08,-1
0.35,-0.25,0.51,0.0,0.0,0.0,0,126.186,1750,97.61,-1
0.35,-0.25,0.56,0.0,0.0,0.0,0,94.015,1750,95.02,-1
0.35,-0.25,0.61,0.0,0.0,0.0,0,60.506,1750,96.87,-1
0.35,-0.25,0.66,0.0,0.0,0.0,0,26.154,1750,97.61,-1
0.35,-0.25,0.71,0.0,0.0,0.0,1,0.526,14,0.83,0
0.35,-0.25,0.76,0.0,0.0,0.0,1,2.189,20,1.27,0
0.35,-0.25,0.81,0.0,0.0,0.0,1,0.537,10,0.6,0
0.35,-0.2,0.01,0.0,0.0,0.0,0,452.048,1750,101.48,-1
0.35,-0.2,0.06,0.0,0.0,0.0,0,407.898,1750,98.25,-1
0.35,-0.2,0.11,0.0,0.0,0.0,0,375.989,1750,101.51,-1
0.35,-0.2,0.16,0.0,0.0,0.0,0,348.598,1750,99.23,-1
0.35,-0.2,0.21,0.0,0.0,0.0,0,194.256,1750,100.54,-1
0.35,-0.2,0.26,0.0,0.0,0.0,0,280.755,1750,100.16,-1
0.35,-0.2,0.31,0.0,0.0,0.0,0,244.082,1750,99.6,-1
0.35,-0.2,0.36,0.0,0.0,0.0,0,214.373,1750,98.01,-1
0.35,-0.2,0.41,0.0,0.0,0.0,0,187.78,1750,96.46,-1
0.35,-0.2,0.46,0.0,0.0,0.0,0,159.245,1750,99.38,-1
0.35,-0.2,0.51,0.0,0.0,0.0,0,128.381,1750,96.43,-1
0.35,-0.2,0.56,0.0,0.0,0.0,0,95.654,1750,97.58,-1
0.35,-0.2,0.61,0.0,0.0,0.0,0,61.574,1750,95.72,-1
0.35,-0.2,0.66,0.0,0.0,0.0,0,26.645,1750,100.52,-1
0.35,-0.2,0.71,0.0,0.0,0.0,1,0.381,22,1.29,0
0.35,-0.2,0.76,0.0,0.0,0.0,1,2.964,22,1.36,0
0.35,-0.2,0.81,0.0,0.0,0.0,1,0.359,10,0.6,0
0.35,-0.15,0.01,0.0,0.0,0.0,0,455.948,1750,100.35,-1
0.35,-0.15,0.06,0.0,0.0,0.0,0,440.758,1750,101.77,-1
0.35,-0.15,0.11,0.0,0.0,0.0,0,380.609,1750,101.42,-1
0.35,-0.15,0.16,0.0,0.0,0.0,0,344.884,1750,101.28,-1
0.35,-0.15,0.21,0.0,0.0,0.0,0,310.393,1750,100.38,-1
0.35,-0.15,0.26,0.0,0.0,0.0,0,258.026,1750,101.5,-1
0.35,-0.15,0.31,0.0,0.0,0.0,0,245.373,1750,101.46,-1
0.35,-0.15,0.36,0.0,0.0,0.0,0,215.2,1750,100.19,-1
0.35,-0.15,0.41,0.0,0.0,0.0,0,188.774,1750,100.49,-1
0.35,-0.15,0.46,0.0,0.0,0.0,0,160.105,1750,99.56,-1
0.35,-0.15,0.51,0.0,0.0,0.0,0,129.08,1750,99.65,-1
0.35,-0.15,0.56,0.0,0.0,0.0,0,96.181,1750,97.81,-1
0.35,-0.15,0.61,0.0,0.0,0.0,0,61.927,1750,99.33,-1
0.35,-0.15,0.66,0.0,0.0,0.0,0,26.822,1750,97.02,-1
0.35,-0.15,0.71,0.0,0.0,0.0,1,0.221,1014,60.83,4
0.35,-0.15,0.76,0.0,0.0,0.0,1,0.23,514,30.66,2
0.35,-0.15,0.81,0.0,0.0,0.0,1,0.39,10,0.6,0
0.35,-0.1,0.01,0.0,0.0,0.0,0,453.816,1750,102.0,-1
0.35,-0.1,0.06,0.0,0.0,0.0,0,416.089,1750,100.36,-1
0.35,-0.1,0.11,0.0,0.0,0.0,0,404.134,1750,101.36,-1
0.35,-0.1,0.16,0.0,0.0,0.0,0,342.832,1750,100.46,-1
0.35,-0.1,0.21,0.0,0.0,0.0,0,336.546,1750,101.96,-1
0.35,-0.1,0.26,0.0,0.0,0.0,0,276.368,1750,101.25,-1
0.35,-0.1,0.31,0.0,0.0,0.0,0,246.103,1750,100.97,-1
0.35,-0.1,0.36,0.0,0.0,0.0,0,215.55,1750,100.01,-1
0.35,-0.1,0.41,0.0,0.0,0.0,0,188.801,1750,102.39,-1
0.35,-0.1,0.46,0.0,0.0,0.0,0,160.112,1750,99.99,-1
0.35,-0.1,0.51,0.0,0.0,0.0,0,129.082,1750,99.27,-1
0.35,-0.1,0.56,0.0,0.0,0.0,0,96.182,1750,99.8,-1
0.35,-0.1,0.61,0.0,0.0,0.0,0,61.926,1750,100.08,-1
0.35,-0.1,0.66,0.0,0.0,0.0,0,26.821,1750,100.17,-1
0.35,-0.1,0.71,0.0,0.0,0.0,1,0.335,264,12.95,1
0.35,-0.1,0.76,0.0,0.0,0.0,1,0.623,10,0.61,0
0.35,-0.1,0.81,0.0,0.0,0.0,1,2.507,9,0.59,0
0.35,-0.05,0.01,0.0,0.0,0.0,0,455.213,1750,101.91,-1
0.35,-0.05,0.06,0.0,0.0,0.0,0,417.329,1750,102.43,-1
0.35,-0.05,0.11,0.0,0.0,0.0,0,380.469,1750,101.05,-1
0.35,-0.05,0.16,0.0,0.0,0.0,0,370.792,1750,103.99,-1
0.35,-0.05,0.21,0.0,0.0,0.0,0,310.172,1750,101.21,-1
0.35,-0.05,0.26,0.0,0.0,0.0,0,280.432,1750,104.34,-1
0.35,-0.05,0.31,0.0,0.0,0.0,0,248.138,1750,103.16,-1
0.35,-0.05,0.36,0.0,0.0,0.0,0,217.1,1750,101.35,-1
0.35,-0.05,0.41,0.0,0.0,0.0,0,188.931,1750,100.55,-1
0.35,-0.05,0.46,0.0,0.0,0.0,0,160.146,1750,99.23,-1
0.35,-0.05,0.51,0.0,0.0,0.0,0,129.097,1750,100.52,-1
0.35,-0.05,0.56,0.0,0.0,0.0,0,95.991,1750,101.92,-1
0.35,-0.05,0.61,0.0,0.0,0.0,0,62.239,1750,103.4,-1
0.35,-0.05,0.66,0.0,0.0,0.0,0,29.985,1750,100.44,-1
0.35,-0.05,0.71,0.0,0.0,0.0,0,14.723,1750,98.09,-1
0.35,-0.05,0.76,0.0,0.0,0.0,1,6.844,750,42.6,2
0.35,-0.05,0.81,0.0,0.0,0.0,1,0.87,9,0.56,0
0.35,0.0,0.01,0.0,0.0,0.0,0,460.975,1750,102.63,-1
0.35,0.0,0.06,0.0,0.0,0.0,0,423.607,1750,102.39,-1
0.35,0.0,0.11,0.0,0.0,0.0,0,387.344,1750,103.85,-1
0.35,0.0,0.16,0.0,0.0,0.0,0,352.293,1750,102.73,-1
0.35,0.0,0.21,0.0,0.0,0.0,0,318.568,1750,103.79,-1
0.35,0.0,0.26,0.0,0.0,0.0,0,286.898,1750,104.14,-1
0.35,0.0,0.31,0.0,0.0,0.0,0,254.04,1750,107.02,-1
0.35,0.0,0.36,0.0,0.0,0.0,0,221.95,1750,106.24,-1
0.35,0.0,0.41,0.0,0.0,0.0,0,190.466,1750,102.41,-1
0.35,0.0,0.46,0.0,0.0,0.0,0,160.256,1750,99.82,-1
0.35,0.0,0.51,0.0,0.0,0.0,0,129.137,1750,103.13,-1
0.35,0.0,0.56,0.0,0.0,0.0,0,95.851,1750,102.67,-1
0.35,0.0,0.61,0.0,0.0,0.0,0,63.108,1750,102.02,-1
0.35,0.0,0.66,0.0,0.0,0.0,0,33.104,1750,99.9,-1
0.35,0.0,0.71,0.0,0.0,0.0,0,20.792,1750,100.17,-1
0.35,0.0,0.76,0.0,0.0,0.0,0,12.221,1750,98.35,-1
0.35,0.0,0.81,0.0,0.0,0.0,1,4.836,250,12.74,0
0.4,-0.6,0.01,0.0,0.0,0.0,0,530.643,1750,100.45,-1
0.4,-0.6,0.06,0.0,0.0,0.0,0,483.887,1750,101.09,-1
0.4,-0.6,0.11,0.0,0.0,0.0,0,454.921,1750,100.46,-1
0.4,-0.6,0.16,0.0,0.0,0.0,0,425.255,1750,100.64,-1
0.4,-0.6,0.21,0.0,0.0,0.0,0,361.083,1750,103.06,-1
0.4,-0.6,0.26,0.0,0.0,0.0,0,323.214,1750,103.36,-1
0.4,-0.6,0.31,0.0,0.0,0.0,0,345.288,1750,102.74,-1
0.4,-0.6,0.36,0.0,0.0,0.0,0,258.154,1750,101.29,-1
0.4,-0.6,0.41,0.0,0.0,0.0,0,231.548,1750,103.68,-1
0.4,-0.6,0.46,0.0,0.0,0.0,0,209.491,1750,100.84,-1
0.4,-0.6,0.51,0.0,0.0,0.0,0,218.482,1750,100.54,-1
0.4,-0.6,0.56,0.0,0.0,0.0,0,179.832,1750,101.0,-1
0.4,-0.6,0.61,0.0,0.0,0.0,0,178.167,1750,99.78,-1
0.4,-0.6,0.66,0.0,0.0,0.0,0,165.909,1750,99.96,-1
0.4,-0.6,0.71,0.0,0.0,0.0,0,165.178,1750,100.73,-1
0.4,-0.6,0.76,0.0,0.0,0.0,0,166.962,1750,98.58,-1
0.4,-0.6,0.81,0.0,0.0,0.0,0,174.001,1750,95.98,-1
0.4,-0.55,0.01,0.0,0.0,0.0,0,546.519,1750,102.52,-1
0.4,-0.55,0.06,0.0,0.0,0.0,0,506.994,1750,101.09,-1
0.4,-0.55,0.11,0.0,0.0,0.0,0,436.556,1750,100.73,-1
0.4,-0.55,0.16,0.0,0.0,0.0,0,408.783,1750,101.67,-1
0.4,-0.55,0.21,0.0,0.0,0.0,0,363.811,1750,99.0,-1
0.4,-0.55,0.26,0.0,0.0,0.0,0,359.408,1750,101.43,-1
0.4,-0.55,0.31,0.0,0.0,0.0,0,276.375,1750,98.67,-1
0.4,-0.55,0.36,0.0,0.0,0.0,0,241.029,1750,101.32,-1
0.4,-0.55,0.41,0.0,0.0,0.0,0,210.552,1750,100.5,-1
0.4,-0.55,0.46,0.0,0.0,0.0,0,223.13,1750,100.5,-1
0.4,-0.55,0.51,0.0,0.0,0.0,0,162.602,1750,98.82,-1
0.4,-0.55,0.56,0.0,0.0,0.0,0,145.916,1750,97.43,-1
0.4,-0.55,0.61,0.0,0.0,0.0,0,134.563,1750,96.29,-1
0.4,-0.55,0.66,0.0,0.0,0.0,0,201.537,1750,96.59,-1
0.4,-0.55,0.71,0.0,0.0,0.0,0,127.351,1750,93.73,-1
0.4,-0.55,0.76,0.0,0.0,0.0,0,130.626,1750,97.91,-1
0.4,-0.55,0.81,0.0,0.0,0.0,0,138.251,1750,95.16,-1
0.4,-0.5,0.01,0.0,0.0,0.0,0,529.235,1750,100.85,-1
0.4,-0.5,0.06,0.0,0.0,0.0,0,491.413,1750,101.32,-1
0.4,-0.5,0.11,0.0,0.0,0.0,0,454.677,1750,99.72,-1
0.4,-0.5,0.16,0.0,0.0,0.0,0,398.454,1750,101.02,-1
0.4,-0.5,0.21,0.0,0.0,0.0,0,356.704,1750,99.29,-1
0.4,-0.5,0.26,0.0,0.0,0.0,0,317.398,1750,99.41,-1
0.4,-0.5,0.31,0.0,0.0,0.0,0,274.922,1750,97.68,-1
0.4,-0.5,0.36,0.0,0.0,0.0,0,244.457,1750,100.2,-1
0.4,-0.5,0.41,0.0,0.0,0.0,0,193.367,1750,99.37,-1
0.4,-0.5,0.46,0.0,0.0,0.0,0,162.911,1750,98.99,-1
0.4,-0.5,0.51,0.0,0.0,0.0,0,169.893,1750,98.98,-1
0.4,-0.5,0.56,0.0,0.0,0.0,0,125.344,1750,98.02,-1
0.4,-0.5,0.61,0.0,0.0,0.0,0,107.288,1750,97.33,-1
0.4,-0.5,0.66,0.0,0.0,0.0,0,95.753,1750,97.3,-1
0.4,-0.5,0.71,0.0,0.0,0.0,0,93.35,1750,94.59,-1
0.4,-0.5,0.76,0.0,0.0,0.0,0,96.834,1750,97.81,-1
0.4,-0.5,0.81,0.0,0.0,0.0,0,104.937,1750,95.71,-1
0.4,-0.45,0.01,0.0,0.0,0.0,0,515.006,1750,102.01,-1
0.4,-0.45,0.06,0.0,0.0,0.0,0,475.251,1750,101.68,-1
0.4,-0.45,0.11,0.0,0.0,0.0,0,436.568,1750,102.25,-1
0.4,-0.45,0.16,0.0,0.0,0.0,0,397.034,1750,99.0,-1
0.4,-0.45,0.21,0.0,0.0,0.0,0,354.543,1750,101.11,-1
0.4,-0.45,0.26,0.0,0.0,0.0,0,301.27,1750,101.39,-1
0.4,-0.45,0.31,0.0,0.0,0.0,0,323.494,1750,99.53,-1
0.4,-0.45,0.36,0.0,0.0,0.0,0,257.341,1750,100.86,-1
0.4,-0.45,0.41,0.0,0.0,0.0,0,193.698,1750,97.39,-1
0.4,-0.45,0.46,0.0,0.0,0.0,0,161.971,1750,99.87,-1
0.4,-0.45,0.51,0.0,0.0,0.0,0,132.098,1750,98.52,-1
0.4,-0.45,0.56,0.0,0.0,0.0,0,104.752,1750,96.87,-1
0.4,-0.45,0.61,0.0,0.0,0.0,0,82.404,1750,95.81,-1
0.4,-0.45,0.66,0.0,0.0,0.0,0,66.001,1750,96.91,-1
0.4,-0.45,0.71,0.0,0.0,0.0,0,62.289,1750,97.2,-1
0.4,-0.45,0.76,0.0,0.0,0.0,0,65.754,1750,95.43,-1
0.4,-0.45,0.81,0.0,0.0,0.0,0,74.355,1750,94.63,-1
0.4,-0.4,0.01,0.0,0.0,0.0,0,501.972,1750,102.47,-1
0.4,-0.4,0.06,0.0,0.0,0.0,0,462.799,1750,101.47,-1
0.4,-0.4,0.11,0.0,0.0,0.0,0,424.589,1750,101.43,-1
0.4,-0.4,0.16,0.0,0.0,0.0,0,383.777,1750,100.32,-1
0.4,-0.4,0.21,0.0,0.0,0.0,0,349.845,1750,101.2,-1
0.4,-0.4,0.26,0.0,0.0,0.0,0,291.859,1750,99.34,-1
0.4,-0.4,0.31,0.0,0.0,0.0,0,254.598,1750,97.34,-1
0.4,-0.4,0.36,0.0,0.0,0.0,0,219.324,1750,98.82,-1
0.4,-0.4,0.41,0.0,0.0,0.0,0,185.336,1750,99.27,-1
0.4,-0.4,0.46,0.0,0.0,0.0,0,152.511,1750,97.13,-1
0.4,-0.4,0.51,0.0,0.0,0.0,0,123.452,1750,99.47,-1
0.4,-0.4,0.56,0.0,0.0,0.0,0,92.682,1750,97.11,-1
0.4,-0.4,0.61,0.0,0.0,0.0,0,65.217,1750,97.29,-1
0.4,-0.4,0.66,0.0,0.0,0.0,0,41.564,1750,97.58,-1
0.4,-0.4,0.71,0.0,0.0,0.0,0,34.008,1750,100.01,-1
0.4,-0.4,0.76,0.0,0.0,0.0,0,37.927,1750,98.76,-1
0.4,-0.4,0.81,0.0,0.0,0.0,0,47.018,1750,99.93,-1
0.4,-0.35,0.01,0.0,0.0,0.0,0,490.328,1750,106.87,-1
0.4,-0.35,0.06,0.0,0.0,0.0,0,451.331,1750,102.73,-1
0.4,-0.35,0.11,0.0,0.0,0.0,0,413.155,1750,96.4,-1
0.4,-0.35,0.16,0.0,0.0,0.0,0,375.712,1750,100.82,-1
0.4,-0.35,0.21,0.0,0.0,0.0,0,327.57,1750,99.99,-1
0.4,-0.35,0.26,0.0,0.0,0.0,0,287.689,1750,97.7,-1
0.4,-0.35,0.31,0.0,0.0,0.0,0,251.109,1750,98.99,-1
0.4,-0.35,0.36,0.0,0.0,0.0,0,256.091,1750,101.76,-1
0.4,-0.35,0.41,0.0,0.0,0.0,0,221.373,1750,101.64,-1
0.4,-0.35,0.46,0.0,0.0,0.0,0,149.352,1750,98.45,-1
0.4,-0.35,0.51,0.0,0.0,0.0,0,118.545,1750,98.14,-1
0.4,-0.35,0.56,0.0,0.0,0.0,0,86.703,1750,96.12,-1
0.4,-0.35,0.61,0.0,0.0,0.0,0,56.055,1750,97.07,-1
0.4,-0.35,0.66,0.0,0.0,0.0,0,25.33,1750,96.7,-1
0.4,-0.35,0.71,0.0,0.0,0.0,0,10.617,1750,96.75,-1
0.4,-0.35,0.76,0.0,0.0,0.0,0,13.952,1750,94.72,-1
0.4,-0.35,0.81,0.0,0.0,0.0,0,23.518,1750,94.09,-1
0.4,-0.3,0.01,0.0,0.0,0.0,0,481.452,1750,101.39,-1
0.4,-0.3,0.06,0.0,0.0,0.0,0,442.491,1750,99.95,-1
0.4,-0.3,0.11,0.0,0.0,0.0,0,410.029,1750,100.98,-1
0.4,-0.3,0.16,0.0,0.0,0.0,0,335.46,1750,97.67,-1
0.4,-0.3,0.21,0.0,0.0,0.0,0,316.493,1750,99.16,-1
0.4,-0.3,0.26,0.0,0.0,0.0,0,294.356,1750,101.8,-1
0.4,-0.3,0.31,0.0,0.0,0.0,0,264.598,1750,101.25,-1
0.4,-0.3,0.36,0.0,0.0,0.0,0,215.844,1750,98.93,-1
0.4,-0.3,0.41,0.0,0.0,0.0,0,178.924,1750,99.72,-1
0.4,-0.3,0.46,0.0,0.0,0.0,0,146.98,1750,98.86,-1
0.4,-0.3,0.51,0.0,0.0,0.0,0,116.282,1750,98.51,-1
0.4,-0.3,0.56,0.0,0.0,0.0,0,84.947,1750,97.18,-1
0.4,-0.3,0.61,0.0,0.0,0.0,0,54.482,1750,94.89,-1
0.4,-0.3,0.66,0.0,0.0,0.0,0,23.617,1750,97.23,-1
0.4,-0.3,0.71,0.0,0.0,0.0,1,2.295,506,28.69,2
0.4,-0.3,0.76,0.0,0.0,0.0,1,2.288,10,0.59,0
0.4,-0.3,0.81,0.0,0.0,0.0,1,7.943,250,13.84,0
0.4,-0.25,0.01,0.0,0.0,0.0,0,477.541,1750,101.55,-1
0.4,-0.25,0.06,0.0,0.0,0.0,0,434.184,1750,98.39,-1
0.4,-0.25,0.11,0.0,0.0,0.0,0,383.46,1750,102.02,-1
0.4,-0.25,0.16,0.0,0.0,0.0,0,359.523,1750,99.6,-1
0.4,-0.25,0.21,0.0,0.0,0.0,0,323.408,1750,99.84,-1
0.4,-0.25,0.26,0.0,0.0,0.0,0,288.09,1750,101.78,-1
0.4,-0.25,0.31,0.0,0.0,0.0,0,275.989,1750,100.43,-1
0.4,-0.25,0.36,0.0,0.0,0.0,0,210.42,1750,99.2,-1
0.4,-0.25,0.41,0.0,0.0,0.0,0,178.105,1750,96.58,-1
0.4,-0.25,0.46,0.0,0.0,0.0,0,147.388,1750,97.54,-1
0.4,-0.25,0.51,0.0,0.0,0.0,0,116.556,1750,97.69,-1
0.4,-0.25,0.56,0.0,0.0,0.0,0,86.618,1750,95.99,-1
0.4,-0.25,0.61,0.0,0.0,0.0,0,55.745,1750,97.01,-1
0.4,-0.25,0.66,0.0,0.0,0.0,0,24.128,1750,95.97,-1
0.4,-0.25,0.71,0.0,0.0,0.0,1,1.44,506,28.75,2
0.4,-0.25,0.76,0.0,0.0,0.0,1,1.576,14,0.82,0
0.4,-0.25,0.81,0.0,0.0,0.0,1,2.327,12,0.71,0
0.4,-0.2,0.01,0.0,0.0,0.0,0,466.202,1750,100.68,-1
0.4,-0.2,0.06,0.0,0.0,0.0,0,419.408,1750,100.51,-1
0.4,-0.2,0.11,0.0,0.0,0.0,0,385.326,1750,99.05,-1
0.4,-0.2,0.16,0.0,0.0,0.0,0,352.898,1750,100.4,-1
0.4,-0.2,0.21,0.0,0.0,0.0,0,316.856,1750,99.0,-1
0.4,-0.2,0.26,0.0,0.0,0.0,0,291.446,1750,98.9,-1
0.4,-0.2,0.31,0.0,0.0,0.0,0,249.176,1750,99.78,-1
0.4,-0.2,0.36,0.0,0.0,0.0,0,221.847,1750,96.54,-1
0.4,-0.2,0.41,0.0,0.0,0.0,0,178.63,1750,97.25,-1
0.4,-0.2,0.46,0.0,0.0,0.0,0,147.539,1750,97.52,-1
0.4,-0.2,0.51,0.0,0.0,0.0,0,118.045,1750,98.6,-1
0.4,-0.2,0.56,0.0,0.0,0.0,0,87.912,1750,98.13,-1
0.4,-0.2,0.61,0.0,0.0,0.0,0,56.605,1750,95.48,-1
0.4,-0.2,0.66,0.0,0.0,0.0,0,24.509,1750,97.62,-1
0.4,-0.2,0.71,0.0,0.0,0.0,1,0.989,264,15.79,1
0.4,-0.2,0.76,0.0,0.0,0.0,1,1.191,12,0.71,0
0.4,-0.2,0.81,0.0,0.0,0.0,1,1.693,14,0.83,0
0.4,-0.15,0.01,0.0,0.0,0.0,0,387.618,1750,99.44,-1
0.4,-0.15,0.06,0.0,0.0,0.0,0,424.637,1750,102.78,-1
0.4,-0.15,0.11,0.0,0.0,0.0,0,386.497,1750,99.48,-1
0.4,-0.15,0.16,0.0,0.0,0.0,0,291.068,1750,100.15,-1
0.4,-0.15,0.21,0.0,0.0,0.0,0,313.527,1750,101.82,-1
0.4,-0.15,0.26,0.0,0.0,0.0,0,279.311,1750,101.55,-1
0.4,-0.15,0.31,0.0,0.0,0.0,0,271.991,1750,99.5,-1
0.4,-0.15,0.36,0.0,0.0,0.0,0,210.129,1750,100.73,-1
0.4,-0.15,0.41,0.0,0.0,0.0,0,179.243,1750,99.4,-1
0.4,-0.15,0.46,0.0,0.0,0.0,0,147.895,1750,99.49,-1
0.4,-0.15,0.51,0.0,0.0,0.0,0,118.572,1750,99.59,-1
0.4,-0.15,0.56,0.0,0.0,0.0,0,88.334,1750,98.26,-1
0.4,-0.15,0.61,0.0,0.0,0.0,0,56.889,1750,95.37,-1
0.4,-0.15,0.66,0.0,0.0,0.0,0,24.646,1750,97.63,-1
0.4,-0.15,0.71,0.0,0.0,0.0,1,1.015,13,0.78,0
0.4,-0.15,0.76,0.0,0.0,0.0,1,2.293,11,0.67,0
0.4,-0.15,0.81,0.0,0.0,0.0,1,1.522,13,0.77,0
0.4,-0.1,0.01,0.0,0.0,0.0,0,461.777,1750,99.28,-1
0.4,-0.1,0.06,0.0,0.0,0.0,0,422.705,1750,98.33,-1
0.4,-0.1,0.11,0.0,0.0,0.0,0,385.536,1750,100.27,-1
0.4,-0.1,0.16,0.0,0.0,0.0,0,348.526,1750,98.48,-1
0.4,-0.1,0.21,0.0,0.0,0.0,0,312.674,1750,101.7,-1
0.4,-0.1,0.26,0.0,0.0,0.0,0,277.435,1750,101.41,-1
0.4,-0.1,0.31,0.0,0.0,0.0,0,260.766,1750,97.99,-1
0.4,-0.1,0.36,0.0,0.0,0.0,0,211.131,1750,100.09,-1
0.4,-0.1,0.41,0.0,0.0,0.0,0,179.943,1750,100.98,-1
0.4,-0.1,0.46,0.0,0.0,0.0,0,148.45,1750,100.06,-1
0.4,-0.1,0.51,0.0,0.0,0.0,0,118.632,1750,100.5,-1
0.4,-0.1,0.56,0.0,0.0,0.0,0,88.351,1750,99.92,-1
0.4,-0.1,0.61,0.0,0.0,0.0,0,56.896,1750,98.1,-1
0.4,-0.1,0.66,0.0,0.0,0.0,0,24.651,1750,97.84,-1
0.4,-0.1,0.71,0.0,0.0,0.0,1,1.432,13,0.62,0
0.4,-0.1,0.76,0.0,0.0,0.0,1,1.66,266,16.17,1
0.4,-0.1,0.81,0.0,0.0,0.0,1,1.628,12,0.71,0
0.4,-0.05,0.01,0.0,0.0,0.0,0,463.65,1750,100.83,-1
0.4,-0.05,0.06,0.0,0.0,0.0,0,425.06,1750,100.12,-1
0.4,-0.05,0.11,0.0,0.0,0.0,0,387.301,1750,98.03,-1
0.4,-0.05,0.16,0.0,0.0,0.0,0,350.418,1750,104.38,-1
0.4,-0.05,0.21,0.0,0.0,0.0,0,318.907,1750,100.54,-1
0.4,-0.05,0.26,0.0,0.0,0.0,0,279.446,1750,102.59,-1
0.4,-0.05,0.31,0.0,0.0,0.0,0,245.422,1750,103.37,-1
0.4,-0.05,0.36,0.0,0.0,0.0,0,214.693,1750,102.79,-1
0.4,-0.05,0.41,0.0,0.0,0.0,0,181.996,1750,104.27,-1
0.4,-0.05,0.46,0.0,0.0,0.0,0,150.008,1750,102.07,-1
0.4,-0.05,0.51,0.0,0.0,0.0,0,119.012,1750,98.16,-1
0.4,-0.05,0.56,0.0,0.0,0.0,0,88.433,1750,99.98,-1
0.4,-0.05,0.61,0.0,0.0,0.0,0,56.931,1750,98.96,-1
0.4,-0.05,0.66,0.0,0.0,0.0,0,24.678,1750,99.74,-1
0.4,-0.05,0.71,0.0,0.0,0.0,1,1.769,505,28.1,2
0.4,-0.05,0.76,0.0,0.0,0.0,1,1.616,10,0.6,0
0.4,-0.05,0.81,0.0,0.0,0.0,1,2.626,10,0.59,0
0.4,0.0,0.01,0.0,0.0,0.0,0,469.308,1750,101.75,-1
0.4,0.0,0.06,0.0,0.0,0.0,0,431.225,1750,99.02,-1
0.4,0.0,0.11,0.0,0.0,0.0,0,415.875,1750,102.47,-1
0.4,0.0,0.16,0.0,0.0,0.0,0,378.017,1750,105.4,-1
0.4,0.0,0.21,0.0,0.0,0.0,0,322.739,1750,102.51,-1
0.4,0.0,0.26,0.0,0.0,0.0,0,288.737,1750,103.92,-1
0.4,0.0,0.31,0.0,0.0,0.0,0,255.173,1750,107.46,-1
0.4,0.0,0.36,0.0,0.0,0.0,0,221.392,1750,103.21,-1
0.4,0.0,0.41,0.0,0.0,0.0,0,188.117,1750,106.38,-1
0.4,0.0,0.46,0.0,0.0,0.0,0,155.207,1750,103.33,-1
0.4,0.0,0.51,0.0,0.0,0.0,0,122.516,1750,103.06,-1
0.4,0.0,0.56,0.0,0.0,0.0,0,89.914,1750,101.92,-1
0.4,0.0,0.61,0.0,0.0,0.0,0,57.317,1750,104.1,-1
0.4,0.0,0.66,0.0,0.0,0.0,0,24.836,1750,98.0,-1
0.4,0.0,0.71,0.0,0.0,0.0,1,2.714,10,0.61,0
0.4,0.0,0.76,0.0,0.0,0.0,1,4.65,250,14.17,0
0.4,0.0,0.81,0.0,0.0,0.0,0,13.756,1750,97.28,-1
0.45,-0.6,0.01,0.0,0.0,0.0,0,545.191,1750,101.66,-1
0.45,-0.6,0.06,0.0,0.0,0.0,0,514.377,1750,99.47,-1
0.45,-0.6,0.11,0.0,0.0,0.0,0,484.651,1750,100.8,-1
0.45,-0.6,0.16,0.0,0.0,0.0,0,442.383,1750,101.61,-1
0.45,-0.6,0.21,0.0,0.0,0.0,0,432.228,1750,100.4,-1
0.45,-0.6,0.26,0.0,0.0,0.0,0,396.226,1750,101.27,-1
0.45,-0.6,0.31,0.0,0.0,0.0,0,342.13,1750,98.96,-1
0.45,-0.6,0.36,0.0,0.0,0.0,0,331.488,1750,101.23,-1
0.45,-0.6,0.41,0.0,0.0,0.0,0,285.253,1750,101.06,-1
0.45,-0.6,0.46,0.0,0.0,0.0,0,331.114,1750,98.46,-1
0.45,-0.6,0.51,0.0,0.0,0.0,0,238.57,1750,98.87,-1
0.45,-0.6,0.56,0.0,0.0,0.0,0,213.492,1750,100.71,-1
0.45,-0.6,0.61,0.0,0.0,0.0,0,204.143,1750,100.75,-1
0.45,-0.6,0.66,0.0,0.0,0.0,0,199.077,1750,98.62,-1
0.45,-0.6,0.71,0.0,0.0,0.0,0,198.043,1750,99.4,-1
0.45,-0.6,0.76,0.0,0.0,0.0,0,200.954,1750,96.47,-1
0.45,-0.6,0.81,0.0,0.0,0.0,0,207.744,1750,95.18,-1
0.45,-0.55,0.01,0.0,0.0,0.0,0,570.041,1750,99.27,-1
0.45,-0.55,0.06,0.0,0.0,0.0,0,498.28,1750,101.66,-1
0.45,-0.55,0.11,0.0,0.0,0.0,0,481.023,1750,100.58,-1
0.45,-0.55,0.16,0.0,0.0,0.0,0,432.435,1750,99.97,-1
0.45,-0.55,0.21,0.0,0.0,0.0,0,392.001,1750,101.77,-1
0.45,-0.55,0.26,0.0,0.0,0.0,0,354.522,1750,99.79,-1
0.45,-0.55,0.31,0.0,0.0,0.0,0,319.662,1750,96.92,-1
0.45,-0.55,0.36,0.0,0.0,0.0,0,309.428,1750,100.15,-1
0.45,-0.55,0.41,0.0,0.0,0.0,0,244.373,1750,98.94,-1
0.45,-0.55,0.46,0.0,0.0,0.0,0,218.25,1750,99.05,-1
0.45,-0.55,0.51,0.0,0.0,0.0,0,197.838,1750,98.05,-1
0.45,-0.55,0.56,0.0,0.0,0.0,0,183.706,1750,98.84,-1
0.45,-0.55,0.61,0.0,0.0,0.0,0,173.199,1750,97.93,-1
0.45,-0.55,0.66,0.0,0.0,0.0,0,165.438,1750,97.68,-1
0.45,-0.55,0.71,0.0,0.0,0.0,0,163.883,1750,99.06,-1
0.45,-0.55,0.76,0.0,0.0,0.0,0,166.959,1750,96.34,-1
0.45,-0.55,0.81,0.0,0.0,0.0,0,174.131,1750,95.05,-1
0.45,-0.5,0.01,0.0,0.0,0.0,0,540.437,1750,101.49,-1
0.45,-0.5,0.06,0.0,0.0,0.0,0,502.035,1750,101.17,-1
0.45,-0.5,0.11,0.0,0.0,0.0,0,463.536,1750,100.54,-1
0.45,-0.5,0.16,0.0,0.0,0.0,0,426.262,1750,102.0,-1
0.45,-0.5,0.21,0.0,0.0,0.0,0,395.729,1750,101.23,-1
0.45,-0.5,0.26,0.0,0.0,0.0,0,334.15,1750,100.3,-1
0.45,-0.5,0.31,0.0,0.0,0.0,0,298.947,1750,99.68,-1
0.45,-0.5,0.36,0.0,0.0,0.0,0,264.051,1750,99.9,-1
0.45,-0.5,0.41,0.0,0.0,0.0,0,233.339,1750,99.65,-1
0.45,-0.5,0.46,0.0,0.0,0.0,0,205.332,1750,98.8,-1
0.45,-0.5,0.51,0.0,0.0,0.0,0,180.382,1750,98.93,-1
0.45,-0.5,0.56,0.0,0.0,0.0,0,159.337,1750,97.41,-1
0.45,-0.5,0.61,0.0,0.0,0.0,0,143.418,1750,96.16,-1
0.45,-0.5,0.66,0.0,0.0,0.0,0,134.03,1750,96.06,-1
0.45,-0.5,0.71,0.0,0.0,0.0,0,132.075,1750,95.89,-1
0.45,-0.5,0.76,0.0,0.0,0.0,0,135.323,1750,93.55,-1
0.45,-0.5,0.81,0.0,0.0,0.0,0,142.887,1750,94.82,-1
0.45,-0.45,0.01,0.0,0.0,0.0,0,528.369,1750,100.59,-1
0.45,-0.45,0.06,0.0,0.0,0.0,0,487.817,1750,102.73,-1
0.45,-0.45,0.11,0.0,0.0,0.0,0,448.521,1750,101.13,-1
0.45,-0.45,0.16,0.0,0.0,0.0,0,411.201,1750,100.73,-1
0.45,-0.45,0.21,0.0,0.0,0.0,0,374.211,1750,101.38,-1
0.45,-0.45,0.26,0.0,0.0,0.0,0,324.394,1750,99.43,-1
0.45,-0.45,0.31,0.0,0.0,0.0,0,283.19,1750,97.78,-1
0.45,-0.45,0.36,0.0,0.0,0.0,0,248.958,1750,99.13,-1
0.45,-0.45,0.41,0.0,0.0,0.0,0,216.992,1750,99.79,-1
0.45,-0.45,0.46,0.0,0.0,0.0,0,187.126,1750,98.5,-1
0.45,-0.45,0.51,0.0,0.0,0.0,0,159.815,1750,95.61,-1
0.45,-0.45,0.56,0.0,0.0,0.0,0,135.978,1750,96.65,-1
0.45,-0.45,0.61,0.0,0.0,0.0,0,117.164,1750,97.19,-1
0.45,-0.45,0.66,0.0,0.0,0.0,0,126.748,1750,98.18,-1
0.45,-0.45,0.71,0.0,0.0,0.0,0,103.035,1750,94.63,-1
0.45,-0.45,0.76,0.0,0.0,0.0,0,106.457,1750,93.25,-1
0.45,-0.45,0.81,0.0,0.0,0.0,0,114.418,1750,96.04,-1
0.45,-0.4,0.01,0.0,0.0,0.0,0,499.192,1750,101.94,-1
0.45,-0.4,0.06,0.0,0.0,0.0,0,474.246,1750,100.27,-1
0.45,-0.4,0.11,0.0,0.0,0.0,0,435.806,1750,99.71,-1
0.45,-0.4,0.16,0.0,0.0,0.0,0,394.198,1750,101.46,-1
0.45,-0.4,0.21,0.0,0.0,0.0,0,361.341,1750,100.11,-1
0.45,-0.4,0.26,0.0,0.0,0.0,0,310.128,1750,98.63,-1
0.45,-0.4,0.31,0.0,0.0,0.0,0,289.126,1750,100.44,-1
0.45,-0.4,0.36,0.0,0.0,0.0,0,253.911,1750,101.91,-1
0.45,-0.4,0.41,0.0,0.0,0.0,0,262.479,1750,101.23,-1
0.45,-0.4,0.46,0.0,0.0,0.0,0,173.617,1750,99.94,-1
0.45,-0.4,0.51,0.0,0.0,0.0,0,144.136,1750,98.46,-1
0.45,-0.4,0.56,0.0,0.0,0.0,0,117.453,1750,96.32,-1
0.45,-0.4,0.61,0.0,0.0,0.0,0,95.245,1750,97.47,-1
0.45,-0.4,0.66,0.0,0.0,0.0,0,80.632,1750,97.6,-1
0.45,-0.4,0.71,0.0,0.0,0.0,0,77.234,1750,95.6,-1
0.45,-0.4,0.76,0.0,0.0,0.0,0,80.827,1750,95.7,-1
0.45,-0.4,0.81,0.0,0.0,0.0,0,89.176,1750,95.19,-1
0.45,-0.35,0.01,0.0,0.0,0.0,0,501.87,1750,101.32,-1
0.45,-0.35,0.06,0.0,0.0,0.0,0,471.509,1750,101.9,-1
0.45,-0.35,0.11,0.0,0.0,0.0,0,433.646,1750,102.68,-1
0.45,-0.35,0.16,0.0,0.0,0.0,0,386.421,1750,100.09,-1
0.45,-0.35,0.21,0.0,0.0,0.0,0,334.831,1750,99.66,-1
0.45,-0.35,0.26,0.0,0.0,0.0,0,313.105,1750,100.24,-1
0.45,-0.35,0.31,0.0,0.0,0.0,0,266.339,1750,99.5,-1
0.45,-0.35,0.36,0.0,0.0,0.0,0,242.338,1750,100.49,-1
0.45,-0.35,0.41,0.0,0.0,0.0,0,197.376,1750,99.07,-1
0.45,-0.35,0.46,0.0,0.0,0.0,0,164.716,1750,98.57,-1
0.45,-0.35,0.51,0.0,0.0,0.0,0,133.494,1750,98.31,-1
0.45,-0.35,0.56,0.0,0.0,0.0,0,104.857,1750,95.97,-1
0.45,-0.35,0.61,0.0,0.0,0.0,0,78.863,1750,97.37,-1
0.45,-0.35,0.66,0.0,0.0,0.0,0,60.15,1750,96.48,-1
0.45,-0.35,0.71,0.0,0.0,0.0,0,55.179,1750,95.55,-1
0.45,-0.35,0.76,0.0,0.0,0.0,0,58.931,1750,93.82,-1
0.45,-0.35,0.81,0.0,0.0,0.0,0,67.643,1750,94.8,-1
0.45,-0.3,0.01,0.0,0.0,0.0,0,549.824,1750,101.39,-1
0.45,-0.3,0.06,0.0,0.0,0.0,0,505.979,1750,99.36,-1
0.45,-0.3,0.11,0.0,0.0,0.0,0,402.835,1750,100.9,-1
0.45,-0.3,0.16,0.0,0.0,0.0,0,361.385,1750,100.13,-1
0.45,-0.3,0.21,0.0,0.0,0.0,0,338.505,1750,97.14,-1
0.45,-0.3,0.26,0.0,0.0,0.0,0,299.556,1750,100.05,-1
0.45,-0.3,0.31,0.0,0.0,0.0,0,268.184,1750,100.55,-1
0.45,-0.3,0.36,0.0,0.0,0.0,0,227.711,1750,101.24,-1
0.45,-0.3,0.41,0.0,0.0,0.0,0,193.316,1750,99.02,-1
0.45,-0.3,0.46,0.0,0.0,0.0,0,159.867,1750,99.74,-1
0.45,-0.3,0.51,0.0,0.0,0.0,0,125.598,1750,97.56,-1
0.45,-0.3,0.56,0.0,0.0,0.0,0,95.165,1750,94.93,-1
0.45,-0.3,0.61,0.0,0.0,0.0,0,66.98,1750,99.65,-1
0.45,-0.3,0.66,0.0,0.0,0.0,0,44.286,1750,97.47,-1
0.45,-0.3,0.71,0.0,0.0,0.0,0,37.399,1750,96.06,-1
0.45,-0.3,0.76,0.0,0.0,0.0,0,41.291,1750,98.05,-1
0.45,-0.3,0.81,0.0,0.0,0.0,0,50.319,1750,95.2,-1
0.45,-0.25,0.01,0.0,0.0,0.0,0,548.426,1750,101.38,-1
0.45,-0.25,0.06,0.0,0.0,0.0,0,444.959,1750,100.33,-1
0.45,-0.25,0.11,0.0,0.0,0.0,0,399.659,1750,100.96,-1
0.45,-0.25,0.16,0.0,0.0,0.0,0,358.432,1750,99.72,-1
0.45,-0.25,0.21,0.0,0.0,0.0,0,332.623,1750,100.82,-1
0.45,-0.25,0.26,0.0,0.0,0.0,0,296.594,1750,101.62,-1
0.45,-0.25,0.31,0.0,0.0,0.0,0,261.24,1750,104.23,-1
0.45,-0.25,0.36,0.0,0.0,0.0,0,226.811,1750,103.53,-1
0.45,-0.25,0.41,0.0,0.0,0.0,0,192.098,1750,99.67,-1
0.45,-0.25,0.46,0.0,0.0,0.0,0,153.211,1750,101.05,-1
0.45,-0.25,0.51,0.0,0.0,0.0,0,121.043,1750,97.82,-1
0.45,-0.25,0.56,0.0,0.0,0.0,0,94.661,1750,98.38,-1
0.45,-0.25,0.61,0.0,0.0,0.0,0,64.97,1750,98.53,-1
0.45,-0.25,0.66,0.0,0.0,0.0,0,33.942,1750,98.08,-1
0.45,-0.25,0.71,0.0,0.0,0.0,0,24.387,1750,98.31,-1
0.45,-0.25,0.76,0.0,0.0,0.0,0,28.388,1750,97.4,-1
0.45,-0.25,0.81,0.0,0.0,0.0,0,37.663,1750,95.63,-1
0.45,-0.2,0.01,0.0,0.0,0.0,0,477.652,1750,102.36,-1
0.45,-0.2,0.06,0.0,0.0,0.0,0,437.745,1750,100.06,-1
0.45,-0.2,0.11,0.0,0.0,0.0,0,400.518,1750,102.1,-1
0.45,-0.2,0.16,0.0,0.0,0.0,0,363.055,1750,101.48,-1
0.45,-0.2,0.21,0.0,0.0,0.0,0,326.343,1750,99.77,-1
0.45,-0.2,0.26,0.0,0.0,0.0,0,290.385,1750,100.78,-1
0.45,-0.2,0.31,0.0,0.0,0.0,0,255.173,1750,98.25,-1
0.45,-0.2,0.36,0.0,0.0,0.0,0,227.854,1750,96.74,-1
0.45,-0.2,0.41,0.0,0.0,0.0,0,191.245,1750,99.67,-1
0.45,-0.2,0.46,0.0,0.0,0.0,0,159.025,1750,97.06,-1
0.45,-0.2,0.51,0.0,0.0,0.0,0,119.103,1750,98.69,-1
0.45,-0.2,0.56,0.0,0.0,0.0,0,87.909,1750,97.91,-1
0.45,-0.2,0.61,0.0,0.0,0.0,0,57.378,1750,98.36,-1
0.45,-0.2,0.66,0.0,0.0,0.0,0,36.383,1750,97.8,-1
0.45,-0.2,0.71,0.0,0.0,0.0,0,16.556,1750,96.48,-1
0.45,-0.2,0.76,0.0,0.0,0.0,0,20.625,1750,95.09,-1
0.45,-0.2,0.81,0.0,0.0,0.0,0,30.054,1750,94.1,-1
0.45,-0.15,0.01,0.0,0.0,0.0,0,482.711,1750,101.63,-1
0.45,-0.15,0.06,0.0,0.0,0.0,0,436.061,1750,99.32,-1
0.45,-0.15,0.11,0.0,0.0,0.0,0,397.552,1750,98.63,-1
0.45,-0.15,0.16,0.0,0.0,0.0,0,360.018,1750,99.07,-1
0.45,-0.15,0.21,0.0,0.0,0.0,0,323.32,1750,100.2,-1
0.45,-0.15,0.26,0.0,0.0,0.0,0,287.417,1750,100.27,-1
0.45,-0.15,0.31,0.0,0.0,0.0,0,254.035,1750,100.75,-1
0.45,-0.15,0.36,0.0,0.0,0.0,0,219.623,1750,100.75,-1
0.45,-0.15,0.41,0.0,0.0,0.0,0,195.043,1750,101.24,-1
0.45,-0.15,0.46,0.0,0.0,0.0,0,150.47,1750,98.94,-1
0.45,-0.15,0.51,0.0,0.0,0.0,0,118.732,1750,100.2,-1
0.45,-0.15,0.56,0.0,0.0,0.0,0,87.496,1750,98.82,-1
0.45,-0.15,0.61,0.0,0.0,0.0,0,56.763,1750,98.67,-1
0.45,-0.15,0.66,0.0,0.0,0.0,0,27.527,1750,97.43,-1
0.45,-0.15,0.71,0.0,0.0,0.0,0,20.602,1750,95.57,-1
0.45,-0.15,0.76,0.0,0.0,0.0,0,18.265,1750,96.01,-1
0.45,-0.15,0.81,0.0,0.0,0.0,0,27.742,1750,94.67,-1
0.45,-0.1,0.01,0.0,0.0,0.0,0,473.908,1750,98.4,-1
0.45,-0.1,0.06,0.0,0.0,0.0,0,435.536,1750,96.73,-1
0.45,-0.1,0.11,0.0,0.0,0.0,0,396.882,1750,99.85,-1
0.45,-0.1,0.16,0.0,0.0,0.0,0,359.51,1750,97.12,-1
0.45,-0.1,0.21,0.0,0.0,0.0,0,322.912,1750,99.98,-1
0.45,-0.1,0.26,0.0,0.0,0.0,0,287.098,1750,100.52,-1
0.45,-0.1,0.31,0.0,0.0,0.0,0,251.579,1750,102.12,-1
0.45,-0.1,0.36,0.0,0.0,0.0,0,231.606,1750,99.96,-1
0.45,-0.1,0.41,0.0,0.0,0.0,0,196.338,1750,101.45,-1
0.45,-0.1,0.46,0.0,0.0,0.0,0,151.747,1750,98.87,-1
0.45,-0.1,0.51,0.0,0.0,0.0,0,119.904,1750,100.66,-1
0.45,-0.1,0.56,0.0,0.0,0.0,0,88.594,1750,100.07,-1
0.45,-0.1,0.61,0.0,0.0,0.0,0,57.933,1750,99.73,-1
0.45,-0.1,0.66,0.0,0.0,0.0,0,37.072,1750,98.6,-1
0.45,-0.1,0.71,0.0,0.0,0.0,0,17.329,1750,97.72,-1
0.45,-0.1,0.76,0.0,0.0,0.0,0,21.392,1750,93.82,-1
0.45,-0.1,0.81,0.0,0.0,0.0,0,30.805,1750,96.61,-1
0.45,-0.05,0.01,0.0,0.0,0.0,0,476.142,1750,102.56,-1
0.45,-0.05,0.06,0.0,0.0,0.0,0,437.301,1750,99.77,-1
0.45,-0.05,0.11,0.0,0.0,0.0,0,399.195,1750,100.81,-1
0.45,-0.05,0.16,0.0,0.0,0.0,0,361.856,1750,101.72,-1
0.45,-0.05,0.21,0.0,0.0,0.0,0,345.42,1750,100.81,-1
0.45,-0.05,0.26,0.0,0.0,0.0,0,289.575,1750,101.1,-1
0.45,-0.05,0.31,0.0,0.0,0.0,0,254.666,1750,100.84,-1
0.45,-0.05,0.36,0.0,0.0,0.0,0,235.69,1750,103.18,-1
0.45,-0.05,0.41,0.0,0.0,0.0,0,189.015,1750,102.16,-1
0.45,-0.05,0.46,0.0,0.0,0.0,0,156.051,1750,104.63,-1
0.45,-0.05,0.51,0.0,0.0,0.0,0,123.765,1750,102.41,-1
0.45,-0.05,0.56,0.0,0.0,0.0,0,92.267,1750,105.43,-1
0.45,-0.05,0.61,0.0,0.0,0.0,0,62.067,1750,104.44,-1
0.45,-0.05,0.66,0.0,0.0,0.0,0,35.727,1750,102.8,-1
0.45,-0.05,0.71,0.0,0.0,0.0,0,26.466,1750,101.6,-1
0.45,-0.05,0.76,0.0,0.0,0.0,0,30.407,1750,97.2,-1
0.45,-0.05,0.81,0.0,0.0,0.0,0,39.557,1750,100.63,-1
0.45,0.0,0.01,0.0,0.0,0.0,0,481.654,1750,101.78,-1
0.45,0.0,0.06,0.0,0.0,0.0,0,443.296,1750,101.86,-1
0.45,0.0,0.11,0.0,0.0,0.0,0,405.753,1750,100.72,-1
0.45,0.0,0.16,0.0,0.0,0.0,0,369.078,1750,101.41,-1
0.45,0.0,0.21,0.0,0.0,0.0,0,333.324,1750,102.66,-1
0.45,0.0,0.26,0.0,0.0,0.0,0,298.551,1750,102.48,-1
0.45,0.0,0.31,0.0,0.0,0.0,0,264.731,1750,103.75,-1
0.45,0.0,0.36,0.0,0.0,0.0,0,230.552,1750,105.33,-1
0.45,0.0,0.41,0.0,0.0,0.0,0,197.053,1750,103.18,-1
0.45,0.0,0.46,0.0,0.0,0.0,0,164.253,1750,103.94,-1
0.45,0.0,0.51,0.0,0.0,0.0,0,132.27,1750,105.1,-1
0.45,0.0,0.56,0.0,0.0,0.0,0,101.486,1750,105.03,-1
0.45,0.0,0.61,0.0,0.0,0.0,0,73.074,1750,105.39,-1
0.45,0.0,0.66,0.0,0.0,0.0,0,50.855,1750,103.52,-1
0.45,0.0,0.71,0.0,0.0,0.0,0,44.418,1750,101.68,-1
0.45,0.0,0.76,0.0,0.0,0.0,0,48.092,1750,100.3,-1
0.45,0.0,0.81,0.0,0.0,0.0,0,56.65,1750,98.61,-1
0.5,-0.6,0.01,0.0,0.0,0.0,0,607.375,1750,100.08,-1
0.5,-0.6,0.06,0.0,0.0,0.0,0,547.649,1750,102.06,-1
0.5,-0.6,0.11,0.0,0.0,0.0,0,515.722,1750,99.45,-1
0.5,-0.6,0.16,0.0,0.0,0.0,0,475.187,1750,101.09,-1
0.5,-0.6,0.21,0.0,0.0,0.0,0,448.546,1750,101.63,-1
0.5,-0.6,0.26,0.0,0.0,0.0,0,397.645,1750,101.34,-1
0.5,-0.6,0.31,0.0,0.0,0.0,0,367.735,1750,99.68,-1
0.5,-0.6,0.36,0.0,0.0,0.0,0,339.698,1750,101.21,-1
0.5,-0.6,0.41,0.0,0.0,0.0,0,312.056,1750,99.91,-1
0.5,-0.6,0.46,0.0,0.0,0.0,0,290.704,1750,102.02,-1
0.5,-0.6,0.51,0.0,0.0,0.0,0,277.435,1750,102.2,-1
0.5,-0.6,0.56,0.0,0.0,0.0,0,254.506,1750,100.16,-1
0.5,-0.6,0.61,0.0,0.0,0.0,0,241.688,1750,100.9,-1
0.5,-0.6,0.66,0.0,0.0,0.0,0,235.655,1750,99.65,-1
0.5,-0.6,0.71,0.0,0.0,0.0,0,234.452,1750,99.04,-1
0.5,-0.6,0.76,0.0,0.0,0.0,0,237.206,1750,96.73,-1
0.5,-0.6,0.81,0.0,0.0,0.0,0,243.639,1750,95.11,-1
0.5,-0.55,0.01,0.0,0.0,0.0,0,591.842,1750,103.71,-1
0.5,-0.55,0.06,0.0,0.0,0.0,0,533.036,1750,100.24,-1
0.5,-0.55,0.11,0.0,0.0,0.0,0,498.811,1750,98.94,-1
0.5,-0.55,0.16,0.0,0.0,0.0,0,461.923,1750,102.3,-1
0.5,-0.55,0.21,0.0,0.0,0.0,0,374.367,1750,101.76,-1
0.5,-0.55,0.26,0.0,0.0,0.0,0,387.011,1750,98.28,-1
0.5,-0.55,0.31,0.0,0.0,0.0,0,352.689,1750,100.53,-1
0.5,-0.55,0.36,0.0,0.0,0.0,0,373.848,1750,100.84,-1
0.5,-0.55,0.41,0.0,0.0,0.0,0,284.79,1750,100.5,-1
0.5,-0.55,0.46,0.0,0.0,0.0,0,260.263,1750,101.15,-1
0.5,-0.55,0.51,0.0,0.0,0.0,0,239.442,1750,97.65,-1
0.5,-0.55,0.56,0.0,0.0,0.0,0,222.663,1750,99.56,-1
0.5,-0.55,0.61,0.0,0.0,0.0,0,210.539,1750,99.23,-1
0.5,-0.55,0.66,0.0,0.0,0.0,0,203.648,1750,98.71,-1
0.5,-0.55,0.71,0.0,0.0,0.0,0,202.246,1750,95.94,-1
0.5,-0.55,0.76,0.0,0.0,0.0,0,205.139,1750,96.51,-1
0.5,-0.55,0.81,0.0,0.0,0.0,0,211.888,1750,93.59,-1
0.5,-0.5,0.01,0.0,0.0,0.0,0,556.447,1750,102.38,-1
0.5,-0.5,0.06,0.0,0.0,0.0,0,520.586,1750,102.31,-1
0.5,-0.5,0.11,0.0,0.0,0.0,0,480.684,1750,101.8,-1
0.5,-0.5,0.16,0.0,0.0,0.0,0,443.673,1750,100.61,-1
0.5,-0.5,0.21,0.0,0.0,0.0,0,407.938,1750,101.03,-1
0.5,-0.5,0.26,0.0,0.0,0.0,0,322.442,1750,100.69,-1
0.5,-0.5,0.31,0.0,0.0,0.0,0,331.331,1750,99.96,-1
0.5,-0.5,0.36,0.0,0.0,0.0,0,292.35,1750,98.69,-1
0.5,-0.5,0.41,0.0,0.0,0.0,0,263.11,1750,98.98,-1
0.5,-0.5,0.46,0.0,0.0,0.0,0,237.108,1750,97.95,-1
0.5,-0.5,0.51,0.0,0.0,0.0,0,214.44,1750,98.32,-1
0.5,-0.5,0.56,0.0,0.0,0.0,0,195.79,1750,97.78,-1
0.5,-0.5,0.61,0.0,0.0,0.0,0,202.055,1750,98.99,-1
0.5,-0.5,0.66,0.0,0.0,0.0,0,174.101,1750,96.81,-1
0.5,-0.5,0.71,0.0,0.0,0.0,0,172.448,1750,96.32,-1
0.5,-0.5,0.76,0.0,0.0,0.0,0,175.481,1750,95.16,-1
0.5,-0.5,0.81,0.0,0.0,0.0,0,182.554,1750,93.55,-1
0.5,-0.45,0.01,0.0,0.0,0.0,0,549.676,1750,102.5,-1
0.5,-0.45,0.06,0.0,0.0,0.0,0,504.924,1750,102.19,-1
0.5,-0.45,0.11,0.0,0.0,0.0,0,465.818,1750,100.44,-1
0.5,-0.45,0.16,0.0,0.0,0.0,0,428.349,1750,102.15,-1
0.5,-0.45,0.21,0.0,0.0,0.0,0,348.33,1750,99.83,-1
0.5,-0.45,0.26,0.0,0.0,0.0,0,356.561,1750,98.27,-1
0.5,-0.45,0.31,0.0,0.0,0.0,0,322.241,1750,99.72,-1
0.5,-0.45,0.36,0.0,0.0,0.0,0,277.055,1750,101.51,-1
0.5,-0.45,0.41,0.0,0.0,0.0,0,245.292,1750,100.33,-1
0.5,-0.45,0.46,0.0,0.0,0.0,0,217.627,1750,99.46,-1
0.5,-0.45,0.51,0.0,0.0,0.0,0,193.005,1750,98.2,-1
0.5,-0.45,0.56,0.0,0.0,0.0,0,172.284,1750,100.02,-1
0.5,-0.45,0.61,0.0,0.0,0.0,0,156.644,1750,97.48,-1
0.5,-0.45,0.66,0.0,0.0,0.0,0,220.582,1750,97.02,-1
0.5,-0.45,0.71,0.0,0.0,0.0,0,150.954,1750,95.58,-1
0.5,-0.45,0.76,0.0,0.0,0.0,0,148.601,1750,94.78,-1
0.5,-0.45,0.81,0.0,0.0,0.0,0,155.996,1750,94.84,-1
0.5,-0.4,0.01,0.0,0.0,0.0,0,533.279,1750,101.82,-1
0.5,-0.4,0.06,0.0,0.0,0.0,0,490.195,1750,101.51,-1
0.5,-0.4,0.11,0.0,0.0,0.0,0,477.61,1750,101.5,-1
0.5,-0.4,0.16,0.0,0.0,0.0,0,445.906,1750,103.73,-1
0.5,-0.4,0.21,0.0,0.0,0.0,0,377.896,1750,103.07,-1
0.5,-0.4,0.26,0.0,0.0,0.0,0,342.348,1750,102.67,-1
0.5,-0.4,0.31,0.0,0.0,0.0,0,307.701,1750,102.49,-1
0.5,-0.4,0.36,0.0,0.0,0.0,0,274.071,1750,102.27,-1
0.5,-0.4,0.41,0.0,0.0,0.0,0,231.292,1750,101.62,-1
0.5,-0.4,0.46,0.0,0.0,0.0,0,202.037,1750,101.8,-1
0.5,-0.4,0.51,0.0,0.0,0.0,0,175.482,1750,101.35,-1
0.5,-0.4,0.56,0.0,0.0,0.0,0,152.581,1750,99.23,-1
0.5,-0.4,0.61,0.0,0.0,0.0,0,134.787,1750,98.51,-1
0.5,-0.4,0.66,0.0,0.0,0.0,0,123.97,1750,98.45,-1
0.5,-0.4,0.71,0.0,0.0,0.0,0,121.592,1750,95.27,-1
0.5,-0.4,0.76,0.0,0.0,0.0,0,124.9,1750,97.4,-1
0.5,-0.4,0.81,0.0,0.0,0.0,0,132.603,1750,95.17,-1
0.5,-0.35,0.01,0.0,0.0,0.0,0,526.879,1750,103.94,-1
0.5,-0.35,0.06,0.0,0.0,0.0,0,501.458,1750,101.49,-1
0.5,-0.35,0.11,0.0,0.0,0.0,0,439.706,1750,104.57,-1
0.5,-0.35,0.16,0.0,0.0,0.0,0,389.801,1750,101.28,-1
0.5,-0.35,0.21,0.0,0.0,0.0,0,365.639,1750,103.01,-1
0.5,-0.35,0.26,0.0,0.0,0.0,0,324.009,1750,100.94,-1
0.5,-0.35,0.31,0.0,0.0,0.0,0,294.847,1750,103.16,-1
0.5,-0.35,0.36,0.0,0.0,0.0,0,253.481,1750,100.0,-1
0.5,-0.35,0.41,0.0,0.0,0.0,0,219.68,1750,102.8,-1
0.5,-0.35,0.46,0.0,0.0,0.0,0,190.381,1750,101.09,-1
0.5,-0.35,0.51,0.0,0.0,0.0,0,162.054,1750,98.78,-1
0.5,-0.35,0.56,0.0,0.0,0.0,0,137.006,1750,99.86,-1
0.5,-0.35,0.61,0.0,0.0,0.0,0,116.901,1750,97.76,-1
0.5,-0.35,0.66,0.0,0.0,0.0,0,104.242,1750,97.67,-1
0.5,-0.35,0.71,0.0,0.0,0.0,0,101.363,1750,97.83,-1
0.5,-0.35,0.76,0.0,0.0,0.0,0,104.795,1750,95.96,-1
0.5,-0.35,0.81,0.0,0.0,0.0,0,112.78,1750,97.97,-1
0.5,-0.3,0.01,0.0,0.0,0.0,0,518.37,1750,102.39,-1
0.5,-0.3,0.06,0.0,0.0,0.0,0,468.874,1750,100.27,-1
0.5,-0.3,0.11,0.0,0.0,0.0,0,430.511,1750,103.65,-1
0.5,-0.3,0.16,0.0,0.0,0.0,0,392.936,1750,100.62,-1
0.5,-0.3,0.21,0.0,0.0,0.0,0,356.133,1750,99.68,-1
0.5,-0.3,0.26,0.0,0.0,0.0,0,318.24,1750,100.9,-1
0.5,-0.3,0.31,0.0,0.0,0.0,0,284.927,1750,103.39,-1
0.5,-0.3,0.36,0.0,0.0,0.0,0,247.527,1750,100.57,-1
0.5,-0.3,0.41,0.0,0.0,0.0,0,214.245,1750,99.5,-1
0.5,-0.3,0.46,0.0,0.0,0.0,0,182.47,1750,99.49,-1
0.5,-0.3,0.51,0.0,0.0,0.0,0,152.647,1750,100.36,-1
0.5,-0.3,0.56,0.0,0.0,0.0,0,125.671,1750,96.3,-1
0.5,-0.3,0.61,0.0,0.0,0.0,0,103.294,1750,98.94,-1
0.5,-0.3,0.66,0.0,0.0,0.0,0,88.627,1750,98.24,-1
0.5,-0.3,0.71,0.0,0.0,0.0,0,85.162,1750,95.14,-1
0.5,-0.3,0.76,0.0,0.0,0.0,0,88.7,1750,95.03,-1
0.5,-0.3,0.81,0.0,0.0,0.0,0,96.926,1750,96.98,-1
0.5,-0.25,0.01,0.0,0.0,0.0,0,499.04,1750,103.29,-1
0.5,-0.25,0.06,0.0,0.0,0.0,0,460.149,1750,100.37,-1
0.5,-0.25,0.11,0.0,0.0,0.0,0,422.04,1750,102.02,-1
0.5,-0.25,0.16,0.0,0.0,0.0,0,384.674,1750,103.59,-1
0.5,-0.25,0.21,0.0,0.0,0.0,0,348.055,1750,99.34,-1
0.5,-0.25,0.26,0.0,0.0,0.0,0,312.199,1750,103.16,-1
0.5,-0.25,0.31,0.0,0.0,0.0,0,277.136,1750,100.63,-1
0.5,-0.25,0.36,0.0,0.0,0.0,0,242.916,1750,99.91,-1
0.5,-0.25,0.41,0.0,0.0,0.0,0,210.536,1750,98.58,-1
0.5,-0.25,0.46,0.0,0.0,0.0,0,226.162,1750,99.48,-1
0.5,-0.25,0.51,0.0,0.0,0.0,0,146.932,1750,96.41,-1
0.5,-0.25,0.56,0.0,0.0,0.0,0,118.402,1750,98.57,-1
0.5,-0.25,0.61,0.0,0.0,0.0,0,94.053,1750,98.73,-1
0.5,-0.25,0.66,0.0,0.0,0.0,0,77.451,1750,98.46,-1
0.5,-0.25,0.71,0.0,0.0,0.0,0,73.373,1750,96.48,-1
0.5,-0.25,0.76,0.0,0.0,0.0,0,76.992,1750,94.94,-1
0.5,-0.25,0.81,0.0,0.0,0.0,0,85.402,1750,96.04,-1
0.5,-0.2,0.01,0.0,0.0,0.0,0,493.067,1750,100.28,-1
0.5,-0.2,0.06,0.0,0.0,0.0,0,454.22,1750,100.87,-1
0.5,-0.2,0.11,0.0,0.0,0.0,0,416.09,1750,102.83,-1
0.5,-0.2,0.16,0.0,0.0,0.0,0,378.695,1750,102.22,-1
0.5,-0.2,0.21,0.0,0.0,0.0,0,342.061,1750,101.43,-1
0.5,-0.2,0.26,0.0,0.0,0.0,0,306.214,1750,99.2,-1
0.5,-0.2,0.31,0.0,0.0,0.0,0,277.319,1750,97.18,-1
0.5,-0.2,0.36,0.0,0.0,0.0,0,243.8,1750,99.42,-1
0.5,-0.2,0.41,0.0,0.0,0.0,0,209.445,1750,98.41,-1
0.5,-0.2,0.46,0.0,0.0,0.0,0,176.213,1750,98.22,-1
0.5,-0.2,0.51,0.0,0.0,0.0,0,144.426,1750,97.7,-1
0.5,-0.2,0.56,0.0,0.0,0.0,0,114.805,1750,97.53,-1
0.5,-0.2,0.61,0.0,0.0,0.0,0,89.02,1750,98.23,-1
0.5,-0.2,0.66,0.0,0.0,0.0,0,70.606,1750,97.38,-1
0.5,-0.2,0.71,0.0,0.0,0.0,0,66.301,1750,96.28,-1
0.5,-0.2,0.76,0.0,0.0,0.0,0,69.976,1750,93.53,-1
0.5,-0.2,0.81,0.0,0.0,0.0,0,78.501,1750,94.96,-1
0.5,-0.15,0.01,0.0,0.0,0.0,0,499.049,1750,100.05,-1
0.5,-0.15,0.06,0.0,0.0,0.0,0,452.01,1750,102.09,-1
0.5,-0.15,0.11,0.0,0.0,0.0,0,413.552,1750,102.92,-1
0.5,-0.15,0.16,0.0,0.0,0.0,0,375.958,1750,100.67,-1
0.5,-0.15,0.21,0.0,0.0,0.0,0,339.321,1750,100.82,-1
0.5,-0.15,0.26,0.0,0.0,0.0,0,303.512,1750,100.6,-1
0.5,-0.15,0.31,0.0,0.0,0.0,0,268.551,1750,99.63,-1
0.5,-0.15,0.36,0.0,0.0,0.0,0,245.23,1750,101.31,-1
0.5,-0.15,0.41,0.0,0.0,0.0,0,210.586,1750,101.2,-1
0.5,-0.15,0.46,0.0,0.0,0.0,0,176.983,1750,101.27,-1
0.5,-0.15,0.51,0.0,0.0,0.0,0,144.708,1750,99.81,-1
0.5,-0.15,0.56,0.0,0.0,0.0,0,114.459,1750,99.85,-1
0.5,-0.15,0.61,0.0,0.0,0.0,0,87.832,1750,97.97,-1
0.5,-0.15,0.66,0.0,0.0,0.0,0,69.085,1750,97.55,-1
0.5,-0.15,0.71,0.0,0.0,0.0,0,64.258,1750,95.09,-1
0.5,-0.15,0.76,0.0,0.0,0.0,0,67.842,1750,95.36,-1
0.5,-0.15,0.81,0.0,0.0,0.0,0,76.403,1750,93.66,-1
0.5,-0.1,0.01,0.0,0.0,0.0,0,454.043,1750,101.52,-1
0.5,-0.1,0.06,0.0,0.0,0.0,0,451.79,1750,100.17,-1
0.5,-0.1,0.11,0.0,0.0,0.0,0,412.671,1750,100.28,-1
0.5,-0.1,0.16,0.0,0.0,0.0,0,375.285,1750,99.08,-1
0.5,-0.1,0.21,0.0,0.0,0.0,0,339.261,1750,99.73,-1
0.5,-0.1,0.26,0.0,0.0,0.0,0,303.594,1750,100.64,-1
0.5,-0.1,0.31,0.0,0.0,0.0,0,282.346,1750,99.99,-1
0.5,-0.1,0.36,0.0,0.0,0.0,0,234.533,1750,100.31,-1
0.5,-0.1,0.41,0.0,0.0,0.0,0,201.687,1750,100.57,-1
0.5,-0.1,0.46,0.0,0.0,0.0,0,178.665,1750,101.31,-1
0.5,-0.1,0.51,0.0,0.0,0.0,0,146.512,1750,100.58,-1
0.5,-0.1,0.56,0.0,0.0,0.0,0,116.483,1750,100.84,-1
0.5,-0.1,0.61,0.0,0.0,0.0,0,90.272,1750,102.41,-1
0.5,-0.1,0.66,0.0,0.0,0.0,0,71.407,1750,99.8,-1
0.5,-0.1,0.71,0.0,0.0,0.0,0,66.998,1750,97.8,-1
0.5,-0.1,0.76,0.0,0.0,0.0,0,70.668,1750,97.07,-1
0.5,-0.1,0.81,0.0,0.0,0.0,0,79.182,1750,96.76,-1
0.5,-0.05,0.01,0.0,0.0,0.0,0,492.477,1750,102.15,-1
0.5,-0.05,0.06,0.0,0.0,0.0,0,453.792,1750,101.43,-1
0.5,-0.05,0.11,0.0,0.0,0.0,0,415.83,1750,100.63,-1
0.5,-0.05,0.16,0.0,0.0,0.0,0,378.63,1750,97.15,-1
0.5,-0.05,0.21,0.0,0.0,0.0,0,342.233,1750,100.64,-1
0.5,-0.05,0.26,0.0,0.0,0.0,0,323.023,1750,101.27,-1
0.5,-0.05,0.31,0.0,0.0,0.0,0,272.037,1750,101.16,-1
0.5,-0.05,0.36,0.0,0.0,0.0,0,238.369,1750,101.06,-1
0.5,-0.05,0.41,0.0,0.0,0.0,0,207.253,1750,104.04,-1
0.5,-0.05,0.46,0.0,0.0,0.0,0,183.595,1750,101.05,-1
0.5,-0.05,0.51,0.0,0.0,0.0,0,145.698,1750,102.1,-1
0.5,-0.05,0.56,0.0,0.0,0.0,0,118.149,1750,103.77,-1
0.5,-0.05,0.61,0.0,0.0,0.0,0,94.732,1750,103.43,-1
0.5,-0.05,0.66,0.0,0.0,0.0,0,78.847,1750,104.27,-1
0.5,-0.05,0.71,0.0,0.0,0.0,0,74.911,1750,99.03,-1
0.5,-0.05,0.76,0.0,0.0,0.0,0,79.041,1750,98.11,-1
0.5,-0.05,0.81,0.0,0.0,0.0,0,87.543,1750,97.2,-1
0.5,0.0,0.01,0.0,0.0,0.0,0,497.807,1750,100.39,-1
0.5,0.0,0.06,0.0,0.0,0.0,0,459.572,1750,101.28,-1
0.5,0.0,0.11,0.0,0.0,0.0,0,422.13,1750,101.61,-1
0.5,0.0,0.16,0.0,0.0,0.0,0,385.538,1750,100.81,-1
0.5,0.0,0.21,0.0,0.0,0.0,0,349.861,1750,102.4,-1
0.5,0.0,0.26,0.0,0.0,0.0,0,315.173,1750,102.76,-1
0.5,0.0,0.31,0.0,0.0,0.0,0,281.573,1750,103.11,-1
0.5,0.0,0.36,0.0,0.0,0.0,0,249.196,1750,102.43,-1
0.5,0.0,0.41,0.0,0.0,0.0,0,227.088,1750,102.15,-1
0.5,0.0,0.46,0.0,0.0,0.0,0,185.18,1750,103.89,-1
0.5,0.0,0.51,0.0,0.0,0.0,0,156.021,1750,105.39,-1
0.5,0.0,0.56,0.0,0.0,0.0,0,129.627,1750,105.33,-1
0.5,0.0,0.61,0.0,0.0,0.0,0,107.77,1750,104.07,-1
0.5,0.0,0.66,0.0,0.0,0.0,0,93.471,1750,105.12,-1
0.5,0.0,0.71,0.0,0.0,0.0,0,90.037,1750,101.25,-1
0.5,0.0,0.76,0.0,0.0,0.0,0,93.454,1750,100.17,-1
0.5,0.0,0.81,0.0,0.0,0.0,0,101.414,1750,98.47,-1
