x,y,z,roll,pitch,yaw,success,pos_err_mm,iterations,solve_ms,seed_used
-0.2,-0.5,0.35,0.0,0.0,0.0,0,162.368,700,39.37,-1
-0.2,-0.5,0.4,0.0,0.0,0.0,0,124.792,700,36.51,-1
-0.2,-0.5,0.45,0.0,0.0,0.0,0,89.029,700,36.61,-1
-0.2,-0.5,0.5,0.0,0.0,0.0,0,55.799,700,35.45,-1
-0.2,-0.5,0.55,0.0,0.0,0.0,0,26.246,700,41.77,-1
-0.2,-0.5,0.6,0.0,0.0,0.0,1,2.888,23,0.95,0
-0.2,-0.5,0.65,0.0,0.0,0.0,1,2.425,41,1.64,0
-0.2,-0.5,0.7,0.0,0.0,0.0,1,2.194,7,0.3,0
-0.2,-0.5,0.75,0.0,0.0,0.0,1,0.77,8,0.33,0
-0.2,-0.5,0.8,0.0,0.0,0.0,1,2.452,9,0.37,0
-0.2,-0.5,0.85,0.0,0.0,0.0,1,3.865,100,3.75,0
-0.2,-0.5,0.9,0.0,0.0,0.0,0,35.988,700,27.13,-1
-0.2,-0.45,0.35,0.0,0.0,0.0,0,141.592,700,27.67,-1
-0.2,-0.45,0.4,0.0,0.0,0.0,0,101.734,700,27.21,-1
-0.2,-0.45,0.45,0.0,0.0,0.0,0,63.133,700,47.34,-1
-0.2,-0.45,0.5,0.0,0.0,0.0,0,26.364,700,36.02,-1
-0.2,-0.45,0.55,0.0,0.0,0.0,1,1.824,14,0.74,0
-0.2,-0.45,0.6,0.0,0.0,0.0,1,2.703,17,0.89,0
-0.2,-0.45,0.65,0.0,0.0,0.0,1,1.432,316,16.36,3
-0.2,-0.45,0.7,0.0,0.0,0.0,1,2.492,8,0.49,0
-0.2,-0.45,0.75,0.0,0.0,0.0,1,1.563,9,0.54,0
-0.2,-0.45,0.8,0.0,0.0,0.0,1,0.866,8,0.43,0
-0.2,-0.45,0.85,0.0,0.0,0.0,1,2.365,8,0.43,0
-0.2,-0.45,0.9,0.0,0.0,0.0,1,0.45,14,0.72,0
-0.2,-0.4,0.35,0.0,0.0,0.0,0,126.218,700,36.91,-1
-0.2,-0.4,0.4,0.0,0.0,0.0,0,84.543,700,37.38,-1
-0.2,-0.4,0.45,0.0,0.0,0.0,0,43.581,700,37.38,-1
-0.2,-0.4,0.5,0.0,0.0,0.0,1,3.944,100,5.11,0
-0.2,-0.4,0.55,0.0,0.0,0.0,1,2.116,417,22.84,4
-0.2,-0.4,0.6,0.0,0.0,0.0,1,1.78,515,27.55,5
-0.2,-0.4,0.65,0.0,0.0,0.0,1,2.496,311,16.5,3
-0.2,-0.4,0.7,0.0,0.0,0.0,1,1.625,10,0.6,0
-0.2,-0.4,0.75,0.0,0.0,0.0,1,1.623,11,0.65,0
-0.2,-0.4,0.8,0.0,0.0,0.0,1,1.599,8,0.53,0
-0.2,-0.4,0.85,0.0,0.0,0.0,1,0.639,10,0.61,0
-0.2,-0.4,0.9,0.0,0.0,0.0,1,2.869,9,0.48,0
-0.2,-0.35,0.35,0.0,0.0,0.0,0,125.49,700,36.96,-1
-0.2,-0.35,0.4,0.0,0.0,0.0,0,69.362,700,36.58,-1
-0.2,-0.35,0.45,0.0,0.0,0.0,0,33.947,700,37.2,-1
-0.2,-0.35,0.5,0.0,0.0,0.0,1,0.688,10,0.57,0
-0.2,-0.35,0.55,0.0,0.0,0.0,1,1.491,223,11.85,2
-0.2,-0.35,0.6,0.0,0.0,0.0,1,1.835,514,27.58,5
-0.2,-0.35,0.65,0.0,0.0,0.0,1,2.257,20,1.08,0
-0.2,-0.35,0.7,0.0,0.0,0.0,1,1.609,9,0.51,0
-0.2,-0.35,0.75,0.0,0.0,0.0,1,2.67,8,0.45,0
-0.2,-0.35,0.8,0.0,0.0,0.0,1,0.694,8,0.47,0
-0.2,-0.35,0.85,0.0,0.0,0.0,1,1.511,8,0.5,0
-0.2,-0.35,0.9,0.0,0.0,0.0,1,1.043,9,0.49,0
-0.2,-0.3,0.35,0.0,0.0,0.0,0,123.459,700,36.98,-1
-0.2,-0.3,0.4,0.0,0.0,0.0,0,112.091,700,36.47,-1
-0.2,-0.3,0.45,0.0,0.0,0.0,0,48.763,700,36.21,-1
-0.2,-0.3,0.5,0.0,0.0,0.0,1,1.088,10,0.55,0
-0.2,-0.3,0.55,0.0,0.0,0.0,0,112.268,700,37.45,-1
-0.2,-0.3,0.6,0.0,0.0,0.0,1,1.855,116,6.2,1
-0.2,-0.3,0.65,0.0,0.0,0.0,0,33.69,700,41.04,-1
-0.2,-0.3,0.7,0.0,0.0,0.0,1,1.637,9,0.62,0
-0.2,-0.3,0.75,0.0,0.0,0.0,1,1.208,7,0.45,0
-0.2,-0.3,0.8,0.0,0.0,0.0,1,2.072,7,0.45,0
-0.2,-0.3,0.85,0.0,0.0,0.0,1,1.723,8,0.5,0
-0.2,-0.3,0.9,0.0,0.0,0.0,1,0.846,8,0.49,0
-0.2,-0.25,0.35,0.0,0.0,0.0,0,125.124,700,40.76,-1
-0.2,-0.25,0.4,0.0,0.0,0.0,0,74.853,700,41.06,-1
-0.2,-0.25,0.45,0.0,0.0,0.0,0,56.299,700,40.86,-1
-0.2,-0.25,0.5,0.0,0.0,0.0,1,1.664,14,0.93,0
-0.2,-0.25,0.55,0.0,0.0,0.0,0,113.393,700,41.84,-1
-0.2,-0.25,0.6,0.0,0.0,0.0,1,2.965,114,6.81,1
-0.2,-0.25,0.65,0.0,0.0,0.0,1,4.319,100,5.73,0
-0.2,-0.25,0.7,0.0,0.0,0.0,1,1.838,8,0.52,0
-0.2,-0.25,0.75,0.0,0.0,0.0,1,1.757,7,0.45,0
-0.2,-0.25,0.8,0.0,0.0,0.0,1,1.234,7,0.45,0
-0.2,-0.25,0.85,0.0,0.0,0.0,1,2.071,7,0.44,0
-0.2,-0.25,0.9,0.0,0.0,0.0,1,1.357,7,0.48,0
-0.2,-0.2,0.35,0.0,0.0,0.0,0,130.38,700,41.6,-1
-0.2,-0.2,0.4,0.0,0.0,0.0,0,67.921,700,41.21,-1
-0.2,-0.2,0.45,0.0,0.0,0.0,0,19.008,700,41.2,-1
-0.2,-0.2,0.5,0.0,0.0,0.0,1,1.823,12,0.78,0
-0.2,-0.2,0.55,0.0,0.0,0.0,1,1.574,221,13.89,2
-0.2,-0.2,0.6,0.0,0.0,0.0,1,2.18,15,0.94,0
-0.2,-0.2,0.65,0.0,0.0,0.0,1,2.414,112,6.96,1
-0.2,-0.2,0.7,0.0,0.0,0.0,1,2.547,11,0.75,0
-0.2,-0.2,0.75,0.0,0.0,0.0,1,1.988,8,0.53,0
-0.2,-0.2,0.8,0.0,0.0,0.0,1,2.618,7,0.45,0
-0.2,-0.2,0.85,0.0,0.0,0.0,1,0.988,7,0.45,0
-0.2,-0.2,0.9,0.0,0.0,0.0,1,2.475,8,0.5,0
-0.2,-0.15,0.35,0.0,0.0,0.0,0,184.834,700,43.83,-1
-0.2,-0.15,0.4,0.0,0.0,0.0,0,62.403,700,42.11,-1
-0.2,-0.15,0.45,0.0,0.0,0.0,0,15.278,700,41.79,-1
-0.2,-0.15,0.5,0.0,0.0,0.0,1,2.641,15,0.96,0
-0.2,-0.15,0.55,0.0,0.0,0.0,1,1.469,219,13.8,2
-0.2,-0.15,0.6,0.0,0.0,0.0,1,2.249,512,32.8,5
-0.2,-0.15,0.65,0.0,0.0,0.0,1,2.945,113,7.23,1
-0.2,-0.15,0.7,0.0,0.0,0.0,1,1.612,14,0.87,0
-0.2,-0.15,0.75,0.0,0.0,0.0,1,1.348,12,0.81,0
-0.2,-0.15,0.8,0.0,0.0,0.0,1,1.115,9,0.57,0
-0.2,-0.15,0.85,0.0,0.0,0.0,1,0.839,7,0.51,0
-0.2,-0.15,0.9,0.0,0.0,0.0,1,0.824,7,0.45,0
-0.2,-0.1,0.35,0.0,0.0,0.0,0,101.235,700,42.36,-1
-0.2,-0.1,0.4,0.0,0.0,0.0,0,160.478,700,42.52,-1
-0.2,-0.1,0.45,0.0,0.0,0.0,0,20.154,700,41.66,-1
-0.2,-0.1,0.5,0.0,0.0,0.0,1,2.369,18,1.16,0
-0.2,-0.1,0.55,0.0,0.0,0.0,1,2.509,117,7.44,1
-0.2,-0.1,0.6,0.0,0.0,0.0,0,234.59,700,44.57,-1
-0.2,-0.1,0.65,0.0,0.0,0.0,0,221.549,700,44.76,-1
-0.2,-0.1,0.7,0.0,0.0,0.0,1,1.039,213,13.37,2
-0.2,-0.1,0.75,0.0,0.0,0.0,1,1.766,10,0.62,0
-0.2,-0.1,0.8,0.0,0.0,0.0,1,1.233,10,0.61,0
-0.2,-0.1,0.85,0.0,0.0,0.0,1,2.261,7,0.44,0
-0.2,-0.1,0.9,0.0,0.0,0.0,1,0.935,7,0.43,0
-0.2,-0.05,0.35,0.0,0.0,0.0,0,117.63,700,42.85,-1
-0.2,-0.05,0.4,0.0,0.0,0.0,0,55.875,700,41.87,-1
-0.2,-0.05,0.45,0.0,0.0,0.0,0,32.35,700,41.64,-1
-0.2,-0.05,0.5,0.0,0.0,0.0,1,1.849,312,19.25,3
-0.2,-0.05,0.55,0.0,0.0,0.0,1,1.789,316,19.52,3
-0.2,-0.05,0.6,0.0,0.0,0.0,0,274.971,700,43.44,-1
-0.2,-0.05,0.65,0.0,0.0,0.0,1,1.98,614,37.98,6
-0.2,-0.05,0.7,0.0,0.0,0.0,1,2.402,14,0.92,0
-0.2,-0.05,0.75,0.0,0.0,0.0,1,1.375,11,0.68,0
-0.2,-0.05,0.8,0.0,0.0,0.0,1,2.17,7,0.44,0
-0.2,-0.05,0.85,0.0,0.0,0.0,1,1.246,8,0.49,0
-0.2,-0.05,0.9,0.0,0.0,0.0,1,1.438,7,0.44,0
-0.15,-0.5,0.35,0.0,0.0,0.0,0,158.167,700,42.03,-1
-0.15,-0.5,0.4,0.0,0.0,0.0,0,120.446,700,41.84,-1
-0.15,-0.5,0.45,0.0,0.0,0.0,0,84.532,700,41.17,-1
-0.15,-0.5,0.5,0.0,0.0,0.0,0,51.174,700,39.48,-1
-0.15,-0.5,0.55,0.0,0.0,0.0,0,21.589,700,41.06,-1
-0.15,-0.5,0.6,0.0,0.0,0.0,1,3.624,300,17.83,2
-0.15,-0.5,0.65,0.0,0.0,0.0,1,4.111,400,23.49,3
-0.15,-0.5,0.7,0.0,0.0,0.0,1,2.34,7,0.45,0
-0.15,-0.5,0.75,0.0,0.0,0.0,1,2.335,18,1.11,0
-0.15,-0.5,0.8,0.0,0.0,0.0,1,1.863,7,0.44,0
-0.15,-0.5,0.85,0.0,0.0,0.0,1,1.987,8,0.49,0
-0.15,-0.5,0.9,0.0,0.0,0.0,1,3.967,100,5.62,0
-0.15,-0.45,0.35,0.0,0.0,0.0,0,137.647,700,41.22,-1
-0.15,-0.45,0.4,0.0,0.0,0.0,0,97.623,700,41.59,-1
-0.15,-0.45,0.45,0.0,0.0,0.0,0,58.837,700,41.59,-1
-0.15,-0.45,0.5,0.0,0.0,0.0,0,21.919,700,41.28,-1
-0.15,-0.45,0.55,0.0,0.0,0.0,1,1.437,119,7.24,1
-0.15,-0.45,0.6,0.0,0.0,0.0,1,2.375,119,6.88,1
-0.15,-0.45,0.65,0.0,0.0,0.0,1,2.569,617,36.92,6
-0.15,-0.45,0.7,0.0,0.0,0.0,1,2.287,7,0.34,0
-0.15,-0.45,0.75,0.0,0.0,0.0,1,1.739,8,0.34,0
-0.15,-0.45,0.8,0.0,0.0,0.0,1,1.335,7,0.32,0
-0.15,-0.45,0.85,0.0,0.0,0.0,1,0.59,8,0.4,0
-0.15,-0.45,0.9,0.0,0.0,0.0,1,1.632,12,0.53,0
-0.15,-0.4,0.35,0.0,0.0,0.0,0,122.548,700,39.95,-1
-0.15,-0.4,0.4,0.0,0.0,0.0,0,80.667,700,41.64,-1
-0.15,-0.4,0.45,0.0,0.0,0.0,0,39.448,700,41.1,-1
-0.15,-0.4,0.5,0.0,0.0,0.0,1,1.938,12,0.74,0
-0.15,-0.4,0.55,0.0,0.0,0.0,1,2.095,134,8.06,1
-0.15,-0.4,0.6,0.0,0.0,0.0,1,2.236,510,30.27,5
-0.15,-0.4,0.65,0.0,0.0,0.0,1,2.191,312,18.32,3
-0.15,-0.4,0.7,0.0,0.0,0.0,1,2.075,9,0.55,0
-0.15,-0.4,0.75,0.0,0.0,0.0,1,1.734,8,0.49,0
-0.15,-0.4,0.8,0.0,0.0,0.0,1,1.115,8,0.5,0
-0.15,-0.4,0.85,0.0,0.0,0.0,1,1.228,8,0.51,0
-0.15,-0.4,0.9,0.0,0.0,0.0,1,0.718,9,0.59,0
-0.15,-0.35,0.35,0.0,0.0,0.0,0,113.491,700,41.25,-1
-0.15,-0.35,0.4,0.0,0.0,0.0,0,70.459,700,40.89,-1
-0.15,-0.35,0.45,0.0,0.0,0.0,0,27.655,700,41.19,-1
-0.15,-0.35,0.5,0.0,0.0,0.0,1,2.638,9,0.57,0
-0.15,-0.35,0.55,0.0,0.0,0.0,1,2.302,10,0.62,0
-0.15,-0.35,0.6,0.0,0.0,0.0,1,2.2,510,30.22,5
-0.15,-0.35,0.65,0.0,0.0,0.0,1,2.178,310,18.31,3
-0.15,-0.35,0.7,0.0,0.0,0.0,1,2.079,9,0.56,0
-0.15,-0.35,0.75,0.0,0.0,0.0,1,2.273,10,0.62,0
-0.15,-0.35,0.8,0.0,0.0,0.0,1,1.104,8,0.51,0
-0.15,-0.35,0.85,0.0,0.0,0.0,1,2.036,7,0.49,0
-0.15,-0.35,0.9,0.0,0.0,0.0,1,2.303,7,0.44,0
-0.15,-0.3,0.35,0.0,0.0,0.0,0,106.437,700,41.89,-1
-0.15,-0.3,0.4,0.0,0.0,0.0,0,64.472,700,41.74,-1
-0.15,-0.3,0.45,0.0,0.0,0.0,0,22.985,700,40.37,-1
-0.15,-0.3,0.5,0.0,0.0,0.0,1,1.428,10,0.68,0
-0.15,-0.3,0.55,0.0,0.0,0.0,1,2.166,619,37.17,6
-0.15,-0.3,0.6,0.0,0.0,0.0,1,2.404,510,28.23,5
-0.15,-0.3,0.65,0.0,0.0,0.0,0,44.348,700,41.25,-1
-0.15,-0.3,0.7,0.0,0.0,0.0,1,2.122,9,0.57,0
-0.15,-0.3,0.75,0.0,0.0,0.0,1,1.638,8,0.5,0
-0.15,-0.3,0.8,0.0,0.0,0.0,1,1.455,7,0.49,0
-0.15,-0.3,0.85,0.0,0.0,0.0,1,1.242,7,0.44,0
-0.15,-0.3,0.9,0.0,0.0,0.0,1,0.713,7,0.43,0
-0.15,-0.25,0.35,0.0,0.0,0.0,0,97.03,700,41.31,-1
-0.15,-0.25,0.4,0.0,0.0,0.0,0,40.857,700,41.73,-1
-0.15,-0.25,0.45,0.0,0.0,0.0,0,30.473,700,41.36,-1
-0.15,-0.25,0.5,0.0,0.0,0.0,1,1.771,10,0.68,0
-0.15,-0.25,0.55,0.0,0.0,0.0,0,122.77,700,41.41,-1
-0.15,-0.25,0.6,0.0,0.0,0.0,1,2.774,310,18.37,3
-0.15,-0.25,0.65,0.0,0.0,0.0,0,43.225,700,41.87,-1
-0.15,-0.25,0.7,0.0,0.0,0.0,1,2.219,109,6.67,1
-0.15,-0.25,0.75,0.0,0.0,0.0,1,1.697,7,0.44,0
-0.15,-0.25,0.8,0.0,0.0,0.0,1,2.18,6,0.39,0
-0.15,-0.25,0.85,0.0,0.0,0.0,1,1.156,7,0.43,0
-0.15,-0.25,0.9,0.0,0.0,0.0,1,0.805,7,0.43,0
-0.15,-0.2,0.35,0.0,0.0,0.0,0,108.679,700,41.68,-1
-0.15,-0.2,0.4,0.0,0.0,0.0,0,37.142,700,39.8,-1
-0.15,-0.2,0.45,0.0,0.0,0.0,0,15.156,700,40.96,-1
-0.15,-0.2,0.5,0.0,0.0,0.0,1,2.357,12,0.8,0
-0.15,-0.2,0.55,0.0,0.0,0.0,1,2.276,221,13.27,2
-0.15,-0.2,0.6,0.0,0.0,0.0,1,3.625,600,36.32,5
-0.15,-0.2,0.65,0.0,0.0,0.0,1,3.656,200,11.71,1
-0.15,-0.2,0.7,0.0,0.0,0.0,0,19.441,700,41.15,-1
-0.15,-0.2,0.75,0.0,0.0,0.0,0,19.164,700,39.24,-1
-0.15,-0.2,0.8,0.0,0.0,0.0,1,1.854,9,0.57,0
-0.15,-0.2,0.85,0.0,0.0,0.0,1,2.905,6,0.38,0
-0.15,-0.2,0.9,0.0,0.0,0.0,1,1.17,6,0.37,0
-0.15,-0.15,0.35,0.0,0.0,0.0,0,60.908,700,41.43,-1
-0.15,-0.15,0.4,0.0,0.0,0.0,0,65.646,700,41.21,-1
-0.15,-0.15,0.45,0.0,0.0,0.0,0,29.152,700,39.71,-1
-0.15,-0.15,0.5,0.0,0.0,0.0,1,3.88,100,5.59,0
-0.15,-0.15,0.55,0.0,0.0,0.0,1,2.045,309,18.78,3
-0.15,-0.15,0.6,0.0,0.0,0.0,0,173.444,700,43.36,-1
-0.15,-0.15,0.65,0.0,0.0,0.0,0,156.206,700,43.77,-1
-0.15,-0.15,0.7,0.0,0.0,0.0,1,2.163,214,12.77,2
-0.15,-0.15,0.75,0.0,0.0,0.0,1,1.912,14,0.84,0
-0.15,-0.15,0.8,0.0,0.0,0.0,1,1.401,8,0.54,0
-0.15,-0.15,0.85,0.0,0.0,0.0,1,1.688,6,0.4,0
-0.15,-0.15,0.9,0.0,0.0,0.0,1,0.713,6,0.38,0
-0.15,-0.1,0.35,0.0,0.0,0.0,0,71.499,700,42.29,-1
-0.15,-0.1,0.4,0.0,0.0,0.0,0,58.32,700,42.4,-1
-0.15,-0.1,0.45,0.0,0.0,0.0,0,29.589,700,40.94,-1
-0.15,-0.1,0.5,0.0,0.0,0.0,1,2.341,22,1.36,0
-0.15,-0.1,0.55,0.0,0.0,0.0,1,1.846,508,31.13,5
-0.15,-0.1,0.6,0.0,0.0,0.0,0,212.05,700,43.34,-1
-0.15,-0.1,0.65,0.0,0.0,0.0,1,2.464,315,19.47,3
-0.15,-0.1,0.7,0.0,0.0,0.0,1,2.887,124,7.64,1
-0.15,-0.1,0.75,0.0,0.0,0.0,1,0.731,10,0.61,0
-0.15,-0.1,0.8,0.0,0.0,0.0,1,1.445,9,0.55,0
-0.15,-0.1,0.85,0.0,0.0,0.0,1,2.668,6,0.37,0
-0.15,-0.1,0.9,0.0,0.0,0.0,1,1.587,6,0.38,0
-0.15,-0.05,0.35,0.0,0.0,0.0,0,109.994,700,42.76,-1
-0.15,-0.05,0.4,0.0,0.0,0.0,0,53.441,700,41.98,-1
-0.15,-0.05,0.45,0.0,0.0,0.0,0,34.972,700,40.23,-1
-0.15,-0.05,0.5,0.0,0.0,0.0,1,1.983,309,19.27,3
-0.15,-0.05,0.55,0.0,0.0,0.0,1,2.182,515,31.6,5
-0.15,-0.05,0.6,0.0,0.0,0.0,1,2.247,309,19.14,3
-0.15,-0.05,0.65,0.0,0.0,0.0,0,244.405,700,42.82,-1
-0.15,-0.05,0.7,0.0,0.0,0.0,1,1.857,215,13.25,2
-0.15,-0.05,0.75,0.0,0.0,0.0,1,1.749,9,0.56,0
-0.15,-0.05,0.8,0.0,0.0,0.0,1,1.642,11,0.67,0
-0.15,-0.05,0.85,0.0,0.0,0.0,1,1.693,6,0.42,0
-0.15,-0.05,0.9,0.0,0.0,0.0,1,1.208,7,0.44,0
-0.1,-0.5,0.35,0.0,0.0,0.0,0,159.784,700,41.25,-1
-0.1,-0.5,0.4,0.0,0.0,0.0,0,122.576,700,41.44,-1
-0.1,-0.5,0.45,0.0,0.0,0.0,0,87.302,700,41.15,-1
-0.1,-0.5,0.5,0.0,0.0,0.0,0,54.749,700,40.61,-1
-0.1,-0.5,0.55,0.0,0.0,0.0,0,26.164,700,41.26,-1
-0.1,-0.5,0.6,0.0,0.0,0.0,0,12.471,700,41.23,-1
-0.1,-0.5,0.65,0.0,0.0,0.0,0,46.495,700,41.15,-1
-0.1,-0.5,0.7,0.0,0.0,0.0,1,7.217,100,5.72,0
-0.1,-0.5,0.75,0.0,0.0,0.0,1,2.33,110,6.58,1
-0.1,-0.5,0.8,0.0,0.0,0.0,1,1.508,7,0.44,0
-0.1,-0.5,0.85,0.0,0.0,0.0,1,2.414,8,0.49,0
-0.1,-0.5,0.9,0.0,0.0,0.0,1,2.991,10,0.6,0
-0.1,-0.45,0.35,0.0,0.0,0.0,0,139.818,700,43.5,-1
-0.1,-0.45,0.4,0.0,0.0,0.0,0,100.402,700,43.6,-1
-0.1,-0.45,0.45,0.0,0.0,0.0,0,62.402,700,40.92,-1
-0.1,-0.45,0.5,0.0,0.0,0.0,0,26.533,700,42.33,-1
-0.1,-0.45,0.55,0.0,0.0,0.0,1,2.767,119,7.55,1
-0.1,-0.45,0.6,0.0,0.0,0.0,1,3.523,600,36.1,5
-0.1,-0.45,0.65,0.0,0.0,0.0,1,3.757,400,23.98,3
-0.1,-0.45,0.7,0.0,0.0,0.0,1,3.06,100,5.94,0
-0.1,-0.45,0.75,0.0,0.0,0.0,1,1.696,6,0.39,0
-0.1,-0.45,0.8,0.0,0.0,0.0,1,2.161,11,0.68,0
-0.1,-0.45,0.85,0.0,0.0,0.0,1,1.182,8,0.5,0
-0.1,-0.45,0.9,0.0,0.0,0.0,1,0.588,10,0.61,0
-0.1,-0.4,0.35,0.0,0.0,0.0,0,125.226,700,42.78,-1
-0.1,-0.4,0.4,0.0,0.0,0.0,0,84.016,700,42.34,-1
-0.1,-0.4,0.45,0.0,0.0,0.0,0,43.675,700,42.96,-1
-0.1,-0.4,0.5,0.0,0.0,0.0,1,5.045,100,5.96,0
-0.1,-0.4,0.55,0.0,0.0,0.0,1,2.611,112,6.77,1
-0.1,-0.4,0.6,0.0,0.0,0.0,1,2.896,511,30.96,5
-0.1,-0.4,0.65,0.0,0.0,0.0,1,2.439,313,18.86,3
-0.1,-0.4,0.7,0.0,0.0,0.0,1,1.762,7,0.46,0
-0.1,-0.4,0.75,0.0,0.0,0.0,1,2.082,7,0.45,0
-0.1,-0.4,0.8,0.0,0.0,0.0,1,1.846,7,0.49,0
-0.1,-0.4,0.85,0.0,0.0,0.0,1,0.669,8,0.5,0
-0.1,-0.4,0.9,0.0,0.0,0.0,1,1.062,9,0.56,0
-0.1,-0.35,0.35,0.0,0.0,0.0,0,116.604,700,42.62,-1
-0.1,-0.35,0.4,0.0,0.0,0.0,0,74.254,700,42.02,-1
-0.1,-0.35,0.45,0.0,0.0,0.0,0,32.326,700,42.26,-1
-0.1,-0.35,0.5,0.0,0.0,0.0,1,2.286,13,0.82,0
-0.1,-0.35,0.55,0.0,0.0,0.0,1,2.59,10,0.63,0
-0.1,-0.35,0.6,0.0,0.0,0.0,1,2.784,511,31.05,5
-0.1,-0.35,0.65,0.0,0.0,0.0,0,42.876,700,41.76,-1
-0.1,-0.35,0.7,0.0,0.0,0.0,1,3.05,200,11.69,1
-0.1,-0.35,0.75,0.0,0.0,0.0,1,2.518,7,0.45,0
-0.1,-0.35,0.8,0.0,0.0,0.0,1,1.142,7,0.44,0
-0.1,-0.35,0.85,0.0,0.0,0.0,1,1.496,7,0.44,0
-0.1,-0.35,0.9,0.0,0.0,0.0,1,1.198,11,0.66,0
-0.1,-0.3,0.35,0.0,0.0,0.0,0,71.887,700,41.4,-1
-0.1,-0.3,0.4,0.0,0.0,0.0,0,59.275,700,34.92,-1
-0.1,-0.3,0.45,0.0,0.0,0.0,0,29.268,700,39.43,-1
-0.1,-0.3,0.5,0.0,0.0,0.0,1,2.433,9,0.58,0
-0.1,-0.3,0.55,0.0,0.0,0.0,0,115.832,700,41.38,-1
-0.1,-0.3,0.6,0.0,0.0,0.0,0,67.663,700,41.09,-1
-0.1,-0.3,0.65,0.0,0.0,0.0,0,40.768,700,40.72,-1
-0.1,-0.3,0.7,0.0,0.0,0.0,1,3.076,300,17.56,2
-0.1,-0.3,0.75,0.0,0.0,0.0,1,2.089,7,0.45,0
-0.1,-0.3,0.8,0.0,0.0,0.0,1,1.027,6,0.38,0
-0.1,-0.3,0.85,0.0,0.0,0.0,1,0.928,8,0.48,0
-0.1,-0.3,0.9,0.0,0.0,0.0,1,0.692,7,0.42,0
-0.1,-0.25,0.35,0.0,0.0,0.0,0,90.47,700,41.46,-1
-0.1,-0.25,0.4,0.0,0.0,0.0,0,64.714,700,41.48,-1
-0.1,-0.25,0.45,0.0,0.0,0.0,0,34.966,700,41.03,-1
-0.1,-0.25,0.5,0.0,0.0,0.0,1,3.261,100,5.66,0
-0.1,-0.25,0.55,0.0,0.0,0.0,0,119.767,700,42.15,-1
-0.1,-0.25,0.6,0.0,0.0,0.0,0,76.76,700,41.88,-1
-0.1,-0.25,0.65,0.0,0.0,0.0,0,46.9,700,39.58,-1
-0.1,-0.25,0.7,0.0,0.0,0.0,0,10.624,700,41.48,-1
-0.1,-0.25,0.75,0.0,0.0,0.0,1,1.791,6,0.39,0
-0.1,-0.25,0.8,0.0,0.0,0.0,1,0.842,6,0.39,0
-0.1,-0.25,0.85,0.0,0.0,0.0,1,1.522,6,0.38,0
-0.1,-0.25,0.9,0.0,0.0,0.0,1,0.971,7,0.43,0
-0.1,-0.2,0.35,0.0,0.0,0.0,0,38.074,700,41.82,-1
-0.1,-0.2,0.4,0.0,0.0,0.0,0,76.611,700,41.52,-1
-0.1,-0.2,0.45,0.0,0.0,0.0,0,44.346,700,41.69,-1
-0.1,-0.2,0.5,0.0,0.0,0.0,0,22.32,700,41.73,-1
-0.1,-0.2,0.55,0.0,0.0,0.0,0,26.83,700,42.25,-1
-0.1,-0.2,0.6,0.0,0.0,0.0,0,107.236,700,41.88,-1
-0.1,-0.2,0.65,0.0,0.0,0.0,0,93.352,700,42.25,-1
-0.1,-0.2,0.7,0.0,0.0,0.0,0,39.091,700,42.0,-1
-0.1,-0.2,0.75,0.0,0.0,0.0,0,28.731,700,41.46,-1
-0.1,-0.2,0.8,0.0,0.0,0.0,1,0.849,205,11.95,2
-0.1,-0.2,0.85,0.0,0.0,0.0,1,1.341,8,0.49,0
-0.1,-0.2,0.9,0.0,0.0,0.0,1,0.446,7,0.48,0
-0.1,-0.15,0.35,0.0,0.0,0.0,0,99.727,700,41.42,-1
-0.1,-0.15,0.4,0.0,0.0,0.0,0,33.485,700,41.31,-1
-0.1,-0.15,0.45,0.0,0.0,0.0,0,50.705,700,40.0,-1
-0.1,-0.15,0.5,0.0,0.0,0.0,0,22.521,700,41.55,-1
-0.1,-0.15,0.55,0.0,0.0,0.0,1,2.809,310,19.12,3
-0.1,-0.15,0.6,0.0,0.0,0.0,0,148.087,700,43.31,-1
-0.1,-0.15,0.65,0.0,0.0,0.0,0,139.008,700,42.63,-1
-0.1,-0.15,0.7,0.0,0.0,0.0,0,75.559,700,42.16,-1
-0.1,-0.15,0.75,0.0,0.0,0.0,0,36.437,700,41.3,-1
-0.1,-0.15,0.8,0.0,0.0,0.0,1,6.383,300,15.55,2
-0.1,-0.15,0.85,0.0,0.0,0.0,1,1.818,8,0.5,0
-0.1,-0.15,0.9,0.0,0.0,0.0,1,2.32,6,0.38,0
-0.1,-0.1,0.35,0.0,0.0,0.0,0,34.33,700,42.19,-1
-0.1,-0.1,0.4,0.0,0.0,0.0,0,44.745,700,42.16,-1
-0.1,-0.1,0.45,0.0,0.0,0.0,0,31.843,700,42.2,-1
-0.1,-0.1,0.5,0.0,0.0,0.0,1,7.126,100,5.87,0
-0.1,-0.1,0.55,0.0,0.0,0.0,1,2.501,309,18.98,3
-0.1,-0.1,0.6,0.0,0.0,0.0,1,2.958,308,19.17,3
-0.1,-0.1,0.65,0.0,0.0,0.0,0,186.405,700,42.82,-1
-0.1,-0.1,0.7,0.0,0.0,0.0,0,35.822,700,39.95,-1
-0.1,-0.1,0.75,0.0,0.0,0.0,0,24.486,700,40.89,-1
-0.1,-0.1,0.8,0.0,0.0,0.0,1,1.772,18,1.08,0
-0.1,-0.1,0.85,0.0,0.0,0.0,1,2.367,8,0.5,0
-0.1,-0.1,0.9,0.0,0.0,0.0,1,1.23,7,0.45,0
-0.1,-0.05,0.35,0.0,0.0,0.0,0,41.994,700,42.6,-1
-0.1,-0.05,0.4,0.0,0.0,0.0,0,54.488,700,42.69,-1
-0.1,-0.05,0.45,0.0,0.0,0.0,0,33.493,700,41.8,-1
-0.1,-0.05,0.5,0.0,0.0,0.0,1,2.317,308,18.75,3
-0.1,-0.05,0.55,0.0,0.0,0.0,1,2.6,509,30.96,5
-0.1,-0.05,0.6,0.0,0.0,0.0,1,2.845,307,17.78,3
-0.1,-0.05,0.65,0.0,0.0,0.0,0,170.432,700,42.72,-1
-0.1,-0.05,0.7,0.0,0.0,0.0,1,5.807,400,23.76,3
-0.1,-0.05,0.75,0.0,0.0,0.0,1,1.849,213,12.6,2
-0.1,-0.05,0.8,0.0,0.0,0.0,1,2.207,9,0.55,0
-0.1,-0.05,0.85,0.0,0.0,0.0,1,1.704,6,0.39,0
-0.1,-0.05,0.9,0.0,0.0,0.0,1,2.403,6,0.37,0
-0.05,-0.5,0.35,0.0,0.0,0.0,0,167.03,700,41.97,-1
-0.05,-0.5,0.4,0.0,0.0,0.0,0,130.914,700,40.98,-1
-0.05,-0.5,0.45,0.0,0.0,0.0,0,97.065,700,41.34,-1
-0.05,-0.5,0.5,0.0,0.0,0.0,0,68.845,700,39.61,-1
-0.05,-0.5,0.55,0.0,0.0,0.0,0,53.506,700,41.66,-1
-0.05,-0.5,0.6,0.0,0.0,0.0,0,46.753,700,41.13,-1
-0.05,-0.5,0.65,0.0,0.0,0.0,0,47.628,700,41.57,-1
-0.05,-0.5,0.7,0.0,0.0,0.0,1,5.737,200,11.75,1
-0.05,-0.5,0.75,0.0,0.0,0.0,1,2.083,105,6.26,1
-0.05,-0.5,0.8,0.0,0.0,0.0,1,1.445,8,0.51,0
-0.05,-0.5,0.85,0.0,0.0,0.0,1,1.132,12,0.71,0
-0.05,-0.5,0.9,0.0,0.0,0.0,1,1.239,13,0.78,0
-0.05,-0.45,0.35,0.0,0.0,0.0,0,147.886,700,41.11,-1
-0.05,-0.45,0.4,0.0,0.0,0.0,0,109.753,700,39.19,-1
-0.05,-0.45,0.45,0.0,0.0,0.0,0,73.71,700,41.19,-1
-0.05,-0.45,0.5,0.0,0.0,0.0,0,45.674,700,41.33,-1
-0.05,-0.45,0.55,0.0,0.0,0.0,0,37.888,700,41.01,-1
-0.05,-0.45,0.6,0.0,0.0,0.0,0,23.011,700,39.24,-1
-0.05,-0.45,0.65,0.0,0.0,0.0,0,38.786,700,41.21,-1
-0.05,-0.45,0.7,0.0,0.0,0.0,1,5.696,100,5.71,0
-0.05,-0.45,0.75,0.0,0.0,0.0,1,1.965,6,0.38,0
-0.05,-0.45,0.8,0.0,0.0,0.0,1,1.844,31,1.78,0
-0.05,-0.45,0.85,0.0,0.0,0.0,1,2.971,20,1.16,0
-0.05,-0.45,0.9,0.0,0.0,0.0,1,1.791,8,0.53,0
-0.05,-0.4,0.35,0.0,0.0,0.0,0,134.014,700,41.79,-1
-0.05,-0.4,0.4,0.0,0.0,0.0,0,94.239,700,40.93,-1
-0.05,-0.4,0.45,0.0,0.0,0.0,0,56.475,700,41.43,-1
-0.05,-0.4,0.5,0.0,0.0,0.0,0,31.683,700,39.62,-1
-0.05,-0.4,0.55,0.0,0.0,0.0,0,24.527,700,41.43,-1
-0.05,-0.4,0.6,0.0,0.0,0.0,1,4.22,600,35.06,5
-0.05,-0.4,0.65,0.0,0.0,0.0,0,18.717,700,40.63,-1
-0.05,-0.4,0.7,0.0,0.0,0.0,1,5.687,100,5.61,0
-0.05,-0.4,0.75,0.0,0.0,0.0,1,0.864,6,0.38,0
-0.05,-0.4,0.8,0.0,0.0,0.0,1,0.718,6,0.37,0
-0.05,-0.4,0.85,0.0,0.0,0.0,1,0.282,8,0.53,0
-0.05,-0.4,0.9,0.0,0.0,0.0,1,1.769,8,0.49,0
-0.05,-0.35,0.35,0.0,0.0,0.0,0,125.965,700,40.57,-1
-0.05,-0.35,0.4,0.0,0.0,0.0,0,85.135,700,39.13,-1
-0.05,-0.35,0.45,0.0,0.0,0.0,0,46.352,700,41.74,-1
-0.05,-0.35,0.5,0.0,0.0,0.0,0,26.553,700,40.97,-1
-0.05,-0.35,0.55,0.0,0.0,0.0,0,15.89,700,41.19,-1
-0.05,-0.35,0.6,0.0,0.0,0.0,1,3.775,400,23.14,3
-0.05,-0.35,0.65,0.0,0.0,0.0,1,6.182,100,5.73,0
-0.05,-0.35,0.7,0.0,0.0,0.0,1,5.689,100,5.66,0
-0.05,-0.35,0.75,0.0,0.0,0.0,1,1.363,6,0.38,0
-0.05,-0.35,0.8,0.0,0.0,0.0,1,1.502,4,0.26,0
-0.05,-0.35,0.85,0.0,0.0,0.0,1,2.558,8,0.49,0
-0.05,-0.35,0.9,0.0,0.0,0.0,1,4.645,100,5.64,0
-0.05,-0.3,0.35,0.0,0.0,0.0,0,124.1,700,39.13,-1
-0.05,-0.3,0.4,0.0,0.0,0.0,0,82.981,700,40.94,-1
-0.05,-0.3,0.45,0.0,0.0,0.0,0,43.996,700,41.58,-1
-0.05,-0.3,0.5,0.0,0.0,0.0,0,25.416,700,41.29,-1
-0.05,-0.3,0.55,0.0,0.0,0.0,0,91.828,700,41.29,-1
-0.05,-0.3,0.6,0.0,0.0,0.0,0,39.863,700,40.51,-1
-0.05,-0.3,0.65,0.0,0.0,0.0,1,3.099,100,4.89,0
-0.05,-0.3,0.7,0.0,0.0,0.0,1,5.699,100,4.79,0
-0.05,-0.3,0.75,0.0,0.0,0.0,1,1.466,6,0.43,0
-0.05,-0.3,0.8,0.0,0.0,0.0,1,0.869,6,0.38,0
-0.05,-0.3,0.85,0.0,0.0,0.0,1,2.03,10,0.59,0
-0.05,-0.3,0.9,0.0,0.0,0.0,1,2.646,7,0.43,0
-0.05,-0.25,0.35,0.0,0.0,0.0,0,128.515,700,40.91,-1
-0.05,-0.25,0.4,0.0,0.0,0.0,0,88.048,700,41.79,-1
-0.05,-0.25,0.45,0.0,0.0,0.0,0,50.901,700,42.04,-1
-0.05,-0.25,0.5,0.0,0.0,0.0,0,33.539,700,41.67,-1
-0.05,-0.25,0.55,0.0,0.0,0.0,0,94.214,700,39.95,-1
-0.05,-0.25,0.6,0.0,0.0,0.0,0,53.514,700,41.42,-1
-0.05,-0.25,0.65,0.0,0.0,0.0,0,36.588,700,41.66,-1
-0.05,-0.25,0.7,0.0,0.0,0.0,0,40.77,700,40.49,-1
-0.05,-0.25,0.75,0.0,0.0,0.0,0,28.749,700,40.33,-1
-0.05,-0.25,0.8,0.0,0.0,0.0,1,1.204,4,0.26,0
-0.05,-0.25,0.85,0.0,0.0,0.0,1,1.406,14,0.82,0
-0.05,-0.25,0.9,0.0,0.0,0.0,1,0.884,8,0.48,0
-0.05,-0.2,0.35,0.0,0.0,0.0,0,140.124,700,42.3,-1
-0.05,-0.2,0.4,0.0,0.0,0.0,0,104.203,700,40.81,-1
-0.05,-0.2,0.45,0.0,0.0,0.0,0,75.941,700,41.91,-1
-0.05,-0.2,0.5,0.0,0.0,0.0,0,65.651,700,41.12,-1
-0.05,-0.2,0.55,0.0,0.0,0.0,0,63.217,700,42.36,-1
-0.05,-0.2,0.6,0.0,0.0,0.0,0,92.988,700,40.82,-1
-0.05,-0.2,0.65,0.0,0.0,0.0,0,85.765,700,41.23,-1
-0.05,-0.2,0.7,0.0,0.0,0.0,0,80.964,700,40.46,-1
-0.05,-0.2,0.75,0.0,0.0,0.0,0,63.372,700,40.5,-1
-0.05,-0.2,0.8,0.0,0.0,0.0,0,28.028,700,39.4,-1
-0.05,-0.2,0.85,0.0,0.0,0.0,1,1.447,13,0.77,0
-0.05,-0.2,0.9,0.0,0.0,0.0,1,1.399,7,0.44,0
-0.05,-0.15,0.35,0.0,0.0,0.0,0,109.938,700,41.38,-1
-0.05,-0.15,0.4,0.0,0.0,0.0,0,110.457,700,41.56,-1
-0.05,-0.15,0.45,0.0,0.0,0.0,0,80.389,700,41.56,-1
-0.05,-0.15,0.5,0.0,0.0,0.0,0,52.775,700,41.45,-1
-0.05,-0.15,0.55,0.0,0.0,0.0,0,43.353,700,40.71,-1
-0.05,-0.15,0.6,0.0,0.0,0.0,0,45.08,700,42.22,-1
-0.05,-0.15,0.65,0.0,0.0,0.0,0,134.968,700,42.59,-1
-0.05,-0.15,0.7,0.0,0.0,0.0,0,108.572,700,41.39,-1
-0.05,-0.15,0.75,0.0,0.0,0.0,0,92.141,700,38.21,-1
-0.05,-0.15,0.8,0.0,0.0,0.0,0,35.538,700,40.81,-1
-0.05,-0.15,0.85,0.0,0.0,0.0,1,1.678,7,0.44,0
-0.05,-0.15,0.9,0.0,0.0,0.0,1,1.121,8,0.49,0
-0.05,-0.1,0.35,0.0,0.0,0.0,0,120.574,700,41.91,-1
-0.05,-0.1,0.4,0.0,0.0,0.0,0,97.719,700,41.95,-1
-0.05,-0.1,0.45,0.0,0.0,0.0,0,60.717,700,42.72,-1
-0.05,-0.1,0.5,0.0,0.0,0.0,0,34.851,700,41.89,-1
-0.05,-0.1,0.55,0.0,0.0,0.0,0,27.751,700,40.72,-1
-0.05,-0.1,0.6,0.0,0.0,0.0,0,27.185,700,42.23,-1
-0.05,-0.1,0.65,0.0,0.0,0.0,0,184.135,700,42.68,-1
-0.05,-0.1,0.7,0.0,0.0,0.0,0,75.994,700,41.18,-1
-0.05,-0.1,0.75,0.0,0.0,0.0,0,59.427,700,40.95,-1
-0.05,-0.1,0.8,0.0,0.0,0.0,0,23.706,700,37.31,-1
-0.05,-0.1,0.85,0.0,0.0,0.0,1,1.802,7,0.44,0
-0.05,-0.1,0.9,0.0,0.0,0.0,1,1.437,6,0.38,0
-0.05,-0.05,0.35,0.0,0.0,0.0,0,127.493,700,41.98,-1
-0.05,-0.05,0.4,0.0,0.0,0.0,0,86.797,700,42.52,-1
-0.05,-0.05,0.45,0.0,0.0,0.0,0,48.296,700,42.2,-1
-0.05,-0.05,0.5,0.0,0.0,0.0,0,27.431,700,42.11,-1
-0.05,-0.05,0.55,0.0,0.0,0.0,0,17.139,700,39.98,-1
-0.05,-0.05,0.6,0.0,0.0,0.0,1,3.817,400,24.07,3
-0.05,-0.05,0.65,0.0,0.0,0.0,0,24.877,700,42.23,-1
-0.05,-0.05,0.7,0.0,0.0,0.0,0,34.379,700,40.45,-1
-0.05,-0.05,0.75,0.0,0.0,0.0,0,23.209,700,38.63,-1
-0.05,-0.05,0.8,0.0,0.0,0.0,1,2.885,9,0.55,0
-0.05,-0.05,0.85,0.0,0.0,0.0,1,2.192,6,0.39,0
-0.05,-0.05,0.9,0.0,0.0,0.0,1,1.248,6,0.43,0
-0.0,-0.5,0.35,0.0,0.0,0.0,0,179.895,700,41.7,-1
-0.0,-0.5,0.4,0.0,0.0,0.0,0,147.077,700,41.33,-1
-0.0,-0.5,0.45,0.0,0.0,0.0,0,119.48,700,41.32,-1
-0.0,-0.5,0.5,0.0,0.0,0.0,0,100.556,700,39.49,-1
-0.0,-0.5,0.55,0.0,0.0,0.0,0,94.276,700,41.65,-1
-0.0,-0.5,0.6,0.0,0.0,0.0,0,75.844,700,40.85,-1
-0.0,-0.5,0.65,0.0,0.0,0.0,0,62.006,700,40.19,-1
-0.0,-0.5,0.7,0.0,0.0,0.0,0,22.127,700,40.47,-1
-0.0,-0.5,0.75,0.0,0.0,0.0,1,0.697,105,6.35,1
-0.0,-0.5,0.8,0.0,0.0,0.0,1,1.713,11,0.66,0
-0.0,-0.5,0.85,0.0,0.0,0.0,1,0.982,13,0.52,0
-0.0,-0.5,0.9,0.0,0.0,0.0,1,1.15,10,0.42,0
-0.0,-0.45,0.35,0.0,0.0,0.0,0,162.057,700,40.57,-1
-0.0,-0.45,0.4,0.0,0.0,0.0,0,128.199,700,41.32,-1
-0.0,-0.45,0.45,0.0,0.0,0.0,0,100.598,700,41.26,-1
-0.0,-0.45,0.5,0.0,0.0,0.0,0,84.741,700,38.53,-1
-0.0,-0.45,0.55,0.0,0.0,0.0,0,76.956,700,41.35,-1
-0.0,-0.45,0.6,0.0,0.0,0.0,0,59.982,700,40.7,-1
-0.0,-0.45,0.65,0.0,0.0,0.0,0,23.351,700,40.26,-1
-0.0,-0.45,0.7,0.0,0.0,0.0,1,1.235,5,0.32,0
-0.0,-0.45,0.75,0.0,0.0,0.0,1,0.396,6,0.38,0
-0.0,-0.45,0.8,0.0,0.0,0.0,1,0.848,5,0.32,0
-0.0,-0.45,0.85,0.0,0.0,0.0,1,1.001,6,0.37,0
-0.0,-0.45,0.9,0.0,0.0,0.0,1,0.626,8,0.49,0
-0.0,-0.4,0.35,0.0,0.0,0.0,0,149.4,700,41.45,-1
-0.0,-0.4,0.4,0.0,0.0,0.0,0,114.88,700,39.73,-1
-0.0,-0.4,0.45,0.0,0.0,0.0,0,87.811,700,41.75,-1
-0.0,-0.4,0.5,0.0,0.0,0.0,0,76.048,700,41.57,-1
-0.0,-0.4,0.55,0.0,0.0,0.0,0,63.107,700,39.94,-1
-0.0,-0.4,0.6,0.0,0.0,0.0,0,33.376,700,39.58,-1
-0.0,-0.4,0.65,0.0,0.0,0.0,1,1.605,6,0.39,0
-0.0,-0.4,0.7,0.0,0.0,0.0,1,1.164,5,0.32,0
-0.0,-0.4,0.75,0.0,0.0,0.0,1,0.972,6,0.38,0
-0.0,-0.4,0.8,0.0,0.0,0.0,1,0.373,6,0.37,0
-0.0,-0.4,0.85,0.0,0.0,0.0,1,2.174,13,0.81,0
-0.0,-0.4,0.9,0.0,0.0,0.0,1,2.742,13,0.76,0
-0.0,-0.35,0.35,0.0,0.0,0.0,0,142.375,700,41.15,-1
-0.0,-0.35,0.4,0.0,0.0,0.0,0,107.581,700,41.4,-1
-0.0,-0.35,0.45,0.0,0.0,0.0,0,81.139,700,38.71,-1
-0.0,-0.35,0.5,0.0,0.0,0.0,0,72.056,700,40.93,-1
-0.0,-0.35,0.55,0.0,0.0,0.0,0,54.866,700,41.04,-1
-0.0,-0.35,0.6,0.0,0.0,0.0,0,31.242,700,40.78,-1
-0.0,-0.35,0.65,0.0,0.0,0.0,1,0.685,6,0.38,0
-0.0,-0.35,0.7,0.0,0.0,0.0,1,0.599,5,0.32,0
-0.0,-0.35,0.75,0.0,0.0,0.0,1,0.37,6,0.42,0
-0.0,-0.35,0.8,0.0,0.0,0.0,1,0.603,6,0.37,0
-0.0,-0.35,0.85,0.0,0.0,0.0,1,1.322,14,0.82,0
-0.0,-0.35,0.9,0.0,0.0,0.0,1,1.093,20,1.16,0
-0.0,-0.3,0.35,0.0,0.0,0.0,0,141.26,700,39.97,-1
-0.0,-0.3,0.4,0.0,0.0,0.0,0,106.562,700,41.34,-1
-0.0,-0.3,0.45,0.0,0.0,0.0,0,80.304,700,41.61,-1
-0.0,-0.3,0.5,0.0,0.0,0.0,0,71.492,700,41.08,-1
-0.0,-0.3,0.55,0.0,0.0,0.0,0,75.387,700,39.48,-1
-0.0,-0.3,0.6,0.0,0.0,0.0,0,28.69,700,40.49,-1
-0.0,-0.3,0.65,0.0,0.0,0.0,1,1.557,4,0.27,0
-0.0,-0.3,0.7,0.0,0.0,0.0,1,2.693,6,0.37,0
-0.0,-0.3,0.75,0.0,0.0,0.0,1,0.87,4,0.26,0
-0.0,-0.3,0.8,0.0,0.0,0.0,1,0.438,6,0.38,0
-0.0,-0.3,0.85,0.0,0.0,0.0,1,0.492,13,0.76,0
-0.0,-0.3,0.9,0.0,0.0,0.0,1,1.212,7,0.42,0
-0.0,-0.25,0.35,0.0,0.0,0.0,0,146.112,700,41.67,-1
-0.0,-0.25,0.4,0.0,0.0,0.0,0,184.703,700,39.48,-1
-0.0,-0.25,0.45,0.0,0.0,0.0,0,86.395,700,41.65,-1
-0.0,-0.25,0.5,0.0,0.0,0.0,0,77.413,700,41.85,-1
-0.0,-0.25,0.55,0.0,0.0,0.0,0,88.908,700,41.05,-1
-0.0,-0.25,0.6,0.0,0.0,0.0,0,45.855,700,40.77,-1
-0.0,-0.25,0.65,0.0,0.0,0.0,0,41.408,700,40.43,-1
-0.0,-0.25,0.7,0.0,0.0,0.0,0,52.65,700,39.41,-1
-0.0,-0.25,0.75,0.0,0.0,0.0,0,39.55,700,38.49,-1
-0.0,-0.25,0.8,0.0,0.0,0.0,1,8.778,100,5.75,0
-0.0,-0.25,0.85,0.0,0.0,0.0,1,0.968,6,0.38,0
-0.0,-0.25,0.9,0.0,0.0,0.0,1,0.723,8,0.48,0
-0.0,-0.2,0.35,0.0,0.0,0.0,0,197.97,700,41.83,-1
-0.0,-0.2,0.4,0.0,0.0,0.0,0,159.767,700,41.82,-1
-0.0,-0.2,0.45,0.0,0.0,0.0,0,133.915,700,39.58,-1
-0.0,-0.2,0.5,0.0,0.0,0.0,0,103.755,700,41.5,-1
-0.0,-0.2,0.55,0.0,0.0,0.0,0,105.991,700,42.76,-1
-0.0,-0.2,0.6,0.0,0.0,0.0,0,89.192,700,42.17,-1
-0.0,-0.2,0.65,0.0,0.0,0.0,0,88.604,700,39.58,-1
-0.0,-0.2,0.7,0.0,0.0,0.0,0,102.627,700,40.29,-1
-0.0,-0.2,0.75,0.0,0.0,0.0,0,79.415,700,40.39,-1
-0.0,-0.2,0.8,0.0,0.0,0.0,0,37.297,700,41.11,-1
-0.0,-0.2,0.85,0.0,0.0,0.0,0,19.257,700,37.03,-1
-0.0,-0.2,0.9,0.0,0.0,0.0,1,0.545,6,0.38,0
-0.0,-0.15,0.35,0.0,0.0,0.0,0,170.129,700,42.46,-1
-0.0,-0.15,0.4,0.0,0.0,0.0,0,137.959,700,42.08,-1
-0.0,-0.15,0.45,0.0,0.0,0.0,0,111.242,700,42.79,-1
-0.0,-0.15,0.5,0.0,0.0,0.0,0,93.954,700,40.33,-1
-0.0,-0.15,0.55,0.0,0.0,0.0,0,87.427,700,42.48,-1
-0.0,-0.15,0.6,0.0,0.0,0.0,0,87.632,700,42.49,-1
-0.0,-0.15,0.65,0.0,0.0,0.0,0,137.254,700,42.72,-1
-0.0,-0.15,0.7,0.0,0.0,0.0,0,146.14,700,41.09,-1
-0.0,-0.15,0.75,0.0,0.0,0.0,0,97.081,700,40.93,-1
-0.0,-0.15,0.8,0.0,0.0,0.0,0,47.138,700,40.62,-1
-0.0,-0.15,0.85,0.0,0.0,0.0,1,1.632,7,0.43,0
-0.0,-0.15,0.9,0.0,0.0,0.0,1,2.783,5,0.32,0
-0.0,-0.1,0.35,0.0,0.0,0.0,0,154.862,700,42.43,-1
-0.0,-0.1,0.4,0.0,0.0,0.0,0,121.382,700,40.41,-1
-0.0,-0.1,0.45,0.0,0.0,0.0,0,94.491,700,42.29,-1
-0.0,-0.1,0.5,0.0,0.0,0.0,0,80.477,700,42.31,-1
-0.0,-0.1,0.55,0.0,0.0,0.0,0,69.754,700,40.34,-1
-0.0,-0.1,0.6,0.0,0.0,0.0,0,62.006,700,42.21,-1
-0.0,-0.1,0.65,0.0,0.0,0.0,0,183.568,700,42.61,-1
-0.0,-0.1,0.7,0.0,0.0,0.0,0,97.386,700,41.43,-1
-0.0,-0.1,0.75,0.0,0.0,0.0,0,74.672,700,38.82,-1
-0.0,-0.1,0.8,0.0,0.0,0.0,0,34.112,700,40.28,-1
-0.0,-0.1,0.85,0.0,0.0,0.0,1,2.161,6,0.38,0
-0.0,-0.1,0.9,0.0,0.0,0.0,1,1.624,6,0.42,0
-0.0,-0.05,0.35,0.0,0.0,0.0,0,145.027,700,42.45,-1
-0.0,-0.05,0.4,0.0,0.0,0.0,0,110.688,700,42.33,-1
-0.0,-0.05,0.45,0.0,0.0,0.0,0,84.131,700,41.88,-1
-0.0,-0.05,0.5,0.0,0.0,0.0,0,73.956,700,40.89,-1
-0.0,-0.05,0.55,0.0,0.0,0.0,0,57.841,700,40.98,-1
-0.0,-0.05,0.6,0.0,0.0,0.0,0,28.397,700,42.34,-1
-0.0,-0.05,0.65,0.0,0.0,0.0,0,216.786,700,43.09,-1
-0.0,-0.05,0.7,0.0,0.0,0.0,0,52.053,700,39.68,-1
-0.0,-0.05,0.75,0.0,0.0,0.0,0,34.674,700,41.38,-1
-0.0,-0.05,0.8,0.0,0.0,0.0,1,4.848,100,5.85,0
-0.0,-0.05,0.85,0.0,0.0,0.0,1,2.384,6,0.38,0
-0.0,-0.05,0.9,0.0,0.0,0.0,1,1.8,7,0.43,0
0.05,-0.5,0.35,0.0,0.0,0.0,0,201.246,700,41.83,-1
0.05,-0.5,0.4,0.0,0.0,0.0,0,173.498,700,41.52,-1
0.05,-0.5,0.45,0.0,0.0,0.0,0,152.06,700,38.48,-1
0.05,-0.5,0.5,0.0,0.0,0.0,0,63.425,700,41.52,-1
0.05,-0.5,0.55,0.0,0.0,0.0,0,125.551,700,40.98,-1
0.05,-0.5,0.6,0.0,0.0,0.0,0,66.494,700,40.01,-1
0.05,-0.5,0.65,0.0,0.0,0.0,0,34.495,700,41.05,-1
0.05,-0.5,0.7,0.0,0.0,0.0,1,5.518,100,5.66,0
0.05,-0.5,0.75,0.0,0.0,0.0,1,2.205,11,0.66,0
0.05,-0.5,0.8,0.0,0.0,0.0,1,1.164,25,1.43,0
0.05,-0.5,0.85,0.0,0.0,0.0,1,1.055,7,0.43,0
0.05,-0.5,0.9,0.0,0.0,0.0,1,2.681,14,0.87,0
0.05,-0.45,0.35,0.0,0.0,0.0,0,185.563,700,41.77,-1
0.05,-0.45,0.4,0.0,0.0,0.0,0,157.696,700,39.56,-1
0.05,-0.45,0.45,0.0,0.0,0.0,0,137.265,700,41.49,-1
0.05,-0.45,0.5,0.0,0.0,0.0,0,127.451,700,41.22,-1
0.05,-0.45,0.55,0.0,0.0,0.0,0,105.647,700,41.29,-1
0.05,-0.45,0.6,0.0,0.0,0.0,0,64.665,700,39.04,-1
0.05,-0.45,0.65,0.0,0.0,0.0,0,38.378,700,40.88,-1
0.05,-0.45,0.7,0.0,0.0,0.0,1,5.543,100,5.62,0
0.05,-0.45,0.75,0.0,0.0,0.0,1,2.469,6,0.43,0
0.05,-0.45,0.8,0.0,0.0,0.0,1,2.749,6,0.37,0
0.05,-0.45,0.85,0.0,0.0,0.0,1,1.485,6,0.37,0
0.05,-0.45,0.9,0.0,0.0,0.0,1,0.463,7,0.43,0
0.05,-0.4,0.35,0.0,0.0,0.0,0,263.427,700,41.59,-1
0.05,-0.4,0.4,0.0,0.0,0.0,0,147.062,700,39.51,-1
0.05,-0.4,0.45,0.0,0.0,0.0,0,127.781,700,41.55,-1
0.05,-0.4,0.5,0.0,0.0,0.0,0,72.405,700,41.5,-1
0.05,-0.4,0.55,0.0,0.0,0.0,0,74.43,700,39.57,-1
0.05,-0.4,0.6,0.0,0.0,0.0,0,52.239,700,40.78,-1
0.05,-0.4,0.65,0.0,0.0,0.0,0,18.713,700,40.42,-1
0.05,-0.4,0.7,0.0,0.0,0.0,1,5.581,100,5.76,0
0.05,-0.4,0.75,0.0,0.0,0.0,1,2.244,7,0.44,0
0.05,-0.4,0.8,0.0,0.0,0.0,1,0.769,8,0.49,0
0.05,-0.4,0.85,0.0,0.0,0.0,1,0.605,19,1.09,0
0.05,-0.4,0.9,0.0,0.0,0.0,1,5.539,100,5.6,0
0.05,-0.35,0.35,0.0,0.0,0.0,0,272.964,700,39.61,-1
0.05,-0.35,0.4,0.0,0.0,0.0,0,141.707,700,41.43,-1
0.05,-0.35,0.45,0.0,0.0,0.0,0,123.228,700,41.43,-1
0.05,-0.35,0.5,0.0,0.0,0.0,0,116.77,700,38.16,-1
0.05,-0.35,0.55,0.0,0.0,0.0,0,74.003,700,41.16,-1
0.05,-0.35,0.6,0.0,0.0,0.0,0,42.002,700,40.83,-1
0.05,-0.35,0.65,0.0,0.0,0.0,1,6.177,100,5.74,0
0.05,-0.35,0.7,0.0,0.0,0.0,1,5.619,100,5.58,0
0.05,-0.35,0.75,0.0,0.0,0.0,1,2.489,7,0.43,0
0.05,-0.35,0.8,0.0,0.0,0.0,1,0.808,8,0.57,0
0.05,-0.35,0.85,0.0,0.0,0.0,1,0.647,9,0.54,0
0.05,-0.35,0.9,0.0,0.0,0.0,1,0.949,6,0.37,0
0.05,-0.3,0.35,0.0,0.0,0.0,0,247.642,700,39.72,-1
0.05,-0.3,0.4,0.0,0.0,0.0,0,125.51,700,41.65,-1
0.05,-0.3,0.45,0.0,0.0,0.0,0,219.035,700,41.37,-1
0.05,-0.3,0.5,0.0,0.0,0.0,0,175.547,700,41.41,-1
0.05,-0.3,0.55,0.0,0.0,0.0,0,86.208,700,38.27,-1
0.05,-0.3,0.6,0.0,0.0,0.0,0,39.863,700,40.85,-1
0.05,-0.3,0.65,0.0,0.0,0.0,1,2.127,106,6.21,1
0.05,-0.3,0.7,0.0,0.0,0.0,1,5.959,100,5.71,0
0.05,-0.3,0.75,0.0,0.0,0.0,1,2.988,7,0.43,0
0.05,-0.3,0.8,0.0,0.0,0.0,1,1.128,7,0.43,0
0.05,-0.3,0.85,0.0,0.0,0.0,1,1.476,5,0.32,0
0.05,-0.3,0.9,0.0,0.0,0.0,1,0.882,6,0.37,0
0.05,-0.25,0.35,0.0,0.0,0.0,0,226.534,700,42.02,-1
0.05,-0.25,0.4,0.0,0.0,0.0,0,167.637,700,41.85,-1
0.05,-0.25,0.45,0.0,0.0,0.0,0,97.681,700,39.93,-1
0.05,-0.25,0.5,0.0,0.0,0.0,0,165.747,700,41.71,-1
0.05,-0.25,0.55,0.0,0.0,0.0,0,98.971,700,41.84,-1
0.05,-0.25,0.6,0.0,0.0,0.0,0,53.514,700,38.57,-1
0.05,-0.25,0.65,0.0,0.0,0.0,0,62.189,700,41.37,-1
0.05,-0.25,0.7,0.0,0.0,0.0,0,40.709,700,40.77,-1
0.05,-0.25,0.75,0.0,0.0,0.0,0,28.748,700,40.13,-1
0.05,-0.25,0.8,0.0,0.0,0.0,1,0.707,5,0.32,0
0.05,-0.25,0.85,0.0,0.0,0.0,1,2.777,9,0.54,0
0.05,-0.25,0.9,0.0,0.0,0.0,1,1.248,5,0.31,0
0.05,-0.2,0.35,0.0,0.0,0.0,0,219.384,700,40.27,-1
0.05,-0.2,0.4,0.0,0.0,0.0,0,166.491,700,42.11,-1
0.05,-0.2,0.45,0.0,0.0,0.0,0,170.127,700,41.91,-1
0.05,-0.2,0.5,0.0,0.0,0.0,0,156.316,700,40.38,-1
0.05,-0.2,0.55,0.0,0.0,0.0,0,121.481,700,42.22,-1
0.05,-0.2,0.6,0.0,0.0,0.0,0,92.988,700,42.53,-1
0.05,-0.2,0.65,0.0,0.0,0.0,0,92.675,700,40.13,-1
0.05,-0.2,0.7,0.0,0.0,0.0,0,81.19,700,40.93,-1
0.05,-0.2,0.75,0.0,0.0,0.0,0,63.368,700,40.28,-1
0.05,-0.2,0.8,0.0,0.0,0.0,0,28.005,700,39.46,-1
0.05,-0.2,0.85,0.0,0.0,0.0,1,1.361,6,0.38,0
0.05,-0.2,0.9,0.0,0.0,0.0,1,2.618,4,0.26,0
0.05,-0.15,0.35,0.0,0.0,0.0,0,197.331,700,42.0,-1
0.05,-0.15,0.4,0.0,0.0,0.0,0,170.723,700,42.18,-1
0.05,-0.15,0.45,0.0,0.0,0.0,0,150.284,700,40.16,-1
0.05,-0.15,0.5,0.0,0.0,0.0,0,138.323,700,41.54,-1
0.05,-0.15,0.55,0.0,0.0,0.0,0,130.46,700,41.87,-1
0.05,-0.15,0.6,0.0,0.0,0.0,0,129.824,700,40.68,-1
0.05,-0.15,0.65,0.0,0.0,0.0,0,113.767,700,43.03,-1
0.05,-0.15,0.7,0.0,0.0,0.0,0,108.495,700,41.24,-1
0.05,-0.15,0.75,0.0,0.0,0.0,0,80.24,700,39.62,-1
0.05,-0.15,0.8,0.0,0.0,0.0,0,35.592,700,40.43,-1
0.05,-0.15,0.85,0.0,0.0,0.0,1,1.963,6,0.43,0
0.05,-0.15,0.9,0.0,0.0,0.0,1,2.056,5,0.32,0
0.05,-0.1,0.35,0.0,0.0,0.0,0,182.729,700,39.99,-1
0.05,-0.1,0.4,0.0,0.0,0.0,0,155.626,700,42.22,-1
0.05,-0.1,0.45,0.0,0.0,0.0,0,135.855,700,41.79,-1
0.05,-0.1,0.5,0.0,0.0,0.0,0,126.571,700,39.62,-1
0.05,-0.1,0.55,0.0,0.0,0.0,0,109.024,700,41.71,-1
0.05,-0.1,0.6,0.0,0.0,0.0,0,87.457,700,43.2,-1
0.05,-0.1,0.65,0.0,0.0,0.0,0,149.728,700,41.53,-1
0.05,-0.1,0.7,0.0,0.0,0.0,0,118.535,700,41.32,-1
0.05,-0.1,0.75,0.0,0.0,0.0,0,75.634,700,41.42,-1
0.05,-0.1,0.8,0.0,0.0,0.0,0,45.067,700,39.36,-1
0.05,-0.1,0.85,0.0,0.0,0.0,0,10.648,700,40.44,-1
0.05,-0.1,0.9,0.0,0.0,0.0,1,2.85,6,0.38,0
0.05,-0.05,0.35,0.0,0.0,0.0,0,173.109,700,42.5,-1
0.05,-0.05,0.4,0.0,0.0,0.0,0,145.768,700,39.93,-1
0.05,-0.05,0.45,0.0,0.0,0.0,0,126.853,700,42.02,-1
0.05,-0.05,0.5,0.0,0.0,0.0,0,120.234,700,41.32,-1
0.05,-0.05,0.55,0.0,0.0,0.0,0,88.242,700,40.77,-1
0.05,-0.05,0.6,0.0,0.0,0.0,0,50.452,700,43.23,-1
0.05,-0.05,0.65,0.0,0.0,0.0,0,188.042,700,41.97,-1
0.05,-0.05,0.7,0.0,0.0,0.0,0,90.343,700,41.17,-1
0.05,-0.05,0.75,0.0,0.0,0.0,0,60.486,700,41.3,-1
0.05,-0.05,0.8,0.0,0.0,0.0,0,28.23,700,39.05,-1
0.05,-0.05,0.85,0.0,0.0,0.0,1,3.262,100,5.65,0
0.05,-0.05,0.9,0.0,0.0,0.0,1,2.848,7,0.44,0
0.1,-0.5,0.35,0.0,0.0,0.0,0,230.903,700,41.32,-1
0.1,-0.5,0.4,0.0,0.0,0.0,0,198.831,700,41.57,-1
0.1,-0.5,0.45,0.0,0.0,0.0,0,166.034,700,38.56,-1
0.1,-0.5,0.5,0.0,0.0,0.0,0,133.157,700,41.38,-1
0.1,-0.5,0.55,0.0,0.0,0.0,0,100.475,700,41.36,-1
0.1,-0.5,0.6,0.0,0.0,0.0,0,67.066,700,39.96,-1
0.1,-0.5,0.65,0.0,0.0,0.0,0,29.627,700,41.32,-1
0.1,-0.5,0.7,0.0,0.0,0.0,1,6.323,100,5.79,0
0.1,-0.5,0.75,0.0,0.0,0.0,1,2.014,8,0.48,0
0.1,-0.5,0.8,0.0,0.0,0.0,1,1.592,6,0.42,0
0.1,-0.5,0.85,0.0,0.0,0.0,1,0.426,10,0.59,0
0.1,-0.5,0.9,0.0,0.0,0.0,1,1.984,11,0.65,0
0.1,-0.45,0.35,0.0,0.0,0.0,0,202.612,700,40.8,-1
0.1,-0.45,0.4,0.0,0.0,0.0,0,193.236,700,39.93,-1
0.1,-0.45,0.45,0.0,0.0,0.0,0,176.418,700,41.3,-1
0.1,-0.45,0.5,0.0,0.0,0.0,0,165.139,700,41.1,-1
0.1,-0.45,0.55,0.0,0.0,0.0,0,96.58,700,39.98,-1
0.1,-0.45,0.6,0.0,0.0,0.0,0,70.99,700,41.65,-1
0.1,-0.45,0.65,0.0,0.0,0.0,0,34.184,700,41.23,-1
0.1,-0.45,0.7,0.0,0.0,0.0,1,8.225,100,5.72,0
0.1,-0.45,0.75,0.0,0.0,0.0,1,1.412,8,0.48,0
0.1,-0.45,0.8,0.0,0.0,0.0,1,1.479,6,0.37,0
0.1,-0.45,0.85,0.0,0.0,0.0,1,1.906,7,0.42,0
0.1,-0.45,0.9,0.0,0.0,0.0,1,0.348,9,0.58,0
0.1,-0.4,0.35,0.0,0.0,0.0,0,151.904,700,38.58,-1
0.1,-0.4,0.4,0.0,0.0,0.0,0,242.193,700,41.92,-1
0.1,-0.4,0.45,0.0,0.0,0.0,0,149.628,700,41.81,-1
0.1,-0.4,0.5,0.0,0.0,0.0,0,63.327,700,39.75,-1
0.1,-0.4,0.55,0.0,0.0,0.0,0,111.738,700,42.23,-1
0.1,-0.4,0.6,0.0,0.0,0.0,0,56.42,700,40.76,-1
0.1,-0.4,0.65,0.0,0.0,0.0,0,40.73,700,42.02,-1
0.1,-0.4,0.7,0.0,0.0,0.0,1,9.644,100,5.93,0
0.1,-0.4,0.75,0.0,0.0,0.0,1,1.451,8,0.49,0
0.1,-0.4,0.8,0.0,0.0,0.0,1,2.719,11,0.65,0
0.1,-0.4,0.85,0.0,0.0,0.0,1,0.652,7,0.43,0
0.1,-0.4,0.9,0.0,0.0,0.0,1,2.58,6,0.37,0
0.1,-0.35,0.35,0.0,0.0,0.0,0,257.116,700,39.96,-1
0.1,-0.35,0.4,0.0,0.0,0.0,0,223.894,700,40.9,-1
0.1,-0.35,0.45,0.0,0.0,0.0,0,111.648,700,42.02,-1
0.1,-0.35,0.5,0.0,0.0,0.0,0,124.356,700,41.92,-1
0.1,-0.35,0.55,0.0,0.0,0.0,0,31.991,700,39.82,-1
0.1,-0.35,0.6,0.0,0.0,0.0,0,68.882,700,42.33,-1
0.1,-0.35,0.65,0.0,0.0,0.0,0,42.876,700,40.66,-1
0.1,-0.35,0.7,0.0,0.0,0.0,1,3.733,600,32.55,5
0.1,-0.35,0.75,0.0,0.0,0.0,1,2.549,10,0.6,0
0.1,-0.35,0.8,0.0,0.0,0.0,1,2.087,7,0.43,0
0.1,-0.35,0.85,0.0,0.0,0.0,1,2.658,5,0.31,0
0.1,-0.35,0.9,0.0,0.0,0.0,1,1.55,5,0.35,0
0.1,-0.3,0.35,0.0,0.0,0.0,0,227.627,700,41.44,-1
0.1,-0.3,0.4,0.0,0.0,0.0,0,108.083,700,41.52,-1
0.1,-0.3,0.45,0.0,0.0,0.0,0,65.473,700,40.08,-1
0.1,-0.3,0.5,0.0,0.0,0.0,0,119.638,700,41.49,-1
0.1,-0.3,0.55,0.0,0.0,0.0,0,85.26,700,40.11,-1
0.1,-0.3,0.6,0.0,0.0,0.0,0,67.644,700,41.99,-1
0.1,-0.3,0.65,0.0,0.0,0.0,0,46.379,700,40.73,-1
0.1,-0.3,0.7,0.0,0.0,0.0,1,4.199,500,26.96,4
0.1,-0.3,0.75,0.0,0.0,0.0,1,1.631,8,0.49,0
0.1,-0.3,0.8,0.0,0.0,0.0,1,2.934,5,0.32,0
0.1,-0.3,0.85,0.0,0.0,0.0,1,0.886,5,0.31,0
0.1,-0.3,0.9,0.0,0.0,0.0,1,2.139,5,0.31,0
0.1,-0.25,0.35,0.0,0.0,0.0,0,178.669,700,42.06,-1
0.1,-0.25,0.4,0.0,0.0,0.0,0,228.563,700,41.75,-1
0.1,-0.25,0.45,0.0,0.0,0.0,0,90.848,700,40.28,-1
0.1,-0.25,0.5,0.0,0.0,0.0,0,150.517,700,41.73,-1
0.1,-0.25,0.55,0.0,0.0,0.0,0,104.151,700,41.79,-1
0.1,-0.25,0.6,0.0,0.0,0.0,0,76.734,700,40.52,-1
0.1,-0.25,0.65,0.0,0.0,0.0,0,45.981,700,41.98,-1
0.1,-0.25,0.7,0.0,0.0,0.0,0,11.518,700,41.06,-1
0.1,-0.25,0.75,0.0,0.0,0.0,1,2.201,7,0.44,0
0.1,-0.25,0.8,0.0,0.0,0.0,1,2.377,5,0.31,0
0.1,-0.25,0.85,0.0,0.0,0.0,1,1.368,4,0.25,0
0.1,-0.25,0.9,0.0,0.0,0.0,1,0.789,4,0.25,0
0.1,-0.2,0.35,0.0,0.0,0.0,0,222.34,700,40.28,-1
0.1,-0.2,0.4,0.0,0.0,0.0,0,171.146,700,42.05,-1
0.1,-0.2,0.45,0.0,0.0,0.0,0,190.042,700,42.68,-1
0.1,-0.2,0.5,0.0,0.0,0.0,0,165.04,700,40.55,-1
0.1,-0.2,0.55,0.0,0.0,0.0,0,135.836,700,42.34,-1
0.1,-0.2,0.6,0.0,0.0,0.0,0,100.207,700,43.62,-1
0.1,-0.2,0.65,0.0,0.0,0.0,0,58.791,700,40.42,-1
0.1,-0.2,0.7,0.0,0.0,0.0,0,39.069,700,41.39,-1
0.1,-0.2,0.75,0.0,0.0,0.0,0,27.263,700,41.37,-1
0.1,-0.2,0.8,0.0,0.0,0.0,1,1.175,6,0.38,0
0.1,-0.2,0.85,0.0,0.0,0.0,1,1.566,5,0.32,0
0.1,-0.2,0.9,0.0,0.0,0.0,1,1.338,5,0.31,0
0.1,-0.15,0.35,0.0,0.0,0.0,0,203.717,700,42.03,-1
0.1,-0.15,0.4,0.0,0.0,0.0,0,179.016,700,39.8,-1
0.1,-0.15,0.45,0.0,0.0,0.0,0,192.375,700,43.41,-1
0.1,-0.15,0.5,0.0,0.0,0.0,0,187.456,700,42.45,-1
0.1,-0.15,0.55,0.0,0.0,0.0,0,163.984,700,42.91,-1
0.1,-0.15,0.6,0.0,0.0,0.0,0,117.479,700,42.54,-1
0.1,-0.15,0.65,0.0,0.0,0.0,0,86.995,700,42.55,-1
0.1,-0.15,0.7,0.0,0.0,0.0,0,75.48,700,41.36,-1
0.1,-0.15,0.75,0.0,0.0,0.0,0,59.241,700,41.43,-1
0.1,-0.15,0.8,0.0,0.0,0.0,0,29.758,700,38.78,-1
0.1,-0.15,0.85,0.0,0.0,0.0,1,1.94,6,0.38,0
0.1,-0.15,0.9,0.0,0.0,0.0,1,1.397,7,0.43,0
0.1,-0.1,0.35,0.0,0.0,0.0,0,216.816,700,42.37,-1
0.1,-0.1,0.4,0.0,0.0,0.0,0,194.727,700,40.63,-1
0.1,-0.1,0.45,0.0,0.0,0.0,0,179.437,700,42.32,-1
0.1,-0.1,0.5,0.0,0.0,0.0,0,163.49,700,43.5,-1
0.1,-0.1,0.55,0.0,0.0,0.0,0,131.708,700,42.21,-1
0.1,-0.1,0.6,0.0,0.0,0.0,0,111.958,700,43.81,-1
0.1,-0.1,0.65,0.0,0.0,0.0,0,126.458,700,43.63,-1
0.1,-0.1,0.7,0.0,0.0,0.0,0,118.743,700,38.19,-1
0.1,-0.1,0.75,0.0,0.0,0.0,0,95.667,700,41.42,-1
0.1,-0.1,0.8,0.0,0.0,0.0,0,63.365,700,40.56,-1
0.1,-0.1,0.85,0.0,0.0,0.0,0,28.099,700,40.41,-1
0.1,-0.1,0.9,0.0,0.0,0.0,1,1.697,7,0.49,0
0.1,-0.05,0.35,0.0,0.0,0.0,0,207.591,700,40.46,-1
0.1,-0.05,0.4,0.0,0.0,0.0,0,185.579,700,41.73,-1
0.1,-0.05,0.45,0.0,0.0,0.0,0,171.179,700,42.53,-1
0.1,-0.05,0.5,0.0,0.0,0.0,0,149.256,700,43.59,-1
0.1,-0.05,0.55,0.0,0.0,0.0,0,153.605,700,42.03,-1
0.1,-0.05,0.6,0.0,0.0,0.0,0,109.165,700,43.0,-1
0.1,-0.05,0.65,0.0,0.0,0.0,0,68.275,700,41.31,-1
0.1,-0.05,0.7,0.0,0.0,0.0,0,128.751,700,41.47,-1
0.1,-0.05,0.75,0.0,0.0,0.0,0,94.45,700,41.52,-1
0.1,-0.05,0.8,0.0,0.0,0.0,0,63.706,700,38.57,-1
0.1,-0.05,0.85,0.0,0.0,0.0,0,28.123,700,40.36,-1
0.1,-0.05,0.9,0.0,0.0,0.0,1,4.986,100,5.76,0
0.15,-0.5,0.35,0.0,0.0,0.0,0,225.211,700,41.75,-1
0.15,-0.5,0.4,0.0,0.0,0.0,0,192.844,700,39.55,-1
0.15,-0.5,0.45,0.0,0.0,0.0,0,160.886,700,41.36,-1
0.15,-0.5,0.5,0.0,0.0,0.0,0,129.462,700,40.5,-1
0.15,-0.5,0.55,0.0,0.0,0.0,0,98.082,700,38.57,-1
0.15,-0.5,0.6,0.0,0.0,0.0,0,65.22,700,40.77,-1
0.15,-0.5,0.65,0.0,0.0,0.0,0,31.311,700,38.93,-1
0.15,-0.5,0.7,0.0,0.0,0.0,1,2.459,205,12.16,2
0.15,-0.5,0.75,0.0,0.0,0.0,0,12.945,700,39.37,-1
0.15,-0.5,0.8,0.0,0.0,0.0,1,1.551,5,0.32,0
0.15,-0.5,0.85,0.0,0.0,0.0,1,2.558,8,0.49,0
0.15,-0.5,0.9,0.0,0.0,0.0,1,4.165,100,5.71,0
0.15,-0.45,0.35,0.0,0.0,0.0,0,227.758,700,41.59,-1
0.15,-0.45,0.4,0.0,0.0,0.0,0,200.413,700,39.45,-1
0.15,-0.45,0.45,0.0,0.0,0.0,0,171.069,700,41.27,-1
0.15,-0.45,0.5,0.0,0.0,0.0,0,139.131,700,38.99,-1
0.15,-0.45,0.55,0.0,0.0,0.0,0,105.337,700,40.93,-1
0.15,-0.45,0.6,0.0,0.0,0.0,0,70.209,700,41.85,-1
0.15,-0.45,0.65,0.0,0.0,0.0,0,33.327,700,40.51,-1
0.15,-0.45,0.7,0.0,0.0,0.0,1,6.2,200,11.74,1
0.15,-0.45,0.75,0.0,0.0,0.0,1,1.709,21,1.2,0
0.15,-0.45,0.8,0.0,0.0,0.0,1,2.109,8,0.48,0
0.15,-0.45,0.85,0.0,0.0,0.0,1,0.529,8,0.47,0
0.15,-0.45,0.9,0.0,0.0,0.0,1,2.533,8,0.52,0
0.15,-0.4,0.35,0.0,0.0,0.0,0,243.879,700,41.05,-1
0.15,-0.4,0.4,0.0,0.0,0.0,0,198.16,700,39.08,-1
0.15,-0.4,0.45,0.0,0.0,0.0,0,202.401,700,41.09,-1
0.15,-0.4,0.5,0.0,0.0,0.0,0,161.043,700,41.29,-1
0.15,-0.4,0.55,0.0,0.0,0.0,0,113.202,700,39.11,-1
0.15,-0.4,0.6,0.0,0.0,0.0,0,75.524,700,42.05,-1
0.15,-0.4,0.65,0.0,0.0,0.0,0,44.435,700,41.83,-1
0.15,-0.4,0.7,0.0,0.0,0.0,1,5.342,100,5.64,0
0.15,-0.4,0.75,0.0,0.0,0.0,1,1.636,9,0.59,0
0.15,-0.4,0.8,0.0,0.0,0.0,1,2.948,5,0.33,0
0.15,-0.4,0.85,0.0,0.0,0.0,1,0.802,6,0.36,0
0.15,-0.4,0.9,0.0,0.0,0.0,1,0.5,6,0.37,0
0.15,-0.35,0.35,0.0,0.0,0.0,0,271.62,700,39.72,-1
0.15,-0.35,0.4,0.0,0.0,0.0,0,229.255,700,41.73,-1
0.15,-0.35,0.45,0.0,0.0,0.0,0,183.967,700,41.55,-1
0.15,-0.35,0.5,0.0,0.0,0.0,0,70.187,700,39.65,-1
0.15,-0.35,0.55,0.0,0.0,0.0,0,27.5,700,41.39,-1
0.15,-0.35,0.6,0.0,0.0,0.0,0,49.648,700,39.61,-1
0.15,-0.35,0.65,0.0,0.0,0.0,0,36.906,700,40.98,-1
0.15,-0.35,0.7,0.0,0.0,0.0,1,2.989,7,0.44,0
0.15,-0.35,0.75,0.0,0.0,0.0,1,1.54,19,1.09,0
0.15,-0.35,0.8,0.0,0.0,0.0,1,1.61,5,0.32,0
0.15,-0.35,0.85,0.0,0.0,0.0,1,1.046,6,0.37,0
0.15,-0.35,0.9,0.0,0.0,0.0,1,0.446,5,0.31,0
0.15,-0.3,0.35,0.0,0.0,0.0,0,241.45,700,41.87,-1
0.15,-0.3,0.4,0.0,0.0,0.0,0,167.749,700,42.01,-1
0.15,-0.3,0.45,0.0,0.0,0.0,0,165.162,700,41.67,-1
0.15,-0.3,0.5,0.0,0.0,0.0,0,158.174,700,41.77,-1
0.15,-0.3,0.55,0.0,0.0,0.0,0,126.968,700,41.67,-1
0.15,-0.3,0.6,0.0,0.0,0.0,0,34.374,700,42.04,-1
0.15,-0.3,0.65,0.0,0.0,0.0,0,39.979,700,41.75,-1
0.15,-0.3,0.7,0.0,0.0,0.0,1,6.325,100,5.6,0
0.15,-0.3,0.75,0.0,0.0,0.0,1,1.579,18,1.04,0
0.15,-0.3,0.8,0.0,0.0,0.0,1,1.751,126,7.15,1
0.15,-0.3,0.85,0.0,0.0,0.0,1,0.655,4,0.26,0
0.15,-0.3,0.9,0.0,0.0,0.0,1,2.041,4,0.26,0
0.15,-0.25,0.35,0.0,0.0,0.0,0,180.43,700,41.76,-1
0.15,-0.25,0.4,0.0,0.0,0.0,0,186.609,700,41.33,-1
0.15,-0.25,0.45,0.0,0.0,0.0,0,97.256,700,42.39,-1
0.15,-0.25,0.5,0.0,0.0,0.0,0,118.614,700,40.9,-1
0.15,-0.25,0.55,0.0,0.0,0.0,0,131.993,700,42.41,-1
0.15,-0.25,0.6,0.0,0.0,0.0,0,87.591,700,41.99,-1
0.15,-0.25,0.65,0.0,0.0,0.0,0,42.704,700,41.42,-1
0.15,-0.25,0.7,0.0,0.0,0.0,0,10.465,700,39.59,-1
0.15,-0.25,0.75,0.0,0.0,0.0,0,14.813,700,39.29,-1
0.15,-0.25,0.8,0.0,0.0,0.0,1,2.979,4,0.26,0
0.15,-0.25,0.85,0.0,0.0,0.0,1,1.109,6,0.37,0
0.15,-0.25,0.9,0.0,0.0,0.0,1,1.349,6,0.43,0
0.15,-0.2,0.35,0.0,0.0,0.0,0,204.313,700,40.26,-1
0.15,-0.2,0.4,0.0,0.0,0.0,0,181.632,700,42.06,-1
0.15,-0.2,0.45,0.0,0.0,0.0,0,162.545,700,42.4,-1
0.15,-0.2,0.5,0.0,0.0,0.0,0,170.522,700,42.92,-1
0.15,-0.2,0.55,0.0,0.0,0.0,0,136.696,700,39.95,-1
0.15,-0.2,0.6,0.0,0.0,0.0,0,91.855,700,42.99,-1
0.15,-0.2,0.65,0.0,0.0,0.0,0,48.045,700,42.68,-1
0.15,-0.2,0.7,0.0,0.0,0.0,0,19.303,700,40.37,-1
0.15,-0.2,0.75,0.0,0.0,0.0,0,13.068,700,41.43,-1
0.15,-0.2,0.8,0.0,0.0,0.0,1,1.95,7,0.44,0
0.15,-0.2,0.85,0.0,0.0,0.0,1,1.457,207,11.98,2
0.15,-0.2,0.9,0.0,0.0,0.0,1,2.586,12,0.71,0
0.15,-0.15,0.35,0.0,0.0,0.0,0,203.915,700,42.4,-1
0.15,-0.15,0.4,0.0,0.0,0.0,0,181.674,700,42.35,-1
0.15,-0.15,0.45,0.0,0.0,0.0,0,229.409,700,42.98,-1
0.15,-0.15,0.5,0.0,0.0,0.0,0,189.731,700,42.7,-1
0.15,-0.15,0.55,0.0,0.0,0.0,0,150.871,700,42.34,-1
0.15,-0.15,0.6,0.0,0.0,0.0,0,111.822,700,41.27,-1
0.15,-0.15,0.65,0.0,0.0,0.0,0,79.535,700,42.32,-1
0.15,-0.15,0.7,0.0,0.0,0.0,0,66.084,700,40.43,-1
0.15,-0.15,0.75,0.0,0.0,0.0,0,57.24,700,40.47,-1
0.15,-0.15,0.8,0.0,0.0,0.0,0,35.717,700,40.3,-1
0.15,-0.15,0.85,0.0,0.0,0.0,1,6.322,200,11.6,1
0.15,-0.15,0.9,0.0,0.0,0.0,1,1.543,209,12.13,2
0.15,-0.1,0.35,0.0,0.0,0.0,0,213.128,700,41.97,-1
0.15,-0.1,0.4,0.0,0.0,0.0,0,273.211,700,42.61,-1
0.15,-0.1,0.45,0.0,0.0,0.0,0,223.777,700,40.93,-1
0.15,-0.1,0.5,0.0,0.0,0.0,0,207.196,700,42.17,-1
0.15,-0.1,0.55,0.0,0.0,0.0,0,173.442,700,42.95,-1
0.15,-0.1,0.6,0.0,0.0,0.0,0,144.923,700,42.89,-1
0.15,-0.1,0.65,0.0,0.0,0.0,0,121.629,700,39.56,-1
0.15,-0.1,0.7,0.0,0.0,0.0,0,113.044,700,41.02,-1
0.15,-0.1,0.75,0.0,0.0,0.0,0,98.896,700,40.3,-1
0.15,-0.1,0.8,0.0,0.0,0.0,0,69.756,700,38.76,-1
0.15,-0.1,0.85,0.0,0.0,0.0,0,34.093,700,40.38,-1
0.15,-0.1,0.9,0.0,0.0,0.0,1,1.705,110,6.39,1
0.15,-0.05,0.35,0.0,0.0,0.0,0,245.645,700,42.28,-1
0.15,-0.05,0.4,0.0,0.0,0.0,0,254.696,700,41.16,-1
0.15,-0.05,0.45,0.0,0.0,0.0,0,250.78,700,42.12,-1
0.15,-0.05,0.5,0.0,0.0,0.0,0,226.049,700,38.5,-1
0.15,-0.05,0.55,0.0,0.0,0.0,0,200.894,700,41.55,-1
0.15,-0.05,0.6,0.0,0.0,0.0,0,178.399,700,42.14,-1
0.15,-0.05,0.65,0.0,0.0,0.0,0,165.378,700,39.72,-1
0.15,-0.05,0.7,0.0,0.0,0.0,0,158.122,700,41.19,-1
0.15,-0.05,0.75,0.0,0.0,0.0,0,132.811,700,40.49,-1
0.15,-0.05,0.8,0.0,0.0,0.0,0,93.892,700,38.5,-1
0.15,-0.05,0.85,0.0,0.0,0.0,0,52.587,700,40.35,-1
0.15,-0.05,0.9,0.0,0.0,0.0,0,10.562,700,38.44,-1
0.2,-0.5,0.35,0.0,0.0,0.0,0,221.185,700,42.39,-1
0.2,-0.5,0.4,0.0,0.0,0.0,0,188.46,700,41.73,-1
0.2,-0.5,0.45,0.0,0.0,0.0,0,156.343,700,39.75,-1
0.2,-0.5,0.5,0.0,0.0,0.0,0,124.752,700,41.26,-1
0.2,-0.5,0.55,0.0,0.0,0.0,0,94.325,700,39.16,-1
0.2,-0.5,0.6,0.0,0.0,0.0,0,62.877,700,39.67,-1
0.2,-0.5,0.65,0.0,0.0,0.0,0,30.389,700,40.74,-1
0.2,-0.5,0.7,0.0,0.0,0.0,1,2.81,616,32.89,6
0.2,-0.5,0.75,0.0,0.0,0.0,1,2.411,9,0.55,0
0.2,-0.5,0.8,0.0,0.0,0.0,1,2.22,8,0.48,0
0.2,-0.5,0.85,0.0,0.0,0.0,1,4.147,100,5.56,0
0.2,-0.5,0.9,0.0,0.0,0.0,0,28.953,700,39.12,-1
0.2,-0.45,0.35,0.0,0.0,0.0,0,220.727,700,38.75,-1
0.2,-0.45,0.4,0.0,0.0,0.0,0,191.933,700,41.12,-1
0.2,-0.45,0.45,0.0,0.0,0.0,0,164.032,700,41.47,-1
0.2,-0.45,0.5,0.0,0.0,0.0,0,133.866,700,40.62,-1
0.2,-0.45,0.55,0.0,0.0,0.0,0,101.773,700,39.01,-1
0.2,-0.45,0.6,0.0,0.0,0.0,0,68.156,700,40.2,-1
0.2,-0.45,0.65,0.0,0.0,0.0,0,33.522,700,40.37,-1
0.2,-0.45,0.7,0.0,0.0,0.0,1,2.882,9,0.55,0
0.2,-0.45,0.75,0.0,0.0,0.0,1,2.79,16,0.95,0
0.2,-0.45,0.8,0.0,0.0,0.0,1,2.103,7,0.47,0
0.2,-0.45,0.85,0.0,0.0,0.0,1,2.302,7,0.42,0
0.2,-0.45,0.9,0.0,0.0,0.0,1,2.184,8,0.52,0
0.2,-0.4,0.35,0.0,0.0,0.0,0,201.824,700,38.33,-1
0.2,-0.4,0.4,0.0,0.0,0.0,0,268.953,700,41.82,-1
0.2,-0.4,0.45,0.0,0.0,0.0,0,175.713,700,41.44,-1
0.2,-0.4,0.5,0.0,0.0,0.0,0,143.262,700,41.14,-1
0.2,-0.4,0.55,0.0,0.0,0.0,0,108.616,700,38.59,-1
0.2,-0.4,0.6,0.0,0.0,0.0,0,72.444,700,40.68,-1
0.2,-0.4,0.65,0.0,0.0,0.0,0,36.363,700,40.66,-1
0.2,-0.4,0.7,0.0,0.0,0.0,1,2.789,506,26.71,5
0.2,-0.4,0.75,0.0,0.0,0.0,1,7.632,100,5.61,0
0.2,-0.4,0.8,0.0,0.0,0.0,1,2.207,5,0.31,0
0.2,-0.4,0.85,0.0,0.0,0.0,1,1.246,7,0.47,0
0.2,-0.4,0.9,0.0,0.0,0.0,1,1.52,6,0.36,0
0.2,-0.35,0.35,0.0,0.0,0.0,0,178.604,700,41.62,-1
0.2,-0.35,0.4,0.0,0.0,0.0,0,146.005,700,41.6,-1
0.2,-0.35,0.45,0.0,0.0,0.0,0,165.659,700,38.46,-1
0.2,-0.35,0.5,0.0,0.0,0.0,0,152.064,700,40.94,-1
0.2,-0.35,0.55,0.0,0.0,0.0,0,115.11,700,41.23,-1
0.2,-0.35,0.6,0.0,0.0,0.0,0,76.771,700,40.65,-1
0.2,-0.35,0.65,0.0,0.0,0.0,0,38.819,700,39.56,-1
0.2,-0.35,0.7,0.0,0.0,0.0,0,11.132,700,39.24,-1
0.2,-0.35,0.75,0.0,0.0,0.0,1,1.861,7,0.43,0
0.2,-0.35,0.8,0.0,0.0,0.0,1,1.378,5,0.31,0
0.2,-0.35,0.85,0.0,0.0,0.0,1,0.889,8,0.47,0
0.2,-0.35,0.9,0.0,0.0,0.0,1,0.895,6,0.36,0
0.2,-0.3,0.35,0.0,0.0,0.0,0,184.597,700,39.78,-1
0.2,-0.3,0.4,0.0,0.0,0.0,0,230.616,700,40.85,-1
0.2,-0.3,0.45,0.0,0.0,0.0,0,189.203,700,41.69,-1
0.2,-0.3,0.5,0.0,0.0,0.0,0,159.893,700,41.16,-1
0.2,-0.3,0.55,0.0,0.0,0.0,0,105.446,700,38.05,-1
0.2,-0.3,0.6,0.0,0.0,0.0,0,80.782,700,40.63,-1
0.2,-0.3,0.65,0.0,0.0,0.0,0,39.749,700,40.19,-1
0.2,-0.3,0.7,0.0,0.0,0.0,1,2.967,7,0.43,0
0.2,-0.3,0.75,0.0,0.0,0.0,1,2.937,7,0.47,0
0.2,-0.3,0.8,0.0,0.0,0.0,1,1.711,7,0.42,0
0.2,-0.3,0.85,0.0,0.0,0.0,1,1.056,5,0.31,0
0.2,-0.3,0.9,0.0,0.0,0.0,1,1.268,6,0.36,0
0.2,-0.25,0.35,0.0,0.0,0.0,0,191.277,700,41.52,-1
0.2,-0.25,0.4,0.0,0.0,0.0,0,199.73,700,39.64,-1
0.2,-0.25,0.45,0.0,0.0,0.0,0,200.055,700,41.87,-1
0.2,-0.25,0.5,0.0,0.0,0.0,0,136.691,700,40.71,-1
0.2,-0.25,0.55,0.0,0.0,0.0,0,120.368,700,40.86,-1
0.2,-0.25,0.6,0.0,0.0,0.0,0,83.189,700,41.68,-1
0.2,-0.25,0.65,0.0,0.0,0.0,0,40.514,700,38.47,-1
0.2,-0.25,0.7,0.0,0.0,0.0,1,2.151,10,0.61,0
0.2,-0.25,0.75,0.0,0.0,0.0,1,1.884,12,0.7,0
0.2,-0.25,0.8,0.0,0.0,0.0,1,2.077,8,0.52,0
0.2,-0.25,0.85,0.0,0.0,0.0,1,0.83,5,0.32,0
0.2,-0.25,0.9,0.0,0.0,0.0,1,1.056,7,0.42,0
0.2,-0.2,0.35,0.0,0.0,0.0,0,222.231,700,41.68,-1
0.2,-0.2,0.4,0.0,0.0,0.0,0,196.275,700,41.77,-1
0.2,-0.2,0.45,0.0,0.0,0.0,0,209.23,700,39.91,-1
0.2,-0.2,0.5,0.0,0.0,0.0,0,169.405,700,42.14,-1
0.2,-0.2,0.55,0.0,0.0,0.0,0,127.9,700,39.75,-1
0.2,-0.2,0.6,0.0,0.0,0.0,0,85.665,700,40.77,-1
0.2,-0.2,0.65,0.0,0.0,0.0,0,43.594,700,41.39,-1
0.2,-0.2,0.7,0.0,0.0,0.0,0,13.703,700,40.41,-1
0.2,-0.2,0.75,0.0,0.0,0.0,1,8.295,300,14.33,2
0.2,-0.2,0.8,0.0,0.0,0.0,1,1.719,13,0.77,0
0.2,-0.2,0.85,0.0,0.0,0.0,1,1.216,5,0.32,0
0.2,-0.2,0.9,0.0,0.0,0.0,1,0.661,5,0.32,0
0.2,-0.15,0.35,0.0,0.0,0.0,0,211.921,700,42.44,-1
0.2,-0.15,0.4,0.0,0.0,0.0,0,186.447,700,41.76,-1
0.2,-0.15,0.45,0.0,0.0,0.0,0,211.251,700,41.21,-1
0.2,-0.15,0.5,0.0,0.0,0.0,0,174.275,700,41.49,-1
0.2,-0.15,0.55,0.0,0.0,0.0,0,136.758,700,42.24,-1
0.2,-0.15,0.6,0.0,0.0,0.0,0,100.439,700,40.11,-1
0.2,-0.15,0.65,0.0,0.0,0.0,0,69.706,700,41.57,-1
0.2,-0.15,0.7,0.0,0.0,0.0,0,56.59,700,40.71,-1
0.2,-0.15,0.75,0.0,0.0,0.0,0,49.113,700,38.49,-1
0.2,-0.15,0.8,0.0,0.0,0.0,0,29.4,700,40.38,-1
0.2,-0.15,0.85,0.0,0.0,0.0,1,2.109,410,22.41,4
0.2,-0.15,0.9,0.0,0.0,0.0,1,1.95,110,5.63,1
0.2,-0.1,0.35,0.0,0.0,0.0,0,213.413,700,41.96,-1
0.2,-0.1,0.4,0.0,0.0,0.0,0,188.353,700,42.06,-1
0.2,-0.1,0.45,0.0,0.0,0.0,0,215.984,700,40.34,-1
0.2,-0.1,0.5,0.0,0.0,0.0,0,184.636,700,42.02,-1
0.2,-0.1,0.55,0.0,0.0,0.0,0,153.647,700,42.33,-1
0.2,-0.1,0.6,0.0,0.0,0.0,0,125.483,700,39.71,-1
0.2,-0.1,0.65,0.0,0.0,0.0,0,104.508,700,41.41,-1
0.2,-0.1,0.7,0.0,0.0,0.0,0,96.864,700,41.37,-1
0.2,-0.1,0.75,0.0,0.0,0.0,0,86.48,700,39.11,-1
0.2,-0.1,0.8,0.0,0.0,0.0,0,61.266,700,38.57,-1
0.2,-0.1,0.85,0.0,0.0,0.0,0,28.273,700,40.66,-1
0.2,-0.1,0.9,0.0,0.0,0.0,1,1.736,112,6.61,1
0.2,-0.05,0.35,0.0,0.0,0.0,0,228.714,700,42.33,-1
0.2,-0.05,0.4,0.0,0.0,0.0,0,247.231,700,42.87,-1
0.2,-0.05,0.45,0.0,0.0,0.0,0,220.556,700,42.64,-1
0.2,-0.05,0.5,0.0,0.0,0.0,0,194.905,700,42.62,-1
0.2,-0.05,0.55,0.0,0.0,0.0,0,171.009,700,42.1,-1
0.2,-0.05,0.6,0.0,0.0,0.0,0,150.559,700,42.17,-1
0.2,-0.05,0.65,0.0,0.0,0.0,0,136.35,700,41.43,-1
0.2,-0.05,0.7,0.0,0.0,0.0,0,131.448,700,39.02,-1
0.2,-0.05,0.75,0.0,0.0,0.0,0,116.272,700,40.62,-1
0.2,-0.05,0.8,0.0,0.0,0.0,0,84.244,700,40.36,-1
0.2,-0.05,0.85,0.0,0.0,0.0,0,46.224,700,40.52,-1
0.2,-0.05,0.9,0.0,0.0,0.0,1,5.949,500,29.45,4
0.25,-0.5,0.35,0.0,0.0,0.0,0,221.151,700,42.61,-1
0.25,-0.5,0.4,0.0,0.0,0.0,0,187.815,700,42.44,-1
0.25,-0.5,0.45,0.0,0.0,0.0,0,155.14,700,42.24,-1
0.25,-0.5,0.5,0.0,0.0,0.0,0,123.043,700,41.56,-1
0.25,-0.5,0.55,0.0,0.0,0.0,0,91.424,700,41.29,-1
0.25,-0.5,0.6,0.0,0.0,0.0,0,60.318,700,40.08,-1
0.25,-0.5,0.65,0.0,0.0,0.0,0,29.467,700,38.75,-1
0.25,-0.5,0.7,0.0,0.0,0.0,1,2.506,115,6.71,1
0.25,-0.5,0.75,0.0,0.0,0.0,1,3.943,100,5.78,0
0.25,-0.5,0.8,0.0,0.0,0.0,1,6.495,200,11.34,1
0.25,-0.5,0.85,0.0,0.0,0.0,0,18.926,700,40.18,-1
0.25,-0.5,0.9,0.0,0.0,0.0,0,36.89,700,39.74,-1
0.25,-0.45,0.35,0.0,0.0,0.0,0,217.028,700,42.01,-1
0.25,-0.45,0.4,0.0,0.0,0.0,0,185.438,700,39.81,-1
0.25,-0.45,0.45,0.0,0.0,0.0,0,155.893,700,41.13,-1
0.25,-0.45,0.5,0.0,0.0,0.0,0,126.851,700,40.72,-1
0.25,-0.45,0.55,0.0,0.0,0.0,0,96.188,700,40.53,-1
0.25,-0.45,0.6,0.0,0.0,0.0,0,64.118,700,40.23,-1
0.25,-0.45,0.65,0.0,0.0,0.0,0,31.107,700,38.83,-1
0.25,-0.45,0.7,0.0,0.0,0.0,1,0.77,9,0.54,0
0.25,-0.45,0.75,0.0,0.0,0.0,1,2.851,10,0.6,0
0.25,-0.45,0.8,0.0,0.0,0.0,1,1.956,7,0.43,0
0.25,-0.45,0.85,0.0,0.0,0.0,1,1.837,5,0.35,0
0.25,-0.45,0.9,0.0,0.0,0.0,1,4.568,100,5.46,0
0.25,-0.4,0.35,0.0,0.0,0.0,0,221.302,700,41.59,-1
0.25,-0.4,0.4,0.0,0.0,0.0,0,184.998,700,41.37,-1
0.25,-0.4,0.45,0.0,0.0,0.0,0,156.816,700,39.49,-1
0.25,-0.4,0.5,0.0,0.0,0.0,0,135.025,700,41.03,-1
0.25,-0.4,0.55,0.0,0.0,0.0,0,102.376,700,40.4,-1
0.25,-0.4,0.6,0.0,0.0,0.0,0,68.197,700,40.24,-1
0.25,-0.4,0.65,0.0,0.0,0.0,0,33.001,700,38.25,-1
0.25,-0.4,0.7,0.0,0.0,0.0,1,8.031,100,5.58,0
0.25,-0.4,0.75,0.0,0.0,0.0,1,2.112,17,0.99,0
0.25,-0.4,0.8,0.0,0.0,0.0,1,2.743,6,0.42,0
0.25,-0.4,0.85,0.0,0.0,0.0,1,0.617,6,0.37,0
0.25,-0.4,0.9,0.0,0.0,0.0,1,1.779,7,0.42,0
0.25,-0.35,0.35,0.0,0.0,0.0,0,193.953,700,41.5,-1
0.25,-0.35,0.4,0.0,0.0,0.0,0,205.049,700,41.21,-1
0.25,-0.35,0.45,0.0,0.0,0.0,0,175.217,700,41.64,-1
0.25,-0.35,0.5,0.0,0.0,0.0,0,142.733,700,37.87,-1
0.25,-0.35,0.55,0.0,0.0,0.0,0,108.162,700,40.46,-1
0.25,-0.35,0.6,0.0,0.0,0.0,0,72.056,700,40.43,-1
0.25,-0.35,0.65,0.0,0.0,0.0,0,34.961,700,40.19,-1
0.25,-0.35,0.7,0.0,0.0,0.0,1,7.987,200,9.89,1
0.25,-0.35,0.75,0.0,0.0,0.0,1,0.67,15,0.71,0
0.25,-0.35,0.8,0.0,0.0,0.0,1,1.363,7,0.35,0
0.25,-0.35,0.85,0.0,0.0,0.0,1,2.68,5,0.28,0
0.25,-0.35,0.9,0.0,0.0,0.0,1,0.589,5,0.32,0
0.25,-0.3,0.35,0.0,0.0,0.0,0,201.107,700,41.48,-1
0.25,-0.3,0.4,0.0,0.0,0.0,0,215.055,700,41.05,-1
0.25,-0.3,0.45,0.0,0.0,0.0,0,183.62,700,39.07,-1
0.25,-0.3,0.5,0.0,0.0,0.0,0,149.451,700,40.72,-1
0.25,-0.3,0.55,0.0,0.0,0.0,0,113.201,700,38.79,-1
0.25,-0.3,0.6,0.0,0.0,0.0,0,99.07,700,40.59,-1
0.25,-0.3,0.65,0.0,0.0,0.0,0,36.825,700,41.0,-1
0.25,-0.3,0.7,0.0,0.0,0.0,1,0.665,109,6.23,1
0.25,-0.3,0.75,0.0,0.0,0.0,1,1.088,11,0.66,0
0.25,-0.3,0.8,0.0,0.0,0.0,1,0.363,10,0.59,0
0.25,-0.3,0.85,0.0,0.0,0.0,1,2.461,5,0.31,0
0.25,-0.3,0.9,0.0,0.0,0.0,1,1.217,5,0.31,0
0.25,-0.25,0.35,0.0,0.0,0.0,0,252.257,700,38.36,-1
0.25,-0.25,0.4,0.0,0.0,0.0,0,222.999,700,41.17,-1
0.25,-0.25,0.45,0.0,0.0,0.0,0,190.239,700,41.06,-1
0.25,-0.25,0.5,0.0,0.0,0.0,0,154.724,700,39.87,-1
0.25,-0.25,0.55,0.0,0.0,0.0,0,114.199,700,40.47,-1
0.25,-0.25,0.6,0.0,0.0,0.0,0,78.177,700,41.41,-1
0.25,-0.25,0.65,0.0,0.0,0.0,0,38.305,700,40.15,-1
0.25,-0.25,0.7,0.0,0.0,0.0,1,0.416,8,0.5,0
0.25,-0.25,0.75,0.0,0.0,0.0,1,2.335,10,0.61,0
0.25,-0.25,0.8,0.0,0.0,0.0,1,0.439,7,0.43,0
0.25,-0.25,0.85,0.0,0.0,0.0,1,0.428,6,0.37,0
0.25,-0.25,0.9,0.0,0.0,0.0,1,1.564,5,0.42,0
0.25,-0.2,0.35,0.0,0.0,0.0,0,213.886,700,40.96,-1
0.25,-0.2,0.4,0.0,0.0,0.0,0,217.916,700,37.88,-1
0.25,-0.2,0.45,0.0,0.0,0.0,0,194.46,700,41.15,-1
0.25,-0.2,0.5,0.0,0.0,0.0,0,158.076,700,42.01,-1
0.25,-0.2,0.55,0.0,0.0,0.0,0,245.284,700,39.03,-1
0.25,-0.2,0.6,0.0,0.0,0.0,0,79.882,700,41.69,-1
0.25,-0.2,0.65,0.0,0.0,0.0,0,39.227,700,42.28,-1
0.25,-0.2,0.7,0.0,0.0,0.0,1,0.443,7,0.45,0
0.25,-0.2,0.75,0.0,0.0,0.0,1,2.822,8,0.5,0
0.25,-0.2,0.8,0.0,0.0,0.0,1,1.778,7,0.44,0
0.25,-0.2,0.85,0.0,0.0,0.0,1,1.331,10,0.6,0
0.25,-0.2,0.9,0.0,0.0,0.0,1,0.484,5,0.31,0
0.25,-0.15,0.35,0.0,0.0,0.0,0,233.597,700,40.18,-1
0.25,-0.15,0.4,0.0,0.0,0.0,0,204.167,700,41.72,-1
0.25,-0.15,0.45,0.0,0.0,0.0,0,182.535,700,40.22,-1
0.25,-0.15,0.5,0.0,0.0,0.0,0,158.973,700,42.17,-1
0.25,-0.15,0.55,0.0,0.0,0.0,0,122.309,700,41.13,-1
0.25,-0.15,0.6,0.0,0.0,0.0,0,85.913,700,39.58,-1
0.25,-0.15,0.65,0.0,0.0,0.0,0,52.799,700,42.27,-1
0.25,-0.15,0.7,0.0,0.0,0.0,0,36.473,700,40.66,-1
0.25,-0.15,0.75,0.0,0.0,0.0,0,30.104,700,38.48,-1
0.25,-0.15,0.8,0.0,0.0,0.0,0,12.923,700,40.3,-1
0.25,-0.15,0.85,0.0,0.0,0.0,1,1.728,11,0.67,0
0.25,-0.15,0.9,0.0,0.0,0.0,1,0.538,6,0.38,0
0.25,-0.1,0.35,0.0,0.0,0.0,0,258.85,700,42.61,-1
0.25,-0.1,0.4,0.0,0.0,0.0,0,201.705,700,40.25,-1
0.25,-0.1,0.45,0.0,0.0,0.0,0,194.745,700,41.74,-1
0.25,-0.1,0.5,0.0,0.0,0.0,0,162.651,700,41.63,-1
0.25,-0.1,0.55,0.0,0.0,0.0,0,131.155,700,39.94,-1
0.25,-0.1,0.6,0.0,0.0,0.0,0,101.93,700,41.55,-1
0.25,-0.1,0.65,0.0,0.0,0.0,0,79.012,700,39.53,-1
0.25,-0.1,0.7,0.0,0.0,0.0,0,70.159,700,39.75,-1
0.25,-0.1,0.75,0.0,0.0,0.0,0,62.06,700,40.4,-1
0.25,-0.1,0.8,0.0,0.0,0.0,0,41.256,700,39.62,-1
0.25,-0.1,0.85,0.0,0.0,0.0,0,12.217,700,39.75,-1
0.25,-0.1,0.9,0.0,0.0,0.0,1,1.381,413,23.78,4
0.25,-0.05,0.35,0.0,0.0,0.0,0,256.071,700,40.43,-1
0.25,-0.05,0.4,0.0,0.0,0.0,0,209.765,700,42.45,-1
0.25,-0.05,0.45,0.0,0.0,0.0,0,196.171,700,40.1,-1
0.25,-0.05,0.5,0.0,0.0,0.0,0,167.841,700,41.92,-1
0.25,-0.05,0.55,0.0,0.0,0.0,0,141.454,700,40.15,-1
0.25,-0.05,0.6,0.0,0.0,0.0,0,118.661,700,41.74,-1
0.25,-0.05,0.65,0.0,0.0,0.0,0,102.471,700,38.68,-1
0.25,-0.05,0.7,0.0,0.0,0.0,0,96.768,700,40.88,-1
0.25,-0.05,0.75,0.0,0.0,0.0,0,86.389,700,40.31,-1
0.25,-0.05,0.8,0.0,0.0,0.0,0,61.45,700,40.37,-1
0.25,-0.05,0.85,0.0,0.0,0.0,0,28.605,700,38.2,-1
0.25,-0.05,0.9,0.0,0.0,0.0,0,39.373,700,41.1,-1
0.3,-0.5,0.35,0.0,0.0,0.0,0,173.911,700,40.27,-1
0.3,-0.5,0.4,0.0,0.0,0.0,0,192.597,700,42.18,-1
0.3,-0.5,0.45,0.0,0.0,0.0,0,159.647,700,40.16,-1
0.3,-0.5,0.5,0.0,0.0,0.0,0,127.42,700,42.17,-1
0.3,-0.5,0.55,0.0,0.0,0.0,0,95.968,700,42.2,-1
0.3,-0.5,0.6,0.0,0.0,0.0,0,65.587,700,40.45,-1
0.3,-0.5,0.65,0.0,0.0,0.0,0,37.824,700,42.04,-1
0.3,-0.5,0.7,0.0,0.0,0.0,0,23.346,700,39.51,-1
0.3,-0.5,0.75,0.0,0.0,0.0,0,26.079,700,40.61,-1
0.3,-0.5,0.8,0.0,0.0,0.0,0,33.923,700,37.97,-1
0.3,-0.5,0.85,0.0,0.0,0.0,0,46.978,700,39.68,-1
0.3,-0.5,0.9,0.0,0.0,0.0,0,64.868,700,37.99,-1
0.3,-0.45,0.35,0.0,0.0,0.0,0,242.859,700,38.89,-1
0.3,-0.45,0.4,0.0,0.0,0.0,0,184.665,700,41.35,-1
0.3,-0.45,0.45,0.0,0.0,0.0,0,139.135,700,39.15,-1
0.3,-0.45,0.5,0.0,0.0,0.0,0,94.985,700,41.36,-1
0.3,-0.45,0.55,0.0,0.0,0.0,0,91.258,700,38.86,-1
0.3,-0.45,0.6,0.0,0.0,0.0,0,60.811,700,40.48,-1
0.3,-0.45,0.65,0.0,0.0,0.0,0,29.779,700,40.46,-1
0.3,-0.45,0.7,0.0,0.0,0.0,1,1.944,109,5.03,1
0.3,-0.45,0.75,0.0,0.0,0.0,1,2.821,7,0.32,0
0.3,-0.45,0.8,0.0,0.0,0.0,1,3.531,100,5.06,0
0.3,-0.45,0.85,0.0,0.0,0.0,0,12.377,700,39.25,-1
0.3,-0.45,0.9,0.0,0.0,0.0,0,37.071,700,39.36,-1
0.3,-0.4,0.35,0.0,0.0,0.0,0,240.606,700,39.57,-1
0.3,-0.4,0.4,0.0,0.0,0.0,0,176.023,700,41.28,-1
0.3,-0.4,0.45,0.0,0.0,0.0,0,155.755,700,39.17,-1
0.3,-0.4,0.5,0.0,0.0,0.0,0,126.764,700,39.65,-1
0.3,-0.4,0.55,0.0,0.0,0.0,0,96.192,700,40.48,-1
0.3,-0.4,0.6,0.0,0.0,0.0,0,64.26,700,40.63,-1
0.3,-0.4,0.65,0.0,0.0,0.0,0,31.425,700,37.44,-1
0.3,-0.4,0.7,0.0,0.0,0.0,1,1.296,207,12.02,2
0.3,-0.4,0.75,0.0,0.0,0.0,1,2.993,120,7.15,1
0.3,-0.4,0.8,0.0,0.0,0.0,1,1.852,9,0.55,0
0.3,-0.4,0.85,0.0,0.0,0.0,1,2.254,8,0.48,0
0.3,-0.4,0.9,0.0,0.0,0.0,1,5.412,100,5.65,0
0.3,-0.35,0.35,0.0,0.0,0.0,0,216.534,700,41.67,-1
0.3,-0.35,0.4,0.0,0.0,0.0,0,152.5,700,41.07,-1
0.3,-0.35,0.45,0.0,0.0,0.0,0,163.524,700,39.32,-1
0.3,-0.35,0.5,0.0,0.0,0.0,0,133.331,700,40.82,-1
0.3,-0.35,0.55,0.0,0.0,0.0,0,101.194,700,38.51,-1
0.3,-0.35,0.6,0.0,0.0,0.0,0,67.611,700,40.38,-1
0.3,-0.35,0.65,0.0,0.0,0.0,0,33.09,700,40.31,-1
0.3,-0.35,0.7,0.0,0.0,0.0,1,0.565,14,0.85,0
0.3,-0.35,0.75,0.0,0.0,0.0,1,2.337,10,0.64,0
0.3,-0.35,0.8,0.0,0.0,0.0,1,1.485,7,0.45,0
0.3,-0.35,0.85,0.0,0.0,0.0,1,0.749,8,0.49,0
0.3,-0.35,0.9,0.0,0.0,0.0,1,1.649,20,1.14,0
0.3,-0.3,0.35,0.0,0.0,0.0,0,225.668,700,41.18,-1
0.3,-0.3,0.4,0.0,0.0,0.0,0,199.551,700,38.55,-1
0.3,-0.3,0.45,0.0,0.0,0.0,0,170.585,700,41.42,-1
0.3,-0.3,0.5,0.0,0.0,0.0,0,139.066,700,40.76,-1
0.3,-0.3,0.55,0.0,0.0,0.0,0,105.53,700,38.72,-1
0.3,-0.3,0.6,0.0,0.0,0.0,0,70.523,700,40.87,-1
0.3,-0.3,0.65,0.0,0.0,0.0,0,34.57,700,40.76,-1
0.3,-0.3,0.7,0.0,0.0,0.0,1,1.092,27,1.59,0
0.3,-0.3,0.75,0.0,0.0,0.0,1,0.506,11,0.66,0
0.3,-0.3,0.8,0.0,0.0,0.0,1,0.668,7,0.43,0
0.3,-0.3,0.85,0.0,0.0,0.0,1,2.044,8,0.57,0
0.3,-0.3,0.9,0.0,0.0,0.0,1,1.585,10,0.59,0
0.3,-0.25,0.35,0.0,0.0,0.0,0,220.159,700,39.11,-1
0.3,-0.25,0.4,0.0,0.0,0.0,0,206.033,700,40.81,-1
0.3,-0.25,0.45,0.0,0.0,0.0,0,176.093,700,37.74,-1
0.3,-0.25,0.5,0.0,0.0,0.0,0,143.512,700,40.78,-1
0.3,-0.25,0.55,0.0,0.0,0.0,0,108.883,700,40.49,-1
0.3,-0.25,0.6,0.0,0.0,0.0,0,100.324,700,39.66,-1
0.3,-0.25,0.65,0.0,0.0,0.0,0,35.731,700,40.83,-1
0.3,-0.25,0.7,0.0,0.0,0.0,1,0.157,19,1.15,0
0.3,-0.25,0.75,0.0,0.0,0.0,1,0.672,7,0.43,0
0.3,-0.25,0.8,0.0,0.0,0.0,1,0.224,7,0.45,0
0.3,-0.25,0.85,0.0,0.0,0.0,1,2.79,8,0.48,0
0.3,-0.25,0.9,0.0,0.0,0.0,1,0.975,9,0.62,0
0.3,-0.2,0.35,0.0,0.0,0.0,0,235.633,700,40.63,-1
0.3,-0.2,0.4,0.0,0.0,0.0,0,210.139,700,41.23,-1
0.3,-0.2,0.45,0.0,0.0,0.0,0,179.563,700,39.12,-1
0.3,-0.2,0.5,0.0,0.0,0.0,0,146.305,700,40.64,-1
0.3,-0.2,0.55,0.0,0.0,0.0,0,110.988,700,39.24,-1
0.3,-0.2,0.6,0.0,0.0,0.0,0,103.795,700,41.72,-1
0.3,-0.2,0.65,0.0,0.0,0.0,0,36.471,700,41.6,-1
0.3,-0.2,0.7,0.0,0.0,0.0,1,0.6,21,1.26,0
0.3,-0.2,0.75,0.0,0.0,0.0,1,0.372,7,0.44,0
0.3,-0.2,0.8,0.0,0.0,0.0,1,0.322,7,0.43,0
0.3,-0.2,0.85,0.0,0.0,0.0,1,2.333,10,0.61,0
0.3,-0.2,0.9,0.0,0.0,0.0,1,2.454,11,0.71,0
0.3,-0.15,0.35,0.0,0.0,0.0,0,238.914,700,39.8,-1
0.3,-0.15,0.4,0.0,0.0,0.0,0,211.44,700,41.51,-1
0.3,-0.15,0.45,0.0,0.0,0.0,0,180.666,700,39.48,-1
0.3,-0.15,0.5,0.0,0.0,0.0,0,147.199,700,41.45,-1
0.3,-0.15,0.55,0.0,0.0,0.0,0,111.668,700,38.39,-1
0.3,-0.15,0.6,0.0,0.0,0.0,0,74.638,700,41.7,-1
0.3,-0.15,0.65,0.0,0.0,0.0,0,37.431,700,41.73,-1
0.3,-0.15,0.7,0.0,0.0,0.0,1,8.944,200,11.84,1
0.3,-0.15,0.75,0.0,0.0,0.0,1,6.208,100,5.79,0
0.3,-0.15,0.8,0.0,0.0,0.0,1,0.389,7,0.44,0
0.3,-0.15,0.85,0.0,0.0,0.0,1,2.876,8,0.51,0
0.3,-0.15,0.9,0.0,0.0,0.0,1,0.437,9,0.56,0
0.3,-0.1,0.35,0.0,0.0,0.0,0,238.925,700,39.75,-1
0.3,-0.1,0.4,0.0,0.0,0.0,0,211.442,700,41.81,-1
0.3,-0.1,0.45,0.0,0.0,0.0,0,180.268,700,39.03,-1
0.3,-0.1,0.5,0.0,0.0,0.0,0,146.389,700,41.82,-1
0.3,-0.1,0.55,0.0,0.0,0.0,0,112.633,700,41.63,-1
0.3,-0.1,0.6,0.0,0.0,0.0,0,79.757,700,40.1,-1
0.3,-0.1,0.65,0.0,0.0,0.0,0,50.592,700,41.87,-1
0.3,-0.1,0.7,0.0,0.0,0.0,0,36.834,700,41.82,-1
0.3,-0.1,0.75,0.0,0.0,0.0,0,30.4,700,39.4,-1
0.3,-0.1,0.8,0.0,0.0,0.0,0,13.264,700,40.47,-1
0.3,-0.1,0.85,0.0,0.0,0.0,1,1.705,8,0.5,0
0.3,-0.1,0.9,0.0,0.0,0.0,1,0.507,13,0.83,0
0.3,-0.05,0.35,0.0,0.0,0.0,0,238.979,700,38.63,-1
0.3,-0.05,0.4,0.0,0.0,0.0,0,211.294,700,42.39,-1
0.3,-0.05,0.45,0.0,0.0,0.0,0,178.829,700,42.26,-1
0.3,-0.05,0.5,0.0,0.0,0.0,0,220.446,700,39.75,-1
0.3,-0.05,0.55,0.0,0.0,0.0,0,116.458,700,41.62,-1
0.3,-0.05,0.6,0.0,0.0,0.0,0,88.297,700,41.88,-1
0.3,-0.05,0.65,0.0,0.0,0.0,0,66.02,700,40.11,-1
0.3,-0.05,0.7,0.0,0.0,0.0,0,57.233,700,41.65,-1
0.3,-0.05,0.75,0.0,0.0,0.0,0,53.543,700,39.23,-1
0.3,-0.05,0.8,0.0,0.0,0.0,0,30.074,700,40.49,-1
0.3,-0.05,0.85,0.0,0.0,0.0,1,2.759,9,0.57,0
0.3,-0.05,0.9,0.0,0.0,0.0,1,4.776,100,5.78,0
0.35,-0.5,0.35,0.0,0.0,0.0,0,268.257,700,40.45,-1
0.35,-0.5,0.4,0.0,0.0,0.0,0,169.637,700,39.99,-1
0.35,-0.5,0.45,0.0,0.0,0.0,0,232.039,700,41.22,-1
0.35,-0.5,0.5,0.0,0.0,0.0,0,176.157,700,39.69,-1
0.35,-0.5,0.55,0.0,0.0,0.0,0,110.254,700,40.5,-1
0.35,-0.5,0.6,0.0,0.0,0.0,0,79.252,700,40.64,-1
0.35,-0.5,0.65,0.0,0.0,0.0,0,62.003,700,37.46,-1
0.35,-0.5,0.7,0.0,0.0,0.0,0,56.521,700,40.8,-1
0.35,-0.5,0.75,0.0,0.0,0.0,0,59.251,700,39.87,-1
0.35,-0.5,0.8,0.0,0.0,0.0,0,66.958,700,38.09,-1
0.35,-0.5,0.85,0.0,0.0,0.0,0,79.442,700,38.85,-1
0.35,-0.5,0.9,0.0,0.0,0.0,0,96.332,700,39.23,-1
0.35,-0.45,0.35,0.0,0.0,0.0,0,218.656,700,38.48,-1
0.35,-0.45,0.4,0.0,0.0,0.0,0,186.054,700,41.9,-1
0.35,-0.45,0.45,0.0,0.0,0.0,0,168.666,700,41.38,-1
0.35,-0.45,0.5,0.0,0.0,0.0,0,122.349,700,39.64,-1
0.35,-0.45,0.55,0.0,0.0,0.0,0,88.86,700,40.95,-1
0.35,-0.45,0.6,0.0,0.0,0.0,0,61.137,700,38.63,-1
0.35,-0.45,0.65,0.0,0.0,0.0,0,39.309,700,40.47,-1
0.35,-0.45,0.7,0.0,0.0,0.0,0,30.888,700,36.96,-1
0.35,-0.45,0.75,0.0,0.0,0.0,0,25.663,700,39.85,-1
0.35,-0.45,0.8,0.0,0.0,0.0,0,38.684,700,40.04,-1
0.35,-0.45,0.85,0.0,0.0,0.0,0,47.237,700,39.46,-1
0.35,-0.45,0.9,0.0,0.0,0.0,0,65.215,700,37.49,-1
0.35,-0.4,0.35,0.0,0.0,0.0,0,213.831,700,41.21,-1
0.35,-0.4,0.4,0.0,0.0,0.0,0,189.278,700,38.67,-1
0.35,-0.4,0.45,0.0,0.0,0.0,0,153.257,700,41.52,-1
0.35,-0.4,0.5,0.0,0.0,0.0,0,123.623,700,40.97,-1
0.35,-0.4,0.55,0.0,0.0,0.0,0,90.978,700,39.18,-1
0.35,-0.4,0.6,0.0,0.0,0.0,0,60.394,700,40.39,-1
0.35,-0.4,0.65,0.0,0.0,0.0,0,29.663,700,38.37,-1
0.35,-0.4,0.7,0.0,0.0,0.0,1,2.559,208,12.07,2
0.35,-0.4,0.75,0.0,0.0,0.0,1,2.422,9,0.54,0
0.35,-0.4,0.8,0.0,0.0,0.0,1,7.855,100,5.54,0
0.35,-0.4,0.85,0.0,0.0,0.0,0,18.279,700,39.31,-1
0.35,-0.4,0.9,0.0,0.0,0.0,0,37.357,700,37.05,-1
0.35,-0.35,0.35,0.0,0.0,0.0,0,238.65,700,40.81,-1
0.35,-0.35,0.4,0.0,0.0,0.0,0,135.319,700,41.48,-1
0.35,-0.35,0.45,0.0,0.0,0.0,0,154.942,700,40.03,-1
0.35,-0.35,0.5,0.0,0.0,0.0,0,124.119,700,40.42,-1
0.35,-0.35,0.55,0.0,0.0,0.0,0,94.157,700,39.3,-1
0.35,-0.35,0.6,0.0,0.0,0.0,0,62.964,700,40.51,-1
0.35,-0.35,0.65,0.0,0.0,0.0,0,30.897,700,38.55,-1
0.35,-0.35,0.7,0.0,0.0,0.0,1,1.465,208,12.08,2
0.35,-0.35,0.75,0.0,0.0,0.0,1,2.79,13,0.77,0
0.35,-0.35,0.8,0.0,0.0,0.0,1,2.341,110,6.79,1
0.35,-0.35,0.85,0.0,0.0,0.0,1,2.781,10,0.6,0
0.35,-0.35,0.9,0.0,0.0,0.0,0,13.353,700,39.68,-1
0.35,-0.3,0.35,0.0,0.0,0.0,0,214.839,700,39.85,-1
0.35,-0.3,0.4,0.0,0.0,0.0,0,186.518,700,41.48,-1
0.35,-0.3,0.45,0.0,0.0,0.0,0,157.925,700,40.91,-1
0.35,-0.3,0.5,0.0,0.0,0.0,0,128.741,700,37.61,-1
0.35,-0.3,0.55,0.0,0.0,0.0,0,97.77,700,40.74,-1
0.35,-0.3,0.6,0.0,0.0,0.0,0,65.404,700,40.28,-1
0.35,-0.3,0.65,0.0,0.0,0.0,0,32.114,700,38.52,-1
0.35,-0.3,0.7,0.0,0.0,0.0,1,2.951,6,0.38,0
0.35,-0.3,0.75,0.0,0.0,0.0,1,0.945,11,0.66,0
0.35,-0.3,0.8,0.0,0.0,0.0,1,2.089,14,0.82,0
0.35,-0.3,0.85,0.0,0.0,0.0,1,1.824,10,0.6,0
0.35,-0.3,0.9,0.0,0.0,0.0,1,2.835,8,0.49,0
0.35,-0.25,0.35,0.0,0.0,0.0,0,218.61,700,41.17,-1
0.35,-0.25,0.4,0.0,0.0,0.0,0,190.063,700,38.62,-1
0.35,-0.25,0.45,0.0,0.0,0.0,0,162.339,700,40.43,-1
0.35,-0.25,0.5,0.0,0.0,0.0,0,132.416,700,39.18,-1
0.35,-0.25,0.55,0.0,0.0,0.0,0,100.572,700,39.98,-1
0.35,-0.25,0.6,0.0,0.0,0.0,0,67.291,700,40.95,-1
0.35,-0.25,0.65,0.0,0.0,0.0,0,33.068,700,37.52,-1
0.35,-0.25,0.7,0.0,0.0,0.0,1,0.879,13,0.79,0
0.35,-0.25,0.75,0.0,0.0,0.0,1,1.305,18,1.15,0
0.35,-0.25,0.8,0.0,0.0,0.0,1,0.373,11,0.67,0
0.35,-0.25,0.85,0.0,0.0,0.0,1,2.162,12,0.73,0
0.35,-0.25,0.9,0.0,0.0,0.0,1,2.436,14,0.82,0
0.35,-0.2,0.35,0.0,0.0,0.0,0,219.988,700,40.6,-1
0.35,-0.2,0.4,0.0,0.0,0.0,0,193.187,700,40.91,-1
0.35,-0.2,0.45,0.0,0.0,0.0,0,165.15,700,37.32,-1
0.35,-0.2,0.5,0.0,0.0,0.0,0,134.719,700,40.58,-1
0.35,-0.2,0.55,0.0,0.0,0.0,0,102.324,700,40.8,-1
0.35,-0.2,0.6,0.0,0.0,0.0,0,68.474,700,38.67,-1
0.35,-0.2,0.65,0.0,0.0,0.0,0,65.522,700,41.4,-1
0.35,-0.2,0.7,0.0,0.0,0.0,1,1.047,12,0.72,0
0.35,-0.2,0.75,0.0,0.0,0.0,1,1.095,18,1.13,0
0.35,-0.2,0.8,0.0,0.0,0.0,1,2.024,13,0.79,0
0.35,-0.2,0.85,0.0,0.0,0.0,1,1.114,10,0.6,0
0.35,-0.2,0.9,0.0,0.0,0.0,1,2.112,10,0.61,0
0.35,-0.15,0.35,0.0,0.0,0.0,0,220.612,700,38.2,-1
0.35,-0.15,0.4,0.0,0.0,0.0,0,194.198,700,41.29,-1
0.35,-0.15,0.45,0.0,0.0,0.0,0,166.041,700,41.26,-1
0.35,-0.15,0.5,0.0,0.0,0.0,0,135.452,700,40.89,-1
0.35,-0.15,0.55,0.0,0.0,0.0,0,102.886,700,39.88,-1
0.35,-0.15,0.6,0.0,0.0,0.0,0,68.861,700,41.17,-1
0.35,-0.15,0.65,0.0,0.0,0.0,0,33.887,700,38.79,-1
0.35,-0.15,0.7,0.0,0.0,0.0,1,1.996,325,19.28,3
0.35,-0.15,0.75,0.0,0.0,0.0,1,0.299,131,7.91,1
0.35,-0.15,0.8,0.0,0.0,0.0,1,0.346,10,0.6,0
0.35,-0.15,0.85,0.0,0.0,0.0,1,0.605,12,0.76,0
0.35,-0.15,0.9,0.0,0.0,0.0,1,1.391,10,0.61,0
0.35,-0.1,0.35,0.0,0.0,0.0,0,221.219,700,41.84,-1
0.35,-0.1,0.4,0.0,0.0,0.0,0,194.237,700,38.11,-1
0.35,-0.1,0.45,0.0,0.0,0.0,0,166.05,700,41.57,-1
0.35,-0.1,0.5,0.0,0.0,0.0,0,135.454,700,41.5,-1
0.35,-0.1,0.55,0.0,0.0,0.0,0,102.887,700,40.69,-1
0.35,-0.1,0.6,0.0,0.0,0.0,0,68.861,700,39.5,-1
0.35,-0.1,0.65,0.0,0.0,0.0,0,33.886,700,41.16,-1
0.35,-0.1,0.7,0.0,0.0,0.0,1,0.504,15,0.91,0
0.35,-0.1,0.75,0.0,0.0,0.0,1,0.334,109,7.44,1
0.35,-0.1,0.8,0.0,0.0,0.0,1,0.93,9,0.58,0
0.35,-0.1,0.85,0.0,0.0,0.0,1,1.667,13,0.79,0
0.35,-0.1,0.9,0.0,0.0,0.0,1,1.091,11,0.67,0
0.35,-0.05,0.35,0.0,0.0,0.0,0,223.186,700,40.41,-1
0.35,-0.05,0.4,0.0,0.0,0.0,0,194.434,700,41.79,-1
0.35,-0.05,0.45,0.0,0.0,0.0,0,166.091,700,39.87,-1
0.35,-0.05,0.5,0.0,0.0,0.0,0,135.471,700,41.28,-1
0.35,-0.05,0.55,0.0,0.0,0.0,0,102.794,700,42.14,-1
0.35,-0.05,0.6,0.0,0.0,0.0,0,68.938,700,40.21,-1
0.35,-0.05,0.65,0.0,0.0,0.0,0,36.12,700,42.18,-1
0.35,-0.05,0.7,0.0,0.0,0.0,0,14.896,700,40.87,-1
0.35,-0.05,0.75,0.0,0.0,0.0,1,9.203,300,15.6,2
0.35,-0.05,0.8,0.0,0.0,0.0,1,2.269,8,0.5,0
0.35,-0.05,0.85,0.0,0.0,0.0,1,1.581,15,0.95,0
0.35,-0.05,0.9,0.0,0.0,0.0,1,1.863,9,0.55,0
0.4,-0.5,0.35,0.0,0.0,0.0,0,241.432,700,41.48,-1
0.4,-0.5,0.4,0.0,0.0,0.0,0,285.25,700,41.32,-1
0.4,-0.5,0.45,0.0,0.0,0.0,0,210.341,700,40.12,-1
0.4,-0.5,0.5,0.0,0.0,0.0,0,142.988,700,40.83,-1
0.4,-0.5,0.55,0.0,0.0,0.0,0,125.712,700,38.54,-1
0.4,-0.5,0.6,0.0,0.0,0.0,0,110.536,700,41.21,-1
0.4,-0.5,0.65,0.0,0.0,0.0,0,97.358,700,41.2,-1
0.4,-0.5,0.7,0.0,0.0,0.0,0,93.218,700,38.67,-1
0.4,-0.5,0.75,0.0,0.0,0.0,0,95.764,700,40.68,-1
0.4,-0.5,0.8,0.0,0.0,0.0,0,102.949,700,37.09,-1
0.4,-0.5,0.85,0.0,0.0,0.0,0,114.611,700,40.38,-1
0.4,-0.5,0.9,0.0,0.0,0.0,0,130.455,700,38.69,-1
0.4,-0.45,0.35,0.0,0.0,0.0,0,233.903,700,41.72,-1
0.4,-0.45,0.4,0.0,0.0,0.0,0,200.239,700,42.48,-1
0.4,-0.45,0.45,0.0,0.0,0.0,0,168.18,700,39.57,-1
0.4,-0.45,0.5,0.0,0.0,0.0,0,137.9,700,41.86,-1
0.4,-0.45,0.55,0.0,0.0,0.0,0,109.964,700,39.84,-1
0.4,-0.45,0.6,0.0,0.0,0.0,0,88.643,700,41.03,-1
0.4,-0.45,0.65,0.0,0.0,0.0,0,68.366,700,41.49,-1
0.4,-0.45,0.7,0.0,0.0,0.0,0,61.913,700,41.03,-1
0.4,-0.45,0.75,0.0,0.0,0.0,0,64.733,700,41.05,-1
0.4,-0.45,0.8,0.0,0.0,0.0,0,72.254,700,39.86,-1
0.4,-0.45,0.85,0.0,0.0,0.0,0,84.598,700,38.96,-1
0.4,-0.45,0.9,0.0,0.0,0.0,0,101.328,700,39.52,-1
0.4,-0.4,0.35,0.0,0.0,0.0,0,226.267,700,39.43,-1
0.4,-0.4,0.4,0.0,0.0,0.0,0,243.0,700,41.61,-1
0.4,-0.4,0.45,0.0,0.0,0.0,0,210.389,700,41.14,-1
0.4,-0.4,0.5,0.0,0.0,0.0,0,130.0,700,37.81,-1
0.4,-0.4,0.55,0.0,0.0,0.0,0,98.575,700,40.5,-1
0.4,-0.4,0.6,0.0,0.0,0.0,0,70.564,700,40.65,-1
0.4,-0.4,0.65,0.0,0.0,0.0,0,45.534,700,40.41,-1
0.4,-0.4,0.7,0.0,0.0,0.0,0,33.859,700,36.87,-1
0.4,-0.4,0.75,0.0,0.0,0.0,0,36.723,700,39.8,-1
0.4,-0.4,0.8,0.0,0.0,0.0,0,44.798,700,39.45,-1
0.4,-0.4,0.85,0.0,0.0,0.0,0,57.828,700,37.35,-1
0.4,-0.4,0.9,0.0,0.0,0.0,0,75.441,700,39.45,-1
0.4,-0.35,0.35,0.0,0.0,0.0,0,222.857,700,42.07,-1
0.4,-0.35,0.4,0.0,0.0,0.0,0,188.511,700,39.51,-1
0.4,-0.35,0.45,0.0,0.0,0.0,0,155.895,700,41.04,-1
0.4,-0.35,0.5,0.0,0.0,0.0,0,123.829,700,40.5,-1
0.4,-0.35,0.55,0.0,0.0,0.0,0,92.843,700,37.25,-1
0.4,-0.35,0.6,0.0,0.0,0.0,0,62.181,700,40.58,-1
0.4,-0.35,0.65,0.0,0.0,0.0,0,31.115,700,40.47,-1
0.4,-0.35,0.7,0.0,0.0,0.0,1,9.791,700,38.23,6
0.4,-0.35,0.75,0.0,0.0,0.0,0,13.693,700,39.73,-1
0.4,-0.35,0.8,0.0,0.0,0.0,0,21.183,700,38.55,-1
0.4,-0.35,0.85,0.0,0.0,0.0,0,34.868,700,39.04,-1
0.4,-0.35,0.9,0.0,0.0,0.0,0,53.302,700,39.45,-1
0.4,-0.3,0.35,0.0,0.0,0.0,0,222.754,700,38.34,-1
0.4,-0.3,0.4,0.0,0.0,0.0,0,185.534,700,41.01,-1
0.4,-0.3,0.45,0.0,0.0,0.0,0,153.242,700,40.55,-1
0.4,-0.3,0.5,0.0,0.0,0.0,0,122.362,700,38.57,-1
0.4,-0.3,0.55,0.0,0.0,0.0,0,91.299,700,40.29,-1
0.4,-0.3,0.6,0.0,0.0,0.0,0,60.604,700,38.26,-1
0.4,-0.3,0.65,0.0,0.0,0.0,0,29.813,700,40.53,-1
0.4,-0.3,0.7,0.0,0.0,0.0,1,2.276,206,11.94,2
0.4,-0.3,0.75,0.0,0.0,0.0,1,3.524,100,5.72,0
0.4,-0.3,0.8,0.0,0.0,0.0,1,5.561,100,5.65,0
0.4,-0.3,0.85,0.0,0.0,0.0,0,16.29,700,37.48,-1
0.4,-0.3,0.9,0.0,0.0,0.0,0,35.452,700,38.25,-1
0.4,-0.25,0.35,0.0,0.0,0.0,0,224.661,700,41.24,-1
0.4,-0.25,0.4,0.0,0.0,0.0,0,184.419,700,40.54,-1
0.4,-0.25,0.45,0.0,0.0,0.0,0,153.436,700,38.33,-1
0.4,-0.25,0.5,0.0,0.0,0.0,0,122.514,700,40.54,-1
0.4,-0.25,0.55,0.0,0.0,0.0,0,92.674,700,38.63,-1
0.4,-0.25,0.6,0.0,0.0,0.0,0,61.992,700,40.36,-1
0.4,-0.25,0.65,0.0,0.0,0.0,0,30.489,700,38.9,-1
0.4,-0.25,0.7,0.0,0.0,0.0,1,1.378,206,11.4,2
0.4,-0.25,0.75,0.0,0.0,0.0,1,1.732,14,0.83,0
0.4,-0.25,0.8,0.0,0.0,0.0,1,2.056,12,0.71,0
0.4,-0.25,0.85,0.0,0.0,0.0,1,4.589,100,5.63,0
0.4,-0.25,0.9,0.0,0.0,0.0,0,30.087,700,40.03,-1
0.4,-0.2,0.35,0.0,0.0,0.0,0,216.358,700,38.36,-1
0.4,-0.2,0.4,0.0,0.0,0.0,0,184.77,700,40.17,-1
0.4,-0.2,0.45,0.0,0.0,0.0,0,153.543,700,40.58,-1
0.4,-0.2,0.5,0.0,0.0,0.0,0,123.925,700,38.47,-1
0.4,-0.2,0.55,0.0,0.0,0.0,0,94.042,700,40.65,-1
0.4,-0.2,0.6,0.0,0.0,0.0,0,62.944,700,39.65,-1
0.4,-0.2,0.65,0.0,0.0,0.0,0,30.969,700,39.41,-1
0.4,-0.2,0.7,0.0,0.0,0.0,1,2.398,14,0.9,0
0.4,-0.2,0.75,0.0,0.0,0.0,1,1.015,12,0.72,0
0.4,-0.2,0.8,0.0,0.0,0.0,1,2.958,14,0.84,0
0.4,-0.2,0.85,0.0,0.0,0.0,1,2.931,15,0.87,0
0.4,-0.2,0.9,0.0,0.0,0.0,0,22.855,700,39.22,-1
0.4,-0.15,0.35,0.0,0.0,0.0,0,216.454,700,39.86,-1
0.4,-0.15,0.4,0.0,0.0,0.0,0,185.333,700,41.77,-1
0.4,-0.15,0.45,0.0,0.0,0.0,0,153.984,700,39.37,-1
0.4,-0.15,0.5,0.0,0.0,0.0,0,124.458,700,41.32,-1
0.4,-0.15,0.55,0.0,0.0,0.0,0,94.489,700,37.85,-1
0.4,-0.15,0.6,0.0,0.0,0.0,0,63.256,700,40.5,-1
0.4,-0.15,0.65,0.0,0.0,0.0,0,31.136,700,40.54,-1
0.4,-0.15,0.7,0.0,0.0,0.0,1,1.471,110,6.44,1
0.4,-0.15,0.75,0.0,0.0,0.0,1,0.914,12,0.73,0
0.4,-0.15,0.8,0.0,0.0,0.0,1,1.669,12,0.72,0
0.4,-0.15,0.85,0.0,0.0,0.0,1,2.547,12,0.71,0
0.4,-0.15,0.9,0.0,0.0,0.0,0,12.358,700,39.16,-1
0.4,-0.1,0.35,0.0,0.0,0.0,0,217.509,700,38.84,-1
0.4,-0.1,0.4,0.0,0.0,0.0,0,186.098,700,41.54,-1
0.4,-0.1,0.45,0.0,0.0,0.0,0,154.377,700,39.32,-1
0.4,-0.1,0.5,0.0,0.0,0.0,0,124.544,700,41.81,-1
0.4,-0.1,0.55,0.0,0.0,0.0,0,94.509,700,39.53,-1
0.4,-0.1,0.6,0.0,0.0,0.0,0,63.265,700,40.71,-1
0.4,-0.1,0.65,0.0,0.0,0.0,0,31.141,700,41.05,-1
0.4,-0.1,0.7,0.0,0.0,0.0,1,0.935,18,0.89,0
0.4,-0.1,0.75,0.0,0.0,0.0,1,1.059,113,5.13,1
0.4,-0.1,0.8,0.0,0.0,0.0,1,2.14,11,0.56,0
0.4,-0.1,0.85,0.0,0.0,0.0,1,3.242,100,5.53,0
0.4,-0.1,0.9,0.0,0.0,0.0,0,15.297,700,39.48,-1
0.4,-0.05,0.35,0.0,0.0,0.0,0,221.323,700,41.82,-1
0.4,-0.05,0.4,0.0,0.0,0.0,0,188.476,700,42.78,-1
0.4,-0.05,0.45,0.0,0.0,0.0,0,156.352,700,42.75,-1
0.4,-0.05,0.5,0.0,0.0,0.0,0,125.144,700,38.49,-1
0.4,-0.05,0.55,0.0,0.0,0.0,0,94.613,700,41.29,-1
0.4,-0.05,0.6,0.0,0.0,0.0,0,63.305,700,40.87,-1
0.4,-0.05,0.65,0.0,0.0,0.0,0,31.167,700,39.85,-1
0.4,-0.05,0.7,0.0,0.0,0.0,1,1.338,115,6.69,1
0.4,-0.05,0.75,0.0,0.0,0.0,1,1.642,10,0.66,0
0.4,-0.05,0.8,0.0,0.0,0.0,1,2.282,10,0.6,0
0.4,-0.05,0.85,0.0,0.0,0.0,1,7.153,100,5.64,0
0.4,-0.05,0.9,0.0,0.0,0.0,0,24.495,700,39.42,-1
0.45,-0.5,0.35,0.0,0.0,0.0,0,270.559,700,41.48,-1
0.45,-0.5,0.4,0.0,0.0,0.0,0,312.281,700,41.49,-1
0.45,-0.5,0.45,0.0,0.0,0.0,0,210.708,700,39.33,-1
0.45,-0.5,0.5,0.0,0.0,0.0,0,185.088,700,40.56,-1
0.45,-0.5,0.55,0.0,0.0,0.0,0,166.093,700,40.5,-1
0.45,-0.5,0.6,0.0,0.0,0.0,0,146.124,700,37.21,-1
0.45,-0.5,0.65,0.0,0.0,0.0,0,135.323,700,40.46,-1
0.45,-0.5,0.7,0.0,0.0,0.0,0,137.674,700,40.29,-1
0.45,-0.5,0.75,0.0,0.0,0.0,0,134.324,700,38.46,-1
0.45,-0.5,0.8,0.0,0.0,0.0,0,141.035,700,38.67,-1
0.45,-0.5,0.85,0.0,0.0,0.0,0,159.959,700,39.49,-1
0.45,-0.5,0.9,0.0,0.0,0.0,0,166.802,700,36.33,-1
0.45,-0.45,0.35,0.0,0.0,0.0,0,255.598,700,41.26,-1
0.45,-0.45,0.4,0.0,0.0,0.0,0,288.542,700,41.62,-1
0.45,-0.45,0.45,0.0,0.0,0.0,0,192.916,700,41.07,-1
0.45,-0.45,0.5,0.0,0.0,0.0,0,165.036,700,38.66,-1
0.45,-0.45,0.55,0.0,0.0,0.0,0,140.404,700,41.04,-1
0.45,-0.45,0.6,0.0,0.0,0.0,0,120.426,700,38.55,-1
0.45,-0.45,0.65,0.0,0.0,0.0,0,107.195,700,40.78,-1
0.45,-0.45,0.7,0.0,0.0,0.0,0,102.905,700,37.96,-1
0.45,-0.45,0.75,0.0,0.0,0.0,0,105.405,700,39.6,-1
0.45,-0.45,0.8,0.0,0.0,0.0,0,112.47,700,38.73,-1
0.45,-0.45,0.85,0.0,0.0,0.0,0,123.928,700,37.99,-1
0.45,-0.45,0.9,0.0,0.0,0.0,0,139.517,700,39.55,-1
0.45,-0.4,0.35,0.0,0.0,0.0,0,244.953,700,38.05,-1
0.45,-0.4,0.4,0.0,0.0,0.0,0,211.572,700,41.44,-1
0.45,-0.4,0.45,0.0,0.0,0.0,0,179.768,700,41.29,-1
0.45,-0.4,0.5,0.0,0.0,0.0,0,149.843,700,40.97,-1
0.45,-0.4,0.55,0.0,0.0,0.0,0,122.503,700,38.77,-1
0.45,-0.4,0.6,0.0,0.0,0.0,0,99.203,700,40.37,-1
0.45,-0.4,0.65,0.0,0.0,0.0,0,82.747,700,38.3,-1
0.45,-0.4,0.7,0.0,0.0,0.0,0,77.098,700,39.91,-1
0.45,-0.4,0.75,0.0,0.0,0.0,0,79.723,700,39.89,-1
0.45,-0.4,0.8,0.0,0.0,0.0,0,87.135,700,36.19,-1
0.45,-0.4,0.85,0.0,0.0,0.0,0,99.136,700,39.91,-1
0.45,-0.4,0.9,0.0,0.0,0.0,0,115.425,700,40.77,-1
0.45,-0.35,0.35,0.0,0.0,0.0,0,238.175,700,40.08,-1
0.45,-0.35,0.4,0.0,0.0,0.0,0,204.058,700,41.99,-1
0.45,-0.35,0.45,0.0,0.0,0.0,0,171.143,700,38.89,-1
0.45,-0.35,0.5,0.0,0.0,0.0,0,139.604,700,40.81,-1
0.45,-0.35,0.55,0.0,0.0,0.0,0,109.908,700,38.32,-1
0.45,-0.35,0.6,0.0,0.0,0.0,0,83.621,700,40.25,-1
0.45,-0.35,0.65,0.0,0.0,0.0,0,63.02,700,37.08,-1
0.45,-0.35,0.7,0.0,0.0,0.0,0,55.036,700,39.65,-1
0.45,-0.35,0.75,0.0,0.0,0.0,0,57.778,700,40.11,-1
0.45,-0.35,0.8,0.0,0.0,0.0,0,65.514,700,39.37,-1
0.45,-0.35,0.85,0.0,0.0,0.0,0,78.024,700,38.66,-1
0.45,-0.35,0.9,0.0,0.0,0.0,0,94.962,700,39.42,-1
0.45,-0.3,0.35,0.0,0.0,0.0,0,234.703,700,39.65,-1
0.45,-0.3,0.4,0.0,0.0,0.0,0,200.12,700,41.91,-1
0.45,-0.3,0.45,0.0,0.0,0.0,0,166.479,700,39.13,-1
0.45,-0.3,0.5,0.0,0.0,0.0,0,132.068,700,40.54,-1
0.45,-0.3,0.55,0.0,0.0,0.0,0,101.109,700,38.35,-1
0.45,-0.3,0.6,0.0,0.0,0.0,0,72.351,700,40.42,-1
0.45,-0.3,0.65,0.0,0.0,0.0,0,48.01,700,38.71,-1
0.45,-0.3,0.7,0.0,0.0,0.0,0,37.251,700,39.46,-1
0.45,-0.3,0.75,0.0,0.0,0.0,0,40.095,700,38.1,-1
0.45,-0.3,0.8,0.0,0.0,0.0,0,48.114,700,39.78,-1
0.45,-0.3,0.85,0.0,0.0,0.0,0,61.058,700,39.44,-1
0.45,-0.3,0.9,0.0,0.0,0.0,0,78.559,700,37.77,-1
0.45,-0.25,0.35,0.0,0.0,0.0,0,233.85,700,41.51,-1
0.45,-0.25,0.4,0.0,0.0,0.0,0,198.978,700,39.1,-1
0.45,-0.25,0.45,0.0,0.0,0.0,0,164.885,700,41.19,-1
0.45,-0.25,0.5,0.0,0.0,0.0,0,127.355,700,38.84,-1
0.45,-0.25,0.55,0.0,0.0,0.0,0,100.836,700,40.64,-1
0.45,-0.25,0.6,0.0,0.0,0.0,0,66.094,700,38.67,-1
0.45,-0.25,0.65,0.0,0.0,0.0,0,38.603,700,40.41,-1
0.45,-0.25,0.7,0.0,0.0,0.0,0,24.235,700,39.21,-1
0.45,-0.25,0.75,0.0,0.0,0.0,0,27.159,700,39.49,-1
0.45,-0.25,0.8,0.0,0.0,0.0,0,35.398,700,38.36,-1
0.45,-0.25,0.85,0.0,0.0,0.0,0,48.682,700,39.06,-1
0.45,-0.25,0.9,0.0,0.0,0.0,0,66.61,700,39.24,-1
0.45,-0.2,0.35,0.0,0.0,0.0,0,234.931,700,37.01,-1
0.45,-0.2,0.4,0.0,0.0,0.0,0,199.83,700,40.58,-1
0.45,-0.2,0.45,0.0,0.0,0.0,0,165.723,700,39.56,-1
0.45,-0.2,0.5,0.0,0.0,0.0,0,125.412,700,40.17,-1
0.45,-0.2,0.55,0.0,0.0,0.0,0,94.102,700,38.47,-1
0.45,-0.2,0.6,0.0,0.0,0.0,0,63.409,700,40.2,-1
0.45,-0.2,0.65,0.0,0.0,0.0,0,34.136,700,40.24,-1
0.45,-0.2,0.7,0.0,0.0,0.0,0,16.401,700,36.48,-1
0.45,-0.2,0.75,0.0,0.0,0.0,0,19.375,700,39.77,-1
0.45,-0.2,0.8,0.0,0.0,0.0,0,27.753,700,39.82,-1
0.45,-0.2,0.85,0.0,0.0,0.0,0,41.249,700,37.73,-1
0.45,-0.2,0.9,0.0,0.0,0.0,0,59.446,700,39.74,-1
0.45,-0.15,0.35,0.0,0.0,0.0,0,226.445,700,39.79,-1
0.45,-0.15,0.4,0.0,0.0,0.0,0,202.034,700,41.64,-1
0.45,-0.15,0.45,0.0,0.0,0.0,0,156.892,700,41.63,-1
0.45,-0.15,0.5,0.0,0.0,0.0,0,125.035,700,39.59,-1
0.45,-0.15,0.55,0.0,0.0,0.0,0,93.708,700,41.4,-1
0.45,-0.15,0.6,0.0,0.0,0.0,0,62.855,700,40.12,-1
0.45,-0.15,0.65,0.0,0.0,0.0,0,33.069,700,39.32,-1
0.45,-0.15,0.7,0.0,0.0,0.0,0,14.048,700,39.73,-1
0.45,-0.15,0.75,0.0,0.0,0.0,0,17.775,700,37.96,-1
0.45,-0.15,0.8,0.0,0.0,0.0,0,25.429,700,39.5,-1
0.45,-0.15,0.85,0.0,0.0,0.0,0,38.991,700,39.55,-1
0.45,-0.15,0.9,0.0,0.0,0.0,0,57.271,700,36.08,-1
0.45,-0.1,0.35,0.0,0.0,0.0,0,224.151,700,41.72,-1
0.45,-0.1,0.4,0.0,0.0,0.0,0,203.343,700,41.84,-1
0.45,-0.1,0.45,0.0,0.0,0.0,0,158.192,700,41.84,-1
0.45,-0.1,0.5,0.0,0.0,0.0,0,126.227,700,40.12,-1
0.45,-0.1,0.55,0.0,0.0,0.0,0,94.815,700,41.64,-1
0.45,-0.1,0.6,0.0,0.0,0.0,0,70.64,700,41.63,-1
0.45,-0.1,0.65,0.0,0.0,0.0,0,34.663,700,37.89,-1
0.45,-0.1,0.7,0.0,0.0,0.0,0,17.175,700,39.64,-1
0.45,-0.1,0.75,0.0,0.0,0.0,0,20.144,700,39.81,-1
0.45,-0.1,0.8,0.0,0.0,0.0,0,28.507,700,39.5,-1
0.45,-0.1,0.85,0.0,0.0,0.0,0,41.982,700,37.49,-1
0.45,-0.1,0.9,0.0,0.0,0.0,0,60.152,700,39.57,-1
0.45,-0.05,0.35,0.0,0.0,0.0,0,242.842,700,41.14,-1
0.45,-0.05,0.4,0.0,0.0,0.0,0,195.689,700,40.79,-1
0.45,-0.05,0.45,0.0,0.0,0.0,0,162.59,700,43.53,-1
0.45,-0.05,0.5,0.0,0.0,0.0,0,130.166,700,43.03,-1
0.45,-0.05,0.55,0.0,0.0,0.0,0,98.49,700,41.29,-1
0.45,-0.05,0.6,0.0,0.0,0.0,0,67.943,700,42.7,-1
0.45,-0.05,0.65,0.0,0.0,0.0,0,40.333,700,42.87,-1
0.45,-0.05,0.7,0.0,0.0,0.0,0,26.316,700,40.27,-1
0.45,-0.05,0.75,0.0,0.0,0.0,0,29.196,700,41.45,-1
0.45,-0.05,0.8,0.0,0.0,0.0,0,37.322,700,38.95,-1
0.45,-0.05,0.85,0.0,0.0,0.0,0,50.448,700,41.83,-1
0.45,-0.05,0.9,0.0,0.0,0.0,0,68.206,700,41.53,-1
0.5,-0.5,0.35,0.0,0.0,0.0,0,298.749,700,39.93,-1
0.5,-0.5,0.4,0.0,0.0,0.0,0,268.68,700,41.04,-1
0.5,-0.5,0.45,0.0,0.0,0.0,0,242.058,700,40.91,-1
0.5,-0.5,0.5,0.0,0.0,0.0,0,218.677,700,38.74,-1
0.5,-0.5,0.55,0.0,0.0,0.0,0,205.209,700,41.1,-1
0.5,-0.5,0.6,0.0,0.0,0.0,0,184.358,700,41.51,-1
0.5,-0.5,0.65,0.0,0.0,0.0,0,175.191,700,38.71,-1
0.5,-0.5,0.7,0.0,0.0,0.0,0,172.332,700,39.56,-1
0.5,-0.5,0.75,0.0,0.0,0.0,0,174.548,700,38.14,-1
0.5,-0.5,0.8,0.0,0.0,0.0,0,180.822,700,39.42,-1
0.5,-0.5,0.85,0.0,0.0,0.0,0,191.032,700,39.45,-1
0.5,-0.5,0.9,0.0,0.0,0.0,0,204.989,700,38.16,-1
0.5,-0.45,0.35,0.0,0.0,0.0,0,283.234,700,41.85,-1
0.5,-0.45,0.4,0.0,0.0,0.0,0,251.14,700,39.66,-1
0.5,-0.45,0.45,0.0,0.0,0.0,0,222.938,700,40.18,-1
0.5,-0.45,0.5,0.0,0.0,0.0,0,197.65,700,40.97,-1
0.5,-0.45,0.55,0.0,0.0,0.0,0,176.064,700,40.09,-1
0.5,-0.45,0.6,0.0,0.0,0.0,0,159.302,700,38.3,-1
0.5,-0.45,0.65,0.0,0.0,0.0,0,148.681,700,40.28,-1
0.5,-0.45,0.7,0.0,0.0,0.0,0,145.307,700,37.48,-1
0.5,-0.45,0.75,0.0,0.0,0.0,0,147.625,700,39.45,-1
0.5,-0.45,0.8,0.0,0.0,0.0,0,154.185,700,37.76,-1
0.5,-0.45,0.85,0.0,0.0,0.0,0,188.266,700,39.42,-1
0.5,-0.45,0.9,0.0,0.0,0.0,0,179.402,700,39.66,-1
0.5,-0.4,0.35,0.0,0.0,0.0,0,280.707,700,40.11,-1
0.5,-0.4,0.4,0.0,0.0,0.0,0,237.413,700,41.6,-1
0.5,-0.4,0.45,0.0,0.0,0.0,0,207.695,700,38.54,-1
0.5,-0.4,0.5,0.0,0.0,0.0,0,180.538,700,41.08,-1
0.5,-0.4,0.55,0.0,0.0,0.0,0,156.807,700,40.33,-1
0.5,-0.4,0.6,0.0,0.0,0.0,0,137.85,700,38.67,-1
0.5,-0.4,0.65,0.0,0.0,0.0,0,151.421,700,40.88,-1
0.5,-0.4,0.7,0.0,0.0,0.0,0,121.466,700,37.89,-1
0.5,-0.4,0.75,0.0,0.0,0.0,0,123.883,700,39.61,-1
0.5,-0.4,0.8,0.0,0.0,0.0,0,130.718,700,37.49,-1
0.5,-0.4,0.85,0.0,0.0,0.0,0,141.814,700,39.97,-1
0.5,-0.4,0.9,0.0,0.0,0.0,0,156.933,700,38.24,-1
0.5,-0.35,0.35,0.0,0.0,0.0,0,260.165,700,41.91,-1
0.5,-0.35,0.4,0.0,0.0,0.0,0,225.906,700,39.62,-1
0.5,-0.35,0.45,0.0,0.0,0.0,0,196.346,700,41.58,-1
0.5,-0.35,0.5,0.0,0.0,0.0,0,167.496,700,38.02,-1
0.5,-0.35,0.55,0.0,0.0,0.0,0,141.686,700,40.64,-1
0.5,-0.35,0.6,0.0,0.0,0.0,0,120.417,700,40.59,-1
0.5,-0.35,0.65,0.0,0.0,0.0,0,106.042,700,38.43,-1
0.5,-0.35,0.7,0.0,0.0,0.0,0,101.233,700,39.52,-1
0.5,-0.35,0.75,0.0,0.0,0.0,0,103.74,700,37.61,-1
0.5,-0.35,0.8,0.0,0.0,0.0,0,110.827,700,39.6,-1
0.5,-0.35,0.85,0.0,0.0,0.0,0,122.318,700,39.97,-1
0.5,-0.35,0.9,0.0,0.0,0.0,0,137.951,700,37.4,-1
0.5,-0.3,0.35,0.0,0.0,0.0,0,254.343,700,41.48,-1
0.5,-0.3,0.4,0.0,0.0,0.0,0,220.79,700,39.47,-1
0.5,-0.3,0.45,0.0,0.0,0.0,0,188.688,700,41.19,-1
0.5,-0.3,0.5,0.0,0.0,0.0,0,214.381,700,41.04,-1
0.5,-0.3,0.55,0.0,0.0,0.0,0,130.772,700,38.51,-1
0.5,-0.3,0.6,0.0,0.0,0.0,0,107.274,700,40.76,-1
0.5,-0.3,0.65,0.0,0.0,0.0,0,90.751,700,40.29,-1
0.5,-0.3,0.7,0.0,0.0,0.0,0,85.027,700,36.23,-1
0.5,-0.3,0.75,0.0,0.0,0.0,0,87.612,700,39.6,-1
0.5,-0.3,0.8,0.0,0.0,0.0,0,94.914,700,39.85,-1
0.5,-0.3,0.85,0.0,0.0,0.0,0,106.743,700,37.39,-1
0.5,-0.3,0.9,0.0,0.0,0.0,0,122.811,700,40.2,-1
0.5,-0.25,0.35,0.0,0.0,0.0,0,249.689,700,41.42,-1
0.5,-0.25,0.4,0.0,0.0,0.0,0,217.222,700,38.83,-1
0.5,-0.25,0.45,0.0,0.0,0.0,0,184.318,700,40.97,-1
0.5,-0.25,0.5,0.0,0.0,0.0,0,152.966,700,40.46,-1
0.5,-0.25,0.55,0.0,0.0,0.0,0,123.849,700,37.42,-1
0.5,-0.25,0.6,0.0,0.0,0.0,0,98.451,700,40.41,-1
0.5,-0.25,0.65,0.0,0.0,0.0,0,79.903,700,40.4,-1
0.5,-0.25,0.7,0.0,0.0,0.0,0,73.235,700,39.73,-1
0.5,-0.25,0.75,0.0,0.0,0.0,0,75.879,700,37.9,-1
0.5,-0.25,0.8,0.0,0.0,0.0,0,83.346,700,39.51,-1
0.5,-0.25,0.85,0.0,0.0,0.0,0,95.432,700,39.74,-1
0.5,-0.25,0.9,0.0,0.0,0.0,0,111.832,700,36.79,-1
0.5,-0.2,0.35,0.0,0.0,0.0,0,250.79,700,41.3,-1
0.5,-0.2,0.4,0.0,0.0,0.0,0,216.233,700,40.94,-1
0.5,-0.2,0.45,0.0,0.0,0.0,0,182.758,700,39.41,-1
0.5,-0.2,0.5,0.0,0.0,0.0,0,150.642,700,40.57,-1
0.5,-0.2,0.55,0.0,0.0,0.0,0,120.497,700,39.15,-1
0.5,-0.2,0.6,0.0,0.0,0.0,0,93.73,700,39.88,-1
0.5,-0.2,0.65,0.0,0.0,0.0,0,73.236,700,40.44,-1
0.5,-0.2,0.7,0.0,0.0,0.0,0,66.162,700,38.02,-1
0.5,-0.2,0.75,0.0,0.0,0.0,0,68.845,700,39.74,-1
0.5,-0.2,0.8,0.0,0.0,0.0,0,76.412,700,39.56,-1
0.5,-0.2,0.85,0.0,0.0,0.0,0,88.663,700,36.78,-1
0.5,-0.2,0.9,0.0,0.0,0.0,0,105.268,700,39.93,-1
0.5,-0.15,0.35,0.0,0.0,0.0,0,244.02,700,41.72,-1
0.5,-0.15,0.4,0.0,0.0,0.0,0,217.438,700,40.13,-1
0.5,-0.15,0.45,0.0,0.0,0.0,0,183.609,700,41.83,-1
0.5,-0.15,0.5,0.0,0.0,0.0,0,151.034,700,41.07,-1
0.5,-0.15,0.55,0.0,0.0,0.0,0,120.288,700,38.58,-1
0.5,-0.15,0.6,0.0,0.0,0.0,0,92.795,700,40.44,-1
0.5,-0.15,0.65,0.0,0.0,0.0,0,71.92,700,40.7,-1
0.5,-0.15,0.7,0.0,0.0,0.0,0,64.016,700,37.32,-1
0.5,-0.15,0.75,0.0,0.0,0.0,0,66.709,700,38.54,-1
0.5,-0.15,0.8,0.0,0.0,0.0,0,74.315,700,39.95,-1
0.5,-0.15,0.85,0.0,0.0,0.0,0,86.61,700,39.39,-1
0.5,-0.15,0.9,0.0,0.0,0.0,0,103.278,700,37.56,-1
0.5,-0.1,0.35,0.0,0.0,0.0,0,253.862,700,40.37,-1
0.5,-0.1,0.4,0.0,0.0,0.0,0,208.925,700,41.71,-1
0.5,-0.1,0.45,0.0,0.0,0.0,0,185.278,700,41.93,-1
0.5,-0.1,0.5,0.0,0.0,0.0,0,152.805,700,39.96,-1
0.5,-0.1,0.55,0.0,0.0,0.0,0,122.259,700,41.94,-1
0.5,-0.1,0.6,0.0,0.0,0.0,0,95.067,700,39.68,-1
0.5,-0.1,0.65,0.0,0.0,0.0,0,74.182,700,41.59,-1
0.5,-0.1,0.7,0.0,0.0,0.0,0,66.858,700,37.89,-1
0.5,-0.1,0.75,0.0,0.0,0.0,0,69.542,700,39.51,-1
0.5,-0.1,0.8,0.0,0.0,0.0,0,77.101,700,37.65,-1
0.5,-0.1,0.85,0.0,0.0,0.0,0,89.33,700,39.9,-1
0.5,-0.1,0.9,0.0,0.0,0.0,0,105.915,700,37.61,-1
0.5,-0.05,0.35,0.0,0.0,0.0,0,245.02,700,41.81,-1
0.5,-0.05,0.4,0.0,0.0,0.0,0,223.651,700,40.41,-1
0.5,-0.05,0.45,0.0,0.0,0.0,0,180.67,700,42.3,-1
0.5,-0.05,0.5,0.0,0.0,0.0,0,151.532,700,39.28,-1
0.5,-0.05,0.55,0.0,0.0,0.0,0,123.402,700,42.98,-1
0.5,-0.05,0.6,0.0,0.0,0.0,0,98.952,700,43.03,-1
0.5,-0.05,0.65,0.0,0.0,0.0,0,81.191,700,41.07,-1
0.5,-0.05,0.7,0.0,0.0,0.0,0,74.775,700,40.96,-1
0.5,-0.05,0.75,0.0,0.0,0.0,0,78.03,700,38.72,-1
0.5,-0.05,0.8,0.0,0.0,0.0,0,85.561,700,40.31,-1
0.5,-0.05,0.85,0.0,0.0,0.0,0,97.272,700,36.6,-1
0.5,-0.05,0.9,0.0,0.0,0.0,0,113.346,700,39.89,-1
-0.2,-0.5,0.35,0.0,45.0,0.0,0,253.135,700,41.87,-1
-0.2,-0.5,0.4,0.0,45.0,0.0,0,238.666,700,38.52,-1
-0.2,-0.5,0.45,0.0,45.0,0.0,0,169.587,700,41.17,-1
-0.2,-0.5,0.5,0.0,45.0,0.0,0,133.457,700,41.78,-1
-0.2,-0.5,0.55,0.0,45.0,0.0,0,99.304,700,38.96,-1
-0.2,-0.5,0.6,0.0,45.0,0.0,0,67.845,700,41.11,-1
-0.2,-0.5,0.65,0.0,45.0,0.0,0,40.081,700,38.92,-1
-0.2,-0.5,0.7,0.0,45.0,0.0,0,17.42,700,40.86,-1
-0.2,-0.5,0.75,0.0,45.0,0.0,1,2.619,14,0.84,0
-0.2,-0.5,0.8,0.0,45.0,0.0,1,1.706,13,0.82,0
-0.2,-0.5,0.85,0.0,45.0,0.0,1,4.648,300,16.59,2
-0.2,-0.5,0.9,0.0,45.0,0.0,0,36.265,700,40.12,-1
-0.2,-0.45,0.35,0.0,45.0,0.0,0,259.162,700,41.52,-1
-0.2,-0.45,0.4,0.0,45.0,0.0,0,198.169,700,39.93,-1
-0.2,-0.45,0.45,0.0,45.0,0.0,0,151.305,700,40.56,-1
-0.2,-0.45,0.5,0.0,45.0,0.0,0,112.883,700,39.63,-1
-0.2,-0.45,0.55,0.0,45.0,0.0,0,76.007,700,41.13,-1
-0.2,-0.45,0.6,0.0,45.0,0.0,0,41.343,700,39.2,-1
-0.2,-0.45,0.65,0.0,45.0,0.0,1,9.974,300,17.34,2
-0.2,-0.45,0.7,0.0,45.0,0.0,0,130.357,700,39.4,-1
-0.2,-0.45,0.75,0.0,45.0,0.0,1,1.472,21,1.24,0
-0.2,-0.45,0.8,0.0,45.0,0.0,1,1.334,33,1.93,0
-0.2,-0.45,0.85,0.0,45.0,0.0,1,0.922,212,12.66,2
-0.2,-0.45,0.9,0.0,45.0,0.0,1,0.778,11,0.65,0
-0.2,-0.4,0.35,0.0,45.0,0.0,0,228.813,700,41.39,-1
-0.2,-0.4,0.4,0.0,45.0,0.0,0,179.327,700,37.86,-1
-0.2,-0.4,0.45,0.0,45.0,0.0,0,138.237,700,40.85,-1
-0.2,-0.4,0.5,0.0,45.0,0.0,0,97.889,700,41.06,-1
-0.2,-0.4,0.55,0.0,45.0,0.0,0,58.649,700,38.25,-1
-0.2,-0.4,0.6,0.0,45.0,0.0,0,21.116,700,40.91,-1
-0.2,-0.4,0.65,0.0,45.0,0.0,0,134.697,700,41.13,-1
-0.2,-0.4,0.7,0.0,45.0,0.0,0,130.351,700,39.51,-1
-0.2,-0.4,0.75,0.0,45.0,0.0,1,1.581,315,18.62,3
-0.2,-0.4,0.8,0.0,45.0,0.0,1,1.373,9,0.6,0
-0.2,-0.4,0.85,0.0,45.0,0.0,1,2.146,9,0.59,0
-0.2,-0.4,0.9,0.0,45.0,0.0,1,2.785,209,12.6,2
-0.2,-0.35,0.35,0.0,45.0,0.0,0,216.428,700,39.09,-1
-0.2,-0.35,0.4,0.0,45.0,0.0,0,173.083,700,41.01,-1
-0.2,-0.35,0.45,0.0,45.0,0.0,0,130.917,700,38.79,-1
-0.2,-0.35,0.5,0.0,45.0,0.0,0,89.216,700,41.07,-1
-0.2,-0.35,0.55,0.0,45.0,0.0,0,48.276,700,40.43,-1
-0.2,-0.35,0.6,0.0,45.0,0.0,0,170.274,700,40.11,-1
-0.2,-0.35,0.65,0.0,45.0,0.0,0,128.443,700,40.98,-1
-0.2,-0.35,0.7,0.0,45.0,0.0,1,1.75,310,15.18,3
-0.2,-0.35,0.75,0.0,45.0,0.0,1,1.619,332,19.57,3
-0.2,-0.35,0.8,0.0,45.0,0.0,1,1.492,212,12.51,2
-0.2,-0.35,0.85,0.0,45.0,0.0,1,2.378,110,6.62,1
-0.2,-0.35,0.9,0.0,45.0,0.0,1,2.73,108,6.56,1
-0.2,-0.3,0.35,0.0,45.0,0.0,0,283.851,700,41.23,-1
-0.2,-0.3,0.4,0.0,45.0,0.0,0,172.339,700,39.1,-1
-0.2,-0.3,0.45,0.0,45.0,0.0,0,129.709,700,41.05,-1
-0.2,-0.3,0.5,0.0,45.0,0.0,0,87.411,700,41.34,-1
-0.2,-0.3,0.55,0.0,45.0,0.0,0,45.715,700,37.91,-1
-0.2,-0.3,0.6,0.0,45.0,0.0,1,5.332,100,5.74,0
-0.2,-0.3,0.65,0.0,45.0,0.0,1,2.611,216,12.88,2
-0.2,-0.3,0.7,0.0,45.0,0.0,0,125.417,700,41.44,-1
-0.2,-0.3,0.75,0.0,45.0,0.0,1,2.039,312,18.46,3
-0.2,-0.3,0.8,0.0,45.0,0.0,1,2.482,210,10.77,2
-0.2,-0.3,0.85,0.0,45.0,0.0,1,0.765,10,0.49,0
-0.2,-0.3,0.9,0.0,45.0,0.0,1,0.712,108,6.38,1
-0.2,-0.25,0.35,0.0,45.0,0.0,0,268.28,700,41.35,-1
-0.2,-0.25,0.4,0.0,45.0,0.0,0,177.153,700,39.94,-1
-0.2,-0.25,0.45,0.0,45.0,0.0,0,134.729,700,40.12,-1
-0.2,-0.25,0.5,0.0,45.0,0.0,0,92.796,700,41.74,-1
-0.2,-0.25,0.55,0.0,45.0,0.0,0,99.286,700,40.52,-1
-0.2,-0.25,0.6,0.0,45.0,0.0,0,13.026,700,42.32,-1
-0.2,-0.25,0.65,0.0,45.0,0.0,1,1.274,8,0.5,0
-0.2,-0.25,0.7,0.0,45.0,0.0,1,1.485,309,18.63,3
-0.2,-0.25,0.75,0.0,45.0,0.0,1,2.567,17,1.05,0
-0.2,-0.25,0.8,0.0,45.0,0.0,1,1.541,208,10.65,2
-0.2,-0.25,0.85,0.0,45.0,0.0,1,1.745,9,0.54,0
-0.2,-0.25,0.9,0.0,45.0,0.0,1,0.845,8,0.48,0
-0.2,-0.2,0.35,0.0,45.0,0.0,0,236.973,700,41.66,-1
-0.2,-0.2,0.4,0.0,45.0,0.0,0,100.184,700,38.76,-1
-0.2,-0.2,0.45,0.0,45.0,0.0,0,114.055,700,41.42,-1
-0.2,-0.2,0.5,0.0,45.0,0.0,0,84.578,700,41.52,-1
-0.2,-0.2,0.55,0.0,45.0,0.0,0,82.594,700,39.93,-1
-0.2,-0.2,0.6,0.0,45.0,0.0,0,25.698,700,42.0,-1
-0.2,-0.2,0.65,0.0,45.0,0.0,1,3.438,100,5.71,0
-0.2,-0.2,0.7,0.0,45.0,0.0,1,1.599,116,6.42,1
-0.2,-0.2,0.75,0.0,45.0,0.0,1,2.273,211,12.05,2
-0.2,-0.2,0.8,0.0,45.0,0.0,1,2.091,10,0.61,0
-0.2,-0.2,0.85,0.0,45.0,0.0,1,0.932,8,0.49,0
-0.2,-0.2,0.9,0.0,45.0,0.0,1,2.47,7,0.43,0
-0.2,-0.15,0.35,0.0,45.0,0.0,0,196.603,700,41.89,-1
-0.2,-0.15,0.4,0.0,45.0,0.0,0,94.611,700,39.65,-1
-0.2,-0.15,0.45,0.0,45.0,0.0,0,75.94,700,41.79,-1
-0.2,-0.15,0.5,0.0,45.0,0.0,0,62.272,700,39.13,-1
-0.2,-0.15,0.55,0.0,45.0,0.0,0,50.971,700,40.88,-1
-0.2,-0.15,0.6,0.0,45.0,0.0,0,25.749,700,38.17,-1
-0.2,-0.15,0.65,0.0,45.0,0.0,1,3.811,100,5.64,0
-0.2,-0.15,0.7,0.0,45.0,0.0,1,1.617,209,13.2,2
-0.2,-0.15,0.75,0.0,45.0,0.0,1,1.674,7,0.43,0
-0.2,-0.15,0.8,0.0,45.0,0.0,1,1.396,9,0.54,0
-0.2,-0.15,0.85,0.0,45.0,0.0,1,1.216,9,0.54,0
-0.2,-0.15,0.9,0.0,45.0,0.0,1,0.86,7,0.42,0
-0.2,-0.1,0.35,0.0,45.0,0.0,0,270.251,700,41.24,-1
-0.2,-0.1,0.4,0.0,45.0,0.0,0,108.175,700,40.8,-1
-0.2,-0.1,0.45,0.0,45.0,0.0,0,94.329,700,39.18,-1
-0.2,-0.1,0.5,0.0,45.0,0.0,0,87.634,700,40.91,-1
-0.2,-0.1,0.55,0.0,45.0,0.0,0,62.406,700,38.52,-1
-0.2,-0.1,0.6,0.0,45.0,0.0,0,12.382,700,41.0,-1
-0.2,-0.1,0.65,0.0,45.0,0.0,1,2.639,9,0.56,0
-0.2,-0.1,0.7,0.0,45.0,0.0,1,1.88,13,0.84,0
-0.2,-0.1,0.75,0.0,45.0,0.0,1,2.795,8,0.49,0
-0.2,-0.1,0.8,0.0,45.0,0.0,1,1.307,10,0.6,0
-0.2,-0.1,0.85,0.0,45.0,0.0,1,2.069,12,0.71,0
-0.2,-0.1,0.9,0.0,45.0,0.0,1,2.455,6,0.37,0
-0.2,-0.05,0.35,0.0,45.0,0.0,0,285.802,700,38.73,-1
-0.2,-0.05,0.4,0.0,45.0,0.0,0,176.103,700,40.82,-1
-0.2,-0.05,0.45,0.0,45.0,0.0,0,133.604,700,40.38,-1
-0.2,-0.05,0.5,0.0,45.0,0.0,0,91.465,700,38.04,-1
-0.2,-0.05,0.55,0.0,45.0,0.0,0,49.986,700,40.88,-1
-0.2,-0.05,0.6,0.0,45.0,0.0,1,9.8,100,5.8,0
-0.2,-0.05,0.65,0.0,45.0,0.0,1,2.04,13,0.8,0
-0.2,-0.05,0.7,0.0,45.0,0.0,1,2.433,13,0.87,0
-0.2,-0.05,0.75,0.0,45.0,0.0,1,1.738,12,0.78,0
-0.2,-0.05,0.8,0.0,45.0,0.0,1,1.469,10,0.6,0
-0.2,-0.05,0.85,0.0,45.0,0.0,1,1.254,8,0.48,0
-0.2,-0.05,0.9,0.0,45.0,0.0,1,1.984,7,0.42,0
-0.15,-0.5,0.35,0.0,45.0,0.0,0,229.045,700,39.74,-1
-0.15,-0.5,0.4,0.0,45.0,0.0,0,210.368,700,41.08,-1
-0.15,-0.5,0.45,0.0,45.0,0.0,0,162.32,700,38.11,-1
-0.15,-0.5,0.5,0.0,45.0,0.0,0,125.287,700,40.88,-1
-0.15,-0.5,0.55,0.0,45.0,0.0,0,90.09,700,40.51,-1
-0.15,-0.5,0.6,0.0,45.0,0.0,0,57.448,700,37.38,-1
-0.15,-0.5,0.65,0.0,45.0,0.0,0,28.415,700,40.5,-1
-0.15,-0.5,0.7,0.0,45.0,0.0,1,5.183,100,5.78,0
-0.15,-0.5,0.75,0.0,45.0,0.0,1,2.656,315,18.92,3
-0.15,-0.5,0.8,0.0,45.0,0.0,1,2.13,14,0.83,0
-0.15,-0.5,0.85,0.0,45.0,0.0,1,1.488,14,0.82,0
-0.15,-0.5,0.9,0.0,45.0,0.0,1,4.728,100,5.64,0
-0.15,-0.45,0.35,0.0,45.0,0.0,0,231.844,700,39.39,-1
-0.15,-0.45,0.4,0.0,45.0,0.0,0,184.401,700,41.03,-1
-0.15,-0.45,0.45,0.0,45.0,0.0,0,143.98,700,39.02,-1
-0.15,-0.45,0.5,0.0,45.0,0.0,0,104.486,700,41.35,-1
-0.15,-0.45,0.55,0.0,45.0,0.0,0,184.751,700,41.51,-1
-0.15,-0.45,0.6,0.0,45.0,0.0,0,168.391,700,38.27,-1
-0.15,-0.45,0.65,0.0,45.0,0.0,1,2.768,210,12.29,2
-0.15,-0.45,0.7,0.0,45.0,0.0,1,2.706,311,18.36,3
-0.15,-0.45,0.75,0.0,45.0,0.0,1,1.78,24,1.46,0
-0.15,-0.45,0.8,0.0,45.0,0.0,1,1.223,17,1.0,0
-0.15,-0.45,0.85,0.0,45.0,0.0,1,1.963,517,31.02,5
-0.15,-0.45,0.9,0.0,45.0,0.0,1,1.235,214,12.83,2
-0.15,-0.4,0.35,0.0,45.0,0.0,0,310.705,700,39.79,-1
-0.15,-0.4,0.4,0.0,45.0,0.0,0,173.0,700,40.8,-1
-0.15,-0.4,0.45,0.0,45.0,0.0,0,130.91,700,38.82,-1
-0.15,-0.4,0.5,0.0,45.0,0.0,0,89.307,700,41.1,-1
-0.15,-0.4,0.55,0.0,45.0,0.0,0,48.484,700,41.32,-1
-0.15,-0.4,0.6,0.0,45.0,0.0,0,146.414,700,37.29,-1
-0.15,-0.4,0.65,0.0,45.0,0.0,1,2.468,212,12.69,2
-0.15,-0.4,0.7,0.0,45.0,0.0,1,2.027,317,18.71,3
-0.15,-0.4,0.75,0.0,45.0,0.0,1,1.758,28,1.61,0
-0.15,-0.4,0.8,0.0,45.0,0.0,1,1.421,213,12.78,2
-0.15,-0.4,0.85,0.0,45.0,0.0,1,2.468,212,12.86,2
-0.15,-0.4,0.9,0.0,45.0,0.0,1,2.463,210,12.96,2
-0.15,-0.35,0.35,0.0,45.0,0.0,0,292.795,700,40.07,-1
-0.15,-0.35,0.4,0.0,45.0,0.0,0,166.948,700,40.18,-1
-0.15,-0.35,0.45,0.0,45.0,0.0,0,123.682,700,40.7,-1
-0.15,-0.35,0.5,0.0,45.0,0.0,0,80.56,700,39.36,-1
-0.15,-0.35,0.55,0.0,45.0,0.0,0,37.756,700,41.25,-1
-0.15,-0.35,0.6,0.0,45.0,0.0,1,2.454,22,1.31,0
-0.15,-0.35,0.65,0.0,45.0,0.0,0,86.104,700,39.37,-1
-0.15,-0.35,0.7,0.0,45.0,0.0,1,2.168,317,18.87,3
-0.15,-0.35,0.75,0.0,45.0,0.0,1,2.166,321,18.77,3
-0.15,-0.35,0.8,0.0,45.0,0.0,1,1.758,223,12.87,2
-0.15,-0.35,0.85,0.0,45.0,0.0,1,1.307,107,6.46,1
-0.15,-0.35,0.9,0.0,45.0,0.0,1,0.726,106,6.34,1
-0.15,-0.3,0.35,0.0,45.0,0.0,0,254.657,700,39.62,-1
-0.15,-0.3,0.4,0.0,45.0,0.0,0,166.497,700,40.96,-1
-0.15,-0.3,0.45,0.0,45.0,0.0,0,122.705,700,38.13,-1
-0.15,-0.3,0.5,0.0,45.0,0.0,0,78.877,700,41.71,-1
-0.15,-0.3,0.55,0.0,45.0,0.0,0,35.122,700,41.67,-1
-0.15,-0.3,0.6,0.0,45.0,0.0,1,2.461,15,0.92,0
-0.15,-0.3,0.65,0.0,45.0,0.0,1,1.485,18,1.13,0
-0.15,-0.3,0.7,0.0,45.0,0.0,0,79.565,700,39.68,-1
-0.15,-0.3,0.75,0.0,45.0,0.0,1,2.185,317,18.71,3
-0.15,-0.3,0.8,0.0,45.0,0.0,0,30.335,700,40.77,-1
-0.15,-0.3,0.85,0.0,45.0,0.0,1,2.98,11,0.72,0
-0.15,-0.3,0.9,0.0,45.0,0.0,1,2.047,106,6.46,1
-0.15,-0.25,0.35,0.0,45.0,0.0,0,262.638,700,39.44,-1
-0.15,-0.25,0.4,0.0,45.0,0.0,0,129.285,700,41.07,-1
-0.15,-0.25,0.45,0.0,45.0,0.0,0,111.097,700,37.63,-1
-0.15,-0.25,0.5,0.0,45.0,0.0,0,84.819,700,42.01,-1
-0.15,-0.25,0.55,0.0,45.0,0.0,0,42.759,700,42.68,-1
-0.15,-0.25,0.6,0.0,45.0,0.0,1,3.622,100,5.61,0
-0.15,-0.25,0.65,0.0,45.0,0.0,1,0.475,215,13.45,2
-0.15,-0.25,0.7,0.0,45.0,0.0,1,2.878,318,17.4,3
-0.15,-0.25,0.75,0.0,45.0,0.0,1,2.772,308,18.22,3
-0.15,-0.25,0.8,0.0,45.0,0.0,1,6.47,100,5.68,0
-0.15,-0.25,0.85,0.0,45.0,0.0,1,1.847,7,0.45,0
-0.15,-0.25,0.9,0.0,45.0,0.0,1,1.259,8,0.48,0
-0.15,-0.2,0.35,0.0,45.0,0.0,0,209.528,700,41.63,-1
-0.15,-0.2,0.4,0.0,45.0,0.0,0,58.88,700,39.51,-1
-0.15,-0.2,0.45,0.0,45.0,0.0,0,29.816,700,41.27,-1
-0.15,-0.2,0.5,0.0,45.0,0.0,0,19.554,700,38.94,-1
-0.15,-0.2,0.55,0.0,45.0,0.0,0,21.622,700,42.09,-1
-0.15,-0.2,0.6,0.0,45.0,0.0,0,19.723,700,41.01,-1
-0.15,-0.2,0.65,0.0,45.0,0.0,1,3.764,300,16.51,2
-0.15,-0.2,0.7,0.0,45.0,0.0,1,2.172,210,13.31,2
-0.15,-0.2,0.75,0.0,45.0,0.0,1,1.946,17,1.01,0
-0.15,-0.2,0.8,0.0,45.0,0.0,1,1.658,9,0.55,0
-0.15,-0.2,0.85,0.0,45.0,0.0,1,1.59,8,0.53,0
-0.15,-0.2,0.9,0.0,45.0,0.0,1,1.988,7,0.43,0
-0.15,-0.15,0.35,0.0,45.0,0.0,0,62.043,700,41.77,-1
-0.15,-0.15,0.4,0.0,45.0,0.0,0,33.125,700,39.61,-1
-0.15,-0.15,0.45,0.0,45.0,0.0,0,16.052,700,41.1,-1
-0.15,-0.15,0.5,0.0,45.0,0.0,0,12.992,700,39.05,-1
-0.15,-0.15,0.55,0.0,45.0,0.0,0,26.781,700,40.76,-1
-0.15,-0.15,0.6,0.0,45.0,0.0,0,13.642,700,38.32,-1
-0.15,-0.15,0.65,0.0,45.0,0.0,1,3.02,100,5.63,0
-0.15,-0.15,0.7,0.0,45.0,0.0,1,1.959,116,7.5,1
-0.15,-0.15,0.75,0.0,45.0,0.0,1,2.171,11,0.66,0
-0.15,-0.15,0.8,0.0,45.0,0.0,1,1.366,12,0.72,0
-0.15,-0.15,0.85,0.0,45.0,0.0,1,1.087,12,0.71,0
-0.15,-0.15,0.9,0.0,45.0,0.0,1,0.613,107,6.76,1
-0.15,-0.1,0.35,0.0,45.0,0.0,0,298.569,700,41.08,-1
-0.15,-0.1,0.4,0.0,45.0,0.0,0,180.578,700,38.81,-1
-0.15,-0.1,0.45,0.0,45.0,0.0,0,112.902,700,40.4,-1
-0.15,-0.1,0.5,0.0,45.0,0.0,0,95.044,700,37.44,-1
-0.15,-0.1,0.55,0.0,45.0,0.0,0,52.83,700,40.69,-1
-0.15,-0.1,0.6,0.0,45.0,0.0,0,11.641,700,40.74,-1
-0.15,-0.1,0.65,0.0,45.0,0.0,1,2.69,10,0.62,0
-0.15,-0.1,0.7,0.0,45.0,0.0,1,2.546,12,0.73,0
-0.15,-0.1,0.75,0.0,45.0,0.0,1,1.763,9,0.6,0
-0.15,-0.1,0.8,0.0,45.0,0.0,1,1.345,8,0.48,0
-0.15,-0.1,0.85,0.0,45.0,0.0,1,1.199,8,0.49,0
-0.15,-0.1,0.9,0.0,45.0,0.0,1,0.968,7,0.43,0
-0.15,-0.05,0.35,0.0,45.0,0.0,0,285.01,700,37.95,-1
-0.15,-0.05,0.4,0.0,45.0,0.0,0,170.595,700,40.72,-1
-0.15,-0.05,0.45,0.0,45.0,0.0,0,126.922,700,40.83,-1
-0.15,-0.05,0.5,0.0,45.0,0.0,0,83.229,700,38.75,-1
-0.15,-0.05,0.55,0.0,45.0,0.0,0,39.649,700,41.35,-1
-0.15,-0.05,0.6,0.0,45.0,0.0,1,1.659,13,0.8,0
-0.15,-0.05,0.65,0.0,45.0,0.0,1,2.633,19,1.15,0
-0.15,-0.05,0.7,0.0,45.0,0.0,1,2.236,13,0.78,0
-0.15,-0.05,0.75,0.0,45.0,0.0,1,2.162,10,0.65,0
-0.15,-0.05,0.8,0.0,45.0,0.0,1,1.677,8,0.48,0
-0.15,-0.05,0.85,0.0,45.0,0.0,1,1.337,7,0.43,0
-0.15,-0.05,0.9,0.0,45.0,0.0,1,1.148,7,0.43,0
-0.1,-0.5,0.35,0.0,45.0,0.0,0,202.477,700,39.37,-1
-0.1,-0.5,0.4,0.0,45.0,0.0,0,183.285,700,41.52,-1
-0.1,-0.5,0.45,0.0,45.0,0.0,0,160.497,700,38.24,-1
-0.1,-0.5,0.5,0.0,45.0,0.0,0,123.156,700,40.58,-1
-0.1,-0.5,0.55,0.0,45.0,0.0,0,87.618,700,40.31,-1
-0.1,-0.5,0.6,0.0,45.0,0.0,0,170.36,700,40.11,-1
-0.1,-0.5,0.65,0.0,45.0,0.0,0,140.105,700,40.72,-1
-0.1,-0.5,0.7,0.0,45.0,0.0,1,8.204,100,4.24,0
-0.1,-0.5,0.75,0.0,45.0,0.0,1,5.847,200,11.21,1
-0.1,-0.5,0.8,0.0,45.0,0.0,1,2.676,7,0.44,0
-0.1,-0.5,0.85,0.0,45.0,0.0,1,1.245,212,12.81,2
-0.1,-0.5,0.9,0.0,45.0,0.0,1,0.941,114,7.03,1
-0.1,-0.45,0.35,0.0,45.0,0.0,0,206.225,700,41.02,-1
-0.1,-0.45,0.4,0.0,45.0,0.0,0,183.081,700,39.05,-1
-0.1,-0.45,0.45,0.0,45.0,0.0,0,142.362,700,40.98,-1
-0.1,-0.45,0.5,0.0,45.0,0.0,0,102.49,700,40.92,-1
-0.1,-0.45,0.55,0.0,45.0,0.0,0,154.516,700,41.22,-1
-0.1,-0.45,0.6,0.0,45.0,0.0,0,131.045,700,39.47,-1
-0.1,-0.45,0.65,0.0,45.0,0.0,0,100.608,700,40.89,-1
-0.1,-0.45,0.7,0.0,45.0,0.0,1,3.92,400,21.45,3
-0.1,-0.45,0.75,0.0,45.0,0.0,1,2.642,112,6.92,1
-0.1,-0.45,0.8,0.0,45.0,0.0,1,1.799,622,37.23,6
-0.1,-0.45,0.85,0.0,45.0,0.0,1,1.582,212,12.82,2
-0.1,-0.45,0.9,0.0,45.0,0.0,1,1.204,211,12.79,2
-0.1,-0.4,0.35,0.0,45.0,0.0,0,244.897,700,39.16,-1
-0.1,-0.4,0.4,0.0,45.0,0.0,0,171.958,700,40.68,-1
-0.1,-0.4,0.45,0.0,45.0,0.0,0,129.502,700,39.57,-1
-0.1,-0.4,0.5,0.0,45.0,0.0,0,87.432,700,40.03,-1
-0.1,-0.4,0.55,0.0,45.0,0.0,0,46.03,700,41.21,-1
-0.1,-0.4,0.6,0.0,45.0,0.0,0,85.218,700,39.15,-1
-0.1,-0.4,0.65,0.0,45.0,0.0,1,3.566,400,22.93,3
-0.1,-0.4,0.7,0.0,45.0,0.0,1,2.959,313,18.43,3
-0.1,-0.4,0.75,0.0,45.0,0.0,0,32.704,700,39.43,-1
-0.1,-0.4,0.8,0.0,45.0,0.0,1,1.641,108,6.62,1
-0.1,-0.4,0.85,0.0,45.0,0.0,1,0.703,218,13.33,2
-0.1,-0.4,0.9,0.0,45.0,0.0,1,2.963,210,12.51,2
-0.1,-0.35,0.35,0.0,45.0,0.0,0,257.976,700,40.18,-1
-0.1,-0.35,0.4,0.0,45.0,0.0,0,166.193,700,39.71,-1
-0.1,-0.35,0.45,0.0,45.0,0.0,0,78.89,700,40.7,-1
-0.1,-0.35,0.5,0.0,45.0,0.0,0,78.82,700,39.25,-1
-0.1,-0.35,0.55,0.0,45.0,0.0,0,35.268,700,41.29,-1
-0.1,-0.35,0.6,0.0,45.0,0.0,1,3.292,100,5.61,0
-0.1,-0.35,0.65,0.0,45.0,0.0,0,42.831,700,38.49,-1
-0.1,-0.35,0.7,0.0,45.0,0.0,1,2.629,310,18.43,3
-0.1,-0.35,0.75,0.0,45.0,0.0,1,2.194,519,30.38,5
-0.1,-0.35,0.8,0.0,45.0,0.0,1,1.693,8,0.5,0
-0.1,-0.35,0.85,0.0,45.0,0.0,1,1.351,106,6.58,1
-0.1,-0.35,0.9,0.0,45.0,0.0,1,1.463,108,6.52,1
-0.1,-0.3,0.35,0.0,45.0,0.0,0,217.944,700,39.91,-1
-0.1,-0.3,0.4,0.0,45.0,0.0,0,166.062,700,41.29,-1
-0.1,-0.3,0.45,0.0,45.0,0.0,0,121.804,700,38.91,-1
-0.1,-0.3,0.5,0.0,45.0,0.0,0,77.336,700,41.81,-1
-0.1,-0.3,0.55,0.0,45.0,0.0,0,32.684,700,39.12,-1
-0.1,-0.3,0.6,0.0,45.0,0.0,1,3.388,100,5.68,0
-0.1,-0.3,0.65,0.0,45.0,0.0,1,3.348,300,17.18,2
-0.1,-0.3,0.7,0.0,45.0,0.0,0,34.701,700,41.53,-1
-0.1,-0.3,0.75,0.0,45.0,0.0,0,32.632,700,38.75,-1
-0.1,-0.3,0.8,0.0,45.0,0.0,1,2.01,7,0.44,0
-0.1,-0.3,0.85,0.0,45.0,0.0,1,2.302,7,0.43,0
-0.1,-0.3,0.9,0.0,45.0,0.0,1,2.619,207,12.55,2
-0.1,-0.25,0.35,0.0,45.0,0.0,0,203.789,700,40.73,-1
-0.1,-0.25,0.4,0.0,45.0,0.0,0,205.089,700,40.64,-1
-0.1,-0.25,0.45,0.0,45.0,0.0,0,196.153,700,41.53,-1
-0.1,-0.25,0.5,0.0,45.0,0.0,0,137.98,700,39.52,-1
-0.1,-0.25,0.55,0.0,45.0,0.0,0,40.915,700,41.9,-1
-0.1,-0.25,0.6,0.0,45.0,0.0,1,3.818,100,5.68,0
-0.1,-0.25,0.65,0.0,45.0,0.0,1,4.289,300,16.24,2
-0.1,-0.25,0.7,0.0,45.0,0.0,0,10.64,700,41.73,-1
-0.1,-0.25,0.75,0.0,45.0,0.0,0,32.541,700,39.75,-1
-0.1,-0.25,0.8,0.0,45.0,0.0,1,1.84,6,0.32,0
-0.1,-0.25,0.85,0.0,45.0,0.0,1,1.662,7,0.35,0
-0.1,-0.25,0.9,0.0,45.0,0.0,1,1.223,207,11.96,2
-0.1,-0.2,0.35,0.0,45.0,0.0,0,229.532,700,41.68,-1
-0.1,-0.2,0.4,0.0,45.0,0.0,0,240.369,700,40.25,-1
-0.1,-0.2,0.45,0.0,45.0,0.0,0,144.769,700,41.12,-1
-0.1,-0.2,0.5,0.0,45.0,0.0,0,93.087,700,40.39,-1
-0.1,-0.2,0.55,0.0,45.0,0.0,0,57.488,700,39.46,-1
-0.1,-0.2,0.6,0.0,45.0,0.0,0,24.543,700,41.54,-1
-0.1,-0.2,0.65,0.0,45.0,0.0,0,29.225,700,40.45,-1
-0.1,-0.2,0.7,0.0,45.0,0.0,0,39.051,700,40.27,-1
-0.1,-0.2,0.75,0.0,45.0,0.0,0,27.427,700,40.88,-1
-0.1,-0.2,0.8,0.0,45.0,0.0,1,2.339,208,12.02,2
-0.1,-0.2,0.85,0.0,45.0,0.0,1,1.687,9,0.54,0
-0.1,-0.2,0.9,0.0,45.0,0.0,1,0.898,8,0.48,0
-0.1,-0.15,0.35,0.0,45.0,0.0,0,265.42,700,39.68,-1
-0.1,-0.15,0.4,0.0,45.0,0.0,0,210.486,700,41.35,-1
-0.1,-0.15,0.45,0.0,45.0,0.0,0,106.886,700,38.41,-1
-0.1,-0.15,0.5,0.0,45.0,0.0,0,74.145,700,40.67,-1
-0.1,-0.15,0.55,0.0,45.0,0.0,0,44.44,700,37.96,-1
-0.1,-0.15,0.6,0.0,45.0,0.0,0,11.88,700,41.8,-1
-0.1,-0.15,0.65,0.0,45.0,0.0,0,39.045,700,40.3,-1
-0.1,-0.15,0.7,0.0,45.0,0.0,0,49.189,700,40.22,-1
-0.1,-0.15,0.75,0.0,45.0,0.0,0,36.468,700,39.05,-1
-0.1,-0.15,0.8,0.0,45.0,0.0,1,6.462,300,17.2,2
-0.1,-0.15,0.85,0.0,45.0,0.0,1,1.186,9,0.59,0
-0.1,-0.15,0.9,0.0,45.0,0.0,1,2.791,6,0.37,0
-0.1,-0.1,0.35,0.0,45.0,0.0,0,270.001,700,41.04,-1
-0.1,-0.1,0.4,0.0,45.0,0.0,0,180.847,700,37.54,-1
-0.1,-0.1,0.45,0.0,45.0,0.0,0,137.502,700,40.85,-1
-0.1,-0.1,0.5,0.0,45.0,0.0,0,94.173,700,39.24,-1
-0.1,-0.1,0.55,0.0,45.0,0.0,0,51.031,700,41.1,-1
-0.1,-0.1,0.6,0.0,45.0,0.0,1,8.944,100,5.85,0
-0.1,-0.1,0.65,0.0,45.0,0.0,0,26.231,700,38.96,-1
-0.1,-0.1,0.7,0.0,45.0,0.0,0,35.848,700,40.57,-1
-0.1,-0.1,0.75,0.0,45.0,0.0,0,24.495,700,39.3,-1
-0.1,-0.1,0.8,0.0,45.0,0.0,1,1.743,6,0.42,0
-0.1,-0.1,0.85,0.0,45.0,0.0,1,2.424,7,0.44,0
-0.1,-0.1,0.9,0.0,45.0,0.0,1,2.578,6,0.37,0
-0.1,-0.05,0.35,0.0,45.0,0.0,0,269.866,700,39.76,-1
-0.1,-0.05,0.4,0.0,45.0,0.0,0,170.46,700,40.58,-1
-0.1,-0.05,0.45,0.0,45.0,0.0,0,126.301,700,39.41,-1
-0.1,-0.05,0.5,0.0,45.0,0.0,0,81.933,700,41.7,-1
-0.1,-0.05,0.55,0.0,45.0,0.0,0,37.393,700,40.15,-1
-0.1,-0.05,0.6,0.0,45.0,0.0,1,3.345,100,5.65,0
-0.1,-0.05,0.65,0.0,45.0,0.0,1,3.358,100,5.63,0
-0.1,-0.05,0.7,0.0,45.0,0.0,1,5.899,300,17.73,2
-0.1,-0.05,0.75,0.0,45.0,0.0,1,2.551,11,0.66,0
-0.1,-0.05,0.8,0.0,45.0,0.0,1,2.188,9,0.54,0
-0.1,-0.05,0.85,0.0,45.0,0.0,1,1.479,7,0.42,0
-0.1,-0.05,0.9,0.0,45.0,0.0,1,1.585,6,0.42,0
-0.05,-0.5,0.35,0.0,45.0,0.0,0,177.314,700,38.02,-1
-0.05,-0.5,0.4,0.0,45.0,0.0,0,157.186,700,41.05,-1
-0.05,-0.5,0.45,0.0,45.0,0.0,0,138.098,700,38.76,-1
-0.05,-0.5,0.5,0.0,45.0,0.0,0,127.136,700,41.24,-1
-0.05,-0.5,0.55,0.0,45.0,0.0,0,91.995,700,39.2,-1
-0.05,-0.5,0.6,0.0,45.0,0.0,0,112.918,700,41.03,-1
-0.05,-0.5,0.65,0.0,45.0,0.0,0,30.932,700,38.82,-1
-0.05,-0.5,0.7,0.0,45.0,0.0,0,15.879,700,40.36,-1
-0.05,-0.5,0.75,0.0,45.0,0.0,1,9.024,100,4.71,0
-0.05,-0.5,0.8,0.0,45.0,0.0,1,1.798,135,7.22,1
-0.05,-0.5,0.85,0.0,45.0,0.0,1,1.797,213,12.61,2
-0.05,-0.5,0.9,0.0,45.0,0.0,1,0.676,215,12.95,2
-0.05,-0.45,0.35,0.0,45.0,0.0,0,181.046,700,41.25,-1
-0.05,-0.45,0.4,0.0,45.0,0.0,0,187.105,700,38.65,-1
-0.05,-0.45,0.45,0.0,45.0,0.0,0,146.517,700,41.07,-1
-0.05,-0.45,0.5,0.0,45.0,0.0,0,107.009,700,38.83,-1
-0.05,-0.45,0.55,0.0,45.0,0.0,0,96.532,700,41.03,-1
-0.05,-0.45,0.6,0.0,45.0,0.0,0,32.891,700,38.94,-1
-0.05,-0.45,0.65,0.0,45.0,0.0,0,38.731,700,41.18,-1
-0.05,-0.45,0.7,0.0,45.0,0.0,1,6.74,400,23.14,3
-0.05,-0.45,0.75,0.0,45.0,0.0,1,1.786,222,11.58,2
-0.05,-0.45,0.8,0.0,45.0,0.0,1,2.637,12,0.72,0
-0.05,-0.45,0.85,0.0,45.0,0.0,1,2.904,236,14.11,2
-0.05,-0.45,0.9,0.0,45.0,0.0,1,1.341,211,12.82,2
-0.05,-0.4,0.35,0.0,45.0,0.0,0,229.662,700,41.41,-1
-0.05,-0.4,0.4,0.0,45.0,0.0,0,176.249,700,37.69,-1
-0.05,-0.4,0.45,0.0,45.0,0.0,0,116.705,700,40.96,-1
-0.05,-0.4,0.5,0.0,45.0,0.0,0,92.431,700,40.8,-1
-0.05,-0.4,0.55,0.0,45.0,0.0,0,110.512,700,39.39,-1
-0.05,-0.4,0.6,0.0,45.0,0.0,0,52.233,700,38.87,-1
-0.05,-0.4,0.65,0.0,45.0,0.0,0,18.585,700,40.78,-1
-0.05,-0.4,0.7,0.0,45.0,0.0,0,10.856,700,39.36,-1
-0.05,-0.4,0.75,0.0,45.0,0.0,1,3.094,100,5.6,0
-0.05,-0.4,0.8,0.0,45.0,0.0,1,1.246,106,6.45,1
-0.05,-0.4,0.85,0.0,45.0,0.0,1,1.071,19,1.13,0
-0.05,-0.4,0.9,0.0,45.0,0.0,1,0.464,209,12.88,2
-0.05,-0.35,0.35,0.0,45.0,0.0,0,263.239,700,41.43,-1
-0.05,-0.35,0.4,0.0,45.0,0.0,0,170.875,700,37.6,-1
-0.05,-0.35,0.45,0.0,45.0,0.0,0,127.502,700,40.88,-1
-0.05,-0.35,0.5,0.0,45.0,0.0,0,84.22,700,41.04,-1
-0.05,-0.35,0.55,0.0,45.0,0.0,0,92.187,700,39.11,-1
-0.05,-0.35,0.6,0.0,45.0,0.0,1,4.637,500,28.83,4
-0.05,-0.35,0.65,0.0,45.0,0.0,1,5.849,100,5.74,0
-0.05,-0.35,0.7,0.0,45.0,0.0,1,2.732,312,18.04,3
-0.05,-0.35,0.75,0.0,45.0,0.0,1,3.1,100,5.64,0
-0.05,-0.35,0.8,0.0,45.0,0.0,1,1.043,5,0.33,0
-0.05,-0.35,0.85,0.0,45.0,0.0,1,0.425,106,6.57,1
-0.05,-0.35,0.9,0.0,45.0,0.0,1,0.85,112,6.68,1
-0.05,-0.3,0.35,0.0,45.0,0.0,0,238.491,700,40.18,-1
-0.05,-0.3,0.4,0.0,45.0,0.0,0,110.948,700,41.73,-1
-0.05,-0.3,0.45,0.0,45.0,0.0,0,127.144,700,39.36,-1
-0.05,-0.3,0.5,0.0,45.0,0.0,0,83.056,700,41.35,-1
-0.05,-0.3,0.55,0.0,45.0,0.0,0,38.919,700,38.72,-1
-0.05,-0.3,0.6,0.0,45.0,0.0,0,39.849,700,40.84,-1
-0.05,-0.3,0.65,0.0,45.0,0.0,1,2.951,10,0.66,0
-0.05,-0.3,0.7,0.0,45.0,0.0,1,3.235,400,22.91,3
-0.05,-0.3,0.75,0.0,45.0,0.0,1,2.88,6,0.38,0
-0.05,-0.3,0.8,0.0,45.0,0.0,1,2.321,5,0.32,0
-0.05,-0.3,0.85,0.0,45.0,0.0,1,2.181,5,0.32,0
-0.05,-0.3,0.9,0.0,45.0,0.0,1,0.852,107,6.51,1
-0.05,-0.25,0.35,0.0,45.0,0.0,0,151.938,700,39.93,-1
-0.05,-0.25,0.4,0.0,45.0,0.0,0,148.908,700,41.82,-1
-0.05,-0.25,0.45,0.0,45.0,0.0,0,155.8,700,39.71,-1
-0.05,-0.25,0.5,0.0,45.0,0.0,0,89.676,700,41.74,-1
-0.05,-0.25,0.55,0.0,45.0,0.0,0,47.03,700,39.89,-1
-0.05,-0.25,0.6,0.0,45.0,0.0,1,9.866,300,18.07,2
-0.05,-0.25,0.65,0.0,45.0,0.0,0,30.836,700,41.0,-1
-0.05,-0.25,0.7,0.0,45.0,0.0,0,40.621,700,38.85,-1
-0.05,-0.25,0.75,0.0,45.0,0.0,0,28.826,700,40.26,-1
-0.05,-0.25,0.8,0.0,45.0,0.0,1,1.935,5,0.32,0
-0.05,-0.25,0.85,0.0,45.0,0.0,1,1.328,6,0.37,0
-0.05,-0.25,0.9,0.0,45.0,0.0,1,0.978,7,0.42,0
-0.05,-0.2,0.35,0.0,45.0,0.0,0,230.835,700,39.59,-1
-0.05,-0.2,0.4,0.0,45.0,0.0,0,192.082,700,41.55,-1
-0.05,-0.2,0.45,0.0,45.0,0.0,0,151.393,700,40.09,-1
-0.05,-0.2,0.5,0.0,45.0,0.0,0,112.893,700,40.26,-1
-0.05,-0.2,0.55,0.0,45.0,0.0,0,75.667,700,41.82,-1
-0.05,-0.2,0.6,0.0,45.0,0.0,0,82.298,700,40.37,-1
-0.05,-0.2,0.65,0.0,45.0,0.0,0,65.932,700,41.38,-1
-0.05,-0.2,0.7,0.0,45.0,0.0,0,80.976,700,38.37,-1
-0.05,-0.2,0.75,0.0,45.0,0.0,0,63.397,700,38.97,-1
-0.05,-0.2,0.8,0.0,45.0,0.0,0,26.547,700,40.92,-1
-0.05,-0.2,0.85,0.0,45.0,0.0,1,2.203,12,0.7,0
-0.05,-0.2,0.9,0.0,45.0,0.0,1,0.867,7,0.42,0
-0.05,-0.15,0.35,0.0,45.0,0.0,0,231.273,700,39.72,-1
-0.05,-0.15,0.4,0.0,45.0,0.0,0,216.424,700,41.18,-1
-0.05,-0.15,0.45,0.0,45.0,0.0,0,160.447,700,39.93,-1
-0.05,-0.15,0.5,0.0,45.0,0.0,0,120.31,700,41.89,-1
-0.05,-0.15,0.55,0.0,45.0,0.0,0,88.169,700,39.99,-1
-0.05,-0.15,0.6,0.0,45.0,0.0,0,63.755,700,42.39,-1
-0.05,-0.15,0.65,0.0,45.0,0.0,0,80.665,700,41.96,-1
-0.05,-0.15,0.7,0.0,45.0,0.0,0,99.096,700,39.39,-1
-0.05,-0.15,0.75,0.0,45.0,0.0,0,76.972,700,39.93,-1
-0.05,-0.15,0.8,0.0,45.0,0.0,0,35.541,700,38.55,-1
-0.05,-0.15,0.85,0.0,45.0,0.0,1,1.199,8,0.49,0
-0.05,-0.15,0.9,0.0,45.0,0.0,1,0.779,6,0.37,0
-0.05,-0.1,0.35,0.0,45.0,0.0,0,231.699,700,41.62,-1
-0.05,-0.1,0.4,0.0,45.0,0.0,0,186.439,700,37.48,-1
-0.05,-0.1,0.45,0.0,45.0,0.0,0,143.347,700,41.24,-1
-0.05,-0.1,0.5,0.0,45.0,0.0,0,100.308,700,42.09,-1
-0.05,-0.1,0.55,0.0,45.0,0.0,0,58.848,700,40.45,-1
-0.05,-0.1,0.6,0.0,45.0,0.0,0,38.023,700,42.1,-1
-0.05,-0.1,0.65,0.0,45.0,0.0,0,61.799,700,39.74,-1
-0.05,-0.1,0.7,0.0,45.0,0.0,0,76.005,700,41.93,-1
-0.05,-0.1,0.75,0.0,45.0,0.0,0,59.411,700,38.44,-1
-0.05,-0.1,0.8,0.0,45.0,0.0,0,23.675,700,40.35,-1
-0.05,-0.1,0.85,0.0,45.0,0.0,1,1.831,7,0.43,0
-0.05,-0.1,0.9,0.0,45.0,0.0,1,1.117,6,0.38,0
-0.05,-0.05,0.35,0.0,45.0,0.0,0,233.025,700,40.09,-1
-0.05,-0.05,0.4,0.0,45.0,0.0,0,175.766,700,41.58,-1
-0.05,-0.05,0.45,0.0,45.0,0.0,0,131.888,700,39.45,-1
-0.05,-0.05,0.5,0.0,45.0,0.0,0,87.864,700,42.3,-1
-0.05,-0.05,0.55,0.0,45.0,0.0,0,43.777,700,41.47,-1
-0.05,-0.05,0.6,0.0,45.0,0.0,1,4.624,100,5.68,0
-0.05,-0.05,0.65,0.0,45.0,0.0,0,25.084,700,42.22,-1
-0.05,-0.05,0.7,0.0,45.0,0.0,0,34.366,700,41.17,-1
-0.05,-0.05,0.75,0.0,45.0,0.0,0,23.187,700,39.47,-1
-0.05,-0.05,0.8,0.0,45.0,0.0,1,2.232,8,0.5,0
-0.05,-0.05,0.85,0.0,45.0,0.0,1,1.944,5,0.33,0
-0.05,-0.05,0.9,0.0,45.0,0.0,1,1.224,6,0.38,0
-0.0,-0.5,0.35,0.0,45.0,0.0,0,153.927,700,42.32,-1
-0.0,-0.5,0.4,0.0,45.0,0.0,0,132.209,700,41.07,-1
-0.0,-0.5,0.45,0.0,45.0,0.0,0,113.404,700,40.63,-1
-0.0,-0.5,0.5,0.0,45.0,0.0,0,93.089,700,40.87,-1
-0.0,-0.5,0.55,0.0,45.0,0.0,0,84.124,700,39.06,-1
-0.0,-0.5,0.6,0.0,45.0,0.0,0,55.447,700,40.61,-1
-0.0,-0.5,0.65,0.0,45.0,0.0,0,43.566,700,40.9,-1
-0.0,-0.5,0.7,0.0,45.0,0.0,0,22.199,700,40.31,-1
-0.0,-0.5,0.75,0.0,45.0,0.0,1,1.998,213,12.84,2
-0.0,-0.5,0.8,0.0,45.0,0.0,1,3.655,100,5.64,0
-0.0,-0.5,0.85,0.0,45.0,0.0,1,1.527,210,12.76,2
-0.0,-0.5,0.9,0.0,45.0,0.0,1,2.697,115,6.87,1
-0.0,-0.45,0.35,0.0,45.0,0.0,0,155.447,700,38.56,-1
-0.0,-0.45,0.4,0.0,45.0,0.0,0,140.187,700,40.62,-1
-0.0,-0.45,0.45,0.0,45.0,0.0,0,156.244,700,40.73,-1
-0.0,-0.45,0.5,0.0,45.0,0.0,0,117.776,700,38.62,-1
-0.0,-0.45,0.55,0.0,45.0,0.0,0,81.709,700,40.83,-1
-0.0,-0.45,0.6,0.0,45.0,0.0,0,57.372,700,39.12,-1
-0.0,-0.45,0.65,0.0,45.0,0.0,0,23.417,700,40.29,-1
-0.0,-0.45,0.7,0.0,45.0,0.0,1,1.271,7,0.44,0
-0.0,-0.45,0.75,0.0,45.0,0.0,1,1.424,108,6.56,1
-0.0,-0.45,0.8,0.0,45.0,0.0,1,0.629,322,19.09,3
-0.0,-0.45,0.85,0.0,45.0,0.0,1,0.738,321,17.54,3
-0.0,-0.45,0.9,0.0,45.0,0.0,1,1.449,210,12.58,2
-0.0,-0.4,0.35,0.0,45.0,0.0,0,165.398,700,40.94,-1
-0.0,-0.4,0.4,0.0,45.0,0.0,0,162.611,700,37.64,-1
-0.0,-0.4,0.45,0.0,45.0,0.0,0,144.502,700,40.67,-1
-0.0,-0.4,0.5,0.0,45.0,0.0,0,104.015,700,40.77,-1
-0.0,-0.4,0.55,0.0,45.0,0.0,0,44.382,700,38.65,-1
-0.0,-0.4,0.6,0.0,45.0,0.0,0,42.196,700,40.75,-1
-0.0,-0.4,0.65,0.0,45.0,0.0,1,1.958,7,0.44,0
-0.0,-0.4,0.7,0.0,45.0,0.0,1,1.95,5,0.32,0
-0.0,-0.4,0.75,0.0,45.0,0.0,1,2.986,6,0.38,0
-0.0,-0.4,0.8,0.0,45.0,0.0,1,2.106,25,1.48,0
-0.0,-0.4,0.85,0.0,45.0,0.0,1,0.589,219,13.15,2
-0.0,-0.4,0.9,0.0,45.0,0.0,1,1.716,24,1.39,0
-0.0,-0.35,0.35,0.0,45.0,0.0,0,141.72,700,39.27,-1
-0.0,-0.35,0.4,0.0,45.0,0.0,0,86.025,700,40.97,-1
-0.0,-0.35,0.45,0.0,45.0,0.0,0,138.456,700,38.81,-1
-0.0,-0.35,0.5,0.0,45.0,0.0,0,96.466,700,40.57,-1
-0.0,-0.35,0.55,0.0,45.0,0.0,0,56.586,700,38.8,-1
-0.0,-0.35,0.6,0.0,45.0,0.0,0,31.256,700,40.26,-1
-0.0,-0.35,0.65,0.0,45.0,0.0,1,1.476,6,0.37,0
-0.0,-0.35,0.7,0.0,45.0,0.0,1,1.043,6,0.42,0
-0.0,-0.35,0.75,0.0,45.0,0.0,1,1.207,6,0.38,0
-0.0,-0.35,0.8,0.0,45.0,0.0,1,1.37,6,0.37,0
-0.0,-0.35,0.85,0.0,45.0,0.0,1,1.567,24,1.4,0
-0.0,-0.35,0.9,0.0,45.0,0.0,1,1.53,110,6.71,1
-0.0,-0.3,0.35,0.0,45.0,0.0,0,183.467,700,39.55,-1
-0.0,-0.3,0.4,0.0,45.0,0.0,0,167.064,700,40.94,-1
-0.0,-0.3,0.45,0.0,45.0,0.0,0,72.649,700,38.98,-1
-0.0,-0.3,0.5,0.0,45.0,0.0,0,95.751,700,40.85,-1
-0.0,-0.3,0.55,0.0,45.0,0.0,0,50.621,700,39.27,-1
-0.0,-0.3,0.6,0.0,45.0,0.0,0,28.705,700,40.9,-1
-0.0,-0.3,0.65,0.0,45.0,0.0,1,1.815,14,0.89,0
-0.0,-0.3,0.7,0.0,45.0,0.0,1,2.746,6,0.38,0
-0.0,-0.3,0.75,0.0,45.0,0.0,1,2.885,5,0.32,0
-0.0,-0.3,0.8,0.0,45.0,0.0,1,0.686,6,0.37,0
-0.0,-0.3,0.85,0.0,45.0,0.0,1,2.156,6,0.37,0
-0.0,-0.3,0.9,0.0,45.0,0.0,1,2.578,107,6.57,1
-0.0,-0.25,0.35,0.0,45.0,0.0,0,190.113,700,39.6,-1
-0.0,-0.25,0.4,0.0,45.0,0.0,0,173.27,700,41.56,-1
-0.0,-0.25,0.45,0.0,45.0,0.0,0,135.474,700,37.7,-1
-0.0,-0.25,0.5,0.0,45.0,0.0,0,102.484,700,41.74,-1
-0.0,-0.25,0.55,0.0,45.0,0.0,0,62.696,700,42.03,-1
-0.0,-0.25,0.6,0.0,45.0,0.0,0,32.844,700,40.14,-1
-0.0,-0.25,0.65,0.0,45.0,0.0,0,41.429,700,40.88,-1
-0.0,-0.25,0.7,0.0,45.0,0.0,0,52.658,700,38.39,-1
-0.0,-0.25,0.75,0.0,45.0,0.0,0,39.569,700,39.28,-1
-0.0,-0.25,0.8,0.0,45.0,0.0,1,8.809,100,4.84,0
-0.0,-0.25,0.85,0.0,45.0,0.0,1,0.993,7,0.43,0
-0.0,-0.25,0.9,0.0,45.0,0.0,1,1.086,7,0.49,0
-0.0,-0.2,0.35,0.0,45.0,0.0,0,194.346,700,41.86,-1
-0.0,-0.2,0.4,0.0,45.0,0.0,0,177.321,700,40.11,-1
-0.0,-0.2,0.45,0.0,45.0,0.0,0,155.501,700,40.98,-1
-0.0,-0.2,0.5,0.0,45.0,0.0,0,124.438,700,39.73,-1
-0.0,-0.2,0.55,0.0,45.0,0.0,0,91.798,700,42.39,-1
-0.0,-0.2,0.6,0.0,45.0,0.0,0,74.08,700,40.91,-1
-0.0,-0.2,0.65,0.0,45.0,0.0,0,88.613,700,41.24,-1
-0.0,-0.2,0.7,0.0,45.0,0.0,0,102.635,700,39.89,-1
-0.0,-0.2,0.75,0.0,45.0,0.0,0,79.422,700,38.24,-1
-0.0,-0.2,0.8,0.0,45.0,0.0,0,37.137,700,40.75,-1
-0.0,-0.2,0.85,0.0,45.0,0.0,1,1.703,207,11.69,2
-0.0,-0.2,0.9,0.0,45.0,0.0,1,1.123,6,0.38,0
-0.0,-0.15,0.35,0.0,45.0,0.0,0,194.743,700,39.59,-1
-0.0,-0.15,0.4,0.0,45.0,0.0,0,180.308,700,41.55,-1
-0.0,-0.15,0.45,0.0,45.0,0.0,0,162.881,700,39.24,-1
-0.0,-0.15,0.5,0.0,45.0,0.0,0,137.298,700,41.55,-1
-0.0,-0.15,0.55,0.0,45.0,0.0,0,112.568,700,41.59,-1
-0.0,-0.15,0.6,0.0,45.0,0.0,0,105.642,700,40.12,-1
-0.0,-0.15,0.65,0.0,45.0,0.0,0,123.989,700,43.05,-1
-0.0,-0.15,0.7,0.0,45.0,0.0,0,146.076,700,39.29,-1
-0.0,-0.15,0.75,0.0,45.0,0.0,0,97.065,700,39.26,-1
-0.0,-0.15,0.8,0.0,45.0,0.0,0,47.122,700,40.7,-1
-0.0,-0.15,0.85,0.0,45.0,0.0,1,2.885,7,0.44,0
-0.0,-0.15,0.9,0.0,45.0,0.0,1,1.011,6,0.38,0
-0.0,-0.1,0.35,0.0,45.0,0.0,0,195.026,700,38.66,-1
-0.0,-0.1,0.4,0.0,45.0,0.0,0,187.702,700,41.14,-1
-0.0,-0.1,0.45,0.0,45.0,0.0,0,181.497,700,41.32,-1
-0.0,-0.1,0.5,0.0,45.0,0.0,0,113.395,700,40.19,-1
-0.0,-0.1,0.55,0.0,45.0,0.0,0,78.814,700,42.79,-1
-0.0,-0.1,0.6,0.0,45.0,0.0,0,144.808,700,43.4,-1
-0.0,-0.1,0.65,0.0,45.0,0.0,0,154.799,700,41.14,-1
-0.0,-0.1,0.7,0.0,45.0,0.0,0,97.073,700,40.56,-1
-0.0,-0.1,0.75,0.0,45.0,0.0,0,74.643,700,38.87,-1
-0.0,-0.1,0.8,0.0,45.0,0.0,0,34.064,700,38.96,-1
-0.0,-0.1,0.85,0.0,45.0,0.0,1,1.404,6,0.38,0
-0.0,-0.1,0.9,0.0,45.0,0.0,1,1.137,5,0.33,0
-0.0,-0.05,0.35,0.0,45.0,0.0,0,196.824,700,41.79,-1
-0.0,-0.05,0.4,0.0,45.0,0.0,0,186.336,700,39.93,-1
-0.0,-0.05,0.45,0.0,45.0,0.0,0,143.467,700,40.92,-1
-0.0,-0.05,0.5,0.0,45.0,0.0,0,100.744,700,41.96,-1
-0.0,-0.05,0.55,0.0,45.0,0.0,0,188.895,700,40.54,-1
-0.0,-0.05,0.6,0.0,45.0,0.0,0,184.614,700,43.26,-1
-0.0,-0.05,0.65,0.0,45.0,0.0,0,35.72,700,41.03,-1
-0.0,-0.05,0.7,0.0,45.0,0.0,0,51.411,700,41.33,-1
-0.0,-0.05,0.75,0.0,45.0,0.0,0,33.488,700,39.41,-1
-0.0,-0.05,0.8,0.0,45.0,0.0,1,4.609,100,5.59,0
-0.0,-0.05,0.85,0.0,45.0,0.0,1,1.899,6,0.38,0
-0.0,-0.05,0.9,0.0,45.0,0.0,1,1.326,5,0.32,0
0.05,-0.5,0.35,0.0,45.0,0.0,0,133.127,700,39.58,-1
0.05,-0.5,0.4,0.0,45.0,0.0,0,108.787,700,40.9,-1
0.05,-0.5,0.45,0.0,45.0,0.0,0,88.627,700,40.59,-1
0.05,-0.5,0.5,0.0,45.0,0.0,0,68.941,700,40.69,-1
0.05,-0.5,0.55,0.0,45.0,0.0,0,47.947,700,38.93,-1
0.05,-0.5,0.6,0.0,45.0,0.0,0,31.896,700,41.18,-1
0.05,-0.5,0.65,0.0,45.0,0.0,0,34.352,700,41.1,-1
0.05,-0.5,0.7,0.0,45.0,0.0,1,4.091,100,5.69,0
0.05,-0.5,0.75,0.0,45.0,0.0,1,1.31,510,28.91,5
0.05,-0.5,0.8,0.0,45.0,0.0,1,2.096,17,1.03,0
0.05,-0.5,0.85,0.0,45.0,0.0,1,0.815,513,31.12,5
0.05,-0.5,0.9,0.0,45.0,0.0,1,2.322,311,18.53,3
0.05,-0.45,0.35,0.0,45.0,0.0,0,130.631,700,40.43,-1
0.05,-0.45,0.4,0.0,45.0,0.0,0,113.774,700,38.68,-1
0.05,-0.45,0.45,0.0,45.0,0.0,0,95.326,700,41.35,-1
0.05,-0.45,0.5,0.0,45.0,0.0,0,92.94,700,41.05,-1
0.05,-0.45,0.55,0.0,45.0,0.0,0,64.137,700,39.36,-1
0.05,-0.45,0.6,0.0,45.0,0.0,0,32.397,700,41.2,-1
0.05,-0.45,0.65,0.0,45.0,0.0,0,38.26,700,41.02,-1
0.05,-0.45,0.7,0.0,45.0,0.0,1,4.513,100,4.3,0
0.05,-0.45,0.75,0.0,45.0,0.0,1,0.801,110,6.26,1
0.05,-0.45,0.8,0.0,45.0,0.0,1,0.52,208,12.7,2
0.05,-0.45,0.85,0.0,45.0,0.0,1,2.435,16,0.94,0
0.05,-0.45,0.9,0.0,45.0,0.0,1,1.66,116,7.02,1
0.05,-0.4,0.35,0.0,45.0,0.0,0,137.615,700,40.66,-1
0.05,-0.4,0.4,0.0,45.0,0.0,0,121.178,700,37.73,-1
0.05,-0.4,0.45,0.0,45.0,0.0,0,101.891,700,41.03,-1
0.05,-0.4,0.5,0.0,45.0,0.0,0,94.234,700,41.39,-1
0.05,-0.4,0.55,0.0,45.0,0.0,0,64.647,700,41.82,-1
0.05,-0.4,0.6,0.0,45.0,0.0,0,32.624,700,39.23,-1
0.05,-0.4,0.65,0.0,45.0,0.0,0,18.925,700,40.57,-1
0.05,-0.4,0.7,0.0,45.0,0.0,1,5.035,100,5.81,0
0.05,-0.4,0.75,0.0,45.0,0.0,1,1.241,9,0.54,0
0.05,-0.4,0.8,0.0,45.0,0.0,1,0.542,109,6.57,1
0.05,-0.4,0.85,0.0,45.0,0.0,1,0.707,211,12.71,2
0.05,-0.4,0.9,0.0,45.0,0.0,1,5.624,300,17.73,2
0.05,-0.35,0.35,0.0,45.0,0.0,0,145.05,700,39.84,-1
0.05,-0.35,0.4,0.0,45.0,0.0,0,110.659,700,40.69,-1
0.05,-0.35,0.45,0.0,45.0,0.0,0,107.936,700,41.15,-1
0.05,-0.35,0.5,0.0,45.0,0.0,0,85.369,700,39.21,-1
0.05,-0.35,0.55,0.0,45.0,0.0,0,62.827,700,41.23,-1
0.05,-0.35,0.6,0.0,45.0,0.0,0,32.712,700,38.82,-1
0.05,-0.35,0.65,0.0,45.0,0.0,1,2.747,17,0.99,0
0.05,-0.35,0.7,0.0,45.0,0.0,1,5.51,100,5.79,0
0.05,-0.35,0.75,0.0,45.0,0.0,1,1.167,9,0.55,0
0.05,-0.35,0.8,0.0,45.0,0.0,1,0.954,9,0.54,0
0.05,-0.35,0.85,0.0,45.0,0.0,1,0.155,21,1.25,0
0.05,-0.35,0.9,0.0,45.0,0.0,1,5.926,200,11.69,1
0.05,-0.3,0.35,0.0,45.0,0.0,0,151.525,700,38.82,-1
0.05,-0.3,0.4,0.0,45.0,0.0,0,134.101,700,40.07,-1
0.05,-0.3,0.45,0.0,45.0,0.0,0,113.108,700,41.3,-1
0.05,-0.3,0.5,0.0,45.0,0.0,0,88.605,700,39.34,-1
0.05,-0.3,0.55,0.0,45.0,0.0,0,64.905,700,41.34,-1
0.05,-0.3,0.6,0.0,45.0,0.0,0,26.946,700,40.78,-1
0.05,-0.3,0.65,0.0,45.0,0.0,1,3.269,300,14.22,2
0.05,-0.3,0.7,0.0,45.0,0.0,1,5.921,100,5.82,0
0.05,-0.3,0.75,0.0,45.0,0.0,1,1.161,9,0.54,0
0.05,-0.3,0.8,0.0,45.0,0.0,1,2.12,7,0.44,0
0.05,-0.3,0.85,0.0,45.0,0.0,1,0.364,9,0.53,0
0.05,-0.3,0.9,0.0,45.0,0.0,1,1.446,110,6.68,1
0.05,-0.25,0.35,0.0,45.0,0.0,0,156.557,700,40.93,-1
0.05,-0.25,0.4,0.0,45.0,0.0,0,138.801,700,41.49,-1
0.05,-0.25,0.45,0.0,45.0,0.0,0,116.989,700,39.73,-1
0.05,-0.25,0.5,0.0,45.0,0.0,0,91.781,700,40.86,-1
0.05,-0.25,0.55,0.0,45.0,0.0,0,64.905,700,39.13,-1
0.05,-0.25,0.6,0.0,45.0,0.0,0,33.303,700,42.11,-1
0.05,-0.25,0.65,0.0,45.0,0.0,0,30.625,700,39.02,-1
0.05,-0.25,0.7,0.0,45.0,0.0,0,40.568,700,40.46,-1
0.05,-0.25,0.75,0.0,45.0,0.0,0,28.702,700,38.35,-1
0.05,-0.25,0.8,0.0,45.0,0.0,1,0.763,10,0.65,0
0.05,-0.25,0.85,0.0,45.0,0.0,1,0.887,106,5.96,1
0.05,-0.25,0.9,0.0,45.0,0.0,1,0.708,9,0.54,0
0.05,-0.2,0.35,0.0,45.0,0.0,0,159.724,700,40.68,-1
0.05,-0.2,0.4,0.0,45.0,0.0,0,141.782,700,37.62,-1
0.05,-0.2,0.45,0.0,45.0,0.0,0,119.581,700,41.56,-1
0.05,-0.2,0.5,0.0,45.0,0.0,0,94.527,700,42.3,-1
0.05,-0.2,0.55,0.0,45.0,0.0,0,67.244,700,39.41,-1
0.05,-0.2,0.6,0.0,45.0,0.0,0,47.519,700,43.04,-1
0.05,-0.2,0.65,0.0,45.0,0.0,0,66.106,700,38.79,-1
0.05,-0.2,0.7,0.0,45.0,0.0,0,80.909,700,40.2,-1
0.05,-0.2,0.75,0.0,45.0,0.0,0,63.353,700,37.97,-1
0.05,-0.2,0.8,0.0,45.0,0.0,0,26.48,700,40.35,-1
0.05,-0.2,0.85,0.0,45.0,0.0,1,0.977,7,0.43,0
0.05,-0.2,0.9,0.0,45.0,0.0,1,0.538,7,0.43,0
0.05,-0.15,0.35,0.0,45.0,0.0,0,160.667,700,41.93,-1
0.05,-0.15,0.4,0.0,45.0,0.0,0,143.563,700,39.64,-1
0.05,-0.15,0.45,0.0,45.0,0.0,0,127.782,700,41.29,-1
0.05,-0.15,0.5,0.0,45.0,0.0,0,111.223,700,39.26,-1
0.05,-0.15,0.55,0.0,45.0,0.0,0,91.808,700,41.41,-1
0.05,-0.15,0.6,0.0,45.0,0.0,0,79.181,700,41.17,-1
0.05,-0.15,0.65,0.0,45.0,0.0,0,94.163,700,42.09,-1
0.05,-0.15,0.7,0.0,45.0,0.0,0,100.927,700,39.04,-1
0.05,-0.15,0.75,0.0,45.0,0.0,0,76.986,700,40.09,-1
0.05,-0.15,0.8,0.0,45.0,0.0,0,35.551,700,37.43,-1
0.05,-0.15,0.85,0.0,45.0,0.0,1,1.323,7,0.36,0
0.05,-0.15,0.9,0.0,45.0,0.0,1,0.869,6,0.3,0
0.05,-0.1,0.35,0.0,45.0,0.0,0,160.007,700,41.83,-1
0.05,-0.1,0.4,0.0,45.0,0.0,0,149.94,700,41.85,-1
0.05,-0.1,0.45,0.0,45.0,0.0,0,144.119,700,38.61,-1
0.05,-0.1,0.5,0.0,45.0,0.0,0,138.839,700,41.3,-1
0.05,-0.1,0.55,0.0,45.0,0.0,0,129.561,700,41.53,-1
0.05,-0.1,0.6,0.0,45.0,0.0,0,119.379,700,41.39,-1
0.05,-0.1,0.65,0.0,45.0,0.0,0,130.348,700,41.16,-1
0.05,-0.1,0.7,0.0,45.0,0.0,0,86.658,700,40.4,-1
0.05,-0.1,0.75,0.0,45.0,0.0,0,59.45,700,39.48,-1
0.05,-0.1,0.8,0.0,45.0,0.0,0,23.742,700,38.66,-1
0.05,-0.1,0.85,0.0,45.0,0.0,1,2.018,5,0.33,0
0.05,-0.1,0.9,0.0,45.0,0.0,1,1.043,4,0.26,0
0.05,-0.05,0.35,0.0,45.0,0.0,0,161.491,700,40.17,-1
0.05,-0.05,0.4,0.0,45.0,0.0,0,157.711,700,40.94,-1
0.05,-0.05,0.45,0.0,45.0,0.0,0,160.983,700,42.42,-1
0.05,-0.05,0.5,0.0,45.0,0.0,0,167.711,700,39.5,-1
0.05,-0.05,0.55,0.0,45.0,0.0,0,172.172,700,41.53,-1
0.05,-0.05,0.6,0.0,45.0,0.0,0,165.125,700,41.18,-1
0.05,-0.05,0.65,0.0,45.0,0.0,0,107.108,700,39.49,-1
0.05,-0.05,0.7,0.0,45.0,0.0,0,61.032,700,41.39,-1
0.05,-0.05,0.75,0.0,45.0,0.0,0,23.203,700,38.45,-1
0.05,-0.05,0.8,0.0,45.0,0.0,1,2.101,6,0.28,0
0.05,-0.05,0.85,0.0,45.0,0.0,1,2.579,6,0.28,0
0.05,-0.05,0.9,0.0,45.0,0.0,1,1.806,5,0.24,0
0.1,-0.5,0.35,0.0,45.0,0.0,0,116.705,700,40.57,-1
0.1,-0.5,0.4,0.0,45.0,0.0,0,88.243,700,42.42,-1
0.1,-0.5,0.45,0.0,45.0,0.0,0,64.671,700,37.62,-1
0.1,-0.5,0.5,0.0,45.0,0.0,0,44.041,700,39.97,-1
0.1,-0.5,0.55,0.0,45.0,0.0,0,22.599,700,40.29,-1
0.1,-0.5,0.6,0.0,45.0,0.0,1,2.799,107,6.37,1
0.1,-0.5,0.65,0.0,45.0,0.0,1,2.233,210,10.25,2
0.1,-0.5,0.7,0.0,45.0,0.0,1,2.882,24,1.21,0
0.1,-0.5,0.75,0.0,45.0,0.0,1,1.619,12,0.71,0
0.1,-0.5,0.8,0.0,45.0,0.0,1,2.365,22,1.29,0
0.1,-0.5,0.85,0.0,45.0,0.0,1,0.555,14,0.82,0
0.1,-0.5,0.9,0.0,45.0,0.0,1,1.469,109,6.57,1
0.1,-0.45,0.35,0.0,45.0,0.0,0,92.227,700,40.54,-1
0.1,-0.45,0.4,0.0,45.0,0.0,0,88.168,700,38.49,-1
0.1,-0.45,0.45,0.0,45.0,0.0,0,68.922,700,40.89,-1
0.1,-0.45,0.5,0.0,45.0,0.0,0,47.738,700,38.65,-1
0.1,-0.45,0.55,0.0,45.0,0.0,0,30.259,700,40.41,-1
0.1,-0.45,0.6,0.0,45.0,0.0,1,4.235,100,5.12,0
0.1,-0.45,0.65,0.0,45.0,0.0,1,2.172,208,10.98,2
0.1,-0.45,0.7,0.0,45.0,0.0,1,8.071,200,11.69,1
0.1,-0.45,0.75,0.0,45.0,0.0,1,1.734,207,12.39,2
0.1,-0.45,0.8,0.0,45.0,0.0,1,2.717,19,1.14,0
0.1,-0.45,0.85,0.0,45.0,0.0,1,1.153,27,1.55,0
0.1,-0.45,0.9,0.0,45.0,0.0,1,0.708,12,0.71,0
0.1,-0.4,0.35,0.0,45.0,0.0,0,110.772,700,38.36,-1
0.1,-0.4,0.4,0.0,45.0,0.0,0,93.492,700,40.35,-1
0.1,-0.4,0.45,0.0,45.0,0.0,0,73.363,700,38.53,-1
0.1,-0.4,0.5,0.0,45.0,0.0,0,51.184,700,41.36,-1
0.1,-0.4,0.55,0.0,45.0,0.0,0,30.657,700,37.86,-1
0.1,-0.4,0.6,0.0,45.0,0.0,1,3.809,100,5.69,0
0.1,-0.4,0.65,0.0,45.0,0.0,1,2.142,14,0.84,0
0.1,-0.4,0.7,0.0,45.0,0.0,1,9.522,100,5.72,0
0.1,-0.4,0.75,0.0,45.0,0.0,1,2.844,207,12.02,2
0.1,-0.4,0.8,0.0,45.0,0.0,1,0.6,114,6.94,1
0.1,-0.4,0.85,0.0,45.0,0.0,1,2.308,119,7.21,1
0.1,-0.4,0.9,0.0,45.0,0.0,1,2.754,108,6.53,1
0.1,-0.35,0.35,0.0,45.0,0.0,0,116.279,700,40.99,-1
0.1,-0.35,0.4,0.0,45.0,0.0,0,98.513,700,41.0,-1
0.1,-0.35,0.45,0.0,45.0,0.0,0,77.506,700,40.85,-1
0.1,-0.35,0.5,0.0,45.0,0.0,0,54.185,700,38.75,-1
0.1,-0.35,0.55,0.0,45.0,0.0,0,30.726,700,41.57,-1
0.1,-0.35,0.6,0.0,45.0,0.0,1,3.923,100,5.63,0
0.1,-0.35,0.65,0.0,45.0,0.0,1,2.367,206,11.97,2
0.1,-0.35,0.7,0.0,45.0,0.0,0,10.672,700,40.78,-1
0.1,-0.35,0.75,0.0,45.0,0.0,1,2.595,112,6.32,1
0.1,-0.35,0.8,0.0,45.0,0.0,1,0.795,10,0.41,0
0.1,-0.35,0.85,0.0,45.0,0.0,1,1.65,108,5.16,1
0.1,-0.35,0.9,0.0,45.0,0.0,1,1.536,110,6.68,1
0.1,-0.3,0.35,0.0,45.0,0.0,0,121.096,700,40.83,-1
0.1,-0.3,0.4,0.0,45.0,0.0,0,102.857,700,38.82,-1
0.1,-0.3,0.45,0.0,45.0,0.0,0,81.127,700,40.91,-1
0.1,-0.3,0.5,0.0,45.0,0.0,0,56.598,700,40.92,-1
0.1,-0.3,0.55,0.0,45.0,0.0,0,30.726,700,37.62,-1
0.1,-0.3,0.6,0.0,45.0,0.0,1,4.548,100,5.67,0
0.1,-0.3,0.65,0.0,45.0,0.0,1,2.533,208,12.09,2
0.1,-0.3,0.7,0.0,45.0,0.0,1,2.941,120,6.97,1
0.1,-0.3,0.75,0.0,45.0,0.0,1,1.385,11,0.65,0
0.1,-0.3,0.8,0.0,45.0,0.0,1,1.86,23,1.31,0
0.1,-0.3,0.85,0.0,45.0,0.0,1,2.413,7,0.43,0
0.1,-0.3,0.9,0.0,45.0,0.0,1,0.698,109,6.57,1
0.1,-0.25,0.35,0.0,45.0,0.0,0,124.809,700,41.14,-1
0.1,-0.25,0.4,0.0,45.0,0.0,0,106.219,700,40.98,-1
0.1,-0.25,0.45,0.0,45.0,0.0,0,83.979,700,41.41,-1
0.1,-0.25,0.5,0.0,45.0,0.0,0,58.206,700,38.82,-1
0.1,-0.25,0.55,0.0,45.0,0.0,0,30.001,700,40.32,-1
0.1,-0.25,0.6,0.0,45.0,0.0,1,6.535,100,5.64,0
0.1,-0.25,0.65,0.0,45.0,0.0,1,3.26,100,5.7,0
0.1,-0.25,0.7,0.0,45.0,0.0,0,10.393,700,39.88,-1
0.1,-0.25,0.75,0.0,45.0,0.0,1,2.277,16,0.7,0
0.1,-0.25,0.8,0.0,45.0,0.0,1,2.674,16,0.65,0
0.1,-0.25,0.85,0.0,45.0,0.0,1,1.512,6,0.27,0
0.1,-0.25,0.9,0.0,45.0,0.0,1,0.377,8,0.34,0
0.1,-0.2,0.35,0.0,45.0,0.0,0,127.131,700,39.51,-1
0.1,-0.2,0.4,0.0,45.0,0.0,0,108.33,700,40.8,-1
0.1,-0.2,0.45,0.0,45.0,0.0,0,85.779,700,37.94,-1
0.1,-0.2,0.5,0.0,45.0,0.0,0,60.277,700,41.18,-1
0.1,-0.2,0.55,0.0,45.0,0.0,0,34.854,700,41.18,-1
0.1,-0.2,0.6,0.0,45.0,0.0,0,20.097,700,38.31,-1
0.1,-0.2,0.65,0.0,45.0,0.0,0,29.143,700,41.34,-1
0.1,-0.2,0.7,0.0,45.0,0.0,0,38.89,700,38.58,-1
0.1,-0.2,0.75,0.0,45.0,0.0,0,27.248,700,40.65,-1
0.1,-0.2,0.8,0.0,45.0,0.0,1,0.964,305,17.56,3
0.1,-0.2,0.85,0.0,45.0,0.0,1,0.558,6,0.37,0
0.1,-0.2,0.9,0.0,45.0,0.0,1,0.557,6,0.37,0
0.1,-0.15,0.35,0.0,45.0,0.0,0,127.871,700,39.14,-1
0.1,-0.15,0.4,0.0,45.0,0.0,0,108.988,700,41.91,-1
0.1,-0.15,0.45,0.0,45.0,0.0,0,91.851,700,41.61,-1
0.1,-0.15,0.5,0.0,45.0,0.0,0,78.597,700,41.39,-1
0.1,-0.15,0.55,0.0,45.0,0.0,0,69.468,700,41.35,-1
0.1,-0.15,0.6,0.0,45.0,0.0,0,65.854,700,39.38,-1
0.1,-0.15,0.65,0.0,45.0,0.0,0,65.291,700,41.28,-1
0.1,-0.15,0.7,0.0,45.0,0.0,0,55.176,700,41.29,-1
0.1,-0.15,0.75,0.0,45.0,0.0,0,36.492,700,37.38,-1
0.1,-0.15,0.8,0.0,45.0,0.0,1,6.532,100,5.87,0
0.1,-0.15,0.85,0.0,45.0,0.0,1,1.339,6,0.37,0
0.1,-0.15,0.9,0.0,45.0,0.0,1,2.586,4,0.26,0
0.1,-0.1,0.35,0.0,45.0,0.0,0,127.389,700,41.93,-1
0.1,-0.1,0.4,0.0,45.0,0.0,0,113.531,700,42.3,-1
0.1,-0.1,0.45,0.0,45.0,0.0,0,107.504,700,40.18,-1
0.1,-0.1,0.5,0.0,45.0,0.0,0,107.393,700,41.55,-1
0.1,-0.1,0.55,0.0,45.0,0.0,0,110.205,700,39.47,-1
0.1,-0.1,0.6,0.0,45.0,0.0,0,112.731,700,42.69,-1
0.1,-0.1,0.65,0.0,45.0,0.0,0,105.384,700,39.57,-1
0.1,-0.1,0.7,0.0,45.0,0.0,0,75.879,700,41.38,-1
0.1,-0.1,0.75,0.0,45.0,0.0,0,24.855,700,38.28,-1
0.1,-0.1,0.8,0.0,45.0,0.0,1,2.55,6,0.38,0
0.1,-0.1,0.85,0.0,45.0,0.0,1,1.755,5,0.32,0
0.1,-0.1,0.9,0.0,45.0,0.0,1,1.549,5,0.31,0
0.1,-0.05,0.35,0.0,45.0,0.0,0,127.685,700,42.06,-1
0.1,-0.05,0.4,0.0,45.0,0.0,0,120.489,700,40.1,-1
0.1,-0.05,0.45,0.0,45.0,0.0,0,123.926,700,42.07,-1
0.1,-0.05,0.5,0.0,45.0,0.0,0,134.682,700,40.28,-1
0.1,-0.05,0.55,0.0,45.0,0.0,0,148.221,700,41.32,-1
0.1,-0.05,0.6,0.0,45.0,0.0,0,159.734,700,42.12,-1
0.1,-0.05,0.65,0.0,45.0,0.0,0,136.505,700,39.51,-1
0.1,-0.05,0.7,0.0,45.0,0.0,0,59.643,700,41.41,-1
0.1,-0.05,0.75,0.0,45.0,0.0,0,12.946,700,38.47,-1
0.1,-0.05,0.8,0.0,45.0,0.0,1,2.551,16,0.98,0
0.1,-0.05,0.85,0.0,45.0,0.0,1,2.061,7,0.43,0
0.1,-0.05,0.9,0.0,45.0,0.0,1,1.388,208,12.82,2
0.15,-0.5,0.35,0.0,45.0,0.0,0,98.809,700,40.03,-1
0.15,-0.5,0.4,0.0,45.0,0.0,0,74.353,700,41.21,-1
0.15,-0.5,0.45,0.0,45.0,0.0,0,44.692,700,39.21,-1
0.15,-0.5,0.5,0.0,45.0,0.0,0,20.922,700,40.46,-1
0.15,-0.5,0.55,0.0,45.0,0.0,1,2.314,24,1.44,0
0.15,-0.5,0.6,0.0,45.0,0.0,1,3.407,100,5.64,0
0.15,-0.5,0.65,0.0,45.0,0.0,1,2.803,25,1.47,0
0.15,-0.5,0.7,0.0,45.0,0.0,1,2.918,108,6.08,1
0.15,-0.5,0.75,0.0,45.0,0.0,1,1.933,21,1.18,0
0.15,-0.5,0.8,0.0,45.0,0.0,1,1.294,10,0.58,0
0.15,-0.5,0.85,0.0,45.0,0.0,1,1.321,9,0.58,0
0.15,-0.5,0.9,0.0,45.0,0.0,1,4.833,200,11.64,1
0.15,-0.45,0.35,0.0,45.0,0.0,0,85.156,700,38.36,-1
0.15,-0.45,0.4,0.0,45.0,0.0,0,64.669,700,40.56,-1
0.15,-0.45,0.45,0.0,45.0,0.0,0,44.031,700,38.55,-1
0.15,-0.45,0.5,0.0,45.0,0.0,0,22.029,700,38.78,-1
0.15,-0.45,0.55,0.0,45.0,0.0,1,7.907,100,5.66,0
0.15,-0.45,0.6,0.0,45.0,0.0,1,2.606,11,0.65,0
0.15,-0.45,0.65,0.0,45.0,0.0,1,0.294,7,0.43,0
0.15,-0.45,0.7,0.0,45.0,0.0,1,5.824,100,5.79,0
0.15,-0.45,0.75,0.0,45.0,0.0,1,2.716,221,13.01,2
0.15,-0.45,0.8,0.0,45.0,0.0,1,0.984,109,6.62,1
0.15,-0.45,0.85,0.0,45.0,0.0,1,0.738,107,6.49,1
0.15,-0.45,0.9,0.0,45.0,0.0,1,0.82,13,0.77,0
0.15,-0.4,0.35,0.0,45.0,0.0,0,87.146,700,39.81,-1
0.15,-0.4,0.4,0.0,45.0,0.0,0,67.215,700,39.04,-1
0.15,-0.4,0.45,0.0,45.0,0.0,0,46.679,700,38.52,-1
0.15,-0.4,0.5,0.0,45.0,0.0,0,23.344,700,40.67,-1
0.15,-0.4,0.55,0.0,45.0,0.0,1,2.906,24,1.45,0
0.15,-0.4,0.6,0.0,45.0,0.0,1,2.117,9,0.55,0
0.15,-0.4,0.65,0.0,45.0,0.0,1,2.867,212,12.17,2
0.15,-0.4,0.7,0.0,45.0,0.0,1,8.17,100,5.71,0
0.15,-0.4,0.75,0.0,45.0,0.0,1,1.028,208,12.28,2
0.15,-0.4,0.8,0.0,45.0,0.0,1,1.544,216,11.63,2
0.15,-0.4,0.85,0.0,45.0,0.0,1,2.501,110,5.55,1
0.15,-0.4,0.9,0.0,45.0,0.0,1,1.571,109,6.64,1
0.15,-0.35,0.35,0.0,45.0,0.0,0,89.059,700,40.15,-1
0.15,-0.35,0.4,0.0,45.0,0.0,0,70.592,700,37.89,-1
0.15,-0.35,0.45,0.0,45.0,0.0,0,49.198,700,39.57,-1
0.15,-0.35,0.5,0.0,45.0,0.0,0,24.764,700,40.29,-1
0.15,-0.35,0.55,0.0,45.0,0.0,1,2.963,19,1.17,0
0.15,-0.35,0.6,0.0,45.0,0.0,1,2.282,12,0.7,0
0.15,-0.35,0.65,0.0,45.0,0.0,1,2.954,124,7.15,1
0.15,-0.35,0.7,0.0,45.0,0.0,1,9.284,100,5.7,0
0.15,-0.35,0.75,0.0,45.0,0.0,1,2.721,222,13.08,2
0.15,-0.35,0.8,0.0,45.0,0.0,1,1.331,10,0.4,0
0.15,-0.35,0.85,0.0,45.0,0.0,1,2.81,111,5.12,1
0.15,-0.35,0.9,0.0,45.0,0.0,1,0.988,108,5.14,1
0.15,-0.3,0.35,0.0,45.0,0.0,0,92.456,700,40.28,-1
0.15,-0.3,0.4,0.0,45.0,0.0,0,73.514,700,40.46,-1
0.15,-0.3,0.45,0.0,45.0,0.0,0,51.403,700,37.46,-1
0.15,-0.3,0.5,0.0,45.0,0.0,0,26.154,700,40.35,-1
0.15,-0.3,0.55,0.0,45.0,0.0,1,6.977,100,5.6,0
0.15,-0.3,0.6,0.0,45.0,0.0,1,1.467,9,0.54,0
0.15,-0.3,0.65,0.0,45.0,0.0,1,2.765,130,7.51,1
0.15,-0.3,0.7,0.0,45.0,0.0,1,1.677,11,0.66,0
0.15,-0.3,0.75,0.0,45.0,0.0,1,2.711,13,0.76,0
0.15,-0.3,0.8,0.0,45.0,0.0,1,2.72,11,0.69,0
0.15,-0.3,0.85,0.0,45.0,0.0,1,1.553,9,0.54,0
0.15,-0.3,0.9,0.0,45.0,0.0,1,0.311,107,6.39,1
0.15,-0.25,0.35,0.0,45.0,0.0,0,95.085,700,38.69,-1
0.15,-0.25,0.4,0.0,45.0,0.0,0,75.763,700,40.91,-1
0.15,-0.25,0.45,0.0,45.0,0.0,0,53.116,700,39.96,-1
0.15,-0.25,0.5,0.0,45.0,0.0,0,27.252,700,41.05,-1
0.15,-0.25,0.55,0.0,45.0,0.0,1,0.437,10,0.62,0
0.15,-0.25,0.6,0.0,45.0,0.0,1,2.225,6,0.37,0
0.15,-0.25,0.65,0.0,45.0,0.0,1,1.71,4,0.25,0
0.15,-0.25,0.7,0.0,45.0,0.0,1,2.738,15,0.85,0
0.15,-0.25,0.75,0.0,45.0,0.0,1,1.921,406,20.48,4
0.15,-0.25,0.8,0.0,45.0,0.0,1,1.332,6,0.29,0
0.15,-0.25,0.85,0.0,45.0,0.0,1,0.385,6,0.31,0
0.15,-0.25,0.9,0.0,45.0,0.0,1,2.364,5,0.25,0
0.15,-0.2,0.35,0.0,45.0,0.0,0,96.725,700,40.22,-1
0.15,-0.2,0.4,0.0,45.0,0.0,0,77.17,700,41.08,-1
0.15,-0.2,0.45,0.0,45.0,0.0,0,54.195,700,39.21,-1
0.15,-0.2,0.5,0.0,45.0,0.0,0,27.928,700,41.21,-1
0.15,-0.2,0.55,0.0,45.0,0.0,0,11.183,700,37.03,-1
0.15,-0.2,0.6,0.0,45.0,0.0,0,15.558,700,40.32,-1
0.15,-0.2,0.65,0.0,45.0,0.0,1,7.307,700,38.12,6
0.15,-0.2,0.7,0.0,45.0,0.0,1,2.972,7,0.43,0
0.15,-0.2,0.75,0.0,45.0,0.0,1,2.945,5,0.31,0
0.15,-0.2,0.8,0.0,45.0,0.0,1,1.785,5,0.31,0
0.15,-0.2,0.85,0.0,45.0,0.0,1,1.597,5,0.31,0
0.15,-0.2,0.9,0.0,45.0,0.0,1,0.97,8,0.47,0
0.15,-0.15,0.35,0.0,45.0,0.0,0,97.249,700,41.31,-1
0.15,-0.15,0.4,0.0,45.0,0.0,0,77.627,700,39.48,-1
0.15,-0.15,0.45,0.0,45.0,0.0,0,56.967,700,41.3,-1
0.15,-0.15,0.5,0.0,45.0,0.0,0,46.999,700,37.93,-1
0.15,-0.15,0.55,0.0,45.0,0.0,0,53.058,700,40.43,-1
0.15,-0.15,0.6,0.0,45.0,0.0,0,58.979,700,40.6,-1
0.15,-0.15,0.65,0.0,45.0,0.0,0,49.83,700,38.04,-1
0.15,-0.15,0.7,0.0,45.0,0.0,0,27.978,700,38.68,-1
0.15,-0.15,0.75,0.0,45.0,0.0,1,2.149,8,0.45,0
0.15,-0.15,0.8,0.0,45.0,0.0,1,1.531,7,0.37,0
0.15,-0.15,0.85,0.0,45.0,0.0,1,1.076,12,0.71,0
0.15,-0.15,0.9,0.0,45.0,0.0,1,0.984,10,0.6,0
0.15,-0.1,0.35,0.0,45.0,0.0,0,97.25,700,41.35,-1
0.15,-0.1,0.4,0.0,45.0,0.0,0,78.887,700,40.27,-1
0.15,-0.1,0.45,0.0,45.0,0.0,0,71.155,700,42.08,-1
0.15,-0.1,0.5,0.0,45.0,0.0,0,77.015,700,39.58,-1
0.15,-0.1,0.55,0.0,45.0,0.0,0,91.88,700,38.74,-1
0.15,-0.1,0.6,0.0,45.0,0.0,0,100.409,700,40.44,-1
0.15,-0.1,0.65,0.0,45.0,0.0,0,88.649,700,38.18,-1
0.15,-0.1,0.7,0.0,45.0,0.0,0,60.976,700,40.4,-1
0.15,-0.1,0.75,0.0,45.0,0.0,0,25.05,700,38.35,-1
0.15,-0.1,0.8,0.0,45.0,0.0,1,2.099,309,17.78,3
0.15,-0.1,0.85,0.0,45.0,0.0,1,1.551,407,22.12,4
0.15,-0.1,0.9,0.0,45.0,0.0,1,1.168,406,23.26,4
0.15,-0.05,0.35,0.0,45.0,0.0,0,97.19,700,42.12,-1
0.15,-0.05,0.4,0.0,45.0,0.0,0,83.808,700,40.08,-1
0.15,-0.05,0.45,0.0,45.0,0.0,0,86.722,700,42.1,-1
0.15,-0.05,0.5,0.0,45.0,0.0,0,102.546,700,38.48,-1
0.15,-0.05,0.55,0.0,45.0,0.0,0,124.577,700,40.35,-1
0.15,-0.05,0.6,0.0,45.0,0.0,0,135.5,700,38.37,-1
0.15,-0.05,0.65,0.0,45.0,0.0,0,117.96,700,40.3,-1
0.15,-0.05,0.7,0.0,45.0,0.0,0,83.343,700,37.16,-1
0.15,-0.05,0.75,0.0,45.0,0.0,0,17.298,700,40.21,-1
0.15,-0.05,0.8,0.0,45.0,0.0,1,2.226,410,23.71,4
0.15,-0.05,0.85,0.0,45.0,0.0,1,1.753,408,21.65,4
0.15,-0.05,0.9,0.0,45.0,0.0,1,1.019,409,24.1,4
0.2,-0.5,0.35,0.0,45.0,0.0,0,104.921,700,38.5,-1
0.2,-0.5,0.4,0.0,45.0,0.0,0,73.44,700,40.3,-1
0.2,-0.5,0.45,0.0,45.0,0.0,0,39.98,700,40.19,-1
0.2,-0.5,0.5,0.0,45.0,0.0,0,12.581,700,38.17,-1
0.2,-0.5,0.55,0.0,45.0,0.0,1,2.87,9,0.54,0
0.2,-0.5,0.6,0.0,45.0,0.0,1,3.582,100,5.43,0
0.2,-0.5,0.65,0.0,45.0,0.0,1,3.195,100,5.47,0
0.2,-0.5,0.7,0.0,45.0,0.0,1,2.769,110,6.19,1
0.2,-0.5,0.75,0.0,45.0,0.0,1,2.523,7,0.42,0
0.2,-0.5,0.8,0.0,45.0,0.0,1,1.995,8,0.46,0
0.2,-0.5,0.85,0.0,45.0,0.0,1,4.794,100,5.67,0
0.2,-0.5,0.9,0.0,45.0,0.0,0,14.177,700,39.71,-1
0.2,-0.45,0.35,0.0,45.0,0.0,0,82.621,700,37.96,-1
0.2,-0.45,0.4,0.0,45.0,0.0,0,49.049,700,40.2,-1
0.2,-0.45,0.45,0.0,45.0,0.0,0,21.097,700,38.25,-1
0.2,-0.45,0.5,0.0,45.0,0.0,1,1.473,8,0.48,0
0.2,-0.45,0.55,0.0,45.0,0.0,1,0.575,10,0.6,0
0.2,-0.45,0.6,0.0,45.0,0.0,0,19.054,700,37.03,-1
0.2,-0.45,0.65,0.0,45.0,0.0,1,3.477,100,5.6,0
0.2,-0.45,0.7,0.0,45.0,0.0,1,1.932,6,0.36,0
0.2,-0.45,0.75,0.0,45.0,0.0,1,1.027,5,0.3,0
0.2,-0.45,0.8,0.0,45.0,0.0,1,0.946,8,0.47,0
0.2,-0.45,0.85,0.0,45.0,0.0,1,2.656,9,0.52,0
0.2,-0.45,0.9,0.0,45.0,0.0,1,2.445,10,0.58,0
0.2,-0.4,0.35,0.0,45.0,0.0,0,69.572,700,40.28,-1
0.2,-0.4,0.4,0.0,45.0,0.0,0,42.811,700,38.21,-1
0.2,-0.4,0.45,0.0,45.0,0.0,0,21.809,700,40.13,-1
0.2,-0.4,0.5,0.0,45.0,0.0,1,1.44,7,0.43,0
0.2,-0.4,0.55,0.0,45.0,0.0,1,5.17,100,5.08,0
0.2,-0.4,0.6,0.0,45.0,0.0,1,2.993,9,0.4,0
0.2,-0.4,0.65,0.0,45.0,0.0,1,2.561,17,0.73,0
0.2,-0.4,0.7,0.0,45.0,0.0,1,2.6,607,32.88,6
0.2,-0.4,0.75,0.0,45.0,0.0,1,7.624,100,5.6,0
0.2,-0.4,0.8,0.0,45.0,0.0,1,0.989,204,12.07,2
0.2,-0.4,0.85,0.0,45.0,0.0,1,0.674,110,6.64,1
0.2,-0.4,0.9,0.0,45.0,0.0,1,0.892,9,0.53,0
0.2,-0.35,0.35,0.0,45.0,0.0,0,64.652,700,37.2,-1
0.2,-0.35,0.4,0.0,45.0,0.0,0,44.594,700,40.34,-1
0.2,-0.35,0.45,0.0,45.0,0.0,0,22.914,700,40.33,-1
0.2,-0.35,0.5,0.0,45.0,0.0,1,1.159,207,9.86,2
0.2,-0.35,0.55,0.0,45.0,0.0,1,0.732,14,0.82,0
0.2,-0.35,0.6,0.0,45.0,0.0,1,7.863,100,5.62,0
0.2,-0.35,0.65,0.0,45.0,0.0,1,2.196,11,0.64,0
0.2,-0.35,0.7,0.0,45.0,0.0,1,2.933,416,23.11,4
0.2,-0.35,0.75,0.0,45.0,0.0,1,2.929,14,0.8,0
0.2,-0.35,0.8,0.0,45.0,0.0,1,1.815,109,6.49,1
0.2,-0.35,0.85,0.0,45.0,0.0,1,2.194,8,0.48,0
0.2,-0.35,0.9,0.0,45.0,0.0,1,0.646,9,0.53,0
0.2,-0.3,0.35,0.0,45.0,0.0,0,65.877,700,38.73,-1
0.2,-0.3,0.4,0.0,45.0,0.0,0,46.315,700,38.3,-1
0.2,-0.3,0.45,0.0,45.0,0.0,0,23.902,700,40.14,-1
0.2,-0.3,0.5,0.0,45.0,0.0,1,1.866,217,12.61,2
0.2,-0.3,0.55,0.0,45.0,0.0,1,0.306,17,1.0,0
0.2,-0.3,0.6,0.0,45.0,0.0,0,18.176,700,37.14,-1
0.2,-0.3,0.65,0.0,45.0,0.0,1,2.478,8,0.48,0
0.2,-0.3,0.7,0.0,45.0,0.0,1,2.994,6,0.36,0
0.2,-0.3,0.75,0.0,45.0,0.0,1,0.815,7,0.42,0
0.2,-0.3,0.8,0.0,45.0,0.0,1,0.487,7,0.51,0
0.2,-0.3,0.85,0.0,45.0,0.0,1,1.291,8,0.47,0
0.2,-0.3,0.9,0.0,45.0,0.0,1,0.577,6,0.36,0
0.2,-0.25,0.35,0.0,45.0,0.0,0,67.574,700,40.08,-1
0.2,-0.25,0.4,0.0,45.0,0.0,0,47.647,700,38.35,-1
0.2,-0.25,0.45,0.0,45.0,0.0,0,24.676,700,38.55,-1
0.2,-0.25,0.5,0.0,45.0,0.0,1,0.425,14,0.66,0
0.2,-0.25,0.55,0.0,45.0,0.0,1,0.458,218,12.28,2
0.2,-0.25,0.6,0.0,45.0,0.0,1,2.93,8,0.48,0
0.2,-0.25,0.65,0.0,45.0,0.0,1,2.97,21,1.17,0
0.2,-0.25,0.7,0.0,45.0,0.0,1,2.439,9,0.54,0
0.2,-0.25,0.75,0.0,45.0,0.0,1,1.302,9,0.66,0
0.2,-0.25,0.8,0.0,45.0,0.0,1,1.695,9,0.52,0
0.2,-0.25,0.85,0.0,45.0,0.0,1,1.016,7,0.42,0
0.2,-0.25,0.9,0.0,45.0,0.0,1,2.791,7,0.41,0
0.2,-0.2,0.35,0.0,45.0,0.0,0,68.652,700,40.29,-1
0.2,-0.2,0.4,0.0,45.0,0.0,0,48.483,700,38.08,-1
0.2,-0.2,0.45,0.0,45.0,0.0,0,25.171,700,41.51,-1
0.2,-0.2,0.5,0.0,45.0,0.0,1,0.285,38,1.89,0
0.2,-0.2,0.55,0.0,45.0,0.0,1,1.021,15,0.65,0
0.2,-0.2,0.6,0.0,45.0,0.0,1,4.954,100,4.41,0
0.2,-0.2,0.65,0.0,45.0,0.0,1,2.193,110,6.25,1
0.2,-0.2,0.7,0.0,45.0,0.0,1,2.052,512,29.38,5
0.2,-0.2,0.75,0.0,45.0,0.0,1,1.861,411,23.77,4
0.2,-0.2,0.8,0.0,45.0,0.0,1,7.356,100,5.73,0
0.2,-0.2,0.85,0.0,45.0,0.0,1,0.624,6,0.27,0
0.2,-0.2,0.9,0.0,45.0,0.0,1,1.07,119,5.35,1
0.2,-0.15,0.35,0.0,45.0,0.0,0,69.0,700,41.36,-1
0.2,-0.15,0.4,0.0,45.0,0.0,0,48.76,700,39.37,-1
0.2,-0.15,0.45,0.0,45.0,0.0,0,25.348,700,41.02,-1
0.2,-0.15,0.5,0.0,45.0,0.0,0,19.874,700,38.97,-1
0.2,-0.15,0.55,0.0,45.0,0.0,0,37.055,700,40.67,-1
0.2,-0.15,0.6,0.0,45.0,0.0,0,40.195,700,37.19,-1
0.2,-0.15,0.65,0.0,45.0,0.0,0,31.162,700,40.17,-1
0.2,-0.15,0.7,0.0,45.0,0.0,0,11.875,700,38.45,-1
0.2,-0.15,0.75,0.0,45.0,0.0,1,2.76,510,29.29,5
0.2,-0.15,0.8,0.0,45.0,0.0,0,47.85,700,38.93,-1
0.2,-0.15,0.85,0.0,45.0,0.0,1,1.172,408,23.85,4
0.2,-0.15,0.9,0.0,45.0,0.0,1,0.988,15,0.96,0
0.2,-0.1,0.35,0.0,45.0,0.0,0,69.005,700,39.6,-1
0.2,-0.1,0.4,0.0,45.0,0.0,0,48.76,700,39.87,-1
0.2,-0.1,0.45,0.0,45.0,0.0,0,34.612,700,42.19,-1
0.2,-0.1,0.5,0.0,45.0,0.0,0,49.81,700,38.6,-1
0.2,-0.1,0.55,0.0,45.0,0.0,0,70.892,700,40.48,-1
0.2,-0.1,0.6,0.0,45.0,0.0,0,74.318,700,36.84,-1
0.2,-0.1,0.65,0.0,45.0,0.0,0,63.625,700,40.29,-1
0.2,-0.1,0.7,0.0,45.0,0.0,0,40.728,700,40.21,-1
0.2,-0.1,0.75,0.0,45.0,0.0,1,9.463,300,15.07,2
0.2,-0.1,0.8,0.0,45.0,0.0,1,1.664,310,18.11,3
0.2,-0.1,0.85,0.0,45.0,0.0,0,69.43,700,40.66,-1
0.2,-0.1,0.9,0.0,45.0,0.0,1,2.983,18,0.8,0
0.2,-0.05,0.35,0.0,45.0,0.0,0,69.025,700,40.35,-1
0.2,-0.05,0.4,0.0,45.0,0.0,0,49.395,700,40.22,-1
0.2,-0.05,0.45,0.0,45.0,0.0,0,49.122,700,42.07,-1
0.2,-0.05,0.5,0.0,45.0,0.0,0,72.332,700,38.25,-1
0.2,-0.05,0.55,0.0,45.0,0.0,0,97.67,700,40.21,-1
0.2,-0.05,0.6,0.0,45.0,0.0,0,116.482,700,38.49,-1
0.2,-0.05,0.65,0.0,45.0,0.0,0,86.705,700,38.13,-1
0.2,-0.05,0.7,0.0,45.0,0.0,0,60.011,700,40.12,-1
0.2,-0.05,0.75,0.0,45.0,0.0,0,10.422,700,38.28,-1
0.2,-0.05,0.8,0.0,45.0,0.0,1,1.734,14,0.88,0
0.2,-0.05,0.85,0.0,45.0,0.0,0,95.87,700,40.66,-1
0.2,-0.05,0.9,0.0,45.0,0.0,1,1.128,241,13.21,2
0.25,-0.5,0.35,0.0,45.0,0.0,0,118.724,700,38.01,-1
0.25,-0.5,0.4,0.0,45.0,0.0,0,86.037,700,40.21,-1
0.25,-0.5,0.45,0.0,45.0,0.0,0,58.62,700,37.39,-1
0.25,-0.5,0.5,0.0,45.0,0.0,0,35.251,700,41.19,-1
0.25,-0.5,0.55,0.0,45.0,0.0,0,17.723,700,37.09,-1
0.25,-0.5,0.6,0.0,45.0,0.0,1,5.759,100,5.6,0
0.25,-0.5,0.65,0.0,45.0,0.0,1,5.844,100,5.68,0
0.25,-0.5,0.7,0.0,45.0,0.0,1,4.69,100,5.58,0
0.25,-0.5,0.75,0.0,45.0,0.0,1,5.938,100,5.54,0
0.25,-0.5,0.8,0.0,45.0,0.0,1,6.514,500,28.19,4
0.25,-0.5,0.85,0.0,45.0,0.0,0,18.933,700,37.95,-1
0.25,-0.5,0.9,0.0,45.0,0.0,0,36.894,700,40.29,-1
0.25,-0.45,0.35,0.0,45.0,0.0,0,91.126,700,38.4,-1
0.25,-0.45,0.4,0.0,45.0,0.0,0,56.312,700,38.3,-1
0.25,-0.45,0.45,0.0,45.0,0.0,0,24.367,700,39.41,-1
0.25,-0.45,0.5,0.0,45.0,0.0,1,4.473,100,5.59,0
0.25,-0.45,0.55,0.0,45.0,0.0,1,1.431,7,0.43,0
0.25,-0.45,0.6,0.0,45.0,0.0,1,2.873,15,0.86,0
0.25,-0.45,0.65,0.0,45.0,0.0,1,0.778,10,0.59,0
0.25,-0.45,0.7,0.0,45.0,0.0,1,2.658,10,0.62,0
0.25,-0.45,0.75,0.0,45.0,0.0,1,2.233,5,0.3,0
0.25,-0.45,0.8,0.0,45.0,0.0,1,2.087,5,0.3,0
0.25,-0.45,0.85,0.0,45.0,0.0,1,2.061,11,0.62,0
0.25,-0.45,0.9,0.0,45.0,0.0,1,5.46,100,5.45,0
0.25,-0.4,0.35,0.0,45.0,0.0,0,69.324,700,37.91,-1
0.25,-0.4,0.4,0.0,45.0,0.0,0,31.762,700,40.05,-1
0.25,-0.4,0.45,0.0,45.0,0.0,1,2.844,6,0.38,0
0.25,-0.4,0.5,0.0,45.0,0.0,1,0.921,16,0.94,0
0.25,-0.4,0.55,0.0,45.0,0.0,1,2.126,6,0.37,0
0.25,-0.4,0.6,0.0,45.0,0.0,1,2.973,25,1.43,0
0.25,-0.4,0.65,0.0,45.0,0.0,1,0.371,10,0.58,0
0.25,-0.4,0.7,0.0,45.0,0.0,1,2.808,19,1.11,0
0.25,-0.4,0.75,0.0,45.0,0.0,1,2.355,4,0.25,0
0.25,-0.4,0.8,0.0,45.0,0.0,1,1.755,5,0.3,0
0.25,-0.4,0.85,0.0,45.0,0.0,1,1.742,8,0.46,0
0.25,-0.4,0.9,0.0,45.0,0.0,1,1.83,9,0.52,0
0.25,-0.35,0.35,0.0,45.0,0.0,0,53.161,700,38.26,-1
0.25,-0.35,0.4,0.0,45.0,0.0,0,21.202,700,38.27,-1
0.25,-0.35,0.45,0.0,45.0,0.0,1,2.125,9,0.55,0
0.25,-0.35,0.5,0.0,45.0,0.0,1,2.665,6,0.38,0
0.25,-0.35,0.55,0.0,45.0,0.0,1,1.232,6,0.37,0
0.25,-0.35,0.6,0.0,45.0,0.0,1,2.961,27,1.55,0
0.25,-0.35,0.65,0.0,45.0,0.0,1,2.918,21,1.18,0
0.25,-0.35,0.7,0.0,45.0,0.0,1,0.776,7,0.42,0
0.25,-0.35,0.75,0.0,45.0,0.0,1,1.832,6,0.41,0
0.25,-0.35,0.8,0.0,45.0,0.0,1,0.564,6,0.36,0
0.25,-0.35,0.85,0.0,45.0,0.0,1,1.103,9,0.52,0
0.25,-0.35,0.9,0.0,45.0,0.0,1,1.147,6,0.35,0
0.25,-0.3,0.35,0.0,45.0,0.0,0,44.44,700,40.19,-1
0.25,-0.3,0.4,0.0,45.0,0.0,0,21.497,700,38.51,-1
0.25,-0.3,0.45,0.0,45.0,0.0,1,1.835,9,0.56,0
0.25,-0.3,0.5,0.0,45.0,0.0,1,2.755,6,0.37,0
0.25,-0.3,0.55,0.0,45.0,0.0,1,2.177,6,0.41,0
0.25,-0.3,0.6,0.0,45.0,0.0,1,1.723,17,1.0,0
0.25,-0.3,0.65,0.0,45.0,0.0,1,2.566,21,1.24,0
0.25,-0.3,0.7,0.0,45.0,0.0,1,2.476,6,0.37,0
0.25,-0.3,0.75,0.0,45.0,0.0,1,1.352,7,0.42,0
0.25,-0.3,0.8,0.0,45.0,0.0,1,1.098,6,0.37,0
0.25,-0.3,0.85,0.0,45.0,0.0,1,1.242,7,0.41,0
0.25,-0.3,0.9,0.0,45.0,0.0,1,1.38,8,0.5,0
0.25,-0.25,0.35,0.0,45.0,0.0,0,42.798,700,40.14,-1
0.25,-0.25,0.4,0.0,45.0,0.0,0,22.049,700,37.95,-1
0.25,-0.25,0.45,0.0,45.0,0.0,1,0.646,10,0.6,0
0.25,-0.25,0.5,0.0,45.0,0.0,1,1.364,6,0.42,0
0.25,-0.25,0.55,0.0,45.0,0.0,1,0.595,18,1.07,0
0.25,-0.25,0.6,0.0,45.0,0.0,1,1.894,17,1.05,0
0.25,-0.25,0.65,0.0,45.0,0.0,1,0.999,6,0.38,0
0.25,-0.25,0.7,0.0,45.0,0.0,1,1.748,12,0.69,0
0.25,-0.25,0.75,0.0,45.0,0.0,1,0.971,7,0.42,0
0.25,-0.25,0.8,0.0,45.0,0.0,1,0.664,6,0.44,0
0.25,-0.25,0.85,0.0,45.0,0.0,1,0.66,8,0.48,0
0.25,-0.25,0.9,0.0,45.0,0.0,1,2.703,9,0.53,0
0.25,-0.2,0.35,0.0,45.0,0.0,0,43.134,700,38.43,-1
0.25,-0.2,0.4,0.0,45.0,0.0,0,22.416,700,40.36,-1
0.25,-0.2,0.45,0.0,45.0,0.0,1,2.478,6,0.38,0
0.25,-0.2,0.5,0.0,45.0,0.0,1,0.31,14,0.87,0
0.25,-0.2,0.55,0.0,45.0,0.0,1,1.999,316,19.24,3
0.25,-0.2,0.6,0.0,45.0,0.0,1,2.634,109,6.73,1
0.25,-0.2,0.65,0.0,45.0,0.0,1,1.427,8,0.48,0
0.25,-0.2,0.7,0.0,45.0,0.0,1,0.259,6,0.31,0
0.25,-0.2,0.75,0.0,45.0,0.0,1,0.611,6,0.24,0
0.25,-0.2,0.8,0.0,45.0,0.0,1,0.474,6,0.29,0
0.25,-0.2,0.85,0.0,45.0,0.0,1,2.389,206,9.81,2
0.25,-0.2,0.9,0.0,45.0,0.0,1,1.961,214,12.53,2
0.25,-0.15,0.35,0.0,45.0,0.0,0,43.308,700,40.2,-1
0.25,-0.15,0.4,0.0,45.0,0.0,0,22.547,700,39.67,-1
0.25,-0.15,0.45,0.0,45.0,0.0,1,1.572,14,0.63,0
0.25,-0.15,0.5,0.0,45.0,0.0,1,0.358,15,0.69,0
0.25,-0.15,0.55,0.0,45.0,0.0,0,14.618,700,40.06,-1
0.25,-0.15,0.6,0.0,45.0,0.0,0,18.692,700,38.72,-1
0.25,-0.15,0.65,0.0,45.0,0.0,1,5.004,300,17.18,2
0.25,-0.15,0.7,0.0,45.0,0.0,1,1.704,317,18.5,3
0.25,-0.15,0.75,0.0,45.0,0.0,1,1.964,516,27.25,5
0.25,-0.15,0.8,0.0,45.0,0.0,0,26.208,700,40.68,-1
0.25,-0.15,0.85,0.0,45.0,0.0,1,1.941,408,24.31,4
0.25,-0.15,0.9,0.0,45.0,0.0,1,0.551,206,12.48,2
0.25,-0.1,0.35,0.0,45.0,0.0,0,43.048,700,39.02,-1
0.25,-0.1,0.4,0.0,45.0,0.0,0,22.549,700,41.15,-1
0.25,-0.1,0.45,0.0,45.0,0.0,1,1.016,11,0.68,0
0.25,-0.1,0.5,0.0,45.0,0.0,0,23.035,700,39.08,-1
0.25,-0.1,0.55,0.0,45.0,0.0,0,43.536,700,38.88,-1
0.25,-0.1,0.6,0.0,45.0,0.0,0,43.171,700,40.34,-1
0.25,-0.1,0.65,0.0,45.0,0.0,0,31.927,700,38.28,-1
0.25,-0.1,0.7,0.0,45.0,0.0,0,13.015,700,40.72,-1
0.25,-0.1,0.75,0.0,45.0,0.0,0,66.861,700,38.93,-1
0.25,-0.1,0.8,0.0,45.0,0.0,1,2.079,326,19.35,3
0.25,-0.1,0.85,0.0,45.0,0.0,0,42.099,700,39.81,-1
0.25,-0.1,0.9,0.0,45.0,0.0,1,1.064,411,22.48,4
0.25,-0.05,0.35,0.0,45.0,0.0,0,43.766,700,41.06,-1
0.25,-0.05,0.4,0.0,45.0,0.0,0,22.561,700,39.51,-1
0.25,-0.05,0.45,0.0,45.0,0.0,0,13.047,700,39.53,-1
0.25,-0.05,0.5,0.0,45.0,0.0,0,41.479,700,40.34,-1
0.25,-0.05,0.55,0.0,45.0,0.0,0,64.994,700,37.32,-1
0.25,-0.05,0.6,0.0,45.0,0.0,0,82.559,700,40.15,-1
0.25,-0.05,0.65,0.0,45.0,0.0,0,93.325,700,38.0,-1
0.25,-0.05,0.7,0.0,45.0,0.0,0,29.31,700,40.03,-1
0.25,-0.05,0.75,0.0,45.0,0.0,0,92.729,700,38.48,-1
0.25,-0.05,0.8,0.0,45.0,0.0,0,81.396,700,40.78,-1
0.25,-0.05,0.85,0.0,45.0,0.0,0,63.32,700,38.88,-1
0.25,-0.05,0.9,0.0,45.0,0.0,0,39.376,700,40.58,-1
0.3,-0.5,0.35,0.0,45.0,0.0,0,140.111,700,36.64,-1
0.3,-0.5,0.4,0.0,45.0,0.0,0,110.688,700,39.23,-1
0.3,-0.5,0.45,0.0,45.0,0.0,0,85.123,700,38.17,-1
0.3,-0.5,0.5,0.0,45.0,0.0,0,135.449,700,38.55,-1
0.3,-0.5,0.55,0.0,45.0,0.0,0,45.902,700,38.02,-1
0.3,-0.5,0.6,0.0,45.0,0.0,0,33.105,700,40.97,-1
0.3,-0.5,0.65,0.0,45.0,0.0,0,25.673,700,38.28,-1
0.3,-0.5,0.7,0.0,45.0,0.0,0,23.347,700,40.18,-1
0.3,-0.5,0.75,0.0,45.0,0.0,0,26.081,700,37.77,-1
0.3,-0.5,0.8,0.0,45.0,0.0,0,33.925,700,39.24,-1
0.3,-0.5,0.85,0.0,45.0,0.0,0,46.883,700,37.21,-1
0.3,-0.5,0.9,0.0,45.0,0.0,0,64.867,700,38.05,-1
0.3,-0.45,0.35,0.0,45.0,0.0,0,111.833,700,37.61,-1
0.3,-0.45,0.4,0.0,45.0,0.0,0,80.447,700,39.32,-1
0.3,-0.45,0.45,0.0,45.0,0.0,0,53.304,700,37.4,-1
0.3,-0.45,0.5,0.0,45.0,0.0,0,29.969,700,39.05,-1
0.3,-0.45,0.55,0.0,45.0,0.0,0,11.583,700,37.81,-1
0.3,-0.45,0.6,0.0,45.0,0.0,1,3.702,100,5.61,0
0.3,-0.45,0.65,0.0,45.0,0.0,1,2.154,9,0.58,0
0.3,-0.45,0.7,0.0,45.0,0.0,1,2.926,9,0.52,0
0.3,-0.45,0.75,0.0,45.0,0.0,1,2.209,11,0.65,0
0.3,-0.45,0.8,0.0,45.0,0.0,1,4.341,100,5.4,0
0.3,-0.45,0.85,0.0,45.0,0.0,0,21.684,700,36.31,-1
0.3,-0.45,0.9,0.0,45.0,0.0,0,31.723,700,38.84,-1
0.3,-0.4,0.35,0.0,45.0,0.0,0,86.979,700,38.2,-1
0.3,-0.4,0.4,0.0,45.0,0.0,0,53.456,700,39.14,-1
0.3,-0.4,0.45,0.0,45.0,0.0,0,24.728,700,36.04,-1
0.3,-0.4,0.5,0.0,45.0,0.0,1,4.614,100,5.65,0
0.3,-0.4,0.55,0.0,45.0,0.0,1,1.423,7,0.43,0
0.3,-0.4,0.6,0.0,45.0,0.0,1,1.007,7,0.44,0
0.3,-0.4,0.65,0.0,45.0,0.0,1,0.698,9,0.54,0
0.3,-0.4,0.7,0.0,45.0,0.0,1,0.971,5,0.31,0
0.3,-0.4,0.75,0.0,45.0,0.0,1,0.737,6,0.36,0
0.3,-0.4,0.8,0.0,45.0,0.0,1,0.998,6,0.36,0
0.3,-0.4,0.85,0.0,45.0,0.0,1,2.143,10,0.57,0
0.3,-0.4,0.9,0.0,45.0,0.0,1,5.702,100,5.46,0
0.3,-0.35,0.35,0.0,45.0,0.0,0,66.274,700,40.24,-1
0.3,-0.35,0.4,0.0,45.0,0.0,0,30.281,700,35.93,-1
0.3,-0.35,0.45,0.0,45.0,0.0,1,4.677,100,5.53,0
0.3,-0.35,0.5,0.0,45.0,0.0,1,1.133,9,0.59,0
0.3,-0.35,0.55,0.0,45.0,0.0,1,0.514,7,0.43,0
0.3,-0.35,0.6,0.0,45.0,0.0,1,0.663,7,0.42,0
0.3,-0.35,0.65,0.0,45.0,0.0,1,0.287,7,0.42,0
0.3,-0.35,0.7,0.0,45.0,0.0,1,2.53,12,0.69,0
0.3,-0.35,0.75,0.0,45.0,0.0,1,1.239,10,0.59,0
0.3,-0.35,0.8,0.0,45.0,0.0,1,0.541,7,0.42,0
0.3,-0.35,0.85,0.0,45.0,0.0,1,0.998,6,0.37,0
0.3,-0.35,0.9,0.0,45.0,0.0,1,1.879,7,0.41,0
0.3,-0.3,0.35,0.0,45.0,0.0,0,49.944,700,40.21,-1
0.3,-0.3,0.4,0.0,45.0,0.0,0,11.904,700,37.48,-1
0.3,-0.3,0.45,0.0,45.0,0.0,1,1.769,6,0.37,0
0.3,-0.3,0.5,0.0,45.0,0.0,1,1.769,6,0.37,0
0.3,-0.3,0.55,0.0,45.0,0.0,1,0.195,7,0.42,0
0.3,-0.3,0.6,0.0,45.0,0.0,1,0.092,7,0.42,0
0.3,-0.3,0.65,0.0,45.0,0.0,1,1.755,18,1.1,0
0.3,-0.3,0.7,0.0,45.0,0.0,1,1.608,6,0.36,0
0.3,-0.3,0.75,0.0,45.0,0.0,1,1.562,11,0.63,0
0.3,-0.3,0.8,0.0,45.0,0.0,1,0.503,8,0.48,0
0.3,-0.3,0.85,0.0,45.0,0.0,1,2.015,9,0.52,0
0.3,-0.3,0.9,0.0,45.0,0.0,1,2.223,6,0.36,0
0.3,-0.25,0.35,0.0,45.0,0.0,0,38.693,700,40.32,-1
0.3,-0.25,0.4,0.0,45.0,0.0,1,3.883,100,5.63,0
0.3,-0.25,0.45,0.0,45.0,0.0,1,0.868,9,0.55,0
0.3,-0.25,0.5,0.0,45.0,0.0,1,1.897,6,0.43,0
0.3,-0.25,0.55,0.0,45.0,0.0,1,0.046,7,0.43,0
0.3,-0.25,0.6,0.0,45.0,0.0,1,1.38,19,1.12,0
0.3,-0.25,0.65,0.0,45.0,0.0,1,2.181,13,0.76,0
0.3,-0.25,0.7,0.0,45.0,0.0,1,1.282,6,0.37,0
0.3,-0.25,0.75,0.0,45.0,0.0,1,0.572,7,0.42,0
0.3,-0.25,0.8,0.0,45.0,0.0,1,0.77,7,0.43,0
0.3,-0.25,0.85,0.0,45.0,0.0,1,1.856,12,0.74,0
0.3,-0.25,0.9,0.0,45.0,0.0,1,1.184,13,0.75,0
0.3,-0.2,0.35,0.0,45.0,0.0,0,32.503,700,36.89,-1
0.3,-0.2,0.4,0.0,45.0,0.0,1,2.758,9,0.55,0
0.3,-0.2,0.45,0.0,45.0,0.0,1,1.54,6,0.37,0
0.3,-0.2,0.5,0.0,45.0,0.0,1,0.854,6,0.37,0
0.3,-0.2,0.55,0.0,45.0,0.0,1,0.146,6,0.37,0
0.3,-0.2,0.6,0.0,45.0,0.0,1,1.618,14,0.83,0
0.3,-0.2,0.65,0.0,45.0,0.0,1,1.473,15,0.88,0
0.3,-0.2,0.7,0.0,45.0,0.0,1,2.978,6,0.42,0
0.3,-0.2,0.75,0.0,45.0,0.0,1,0.407,8,0.48,0
0.3,-0.2,0.8,0.0,45.0,0.0,1,1.176,106,6.37,1
0.3,-0.2,0.85,0.0,45.0,0.0,1,0.477,106,6.53,1
0.3,-0.2,0.9,0.0,45.0,0.0,1,1.157,19,1.12,0
0.3,-0.15,0.35,0.0,45.0,0.0,0,30.781,700,38.35,-1
0.3,-0.15,0.4,0.0,45.0,0.0,1,2.764,6,0.38,0
0.3,-0.15,0.45,0.0,45.0,0.0,1,0.619,6,0.37,0
0.3,-0.15,0.5,0.0,45.0,0.0,1,0.557,5,0.32,0
0.3,-0.15,0.55,0.0,45.0,0.0,1,1.589,216,12.57,2
0.3,-0.15,0.6,0.0,45.0,0.0,1,5.719,100,5.82,0
0.3,-0.15,0.65,0.0,45.0,0.0,1,6.614,100,5.8,0
0.3,-0.15,0.7,0.0,45.0,0.0,1,8.948,100,5.76,0
0.3,-0.15,0.75,0.0,45.0,0.0,1,6.218,200,11.77,1
0.3,-0.15,0.8,0.0,45.0,0.0,1,1.062,311,18.74,3
0.3,-0.15,0.85,0.0,45.0,0.0,1,0.935,206,9.61,2
0.3,-0.15,0.9,0.0,45.0,0.0,1,0.624,207,12.03,2
0.3,-0.1,0.35,0.0,45.0,0.0,0,33.161,700,41.64,-1
0.3,-0.1,0.4,0.0,45.0,0.0,1,2.307,6,0.42,0
0.3,-0.1,0.45,0.0,45.0,0.0,1,1.15,5,0.32,0
0.3,-0.1,0.5,0.0,45.0,0.0,1,0.435,106,6.14,1
0.3,-0.1,0.55,0.0,45.0,0.0,0,11.249,700,37.65,-1
0.3,-0.1,0.6,0.0,45.0,0.0,0,18.817,700,40.36,-1
0.3,-0.1,0.65,0.0,45.0,0.0,0,34.099,700,40.32,-1
0.3,-0.1,0.7,0.0,45.0,0.0,1,1.412,214,11.14,2
0.3,-0.1,0.75,0.0,45.0,0.0,1,2.029,228,11.93,2
0.3,-0.1,0.8,0.0,45.0,0.0,0,24.557,700,41.69,-1
0.3,-0.1,0.85,0.0,45.0,0.0,1,9.891,500,29.92,4
0.3,-0.1,0.9,0.0,45.0,0.0,1,0.915,206,12.44,2
0.3,-0.05,0.35,0.0,45.0,0.0,0,40.555,700,43.16,-1
0.3,-0.05,0.4,0.0,45.0,0.0,1,4.412,100,5.64,0
0.3,-0.05,0.45,0.0,45.0,0.0,1,1.318,106,6.18,1
0.3,-0.05,0.5,0.0,45.0,0.0,1,6.696,100,5.72,0
0.3,-0.05,0.55,0.0,45.0,0.0,0,28.226,700,40.71,-1
0.3,-0.05,0.6,0.0,45.0,0.0,0,44.262,700,38.62,-1
0.3,-0.05,0.65,0.0,45.0,0.0,0,54.088,700,39.76,-1
0.3,-0.05,0.7,0.0,45.0,0.0,1,1.638,214,12.46,2
0.3,-0.05,0.75,0.0,45.0,0.0,0,53.544,700,38.51,-1
0.3,-0.05,0.8,0.0,45.0,0.0,0,43.201,700,40.47,-1
0.3,-0.05,0.85,0.0,45.0,0.0,1,1.656,516,30.43,5
0.3,-0.05,0.9,0.0,45.0,0.0,1,1.568,410,21.52,4
0.35,-0.5,0.35,0.0,45.0,0.0,0,167.048,700,39.1,-1
0.35,-0.5,0.4,0.0,45.0,0.0,0,211.985,700,39.3,-1
0.35,-0.5,0.45,0.0,45.0,0.0,0,115.424,700,37.76,-1
0.35,-0.5,0.5,0.0,45.0,0.0,0,94.82,700,38.22,-1
0.35,-0.5,0.55,0.0,45.0,0.0,0,78.269,700,38.54,-1
0.35,-0.5,0.6,0.0,45.0,0.0,0,66.164,700,39.44,-1
0.35,-0.5,0.65,0.0,45.0,0.0,0,58.845,700,37.98,-1
0.35,-0.5,0.7,0.0,45.0,0.0,0,56.517,700,39.89,-1
0.35,-0.5,0.75,0.0,45.0,0.0,0,59.248,700,36.28,-1
0.35,-0.5,0.8,0.0,45.0,0.0,0,67.153,700,38.77,-1
0.35,-0.5,0.85,0.0,45.0,0.0,0,79.447,700,36.9,-1
0.35,-0.5,0.9,0.0,45.0,0.0,0,169.57,700,38.97,-1
0.35,-0.45,0.35,0.0,45.0,0.0,0,139.776,700,37.49,-1
0.35,-0.45,0.4,0.0,45.0,0.0,0,111.008,700,39.37,-1
0.35,-0.45,0.45,0.0,45.0,0.0,0,85.458,700,37.48,-1
0.35,-0.45,0.5,0.0,45.0,0.0,0,63.617,700,39.37,-1
0.35,-0.45,0.55,0.0,45.0,0.0,0,45.994,700,37.94,-1
0.35,-0.45,0.6,0.0,45.0,0.0,0,33.066,700,38.46,-1
0.35,-0.45,0.65,0.0,45.0,0.0,0,25.225,700,38.7,-1
0.35,-0.45,0.7,0.0,45.0,0.0,0,22.726,700,37.62,-1
0.35,-0.45,0.75,0.0,45.0,0.0,0,25.655,700,39.19,-1
0.35,-0.45,0.8,0.0,45.0,0.0,0,35.305,700,37.09,-1
0.35,-0.45,0.85,0.0,45.0,0.0,0,56.736,700,38.74,-1
0.35,-0.45,0.9,0.0,45.0,0.0,0,92.749,700,36.86,-1
0.35,-0.4,0.35,0.0,45.0,0.0,0,115.696,700,39.56,-1
0.35,-0.4,0.4,0.0,45.0,0.0,0,85.602,700,37.73,-1
0.35,-0.4,0.45,0.0,45.0,0.0,0,58.739,700,37.39,-1
0.35,-0.4,0.5,0.0,45.0,0.0,0,35.665,700,39.29,-1
0.35,-0.4,0.55,0.0,45.0,0.0,0,16.958,700,37.59,-1
0.35,-0.4,0.6,0.0,45.0,0.0,1,6.165,100,5.61,0
0.35,-0.4,0.65,0.0,45.0,0.0,1,3.151,100,5.64,0
0.35,-0.4,0.7,0.0,45.0,0.0,1,2.609,6,0.37,0
0.35,-0.4,0.75,0.0,45.0,0.0,1,3.264,100,5.63,0
0.35,-0.4,0.8,0.0,45.0,0.0,1,6.729,100,5.61,0
0.35,-0.4,0.85,0.0,45.0,0.0,0,18.276,700,37.01,-1
0.35,-0.4,0.9,0.0,45.0,0.0,0,37.357,700,38.67,-1
0.35,-0.35,0.35,0.0,45.0,0.0,0,95.242,700,36.17,-1
0.35,-0.35,0.4,0.0,45.0,0.0,0,63.916,700,39.67,-1
0.35,-0.35,0.45,0.0,45.0,0.0,0,35.823,700,39.46,-1
0.35,-0.35,0.5,0.0,45.0,0.0,0,11.582,700,37.32,-1
0.35,-0.35,0.55,0.0,45.0,0.0,1,2.6,7,0.44,0
0.35,-0.35,0.6,0.0,45.0,0.0,1,1.355,7,0.43,0
0.35,-0.35,0.65,0.0,45.0,0.0,1,1.83,7,0.43,0
0.35,-0.35,0.7,0.0,45.0,0.0,1,0.941,5,0.33,0
0.35,-0.35,0.75,0.0,45.0,0.0,1,1.051,7,0.49,0
0.35,-0.35,0.8,0.0,45.0,0.0,1,2.035,12,0.69,0
0.35,-0.35,0.85,0.0,45.0,0.0,1,3.344,100,5.48,0
0.35,-0.35,0.9,0.0,45.0,0.0,0,13.358,700,36.86,-1
0.35,-0.3,0.35,0.0,45.0,0.0,0,78.849,700,39.59,-1
0.35,-0.3,0.4,0.0,45.0,0.0,0,46.459,700,37.58,-1
0.35,-0.3,0.45,0.0,45.0,0.0,0,17.285,700,39.29,-1
0.35,-0.3,0.5,0.0,45.0,0.0,1,2.544,6,0.38,0
0.35,-0.3,0.55,0.0,45.0,0.0,1,1.161,7,0.43,0
0.35,-0.3,0.6,0.0,45.0,0.0,1,0.676,7,0.42,0
0.35,-0.3,0.65,0.0,45.0,0.0,1,0.892,5,0.31,0
0.35,-0.3,0.7,0.0,45.0,0.0,1,1.323,6,0.38,0
0.35,-0.3,0.75,0.0,45.0,0.0,1,0.837,7,0.42,0
0.35,-0.3,0.8,0.0,45.0,0.0,1,2.611,12,0.75,0
0.35,-0.3,0.85,0.0,45.0,0.0,1,1.764,13,0.79,0
0.35,-0.3,0.9,0.0,45.0,0.0,1,2.982,8,0.48,0
0.35,-0.25,0.35,0.0,45.0,0.0,0,66.908,700,37.34,-1
0.35,-0.25,0.4,0.0,45.0,0.0,0,33.698,700,39.26,-1
0.35,-0.25,0.45,0.0,45.0,0.0,1,6.448,100,5.69,0
0.35,-0.25,0.5,0.0,45.0,0.0,1,1.524,7,0.43,0
0.35,-0.25,0.55,0.0,45.0,0.0,1,0.742,7,0.43,0
0.35,-0.25,0.6,0.0,45.0,0.0,1,0.513,7,0.42,0
0.35,-0.25,0.65,0.0,45.0,0.0,1,0.355,5,0.31,0
0.35,-0.25,0.7,0.0,45.0,0.0,1,1.726,12,0.7,0
0.35,-0.25,0.75,0.0,45.0,0.0,1,2.938,109,6.4,1
0.35,-0.25,0.8,0.0,45.0,0.0,1,0.583,9,0.54,0
0.35,-0.25,0.85,0.0,45.0,0.0,1,2.201,6,0.37,0
0.35,-0.25,0.9,0.0,45.0,0.0,1,1.477,7,0.43,0
0.35,-0.2,0.35,0.0,45.0,0.0,0,59.748,700,37.4,-1
0.35,-0.2,0.4,0.0,45.0,0.0,0,26.025,700,39.52,-1
0.35,-0.2,0.45,0.0,45.0,0.0,1,3.289,100,5.23,0
0.35,-0.2,0.5,0.0,45.0,0.0,1,1.086,7,0.31,0
0.35,-0.2,0.55,0.0,45.0,0.0,1,0.805,7,0.31,0
0.35,-0.2,0.6,0.0,45.0,0.0,1,0.692,5,0.23,0
0.35,-0.2,0.65,0.0,45.0,0.0,1,1.302,113,5.35,1
0.35,-0.2,0.7,0.0,45.0,0.0,1,2.218,6,0.37,0
0.35,-0.2,0.75,0.0,45.0,0.0,1,2.108,107,6.51,1
0.35,-0.2,0.8,0.0,45.0,0.0,1,0.626,7,0.43,0
0.35,-0.2,0.85,0.0,45.0,0.0,1,2.565,6,0.37,0
0.35,-0.2,0.9,0.0,45.0,0.0,1,1.99,6,0.37,0
0.35,-0.15,0.35,0.0,45.0,0.0,0,57.575,700,39.51,-1
0.35,-0.15,0.4,0.0,45.0,0.0,0,23.692,700,37.49,-1
0.35,-0.15,0.45,0.0,45.0,0.0,1,2.836,7,0.43,0
0.35,-0.15,0.5,0.0,45.0,0.0,1,0.907,7,0.43,0
0.35,-0.15,0.55,0.0,45.0,0.0,1,2.468,5,0.32,0
0.35,-0.15,0.6,0.0,45.0,0.0,1,2.987,208,12.07,2
0.35,-0.15,0.65,0.0,45.0,0.0,1,0.681,8,0.49,0
0.35,-0.15,0.7,0.0,45.0,0.0,1,0.512,106,6.16,1
0.35,-0.15,0.75,0.0,45.0,0.0,1,0.366,108,6.54,1
0.35,-0.15,0.8,0.0,45.0,0.0,1,0.481,7,0.44,0
0.35,-0.15,0.85,0.0,45.0,0.0,1,0.613,7,0.43,0
0.35,-0.15,0.9,0.0,45.0,0.0,1,1.655,6,0.37,0
0.35,-0.1,0.35,0.0,45.0,0.0,0,60.454,700,37.41,-1
0.35,-0.1,0.4,0.0,45.0,0.0,0,26.782,700,39.56,-1
0.35,-0.1,0.45,0.0,45.0,0.0,1,3.484,100,5.58,0
0.35,-0.1,0.5,0.0,45.0,0.0,1,1.085,6,0.38,0
0.35,-0.1,0.55,0.0,45.0,0.0,1,0.566,107,6.26,1
0.35,-0.1,0.6,0.0,45.0,0.0,1,0.384,10,0.61,0
0.35,-0.1,0.65,0.0,45.0,0.0,1,0.523,6,0.37,0
0.35,-0.1,0.7,0.0,45.0,0.0,1,0.943,6,0.38,0
0.35,-0.1,0.75,0.0,45.0,0.0,1,0.583,107,6.47,1
0.35,-0.1,0.8,0.0,45.0,0.0,1,1.372,6,0.38,0
0.35,-0.1,0.85,0.0,45.0,0.0,1,1.53,6,0.37,0
0.35,-0.1,0.9,0.0,45.0,0.0,1,1.665,6,0.38,0
0.35,-0.05,0.35,0.0,45.0,0.0,0,68.501,700,39.38,-1
0.35,-0.05,0.4,0.0,45.0,0.0,0,35.644,700,41.36,-1
0.35,-0.05,0.45,0.0,45.0,0.0,1,6.493,100,5.63,0
0.35,-0.05,0.5,0.0,45.0,0.0,1,1.495,107,6.22,1
0.35,-0.05,0.55,0.0,45.0,0.0,1,0.754,305,15.71,3
0.35,-0.05,0.6,0.0,45.0,0.0,1,3.21,100,5.7,0
0.35,-0.05,0.65,0.0,45.0,0.0,0,12.062,700,40.24,-1
0.35,-0.05,0.7,0.0,45.0,0.0,0,14.898,700,39.52,-1
0.35,-0.05,0.75,0.0,45.0,0.0,1,2.834,214,9.92,2
0.35,-0.05,0.8,0.0,45.0,0.0,1,2.272,6,0.32,0
0.35,-0.05,0.85,0.0,45.0,0.0,1,1.218,6,0.31,0
0.35,-0.05,0.9,0.0,45.0,0.0,1,1.96,6,0.35,0
0.4,-0.5,0.35,0.0,45.0,0.0,0,269.552,700,40.01,-1
0.4,-0.5,0.4,0.0,45.0,0.0,0,171.345,700,39.4,-1
0.4,-0.5,0.45,0.0,45.0,0.0,0,148.438,700,38.4,-1
0.4,-0.5,0.5,0.0,45.0,0.0,0,129.038,700,38.86,-1
0.4,-0.5,0.55,0.0,45.0,0.0,0,113.517,700,39.23,-1
0.4,-0.5,0.6,0.0,45.0,0.0,0,102.211,700,37.84,-1
0.4,-0.5,0.65,0.0,45.0,0.0,0,95.388,700,39.51,-1
0.4,-0.5,0.7,0.0,45.0,0.0,0,93.221,700,37.34,-1
0.4,-0.5,0.75,0.0,45.0,0.0,0,95.979,700,40.05,-1
0.4,-0.5,0.8,0.0,45.0,0.0,0,102.958,700,37.66,-1
0.4,-0.5,0.85,0.0,45.0,0.0,0,187.528,700,39.39,-1
0.4,-0.5,0.9,0.0,45.0,0.0,0,130.458,700,36.88,-1
0.4,-0.45,0.35,0.0,45.0,0.0,0,171.468,700,39.98,-1
0.4,-0.45,0.4,0.0,45.0,0.0,0,144.274,700,37.53,-1
0.4,-0.45,0.45,0.0,45.0,0.0,0,120.253,700,39.72,-1
0.4,-0.45,0.5,0.0,45.0,0.0,0,99.834,700,37.66,-1
0.4,-0.45,0.55,0.0,45.0,0.0,0,83.441,700,39.28,-1
0.4,-0.45,0.6,0.0,45.0,0.0,0,71.465,700,37.39,-1
0.4,-0.45,0.65,0.0,45.0,0.0,0,64.217,700,39.3,-1
0.4,-0.45,0.7,0.0,45.0,0.0,0,61.912,700,36.74,-1
0.4,-0.45,0.75,0.0,45.0,0.0,0,64.616,700,39.44,-1
0.4,-0.45,0.8,0.0,45.0,0.0,0,72.257,700,39.12,-1
0.4,-0.45,0.85,0.0,45.0,0.0,0,84.6,700,39.0,-1
0.4,-0.45,0.9,0.0,45.0,0.0,0,121.714,700,38.95,-1
0.4,-0.4,0.35,0.0,45.0,0.0,0,148.695,700,39.78,-1
0.4,-0.4,0.4,0.0,45.0,0.0,0,120.388,700,37.07,-1
0.4,-0.4,0.45,0.0,45.0,0.0,0,95.289,700,40.03,-1
0.4,-0.4,0.5,0.0,45.0,0.0,0,73.872,700,39.58,-1
0.4,-0.4,0.55,0.0,45.0,0.0,0,56.612,700,37.04,-1
0.4,-0.4,0.6,0.0,45.0,0.0,0,43.965,700,38.22,-1
0.4,-0.4,0.65,0.0,45.0,0.0,0,36.299,700,39.12,-1
0.4,-0.4,0.7,0.0,45.0,0.0,0,33.858,700,37.28,-1
0.4,-0.4,0.75,0.0,45.0,0.0,0,36.722,700,39.32,-1
0.4,-0.4,0.8,0.0,45.0,0.0,0,44.798,700,36.85,-1
0.4,-0.4,0.85,0.0,45.0,0.0,0,57.829,700,39.13,-1
0.4,-0.4,0.9,0.0,45.0,0.0,0,75.444,700,37.54,-1
0.4,-0.35,0.35,0.0,45.0,0.0,0,129.436,700,38.9,-1
0.4,-0.35,0.4,0.0,45.0,0.0,0,100.114,700,38.12,-1
0.4,-0.35,0.45,0.0,45.0,0.0,0,74.019,700,37.95,-1
0.4,-0.35,0.5,0.0,45.0,0.0,0,51.664,700,39.27,-1
0.4,-0.35,0.55,0.0,45.0,0.0,0,33.592,700,37.11,-1
0.4,-0.35,0.6,0.0,45.0,0.0,0,29.265,700,39.39,-1
0.4,-0.35,0.65,0.0,45.0,0.0,0,12.238,700,37.39,-1
0.4,-0.35,0.7,0.0,45.0,0.0,1,9.867,300,16.79,2
0.4,-0.35,0.75,0.0,45.0,0.0,0,12.766,700,37.37,-1
0.4,-0.35,0.8,0.0,45.0,0.0,0,21.183,700,37.66,-1
0.4,-0.35,0.85,0.0,45.0,0.0,0,34.868,700,39.26,-1
0.4,-0.35,0.9,0.0,45.0,0.0,0,53.303,700,37.17,-1
0.4,-0.3,0.35,0.0,45.0,0.0,0,114.062,700,39.85,-1
0.4,-0.3,0.4,0.0,45.0,0.0,0,83.874,700,38.98,-1
0.4,-0.3,0.45,0.0,45.0,0.0,0,56.916,700,38.39,-1
0.4,-0.3,0.5,0.0,45.0,0.0,0,33.751,700,39.14,-1
0.4,-0.3,0.55,0.0,45.0,0.0,0,25.856,700,36.92,-1
0.4,-0.3,0.6,0.0,45.0,0.0,1,5.129,100,5.68,0
0.4,-0.3,0.65,0.0,45.0,0.0,1,2.653,6,0.38,0
0.4,-0.3,0.7,0.0,45.0,0.0,1,2.655,5,0.32,0
0.4,-0.3,0.75,0.0,45.0,0.0,1,2.735,6,0.37,0
0.4,-0.3,0.8,0.0,45.0,0.0,1,5.568,100,5.57,0
0.4,-0.3,0.85,0.0,45.0,0.0,0,16.291,700,39.05,-1
0.4,-0.3,0.9,0.0,45.0,0.0,0,35.453,700,37.07,-1
0.4,-0.25,0.35,0.0,45.0,0.0,0,102.906,700,39.27,-1
0.4,-0.25,0.4,0.0,45.0,0.0,0,72.055,700,35.78,-1
0.4,-0.25,0.45,0.0,45.0,0.0,0,44.433,700,39.35,-1
0.4,-0.25,0.5,0.0,45.0,0.0,0,20.636,700,38.33,-1
0.4,-0.25,0.55,0.0,45.0,0.0,1,5.204,100,4.32,0
0.4,-0.25,0.6,0.0,45.0,0.0,1,1.954,8,0.39,0
0.4,-0.25,0.65,0.0,45.0,0.0,1,1.684,5,0.31,0
0.4,-0.25,0.7,0.0,45.0,0.0,1,1.568,5,0.31,0
0.4,-0.25,0.75,0.0,45.0,0.0,1,1.409,7,0.48,0
0.4,-0.25,0.8,0.0,45.0,0.0,1,2.585,107,6.74,1
0.4,-0.25,0.85,0.0,45.0,0.0,1,5.889,100,5.59,0
0.4,-0.25,0.9,0.0,45.0,0.0,0,22.387,700,39.31,-1
0.4,-0.2,0.35,0.0,45.0,0.0,0,96.231,700,37.41,-1
0.4,-0.2,0.4,0.0,45.0,0.0,0,64.965,700,39.21,-1
0.4,-0.2,0.45,0.0,45.0,0.0,0,36.934,700,36.99,-1
0.4,-0.2,0.5,0.0,45.0,0.0,0,12.739,700,37.16,-1
0.4,-0.2,0.55,0.0,45.0,0.0,1,2.687,8,0.49,0
0.4,-0.2,0.6,0.0,45.0,0.0,1,2.674,5,0.32,0
0.4,-0.2,0.65,0.0,45.0,0.0,1,1.272,5,0.31,0
0.4,-0.2,0.7,0.0,45.0,0.0,1,2.985,107,6.2,1
0.4,-0.2,0.75,0.0,45.0,0.0,1,1.201,7,0.43,0
0.4,-0.2,0.8,0.0,45.0,0.0,1,2.548,107,6.7,1
0.4,-0.2,0.85,0.0,45.0,0.0,1,3.083,100,5.61,0
0.4,-0.2,0.9,0.0,45.0,0.0,0,14.529,700,39.12,-1
0.4,-0.15,0.35,0.0,45.0,0.0,0,94.208,700,37.11,-1
0.4,-0.15,0.4,0.0,45.0,0.0,0,62.815,700,39.42,-1
0.4,-0.15,0.45,0.0,45.0,0.0,0,34.655,700,39.28,-1
0.4,-0.15,0.5,0.0,45.0,0.0,0,10.758,700,39.84,-1
0.4,-0.15,0.55,0.0,45.0,0.0,1,2.336,6,0.37,0
0.4,-0.15,0.6,0.0,45.0,0.0,1,2.2,5,0.31,0
0.4,-0.15,0.65,0.0,45.0,0.0,1,1.147,109,6.34,1
0.4,-0.15,0.7,0.0,45.0,0.0,1,1.884,7,0.43,0
0.4,-0.15,0.75,0.0,45.0,0.0,1,1.419,7,0.49,0
0.4,-0.15,0.8,0.0,45.0,0.0,1,1.694,7,0.43,0
0.4,-0.15,0.85,0.0,45.0,0.0,1,2.56,8,0.49,0
0.4,-0.15,0.9,0.0,45.0,0.0,0,12.133,700,36.38,-1
0.4,-0.1,0.35,0.0,45.0,0.0,0,96.889,700,39.38,-1
0.4,-0.1,0.4,0.0,45.0,0.0,0,65.663,700,39.35,-1
0.4,-0.1,0.45,0.0,45.0,0.0,0,37.673,700,39.37,-1
0.4,-0.1,0.5,0.0,45.0,0.0,0,13.519,700,36.68,-1
0.4,-0.1,0.55,0.0,45.0,0.0,1,2.812,6,0.38,0
0.4,-0.1,0.6,0.0,45.0,0.0,1,2.352,8,0.54,0
0.4,-0.1,0.65,0.0,45.0,0.0,1,1.355,108,6.2,1
0.4,-0.1,0.7,0.0,45.0,0.0,1,0.949,7,0.42,0
0.4,-0.1,0.75,0.0,45.0,0.0,1,1.066,7,0.48,0
0.4,-0.1,0.8,0.0,45.0,0.0,1,1.504,7,0.42,0
0.4,-0.1,0.85,0.0,45.0,0.0,1,3.257,100,5.62,0
0.4,-0.1,0.9,0.0,45.0,0.0,0,15.3,700,39.16,-1
0.4,-0.05,0.35,0.0,45.0,0.0,0,104.576,700,37.62,-1
0.4,-0.05,0.4,0.0,45.0,0.0,0,73.604,700,41.25,-1
0.4,-0.05,0.45,0.0,45.0,0.0,0,46.247,700,39.56,-1
0.4,-0.05,0.5,0.0,45.0,0.0,0,22.773,700,41.3,-1
0.4,-0.05,0.55,0.0,45.0,0.0,1,5.997,100,5.44,0
0.4,-0.05,0.6,0.0,45.0,0.0,1,2.14,207,10.34,2
0.4,-0.05,0.65,0.0,45.0,0.0,1,2.643,6,0.42,0
0.4,-0.05,0.7,0.0,45.0,0.0,1,1.732,6,0.38,0
0.4,-0.05,0.75,0.0,45.0,0.0,1,1.951,6,0.38,0
0.4,-0.05,0.8,0.0,45.0,0.0,1,2.992,6,0.37,0
0.4,-0.05,0.85,0.0,45.0,0.0,1,7.149,100,5.61,0
0.4,-0.05,0.9,0.0,45.0,0.0,0,24.497,700,41.3,-1
0.45,-0.5,0.35,0.0,45.0,0.0,0,230.084,700,37.73,-1
0.45,-0.5,0.4,0.0,45.0,0.0,0,205.38,700,40.02,-1
0.45,-0.5,0.45,0.0,45.0,0.0,0,183.732,700,37.06,-1
0.45,-0.5,0.5,0.0,45.0,0.0,0,237.8,700,40.88,-1
0.45,-0.5,0.55,0.0,45.0,0.0,0,150.914,700,38.7,-1
0.45,-0.5,0.6,0.0,45.0,0.0,0,140.341,700,40.39,-1
0.45,-0.5,0.65,0.0,45.0,0.0,0,133.973,700,37.39,-1
0.45,-0.5,0.7,0.0,45.0,0.0,0,131.953,700,39.51,-1
0.45,-0.5,0.75,0.0,45.0,0.0,0,134.325,700,37.76,-1
0.45,-0.5,0.8,0.0,45.0,0.0,0,141.037,700,39.68,-1
0.45,-0.5,0.85,0.0,45.0,0.0,0,224.555,700,37.1,-1
0.45,-0.5,0.9,0.0,45.0,0.0,0,166.803,700,39.05,-1
0.45,-0.45,0.35,0.0,45.0,0.0,0,205.497,700,38.93,-1
0.45,-0.45,0.4,0.0,45.0,0.0,0,179.807,700,37.78,-1
0.45,-0.45,0.45,0.0,45.0,0.0,0,229.336,700,39.95,-1
0.45,-0.45,0.5,0.0,45.0,0.0,0,210.284,700,36.79,-1
0.45,-0.45,0.55,0.0,45.0,0.0,0,122.855,700,39.73,-1
0.45,-0.45,0.6,0.0,45.0,0.0,0,111.74,700,39.6,-1
0.45,-0.45,0.65,0.0,45.0,0.0,0,105.036,700,37.63,-1
0.45,-0.45,0.7,0.0,45.0,0.0,0,102.907,700,39.19,-1
0.45,-0.45,0.75,0.0,45.0,0.0,0,105.406,700,38.65,-1
0.45,-0.45,0.8,0.0,45.0,0.0,0,112.472,700,36.71,-1
0.45,-0.45,0.85,0.0,45.0,0.0,0,191.382,700,38.93,-1
0.45,-0.45,0.9,0.0,45.0,0.0,0,139.518,700,37.76,-1
0.45,-0.4,0.35,0.0,45.0,0.0,0,255.903,700,38.2,-1
0.45,-0.4,0.4,0.0,45.0,0.0,0,157.352,700,39.74,-1
0.45,-0.4,0.45,0.0,45.0,0.0,0,133.884,700,38.07,-1
0.45,-0.4,0.5,0.0,45.0,0.0,0,113.971,700,40.1,-1
0.45,-0.4,0.55,0.0,45.0,0.0,0,98.012,700,36.49,-1
0.45,-0.4,0.6,0.0,45.0,0.0,0,86.369,700,39.71,-1
0.45,-0.4,0.65,0.0,45.0,0.0,0,79.335,700,39.35,-1
0.45,-0.4,0.7,0.0,45.0,0.0,0,77.099,700,37.54,-1
0.45,-0.4,0.75,0.0,45.0,0.0,0,79.724,700,39.13,-1
0.45,-0.4,0.8,0.0,45.0,0.0,0,87.136,700,36.92,-1
0.45,-0.4,0.85,0.0,45.0,0.0,0,127.43,700,39.07,-1
0.45,-0.4,0.9,0.0,45.0,0.0,0,115.427,700,37.39,-1
0.45,-0.35,0.35,0.0,45.0,0.0,0,165.846,700,39.39,-1
0.45,-0.35,0.4,0.0,45.0,0.0,0,138.385,700,36.92,-1
0.45,-0.35,0.45,0.0,45.0,0.0,0,114.108,700,40.44,-1
0.45,-0.35,0.5,0.0,45.0,0.0,0,93.451,700,37.91,-1
0.45,-0.35,0.55,0.0,45.0,0.0,0,76.854,700,37.83,-1
0.45,-0.35,0.6,0.0,45.0,0.0,0,64.716,700,38.95,-1
0.45,-0.35,0.65,0.0,45.0,0.0,0,57.372,700,37.18,-1
0.45,-0.35,0.7,0.0,45.0,0.0,0,55.036,700,39.39,-1
0.45,-0.35,0.75,0.0,45.0,0.0,0,57.778,700,37.41,-1
0.45,-0.35,0.8,0.0,45.0,0.0,0,65.514,700,39.35,-1
0.45,-0.35,0.85,0.0,45.0,0.0,0,78.026,700,37.06,-1
0.45,-0.35,0.9,0.0,45.0,0.0,0,94.963,700,38.05,-1
0.45,-0.3,0.35,0.0,45.0,0.0,0,151.425,700,37.2,-1
0.45,-0.3,0.4,0.0,45.0,0.0,0,123.257,700,39.5,-1
0.45,-0.3,0.45,0.0,45.0,0.0,0,98.293,700,37.54,-1
0.45,-0.3,0.5,0.0,45.0,0.0,0,77.001,700,38.73,-1
0.45,-0.3,0.55,0.0,45.0,0.0,0,59.849,700,36.76,-1
0.45,-0.3,0.6,0.0,45.0,0.0,0,47.287,700,39.49,-1
0.45,-0.3,0.65,0.0,45.0,0.0,0,39.675,700,37.49,-1
0.45,-0.3,0.7,0.0,45.0,0.0,0,37.251,700,39.36,-1
0.45,-0.3,0.75,0.0,45.0,0.0,0,40.095,700,37.4,-1
0.45,-0.3,0.8,0.0,45.0,0.0,0,48.114,700,39.26,-1
0.45,-0.3,0.85,0.0,45.0,0.0,0,61.058,700,37.34,-1
0.45,-0.3,0.9,0.0,45.0,0.0,0,78.561,700,38.32,-1
0.45,-0.25,0.35,0.0,45.0,0.0,0,140.991,700,38.33,-1
0.45,-0.25,0.4,0.0,45.0,0.0,0,112.287,700,37.56,-1
0.45,-0.25,0.45,0.0,45.0,0.0,0,86.8,700,39.37,-1
0.45,-0.25,0.5,0.0,45.0,0.0,0,65.015,700,36.11,-1
0.45,-0.25,0.55,0.0,45.0,0.0,0,47.442,700,39.29,-1
0.45,-0.25,0.6,0.0,45.0,0.0,0,34.549,700,39.1,-1
0.45,-0.25,0.65,0.0,45.0,0.0,0,26.727,700,36.16,-1
0.45,-0.25,0.7,0.0,45.0,0.0,0,24.235,700,39.38,-1
0.45,-0.25,0.75,0.0,45.0,0.0,0,27.16,700,37.55,-1
0.45,-0.25,0.8,0.0,45.0,0.0,0,35.399,700,39.5,-1
0.45,-0.25,0.85,0.0,45.0,0.0,0,48.682,700,37.86,-1
0.45,-0.25,0.9,0.0,45.0,0.0,0,66.611,700,40.04,-1
0.45,-0.2,0.35,0.0,45.0,0.0,0,134.762,700,38.26,-1
0.45,-0.2,0.4,0.0,45.0,0.0,0,105.728,700,40.29,-1
0.45,-0.2,0.45,0.0,45.0,0.0,0,79.917,700,36.68,-1
0.45,-0.2,0.5,0.0,45.0,0.0,0,57.828,700,39.11,-1
0.45,-0.2,0.55,0.0,45.0,0.0,0,39.99,700,39.51,-1
0.45,-0.2,0.6,0.0,45.0,0.0,0,26.889,700,37.67,-1
0.45,-0.2,0.65,0.0,45.0,0.0,0,18.936,700,39.36,-1
0.45,-0.2,0.7,0.0,45.0,0.0,0,22.486,700,37.31,-1
0.45,-0.2,0.75,0.0,45.0,0.0,0,19.376,700,39.35,-1
0.45,-0.2,0.8,0.0,45.0,0.0,0,27.753,700,36.51,-1
0.45,-0.2,0.85,0.0,45.0,0.0,0,41.25,700,39.27,-1
0.45,-0.2,0.9,0.0,45.0,0.0,0,59.446,700,37.78,-1
0.45,-0.15,0.35,0.0,45.0,0.0,0,132.876,700,38.92,-1
0.45,-0.15,0.4,0.0,45.0,0.0,0,103.741,700,37.93,-1
0.45,-0.15,0.45,0.0,45.0,0.0,0,77.83,700,38.75,-1
0.45,-0.15,0.5,0.0,45.0,0.0,0,55.646,700,39.43,-1
0.45,-0.15,0.55,0.0,45.0,0.0,0,37.726,700,37.51,-1
0.45,-0.15,0.6,0.0,45.0,0.0,0,24.561,700,39.19,-1
0.45,-0.15,0.65,0.0,45.0,0.0,0,16.567,700,37.66,-1
0.45,-0.15,0.7,0.0,45.0,0.0,0,14.02,700,39.39,-1
0.45,-0.15,0.75,0.0,45.0,0.0,0,17.01,700,37.55,-1
0.45,-0.15,0.8,0.0,45.0,0.0,0,32.566,700,39.33,-1
0.45,-0.15,0.85,0.0,45.0,0.0,0,42.405,700,36.1,-1
0.45,-0.15,0.9,0.0,45.0,0.0,0,57.272,700,39.37,-1
0.45,-0.1,0.35,0.0,45.0,0.0,0,135.375,700,37.68,-1
0.45,-0.1,0.4,0.0,45.0,0.0,0,106.375,700,39.38,-1
0.45,-0.1,0.45,0.0,45.0,0.0,0,80.596,700,37.36,-1
0.45,-0.1,0.5,0.0,45.0,0.0,0,58.536,700,39.53,-1
0.45,-0.1,0.55,0.0,45.0,0.0,0,40.725,700,39.66,-1
0.45,-0.1,0.6,0.0,45.0,0.0,0,27.645,700,39.64,-1
0.45,-0.1,0.65,0.0,45.0,0.0,0,19.706,700,39.55,-1
0.45,-0.1,0.7,0.0,45.0,0.0,0,17.176,700,39.6,-1
0.45,-0.1,0.75,0.0,45.0,0.0,0,20.145,700,39.51,-1
0.45,-0.1,0.8,0.0,45.0,0.0,0,28.508,700,39.47,-1
0.45,-0.1,0.85,0.0,45.0,0.0,0,41.983,700,39.43,-1
0.45,-0.1,0.9,0.0,45.0,0.0,0,60.153,700,39.62,-1
0.45,-0.05,0.35,0.0,45.0,0.0,0,142.227,700,38.0,-1
0.45,-0.05,0.4,0.0,45.0,0.0,0,113.795,700,37.25,-1
0.45,-0.05,0.45,0.0,45.0,0.0,0,88.246,700,40.5,-1
0.45,-0.05,0.5,0.0,45.0,0.0,0,66.625,700,41.31,-1
0.45,-0.05,0.55,0.0,45.0,0.0,0,49.222,700,39.71,-1
0.45,-0.05,0.6,0.0,45.0,0.0,0,36.483,700,39.76,-1
0.45,-0.05,0.65,0.0,45.0,0.0,0,28.771,700,40.48,-1
0.45,-0.05,0.7,0.0,45.0,0.0,0,26.316,700,41.44,-1
0.45,-0.05,0.75,0.0,45.0,0.0,0,29.197,700,39.19,-1
0.45,-0.05,0.8,0.0,45.0,0.0,0,37.323,700,40.84,-1
0.45,-0.05,0.85,0.0,45.0,0.0,0,50.449,700,38.46,-1
0.45,-0.05,0.9,0.0,45.0,0.0,0,68.207,700,41.3,-1
0.5,-0.5,0.35,0.0,45.0,0.0,0,336.915,700,37.28,-1
0.5,-0.5,0.4,0.0,45.0,0.0,0,241.398,700,40.85,-1
0.5,-0.5,0.45,0.0,45.0,0.0,0,220.937,700,38.13,-1
0.5,-0.5,0.5,0.0,45.0,0.0,0,203.741,700,40.83,-1
0.5,-0.5,0.55,0.0,45.0,0.0,0,190.074,700,38.45,-1
0.5,-0.5,0.6,0.0,45.0,0.0,0,180.172,700,40.02,-1
0.5,-0.5,0.65,0.0,45.0,0.0,0,174.22,700,37.5,-1
0.5,-0.5,0.7,0.0,45.0,0.0,0,172.333,700,39.6,-1
0.5,-0.5,0.75,0.0,45.0,0.0,0,174.549,700,37.9,-1
0.5,-0.5,0.8,0.0,45.0,0.0,0,180.822,700,39.18,-1
0.5,-0.5,0.85,0.0,45.0,0.0,0,201.303,700,37.04,-1
0.5,-0.5,0.9,0.0,45.0,0.0,0,243.212,700,38.74,-1
0.5,-0.45,0.35,0.0,45.0,0.0,0,241.509,700,36.57,-1
0.5,-0.45,0.4,0.0,45.0,0.0,0,289.258,700,39.58,-1
0.5,-0.45,0.45,0.0,45.0,0.0,0,195.995,700,37.23,-1
0.5,-0.45,0.5,0.0,45.0,0.0,0,178.099,700,40.37,-1
0.5,-0.45,0.55,0.0,45.0,0.0,0,163.849,700,38.06,-1
0.5,-0.45,0.6,0.0,45.0,0.0,0,153.507,700,39.04,-1
0.5,-0.45,0.65,0.0,45.0,0.0,0,147.283,700,39.74,-1
0.5,-0.45,0.7,0.0,45.0,0.0,0,145.308,700,37.75,-1
0.5,-0.45,0.75,0.0,45.0,0.0,0,147.626,700,39.37,-1
0.5,-0.45,0.8,0.0,45.0,0.0,0,154.186,700,36.56,-1
0.5,-0.45,0.85,0.0,45.0,0.0,0,169.412,700,38.84,-1
0.5,-0.45,0.9,0.0,45.0,0.0,0,184.91,700,39.05,-1
0.5,-0.4,0.35,0.0,45.0,0.0,0,293.073,700,37.83,-1
0.5,-0.4,0.4,0.0,45.0,0.0,0,196.114,700,38.66,-1
0.5,-0.4,0.45,0.0,45.0,0.0,0,174.136,700,39.69,-1
0.5,-0.4,0.5,0.0,45.0,0.0,0,155.581,700,36.6,-1
0.5,-0.4,0.55,0.0,45.0,0.0,0,140.774,700,40.37,-1
0.5,-0.4,0.6,0.0,45.0,0.0,0,130.011,700,37.92,-1
0.5,-0.4,0.65,0.0,45.0,0.0,0,123.526,700,39.14,-1
0.5,-0.4,0.7,0.0,45.0,0.0,0,121.467,700,36.15,-1
0.5,-0.4,0.75,0.0,45.0,0.0,0,123.884,700,39.18,-1
0.5,-0.4,0.8,0.0,45.0,0.0,0,130.719,700,39.0,-1
0.5,-0.4,0.85,0.0,45.0,0.0,0,149.857,700,36.05,-1
0.5,-0.4,0.9,0.0,45.0,0.0,0,171.687,700,39.66,-1
0.5,-0.35,0.35,0.0,45.0,0.0,0,204.093,700,37.19,-1
0.5,-0.35,0.4,0.0,45.0,0.0,0,178.344,700,39.78,-1
0.5,-0.35,0.45,0.0,45.0,0.0,0,155.708,700,38.27,-1
0.5,-0.35,0.5,0.0,45.0,0.0,0,136.554,700,40.44,-1
0.5,-0.35,0.55,0.0,45.0,0.0,0,121.24,700,40.21,-1
0.5,-0.35,0.6,0.0,45.0,0.0,0,110.094,700,38.5,-1
0.5,-0.35,0.65,0.0,45.0,0.0,0,103.369,700,39.53,-1
0.5,-0.35,0.7,0.0,45.0,0.0,0,101.233,700,37.08,-1
0.5,-0.35,0.75,0.0,45.0,0.0,0,103.741,700,39.19,-1
0.5,-0.35,0.8,0.0,45.0,0.0,0,110.827,700,39.23,-1
0.5,-0.35,0.85,0.0,45.0,0.0,0,122.319,700,37.96,-1
0.5,-0.35,0.9,0.0,45.0,0.0,0,137.952,700,38.32,-1
0.5,-0.3,0.35,0.0,45.0,0.0,0,190.553,700,39.08,-1
0.5,-0.3,0.4,0.0,45.0,0.0,0,164.224,700,38.04,-1
0.5,-0.3,0.45,0.0,45.0,0.0,0,141.034,700,39.76,-1
0.5,-0.3,0.5,0.0,45.0,0.0,0,121.377,700,39.7,-1
0.5,-0.3,0.55,0.0,45.0,0.0,0,105.636,700,38.52,-1
0.5,-0.3,0.6,0.0,45.0,0.0,0,94.16,700,39.71,-1
0.5,-0.3,0.65,0.0,45.0,0.0,0,87.23,700,39.57,-1
0.5,-0.3,0.7,0.0,45.0,0.0,0,85.028,700,37.56,-1
0.5,-0.3,0.75,0.0,45.0,0.0,0,87.613,700,39.21,-1
0.5,-0.3,0.8,0.0,45.0,0.0,0,94.915,700,38.92,-1
0.5,-0.3,0.85,0.0,45.0,0.0,0,106.744,700,36.6,-1
0.5,-0.3,0.9,0.0,45.0,0.0,0,122.812,700,39.26,-1
0.5,-0.25,0.35,0.0,45.0,0.0,0,180.781,700,38.18,-1
0.5,-0.25,0.4,0.0,45.0,0.0,0,154.016,700,39.53,-1
0.5,-0.25,0.45,0.0,45.0,0.0,0,130.409,700,38.67,-1
0.5,-0.25,0.5,0.0,45.0,0.0,0,110.369,700,40.25,-1
0.5,-0.25,0.55,0.0,45.0,0.0,0,94.302,700,39.42,-1
0.5,-0.25,0.6,0.0,45.0,0.0,0,82.575,700,37.82,-1
0.5,-0.25,0.65,0.0,45.0,0.0,0,75.489,700,39.5,-1
0.5,-0.25,0.7,0.0,45.0,0.0,0,73.236,700,39.71,-1
0.5,-0.25,0.75,0.0,45.0,0.0,0,75.88,700,37.39,-1
0.5,-0.25,0.8,0.0,45.0,0.0,0,83.347,700,39.22,-1
0.5,-0.25,0.85,0.0,45.0,0.0,0,95.433,700,39.32,-1
0.5,-0.25,0.9,0.0,45.0,0.0,0,111.833,700,37.11,-1
0.5,-0.2,0.35,0.0,45.0,0.0,0,174.958,700,39.48,-1
0.5,-0.2,0.4,0.0,45.0,0.0,0,147.926,700,38.07,-1
0.5,-0.2,0.45,0.0,45.0,0.0,0,124.059,700,39.85,-1
0.5,-0.2,0.5,0.0,45.0,0.0,0,103.787,700,37.9,-1
0.5,-0.2,0.55,0.0,45.0,0.0,0,87.517,700,39.43,-1
0.5,-0.2,0.6,0.0,45.0,0.0,0,75.636,700,39.73,-1
0.5,-0.2,0.65,0.0,45.0,0.0,0,68.448,700,37.84,-1
0.5,-0.2,0.7,0.0,45.0,0.0,0,66.162,700,39.11,-1
0.5,-0.2,0.75,0.0,45.0,0.0,0,68.845,700,39.23,-1
0.5,-0.2,0.8,0.0,45.0,0.0,0,76.418,700,36.76,-1
0.5,-0.2,0.85,0.0,45.0,0.0,0,88.664,700,39.21,-1
0.5,-0.2,0.9,0.0,45.0,0.0,0,105.269,700,39.15,-1
0.5,-0.15,0.35,0.0,45.0,0.0,0,173.196,700,39.72,-1
0.5,-0.15,0.4,0.0,45.0,0.0,0,146.079,700,38.06,-1
0.5,-0.15,0.45,0.0,45.0,0.0,0,122.14,700,39.88,-1
0.5,-0.15,0.5,0.0,45.0,0.0,0,101.792,700,39.41,-1
0.5,-0.15,0.55,0.0,45.0,0.0,0,85.46,700,38.03,-1
0.5,-0.15,0.6,0.0,45.0,0.0,0,73.526,700,39.46,-1
0.5,-0.15,0.65,0.0,45.0,0.0,0,66.311,700,36.63,-1
0.5,-0.15,0.7,0.0,45.0,0.0,0,64.016,700,39.36,-1
0.5,-0.15,0.75,0.0,45.0,0.0,0,66.71,700,39.5,-1
0.5,-0.15,0.8,0.0,45.0,0.0,0,74.316,700,37.03,-1
0.5,-0.15,0.85,0.0,45.0,0.0,0,86.611,700,39.14,-1
0.5,-0.15,0.9,0.0,45.0,0.0,0,103.279,700,37.95,-1
0.5,-0.1,0.35,0.0,45.0,0.0,0,175.531,700,39.53,-1
0.5,-0.1,0.4,0.0,45.0,0.0,0,148.525,700,39.65,-1
0.5,-0.1,0.45,0.0,45.0,0.0,0,124.687,700,37.64,-1
0.5,-0.1,0.5,0.0,45.0,0.0,0,104.436,700,39.29,-1
0.5,-0.1,0.55,0.0,45.0,0.0,0,88.186,700,36.54,-1
0.5,-0.1,0.6,0.0,45.0,0.0,0,76.32,700,39.75,-1
0.5,-0.1,0.65,0.0,45.0,0.0,0,69.146,700,38.43,-1
0.5,-0.1,0.7,0.0,45.0,0.0,0,66.859,700,38.61,-1
0.5,-0.1,0.75,0.0,45.0,0.0,0,69.543,700,39.43,-1
0.5,-0.1,0.8,0.0,45.0,0.0,0,77.102,700,37.08,-1
0.5,-0.1,0.85,0.0,45.0,0.0,0,89.331,700,38.62,-1
0.5,-0.1,0.9,0.0,45.0,0.0,0,105.915,700,38.33,-1
0.5,-0.05,0.35,0.0,45.0,0.0,0,181.916,700,39.5,-1
0.5,-0.05,0.4,0.0,45.0,0.0,0,155.202,700,36.96,-1
0.5,-0.05,0.45,0.0,45.0,0.0,0,131.714,700,39.85,-1
0.5,-0.05,0.5,0.0,45.0,0.0,0,111.692,700,37.92,-1
0.5,-0.05,0.55,0.0,45.0,0.0,0,95.704,700,40.62,-1
0.5,-0.05,0.6,0.0,45.0,0.0,0,84.049,700,38.42,-1
0.5,-0.05,0.65,0.0,45.0,0.0,0,77.011,700,41.08,-1
0.5,-0.05,0.7,0.0,45.0,0.0,0,74.775,700,38.46,-1
0.5,-0.05,0.75,0.0,45.0,0.0,0,77.4,700,40.33,-1
0.5,-0.05,0.8,0.0,45.0,0.0,0,84.815,700,38.38,-1
0.5,-0.05,0.85,0.0,45.0,0.0,0,96.829,700,39.81,-1
0.5,-0.05,0.9,0.0,45.0,0.0,0,113.148,700,37.97,-1
-0.2,-0.5,0.35,0.0,-45.0,0.0,0,106.719,700,40.84,-1
-0.2,-0.5,0.4,0.0,-45.0,0.0,0,73.001,700,40.03,-1
-0.2,-0.5,0.45,0.0,-45.0,0.0,0,41.439,700,41.2,-1
-0.2,-0.5,0.5,0.0,-45.0,0.0,0,29.532,700,38.3,-1
-0.2,-0.5,0.55,0.0,-45.0,0.0,1,2.223,525,30.31,5
-0.2,-0.5,0.6,0.0,-45.0,0.0,1,2.007,614,35.08,6
-0.2,-0.5,0.65,0.0,-45.0,0.0,1,2.796,107,4.71,1
-0.2,-0.5,0.7,0.0,-45.0,0.0,1,2.395,7,0.36,0
-0.2,-0.5,0.75,0.0,-45.0,0.0,1,2.19,7,0.35,0
-0.2,-0.5,0.8,0.0,-45.0,0.0,1,1.342,12,0.68,0
-0.2,-0.5,0.85,0.0,-45.0,0.0,1,3.112,100,5.65,0
-0.2,-0.5,0.9,0.0,-45.0,0.0,0,25.772,700,39.18,-1
-0.2,-0.45,0.35,0.0,-45.0,0.0,0,80.571,700,38.93,-1
-0.2,-0.45,0.4,0.0,-45.0,0.0,0,48.602,700,42.01,-1
-0.2,-0.45,0.45,0.0,-45.0,0.0,0,20.048,700,39.08,-1
-0.2,-0.45,0.5,0.0,-45.0,0.0,0,28.067,700,40.27,-1
-0.2,-0.45,0.55,0.0,-45.0,0.0,0,182.963,700,38.65,-1
-0.2,-0.45,0.6,0.0,-45.0,0.0,0,165.34,700,40.73,-1
-0.2,-0.45,0.65,0.0,-45.0,0.0,1,1.221,306,15.82,3
-0.2,-0.45,0.7,0.0,-45.0,0.0,1,2.647,230,13.49,2
-0.2,-0.45,0.75,0.0,-45.0,0.0,1,1.916,108,6.37,1
-0.2,-0.45,0.8,0.0,-45.0,0.0,1,2.304,8,0.54,0
-0.2,-0.45,0.85,0.0,-45.0,0.0,1,2.185,14,0.83,0
-0.2,-0.45,0.9,0.0,-45.0,0.0,1,0.78,13,0.77,0
-0.2,-0.4,0.35,0.0,-45.0,0.0,0,61.639,700,40.18,-1
-0.2,-0.4,0.4,0.0,-45.0,0.0,0,37.823,700,40.89,-1
-0.2,-0.4,0.45,0.0,-45.0,0.0,0,35.325,700,39.26,-1
-0.2,-0.4,0.5,0.0,-45.0,0.0,0,234.381,700,40.76,-1
-0.2,-0.4,0.55,0.0,-45.0,0.0,0,172.841,700,39.01,-1
-0.2,-0.4,0.6,0.0,-45.0,0.0,0,154.646,700,40.97,-1
-0.2,-0.4,0.65,0.0,-45.0,0.0,0,149.305,700,38.9,-1
-0.2,-0.4,0.7,0.0,-45.0,0.0,1,1.205,308,18.19,3
-0.2,-0.4,0.75,0.0,-45.0,0.0,1,2.316,307,16.97,3
-0.2,-0.4,0.8,0.0,-45.0,0.0,1,1.096,10,0.46,0
-0.2,-0.4,0.85,0.0,-45.0,0.0,1,1.461,7,0.34,0
-0.2,-0.4,0.9,0.0,-45.0,0.0,1,2.696,17,0.78,0
-0.2,-0.35,0.35,0.0,-45.0,0.0,0,59.536,700,40.2,-1
-0.2,-0.35,0.4,0.0,-45.0,0.0,1,1.292,326,19.2,3
-0.2,-0.35,0.45,0.0,-45.0,0.0,0,50.472,700,39.97,-1
-0.2,-0.35,0.5,0.0,-45.0,0.0,0,218.659,700,39.08,-1
-0.2,-0.35,0.55,0.0,-45.0,0.0,0,168.089,700,40.82,-1
-0.2,-0.35,0.6,0.0,-45.0,0.0,0,149.329,700,40.82,-1
-0.2,-0.35,0.65,0.0,-45.0,0.0,1,1.46,307,17.44,3
-0.2,-0.35,0.7,0.0,-45.0,0.0,1,1.707,307,15.54,3
-0.2,-0.35,0.75,0.0,-45.0,0.0,1,0.993,10,0.6,0
-0.2,-0.35,0.8,0.0,-45.0,0.0,1,2.367,8,0.48,0
-0.2,-0.35,0.85,0.0,-45.0,0.0,1,0.43,7,0.42,0
-0.2,-0.35,0.9,0.0,-45.0,0.0,1,1.761,12,0.69,0
-0.2,-0.3,0.35,0.0,-45.0,0.0,1,4.853,600,34.5,5
-0.2,-0.3,0.4,0.0,-45.0,0.0,0,39.103,700,41.24,-1
-0.2,-0.3,0.45,0.0,-45.0,0.0,0,25.018,700,38.1,-1
-0.2,-0.3,0.5,0.0,-45.0,0.0,0,210.918,700,41.35,-1
-0.2,-0.3,0.55,0.0,-45.0,0.0,0,169.016,700,38.56,-1
-0.2,-0.3,0.6,0.0,-45.0,0.0,1,1.343,308,17.53,3
-0.2,-0.3,0.65,0.0,-45.0,0.0,1,2.969,306,18.05,3
-0.2,-0.3,0.7,0.0,-45.0,0.0,1,2.018,307,18.07,3
-0.2,-0.3,0.75,0.0,-45.0,0.0,1,1.051,307,18.11,3
-0.2,-0.3,0.8,0.0,-45.0,0.0,1,0.772,11,0.67,0
-0.2,-0.3,0.85,0.0,-45.0,0.0,1,0.738,110,6.48,1
-0.2,-0.3,0.9,0.0,-45.0,0.0,1,0.483,6,0.37,0
-0.2,-0.25,0.35,0.0,-45.0,0.0,1,1.285,128,7.42,1
-0.2,-0.25,0.4,0.0,-45.0,0.0,1,2.521,324,19.55,3
-0.2,-0.25,0.45,0.0,-45.0,0.0,1,2.666,636,36.13,6
-0.2,-0.25,0.5,0.0,-45.0,0.0,0,213.124,700,41.31,-1
-0.2,-0.25,0.55,0.0,-45.0,0.0,0,175.646,700,39.84,-1
-0.2,-0.25,0.6,0.0,-45.0,0.0,0,155.665,700,42.08,-1
-0.2,-0.25,0.65,0.0,-45.0,0.0,0,149.074,700,38.99,-1
-0.2,-0.25,0.7,0.0,-45.0,0.0,1,1.365,310,18.61,3
-0.2,-0.25,0.75,0.0,-45.0,0.0,1,1.196,310,18.81,3
-0.2,-0.25,0.8,0.0,-45.0,0.0,1,2.929,11,0.67,0
-0.2,-0.25,0.85,0.0,-45.0,0.0,1,0.754,12,0.72,0
-0.2,-0.25,0.9,0.0,-45.0,0.0,1,1.122,9,0.54,0
-0.2,-0.2,0.35,0.0,-45.0,0.0,1,1.29,511,30.31,5
-0.2,-0.2,0.4,0.0,-45.0,0.0,1,2.343,37,2.23,0
-0.2,-0.2,0.45,0.0,-45.0,0.0,0,265.749,700,39.69,-1
-0.2,-0.2,0.5,0.0,-45.0,0.0,0,219.069,700,42.28,-1
-0.2,-0.2,0.55,0.0,-45.0,0.0,0,189.961,700,41.01,-1
-0.2,-0.2,0.6,0.0,-45.0,0.0,0,171.44,700,40.02,-1
-0.2,-0.2,0.65,0.0,-45.0,0.0,0,166.009,700,43.29,-1
-0.2,-0.2,0.7,0.0,-45.0,0.0,1,2.889,611,35.8,6
-0.2,-0.2,0.75,0.0,-45.0,0.0,0,194.351,700,41.88,-1
-0.2,-0.2,0.8,0.0,-45.0,0.0,1,1.062,11,0.67,0
-0.2,-0.2,0.85,0.0,-45.0,0.0,1,2.82,18,1.08,0
-0.2,-0.2,0.9,0.0,-45.0,0.0,1,0.718,9,0.59,0
-0.2,-0.15,0.35,0.0,-45.0,0.0,1,2.91,28,1.7,0
-0.2,-0.15,0.4,0.0,-45.0,0.0,0,316.689,700,42.0,-1
-0.2,-0.15,0.45,0.0,-45.0,0.0,0,284.418,700,39.91,-1
-0.2,-0.15,0.5,0.0,-45.0,0.0,0,242.007,700,41.08,-1
-0.2,-0.15,0.55,0.0,-45.0,0.0,0,216.013,700,43.21,-1
-0.2,-0.15,0.6,0.0,-45.0,0.0,0,198.928,700,41.06,-1
-0.2,-0.15,0.65,0.0,-45.0,0.0,0,194.166,700,43.45,-1
-0.2,-0.15,0.7,0.0,-45.0,0.0,0,201.63,700,41.33,-1
-0.2,-0.15,0.75,0.0,-45.0,0.0,1,1.117,609,37.65,6
-0.2,-0.15,0.8,0.0,-45.0,0.0,1,1.066,13,0.78,0
-0.2,-0.15,0.85,0.0,-45.0,0.0,1,0.96,15,0.9,0
-0.2,-0.15,0.9,0.0,-45.0,0.0,1,1.306,9,0.64,0
-0.2,-0.1,0.35,0.0,-45.0,0.0,1,1.652,312,17.08,3
-0.2,-0.1,0.4,0.0,-45.0,0.0,0,336.122,700,42.26,-1
-0.2,-0.1,0.45,0.0,-45.0,0.0,0,314.873,700,40.69,-1
-0.2,-0.1,0.5,0.0,-45.0,0.0,0,272.293,700,40.83,-1
-0.2,-0.1,0.55,0.0,-45.0,0.0,0,249.475,700,43.06,-1
-0.2,-0.1,0.6,0.0,-45.0,0.0,0,234.837,700,40.97,-1
-0.2,-0.1,0.65,0.0,-45.0,0.0,0,229.896,700,43.12,-1
-0.2,-0.1,0.7,0.0,-45.0,0.0,0,236.13,700,41.47,-1
-0.2,-0.1,0.75,0.0,-45.0,0.0,0,251.984,700,43.07,-1
-0.2,-0.1,0.8,0.0,-45.0,0.0,1,1.396,315,18.0,3
-0.2,-0.1,0.85,0.0,-45.0,0.0,1,1.317,17,1.06,0
-0.2,-0.1,0.9,0.0,-45.0,0.0,1,1.921,10,0.61,0
-0.2,-0.05,0.35,0.0,-45.0,0.0,1,1.884,513,31.13,5
-0.2,-0.05,0.4,0.0,-45.0,0.0,1,2.158,313,19.07,3
-0.2,-0.05,0.45,0.0,-45.0,0.0,0,349.612,700,40.4,-1
-0.2,-0.05,0.5,0.0,-45.0,0.0,0,307.766,700,42.34,-1
-0.2,-0.05,0.55,0.0,-45.0,0.0,0,287.774,700,41.98,-1
-0.2,-0.05,0.6,0.0,-45.0,0.0,0,275.181,700,41.36,-1
-0.2,-0.05,0.65,0.0,-45.0,0.0,0,270.977,700,43.03,-1
-0.2,-0.05,0.7,0.0,-45.0,0.0,0,275.516,700,41.08,-1
-0.2,-0.05,0.75,0.0,-45.0,0.0,0,289.021,700,43.29,-1
-0.2,-0.05,0.8,0.0,-45.0,0.0,1,2.349,313,16.21,3
-0.2,-0.05,0.85,0.0,-45.0,0.0,1,1.399,11,0.7,0
-0.2,-0.05,0.9,0.0,-45.0,0.0,1,1.396,12,0.77,0
-0.15,-0.5,0.35,0.0,-45.0,0.0,0,106.524,700,42.3,-1
-0.15,-0.5,0.4,0.0,-45.0,0.0,0,75.098,700,39.82,-1
-0.15,-0.5,0.45,0.0,-45.0,0.0,0,22.327,700,40.31,-1
-0.15,-0.5,0.5,0.0,-45.0,0.0,0,237.869,700,38.19,-1
-0.15,-0.5,0.55,0.0,-45.0,0.0,0,215.648,700,40.13,-1
-0.15,-0.5,0.6,0.0,-45.0,0.0,1,2.94,113,6.48,1
-0.15,-0.5,0.65,0.0,-45.0,0.0,1,2.778,15,0.88,0
-0.15,-0.5,0.7,0.0,-45.0,0.0,1,1.896,8,0.59,0
-0.15,-0.5,0.75,0.0,-45.0,0.0,1,2.573,5,0.31,0
-0.15,-0.5,0.8,0.0,-45.0,0.0,1,1.498,14,0.83,0
-0.15,-0.5,0.85,0.0,-45.0,0.0,1,1.68,9,0.55,0
-0.15,-0.5,0.9,0.0,-45.0,0.0,1,2.992,14,0.82,0
-0.15,-0.45,0.35,0.0,-45.0,0.0,0,87.323,700,40.32,-1
-0.15,-0.45,0.4,0.0,-45.0,0.0,0,61.719,700,41.1,-1
-0.15,-0.45,0.45,0.0,-45.0,0.0,0,49.695,700,37.67,-1
-0.15,-0.45,0.5,0.0,-45.0,0.0,0,224.709,700,40.17,-1
-0.15,-0.45,0.55,0.0,-45.0,0.0,0,195.175,700,37.62,-1
-0.15,-0.45,0.6,0.0,-45.0,0.0,1,2.319,614,35.06,6
-0.15,-0.45,0.65,0.0,-45.0,0.0,1,2.279,309,17.85,3
-0.15,-0.45,0.7,0.0,-45.0,0.0,1,2.633,33,1.94,0
-0.15,-0.45,0.75,0.0,-45.0,0.0,1,1.229,9,0.55,0
-0.15,-0.45,0.8,0.0,-45.0,0.0,1,0.95,11,0.64,0
-0.15,-0.45,0.85,0.0,-45.0,0.0,1,0.898,11,0.67,0
-0.15,-0.45,0.9,0.0,-45.0,0.0,1,0.193,9,0.55,0
-0.15,-0.4,0.35,0.0,-45.0,0.0,0,77.115,700,39.41,-1
-0.15,-0.4,0.4,0.0,-45.0,0.0,0,62.784,700,40.1,-1
-0.15,-0.4,0.45,0.0,-45.0,0.0,0,70.006,700,41.37,-1
-0.15,-0.4,0.5,0.0,-45.0,0.0,0,208.368,700,38.76,-1
-0.15,-0.4,0.55,0.0,-45.0,0.0,0,138.54,700,39.49,-1
-0.15,-0.4,0.6,0.0,-45.0,0.0,0,113.527,700,40.64,-1
-0.15,-0.4,0.65,0.0,-45.0,0.0,0,104.34,700,39.39,-1
-0.15,-0.4,0.7,0.0,-45.0,0.0,1,1.695,306,18.09,3
-0.15,-0.4,0.75,0.0,-45.0,0.0,1,1.042,10,0.65,0
-0.15,-0.4,0.8,0.0,-45.0,0.0,1,1.544,12,0.7,0
-0.15,-0.4,0.85,0.0,-45.0,0.0,1,0.672,11,0.66,0
-0.15,-0.4,0.9,0.0,-45.0,0.0,1,1.428,8,0.48,0
-0.15,-0.35,0.35,0.0,-45.0,0.0,0,73.653,700,39.17,-1
-0.15,-0.35,0.4,0.0,-45.0,0.0,0,68.387,700,41.3,-1
-0.15,-0.35,0.45,0.0,-45.0,0.0,0,85.645,700,39.56,-1
-0.15,-0.35,0.5,0.0,-45.0,0.0,0,193.993,700,40.73,-1
-0.15,-0.35,0.55,0.0,-45.0,0.0,0,132.602,700,39.06,-1
-0.15,-0.35,0.6,0.0,-45.0,0.0,0,106.693,700,41.07,-1
-0.15,-0.35,0.65,0.0,-45.0,0.0,0,97.829,700,39.44,-1
-0.15,-0.35,0.7,0.0,-45.0,0.0,1,1.749,307,18.23,3
-0.15,-0.35,0.75,0.0,-45.0,0.0,1,1.21,10,0.6,0
-0.15,-0.35,0.8,0.0,-45.0,0.0,1,0.811,11,0.65,0
-0.15,-0.35,0.85,0.0,-45.0,0.0,1,0.957,9,0.59,0
-0.15,-0.35,0.9,0.0,-45.0,0.0,1,2.267,7,0.43,0
-0.15,-0.3,0.35,0.0,-45.0,0.0,1,1.982,323,19.06,3
-0.15,-0.3,0.4,0.0,-45.0,0.0,0,69.675,700,39.16,-1
-0.15,-0.3,0.45,0.0,-45.0,0.0,0,216.927,700,41.21,-1
-0.15,-0.3,0.5,0.0,-45.0,0.0,0,184.084,700,37.88,-1
-0.15,-0.3,0.55,0.0,-45.0,0.0,0,132.928,700,41.33,-1
-0.15,-0.3,0.6,0.0,-45.0,0.0,0,106.355,700,39.37,-1
-0.15,-0.3,0.65,0.0,-45.0,0.0,1,1.995,308,18.27,3
-0.15,-0.3,0.7,0.0,-45.0,0.0,1,1.085,306,18.02,3
-0.15,-0.3,0.75,0.0,-45.0,0.0,1,1.186,11,0.66,0
-0.15,-0.3,0.8,0.0,-45.0,0.0,1,2.792,10,0.65,0
-0.15,-0.3,0.85,0.0,-45.0,0.0,1,1.013,9,0.55,0
-0.15,-0.3,0.9,0.0,-45.0,0.0,1,0.847,6,0.37,0
-0.15,-0.25,0.35,0.0,-45.0,0.0,0,75.804,700,39.92,-1
-0.15,-0.25,0.4,0.0,-45.0,0.0,0,73.99,700,41.23,-1
-0.15,-0.25,0.45,0.0,-45.0,0.0,1,2.063,515,27.44,5
-0.15,-0.25,0.5,0.0,-45.0,0.0,0,183.681,700,41.29,-1
-0.15,-0.25,0.55,0.0,-45.0,0.0,0,139.447,700,41.55,-1
-0.15,-0.25,0.6,0.0,-45.0,0.0,0,113.076,700,40.39,-1
-0.15,-0.25,0.65,0.0,-45.0,0.0,0,103.568,700,40.56,-1
-0.15,-0.25,0.7,0.0,-45.0,0.0,0,115.263,700,41.65,-1
-0.15,-0.25,0.75,0.0,-45.0,0.0,1,1.534,13,0.8,0
-0.15,-0.25,0.8,0.0,-45.0,0.0,1,1.206,11,0.67,0
-0.15,-0.25,0.85,0.0,-45.0,0.0,1,0.799,9,0.59,0
-0.15,-0.25,0.9,0.0,-45.0,0.0,1,2.052,7,0.43,0
-0.15,-0.2,0.35,0.0,-45.0,0.0,1,1.834,126,7.47,1
-0.15,-0.2,0.4,0.0,-45.0,0.0,1,1.036,33,2.05,0
-0.15,-0.2,0.45,0.0,-45.0,0.0,1,1.841,514,29.31,5
-0.15,-0.2,0.5,0.0,-45.0,0.0,0,199.236,700,39.88,-1
-0.15,-0.2,0.55,0.0,-45.0,0.0,0,156.958,700,42.34,-1
-0.15,-0.2,0.6,0.0,-45.0,0.0,0,134.827,700,40.28,-1
-0.15,-0.2,0.65,0.0,-45.0,0.0,0,127.699,700,43.39,-1
-0.15,-0.2,0.7,0.0,-45.0,0.0,0,137.988,700,43.57,-1
-0.15,-0.2,0.75,0.0,-45.0,0.0,0,19.142,700,40.19,-1
-0.15,-0.2,0.8,0.0,-45.0,0.0,1,1.662,13,0.79,0
-0.15,-0.2,0.85,0.0,-45.0,0.0,1,0.831,9,0.55,0
-0.15,-0.2,0.9,0.0,-45.0,0.0,1,1.67,7,0.43,0
-0.15,-0.15,0.35,0.0,-45.0,0.0,1,1.02,157,9.47,1
-0.15,-0.15,0.4,0.0,-45.0,0.0,1,1.505,513,30.9,5
-0.15,-0.15,0.45,0.0,-45.0,0.0,1,1.764,511,28.64,5
-0.15,-0.15,0.5,0.0,-45.0,0.0,0,217.24,700,43.13,-1
-0.15,-0.15,0.55,0.0,-45.0,0.0,0,186.449,700,41.19,-1
-0.15,-0.15,0.6,0.0,-45.0,0.0,0,168.469,700,43.45,-1
-0.15,-0.15,0.65,0.0,-45.0,0.0,0,163.422,700,41.47,-1
-0.15,-0.15,0.7,0.0,-45.0,0.0,0,172.112,700,43.5,-1
-0.15,-0.15,0.75,0.0,-45.0,0.0,1,2.117,618,36.46,6
-0.15,-0.15,0.8,0.0,-45.0,0.0,1,1.427,12,0.77,0
-0.15,-0.15,0.85,0.0,-45.0,0.0,1,1.355,11,0.66,0
-0.15,-0.15,0.9,0.0,-45.0,0.0,1,0.978,9,0.54,0
-0.15,-0.1,0.35,0.0,-45.0,0.0,1,1.711,312,18.9,3
-0.15,-0.1,0.4,0.0,-45.0,0.0,1,1.477,315,19.21,3
-0.15,-0.1,0.45,0.0,-45.0,0.0,0,297.154,700,40.02,-1
-0.15,-0.1,0.5,0.0,-45.0,0.0,0,250.538,700,43.18,-1
-0.15,-0.1,0.55,0.0,-45.0,0.0,0,224.364,700,41.17,-1
-0.15,-0.1,0.6,0.0,-45.0,0.0,0,208.416,700,43.05,-1
-0.15,-0.1,0.65,0.0,-45.0,0.0,0,204.719,700,41.69,-1
-0.15,-0.1,0.7,0.0,-45.0,0.0,0,212.166,700,43.53,-1
-0.15,-0.1,0.75,0.0,-45.0,0.0,0,229.606,700,41.7,-1
-0.15,-0.1,0.8,0.0,-45.0,0.0,1,1.737,19,1.13,0
-0.15,-0.1,0.85,0.0,-45.0,0.0,1,2.146,15,0.91,0
-0.15,-0.1,0.9,0.0,-45.0,0.0,1,1.274,10,0.6,0
-0.15,-0.05,0.35,0.0,-45.0,0.0,1,1.715,316,19.44,3
-0.15,-0.05,0.4,0.0,-45.0,0.0,1,2.53,313,18.99,3
-0.15,-0.05,0.45,0.0,-45.0,0.0,0,325.69,700,40.53,-1
-0.15,-0.05,0.5,0.0,-45.0,0.0,0,288.697,700,48.34,-1
-0.15,-0.05,0.55,0.0,-45.0,0.0,0,266.3,700,38.22,-1
-0.15,-0.05,0.6,0.0,-45.0,0.0,0,253.009,700,37.76,-1
-0.15,-0.05,0.65,0.0,-45.0,0.0,0,248.813,700,36.0,-1
-0.15,-0.05,0.7,0.0,-45.0,0.0,0,255.338,700,36.08,-1
-0.15,-0.05,0.75,0.0,-45.0,0.0,0,270.338,700,35.86,-1
-0.15,-0.05,0.8,0.0,-45.0,0.0,1,1.914,212,12.57,2
-0.15,-0.05,0.85,0.0,-45.0,0.0,1,2.137,12,0.73,0
-0.15,-0.05,0.9,0.0,-45.0,0.0,1,1.577,12,0.67,0
-0.1,-0.5,0.35,0.0,-45.0,0.0,0,115.802,700,34.5,-1
-0.1,-0.5,0.4,0.0,-45.0,0.0,0,91.721,700,34.51,-1
-0.1,-0.5,0.45,0.0,-45.0,0.0,0,78.139,700,32.71,-1
-0.1,-0.5,0.5,0.0,-45.0,0.0,0,222.351,700,35.15,-1
-0.1,-0.5,0.55,0.0,-45.0,0.0,0,194.337,700,34.15,-1
-0.1,-0.5,0.6,0.0,-45.0,0.0,1,2.951,18,0.74,0
-0.1,-0.5,0.65,0.0,-45.0,0.0,1,2.104,69,2.76,0
-0.1,-0.5,0.7,0.0,-45.0,0.0,1,2.551,9,0.39,0
-0.1,-0.5,0.75,0.0,-45.0,0.0,1,1.537,7,0.31,0
-0.1,-0.5,0.8,0.0,-45.0,0.0,1,1.233,12,0.5,0
-0.1,-0.5,0.85,0.0,-45.0,0.0,1,2.549,7,0.3,0
-0.1,-0.5,0.9,0.0,-45.0,0.0,1,0.686,9,0.55,0
-0.1,-0.45,0.35,0.0,-45.0,0.0,0,102.85,700,42.17,-1
-0.1,-0.45,0.4,0.0,-45.0,0.0,0,87.333,700,28.04,-1
-0.1,-0.45,0.45,0.0,-45.0,0.0,0,82.531,700,26.53,-1
-0.1,-0.45,0.5,0.0,-45.0,0.0,0,203.71,700,26.41,-1
-0.1,-0.45,0.55,0.0,-45.0,0.0,0,168.765,700,26.39,-1
-0.1,-0.45,0.6,0.0,-45.0,0.0,0,92.929,700,26.58,-1
-0.1,-0.45,0.65,0.0,-45.0,0.0,0,74.59,700,26.92,-1
-0.1,-0.45,0.7,0.0,-45.0,0.0,1,2.319,106,4.11,1
-0.1,-0.45,0.75,0.0,-45.0,0.0,1,1.456,7,0.29,0
-0.1,-0.45,0.8,0.0,-45.0,0.0,1,2.162,13,0.51,0
-0.1,-0.45,0.85,0.0,-45.0,0.0,1,1.058,12,0.47,0
-0.1,-0.45,0.9,0.0,-45.0,0.0,1,2.876,10,0.4,0
-0.1,-0.4,0.35,0.0,-45.0,0.0,0,97.44,700,27.73,-1
-0.1,-0.4,0.4,0.0,-45.0,0.0,0,93.159,700,27.05,-1
-0.1,-0.4,0.45,0.0,-45.0,0.0,0,103.403,700,26.8,-1
-0.1,-0.4,0.5,0.0,-45.0,0.0,0,187.174,700,26.74,-1
-0.1,-0.4,0.55,0.0,-45.0,0.0,0,146.352,700,26.37,-1
-0.1,-0.4,0.6,0.0,-45.0,0.0,0,77.622,700,26.84,-1
-0.1,-0.4,0.65,0.0,-45.0,0.0,0,59.677,700,26.94,-1
-0.1,-0.4,0.7,0.0,-45.0,0.0,1,2.385,108,4.18,1
-0.1,-0.4,0.75,0.0,-45.0,0.0,1,1.031,8,0.32,0
-0.1,-0.4,0.8,0.0,-45.0,0.0,1,0.864,5,0.21,0
-0.1,-0.4,0.85,0.0,-45.0,0.0,1,1.191,8,0.33,0
-0.1,-0.4,0.9,0.0,-45.0,0.0,1,2.322,7,0.29,0
-0.1,-0.35,0.35,0.0,-45.0,0.0,0,14.46,700,26.86,-1
-0.1,-0.35,0.4,0.0,-45.0,0.0,0,99.749,700,27.08,-1
-0.1,-0.35,0.45,0.0,-45.0,0.0,0,209.969,700,27.43,-1
-0.1,-0.35,0.5,0.0,-45.0,0.0,0,169.534,700,26.73,-1
-0.1,-0.35,0.55,0.0,-45.0,0.0,0,129.549,700,26.78,-1
-0.1,-0.35,0.6,0.0,-45.0,0.0,0,68.913,700,27.07,-1
-0.1,-0.35,0.65,0.0,-45.0,0.0,0,51.475,700,27.03,-1
-0.1,-0.35,0.7,0.0,-45.0,0.0,1,2.128,305,11.76,3
-0.1,-0.35,0.75,0.0,-45.0,0.0,1,1.684,7,0.29,0
-0.1,-0.35,0.8,0.0,-45.0,0.0,1,0.599,7,0.28,0
-0.1,-0.35,0.85,0.0,-45.0,0.0,1,0.742,5,0.21,0
-0.1,-0.35,0.9,0.0,-45.0,0.0,1,2.574,5,0.21,0
-0.1,-0.3,0.35,0.0,-45.0,0.0,0,96.584,700,27.03,-1
-0.1,-0.3,0.4,0.0,-45.0,0.0,0,234.586,700,27.0,-1
-0.1,-0.3,0.45,0.0,-45.0,0.0,0,200.054,700,27.07,-1
-0.1,-0.3,0.5,0.0,-45.0,0.0,0,160.182,700,27.0,-1
-0.1,-0.3,0.55,0.0,-45.0,0.0,0,116.045,700,26.77,-1
-0.1,-0.3,0.6,0.0,-45.0,0.0,0,67.669,700,26.73,-1
-0.1,-0.3,0.65,0.0,-45.0,0.0,0,49.797,700,26.96,-1
-0.1,-0.3,0.7,0.0,-45.0,0.0,1,1.885,306,11.84,3
-0.1,-0.3,0.75,0.0,-45.0,0.0,1,1.209,8,0.33,0
-0.1,-0.3,0.8,0.0,-45.0,0.0,1,0.653,8,0.34,0
-0.1,-0.3,0.85,0.0,-45.0,0.0,1,0.448,7,0.29,0
-0.1,-0.3,0.9,0.0,-45.0,0.0,1,0.6,6,0.25,0
-0.1,-0.25,0.35,0.0,-45.0,0.0,0,99.122,700,27.53,-1
-0.1,-0.25,0.4,0.0,-45.0,0.0,1,1.788,227,8.89,2
-0.1,-0.25,0.45,0.0,-45.0,0.0,0,200.933,700,27.1,-1
-0.1,-0.25,0.5,0.0,-45.0,0.0,0,158.594,700,27.04,-1
-0.1,-0.25,0.55,0.0,-45.0,0.0,0,115.904,700,27.63,-1
-0.1,-0.25,0.6,0.0,-45.0,0.0,0,76.756,700,27.27,-1
-0.1,-0.25,0.65,0.0,-45.0,0.0,0,61.276,700,27.58,-1
-0.1,-0.25,0.7,0.0,-45.0,0.0,0,78.871,700,27.62,-1
-0.1,-0.25,0.75,0.0,-45.0,0.0,1,1.782,10,0.41,0
-0.1,-0.25,0.8,0.0,-45.0,0.0,1,0.747,8,0.33,0
-0.1,-0.25,0.85,0.0,-45.0,0.0,1,1.581,6,0.25,0
-0.1,-0.25,0.9,0.0,-45.0,0.0,1,0.669,6,0.25,0
-0.1,-0.2,0.35,0.0,-45.0,0.0,1,1.945,89,3.45,0
-0.1,-0.2,0.4,0.0,-45.0,0.0,1,1.051,370,14.38,3
-0.1,-0.2,0.45,0.0,-45.0,0.0,1,1.741,511,20.11,5
-0.1,-0.2,0.5,0.0,-45.0,0.0,1,2.27,516,20.21,5
-0.1,-0.2,0.55,0.0,-45.0,0.0,0,136.795,700,28.3,-1
-0.1,-0.2,0.6,0.0,-45.0,0.0,0,107.236,700,28.45,-1
-0.1,-0.2,0.65,0.0,-45.0,0.0,0,97.785,700,28.32,-1
-0.1,-0.2,0.7,0.0,-45.0,0.0,0,110.511,700,28.37,-1
-0.1,-0.2,0.75,0.0,-45.0,0.0,0,28.699,700,27.4,-1
-0.1,-0.2,0.8,0.0,-45.0,0.0,0,19.182,700,26.42,-1
-0.1,-0.2,0.85,0.0,-45.0,0.0,1,2.411,9,0.37,0
-0.1,-0.2,0.9,0.0,-45.0,0.0,1,1.461,6,0.25,0
-0.1,-0.15,0.35,0.0,-45.0,0.0,1,1.595,27,1.08,0
-0.1,-0.15,0.4,0.0,-45.0,0.0,1,1.805,510,20.13,5
-0.1,-0.15,0.45,0.0,-45.0,0.0,1,1.723,313,12.3,3
-0.1,-0.15,0.5,0.0,-45.0,0.0,0,203.042,700,28.09,-1
-0.1,-0.15,0.55,0.0,-45.0,0.0,0,169.767,700,28.31,-1
-0.1,-0.15,0.6,0.0,-45.0,0.0,0,148.088,700,28.43,-1
-0.1,-0.15,0.65,0.0,-45.0,0.0,0,142.131,700,28.39,-1
-0.1,-0.15,0.7,0.0,-45.0,0.0,0,151.808,700,28.38,-1
-0.1,-0.15,0.75,0.0,-45.0,0.0,0,70.259,700,27.49,-1
-0.1,-0.15,0.8,0.0,-45.0,0.0,0,65.871,700,26.71,-1
-0.1,-0.15,0.85,0.0,-45.0,0.0,1,1.68,10,0.4,0
-0.1,-0.15,0.9,0.0,-45.0,0.0,1,1.283,9,0.37,0
-0.1,-0.1,0.35,0.0,-45.0,0.0,1,1.767,317,12.63,3
-0.1,-0.1,0.4,0.0,-45.0,0.0,1,1.909,311,12.37,3
-0.1,-0.1,0.45,0.0,-45.0,0.0,1,1.765,314,12.3,3
-0.1,-0.1,0.5,0.0,-45.0,0.0,0,237.501,700,28.25,-1
-0.1,-0.1,0.55,0.0,-45.0,0.0,0,209.127,700,28.45,-1
-0.1,-0.1,0.6,0.0,-45.0,0.0,0,192.786,700,28.5,-1
-0.1,-0.1,0.65,0.0,-45.0,0.0,0,188.83,700,28.44,-1
-0.1,-0.1,0.7,0.0,-45.0,0.0,0,196.733,700,28.41,-1
-0.1,-0.1,0.75,0.0,-45.0,0.0,0,116.075,700,27.51,-1
-0.1,-0.1,0.8,0.0,-45.0,0.0,1,2.285,17,0.68,0
-0.1,-0.1,0.85,0.0,-45.0,0.0,1,1.916,14,0.55,0
-0.1,-0.1,0.9,0.0,-45.0,0.0,1,1.679,10,0.4,0
-0.1,-0.05,0.35,0.0,-45.0,0.0,1,2.022,311,12.48,3
-0.1,-0.05,0.4,0.0,-45.0,0.0,1,2.213,315,12.54,3
-0.1,-0.05,0.45,0.0,-45.0,0.0,0,308.338,700,27.67,-1
-0.1,-0.05,0.5,0.0,-45.0,0.0,0,277.458,700,28.24,-1
-0.1,-0.05,0.55,0.0,-45.0,0.0,0,253.468,700,28.25,-1
-0.1,-0.05,0.6,0.0,-45.0,0.0,0,239.146,700,28.45,-1
-0.1,-0.05,0.65,0.0,-45.0,0.0,0,236.455,700,28.39,-1
-0.1,-0.05,0.7,0.0,-45.0,0.0,0,243.25,700,28.4,-1
-0.1,-0.05,0.75,0.0,-45.0,0.0,0,258.839,700,27.59,-1
-0.1,-0.05,0.8,0.0,-45.0,0.0,1,2.357,223,8.75,2
-0.1,-0.05,0.85,0.0,-45.0,0.0,1,2.57,11,0.45,0
-0.1,-0.05,0.9,0.0,-45.0,0.0,1,1.355,11,0.44,0
-0.05,-0.5,0.35,0.0,-45.0,0.0,0,135.088,700,27.73,-1
-0.05,-0.5,0.4,0.0,-45.0,0.0,0,116.252,700,26.93,-1
-0.05,-0.5,0.45,0.0,-45.0,0.0,0,108.548,700,26.46,-1
-0.05,-0.5,0.5,0.0,-45.0,0.0,0,211.201,700,26.34,-1
-0.05,-0.5,0.55,0.0,-45.0,0.0,0,128.983,700,26.49,-1
-0.05,-0.5,0.6,0.0,-45.0,0.0,0,94.24,700,26.37,-1
-0.05,-0.5,0.65,0.0,-45.0,0.0,0,99.422,700,26.12,-1
-0.05,-0.5,0.7,0.0,-45.0,0.0,1,4.279,100,3.68,0
-0.05,-0.5,0.75,0.0,-45.0,0.0,1,1.177,6,0.25,0
-0.05,-0.5,0.8,0.0,-45.0,0.0,1,1.511,10,0.4,0
-0.05,-0.5,0.85,0.0,-45.0,0.0,1,1.368,7,0.28,0
-0.05,-0.5,0.9,0.0,-45.0,0.0,1,0.299,6,0.24,0
-0.05,-0.45,0.35,0.0,-45.0,0.0,0,125.569,700,26.98,-1
-0.05,-0.45,0.4,0.0,-45.0,0.0,0,116.749,700,27.46,-1
-0.05,-0.45,0.45,0.0,-45.0,0.0,0,115.436,700,26.53,-1
-0.05,-0.45,0.5,0.0,-45.0,0.0,0,189.608,700,26.42,-1
-0.05,-0.45,0.55,0.0,-45.0,0.0,0,148.499,700,26.43,-1
-0.05,-0.45,0.6,0.0,-45.0,0.0,0,100.422,700,26.38,-1
-0.05,-0.45,0.65,0.0,-45.0,0.0,0,38.884,700,26.67,-1
-0.05,-0.45,0.7,0.0,-45.0,0.0,1,4.228,200,7.41,1
-0.05,-0.45,0.75,0.0,-45.0,0.0,1,2.547,5,0.21,0
-0.05,-0.45,0.8,0.0,-45.0,0.0,1,0.421,8,0.32,0
-0.05,-0.45,0.85,0.0,-45.0,0.0,1,1.006,9,0.37,0
-0.05,-0.45,0.9,0.0,-45.0,0.0,1,2.717,7,0.28,0
-0.05,-0.4,0.35,0.0,-45.0,0.0,0,122.535,700,27.0,-1
-0.05,-0.4,0.4,0.0,-45.0,0.0,0,124.191,700,27.02,-1
-0.05,-0.4,0.45,0.0,-45.0,0.0,0,135.611,700,26.86,-1
-0.05,-0.4,0.5,0.0,-45.0,0.0,0,172.285,700,26.41,-1
-0.05,-0.4,0.55,0.0,-45.0,0.0,0,118.674,700,26.45,-1
-0.05,-0.4,0.6,0.0,-45.0,0.0,0,52.276,700,26.35,-1
-0.05,-0.4,0.65,0.0,-45.0,0.0,0,18.934,700,26.32,-1
-0.05,-0.4,0.7,0.0,-45.0,0.0,1,4.218,200,7.43,1
-0.05,-0.4,0.75,0.0,-45.0,0.0,1,0.966,6,0.25,0
-0.05,-0.4,0.8,0.0,-45.0,0.0,1,0.178,5,0.21,0
-0.05,-0.4,0.85,0.0,-45.0,0.0,1,0.306,106,3.88,1
-0.05,-0.4,0.9,0.0,-45.0,0.0,1,4.321,100,3.67,0
-0.05,-0.35,0.35,0.0,-45.0,0.0,0,122.402,700,26.97,-1
-0.05,-0.35,0.4,0.0,-45.0,0.0,0,129.859,700,27.02,-1
-0.05,-0.35,0.45,0.0,-45.0,0.0,0,198.039,700,26.66,-1
-0.05,-0.35,0.5,0.0,-45.0,0.0,0,153.27,700,26.69,-1
-0.05,-0.35,0.55,0.0,-45.0,0.0,0,91.645,700,26.66,-1
-0.05,-0.35,0.6,0.0,-45.0,0.0,0,42.035,700,26.32,-1
-0.05,-0.35,0.65,0.0,-45.0,0.0,1,6.694,100,3.78,0
-0.05,-0.35,0.7,0.0,-45.0,0.0,1,4.222,200,7.46,1
-0.05,-0.35,0.75,0.0,-45.0,0.0,1,1.052,6,0.25,0
-0.05,-0.35,0.8,0.0,-45.0,0.0,1,0.999,5,0.21,0
-0.05,-0.35,0.85,0.0,-45.0,0.0,1,2.464,4,0.18,0
-0.05,-0.35,0.9,0.0,-45.0,0.0,1,4.532,100,3.67,0
-0.05,-0.3,0.35,0.0,-45.0,0.0,0,122.218,700,27.04,-1
-0.05,-0.3,0.4,0.0,-45.0,0.0,0,225.415,700,27.29,-1
-0.05,-0.3,0.45,0.0,-45.0,0.0,0,188.041,700,27.02,-1
-0.05,-0.3,0.5,0.0,-45.0,0.0,0,142.945,700,26.69,-1
-0.05,-0.3,0.55,0.0,-45.0,0.0,0,91.434,700,26.67,-1
-0.05,-0.3,0.6,0.0,-45.0,0.0,0,39.897,700,26.28,-1
-0.05,-0.3,0.65,0.0,-45.0,0.0,1,3.977,100,3.77,0
-0.05,-0.3,0.7,0.0,-45.0,0.0,1,4.235,400,15.0,3
-0.05,-0.3,0.75,0.0,-45.0,0.0,1,1.103,7,0.3,0
-0.05,-0.3,0.8,0.0,-45.0,0.0,1,0.332,6,0.25,0
-0.05,-0.3,0.85,0.0,-45.0,0.0,1,0.435,6,0.25,0
-0.05,-0.3,0.9,0.0,-45.0,0.0,1,1.693,5,0.21,0
-0.05,-0.25,0.35,0.0,-45.0,0.0,0,10.5,700,27.39,-1
-0.05,-0.25,0.4,0.0,-45.0,0.0,0,39.46,700,26.94,-1
-0.05,-0.25,0.45,0.0,-45.0,0.0,0,187.928,700,27.08,-1
-0.05,-0.25,0.5,0.0,-45.0,0.0,0,141.457,700,27.04,-1
-0.05,-0.25,0.55,0.0,-45.0,0.0,0,100.379,700,27.31,-1
-0.05,-0.25,0.6,0.0,-45.0,0.0,0,53.539,700,26.98,-1
-0.05,-0.25,0.65,0.0,-45.0,0.0,0,36.674,700,27.09,-1
-0.05,-0.25,0.7,0.0,-45.0,0.0,0,59.29,700,26.99,-1
-0.05,-0.25,0.75,0.0,-45.0,0.0,0,28.703,700,26.41,-1
-0.05,-0.25,0.8,0.0,-45.0,0.0,1,0.839,6,0.26,0
-0.05,-0.25,0.85,0.0,-45.0,0.0,1,2.371,5,0.22,0
-0.05,-0.25,0.9,0.0,-45.0,0.0,1,0.639,6,0.25,0
-0.05,-0.2,0.35,0.0,-45.0,0.0,0,28.301,700,27.3,-1
-0.05,-0.2,0.4,0.0,-45.0,0.0,0,249.696,700,27.13,-1
-0.05,-0.2,0.45,0.0,-45.0,0.0,0,203.656,700,27.46,-1
-0.05,-0.2,0.5,0.0,-45.0,0.0,0,163.49,700,27.46,-1
-0.05,-0.2,0.55,0.0,-45.0,0.0,0,122.452,700,28.09,-1
-0.05,-0.2,0.6,0.0,-45.0,0.0,0,93.002,700,27.83,-1
-0.05,-0.2,0.65,0.0,-45.0,0.0,0,85.802,700,27.04,-1
-0.05,-0.2,0.7,0.0,-45.0,0.0,0,99.463,700,27.62,-1
-0.05,-0.2,0.75,0.0,-45.0,0.0,0,63.356,700,28.3,-1
-0.05,-0.2,0.8,0.0,-45.0,0.0,0,28.017,700,27.11,-1
-0.05,-0.2,0.85,0.0,-45.0,0.0,1,1.821,20,0.78,0
-0.05,-0.2,0.9,0.0,-45.0,0.0,1,1.02,7,0.29,0
-0.05,-0.15,0.35,0.0,-45.0,0.0,0,20.911,700,27.25,-1
-0.05,-0.15,0.4,0.0,-45.0,0.0,0,10.012,700,27.36,-1
-0.05,-0.15,0.45,0.0,-45.0,0.0,0,233.218,700,27.51,-1
-0.05,-0.15,0.5,0.0,-45.0,0.0,0,34.491,700,27.63,-1
-0.05,-0.15,0.55,0.0,-45.0,0.0,0,157.42,700,28.0,-1
-0.05,-0.15,0.6,0.0,-45.0,0.0,0,138.794,700,27.99,-1
-0.05,-0.15,0.65,0.0,-45.0,0.0,0,134.991,700,27.88,-1
-0.05,-0.15,0.7,0.0,-45.0,0.0,0,144.766,700,27.67,-1
-0.05,-0.15,0.75,0.0,-45.0,0.0,0,92.131,700,27.15,-1
-0.05,-0.15,0.8,0.0,-45.0,0.0,0,69.916,700,27.02,-1
-0.05,-0.15,0.85,0.0,-45.0,0.0,1,1.864,11,0.44,0
-0.05,-0.15,0.9,0.0,-45.0,0.0,1,1.836,9,0.37,0
-0.05,-0.1,0.35,0.0,-45.0,0.0,0,13.396,700,27.8,-1
-0.05,-0.1,0.4,0.0,-45.0,0.0,1,1.731,312,12.35,3
-0.05,-0.1,0.45,0.0,-45.0,0.0,0,17.858,700,27.28,-1
-0.05,-0.1,0.5,0.0,-45.0,0.0,0,228.15,700,27.75,-1
-0.05,-0.1,0.55,0.0,-45.0,0.0,0,198.586,700,28.04,-1
-0.05,-0.1,0.6,0.0,-45.0,0.0,0,186.261,700,27.85,-1
-0.05,-0.1,0.65,0.0,-45.0,0.0,0,184.152,700,27.82,-1
-0.05,-0.1,0.7,0.0,-45.0,0.0,0,191.992,700,27.68,-1
-0.05,-0.1,0.75,0.0,-45.0,0.0,0,131.272,700,27.42,-1
-0.05,-0.1,0.8,0.0,-45.0,0.0,0,115.766,700,26.97,-1
-0.05,-0.1,0.85,0.0,-45.0,0.0,0,26.094,700,26.43,-1
-0.05,-0.1,0.9,0.0,-45.0,0.0,1,9.991,100,3.78,0
-0.05,-0.05,0.35,0.0,-45.0,0.0,1,9.912,400,15.77,3
-0.05,-0.05,0.4,0.0,-45.0,0.0,1,2.956,316,12.69,3
-0.05,-0.05,0.45,0.0,-45.0,0.0,0,291.708,700,27.85,-1
-0.05,-0.05,0.5,0.0,-45.0,0.0,0,269.497,700,27.74,-1
-0.05,-0.05,0.55,0.0,-45.0,0.0,0,243.918,700,28.02,-1
-0.05,-0.05,0.6,0.0,-45.0,0.0,0,234.351,700,27.8,-1
-0.05,-0.05,0.65,0.0,-45.0,0.0,0,233.265,700,27.79,-1
-0.05,-0.05,0.7,0.0,-45.0,0.0,0,239.975,700,27.6,-1
-0.05,-0.05,0.75,0.0,-45.0,0.0,0,174.204,700,27.46,-1
-0.05,-0.05,0.8,0.0,-45.0,0.0,0,162.08,700,27.11,-1
-0.05,-0.05,0.85,0.0,-45.0,0.0,0,19.021,700,26.45,-1
-0.05,-0.05,0.9,0.0,-45.0,0.0,0,11.621,700,26.44,-1
-0.0,-0.5,0.35,0.0,-45.0,0.0,0,158.259,700,27.39,-1
-0.0,-0.5,0.4,0.0,-45.0,0.0,0,69.565,700,27.17,-1
-0.0,-0.5,0.45,0.0,-45.0,0.0,0,139.848,700,26.47,-1
-0.0,-0.5,0.5,0.0,-45.0,0.0,0,207.001,700,26.35,-1
-0.0,-0.5,0.55,0.0,-45.0,0.0,0,139.356,700,26.5,-1
-0.0,-0.5,0.6,0.0,-45.0,0.0,0,117.72,700,26.41,-1
-0.0,-0.5,0.65,0.0,-45.0,0.0,0,64.868,700,26.33,-1
-0.0,-0.5,0.7,0.0,-45.0,0.0,1,0.945,602,22.66,6
-0.0,-0.5,0.75,0.0,-45.0,0.0,1,1.545,4,0.17,0
-0.0,-0.5,0.8,0.0,-45.0,0.0,1,1.046,5,0.21,0
-0.0,-0.5,0.85,0.0,-45.0,0.0,1,2.027,6,0.24,0
-0.0,-0.5,0.9,0.0,-45.0,0.0,1,1.041,5,0.21,0
-0.0,-0.45,0.35,0.0,-45.0,0.0,0,151.735,700,26.92,-1
-0.0,-0.45,0.4,0.0,-45.0,0.0,0,146.828,700,26.89,-1
-0.0,-0.45,0.45,0.0,-45.0,0.0,0,147.731,700,26.5,-1
-0.0,-0.45,0.5,0.0,-45.0,0.0,0,184.394,700,26.42,-1
-0.0,-0.45,0.55,0.0,-45.0,0.0,0,140.067,700,26.47,-1
-0.0,-0.45,0.6,0.0,-45.0,0.0,0,79.198,700,26.47,-1
-0.0,-0.45,0.65,0.0,-45.0,0.0,0,23.43,700,26.33,-1
-0.0,-0.45,0.7,0.0,-45.0,0.0,1,1.807,3,0.14,0
-0.0,-0.45,0.75,0.0,-45.0,0.0,1,1.552,4,0.18,0
-0.0,-0.45,0.8,0.0,-45.0,0.0,1,2.664,4,0.18,0
-0.0,-0.45,0.85,0.0,-45.0,0.0,1,2.766,5,0.21,0
-0.0,-0.45,0.9,0.0,-45.0,0.0,1,1.494,5,0.21,0
-0.0,-0.4,0.35,0.0,-45.0,0.0,0,149.044,700,26.95,-1
-0.0,-0.4,0.4,0.0,-45.0,0.0,0,154.871,700,27.17,-1
-0.0,-0.4,0.45,0.0,-45.0,0.0,0,207.707,700,26.71,-1
-0.0,-0.4,0.5,0.0,-45.0,0.0,0,165.873,700,26.34,-1
-0.0,-0.4,0.55,0.0,-45.0,0.0,0,104.841,700,26.42,-1
-0.0,-0.4,0.6,0.0,-45.0,0.0,0,42.196,700,26.25,-1
-0.0,-0.4,0.65,0.0,-45.0,0.0,1,2.14,3,0.14,0
-0.0,-0.4,0.7,0.0,-45.0,0.0,1,1.673,3,0.14,0
-0.0,-0.4,0.75,0.0,-45.0,0.0,1,1.448,4,0.17,0
-0.0,-0.4,0.8,0.0,-45.0,0.0,1,0.85,4,0.17,0
-0.0,-0.4,0.85,0.0,-45.0,0.0,1,1.079,5,0.21,0
-0.0,-0.4,0.9,0.0,-45.0,0.0,1,2.576,10,0.39,0
-0.0,-0.35,0.35,0.0,-45.0,0.0,0,148.281,700,26.97,-1
-0.0,-0.35,0.4,0.0,-45.0,0.0,0,223.401,700,27.03,-1
-0.0,-0.35,0.45,0.0,-45.0,0.0,0,193.343,700,26.73,-1
-0.0,-0.35,0.5,0.0,-45.0,0.0,0,147.378,700,26.8,-1
-0.0,-0.35,0.55,0.0,-45.0,0.0,0,79.397,700,26.76,-1
-0.0,-0.35,0.6,0.0,-45.0,0.0,0,31.257,700,26.46,-1
-0.0,-0.35,0.65,0.0,-45.0,0.0,1,2.084,3,0.14,0
-0.0,-0.35,0.7,0.0,-45.0,0.0,1,1.697,3,0.14,0
-0.0,-0.35,0.75,0.0,-45.0,0.0,1,2.748,3,0.13,0
-0.0,-0.35,0.8,0.0,-45.0,0.0,1,0.711,4,0.19,0
-0.0,-0.35,0.85,0.0,-45.0,0.0,1,1.087,4,0.17,0
-0.0,-0.35,0.9,0.0,-45.0,0.0,1,2.309,8,0.32,0
-0.0,-0.3,0.35,0.0,-45.0,0.0,0,147.715,700,27.18,-1
-0.0,-0.3,0.4,0.0,-45.0,0.0,0,222.195,700,27.26,-1
-0.0,-0.3,0.45,0.0,-45.0,0.0,0,183.732,700,27.2,-1
-0.0,-0.3,0.5,0.0,-45.0,0.0,0,136.415,700,26.89,-1
-0.0,-0.3,0.55,0.0,-45.0,0.0,0,75.721,700,26.78,-1
-0.0,-0.3,0.6,0.0,-45.0,0.0,0,28.705,700,26.45,-1
-0.0,-0.3,0.65,0.0,-45.0,0.0,1,2.001,3,0.14,0
-0.0,-0.3,0.7,0.0,-45.0,0.0,1,2.682,3,0.14,0
-0.0,-0.3,0.75,0.0,-45.0,0.0,1,1.449,4,0.18,0
-0.0,-0.3,0.8,0.0,-45.0,0.0,1,0.964,4,0.18,0
-0.0,-0.3,0.85,0.0,-45.0,0.0,1,0.709,4,0.18,0
-0.0,-0.3,0.9,0.0,-45.0,0.0,1,1.723,4,0.17,0
-0.0,-0.25,0.35,0.0,-45.0,0.0,0,44.454,700,27.22,-1
-0.0,-0.25,0.4,0.0,-45.0,0.0,0,226.954,700,27.19,-1
-0.0,-0.25,0.45,0.0,-45.0,0.0,0,183.345,700,27.22,-1
-0.0,-0.25,0.5,0.0,-45.0,0.0,0,135.981,700,27.43,-1
-0.0,-0.25,0.55,0.0,-45.0,0.0,0,88.975,700,27.46,-1
-0.0,-0.25,0.6,0.0,-45.0,0.0,0,45.865,700,27.86,-1
-0.0,-0.25,0.65,0.0,-45.0,0.0,0,41.429,700,26.52,-1
-0.0,-0.25,0.7,0.0,-45.0,0.0,0,52.656,700,26.43,-1
-0.0,-0.25,0.75,0.0,-45.0,0.0,0,39.569,700,26.45,-1
-0.0,-0.25,0.8,0.0,-45.0,0.0,1,8.808,100,3.79,0
-0.0,-0.25,0.85,0.0,-45.0,0.0,1,1.427,4,0.18,0
-0.0,-0.25,0.9,0.0,-45.0,0.0,1,0.712,5,0.21,0
-0.0,-0.2,0.35,0.0,-45.0,0.0,0,272.625,700,27.41,-1
-0.0,-0.2,0.4,0.0,-45.0,0.0,0,233.001,700,27.37,-1
-0.0,-0.2,0.45,0.0,-45.0,0.0,0,199.149,700,27.56,-1
-0.0,-0.2,0.5,0.0,-45.0,0.0,0,159.102,700,27.58,-1
-0.0,-0.2,0.55,0.0,-45.0,0.0,0,112.513,700,28.4,-1
-0.0,-0.2,0.6,0.0,-45.0,0.0,0,89.197,700,27.92,-1
-0.0,-0.2,0.65,0.0,-45.0,0.0,0,88.613,700,27.17,-1
-0.0,-0.2,0.7,0.0,-45.0,0.0,0,102.634,700,26.59,-1
-0.0,-0.2,0.75,0.0,-45.0,0.0,0,79.422,700,26.72,-1
-0.0,-0.2,0.8,0.0,-45.0,0.0,0,37.302,700,27.07,-1
-0.0,-0.2,0.85,0.0,-45.0,0.0,0,19.276,700,25.8,-1
-0.0,-0.2,0.9,0.0,-45.0,0.0,1,1.547,6,0.26,0
-0.0,-0.15,0.35,0.0,-45.0,0.0,0,252.018,700,27.8,-1
-0.0,-0.15,0.4,0.0,-45.0,0.0,0,271.387,700,27.65,-1
-0.0,-0.15,0.45,0.0,-45.0,0.0,0,229.314,700,27.54,-1
-0.0,-0.15,0.5,0.0,-45.0,0.0,0,187.017,700,27.72,-1
-0.0,-0.15,0.55,0.0,-45.0,0.0,0,151.41,700,28.24,-1
-0.0,-0.15,0.6,0.0,-45.0,0.0,0,136.541,700,27.91,-1
-0.0,-0.15,0.65,0.0,-45.0,0.0,0,137.26,700,27.14,-1
-0.0,-0.15,0.7,0.0,-45.0,0.0,0,149.01,700,26.6,-1
-0.0,-0.15,0.75,0.0,-45.0,0.0,0,106.964,700,27.08,-1
-0.0,-0.15,0.8,0.0,-45.0,0.0,0,74.511,700,27.12,-1
-0.0,-0.15,0.85,0.0,-45.0,0.0,0,28.51,700,26.41,-1
-0.0,-0.15,0.9,0.0,-45.0,0.0,0,11.933,700,26.43,-1
-0.0,-0.1,0.35,0.0,-45.0,0.0,0,51.658,700,27.67,-1
-0.0,-0.1,0.4,0.0,-45.0,0.0,0,286.965,700,27.89,-1
-0.0,-0.1,0.45,0.0,-45.0,0.0,0,259.464,700,27.52,-1
-0.0,-0.1,0.5,0.0,-45.0,0.0,0,224.081,700,27.73,-1
-0.0,-0.1,0.55,0.0,-45.0,0.0,0,195.187,700,28.14,-1
-0.0,-0.1,0.6,0.0,-45.0,0.0,0,184.797,700,27.83,-1
-0.0,-0.1,0.65,0.0,-45.0,0.0,0,186.182,700,27.02,-1
-0.0,-0.1,0.7,0.0,-45.0,0.0,0,198.728,700,27.06,-1
-0.0,-0.1,0.75,0.0,-45.0,0.0,0,142.404,700,27.07,-1
-0.0,-0.1,0.8,0.0,-45.0,0.0,0,118.772,700,27.11,-1
-0.0,-0.1,0.85,0.0,-45.0,0.0,0,61.591,700,26.55,-1
-0.0,-0.1,0.9,0.0,-45.0,0.0,0,40.789,700,26.46,-1
-0.0,-0.05,0.35,0.0,-45.0,0.0,0,43.458,700,27.87,-1
-0.0,-0.05,0.4,0.0,-45.0,0.0,0,33.372,700,28.01,-1
-0.0,-0.05,0.45,0.0,-45.0,0.0,0,287.185,700,27.8,-1
-0.0,-0.05,0.5,0.0,-45.0,0.0,0,266.062,700,27.69,-1
-0.0,-0.05,0.55,0.0,-45.0,0.0,0,241.215,700,28.02,-1
-0.0,-0.05,0.6,0.0,-45.0,0.0,0,233.363,700,27.82,-1
-0.0,-0.05,0.65,0.0,-45.0,0.0,0,235.173,700,27.11,-1
-0.0,-0.05,0.7,0.0,-45.0,0.0,0,245.867,700,27.09,-1
-0.0,-0.05,0.75,0.0,-45.0,0.0,0,182.843,700,27.37,-1
-0.0,-0.05,0.8,0.0,-45.0,0.0,0,164.206,700,27.0,-1
-0.0,-0.05,0.85,0.0,-45.0,0.0,0,84.089,700,26.37,-1
-0.0,-0.05,0.9,0.0,-45.0,0.0,0,60.106,700,26.42,-1
0.05,-0.5,0.35,0.0,-45.0,0.0,0,184.376,700,27.65,-1
0.05,-0.5,0.4,0.0,-45.0,0.0,0,173.587,700,27.51,-1
0.05,-0.5,0.45,0.0,-45.0,0.0,0,171.141,700,26.84,-1
0.05,-0.5,0.5,0.0,-45.0,0.0,0,210.909,700,26.5,-1
0.05,-0.5,0.55,0.0,-45.0,0.0,0,129.831,700,26.56,-1
0.05,-0.5,0.6,0.0,-45.0,0.0,0,94.556,700,26.44,-1
0.05,-0.5,0.65,0.0,-45.0,0.0,0,66.46,700,26.48,-1
0.05,-0.5,0.7,0.0,-45.0,0.0,0,24.555,700,27.0,-1
0.05,-0.5,0.75,0.0,-45.0,0.0,1,3.094,100,3.68,0
0.05,-0.5,0.8,0.0,-45.0,0.0,1,1.382,13,0.51,0
0.05,-0.5,0.85,0.0,-45.0,0.0,1,2.848,12,0.46,0
0.05,-0.5,0.9,0.0,-45.0,0.0,1,2.366,4,0.17,0
0.05,-0.45,0.35,0.0,-45.0,0.0,0,179.165,700,26.99,-1
0.05,-0.45,0.4,0.0,-45.0,0.0,0,177.25,700,26.9,-1
0.05,-0.45,0.45,0.0,-45.0,0.0,0,224.59,700,26.71,-1
0.05,-0.45,0.5,0.0,-45.0,0.0,0,189.254,700,26.43,-1
0.05,-0.45,0.55,0.0,-45.0,0.0,0,147.431,700,26.45,-1
0.05,-0.45,0.6,0.0,-45.0,0.0,0,71.003,700,26.47,-1
0.05,-0.45,0.65,0.0,-45.0,0.0,0,38.842,700,26.82,-1
0.05,-0.45,0.7,0.0,-45.0,0.0,0,25.408,700,26.4,-1
0.05,-0.45,0.75,0.0,-45.0,0.0,1,3.049,100,3.68,0
0.05,-0.45,0.8,0.0,-45.0,0.0,1,0.747,5,0.21,0
0.05,-0.45,0.85,0.0,-45.0,0.0,1,0.963,6,0.25,0
0.05,-0.45,0.9,0.0,-45.0,0.0,1,0.591,5,0.21,0
0.05,-0.4,0.35,0.0,-45.0,0.0,0,175.316,700,27.03,-1
0.05,-0.4,0.4,0.0,-45.0,0.0,0,239.246,700,26.96,-1
0.05,-0.4,0.45,0.0,-45.0,0.0,0,211.661,700,26.73,-1
0.05,-0.4,0.5,0.0,-45.0,0.0,0,171.846,700,26.49,-1
0.05,-0.4,0.55,0.0,-45.0,0.0,0,117.217,700,26.47,-1
0.05,-0.4,0.6,0.0,-45.0,0.0,0,52.233,700,26.47,-1
0.05,-0.4,0.65,0.0,-45.0,0.0,0,18.583,700,26.4,-1
0.05,-0.4,0.7,0.0,-45.0,0.0,1,5.472,100,3.76,0
0.05,-0.4,0.75,0.0,-45.0,0.0,1,3.054,100,3.68,0
0.05,-0.4,0.8,0.0,-45.0,0.0,1,1.202,6,0.24,0
0.05,-0.4,0.85,0.0,-45.0,0.0,1,0.947,6,0.25,0
0.05,-0.4,0.9,0.0,-45.0,0.0,1,5.479,100,3.68,0
0.05,-0.35,0.35,0.0,-45.0,0.0,0,237.482,700,27.12,-1
0.05,-0.35,0.4,0.0,-45.0,0.0,0,220.499,700,27.28,-1
0.05,-0.35,0.45,0.0,-45.0,0.0,0,197.871,700,26.79,-1
0.05,-0.35,0.5,0.0,-45.0,0.0,0,152.998,700,26.79,-1
0.05,-0.35,0.55,0.0,-45.0,0.0,0,92.067,700,26.78,-1
0.05,-0.35,0.6,0.0,-45.0,0.0,0,41.988,700,26.49,-1
0.05,-0.35,0.65,0.0,-45.0,0.0,1,5.847,100,3.77,0
0.05,-0.35,0.7,0.0,-45.0,0.0,1,4.572,100,3.68,0
0.05,-0.35,0.75,0.0,-45.0,0.0,1,3.074,100,3.69,0
0.05,-0.35,0.8,0.0,-45.0,0.0,1,1.392,6,0.25,0
0.05,-0.35,0.85,0.0,-45.0,0.0,1,0.932,6,0.25,0
0.05,-0.35,0.9,0.0,-45.0,0.0,1,5.805,100,3.67,0
0.05,-0.3,0.35,0.0,-45.0,0.0,0,226.526,700,27.23,-1
0.05,-0.3,0.4,0.0,-45.0,0.0,0,225.428,700,27.26,-1
0.05,-0.3,0.45,0.0,-45.0,0.0,0,188.047,700,27.07,-1
0.05,-0.3,0.5,0.0,-45.0,0.0,0,142.757,700,26.74,-1
0.05,-0.3,0.55,0.0,-45.0,0.0,0,92.064,700,26.79,-1
0.05,-0.3,0.6,0.0,-45.0,0.0,0,39.849,700,26.45,-1
0.05,-0.3,0.65,0.0,-45.0,0.0,1,2.371,5,0.22,0
0.05,-0.3,0.7,0.0,-45.0,0.0,1,4.653,100,3.67,0
0.05,-0.3,0.75,0.0,-45.0,0.0,1,3.105,100,3.71,0
0.05,-0.3,0.8,0.0,-45.0,0.0,1,1.711,6,0.27,0
0.05,-0.3,0.85,0.0,-45.0,0.0,1,1.039,6,0.25,0
0.05,-0.3,0.9,0.0,-45.0,0.0,1,0.912,6,0.25,0
0.05,-0.25,0.35,0.0,-45.0,0.0,0,175.917,700,27.25,-1
0.05,-0.25,0.4,0.0,-45.0,0.0,0,163.902,700,27.16,-1
0.05,-0.25,0.45,0.0,-45.0,0.0,0,187.955,700,27.34,-1
0.05,-0.25,0.5,0.0,-45.0,0.0,0,141.51,700,27.07,-1
0.05,-0.25,0.55,0.0,-45.0,0.0,0,99.486,700,27.31,-1
0.05,-0.25,0.6,0.0,-45.0,0.0,0,53.504,700,26.95,-1
0.05,-0.25,0.65,0.0,-45.0,0.0,0,36.536,700,26.86,-1
0.05,-0.25,0.7,0.0,-45.0,0.0,0,40.713,700,26.9,-1
0.05,-0.25,0.75,0.0,-45.0,0.0,0,28.825,700,26.33,-1
0.05,-0.25,0.8,0.0,-45.0,0.0,1,1.421,5,0.22,0
0.05,-0.25,0.85,0.0,-45.0,0.0,1,1.767,5,0.21,0
0.05,-0.25,0.9,0.0,-45.0,0.0,1,0.782,6,0.25,0
0.05,-0.2,0.35,0.0,-45.0,0.0,0,271.901,700,27.55,-1
0.05,-0.2,0.4,0.0,-45.0,0.0,0,160.503,700,27.63,-1
0.05,-0.2,0.45,0.0,-45.0,0.0,0,203.037,700,27.42,-1
0.05,-0.2,0.5,0.0,-45.0,0.0,0,163.843,700,27.37,-1
0.05,-0.2,0.55,0.0,-45.0,0.0,0,121.847,700,28.01,-1
0.05,-0.2,0.6,0.0,-45.0,0.0,0,92.982,700,27.79,-1
0.05,-0.2,0.65,0.0,-45.0,0.0,0,85.743,700,26.94,-1
0.05,-0.2,0.7,0.0,-45.0,0.0,0,88.225,700,26.99,-1
0.05,-0.2,0.75,0.0,-45.0,0.0,0,63.393,700,26.34,-1
0.05,-0.2,0.8,0.0,-45.0,0.0,0,28.026,700,26.94,-1
0.05,-0.2,0.85,0.0,-45.0,0.0,1,7.34,100,3.76,0
0.05,-0.2,0.9,0.0,-45.0,0.0,1,2.613,6,0.25,0
0.05,-0.15,0.35,0.0,-45.0,0.0,0,257.694,700,27.67,-1
0.05,-0.15,0.4,0.0,-45.0,0.0,0,261.158,700,27.97,-1
0.05,-0.15,0.45,0.0,-45.0,0.0,0,93.664,700,27.39,-1
0.05,-0.15,0.5,0.0,-45.0,0.0,0,189.733,700,27.73,-1
0.05,-0.15,0.55,0.0,-45.0,0.0,0,157.012,700,28.47,-1
0.05,-0.15,0.6,0.0,-45.0,0.0,0,138.78,700,27.88,-1
0.05,-0.15,0.65,0.0,-45.0,0.0,0,134.954,700,27.85,-1
0.05,-0.15,0.7,0.0,-45.0,0.0,0,136.965,700,26.97,-1
0.05,-0.15,0.75,0.0,-45.0,0.0,0,92.087,700,27.34,-1
0.05,-0.15,0.8,0.0,-45.0,0.0,0,69.821,700,26.94,-1
0.05,-0.15,0.85,0.0,-45.0,0.0,0,49.771,700,26.42,-1
0.05,-0.15,0.9,0.0,-45.0,0.0,0,30.699,700,26.29,-1
0.05,-0.1,0.35,0.0,-45.0,0.0,0,89.332,700,27.81,-1
0.05,-0.1,0.4,0.0,-45.0,0.0,0,302.667,700,28.28,-1
0.05,-0.1,0.45,0.0,-45.0,0.0,0,263.346,700,27.6,-1
0.05,-0.1,0.5,0.0,-45.0,0.0,0,227.935,700,27.6,-1
0.05,-0.1,0.55,0.0,-45.0,0.0,0,198.313,700,27.95,-1
0.05,-0.1,0.6,0.0,-45.0,0.0,0,186.251,700,27.72,-1
0.05,-0.1,0.65,0.0,-45.0,0.0,0,184.124,700,27.75,-1
0.05,-0.1,0.7,0.0,-45.0,0.0,0,185.931,700,27.07,-1
0.05,-0.1,0.75,0.0,-45.0,0.0,0,131.022,700,27.44,-1
0.05,-0.1,0.8,0.0,-45.0,0.0,0,115.465,700,27.49,-1
0.05,-0.1,0.85,0.0,-45.0,0.0,0,88.545,700,26.33,-1
0.05,-0.1,0.9,0.0,-45.0,0.0,0,63.074,700,26.29,-1
0.05,-0.05,0.35,0.0,-45.0,0.0,0,358.189,700,28.28,-1
0.05,-0.05,0.4,0.0,-45.0,0.0,0,77.319,700,28.22,-1
0.05,-0.05,0.45,0.0,-45.0,0.0,0,297.566,700,27.78,-1
0.05,-0.05,0.5,0.0,-45.0,0.0,0,269.315,700,27.55,-1
0.05,-0.05,0.55,0.0,-45.0,0.0,0,243.91,700,27.87,-1
0.05,-0.05,0.6,0.0,-45.0,0.0,0,234.343,700,27.82,-1
0.05,-0.05,0.65,0.0,-45.0,0.0,0,233.243,700,27.77,-1
0.05,-0.05,0.7,0.0,-45.0,0.0,0,234.945,700,27.7,-1
0.05,-0.05,0.75,0.0,-45.0,0.0,0,173.311,700,27.76,-1
0.05,-0.05,0.8,0.0,-45.0,0.0,0,137.603,700,27.33,-1
0.05,-0.05,0.85,0.0,-45.0,0.0,0,117.91,700,26.36,-1
0.05,-0.05,0.9,0.0,-45.0,0.0,0,86.118,700,26.33,-1
0.1,-0.5,0.35,0.0,-45.0,0.0,0,212.149,700,27.7,-1
0.1,-0.5,0.4,0.0,-45.0,0.0,0,140.34,700,27.5,-1
0.1,-0.5,0.45,0.0,-45.0,0.0,0,212.443,700,26.79,-1
0.1,-0.5,0.5,0.0,-45.0,0.0,0,216.145,700,26.88,-1
0.1,-0.5,0.55,0.0,-45.0,0.0,0,172.539,700,26.59,-1
0.1,-0.5,0.6,0.0,-45.0,0.0,0,100.377,700,26.69,-1
0.1,-0.5,0.65,0.0,-45.0,0.0,0,61.059,700,26.72,-1
0.1,-0.5,0.7,0.0,-45.0,0.0,0,48.278,700,26.4,-1
0.1,-0.5,0.75,0.0,-45.0,0.0,0,22.98,700,26.34,-1
0.1,-0.5,0.8,0.0,-45.0,0.0,1,2.392,13,0.52,0
0.1,-0.5,0.85,0.0,-45.0,0.0,1,2.064,8,0.32,0
0.1,-0.5,0.9,0.0,-45.0,0.0,1,1.786,7,0.28,0
0.1,-0.45,0.35,0.0,-45.0,0.0,0,206.334,700,26.95,-1
0.1,-0.45,0.4,0.0,-45.0,0.0,0,207.59,700,26.81,-1
0.1,-0.45,0.45,0.0,-45.0,0.0,0,200.764,700,26.69,-1
0.1,-0.45,0.5,0.0,-45.0,0.0,0,162.248,700,26.66,-1
0.1,-0.45,0.55,0.0,-45.0,0.0,0,118.533,700,26.61,-1
0.1,-0.45,0.6,0.0,-45.0,0.0,0,88.69,700,26.7,-1
0.1,-0.45,0.65,0.0,-45.0,0.0,0,54.344,700,26.62,-1
0.1,-0.45,0.7,0.0,-45.0,0.0,0,26.189,700,26.55,-1
0.1,-0.45,0.75,0.0,-45.0,0.0,0,25.078,700,26.33,-1
0.1,-0.45,0.8,0.0,-45.0,0.0,1,2.18,306,11.67,3
0.1,-0.45,0.85,0.0,-45.0,0.0,1,1.711,8,0.33,0
0.1,-0.45,0.9,0.0,-45.0,0.0,1,0.895,10,0.39,0
0.1,-0.4,0.35,0.0,-45.0,0.0,0,200.32,700,26.9,-1
0.1,-0.4,0.4,0.0,-45.0,0.0,0,212.198,700,26.82,-1
0.1,-0.4,0.45,0.0,-45.0,0.0,0,217.59,700,26.86,-1
0.1,-0.4,0.5,0.0,-45.0,0.0,0,186.61,700,26.7,-1
0.1,-0.4,0.55,0.0,-45.0,0.0,0,101.496,700,26.51,-1
0.1,-0.4,0.6,0.0,-45.0,0.0,0,67.678,700,26.63,-1
0.1,-0.4,0.65,0.0,-45.0,0.0,0,53.048,700,26.35,-1
0.1,-0.4,0.7,0.0,-45.0,0.0,0,43.979,700,26.35,-1
0.1,-0.4,0.75,0.0,-45.0,0.0,0,27.033,700,26.36,-1
0.1,-0.4,0.8,0.0,-45.0,0.0,1,1.818,306,11.67,3
0.1,-0.4,0.85,0.0,-45.0,0.0,1,1.072,207,8.03,2
0.1,-0.4,0.9,0.0,-45.0,0.0,1,0.757,8,0.33,0
0.1,-0.35,0.35,0.0,-45.0,0.0,0,196.448,700,27.14,-1
0.1,-0.35,0.4,0.0,-45.0,0.0,0,225.043,700,26.89,-1
0.1,-0.35,0.45,0.0,-45.0,0.0,0,181.261,700,26.89,-1
0.1,-0.35,0.5,0.0,-45.0,0.0,0,125.79,700,26.68,-1
0.1,-0.35,0.55,0.0,-45.0,0.0,0,128.663,700,26.74,-1
0.1,-0.35,0.6,0.0,-45.0,0.0,0,68.995,700,26.62,-1
0.1,-0.35,0.65,0.0,-45.0,0.0,0,42.831,700,26.33,-1
0.1,-0.35,0.7,0.0,-45.0,0.0,0,33.173,700,26.3,-1
0.1,-0.35,0.75,0.0,-45.0,0.0,0,28.828,700,26.36,-1
0.1,-0.35,0.8,0.0,-45.0,0.0,1,2.626,305,11.66,3
0.1,-0.35,0.85,0.0,-45.0,0.0,1,1.455,210,8.11,2
0.1,-0.35,0.9,0.0,-45.0,0.0,1,0.631,207,7.97,2
0.1,-0.3,0.35,0.0,-45.0,0.0,0,195.433,700,26.94,-1
0.1,-0.3,0.4,0.0,-45.0,0.0,0,203.046,700,26.91,-1
0.1,-0.3,0.45,0.0,-45.0,0.0,0,173.081,700,26.86,-1
0.1,-0.3,0.5,0.0,-45.0,0.0,0,134.894,700,26.82,-1
0.1,-0.3,0.55,0.0,-45.0,0.0,0,115.578,700,26.76,-1
0.1,-0.3,0.6,0.0,-45.0,0.0,0,67.654,700,26.72,-1
0.1,-0.3,0.65,0.0,-45.0,0.0,0,40.722,700,26.41,-1
0.1,-0.3,0.7,0.0,-45.0,0.0,0,30.697,700,26.45,-1
0.1,-0.3,0.75,0.0,-45.0,0.0,0,30.374,700,26.47,-1
0.1,-0.3,0.8,0.0,-45.0,0.0,1,1.691,8,0.33,0
0.1,-0.3,0.85,0.0,-45.0,0.0,1,1.171,8,0.33,0
0.1,-0.3,0.9,0.0,-45.0,0.0,1,0.689,11,0.44,0
0.1,-0.25,0.35,0.0,-45.0,0.0,0,199.681,700,27.16,-1
0.1,-0.25,0.4,0.0,-45.0,0.0,0,209.895,700,27.3,-1
0.1,-0.25,0.45,0.0,-45.0,0.0,0,168.566,700,27.17,-1
0.1,-0.25,0.5,0.0,-45.0,0.0,0,150.138,700,27.24,-1
0.1,-0.25,0.55,0.0,-45.0,0.0,0,120.332,700,27.45,-1
0.1,-0.25,0.6,0.0,-45.0,0.0,0,76.745,700,27.29,-1
0.1,-0.25,0.65,0.0,-45.0,0.0,0,54.158,700,27.13,-1
0.1,-0.25,0.7,0.0,-45.0,0.0,0,47.122,700,26.95,-1
0.1,-0.25,0.75,0.0,-45.0,0.0,0,31.776,700,26.96,-1
0.1,-0.25,0.8,0.0,-45.0,0.0,1,1.93,6,0.25,0
0.1,-0.25,0.85,0.0,-45.0,0.0,1,1.187,8,0.33,0
0.1,-0.25,0.9,0.0,-45.0,0.0,1,2.47,6,0.25,0
0.1,-0.2,0.35,0.0,-45.0,0.0,0,158.491,700,27.49,-1
0.1,-0.2,0.4,0.0,-45.0,0.0,0,202.257,700,27.59,-1
0.1,-0.2,0.45,0.0,-45.0,0.0,0,177.852,700,27.65,-1
0.1,-0.2,0.5,0.0,-45.0,0.0,0,176.491,700,27.38,-1
0.1,-0.2,0.55,0.0,-45.0,0.0,0,141.553,700,27.67,-1
0.1,-0.2,0.6,0.0,-45.0,0.0,0,107.218,700,28.07,-1
0.1,-0.2,0.65,0.0,-45.0,0.0,0,93.332,700,27.76,-1
0.1,-0.2,0.7,0.0,-45.0,0.0,0,89.785,700,27.61,-1
0.1,-0.2,0.75,0.0,-45.0,0.0,0,45.115,700,27.64,-1
0.1,-0.2,0.8,0.0,-45.0,0.0,0,20.269,700,26.34,-1
0.1,-0.2,0.85,0.0,-45.0,0.0,0,14.536,700,26.41,-1
0.1,-0.2,0.9,0.0,-45.0,0.0,1,2.381,7,0.29,0
0.1,-0.15,0.35,0.0,-45.0,0.0,0,269.372,700,27.59,-1
0.1,-0.15,0.4,0.0,-45.0,0.0,0,247.57,700,28.1,-1
0.1,-0.15,0.45,0.0,-45.0,0.0,0,239.84,700,28.15,-1
0.1,-0.15,0.5,0.0,-45.0,0.0,0,206.427,700,27.47,-1
0.1,-0.15,0.55,0.0,-45.0,0.0,0,173.148,700,28.09,-1
0.1,-0.15,0.6,0.0,-45.0,0.0,0,148.067,700,28.13,-1
0.1,-0.15,0.65,0.0,-45.0,0.0,0,138.995,700,27.79,-1
0.1,-0.15,0.7,0.0,-45.0,0.0,0,136.881,700,27.73,-1
0.1,-0.15,0.75,0.0,-45.0,0.0,0,78.33,700,28.02,-1
0.1,-0.15,0.8,0.0,-45.0,0.0,0,65.771,700,27.27,-1
0.1,-0.15,0.85,0.0,-45.0,0.0,0,58.192,700,26.34,-1
0.1,-0.15,0.9,0.0,-45.0,0.0,0,38.358,700,26.36,-1
0.1,-0.1,0.35,0.0,-45.0,0.0,0,337.071,700,28.15,-1
0.1,-0.1,0.4,0.0,-45.0,0.0,0,297.7,700,27.96,-1
0.1,-0.1,0.45,0.0,-45.0,0.0,0,270.98,700,28.24,-1
0.1,-0.1,0.5,0.0,-45.0,0.0,0,238.506,700,27.66,-1
0.1,-0.1,0.55,0.0,-45.0,0.0,0,211.486,700,28.03,-1
0.1,-0.1,0.6,0.0,-45.0,0.0,0,192.763,700,28.13,-1
0.1,-0.1,0.65,0.0,-45.0,0.0,0,186.395,700,27.78,-1
0.1,-0.1,0.7,0.0,-45.0,0.0,0,185.014,700,27.86,-1
0.1,-0.1,0.75,0.0,-45.0,0.0,0,120.795,700,28.04,-1
0.1,-0.1,0.8,0.0,-45.0,0.0,0,112.601,700,27.41,-1
0.1,-0.1,0.85,0.0,-45.0,0.0,0,99.42,700,26.38,-1
0.1,-0.1,0.9,0.0,-45.0,0.0,0,72.439,700,26.34,-1
0.1,-0.05,0.35,0.0,-45.0,0.0,0,354.62,700,28.24,-1
0.1,-0.05,0.4,0.0,-45.0,0.0,0,121.649,700,28.11,-1
0.1,-0.05,0.45,0.0,-45.0,0.0,0,298.695,700,28.5,-1
0.1,-0.05,0.5,0.0,-45.0,0.0,0,278.319,700,27.64,-1
0.1,-0.05,0.55,0.0,-45.0,0.0,0,255.19,700,27.99,-1
0.1,-0.05,0.6,0.0,-45.0,0.0,0,239.121,700,28.09,-1
0.1,-0.05,0.65,0.0,-45.0,0.0,0,234.434,700,28.01,-1
0.1,-0.05,0.7,0.0,-45.0,0.0,0,233.505,700,27.73,-1
0.1,-0.05,0.75,0.0,-45.0,0.0,0,165.45,700,27.93,-1
0.1,-0.05,0.8,0.0,-45.0,0.0,0,159.474,700,27.66,-1
0.1,-0.05,0.85,0.0,-45.0,0.0,0,134.224,700,27.02,-1
0.1,-0.05,0.9,0.0,-45.0,0.0,0,98.318,700,26.37,-1
0.15,-0.5,0.35,0.0,-45.0,0.0,0,240.887,700,27.59,-1
0.15,-0.5,0.4,0.0,-45.0,0.0,0,216.828,700,27.05,-1
0.15,-0.5,0.45,0.0,-45.0,0.0,0,232.851,700,26.92,-1
0.15,-0.5,0.5,0.0,-45.0,0.0,0,141.152,700,27.26,-1
0.15,-0.5,0.55,0.0,-45.0,0.0,0,142.525,700,26.83,-1
0.15,-0.5,0.6,0.0,-45.0,0.0,0,109.125,700,26.93,-1
0.15,-0.5,0.65,0.0,-45.0,0.0,0,96.725,700,26.79,-1
0.15,-0.5,0.7,0.0,-45.0,0.0,0,71.493,700,26.34,-1
0.15,-0.5,0.75,0.0,-45.0,0.0,0,46.145,700,26.42,-1
0.15,-0.5,0.8,0.0,-45.0,0.0,0,23.162,700,26.36,-1
0.15,-0.5,0.85,0.0,-45.0,0.0,1,6.911,100,3.69,0
0.15,-0.5,0.9,0.0,-45.0,0.0,1,2.953,16,0.62,0
0.15,-0.45,0.35,0.0,-45.0,0.0,0,231.899,700,26.83,-1
0.15,-0.45,0.4,0.0,-45.0,0.0,0,205.904,700,27.19,-1
0.15,-0.45,0.45,0.0,-45.0,0.0,0,187.317,700,26.78,-1
0.15,-0.45,0.5,0.0,-45.0,0.0,0,144.336,700,26.82,-1
0.15,-0.45,0.55,0.0,-45.0,0.0,0,159.531,700,26.81,-1
0.15,-0.45,0.6,0.0,-45.0,0.0,0,118.198,700,26.95,-1
0.15,-0.45,0.65,0.0,-45.0,0.0,0,104.829,700,26.73,-1
0.15,-0.45,0.7,0.0,-45.0,0.0,0,77.5,700,26.49,-1
0.15,-0.45,0.75,0.0,-45.0,0.0,0,50.148,700,26.42,-1
0.15,-0.45,0.8,0.0,-45.0,0.0,0,23.068,700,26.38,-1
0.15,-0.45,0.85,0.0,-45.0,0.0,1,7.421,100,3.67,0
0.15,-0.45,0.9,0.0,-45.0,0.0,1,2.746,10,0.39,0
0.15,-0.4,0.35,0.0,-45.0,0.0,0,223.398,700,26.93,-1
0.15,-0.4,0.4,0.0,-45.0,0.0,0,168.659,700,26.87,-1
0.15,-0.4,0.45,0.0,-45.0,0.0,0,180.795,700,26.82,-1
0.15,-0.4,0.5,0.0,-45.0,0.0,0,171.434,700,26.72,-1
0.15,-0.4,0.55,0.0,-45.0,0.0,0,109.685,700,26.67,-1
0.15,-0.4,0.6,0.0,-45.0,0.0,0,117.214,700,26.48,-1
0.15,-0.4,0.65,0.0,-45.0,0.0,0,91.918,700,26.62,-1
0.15,-0.4,0.7,0.0,-45.0,0.0,0,70.069,700,26.53,-1
0.15,-0.4,0.75,0.0,-45.0,0.0,0,53.925,700,26.29,-1
0.15,-0.4,0.8,0.0,-45.0,0.0,0,25.137,700,26.63,-1
0.15,-0.4,0.85,0.0,-45.0,0.0,1,2.607,306,11.68,3
0.15,-0.4,0.9,0.0,-45.0,0.0,1,1.808,11,0.44,0
0.15,-0.35,0.35,0.0,-45.0,0.0,0,218.082,700,27.07,-1
0.15,-0.35,0.4,0.0,-45.0,0.0,0,225.735,700,26.85,-1
0.15,-0.35,0.45,0.0,-45.0,0.0,0,211.941,700,26.92,-1
0.15,-0.35,0.5,0.0,-45.0,0.0,0,146.87,700,26.8,-1
0.15,-0.35,0.55,0.0,-45.0,0.0,0,66.946,700,26.82,-1
0.15,-0.35,0.6,0.0,-45.0,0.0,0,81.309,700,26.65,-1
0.15,-0.35,0.65,0.0,-45.0,0.0,0,63.247,700,26.7,-1
0.15,-0.35,0.7,0.0,-45.0,0.0,0,77.054,700,26.67,-1
0.15,-0.35,0.75,0.0,-45.0,0.0,0,56.953,700,27.05,-1
0.15,-0.35,0.8,0.0,-45.0,0.0,0,26.82,700,26.66,-1
0.15,-0.35,0.85,0.0,-45.0,0.0,1,1.579,307,11.74,3
0.15,-0.35,0.9,0.0,-45.0,0.0,1,2.549,207,7.99,2
0.15,-0.3,0.35,0.0,-45.0,0.0,0,217.421,700,26.95,-1
0.15,-0.3,0.4,0.0,-45.0,0.0,0,193.305,700,26.97,-1
0.15,-0.3,0.45,0.0,-45.0,0.0,0,181.484,700,27.03,-1
0.15,-0.3,0.5,0.0,-45.0,0.0,0,117.625,700,26.98,-1
0.15,-0.3,0.55,0.0,-45.0,0.0,0,86.975,700,26.97,-1
0.15,-0.3,0.6,0.0,-45.0,0.0,0,91.228,700,27.05,-1
0.15,-0.3,0.65,0.0,-45.0,0.0,0,72.021,700,27.01,-1
0.15,-0.3,0.7,0.0,-45.0,0.0,0,55.734,700,26.74,-1
0.15,-0.3,0.75,0.0,-45.0,0.0,0,60.344,700,27.04,-1
0.15,-0.3,0.8,0.0,-45.0,0.0,0,28.094,700,26.78,-1
0.15,-0.3,0.85,0.0,-45.0,0.0,1,6.916,400,15.15,3
0.15,-0.3,0.9,0.0,-45.0,0.0,1,2.804,207,8.03,2
0.15,-0.25,0.35,0.0,-45.0,0.0,0,167.102,700,27.09,-1
0.15,-0.25,0.4,0.0,-45.0,0.0,0,254.617,700,27.28,-1
0.15,-0.25,0.45,0.0,-45.0,0.0,0,157.988,700,27.35,-1
0.15,-0.25,0.5,0.0,-45.0,0.0,0,171.167,700,27.3,-1
0.15,-0.25,0.55,0.0,-45.0,0.0,0,119.906,700,27.22,-1
0.15,-0.25,0.6,0.0,-45.0,0.0,0,106.612,700,27.31,-1
0.15,-0.25,0.65,0.0,-45.0,0.0,0,93.89,700,27.4,-1
0.15,-0.25,0.7,0.0,-45.0,0.0,0,86.662,700,27.68,-1
0.15,-0.25,0.75,0.0,-45.0,0.0,0,62.547,700,27.4,-1
0.15,-0.25,0.8,0.0,-45.0,0.0,0,29.89,700,27.21,-1
0.15,-0.25,0.85,0.0,-45.0,0.0,1,6.206,400,15.43,3
0.15,-0.25,0.9,0.0,-45.0,0.0,1,2.442,210,8.29,2
0.15,-0.2,0.35,0.0,-45.0,0.0,0,203.58,700,27.16,-1
0.15,-0.2,0.4,0.0,-45.0,0.0,0,197.788,700,27.65,-1
0.15,-0.2,0.45,0.0,-45.0,0.0,0,204.335,700,27.85,-1
0.15,-0.2,0.5,0.0,-45.0,0.0,0,176.302,700,27.61,-1
0.15,-0.2,0.55,0.0,-45.0,0.0,0,139.982,700,27.47,-1
0.15,-0.2,0.6,0.0,-45.0,0.0,0,141.655,700,27.68,-1
0.15,-0.2,0.65,0.0,-45.0,0.0,0,118.897,700,27.99,-1
0.15,-0.2,0.7,0.0,-45.0,0.0,0,103.847,700,28.02,-1
0.15,-0.2,0.75,0.0,-45.0,0.0,0,66.585,700,27.61,-1
0.15,-0.2,0.8,0.0,-45.0,0.0,0,35.287,700,27.76,-1
0.15,-0.2,0.85,0.0,-45.0,0.0,0,11.161,700,27.0,-1
0.15,-0.2,0.9,0.0,-45.0,0.0,1,2.556,206,8.33,2
0.15,-0.15,0.35,0.0,-45.0,0.0,0,273.16,700,27.66,-1
0.15,-0.15,0.4,0.0,-45.0,0.0,0,257.826,700,28.16,-1
0.15,-0.15,0.45,0.0,-45.0,0.0,0,226.183,700,28.24,-1
0.15,-0.15,0.5,0.0,-45.0,0.0,0,212.89,700,27.8,-1
0.15,-0.15,0.55,0.0,-45.0,0.0,0,200.09,700,27.64,-1
0.15,-0.15,0.6,0.0,-45.0,0.0,0,173.292,700,27.95,-1
0.15,-0.15,0.65,0.0,-45.0,0.0,0,155.715,700,28.02,-1
0.15,-0.15,0.7,0.0,-45.0,0.0,0,120.521,700,28.05,-1
0.15,-0.15,0.75,0.0,-45.0,0.0,0,91.733,700,27.8,-1
0.15,-0.15,0.8,0.0,-45.0,0.0,0,69.23,700,27.81,-1
0.15,-0.15,0.85,0.0,-45.0,0.0,0,52.215,700,27.08,-1
0.15,-0.15,0.9,0.0,-45.0,0.0,0,33.802,700,27.11,-1
0.15,-0.1,0.35,0.0,-45.0,0.0,0,283.986,700,27.95,-1
0.15,-0.1,0.4,0.0,-45.0,0.0,0,305.11,700,27.96,-1
0.15,-0.1,0.45,0.0,-45.0,0.0,0,281.113,700,27.84,-1
0.15,-0.1,0.5,0.0,-45.0,0.0,0,250.938,700,27.75,-1
0.15,-0.1,0.55,0.0,-45.0,0.0,0,231.642,700,27.6,-1
0.15,-0.1,0.6,0.0,-45.0,0.0,0,211.64,700,27.99,-1
0.15,-0.1,0.65,0.0,-45.0,0.0,0,198.327,700,27.98,-1
0.15,-0.1,0.7,0.0,-45.0,0.0,0,195.536,700,28.14,-1
0.15,-0.1,0.75,0.0,-45.0,0.0,0,129.776,700,27.71,-1
0.15,-0.1,0.8,0.0,-45.0,0.0,0,109.48,700,27.74,-1
0.15,-0.1,0.85,0.0,-45.0,0.0,0,90.488,700,27.37,-1
0.15,-0.1,0.9,0.0,-45.0,0.0,0,66.705,700,26.88,-1
0.15,-0.05,0.35,0.0,-45.0,0.0,0,392.518,700,28.24,-1
0.15,-0.05,0.4,0.0,-45.0,0.0,0,347.166,700,27.98,-1
0.15,-0.05,0.45,0.0,-45.0,0.0,0,313.497,700,28.31,-1
0.15,-0.05,0.5,0.0,-45.0,0.0,0,289.082,700,27.99,-1
0.15,-0.05,0.55,0.0,-45.0,0.0,0,272.46,700,27.63,-1
0.15,-0.05,0.6,0.0,-45.0,0.0,0,255.054,700,27.57,-1
0.15,-0.05,0.65,0.0,-45.0,0.0,0,244.345,700,27.82,-1
0.15,-0.05,0.7,0.0,-45.0,0.0,0,241.843,700,27.84,-1
0.15,-0.05,0.75,0.0,-45.0,0.0,0,172.539,700,27.59,-1
0.15,-0.05,0.8,0.0,-45.0,0.0,0,146.833,700,27.92,-1
0.15,-0.05,0.85,0.0,-45.0,0.0,0,122.737,700,27.07,-1
0.15,-0.05,0.9,0.0,-45.0,0.0,0,92.211,700,27.14,-1
0.2,-0.5,0.35,0.0,-45.0,0.0,0,268.199,700,27.2,-1
0.2,-0.5,0.4,0.0,-45.0,0.0,0,263.901,700,27.44,-1
0.2,-0.5,0.45,0.0,-45.0,0.0,0,236.647,700,26.99,-1
0.2,-0.5,0.5,0.0,-45.0,0.0,0,167.42,700,27.12,-1
0.2,-0.5,0.55,0.0,-45.0,0.0,0,173.427,700,26.91,-1
0.2,-0.5,0.6,0.0,-45.0,0.0,0,144.629,700,26.92,-1
0.2,-0.5,0.65,0.0,-45.0,0.0,0,118.057,700,26.49,-1
0.2,-0.5,0.7,0.0,-45.0,0.0,0,93.429,700,26.25,-1
0.2,-0.5,0.75,0.0,-45.0,0.0,0,69.454,700,26.25,-1
0.2,-0.5,0.8,0.0,-45.0,0.0,0,43.48,700,26.28,-1
0.2,-0.5,0.85,0.0,-45.0,0.0,0,20.602,700,26.29,-1
0.2,-0.5,0.9,0.0,-45.0,0.0,0,14.155,700,26.33,-1
0.2,-0.45,0.35,0.0,-45.0,0.0,0,237.563,700,27.02,-1
0.2,-0.45,0.4,0.0,-45.0,0.0,0,267.637,700,27.27,-1
0.2,-0.45,0.45,0.0,-45.0,0.0,0,188.048,700,26.93,-1
0.2,-0.45,0.5,0.0,-45.0,0.0,0,207.919,700,27.08,-1
0.2,-0.45,0.55,0.0,-45.0,0.0,0,156.847,700,27.12,-1
0.2,-0.45,0.6,0.0,-45.0,0.0,0,154.48,700,26.82,-1
0.2,-0.45,0.65,0.0,-45.0,0.0,0,127.87,700,26.55,-1
0.2,-0.45,0.7,0.0,-45.0,0.0,0,100.62,700,26.54,-1
0.2,-0.45,0.75,0.0,-45.0,0.0,0,73.64,700,26.52,-1
0.2,-0.45,0.8,0.0,-45.0,0.0,0,49.103,700,26.44,-1
0.2,-0.45,0.85,0.0,-45.0,0.0,0,21.49,700,26.42,-1
0.2,-0.45,0.9,0.0,-45.0,0.0,1,4.657,100,3.68,0
0.2,-0.4,0.35,0.0,-45.0,0.0,0,244.458,700,27.04,-1
0.2,-0.4,0.4,0.0,-45.0,0.0,0,138.527,700,26.98,-1
0.2,-0.4,0.45,0.0,-45.0,0.0,0,200.849,700,26.75,-1
0.2,-0.4,0.5,0.0,-45.0,0.0,0,167.852,700,26.85,-1
0.2,-0.4,0.55,0.0,-45.0,0.0,0,77.672,700,26.67,-1
0.2,-0.4,0.6,0.0,-45.0,0.0,0,156.631,700,26.62,-1
0.2,-0.4,0.65,0.0,-45.0,0.0,0,137.732,700,26.55,-1
0.2,-0.4,0.7,0.0,-45.0,0.0,0,108.093,700,26.69,-1
0.2,-0.4,0.75,0.0,-45.0,0.0,0,78.644,700,26.35,-1
0.2,-0.4,0.8,0.0,-45.0,0.0,0,51.24,700,26.41,-1
0.2,-0.4,0.85,0.0,-45.0,0.0,0,22.714,700,26.51,-1
0.2,-0.4,0.9,0.0,-45.0,0.0,1,4.246,100,3.68,0
0.2,-0.35,0.35,0.0,-45.0,0.0,0,238.694,700,26.97,-1
0.2,-0.35,0.4,0.0,-45.0,0.0,0,242.84,700,26.91,-1
0.2,-0.35,0.45,0.0,-45.0,0.0,0,96.881,700,26.94,-1
0.2,-0.35,0.5,0.0,-45.0,0.0,0,199.263,700,27.17,-1
0.2,-0.35,0.55,0.0,-45.0,0.0,0,105.828,700,26.92,-1
0.2,-0.35,0.6,0.0,-45.0,0.0,0,133.244,700,26.74,-1
0.2,-0.35,0.65,0.0,-45.0,0.0,0,41.323,700,26.73,-1
0.2,-0.35,0.7,0.0,-45.0,0.0,0,115.106,700,26.69,-1
0.2,-0.35,0.75,0.0,-45.0,0.0,0,29.506,700,26.93,-1
0.2,-0.35,0.8,0.0,-45.0,0.0,0,54.107,700,26.42,-1
0.2,-0.35,0.85,0.0,-45.0,0.0,0,28.179,700,26.93,-1
0.2,-0.35,0.9,0.0,-45.0,0.0,1,2.49,220,8.49,2
0.2,-0.3,0.35,0.0,-45.0,0.0,0,238.435,700,27.08,-1
0.2,-0.3,0.4,0.0,-45.0,0.0,0,177.665,700,27.26,-1
0.2,-0.3,0.45,0.0,-45.0,0.0,0,217.821,700,27.07,-1
0.2,-0.3,0.5,0.0,-45.0,0.0,0,118.573,700,27.29,-1
0.2,-0.3,0.55,0.0,-45.0,0.0,0,143.142,700,27.18,-1
0.2,-0.3,0.6,0.0,-45.0,0.0,0,113.446,700,27.04,-1
0.2,-0.3,0.65,0.0,-45.0,0.0,0,77.227,700,26.84,-1
0.2,-0.3,0.7,0.0,-45.0,0.0,0,88.275,700,26.77,-1
0.2,-0.3,0.75,0.0,-45.0,0.0,0,59.004,700,27.04,-1
0.2,-0.3,0.8,0.0,-45.0,0.0,0,57.921,700,26.99,-1
0.2,-0.3,0.85,0.0,-45.0,0.0,0,28.178,700,27.03,-1
0.2,-0.3,0.9,0.0,-45.0,0.0,1,3.578,400,15.16,3
0.2,-0.25,0.35,0.0,-45.0,0.0,0,237.688,700,27.79,-1
0.2,-0.25,0.4,0.0,-45.0,0.0,0,176.123,700,27.35,-1
0.2,-0.25,0.45,0.0,-45.0,0.0,0,123.227,700,27.4,-1
0.2,-0.25,0.5,0.0,-45.0,0.0,0,87.252,700,27.29,-1
0.2,-0.25,0.55,0.0,-45.0,0.0,0,96.541,700,27.33,-1
0.2,-0.25,0.6,0.0,-45.0,0.0,0,107.86,700,27.32,-1
0.2,-0.25,0.65,0.0,-45.0,0.0,0,102.053,700,27.36,-1
0.2,-0.25,0.7,0.0,-45.0,0.0,0,83.65,700,27.3,-1
0.2,-0.25,0.75,0.0,-45.0,0.0,0,181.25,700,27.69,-1
0.2,-0.25,0.8,0.0,-45.0,0.0,0,60.058,700,27.64,-1
0.2,-0.25,0.85,0.0,-45.0,0.0,0,28.178,700,27.59,-1
0.2,-0.25,0.9,0.0,-45.0,0.0,1,2.997,308,11.89,3
0.2,-0.2,0.35,0.0,-45.0,0.0,0,197.212,700,27.44,-1
0.2,-0.2,0.4,0.0,-45.0,0.0,0,235.087,700,27.72,-1
0.2,-0.2,0.45,0.0,-45.0,0.0,0,170.02,700,27.61,-1
0.2,-0.2,0.5,0.0,-45.0,0.0,0,226.687,700,27.64,-1
0.2,-0.2,0.55,0.0,-45.0,0.0,0,152.103,700,27.9,-1
0.2,-0.2,0.6,0.0,-45.0,0.0,0,166.782,700,27.56,-1
0.2,-0.2,0.65,0.0,-45.0,0.0,0,128.127,700,27.4,-1
0.2,-0.2,0.7,0.0,-45.0,0.0,0,120.272,700,27.48,-1
0.2,-0.2,0.75,0.0,-45.0,0.0,0,95.576,700,27.73,-1
0.2,-0.2,0.8,0.0,-45.0,0.0,0,60.73,700,27.88,-1
0.2,-0.2,0.85,0.0,-45.0,0.0,0,28.18,700,27.84,-1
0.2,-0.2,0.9,0.0,-45.0,0.0,1,2.523,208,8.33,2
0.2,-0.15,0.35,0.0,-45.0,0.0,0,225.03,700,27.65,-1
0.2,-0.15,0.4,0.0,-45.0,0.0,0,283.14,700,28.0,-1
0.2,-0.15,0.45,0.0,-45.0,0.0,0,251.538,700,28.15,-1
0.2,-0.15,0.5,0.0,-45.0,0.0,0,224.748,700,28.04,-1
0.2,-0.15,0.55,0.0,-45.0,0.0,0,218.316,700,28.02,-1
0.2,-0.15,0.6,0.0,-45.0,0.0,0,182.167,700,27.94,-1
0.2,-0.15,0.65,0.0,-45.0,0.0,0,188.139,700,27.69,-1
0.2,-0.15,0.7,0.0,-45.0,0.0,0,139.189,700,27.69,-1
0.2,-0.15,0.75,0.0,-45.0,0.0,0,110.467,700,27.59,-1
0.2,-0.15,0.8,0.0,-45.0,0.0,0,157.447,700,27.93,-1
0.2,-0.15,0.85,0.0,-45.0,0.0,0,45.769,700,27.92,-1
0.2,-0.15,0.9,0.0,-45.0,0.0,0,18.396,700,27.44,-1
0.2,-0.1,0.35,0.0,-45.0,0.0,0,257.222,700,27.68,-1
0.2,-0.1,0.4,0.0,-45.0,0.0,0,163.462,700,27.43,-1
0.2,-0.1,0.45,0.0,-45.0,0.0,0,301.231,700,28.33,-1
0.2,-0.1,0.5,0.0,-45.0,0.0,0,276.082,700,28.06,-1
0.2,-0.1,0.55,0.0,-45.0,0.0,0,250.336,700,28.04,-1
0.2,-0.1,0.6,0.0,-45.0,0.0,0,232.57,700,28.13,-1
0.2,-0.1,0.65,0.0,-45.0,0.0,0,223.633,700,28.06,-1
0.2,-0.1,0.7,0.0,-45.0,0.0,0,221.871,700,28.35,-1
0.2,-0.1,0.75,0.0,-45.0,0.0,0,167.824,700,27.72,-1
0.2,-0.1,0.8,0.0,-45.0,0.0,0,105.996,700,28.03,-1
0.2,-0.1,0.85,0.0,-45.0,0.0,0,75.442,700,28.16,-1
0.2,-0.1,0.9,0.0,-45.0,0.0,0,47.874,700,27.43,-1
0.2,-0.05,0.35,0.0,-45.0,0.0,0,207.42,700,28.05,-1
0.2,-0.05,0.4,0.0,-45.0,0.0,0,247.394,700,27.58,-1
0.2,-0.05,0.45,0.0,-45.0,0.0,0,366.448,700,28.39,-1
0.2,-0.05,0.5,0.0,-45.0,0.0,0,314.76,700,27.93,-1
0.2,-0.05,0.55,0.0,-45.0,0.0,0,287.955,700,28.21,-1
0.2,-0.05,0.6,0.0,-45.0,0.0,0,272.819,700,28.07,-1
0.2,-0.05,0.65,0.0,-45.0,0.0,0,264.409,700,27.94,-1
0.2,-0.05,0.7,0.0,-45.0,0.0,0,264.203,700,28.33,-1
0.2,-0.05,0.75,0.0,-45.0,0.0,0,203.401,700,27.77,-1
0.2,-0.05,0.8,0.0,-45.0,0.0,0,132.911,700,27.86,-1
0.2,-0.05,0.85,0.0,-45.0,0.0,0,210.773,700,28.3,-1
0.2,-0.05,0.9,0.0,-45.0,0.0,0,70.049,700,27.62,-1
0.25,-0.5,0.35,0.0,-45.0,0.0,0,290.456,700,27.13,-1
0.25,-0.5,0.4,0.0,-45.0,0.0,0,259.37,700,27.54,-1
0.25,-0.5,0.45,0.0,-45.0,0.0,0,252.499,700,27.4,-1
0.25,-0.5,0.5,0.0,-45.0,0.0,0,197.747,700,27.32,-1
0.25,-0.5,0.55,0.0,-45.0,0.0,0,191.933,700,27.26,-1
0.25,-0.5,0.6,0.0,-45.0,0.0,0,164.168,700,27.21,-1
0.25,-0.5,0.65,0.0,-45.0,0.0,0,138.039,700,27.01,-1
0.25,-0.5,0.7,0.0,-45.0,0.0,0,113.375,700,26.68,-1
0.25,-0.5,0.75,0.0,-45.0,0.0,0,88.161,700,26.52,-1
0.25,-0.5,0.8,0.0,-45.0,0.0,0,64.317,700,26.73,-1
0.25,-0.5,0.85,0.0,-45.0,0.0,0,44.992,700,27.23,-1
0.25,-0.5,0.9,0.0,-45.0,0.0,0,41.472,700,27.36,-1
0.25,-0.45,0.35,0.0,-45.0,0.0,0,275.216,700,27.18,-1
0.25,-0.45,0.4,0.0,-45.0,0.0,0,248.289,700,27.25,-1
0.25,-0.45,0.45,0.0,-45.0,0.0,0,255.985,700,27.51,-1
0.25,-0.45,0.5,0.0,-45.0,0.0,0,202.96,700,27.08,-1
0.25,-0.45,0.55,0.0,-45.0,0.0,0,248.418,700,27.1,-1
0.25,-0.45,0.6,0.0,-45.0,0.0,0,147.68,700,27.11,-1
0.25,-0.45,0.65,0.0,-45.0,0.0,0,148.373,700,26.93,-1
0.25,-0.45,0.7,0.0,-45.0,0.0,0,122.035,700,26.54,-1
0.25,-0.45,0.75,0.0,-45.0,0.0,0,95.069,700,26.5,-1
0.25,-0.45,0.8,0.0,-45.0,0.0,0,68.34,700,26.48,-1
0.25,-0.45,0.85,0.0,-45.0,0.0,0,43.612,700,26.57,-1
0.25,-0.45,0.9,0.0,-45.0,0.0,0,21.026,700,26.54,-1
0.25,-0.4,0.35,0.0,-45.0,0.0,0,264.092,700,27.14,-1
0.25,-0.4,0.4,0.0,-45.0,0.0,0,267.36,700,27.22,-1
0.25,-0.4,0.45,0.0,-45.0,0.0,0,231.661,700,27.25,-1
0.25,-0.4,0.5,0.0,-45.0,0.0,0,265.883,700,27.13,-1
0.25,-0.4,0.55,0.0,-45.0,0.0,0,182.042,700,27.01,-1
0.25,-0.4,0.6,0.0,-45.0,0.0,0,177.793,700,26.68,-1
0.25,-0.4,0.65,0.0,-45.0,0.0,0,172.179,700,26.71,-1
0.25,-0.4,0.7,0.0,-45.0,0.0,0,130.311,700,26.53,-1
0.25,-0.4,0.75,0.0,-45.0,0.0,0,101.941,700,26.55,-1
0.25,-0.4,0.8,0.0,-45.0,0.0,0,72.7,700,26.6,-1
0.25,-0.4,0.85,0.0,-45.0,0.0,0,46.193,700,26.6,-1
0.25,-0.4,0.9,0.0,-45.0,0.0,0,21.489,700,26.64,-1
0.25,-0.35,0.35,0.0,-45.0,0.0,0,258.513,700,27.29,-1
0.25,-0.35,0.4,0.0,-45.0,0.0,0,144.428,700,27.35,-1
0.25,-0.35,0.45,0.0,-45.0,0.0,0,243.585,700,27.03,-1
0.25,-0.35,0.5,0.0,-45.0,0.0,0,234.909,700,26.98,-1
0.25,-0.35,0.55,0.0,-45.0,0.0,0,199.348,700,27.09,-1
0.25,-0.35,0.6,0.0,-45.0,0.0,0,106.08,700,26.96,-1
0.25,-0.35,0.65,0.0,-45.0,0.0,0,161.55,700,27.05,-1
0.25,-0.35,0.7,0.0,-45.0,0.0,0,154.448,700,26.86,-1
0.25,-0.35,0.75,0.0,-45.0,0.0,0,107.989,700,26.31,-1
0.25,-0.35,0.8,0.0,-45.0,0.0,0,86.199,700,26.69,-1
0.25,-0.35,0.85,0.0,-45.0,0.0,0,48.709,700,26.74,-1
0.25,-0.35,0.9,0.0,-45.0,0.0,0,22.585,700,26.54,-1
0.25,-0.3,0.35,0.0,-45.0,0.0,0,140.274,700,27.16,-1
0.25,-0.3,0.4,0.0,-45.0,0.0,0,238.121,700,27.6,-1
0.25,-0.3,0.45,0.0,-45.0,0.0,0,211.418,700,27.48,-1
0.25,-0.3,0.5,0.0,-45.0,0.0,0,50.226,700,27.33,-1
0.25,-0.3,0.55,0.0,-45.0,0.0,0,180.866,700,27.45,-1
0.25,-0.3,0.6,0.0,-45.0,0.0,0,64.215,700,27.21,-1
0.25,-0.3,0.65,0.0,-45.0,0.0,0,155.915,700,27.45,-1
0.25,-0.3,0.7,0.0,-45.0,0.0,0,145.726,700,26.94,-1
0.25,-0.3,0.75,0.0,-45.0,0.0,0,113.155,700,26.7,-1
0.25,-0.3,0.8,0.0,-45.0,0.0,0,181.256,700,26.9,-1
0.25,-0.3,0.85,0.0,-45.0,0.0,0,50.948,700,26.87,-1
0.25,-0.3,0.9,0.0,-45.0,0.0,0,23.591,700,26.93,-1
0.25,-0.25,0.35,0.0,-45.0,0.0,0,256.258,700,27.62,-1
0.25,-0.25,0.4,0.0,-45.0,0.0,0,223.239,700,27.65,-1
0.25,-0.25,0.45,0.0,-45.0,0.0,0,197.282,700,27.53,-1
0.25,-0.25,0.5,0.0,-45.0,0.0,0,297.879,700,27.37,-1
0.25,-0.25,0.55,0.0,-45.0,0.0,0,162.186,700,27.45,-1
0.25,-0.25,0.6,0.0,-45.0,0.0,0,198.616,700,27.5,-1
0.25,-0.25,0.65,0.0,-45.0,0.0,0,161.395,700,27.49,-1
0.25,-0.25,0.7,0.0,-45.0,0.0,0,152.224,700,27.25,-1
0.25,-0.25,0.75,0.0,-45.0,0.0,0,201.237,700,27.56,-1
0.25,-0.25,0.8,0.0,-45.0,0.0,0,86.185,700,27.78,-1
0.25,-0.25,0.85,0.0,-45.0,0.0,0,52.706,700,27.56,-1
0.25,-0.25,0.9,0.0,-45.0,0.0,0,25.383,700,27.36,-1
0.25,-0.2,0.35,0.0,-45.0,0.0,0,98.528,700,27.71,-1
0.25,-0.2,0.4,0.0,-45.0,0.0,0,177.007,700,27.62,-1
0.25,-0.2,0.45,0.0,-45.0,0.0,0,228.969,700,27.88,-1
0.25,-0.2,0.5,0.0,-45.0,0.0,0,178.5,700,27.48,-1
0.25,-0.2,0.55,0.0,-45.0,0.0,0,188.182,700,27.82,-1
0.25,-0.2,0.6,0.0,-45.0,0.0,0,189.528,700,27.91,-1
0.25,-0.2,0.65,0.0,-45.0,0.0,0,148.822,700,27.84,-1
0.25,-0.2,0.7,0.0,-45.0,0.0,0,154.204,700,27.74,-1
0.25,-0.2,0.75,0.0,-45.0,0.0,0,120.288,700,27.55,-1
0.25,-0.2,0.8,0.0,-45.0,0.0,0,205.958,700,27.5,-1
0.25,-0.2,0.85,0.0,-45.0,0.0,0,169.635,700,27.82,-1
0.25,-0.2,0.9,0.0,-45.0,0.0,0,25.381,700,27.49,-1
0.25,-0.15,0.35,0.0,-45.0,0.0,0,261.312,700,27.85,-1
0.25,-0.15,0.4,0.0,-45.0,0.0,0,234.656,700,28.13,-1
0.25,-0.15,0.45,0.0,-45.0,0.0,0,89.508,700,27.4,-1
0.25,-0.15,0.5,0.0,-45.0,0.0,0,230.261,700,27.92,-1
0.25,-0.15,0.55,0.0,-45.0,0.0,0,240.11,700,27.91,-1
0.25,-0.15,0.6,0.0,-45.0,0.0,0,235.85,700,28.26,-1
0.25,-0.15,0.65,0.0,-45.0,0.0,0,152.229,700,27.87,-1
0.25,-0.15,0.7,0.0,-45.0,0.0,0,158.781,700,27.44,-1
0.25,-0.15,0.75,0.0,-45.0,0.0,0,127.64,700,27.36,-1
0.25,-0.15,0.8,0.0,-45.0,0.0,0,179.981,700,27.29,-1
0.25,-0.15,0.85,0.0,-45.0,0.0,0,224.731,700,27.25,-1
0.25,-0.15,0.9,0.0,-45.0,0.0,0,276.148,700,27.97,-1
0.25,-0.1,0.35,0.0,-45.0,0.0,0,275.125,700,27.74,-1
0.25,-0.1,0.4,0.0,-45.0,0.0,0,279.919,700,27.65,-1
0.25,-0.1,0.45,0.0,-45.0,0.0,0,332.308,700,27.94,-1
0.25,-0.1,0.5,0.0,-45.0,0.0,0,277.545,700,28.24,-1
0.25,-0.1,0.55,0.0,-45.0,0.0,0,279.14,700,28.1,-1
0.25,-0.1,0.6,0.0,-45.0,0.0,0,267.289,700,28.39,-1
0.25,-0.1,0.65,0.0,-45.0,0.0,0,253.994,700,28.17,-1
0.25,-0.1,0.7,0.0,-45.0,0.0,0,171.539,700,27.65,-1
0.25,-0.1,0.75,0.0,-45.0,0.0,0,175.48,700,27.5,-1
0.25,-0.1,0.8,0.0,-45.0,0.0,0,106.29,700,27.29,-1
0.25,-0.1,0.85,0.0,-45.0,0.0,0,220.929,700,27.42,-1
0.25,-0.1,0.9,0.0,-45.0,0.0,0,33.143,700,28.25,-1
0.25,-0.05,0.35,0.0,-45.0,0.0,0,263.931,700,27.58,-1
0.25,-0.05,0.4,0.0,-45.0,0.0,0,247.118,700,27.83,-1
0.25,-0.05,0.45,0.0,-45.0,0.0,0,338.35,700,27.99,-1
0.25,-0.05,0.5,0.0,-45.0,0.0,0,317.2,700,28.26,-1
0.25,-0.05,0.55,0.0,-45.0,0.0,0,312.082,700,28.03,-1
0.25,-0.05,0.6,0.0,-45.0,0.0,0,304.251,700,28.26,-1
0.25,-0.05,0.65,0.0,-45.0,0.0,0,291.067,700,28.16,-1
0.25,-0.05,0.7,0.0,-45.0,0.0,0,196.424,700,27.94,-1
0.25,-0.05,0.75,0.0,-45.0,0.0,0,193.052,700,27.68,-1
0.25,-0.05,0.8,0.0,-45.0,0.0,0,293.18,700,27.3,-1
0.25,-0.05,0.85,0.0,-45.0,0.0,0,319.561,700,27.37,-1
0.25,-0.05,0.9,0.0,-45.0,0.0,0,46.846,700,28.19,-1
0.3,-0.5,0.35,0.0,-45.0,0.0,0,232.81,700,27.32,-1
0.3,-0.5,0.4,0.0,-45.0,0.0,0,244.014,700,27.18,-1
0.3,-0.5,0.45,0.0,-45.0,0.0,0,255.836,700,27.17,-1
0.3,-0.5,0.5,0.0,-45.0,0.0,0,231.057,700,27.63,-1
0.3,-0.5,0.55,0.0,-45.0,0.0,0,210.304,700,27.22,-1
0.3,-0.5,0.6,0.0,-45.0,0.0,0,183.068,700,27.47,-1
0.3,-0.5,0.65,0.0,-45.0,0.0,0,156.734,700,27.08,-1
0.3,-0.5,0.7,0.0,-45.0,0.0,0,131.769,700,27.28,-1
0.3,-0.5,0.75,0.0,-45.0,0.0,0,108.536,700,27.01,-1
0.3,-0.5,0.8,0.0,-45.0,0.0,0,88.366,700,27.75,-1
0.3,-0.5,0.85,0.0,-45.0,0.0,0,75.135,700,27.53,-1
0.3,-0.5,0.9,0.0,-45.0,0.0,0,70.506,700,26.5,-1
0.3,-0.45,0.35,0.0,-45.0,0.0,0,309.138,700,27.43,-1
0.3,-0.45,0.4,0.0,-45.0,0.0,0,274.104,700,27.7,-1
0.3,-0.45,0.45,0.0,-45.0,0.0,0,242.807,700,27.4,-1
0.3,-0.45,0.5,0.0,-45.0,0.0,0,243.157,700,27.49,-1
0.3,-0.45,0.55,0.0,-45.0,0.0,0,216.617,700,26.89,-1
0.3,-0.45,0.6,0.0,-45.0,0.0,0,188.122,700,27.28,-1
0.3,-0.45,0.65,0.0,-45.0,0.0,0,166.528,700,27.02,-1
0.3,-0.45,0.7,0.0,-45.0,0.0,0,139.701,700,26.57,-1
0.3,-0.45,0.75,0.0,-45.0,0.0,0,113.186,700,26.81,-1
0.3,-0.45,0.8,0.0,-45.0,0.0,0,87.675,700,26.64,-1
0.3,-0.45,0.85,0.0,-45.0,0.0,0,64.378,700,26.47,-1
0.3,-0.45,0.9,0.0,-45.0,0.0,0,49.652,700,26.43,-1
0.3,-0.4,0.35,0.0,-45.0,0.0,0,283.347,700,27.47,-1
0.3,-0.4,0.4,0.0,-45.0,0.0,0,265.918,700,27.23,-1
0.3,-0.4,0.45,0.0,-45.0,0.0,0,124.585,700,27.19,-1
0.3,-0.4,0.5,0.0,-45.0,0.0,0,259.305,700,27.18,-1
0.3,-0.4,0.55,0.0,-45.0,0.0,0,234.04,700,26.84,-1
0.3,-0.4,0.6,0.0,-45.0,0.0,0,129.749,700,26.76,-1
0.3,-0.4,0.65,0.0,-45.0,0.0,0,168.733,700,26.96,-1
0.3,-0.4,0.7,0.0,-45.0,0.0,0,149.537,700,26.72,-1
0.3,-0.4,0.75,0.0,-45.0,0.0,0,120.492,700,26.7,-1
0.3,-0.4,0.8,0.0,-45.0,0.0,0,92.889,700,26.52,-1
0.3,-0.4,0.85,0.0,-45.0,0.0,0,66.741,700,26.54,-1
0.3,-0.4,0.9,0.0,-45.0,0.0,0,42.569,700,26.36,-1
0.3,-0.35,0.35,0.0,-45.0,0.0,0,278.428,700,27.37,-1
0.3,-0.35,0.4,0.0,-45.0,0.0,0,273.662,700,27.34,-1
0.3,-0.35,0.45,0.0,-45.0,0.0,0,130.896,700,27.65,-1
0.3,-0.35,0.5,0.0,-45.0,0.0,0,251.177,700,27.43,-1
0.3,-0.35,0.55,0.0,-45.0,0.0,0,240.826,700,27.08,-1
0.3,-0.35,0.6,0.0,-45.0,0.0,0,209.68,700,27.0,-1
0.3,-0.35,0.65,0.0,-45.0,0.0,0,190.04,700,26.63,-1
0.3,-0.35,0.7,0.0,-45.0,0.0,0,158.68,700,26.67,-1
0.3,-0.35,0.75,0.0,-45.0,0.0,0,99.395,700,26.46,-1
0.3,-0.35,0.8,0.0,-45.0,0.0,0,97.87,700,26.68,-1
0.3,-0.35,0.85,0.0,-45.0,0.0,0,70.081,700,26.56,-1
0.3,-0.35,0.9,0.0,-45.0,0.0,0,44.217,700,26.75,-1
0.3,-0.3,0.35,0.0,-45.0,0.0,0,289.275,700,27.65,-1
0.3,-0.3,0.4,0.0,-45.0,0.0,0,266.883,700,27.67,-1
0.3,-0.3,0.45,0.0,-45.0,0.0,0,240.839,700,27.62,-1
0.3,-0.3,0.5,0.0,-45.0,0.0,0,220.117,700,27.45,-1
0.3,-0.3,0.55,0.0,-45.0,0.0,0,153.047,700,27.42,-1
0.3,-0.3,0.6,0.0,-45.0,0.0,0,168.294,700,27.37,-1
0.3,-0.3,0.65,0.0,-45.0,0.0,0,178.813,700,27.16,-1
0.3,-0.3,0.7,0.0,-45.0,0.0,0,166.378,700,27.1,-1
0.3,-0.3,0.75,0.0,-45.0,0.0,0,133.327,700,26.78,-1
0.3,-0.3,0.8,0.0,-45.0,0.0,0,102.209,700,26.86,-1
0.3,-0.3,0.85,0.0,-45.0,0.0,0,82.531,700,27.0,-1
0.3,-0.3,0.9,0.0,-45.0,0.0,0,45.928,700,26.97,-1
0.3,-0.25,0.35,0.0,-45.0,0.0,0,242.905,700,27.56,-1
0.3,-0.25,0.4,0.0,-45.0,0.0,0,248.779,700,27.71,-1
0.3,-0.25,0.45,0.0,-45.0,0.0,0,222.345,700,27.69,-1
0.3,-0.25,0.5,0.0,-45.0,0.0,0,158.879,700,27.8,-1
0.3,-0.25,0.55,0.0,-45.0,0.0,0,190.714,700,27.58,-1
0.3,-0.25,0.6,0.0,-45.0,0.0,0,185.25,700,27.54,-1
0.3,-0.25,0.65,0.0,-45.0,0.0,0,188.845,700,27.46,-1
0.3,-0.25,0.7,0.0,-45.0,0.0,0,178.159,700,27.47,-1
0.3,-0.25,0.75,0.0,-45.0,0.0,0,142.357,700,27.47,-1
0.3,-0.25,0.8,0.0,-45.0,0.0,0,211.724,700,27.22,-1
0.3,-0.25,0.85,0.0,-45.0,0.0,0,212.282,700,27.33,-1
0.3,-0.25,0.9,0.0,-45.0,0.0,0,47.264,700,27.13,-1
0.3,-0.2,0.35,0.0,-45.0,0.0,0,261.496,700,27.74,-1
0.3,-0.2,0.4,0.0,-45.0,0.0,0,241.27,700,27.67,-1
0.3,-0.2,0.45,0.0,-45.0,0.0,0,178.168,700,27.69,-1
0.3,-0.2,0.5,0.0,-45.0,0.0,0,199.959,700,27.62,-1
0.3,-0.2,0.55,0.0,-45.0,0.0,0,182.351,700,27.46,-1
0.3,-0.2,0.6,0.0,-45.0,0.0,0,173.021,700,27.66,-1
0.3,-0.2,0.65,0.0,-45.0,0.0,0,172.466,700,27.6,-1
0.3,-0.2,0.7,0.0,-45.0,0.0,0,178.095,700,27.7,-1
0.3,-0.2,0.75,0.0,-45.0,0.0,0,141.049,700,27.73,-1
0.3,-0.2,0.8,0.0,-45.0,0.0,0,212.806,700,27.26,-1
0.3,-0.2,0.85,0.0,-45.0,0.0,0,236.994,700,27.46,-1
0.3,-0.2,0.9,0.0,-45.0,0.0,0,48.111,700,27.22,-1
0.3,-0.15,0.35,0.0,-45.0,0.0,0,275.498,700,27.84,-1
0.3,-0.15,0.4,0.0,-45.0,0.0,0,245.596,700,27.67,-1
0.3,-0.15,0.45,0.0,-45.0,0.0,0,220.54,700,27.75,-1
0.3,-0.15,0.5,0.0,-45.0,0.0,0,208.304,700,27.61,-1
0.3,-0.15,0.55,0.0,-45.0,0.0,0,188.274,700,27.93,-1
0.3,-0.15,0.6,0.0,-45.0,0.0,0,175.192,700,27.84,-1
0.3,-0.15,0.65,0.0,-45.0,0.0,0,169.572,700,27.94,-1
0.3,-0.15,0.7,0.0,-45.0,0.0,0,170.517,700,27.48,-1
0.3,-0.15,0.75,0.0,-45.0,0.0,0,142.66,700,27.6,-1
0.3,-0.15,0.8,0.0,-45.0,0.0,0,108.613,700,27.16,-1
0.3,-0.15,0.85,0.0,-45.0,0.0,0,233.395,700,27.47,-1
0.3,-0.15,0.9,0.0,-45.0,0.0,0,48.399,700,27.14,-1
0.3,-0.1,0.35,0.0,-45.0,0.0,0,287.739,700,27.83,-1
0.3,-0.1,0.4,0.0,-45.0,0.0,0,261.524,700,27.76,-1
0.3,-0.1,0.45,0.0,-45.0,0.0,0,228.995,700,27.69,-1
0.3,-0.1,0.5,0.0,-45.0,0.0,0,228.595,700,27.97,-1
0.3,-0.1,0.55,0.0,-45.0,0.0,0,310.683,700,28.17,-1
0.3,-0.1,0.6,0.0,-45.0,0.0,0,277.187,700,28.18,-1
0.3,-0.1,0.65,0.0,-45.0,0.0,0,180.8,700,28.17,-1
0.3,-0.1,0.7,0.0,-45.0,0.0,0,174.063,700,27.59,-1
0.3,-0.1,0.75,0.0,-45.0,0.0,0,148.644,700,27.7,-1
0.3,-0.1,0.8,0.0,-45.0,0.0,0,112.421,700,27.11,-1
0.3,-0.1,0.85,0.0,-45.0,0.0,0,330.845,700,27.76,-1
0.3,-0.1,0.9,0.0,-45.0,0.0,0,48.35,700,27.4,-1
0.3,-0.05,0.35,0.0,-45.0,0.0,0,285.119,700,27.64,-1
0.3,-0.05,0.4,0.0,-45.0,0.0,0,246.247,700,27.74,-1
0.3,-0.05,0.45,0.0,-45.0,0.0,0,276.432,700,28.16,-1
0.3,-0.05,0.5,0.0,-45.0,0.0,0,422.178,700,28.47,-1
0.3,-0.05,0.55,0.0,-45.0,0.0,0,235.822,700,27.99,-1
0.3,-0.05,0.6,0.0,-45.0,0.0,0,332.27,700,28.23,-1
0.3,-0.05,0.65,0.0,-45.0,0.0,0,324.316,700,28.53,-1
0.3,-0.05,0.7,0.0,-45.0,0.0,0,193.839,700,27.66,-1
0.3,-0.05,0.75,0.0,-45.0,0.0,0,336.872,700,27.99,-1
0.3,-0.05,0.8,0.0,-45.0,0.0,0,219.504,700,27.08,-1
0.3,-0.05,0.85,0.0,-45.0,0.0,0,82.48,700,27.64,-1
0.3,-0.05,0.9,0.0,-45.0,0.0,0,48.693,700,27.53,-1
0.35,-0.5,0.35,0.0,-45.0,0.0,0,328.211,700,27.28,-1
0.35,-0.5,0.4,0.0,-45.0,0.0,0,315.727,700,27.33,-1
0.35,-0.5,0.45,0.0,-45.0,0.0,0,285.684,700,27.35,-1
0.35,-0.5,0.5,0.0,-45.0,0.0,0,256.618,700,27.55,-1
0.35,-0.5,0.55,0.0,-45.0,0.0,0,228.744,700,27.11,-1
0.35,-0.5,0.6,0.0,-45.0,0.0,0,202.092,700,27.55,-1
0.35,-0.5,0.65,0.0,-45.0,0.0,0,176.977,700,27.51,-1
0.35,-0.5,0.7,0.0,-45.0,0.0,0,153.756,700,27.63,-1
0.35,-0.5,0.75,0.0,-45.0,0.0,0,133.235,700,27.62,-1
0.35,-0.5,0.8,0.0,-45.0,0.0,0,117.24,700,27.49,-1
0.35,-0.5,0.85,0.0,-45.0,0.0,0,105.966,700,26.93,-1
0.35,-0.5,0.9,0.0,-45.0,0.0,0,100.283,700,26.72,-1
0.35,-0.45,0.35,0.0,-45.0,0.0,0,313.171,700,27.57,-1
0.35,-0.45,0.4,0.0,-45.0,0.0,0,303.497,700,27.69,-1
0.35,-0.45,0.45,0.0,-45.0,0.0,0,169.606,700,27.47,-1
0.35,-0.45,0.5,0.0,-45.0,0.0,0,258.917,700,27.56,-1
0.35,-0.45,0.55,0.0,-45.0,0.0,0,243.718,700,27.31,-1
0.35,-0.45,0.6,0.0,-45.0,0.0,0,205.918,700,26.97,-1
0.35,-0.45,0.65,0.0,-45.0,0.0,0,180.534,700,27.12,-1
0.35,-0.45,0.7,0.0,-45.0,0.0,0,154.906,700,26.59,-1
0.35,-0.45,0.75,0.0,-45.0,0.0,0,130.354,700,26.84,-1
0.35,-0.45,0.8,0.0,-45.0,0.0,0,89.883,700,26.54,-1
0.35,-0.45,0.85,0.0,-45.0,0.0,0,85.937,700,26.6,-1
0.35,-0.45,0.9,0.0,-45.0,0.0,0,84.026,700,26.84,-1
0.35,-0.4,0.35,0.0,-45.0,0.0,0,303.362,700,27.6,-1
0.35,-0.4,0.4,0.0,-45.0,0.0,0,294.642,700,27.32,-1
0.35,-0.4,0.45,0.0,-45.0,0.0,0,232.589,700,27.5,-1
0.35,-0.4,0.5,0.0,-45.0,0.0,0,197.134,700,27.15,-1
0.35,-0.4,0.55,0.0,-45.0,0.0,0,247.799,700,27.5,-1
0.35,-0.4,0.6,0.0,-45.0,0.0,0,219.952,700,27.32,-1
0.35,-0.4,0.65,0.0,-45.0,0.0,0,191.632,700,27.17,-1
0.35,-0.4,0.7,0.0,-45.0,0.0,0,164.657,700,27.05,-1
0.35,-0.4,0.75,0.0,-45.0,0.0,0,136.621,700,26.61,-1
0.35,-0.4,0.8,0.0,-45.0,0.0,0,109.869,700,26.63,-1
0.35,-0.4,0.85,0.0,-45.0,0.0,0,85.814,700,26.45,-1
0.35,-0.4,0.9,0.0,-45.0,0.0,0,70.791,700,26.6,-1
0.35,-0.35,0.35,0.0,-45.0,0.0,0,299.271,700,27.6,-1
0.35,-0.35,0.4,0.0,-45.0,0.0,0,289.769,700,27.44,-1
0.35,-0.35,0.45,0.0,-45.0,0.0,0,291.122,700,27.64,-1
0.35,-0.35,0.5,0.0,-45.0,0.0,0,277.385,700,27.65,-1
0.35,-0.35,0.55,0.0,-45.0,0.0,0,265.781,700,27.18,-1
0.35,-0.35,0.6,0.0,-45.0,0.0,0,236.033,700,26.87,-1
0.35,-0.35,0.65,0.0,-45.0,0.0,0,141.284,700,26.79,-1
0.35,-0.35,0.7,0.0,-45.0,0.0,0,174.168,700,26.63,-1
0.35,-0.35,0.75,0.0,-45.0,0.0,0,144.267,700,26.53,-1
0.35,-0.35,0.8,0.0,-45.0,0.0,0,115.606,700,26.59,-1
0.35,-0.35,0.85,0.0,-45.0,0.0,0,88.517,700,26.74,-1
0.35,-0.35,0.9,0.0,-45.0,0.0,0,64.218,700,26.63,-1
0.35,-0.3,0.35,0.0,-45.0,0.0,0,325.161,700,27.76,-1
0.35,-0.3,0.4,0.0,-45.0,0.0,0,292.315,700,27.62,-1
0.35,-0.3,0.45,0.0,-45.0,0.0,0,275.357,700,27.69,-1
0.35,-0.3,0.5,0.0,-45.0,0.0,0,256.329,700,27.57,-1
0.35,-0.3,0.55,0.0,-45.0,0.0,0,244.996,700,27.4,-1
0.35,-0.3,0.6,0.0,-45.0,0.0,0,241.71,700,27.23,-1
0.35,-0.3,0.65,0.0,-45.0,0.0,0,195.594,700,27.11,-1
0.35,-0.3,0.7,0.0,-45.0,0.0,0,182.53,700,26.86,-1
0.35,-0.3,0.75,0.0,-45.0,0.0,0,150.691,700,26.72,-1
0.35,-0.3,0.8,0.0,-45.0,0.0,0,120.382,700,26.91,-1
0.35,-0.3,0.85,0.0,-45.0,0.0,0,97.059,700,27.03,-1
0.35,-0.3,0.9,0.0,-45.0,0.0,0,65.438,700,26.63,-1
0.35,-0.25,0.35,0.0,-45.0,0.0,0,270.815,700,27.53,-1
0.35,-0.25,0.4,0.0,-45.0,0.0,0,281.08,700,27.78,-1
0.35,-0.25,0.45,0.0,-45.0,0.0,0,254.237,700,27.81,-1
0.35,-0.25,0.5,0.0,-45.0,0.0,0,234.331,700,27.67,-1
0.35,-0.25,0.55,0.0,-45.0,0.0,0,178.503,700,27.47,-1
0.35,-0.25,0.6,0.0,-45.0,0.0,0,192.176,700,27.4,-1
0.35,-0.25,0.65,0.0,-45.0,0.0,0,205.741,700,27.05,-1
0.35,-0.25,0.7,0.0,-45.0,0.0,0,189.13,700,27.07,-1
0.35,-0.25,0.75,0.0,-45.0,0.0,0,155.698,700,27.07,-1
0.35,-0.25,0.8,0.0,-45.0,0.0,0,124.079,700,27.01,-1
0.35,-0.25,0.85,0.0,-45.0,0.0,0,94.484,700,26.83,-1
0.35,-0.25,0.9,0.0,-45.0,0.0,0,67.105,700,26.97,-1
0.35,-0.2,0.35,0.0,-45.0,0.0,0,302.11,700,27.48,-1
0.35,-0.2,0.4,0.0,-45.0,0.0,0,269.522,700,27.62,-1
0.35,-0.2,0.45,0.0,-45.0,0.0,0,242.169,700,27.57,-1
0.35,-0.2,0.5,0.0,-45.0,0.0,0,186.57,700,27.57,-1
0.35,-0.2,0.55,0.0,-45.0,0.0,0,202.884,700,27.33,-1
0.35,-0.2,0.6,0.0,-45.0,0.0,0,177.618,700,27.44,-1
0.35,-0.2,0.65,0.0,-45.0,0.0,0,194.926,700,27.03,-1
0.35,-0.2,0.7,0.0,-45.0,0.0,0,193.351,700,27.34,-1
0.35,-0.2,0.75,0.0,-45.0,0.0,0,158.86,700,27.12,-1
0.35,-0.2,0.8,0.0,-45.0,0.0,0,126.398,700,27.27,-1
0.35,-0.2,0.85,0.0,-45.0,0.0,0,96.122,700,26.97,-1
0.35,-0.2,0.9,0.0,-45.0,0.0,0,68.178,700,27.0,-1
0.35,-0.15,0.35,0.0,-45.0,0.0,0,252.001,700,27.63,-1
0.35,-0.15,0.4,0.0,-45.0,0.0,0,267.302,700,27.81,-1
0.35,-0.15,0.45,0.0,-45.0,0.0,0,240.519,700,27.68,-1
0.35,-0.15,0.5,0.0,-45.0,0.0,0,221.023,700,27.48,-1
0.35,-0.15,0.55,0.0,-45.0,0.0,0,205.975,700,27.34,-1
0.35,-0.15,0.6,0.0,-45.0,0.0,0,191.626,700,27.25,-1
0.35,-0.15,0.65,0.0,-45.0,0.0,0,182.809,700,27.32,-1
0.35,-0.15,0.7,0.0,-45.0,0.0,0,181.41,700,27.09,-1
0.35,-0.15,0.75,0.0,-45.0,0.0,0,159.878,700,27.03,-1
0.35,-0.15,0.8,0.0,-45.0,0.0,0,127.145,700,27.46,-1
0.35,-0.15,0.85,0.0,-45.0,0.0,0,96.652,700,26.86,-1
0.35,-0.15,0.9,0.0,-45.0,0.0,0,68.53,700,26.81,-1
0.35,-0.1,0.35,0.0,-45.0,0.0,0,305.533,700,27.62,-1
0.35,-0.1,0.4,0.0,-45.0,0.0,0,274.629,700,27.84,-1
0.35,-0.1,0.45,0.0,-45.0,0.0,0,249.494,700,27.8,-1
0.35,-0.1,0.5,0.0,-45.0,0.0,0,146.433,700,27.58,-1
0.35,-0.1,0.55,0.0,-45.0,0.0,0,216.206,700,27.37,-1
0.35,-0.1,0.6,0.0,-45.0,0.0,0,197.663,700,27.64,-1
0.35,-0.1,0.65,0.0,-45.0,0.0,0,182.766,700,27.42,-1
0.35,-0.1,0.7,0.0,-45.0,0.0,0,181.616,700,27.27,-1
0.35,-0.1,0.75,0.0,-45.0,0.0,0,159.046,700,27.53,-1
0.35,-0.1,0.8,0.0,-45.0,0.0,0,126.111,700,27.51,-1
0.35,-0.1,0.85,0.0,-45.0,0.0,0,96.653,700,27.29,-1
0.35,-0.1,0.9,0.0,-45.0,0.0,0,68.433,700,27.18,-1
0.35,-0.05,0.35,0.0,-45.0,0.0,0,319.549,700,27.74,-1
0.35,-0.05,0.4,0.0,-45.0,0.0,0,290.754,700,27.59,-1
0.35,-0.05,0.45,0.0,-45.0,0.0,0,268.022,700,27.67,-1
0.35,-0.05,0.5,0.0,-45.0,0.0,0,253.724,700,27.64,-1
0.35,-0.05,0.55,0.0,-45.0,0.0,0,236.978,700,27.62,-1
0.35,-0.05,0.6,0.0,-45.0,0.0,0,216.625,700,27.37,-1
0.35,-0.05,0.65,0.0,-45.0,0.0,0,202.252,700,27.52,-1
0.35,-0.05,0.7,0.0,-45.0,0.0,0,194.358,700,27.62,-1
0.35,-0.05,0.75,0.0,-45.0,0.0,0,160.305,700,27.63,-1
0.35,-0.05,0.8,0.0,-45.0,0.0,0,126.782,700,27.68,-1
0.35,-0.05,0.85,0.0,-45.0,0.0,0,94.545,700,27.21,-1
0.35,-0.05,0.9,0.0,-45.0,0.0,0,67.298,700,27.23,-1
0.4,-0.5,0.35,0.0,-45.0,0.0,0,248.78,700,27.47,-1
0.4,-0.5,0.4,0.0,-45.0,0.0,0,333.076,700,27.4,-1
0.4,-0.5,0.45,0.0,-45.0,0.0,0,303.643,700,27.65,-1
0.4,-0.5,0.5,0.0,-45.0,0.0,0,275.437,700,27.39,-1
0.4,-0.5,0.55,0.0,-45.0,0.0,0,248.604,700,27.64,-1
0.4,-0.5,0.6,0.0,-45.0,0.0,0,223.393,700,27.56,-1
0.4,-0.5,0.65,0.0,-45.0,0.0,0,200.118,700,27.7,-1
0.4,-0.5,0.7,0.0,-45.0,0.0,0,179.336,700,27.64,-1
0.4,-0.5,0.75,0.0,-45.0,0.0,0,162.075,700,27.53,-1
0.4,-0.5,0.8,0.0,-45.0,0.0,0,118.272,700,26.67,-1
0.4,-0.5,0.85,0.0,-45.0,0.0,0,125.767,700,26.84,-1
0.4,-0.5,0.9,0.0,-45.0,0.0,0,143.265,700,26.88,-1
0.4,-0.45,0.35,0.0,-45.0,0.0,0,362.581,700,27.51,-1
0.4,-0.45,0.4,0.0,-45.0,0.0,0,321.385,700,27.48,-1
0.4,-0.45,0.45,0.0,-45.0,0.0,0,302.979,700,27.62,-1
0.4,-0.45,0.5,0.0,-45.0,0.0,0,274.768,700,27.46,-1
0.4,-0.45,0.55,0.0,-45.0,0.0,0,247.682,700,27.25,-1
0.4,-0.45,0.6,0.0,-45.0,0.0,0,221.794,700,27.38,-1
0.4,-0.45,0.65,0.0,-45.0,0.0,0,197.132,700,27.29,-1
0.4,-0.45,0.7,0.0,-45.0,0.0,0,165.771,700,26.9,-1
0.4,-0.45,0.75,0.0,-45.0,0.0,0,149.938,700,26.83,-1
0.4,-0.45,0.8,0.0,-45.0,0.0,0,135.365,700,26.62,-1
0.4,-0.45,0.85,0.0,-45.0,0.0,0,120.303,700,26.6,-1
0.4,-0.45,0.9,0.0,-45.0,0.0,0,120.863,700,26.58,-1
0.4,-0.4,0.35,0.0,-45.0,0.0,0,325.151,700,27.25,-1
0.4,-0.4,0.4,0.0,-45.0,0.0,0,311.367,700,27.2,-1
0.4,-0.4,0.45,0.0,-45.0,0.0,0,296.218,700,27.66,-1
0.4,-0.4,0.5,0.0,-45.0,0.0,0,266.089,700,27.77,-1
0.4,-0.4,0.55,0.0,-45.0,0.0,0,256.685,700,27.4,-1
0.4,-0.4,0.6,0.0,-45.0,0.0,0,230.776,700,27.31,-1
0.4,-0.4,0.65,0.0,-45.0,0.0,0,204.054,700,27.07,-1
0.4,-0.4,0.7,0.0,-45.0,0.0,0,177.368,700,26.68,-1
0.4,-0.4,0.75,0.0,-45.0,0.0,0,142.947,700,26.72,-1
0.4,-0.4,0.8,0.0,-45.0,0.0,0,126.412,700,26.84,-1
0.4,-0.4,0.85,0.0,-45.0,0.0,0,112.391,700,26.64,-1
0.4,-0.4,0.9,0.0,-45.0,0.0,0,106.431,700,26.49,-1
0.4,-0.35,0.35,0.0,-45.0,0.0,0,321.849,700,27.66,-1
0.4,-0.35,0.4,0.0,-45.0,0.0,0,308.037,700,27.44,-1
0.4,-0.35,0.45,0.0,-45.0,0.0,0,292.808,700,27.62,-1
0.4,-0.35,0.5,0.0,-45.0,0.0,0,263.559,700,27.69,-1
0.4,-0.35,0.55,0.0,-45.0,0.0,0,274.092,700,27.49,-1
0.4,-0.35,0.6,0.0,-45.0,0.0,0,245.181,700,27.15,-1
0.4,-0.35,0.65,0.0,-45.0,0.0,0,215.715,700,26.97,-1
0.4,-0.35,0.7,0.0,-45.0,0.0,0,184.012,700,26.54,-1
0.4,-0.35,0.75,0.0,-45.0,0.0,0,156.527,700,26.72,-1
0.4,-0.35,0.8,0.0,-45.0,0.0,0,130.751,700,26.74,-1
0.4,-0.35,0.85,0.0,-45.0,0.0,0,108.655,700,26.71,-1
0.4,-0.35,0.9,0.0,-45.0,0.0,0,94.355,700,26.63,-1
0.4,-0.3,0.35,0.0,-45.0,0.0,0,323.945,700,27.63,-1
0.4,-0.3,0.4,0.0,-45.0,0.0,0,311.254,700,27.95,-1
0.4,-0.3,0.45,0.0,-45.0,0.0,0,297.988,700,27.49,-1
0.4,-0.3,0.5,0.0,-45.0,0.0,0,274.363,700,27.71,-1
0.4,-0.3,0.55,0.0,-45.0,0.0,0,282.976,700,27.65,-1
0.4,-0.3,0.6,0.0,-45.0,0.0,0,258.431,700,27.26,-1
0.4,-0.3,0.65,0.0,-45.0,0.0,0,226.304,700,27.08,-1
0.4,-0.3,0.7,0.0,-45.0,0.0,0,194.786,700,26.89,-1
0.4,-0.3,0.75,0.0,-45.0,0.0,0,164.3,700,26.64,-1
0.4,-0.3,0.8,0.0,-45.0,0.0,0,135.211,700,26.73,-1
0.4,-0.3,0.85,0.0,-45.0,0.0,0,108.172,700,26.58,-1
0.4,-0.3,0.9,0.0,-45.0,0.0,0,88.488,700,26.53,-1
0.4,-0.25,0.35,0.0,-45.0,0.0,0,330.41,700,27.57,-1
0.4,-0.25,0.4,0.0,-45.0,0.0,0,319.867,700,27.53,-1
0.4,-0.25,0.45,0.0,-45.0,0.0,0,293.59,700,27.74,-1
0.4,-0.25,0.5,0.0,-45.0,0.0,0,272.711,700,27.54,-1
0.4,-0.25,0.55,0.0,-45.0,0.0,0,258.372,700,27.56,-1
0.4,-0.25,0.6,0.0,-45.0,0.0,0,251.153,700,27.11,-1
0.4,-0.25,0.65,0.0,-45.0,0.0,0,234.755,700,27.12,-1
0.4,-0.25,0.7,0.0,-45.0,0.0,0,201.369,700,26.84,-1
0.4,-0.25,0.75,0.0,-45.0,0.0,0,169.366,700,26.73,-1
0.4,-0.25,0.8,0.0,-45.0,0.0,0,139.007,700,26.69,-1
0.4,-0.25,0.85,0.0,-45.0,0.0,0,110.568,700,26.62,-1
0.4,-0.25,0.9,0.0,-45.0,0.0,0,86.3,700,26.66,-1
0.4,-0.2,0.35,0.0,-45.0,0.0,0,338.327,700,27.48,-1
0.4,-0.2,0.4,0.0,-45.0,0.0,0,306.656,700,27.46,-1
0.4,-0.2,0.45,0.0,-45.0,0.0,0,279.096,700,27.51,-1
0.4,-0.2,0.5,0.0,-45.0,0.0,0,256.815,700,27.31,-1
0.4,-0.2,0.55,0.0,-45.0,0.0,0,241.018,700,27.29,-1
0.4,-0.2,0.6,0.0,-45.0,0.0,0,230.87,700,27.05,-1
0.4,-0.2,0.65,0.0,-45.0,0.0,0,227.532,700,27.12,-1
0.4,-0.2,0.7,0.0,-45.0,0.0,0,205.545,700,26.95,-1
0.4,-0.2,0.75,0.0,-45.0,0.0,0,172.554,700,26.85,-1
0.4,-0.2,0.8,0.0,-45.0,0.0,0,141.399,700,26.84,-1
0.4,-0.2,0.85,0.0,-45.0,0.0,0,112.266,700,26.76,-1
0.4,-0.2,0.9,0.0,-45.0,0.0,0,86.281,700,26.69,-1
0.4,-0.15,0.35,0.0,-45.0,0.0,0,333.31,700,27.69,-1
0.4,-0.15,0.4,0.0,-45.0,0.0,0,301.087,700,27.55,-1
0.4,-0.15,0.45,0.0,-45.0,0.0,0,272.773,700,27.55,-1
0.4,-0.15,0.5,0.0,-45.0,0.0,0,249.472,700,27.59,-1
0.4,-0.15,0.55,0.0,-45.0,0.0,0,232.294,700,27.58,-1
0.4,-0.15,0.6,0.0,-45.0,0.0,0,219.352,700,27.27,-1
0.4,-0.15,0.65,0.0,-45.0,0.0,0,214.431,700,26.99,-1
0.4,-0.15,0.7,0.0,-45.0,0.0,0,206.878,700,27.09,-1
0.4,-0.15,0.75,0.0,-45.0,0.0,0,173.569,700,27.09,-1
0.4,-0.15,0.8,0.0,-45.0,0.0,0,142.16,700,27.0,-1
0.4,-0.15,0.85,0.0,-45.0,0.0,0,112.814,700,27.16,-1
0.4,-0.15,0.9,0.0,-45.0,0.0,0,86.165,700,27.51,-1
0.4,-0.1,0.35,0.0,-45.0,0.0,0,335.636,700,27.67,-1
0.4,-0.1,0.4,0.0,-45.0,0.0,0,303.513,700,27.69,-1
0.4,-0.1,0.45,0.0,-45.0,0.0,0,275.078,700,27.68,-1
0.4,-0.1,0.5,0.0,-45.0,0.0,0,251.263,700,27.62,-1
0.4,-0.1,0.55,0.0,-45.0,0.0,0,233.305,700,27.54,-1
0.4,-0.1,0.6,0.0,-45.0,0.0,0,220.566,700,27.21,-1
0.4,-0.1,0.65,0.0,-45.0,0.0,0,211.865,700,27.55,-1
0.4,-0.1,0.7,0.0,-45.0,0.0,0,206.159,700,27.52,-1
0.4,-0.1,0.75,0.0,-45.0,0.0,0,173.57,700,27.31,-1
0.4,-0.1,0.8,0.0,-45.0,0.0,0,142.165,700,27.08,-1
0.4,-0.1,0.85,0.0,-45.0,0.0,0,112.519,700,27.19,-1
0.4,-0.1,0.9,0.0,-45.0,0.0,0,86.59,700,27.06,-1
0.4,-0.05,0.35,0.0,-45.0,0.0,0,345.111,700,27.73,-1
0.4,-0.05,0.4,0.0,-45.0,0.0,0,280.951,700,27.73,-1
0.4,-0.05,0.45,0.0,-45.0,0.0,0,275.702,700,27.44,-1
0.4,-0.05,0.5,0.0,-45.0,0.0,0,263.002,700,27.47,-1
0.4,-0.05,0.55,0.0,-45.0,0.0,0,246.484,700,27.6,-1
0.4,-0.05,0.6,0.0,-45.0,0.0,0,232.964,700,27.6,-1
0.4,-0.05,0.65,0.0,-45.0,0.0,0,219.398,700,27.54,-1
0.4,-0.05,0.7,0.0,-45.0,0.0,0,198.638,700,27.54,-1
0.4,-0.05,0.75,0.0,-45.0,0.0,0,173.209,700,27.52,-1
0.4,-0.05,0.8,0.0,-45.0,0.0,0,142.19,700,27.2,-1
0.4,-0.05,0.85,0.0,-45.0,0.0,0,112.92,700,27.28,-1
0.4,-0.05,0.9,0.0,-45.0,0.0,0,86.931,700,27.47,-1
0.45,-0.5,0.35,0.0,-45.0,0.0,0,234.495,700,27.73,-1
0.45,-0.5,0.4,0.0,-45.0,0.0,0,361.329,700,27.58,-1
0.45,-0.5,0.45,0.0,-45.0,0.0,0,323.517,700,27.83,-1
0.45,-0.5,0.5,0.0,-45.0,0.0,0,296.556,700,27.72,-1
0.45,-0.5,0.55,0.0,-45.0,0.0,0,271.244,700,27.78,-1
0.45,-0.5,0.6,0.0,-45.0,0.0,0,247.852,700,27.61,-1
0.45,-0.5,0.65,0.0,-45.0,0.0,0,226.788,700,27.5,-1
0.45,-0.5,0.7,0.0,-45.0,0.0,0,154.78,700,27.11,-1
0.45,-0.5,0.75,0.0,-45.0,0.0,0,194.934,700,26.92,-1
0.45,-0.5,0.8,0.0,-45.0,0.0,0,206.072,700,27.04,-1
0.45,-0.5,0.85,0.0,-45.0,0.0,0,167.533,700,26.64,-1
0.45,-0.5,0.9,0.0,-45.0,0.0,0,182.031,700,26.88,-1
0.45,-0.45,0.35,0.0,-45.0,0.0,0,377.41,700,27.81,-1
0.45,-0.45,0.4,0.0,-45.0,0.0,0,348.733,700,27.57,-1
0.45,-0.45,0.45,0.0,-45.0,0.0,0,320.204,700,27.71,-1
0.45,-0.45,0.5,0.0,-45.0,0.0,0,292.943,700,27.78,-1
0.45,-0.45,0.55,0.0,-45.0,0.0,0,267.063,700,27.81,-1
0.45,-0.45,0.6,0.0,-45.0,0.0,0,242.681,700,27.89,-1
0.45,-0.45,0.65,0.0,-45.0,0.0,0,220.564,700,27.26,-1
0.45,-0.45,0.7,0.0,-45.0,0.0,0,194.896,700,26.82,-1
0.45,-0.45,0.75,0.0,-45.0,0.0,0,153.614,700,26.7,-1
0.45,-0.45,0.8,0.0,-45.0,0.0,0,163.272,700,26.49,-1
0.45,-0.45,0.85,0.0,-45.0,0.0,0,158.359,700,26.58,-1
0.45,-0.45,0.9,0.0,-45.0,0.0,0,160.527,700,26.53,-1
0.45,-0.4,0.35,0.0,-45.0,0.0,0,380.115,700,27.58,-1
0.45,-0.4,0.4,0.0,-45.0,0.0,0,350.644,700,27.85,-1
0.45,-0.4,0.45,0.0,-45.0,0.0,0,310.228,700,27.75,-1
0.45,-0.4,0.5,0.0,-45.0,0.0,0,233.527,700,27.53,-1
0.45,-0.4,0.55,0.0,-45.0,0.0,0,268.913,700,27.95,-1
0.45,-0.4,0.6,0.0,-45.0,0.0,0,248.098,700,27.36,-1
0.45,-0.4,0.65,0.0,-45.0,0.0,0,217.757,700,27.09,-1
0.45,-0.4,0.7,0.0,-45.0,0.0,0,195.119,700,26.68,-1
0.45,-0.4,0.75,0.0,-45.0,0.0,0,174.905,700,26.73,-1
0.45,-0.4,0.8,0.0,-45.0,0.0,0,155.092,700,26.61,-1
0.45,-0.4,0.85,0.0,-45.0,0.0,0,145.458,700,26.68,-1
0.45,-0.4,0.9,0.0,-45.0,0.0,0,143.628,700,26.68,-1
0.45,-0.35,0.35,0.0,-45.0,0.0,0,386.238,700,27.39,-1
0.45,-0.35,0.4,0.0,-45.0,0.0,0,329.637,700,27.63,-1
0.45,-0.35,0.45,0.0,-45.0,0.0,0,308.71,700,27.63,-1
0.45,-0.35,0.5,0.0,-45.0,0.0,0,293.165,700,27.53,-1
0.45,-0.35,0.55,0.0,-45.0,0.0,0,187.022,700,27.59,-1
0.45,-0.35,0.6,0.0,-45.0,0.0,0,249.881,700,27.35,-1
0.45,-0.35,0.65,0.0,-45.0,0.0,0,223.661,700,26.74,-1
0.45,-0.35,0.7,0.0,-45.0,0.0,0,196.61,700,26.84,-1
0.45,-0.35,0.75,0.0,-45.0,0.0,0,173.682,700,26.81,-1
0.45,-0.35,0.8,0.0,-45.0,0.0,0,152.872,700,26.73,-1
0.45,-0.35,0.85,0.0,-45.0,0.0,0,138.192,700,26.62,-1
0.45,-0.35,0.9,0.0,-45.0,0.0,0,131.569,700,26.65,-1
0.45,-0.3,0.35,0.0,-45.0,0.0,0,349.164,700,27.56,-1
0.45,-0.3,0.4,0.0,-45.0,0.0,0,333.189,700,27.58,-1
0.45,-0.3,0.45,0.0,-45.0,0.0,0,314.395,700,27.51,-1
0.45,-0.3,0.5,0.0,-45.0,0.0,0,272.393,700,27.29,-1
0.45,-0.3,0.55,0.0,-45.0,0.0,0,316.929,700,27.54,-1
0.45,-0.3,0.6,0.0,-45.0,0.0,0,282.119,700,27.28,-1
0.45,-0.3,0.65,0.0,-45.0,0.0,0,232.988,700,26.75,-1
0.45,-0.3,0.7,0.0,-45.0,0.0,0,203.533,700,26.5,-1
0.45,-0.3,0.75,0.0,-45.0,0.0,0,176.124,700,26.51,-1
0.45,-0.3,0.8,0.0,-45.0,0.0,0,156.072,700,26.58,-1
0.45,-0.3,0.85,0.0,-45.0,0.0,0,132.721,700,26.55,-1
0.45,-0.3,0.9,0.0,-45.0,0.0,0,123.904,700,26.48,-1
0.45,-0.25,0.35,0.0,-45.0,0.0,0,390.488,700,27.95,-1
0.45,-0.25,0.4,0.0,-45.0,0.0,0,341.225,700,27.69,-1
0.45,-0.25,0.45,0.0,-45.0,0.0,0,324.906,700,27.28,-1
0.45,-0.25,0.5,0.0,-45.0,0.0,0,179.743,700,27.35,-1
0.45,-0.25,0.55,0.0,-45.0,0.0,0,304.467,700,27.61,-1
0.45,-0.25,0.6,0.0,-45.0,0.0,0,272.854,700,27.22,-1
0.45,-0.25,0.65,0.0,-45.0,0.0,0,240.849,700,26.87,-1
0.45,-0.25,0.7,0.0,-45.0,0.0,0,209.618,700,26.74,-1
0.45,-0.25,0.75,0.0,-45.0,0.0,0,179.614,700,26.63,-1
0.45,-0.25,0.8,0.0,-45.0,0.0,0,152.396,700,26.99,-1
0.45,-0.25,0.85,0.0,-45.0,0.0,0,130.674,700,26.63,-1
0.45,-0.25,0.9,0.0,-45.0,0.0,0,116.799,700,26.55,-1
0.45,-0.2,0.35,0.0,-45.0,0.0,0,380.363,700,27.44,-1
0.45,-0.2,0.4,0.0,-45.0,0.0,0,350.746,700,27.5,-1
0.45,-0.2,0.45,0.0,-45.0,0.0,0,324.839,700,27.5,-1
0.45,-0.2,0.5,0.0,-45.0,0.0,0,303.432,700,27.12,-1
0.45,-0.2,0.55,0.0,-45.0,0.0,0,287.316,700,27.35,-1
0.45,-0.2,0.6,0.0,-45.0,0.0,0,277.187,700,27.29,-1
0.45,-0.2,0.65,0.0,-45.0,0.0,0,245.902,700,26.95,-1
0.45,-0.2,0.7,0.0,-45.0,0.0,0,213.551,700,26.88,-1
0.45,-0.2,0.75,0.0,-45.0,0.0,0,182.573,700,26.8,-1
0.45,-0.2,0.8,0.0,-45.0,0.0,0,153.608,700,26.62,-1
0.45,-0.2,0.85,0.0,-45.0,0.0,0,130.348,700,26.68,-1
0.45,-0.2,0.9,0.0,-45.0,0.0,0,109.366,700,26.58,-1
0.45,-0.15,0.35,0.0,-45.0,0.0,0,374.496,700,27.8,-1
0.45,-0.15,0.4,0.0,-45.0,0.0,0,344.209,700,27.56,-1
0.45,-0.15,0.45,0.0,-45.0,0.0,0,317.449,700,27.42,-1
0.45,-0.15,0.5,0.0,-45.0,0.0,0,294.921,700,27.31,-1
0.45,-0.15,0.55,0.0,-45.0,0.0,0,277.327,700,27.35,-1
0.45,-0.15,0.6,0.0,-45.0,0.0,0,266.071,700,27.37,-1
0.45,-0.15,0.65,0.0,-45.0,0.0,0,247.508,700,27.43,-1
0.45,-0.15,0.7,0.0,-45.0,0.0,0,214.797,700,27.31,-1
0.45,-0.15,0.75,0.0,-45.0,0.0,0,183.524,700,27.27,-1
0.45,-0.15,0.8,0.0,-45.0,0.0,0,154.174,700,27.15,-1
0.45,-0.15,0.85,0.0,-45.0,0.0,0,130.531,700,27.22,-1
0.45,-0.15,0.9,0.0,-45.0,0.0,0,113.489,700,26.98,-1
0.45,-0.1,0.35,0.0,-45.0,0.0,0,375.129,700,27.73,-1
0.45,-0.1,0.4,0.0,-45.0,0.0,0,344.658,700,27.74,-1
0.45,-0.1,0.45,0.0,-45.0,0.0,0,316.985,700,27.56,-1
0.45,-0.1,0.5,0.0,-45.0,0.0,0,235.102,700,27.52,-1
0.45,-0.1,0.55,0.0,-45.0,0.0,0,275.117,700,27.38,-1
0.45,-0.1,0.6,0.0,-45.0,0.0,0,262.855,700,27.5,-1
0.45,-0.1,0.65,0.0,-45.0,0.0,0,247.513,700,27.41,-1
0.45,-0.1,0.7,0.0,-45.0,0.0,0,214.809,700,27.38,-1
0.45,-0.1,0.75,0.0,-45.0,0.0,0,183.555,700,27.22,-1
0.45,-0.1,0.8,0.0,-45.0,0.0,0,153.985,700,27.17,-1
0.45,-0.1,0.85,0.0,-45.0,0.0,0,131.253,700,27.33,-1
0.45,-0.1,0.9,0.0,-45.0,0.0,0,114.843,700,27.13,-1
0.45,-0.05,0.35,0.0,-45.0,0.0,0,297.69,700,27.7,-1
0.45,-0.05,0.4,0.0,-45.0,0.0,0,281.446,700,27.58,-1
0.45,-0.05,0.45,0.0,-45.0,0.0,0,323.024,700,27.57,-1
0.45,-0.05,0.5,0.0,-45.0,0.0,0,266.856,700,27.89,-1
0.45,-0.05,0.55,0.0,-45.0,0.0,0,268.193,700,27.72,-1
0.45,-0.05,0.6,0.0,-45.0,0.0,0,267.373,700,27.77,-1
0.45,-0.05,0.65,0.0,-45.0,0.0,0,247.546,700,27.45,-1
0.45,-0.05,0.7,0.0,-45.0,0.0,0,214.864,700,27.34,-1
0.45,-0.05,0.75,0.0,-45.0,0.0,0,183.704,700,27.33,-1
0.45,-0.05,0.8,0.0,-45.0,0.0,0,155.643,700,27.37,-1
0.45,-0.05,0.85,0.0,-45.0,0.0,0,131.437,700,28.34,-1
0.45,-0.05,0.9,0.0,-45.0,0.0,0,119.359,700,28.07,-1
0.5,-0.5,0.35,0.0,-45.0,0.0,0,448.819,700,28.11,-1
0.5,-0.5,0.4,0.0,-45.0,0.0,0,404.357,700,27.94,-1
0.5,-0.5,0.45,0.0,-45.0,0.0,0,304.617,700,27.68,-1
0.5,-0.5,0.5,0.0,-45.0,0.0,0,327.132,700,27.65,-1
0.5,-0.5,0.55,0.0,-45.0,0.0,0,297.145,700,27.69,-1
0.5,-0.5,0.6,0.0,-45.0,0.0,0,275.716,700,27.76,-1
0.5,-0.5,0.65,0.0,-45.0,0.0,0,257.412,700,27.17,-1
0.5,-0.5,0.7,0.0,-45.0,0.0,0,212.316,700,26.98,-1
0.5,-0.5,0.75,0.0,-45.0,0.0,0,204.845,700,26.78,-1
0.5,-0.5,0.8,0.0,-45.0,0.0,0,204.026,700,26.62,-1
0.5,-0.5,0.85,0.0,-45.0,0.0,0,216.547,700,26.62,-1
0.5,-0.5,0.9,0.0,-45.0,0.0,0,221.872,700,26.79,-1
0.5,-0.45,0.35,0.0,-45.0,0.0,0,453.362,700,27.95,-1
0.5,-0.45,0.4,0.0,-45.0,0.0,0,399.593,700,27.71,-1
0.5,-0.45,0.45,0.0,-45.0,0.0,0,340.563,700,27.85,-1
0.5,-0.45,0.5,0.0,-45.0,0.0,0,314.671,700,27.77,-1
0.5,-0.45,0.55,0.0,-45.0,0.0,0,335.251,700,27.61,-1
0.5,-0.45,0.6,0.0,-45.0,0.0,0,308.029,700,27.47,-1
0.5,-0.45,0.65,0.0,-45.0,0.0,0,218.103,700,26.94,-1
0.5,-0.45,0.7,0.0,-45.0,0.0,0,204.068,700,26.67,-1
0.5,-0.45,0.75,0.0,-45.0,0.0,0,209.57,700,26.59,-1
0.5,-0.45,0.8,0.0,-45.0,0.0,0,201.312,700,26.68,-1
0.5,-0.45,0.85,0.0,-45.0,0.0,0,198.257,700,26.49,-1
0.5,-0.45,0.9,0.0,-45.0,0.0,0,201.386,700,26.67,-1
0.5,-0.4,0.35,0.0,-45.0,0.0,0,408.285,700,27.88,-1
0.5,-0.4,0.4,0.0,-45.0,0.0,0,367.388,700,27.94,-1
0.5,-0.4,0.45,0.0,-45.0,0.0,0,389.591,700,28.01,-1
0.5,-0.4,0.5,0.0,-45.0,0.0,0,358.336,700,27.86,-1
0.5,-0.4,0.55,0.0,-45.0,0.0,0,271.373,700,27.44,-1
0.5,-0.4,0.6,0.0,-45.0,0.0,0,258.225,700,26.81,-1
0.5,-0.4,0.65,0.0,-45.0,0.0,0,231.787,700,26.68,-1
0.5,-0.4,0.7,0.0,-45.0,0.0,0,218.951,700,26.76,-1
0.5,-0.4,0.75,0.0,-45.0,0.0,0,202.6,700,26.47,-1
0.5,-0.4,0.8,0.0,-45.0,0.0,0,190.672,700,26.56,-1
0.5,-0.4,0.85,0.0,-45.0,0.0,0,186.018,700,26.72,-1
0.5,-0.4,0.9,0.0,-45.0,0.0,0,184.856,700,26.84,-1
0.5,-0.35,0.35,0.0,-45.0,0.0,0,410.006,700,27.86,-1
0.5,-0.35,0.4,0.0,-45.0,0.0,0,354.593,700,27.74,-1
0.5,-0.35,0.45,0.0,-45.0,0.0,0,329.142,700,27.56,-1
0.5,-0.35,0.5,0.0,-45.0,0.0,0,299.947,700,27.33,-1
0.5,-0.35,0.55,0.0,-45.0,0.0,0,291.865,700,27.23,-1
0.5,-0.35,0.6,0.0,-45.0,0.0,0,264.952,700,26.94,-1
0.5,-0.35,0.65,0.0,-45.0,0.0,0,229.849,700,26.99,-1
0.5,-0.35,0.7,0.0,-45.0,0.0,0,219.139,700,26.49,-1
0.5,-0.35,0.75,0.0,-45.0,0.0,0,199.82,700,26.46,-1
0.5,-0.35,0.8,0.0,-45.0,0.0,0,184.559,700,26.47,-1
0.5,-0.35,0.85,0.0,-45.0,0.0,0,174.914,700,26.77,-1
0.5,-0.35,0.9,0.0,-45.0,0.0,0,172.393,700,26.68,-1
0.5,-0.3,0.35,0.0,-45.0,0.0,0,404.557,700,27.97,-1
0.5,-0.3,0.4,0.0,-45.0,0.0,0,358.985,700,27.42,-1
0.5,-0.3,0.45,0.0,-45.0,0.0,0,337.756,700,27.36,-1
0.5,-0.3,0.5,0.0,-45.0,0.0,0,325.53,700,27.16,-1
0.5,-0.3,0.55,0.0,-45.0,0.0,0,278.616,700,27.2,-1
0.5,-0.3,0.6,0.0,-45.0,0.0,0,268.983,700,27.04,-1
0.5,-0.3,0.65,0.0,-45.0,0.0,0,248.852,700,26.66,-1
0.5,-0.3,0.7,0.0,-45.0,0.0,0,218.603,700,26.63,-1
0.5,-0.3,0.75,0.0,-45.0,0.0,0,196.759,700,26.75,-1
0.5,-0.3,0.8,0.0,-45.0,0.0,0,179.469,700,26.6,-1
0.5,-0.3,0.85,0.0,-45.0,0.0,0,166.944,700,26.63,-1
0.5,-0.3,0.9,0.0,-45.0,0.0,0,163.851,700,26.77,-1
0.5,-0.25,0.35,0.0,-45.0,0.0,0,383.392,700,27.4,-1
0.5,-0.25,0.4,0.0,-45.0,0.0,0,366.763,700,27.43,-1
0.5,-0.25,0.45,0.0,-45.0,0.0,0,291.468,700,27.57,-1
0.5,-0.25,0.5,0.0,-45.0,0.0,0,323.132,700,27.38,-1
0.5,-0.25,0.55,0.0,-45.0,0.0,0,301.741,700,27.13,-1
0.5,-0.25,0.6,0.0,-45.0,0.0,0,260.463,700,27.37,-1
0.5,-0.25,0.65,0.0,-45.0,0.0,0,247.564,700,26.75,-1
0.5,-0.25,0.7,0.0,-45.0,0.0,0,173.79,700,26.53,-1
0.5,-0.25,0.75,0.0,-45.0,0.0,0,196.13,700,26.64,-1
0.5,-0.25,0.8,0.0,-45.0,0.0,0,175.992,700,26.63,-1
0.5,-0.25,0.85,0.0,-45.0,0.0,0,162.198,700,26.71,-1
0.5,-0.25,0.9,0.0,-45.0,0.0,0,158.633,700,26.7,-1
0.5,-0.2,0.35,0.0,-45.0,0.0,0,394.219,700,27.45,-1
0.5,-0.2,0.4,0.0,-45.0,0.0,0,285.227,700,27.62,-1
0.5,-0.2,0.45,0.0,-45.0,0.0,0,347.317,700,27.44,-1
0.5,-0.2,0.5,0.0,-45.0,0.0,0,334.719,700,27.1,-1
0.5,-0.2,0.55,0.0,-45.0,0.0,0,284.844,700,27.32,-1
0.5,-0.2,0.6,0.0,-45.0,0.0,0,278.767,700,27.4,-1
0.5,-0.2,0.65,0.0,-45.0,0.0,0,249.032,700,26.89,-1
0.5,-0.2,0.7,0.0,-45.0,0.0,0,221.55,700,26.65,-1
0.5,-0.2,0.75,0.0,-45.0,0.0,0,196.796,700,26.6,-1
0.5,-0.2,0.8,0.0,-45.0,0.0,0,174.975,700,26.61,-1
0.5,-0.2,0.85,0.0,-45.0,0.0,0,161.82,700,26.84,-1
0.5,-0.2,0.9,0.0,-45.0,0.0,0,151.526,700,26.49,-1
0.5,-0.15,0.35,0.0,-45.0,0.0,0,410.31,700,27.61,-1
0.5,-0.15,0.4,0.0,-45.0,0.0,0,214.95,700,27.54,-1
0.5,-0.15,0.45,0.0,-45.0,0.0,0,193.225,700,27.41,-1
0.5,-0.15,0.5,0.0,-45.0,0.0,0,184.773,700,27.62,-1
0.5,-0.15,0.55,0.0,-45.0,0.0,0,311.422,700,27.61,-1
0.5,-0.15,0.6,0.0,-45.0,0.0,0,280.416,700,27.45,-1
0.5,-0.15,0.65,0.0,-45.0,0.0,0,250.099,700,27.27,-1
0.5,-0.15,0.7,0.0,-45.0,0.0,0,179.543,700,27.34,-1
0.5,-0.15,0.75,0.0,-45.0,0.0,0,197.482,700,27.68,-1
0.5,-0.15,0.8,0.0,-45.0,0.0,0,175.351,700,27.6,-1
0.5,-0.15,0.85,0.0,-45.0,0.0,0,158.791,700,27.5,-1
0.5,-0.15,0.9,0.0,-45.0,0.0,0,157.382,700,27.28,-1
0.5,-0.1,0.35,0.0,-45.0,0.0,0,421.055,700,27.43,-1
0.5,-0.1,0.4,0.0,-45.0,0.0,0,391.081,700,27.5,-1
0.5,-0.1,0.45,0.0,-45.0,0.0,0,233.241,700,27.63,-1
0.5,-0.1,0.5,0.0,-45.0,0.0,0,342.429,700,27.62,-1
0.5,-0.1,0.55,0.0,-45.0,0.0,0,311.5,700,27.5,-1
0.5,-0.1,0.6,0.0,-45.0,0.0,0,280.546,700,27.46,-1
0.5,-0.1,0.65,0.0,-45.0,0.0,0,250.465,700,27.48,-1
0.5,-0.1,0.7,0.0,-45.0,0.0,0,238.372,700,27.41,-1
0.5,-0.1,0.75,0.0,-45.0,0.0,0,198.225,700,27.63,-1
0.5,-0.1,0.8,0.0,-45.0,0.0,0,175.991,700,27.63,-1
0.5,-0.1,0.85,0.0,-45.0,0.0,0,169.792,700,27.47,-1
0.5,-0.1,0.9,0.0,-45.0,0.0,0,159.121,700,27.45,-1
0.5,-0.05,0.35,0.0,-45.0,0.0,0,424.669,700,27.62,-1
0.5,-0.05,0.4,0.0,-45.0,0.0,0,392.935,700,27.63,-1
0.5,-0.05,0.45,0.0,-45.0,0.0,0,367.748,700,27.66,-1
0.5,-0.05,0.5,0.0,-45.0,0.0,0,269.052,700,27.62,-1
0.5,-0.05,0.55,0.0,-45.0,0.0,0,311.892,700,27.53,-1
0.5,-0.05,0.6,0.0,-45.0,0.0,0,281.269,700,27.36,-1
0.5,-0.05,0.65,0.0,-45.0,0.0,0,252.096,700,27.59,-1
0.5,-0.05,0.7,0.0,-45.0,0.0,0,225.057,700,28.16,-1
0.5,-0.05,0.75,0.0,-45.0,0.0,0,200.477,700,28.35,-1
0.5,-0.05,0.8,0.0,-45.0,0.0,0,178.373,700,28.21,-1
0.5,-0.05,0.85,0.0,-45.0,0.0,0,163.545,700,28.08,-1
0.5,-0.05,0.9,0.0,-45.0,0.0,0,164.25,700,27.7,-1
-0.2,-0.5,0.35,0.0,90.0,0.0,0,109.865,700,27.13,-1
-0.2,-0.5,0.4,0.0,90.0,0.0,0,128.553,700,27.84,-1
-0.2,-0.5,0.45,0.0,90.0,0.0,0,124.54,700,27.23,-1
-0.2,-0.5,0.5,0.0,90.0,0.0,0,126.464,700,27.01,-1
-0.2,-0.5,0.55,0.0,90.0,0.0,0,156.435,700,27.3,-1
-0.2,-0.5,0.6,0.0,90.0,0.0,0,133.948,700,27.0,-1
-0.2,-0.5,0.65,0.0,90.0,0.0,0,106.731,700,27.12,-1
-0.2,-0.5,0.7,0.0,90.0,0.0,0,83.883,700,27.57,-1
-0.2,-0.5,0.75,0.0,90.0,0.0,0,66.493,700,27.26,-1
-0.2,-0.5,0.8,0.0,90.0,0.0,0,55.695,700,26.78,-1
-0.2,-0.5,0.85,0.0,90.0,0.0,0,52.488,700,26.96,-1
-0.2,-0.5,0.9,0.0,90.0,0.0,0,57.453,700,26.74,-1
-0.2,-0.45,0.35,0.0,90.0,0.0,0,121.236,700,27.02,-1
-0.2,-0.45,0.4,0.0,90.0,0.0,0,148.284,700,27.18,-1
-0.2,-0.45,0.45,0.0,90.0,0.0,0,128.518,700,27.11,-1
-0.2,-0.45,0.5,0.0,90.0,0.0,0,135.345,700,26.85,-1
-0.2,-0.45,0.55,0.0,90.0,0.0,0,147.023,700,26.78,-1
-0.2,-0.45,0.6,0.0,90.0,0.0,0,114.218,700,26.78,-1
-0.2,-0.45,0.65,0.0,90.0,0.0,0,84.699,700,27.33,-1
-0.2,-0.45,0.7,0.0,90.0,0.0,0,59.539,700,27.44,-1
-0.2,-0.45,0.75,0.0,90.0,0.0,0,40.023,700,26.87,-1
-0.2,-0.45,0.8,0.0,90.0,0.0,0,27.537,700,26.77,-1
-0.2,-0.45,0.85,0.0,90.0,0.0,0,23.332,700,26.52,-1
-0.2,-0.45,0.9,0.0,90.0,0.0,0,28.167,700,26.65,-1
-0.2,-0.4,0.35,0.0,90.0,0.0,0,117.183,700,27.1,-1
-0.2,-0.4,0.4,0.0,90.0,0.0,0,112.419,700,27.04,-1
-0.2,-0.4,0.45,0.0,90.0,0.0,0,136.866,700,27.05,-1
-0.2,-0.4,0.5,0.0,90.0,0.0,0,82.997,700,27.18,-1
-0.2,-0.4,0.55,0.0,90.0,0.0,0,134.691,700,26.95,-1
-0.2,-0.4,0.6,0.0,90.0,0.0,0,99.988,700,26.96,-1
-0.2,-0.4,0.65,0.0,90.0,0.0,0,68.418,700,26.75,-1
-0.2,-0.4,0.7,0.0,90.0,0.0,0,41.178,700,26.69,-1
-0.2,-0.4,0.75,0.0,90.0,0.0,0,19.768,700,26.72,-1
-0.2,-0.4,0.8,0.0,90.0,0.0,1,5.903,100,3.78,0
-0.2,-0.4,0.85,0.0,90.0,0.0,1,2.608,15,0.59,0
-0.2,-0.4,0.9,0.0,90.0,0.0,1,5.918,100,3.72,0
-0.2,-0.35,0.35,0.0,90.0,0.0,0,125.785,700,27.28,-1
-0.2,-0.35,0.4,0.0,90.0,0.0,0,215.699,700,27.19,-1
-0.2,-0.35,0.45,0.0,90.0,0.0,0,102.826,700,27.21,-1
-0.2,-0.35,0.5,0.0,90.0,0.0,0,113.636,700,27.3,-1
-0.2,-0.35,0.55,0.0,90.0,0.0,0,128.167,700,26.79,-1
-0.2,-0.35,0.6,0.0,90.0,0.0,0,92.021,700,28.85,-1
-0.2,-0.35,0.65,0.0,90.0,0.0,0,58.876,700,29.45,-1
-0.2,-0.35,0.7,0.0,90.0,0.0,0,30.039,700,27.0,-1
-0.2,-0.35,0.75,0.0,90.0,0.0,1,7.29,200,7.69,1
-0.2,-0.35,0.8,0.0,90.0,0.0,1,2.654,8,0.33,0
-0.2,-0.35,0.85,0.0,90.0,0.0,1,2.699,22,0.86,0
-0.2,-0.35,0.9,0.0,90.0,0.0,1,2.441,7,0.29,0
-0.2,-0.3,0.35,0.0,90.0,0.0,0,130.519,700,27.35,-1
-0.2,-0.3,0.4,0.0,90.0,0.0,0,103.507,700,27.68,-1
-0.2,-0.3,0.45,0.0,90.0,0.0,0,116.595,700,27.37,-1
-0.2,-0.3,0.5,0.0,90.0,0.0,0,127.464,700,27.35,-1
-0.2,-0.3,0.55,0.0,90.0,0.0,0,127.883,700,27.17,-1
-0.2,-0.3,0.6,0.0,90.0,0.0,0,90.927,700,27.1,-1
-0.2,-0.3,0.65,0.0,90.0,0.0,0,56.907,700,26.86,-1
-0.2,-0.3,0.7,0.0,90.0,0.0,0,27.211,700,26.76,-1
-0.2,-0.3,0.75,0.0,90.0,0.0,1,3.923,100,3.8,0
-0.2,-0.3,0.8,0.0,90.0,0.0,1,2.544,109,4.34,1
-0.2,-0.3,0.85,0.0,90.0,0.0,1,2.006,15,0.6,0
-0.2,-0.3,0.9,0.0,90.0,0.0,1,1.23,11,0.44,0
-0.2,-0.25,0.35,0.0,90.0,0.0,0,134.254,700,27.33,-1
-0.2,-0.25,0.4,0.0,90.0,0.0,0,127.23,700,27.55,-1
-0.2,-0.25,0.45,0.0,90.0,0.0,0,137.88,700,27.5,-1
-0.2,-0.25,0.5,0.0,90.0,0.0,0,150.325,700,27.53,-1
-0.2,-0.25,0.55,0.0,90.0,0.0,0,134.038,700,27.71,-1
-0.2,-0.25,0.6,0.0,90.0,0.0,0,97.26,700,27.86,-1
-0.2,-0.25,0.65,0.0,90.0,0.0,0,63.75,700,27.43,-1
-0.2,-0.25,0.7,0.0,90.0,0.0,0,35.65,700,27.36,-1
-0.2,-0.25,0.75,0.0,90.0,0.0,0,12.676,700,26.87,-1
-0.2,-0.25,0.8,0.0,90.0,0.0,1,3.956,100,3.71,0
-0.2,-0.25,0.85,0.0,90.0,0.0,1,2.509,17,0.67,0
-0.2,-0.25,0.9,0.0,90.0,0.0,1,2.147,115,4.5,1
-0.2,-0.2,0.35,0.0,90.0,0.0,0,136.586,700,27.01,-1
-0.2,-0.2,0.4,0.0,90.0,0.0,0,148.306,700,27.33,-1
-0.2,-0.2,0.45,0.0,90.0,0.0,0,185.125,700,27.53,-1
-0.2,-0.2,0.5,0.0,90.0,0.0,0,171.61,700,27.74,-1
-0.2,-0.2,0.55,0.0,90.0,0.0,0,182.248,700,27.92,-1
-0.2,-0.2,0.6,0.0,90.0,0.0,0,119.077,700,28.26,-1
-0.2,-0.2,0.65,0.0,90.0,0.0,0,123.727,700,27.5,-1
-0.2,-0.2,0.7,0.0,90.0,0.0,0,56.353,700,27.32,-1
-0.2,-0.2,0.75,0.0,90.0,0.0,0,27.736,700,27.12,-1
-0.2,-0.2,0.8,0.0,90.0,0.0,1,8.069,200,7.66,1
-0.2,-0.2,0.85,0.0,90.0,0.0,1,2.413,15,0.59,0
-0.2,-0.2,0.9,0.0,90.0,0.0,1,2.141,12,0.47,0
-0.2,-0.15,0.35,0.0,90.0,0.0,0,137.322,700,27.33,-1
-0.2,-0.15,0.4,0.0,90.0,0.0,0,149.197,700,27.37,-1
-0.2,-0.15,0.45,0.0,90.0,0.0,0,161.107,700,27.57,-1
-0.2,-0.15,0.5,0.0,90.0,0.0,0,176.543,700,27.95,-1
-0.2,-0.15,0.55,0.0,90.0,0.0,0,180.823,700,28.07,-1
-0.2,-0.15,0.6,0.0,90.0,0.0,0,126.044,700,28.65,-1
-0.2,-0.15,0.65,0.0,90.0,0.0,0,183.051,700,28.31,-1
-0.2,-0.15,0.7,0.0,90.0,0.0,0,75.926,700,28.2,-1
-0.2,-0.15,0.75,0.0,90.0,0.0,0,28.4,700,27.86,-1
-0.2,-0.15,0.8,0.0,90.0,0.0,1,8.776,400,15.82,3
-0.2,-0.15,0.85,0.0,90.0,0.0,1,2.66,14,0.56,0
-0.2,-0.15,0.9,0.0,90.0,0.0,1,1.592,110,4.41,1
-0.2,-0.1,0.35,0.0,90.0,0.0,0,137.324,700,27.32,-1
-0.2,-0.1,0.4,0.0,90.0,0.0,0,148.362,700,27.7,-1
-0.2,-0.1,0.45,0.0,90.0,0.0,0,164.848,700,27.78,-1
-0.2,-0.1,0.5,0.0,90.0,0.0,0,182.814,700,27.47,-1
-0.2,-0.1,0.55,0.0,90.0,0.0,0,144.222,700,28.17,-1
-0.2,-0.1,0.6,0.0,90.0,0.0,0,220.37,700,28.2,-1
-0.2,-0.1,0.65,0.0,90.0,0.0,0,74.29,700,28.15,-1
-0.2,-0.1,0.7,0.0,90.0,0.0,0,45.328,700,27.87,-1
-0.2,-0.1,0.75,0.0,90.0,0.0,0,22.618,700,28.13,-1
-0.2,-0.1,0.8,0.0,90.0,0.0,1,5.981,400,15.99,3
-0.2,-0.1,0.85,0.0,90.0,0.0,1,1.645,9,0.37,0
-0.2,-0.1,0.9,0.0,90.0,0.0,1,1.249,9,0.36,0
-0.2,-0.05,0.35,0.0,90.0,0.0,0,137.34,700,27.34,-1
-0.2,-0.05,0.4,0.0,90.0,0.0,0,149.097,700,27.87,-1
-0.2,-0.05,0.45,0.0,90.0,0.0,0,170.051,700,27.75,-1
-0.2,-0.05,0.5,0.0,90.0,0.0,0,171.734,700,27.81,-1
-0.2,-0.05,0.55,0.0,90.0,0.0,0,132.688,700,27.85,-1
-0.2,-0.05,0.6,0.0,90.0,0.0,0,95.624,700,28.29,-1
-0.2,-0.05,0.65,0.0,90.0,0.0,0,61.521,700,28.09,-1
-0.2,-0.05,0.7,0.0,90.0,0.0,0,31.798,700,28.09,-1
-0.2,-0.05,0.75,0.0,90.0,0.0,0,269.746,700,28.45,-1
-0.2,-0.05,0.8,0.0,90.0,0.0,0,238.877,700,28.3,-1
-0.2,-0.05,0.85,0.0,90.0,0.0,1,1.546,15,0.6,0
-0.2,-0.05,0.9,0.0,90.0,0.0,1,1.544,9,0.36,0
-0.15,-0.5,0.35,0.0,90.0,0.0,0,86.678,700,27.26,-1
-0.15,-0.5,0.4,0.0,90.0,0.0,0,97.034,700,27.78,-1
-0.15,-0.5,0.45,0.0,90.0,0.0,0,92.951,700,27.18,-1
-0.15,-0.5,0.5,0.0,90.0,0.0,0,95.93,700,27.03,-1
-0.15,-0.5,0.55,0.0,90.0,0.0,0,99.675,700,26.9,-1
-0.15,-0.5,0.6,0.0,90.0,0.0,0,113.091,700,26.83,-1
-0.15,-0.5,0.65,0.0,90.0,0.0,0,83.774,700,27.12,-1
-0.15,-0.5,0.7,0.0,90.0,0.0,0,58.755,700,26.88,-1
-0.15,-0.5,0.75,0.0,90.0,0.0,0,39.297,700,26.73,-1
-0.15,-0.5,0.8,0.0,90.0,0.0,0,26.813,700,26.65,-1
-0.15,-0.5,0.85,0.0,90.0,0.0,0,22.652,700,27.39,-1
-0.15,-0.5,0.9,0.0,90.0,0.0,0,27.735,700,26.71,-1
-0.15,-0.45,0.35,0.0,90.0,0.0,0,89.466,700,26.79,-1
-0.15,-0.45,0.4,0.0,90.0,0.0,0,92.782,700,27.1,-1
-0.15,-0.45,0.45,0.0,90.0,0.0,0,97.947,700,27.03,-1
-0.15,-0.45,0.5,0.0,90.0,0.0,0,164.332,700,26.74,-1
-0.15,-0.45,0.55,0.0,90.0,0.0,0,111.764,700,26.79,-1
-0.15,-0.45,0.6,0.0,90.0,0.0,0,91.906,700,27.28,-1
-0.15,-0.45,0.65,0.0,90.0,0.0,0,59.767,700,27.0,-1
-0.15,-0.45,0.7,0.0,90.0,0.0,0,31.81,700,27.21,-1
-0.15,-0.45,0.75,0.0,90.0,0.0,1,9.621,300,11.82,2
-0.15,-0.45,0.8,0.0,90.0,0.0,1,1.942,114,4.45,1
-0.15,-0.45,0.85,0.0,90.0,0.0,1,2.07,22,0.85,0
-0.15,-0.45,0.9,0.0,90.0,0.0,1,1.059,38,1.46,0
-0.15,-0.4,0.35,0.0,90.0,0.0,0,93.056,700,27.2,-1
-0.15,-0.4,0.4,0.0,90.0,0.0,0,96.651,700,27.01,-1
-0.15,-0.4,0.45,0.0,90.0,0.0,0,68.802,700,27.07,-1
-0.15,-0.4,0.5,0.0,90.0,0.0,0,130.796,700,26.84,-1
-0.15,-0.4,0.55,0.0,90.0,0.0,0,73.773,700,26.82,-1
-0.15,-0.4,0.6,0.0,90.0,0.0,0,76.368,700,26.95,-1
-0.15,-0.4,0.65,0.0,90.0,0.0,0,41.628,700,26.73,-1
-0.15,-0.4,0.7,0.0,90.0,0.0,0,10.97,700,26.82,-1
-0.15,-0.4,0.75,0.0,90.0,0.0,1,2.291,9,0.37,0
-0.15,-0.4,0.8,0.0,90.0,0.0,1,1.709,22,0.86,0
-0.15,-0.4,0.85,0.0,90.0,0.0,1,1.97,26,1.0,0
-0.15,-0.4,0.9,0.0,90.0,0.0,1,1.112,10,0.4,0
-0.15,-0.35,0.35,0.0,90.0,0.0,0,95.839,700,27.31,-1
-0.15,-0.35,0.4,0.0,90.0,0.0,0,68.654,700,27.3,-1
-0.15,-0.35,0.45,0.0,90.0,0.0,0,110.189,700,27.16,-1
-0.15,-0.35,0.5,0.0,90.0,0.0,0,110.451,700,27.1,-1
-0.15,-0.35,0.55,0.0,90.0,0.0,0,98.636,700,26.84,-1
-0.15,-0.35,0.6,0.0,90.0,0.0,0,67.428,700,27.03,-1
-0.15,-0.35,0.65,0.0,90.0,0.0,0,30.623,700,26.63,-1
-0.15,-0.35,0.7,0.0,90.0,0.0,1,2.207,7,0.29,0
-0.15,-0.35,0.75,0.0,90.0,0.0,1,2.488,9,0.37,0
-0.15,-0.35,0.8,0.0,90.0,0.0,1,1.744,7,0.28,0
-0.15,-0.35,0.85,0.0,90.0,0.0,1,1.121,15,0.59,0
-0.15,-0.35,0.9,0.0,90.0,0.0,1,1.407,108,4.28,1
-0.15,-0.3,0.35,0.0,90.0,0.0,0,99.529,700,27.17,-1
-0.15,-0.3,0.4,0.0,90.0,0.0,0,73.388,700,27.3,-1
-0.15,-0.3,0.45,0.0,90.0,0.0,0,115.277,700,27.31,-1
-0.15,-0.3,0.5,0.0,90.0,0.0,0,120.303,700,27.26,-1
-0.15,-0.3,0.55,0.0,90.0,0.0,0,106.152,700,27.08,-1
-0.15,-0.3,0.6,0.0,90.0,0.0,0,65.908,700,27.19,-1
-0.15,-0.3,0.65,0.0,90.0,0.0,0,27.939,700,26.77,-1
-0.15,-0.3,0.7,0.0,90.0,0.0,1,2.734,108,4.14,1
-0.15,-0.3,0.75,0.0,90.0,0.0,1,2.899,114,4.43,1
-0.15,-0.3,0.8,0.0,90.0,0.0,1,1.818,21,0.82,0
-0.15,-0.3,0.85,0.0,90.0,0.0,1,1.946,8,0.32,0
-0.15,-0.3,0.9,0.0,90.0,0.0,1,0.893,9,0.35,0
-0.15,-0.25,0.35,0.0,90.0,0.0,0,102.374,700,27.09,-1
-0.15,-0.25,0.4,0.0,90.0,0.0,0,110.821,700,27.39,-1
-0.15,-0.25,0.45,0.0,90.0,0.0,0,119.241,700,27.36,-1
-0.15,-0.25,0.5,0.0,90.0,0.0,0,130.949,700,27.59,-1
-0.15,-0.25,0.55,0.0,90.0,0.0,0,112.744,700,27.44,-1
-0.15,-0.25,0.6,0.0,90.0,0.0,0,72.984,700,27.67,-1
-0.15,-0.25,0.65,0.0,90.0,0.0,0,36.817,700,27.5,-1
-0.15,-0.25,0.7,0.0,90.0,0.0,1,6.545,100,3.81,0
-0.15,-0.25,0.75,0.0,90.0,0.0,1,2.818,16,0.65,0
-0.15,-0.25,0.8,0.0,90.0,0.0,1,1.484,15,0.59,0
-0.15,-0.25,0.85,0.0,90.0,0.0,1,0.997,30,1.15,0
-0.15,-0.25,0.9,0.0,90.0,0.0,1,1.226,10,0.4,0
-0.15,-0.2,0.35,0.0,90.0,0.0,0,104.145,700,27.07,-1
-0.15,-0.2,0.4,0.0,90.0,0.0,0,112.936,700,27.28,-1
-0.15,-0.2,0.45,0.0,90.0,0.0,0,121.741,700,27.41,-1
-0.15,-0.2,0.5,0.0,90.0,0.0,0,130.073,700,27.89,-1
-0.15,-0.2,0.55,0.0,90.0,0.0,0,138.194,700,27.92,-1
-0.15,-0.2,0.6,0.0,90.0,0.0,0,99.12,700,28.34,-1
-0.15,-0.2,0.65,0.0,90.0,0.0,0,52.743,700,28.13,-1
-0.15,-0.2,0.7,0.0,90.0,0.0,0,25.434,700,27.83,-1
-0.15,-0.2,0.75,0.0,90.0,0.0,1,5.139,100,3.72,0
-0.15,-0.2,0.8,0.0,90.0,0.0,1,2.513,19,0.76,0
-0.15,-0.2,0.85,0.0,90.0,0.0,1,1.869,33,1.29,0
-0.15,-0.2,0.9,0.0,90.0,0.0,1,1.475,108,4.31,1
-0.15,-0.15,0.35,0.0,90.0,0.0,0,104.707,700,27.27,-1
-0.15,-0.15,0.4,0.0,90.0,0.0,0,113.603,700,27.8,-1
-0.15,-0.15,0.45,0.0,90.0,0.0,0,124.448,700,27.59,-1
-0.15,-0.15,0.5,0.0,90.0,0.0,0,138.958,700,27.5,-1
-0.15,-0.15,0.55,0.0,90.0,0.0,0,151.525,700,28.12,-1
-0.15,-0.15,0.6,0.0,90.0,0.0,0,159.366,700,28.39,-1
-0.15,-0.15,0.65,0.0,90.0,0.0,0,16.28,700,28.37,-1
-0.15,-0.15,0.7,0.0,90.0,0.0,0,41.469,700,28.25,-1
-0.15,-0.15,0.75,0.0,90.0,0.0,1,7.891,100,3.83,0
-0.15,-0.15,0.8,0.0,90.0,0.0,1,1.848,10,0.4,0
-0.15,-0.15,0.85,0.0,90.0,0.0,1,0.913,8,0.32,0
-0.15,-0.15,0.9,0.0,90.0,0.0,1,2.471,7,0.28,0
-0.15,-0.1,0.35,0.0,90.0,0.0,0,104.708,700,27.16,-1
-0.15,-0.1,0.4,0.0,90.0,0.0,0,114.679,700,27.71,-1
-0.15,-0.1,0.45,0.0,90.0,0.0,0,133.366,700,27.66,-1
-0.15,-0.1,0.5,0.0,90.0,0.0,0,155.846,700,27.69,-1
-0.15,-0.1,0.55,0.0,90.0,0.0,0,123.152,700,27.99,-1
-0.15,-0.1,0.6,0.0,90.0,0.0,0,83.924,700,28.25,-1
-0.15,-0.1,0.65,0.0,90.0,0.0,0,46.92,700,28.21,-1
-0.15,-0.1,0.7,0.0,90.0,0.0,0,196.985,700,28.36,-1
-0.15,-0.1,0.75,0.0,90.0,0.0,1,2.993,509,20.6,5
-0.15,-0.1,0.8,0.0,90.0,0.0,1,1.14,12,0.48,0
-0.15,-0.1,0.85,0.0,90.0,0.0,1,1.382,7,0.29,0
-0.15,-0.1,0.9,0.0,90.0,0.0,1,1.172,9,0.36,0
-0.15,-0.05,0.35,0.0,90.0,0.0,0,104.517,700,27.79,-1
-0.15,-0.05,0.4,0.0,90.0,0.0,0,118.6,700,27.75,-1
-0.15,-0.05,0.45,0.0,90.0,0.0,0,143.69,700,27.61,-1
-0.15,-0.05,0.5,0.0,90.0,0.0,0,152.86,700,27.72,-1
-0.15,-0.05,0.55,0.0,90.0,0.0,0,111.132,700,27.74,-1
-0.15,-0.05,0.6,0.0,90.0,0.0,0,70.785,700,28.18,-1
-0.15,-0.05,0.65,0.0,90.0,0.0,0,32.743,700,27.98,-1
-0.15,-0.05,0.7,0.0,90.0,0.0,0,242.641,700,28.38,-1
-0.15,-0.05,0.75,0.0,90.0,0.0,0,251.045,700,28.31,-1
-0.15,-0.05,0.8,0.0,90.0,0.0,1,1.873,212,8.41,2
-0.15,-0.05,0.85,0.0,90.0,0.0,1,1.505,9,0.37,0
-0.15,-0.05,0.9,0.0,90.0,0.0,1,1.358,8,0.34,0
-0.1,-0.5,0.35,0.0,90.0,0.0,0,80.39,700,26.71,-1
-0.1,-0.5,0.4,0.0,90.0,0.0,0,66.497,700,27.64,-1
-0.1,-0.5,0.45,0.0,90.0,0.0,0,61.862,700,26.74,-1
-0.1,-0.5,0.5,0.0,90.0,0.0,0,64.61,700,27.1,-1
-0.1,-0.5,0.55,0.0,90.0,0.0,0,89.01,700,26.82,-1
-0.1,-0.5,0.6,0.0,90.0,0.0,0,94.454,700,27.1,-1
-0.1,-0.5,0.65,0.0,90.0,0.0,0,66.141,700,27.46,-1
-0.1,-0.5,0.7,0.0,90.0,0.0,0,39.173,700,27.17,-1
-0.1,-0.5,0.75,0.0,90.0,0.0,0,17.817,700,27.12,-1
-0.1,-0.5,0.8,0.0,90.0,0.0,1,4.2,100,3.79,0
-0.1,-0.5,0.85,0.0,90.0,0.0,1,1.363,16,0.63,0
-0.1,-0.5,0.9,0.0,90.0,0.0,1,3.403,100,3.79,0
-0.1,-0.45,0.35,0.0,90.0,0.0,0,62.107,700,26.92,-1
-0.1,-0.45,0.4,0.0,90.0,0.0,0,62.388,700,26.99,-1
-0.1,-0.45,0.45,0.0,90.0,0.0,0,65.951,700,26.91,-1
-0.1,-0.45,0.5,0.0,90.0,0.0,0,69.793,700,26.87,-1
-0.1,-0.45,0.55,0.0,90.0,0.0,0,111.948,700,26.75,-1
-0.1,-0.45,0.6,0.0,90.0,0.0,0,74.8,700,26.86,-1
-0.1,-0.45,0.65,0.0,90.0,0.0,0,40.318,700,26.7,-1
-0.1,-0.45,0.7,0.0,90.0,0.0,1,9.869,200,7.72,1
-0.1,-0.45,0.75,0.0,90.0,0.0,1,2.952,11,0.44,0
-0.1,-0.45,0.8,0.0,90.0,0.0,1,2.143,109,4.17,1
-0.1,-0.45,0.85,0.0,90.0,0.0,1,0.993,12,0.48,0
-0.1,-0.45,0.9,0.0,90.0,0.0,1,0.674,19,0.76,0
-0.1,-0.4,0.35,0.0,90.0,0.0,0,61.901,700,26.99,-1
-0.1,-0.4,0.4,0.0,90.0,0.0,0,65.995,700,27.07,-1
-0.1,-0.4,0.45,0.0,90.0,0.0,0,70.197,700,27.19,-1
-0.1,-0.4,0.5,0.0,90.0,0.0,0,87.799,700,26.77,-1
-0.1,-0.4,0.55,0.0,90.0,0.0,0,76.091,700,26.72,-1
-0.1,-0.4,0.6,0.0,90.0,0.0,0,58.052,700,26.94,-1
-0.1,-0.4,0.65,0.0,90.0,0.0,0,20.389,700,26.69,-1
-0.1,-0.4,0.7,0.0,90.0,0.0,1,3.737,200,7.51,1
-0.1,-0.4,0.75,0.0,90.0,0.0,1,1.84,9,0.37,0
-0.1,-0.4,0.8,0.0,90.0,0.0,1,2.279,10,0.41,0
-0.1,-0.4,0.85,0.0,90.0,0.0,1,1.979,11,0.44,0
-0.1,-0.4,0.9,0.0,90.0,0.0,1,2.246,129,5.02,1
-0.1,-0.35,0.35,0.0,90.0,0.0,0,64.615,700,27.22,-1
-0.1,-0.35,0.4,0.0,90.0,0.0,0,54.105,700,27.09,-1
-0.1,-0.35,0.45,0.0,90.0,0.0,0,74.13,700,27.15,-1
-0.1,-0.35,0.5,0.0,90.0,0.0,0,64.672,700,27.17,-1
-0.1,-0.35,0.55,0.0,90.0,0.0,0,79.892,700,26.92,-1
-0.1,-0.35,0.6,0.0,90.0,0.0,0,48.156,700,26.61,-1
-0.1,-0.35,0.65,0.0,90.0,0.0,1,8.009,200,7.59,1
-0.1,-0.35,0.7,0.0,90.0,0.0,1,3.411,200,7.54,1
-0.1,-0.35,0.75,0.0,90.0,0.0,1,2.555,107,4.19,1
-0.1,-0.35,0.8,0.0,90.0,0.0,1,1.759,14,0.55,0
-0.1,-0.35,0.85,0.0,90.0,0.0,1,1.596,110,4.28,1
-0.1,-0.35,0.9,0.0,90.0,0.0,1,1.337,15,0.58,0
-0.1,-0.3,0.35,0.0,90.0,0.0,0,67.113,700,27.24,-1
-0.1,-0.3,0.4,0.0,90.0,0.0,0,72.381,700,27.16,-1
-0.1,-0.3,0.45,0.0,90.0,0.0,0,77.536,700,27.25,-1
-0.1,-0.3,0.5,0.0,90.0,0.0,0,82.897,700,27.19,-1
-0.1,-0.3,0.55,0.0,90.0,0.0,0,89.426,700,27.02,-1
-0.1,-0.3,0.6,0.0,90.0,0.0,0,46.167,700,26.65,-1
-0.1,-0.3,0.65,0.0,90.0,0.0,1,4.75,100,3.8,0
-0.1,-0.3,0.7,0.0,90.0,0.0,1,3.429,100,3.7,0
-0.1,-0.3,0.75,0.0,90.0,0.0,1,2.888,14,0.55,0
-0.1,-0.3,0.8,0.0,90.0,0.0,1,2.275,8,0.32,0
-0.1,-0.3,0.85,0.0,90.0,0.0,1,1.724,9,0.35,0
-0.1,-0.3,0.9,0.0,90.0,0.0,1,0.79,8,0.32,0
-0.1,-0.25,0.35,0.0,90.0,0.0,0,69.032,700,27.23,-1
-0.1,-0.25,0.4,0.0,90.0,0.0,0,74.654,700,27.31,-1
-0.1,-0.25,0.45,0.0,90.0,0.0,0,80.197,700,27.3,-1
-0.1,-0.25,0.5,0.0,90.0,0.0,0,85.374,700,27.54,-1
-0.1,-0.25,0.55,0.0,90.0,0.0,0,90.48,700,27.57,-1
-0.1,-0.25,0.6,0.0,90.0,0.0,0,54.149,700,27.51,-1
-0.1,-0.25,0.65,0.0,90.0,0.0,0,17.478,700,27.54,-1
-0.1,-0.25,0.7,0.0,90.0,0.0,0,10.867,700,27.09,-1
-0.1,-0.25,0.75,0.0,90.0,0.0,1,3.105,100,3.65,0
-0.1,-0.25,0.8,0.0,90.0,0.0,1,2.554,28,1.08,0
-0.1,-0.25,0.85,0.0,90.0,0.0,1,2.919,21,0.81,0
-0.1,-0.25,0.9,0.0,90.0,0.0,1,0.564,9,0.36,0
-0.1,-0.2,0.35,0.0,90.0,0.0,0,70.227,700,26.76,-1
-0.1,-0.2,0.4,0.0,90.0,0.0,0,76.073,700,27.22,-1
-0.1,-0.2,0.45,0.0,90.0,0.0,0,81.871,700,27.26,-1
-0.1,-0.2,0.5,0.0,90.0,0.0,0,87.795,700,27.62,-1
-0.1,-0.2,0.55,0.0,90.0,0.0,0,93.643,700,27.98,-1
-0.1,-0.2,0.6,0.0,90.0,0.0,0,85.434,700,28.25,-1
-0.1,-0.2,0.65,0.0,90.0,0.0,0,93.32,700,27.82,-1
-0.1,-0.2,0.7,0.0,90.0,0.0,0,40.672,700,27.56,-1
-0.1,-0.2,0.75,0.0,90.0,0.0,0,27.46,700,26.68,-1
-0.1,-0.2,0.8,0.0,90.0,0.0,1,2.91,9,0.36,0
-0.1,-0.2,0.85,0.0,90.0,0.0,1,0.718,9,0.37,0
-0.1,-0.2,0.9,0.0,90.0,0.0,1,1.527,12,0.48,0
-0.1,-0.15,0.35,0.0,90.0,0.0,0,70.611,700,27.16,-1
-0.1,-0.15,0.4,0.0,90.0,0.0,0,76.523,700,27.36,-1
-0.1,-0.15,0.45,0.0,90.0,0.0,0,88.033,700,27.39,-1
-0.1,-0.15,0.5,0.0,90.0,0.0,0,102.493,700,27.5,-1
-0.1,-0.15,0.55,0.0,90.0,0.0,0,112.806,700,28.32,-1
-0.1,-0.15,0.6,0.0,90.0,0.0,0,120.679,700,28.39,-1
-0.1,-0.15,0.65,0.0,90.0,0.0,0,48.486,700,28.16,-1
-0.1,-0.15,0.7,0.0,90.0,0.0,0,67.219,700,28.32,-1
-0.1,-0.15,0.75,0.0,90.0,0.0,0,36.519,700,27.46,-1
-0.1,-0.15,0.8,0.0,90.0,0.0,1,6.631,100,3.81,0
-0.1,-0.15,0.85,0.0,90.0,0.0,1,1.544,8,0.34,0
-0.1,-0.15,0.9,0.0,90.0,0.0,1,1.037,8,0.32,0
-0.1,-0.1,0.35,0.0,90.0,0.0,0,70.611,700,27.23,-1
-0.1,-0.1,0.4,0.0,90.0,0.0,0,81.887,700,27.77,-1
-0.1,-0.1,0.45,0.0,90.0,0.0,0,104.078,700,27.36,-1
-0.1,-0.1,0.5,0.0,90.0,0.0,0,127.459,700,27.72,-1
-0.1,-0.1,0.55,0.0,90.0,0.0,0,110.646,700,28.06,-1
-0.1,-0.1,0.6,0.0,90.0,0.0,0,73.957,700,28.19,-1
-0.1,-0.1,0.65,0.0,90.0,0.0,0,45.488,700,28.21,-1
-0.1,-0.1,0.7,0.0,90.0,0.0,0,185.816,700,28.48,-1
-0.1,-0.1,0.75,0.0,90.0,0.0,0,196.531,700,28.5,-1
-0.1,-0.1,0.8,0.0,90.0,0.0,1,1.776,8,0.33,0
-0.1,-0.1,0.85,0.0,90.0,0.0,1,1.269,7,0.29,0
-0.1,-0.1,0.9,0.0,90.0,0.0,1,1.08,6,0.25,0
-0.1,-0.05,0.35,0.0,90.0,0.0,0,70.783,700,27.87,-1
-0.1,-0.05,0.4,0.0,90.0,0.0,0,90.534,700,27.83,-1
-0.1,-0.05,0.45,0.0,90.0,0.0,0,120.839,700,27.86,-1
-0.1,-0.05,0.5,0.0,90.0,0.0,0,152.578,700,27.87,-1
-0.1,-0.05,0.55,0.0,90.0,0.0,0,180.136,700,27.75,-1
-0.1,-0.05,0.6,0.0,90.0,0.0,0,187.882,700,28.35,-1
-0.1,-0.05,0.65,0.0,90.0,0.0,0,207.398,700,28.38,-1
-0.1,-0.05,0.7,0.0,90.0,0.0,0,233.838,700,28.38,-1
-0.1,-0.05,0.75,0.0,90.0,0.0,1,2.264,211,8.56,2
-0.1,-0.05,0.8,0.0,90.0,0.0,1,1.904,210,8.36,2
-0.1,-0.05,0.85,0.0,90.0,0.0,1,1.573,10,0.41,0
-0.1,-0.05,0.9,0.0,90.0,0.0,1,1.293,8,0.33,0
-0.05,-0.5,0.35,0.0,90.0,0.0,0,62.005,700,26.76,-1
-0.05,-0.5,0.4,0.0,90.0,0.0,0,38.256,700,28.0,-1
-0.05,-0.5,0.45,0.0,90.0,0.0,0,31.036,700,26.74,-1
-0.05,-0.5,0.5,0.0,90.0,0.0,0,32.196,700,26.73,-1
-0.05,-0.5,0.55,0.0,90.0,0.0,0,44.791,700,26.79,-1
-0.05,-0.5,0.6,0.0,90.0,0.0,0,35.227,700,27.18,-1
-0.05,-0.5,0.65,0.0,90.0,0.0,0,20.437,700,26.93,-1
-0.05,-0.5,0.7,0.0,90.0,0.0,0,26.657,700,26.94,-1
-0.05,-0.5,0.75,0.0,90.0,0.0,0,10.26,700,26.96,-1
-0.05,-0.5,0.8,0.0,90.0,0.0,1,5.037,100,3.73,0
-0.05,-0.5,0.85,0.0,90.0,0.0,1,2.697,14,0.55,0
-0.05,-0.5,0.9,0.0,90.0,0.0,1,1.356,13,0.51,0
-0.05,-0.45,0.35,0.0,90.0,0.0,0,39.281,700,26.7,-1
-0.05,-0.45,0.4,0.0,90.0,0.0,0,31.337,700,26.89,-1
-0.05,-0.45,0.45,0.0,90.0,0.0,0,32.979,700,26.79,-1
-0.05,-0.45,0.5,0.0,90.0,0.0,0,35.897,700,26.92,-1
-0.05,-0.45,0.55,0.0,90.0,0.0,0,45.977,700,26.83,-1
-0.05,-0.45,0.6,0.0,90.0,0.0,0,37.838,700,26.72,-1
-0.05,-0.45,0.65,0.0,90.0,0.0,0,27.845,700,26.73,-1
-0.05,-0.45,0.7,0.0,90.0,0.0,1,8.832,100,3.75,0
-0.05,-0.45,0.75,0.0,90.0,0.0,1,3.959,100,3.72,0
-0.05,-0.45,0.8,0.0,90.0,0.0,1,1.034,8,0.32,0
-0.05,-0.45,0.85,0.0,90.0,0.0,1,2.829,16,0.63,0
-0.05,-0.45,0.9,0.0,90.0,0.0,1,1.389,20,0.77,0
-0.05,-0.4,0.35,0.0,90.0,0.0,0,31.139,700,26.94,-1
-0.05,-0.4,0.4,0.0,90.0,0.0,0,33.121,700,26.84,-1
-0.05,-0.4,0.45,0.0,90.0,0.0,0,35.058,700,26.88,-1
-0.05,-0.4,0.5,0.0,90.0,0.0,0,44.066,700,26.84,-1
-0.05,-0.4,0.55,0.0,90.0,0.0,0,39.364,700,26.86,-1
-0.05,-0.4,0.6,0.0,90.0,0.0,0,40.514,700,26.78,-1
-0.05,-0.4,0.65,0.0,90.0,0.0,0,18.537,700,26.82,-1
-0.05,-0.4,0.7,0.0,90.0,0.0,1,4.295,200,7.78,1
-0.05,-0.4,0.75,0.0,90.0,0.0,1,1.976,10,0.41,0
-0.05,-0.4,0.8,0.0,90.0,0.0,1,2.29,113,4.39,1
-0.05,-0.4,0.85,0.0,90.0,0.0,1,2.805,18,0.7,0
-0.05,-0.4,0.9,0.0,90.0,0.0,1,2.089,21,0.8,0
-0.05,-0.35,0.35,0.0,90.0,0.0,0,32.487,700,27.23,-1
-0.05,-0.35,0.4,0.0,90.0,0.0,0,34.853,700,26.93,-1
-0.05,-0.35,0.45,0.0,90.0,0.0,0,37.054,700,26.86,-1
-0.05,-0.35,0.5,0.0,90.0,0.0,0,44.159,700,27.12,-1
-0.05,-0.35,0.55,0.0,90.0,0.0,0,46.553,700,27.11,-1
-0.05,-0.35,0.6,0.0,90.0,0.0,0,35.727,700,26.77,-1
-0.05,-0.35,0.65,0.0,90.0,0.0,1,7.417,100,3.9,0
-0.05,-0.35,0.7,0.0,90.0,0.0,1,3.233,100,3.81,0
-0.05,-0.35,0.75,0.0,90.0,0.0,1,2.891,9,0.36,0
-0.05,-0.35,0.8,0.0,90.0,0.0,1,2.363,17,0.65,0
-0.05,-0.35,0.85,0.0,90.0,0.0,1,1.737,30,1.14,0
-0.05,-0.35,0.9,0.0,90.0,0.0,1,1.618,14,0.54,0
-0.05,-0.3,0.35,0.0,90.0,0.0,0,33.75,700,27.31,-1
-0.05,-0.3,0.4,0.0,90.0,0.0,0,36.358,700,27.05,-1
-0.05,-0.3,0.45,0.0,90.0,0.0,0,38.843,700,26.87,-1
-0.05,-0.3,0.5,0.0,90.0,0.0,0,42.298,700,27.16,-1
-0.05,-0.3,0.55,0.0,90.0,0.0,0,46.553,700,27.15,-1
-0.05,-0.3,0.6,0.0,90.0,0.0,0,33.357,700,26.9,-1
-0.05,-0.3,0.65,0.0,90.0,0.0,1,5.042,100,3.91,0
-0.05,-0.3,0.7,0.0,90.0,0.0,1,3.536,100,3.82,0
-0.05,-0.3,0.75,0.0,90.0,0.0,1,2.698,10,0.4,0
-0.05,-0.3,0.8,0.0,90.0,0.0,1,2.538,15,0.58,0
-0.05,-0.3,0.85,0.0,90.0,0.0,1,1.577,15,0.57,0
-0.05,-0.3,0.9,0.0,90.0,0.0,1,1.044,14,0.54,0
-0.05,-0.25,0.35,0.0,90.0,0.0,0,34.727,700,26.9,-1
-0.05,-0.25,0.4,0.0,90.0,0.0,0,37.523,700,27.0,-1
-0.05,-0.25,0.45,0.0,90.0,0.0,0,40.248,700,27.16,-1
-0.05,-0.25,0.5,0.0,90.0,0.0,0,42.659,700,27.41,-1
-0.05,-0.25,0.55,0.0,90.0,0.0,0,46.553,700,27.63,-1
-0.05,-0.25,0.6,0.0,90.0,0.0,0,49.549,700,27.35,-1
-0.05,-0.25,0.65,0.0,90.0,0.0,0,36.517,700,27.56,-1
-0.05,-0.25,0.7,0.0,90.0,0.0,0,40.645,700,26.36,-1
-0.05,-0.25,0.75,0.0,90.0,0.0,0,28.838,700,26.4,-1
-0.05,-0.25,0.8,0.0,90.0,0.0,1,2.75,19,0.74,0
-0.05,-0.25,0.85,0.0,90.0,0.0,1,2.068,13,0.51,0
-0.05,-0.25,0.9,0.0,90.0,0.0,1,1.355,9,0.36,0
-0.05,-0.2,0.35,0.0,90.0,0.0,0,35.341,700,26.66,-1
-0.05,-0.2,0.4,0.0,90.0,0.0,0,38.255,700,26.78,-1
-0.05,-0.2,0.45,0.0,90.0,0.0,0,41.125,700,27.05,-1
-0.05,-0.2,0.5,0.0,90.0,0.0,0,45.648,700,27.42,-1
-0.05,-0.2,0.55,0.0,90.0,0.0,0,49.927,700,27.98,-1
-0.05,-0.2,0.6,0.0,90.0,0.0,0,62.304,700,28.18,-1
-0.05,-0.2,0.65,0.0,90.0,0.0,0,85.735,700,27.53,-1
-0.05,-0.2,0.7,0.0,90.0,0.0,0,81.025,700,26.85,-1
-0.05,-0.2,0.75,0.0,90.0,0.0,0,63.444,700,26.14,-1
-0.05,-0.2,0.8,0.0,90.0,0.0,0,26.564,700,26.07,-1
-0.05,-0.2,0.85,0.0,90.0,0.0,1,2.596,7,0.29,0
-0.05,-0.2,0.9,0.0,90.0,0.0,1,1.856,10,0.41,0
-0.05,-0.15,0.35,0.0,90.0,0.0,0,35.546,700,26.88,-1
-0.05,-0.15,0.4,0.0,90.0,0.0,0,39.382,700,27.24,-1
-0.05,-0.15,0.45,0.0,90.0,0.0,0,54.785,700,27.45,-1
-0.05,-0.15,0.5,0.0,90.0,0.0,0,71.364,700,27.49,-1
-0.05,-0.15,0.55,0.0,90.0,0.0,0,80.304,700,27.72,-1
-0.05,-0.15,0.6,0.0,90.0,0.0,0,89.767,700,28.11,-1
-0.05,-0.15,0.65,0.0,90.0,0.0,0,119.704,700,28.29,-1
-0.05,-0.15,0.7,0.0,90.0,0.0,0,137.512,700,28.2,-1
-0.05,-0.15,0.75,0.0,90.0,0.0,0,76.997,700,26.83,-1
-0.05,-0.15,0.8,0.0,90.0,0.0,0,35.564,700,26.69,-1
-0.05,-0.15,0.85,0.0,90.0,0.0,1,2.105,5,0.21,0
-0.05,-0.15,0.9,0.0,90.0,0.0,1,1.028,6,0.25,0
-0.05,-0.1,0.35,0.0,90.0,0.0,0,35.545,700,27.17,-1
-0.05,-0.1,0.4,0.0,90.0,0.0,0,52.747,700,27.67,-1
-0.05,-0.1,0.45,0.0,90.0,0.0,0,80.898,700,27.38,-1
-0.05,-0.1,0.5,0.0,90.0,0.0,0,106.053,700,27.43,-1
-0.05,-0.1,0.55,0.0,90.0,0.0,0,121.718,700,27.7,-1
-0.05,-0.1,0.6,0.0,90.0,0.0,0,129.061,700,28.39,-1
-0.05,-0.1,0.65,0.0,90.0,0.0,0,152.295,700,28.23,-1
-0.05,-0.1,0.7,0.0,90.0,0.0,0,186.046,700,28.21,-1
-0.05,-0.1,0.75,0.0,90.0,0.0,0,59.414,700,27.16,-1
-0.05,-0.1,0.8,0.0,90.0,0.0,0,23.673,700,26.79,-1
-0.05,-0.1,0.85,0.0,90.0,0.0,1,1.978,6,0.26,0
-0.05,-0.1,0.9,0.0,90.0,0.0,1,1.126,6,0.25,0
-0.05,-0.05,0.35,0.0,90.0,0.0,0,38.216,700,27.73,-1
-0.05,-0.05,0.4,0.0,90.0,0.0,0,68.212,700,27.76,-1
-0.05,-0.05,0.45,0.0,90.0,0.0,0,104.422,700,27.79,-1
-0.05,-0.05,0.5,0.0,90.0,0.0,0,138.034,700,27.58,-1
-0.05,-0.05,0.55,0.0,90.0,0.0,0,163.72,700,27.46,-1
-0.05,-0.05,0.6,0.0,90.0,0.0,0,171.599,700,27.96,-1
-0.05,-0.05,0.65,0.0,90.0,0.0,0,190.768,700,28.37,-1
-0.05,-0.05,0.7,0.0,90.0,0.0,0,219.379,700,28.49,-1
-0.05,-0.05,0.75,0.0,90.0,0.0,0,23.145,700,27.31,-1
-0.05,-0.05,0.8,0.0,90.0,0.0,1,2.816,8,0.34,0
-0.05,-0.05,0.85,0.0,90.0,0.0,1,1.603,9,0.37,0
-0.05,-0.05,0.9,0.0,90.0,0.0,1,1.226,8,0.33,0
-0.0,-0.5,0.35,0.0,90.0,0.0,0,55.911,700,25.92,-1
-0.0,-0.5,0.4,0.0,90.0,0.0,0,22.141,700,27.34,-1
-0.0,-0.5,0.45,0.0,90.0,0.0,1,2.431,6,0.25,0
-0.0,-0.5,0.5,0.0,90.0,0.0,1,1.429,8,0.32,0
-0.0,-0.5,0.55,0.0,90.0,0.0,1,1.742,6,0.25,0
-0.0,-0.5,0.6,0.0,90.0,0.0,1,2.258,12,0.48,0
-0.0,-0.5,0.65,0.0,90.0,0.0,1,3.041,100,3.7,0
-0.0,-0.5,0.7,0.0,90.0,0.0,0,24.265,700,26.42,-1
-0.0,-0.5,0.75,0.0,90.0,0.0,1,2.916,408,15.15,4
-0.0,-0.5,0.8,0.0,90.0,0.0,1,4.585,100,3.71,0
-0.0,-0.5,0.85,0.0,90.0,0.0,1,1.4,18,0.7,0
-0.0,-0.5,0.9,0.0,90.0,0.0,1,0.921,11,0.43,0
-0.0,-0.45,0.35,0.0,90.0,0.0,0,21.213,700,25.98,-1
-0.0,-0.45,0.4,0.0,90.0,0.0,1,2.382,9,0.36,0
-0.0,-0.45,0.45,0.0,90.0,0.0,1,0.96,106,4.08,1
-0.0,-0.45,0.5,0.0,90.0,0.0,1,1.688,105,4.03,1
-0.0,-0.45,0.55,0.0,90.0,0.0,1,3.346,400,15.2,3
-0.0,-0.45,0.6,0.0,90.0,0.0,1,0.377,7,0.32,0
-0.0,-0.45,0.65,0.0,90.0,0.0,1,0.303,9,0.38,0
-0.0,-0.45,0.7,0.0,90.0,0.0,1,2.089,10,0.4,0
-0.0,-0.45,0.75,0.0,90.0,0.0,1,2.544,12,0.48,0
-0.0,-0.45,0.8,0.0,90.0,0.0,1,2.08,9,0.36,0
-0.0,-0.45,0.85,0.0,90.0,0.0,1,1.175,9,0.36,0
-0.0,-0.45,0.9,0.0,90.0,0.0,1,0.708,31,1.17,0
-0.0,-0.4,0.35,0.0,90.0,0.0,1,2.38,207,8.1,2
-0.0,-0.4,0.4,0.0,90.0,0.0,1,0.763,8,0.33,0
-0.0,-0.4,0.45,0.0,90.0,0.0,1,2.638,8,0.32,0
-0.0,-0.4,0.5,0.0,90.0,0.0,1,5.699,100,3.7,0
-0.0,-0.4,0.55,0.0,90.0,0.0,1,3.037,600,23.14,5
-0.0,-0.4,0.6,0.0,90.0,0.0,1,2.285,413,16.04,4
-0.0,-0.4,0.65,0.0,90.0,0.0,1,9.466,100,3.91,0
-0.0,-0.4,0.7,0.0,90.0,0.0,1,2.423,8,0.33,0
-0.0,-0.4,0.75,0.0,90.0,0.0,1,2.189,28,1.08,0
-0.0,-0.4,0.8,0.0,90.0,0.0,1,2.021,15,0.59,0
-0.0,-0.4,0.85,0.0,90.0,0.0,1,1.563,15,0.59,0
-0.0,-0.4,0.9,0.0,90.0,0.0,1,1.675,12,0.47,0
-0.0,-0.35,0.35,0.0,90.0,0.0,1,1.485,151,6.01,1
-0.0,-0.35,0.4,0.0,90.0,0.0,1,0.777,307,12.11,3
-0.0,-0.35,0.45,0.0,90.0,0.0,1,1.846,7,0.29,0
-0.0,-0.35,0.5,0.0,90.0,0.0,1,5.787,100,3.7,0
-0.0,-0.35,0.55,0.0,90.0,0.0,1,3.184,100,3.73,0
-0.0,-0.35,0.6,0.0,90.0,0.0,1,2.707,14,0.56,0
-0.0,-0.35,0.65,0.0,90.0,0.0,1,9.546,100,3.8,0
-0.0,-0.35,0.7,0.0,90.0,0.0,1,2.511,7,0.29,0
-0.0,-0.35,0.75,0.0,90.0,0.0,1,2.36,9,0.35,0
-0.0,-0.35,0.8,0.0,90.0,0.0,1,1.376,7,0.28,0
-0.0,-0.35,0.85,0.0,90.0,0.0,1,1.225,6,0.24,0
-0.0,-0.35,0.9,0.0,90.0,0.0,1,2.051,13,0.5,0
-0.0,-0.3,0.35,0.0,90.0,0.0,1,0.627,211,8.31,2
-0.0,-0.3,0.4,0.0,90.0,0.0,1,2.41,8,0.33,0
-0.0,-0.3,0.45,0.0,90.0,0.0,1,1.11,6,0.25,0
-0.0,-0.3,0.5,0.0,90.0,0.0,1,0.388,208,7.99,2
-0.0,-0.3,0.55,0.0,90.0,0.0,1,3.761,300,11.38,2
-0.0,-0.3,0.6,0.0,90.0,0.0,1,2.39,7,0.29,0
-0.0,-0.3,0.65,0.0,90.0,0.0,1,3.25,100,3.71,0
-0.0,-0.3,0.7,0.0,90.0,0.0,1,4.046,100,3.74,0
-0.0,-0.3,0.75,0.0,90.0,0.0,1,2.919,16,0.63,0
-0.0,-0.3,0.8,0.0,90.0,0.0,1,2.394,28,1.06,0
-0.0,-0.3,0.85,0.0,90.0,0.0,1,2.313,14,0.54,0
-0.0,-0.3,0.9,0.0,90.0,0.0,1,2.091,11,0.43,0
-0.0,-0.25,0.35,0.0,90.0,0.0,1,0.478,9,0.37,0
-0.0,-0.25,0.4,0.0,90.0,0.0,1,0.768,8,0.33,0
-0.0,-0.25,0.45,0.0,90.0,0.0,1,0.749,6,0.25,0
-0.0,-0.25,0.5,0.0,90.0,0.0,1,1.79,308,12.13,3
-0.0,-0.25,0.55,0.0,90.0,0.0,1,5.463,400,15.49,3
-0.0,-0.25,0.6,0.0,90.0,0.0,0,12.188,700,27.05,-1
-0.0,-0.25,0.65,0.0,90.0,0.0,0,41.493,700,26.46,-1
-0.0,-0.25,0.7,0.0,90.0,0.0,0,52.678,700,25.84,-1
-0.0,-0.25,0.75,0.0,90.0,0.0,0,39.627,700,25.84,-1
-0.0,-0.25,0.8,0.0,90.0,0.0,1,9.045,100,3.68,0
-0.0,-0.25,0.85,0.0,90.0,0.0,1,1.392,10,0.4,0
-0.0,-0.25,0.9,0.0,90.0,0.0,1,2.459,7,0.28,0
-0.0,-0.2,0.35,0.0,90.0,0.0,1,1.327,10,0.41,0
-0.0,-0.2,0.4,0.0,90.0,0.0,1,1.444,8,0.34,0
-0.0,-0.2,0.45,0.0,90.0,0.0,1,1.104,6,0.25,0
-0.0,-0.2,0.5,0.0,90.0,0.0,0,14.149,700,27.36,-1
-0.0,-0.2,0.55,0.0,90.0,0.0,0,19.355,700,27.27,-1
-0.0,-0.2,0.6,0.0,90.0,0.0,0,41.174,700,27.17,-1
-0.0,-0.2,0.65,0.0,90.0,0.0,0,82.491,700,26.67,-1
-0.0,-0.2,0.7,0.0,90.0,0.0,0,102.656,700,25.86,-1
-0.0,-0.2,0.75,0.0,90.0,0.0,0,79.441,700,25.83,-1
-0.0,-0.2,0.8,0.0,90.0,0.0,0,37.142,700,25.75,-1
-0.0,-0.2,0.85,0.0,90.0,0.0,1,1.268,5,0.21,0
-0.0,-0.2,0.9,0.0,90.0,0.0,1,1.077,7,0.28,0
-0.0,-0.15,0.35,0.0,90.0,0.0,1,0.474,9,0.37,0
-0.0,-0.15,0.4,0.0,90.0,0.0,0,10.174,700,26.41,-1
-0.0,-0.15,0.45,0.0,90.0,0.0,0,37.447,700,26.88,-1
-0.0,-0.15,0.5,0.0,90.0,0.0,0,57.202,700,27.1,-1
-0.0,-0.15,0.55,0.0,90.0,0.0,0,65.947,700,27.1,-1
-0.0,-0.15,0.6,0.0,90.0,0.0,0,76.56,700,27.26,-1
-0.0,-0.15,0.65,0.0,90.0,0.0,0,110.205,700,27.14,-1
-0.0,-0.15,0.7,0.0,90.0,0.0,0,146.122,700,26.6,-1
-0.0,-0.15,0.75,0.0,90.0,0.0,0,97.065,700,26.55,-1
-0.0,-0.15,0.8,0.0,90.0,0.0,0,47.123,700,26.61,-1
-0.0,-0.15,0.85,0.0,90.0,0.0,1,1.075,5,0.21,0
-0.0,-0.15,0.9,0.0,90.0,0.0,1,0.827,5,0.21,0
-0.0,-0.1,0.35,0.0,90.0,0.0,1,0.953,7,0.3,0
-0.0,-0.1,0.4,0.0,90.0,0.0,0,38.268,700,26.54,-1
-0.0,-0.1,0.45,0.0,90.0,0.0,0,71.382,700,26.57,-1
-0.0,-0.1,0.5,0.0,90.0,0.0,0,97.747,700,27.03,-1
-0.0,-0.1,0.55,0.0,90.0,0.0,0,112.977,700,26.78,-1
-0.0,-0.1,0.6,0.0,90.0,0.0,0,120.254,700,27.23,-1
-0.0,-0.1,0.65,0.0,90.0,0.0,0,119.219,700,27.18,-1
-0.0,-0.1,0.7,0.0,90.0,0.0,0,96.935,700,26.81,-1
-0.0,-0.1,0.75,0.0,90.0,0.0,0,74.629,700,26.0,-1
-0.0,-0.1,0.8,0.0,90.0,0.0,0,34.037,700,26.56,-1
-0.0,-0.1,0.85,0.0,90.0,0.0,1,1.321,8,0.33,0
-0.0,-0.1,0.9,0.0,90.0,0.0,1,1.203,6,0.25,0
-0.0,-0.05,0.35,0.0,90.0,0.0,0,16.638,700,26.55,-1
-0.0,-0.05,0.4,0.0,90.0,0.0,0,58.886,700,26.53,-1
-0.0,-0.05,0.45,0.0,90.0,0.0,0,98.274,700,26.46,-1
-0.0,-0.05,0.5,0.0,90.0,0.0,0,132.697,700,26.5,-1
-0.0,-0.05,0.55,0.0,90.0,0.0,0,160.132,700,26.77,-1
-0.0,-0.05,0.6,0.0,90.0,0.0,0,165.847,700,27.2,-1
-0.0,-0.05,0.65,0.0,90.0,0.0,0,88.69,700,27.21,-1
-0.0,-0.05,0.7,0.0,90.0,0.0,0,51.085,700,27.16,-1
-0.0,-0.05,0.75,0.0,90.0,0.0,0,33.47,700,26.21,-1
-0.0,-0.05,0.8,0.0,90.0,0.0,1,4.487,100,3.71,0
-0.0,-0.05,0.85,0.0,90.0,0.0,1,1.162,7,0.29,0
-0.0,-0.05,0.9,0.0,90.0,0.0,1,1.236,8,0.33,0
0.05,-0.5,0.35,0.0,90.0,0.0,0,57.634,700,25.76,-1
0.05,-0.5,0.4,0.0,90.0,0.0,0,24.663,700,27.17,-1
0.05,-0.5,0.45,0.0,90.0,0.0,1,2.847,9,0.36,0
0.05,-0.5,0.5,0.0,90.0,0.0,1,2.023,9,0.36,0
0.05,-0.5,0.55,0.0,90.0,0.0,1,0.956,5,0.22,0
0.05,-0.5,0.6,0.0,90.0,0.0,1,2.936,8,0.31,0
0.05,-0.5,0.65,0.0,90.0,0.0,1,2.262,13,0.5,0
0.05,-0.5,0.7,0.0,90.0,0.0,1,4.876,100,3.71,0
0.05,-0.5,0.75,0.0,90.0,0.0,1,4.684,100,3.7,0
0.05,-0.5,0.8,0.0,90.0,0.0,1,2.029,8,0.32,0
0.05,-0.5,0.85,0.0,90.0,0.0,1,1.333,9,0.36,0
0.05,-0.5,0.9,0.0,90.0,0.0,1,2.338,8,0.32,0
0.05,-0.45,0.35,0.0,90.0,0.0,0,23.93,700,25.83,-1
0.05,-0.45,0.4,0.0,90.0,0.0,1,2.064,7,0.29,0
0.05,-0.45,0.45,0.0,90.0,0.0,1,2.741,7,0.28,0
0.05,-0.45,0.5,0.0,90.0,0.0,1,1.892,6,0.25,0
0.05,-0.45,0.55,0.0,90.0,0.0,1,2.993,5,0.2,0
0.05,-0.45,0.6,0.0,90.0,0.0,1,1.959,6,0.24,0
0.05,-0.45,0.65,0.0,90.0,0.0,1,1.466,17,0.66,0
0.05,-0.45,0.7,0.0,90.0,0.0,1,2.1,11,0.43,0
0.05,-0.45,0.75,0.0,90.0,0.0,1,2.037,12,0.47,0
0.05,-0.45,0.8,0.0,90.0,0.0,1,2.748,19,0.73,0
0.05,-0.45,0.85,0.0,90.0,0.0,1,1.888,19,0.72,0
0.05,-0.45,0.9,0.0,90.0,0.0,1,1.225,8,0.31,0
0.05,-0.4,0.35,0.0,90.0,0.0,1,2.988,6,0.25,0
0.05,-0.4,0.4,0.0,90.0,0.0,1,1.191,16,0.62,0
0.05,-0.4,0.45,0.0,90.0,0.0,1,0.64,14,0.55,0
0.05,-0.4,0.5,0.0,90.0,0.0,1,1.298,7,0.28,0
0.05,-0.4,0.55,0.0,90.0,0.0,1,1.833,107,4.23,1
0.05,-0.4,0.6,0.0,90.0,0.0,1,2.671,113,4.37,1
0.05,-0.4,0.65,0.0,90.0,0.0,1,2.712,22,0.85,0
0.05,-0.4,0.7,0.0,90.0,0.0,1,2.259,20,0.76,0
0.05,-0.4,0.75,0.0,90.0,0.0,1,2.238,12,0.47,0
0.05,-0.4,0.8,0.0,90.0,0.0,1,1.936,20,0.75,0
0.05,-0.4,0.85,0.0,90.0,0.0,1,1.631,15,0.56,0
0.05,-0.4,0.9,0.0,90.0,0.0,1,5.732,100,3.68,0
0.05,-0.35,0.35,0.0,90.0,0.0,1,1.182,107,4.24,1
0.05,-0.35,0.4,0.0,90.0,0.0,1,0.435,212,8.19,2
0.05,-0.35,0.45,0.0,90.0,0.0,1,2.103,308,11.92,3
0.05,-0.35,0.5,0.0,90.0,0.0,1,1.719,10,0.4,0
0.05,-0.35,0.55,0.0,90.0,0.0,1,1.86,9,0.35,0
0.05,-0.35,0.6,0.0,90.0,0.0,1,2.485,11,0.42,0
0.05,-0.35,0.65,0.0,90.0,0.0,1,2.467,10,0.4,0
0.05,-0.35,0.7,0.0,90.0,0.0,1,2.393,17,0.64,0
0.05,-0.35,0.75,0.0,90.0,0.0,1,3.0,8,0.32,0
0.05,-0.35,0.8,0.0,90.0,0.0,1,2.222,17,0.64,0
0.05,-0.35,0.85,0.0,90.0,0.0,1,1.284,12,0.46,0
0.05,-0.35,0.9,0.0,90.0,0.0,1,6.021,100,3.69,0
0.05,-0.3,0.35,0.0,90.0,0.0,1,0.63,13,0.52,0
0.05,-0.3,0.4,0.0,90.0,0.0,1,0.384,133,5.08,1
0.05,-0.3,0.45,0.0,90.0,0.0,1,0.726,209,7.99,2
0.05,-0.3,0.5,0.0,90.0,0.0,1,1.339,107,4.12,1
0.05,-0.3,0.55,0.0,90.0,0.0,1,2.265,11,0.43,0
0.05,-0.3,0.6,0.0,90.0,0.0,1,2.795,8,0.32,0
0.05,-0.3,0.65,0.0,90.0,0.0,1,2.708,11,0.43,0
0.05,-0.3,0.7,0.0,90.0,0.0,1,2.8,20,0.76,0
0.05,-0.3,0.75,0.0,90.0,0.0,1,2.787,14,0.54,0
0.05,-0.3,0.8,0.0,90.0,0.0,1,2.56,15,0.57,0
0.05,-0.3,0.85,0.0,90.0,0.0,1,2.215,15,0.57,0
0.05,-0.3,0.9,0.0,90.0,0.0,1,2.609,8,0.32,0
0.05,-0.25,0.35,0.0,90.0,0.0,1,2.89,7,0.29,0
0.05,-0.25,0.4,0.0,90.0,0.0,1,1.059,10,0.39,0
0.05,-0.25,0.45,0.0,90.0,0.0,1,1.363,210,8.14,2
0.05,-0.25,0.5,0.0,90.0,0.0,1,1.959,210,8.18,2
0.05,-0.25,0.55,0.0,90.0,0.0,1,1.587,8,0.32,0
0.05,-0.25,0.6,0.0,90.0,0.0,1,3.458,100,3.69,0
0.05,-0.25,0.65,0.0,90.0,0.0,0,30.454,700,25.87,-1
0.05,-0.25,0.7,0.0,90.0,0.0,0,40.549,700,25.82,-1
0.05,-0.25,0.75,0.0,90.0,0.0,0,28.774,700,25.66,-1
0.05,-0.25,0.8,0.0,90.0,0.0,1,2.802,8,0.32,0
0.05,-0.25,0.85,0.0,90.0,0.0,1,2.242,6,0.24,0
0.05,-0.25,0.9,0.0,90.0,0.0,1,1.164,7,0.28,0
0.05,-0.2,0.35,0.0,90.0,0.0,1,1.576,7,0.3,0
0.05,-0.2,0.4,0.0,90.0,0.0,1,0.469,7,0.29,0
0.05,-0.2,0.45,0.0,90.0,0.0,1,0.716,10,0.4,0
0.05,-0.2,0.5,0.0,90.0,0.0,0,12.772,700,27.05,-1
0.05,-0.2,0.55,0.0,90.0,0.0,0,14.693,700,26.69,-1
0.05,-0.2,0.6,0.0,90.0,0.0,0,30.367,700,26.39,-1
0.05,-0.2,0.65,0.0,90.0,0.0,0,65.737,700,26.32,-1
0.05,-0.2,0.7,0.0,90.0,0.0,0,80.895,700,25.97,-1
0.05,-0.2,0.75,0.0,90.0,0.0,0,63.349,700,25.8,-1
0.05,-0.2,0.8,0.0,90.0,0.0,0,26.474,700,25.73,-1
0.05,-0.2,0.85,0.0,90.0,0.0,1,1.692,4,0.17,0
0.05,-0.2,0.9,0.0,90.0,0.0,1,1.628,4,0.17,0
0.05,-0.15,0.35,0.0,90.0,0.0,1,0.435,8,0.33,0
0.05,-0.15,0.4,0.0,90.0,0.0,1,7.637,100,3.77,0
0.05,-0.15,0.45,0.0,90.0,0.0,0,35.014,700,26.55,-1
0.05,-0.15,0.5,0.0,90.0,0.0,0,55.261,700,26.78,-1
0.05,-0.15,0.55,0.0,90.0,0.0,0,59.37,700,26.77,-1
0.05,-0.15,0.6,0.0,90.0,0.0,0,61.024,700,27.11,-1
0.05,-0.15,0.65,0.0,90.0,0.0,0,82.887,700,27.37,-1
0.05,-0.15,0.7,0.0,90.0,0.0,0,99.079,700,26.54,-1
0.05,-0.15,0.75,0.0,90.0,0.0,0,76.961,700,26.54,-1
0.05,-0.15,0.8,0.0,90.0,0.0,0,35.531,700,26.49,-1
0.05,-0.15,0.85,0.0,90.0,0.0,1,0.836,5,0.21,0
0.05,-0.15,0.9,0.0,90.0,0.0,1,0.563,5,0.21,0
0.05,-0.1,0.35,0.0,90.0,0.0,1,0.507,7,0.3,0
0.05,-0.1,0.4,0.0,90.0,0.0,0,35.289,700,26.55,-1
0.05,-0.1,0.45,0.0,90.0,0.0,0,68.328,700,26.52,-1
0.05,-0.1,0.5,0.0,90.0,0.0,0,94.965,700,26.53,-1
0.05,-0.1,0.55,0.0,90.0,0.0,0,111.126,700,26.73,-1
0.05,-0.1,0.6,0.0,90.0,0.0,0,96.989,700,27.19,-1
0.05,-0.1,0.65,0.0,90.0,0.0,0,77.117,700,27.26,-1
0.05,-0.1,0.7,0.0,90.0,0.0,0,76.01,700,26.09,-1
0.05,-0.1,0.75,0.0,90.0,0.0,0,59.428,700,26.03,-1
0.05,-0.1,0.8,0.0,90.0,0.0,0,23.683,700,26.55,-1
0.05,-0.1,0.85,0.0,90.0,0.0,1,2.273,10,0.41,0
0.05,-0.1,0.9,0.0,90.0,0.0,1,1.319,6,0.25,0
0.05,-0.05,0.35,0.0,90.0,0.0,0,13.543,700,26.42,-1
0.05,-0.05,0.4,0.0,90.0,0.0,0,55.454,700,26.47,-1
0.05,-0.05,0.45,0.0,90.0,0.0,0,94.521,700,26.48,-1
0.05,-0.05,0.5,0.0,90.0,0.0,0,128.794,700,26.54,-1
0.05,-0.05,0.55,0.0,90.0,0.0,0,154.67,700,26.74,-1
0.05,-0.05,0.6,0.0,90.0,0.0,0,94.368,700,27.28,-1
0.05,-0.05,0.65,0.0,90.0,0.0,0,60.684,700,27.12,-1
0.05,-0.05,0.7,0.0,90.0,0.0,0,35.208,700,27.13,-1
0.05,-0.05,0.75,0.0,90.0,0.0,0,23.175,700,26.2,-1
0.05,-0.05,0.8,0.0,90.0,0.0,1,2.966,8,0.33,0
0.05,-0.05,0.85,0.0,90.0,0.0,1,1.52,8,0.33,0
0.05,-0.05,0.9,0.0,90.0,0.0,1,1.151,8,0.33,0
0.1,-0.5,0.35,0.0,90.0,0.0,0,65.169,700,25.97,-1
0.1,-0.5,0.4,0.0,90.0,0.0,0,32.289,700,26.86,-1
0.1,-0.5,0.45,0.0,90.0,0.0,1,5.424,500,18.74,4
0.1,-0.5,0.5,0.0,90.0,0.0,1,1.295,6,0.25,0
0.1,-0.5,0.55,0.0,90.0,0.0,1,2.82,5,0.21,0
0.1,-0.5,0.6,0.0,90.0,0.0,1,2.833,5,0.2,0
0.1,-0.5,0.65,0.0,90.0,0.0,1,2.435,18,0.67,0
0.1,-0.5,0.7,0.0,90.0,0.0,1,2.634,15,0.57,0
0.1,-0.5,0.75,0.0,90.0,0.0,1,1.441,8,0.31,0
0.1,-0.5,0.8,0.0,90.0,0.0,1,1.351,11,0.43,0
0.1,-0.5,0.85,0.0,90.0,0.0,1,0.677,9,0.35,0
0.1,-0.5,0.9,0.0,90.0,0.0,1,1.729,10,0.39,0
0.1,-0.45,0.35,0.0,90.0,0.0,0,32.001,700,25.81,-1
0.1,-0.45,0.4,0.0,90.0,0.0,1,3.471,100,3.7,0
0.1,-0.45,0.45,0.0,90.0,0.0,1,0.846,7,0.29,0
0.1,-0.45,0.5,0.0,90.0,0.0,1,2.001,13,0.5,0
0.1,-0.45,0.55,0.0,90.0,0.0,1,0.674,5,0.2,0
0.1,-0.45,0.6,0.0,90.0,0.0,1,2.056,7,0.27,0
0.1,-0.45,0.65,0.0,90.0,0.0,1,1.142,6,0.24,0
0.1,-0.45,0.7,0.0,90.0,0.0,1,2.288,10,0.38,0
0.1,-0.45,0.75,0.0,90.0,0.0,1,2.039,27,1.03,0
0.1,-0.45,0.8,0.0,90.0,0.0,1,2.144,12,0.47,0
0.1,-0.45,0.85,0.0,90.0,0.0,1,0.806,7,0.28,0
0.1,-0.45,0.9,0.0,90.0,0.0,1,1.265,16,0.61,0
0.1,-0.4,0.35,0.0,90.0,0.0,1,5.571,100,3.68,0
0.1,-0.4,0.4,0.0,90.0,0.0,1,0.907,6,0.24,0
0.1,-0.4,0.45,0.0,90.0,0.0,1,0.417,11,0.43,0
0.1,-0.4,0.5,0.0,90.0,0.0,1,6.804,100,3.68,0
0.1,-0.4,0.55,0.0,90.0,0.0,1,1.987,5,0.2,0
0.1,-0.4,0.6,0.0,90.0,0.0,1,1.813,5,0.2,0
0.1,-0.4,0.65,0.0,90.0,0.0,1,2.953,24,0.9,0
0.1,-0.4,0.7,0.0,90.0,0.0,1,1.672,16,0.62,0
0.1,-0.4,0.75,0.0,90.0,0.0,1,2.803,21,0.79,0
0.1,-0.4,0.8,0.0,90.0,0.0,1,2.104,16,0.61,0
0.1,-0.4,0.85,0.0,90.0,0.0,1,2.148,9,0.35,0
0.1,-0.4,0.9,0.0,90.0,0.0,1,0.48,11,0.42,0
0.1,-0.35,0.35,0.0,90.0,0.0,1,1.291,6,0.24,0
0.1,-0.35,0.4,0.0,90.0,0.0,1,2.766,6,0.25,0
0.1,-0.35,0.45,0.0,90.0,0.0,1,0.539,108,4.1,1
0.1,-0.35,0.5,0.0,90.0,0.0,1,6.508,100,3.67,0
0.1,-0.35,0.55,0.0,90.0,0.0,1,2.135,6,0.24,0
0.1,-0.35,0.6,0.0,90.0,0.0,1,0.491,5,0.21,0
0.1,-0.35,0.65,0.0,90.0,0.0,1,2.305,12,0.46,0
0.1,-0.35,0.7,0.0,90.0,0.0,1,2.281,8,0.32,0
0.1,-0.35,0.75,0.0,90.0,0.0,1,2.538,26,0.96,0
0.1,-0.35,0.8,0.0,90.0,0.0,1,2.366,18,0.68,0
0.1,-0.35,0.85,0.0,90.0,0.0,1,1.28,10,0.38,0
0.1,-0.35,0.9,0.0,90.0,0.0,1,1.093,11,0.42,0
0.1,-0.3,0.35,0.0,90.0,0.0,1,0.666,7,0.29,0
0.1,-0.3,0.4,0.0,90.0,0.0,1,1.169,312,11.78,3
0.1,-0.3,0.45,0.0,90.0,0.0,1,2.344,20,0.78,0
0.1,-0.3,0.5,0.0,90.0,0.0,1,2.82,14,0.54,0
0.1,-0.3,0.55,0.0,90.0,0.0,1,1.925,7,0.28,0
0.1,-0.3,0.6,0.0,90.0,0.0,1,2.44,9,0.35,0
0.1,-0.3,0.65,0.0,90.0,0.0,1,2.09,4,0.17,0
0.1,-0.3,0.7,0.0,90.0,0.0,1,2.558,9,0.35,0
0.1,-0.3,0.75,0.0,90.0,0.0,1,2.585,7,0.27,0
0.1,-0.3,0.8,0.0,90.0,0.0,1,2.998,8,0.31,0
0.1,-0.3,0.85,0.0,90.0,0.0,1,1.532,10,0.39,0
0.1,-0.3,0.9,0.0,90.0,0.0,1,0.937,8,0.31,0
0.1,-0.25,0.35,0.0,90.0,0.0,1,0.464,107,4.22,1
0.1,-0.25,0.4,0.0,90.0,0.0,1,2.605,11,0.44,0
0.1,-0.25,0.45,0.0,90.0,0.0,1,0.499,23,0.9,0
0.1,-0.25,0.5,0.0,90.0,0.0,1,0.42,306,11.58,3
0.1,-0.25,0.55,0.0,90.0,0.0,1,1.704,6,0.24,0
0.1,-0.25,0.6,0.0,90.0,0.0,1,2.492,7,0.28,0
0.1,-0.25,0.65,0.0,90.0,0.0,1,2.938,8,0.32,0
0.1,-0.25,0.7,0.0,90.0,0.0,0,10.338,700,25.76,-1
0.1,-0.25,0.75,0.0,90.0,0.0,1,2.321,8,0.32,0
0.1,-0.25,0.8,0.0,90.0,0.0,1,1.791,5,0.21,0
0.1,-0.25,0.85,0.0,90.0,0.0,1,1.302,7,0.27,0
0.1,-0.25,0.9,0.0,90.0,0.0,1,1.604,7,0.28,0
0.1,-0.2,0.35,0.0,90.0,0.0,1,0.344,112,4.26,1
0.1,-0.2,0.4,0.0,90.0,0.0,1,0.339,13,0.52,0
0.1,-0.2,0.45,0.0,90.0,0.0,1,0.558,14,0.55,0
0.1,-0.2,0.5,0.0,90.0,0.0,1,8.127,300,11.35,2
0.1,-0.2,0.55,0.0,90.0,0.0,1,6.384,200,7.56,1
0.1,-0.2,0.6,0.0,90.0,0.0,1,4.018,100,3.78,0
0.1,-0.2,0.65,0.0,90.0,0.0,0,28.963,700,26.54,-1
0.1,-0.2,0.7,0.0,90.0,0.0,0,38.875,700,26.0,-1
0.1,-0.2,0.75,0.0,90.0,0.0,0,27.253,700,25.96,-1
0.1,-0.2,0.8,0.0,90.0,0.0,1,2.984,3,0.14,0
0.1,-0.2,0.85,0.0,90.0,0.0,1,0.708,4,0.17,0
0.1,-0.2,0.9,0.0,90.0,0.0,1,1.984,4,0.17,0
0.1,-0.15,0.35,0.0,90.0,0.0,1,2.459,208,8.04,2
0.1,-0.15,0.4,0.0,90.0,0.0,1,0.475,208,8.17,2
0.1,-0.15,0.45,0.0,90.0,0.0,0,27.602,700,26.52,-1
0.1,-0.15,0.5,0.0,90.0,0.0,0,48.917,700,26.49,-1
0.1,-0.15,0.55,0.0,90.0,0.0,0,62.116,700,26.68,-1
0.1,-0.15,0.6,0.0,90.0,0.0,0,30.412,700,27.08,-1
0.1,-0.15,0.65,0.0,90.0,0.0,0,38.345,700,26.65,-1
0.1,-0.15,0.7,0.0,90.0,0.0,0,49.162,700,26.51,-1
0.1,-0.15,0.75,0.0,90.0,0.0,0,36.443,700,26.53,-1
0.1,-0.15,0.8,0.0,90.0,0.0,1,6.381,100,3.79,0
0.1,-0.15,0.85,0.0,90.0,0.0,1,0.523,5,0.21,0
0.1,-0.15,0.9,0.0,90.0,0.0,1,0.708,6,0.25,0
0.1,-0.1,0.35,0.0,90.0,0.0,1,0.745,7,0.29,0
0.1,-0.1,0.4,0.0,90.0,0.0,0,26.429,700,26.41,-1
0.1,-0.1,0.45,0.0,90.0,0.0,0,59.168,700,26.48,-1
0.1,-0.1,0.5,0.0,90.0,0.0,0,86.25,700,26.4,-1
0.1,-0.1,0.55,0.0,90.0,0.0,0,75.148,700,26.7,-1
0.1,-0.1,0.6,0.0,90.0,0.0,0,64.184,700,26.44,-1
0.1,-0.1,0.65,0.0,90.0,0.0,0,30.951,700,27.22,-1
0.1,-0.1,0.7,0.0,90.0,0.0,0,35.867,700,26.16,-1
0.1,-0.1,0.75,0.0,90.0,0.0,0,24.534,700,25.86,-1
0.1,-0.1,0.8,0.0,90.0,0.0,1,1.968,7,0.3,0
0.1,-0.1,0.85,0.0,90.0,0.0,1,0.974,6,0.25,0
0.1,-0.1,0.9,0.0,90.0,0.0,1,2.928,6,0.25,0
0.1,-0.05,0.35,0.0,90.0,0.0,1,4.414,100,3.77,0
0.1,-0.05,0.4,0.0,90.0,0.0,0,45.328,700,26.58,-1
0.1,-0.05,0.45,0.0,90.0,0.0,0,83.435,700,26.43,-1
0.1,-0.05,0.5,0.0,90.0,0.0,0,117.103,700,26.41,-1
0.1,-0.05,0.55,0.0,90.0,0.0,0,99.131,700,26.49,-1
0.1,-0.05,0.6,0.0,90.0,0.0,0,63.826,700,26.43,-1
0.1,-0.05,0.65,0.0,90.0,0.0,0,27.74,700,26.42,-1
0.1,-0.05,0.7,0.0,90.0,0.0,1,5.91,100,3.7,0
0.1,-0.05,0.75,0.0,90.0,0.0,1,2.701,25,0.96,0
0.1,-0.05,0.8,0.0,90.0,0.0,1,2.431,110,4.32,1
0.1,-0.05,0.85,0.0,90.0,0.0,1,1.439,208,8.28,2
0.1,-0.05,0.9,0.0,90.0,0.0,1,2.527,11,0.44,0
0.15,-0.5,0.35,0.0,90.0,0.0,0,77.486,700,26.05,-1
0.15,-0.5,0.4,0.0,90.0,0.0,0,47.379,700,26.35,-1
0.15,-0.5,0.45,0.0,90.0,0.0,0,17.325,700,26.24,-1
0.15,-0.5,0.5,0.0,90.0,0.0,1,2.485,32,1.2,0
0.15,-0.5,0.55,0.0,90.0,0.0,1,1.835,107,3.9,1
0.15,-0.5,0.6,0.0,90.0,0.0,1,3.343,100,3.66,0
0.15,-0.5,0.65,0.0,90.0,0.0,1,2.843,6,0.24,0
0.15,-0.5,0.7,0.0,90.0,0.0,1,2.592,12,0.45,0
0.15,-0.5,0.75,0.0,90.0,0.0,1,1.954,8,0.31,0
0.15,-0.5,0.8,0.0,90.0,0.0,1,1.422,8,0.32,0
0.15,-0.5,0.85,0.0,90.0,0.0,1,1.182,10,0.39,0
0.15,-0.5,0.9,0.0,90.0,0.0,1,5.536,100,3.66,0
0.15,-0.45,0.35,0.0,90.0,0.0,0,45.165,700,25.89,-1
0.15,-0.45,0.4,0.0,90.0,0.0,0,10.345,700,25.87,-1
0.15,-0.45,0.45,0.0,90.0,0.0,1,1.711,10,0.4,0
0.15,-0.45,0.5,0.0,90.0,0.0,1,2.16,207,7.52,2
0.15,-0.45,0.55,0.0,90.0,0.0,1,7.91,100,3.67,0
0.15,-0.45,0.6,0.0,90.0,0.0,1,1.678,4,0.17,0
0.15,-0.45,0.65,0.0,90.0,0.0,1,2.378,6,0.24,0
0.15,-0.45,0.7,0.0,90.0,0.0,1,2.076,5,0.21,0
0.15,-0.45,0.75,0.0,90.0,0.0,1,2.353,13,0.49,0
0.15,-0.45,0.8,0.0,90.0,0.0,1,2.723,6,0.24,0
0.15,-0.45,0.85,0.0,90.0,0.0,1,0.311,8,0.32,0
0.15,-0.45,0.9,0.0,90.0,0.0,1,0.855,16,0.61,0
0.15,-0.4,0.35,0.0,90.0,0.0,0,26.639,700,25.82,-1
0.15,-0.4,0.4,0.0,90.0,0.0,1,1.744,6,0.25,0
0.15,-0.4,0.45,0.0,90.0,0.0,1,2.438,16,0.62,0
0.15,-0.4,0.5,0.0,90.0,0.0,1,1.092,6,0.24,0
0.15,-0.4,0.55,0.0,90.0,0.0,1,2.085,4,0.17,0
0.15,-0.4,0.6,0.0,90.0,0.0,1,2.226,6,0.24,0
0.15,-0.4,0.65,0.0,90.0,0.0,1,2.61,8,0.31,0
0.15,-0.4,0.7,0.0,90.0,0.0,1,2.31,7,0.28,0
0.15,-0.4,0.75,0.0,90.0,0.0,1,2.72,18,0.68,0
0.15,-0.4,0.8,0.0,90.0,0.0,1,1.281,10,0.38,0
0.15,-0.4,0.85,0.0,90.0,0.0,1,2.678,9,0.35,0
0.15,-0.4,0.9,0.0,90.0,0.0,1,1.388,9,0.35,0
0.15,-0.35,0.35,0.0,90.0,0.0,1,2.402,7,0.28,0
0.15,-0.35,0.4,0.0,90.0,0.0,1,1.14,6,0.24,0
0.15,-0.35,0.45,0.0,90.0,0.0,1,0.225,7,0.28,0
0.15,-0.35,0.5,0.0,90.0,0.0,1,0.097,7,0.28,0
0.15,-0.35,0.55,0.0,90.0,0.0,1,0.964,4,0.16,0
0.15,-0.35,0.6,0.0,90.0,0.0,1,1.437,5,0.2,0
0.15,-0.35,0.65,0.0,90.0,0.0,1,2.422,7,0.27,0
0.15,-0.35,0.7,0.0,90.0,0.0,1,2.021,6,0.23,0
0.15,-0.35,0.75,0.0,90.0,0.0,1,2.119,11,0.42,0
0.15,-0.35,0.8,0.0,90.0,0.0,1,1.383,10,0.38,0
0.15,-0.35,0.85,0.0,90.0,0.0,1,1.02,8,0.31,0
0.15,-0.35,0.9,0.0,90.0,0.0,1,1.907,7,0.27,0
0.15,-0.3,0.35,0.0,90.0,0.0,1,1.977,11,0.43,0
0.15,-0.3,0.4,0.0,90.0,0.0,1,0.267,7,0.28,0
0.15,-0.3,0.45,0.0,90.0,0.0,1,0.86,8,0.32,0
0.15,-0.3,0.5,0.0,90.0,0.0,1,1.678,13,0.5,0
0.15,-0.3,0.55,0.0,90.0,0.0,1,6.955,100,3.68,0
0.15,-0.3,0.6,0.0,90.0,0.0,1,1.796,4,0.19,0
0.15,-0.3,0.65,0.0,90.0,0.0,1,1.558,5,0.2,0
0.15,-0.3,0.7,0.0,90.0,0.0,1,2.506,10,0.38,0
0.15,-0.3,0.75,0.0,90.0,0.0,1,1.889,10,0.38,0
0.15,-0.3,0.8,0.0,90.0,0.0,1,2.306,8,0.31,0
0.15,-0.3,0.85,0.0,90.0,0.0,1,2.248,7,0.27,0
0.15,-0.3,0.9,0.0,90.0,0.0,1,0.441,6,0.24,0
0.15,-0.25,0.35,0.0,90.0,0.0,1,0.707,6,0.25,0
0.15,-0.25,0.4,0.0,90.0,0.0,1,0.15,7,0.28,0
0.15,-0.25,0.45,0.0,90.0,0.0,1,0.325,306,11.59,3
0.15,-0.25,0.5,0.0,90.0,0.0,1,0.42,111,4.2,1
0.15,-0.25,0.55,0.0,90.0,0.0,1,0.629,7,0.28,0
0.15,-0.25,0.6,0.0,90.0,0.0,1,1.451,3,0.13,0
0.15,-0.25,0.65,0.0,90.0,0.0,1,1.517,4,0.17,0
0.15,-0.25,0.7,0.0,90.0,0.0,1,1.427,4,0.17,0
0.15,-0.25,0.75,0.0,90.0,0.0,1,2.381,4,0.16,0
0.15,-0.25,0.8,0.0,90.0,0.0,1,0.791,5,0.2,0
0.15,-0.25,0.85,0.0,90.0,0.0,1,1.791,5,0.21,0
0.15,-0.25,0.9,0.0,90.0,0.0,1,0.308,6,0.24,0
0.15,-0.2,0.35,0.0,90.0,0.0,1,1.111,6,0.25,0
0.15,-0.2,0.4,0.0,90.0,0.0,1,0.137,12,0.47,0
0.15,-0.2,0.45,0.0,90.0,0.0,1,2.471,216,8.23,2
0.15,-0.2,0.5,0.0,90.0,0.0,1,0.537,206,7.81,2
0.15,-0.2,0.55,0.0,90.0,0.0,0,11.177,700,26.41,-1
0.15,-0.2,0.6,0.0,90.0,0.0,1,2.467,608,23.02,6
0.15,-0.2,0.65,0.0,90.0,0.0,1,2.067,6,0.25,0
0.15,-0.2,0.7,0.0,90.0,0.0,1,1.348,5,0.21,0
0.15,-0.2,0.75,0.0,90.0,0.0,1,1.092,4,0.17,0
0.15,-0.2,0.8,0.0,90.0,0.0,1,0.989,4,0.17,0
0.15,-0.2,0.85,0.0,90.0,0.0,1,2.818,4,0.17,0
0.15,-0.2,0.9,0.0,90.0,0.0,1,0.946,5,0.2,0
0.15,-0.15,0.35,0.0,90.0,0.0,1,0.562,106,4.03,1
0.15,-0.15,0.4,0.0,90.0,0.0,1,1.213,111,4.47,1
0.15,-0.15,0.45,0.0,90.0,0.0,0,15.023,700,26.54,-1
0.15,-0.15,0.5,0.0,90.0,0.0,0,37.249,700,26.48,-1
0.15,-0.15,0.55,0.0,90.0,0.0,0,18.676,700,26.44,-1
0.15,-0.15,0.6,0.0,90.0,0.0,1,2.634,7,0.29,0
0.15,-0.15,0.65,0.0,90.0,0.0,1,2.402,8,0.33,0
0.15,-0.15,0.7,0.0,90.0,0.0,1,2.886,108,4.12,1
0.15,-0.15,0.75,0.0,90.0,0.0,1,1.639,7,0.28,0
0.15,-0.15,0.8,0.0,90.0,0.0,1,1.897,5,0.21,0
0.15,-0.15,0.85,0.0,90.0,0.0,1,1.554,6,0.24,0
0.15,-0.15,0.9,0.0,90.0,0.0,1,0.723,7,0.28,0
0.15,-0.1,0.35,0.0,90.0,0.0,1,2.14,206,7.83,2
0.15,-0.1,0.4,0.0,90.0,0.0,0,11.938,700,26.52,-1
0.15,-0.1,0.45,0.0,90.0,0.0,0,44.017,700,26.43,-1
0.15,-0.1,0.5,0.0,90.0,0.0,0,58.588,700,26.49,-1
0.15,-0.1,0.55,0.0,90.0,0.0,0,43.235,700,26.59,-1
0.15,-0.1,0.6,0.0,90.0,0.0,0,29.139,700,26.46,-1
0.15,-0.1,0.65,0.0,90.0,0.0,1,5.05,100,3.71,0
0.15,-0.1,0.7,0.0,90.0,0.0,1,1.381,208,7.93,2
0.15,-0.1,0.75,0.0,90.0,0.0,1,2.123,7,0.29,0
0.15,-0.1,0.8,0.0,90.0,0.0,1,1.602,207,8.24,2
0.15,-0.1,0.85,0.0,90.0,0.0,1,1.151,7,0.29,0
0.15,-0.1,0.9,0.0,90.0,0.0,1,1.324,9,0.36,0
0.15,-0.05,0.35,0.0,90.0,0.0,1,1.031,27,1.06,0
0.15,-0.05,0.4,0.0,90.0,0.0,0,28.995,700,26.86,-1
0.15,-0.05,0.45,0.0,90.0,0.0,0,65.554,700,26.5,-1
0.15,-0.05,0.5,0.0,90.0,0.0,0,97.971,700,26.36,-1
0.15,-0.05,0.55,0.0,90.0,0.0,0,57.687,700,26.58,-1
0.15,-0.05,0.6,0.0,90.0,0.0,0,28.642,700,26.43,-1
0.15,-0.05,0.65,0.0,90.0,0.0,1,2.854,10,0.4,0
0.15,-0.05,0.7,0.0,90.0,0.0,1,2.813,11,0.44,0
0.15,-0.05,0.75,0.0,90.0,0.0,1,2.534,106,4.19,1
0.15,-0.05,0.8,0.0,90.0,0.0,1,2.451,210,8.6,2
0.15,-0.05,0.85,0.0,90.0,0.0,1,2.251,8,0.32,0
0.15,-0.05,0.9,0.0,90.0,0.0,1,1.071,9,0.36,0
0.2,-0.5,0.35,0.0,90.0,0.0,0,94.253,700,25.93,-1
0.2,-0.5,0.4,0.0,90.0,0.0,0,62.869,700,25.94,-1
0.2,-0.5,0.45,0.0,90.0,0.0,0,35.046,700,26.92,-1
0.2,-0.5,0.5,0.0,90.0,0.0,0,12.578,700,26.13,-1
0.2,-0.5,0.55,0.0,90.0,0.0,1,2.822,108,3.96,1
0.2,-0.5,0.6,0.0,90.0,0.0,1,3.356,100,3.57,0
0.2,-0.5,0.65,0.0,90.0,0.0,1,2.95,8,0.31,0
0.2,-0.5,0.7,0.0,90.0,0.0,1,2.315,8,0.31,0
0.2,-0.5,0.75,0.0,90.0,0.0,1,1.766,8,0.31,0
0.2,-0.5,0.8,0.0,90.0,0.0,1,1.953,9,0.34,0
0.2,-0.5,0.85,0.0,90.0,0.0,1,5.481,100,3.67,0
0.2,-0.5,0.9,0.0,90.0,0.0,0,34.706,700,25.59,-1
0.2,-0.45,0.35,0.0,90.0,0.0,0,63.016,700,26.16,-1
0.2,-0.45,0.4,0.0,90.0,0.0,0,29.537,700,25.84,-1
0.2,-0.45,0.45,0.0,90.0,0.0,1,4.386,100,3.66,0
0.2,-0.45,0.5,0.0,90.0,0.0,1,1.137,6,0.25,0
0.2,-0.45,0.55,0.0,90.0,0.0,1,2.932,15,0.57,0
0.2,-0.45,0.6,0.0,90.0,0.0,0,19.1,700,25.19,-1
0.2,-0.45,0.65,0.0,90.0,0.0,1,3.447,100,3.66,0
0.2,-0.45,0.7,0.0,90.0,0.0,1,2.424,4,0.17,0
0.2,-0.45,0.75,0.0,90.0,0.0,1,2.987,5,0.2,0
0.2,-0.45,0.8,0.0,90.0,0.0,1,0.654,6,0.24,0
0.2,-0.45,0.85,0.0,90.0,0.0,1,1.725,7,0.27,0
0.2,-0.45,0.9,0.0,90.0,0.0,1,1.843,10,0.38,0
0.2,-0.4,0.35,0.0,90.0,0.0,0,35.028,700,25.88,-1
0.2,-0.4,0.4,0.0,90.0,0.0,1,4.441,100,3.67,0
0.2,-0.4,0.45,0.0,90.0,0.0,1,0.91,207,7.81,2
0.2,-0.4,0.5,0.0,90.0,0.0,1,1.61,406,14.73,4
0.2,-0.4,0.55,0.0,90.0,0.0,1,0.86,406,14.58,4
0.2,-0.4,0.6,0.0,90.0,0.0,1,2.435,4,0.17,0
0.2,-0.4,0.65,0.0,90.0,0.0,1,2.105,3,0.13,0
0.2,-0.4,0.7,0.0,90.0,0.0,1,1.064,4,0.16,0
0.2,-0.4,0.75,0.0,90.0,0.0,1,0.947,7,0.27,0
0.2,-0.4,0.8,0.0,90.0,0.0,1,1.169,6,0.24,0
0.2,-0.4,0.85,0.0,90.0,0.0,1,0.421,8,0.31,0
0.2,-0.4,0.9,0.0,90.0,0.0,1,1.374,7,0.28,0
0.2,-0.35,0.35,0.0,90.0,0.0,0,10.897,700,25.76,-1
0.2,-0.35,0.4,0.0,90.0,0.0,1,2.578,6,0.25,0
0.2,-0.35,0.45,0.0,90.0,0.0,1,0.413,5,0.21,0
0.2,-0.35,0.5,0.0,90.0,0.0,1,0.095,6,0.25,0
0.2,-0.35,0.55,0.0,90.0,0.0,1,0.252,9,0.35,0
0.2,-0.35,0.6,0.0,90.0,0.0,1,7.856,100,3.67,0
0.2,-0.35,0.65,0.0,90.0,0.0,1,2.297,3,0.13,0
0.2,-0.35,0.7,0.0,90.0,0.0,1,0.514,4,0.16,0
0.2,-0.35,0.75,0.0,90.0,0.0,1,0.857,6,0.23,0
0.2,-0.35,0.8,0.0,90.0,0.0,1,0.265,5,0.2,0
0.2,-0.35,0.85,0.0,90.0,0.0,1,0.285,7,0.28,0
0.2,-0.35,0.9,0.0,90.0,0.0,1,0.555,7,0.27,0
0.2,-0.3,0.35,0.0,90.0,0.0,1,2.434,7,0.28,0
0.2,-0.3,0.4,0.0,90.0,0.0,1,1.333,5,0.21,0
0.2,-0.3,0.45,0.0,90.0,0.0,1,0.332,5,0.21,0
0.2,-0.3,0.5,0.0,90.0,0.0,1,0.132,6,0.24,0
0.2,-0.3,0.55,0.0,90.0,0.0,1,0.627,6,0.25,0
0.2,-0.3,0.6,0.0,90.0,0.0,1,2.808,512,18.78,5
0.2,-0.3,0.65,0.0,90.0,0.0,1,2.587,3,0.13,0
0.2,-0.3,0.7,0.0,90.0,0.0,1,0.449,4,0.16,0
0.2,-0.3,0.75,0.0,90.0,0.0,1,1.614,4,0.16,0
0.2,-0.3,0.8,0.0,90.0,0.0,1,1.001,5,0.2,0
0.2,-0.3,0.85,0.0,90.0,0.0,1,0.523,6,0.23,0
0.2,-0.3,0.9,0.0,90.0,0.0,1,0.958,6,0.23,0
0.2,-0.25,0.35,0.0,90.0,0.0,1,1.384,6,0.24,0
0.2,-0.25,0.4,0.0,90.0,0.0,1,1.487,5,0.21,0
0.2,-0.25,0.45,0.0,90.0,0.0,1,0.154,6,0.24,0
0.2,-0.25,0.5,0.0,90.0,0.0,1,0.358,6,0.24,0
0.2,-0.25,0.55,0.0,90.0,0.0,1,0.428,6,0.24,0
0.2,-0.25,0.6,0.0,90.0,0.0,1,1.637,5,0.21,0
0.2,-0.25,0.65,0.0,90.0,0.0,1,2.109,9,0.34,0
0.2,-0.25,0.7,0.0,90.0,0.0,1,0.857,4,0.16,0
0.2,-0.25,0.75,0.0,90.0,0.0,1,2.665,4,0.16,0
0.2,-0.25,0.8,0.0,90.0,0.0,1,0.856,4,0.17,0
0.2,-0.25,0.85,0.0,90.0,0.0,1,0.458,6,0.24,0
0.2,-0.25,0.9,0.0,90.0,0.0,1,2.292,6,0.23,0
0.2,-0.2,0.35,0.0,90.0,0.0,1,1.055,6,0.24,0
0.2,-0.2,0.4,0.0,90.0,0.0,1,1.495,5,0.21,0
0.2,-0.2,0.45,0.0,90.0,0.0,1,0.249,8,0.32,0
0.2,-0.2,0.5,0.0,90.0,0.0,1,0.345,6,0.24,0
0.2,-0.2,0.55,0.0,90.0,0.0,1,1.617,5,0.2,0
0.2,-0.2,0.6,0.0,90.0,0.0,1,7.861,100,3.77,0
0.2,-0.2,0.65,0.0,90.0,0.0,1,1.835,212,8.01,2
0.2,-0.2,0.7,0.0,90.0,0.0,1,2.993,7,0.28,0
0.2,-0.2,0.75,0.0,90.0,0.0,1,2.65,6,0.24,0
0.2,-0.2,0.8,0.0,90.0,0.0,1,0.52,6,0.24,0
0.2,-0.2,0.85,0.0,90.0,0.0,1,0.709,7,0.27,0
0.2,-0.2,0.9,0.0,90.0,0.0,1,1.162,8,0.31,0
0.2,-0.15,0.35,0.0,90.0,0.0,1,0.896,6,0.25,0
0.2,-0.15,0.4,0.0,90.0,0.0,1,1.464,9,0.36,0
0.2,-0.15,0.45,0.0,90.0,0.0,1,0.37,111,4.29,1
0.2,-0.15,0.5,0.0,90.0,0.0,0,19.873,700,26.46,-1
0.2,-0.15,0.55,0.0,90.0,0.0,0,37.055,700,26.41,-1
0.2,-0.15,0.6,0.0,90.0,0.0,0,48.562,700,26.44,-1
0.2,-0.15,0.65,0.0,90.0,0.0,1,2.09,413,15.61,4
0.2,-0.15,0.7,0.0,90.0,0.0,1,2.386,6,0.25,0
0.2,-0.15,0.75,0.0,90.0,0.0,1,1.845,209,8.58,2
0.2,-0.15,0.8,0.0,90.0,0.0,1,0.986,107,4.42,1
0.2,-0.15,0.85,0.0,90.0,0.0,1,1.739,9,0.36,0
0.2,-0.15,0.9,0.0,90.0,0.0,1,1.032,206,7.99,2
0.2,-0.1,0.35,0.0,90.0,0.0,1,0.995,106,4.03,1
0.2,-0.1,0.4,0.0,90.0,0.0,1,2.091,106,4.11,1
0.2,-0.1,0.45,0.0,90.0,0.0,0,23.268,700,26.56,-1
0.2,-0.1,0.5,0.0,90.0,0.0,0,49.809,700,26.33,-1
0.2,-0.1,0.55,0.0,90.0,0.0,0,70.892,700,26.5,-1
0.2,-0.1,0.6,0.0,90.0,0.0,1,1.89,508,19.23,5
0.2,-0.1,0.65,0.0,90.0,0.0,1,2.143,507,19.17,5
0.2,-0.1,0.7,0.0,90.0,0.0,1,2.713,11,0.44,0
0.2,-0.1,0.75,0.0,90.0,0.0,1,1.716,211,8.68,2
0.2,-0.1,0.8,0.0,90.0,0.0,1,1.988,7,0.29,0
0.2,-0.1,0.85,0.0,90.0,0.0,1,1.52,10,0.4,0
0.2,-0.1,0.9,0.0,90.0,0.0,1,1.286,209,8.32,2
0.2,-0.05,0.35,0.0,90.0,0.0,1,1.384,106,4.05,1
0.2,-0.05,0.4,0.0,90.0,0.0,1,7.181,300,11.42,2
0.2,-0.05,0.45,0.0,90.0,0.0,0,41.743,700,26.36,-1
0.2,-0.05,0.5,0.0,90.0,0.0,0,72.332,700,26.43,-1
0.2,-0.05,0.55,0.0,90.0,0.0,0,97.67,700,26.33,-1
0.2,-0.05,0.6,0.0,90.0,0.0,1,2.206,509,19.22,5
0.2,-0.05,0.65,0.0,90.0,0.0,1,1.801,507,19.13,5
0.2,-0.05,0.7,0.0,90.0,0.0,1,2.083,212,8.19,2
0.2,-0.05,0.75,0.0,90.0,0.0,1,2.266,13,0.51,0
0.2,-0.05,0.8,0.0,90.0,0.0,1,1.636,13,0.51,0
0.2,-0.05,0.85,0.0,90.0,0.0,1,2.169,214,8.47,2
0.2,-0.05,0.9,0.0,90.0,0.0,1,2.183,209,8.26,2
0.25,-0.5,0.35,0.0,90.0,0.0,0,115.061,700,25.67,-1
0.25,-0.5,0.4,0.0,90.0,0.0,0,84.931,700,25.7,-1
0.25,-0.5,0.45,0.0,90.0,0.0,0,58.036,700,25.66,-1
0.25,-0.5,0.5,0.0,90.0,0.0,0,35.251,700,26.94,-1
0.25,-0.5,0.55,0.0,90.0,0.0,0,17.724,700,25.92,-1
0.25,-0.5,0.6,0.0,90.0,0.0,0,34.634,700,26.0,-1
0.25,-0.5,0.65,0.0,90.0,0.0,1,6.436,100,3.67,0
0.25,-0.5,0.7,0.0,90.0,0.0,1,5.333,100,3.66,0
0.25,-0.5,0.75,0.0,90.0,0.0,1,6.55,100,3.66,0
0.25,-0.5,0.8,0.0,90.0,0.0,1,6.546,200,7.4,1
0.25,-0.5,0.85,0.0,90.0,0.0,0,18.945,700,25.9,-1
0.25,-0.5,0.9,0.0,90.0,0.0,0,36.9,700,25.92,-1
0.25,-0.45,0.35,0.0,90.0,0.0,0,85.074,700,25.66,-1
0.25,-0.45,0.4,0.0,90.0,0.0,0,53.098,700,25.67,-1
0.25,-0.45,0.45,0.0,90.0,0.0,0,24.357,700,25.93,-1
0.25,-0.45,0.5,0.0,90.0,0.0,1,4.469,100,3.71,0
0.25,-0.45,0.55,0.0,90.0,0.0,1,1.612,6,0.25,0
0.25,-0.45,0.6,0.0,90.0,0.0,1,2.933,8,0.32,0
0.25,-0.45,0.65,0.0,90.0,0.0,1,2.377,8,0.31,0
0.25,-0.45,0.7,0.0,90.0,0.0,1,2.462,5,0.2,0
0.25,-0.45,0.75,0.0,90.0,0.0,1,1.553,5,0.2,0
0.25,-0.45,0.8,0.0,90.0,0.0,1,2.535,6,0.24,0
0.25,-0.45,0.85,0.0,90.0,0.0,1,2.306,8,0.31,0
0.25,-0.45,0.9,0.0,90.0,0.0,1,6.281,100,3.59,0
0.25,-0.4,0.35,0.0,90.0,0.0,0,58.334,700,25.85,-1
0.25,-0.4,0.4,0.0,90.0,0.0,0,24.509,700,25.81,-1
0.25,-0.4,0.45,0.0,90.0,0.0,1,2.946,7,0.29,0
0.25,-0.4,0.5,0.0,90.0,0.0,1,1.062,6,0.25,0
0.25,-0.4,0.55,0.0,90.0,0.0,1,1.092,8,0.32,0
0.25,-0.4,0.6,0.0,90.0,0.0,1,2.233,7,0.27,0
0.25,-0.4,0.65,0.0,90.0,0.0,1,2.446,8,0.31,0
0.25,-0.4,0.7,0.0,90.0,0.0,1,1.575,7,0.27,0
0.25,-0.4,0.75,0.0,90.0,0.0,1,1.138,5,0.2,0
0.25,-0.4,0.8,0.0,90.0,0.0,1,2.179,5,0.2,0
0.25,-0.4,0.85,0.0,90.0,0.0,1,1.822,7,0.29,0
0.25,-0.4,0.9,0.0,90.0,0.0,1,2.458,7,0.27,0
0.25,-0.35,0.35,0.0,90.0,0.0,0,35.398,700,25.81,-1
0.25,-0.35,0.4,0.0,90.0,0.0,1,4.585,100,3.69,0
0.25,-0.35,0.45,0.0,90.0,0.0,1,0.908,7,0.29,0
0.25,-0.35,0.5,0.0,90.0,0.0,1,1.105,5,0.21,0
0.25,-0.35,0.55,0.0,90.0,0.0,1,2.638,5,0.21,0
0.25,-0.35,0.6,0.0,90.0,0.0,1,0.306,6,0.24,0
0.25,-0.35,0.65,0.0,90.0,0.0,1,0.868,6,0.24,0
0.25,-0.35,0.7,0.0,90.0,0.0,1,2.836,7,0.27,0
0.25,-0.35,0.75,0.0,90.0,0.0,1,0.843,6,0.24,0
0.25,-0.35,0.8,0.0,90.0,0.0,1,2.357,5,0.2,0
0.25,-0.35,0.85,0.0,90.0,0.0,1,0.77,6,0.24,0
0.25,-0.35,0.9,0.0,90.0,0.0,1,1.302,6,0.24,0
0.25,-0.3,0.35,0.0,90.0,0.0,0,27.074,700,25.78,-1
0.25,-0.3,0.4,0.0,90.0,0.0,1,1.427,7,0.28,0
0.25,-0.3,0.45,0.0,90.0,0.0,1,0.733,5,0.21,0
0.25,-0.3,0.5,0.0,90.0,0.0,1,0.199,5,0.21,0
0.25,-0.3,0.55,0.0,90.0,0.0,1,2.121,5,0.21,0
0.25,-0.3,0.6,0.0,90.0,0.0,1,0.345,6,0.24,0
0.25,-0.3,0.65,0.0,90.0,0.0,1,2.023,6,0.24,0
0.25,-0.3,0.7,0.0,90.0,0.0,1,1.815,10,0.38,0
0.25,-0.3,0.75,0.0,90.0,0.0,1,1.043,7,0.27,0
0.25,-0.3,0.8,0.0,90.0,0.0,1,2.271,6,0.23,0
0.25,-0.3,0.85,0.0,90.0,0.0,1,1.473,6,0.24,0
0.25,-0.3,0.9,0.0,90.0,0.0,1,2.089,6,0.23,0
0.25,-0.25,0.35,0.0,90.0,0.0,1,6.187,100,3.67,0
0.25,-0.25,0.4,0.0,90.0,0.0,1,2.961,5,0.21,0
0.25,-0.25,0.45,0.0,90.0,0.0,1,0.592,5,0.22,0
0.25,-0.25,0.5,0.0,90.0,0.0,1,0.692,5,0.2,0
0.25,-0.25,0.55,0.0,90.0,0.0,1,2.307,5,0.2,0
0.25,-0.25,0.6,0.0,90.0,0.0,1,2.161,5,0.2,0
0.25,-0.25,0.65,0.0,90.0,0.0,1,0.565,6,0.24,0
0.25,-0.25,0.7,0.0,90.0,0.0,1,0.755,10,0.38,0
0.25,-0.25,0.75,0.0,90.0,0.0,1,0.819,9,0.35,0
0.25,-0.25,0.8,0.0,90.0,0.0,1,1.284,8,0.31,0
0.25,-0.25,0.85,0.0,90.0,0.0,1,0.979,8,0.31,0
0.25,-0.25,0.9,0.0,90.0,0.0,1,2.073,7,0.28,0
0.25,-0.2,0.35,0.0,90.0,0.0,1,3.185,100,3.67,0
0.25,-0.2,0.4,0.0,90.0,0.0,1,0.603,6,0.24,0
0.25,-0.2,0.45,0.0,90.0,0.0,1,0.622,5,0.21,0
0.25,-0.2,0.5,0.0,90.0,0.0,1,0.229,6,0.24,0
0.25,-0.2,0.55,0.0,90.0,0.0,1,0.402,6,0.24,0
0.25,-0.2,0.6,0.0,90.0,0.0,1,0.523,6,0.24,0
0.25,-0.2,0.65,0.0,90.0,0.0,1,1.219,7,0.28,0
0.25,-0.2,0.7,0.0,90.0,0.0,1,1.412,10,0.39,0
0.25,-0.2,0.75,0.0,90.0,0.0,1,1.066,8,0.31,0
0.25,-0.2,0.8,0.0,90.0,0.0,1,2.124,9,0.35,0
0.25,-0.2,0.85,0.0,90.0,0.0,1,1.574,8,0.32,0
0.25,-0.2,0.9,0.0,90.0,0.0,1,1.274,7,0.28,0
0.25,-0.15,0.35,0.0,90.0,0.0,1,2.873,6,0.24,0
0.25,-0.15,0.4,0.0,90.0,0.0,1,1.84,5,0.21,0
0.25,-0.15,0.45,0.0,90.0,0.0,1,0.24,6,0.25,0
0.25,-0.15,0.5,0.0,90.0,0.0,1,0.317,6,0.25,0
0.25,-0.15,0.55,0.0,90.0,0.0,0,14.618,700,26.4,-1
0.25,-0.15,0.6,0.0,90.0,0.0,0,27.003,700,26.4,-1
0.25,-0.15,0.65,0.0,90.0,0.0,1,1.912,112,4.26,1
0.25,-0.15,0.7,0.0,90.0,0.0,1,1.524,9,0.36,0
0.25,-0.15,0.75,0.0,90.0,0.0,1,1.345,211,8.01,2
0.25,-0.15,0.8,0.0,90.0,0.0,1,1.23,213,8.24,2
0.25,-0.15,0.85,0.0,90.0,0.0,1,1.017,310,11.92,3
0.25,-0.15,0.9,0.0,90.0,0.0,1,2.835,9,0.37,0
0.25,-0.1,0.35,0.0,90.0,0.0,1,3.37,100,3.7,0
0.25,-0.1,0.4,0.0,90.0,0.0,1,0.658,6,0.25,0
0.25,-0.1,0.45,0.0,90.0,0.0,1,0.383,8,0.32,0
0.25,-0.1,0.5,0.0,90.0,0.0,0,23.035,700,26.45,-1
0.25,-0.1,0.55,0.0,90.0,0.0,0,43.536,700,26.4,-1
0.25,-0.1,0.6,0.0,90.0,0.0,0,58.436,700,26.51,-1
0.25,-0.1,0.65,0.0,90.0,0.0,1,1.456,412,15.6,4
0.25,-0.1,0.7,0.0,90.0,0.0,1,2.604,507,19.31,5
0.25,-0.1,0.75,0.0,90.0,0.0,1,1.504,509,19.41,5
0.25,-0.1,0.8,0.0,90.0,0.0,1,2.785,209,8.26,2
0.25,-0.1,0.85,0.0,90.0,0.0,1,2.132,510,19.78,5
0.25,-0.1,0.9,0.0,90.0,0.0,1,2.131,309,11.86,3
0.25,-0.05,0.35,0.0,90.0,0.0,1,6.298,100,3.67,0
0.25,-0.05,0.4,0.0,90.0,0.0,1,0.924,12,0.48,0
0.25,-0.05,0.45,0.0,90.0,0.0,0,13.046,700,26.41,-1
0.25,-0.05,0.5,0.0,90.0,0.0,0,41.479,700,26.38,-1
0.25,-0.05,0.55,0.0,90.0,0.0,0,64.994,700,26.36,-1
0.25,-0.05,0.6,0.0,90.0,0.0,1,1.605,413,15.57,4
0.25,-0.05,0.65,0.0,90.0,0.0,0,93.326,700,26.5,-1
0.25,-0.05,0.7,0.0,90.0,0.0,1,1.441,513,19.6,5
0.25,-0.05,0.75,0.0,90.0,0.0,1,1.425,513,19.73,5
0.25,-0.05,0.8,0.0,90.0,0.0,1,1.33,512,20.03,5
0.25,-0.05,0.85,0.0,90.0,0.0,1,1.176,213,8.41,2
0.25,-0.05,0.9,0.0,90.0,0.0,1,1.213,414,16.03,4
0.3,-0.5,0.35,0.0,90.0,0.0,0,139.472,700,25.78,-1
0.3,-0.5,0.4,0.0,90.0,0.0,0,110.689,700,26.11,-1
0.3,-0.5,0.45,0.0,90.0,0.0,0,85.125,700,25.81,-1
0.3,-0.5,0.5,0.0,90.0,0.0,0,63.268,700,25.82,-1
0.3,-0.5,0.55,0.0,90.0,0.0,0,45.804,700,26.22,-1
0.3,-0.5,0.6,0.0,90.0,0.0,0,33.106,700,26.45,-1
0.3,-0.5,0.65,0.0,90.0,0.0,0,34.545,700,26.01,-1
0.3,-0.5,0.7,0.0,90.0,0.0,0,25.436,700,26.37,-1
0.3,-0.5,0.75,0.0,90.0,0.0,0,29.263,700,25.71,-1
0.3,-0.5,0.8,0.0,90.0,0.0,0,33.93,700,25.95,-1
0.3,-0.5,0.85,0.0,90.0,0.0,0,47.026,700,25.56,-1
0.3,-0.5,0.9,0.0,90.0,0.0,0,83.776,700,25.42,-1
0.3,-0.45,0.35,0.0,90.0,0.0,0,110.825,700,26.13,-1
0.3,-0.45,0.4,0.0,90.0,0.0,0,152.659,700,26.31,-1
0.3,-0.45,0.45,0.0,90.0,0.0,0,53.302,700,25.8,-1
0.3,-0.45,0.5,0.0,90.0,0.0,0,29.963,700,25.86,-1
0.3,-0.45,0.55,0.0,90.0,0.0,0,11.011,700,25.88,-1
0.3,-0.45,0.6,0.0,90.0,0.0,1,3.712,300,11.01,2
0.3,-0.45,0.65,0.0,90.0,0.0,1,3.463,100,3.58,0
0.3,-0.45,0.7,0.0,90.0,0.0,1,3.076,100,3.58,0
0.3,-0.45,0.75,0.0,90.0,0.0,1,3.337,100,3.58,0
0.3,-0.45,0.8,0.0,90.0,0.0,1,5.107,100,3.59,0
0.3,-0.45,0.85,0.0,90.0,0.0,0,12.374,700,25.17,-1
0.3,-0.45,0.9,0.0,90.0,0.0,0,31.878,700,25.36,-1
0.3,-0.4,0.35,0.0,90.0,0.0,0,85.41,700,26.43,-1
0.3,-0.4,0.4,0.0,90.0,0.0,0,53.455,700,26.06,-1
0.3,-0.4,0.45,0.0,90.0,0.0,0,24.725,700,25.73,-1
0.3,-0.4,0.5,0.0,90.0,0.0,1,4.614,100,3.68,0
0.3,-0.4,0.55,0.0,90.0,0.0,1,1.797,6,0.25,0
0.3,-0.4,0.6,0.0,90.0,0.0,1,1.298,6,0.26,0
0.3,-0.4,0.65,0.0,90.0,0.0,1,2.128,6,0.24,0
0.3,-0.4,0.7,0.0,90.0,0.0,1,1.639,7,0.28,0
0.3,-0.4,0.75,0.0,90.0,0.0,1,1.748,7,0.28,0
0.3,-0.4,0.8,0.0,90.0,0.0,1,1.899,7,0.28,0
0.3,-0.4,0.85,0.0,90.0,0.0,1,2.661,6,0.23,0
0.3,-0.4,0.9,0.0,90.0,0.0,1,6.462,100,3.58,0
0.3,-0.35,0.35,0.0,90.0,0.0,0,63.716,700,25.93,-1
0.3,-0.35,0.4,0.0,90.0,0.0,0,30.279,700,25.88,-1
0.3,-0.35,0.45,0.0,90.0,0.0,1,4.675,100,3.68,0
0.3,-0.35,0.5,0.0,90.0,0.0,1,1.194,6,0.25,0
0.3,-0.35,0.55,0.0,90.0,0.0,1,0.572,6,0.25,0
0.3,-0.35,0.6,0.0,90.0,0.0,1,0.449,6,0.24,0
0.3,-0.35,0.65,0.0,90.0,0.0,1,0.58,6,0.24,0
0.3,-0.35,0.7,0.0,90.0,0.0,1,1.616,7,0.28,0
0.3,-0.35,0.75,0.0,90.0,0.0,1,1.099,7,0.28,0
0.3,-0.35,0.8,0.0,90.0,0.0,1,1.861,8,0.31,0
0.3,-0.35,0.85,0.0,90.0,0.0,1,1.397,8,0.31,0
0.3,-0.35,0.9,0.0,90.0,0.0,1,2.852,6,0.24,0
0.3,-0.3,0.35,0.0,90.0,0.0,0,46.251,700,25.96,-1
0.3,-0.3,0.4,0.0,90.0,0.0,0,11.523,700,25.81,-1
0.3,-0.3,0.45,0.0,90.0,0.0,1,2.115,5,0.21,0
0.3,-0.3,0.5,0.0,90.0,0.0,1,0.747,5,0.21,0
0.3,-0.3,0.55,0.0,90.0,0.0,1,0.876,5,0.21,0
0.3,-0.3,0.6,0.0,90.0,0.0,1,0.285,6,0.24,0
0.3,-0.3,0.65,0.0,90.0,0.0,1,0.384,6,0.25,0
0.3,-0.3,0.7,0.0,90.0,0.0,1,0.559,7,0.28,0
0.3,-0.3,0.75,0.0,90.0,0.0,1,1.161,6,0.24,0
0.3,-0.3,0.8,0.0,90.0,0.0,1,0.755,7,0.28,0
0.3,-0.3,0.85,0.0,90.0,0.0,1,1.307,9,0.35,0
0.3,-0.3,0.9,0.0,90.0,0.0,1,1.39,10,0.38,0
0.3,-0.25,0.35,0.0,90.0,0.0,0,33.485,700,25.9,-1
0.3,-0.25,0.4,0.0,90.0,0.0,1,3.879,100,3.69,0
0.3,-0.25,0.45,0.0,90.0,0.0,1,1.853,5,0.21,0
0.3,-0.25,0.5,0.0,90.0,0.0,1,0.458,5,0.21,0
0.3,-0.25,0.55,0.0,90.0,0.0,1,0.841,5,0.21,0
0.3,-0.25,0.6,0.0,90.0,0.0,1,1.676,5,0.21,0
0.3,-0.25,0.65,0.0,90.0,0.0,1,0.306,6,0.24,0
0.3,-0.25,0.7,0.0,90.0,0.0,1,1.619,9,0.35,0
0.3,-0.25,0.75,0.0,90.0,0.0,1,1.182,14,0.52,0
0.3,-0.25,0.8,0.0,90.0,0.0,1,0.838,8,0.32,0
0.3,-0.25,0.85,0.0,90.0,0.0,1,0.867,9,0.36,0
0.3,-0.25,0.9,0.0,90.0,0.0,1,0.867,8,0.32,0
0.3,-0.2,0.35,0.0,90.0,0.0,0,32.828,700,25.84,-1
0.3,-0.2,0.4,0.0,90.0,0.0,1,2.218,6,0.25,0
0.3,-0.2,0.45,0.0,90.0,0.0,1,1.534,5,0.21,0
0.3,-0.2,0.5,0.0,90.0,0.0,1,0.541,5,0.21,0
0.3,-0.2,0.55,0.0,90.0,0.0,1,1.054,5,0.21,0
0.3,-0.2,0.6,0.0,90.0,0.0,1,0.37,6,0.24,0
0.3,-0.2,0.65,0.0,90.0,0.0,1,0.456,6,0.24,0
0.3,-0.2,0.7,0.0,90.0,0.0,1,1.708,7,0.28,0
0.3,-0.2,0.75,0.0,90.0,0.0,1,0.645,8,0.32,0
0.3,-0.2,0.8,0.0,90.0,0.0,1,0.897,13,0.51,0
0.3,-0.2,0.85,0.0,90.0,0.0,1,0.754,11,0.44,0
0.3,-0.2,0.9,0.0,90.0,0.0,1,2.472,7,0.29,0
0.3,-0.15,0.35,0.0,90.0,0.0,0,31.251,700,25.92,-1
0.3,-0.15,0.4,0.0,90.0,0.0,1,1.95,6,0.25,0
0.3,-0.15,0.45,0.0,90.0,0.0,1,0.885,5,0.21,0
0.3,-0.15,0.5,0.0,90.0,0.0,1,1.617,5,0.21,0
0.3,-0.15,0.55,0.0,90.0,0.0,1,1.914,5,0.21,0
0.3,-0.15,0.6,0.0,90.0,0.0,1,0.968,5,0.21,0
0.3,-0.15,0.65,0.0,90.0,0.0,1,6.625,100,3.79,0
0.3,-0.15,0.7,0.0,90.0,0.0,1,8.959,100,3.8,0
0.3,-0.15,0.75,0.0,90.0,0.0,1,6.238,300,11.72,2
0.3,-0.15,0.8,0.0,90.0,0.0,1,0.645,208,8.25,2
0.3,-0.15,0.85,0.0,90.0,0.0,1,2.617,208,8.36,2
0.3,-0.15,0.9,0.0,90.0,0.0,1,1.179,10,0.4,0
0.3,-0.1,0.35,0.0,90.0,0.0,0,26.565,700,25.92,-1
0.3,-0.1,0.4,0.0,90.0,0.0,1,2.302,6,0.25,0
0.3,-0.1,0.45,0.0,90.0,0.0,1,1.531,5,0.21,0
0.3,-0.1,0.5,0.0,90.0,0.0,1,1.336,5,0.21,0
0.3,-0.1,0.55,0.0,90.0,0.0,0,11.251,700,26.51,-1
0.3,-0.1,0.6,0.0,90.0,0.0,1,1.359,411,15.6,4
0.3,-0.1,0.65,0.0,90.0,0.0,0,34.101,700,26.75,-1
0.3,-0.1,0.7,0.0,90.0,0.0,1,1.196,113,4.58,1
0.3,-0.1,0.75,0.0,90.0,0.0,0,33.629,700,27.01,-1
0.3,-0.1,0.8,0.0,90.0,0.0,1,1.822,511,19.86,5
0.3,-0.1,0.85,0.0,90.0,0.0,1,9.905,300,11.69,2
0.3,-0.1,0.9,0.0,90.0,0.0,1,2.319,208,8.32,2
0.3,-0.05,0.35,0.0,90.0,0.0,0,35.433,700,27.15,-1
0.3,-0.05,0.4,0.0,90.0,0.0,1,4.408,100,3.68,0
0.3,-0.05,0.45,0.0,90.0,0.0,1,0.97,6,0.25,0
0.3,-0.05,0.5,0.0,90.0,0.0,1,6.696,100,3.79,0
0.3,-0.05,0.55,0.0,90.0,0.0,0,28.227,700,26.46,-1
0.3,-0.05,0.6,0.0,90.0,0.0,0,44.263,700,26.54,-1
0.3,-0.05,0.65,0.0,90.0,0.0,1,1.31,12,0.47,0
0.3,-0.05,0.7,0.0,90.0,0.0,1,1.433,511,20.33,5
0.3,-0.05,0.75,0.0,90.0,0.0,1,1.551,516,20.54,5
0.3,-0.05,0.8,0.0,90.0,0.0,1,1.211,412,16.11,4
0.3,-0.05,0.85,0.0,90.0,0.0,1,1.612,318,12.4,3
0.3,-0.05,0.9,0.0,90.0,0.0,1,4.824,300,11.7,2
0.35,-0.5,0.35,0.0,90.0,0.0,0,167.049,700,25.8,-1
0.35,-0.5,0.4,0.0,90.0,0.0,0,139.646,700,25.78,-1
0.35,-0.5,0.45,0.0,90.0,0.0,0,115.425,700,26.52,-1
0.35,-0.5,0.5,0.0,90.0,0.0,0,167.456,700,26.12,-1
0.35,-0.5,0.55,0.0,90.0,0.0,0,78.272,700,25.84,-1
0.35,-0.5,0.6,0.0,90.0,0.0,0,66.163,700,26.07,-1
0.35,-0.5,0.65,0.0,90.0,0.0,0,59.447,700,26.65,-1
0.35,-0.5,0.7,0.0,90.0,0.0,0,59.64,700,26.58,-1
0.35,-0.5,0.75,0.0,90.0,0.0,0,59.245,700,25.71,-1
0.35,-0.5,0.8,0.0,90.0,0.0,0,67.155,700,25.54,-1
0.35,-0.5,0.85,0.0,90.0,0.0,0,79.446,700,25.36,-1
0.35,-0.5,0.9,0.0,90.0,0.0,0,96.34,700,25.53,-1
0.35,-0.45,0.35,0.0,90.0,0.0,0,139.776,700,25.84,-1
0.35,-0.45,0.4,0.0,90.0,0.0,0,183.157,700,26.24,-1
0.35,-0.45,0.45,0.0,90.0,0.0,0,85.459,700,26.67,-1
0.35,-0.45,0.5,0.0,90.0,0.0,0,63.616,700,25.99,-1
0.35,-0.45,0.55,0.0,90.0,0.0,0,45.993,700,25.95,-1
0.35,-0.45,0.6,0.0,90.0,0.0,0,33.062,700,25.8,-1
0.35,-0.45,0.65,0.0,90.0,0.0,0,25.217,700,25.93,-1
0.35,-0.45,0.7,0.0,90.0,0.0,0,26.183,700,25.71,-1
0.35,-0.45,0.75,0.0,90.0,0.0,0,31.649,700,25.35,-1
0.35,-0.45,0.8,0.0,90.0,0.0,0,67.27,700,25.31,-1
0.35,-0.45,0.85,0.0,90.0,0.0,0,47.791,700,25.33,-1
0.35,-0.45,0.9,0.0,90.0,0.0,0,65.216,700,25.42,-1
0.35,-0.4,0.35,0.0,90.0,0.0,0,187.668,700,26.39,-1
0.35,-0.4,0.4,0.0,90.0,0.0,0,85.602,700,26.58,-1
0.35,-0.4,0.45,0.0,90.0,0.0,0,58.739,700,26.02,-1
0.35,-0.4,0.5,0.0,90.0,0.0,0,35.663,700,25.8,-1
0.35,-0.4,0.55,0.0,90.0,0.0,0,16.954,700,25.94,-1
0.35,-0.4,0.6,0.0,90.0,0.0,1,6.17,100,3.69,0
0.35,-0.4,0.65,0.0,90.0,0.0,1,3.169,100,3.69,0
0.35,-0.4,0.7,0.0,90.0,0.0,1,3.843,100,3.58,0
0.35,-0.4,0.75,0.0,90.0,0.0,1,4.42,100,3.6,0
0.35,-0.4,0.8,0.0,90.0,0.0,1,7.684,100,3.59,0
0.35,-0.4,0.85,0.0,90.0,0.0,0,18.575,700,25.36,-1
0.35,-0.4,0.9,0.0,90.0,0.0,0,37.581,700,25.37,-1
0.35,-0.35,0.35,0.0,90.0,0.0,0,95.243,700,26.3,-1
0.35,-0.35,0.4,0.0,90.0,0.0,0,64.036,700,26.09,-1
0.35,-0.35,0.45,0.0,90.0,0.0,0,35.822,700,25.88,-1
0.35,-0.35,0.5,0.0,90.0,0.0,0,11.567,700,25.86,-1
0.35,-0.35,0.55,0.0,90.0,0.0,1,2.546,7,0.29,0
0.35,-0.35,0.6,0.0,90.0,0.0,1,1.98,6,0.25,0
0.35,-0.35,0.65,0.0,90.0,0.0,1,1.782,6,0.25,0
0.35,-0.35,0.7,0.0,90.0,0.0,1,2.947,6,0.25,0
0.35,-0.35,0.75,0.0,90.0,0.0,1,1.924,8,0.32,0
0.35,-0.35,0.8,0.0,90.0,0.0,1,2.36,8,0.31,0
0.35,-0.35,0.85,0.0,90.0,0.0,1,3.956,100,3.61,0
0.35,-0.35,0.9,0.0,90.0,0.0,0,14.775,700,25.28,-1
0.35,-0.3,0.35,0.0,90.0,0.0,0,78.849,700,26.03,-1
0.35,-0.3,0.4,0.0,90.0,0.0,0,46.458,700,25.87,-1
0.35,-0.3,0.45,0.0,90.0,0.0,0,17.284,700,25.83,-1
0.35,-0.3,0.5,0.0,90.0,0.0,1,2.586,6,0.25,0
0.35,-0.3,0.55,0.0,90.0,0.0,1,1.071,6,0.25,0
0.35,-0.3,0.6,0.0,90.0,0.0,1,2.784,5,0.21,0
0.35,-0.3,0.65,0.0,90.0,0.0,1,0.588,6,0.24,0
0.35,-0.3,0.7,0.0,90.0,0.0,1,1.207,6,0.24,0
0.35,-0.3,0.75,0.0,90.0,0.0,1,0.99,7,0.28,0
0.35,-0.3,0.8,0.0,90.0,0.0,1,1.58,10,0.39,0
0.35,-0.3,0.85,0.0,90.0,0.0,1,2.627,9,0.35,0
0.35,-0.3,0.9,0.0,90.0,0.0,1,4.09,200,7.5,1
0.35,-0.25,0.35,0.0,90.0,0.0,0,66.908,700,26.01,-1
0.35,-0.25,0.4,0.0,90.0,0.0,0,33.698,700,25.81,-1
0.35,-0.25,0.45,0.0,90.0,0.0,1,6.448,100,3.67,0
0.35,-0.25,0.5,0.0,90.0,0.0,1,1.967,5,0.21,0
0.35,-0.25,0.55,0.0,90.0,0.0,1,0.632,6,0.24,0
0.35,-0.25,0.6,0.0,90.0,0.0,1,2.381,5,0.21,0
0.35,-0.25,0.65,0.0,90.0,0.0,1,0.409,6,0.24,0
0.35,-0.25,0.7,0.0,90.0,0.0,1,2.037,6,0.24,0
0.35,-0.25,0.75,0.0,90.0,0.0,1,2.469,6,0.24,0
0.35,-0.25,0.8,0.0,90.0,0.0,1,2.125,6,0.24,0
0.35,-0.25,0.85,0.0,90.0,0.0,1,0.901,9,0.35,0
0.35,-0.25,0.9,0.0,90.0,0.0,1,2.54,12,0.47,0
0.35,-0.2,0.35,0.0,90.0,0.0,0,59.748,700,25.87,-1
0.35,-0.2,0.4,0.0,90.0,0.0,0,26.024,700,25.85,-1
0.35,-0.2,0.45,0.0,90.0,0.0,1,3.288,100,3.7,0
0.35,-0.2,0.5,0.0,90.0,0.0,1,1.175,5,0.21,0
0.35,-0.2,0.55,0.0,90.0,0.0,1,0.49,6,0.25,0
0.35,-0.2,0.6,0.0,90.0,0.0,1,2.406,5,0.21,0
0.35,-0.2,0.65,0.0,90.0,0.0,1,0.394,6,0.25,0
0.35,-0.2,0.7,0.0,90.0,0.0,1,0.572,8,0.32,0
0.35,-0.2,0.75,0.0,90.0,0.0,1,2.791,12,0.47,0
0.35,-0.2,0.8,0.0,90.0,0.0,1,0.632,8,0.32,0
0.35,-0.2,0.85,0.0,90.0,0.0,1,0.783,10,0.39,0
0.35,-0.2,0.9,0.0,90.0,0.0,1,1.225,8,0.32,0
0.35,-0.15,0.35,0.0,90.0,0.0,0,57.575,700,25.89,-1
0.35,-0.15,0.4,0.0,90.0,0.0,0,23.692,700,25.82,-1
0.35,-0.15,0.45,0.0,90.0,0.0,1,2.723,6,0.25,0
0.35,-0.15,0.5,0.0,90.0,0.0,1,2.257,5,0.21,0
0.35,-0.15,0.55,0.0,90.0,0.0,1,2.785,5,0.21,0
0.35,-0.15,0.6,0.0,90.0,0.0,1,2.866,5,0.21,0
0.35,-0.15,0.65,0.0,90.0,0.0,1,0.654,7,0.28,0
0.35,-0.15,0.7,0.0,90.0,0.0,1,2.126,11,0.43,0
0.35,-0.15,0.75,0.0,90.0,0.0,1,0.915,206,8.17,2
0.35,-0.15,0.8,0.0,90.0,0.0,1,1.232,11,0.43,0
0.35,-0.15,0.85,0.0,90.0,0.0,1,2.301,13,0.52,0
0.35,-0.15,0.9,0.0,90.0,0.0,1,2.665,21,0.81,0
0.35,-0.1,0.35,0.0,90.0,0.0,0,60.453,700,25.95,-1
0.35,-0.1,0.4,0.0,90.0,0.0,0,26.781,700,25.87,-1
0.35,-0.1,0.45,0.0,90.0,0.0,1,3.484,100,3.71,0
0.35,-0.1,0.5,0.0,90.0,0.0,1,1.032,6,0.25,0
0.35,-0.1,0.55,0.0,90.0,0.0,1,2.476,5,0.21,0
0.35,-0.1,0.6,0.0,90.0,0.0,1,0.504,6,0.25,0
0.35,-0.1,0.65,0.0,90.0,0.0,1,2.851,14,0.55,0
0.35,-0.1,0.7,0.0,90.0,0.0,1,0.56,9,0.36,0
0.35,-0.1,0.75,0.0,90.0,0.0,1,1.678,215,8.58,2
0.35,-0.1,0.8,0.0,90.0,0.0,1,1.202,208,8.27,2
0.35,-0.1,0.85,0.0,90.0,0.0,1,1.76,208,8.48,2
0.35,-0.1,0.9,0.0,90.0,0.0,1,1.303,11,0.44,0
0.35,-0.05,0.35,0.0,90.0,0.0,0,68.501,700,27.19,-1
0.35,-0.05,0.4,0.0,90.0,0.0,0,35.644,700,27.24,-1
0.35,-0.05,0.45,0.0,90.0,0.0,1,6.492,100,3.68,0
0.35,-0.05,0.5,0.0,90.0,0.0,1,1.449,6,0.25,0
0.35,-0.05,0.55,0.0,90.0,0.0,1,0.849,6,0.26,0
0.35,-0.05,0.6,0.0,90.0,0.0,1,3.221,100,3.77,0
0.35,-0.05,0.65,0.0,90.0,0.0,0,12.067,700,26.71,-1
0.35,-0.05,0.7,0.0,90.0,0.0,1,1.887,109,4.25,1
0.35,-0.05,0.75,0.0,90.0,0.0,1,1.972,416,16.29,4
0.35,-0.05,0.8,0.0,90.0,0.0,1,2.505,506,20.04,5
0.35,-0.05,0.85,0.0,90.0,0.0,1,1.023,208,8.27,2
0.35,-0.05,0.9,0.0,90.0,0.0,1,2.931,114,4.53,1
0.4,-0.5,0.35,0.0,90.0,0.0,0,197.378,700,26.42,-1
0.4,-0.5,0.4,0.0,90.0,0.0,0,171.345,700,25.88,-1
0.4,-0.5,0.45,0.0,90.0,0.0,0,148.439,700,25.93,-1
0.4,-0.5,0.5,0.0,90.0,0.0,0,129.039,700,26.13,-1
0.4,-0.5,0.55,0.0,90.0,0.0,0,113.519,700,26.16,-1
0.4,-0.5,0.6,0.0,90.0,0.0,0,102.213,700,25.88,-1
0.4,-0.5,0.65,0.0,90.0,0.0,0,95.39,700,26.32,-1
0.4,-0.5,0.7,0.0,90.0,0.0,0,93.224,700,25.92,-1
0.4,-0.5,0.75,0.0,90.0,0.0,0,95.981,700,26.14,-1
0.4,-0.5,0.8,0.0,90.0,0.0,0,102.951,700,25.89,-1
0.4,-0.5,0.85,0.0,90.0,0.0,0,114.616,700,25.76,-1
0.4,-0.5,0.9,0.0,90.0,0.0,0,253.909,700,25.68,-1
0.4,-0.45,0.35,0.0,90.0,0.0,0,171.467,700,26.12,-1
0.4,-0.45,0.4,0.0,90.0,0.0,0,144.274,700,26.18,-1
0.4,-0.45,0.45,0.0,90.0,0.0,0,120.254,700,26.22,-1
0.4,-0.45,0.5,0.0,90.0,0.0,0,172.06,700,26.7,-1
0.4,-0.45,0.55,0.0,90.0,0.0,0,83.443,700,25.94,-1
0.4,-0.45,0.6,0.0,90.0,0.0,0,71.468,700,25.88,-1
0.4,-0.45,0.65,0.0,90.0,0.0,0,64.217,700,26.37,-1
0.4,-0.45,0.7,0.0,90.0,0.0,0,62.166,700,26.28,-1
0.4,-0.45,0.75,0.0,90.0,0.0,0,64.744,700,26.37,-1
0.4,-0.45,0.8,0.0,90.0,0.0,0,72.261,700,25.46,-1
0.4,-0.45,0.85,0.0,90.0,0.0,0,140.247,700,25.63,-1
0.4,-0.45,0.9,0.0,90.0,0.0,0,146.645,700,25.5,-1
0.4,-0.4,0.35,0.0,90.0,0.0,0,148.695,700,26.53,-1
0.4,-0.4,0.4,0.0,90.0,0.0,0,120.389,700,26.12,-1
0.4,-0.4,0.45,0.0,90.0,0.0,0,167.314,700,26.84,-1
0.4,-0.4,0.5,0.0,90.0,0.0,0,73.873,700,26.64,-1
0.4,-0.4,0.55,0.0,90.0,0.0,0,56.612,700,26.36,-1
0.4,-0.4,0.6,0.0,90.0,0.0,0,43.965,700,25.99,-1
0.4,-0.4,0.65,0.0,90.0,0.0,0,36.299,700,25.93,-1
0.4,-0.4,0.7,0.0,90.0,0.0,0,33.858,700,26.29,-1
0.4,-0.4,0.75,0.0,90.0,0.0,0,36.723,700,26.32,-1
0.4,-0.4,0.8,0.0,90.0,0.0,0,44.799,700,25.43,-1
0.4,-0.4,0.85,0.0,90.0,0.0,0,90.304,700,25.52,-1
0.4,-0.4,0.9,0.0,90.0,0.0,0,101.719,700,25.47,-1
0.4,-0.35,0.35,0.0,90.0,0.0,0,129.436,700,26.19,-1
0.4,-0.35,0.4,0.0,90.0,0.0,0,100.115,700,26.59,-1
0.4,-0.35,0.45,0.0,90.0,0.0,0,74.019,700,25.94,-1
0.4,-0.35,0.5,0.0,90.0,0.0,0,51.664,700,26.11,-1
0.4,-0.35,0.55,0.0,90.0,0.0,0,33.592,700,25.83,-1
0.4,-0.35,0.6,0.0,90.0,0.0,0,20.307,700,25.85,-1
0.4,-0.35,0.65,0.0,90.0,0.0,0,12.241,700,25.83,-1
0.4,-0.35,0.7,0.0,90.0,0.0,1,9.745,200,7.39,1
0.4,-0.35,0.75,0.0,90.0,0.0,0,12.796,700,25.66,-1
0.4,-0.35,0.8,0.0,90.0,0.0,0,21.185,700,25.48,-1
0.4,-0.35,0.85,0.0,90.0,0.0,0,34.87,700,25.48,-1
0.4,-0.35,0.9,0.0,90.0,0.0,0,53.56,700,25.44,-1
0.4,-0.3,0.35,0.0,90.0,0.0,0,114.063,700,26.23,-1
0.4,-0.3,0.4,0.0,90.0,0.0,0,83.874,700,26.03,-1
0.4,-0.3,0.45,0.0,90.0,0.0,0,56.916,700,25.91,-1
0.4,-0.3,0.5,0.0,90.0,0.0,0,33.751,700,25.78,-1
0.4,-0.3,0.55,0.0,90.0,0.0,0,25.863,700,25.69,-1
0.4,-0.3,0.6,0.0,90.0,0.0,1,5.135,100,3.69,0
0.4,-0.3,0.65,0.0,90.0,0.0,1,2.733,7,0.29,0
0.4,-0.3,0.7,0.0,90.0,0.0,1,2.66,6,0.25,0
0.4,-0.3,0.75,0.0,90.0,0.0,1,2.808,7,0.28,0
0.4,-0.3,0.8,0.0,90.0,0.0,1,5.582,100,3.68,0
0.4,-0.3,0.85,0.0,90.0,0.0,0,16.295,700,25.42,-1
0.4,-0.3,0.9,0.0,90.0,0.0,0,52.554,700,26.04,-1
0.4,-0.25,0.35,0.0,90.0,0.0,0,102.906,700,26.38,-1
0.4,-0.25,0.4,0.0,90.0,0.0,0,72.055,700,26.19,-1
0.4,-0.25,0.45,0.0,90.0,0.0,0,44.433,700,25.8,-1
0.4,-0.25,0.5,0.0,90.0,0.0,0,20.636,700,25.81,-1
0.4,-0.25,0.55,0.0,90.0,0.0,1,5.207,100,3.7,0
0.4,-0.25,0.6,0.0,90.0,0.0,1,2.464,6,0.25,0
0.4,-0.25,0.65,0.0,90.0,0.0,1,1.579,6,0.24,0
0.4,-0.25,0.7,0.0,90.0,0.0,1,2.625,6,0.24,0
0.4,-0.25,0.75,0.0,90.0,0.0,1,1.486,7,0.28,0
0.4,-0.25,0.8,0.0,90.0,0.0,1,2.123,7,0.28,0
0.4,-0.25,0.85,0.0,90.0,0.0,1,5.903,100,3.71,0
0.4,-0.25,0.9,0.0,90.0,0.0,0,22.39,700,25.78,-1
0.4,-0.2,0.35,0.0,90.0,0.0,0,96.231,700,26.03,-1
0.4,-0.2,0.4,0.0,90.0,0.0,0,64.965,700,25.82,-1
0.4,-0.2,0.45,0.0,90.0,0.0,0,36.934,700,25.76,-1
0.4,-0.2,0.5,0.0,90.0,0.0,0,12.903,700,25.79,-1
0.4,-0.2,0.55,0.0,90.0,0.0,1,2.733,7,0.29,0
0.4,-0.2,0.6,0.0,90.0,0.0,1,1.638,6,0.28,0
0.4,-0.2,0.65,0.0,90.0,0.0,1,1.161,6,0.25,0
0.4,-0.2,0.7,0.0,90.0,0.0,1,1.778,6,0.24,0
0.4,-0.2,0.75,0.0,90.0,0.0,1,1.091,7,0.28,0
0.4,-0.2,0.8,0.0,90.0,0.0,1,1.928,8,0.32,0
0.4,-0.2,0.85,0.0,90.0,0.0,1,3.11,100,3.7,0
0.4,-0.2,0.9,0.0,90.0,0.0,0,16.231,700,25.7,-1
0.4,-0.15,0.35,0.0,90.0,0.0,0,94.208,700,25.89,-1
0.4,-0.15,0.4,0.0,90.0,0.0,0,62.815,700,25.85,-1
0.4,-0.15,0.45,0.0,90.0,0.0,0,34.655,700,25.95,-1
0.4,-0.15,0.5,0.0,90.0,0.0,0,10.422,700,25.93,-1
0.4,-0.15,0.55,0.0,90.0,0.0,1,2.763,6,0.25,0
0.4,-0.15,0.6,0.0,90.0,0.0,1,1.335,6,0.25,0
0.4,-0.15,0.65,0.0,90.0,0.0,1,1.063,6,0.25,0
0.4,-0.15,0.7,0.0,90.0,0.0,1,1.765,108,4.13,1
0.4,-0.15,0.75,0.0,90.0,0.0,1,1.354,9,0.36,0
0.4,-0.15,0.8,0.0,90.0,0.0,1,2.426,12,0.47,0
0.4,-0.15,0.85,0.0,90.0,0.0,1,3.856,100,3.61,0
0.4,-0.15,0.9,0.0,90.0,0.0,0,12.602,700,25.77,-1
0.4,-0.1,0.35,0.0,90.0,0.0,0,96.889,700,25.86,-1
0.4,-0.1,0.4,0.0,90.0,0.0,0,65.663,700,25.89,-1
0.4,-0.1,0.45,0.0,90.0,0.0,0,37.673,700,26.0,-1
0.4,-0.1,0.5,0.0,90.0,0.0,0,13.588,700,25.89,-1
0.4,-0.1,0.55,0.0,90.0,0.0,1,2.948,6,0.25,0
0.4,-0.1,0.6,0.0,90.0,0.0,1,1.547,6,0.25,0
0.4,-0.1,0.65,0.0,90.0,0.0,1,1.084,8,0.32,0
0.4,-0.1,0.7,0.0,90.0,0.0,1,1.362,8,0.32,0
0.4,-0.1,0.75,0.0,90.0,0.0,1,2.146,17,0.67,0
0.4,-0.1,0.8,0.0,90.0,0.0,1,2.653,11,0.43,0
0.4,-0.1,0.85,0.0,90.0,0.0,1,4.534,100,3.62,0
0.4,-0.1,0.9,0.0,90.0,0.0,0,15.305,700,26.14,-1
0.4,-0.05,0.35,0.0,90.0,0.0,0,104.263,700,26.32,-1
0.4,-0.05,0.4,0.0,90.0,0.0,0,73.604,700,27.29,-1
0.4,-0.05,0.45,0.0,90.0,0.0,0,46.247,700,27.34,-1
0.4,-0.05,0.5,0.0,90.0,0.0,0,22.773,700,27.27,-1
0.4,-0.05,0.55,0.0,90.0,0.0,1,6.0,100,3.69,0
0.4,-0.05,0.6,0.0,90.0,0.0,1,2.143,7,0.29,0
0.4,-0.05,0.65,0.0,90.0,0.0,1,1.492,9,0.36,0
0.4,-0.05,0.7,0.0,90.0,0.0,1,2.523,16,0.63,0
0.4,-0.05,0.75,0.0,90.0,0.0,1,2.71,213,8.47,2
0.4,-0.05,0.8,0.0,90.0,0.0,1,3.617,300,11.65,2
0.4,-0.05,0.85,0.0,90.0,0.0,1,6.572,200,7.69,1
0.4,-0.05,0.9,0.0,90.0,0.0,0,24.501,700,27.41,-1
0.45,-0.5,0.35,0.0,90.0,0.0,0,230.084,700,26.37,-1
0.45,-0.5,0.4,0.0,90.0,0.0,0,205.38,700,26.09,-1
0.45,-0.5,0.45,0.0,90.0,0.0,0,183.731,700,26.42,-1
0.45,-0.5,0.5,0.0,90.0,0.0,0,165.472,700,26.11,-1
0.45,-0.5,0.55,0.0,90.0,0.0,0,150.915,700,26.15,-1
0.45,-0.5,0.6,0.0,90.0,0.0,0,140.342,700,26.85,-1
0.45,-0.5,0.65,0.0,90.0,0.0,0,133.975,700,26.4,-1
0.45,-0.5,0.7,0.0,90.0,0.0,0,131.955,700,26.22,-1
0.45,-0.5,0.75,0.0,90.0,0.0,0,134.327,700,25.95,-1
0.45,-0.5,0.8,0.0,90.0,0.0,0,141.033,700,25.87,-1
0.45,-0.5,0.85,0.0,90.0,0.0,0,151.94,700,25.85,-1
0.45,-0.5,0.9,0.0,90.0,0.0,0,173.311,700,26.03,-1
0.45,-0.45,0.35,0.0,90.0,0.0,0,205.495,700,26.58,-1
0.45,-0.45,0.4,0.0,90.0,0.0,0,179.807,700,26.1,-1
0.45,-0.45,0.45,0.0,90.0,0.0,0,157.227,700,26.49,-1
0.45,-0.45,0.5,0.0,90.0,0.0,0,138.124,700,26.16,-1
0.45,-0.45,0.55,0.0,90.0,0.0,0,122.856,700,27.03,-1
0.45,-0.45,0.6,0.0,90.0,0.0,0,111.741,700,26.43,-1
0.45,-0.45,0.65,0.0,90.0,0.0,0,105.037,700,26.51,-1
0.45,-0.45,0.7,0.0,90.0,0.0,0,102.909,700,26.31,-1
0.45,-0.45,0.75,0.0,90.0,0.0,0,105.408,700,26.12,-1
0.45,-0.45,0.8,0.0,90.0,0.0,0,112.474,700,25.66,-1
0.45,-0.45,0.85,0.0,90.0,0.0,0,123.932,700,25.99,-1
0.45,-0.45,0.9,0.0,90.0,0.0,0,139.515,700,25.72,-1
0.45,-0.4,0.35,0.0,90.0,0.0,0,183.973,700,26.24,-1
0.45,-0.4,0.4,0.0,90.0,0.0,0,157.353,700,26.0,-1
0.45,-0.4,0.45,0.0,90.0,0.0,0,133.883,700,26.28,-1
0.45,-0.4,0.5,0.0,90.0,0.0,0,113.972,700,26.82,-1
0.45,-0.4,0.55,0.0,90.0,0.0,0,98.013,700,26.74,-1
0.45,-0.4,0.6,0.0,90.0,0.0,0,86.37,700,26.2,-1
0.45,-0.4,0.65,0.0,90.0,0.0,0,79.337,700,26.25,-1
0.45,-0.4,0.7,0.0,90.0,0.0,0,77.101,700,26.09,-1
0.45,-0.4,0.75,0.0,90.0,0.0,0,79.726,700,26.34,-1
0.45,-0.4,0.8,0.0,90.0,0.0,0,159.289,700,25.58,-1
0.45,-0.4,0.85,0.0,90.0,0.0,0,99.139,700,25.65,-1
0.45,-0.4,0.9,0.0,90.0,0.0,0,115.429,700,25.59,-1
0.45,-0.35,0.35,0.0,90.0,0.0,0,165.846,700,26.39,-1
0.45,-0.35,0.4,0.0,90.0,0.0,0,138.385,700,26.69,-1
0.45,-0.35,0.45,0.0,90.0,0.0,0,114.108,700,26.38,-1
0.45,-0.35,0.5,0.0,90.0,0.0,0,93.452,700,25.84,-1
0.45,-0.35,0.55,0.0,90.0,0.0,0,76.855,700,25.85,-1
0.45,-0.35,0.6,0.0,90.0,0.0,0,64.716,700,25.81,-1
0.45,-0.35,0.65,0.0,90.0,0.0,0,57.373,700,26.2,-1
0.45,-0.35,0.7,0.0,90.0,0.0,0,55.037,700,26.15,-1
0.45,-0.35,0.75,0.0,90.0,0.0,0,57.778,700,26.1,-1
0.45,-0.35,0.8,0.0,90.0,0.0,0,65.515,700,25.58,-1
0.45,-0.35,0.85,0.0,90.0,0.0,0,78.028,700,26.0,-1
0.45,-0.35,0.9,0.0,90.0,0.0,0,94.965,700,25.66,-1
0.45,-0.3,0.35,0.0,90.0,0.0,0,151.425,700,26.66,-1
0.45,-0.3,0.4,0.0,90.0,0.0,0,123.257,700,25.84,-1
0.45,-0.3,0.45,0.0,90.0,0.0,0,98.293,700,26.21,-1
0.45,-0.3,0.5,0.0,90.0,0.0,0,77.001,700,25.8,-1
0.45,-0.3,0.55,0.0,90.0,0.0,0,59.849,700,25.86,-1
0.45,-0.3,0.6,0.0,90.0,0.0,0,47.287,700,26.02,-1
0.45,-0.3,0.65,0.0,90.0,0.0,0,39.675,700,25.83,-1
0.45,-0.3,0.7,0.0,90.0,0.0,0,37.252,700,25.94,-1
0.45,-0.3,0.75,0.0,90.0,0.0,0,40.096,700,25.77,-1
0.45,-0.3,0.8,0.0,90.0,0.0,0,48.115,700,25.74,-1
0.45,-0.3,0.85,0.0,90.0,0.0,0,61.059,700,26.09,-1
0.45,-0.3,0.9,0.0,90.0,0.0,0,78.563,700,25.56,-1
0.45,-0.25,0.35,0.0,90.0,0.0,0,140.991,700,26.19,-1
0.45,-0.25,0.4,0.0,90.0,0.0,0,112.288,700,26.38,-1
0.45,-0.25,0.45,0.0,90.0,0.0,0,86.8,700,26.17,-1
0.45,-0.25,0.5,0.0,90.0,0.0,0,65.015,700,26.01,-1
0.45,-0.25,0.55,0.0,90.0,0.0,0,47.442,700,26.07,-1
0.45,-0.25,0.6,0.0,90.0,0.0,0,34.549,700,26.06,-1
0.45,-0.25,0.65,0.0,90.0,0.0,0,26.728,700,25.78,-1
0.45,-0.25,0.7,0.0,90.0,0.0,0,24.237,700,25.79,-1
0.45,-0.25,0.75,0.0,90.0,0.0,0,27.161,700,25.88,-1
0.45,-0.25,0.8,0.0,90.0,0.0,0,35.4,700,25.85,-1
0.45,-0.25,0.85,0.0,90.0,0.0,0,48.684,700,25.8,-1
0.45,-0.25,0.9,0.0,90.0,0.0,0,66.612,700,26.02,-1
0.45,-0.2,0.35,0.0,90.0,0.0,0,134.762,700,26.11,-1
0.45,-0.2,0.4,0.0,90.0,0.0,0,105.729,700,25.84,-1
0.45,-0.2,0.45,0.0,90.0,0.0,0,79.917,700,25.8,-1
0.45,-0.2,0.5,0.0,90.0,0.0,0,57.828,700,25.79,-1
0.45,-0.2,0.55,0.0,90.0,0.0,0,39.99,700,26.13,-1
0.45,-0.2,0.6,0.0,90.0,0.0,0,26.89,700,25.87,-1
0.45,-0.2,0.65,0.0,90.0,0.0,0,18.937,700,25.84,-1
0.45,-0.2,0.7,0.0,90.0,0.0,0,16.404,700,25.82,-1
0.45,-0.2,0.75,0.0,90.0,0.0,0,19.378,700,25.94,-1
0.45,-0.2,0.8,0.0,90.0,0.0,0,27.755,700,25.75,-1
0.45,-0.2,0.85,0.0,90.0,0.0,0,41.251,700,25.82,-1
0.45,-0.2,0.9,0.0,90.0,0.0,0,59.448,700,25.96,-1
0.45,-0.15,0.35,0.0,90.0,0.0,0,132.876,700,25.85,-1
0.45,-0.15,0.4,0.0,90.0,0.0,0,103.741,700,25.81,-1
0.45,-0.15,0.45,0.0,90.0,0.0,0,77.83,700,25.97,-1
0.45,-0.15,0.5,0.0,90.0,0.0,0,55.647,700,25.82,-1
0.45,-0.15,0.55,0.0,90.0,0.0,0,37.726,700,25.84,-1
0.45,-0.15,0.6,0.0,90.0,0.0,0,24.562,700,25.81,-1
0.45,-0.15,0.65,0.0,90.0,0.0,0,16.569,700,25.81,-1
0.45,-0.15,0.7,0.0,90.0,0.0,0,14.023,700,26.02,-1
0.45,-0.15,0.75,0.0,90.0,0.0,0,17.013,700,26.12,-1
0.45,-0.15,0.8,0.0,90.0,0.0,0,25.432,700,26.19,-1
0.45,-0.15,0.85,0.0,90.0,0.0,0,38.994,700,25.83,-1
0.45,-0.15,0.9,0.0,90.0,0.0,0,57.273,700,26.15,-1
0.45,-0.1,0.35,0.0,90.0,0.0,0,135.376,700,26.12,-1
0.45,-0.1,0.4,0.0,90.0,0.0,0,106.375,700,25.98,-1
0.45,-0.1,0.45,0.0,90.0,0.0,0,80.596,700,25.93,-1
0.45,-0.1,0.5,0.0,90.0,0.0,0,58.536,700,25.87,-1
0.45,-0.1,0.55,0.0,90.0,0.0,0,40.725,700,25.82,-1
0.45,-0.1,0.6,0.0,90.0,0.0,0,27.646,700,25.94,-1
0.45,-0.1,0.65,0.0,90.0,0.0,0,19.707,700,26.15,-1
0.45,-0.1,0.7,0.0,90.0,0.0,0,17.178,700,25.97,-1
0.45,-0.1,0.75,0.0,90.0,0.0,0,20.148,700,26.17,-1
0.45,-0.1,0.8,0.0,90.0,0.0,0,28.51,700,26.05,-1
0.45,-0.1,0.85,0.0,90.0,0.0,0,41.984,700,25.83,-1
0.45,-0.1,0.9,0.0,90.0,0.0,0,60.154,700,26.45,-1
0.45,-0.05,0.35,0.0,90.0,0.0,0,213.644,700,26.07,-1
0.45,-0.05,0.4,0.0,90.0,0.0,0,113.602,700,26.31,-1
0.45,-0.05,0.45,0.0,90.0,0.0,0,88.247,700,26.84,-1
0.45,-0.05,0.5,0.0,90.0,0.0,0,66.625,700,27.25,-1
0.45,-0.05,0.55,0.0,90.0,0.0,0,49.222,700,27.18,-1
0.45,-0.05,0.6,0.0,90.0,0.0,0,36.484,700,27.23,-1
0.45,-0.05,0.65,0.0,90.0,0.0,0,28.772,700,27.27,-1
0.45,-0.05,0.7,0.0,90.0,0.0,0,26.318,700,26.9,-1
0.45,-0.05,0.75,0.0,90.0,0.0,0,29.199,700,27.21,-1
0.45,-0.05,0.8,0.0,90.0,0.0,0,37.324,700,27.46,-1
0.45,-0.05,0.85,0.0,90.0,0.0,0,50.451,700,27.27,-1
0.45,-0.05,0.9,0.0,90.0,0.0,0,68.208,700,27.04,-1
0.5,-0.5,0.35,0.0,90.0,0.0,0,264.835,700,26.66,-1
0.5,-0.5,0.4,0.0,90.0,0.0,0,241.398,700,26.32,-1
0.5,-0.5,0.45,0.0,90.0,0.0,0,293.099,700,26.19,-1
0.5,-0.5,0.5,0.0,90.0,0.0,0,203.741,700,26.75,-1
0.5,-0.5,0.55,0.0,90.0,0.0,0,190.074,700,26.1,-1
0.5,-0.5,0.6,0.0,90.0,0.0,0,180.173,700,25.92,-1
0.5,-0.5,0.65,0.0,90.0,0.0,0,174.221,700,26.69,-1
0.5,-0.5,0.7,0.0,90.0,0.0,0,172.334,700,26.46,-1
0.5,-0.5,0.75,0.0,90.0,0.0,0,174.55,700,26.32,-1
0.5,-0.5,0.8,0.0,90.0,0.0,0,180.824,700,26.13,-1
0.5,-0.5,0.85,0.0,90.0,0.0,0,191.034,700,26.25,-1
0.5,-0.5,0.9,0.0,90.0,0.0,0,204.989,700,26.01,-1
0.5,-0.45,0.35,0.0,90.0,0.0,0,241.509,700,26.67,-1
0.5,-0.45,0.4,0.0,90.0,0.0,0,217.237,700,26.48,-1
0.5,-0.45,0.45,0.0,90.0,0.0,0,195.996,700,26.44,-1
0.5,-0.45,0.5,0.0,90.0,0.0,0,178.1,700,26.48,-1
0.5,-0.45,0.55,0.0,90.0,0.0,0,163.849,700,26.37,-1
0.5,-0.45,0.6,0.0,90.0,0.0,0,153.505,700,26.7,-1
0.5,-0.45,0.65,0.0,90.0,0.0,0,147.281,700,26.25,-1
0.5,-0.45,0.7,0.0,90.0,0.0,0,145.306,700,26.44,-1
0.5,-0.45,0.75,0.0,90.0,0.0,0,148.282,700,26.31,-1
0.5,-0.45,0.8,0.0,90.0,0.0,0,154.184,700,26.28,-1
0.5,-0.45,0.85,0.0,90.0,0.0,0,164.851,700,26.02,-1
0.5,-0.45,0.9,0.0,90.0,0.0,0,179.404,700,25.79,-1
0.5,-0.4,0.35,0.0,90.0,0.0,0,221.167,700,25.94,-1
0.5,-0.4,0.4,0.0,90.0,0.0,0,196.112,700,26.04,-1
0.5,-0.4,0.45,0.0,90.0,0.0,0,174.138,700,26.29,-1
0.5,-0.4,0.5,0.0,90.0,0.0,0,155.582,700,26.6,-1
0.5,-0.4,0.55,0.0,90.0,0.0,0,140.775,700,26.08,-1
0.5,-0.4,0.6,0.0,90.0,0.0,0,130.012,700,26.79,-1
0.5,-0.4,0.65,0.0,90.0,0.0,0,123.527,700,26.33,-1
0.5,-0.4,0.7,0.0,90.0,0.0,0,121.468,700,25.97,-1
0.5,-0.4,0.75,0.0,90.0,0.0,0,123.885,700,26.01,-1
0.5,-0.4,0.8,0.0,90.0,0.0,0,187.923,700,25.63,-1
0.5,-0.4,0.85,0.0,90.0,0.0,0,175.86,700,26.07,-1
0.5,-0.4,0.9,0.0,90.0,0.0,0,183.924,700,25.64,-1
0.5,-0.35,0.35,0.0,90.0,0.0,0,204.091,700,25.83,-1
0.5,-0.35,0.4,0.0,90.0,0.0,0,178.342,700,26.68,-1
0.5,-0.35,0.45,0.0,90.0,0.0,0,155.708,700,26.37,-1
0.5,-0.35,0.5,0.0,90.0,0.0,0,208.438,700,26.18,-1
0.5,-0.35,0.55,0.0,90.0,0.0,0,121.243,700,26.41,-1
0.5,-0.35,0.6,0.0,90.0,0.0,0,182.014,700,26.75,-1
0.5,-0.35,0.65,0.0,90.0,0.0,0,103.371,700,26.16,-1
0.5,-0.35,0.7,0.0,90.0,0.0,0,101.231,700,25.9,-1
0.5,-0.35,0.75,0.0,90.0,0.0,0,103.742,700,26.19,-1
0.5,-0.35,0.8,0.0,90.0,0.0,0,110.829,700,25.78,-1
0.5,-0.35,0.85,0.0,90.0,0.0,0,156.098,700,26.01,-1
0.5,-0.35,0.9,0.0,90.0,0.0,0,137.953,700,25.96,-1
0.5,-0.3,0.35,0.0,90.0,0.0,0,190.553,700,26.38,-1
0.5,-0.3,0.4,0.0,90.0,0.0,0,164.222,700,26.06,-1
0.5,-0.3,0.45,0.0,90.0,0.0,0,141.035,700,25.88,-1
0.5,-0.3,0.5,0.0,90.0,0.0,0,121.377,700,26.1,-1
0.5,-0.3,0.55,0.0,90.0,0.0,0,105.636,700,26.56,-1
0.5,-0.3,0.6,0.0,90.0,0.0,0,94.161,700,26.5,-1
0.5,-0.3,0.65,0.0,90.0,0.0,0,87.231,700,26.39,-1
0.5,-0.3,0.7,0.0,90.0,0.0,0,85.03,700,25.99,-1
0.5,-0.3,0.75,0.0,90.0,0.0,0,87.615,700,26.04,-1
0.5,-0.3,0.8,0.0,90.0,0.0,0,94.917,700,25.67,-1
0.5,-0.3,0.85,0.0,90.0,0.0,0,106.745,700,25.8,-1
0.5,-0.3,0.9,0.0,90.0,0.0,0,122.81,700,25.74,-1
0.5,-0.25,0.35,0.0,90.0,0.0,0,180.781,700,26.1,-1
0.5,-0.25,0.4,0.0,90.0,0.0,0,154.016,700,25.98,-1
0.5,-0.25,0.45,0.0,90.0,0.0,0,130.409,700,26.13,-1
0.5,-0.25,0.5,0.0,90.0,0.0,0,110.37,700,26.22,-1
0.5,-0.25,0.55,0.0,90.0,0.0,0,94.302,700,26.27,-1
0.5,-0.25,0.6,0.0,90.0,0.0,0,82.576,700,25.92,-1
0.5,-0.25,0.65,0.0,90.0,0.0,0,75.49,700,25.84,-1
0.5,-0.25,0.7,0.0,90.0,0.0,0,73.237,700,25.85,-1
0.5,-0.25,0.75,0.0,90.0,0.0,0,75.882,700,25.87,-1
0.5,-0.25,0.8,0.0,90.0,0.0,0,83.349,700,25.91,-1
0.5,-0.25,0.85,0.0,90.0,0.0,0,95.435,700,25.96,-1
0.5,-0.25,0.9,0.0,90.0,0.0,0,111.835,700,25.89,-1
0.5,-0.2,0.35,0.0,90.0,0.0,0,174.958,700,25.99,-1
0.5,-0.2,0.4,0.0,90.0,0.0,0,147.926,700,26.1,-1
0.5,-0.2,0.45,0.0,90.0,0.0,0,124.062,700,26.18,-1
0.5,-0.2,0.5,0.0,90.0,0.0,0,103.787,700,25.97,-1
0.5,-0.2,0.55,0.0,90.0,0.0,0,87.518,700,25.86,-1
0.5,-0.2,0.6,0.0,90.0,0.0,0,75.637,700,26.21,-1
0.5,-0.2,0.65,0.0,90.0,0.0,0,68.448,700,25.94,-1
0.5,-0.2,0.7,0.0,90.0,0.0,0,66.163,700,25.9,-1
0.5,-0.2,0.75,0.0,90.0,0.0,0,68.847,700,26.0,-1
0.5,-0.2,0.8,0.0,90.0,0.0,0,76.414,700,25.96,-1
0.5,-0.2,0.85,0.0,90.0,0.0,0,88.665,700,26.03,-1
0.5,-0.2,0.9,0.0,90.0,0.0,0,105.27,700,25.84,-1
0.5,-0.15,0.35,0.0,90.0,0.0,0,173.196,700,26.25,-1
0.5,-0.15,0.4,0.0,90.0,0.0,0,146.082,700,25.92,-1
0.5,-0.15,0.45,0.0,90.0,0.0,0,122.14,700,26.1,-1
0.5,-0.15,0.5,0.0,90.0,0.0,0,101.792,700,25.87,-1
0.5,-0.15,0.55,0.0,90.0,0.0,0,85.461,700,25.92,-1
0.5,-0.15,0.6,0.0,90.0,0.0,0,73.532,700,25.85,-1
0.5,-0.15,0.65,0.0,90.0,0.0,0,66.312,700,25.89,-1
0.5,-0.15,0.7,0.0,90.0,0.0,0,64.017,700,25.87,-1
0.5,-0.15,0.75,0.0,90.0,0.0,0,66.71,700,25.86,-1
0.5,-0.15,0.8,0.0,90.0,0.0,0,74.318,700,25.9,-1
0.5,-0.15,0.85,0.0,90.0,0.0,0,86.613,700,26.04,-1
0.5,-0.15,0.9,0.0,90.0,0.0,0,103.281,700,26.35,-1
0.5,-0.1,0.35,0.0,90.0,0.0,0,247.039,700,26.4,-1
0.5,-0.1,0.4,0.0,90.0,0.0,0,148.525,700,26.14,-1
0.5,-0.1,0.45,0.0,90.0,0.0,0,124.687,700,25.85,-1
0.5,-0.1,0.5,0.0,90.0,0.0,0,104.436,700,25.85,-1
0.5,-0.1,0.55,0.0,90.0,0.0,0,88.187,700,25.81,-1
0.5,-0.1,0.6,0.0,90.0,0.0,0,76.321,700,25.86,-1
0.5,-0.1,0.65,0.0,90.0,0.0,0,69.147,700,25.9,-1
0.5,-0.1,0.7,0.0,90.0,0.0,0,66.859,700,25.92,-1
0.5,-0.1,0.75,0.0,90.0,0.0,0,69.544,700,26.19,-1
0.5,-0.1,0.8,0.0,90.0,0.0,0,77.103,700,25.91,-1
0.5,-0.1,0.85,0.0,90.0,0.0,0,89.326,700,26.6,-1
0.5,-0.1,0.9,0.0,90.0,0.0,0,105.917,700,26.2,-1
0.5,-0.05,0.35,0.0,90.0,0.0,0,253.367,700,25.9,-1
0.5,-0.05,0.4,0.0,90.0,0.0,0,226.65,700,25.88,-1
0.5,-0.05,0.45,0.0,90.0,0.0,0,131.714,700,26.25,-1
0.5,-0.05,0.5,0.0,90.0,0.0,0,111.906,700,26.29,-1
0.5,-0.05,0.55,0.0,90.0,0.0,0,95.704,700,26.65,-1
0.5,-0.05,0.6,0.0,90.0,0.0,0,84.049,700,26.64,-1
0.5,-0.05,0.65,0.0,90.0,0.0,0,77.012,700,26.96,-1
0.5,-0.05,0.7,0.0,90.0,0.0,0,74.775,700,27.29,-1
0.5,-0.05,0.75,0.0,90.0,0.0,0,78.032,700,26.75,-1
0.5,-0.05,0.8,0.0,90.0,0.0,0,85.562,700,26.58,-1
0.5,-0.05,0.85,0.0,90.0,0.0,0,96.829,700,26.43,-1
0.5,-0.05,0.9,0.0,90.0,0.0,0,113.149,700,26.52,-1
-0.2,-0.5,0.35,90.0,0.0,0.0,0,104.553,700,25.55,-1
-0.2,-0.5,0.4,90.0,0.0,0.0,0,76.182,700,25.51,-1
-0.2,-0.5,0.45,90.0,0.0,0.0,0,48.267,700,25.41,-1
-0.2,-0.5,0.5,90.0,0.0,0.0,0,10.777,700,25.3,-1
-0.2,-0.5,0.55,90.0,0.0,0.0,1,1.337,7,0.28,0
-0.2,-0.5,0.6,90.0,0.0,0.0,1,1.091,6,0.24,0
-0.2,-0.5,0.65,90.0,0.0,0.0,1,2.501,5,0.22,0
-0.2,-0.5,0.7,90.0,0.0,0.0,1,0.692,212,8.07,2
-0.2,-0.5,0.75,90.0,0.0,0.0,1,0.554,220,8.73,2
-0.2,-0.5,0.8,90.0,0.0,0.0,0,54.463,700,26.91,-1
-0.2,-0.5,0.85,90.0,0.0,0.0,1,1.309,515,19.59,5
-0.2,-0.5,0.9,90.0,0.0,0.0,0,12.483,700,26.89,-1
-0.2,-0.45,0.35,90.0,0.0,0.0,0,63.038,700,25.84,-1
-0.2,-0.45,0.4,90.0,0.0,0.0,0,30.079,700,25.79,-1
-0.2,-0.45,0.45,90.0,0.0,0.0,1,3.202,100,3.61,0
-0.2,-0.45,0.5,90.0,0.0,0.0,1,0.72,6,0.24,0
-0.2,-0.45,0.55,90.0,0.0,0.0,1,0.365,6,0.24,0
-0.2,-0.45,0.6,90.0,0.0,0.0,1,0.439,6,0.25,0
-0.2,-0.45,0.65,90.0,0.0,0.0,1,0.532,5,0.21,0
-0.2,-0.45,0.7,90.0,0.0,0.0,1,0.779,513,19.78,5
-0.2,-0.45,0.75,90.0,0.0,0.0,1,0.822,209,7.96,2
-0.2,-0.45,0.8,90.0,0.0,0.0,1,2.073,219,8.33,2
-0.2,-0.45,0.85,90.0,0.0,0.0,1,0.968,410,15.57,4
-0.2,-0.45,0.9,90.0,0.0,0.0,1,0.589,519,19.83,5
-0.2,-0.4,0.35,90.0,0.0,0.0,0,37.125,700,26.27,-1
-0.2,-0.4,0.4,90.0,0.0,0.0,1,3.375,100,3.7,0
-0.2,-0.4,0.45,90.0,0.0,0.0,1,0.47,6,0.25,0
-0.2,-0.4,0.5,90.0,0.0,0.0,1,0.341,6,0.24,0
-0.2,-0.4,0.55,90.0,0.0,0.0,1,0.287,6,0.24,0
-0.2,-0.4,0.6,90.0,0.0,0.0,1,0.763,5,0.21,0
-0.2,-0.4,0.65,90.0,0.0,0.0,1,0.68,5,0.21,0
-0.2,-0.4,0.7,90.0,0.0,0.0,0,36.701,700,26.58,-1
-0.2,-0.4,0.75,90.0,0.0,0.0,1,0.632,210,8.0,2
-0.2,-0.4,0.8,90.0,0.0,0.0,1,1.849,211,8.03,2
-0.2,-0.4,0.85,90.0,0.0,0.0,1,0.738,10,0.4,0
-0.2,-0.4,0.9,90.0,0.0,0.0,0,233.662,700,27.28,-1
-0.2,-0.35,0.35,90.0,0.0,0.0,0,14.855,700,26.0,-1
-0.2,-0.35,0.4,90.0,0.0,0.0,1,2.871,5,0.21,0
-0.2,-0.35,0.45,90.0,0.0,0.0,1,1.022,5,0.21,0
-0.2,-0.35,0.5,90.0,0.0,0.0,1,1.175,5,0.21,0
-0.2,-0.35,0.55,90.0,0.0,0.0,1,0.398,6,0.25,0
-0.2,-0.35,0.6,90.0,0.0,0.0,1,0.819,5,0.21,0
-0.2,-0.35,0.65,90.0,0.0,0.0,1,0.805,5,0.21,0
-0.2,-0.35,0.7,90.0,0.0,0.0,0,36.703,700,26.63,-1
-0.2,-0.35,0.75,90.0,0.0,0.0,0,85.942,700,26.67,-1
-0.2,-0.35,0.8,90.0,0.0,0.0,1,1.476,213,8.11,2
-0.2,-0.35,0.85,90.0,0.0,0.0,1,1.059,210,7.99,2
-0.2,-0.35,0.9,90.0,0.0,0.0,1,1.128,214,8.16,2
-0.2,-0.3,0.35,90.0,0.0,0.0,1,7.54,100,3.7,0
-0.2,-0.3,0.4,90.0,0.0,0.0,1,1.816,5,0.21,0
-0.2,-0.3,0.45,90.0,0.0,0.0,1,0.525,5,0.21,0
-0.2,-0.3,0.5,90.0,0.0,0.0,1,0.327,5,0.21,0
-0.2,-0.3,0.55,90.0,0.0,0.0,1,0.592,5,0.21,0
-0.2,-0.3,0.6,90.0,0.0,0.0,0,21.225,700,26.62,-1
-0.2,-0.3,0.65,90.0,0.0,0.0,0,30.532,700,26.57,-1
-0.2,-0.3,0.7,90.0,0.0,0.0,0,47.537,700,27.22,-1
-0.2,-0.3,0.75,90.0,0.0,0.0,0,90.727,700,27.19,-1
-0.2,-0.3,0.8,90.0,0.0,0.0,1,1.527,209,8.15,2
-0.2,-0.3,0.85,90.0,0.0,0.0,1,1.154,216,8.39,2
-0.2,-0.3,0.9,90.0,0.0,0.0,1,1.837,210,8.17,2
-0.2,-0.25,0.35,90.0,0.0,0.0,1,6.024,100,3.79,0
-0.2,-0.25,0.4,90.0,0.0,0.0,0,11.514,700,26.58,-1
-0.2,-0.25,0.45,90.0,0.0,0.0,0,16.629,700,26.52,-1
-0.2,-0.25,0.5,90.0,0.0,0.0,0,16.196,700,26.6,-1
-0.2,-0.25,0.55,90.0,0.0,0.0,0,41.339,700,26.55,-1
-0.2,-0.25,0.6,90.0,0.0,0.0,0,67.782,700,26.54,-1
-0.2,-0.25,0.65,90.0,0.0,0.0,0,80.243,700,26.53,-1
-0.2,-0.25,0.7,90.0,0.0,0.0,0,87.848,700,27.13,-1
-0.2,-0.25,0.75,90.0,0.0,0.0,0,116.241,700,27.22,-1
-0.2,-0.25,0.8,90.0,0.0,0.0,0,16.428,700,27.1,-1
-0.2,-0.25,0.85,90.0,0.0,0.0,0,15.801,700,27.16,-1
-0.2,-0.25,0.9,90.0,0.0,0.0,0,16.263,700,27.11,-1
-0.2,-0.2,0.35,90.0,0.0,0.0,0,30.866,700,27.17,-1
-0.2,-0.2,0.4,90.0,0.0,0.0,0,50.604,700,26.53,-1
-0.2,-0.2,0.45,90.0,0.0,0.0,0,62.906,700,26.51,-1
-0.2,-0.2,0.5,90.0,0.0,0.0,0,61.865,700,26.59,-1
-0.2,-0.2,0.55,90.0,0.0,0.0,0,78.726,700,27.15,-1
-0.2,-0.2,0.6,90.0,0.0,0.0,0,111.126,700,26.59,-1
-0.2,-0.2,0.65,90.0,0.0,0.0,0,129.627,700,26.56,-1
-0.2,-0.2,0.7,90.0,0.0,0.0,0,134.08,700,27.18,-1
-0.2,-0.2,0.75,90.0,0.0,0.0,0,152.981,700,27.13,-1
-0.2,-0.2,0.8,90.0,0.0,0.0,0,62.569,700,27.01,-1
-0.2,-0.2,0.85,90.0,0.0,0.0,0,61.459,700,27.04,-1
-0.2,-0.2,0.9,90.0,0.0,0.0,0,61.963,700,27.04,-1
-0.2,-0.15,0.35,90.0,0.0,0.0,0,65.477,700,27.12,-1
-0.2,-0.15,0.4,90.0,0.0,0.0,0,78.825,700,27.09,-1
-0.2,-0.15,0.45,90.0,0.0,0.0,0,109.229,700,26.59,-1
-0.2,-0.15,0.5,90.0,0.0,0.0,0,106.593,700,27.22,-1
-0.2,-0.15,0.55,90.0,0.0,0.0,0,119.979,700,27.15,-1
-0.2,-0.15,0.6,90.0,0.0,0.0,0,147.658,700,27.16,-1
-0.2,-0.15,0.65,90.0,0.0,0.0,0,177.395,700,26.6,-1
-0.2,-0.15,0.7,90.0,0.0,0.0,0,179.717,700,27.22,-1
-0.2,-0.15,0.75,90.0,0.0,0.0,0,191.343,700,27.17,-1
-0.2,-0.15,0.8,90.0,0.0,0.0,0,108.253,700,27.64,-1
-0.2,-0.15,0.85,90.0,0.0,0.0,0,105.558,700,27.61,-1
-0.2,-0.15,0.9,90.0,0.0,0.0,0,106.105,700,27.71,-1
-0.2,-0.1,0.35,90.0,0.0,0.0,0,164.902,700,27.18,-1
-0.2,-0.1,0.4,90.0,0.0,0.0,0,147.737,700,27.17,-1
-0.2,-0.1,0.45,90.0,0.0,0.0,0,135.804,700,27.13,-1
-0.2,-0.1,0.5,90.0,0.0,0.0,0,132.116,700,27.74,-1
-0.2,-0.1,0.55,90.0,0.0,0.0,0,144.4,700,27.83,-1
-0.2,-0.1,0.6,90.0,0.0,0.0,0,169.235,700,27.76,-1
-0.2,-0.1,0.65,90.0,0.0,0.0,0,201.86,700,27.2,-1
-0.2,-0.1,0.7,90.0,0.0,0.0,0,219.397,700,27.75,-1
-0.2,-0.1,0.75,90.0,0.0,0.0,0,228.444,700,27.79,-1
-0.2,-0.1,0.8,90.0,0.0,0.0,0,247.463,700,27.76,-1
-0.2,-0.1,0.85,90.0,0.0,0.0,0,129.529,700,27.65,-1
-0.2,-0.1,0.9,90.0,0.0,0.0,0,307.149,700,27.73,-1
-0.2,-0.05,0.35,90.0,0.0,0.0,0,179.626,700,27.15,-1
-0.2,-0.05,0.4,90.0,0.0,0.0,0,164.286,700,27.22,-1
-0.2,-0.05,0.45,90.0,0.0,0.0,0,154.073,700,27.14,-1
-0.2,-0.05,0.5,90.0,0.0,0.0,0,151.282,700,27.77,-1
-0.2,-0.05,0.55,90.0,0.0,0.0,0,162.488,700,27.73,-1
-0.2,-0.05,0.6,90.0,0.0,0.0,0,185.26,700,27.72,-1
-0.2,-0.05,0.65,90.0,0.0,0.0,0,215.8,700,27.61,-1
-0.2,-0.05,0.7,90.0,0.0,0.0,0,245.047,700,27.65,-1
-0.2,-0.05,0.75,90.0,0.0,0.0,0,269.746,700,27.71,-1
-0.2,-0.05,0.8,90.0,0.0,0.0,0,286.032,700,27.68,-1
-0.2,-0.05,0.85,90.0,0.0,0.0,0,149.763,700,27.63,-1
-0.2,-0.05,0.9,90.0,0.0,0.0,0,338.994,700,27.69,-1
-0.15,-0.5,0.35,90.0,0.0,0.0,0,89.214,700,25.56,-1
-0.15,-0.5,0.4,90.0,0.0,0.0,0,60.981,700,25.46,-1
-0.15,-0.5,0.45,90.0,0.0,0.0,0,16.145,700,25.27,-1
-0.15,-0.5,0.5,90.0,0.0,0.0,1,2.185,7,0.28,0
-0.15,-0.5,0.55,90.0,0.0,0.0,1,0.697,6,0.24,0
-0.15,-0.5,0.6,90.0,0.0,0.0,1,0.834,7,0.29,0
-0.15,-0.5,0.65,90.0,0.0,0.0,1,1.02,6,0.25,0
-0.15,-0.5,0.7,90.0,0.0,0.0,0,28.021,700,26.51,-1
-0.15,-0.5,0.75,90.0,0.0,0.0,0,28.512,700,26.53,-1
-0.15,-0.5,0.8,90.0,0.0,0.0,1,0.874,217,8.24,2
-0.15,-0.5,0.85,90.0,0.0,0.0,1,0.598,510,19.38,5
-0.15,-0.5,0.9,90.0,0.0,0.0,1,1.032,117,4.49,1
-0.15,-0.45,0.35,90.0,0.0,0.0,0,45.433,700,26.2,-1
-0.15,-0.45,0.4,90.0,0.0,0.0,0,10.393,700,25.33,-1
-0.15,-0.45,0.45,90.0,0.0,0.0,1,2.63,7,0.28,0
-0.15,-0.45,0.5,90.0,0.0,0.0,1,2.543,5,0.21,0
-0.15,-0.45,0.55,90.0,0.0,0.0,1,0.322,6,0.24,0
-0.15,-0.45,0.6,90.0,0.0,0.0,1,0.703,6,0.24,0
-0.15,-0.45,0.65,90.0,0.0,0.0,1,1.646,5,0.21,0
-0.15,-0.45,0.7,90.0,0.0,0.0,1,1.549,516,19.48,5
-0.15,-0.45,0.75,90.0,0.0,0.0,1,0.985,215,8.14,2
-0.15,-0.45,0.8,90.0,0.0,0.0,1,1.943,8,0.33,0
-0.15,-0.45,0.85,90.0,0.0,0.0,1,1.094,215,8.16,2
-0.15,-0.45,0.9,90.0,0.0,0.0,1,1.479,408,15.8,4
-0.15,-0.4,0.35,90.0,0.0,0.0,0,31.308,700,25.74,-1
-0.15,-0.4,0.4,90.0,0.0,0.0,1,1.008,7,0.28,0
-0.15,-0.4,0.45,90.0,0.0,0.0,1,0.18,6,0.24,0
-0.15,-0.4,0.5,90.0,0.0,0.0,1,1.1,5,0.2,0
-0.15,-0.4,0.55,90.0,0.0,0.0,1,2.291,5,0.2,0
-0.15,-0.4,0.6,90.0,0.0,0.0,1,0.817,5,0.21,0
-0.15,-0.4,0.65,90.0,0.0,0.0,1,0.702,5,0.21,0
-0.15,-0.4,0.7,90.0,0.0,0.0,0,28.02,700,26.48,-1
-0.15,-0.4,0.75,90.0,0.0,0.0,1,1.135,211,8.03,2
-0.15,-0.4,0.8,90.0,0.0,0.0,1,1.717,215,8.16,2
-0.15,-0.4,0.85,90.0,0.0,0.0,1,2.788,212,8.05,2
-0.15,-0.4,0.9,90.0,0.0,0.0,1,1.106,13,0.53,0
-0.15,-0.35,0.35,90.0,0.0,0.0,1,6.708,100,3.68,0
-0.15,-0.35,0.4,90.0,0.0,0.0,1,1.595,5,0.21,0
-0.15,-0.35,0.45,90.0,0.0,0.0,1,0.384,5,0.21,0
-0.15,-0.35,0.5,90.0,0.0,0.0,1,0.741,5,0.23,0
-0.15,-0.35,0.55,90.0,0.0,0.0,1,1.49,5,0.21,0
-0.15,-0.35,0.6,90.0,0.0,0.0,1,0.372,5,0.21,0
-0.15,-0.35,0.65,90.0,0.0,0.0,1,0.815,5,0.21,0
-0.15,-0.35,0.7,90.0,0.0,0.0,0,28.023,700,26.54,-1
-0.15,-0.35,0.75,90.0,0.0,0.0,0,77.26,700,26.51,-1
-0.15,-0.35,0.8,90.0,0.0,0.0,1,2.608,218,8.28,2
-0.15,-0.35,0.85,90.0,0.0,0.0,1,2.757,210,7.94,2
-0.15,-0.35,0.9,90.0,0.0,0.0,1,2.527,244,9.24,2
-0.15,-0.3,0.35,90.0,0.0,0.0,1,3.668,100,3.7,0
-0.15,-0.3,0.4,90.0,0.0,0.0,1,0.471,5,0.21,0
-0.15,-0.3,0.45,90.0,0.0,0.0,1,0.492,5,0.21,0
-0.15,-0.3,0.5,90.0,0.0,0.0,1,0.551,5,0.21,0
-0.15,-0.3,0.55,90.0,0.0,0.0,1,0.591,5,0.21,0
-0.15,-0.3,0.6,90.0,0.0,0.0,0,11.619,700,26.54,-1
-0.15,-0.3,0.65,90.0,0.0,0.0,0,20.469,700,26.45,-1
-0.15,-0.3,0.7,90.0,0.0,0.0,0,33.705,700,27.06,-1
-0.15,-0.3,0.75,90.0,0.0,0.0,0,78.802,700,27.13,-1
-0.15,-0.3,0.8,90.0,0.0,0.0,1,1.385,212,8.25,2
-0.15,-0.3,0.85,90.0,0.0,0.0,1,1.33,210,8.16,2
-0.15,-0.3,0.9,90.0,0.0,0.0,0,225.016,700,26.84,-1
-0.15,-0.25,0.35,90.0,0.0,0.0,1,6.337,100,3.81,0
-0.15,-0.25,0.4,90.0,0.0,0.0,0,16.03,700,26.5,-1
-0.15,-0.25,0.45,90.0,0.0,0.0,1,9.744,100,3.79,0
-0.15,-0.25,0.5,90.0,0.0,0.0,1,4.204,100,3.78,0
-0.15,-0.25,0.55,90.0,0.0,0.0,0,30.684,700,26.48,-1
-0.15,-0.25,0.6,90.0,0.0,0.0,0,55.361,700,26.43,-1
-0.15,-0.25,0.65,90.0,0.0,0.0,0,66.782,700,26.43,-1
-0.15,-0.25,0.7,90.0,0.0,0.0,0,70.347,700,27.09,-1
-0.15,-0.25,0.75,90.0,0.0,0.0,0,98.044,700,27.06,-1
-0.15,-0.25,0.8,90.0,0.0,0.0,1,4.846,300,11.55,2
-0.15,-0.25,0.85,90.0,0.0,0.0,1,2.628,211,8.18,2
-0.15,-0.25,0.9,90.0,0.0,0.0,1,4.525,300,11.7,2
-0.15,-0.2,0.35,90.0,0.0,0.0,0,47.295,700,27.07,-1
-0.15,-0.2,0.4,90.0,0.0,0.0,0,59.89,700,26.46,-1
-0.15,-0.2,0.45,90.0,0.0,0.0,0,50.09,700,26.51,-1
-0.15,-0.2,0.5,90.0,0.0,0.0,0,43.348,700,26.54,-1
-0.15,-0.2,0.55,90.0,0.0,0.0,0,63.219,700,27.13,-1
-0.15,-0.2,0.6,90.0,0.0,0.0,0,94.203,700,26.6,-1
-0.15,-0.2,0.65,90.0,0.0,0.0,0,109.716,700,26.5,-1
-0.15,-0.2,0.7,90.0,0.0,0.0,0,110.196,700,27.13,-1
-0.15,-0.2,0.75,90.0,0.0,0.0,0,127.269,700,27.66,-1
-0.15,-0.2,0.8,90.0,0.0,0.0,0,45.458,700,27.49,-1
-0.15,-0.2,0.85,90.0,0.0,0.0,0,41.702,700,27.47,-1
-0.15,-0.2,0.9,90.0,0.0,0.0,0,241.56,700,27.75,-1
-0.15,-0.15,0.35,90.0,0.0,0.0,0,88.795,700,27.06,-1
-0.15,-0.15,0.4,90.0,0.0,0.0,0,94.978,700,26.46,-1
-0.15,-0.15,0.45,90.0,0.0,0.0,0,81.317,700,26.44,-1
-0.15,-0.15,0.5,90.0,0.0,0.0,0,74.277,700,27.06,-1
-0.15,-0.15,0.55,90.0,0.0,0.0,0,89.878,700,27.04,-1
-0.15,-0.15,0.6,90.0,0.0,0.0,0,121.864,700,26.49,-1
-0.15,-0.15,0.65,90.0,0.0,0.0,0,146.338,700,27.05,-1
-0.15,-0.15,0.7,90.0,0.0,0.0,0,150.739,700,27.66,-1
-0.15,-0.15,0.75,90.0,0.0,0.0,0,163.627,700,27.64,-1
-0.15,-0.15,0.8,90.0,0.0,0.0,0,77.302,700,27.6,-1
-0.15,-0.15,0.85,90.0,0.0,0.0,0,71.929,700,27.54,-1
-0.15,-0.15,0.9,90.0,0.0,0.0,0,73.738,700,27.56,-1
-0.15,-0.1,0.35,90.0,0.0,0.0,0,128.729,700,27.08,-1
-0.15,-0.1,0.4,90.0,0.0,0.0,0,109.22,700,26.99,-1
-0.15,-0.1,0.45,90.0,0.0,0.0,0,95.305,700,27.06,-1
-0.15,-0.1,0.5,90.0,0.0,0.0,0,88.976,700,27.63,-1
-0.15,-0.1,0.55,90.0,0.0,0.0,0,103.183,700,27.68,-1
-0.15,-0.1,0.6,90.0,0.0,0.0,0,133.189,700,27.64,-1
-0.15,-0.1,0.65,90.0,0.0,0.0,0,162.418,700,27.74,-1
-0.15,-0.1,0.7,90.0,0.0,0.0,0,196.694,700,27.6,-1
-0.15,-0.1,0.75,90.0,0.0,0.0,0,205.791,700,27.55,-1
-0.15,-0.1,0.8,90.0,0.0,0.0,0,226.719,700,27.62,-1
-0.15,-0.1,0.85,90.0,0.0,0.0,0,86.691,700,27.59,-1
-0.15,-0.1,0.9,90.0,0.0,0.0,0,290.696,700,27.74,-1
-0.15,-0.05,0.35,90.0,0.0,0.0,0,146.827,700,27.1,-1
-0.15,-0.05,0.4,90.0,0.0,0.0,0,130.505,700,27.16,-1
-0.15,-0.05,0.45,90.0,0.0,0.0,0,119.775,700,27.15,-1
-0.15,-0.05,0.5,90.0,0.0,0.0,0,115.556,700,27.79,-1
-0.15,-0.05,0.55,90.0,0.0,0.0,0,127.293,700,27.75,-1
-0.15,-0.05,0.6,90.0,0.0,0.0,0,153.059,700,27.71,-1
-0.15,-0.05,0.65,90.0,0.0,0.0,0,181.794,700,27.69,-1
-0.15,-0.05,0.7,90.0,0.0,0.0,0,212.92,700,27.69,-1
-0.15,-0.05,0.75,90.0,0.0,0.0,0,250.237,700,27.73,-1
-0.15,-0.05,0.8,90.0,0.0,0.0,0,268.286,700,27.72,-1
-0.15,-0.05,0.85,90.0,0.0,0.0,0,114.906,700,27.64,-1
-0.15,-0.05,0.9,90.0,0.0,0.0,0,324.161,700,27.7,-1
-0.1,-0.5,0.35,90.0,0.0,0.0,0,78.199,700,25.55,-1
-0.1,-0.5,0.4,90.0,0.0,0.0,0,36.808,700,25.33,-1
-0.1,-0.5,0.45,90.0,0.0,0.0,1,4.033,100,3.58,0
-0.1,-0.5,0.5,90.0,0.0,0.0,1,0.624,8,0.32,0
-0.1,-0.5,0.55,90.0,0.0,0.0,1,0.305,6,0.25,0
-0.1,-0.5,0.6,90.0,0.0,0.0,1,1.585,7,0.28,0
-0.1,-0.5,0.65,90.0,0.0,0.0,1,2.058,7,0.28,0
-0.1,-0.5,0.7,90.0,0.0,0.0,1,7.269,400,15.13,3
-0.1,-0.5,0.75,90.0,0.0,0.0,1,1.126,15,0.61,0
-0.1,-0.5,0.8,90.0,0.0,0.0,1,2.233,9,0.37,0
-0.1,-0.5,0.85,90.0,0.0,0.0,1,1.445,10,0.41,0
-0.1,-0.5,0.9,90.0,0.0,0.0,1,0.939,12,0.48,0
-0.1,-0.45,0.35,90.0,0.0,0.0,0,36.686,700,25.65,-1
-0.1,-0.45,0.4,90.0,0.0,0.0,1,2.391,8,0.32,0
-0.1,-0.45,0.45,90.0,0.0,0.0,1,0.314,8,0.31,0
-0.1,-0.45,0.5,90.0,0.0,0.0,1,0.334,7,0.28,0
-0.1,-0.45,0.55,90.0,0.0,0.0,1,1.58,5,0.2,0
-0.1,-0.45,0.6,90.0,0.0,0.0,1,0.681,7,0.28,0
-0.1,-0.45,0.65,90.0,0.0,0.0,1,1.145,6,0.24,0
-0.1,-0.45,0.7,90.0,0.0,0.0,1,1.408,311,12.06,3
-0.1,-0.45,0.75,90.0,0.0,0.0,1,0.974,211,8.03,2
-0.1,-0.45,0.8,90.0,0.0,0.0,1,1.167,217,8.2,2
-0.1,-0.45,0.85,90.0,0.0,0.0,1,1.686,10,0.4,0
-0.1,-0.45,0.9,90.0,0.0,0.0,1,0.937,113,4.31,1
-0.1,-0.4,0.35,90.0,0.0,0.0,0,11.554,700,25.86,-1
-0.1,-0.4,0.4,90.0,0.0,0.0,1,2.195,6,0.25,0
-0.1,-0.4,0.45,90.0,0.0,0.0,1,0.905,7,0.28,0
-0.1,-0.4,0.5,90.0,0.0,0.0,1,1.255,5,0.21,0
-0.1,-0.4,0.55,90.0,0.0,0.0,1,1.721,5,0.21,0
-0.1,-0.4,0.6,90.0,0.0,0.0,1,0.676,6,0.24,0
-0.1,-0.4,0.65,90.0,0.0,0.0,1,1.069,5,0.21,0
-0.1,-0.4,0.7,90.0,0.0,0.0,0,19.341,700,26.49,-1
-0.1,-0.4,0.75,90.0,0.0,0.0,0,68.578,700,26.54,-1
-0.1,-0.4,0.8,90.0,0.0,0.0,1,2.093,216,8.21,2
-0.1,-0.4,0.85,90.0,0.0,0.0,1,1.015,214,8.1,2
-0.1,-0.4,0.9,90.0,0.0,0.0,1,1.084,8,0.33,0
-0.1,-0.35,0.35,90.0,0.0,0.0,1,2.987,6,0.24,0
-0.1,-0.35,0.4,90.0,0.0,0.0,1,0.221,6,0.24,0
-0.1,-0.35,0.45,90.0,0.0,0.0,1,2.919,5,0.2,0
-0.1,-0.35,0.5,90.0,0.0,0.0,1,0.486,5,0.21,0
-0.1,-0.35,0.55,90.0,0.0,0.0,1,1.083,5,0.2,0
-0.1,-0.35,0.6,90.0,0.0,0.0,1,0.229,5,0.21,0
-0.1,-0.35,0.65,90.0,0.0,0.0,1,0.923,5,0.21,0
-0.1,-0.35,0.7,90.0,0.0,0.0,0,19.345,700,26.47,-1
-0.1,-0.35,0.75,90.0,0.0,0.0,1,1.415,212,8.04,2
-0.1,-0.35,0.8,90.0,0.0,0.0,1,2.881,211,8.03,2
-0.1,-0.35,0.85,90.0,0.0,0.0,0,167.058,700,26.48,-1
-0.1,-0.35,0.9,90.0,0.0,0.0,1,2.387,207,7.85,2
-0.1,-0.3,0.35,90.0,0.0,0.0,1,2.109,5,0.21,0
-0.1,-0.3,0.4,90.0,0.0,0.0,1,0.722,5,0.21,0
-0.1,-0.3,0.45,90.0,0.0,0.0,1,0.278,5,0.21,0
-0.1,-0.3,0.5,90.0,0.0,0.0,1,0.654,5,0.2,0
-0.1,-0.3,0.55,90.0,0.0,0.0,1,0.677,5,0.21,0
-0.1,-0.3,0.6,90.0,0.0,0.0,1,1.077,5,0.21,0
-0.1,-0.3,0.65,90.0,0.0,0.0,1,2.194,4,0.17,0
-0.1,-0.3,0.7,90.0,0.0,0.0,0,19.35,700,26.39,-1
-0.1,-0.3,0.75,90.0,0.0,0.0,0,68.58,700,26.41,-1
-0.1,-0.3,0.8,90.0,0.0,0.0,1,1.552,212,8.02,2
-0.1,-0.3,0.85,90.0,0.0,0.0,1,1.779,211,7.99,2
-0.1,-0.3,0.9,90.0,0.0,0.0,1,1.406,211,8.16,2
-0.1,-0.25,0.35,90.0,0.0,0.0,0,16.711,700,26.43,-1
-0.1,-0.25,0.4,90.0,0.0,0.0,1,4.135,100,3.78,0
-0.1,-0.25,0.45,90.0,0.0,0.0,1,0.792,5,0.21,0
-0.1,-0.25,0.5,90.0,0.0,0.0,1,2.366,4,0.17,0
-0.1,-0.25,0.55,90.0,0.0,0.0,1,8.23,100,3.77,0
-0.1,-0.25,0.6,90.0,0.0,0.0,0,29.883,700,26.38,-1
-0.1,-0.25,0.65,90.0,0.0,0.0,0,39.649,700,26.38,-1
-0.1,-0.25,0.7,90.0,0.0,0.0,0,41.63,700,27.7,-1
-0.1,-0.25,0.75,90.0,0.0,0.0,1,2.269,212,8.4,2
-0.1,-0.25,0.8,90.0,0.0,0.0,1,1.756,209,8.32,2
-0.1,-0.25,0.85,90.0,0.0,0.0,1,1.422,207,8.24,2
-0.1,-0.25,0.9,90.0,0.0,0.0,1,0.665,212,8.38,2
-0.1,-0.2,0.35,90.0,0.0,0.0,0,57.891,700,26.35,-1
-0.1,-0.2,0.4,90.0,0.0,0.0,0,37.995,700,26.44,-1
-0.1,-0.2,0.45,90.0,0.0,0.0,0,21.674,700,26.42,-1
-0.1,-0.2,0.5,90.0,0.0,0.0,0,11.233,700,26.36,-1
-0.1,-0.2,0.55,90.0,0.0,0.0,0,36.55,700,26.43,-1
-0.1,-0.2,0.6,90.0,0.0,0.0,0,62.152,700,26.37,-1
-0.1,-0.2,0.65,90.0,0.0,0.0,0,80.141,700,27.0,-1
-0.1,-0.2,0.7,90.0,0.0,0.0,0,85.495,700,27.64,-1
-0.1,-0.2,0.75,90.0,0.0,0.0,0,106.586,700,27.7,-1
-0.1,-0.2,0.8,90.0,0.0,0.0,0,12.672,700,27.43,-1
-0.1,-0.2,0.85,90.0,0.0,0.0,1,8.146,300,11.69,2
-0.1,-0.2,0.9,90.0,0.0,0.0,0,11.812,700,27.44,-1
-0.1,-0.15,0.35,90.0,0.0,0.0,0,83.391,700,26.4,-1
-0.1,-0.15,0.4,90.0,0.0,0.0,0,60.292,700,26.46,-1
-0.1,-0.15,0.45,90.0,0.0,0.0,0,42.617,700,26.5,-1
-0.1,-0.15,0.5,90.0,0.0,0.0,0,31.755,700,26.47,-1
-0.1,-0.15,0.55,90.0,0.0,0.0,0,54.056,700,26.46,-1
-0.1,-0.15,0.6,90.0,0.0,0.0,0,83.327,700,27.17,-1
-0.1,-0.15,0.65,90.0,0.0,0.0,0,117.171,700,27.07,-1
-0.1,-0.15,0.7,90.0,0.0,0.0,0,133.737,700,27.65,-1
-0.1,-0.15,0.75,90.0,0.0,0.0,0,148.111,700,27.63,-1
-0.1,-0.15,0.8,90.0,0.0,0.0,0,40.825,700,27.61,-1
-0.1,-0.15,0.85,90.0,0.0,0.0,0,212.226,700,27.65,-1
-0.1,-0.15,0.9,90.0,0.0,0.0,0,32.34,700,27.51,-1
-0.1,-0.1,0.35,90.0,0.0,0.0,0,95.632,700,27.08,-1
-0.1,-0.1,0.4,90.0,0.0,0.0,0,74.137,700,27.12,-1
-0.1,-0.1,0.45,90.0,0.0,0.0,0,59.125,700,27.06,-1
-0.1,-0.1,0.5,90.0,0.0,0.0,0,51.271,700,27.65,-1
-0.1,-0.1,0.55,90.0,0.0,0.0,0,68.618,700,27.66,-1
-0.1,-0.1,0.6,90.0,0.0,0.0,0,97.237,700,27.67,-1
-0.1,-0.1,0.65,90.0,0.0,0.0,0,129.468,700,27.67,-1
-0.1,-0.1,0.7,90.0,0.0,0.0,0,170.495,700,27.65,-1
-0.1,-0.1,0.75,90.0,0.0,0.0,0,193.683,700,27.64,-1
-0.1,-0.1,0.8,90.0,0.0,0.0,0,58.768,700,27.6,-1
-0.1,-0.1,0.85,90.0,0.0,0.0,0,246.203,700,27.66,-1
-0.1,-0.1,0.9,90.0,0.0,0.0,0,282.254,700,27.64,-1
-0.1,-0.05,0.35,90.0,0.0,0.0,0,118.366,700,27.15,-1
-0.1,-0.05,0.4,90.0,0.0,0.0,0,102.506,700,27.08,-1
-0.1,-0.05,0.45,90.0,0.0,0.0,0,93.286,700,27.02,-1
-0.1,-0.05,0.5,90.0,0.0,0.0,0,89.854,700,27.62,-1
-0.1,-0.05,0.55,90.0,0.0,0.0,0,101.364,700,27.67,-1
-0.1,-0.05,0.6,90.0,0.0,0.0,0,126.361,700,27.07,-1
-0.1,-0.05,0.65,90.0,0.0,0.0,0,152.719,700,27.69,-1
-0.1,-0.05,0.7,90.0,0.0,0.0,0,188.687,700,27.73,-1
-0.1,-0.05,0.75,90.0,0.0,0.0,0,229.957,700,27.73,-1
-0.1,-0.05,0.8,90.0,0.0,0.0,0,259.116,700,27.69,-1
-0.1,-0.05,0.85,90.0,0.0,0.0,0,284.943,700,27.57,-1
-0.1,-0.05,0.9,90.0,0.0,0.0,0,316.613,700,27.65,-1
-0.05,-0.5,0.35,90.0,0.0,0.0,0,71.916,700,25.52,-1
-0.05,-0.5,0.4,90.0,0.0,0.0,0,23.748,700,25.25,-1
-0.05,-0.5,0.45,90.0,0.0,0.0,1,2.266,8,0.31,0
-0.05,-0.5,0.5,90.0,0.0,0.0,1,0.398,8,0.31,0
-0.05,-0.5,0.55,90.0,0.0,0.0,1,0.429,8,0.32,0
-0.05,-0.5,0.6,90.0,0.0,0.0,1,1.88,6,0.24,0
-0.05,-0.5,0.65,90.0,0.0,0.0,1,1.097,9,0.35,0
-0.05,-0.5,0.7,90.0,0.0,0.0,1,0.872,314,12.11,3
-0.05,-0.5,0.75,90.0,0.0,0.0,1,2.014,16,0.65,0
-0.05,-0.5,0.8,90.0,0.0,0.0,1,1.217,9,0.37,0
-0.05,-0.5,0.85,90.0,0.0,0.0,0,158.375,700,26.46,-1
-0.05,-0.5,0.9,90.0,0.0,0.0,1,1.539,16,0.62,0
-0.05,-0.45,0.35,90.0,0.0,0.0,0,33.234,700,25.53,-1
-0.05,-0.45,0.4,90.0,0.0,0.0,1,1.627,7,0.28,0
-0.05,-0.45,0.45,90.0,0.0,0.0,1,2.991,7,0.28,0
-0.05,-0.45,0.5,90.0,0.0,0.0,1,2.039,7,0.28,0
-0.05,-0.45,0.55,90.0,0.0,0.0,1,1.126,6,0.24,0
-0.05,-0.45,0.6,90.0,0.0,0.0,1,0.703,6,0.24,0
-0.05,-0.45,0.65,90.0,0.0,0.0,1,1.081,7,0.28,0
-0.05,-0.45,0.7,90.0,0.0,0.0,1,5.153,300,11.34,2
-0.05,-0.45,0.75,90.0,0.0,0.0,1,1.059,215,8.12,2
-0.05,-0.45,0.8,90.0,0.0,0.0,1,0.295,214,8.07,2
-0.05,-0.45,0.85,90.0,0.0,0.0,1,1.169,11,0.43,0
-0.05,-0.45,0.9,90.0,0.0,0.0,1,1.208,22,0.86,0
-0.05,-0.4,0.35,90.0,0.0,0.0,1,6.411,100,3.67,0
-0.05,-0.4,0.4,90.0,0.0,0.0,1,1.285,6,0.24,0
-0.05,-0.4,0.45,90.0,0.0,0.0,1,0.913,7,0.28,0
-0.05,-0.4,0.5,90.0,0.0,0.0,1,1.317,7,0.27,0
-0.05,-0.4,0.55,90.0,0.0,0.0,1,1.656,5,0.2,0
-0.05,-0.4,0.6,90.0,0.0,0.0,1,1.288,5,0.2,0
-0.05,-0.4,0.65,90.0,0.0,0.0,1,1.862,5,0.2,0
-0.05,-0.4,0.7,90.0,0.0,0.0,0,10.666,700,26.38,-1
-0.05,-0.4,0.75,90.0,0.0,0.0,1,2.821,215,8.14,2
-0.05,-0.4,0.8,90.0,0.0,0.0,1,0.214,211,8.03,2
-0.05,-0.4,0.85,90.0,0.0,0.0,1,1.418,212,8.01,2
-0.05,-0.4,0.9,90.0,0.0,0.0,1,1.342,129,5.16,1
-0.05,-0.35,0.35,90.0,0.0,0.0,1,1.928,6,0.24,0
-0.05,-0.35,0.4,90.0,0.0,0.0,1,0.399,6,0.24,0
-0.05,-0.35,0.45,90.0,0.0,0.0,1,1.693,6,0.24,0
-0.05,-0.35,0.5,90.0,0.0,0.0,1,0.603,6,0.24,0
-0.05,-0.35,0.55,90.0,0.0,0.0,1,0.796,5,0.21,0
-0.05,-0.35,0.6,90.0,0.0,0.0,1,0.698,5,0.21,0
-0.05,-0.35,0.65,90.0,0.0,0.0,1,0.905,5,0.2,0
-0.05,-0.35,0.7,90.0,0.0,0.0,0,10.675,700,26.27,-1
-0.05,-0.35,0.75,90.0,0.0,0.0,1,1.401,211,7.95,2
-0.05,-0.35,0.8,90.0,0.0,0.0,1,1.545,217,8.18,2
-0.05,-0.35,0.85,90.0,0.0,0.0,1,1.362,212,8.02,2
-0.05,-0.35,0.9,90.0,0.0,0.0,1,1.311,209,7.85,2
-0.05,-0.3,0.35,90.0,0.0,0.0,1,1.568,6,0.24,0
-0.05,-0.3,0.4,90.0,0.0,0.0,1,0.546,6,0.24,0
-0.05,-0.3,0.45,90.0,0.0,0.0,1,0.558,6,0.25,0
-0.05,-0.3,0.5,90.0,0.0,0.0,1,1.556,5,0.2,0
-0.05,-0.3,0.55,90.0,0.0,0.0,1,0.76,5,0.2,0
-0.05,-0.3,0.6,90.0,0.0,0.0,1,1.846,4,0.17,0
-0.05,-0.3,0.65,90.0,0.0,0.0,1,1.512,4,0.17,0
-0.05,-0.3,0.7,90.0,0.0,0.0,0,10.684,700,26.27,-1
-0.05,-0.3,0.75,90.0,0.0,0.0,1,1.56,209,7.86,2
-0.05,-0.3,0.8,90.0,0.0,0.0,1,1.905,211,7.98,2
-0.05,-0.3,0.85,90.0,0.0,0.0,1,1.6,208,8.06,2
-0.05,-0.3,0.9,90.0,0.0,0.0,1,1.541,215,8.31,2
-0.05,-0.25,0.35,90.0,0.0,0.0,1,8.014,100,3.76,0
-0.05,-0.25,0.4,90.0,0.0,0.0,1,0.855,5,0.21,0
-0.05,-0.25,0.45,90.0,0.0,0.0,1,0.678,5,0.21,0
-0.05,-0.25,0.5,90.0,0.0,0.0,1,2.654,4,0.17,0
-0.05,-0.25,0.55,90.0,0.0,0.0,1,1.249,4,0.18,0
-0.05,-0.25,0.6,90.0,0.0,0.0,1,3.035,100,3.77,0
-0.05,-0.25,0.65,90.0,0.0,0.0,0,30.394,700,26.34,-1
-0.05,-0.25,0.7,90.0,0.0,0.0,0,42.351,700,27.02,-1
-0.05,-0.25,0.75,90.0,0.0,0.0,0,28.732,700,26.87,-1
-0.05,-0.25,0.8,90.0,0.0,0.0,1,1.192,209,8.3,2
-0.05,-0.25,0.85,90.0,0.0,0.0,1,1.419,207,8.21,2
-0.05,-0.25,0.9,90.0,0.0,0.0,1,1.805,212,8.2,2
-0.05,-0.2,0.35,90.0,0.0,0.0,0,36.04,700,26.46,-1
-0.05,-0.2,0.4,90.0,0.0,0.0,1,9.579,100,3.78,0
-0.05,-0.2,0.45,90.0,0.0,0.0,1,1.441,5,0.21,0
-0.05,-0.2,0.5,90.0,0.0,0.0,1,1.504,4,0.17,0
-0.05,-0.2,0.55,90.0,0.0,0.0,1,1.915,4,0.17,0
-0.05,-0.2,0.6,90.0,0.0,0.0,0,34.091,700,27.02,-1
-0.05,-0.2,0.65,90.0,0.0,0.0,0,71.252,700,27.05,-1
-0.05,-0.2,0.7,90.0,0.0,0.0,0,86.445,700,27.65,-1
-0.05,-0.2,0.75,90.0,0.0,0.0,0,107.35,700,27.54,-1
-0.05,-0.2,0.8,90.0,0.0,0.0,0,26.49,700,27.33,-1
-0.05,-0.2,0.85,90.0,0.0,0.0,1,1.798,210,8.31,2
-0.05,-0.2,0.9,90.0,0.0,0.0,1,1.709,214,8.43,2
-0.05,-0.15,0.35,90.0,0.0,0.0,0,52.619,700,26.42,-1
-0.05,-0.15,0.4,90.0,0.0,0.0,0,25.169,700,26.58,-1
-0.05,-0.15,0.45,90.0,0.0,0.0,1,3.765,100,3.8,0
-0.05,-0.15,0.5,90.0,0.0,0.0,1,2.169,4,0.18,0
-0.05,-0.15,0.55,90.0,0.0,0.0,0,15.935,700,26.46,-1
-0.05,-0.15,0.6,90.0,0.0,0.0,0,51.948,700,27.05,-1
-0.05,-0.15,0.65,90.0,0.0,0.0,0,99.789,700,27.06,-1
-0.05,-0.15,0.7,90.0,0.0,0.0,0,134.346,700,27.52,-1
-0.05,-0.15,0.75,90.0,0.0,0.0,0,148.662,700,27.49,-1
-0.05,-0.15,0.8,90.0,0.0,0.0,0,35.658,700,27.46,-1
-0.05,-0.15,0.85,90.0,0.0,0.0,0,202.236,700,27.54,-1
-0.05,-0.15,0.9,90.0,0.0,0.0,1,2.276,210,8.31,2
-0.05,-0.1,0.35,90.0,0.0,0.0,0,67.721,700,26.93,-1
-0.05,-0.1,0.4,90.0,0.0,0.0,0,47.277,700,27.01,-1
-0.05,-0.1,0.45,90.0,0.0,0.0,0,38.505,700,27.04,-1
-0.05,-0.1,0.5,90.0,0.0,0.0,0,39.263,700,26.41,-1
-0.05,-0.1,0.55,90.0,0.0,0.0,0,46.728,700,27.13,-1
-0.05,-0.1,0.6,90.0,0.0,0.0,0,69.436,700,27.69,-1
-0.05,-0.1,0.65,90.0,0.0,0.0,0,110.115,700,27.69,-1
-0.05,-0.1,0.7,90.0,0.0,0.0,0,156.298,700,27.69,-1
-0.05,-0.1,0.75,90.0,0.0,0.0,0,204.284,700,27.52,-1
-0.05,-0.1,0.8,90.0,0.0,0.0,0,216.167,700,27.58,-1
-0.05,-0.1,0.85,90.0,0.0,0.0,0,239.718,700,35.06,-1
-0.05,-0.1,0.9,90.0,0.0,0.0,0,265.474,700,40.13,-1
-0.05,-0.05,0.35,90.0,0.0,0.0,0,93.117,700,36.55,-1
-0.05,-0.05,0.4,90.0,0.0,0.0,0,84.288,700,40.59,-1
-0.05,-0.05,0.45,90.0,0.0,0.0,0,81.195,700,37.42,-1
-0.05,-0.05,0.5,90.0,0.0,0.0,0,83.414,700,27.05,-1
-0.05,-0.05,0.55,90.0,0.0,0.0,0,90.827,700,27.04,-1
-0.05,-0.05,0.6,90.0,0.0,0.0,0,106.321,700,36.44,-1
-0.05,-0.05,0.65,90.0,0.0,0.0,0,136.306,700,41.46,-1
-0.05,-0.05,0.7,90.0,0.0,0.0,0,175.648,700,39.96,-1
-0.05,-0.05,0.75,90.0,0.0,0.0,0,219.368,700,27.58,-1
-0.05,-0.05,0.8,90.0,0.0,0.0,0,265.188,700,41.25,-1
-0.05,-0.05,0.85,90.0,0.0,0.0,0,280.926,700,41.41,-1
-0.05,-0.05,0.9,90.0,0.0,0.0,0,302.842,700,38.96,-1
-0.0,-0.5,0.35,90.0,0.0,0.0,0,70.678,700,34.66,-1
-0.0,-0.5,0.4,90.0,0.0,0.0,0,21.332,700,28.53,-1
-0.0,-0.5,0.45,90.0,0.0,0.0,1,2.324,6,0.24,0
-0.0,-0.5,0.5,90.0,0.0,0.0,1,1.208,7,0.28,0
-0.0,-0.5,0.55,90.0,0.0,0.0,1,1.108,7,0.27,0
-0.0,-0.5,0.6,90.0,0.0,0.0,1,0.55,8,0.31,0
-0.0,-0.5,0.65,90.0,0.0,0.0,1,0.808,8,0.31,0
-0.0,-0.5,0.7,90.0,0.0,0.0,1,1.331,8,0.31,0
-0.0,-0.5,0.75,90.0,0.0,0.0,1,0.245,14,0.56,0
-0.0,-0.5,0.8,90.0,0.0,0.0,1,1.778,12,0.46,0
-0.0,-0.5,0.85,90.0,0.0,0.0,1,1.381,10,0.4,0
-0.0,-0.5,0.9,90.0,0.0,0.0,1,1.013,109,4.17,1
-0.0,-0.45,0.35,90.0,0.0,0.0,0,32.003,700,25.41,-1
-0.0,-0.45,0.4,90.0,0.0,0.0,1,1.521,6,0.24,0
-0.0,-0.45,0.45,90.0,0.0,0.0,1,0.596,6,0.23,0
-0.0,-0.45,0.5,90.0,0.0,0.0,1,2.892,6,0.23,0
-0.0,-0.45,0.55,90.0,0.0,0.0,1,0.518,7,0.27,0
-0.0,-0.45,0.6,90.0,0.0,0.0,1,1.213,6,0.24,0
-0.0,-0.45,0.65,90.0,0.0,0.0,1,0.823,7,0.27,0
-0.0,-0.45,0.7,90.0,0.0,0.0,1,2.88,6,0.24,0
-0.0,-0.45,0.75,90.0,0.0,0.0,1,1.108,216,8.24,2
-0.0,-0.45,0.8,90.0,0.0,0.0,1,1.116,314,12.14,3
-0.0,-0.45,0.85,90.0,0.0,0.0,1,2.161,7,0.29,0
-0.0,-0.45,0.9,90.0,0.0,0.0,1,2.767,14,0.55,0
-0.0,-0.4,0.35,90.0,0.0,0.0,1,4.971,100,3.68,0
-0.0,-0.4,0.4,90.0,0.0,0.0,1,0.572,6,0.26,0
-0.0,-0.4,0.45,90.0,0.0,0.0,1,0.234,6,0.24,0
-0.0,-0.4,0.5,90.0,0.0,0.0,1,0.775,6,0.24,0
-0.0,-0.4,0.55,90.0,0.0,0.0,1,1.437,6,0.24,0
-0.0,-0.4,0.6,90.0,0.0,0.0,1,0.841,6,0.24,0
-0.0,-0.4,0.65,90.0,0.0,0.0,1,1.495,6,0.25,0
-0.0,-0.4,0.7,90.0,0.0,0.0,1,1.407,6,0.24,0
-0.0,-0.4,0.75,90.0,0.0,0.0,1,1.3,209,7.96,2
-0.0,-0.4,0.8,90.0,0.0,0.0,1,1.27,210,7.95,2
-0.0,-0.4,0.85,90.0,0.0,0.0,1,1.564,212,8.04,2
-0.0,-0.4,0.9,90.0,0.0,0.0,1,1.107,9,0.35,0
-0.0,-0.35,0.35,90.0,0.0,0.0,1,1.542,5,0.21,0
-0.0,-0.35,0.4,90.0,0.0,0.0,1,1.663,5,0.21,0
-0.0,-0.35,0.45,90.0,0.0,0.0,1,0.482,6,0.24,0
-0.0,-0.35,0.5,90.0,0.0,0.0,1,0.561,6,0.23,0
-0.0,-0.35,0.55,90.0,0.0,0.0,1,1.914,5,0.2,0
-0.0,-0.35,0.6,90.0,0.0,0.0,1,0.938,5,0.2,0
-0.0,-0.35,0.65,90.0,0.0,0.0,1,0.955,5,0.2,0
-0.0,-0.35,0.7,90.0,0.0,0.0,1,1.56,5,0.21,0
-0.0,-0.35,0.75,90.0,0.0,0.0,1,1.671,213,8.06,2
-0.0,-0.35,0.8,90.0,0.0,0.0,1,1.388,215,8.11,2
-0.0,-0.35,0.85,90.0,0.0,0.0,1,2.889,213,8.03,2
-0.0,-0.35,0.9,90.0,0.0,0.0,1,1.114,208,8.02,2
-0.0,-0.3,0.35,90.0,0.0,0.0,1,1.002,5,0.21,0
-0.0,-0.3,0.4,90.0,0.0,0.0,1,1.306,5,0.2,0
-0.0,-0.3,0.45,90.0,0.0,0.0,1,2.911,5,0.2,0
-0.0,-0.3,0.5,90.0,0.0,0.0,1,2.412,5,0.2,0
-0.0,-0.3,0.55,90.0,0.0,0.0,1,0.83,5,0.2,0
-0.0,-0.3,0.6,90.0,0.0,0.0,1,0.821,5,0.2,0
-0.0,-0.3,0.65,90.0,0.0,0.0,1,0.964,5,0.21,0
-0.0,-0.3,0.7,90.0,0.0,0.0,1,3.089,100,3.86,0
-0.0,-0.3,0.75,90.0,0.0,0.0,1,2.292,207,7.81,2
-0.0,-0.3,0.8,90.0,0.0,0.0,1,2.89,209,8.07,2
-0.0,-0.3,0.85,90.0,0.0,0.0,1,1.398,207,7.99,2
-0.0,-0.3,0.9,90.0,0.0,0.0,1,1.342,211,8.16,2
-0.0,-0.25,0.35,90.0,0.0,0.0,1,1.145,5,0.21,0
-0.0,-0.25,0.4,90.0,0.0,0.0,1,0.431,5,0.2,0
-0.0,-0.25,0.45,90.0,0.0,0.0,1,0.955,5,0.2,0
-0.0,-0.25,0.5,90.0,0.0,0.0,1,0.834,5,0.21,0
-0.0,-0.25,0.55,90.0,0.0,0.0,1,0.919,5,0.21,0
-0.0,-0.25,0.6,90.0,0.0,0.0,0,11.639,700,25.68,-1
-0.0,-0.25,0.65,90.0,0.0,0.0,0,41.393,700,25.64,-1
-0.0,-0.25,0.7,90.0,0.0,0.0,0,52.684,700,26.94,-1
-0.0,-0.25,0.75,90.0,0.0,0.0,0,39.571,700,27.34,-1
-0.0,-0.25,0.8,90.0,0.0,0.0,1,8.841,300,11.6,2
-0.0,-0.25,0.85,90.0,0.0,0.0,1,2.369,206,7.96,2
-0.0,-0.25,0.9,90.0,0.0,0.0,1,1.376,211,8.16,2
-0.0,-0.2,0.35,90.0,0.0,0.0,0,13.283,700,26.37,-1
-0.0,-0.2,0.4,90.0,0.0,0.0,1,1.116,5,0.21,0
-0.0,-0.2,0.45,90.0,0.0,0.0,1,2.438,4,0.17,0
-0.0,-0.2,0.5,90.0,0.0,0.0,1,1.36,4,0.17,0
-0.0,-0.2,0.55,90.0,0.0,0.0,1,1.527,4,0.17,0
-0.0,-0.2,0.6,90.0,0.0,0.0,0,40.716,700,26.3,-1
-0.0,-0.2,0.65,90.0,0.0,0.0,0,82.34,700,25.74,-1
-0.0,-0.2,0.7,90.0,0.0,0.0,0,102.664,700,26.88,-1
-0.0,-0.2,0.75,90.0,0.0,0.0,0,79.429,700,27.17,-1
-0.0,-0.2,0.8,90.0,0.0,0.0,0,37.115,700,27.23,-1
-0.0,-0.2,0.85,90.0,0.0,0.0,1,1.931,210,8.31,2
-0.0,-0.2,0.9,90.0,0.0,0.0,1,1.536,214,8.42,2
-0.0,-0.15,0.35,90.0,0.0,0.0,0,24.864,700,26.94,-1
-0.0,-0.15,0.4,90.0,0.0,0.0,1,2.905,4,0.17,0
-0.0,-0.15,0.45,90.0,0.0,0.0,1,2.996,5,0.21,0
-0.0,-0.15,0.5,90.0,0.0,0.0,1,3.223,100,3.76,0
-0.0,-0.15,0.55,90.0,0.0,0.0,1,3.596,100,3.89,0
-0.0,-0.15,0.6,90.0,0.0,0.0,0,51.285,700,27.02,-1
-0.0,-0.15,0.65,90.0,0.0,0.0,0,101.233,700,27.03,-1
-0.0,-0.15,0.7,90.0,0.0,0.0,0,150.103,700,27.18,-1
-0.0,-0.15,0.75,90.0,0.0,0.0,0,149.169,700,27.61,-1
-0.0,-0.15,0.8,90.0,0.0,0.0,0,47.298,700,27.58,-1
-0.0,-0.15,0.85,90.0,0.0,0.0,0,185.372,700,27.6,-1
-0.0,-0.15,0.9,90.0,0.0,0.0,1,3.27,300,11.69,2
-0.0,-0.1,0.35,90.0,0.0,0.0,0,46.358,700,26.97,-1
-0.0,-0.1,0.4,90.0,0.0,0.0,0,40.725,700,26.35,-1
-0.0,-0.1,0.45,90.0,0.0,0.0,0,43.785,700,26.32,-1
-0.0,-0.1,0.5,90.0,0.0,0.0,0,46.642,700,26.42,-1
-0.0,-0.1,0.55,90.0,0.0,0.0,0,49.132,700,26.47,-1
-0.0,-0.1,0.6,90.0,0.0,0.0,0,70.577,700,26.99,-1
-0.0,-0.1,0.65,90.0,0.0,0.0,0,112.66,700,27.01,-1
-0.0,-0.1,0.7,90.0,0.0,0.0,0,157.986,700,27.48,-1
-0.0,-0.1,0.75,90.0,0.0,0.0,0,184.306,700,27.59,-1
-0.0,-0.1,0.8,90.0,0.0,0.0,0,68.548,700,27.5,-1
-0.0,-0.1,0.85,90.0,0.0,0.0,0,225.287,700,27.62,-1
-0.0,-0.1,0.9,90.0,0.0,0.0,0,252.018,700,27.72,-1
-0.0,-0.05,0.35,90.0,0.0,0.0,0,80.002,700,27.01,-1
-0.0,-0.05,0.4,90.0,0.0,0.0,0,79.326,700,27.11,-1
-0.0,-0.05,0.45,90.0,0.0,0.0,0,84.82,700,26.48,-1
-0.0,-0.05,0.5,90.0,0.0,0.0,0,90.241,700,26.51,-1
-0.0,-0.05,0.55,90.0,0.0,0.0,0,94.992,700,26.49,-1
-0.0,-0.05,0.6,90.0,0.0,0.0,0,107.36,700,27.07,-1
-0.0,-0.05,0.65,90.0,0.0,0.0,0,137.179,700,27.15,-1
-0.0,-0.05,0.7,90.0,0.0,0.0,0,177.9,700,27.33,-1
-0.0,-0.05,0.75,90.0,0.0,0.0,0,201.592,700,27.72,-1
-0.0,-0.05,0.8,90.0,0.0,0.0,0,232.393,700,27.69,-1
-0.0,-0.05,0.85,90.0,0.0,0.0,0,267.812,700,27.68,-1
-0.0,-0.05,0.9,90.0,0.0,0.0,0,290.798,700,27.63,-1
0.05,-0.5,0.35,90.0,0.0,0.0,0,74.503,700,25.43,-1
0.05,-0.5,0.4,90.0,0.0,0.0,0,24.119,700,25.27,-1
0.05,-0.5,0.45,90.0,0.0,0.0,1,2.295,5,0.22,0
0.05,-0.5,0.5,90.0,0.0,0.0,1,1.774,5,0.2,0
0.05,-0.5,0.55,90.0,0.0,0.0,1,0.409,6,0.24,0
0.05,-0.5,0.6,90.0,0.0,0.0,1,2.072,6,0.23,0
0.05,-0.5,0.65,90.0,0.0,0.0,1,1.979,6,0.24,0
0.05,-0.5,0.7,90.0,0.0,0.0,1,2.153,6,0.24,0
0.05,-0.5,0.75,90.0,0.0,0.0,1,1.391,7,0.28,0
0.05,-0.5,0.8,90.0,0.0,0.0,1,1.567,10,0.39,0
0.05,-0.5,0.85,90.0,0.0,0.0,1,2.132,117,4.68,1
0.05,-0.5,0.9,90.0,0.0,0.0,1,1.647,14,0.55,0
0.05,-0.45,0.35,90.0,0.0,0.0,0,35.142,700,25.35,-1
0.05,-0.45,0.4,90.0,0.0,0.0,1,1.592,5,0.2,0
0.05,-0.45,0.45,90.0,0.0,0.0,1,0.558,5,0.2,0
0.05,-0.45,0.5,90.0,0.0,0.0,1,0.311,5,0.2,0
0.05,-0.45,0.55,90.0,0.0,0.0,1,2.405,5,0.2,0
0.05,-0.45,0.6,90.0,0.0,0.0,1,0.748,6,0.24,0
0.05,-0.45,0.65,90.0,0.0,0.0,1,1.322,6,0.24,0
0.05,-0.45,0.7,90.0,0.0,0.0,1,2.539,5,0.22,0
0.05,-0.45,0.75,90.0,0.0,0.0,1,0.808,6,0.24,0
0.05,-0.45,0.8,90.0,0.0,0.0,1,1.203,308,11.63,3
0.05,-0.45,0.85,90.0,0.0,0.0,1,1.144,9,0.35,0
0.05,-0.45,0.9,90.0,0.0,0.0,1,1.638,13,0.5,0
0.05,-0.4,0.35,90.0,0.0,0.0,1,5.452,100,3.69,0
0.05,-0.4,0.4,90.0,0.0,0.0,1,1.886,4,0.17,0
0.05,-0.4,0.45,90.0,0.0,0.0,1,0.405,5,0.2,0
0.05,-0.4,0.5,90.0,0.0,0.0,1,0.386,5,0.2,0
0.05,-0.4,0.55,90.0,0.0,0.0,1,0.694,5,0.2,0
0.05,-0.4,0.6,90.0,0.0,0.0,1,2.321,5,0.2,0
0.05,-0.4,0.65,90.0,0.0,0.0,1,2.587,5,0.2,0
0.05,-0.4,0.7,90.0,0.0,0.0,1,1.127,5,0.2,0
0.05,-0.4,0.75,90.0,0.0,0.0,1,2.038,5,0.21,0
0.05,-0.4,0.8,90.0,0.0,0.0,1,1.365,213,8.14,2
0.05,-0.4,0.85,90.0,0.0,0.0,1,1.614,309,11.92,3
0.05,-0.4,0.9,90.0,0.0,0.0,1,2.447,13,0.49,0
0.05,-0.35,0.35,90.0,0.0,0.0,1,1.488,4,0.17,0
0.05,-0.35,0.4,90.0,0.0,0.0,1,1.414,4,0.17,0
0.05,-0.35,0.45,90.0,0.0,0.0,1,0.539,5,0.2,0
0.05,-0.35,0.5,90.0,0.0,0.0,1,0.526,5,0.2,0
0.05,-0.35,0.55,90.0,0.0,0.0,1,0.561,5,0.2,0
0.05,-0.35,0.6,90.0,0.0,0.0,1,1.132,5,0.2,0
0.05,-0.35,0.65,90.0,0.0,0.0,1,1.365,5,0.2,0
0.05,-0.35,0.7,90.0,0.0,0.0,1,1.161,5,0.2,0
0.05,-0.35,0.75,90.0,0.0,0.0,1,2.488,4,0.17,0
0.05,-0.35,0.8,90.0,0.0,0.0,1,2.544,211,7.96,2
0.05,-0.35,0.85,90.0,0.0,0.0,1,2.898,211,8.15,2
0.05,-0.35,0.9,90.0,0.0,0.0,1,1.144,207,8.02,2
0.05,-0.3,0.35,90.0,0.0,0.0,1,0.531,4,0.17,0
0.05,-0.3,0.4,90.0,0.0,0.0,1,2.095,4,0.16,0
0.05,-0.3,0.45,90.0,0.0,0.0,1,0.637,5,0.2,0
0.05,-0.3,0.5,90.0,0.0,0.0,1,0.63,5,0.2,0
0.05,-0.3,0.55,90.0,0.0,0.0,1,0.631,5,0.2,0
0.05,-0.3,0.6,90.0,0.0,0.0,1,0.743,5,0.2,0
0.05,-0.3,0.65,90.0,0.0,0.0,1,0.88,5,0.2,0
0.05,-0.3,0.7,90.0,0.0,0.0,1,2.063,4,0.17,0
0.05,-0.3,0.75,90.0,0.0,0.0,1,2.735,208,7.88,2
0.05,-0.3,0.8,90.0,0.0,0.0,1,2.339,207,8.01,2
0.05,-0.3,0.85,90.0,0.0,0.0,1,1.169,207,8.04,2
0.05,-0.3,0.9,90.0,0.0,0.0,1,2.343,213,8.24,2
0.05,-0.25,0.35,90.0,0.0,0.0,1,0.72,4,0.17,0
0.05,-0.25,0.4,90.0,0.0,0.0,1,1.853,4,0.17,0
0.05,-0.25,0.45,90.0,0.0,0.0,1,0.744,5,0.2,0
0.05,-0.25,0.5,90.0,0.0,0.0,1,0.728,5,0.2,0
0.05,-0.25,0.55,90.0,0.0,0.0,1,0.782,5,0.2,0
0.05,-0.25,0.6,90.0,0.0,0.0,1,2.838,5,0.21,0
0.05,-0.25,0.65,90.0,0.0,0.0,0,30.357,700,25.74,-1
0.05,-0.25,0.7,90.0,0.0,0.0,0,40.561,700,26.94,-1
0.05,-0.25,0.75,90.0,0.0,0.0,0,28.697,700,26.85,-1
0.05,-0.25,0.8,90.0,0.0,0.0,1,1.405,210,8.14,2
0.05,-0.25,0.85,90.0,0.0,0.0,1,1.537,210,8.14,2
0.05,-0.25,0.9,90.0,0.0,0.0,0,142.975,700,26.99,-1
0.05,-0.2,0.35,90.0,0.0,0.0,1,0.37,4,0.17,0
0.05,-0.2,0.4,90.0,0.0,0.0,1,0.297,4,0.17,0
0.05,-0.2,0.45,90.0,0.0,0.0,1,1.09,4,0.16,0
0.05,-0.2,0.5,90.0,0.0,0.0,1,2.545,4,0.17,0
0.05,-0.2,0.55,90.0,0.0,0.0,1,2.017,4,0.17,0
0.05,-0.2,0.6,90.0,0.0,0.0,0,29.743,700,25.7,-1
0.05,-0.2,0.65,90.0,0.0,0.0,0,65.708,700,25.69,-1
0.05,-0.2,0.7,90.0,0.0,0.0,0,84.289,700,26.9,-1
0.05,-0.2,0.75,90.0,0.0,0.0,0,63.356,700,26.89,-1
0.05,-0.2,0.8,90.0,0.0,0.0,0,113.454,700,27.66,-1
0.05,-0.2,0.85,90.0,0.0,0.0,0,145.495,700,27.64,-1
0.05,-0.2,0.9,90.0,0.0,0.0,1,2.318,214,8.28,2
0.05,-0.15,0.35,90.0,0.0,0.0,1,2.864,4,0.17,0
0.05,-0.15,0.4,90.0,0.0,0.0,1,2.77,4,0.17,0
0.05,-0.15,0.45,90.0,0.0,0.0,1,2.982,4,0.17,0
0.05,-0.15,0.5,90.0,0.0,0.0,1,3.166,100,3.77,0
0.05,-0.15,0.55,90.0,0.0,0.0,1,3.35,100,3.76,0
0.05,-0.15,0.6,90.0,0.0,0.0,0,39.289,700,26.98,-1
0.05,-0.15,0.65,90.0,0.0,0.0,0,79.924,700,26.88,-1
0.05,-0.15,0.7,90.0,0.0,0.0,0,107.667,700,27.57,-1
0.05,-0.15,0.75,90.0,0.0,0.0,0,142.572,700,27.17,-1
0.05,-0.15,0.8,90.0,0.0,0.0,0,156.164,700,27.7,-1
0.05,-0.15,0.85,90.0,0.0,0.0,0,180.271,700,27.68,-1
0.05,-0.15,0.9,90.0,0.0,0.0,1,3.201,300,11.69,2
0.05,-0.1,0.35,90.0,0.0,0.0,0,37.947,700,26.9,-1
0.05,-0.1,0.4,90.0,0.0,0.0,0,40.967,700,26.27,-1
0.05,-0.1,0.45,90.0,0.0,0.0,0,44.036,700,26.34,-1
0.05,-0.1,0.5,90.0,0.0,0.0,0,46.918,700,26.34,-1
0.05,-0.1,0.55,90.0,0.0,0.0,0,49.434,700,26.27,-1
0.05,-0.1,0.6,90.0,0.0,0.0,0,63.282,700,26.96,-1
0.05,-0.1,0.65,90.0,0.0,0.0,0,94.008,700,26.89,-1
0.05,-0.1,0.7,90.0,0.0,0.0,0,118.467,700,27.5,-1
0.05,-0.1,0.75,90.0,0.0,0.0,0,150.875,700,27.46,-1
0.05,-0.1,0.8,90.0,0.0,0.0,0,61.166,700,27.43,-1
0.05,-0.1,0.85,90.0,0.0,0.0,0,220.695,700,27.52,-1
0.05,-0.1,0.9,90.0,0.0,0.0,0,247.445,700,27.42,-1
0.05,-0.05,0.35,90.0,0.0,0.0,0,73.191,700,26.96,-1
0.05,-0.05,0.4,90.0,0.0,0.0,0,78.711,700,26.31,-1
0.05,-0.05,0.45,90.0,0.0,0.0,0,84.704,700,26.34,-1
0.05,-0.05,0.5,90.0,0.0,0.0,0,90.367,700,26.29,-1
0.05,-0.05,0.55,90.0,0.0,0.0,0,95.35,700,26.32,-1
0.05,-0.05,0.6,90.0,0.0,0.0,0,103.84,700,26.91,-1
0.05,-0.05,0.65,90.0,0.0,0.0,0,124.837,700,26.85,-1
0.05,-0.05,0.7,90.0,0.0,0.0,0,144.087,700,27.56,-1
0.05,-0.05,0.75,90.0,0.0,0.0,0,171.677,700,27.6,-1
0.05,-0.05,0.8,90.0,0.0,0.0,0,102.591,700,27.5,-1
0.05,-0.05,0.85,90.0,0.0,0.0,0,245.031,700,27.57,-1
0.05,-0.05,0.9,90.0,0.0,0.0,0,286.088,700,27.6,-1
0.1,-0.5,0.35,90.0,0.0,0.0,0,82.986,700,25.36,-1
0.1,-0.5,0.4,90.0,0.0,0.0,0,32.203,700,25.18,-1
0.1,-0.5,0.45,90.0,0.0,0.0,1,4.919,100,3.58,0
0.1,-0.5,0.5,90.0,0.0,0.0,1,1.202,4,0.17,0
0.1,-0.5,0.55,90.0,0.0,0.0,1,1.428,4,0.17,0
0.1,-0.5,0.6,90.0,0.0,0.0,1,1.313,5,0.2,0
0.1,-0.5,0.65,90.0,0.0,0.0,1,1.138,6,0.24,0
0.1,-0.5,0.7,90.0,0.0,0.0,1,2.26,5,0.2,0
0.1,-0.5,0.75,90.0,0.0,0.0,1,1.883,5,0.2,0
0.1,-0.5,0.8,90.0,0.0,0.0,1,1.45,31,1.17,0
0.1,-0.5,0.85,90.0,0.0,0.0,1,2.483,9,0.35,0
0.1,-0.5,0.9,90.0,0.0,0.0,1,2.867,8,0.31,0
0.1,-0.45,0.35,90.0,0.0,0.0,0,35.681,700,25.45,-1
0.1,-0.45,0.4,90.0,0.0,0.0,1,2.655,5,0.2,0
0.1,-0.45,0.45,90.0,0.0,0.0,1,0.568,4,0.17,0
0.1,-0.45,0.5,90.0,0.0,0.0,1,0.216,4,0.16,0
0.1,-0.45,0.55,90.0,0.0,0.0,1,1.294,4,0.16,0
0.1,-0.45,0.6,90.0,0.0,0.0,1,0.663,5,0.2,0
0.1,-0.45,0.65,90.0,0.0,0.0,1,2.412,5,0.2,0
0.1,-0.45,0.7,90.0,0.0,0.0,1,1.608,5,0.2,0
0.1,-0.45,0.75,90.0,0.0,0.0,1,1.046,5,0.2,0
0.1,-0.45,0.8,90.0,0.0,0.0,1,3.06,100,3.66,0
0.1,-0.45,0.85,90.0,0.0,0.0,1,2.024,208,7.83,2
0.1,-0.45,0.9,90.0,0.0,0.0,1,0.799,6,0.25,0
0.1,-0.4,0.35,90.0,0.0,0.0,1,9.318,100,3.66,0
0.1,-0.4,0.4,90.0,0.0,0.0,1,0.673,4,0.17,0
0.1,-0.4,0.45,90.0,0.0,0.0,1,0.369,4,0.17,0
0.1,-0.4,0.5,90.0,0.0,0.0,1,0.461,4,0.16,0
0.1,-0.4,0.55,90.0,0.0,0.0,1,1.025,4,0.16,0
0.1,-0.4,0.6,90.0,0.0,0.0,1,0.605,5,0.2,0
0.1,-0.4,0.65,90.0,0.0,0.0,1,0.892,5,0.2,0
0.1,-0.4,0.7,90.0,0.0,0.0,1,0.495,5,0.2,0
0.1,-0.4,0.75,90.0,0.0,0.0,1,1.536,5,0.2,0
0.1,-0.4,0.8,90.0,0.0,0.0,1,3.341,100,3.67,0
0.1,-0.4,0.85,90.0,0.0,0.0,1,2.808,207,7.84,2
0.1,-0.4,0.9,90.0,0.0,0.0,1,2.323,8,0.33,0
0.1,-0.35,0.35,90.0,0.0,0.0,1,1.365,4,0.17,0
0.1,-0.35,0.4,90.0,0.0,0.0,1,2.584,3,0.13,0
0.1,-0.35,0.45,90.0,0.0,0.0,1,0.495,4,0.16,0
0.1,-0.35,0.5,90.0,0.0,0.0,1,0.596,4,0.16,0
0.1,-0.35,0.55,90.0,0.0,0.0,1,0.986,4,0.16,0
0.1,-0.35,0.6,90.0,0.0,0.0,1,2.365,4,0.16,0
0.1,-0.35,0.65,90.0,0.0,0.0,1,0.768,5,0.2,0
0.1,-0.35,0.7,90.0,0.0,0.0,1,1.102,5,0.2,0
0.1,-0.35,0.75,90.0,0.0,0.0,1,2.993,4,0.17,0
0.1,-0.35,0.8,90.0,0.0,0.0,1,9.654,100,3.77,0
0.1,-0.35,0.85,90.0,0.0,0.0,1,1.282,208,8.02,2
0.1,-0.35,0.9,90.0,0.0,0.0,1,1.628,9,0.35,0
0.1,-0.3,0.35,90.0,0.0,0.0,1,0.958,4,0.17,0
0.1,-0.3,0.4,90.0,0.0,0.0,1,0.643,4,0.17,0
0.1,-0.3,0.45,90.0,0.0,0.0,1,0.653,4,0.16,0
0.1,-0.3,0.5,90.0,0.0,0.0,1,0.85,4,0.16,0
0.1,-0.3,0.55,90.0,0.0,0.0,1,1.179,4,0.17,0
0.1,-0.3,0.6,90.0,0.0,0.0,1,1.265,4,0.16,0
0.1,-0.3,0.65,90.0,0.0,0.0,1,2.814,3,0.13,0
0.1,-0.3,0.7,90.0,0.0,0.0,1,3.146,100,3.76,0
0.1,-0.3,0.75,90.0,0.0,0.0,0,31.388,700,26.38,-1
0.1,-0.3,0.8,90.0,0.0,0.0,0,50.185,700,26.37,-1
0.1,-0.3,0.85,90.0,0.0,0.0,1,1.872,209,8.06,2
0.1,-0.3,0.9,90.0,0.0,0.0,1,1.402,14,0.54,0
0.1,-0.25,0.35,90.0,0.0,0.0,1,1.044,4,0.17,0
0.1,-0.25,0.4,90.0,0.0,0.0,1,0.743,4,0.17,0
0.1,-0.25,0.45,90.0,0.0,0.0,1,0.952,4,0.16,0
0.1,-0.25,0.5,90.0,0.0,0.0,1,1.504,4,0.16,0
0.1,-0.25,0.55,90.0,0.0,0.0,1,1.246,4,0.16,0
0.1,-0.25,0.6,90.0,0.0,0.0,1,2.364,3,0.13,0
0.1,-0.25,0.65,90.0,0.0,0.0,1,2.21,4,0.17,0
0.1,-0.25,0.7,90.0,0.0,0.0,0,31.488,700,26.94,-1
0.1,-0.25,0.75,90.0,0.0,0.0,0,66.008,700,26.32,-1
0.1,-0.25,0.8,90.0,0.0,0.0,0,90.044,700,26.33,-1
0.1,-0.25,0.85,90.0,0.0,0.0,0,108.242,700,26.98,-1
0.1,-0.25,0.9,90.0,0.0,0.0,1,1.555,16,0.63,0
0.1,-0.2,0.35,90.0,0.0,0.0,1,1.108,4,0.17,0
0.1,-0.2,0.4,90.0,0.0,0.0,1,2.917,3,0.13,0
0.1,-0.2,0.45,90.0,0.0,0.0,1,0.784,4,0.16,0
0.1,-0.2,0.5,90.0,0.0,0.0,1,0.899,4,0.17,0
0.1,-0.2,0.55,90.0,0.0,0.0,1,2.6,3,0.13,0
0.1,-0.2,0.6,90.0,0.0,0.0,1,1.871,4,0.17,0
0.1,-0.2,0.65,90.0,0.0,0.0,0,28.912,700,26.28,-1
0.1,-0.2,0.7,90.0,0.0,0.0,0,61.034,700,26.85,-1
0.1,-0.2,0.75,90.0,0.0,0.0,0,98.263,700,26.89,-1
0.1,-0.2,0.8,90.0,0.0,0.0,0,126.862,700,26.97,-1
0.1,-0.2,0.85,90.0,0.0,0.0,0,149.346,700,27.03,-1
0.1,-0.2,0.9,90.0,0.0,0.0,1,1.65,19,0.75,0
0.1,-0.15,0.35,90.0,0.0,0.0,1,2.604,4,0.18,0
0.1,-0.15,0.4,90.0,0.0,0.0,1,2.684,4,0.17,0
0.1,-0.15,0.45,90.0,0.0,0.0,1,2.876,4,0.18,0
0.1,-0.15,0.5,90.0,0.0,0.0,1,3.067,100,3.79,0
0.1,-0.15,0.55,90.0,0.0,0.0,1,3.23,100,3.78,0
0.1,-0.15,0.6,90.0,0.0,0.0,1,9.72,100,3.86,0
0.1,-0.15,0.65,90.0,0.0,0.0,0,38.422,700,27.55,-1
0.1,-0.15,0.7,90.0,0.0,0.0,0,74.302,700,27.59,-1
0.1,-0.15,0.75,90.0,0.0,0.0,0,118.283,700,27.52,-1
0.1,-0.15,0.8,90.0,0.0,0.0,0,163.896,700,27.11,-1
0.1,-0.15,0.85,90.0,0.0,0.0,0,187.879,700,27.55,-1
0.1,-0.15,0.9,90.0,0.0,0.0,1,3.111,100,3.77,0
0.1,-0.1,0.35,90.0,0.0,0.0,0,37.207,700,26.29,-1
0.1,-0.1,0.4,90.0,0.0,0.0,0,40.197,700,26.34,-1
0.1,-0.1,0.45,90.0,0.0,0.0,0,43.145,700,26.34,-1
0.1,-0.1,0.5,90.0,0.0,0.0,0,45.904,700,26.31,-1
0.1,-0.1,0.55,90.0,0.0,0.0,0,48.307,700,26.31,-1
0.1,-0.1,0.6,90.0,0.0,0.0,0,50.631,700,26.94,-1
0.1,-0.1,0.65,90.0,0.0,0.0,0,62.749,700,27.52,-1
0.1,-0.1,0.7,90.0,0.0,0.0,0,89.309,700,27.5,-1
0.1,-0.1,0.75,90.0,0.0,0.0,0,128.221,700,27.51,-1
0.1,-0.1,0.8,90.0,0.0,0.0,0,171.192,700,27.47,-1
0.1,-0.1,0.85,90.0,0.0,0.0,0,215.756,700,27.53,-1
0.1,-0.1,0.9,90.0,0.0,0.0,0,252.225,700,27.55,-1
0.1,-0.05,0.35,90.0,0.0,0.0,0,71.413,700,26.37,-1
0.1,-0.05,0.4,90.0,0.0,0.0,0,77.216,700,26.34,-1
0.1,-0.05,0.45,90.0,0.0,0.0,0,82.963,700,26.38,-1
0.1,-0.05,0.5,90.0,0.0,0.0,0,88.374,700,26.34,-1
0.1,-0.05,0.55,90.0,0.0,0.0,0,93.117,700,26.16,-1
0.1,-0.05,0.6,90.0,0.0,0.0,0,96.766,700,26.81,-1
0.1,-0.05,0.65,90.0,0.0,0.0,0,103.519,700,27.46,-1
0.1,-0.05,0.7,90.0,0.0,0.0,0,121.404,700,27.53,-1
0.1,-0.05,0.75,90.0,0.0,0.0,0,152.277,700,27.53,-1
0.1,-0.05,0.8,90.0,0.0,0.0,0,189.842,700,27.54,-1
0.1,-0.05,0.85,90.0,0.0,0.0,0,230.805,700,27.52,-1
0.1,-0.05,0.9,90.0,0.0,0.0,0,273.604,700,27.52,-1
0.15,-0.5,0.35,90.0,0.0,0.0,0,95.455,700,25.36,-1
0.15,-0.5,0.4,90.0,0.0,0.0,0,71.975,700,25.29,-1
0.15,-0.5,0.45,90.0,0.0,0.0,0,17.178,700,25.29,-1
0.15,-0.5,0.5,90.0,0.0,0.0,1,2.206,4,0.17,0
0.15,-0.5,0.55,90.0,0.0,0.0,1,0.761,4,0.17,0
0.15,-0.5,0.6,90.0,0.0,0.0,1,0.297,4,0.16,0
0.15,-0.5,0.65,90.0,0.0,0.0,1,1.969,4,0.17,0
0.15,-0.5,0.7,90.0,0.0,0.0,1,0.996,6,0.24,0
0.15,-0.5,0.75,90.0,0.0,0.0,1,0.452,5,0.2,0
0.15,-0.5,0.8,90.0,0.0,0.0,1,0.6,6,0.24,0
0.15,-0.5,0.85,90.0,0.0,0.0,1,1.413,9,0.34,0
0.15,-0.5,0.9,90.0,0.0,0.0,1,6.007,100,3.57,0
0.15,-0.45,0.35,90.0,0.0,0.0,0,45.245,700,25.78,-1
0.15,-0.45,0.4,90.0,0.0,0.0,0,11.875,700,25.1,-1
0.15,-0.45,0.45,90.0,0.0,0.0,1,2.661,3,0.14,0
0.15,-0.45,0.5,90.0,0.0,0.0,1,1.072,3,0.13,0
0.15,-0.45,0.55,90.0,0.0,0.0,1,0.787,3,0.13,0
0.15,-0.45,0.6,90.0,0.0,0.0,1,2.713,3,0.13,0
0.15,-0.45,0.65,90.0,0.0,0.0,1,2.175,4,0.16,0
0.15,-0.45,0.7,90.0,0.0,0.0,1,1.134,5,0.2,0
0.15,-0.45,0.75,90.0,0.0,0.0,1,0.634,5,0.2,0
0.15,-0.45,0.8,90.0,0.0,0.0,1,0.872,5,0.2,0
0.15,-0.45,0.85,90.0,0.0,0.0,1,2.063,5,0.2,0
0.15,-0.45,0.9,90.0,0.0,0.0,1,2.368,7,0.28,0
0.15,-0.4,0.35,90.0,0.0,0.0,0,24.775,700,25.59,-1
0.15,-0.4,0.4,90.0,0.0,0.0,1,1.071,4,0.17,0
0.15,-0.4,0.45,90.0,0.0,0.0,1,0.933,3,0.13,0
0.15,-0.4,0.5,90.0,0.0,0.0,1,0.365,3,0.13,0
0.15,-0.4,0.55,90.0,0.0,0.0,1,0.365,3,0.13,0
0.15,-0.4,0.6,90.0,0.0,0.0,1,0.607,3,0.13,0
0.15,-0.4,0.65,90.0,0.0,0.0,1,1.709,4,0.16,0
0.15,-0.4,0.7,90.0,0.0,0.0,1,0.729,5,0.2,0
0.15,-0.4,0.75,90.0,0.0,0.0,1,0.805,5,0.2,0
0.15,-0.4,0.8,90.0,0.0,0.0,1,1.603,5,0.2,0
0.15,-0.4,0.85,90.0,0.0,0.0,1,0.802,4,0.17,0
0.15,-0.4,0.9,90.0,0.0,0.0,1,1.342,6,0.24,0
0.15,-0.35,0.35,90.0,0.0,0.0,1,3.358,100,3.67,0
0.15,-0.35,0.4,90.0,0.0,0.0,1,0.629,4,0.17,0
0.15,-0.35,0.45,90.0,0.0,0.0,1,0.938,3,0.13,0
0.15,-0.35,0.5,90.0,0.0,0.0,1,0.316,3,0.13,0
0.15,-0.35,0.55,90.0,0.0,0.0,1,0.394,3,0.13,0
0.15,-0.35,0.6,90.0,0.0,0.0,1,0.416,3,0.12,0
0.15,-0.35,0.65,90.0,0.0,0.0,1,0.487,3,0.13,0
0.15,-0.35,0.7,90.0,0.0,0.0,1,0.583,3,0.13,0
0.15,-0.35,0.75,90.0,0.0,0.0,1,2.988,3,0.13,0
0.15,-0.35,0.8,90.0,0.0,0.0,0,14.886,700,26.32,-1
0.15,-0.35,0.85,90.0,0.0,0.0,1,1.264,205,7.76,2
0.15,-0.35,0.9,90.0,0.0,0.0,1,2.308,6,0.25,0
0.15,-0.3,0.35,90.0,0.0,0.0,1,1.208,4,0.17,0
0.15,-0.3,0.4,90.0,0.0,0.0,1,0.711,4,0.16,0
0.15,-0.3,0.45,90.0,0.0,0.0,1,0.637,4,0.16,0
0.15,-0.3,0.5,90.0,0.0,0.0,1,2.923,3,0.13,0
0.15,-0.3,0.55,90.0,0.0,0.0,1,1.28,3,0.13,0
0.15,-0.3,0.6,90.0,0.0,0.0,1,0.701,3,0.13,0
0.15,-0.3,0.65,90.0,0.0,0.0,1,1.996,3,0.13,0
0.15,-0.3,0.7,90.0,0.0,0.0,1,8.798,100,3.77,0
0.15,-0.3,0.75,90.0,0.0,0.0,0,37.397,700,26.29,-1
0.15,-0.3,0.8,90.0,0.0,0.0,0,56.725,700,26.38,-1
0.15,-0.3,0.85,90.0,0.0,0.0,0,63.661,700,26.35,-1
0.15,-0.3,0.9,90.0,0.0,0.0,1,1.531,10,0.39,0
0.15,-0.25,0.35,90.0,0.0,0.0,1,1.268,4,0.17,0
0.15,-0.25,0.4,90.0,0.0,0.0,1,0.939,4,0.16,0
0.15,-0.25,0.45,90.0,0.0,0.0,1,0.798,4,0.17,0
0.15,-0.25,0.5,90.0,0.0,0.0,1,0.787,4,0.16,0
0.15,-0.25,0.55,90.0,0.0,0.0,1,0.833,4,0.17,0
0.15,-0.25,0.6,90.0,0.0,0.0,1,0.857,4,0.16,0
0.15,-0.25,0.65,90.0,0.0,0.0,1,1.012,4,0.17,0
0.15,-0.25,0.7,90.0,0.0,0.0,0,37.353,700,26.28,-1
0.15,-0.25,0.75,90.0,0.0,0.0,0,72.372,700,26.35,-1
0.15,-0.25,0.8,90.0,0.0,0.0,0,97.717,700,26.33,-1
0.15,-0.25,0.85,90.0,0.0,0.0,0,106.943,700,26.41,-1
0.15,-0.25,0.9,90.0,0.0,0.0,1,0.744,9,0.36,0
0.15,-0.2,0.35,90.0,0.0,0.0,1,1.465,4,0.17,0
0.15,-0.2,0.4,90.0,0.0,0.0,1,0.977,4,0.18,0
0.15,-0.2,0.45,90.0,0.0,0.0,1,0.898,4,0.17,0
0.15,-0.2,0.5,90.0,0.0,0.0,1,0.939,4,0.17,0
0.15,-0.2,0.55,90.0,0.0,0.0,1,0.975,4,0.17,0
0.15,-0.2,0.6,90.0,0.0,0.0,1,1.105,4,0.17,0
0.15,-0.2,0.65,90.0,0.0,0.0,0,12.95,700,26.31,-1
0.15,-0.2,0.7,90.0,0.0,0.0,0,57.536,700,26.31,-1
0.15,-0.2,0.75,90.0,0.0,0.0,0,100.057,700,26.31,-1
0.15,-0.2,0.8,90.0,0.0,0.0,0,135.721,700,26.35,-1
0.15,-0.2,0.85,90.0,0.0,0.0,1,1.683,30,1.15,0
0.15,-0.2,0.9,90.0,0.0,0.0,1,1.785,8,0.33,0
0.15,-0.15,0.35,90.0,0.0,0.0,1,2.632,4,0.17,0
0.15,-0.15,0.4,90.0,0.0,0.0,1,2.613,4,0.17,0
0.15,-0.15,0.45,90.0,0.0,0.0,1,2.853,3,0.13,0
0.15,-0.15,0.5,90.0,0.0,0.0,1,2.948,4,0.18,0
0.15,-0.15,0.55,90.0,0.0,0.0,1,3.101,100,3.75,0
0.15,-0.15,0.6,90.0,0.0,0.0,1,3.234,100,3.75,0
0.15,-0.15,0.65,90.0,0.0,0.0,0,18.198,700,26.85,-1
0.15,-0.15,0.7,90.0,0.0,0.0,0,64.493,700,26.88,-1
0.15,-0.15,0.75,90.0,0.0,0.0,0,110.771,700,26.88,-1
0.15,-0.15,0.8,90.0,0.0,0.0,0,155.816,700,26.85,-1
0.15,-0.15,0.85,90.0,0.0,0.0,1,3.143,100,3.78,0
0.15,-0.15,0.9,90.0,0.0,0.0,1,2.99,11,0.44,0
0.15,-0.1,0.35,90.0,0.0,0.0,0,36.174,700,26.32,-1
0.15,-0.1,0.4,90.0,0.0,0.0,0,38.981,700,26.36,-1
0.15,-0.1,0.45,90.0,0.0,0.0,0,41.741,700,26.32,-1
0.15,-0.1,0.5,90.0,0.0,0.0,0,44.314,700,26.24,-1
0.15,-0.1,0.55,90.0,0.0,0.0,0,46.545,700,26.28,-1
0.15,-0.1,0.6,90.0,0.0,0.0,0,48.278,700,26.33,-1
0.15,-0.1,0.65,90.0,0.0,0.0,0,52.225,700,26.93,-1
0.15,-0.1,0.7,90.0,0.0,0.0,0,80.924,700,26.92,-1
0.15,-0.1,0.75,90.0,0.0,0.0,0,120.912,700,26.92,-1
0.15,-0.1,0.8,90.0,0.0,0.0,0,162.698,700,26.91,-1
0.15,-0.1,0.85,90.0,0.0,0.0,0,196.089,700,26.99,-1
0.15,-0.1,0.9,90.0,0.0,0.0,0,44.191,700,26.39,-1
0.15,-0.05,0.35,90.0,0.0,0.0,0,69.412,700,26.21,-1
0.15,-0.05,0.4,90.0,0.0,0.0,0,74.854,700,26.2,-1
0.15,-0.05,0.45,90.0,0.0,0.0,0,80.222,700,26.27,-1
0.15,-0.05,0.5,90.0,0.0,0.0,0,85.251,700,26.18,-1
0.15,-0.05,0.55,90.0,0.0,0.0,0,89.636,700,26.3,-1
0.15,-0.05,0.6,90.0,0.0,0.0,0,93.059,700,26.27,-1
0.15,-0.05,0.65,90.0,0.0,0.0,0,96.314,700,26.98,-1
0.15,-0.05,0.7,90.0,0.0,0.0,0,114.291,700,26.99,-1
0.15,-0.05,0.75,90.0,0.0,0.0,0,144.877,700,26.89,-1
0.15,-0.05,0.8,90.0,0.0,0.0,0,179.753,700,26.93,-1
0.15,-0.05,0.85,90.0,0.0,0.0,0,206.067,700,26.94,-1
0.15,-0.05,0.9,90.0,0.0,0.0,0,84.945,700,27.13,-1
0.2,-0.5,0.35,90.0,0.0,0.0,0,111.336,700,25.35,-1
0.2,-0.5,0.4,90.0,0.0,0.0,0,86.957,700,25.35,-1
0.2,-0.5,0.45,90.0,0.0,0.0,0,36.16,700,25.2,-1
0.2,-0.5,0.5,90.0,0.0,0.0,0,10.81,700,24.96,-1
0.2,-0.5,0.55,90.0,0.0,0.0,1,2.837,4,0.17,0
0.2,-0.5,0.6,90.0,0.0,0.0,1,1.858,4,0.17,0
0.2,-0.5,0.65,90.0,0.0,0.0,1,2.069,4,0.16,0
0.2,-0.5,0.7,90.0,0.0,0.0,1,2.212,5,0.2,0
0.2,-0.5,0.75,90.0,0.0,0.0,1,2.901,13,0.48,0
0.2,-0.5,0.8,90.0,0.0,0.0,1,2.624,7,0.27,0
0.2,-0.5,0.85,90.0,0.0,0.0,1,3.748,100,3.56,0
0.2,-0.5,0.9,90.0,0.0,0.0,0,12.975,700,25.1,-1
0.2,-0.45,0.35,90.0,0.0,0.0,0,90.666,700,25.3,-1
0.2,-0.45,0.4,90.0,0.0,0.0,0,31.193,700,25.06,-1
0.2,-0.45,0.45,90.0,0.0,0.0,1,4.151,100,3.55,0
0.2,-0.45,0.5,90.0,0.0,0.0,1,1.206,3,0.13,0
0.2,-0.45,0.55,90.0,0.0,0.0,1,0.539,3,0.13,0
0.2,-0.45,0.6,90.0,0.0,0.0,1,1.082,3,0.13,0
0.2,-0.45,0.65,90.0,0.0,0.0,1,2.861,3,0.13,0
0.2,-0.45,0.7,90.0,0.0,0.0,1,0.16,4,0.17,0
0.2,-0.45,0.75,90.0,0.0,0.0,1,2.834,6,0.24,0
0.2,-0.45,0.8,90.0,0.0,0.0,1,1.289,6,0.25,0
0.2,-0.45,0.85,90.0,0.0,0.0,1,1.285,5,0.2,0
0.2,-0.45,0.9,90.0,0.0,0.0,1,1.702,5,0.2,0
0.2,-0.4,0.35,90.0,0.0,0.0,0,37.011,700,25.46,-1
0.2,-0.4,0.4,90.0,0.0,0.0,1,3.85,100,3.56,0
0.2,-0.4,0.45,90.0,0.0,0.0,1,1.36,3,0.13,0
0.2,-0.4,0.5,90.0,0.0,0.0,1,2.041,2,0.09,0
0.2,-0.4,0.55,90.0,0.0,0.0,1,0.573,2,0.09,0
0.2,-0.4,0.6,90.0,0.0,0.0,1,2.254,2,0.09,0
0.2,-0.4,0.65,90.0,0.0,0.0,1,0.784,3,0.12,0
0.2,-0.4,0.7,90.0,0.0,0.0,1,0.83,3,0.13,0
0.2,-0.4,0.75,90.0,0.0,0.0,1,1.854,3,0.13,0
0.2,-0.4,0.8,90.0,0.0,0.0,1,2.025,4,0.16,0
0.2,-0.4,0.85,90.0,0.0,0.0,1,1.387,4,0.16,0
0.2,-0.4,0.9,90.0,0.0,0.0,1,1.178,4,0.16,0
0.2,-0.35,0.35,90.0,0.0,0.0,0,14.827,700,25.68,-1
0.2,-0.35,0.4,90.0,0.0,0.0,1,1.019,4,0.17,0
0.2,-0.35,0.45,90.0,0.0,0.0,1,2.815,2,0.09,0
0.2,-0.35,0.5,90.0,0.0,0.0,1,1.386,2,0.09,0
0.2,-0.35,0.55,90.0,0.0,0.0,1,1.662,2,0.11,0
0.2,-0.35,0.6,90.0,0.0,0.0,1,2.404,2,0.09,0
0.2,-0.35,0.65,90.0,0.0,0.0,1,1.247,2,0.09,0
0.2,-0.35,0.7,90.0,0.0,0.0,1,1.443,2,0.09,0
0.2,-0.35,0.75,90.0,0.0,0.0,1,2.135,3,0.13,0
0.2,-0.35,0.8,90.0,0.0,0.0,1,1.828,408,15.39,4
0.2,-0.35,0.85,90.0,0.0,0.0,1,1.543,5,0.21,0
0.2,-0.35,0.9,90.0,0.0,0.0,1,1.028,5,0.21,0
0.2,-0.3,0.35,90.0,0.0,0.0,1,2.645,4,0.17,0
0.2,-0.3,0.4,90.0,0.0,0.0,1,0.831,4,0.17,0
0.2,-0.3,0.45,90.0,0.0,0.0,1,0.635,4,0.16,0
0.2,-0.3,0.5,90.0,0.0,0.0,1,2.214,1,0.05,0
0.2,-0.3,0.55,90.0,0.0,0.0,1,1.308,1,0.05,0
0.2,-0.3,0.6,90.0,0.0,0.0,1,1.68,3,0.13,0
0.2,-0.3,0.65,90.0,0.0,0.0,1,0.848,4,0.17,0
0.2,-0.3,0.7,90.0,0.0,0.0,1,4.033,100,3.78,0
0.2,-0.3,0.75,90.0,0.0,0.0,0,31.402,700,26.3,-1
0.2,-0.3,0.8,90.0,0.0,0.0,1,1.688,409,15.46,4
0.2,-0.3,0.85,90.0,0.0,0.0,1,1.366,206,7.82,2
0.2,-0.3,0.9,90.0,0.0,0.0,1,2.542,6,0.24,0
0.2,-0.25,0.35,90.0,0.0,0.0,1,1.796,4,0.18,0
0.2,-0.25,0.4,90.0,0.0,0.0,1,1.044,4,0.17,0
0.2,-0.25,0.45,90.0,0.0,0.0,1,0.872,4,0.17,0
0.2,-0.25,0.5,90.0,0.0,0.0,1,0.764,4,0.16,0
0.2,-0.25,0.55,90.0,0.0,0.0,1,0.785,4,0.16,0
0.2,-0.25,0.6,90.0,0.0,0.0,1,0.898,4,0.17,0
0.2,-0.25,0.65,90.0,0.0,0.0,1,1.027,4,0.17,0
0.2,-0.25,0.7,90.0,0.0,0.0,0,30.888,700,26.34,-1
0.2,-0.25,0.75,90.0,0.0,0.0,0,63.602,700,26.41,-1
0.2,-0.25,0.8,90.0,0.0,0.0,0,87.625,700,26.26,-1
0.2,-0.25,0.85,90.0,0.0,0.0,1,1.633,411,15.49,4
0.2,-0.25,0.9,90.0,0.0,0.0,1,1.555,7,0.28,0
0.2,-0.2,0.35,90.0,0.0,0.0,1,2.12,4,0.17,0
0.2,-0.2,0.4,90.0,0.0,0.0,1,1.61,4,0.17,0
0.2,-0.2,0.45,90.0,0.0,0.0,1,1.269,4,0.18,0
0.2,-0.2,0.5,90.0,0.0,0.0,1,1.076,4,0.17,0
0.2,-0.2,0.55,90.0,0.0,0.0,1,0.954,4,0.17,0
0.2,-0.2,0.6,90.0,0.0,0.0,1,1.304,4,0.17,0
0.2,-0.2,0.65,90.0,0.0,0.0,1,7.789,100,3.75,0
0.2,-0.2,0.7,90.0,0.0,0.0,0,49.27,700,26.33,-1
0.2,-0.2,0.75,90.0,0.0,0.0,0,87.349,700,26.22,-1
0.2,-0.2,0.8,90.0,0.0,0.0,0,118.28,700,26.31,-1
0.2,-0.2,0.85,90.0,0.0,0.0,1,1.682,413,15.54,4
0.2,-0.2,0.9,90.0,0.0,0.0,1,1.898,206,7.8,2
0.2,-0.15,0.35,90.0,0.0,0.0,1,2.654,4,0.17,0
0.2,-0.15,0.4,90.0,0.0,0.0,1,2.563,4,0.17,0
0.2,-0.15,0.45,90.0,0.0,0.0,1,2.644,3,0.13,0
0.2,-0.15,0.5,90.0,0.0,0.0,1,2.818,4,0.17,0
0.2,-0.15,0.55,90.0,0.0,0.0,1,2.988,4,0.17,0
0.2,-0.15,0.6,90.0,0.0,0.0,1,3.069,100,3.77,0
0.2,-0.15,0.65,90.0,0.0,0.0,0,12.782,700,26.99,-1
0.2,-0.15,0.7,90.0,0.0,0.0,0,55.442,700,26.97,-1
0.2,-0.15,0.75,90.0,0.0,0.0,0,95.797,700,26.96,-1
0.2,-0.15,0.8,90.0,0.0,0.0,0,130.589,700,26.98,-1
0.2,-0.15,0.85,90.0,0.0,0.0,1,2.843,413,15.87,4
0.2,-0.15,0.9,90.0,0.0,0.0,1,2.818,206,7.95,2
0.2,-0.1,0.35,90.0,0.0,0.0,0,34.843,700,26.4,-1
0.2,-0.1,0.4,90.0,0.0,0.0,0,37.403,700,26.41,-1
0.2,-0.1,0.45,90.0,0.0,0.0,0,39.927,700,26.38,-1
0.2,-0.1,0.5,90.0,0.0,0.0,0,42.268,700,26.27,-1
0.2,-0.1,0.55,90.0,0.0,0.0,0,44.289,700,26.3,-1
0.2,-0.1,0.6,90.0,0.0,0.0,0,45.851,700,26.32,-1
0.2,-0.1,0.65,90.0,0.0,0.0,0,48.121,700,26.99,-1
0.2,-0.1,0.7,90.0,0.0,0.0,0,71.763,700,27.01,-1
0.2,-0.1,0.75,90.0,0.0,0.0,0,105.379,700,26.96,-1
0.2,-0.1,0.8,90.0,0.0,0.0,0,136.752,700,26.93,-1
0.2,-0.1,0.85,90.0,0.0,0.0,0,158.477,700,26.98,-1
0.2,-0.1,0.9,90.0,0.0,0.0,0,42.178,700,26.87,-1
0.2,-0.05,0.35,90.0,0.0,0.0,0,66.827,700,26.45,-1
0.2,-0.05,0.4,90.0,0.0,0.0,0,71.794,700,26.38,-1
0.2,-0.05,0.45,90.0,0.0,0.0,0,76.691,700,26.4,-1
0.2,-0.05,0.5,90.0,0.0,0.0,0,81.251,700,26.35,-1
0.2,-0.05,0.55,90.0,0.0,0.0,0,85.202,700,26.37,-1
0.2,-0.05,0.6,90.0,0.0,0.0,0,88.268,700,26.37,-1
0.2,-0.05,0.65,90.0,0.0,0.0,0,90.469,700,27.0,-1
0.2,-0.05,0.7,90.0,0.0,0.0,0,103.887,700,27.09,-1
0.2,-0.05,0.75,90.0,0.0,0.0,0,127.726,700,27.0,-1
0.2,-0.05,0.8,90.0,0.0,0.0,0,152.033,700,27.0,-1
0.2,-0.05,0.85,90.0,0.0,0.0,0,168.175,700,26.99,-1
0.2,-0.05,0.9,90.0,0.0,0.0,0,159.998,700,27.07,-1
0.25,-0.5,0.35,90.0,0.0,0.0,0,130.376,700,25.5,-1
0.25,-0.5,0.4,90.0,0.0,0.0,0,105.31,700,25.43,-1
0.25,-0.5,0.45,90.0,0.0,0.0,0,59.529,700,25.38,-1
0.25,-0.5,0.5,90.0,0.0,0.0,0,37.757,700,25.32,-1
0.25,-0.5,0.55,90.0,0.0,0.0,0,17.805,700,25.21,-1
0.25,-0.5,0.6,90.0,0.0,0.0,1,6.699,100,3.6,0
0.25,-0.5,0.65,90.0,0.0,0.0,1,4.358,100,3.59,0
0.25,-0.5,0.7,90.0,0.0,0.0,1,4.255,100,3.57,0
0.25,-0.5,0.75,90.0,0.0,0.0,1,5.19,100,3.58,0
0.25,-0.5,0.8,90.0,0.0,0.0,1,7.833,100,3.59,0
0.25,-0.5,0.85,90.0,0.0,0.0,0,17.696,700,25.09,-1
0.25,-0.5,0.9,90.0,0.0,0.0,0,36.97,700,25.28,-1
0.25,-0.45,0.35,90.0,0.0,0.0,0,108.33,700,25.44,-1
0.25,-0.45,0.4,90.0,0.0,0.0,0,54.853,700,25.29,-1
0.25,-0.45,0.45,90.0,0.0,0.0,0,28.175,700,25.2,-1
0.25,-0.45,0.5,90.0,0.0,0.0,1,4.626,100,3.57,0
0.25,-0.45,0.55,90.0,0.0,0.0,1,2.335,3,0.13,0
0.25,-0.45,0.6,90.0,0.0,0.0,1,2.585,3,0.13,0
0.25,-0.45,0.65,90.0,0.0,0.0,1,1.261,4,0.16,0
0.25,-0.45,0.7,90.0,0.0,0.0,1,1.52,5,0.2,0
0.25,-0.45,0.75,90.0,0.0,0.0,1,2.101,8,0.31,0
0.25,-0.45,0.8,90.0,0.0,0.0,1,1.992,7,0.27,0
0.25,-0.45,0.85,90.0,0.0,0.0,1,2.469,6,0.25,0
0.25,-0.45,0.9,90.0,0.0,0.0,1,6.089,100,3.56,0
0.25,-0.4,0.35,90.0,0.0,0.0,0,60.812,700,25.28,-1
0.25,-0.4,0.4,90.0,0.0,0.0,0,27.906,700,25.23,-1
0.25,-0.4,0.45,90.0,0.0,0.0,1,2.853,4,0.17,0
0.25,-0.4,0.5,90.0,0.0,0.0,1,1.066,3,0.13,0
0.25,-0.4,0.55,90.0,0.0,0.0,1,0.591,3,0.13,0
0.25,-0.4,0.6,90.0,0.0,0.0,1,0.419,3,0.13,0
0.25,-0.4,0.65,90.0,0.0,0.0,1,0.539,3,0.13,0
0.25,-0.4,0.7,90.0,0.0,0.0,1,1.099,4,0.16,0
0.25,-0.4,0.75,90.0,0.0,0.0,1,1.079,5,0.2,0
0.25,-0.4,0.8,90.0,0.0,0.0,1,2.604,8,0.3,0
0.25,-0.4,0.85,90.0,0.0,0.0,1,1.277,6,0.23,0
0.25,-0.4,0.9,90.0,0.0,0.0,1,2.196,5,0.2,0
0.25,-0.35,0.35,90.0,0.0,0.0,0,36.318,700,25.56,-1
0.25,-0.35,0.4,90.0,0.0,0.0,1,4.045,100,3.56,0
0.25,-0.35,0.45,90.0,0.0,0.0,1,2.786,2,0.09,0
0.25,-0.35,0.5,90.0,0.0,0.0,1,0.301,2,0.1,0
0.25,-0.35,0.55,90.0,0.0,0.0,1,0.204,2,0.1,0
0.25,-0.35,0.6,90.0,0.0,0.0,1,0.248,2,0.09,0
0.25,-0.35,0.65,90.0,0.0,0.0,1,2.941,2,0.09,0
0.25,-0.35,0.7,90.0,0.0,0.0,1,1.051,3,0.13,0
0.25,-0.35,0.75,90.0,0.0,0.0,1,1.522,3,0.13,0
0.25,-0.35,0.8,90.0,0.0,0.0,1,1.379,4,0.17,0
0.25,-0.35,0.85,90.0,0.0,0.0,1,2.176,4,0.17,0
0.25,-0.35,0.9,90.0,0.0,0.0,1,2.807,6,0.24,0
0.25,-0.3,0.35,90.0,0.0,0.0,0,19.328,700,26.39,-1
0.25,-0.3,0.4,90.0,0.0,0.0,1,1.469,4,0.17,0
0.25,-0.3,0.45,90.0,0.0,0.0,1,0.746,4,0.17,0
0.25,-0.3,0.5,90.0,0.0,0.0,1,2.755,3,0.13,0
0.25,-0.3,0.55,90.0,0.0,0.0,1,1.695,3,0.13,0
0.25,-0.3,0.6,90.0,0.0,0.0,1,2.374,3,0.13,0
0.25,-0.3,0.65,90.0,0.0,0.0,1,1.02,4,0.16,0
0.25,-0.3,0.7,90.0,0.0,0.0,1,1.022,4,0.17,0
0.25,-0.3,0.75,90.0,0.0,0.0,0,15.024,700,26.32,-1
0.25,-0.3,0.8,90.0,0.0,0.0,1,1.703,407,15.35,4
0.25,-0.3,0.85,90.0,0.0,0.0,1,1.514,409,15.38,4
0.25,-0.3,0.9,90.0,0.0,0.0,1,1.896,205,7.72,2
0.25,-0.25,0.35,90.0,0.0,0.0,1,8.27,100,3.66,0
0.25,-0.25,0.4,90.0,0.0,0.0,1,1.305,4,0.17,0
0.25,-0.25,0.45,90.0,0.0,0.0,1,0.928,4,0.16,0
0.25,-0.25,0.5,90.0,0.0,0.0,1,0.768,4,0.16,0
0.25,-0.25,0.55,90.0,0.0,0.0,1,0.755,4,0.17,0
0.25,-0.25,0.6,90.0,0.0,0.0,1,0.919,4,0.17,0
0.25,-0.25,0.65,90.0,0.0,0.0,1,1.045,4,0.17,0
0.25,-0.25,0.7,90.0,0.0,0.0,0,14.208,700,26.25,-1
0.25,-0.25,0.75,90.0,0.0,0.0,0,43.239,700,26.37,-1
0.25,-0.25,0.8,90.0,0.0,0.0,0,64.212,700,26.36,-1
0.25,-0.25,0.85,90.0,0.0,0.0,1,1.661,407,15.33,4
0.25,-0.25,0.9,90.0,0.0,0.0,1,1.529,407,15.39,4
0.25,-0.2,0.35,90.0,0.0,0.0,1,2.933,5,0.21,0
0.25,-0.2,0.4,90.0,0.0,0.0,1,1.53,4,0.17,0
0.25,-0.2,0.45,90.0,0.0,0.0,1,1.164,4,0.17,0
0.25,-0.2,0.5,90.0,0.0,0.0,1,0.967,4,0.17,0
0.25,-0.2,0.55,90.0,0.0,0.0,1,0.927,4,0.17,0
0.25,-0.2,0.6,90.0,0.0,0.0,1,1.538,4,0.17,0
0.25,-0.2,0.65,90.0,0.0,0.0,1,1.287,4,0.17,0
0.25,-0.2,0.7,90.0,0.0,0.0,0,30.234,700,26.26,-1
0.25,-0.2,0.75,90.0,0.0,0.0,0,62.739,700,26.32,-1
0.25,-0.2,0.8,90.0,0.0,0.0,0,87.788,700,26.3,-1
0.25,-0.2,0.85,90.0,0.0,0.0,0,101.136,700,26.24,-1
0.25,-0.2,0.9,90.0,0.0,0.0,1,1.659,408,15.77,4
0.25,-0.15,0.35,90.0,0.0,0.0,1,4.126,100,3.77,0
0.25,-0.15,0.4,90.0,0.0,0.0,1,2.604,4,0.18,0
0.25,-0.15,0.45,90.0,0.0,0.0,1,2.631,4,0.17,0
0.25,-0.15,0.5,90.0,0.0,0.0,1,2.707,4,0.17,0
0.25,-0.15,0.55,90.0,0.0,0.0,1,2.803,4,0.17,0
0.25,-0.15,0.6,90.0,0.0,0.0,1,2.88,5,0.22,0
0.25,-0.15,0.65,90.0,0.0,0.0,1,2.961,5,0.21,0
0.25,-0.15,0.7,90.0,0.0,0.0,0,35.516,700,26.94,-1
0.25,-0.15,0.75,90.0,0.0,0.0,0,69.299,700,26.86,-1
0.25,-0.15,0.8,90.0,0.0,0.0,0,96.131,700,26.83,-1
0.25,-0.15,0.85,90.0,0.0,0.0,0,111.779,700,26.79,-1
0.25,-0.15,0.9,90.0,0.0,0.0,1,2.752,410,15.78,4
0.25,-0.1,0.35,90.0,0.0,0.0,0,33.5,700,26.32,-1
0.25,-0.1,0.4,90.0,0.0,0.0,0,35.57,700,26.26,-1
0.25,-0.1,0.45,90.0,0.0,0.0,0,37.821,700,26.22,-1
0.25,-0.1,0.5,90.0,0.0,0.0,0,39.906,700,26.26,-1
0.25,-0.1,0.55,90.0,0.0,0.0,0,41.697,700,26.29,-1
0.25,-0.1,0.6,90.0,0.0,0.0,0,43.074,700,26.26,-1
0.25,-0.1,0.65,90.0,0.0,0.0,0,43.938,700,26.36,-1
0.25,-0.1,0.7,90.0,0.0,0.0,0,55.544,700,26.96,-1
0.25,-0.1,0.75,90.0,0.0,0.0,0,80.348,700,27.08,-1
0.25,-0.1,0.8,90.0,0.0,0.0,0,103.208,700,26.98,-1
0.25,-0.1,0.85,90.0,0.0,0.0,0,116.652,700,26.95,-1
0.25,-0.1,0.9,90.0,0.0,0.0,0,112.391,700,26.93,-1
0.25,-0.05,0.35,90.0,0.0,0.0,0,64.189,700,26.93,-1
0.25,-0.05,0.4,90.0,0.0,0.0,0,68.242,700,26.27,-1
0.25,-0.05,0.45,90.0,0.0,0.0,0,72.605,700,26.28,-1
0.25,-0.05,0.5,90.0,0.0,0.0,0,76.652,700,26.32,-1
0.25,-0.05,0.55,90.0,0.0,0.0,0,80.136,700,26.31,-1
0.25,-0.05,0.6,90.0,0.0,0.0,0,82.824,700,26.28,-1
0.25,-0.05,0.65,90.0,0.0,0.0,0,84.511,700,26.3,-1
0.25,-0.05,0.7,90.0,0.0,0.0,0,89.689,700,26.9,-1
0.25,-0.05,0.75,90.0,0.0,0.0,0,104.584,700,26.9,-1
0.25,-0.05,0.8,90.0,0.0,0.0,0,120.274,700,26.9,-1
0.25,-0.05,0.85,90.0,0.0,0.0,0,128.937,700,26.85,-1
0.25,-0.05,0.9,90.0,0.0,0.0,0,122.631,700,26.85,-1
0.3,-0.5,0.35,90.0,0.0,0.0,0,152.524,700,25.23,-1
0.3,-0.5,0.4,90.0,0.0,0.0,0,127.179,700,25.29,-1
0.3,-0.5,0.45,90.0,0.0,0.0,0,106.658,700,25.38,-1
0.3,-0.5,0.5,90.0,0.0,0.0,0,64.948,700,25.2,-1
0.3,-0.5,0.55,90.0,0.0,0.0,0,84.054,700,25.25,-1
0.3,-0.5,0.6,90.0,0.0,0.0,0,39.265,700,25.27,-1
0.3,-0.5,0.65,90.0,0.0,0.0,0,36.129,700,25.4,-1
0.3,-0.5,0.7,90.0,0.0,0.0,0,25.464,700,25.28,-1
0.3,-0.5,0.75,90.0,0.0,0.0,0,26.774,700,25.4,-1
0.3,-0.5,0.8,90.0,0.0,0.0,0,33.888,700,25.37,-1
0.3,-0.5,0.85,90.0,0.0,0.0,0,46.92,700,25.31,-1
0.3,-0.5,0.9,90.0,0.0,0.0,0,65.051,700,25.37,-1
0.3,-0.45,0.35,90.0,0.0,0.0,0,129.463,700,25.41,-1
0.3,-0.45,0.4,90.0,0.0,0.0,0,105.153,700,25.46,-1
0.3,-0.45,0.45,90.0,0.0,0.0,0,54.29,700,25.25,-1
0.3,-0.45,0.5,90.0,0.0,0.0,0,35.001,700,25.27,-1
0.3,-0.45,0.55,90.0,0.0,0.0,0,12.215,700,25.14,-1
0.3,-0.45,0.6,90.0,0.0,0.0,1,4.44,100,3.58,0
0.3,-0.45,0.65,90.0,0.0,0.0,1,3.103,100,3.57,0
0.3,-0.45,0.7,90.0,0.0,0.0,1,3.025,100,3.57,0
0.3,-0.45,0.75,90.0,0.0,0.0,1,3.612,100,3.59,0
0.3,-0.45,0.8,90.0,0.0,0.0,1,5.484,100,3.6,0
0.3,-0.45,0.85,90.0,0.0,0.0,0,12.402,700,25.06,-1
0.3,-0.45,0.9,90.0,0.0,0.0,0,31.753,700,25.39,-1
0.3,-0.4,0.35,90.0,0.0,0.0,0,112.48,700,25.45,-1
0.3,-0.4,0.4,90.0,0.0,0.0,0,56.069,700,25.37,-1
0.3,-0.4,0.45,90.0,0.0,0.0,0,30.316,700,25.24,-1
0.3,-0.4,0.5,90.0,0.0,0.0,1,4.708,100,3.6,0
0.3,-0.4,0.55,90.0,0.0,0.0,1,1.837,3,0.13,0
0.3,-0.4,0.6,90.0,0.0,0.0,1,1.404,3,0.13,0
0.3,-0.4,0.65,90.0,0.0,0.0,1,2.26,3,0.13,0
0.3,-0.4,0.7,90.0,0.0,0.0,1,2.045,4,0.16,0
0.3,-0.4,0.75,90.0,0.0,0.0,1,2.079,5,0.2,0
0.3,-0.4,0.8,90.0,0.0,0.0,1,2.002,8,0.31,0
0.3,-0.4,0.85,90.0,0.0,0.0,1,2.589,9,0.35,0
0.3,-0.4,0.9,90.0,0.0,0.0,1,6.256,100,3.58,0
0.3,-0.35,0.35,90.0,0.0,0.0,0,79.359,700,25.27,-1
0.3,-0.35,0.4,90.0,0.0,0.0,0,74.219,700,25.15,-1
0.3,-0.35,0.45,90.0,0.0,0.0,1,4.464,100,3.56,0
0.3,-0.35,0.5,90.0,0.0,0.0,1,2.91,2,0.09,0
0.3,-0.35,0.55,90.0,0.0,0.0,1,1.63,2,0.09,0
0.3,-0.35,0.6,90.0,0.0,0.0,1,2.263,2,0.09,0
0.3,-0.35,0.65,90.0,0.0,0.0,1,1.322,3,0.13,0
0.3,-0.35,0.7,90.0,0.0,0.0,1,0.983,4,0.17,0
0.3,-0.35,0.75,90.0,0.0,0.0,1,1.366,4,0.16,0
0.3,-0.35,0.8,90.0,0.0,0.0,1,1.202,5,0.2,0
0.3,-0.35,0.85,90.0,0.0,0.0,1,2.841,5,0.2,0
0.3,-0.35,0.9,90.0,0.0,0.0,1,1.8,7,0.28,0
0.3,-0.3,0.35,90.0,0.0,0.0,0,46.416,700,25.52,-1
0.3,-0.3,0.4,90.0,0.0,0.0,0,18.533,700,25.12,-1
0.3,-0.3,0.45,90.0,0.0,0.0,1,1.57,4,0.17,0
0.3,-0.3,0.5,90.0,0.0,0.0,1,0.847,4,0.16,0
0.3,-0.3,0.55,90.0,0.0,0.0,1,2.296,3,0.13,0
0.3,-0.3,0.6,90.0,0.0,0.0,1,0.576,2,0.09,0
0.3,-0.3,0.65,90.0,0.0,0.0,1,0.858,4,0.17,0
0.3,-0.3,0.7,90.0,0.0,0.0,1,1.82,4,0.17,0
0.3,-0.3,0.75,90.0,0.0,0.0,1,1.815,3,0.13,0
0.3,-0.3,0.8,90.0,0.0,0.0,1,5.446,100,3.77,0
0.3,-0.3,0.85,90.0,0.0,0.0,1,1.349,405,15.25,4
0.3,-0.3,0.9,90.0,0.0,0.0,1,6.141,100,3.76,0
0.3,-0.25,0.35,90.0,0.0,0.0,0,34.219,700,26.47,-1
0.3,-0.25,0.4,90.0,0.0,0.0,1,3.486,100,3.58,0
0.3,-0.25,0.45,90.0,0.0,0.0,1,1.247,4,0.17,0
0.3,-0.25,0.5,90.0,0.0,0.0,1,0.841,4,0.16,0
0.3,-0.25,0.55,90.0,0.0,0.0,1,0.727,4,0.17,0
0.3,-0.25,0.6,90.0,0.0,0.0,1,0.824,4,0.17,0
0.3,-0.25,0.65,90.0,0.0,0.0,1,1.22,4,0.16,0
0.3,-0.25,0.7,90.0,0.0,0.0,1,1.008,4,0.17,0
0.3,-0.25,0.75,90.0,0.0,0.0,0,14.893,700,26.37,-1
0.3,-0.25,0.8,90.0,0.0,0.0,0,32.307,700,26.42,-1
0.3,-0.25,0.85,90.0,0.0,0.0,1,2.623,405,15.26,4
0.3,-0.25,0.9,90.0,0.0,0.0,1,2.538,405,15.23,4
0.3,-0.2,0.35,90.0,0.0,0.0,0,27.06,700,26.55,-1
0.3,-0.2,0.4,90.0,0.0,0.0,1,2.339,5,0.21,0
0.3,-0.2,0.45,90.0,0.0,0.0,1,1.377,4,0.17,0
0.3,-0.2,0.5,90.0,0.0,0.0,1,1.018,4,0.17,0
0.3,-0.2,0.55,90.0,0.0,0.0,1,0.904,4,0.17,0
0.3,-0.2,0.6,90.0,0.0,0.0,1,1.063,4,0.18,0
0.3,-0.2,0.65,90.0,0.0,0.0,1,1.454,4,0.17,0
0.3,-0.2,0.7,90.0,0.0,0.0,1,3.748,100,3.77,0
0.3,-0.2,0.75,90.0,0.0,0.0,0,30.925,700,26.37,-1
0.3,-0.2,0.8,90.0,0.0,0.0,0,50.67,700,26.43,-1
0.3,-0.2,0.85,90.0,0.0,0.0,0,59.869,700,26.32,-1
0.3,-0.2,0.9,90.0,0.0,0.0,1,1.762,405,15.32,4
0.3,-0.15,0.35,90.0,0.0,0.0,0,24.936,700,27.13,-1
0.3,-0.15,0.4,90.0,0.0,0.0,1,3.489,100,3.75,0
0.3,-0.15,0.45,90.0,0.0,0.0,1,2.564,5,0.21,0
0.3,-0.15,0.5,90.0,0.0,0.0,1,2.89,4,0.17,0
0.3,-0.15,0.55,90.0,0.0,0.0,1,2.699,4,0.17,0
0.3,-0.15,0.6,90.0,0.0,0.0,1,2.975,4,0.17,0
0.3,-0.15,0.65,90.0,0.0,0.0,1,2.749,5,0.21,0
0.3,-0.15,0.7,90.0,0.0,0.0,1,8.474,100,3.85,0
0.3,-0.15,0.75,90.0,0.0,0.0,0,36.184,700,26.96,-1
0.3,-0.15,0.8,90.0,0.0,0.0,0,56.795,700,27.02,-1
0.3,-0.15,0.85,90.0,0.0,0.0,0,66.823,700,27.0,-1
0.3,-0.15,0.9,90.0,0.0,0.0,0,62.376,700,27.07,-1
0.3,-0.1,0.35,90.0,0.0,0.0,0,41.678,700,27.82,-1
0.3,-0.1,0.4,90.0,0.0,0.0,0,33.704,700,26.41,-1
0.3,-0.1,0.45,90.0,0.0,0.0,0,35.554,700,26.47,-1
0.3,-0.1,0.5,90.0,0.0,0.0,0,37.367,700,26.41,-1
0.3,-0.1,0.55,90.0,0.0,0.0,0,38.923,700,26.41,-1
0.3,-0.1,0.6,90.0,0.0,0.0,0,40.116,700,26.42,-1
0.3,-0.1,0.65,90.0,0.0,0.0,0,40.86,700,26.37,-1
0.3,-0.1,0.7,90.0,0.0,0.0,0,41.522,700,26.89,-1
0.3,-0.1,0.75,90.0,0.0,0.0,0,53.007,700,26.89,-1
0.3,-0.1,0.8,90.0,0.0,0.0,0,67.403,700,26.89,-1
0.3,-0.1,0.85,90.0,0.0,0.0,0,74.814,700,26.99,-1
0.3,-0.1,0.9,90.0,0.0,0.0,0,69.972,700,26.92,-1
0.3,-0.05,0.35,90.0,0.0,0.0,0,69.715,700,27.78,-1
0.3,-0.05,0.4,90.0,0.0,0.0,0,64.58,700,26.45,-1
0.3,-0.05,0.45,90.0,0.0,0.0,0,68.211,700,26.36,-1
0.3,-0.05,0.5,90.0,0.0,0.0,0,71.726,700,26.39,-1
0.3,-0.05,0.55,90.0,0.0,0.0,0,74.742,700,26.43,-1
0.3,-0.05,0.6,90.0,0.0,0.0,0,77.057,700,26.41,-1
0.3,-0.05,0.65,90.0,0.0,0.0,0,78.504,700,26.47,-1
0.3,-0.05,0.7,90.0,0.0,0.0,0,78.91,700,27.06,-1
0.3,-0.05,0.75,90.0,0.0,0.0,0,83.035,700,27.07,-1
0.3,-0.05,0.8,90.0,0.0,0.0,0,90.177,700,27.01,-1
0.3,-0.05,0.85,90.0,0.0,0.0,0,93.235,700,27.02,-1
0.3,-0.05,0.9,90.0,0.0,0.0,0,87.561,700,26.99,-1
0.35,-0.5,0.35,90.0,0.0,0.0,0,177.724,700,25.31,-1
0.35,-0.5,0.4,90.0,0.0,0.0,0,152.579,700,25.27,-1
0.35,-0.5,0.45,90.0,0.0,0.0,0,131.476,700,25.33,-1
0.35,-0.5,0.5,90.0,0.0,0.0,0,115.168,700,25.38,-1
0.35,-0.5,0.55,90.0,0.0,0.0,0,185.371,700,25.26,-1
0.35,-0.5,0.6,90.0,0.0,0.0,0,69.234,700,25.26,-1
0.35,-0.5,0.65,90.0,0.0,0.0,0,63.589,700,25.26,-1
0.35,-0.5,0.7,90.0,0.0,0.0,0,62.434,700,25.5,-1
0.35,-0.5,0.75,90.0,0.0,0.0,0,73.345,700,25.25,-1
0.35,-0.5,0.8,90.0,0.0,0.0,0,67.763,700,25.29,-1
0.35,-0.5,0.85,90.0,0.0,0.0,0,80.042,700,25.65,-1
0.35,-0.5,0.9,90.0,0.0,0.0,0,107.91,700,25.41,-1
0.35,-0.45,0.35,90.0,0.0,0.0,0,154.175,700,25.38,-1
0.35,-0.45,0.4,90.0,0.0,0.0,0,128.908,700,25.46,-1
0.35,-0.45,0.45,90.0,0.0,0.0,0,107.932,700,25.35,-1
0.35,-0.45,0.5,90.0,0.0,0.0,0,104.488,700,25.33,-1
0.35,-0.45,0.55,90.0,0.0,0.0,0,87.07,700,25.27,-1
0.35,-0.45,0.6,90.0,0.0,0.0,0,40.254,700,25.18,-1
0.35,-0.45,0.65,90.0,0.0,0.0,0,35.744,700,25.19,-1
0.35,-0.45,0.7,90.0,0.0,0.0,0,35.866,700,25.18,-1
0.35,-0.45,0.75,90.0,0.0,0.0,0,25.794,700,25.29,-1
0.35,-0.45,0.8,90.0,0.0,0.0,0,41.034,700,25.43,-1
0.35,-0.45,0.85,90.0,0.0,0.0,0,47.807,700,25.51,-1
0.35,-0.45,0.9,90.0,0.0,0.0,0,65.674,700,25.53,-1
0.35,-0.4,0.35,90.0,0.0,0.0,0,135.498,700,25.41,-1
0.35,-0.4,0.4,90.0,0.0,0.0,0,111.336,700,25.39,-1
0.35,-0.4,0.45,90.0,0.0,0.0,0,60.168,700,25.28,-1
0.35,-0.4,0.5,90.0,0.0,0.0,0,40.868,700,25.27,-1
0.35,-0.4,0.55,90.0,0.0,0.0,0,21.645,700,25.21,-1
0.35,-0.4,0.6,90.0,0.0,0.0,1,6.578,100,3.57,0
0.35,-0.4,0.65,90.0,0.0,0.0,1,3.867,100,3.6,0
0.35,-0.4,0.7,90.0,0.0,0.0,1,3.526,100,3.56,0
0.35,-0.4,0.75,90.0,0.0,0.0,1,4.253,100,3.55,0
0.35,-0.4,0.8,90.0,0.0,0.0,1,7.515,100,3.55,0
0.35,-0.4,0.85,90.0,0.0,0.0,0,18.55,700,25.31,-1
0.35,-0.4,0.9,90.0,0.0,0.0,0,38.32,700,25.49,-1
0.35,-0.35,0.35,90.0,0.0,0.0,0,122.272,700,25.35,-1
0.35,-0.35,0.4,90.0,0.0,0.0,0,66.294,700,25.4,-1
0.35,-0.35,0.45,90.0,0.0,0.0,0,81.476,700,25.24,-1
0.35,-0.35,0.5,90.0,0.0,0.0,0,12.054,700,25.12,-1
0.35,-0.35,0.55,90.0,0.0,0.0,1,2.934,4,0.17,0
0.35,-0.35,0.6,90.0,0.0,0.0,1,2.572,3,0.13,0
0.35,-0.35,0.65,90.0,0.0,0.0,1,1.826,3,0.14,0
0.35,-0.35,0.7,90.0,0.0,0.0,1,1.638,4,0.17,0
0.35,-0.35,0.75,90.0,0.0,0.0,1,1.663,5,0.2,0
0.35,-0.35,0.8,90.0,0.0,0.0,1,2.222,5,0.21,0
0.35,-0.35,0.85,90.0,0.0,0.0,1,3.783,100,3.58,0
0.35,-0.35,0.9,90.0,0.0,0.0,0,16.345,700,25.35,-1
0.35,-0.3,0.35,90.0,0.0,0.0,0,114.745,700,25.39,-1
0.35,-0.3,0.4,90.0,0.0,0.0,0,51.365,700,25.56,-1
0.35,-0.3,0.45,90.0,0.0,0.0,0,25.695,700,25.57,-1
0.35,-0.3,0.5,90.0,0.0,0.0,1,2.795,4,0.17,0
0.35,-0.3,0.55,90.0,0.0,0.0,1,1.365,4,0.17,0
0.35,-0.3,0.6,90.0,0.0,0.0,1,1.881,3,0.13,0
0.35,-0.3,0.65,90.0,0.0,0.0,1,1.043,3,0.13,0
0.35,-0.3,0.7,90.0,0.0,0.0,1,2.579,3,0.13,0
0.35,-0.3,0.75,90.0,0.0,0.0,1,1.857,4,0.17,0
0.35,-0.3,0.8,90.0,0.0,0.0,1,1.307,5,0.2,0
0.35,-0.3,0.85,90.0,0.0,0.0,1,1.856,5,0.2,0
0.35,-0.3,0.9,90.0,0.0,0.0,1,3.722,100,3.61,0
0.35,-0.25,0.35,90.0,0.0,0.0,0,106.012,700,25.64,-1
0.35,-0.25,0.4,90.0,0.0,0.0,0,34.784,700,25.62,-1
0.35,-0.25,0.45,90.0,0.0,0.0,1,6.142,100,3.58,0
0.35,-0.25,0.5,90.0,0.0,0.0,1,1.657,4,0.17,0
0.35,-0.25,0.55,90.0,0.0,0.0,1,1.025,4,0.17,0
0.35,-0.25,0.6,90.0,0.0,0.0,1,1.881,3,0.13,0
0.35,-0.25,0.65,90.0,0.0,0.0,1,0.922,4,0.17,0
0.35,-0.25,0.7,90.0,0.0,0.0,1,1.548,4,0.17,0
0.35,-0.25,0.75,90.0,0.0,0.0,1,1.145,4,0.17,0
0.35,-0.25,0.8,90.0,0.0,0.0,1,1.292,4,0.17,0
0.35,-0.25,0.85,90.0,0.0,0.0,1,1.827,4,0.17,0
0.35,-0.25,0.9,90.0,0.0,0.0,1,2.375,5,0.21,0
0.35,-0.2,0.35,90.0,0.0,0.0,0,61.826,700,25.77,-1
0.35,-0.2,0.4,90.0,0.0,0.0,0,31.007,700,25.68,-1
0.35,-0.2,0.45,90.0,0.0,0.0,1,3.213,100,3.58,0
0.35,-0.2,0.5,90.0,0.0,0.0,1,1.569,4,0.17,0
0.35,-0.2,0.55,90.0,0.0,0.0,1,2.356,3,0.13,0
0.35,-0.2,0.6,90.0,0.0,0.0,1,1.002,4,0.17,0
0.35,-0.2,0.65,90.0,0.0,0.0,1,1.144,4,0.17,0
0.35,-0.2,0.7,90.0,0.0,0.0,1,1.211,4,0.17,0
0.35,-0.2,0.75,90.0,0.0,0.0,1,1.094,4,0.17,0
0.35,-0.2,0.8,90.0,0.0,0.0,1,9.895,100,3.77,0
0.35,-0.2,0.85,90.0,0.0,0.0,0,15.92,700,26.39,-1
0.35,-0.2,0.9,90.0,0.0,0.0,0,10.875,700,26.39,-1
0.35,-0.15,0.35,90.0,0.0,0.0,0,57.609,700,26.43,-1
0.35,-0.15,0.4,90.0,0.0,0.0,0,23.785,700,26.34,-1
0.35,-0.15,0.45,90.0,0.0,0.0,1,4.193,100,3.77,0
0.35,-0.15,0.5,90.0,0.0,0.0,1,2.689,5,0.21,0
0.35,-0.15,0.55,90.0,0.0,0.0,1,2.627,4,0.17,0
0.35,-0.15,0.6,90.0,0.0,0.0,1,2.574,4,0.17,0
0.35,-0.15,0.65,90.0,0.0,0.0,1,2.716,4,0.17,0
0.35,-0.15,0.7,90.0,0.0,0.0,1,2.783,4,0.17,0
0.35,-0.15,0.75,90.0,0.0,0.0,1,2.677,4,0.17,0
0.35,-0.15,0.8,90.0,0.0,0.0,0,14.752,700,27.08,-1
0.35,-0.15,0.85,90.0,0.0,0.0,0,21.073,700,27.04,-1
0.35,-0.15,0.9,90.0,0.0,0.0,0,16.08,700,27.05,-1
0.35,-0.1,0.35,90.0,0.0,0.0,0,62.068,700,26.08,-1
0.35,-0.1,0.4,90.0,0.0,0.0,0,40.195,700,26.19,-1
0.35,-0.1,0.45,90.0,0.0,0.0,0,33.487,700,26.45,-1
0.35,-0.1,0.5,90.0,0.0,0.0,0,34.799,700,26.42,-1
0.35,-0.1,0.55,90.0,0.0,0.0,0,36.108,700,26.47,-1
0.35,-0.1,0.6,90.0,0.0,0.0,0,37.12,700,26.45,-1
0.35,-0.1,0.65,90.0,0.0,0.0,0,37.751,700,26.45,-1
0.35,-0.1,0.7,90.0,0.0,0.0,0,37.955,700,26.32,-1
0.35,-0.1,0.75,90.0,0.0,0.0,0,37.717,700,26.33,-1
0.35,-0.1,0.8,90.0,0.0,0.0,0,38.917,700,27.07,-1
0.35,-0.1,0.85,90.0,0.0,0.0,0,40.308,700,27.03,-1
0.35,-0.1,0.9,90.0,0.0,0.0,0,36.974,700,27.03,-1
0.35,-0.05,0.35,90.0,0.0,0.0,0,72.951,700,26.21,-1
0.35,-0.05,0.4,90.0,0.0,0.0,0,45.956,700,26.45,-1
0.35,-0.05,0.45,90.0,0.0,0.0,0,64.132,700,26.42,-1
0.35,-0.05,0.5,90.0,0.0,0.0,0,66.742,700,26.35,-1
0.35,-0.05,0.55,90.0,0.0,0.0,0,69.285,700,26.37,-1
0.35,-0.05,0.6,90.0,0.0,0.0,0,71.245,700,26.36,-1
0.35,-0.05,0.65,90.0,0.0,0.0,0,72.467,700,26.42,-1
0.35,-0.05,0.7,90.0,0.0,0.0,0,72.861,700,26.43,-1
0.35,-0.05,0.75,90.0,0.0,0.0,0,72.398,700,26.39,-1
0.35,-0.05,0.8,90.0,0.0,0.0,0,71.165,700,27.04,-1
0.35,-0.05,0.85,90.0,0.0,0.0,0,69.762,700,27.03,-1
0.35,-0.05,0.9,90.0,0.0,0.0,0,66.505,700,26.98,-1
0.4,-0.5,0.35,90.0,0.0,0.0,0,283.626,700,25.24,-1
0.4,-0.5,0.4,90.0,0.0,0.0,0,181.256,700,25.27,-1
0.4,-0.5,0.45,90.0,0.0,0.0,0,160.341,700,25.38,-1
0.4,-0.5,0.5,90.0,0.0,0.0,0,143.505,700,25.36,-1
0.4,-0.5,0.55,90.0,0.0,0.0,0,131.057,700,25.42,-1
0.4,-0.5,0.6,90.0,0.0,0.0,0,122.947,700,25.31,-1
0.4,-0.5,0.65,90.0,0.0,0.0,0,182.009,700,25.27,-1
0.4,-0.5,0.7,90.0,0.0,0.0,0,94.598,700,25.31,-1
0.4,-0.5,0.75,90.0,0.0,0.0,0,96.066,700,25.79,-1
0.4,-0.5,0.8,90.0,0.0,0.0,0,104.161,700,25.78,-1
0.4,-0.5,0.85,90.0,0.0,0.0,0,121.816,700,25.66,-1
0.4,-0.5,0.9,90.0,0.0,0.0,0,134.619,700,25.77,-1
0.4,-0.45,0.35,90.0,0.0,0.0,0,182.279,700,25.32,-1
0.4,-0.45,0.4,90.0,0.0,0.0,0,157.084,700,25.3,-1
0.4,-0.45,0.45,90.0,0.0,0.0,0,135.524,700,25.43,-1
0.4,-0.45,0.5,90.0,0.0,0.0,0,118.011,700,25.36,-1
0.4,-0.45,0.55,90.0,0.0,0.0,0,192.529,700,25.32,-1
0.4,-0.45,0.6,90.0,0.0,0.0,0,71.474,700,25.14,-1
0.4,-0.45,0.65,90.0,0.0,0.0,0,110.637,700,25.28,-1
0.4,-0.45,0.7,90.0,0.0,0.0,0,65.544,700,25.33,-1
0.4,-0.45,0.75,90.0,0.0,0.0,0,65.0,700,25.47,-1
0.4,-0.45,0.8,90.0,0.0,0.0,0,73.113,700,25.32,-1
0.4,-0.45,0.85,90.0,0.0,0.0,0,92.605,700,25.67,-1
0.4,-0.45,0.9,90.0,0.0,0.0,0,101.72,700,25.62,-1
0.4,-0.4,0.35,90.0,0.0,0.0,0,162.828,700,25.36,-1
0.4,-0.4,0.4,90.0,0.0,0.0,0,137.59,700,25.29,-1
0.4,-0.4,0.45,90.0,0.0,0.0,0,116.176,700,25.37,-1
0.4,-0.4,0.5,90.0,0.0,0.0,0,146.782,700,25.33,-1
0.4,-0.4,0.55,90.0,0.0,0.0,0,104.488,700,25.26,-1
0.4,-0.4,0.6,90.0,0.0,0.0,0,48.983,700,25.29,-1
0.4,-0.4,0.65,90.0,0.0,0.0,0,42.788,700,25.31,-1
0.4,-0.4,0.7,90.0,0.0,0.0,0,40.61,700,25.27,-1
0.4,-0.4,0.75,90.0,0.0,0.0,0,71.141,700,25.3,-1
0.4,-0.4,0.8,90.0,0.0,0.0,0,143.519,700,25.26,-1
0.4,-0.4,0.85,90.0,0.0,0.0,0,58.773,700,25.48,-1
0.4,-0.4,0.9,90.0,0.0,0.0,0,79.702,700,25.6,-1
0.4,-0.35,0.35,90.0,0.0,0.0,0,147.862,700,25.29,-1
0.4,-0.35,0.4,90.0,0.0,0.0,0,123.313,700,25.4,-1
0.4,-0.35,0.45,90.0,0.0,0.0,0,76.04,700,25.39,-1
0.4,-0.35,0.5,90.0,0.0,0.0,0,102.743,700,25.33,-1
0.4,-0.35,0.55,90.0,0.0,0.0,0,40.077,700,25.27,-1
0.4,-0.35,0.6,90.0,0.0,0.0,0,30.713,700,25.34,-1
0.4,-0.35,0.65,90.0,0.0,0.0,0,12.354,700,25.08,-1
0.4,-0.35,0.7,90.0,0.0,0.0,0,10.044,700,25.08,-1
0.4,-0.35,0.75,90.0,0.0,0.0,0,13.683,700,25.13,-1
0.4,-0.35,0.8,90.0,0.0,0.0,0,27.535,700,25.51,-1
0.4,-0.35,0.85,90.0,0.0,0.0,0,36.702,700,25.54,-1
0.4,-0.35,0.9,90.0,0.0,0.0,0,57.86,700,25.75,-1
0.4,-0.3,0.35,90.0,0.0,0.0,0,137.55,700,25.44,-1
0.4,-0.3,0.4,90.0,0.0,0.0,0,111.917,700,25.45,-1
0.4,-0.3,0.45,90.0,0.0,0.0,0,60.734,700,25.49,-1
0.4,-0.3,0.5,90.0,0.0,0.0,0,35.529,700,25.47,-1
0.4,-0.3,0.55,90.0,0.0,0.0,0,54.003,700,25.17,-1
0.4,-0.3,0.6,90.0,0.0,0.0,1,5.332,100,3.59,0
0.4,-0.3,0.65,90.0,0.0,0.0,1,3.17,100,3.58,0
0.4,-0.3,0.7,90.0,0.0,0.0,1,2.932,4,0.17,0
0.4,-0.3,0.75,90.0,0.0,0.0,1,3.401,100,3.6,0
0.4,-0.3,0.8,90.0,0.0,0.0,1,6.045,100,3.61,0
0.4,-0.3,0.85,90.0,0.0,0.0,0,20.492,700,25.54,-1
0.4,-0.3,0.9,90.0,0.0,0.0,0,35.742,700,25.67,-1
0.4,-0.25,0.35,90.0,0.0,0.0,0,123.82,700,25.81,-1
0.4,-0.25,0.4,90.0,0.0,0.0,0,102.082,700,25.73,-1
0.4,-0.25,0.45,90.0,0.0,0.0,0,63.689,700,25.71,-1
0.4,-0.25,0.5,90.0,0.0,0.0,0,27.833,700,25.37,-1
0.4,-0.25,0.55,90.0,0.0,0.0,1,5.219,100,3.62,0
0.4,-0.25,0.6,90.0,0.0,0.0,1,2.356,4,0.17,0
0.4,-0.25,0.65,90.0,0.0,0.0,1,1.788,4,0.17,0
0.4,-0.25,0.7,90.0,0.0,0.0,1,1.753,4,0.17,0
0.4,-0.25,0.75,90.0,0.0,0.0,1,2.44,4,0.17,0
0.4,-0.25,0.8,90.0,0.0,0.0,1,2.607,5,0.2,0
0.4,-0.25,0.85,90.0,0.0,0.0,1,6.24,100,3.59,0
0.4,-0.25,0.9,90.0,0.0,0.0,0,22.392,700,25.57,-1
0.4,-0.2,0.35,90.0,0.0,0.0,0,97.022,700,25.72,-1
0.4,-0.2,0.4,90.0,0.0,0.0,0,66.257,700,25.67,-1
0.4,-0.2,0.45,90.0,0.0,0.0,0,39.342,700,25.68,-1
0.4,-0.2,0.5,90.0,0.0,0.0,0,18.874,700,25.7,-1
0.4,-0.2,0.55,90.0,0.0,0.0,1,2.781,5,0.22,0
0.4,-0.2,0.6,90.0,0.0,0.0,1,2.724,3,0.13,0
0.4,-0.2,0.65,90.0,0.0,0.0,1,2.29,3,0.13,0
0.4,-0.2,0.7,90.0,0.0,0.0,1,1.532,4,0.17,0
0.4,-0.2,0.75,90.0,0.0,0.0,1,1.849,4,0.17,0
0.4,-0.2,0.8,90.0,0.0,0.0,1,2.818,4,0.17,0
0.4,-0.2,0.85,90.0,0.0,0.0,1,3.097,100,3.68,0
0.4,-0.2,0.9,90.0,0.0,0.0,0,15.937,700,25.88,-1
0.4,-0.15,0.35,90.0,0.0,0.0,0,94.222,700,26.32,-1
0.4,-0.15,0.4,90.0,0.0,0.0,0,62.845,700,26.31,-1
0.4,-0.15,0.45,90.0,0.0,0.0,0,34.716,700,26.27,-1
0.4,-0.15,0.5,90.0,0.0,0.0,0,10.561,700,26.3,-1
0.4,-0.15,0.55,90.0,0.0,0.0,1,3.856,100,3.78,0
0.4,-0.15,0.6,90.0,0.0,0.0,1,2.9,4,0.17,0
0.4,-0.15,0.65,90.0,0.0,0.0,1,2.763,3,0.13,0
0.4,-0.15,0.7,90.0,0.0,0.0,1,2.685,4,0.17,0
0.4,-0.15,0.75,90.0,0.0,0.0,1,2.737,4,0.17,0
0.4,-0.15,0.8,90.0,0.0,0.0,1,2.965,4,0.19,0
0.4,-0.15,0.85,90.0,0.0,0.0,1,4.06,100,3.78,0
0.4,-0.15,0.9,90.0,0.0,0.0,0,12.328,700,26.35,-1
0.4,-0.1,0.35,90.0,0.0,0.0,0,100.681,700,26.09,-1
0.4,-0.1,0.4,90.0,0.0,0.0,0,67.738,700,26.06,-1
0.4,-0.1,0.45,90.0,0.0,0.0,0,46.886,700,26.2,-1
0.4,-0.1,0.5,90.0,0.0,0.0,0,15.913,700,26.24,-1
0.4,-0.1,0.55,90.0,0.0,0.0,0,33.56,700,26.44,-1
0.4,-0.1,0.6,90.0,0.0,0.0,0,34.255,700,26.34,-1
0.4,-0.1,0.65,90.0,0.0,0.0,0,34.756,700,26.32,-1
0.4,-0.1,0.7,90.0,0.0,0.0,0,34.922,700,26.26,-1
0.4,-0.1,0.75,90.0,0.0,0.0,0,34.729,700,26.4,-1
0.4,-0.1,0.8,90.0,0.0,0.0,0,34.204,700,26.43,-1
0.4,-0.1,0.85,90.0,0.0,0.0,0,33.516,700,26.43,-1
0.4,-0.1,0.9,90.0,0.0,0.0,0,29.222,700,26.6,-1
0.4,-0.05,0.35,90.0,0.0,0.0,0,106.138,700,26.27,-1
0.4,-0.05,0.4,90.0,0.0,0.0,0,77.635,700,26.09,-1
0.4,-0.05,0.45,90.0,0.0,0.0,0,52.692,700,26.55,-1
0.4,-0.05,0.5,90.0,0.0,0.0,0,42.301,700,26.51,-1
0.4,-0.05,0.55,90.0,0.0,0.0,0,64.285,700,26.45,-1
0.4,-0.05,0.6,90.0,0.0,0.0,0,65.676,700,26.41,-1
0.4,-0.05,0.65,90.0,0.0,0.0,0,66.658,700,26.4,-1
0.4,-0.05,0.7,90.0,0.0,0.0,0,66.979,700,26.39,-1
0.4,-0.05,0.75,90.0,0.0,0.0,0,66.602,700,26.5,-1
0.4,-0.05,0.8,90.0,0.0,0.0,0,65.573,700,26.51,-1
0.4,-0.05,0.85,90.0,0.0,0.0,0,64.192,700,26.51,-1
0.4,-0.05,0.9,90.0,0.0,0.0,0,58.755,700,26.6,-1
0.45,-0.5,0.35,90.0,0.0,0.0,0,320.39,700,25.43,-1
0.45,-0.5,0.4,90.0,0.0,0.0,0,297.227,700,25.4,-1
0.45,-0.5,0.45,90.0,0.0,0.0,0,278.023,700,25.44,-1
0.45,-0.5,0.5,90.0,0.0,0.0,0,176.025,700,25.4,-1
0.45,-0.5,0.55,90.0,0.0,0.0,0,163.397,700,25.43,-1
0.45,-0.5,0.6,90.0,0.0,0.0,0,154.698,700,25.42,-1
0.45,-0.5,0.65,90.0,0.0,0.0,0,149.754,700,25.41,-1
0.45,-0.5,0.7,90.0,0.0,0.0,0,146.818,700,25.69,-1
0.45,-0.5,0.75,90.0,0.0,0.0,0,144.812,700,25.79,-1
0.45,-0.5,0.8,90.0,0.0,0.0,0,148.382,700,25.73,-1
0.45,-0.5,0.85,90.0,0.0,0.0,0,156.87,700,25.77,-1
0.45,-0.5,0.9,90.0,0.0,0.0,0,169.85,700,26.01,-1
0.45,-0.45,0.35,90.0,0.0,0.0,0,296.86,700,25.42,-1
0.45,-0.45,0.4,90.0,0.0,0.0,0,273.526,700,25.43,-1
0.45,-0.45,0.45,90.0,0.0,0.0,0,167.713,700,25.45,-1
0.45,-0.45,0.5,90.0,0.0,0.0,0,150.224,700,25.36,-1
0.45,-0.45,0.55,90.0,0.0,0.0,0,136.635,700,25.46,-1
0.45,-0.45,0.6,90.0,0.0,0.0,0,127.047,700,25.33,-1
0.45,-0.45,0.65,90.0,0.0,0.0,0,121.36,700,25.36,-1
0.45,-0.45,0.7,90.0,0.0,0.0,0,119.166,700,25.71,-1
0.45,-0.45,0.75,90.0,0.0,0.0,0,117.121,700,25.85,-1
0.45,-0.45,0.8,90.0,0.0,0.0,0,120.554,700,25.75,-1
0.45,-0.45,0.85,90.0,0.0,0.0,0,129.104,700,25.77,-1
0.45,-0.45,0.9,90.0,0.0,0.0,0,142.496,700,25.74,-1
0.45,-0.4,0.35,90.0,0.0,0.0,0,193.854,700,25.43,-1
0.45,-0.4,0.4,90.0,0.0,0.0,0,168.822,700,25.45,-1
0.45,-0.4,0.45,90.0,0.0,0.0,0,147.167,700,25.34,-1
0.45,-0.4,0.5,90.0,0.0,0.0,0,129.125,700,25.4,-1
0.45,-0.4,0.55,90.0,0.0,0.0,0,114.88,700,25.42,-1
0.45,-0.4,0.6,90.0,0.0,0.0,0,129.88,700,25.28,-1
0.45,-0.4,0.65,90.0,0.0,0.0,0,80.704,700,25.33,-1
0.45,-0.4,0.7,90.0,0.0,0.0,0,78.633,700,25.28,-1
0.45,-0.4,0.75,90.0,0.0,0.0,0,111.124,700,25.31,-1
0.45,-0.4,0.8,90.0,0.0,0.0,0,96.287,700,25.62,-1
0.45,-0.4,0.85,90.0,0.0,0.0,0,99.447,700,25.62,-1
0.45,-0.4,0.9,90.0,0.0,0.0,0,118.355,700,25.79,-1
0.45,-0.35,0.35,90.0,0.0,0.0,0,178.186,700,25.52,-1
0.45,-0.35,0.4,90.0,0.0,0.0,0,153.037,700,25.49,-1
0.45,-0.35,0.45,90.0,0.0,0.0,0,131.343,700,25.51,-1
0.45,-0.35,0.5,90.0,0.0,0.0,0,113.272,700,25.48,-1
0.45,-0.35,0.55,90.0,0.0,0.0,0,78.705,700,25.47,-1
0.45,-0.35,0.6,90.0,0.0,0.0,0,110.192,700,25.4,-1
0.45,-0.35,0.65,90.0,0.0,0.0,0,98.198,700,25.41,-1
0.45,-0.35,0.7,90.0,0.0,0.0,0,90.647,700,25.39,-1
0.45,-0.35,0.75,90.0,0.0,0.0,0,88.737,700,25.35,-1
0.45,-0.35,0.8,90.0,0.0,0.0,0,91.603,700,25.37,-1
0.45,-0.35,0.85,90.0,0.0,0.0,0,84.068,700,25.78,-1
0.45,-0.35,0.9,90.0,0.0,0.0,0,95.469,700,25.86,-1
0.45,-0.3,0.35,90.0,0.0,0.0,0,166.587,700,25.54,-1
0.45,-0.3,0.4,90.0,0.0,0.0,0,141.692,700,25.45,-1
0.45,-0.3,0.45,90.0,0.0,0.0,0,120.444,700,25.3,-1
0.45,-0.3,0.5,90.0,0.0,0.0,0,114.576,700,25.43,-1
0.45,-0.3,0.55,90.0,0.0,0.0,0,63.121,700,25.54,-1
0.45,-0.3,0.6,90.0,0.0,0.0,0,76.489,700,25.61,-1
0.45,-0.3,0.65,90.0,0.0,0.0,0,40.532,700,25.59,-1
0.45,-0.3,0.7,90.0,0.0,0.0,0,65.48,700,25.73,-1
0.45,-0.3,0.75,90.0,0.0,0.0,0,65.104,700,25.62,-1
0.45,-0.3,0.8,90.0,0.0,0.0,0,48.747,700,25.55,-1
0.45,-0.3,0.85,90.0,0.0,0.0,0,67.84,700,25.72,-1
0.45,-0.3,0.9,90.0,0.0,0.0,0,81.495,700,25.75,-1
0.45,-0.25,0.35,90.0,0.0,0.0,0,151.839,700,25.73,-1
0.45,-0.25,0.4,90.0,0.0,0.0,0,126.992,700,25.71,-1
0.45,-0.25,0.45,90.0,0.0,0.0,0,106.413,700,25.75,-1
0.45,-0.25,0.5,90.0,0.0,0.0,0,90.654,700,25.75,-1
0.45,-0.25,0.55,90.0,0.0,0.0,0,57.737,700,25.68,-1
0.45,-0.25,0.6,90.0,0.0,0.0,0,34.922,700,25.67,-1
0.45,-0.25,0.65,90.0,0.0,0.0,0,28.375,700,25.68,-1
0.45,-0.25,0.7,90.0,0.0,0.0,0,25.983,700,25.34,-1
0.45,-0.25,0.75,90.0,0.0,0.0,0,43.372,700,25.59,-1
0.45,-0.25,0.8,90.0,0.0,0.0,0,43.131,700,25.7,-1
0.45,-0.25,0.85,90.0,0.0,0.0,0,48.914,700,25.74,-1
0.45,-0.25,0.9,90.0,0.0,0.0,0,69.612,700,25.81,-1
0.45,-0.2,0.35,90.0,0.0,0.0,0,135.119,700,25.85,-1
0.45,-0.2,0.4,90.0,0.0,0.0,0,106.22,700,25.78,-1
0.45,-0.2,0.45,90.0,0.0,0.0,0,80.606,700,25.82,-1
0.45,-0.2,0.5,90.0,0.0,0.0,0,58.815,700,25.75,-1
0.45,-0.2,0.55,90.0,0.0,0.0,0,41.407,700,25.71,-1
0.45,-0.2,0.6,90.0,0.0,0.0,0,28.88,700,25.73,-1
0.45,-0.2,0.65,90.0,0.0,0.0,0,21.456,700,25.78,-1
0.45,-0.2,0.7,90.0,0.0,0.0,0,18.909,700,25.8,-1
0.45,-0.2,0.75,90.0,0.0,0.0,0,21.174,700,25.73,-1
0.45,-0.2,0.8,90.0,0.0,0.0,0,28.762,700,25.79,-1
0.45,-0.2,0.85,90.0,0.0,0.0,0,41.762,700,25.76,-1
0.45,-0.2,0.9,90.0,0.0,0.0,0,59.705,700,25.8,-1
0.45,-0.15,0.35,90.0,0.0,0.0,0,132.884,700,26.38,-1
0.45,-0.15,0.4,90.0,0.0,0.0,0,103.753,700,26.44,-1
0.45,-0.15,0.45,90.0,0.0,0.0,0,77.848,700,26.54,-1
0.45,-0.15,0.5,90.0,0.0,0.0,0,55.682,700,26.57,-1
0.45,-0.15,0.55,90.0,0.0,0.0,0,37.782,700,26.49,-1
0.45,-0.15,0.6,90.0,0.0,0.0,0,24.652,700,26.45,-1
0.45,-0.15,0.65,90.0,0.0,0.0,0,16.706,700,26.48,-1
0.45,-0.15,0.7,90.0,0.0,0.0,0,14.186,700,26.44,-1
0.45,-0.15,0.75,90.0,0.0,0.0,0,17.146,700,26.37,-1
0.45,-0.15,0.8,90.0,0.0,0.0,0,25.519,700,26.48,-1
0.45,-0.15,0.85,90.0,0.0,0.0,0,39.048,700,26.4,-1
0.45,-0.15,0.9,90.0,0.0,0.0,0,57.308,700,26.37,-1
0.45,-0.1,0.35,90.0,0.0,0.0,0,137.779,700,26.41,-1
0.45,-0.1,0.4,90.0,0.0,0.0,0,106.426,700,26.13,-1
0.45,-0.1,0.45,90.0,0.0,0.0,0,81.824,700,26.14,-1
0.45,-0.1,0.5,90.0,0.0,0.0,0,63.589,700,26.08,-1
0.45,-0.1,0.55,90.0,0.0,0.0,0,50.306,700,26.23,-1
0.45,-0.1,0.6,90.0,0.0,0.0,0,35.097,700,26.15,-1
0.45,-0.1,0.65,90.0,0.0,0.0,0,23.316,700,26.21,-1
0.45,-0.1,0.7,90.0,0.0,0.0,0,35.064,700,26.16,-1
0.45,-0.1,0.75,90.0,0.0,0.0,0,34.841,700,26.41,-1
0.45,-0.1,0.8,90.0,0.0,0.0,0,28.721,700,26.46,-1
0.45,-0.1,0.85,90.0,0.0,0.0,0,51.768,700,26.41,-1
0.45,-0.1,0.9,90.0,0.0,0.0,0,66.896,700,26.46,-1
0.45,-0.05,0.35,90.0,0.0,0.0,0,150.468,700,26.37,-1
0.45,-0.05,0.4,90.0,0.0,0.0,0,114.454,700,26.32,-1
0.45,-0.05,0.45,90.0,0.0,0.0,0,92.967,700,26.13,-1
0.45,-0.05,0.5,90.0,0.0,0.0,0,69.864,700,26.22,-1
0.45,-0.05,0.55,90.0,0.0,0.0,0,54.994,700,26.56,-1
0.45,-0.05,0.6,90.0,0.0,0.0,0,46.383,700,26.54,-1
0.45,-0.05,0.65,90.0,0.0,0.0,0,43.246,700,26.54,-1
0.45,-0.05,0.7,90.0,0.0,0.0,0,42.683,700,26.51,-1
0.45,-0.05,0.75,90.0,0.0,0.0,0,43.522,700,26.75,-1
0.45,-0.05,0.8,90.0,0.0,0.0,0,58.332,700,26.63,-1
0.45,-0.05,0.85,90.0,0.0,0.0,0,76.642,700,26.55,-1
0.45,-0.05,0.9,90.0,0.0,0.0,0,88.129,700,26.38,-1
0.5,-0.5,0.35,90.0,0.0,0.0,0,362.339,700,25.38,-1
0.5,-0.5,0.4,90.0,0.0,0.0,0,336.371,700,25.38,-1
0.5,-0.5,0.45,90.0,0.0,0.0,0,316.95,700,25.39,-1
0.5,-0.5,0.5,90.0,0.0,0.0,0,211.711,700,25.39,-1
0.5,-0.5,0.55,90.0,0.0,0.0,0,199.543,700,25.44,-1
0.5,-0.5,0.6,90.0,0.0,0.0,0,191.014,700,25.4,-1
0.5,-0.5,0.65,90.0,0.0,0.0,0,186.094,700,25.35,-1
0.5,-0.5,0.7,90.0,0.0,0.0,0,183.27,700,25.7,-1
0.5,-0.5,0.75,90.0,0.0,0.0,0,182.175,700,25.75,-1
0.5,-0.5,0.8,90.0,0.0,0.0,0,186.18,700,25.72,-1
0.5,-0.5,0.85,90.0,0.0,0.0,0,194.709,700,25.66,-1
0.5,-0.5,0.9,90.0,0.0,0.0,0,207.374,700,25.77,-1
0.5,-0.45,0.35,90.0,0.0,0.0,0,247.473,700,25.44,-1
0.5,-0.45,0.4,90.0,0.0,0.0,0,313.106,700,25.5,-1
0.5,-0.45,0.45,90.0,0.0,0.0,0,293.273,700,25.35,-1
0.5,-0.45,0.5,90.0,0.0,0.0,0,186.432,700,25.32,-1
0.5,-0.45,0.55,90.0,0.0,0.0,0,173.303,700,25.36,-1
0.5,-0.45,0.6,90.0,0.0,0.0,0,163.958,700,25.37,-1
0.5,-0.45,0.65,90.0,0.0,0.0,0,158.424,700,25.41,-1
0.5,-0.45,0.7,90.0,0.0,0.0,0,156.485,700,25.74,-1
0.5,-0.45,0.75,90.0,0.0,0.0,0,155.627,700,25.78,-1
0.5,-0.45,0.8,90.0,0.0,0.0,0,159.793,700,25.78,-1
0.5,-0.45,0.85,90.0,0.0,0.0,0,168.587,700,25.8,-1
0.5,-0.45,0.9,90.0,0.0,0.0,0,181.709,700,25.77,-1
0.5,-0.4,0.35,90.0,0.0,0.0,0,228.011,700,25.36,-1
0.5,-0.4,0.4,90.0,0.0,0.0,0,203.693,700,25.36,-1
0.5,-0.4,0.45,90.0,0.0,0.0,0,182.702,700,25.37,-1
0.5,-0.4,0.5,90.0,0.0,0.0,0,165.17,700,25.39,-1
0.5,-0.4,0.55,90.0,0.0,0.0,0,151.277,700,25.44,-1
0.5,-0.4,0.6,90.0,0.0,0.0,0,141.172,700,25.4,-1
0.5,-0.4,0.65,90.0,0.0,0.0,0,134.946,700,25.48,-1
0.5,-0.4,0.7,90.0,0.0,0.0,0,132.636,700,25.37,-1
0.5,-0.4,0.75,90.0,0.0,0.0,0,132.453,700,25.71,-1
0.5,-0.4,0.8,90.0,0.0,0.0,0,136.679,700,25.67,-1
0.5,-0.4,0.85,90.0,0.0,0.0,0,145.653,700,25.72,-1
0.5,-0.4,0.9,90.0,0.0,0.0,0,159.178,700,26.03,-1
0.5,-0.35,0.35,90.0,0.0,0.0,0,212.214,700,25.37,-1
0.5,-0.35,0.4,90.0,0.0,0.0,0,187.559,700,25.4,-1
0.5,-0.35,0.45,90.0,0.0,0.0,0,166.161,700,25.39,-1
0.5,-0.35,0.5,90.0,0.0,0.0,0,148.166,700,25.35,-1
0.5,-0.35,0.55,90.0,0.0,0.0,0,133.727,700,25.41,-1
0.5,-0.35,0.6,90.0,0.0,0.0,0,122.977,700,25.32,-1
0.5,-0.35,0.65,90.0,0.0,0.0,0,116.034,700,25.35,-1
0.5,-0.35,0.7,90.0,0.0,0.0,0,113.03,700,25.29,-1
0.5,-0.35,0.75,90.0,0.0,0.0,0,113.144,700,25.7,-1
0.5,-0.35,0.8,90.0,0.0,0.0,0,117.279,700,25.78,-1
0.5,-0.35,0.85,90.0,0.0,0.0,0,126.307,700,25.73,-1
0.5,-0.35,0.9,90.0,0.0,0.0,0,140.148,700,25.82,-1
0.5,-0.3,0.35,90.0,0.0,0.0,0,284.217,700,25.67,-1
0.5,-0.3,0.4,90.0,0.0,0.0,0,175.349,700,25.32,-1
0.5,-0.3,0.45,90.0,0.0,0.0,0,153.798,700,25.39,-1
0.5,-0.3,0.5,90.0,0.0,0.0,0,135.614,700,25.54,-1
0.5,-0.3,0.55,90.0,0.0,0.0,0,120.884,700,25.42,-1
0.5,-0.3,0.6,90.0,0.0,0.0,0,100.351,700,25.29,-1
0.5,-0.3,0.65,90.0,0.0,0.0,0,87.453,700,25.42,-1
0.5,-0.3,0.7,90.0,0.0,0.0,0,122.69,700,25.46,-1
0.5,-0.3,0.75,90.0,0.0,0.0,0,92.95,700,25.38,-1
0.5,-0.3,0.8,90.0,0.0,0.0,0,102.025,700,25.75,-1
0.5,-0.3,0.85,90.0,0.0,0.0,0,110.94,700,25.76,-1
0.5,-0.3,0.9,90.0,0.0,0.0,0,124.982,700,25.74,-1
0.5,-0.25,0.35,90.0,0.0,0.0,0,186.403,700,25.67,-1
0.5,-0.25,0.4,90.0,0.0,0.0,0,161.261,700,25.64,-1
0.5,-0.25,0.45,90.0,0.0,0.0,0,139.5,700,25.7,-1
0.5,-0.25,0.5,90.0,0.0,0.0,0,121.435,700,25.64,-1
0.5,-0.25,0.55,90.0,0.0,0.0,0,107.289,700,25.73,-1
0.5,-0.25,0.6,90.0,0.0,0.0,0,97.224,700,25.66,-1
0.5,-0.25,0.65,90.0,0.0,0.0,0,90.527,700,25.55,-1
0.5,-0.25,0.7,90.0,0.0,0.0,0,90.418,700,25.58,-1
0.5,-0.25,0.75,90.0,0.0,0.0,0,81.74,700,25.67,-1
0.5,-0.25,0.8,90.0,0.0,0.0,0,91.284,700,25.74,-1
0.5,-0.25,0.85,90.0,0.0,0.0,0,99.902,700,25.69,-1
0.5,-0.25,0.9,90.0,0.0,0.0,0,114.003,700,25.73,-1
0.5,-0.2,0.35,90.0,0.0,0.0,0,175.139,700,25.8,-1
0.5,-0.2,0.4,90.0,0.0,0.0,0,148.152,700,25.7,-1
0.5,-0.2,0.45,90.0,0.0,0.0,0,124.343,700,25.74,-1
0.5,-0.2,0.5,90.0,0.0,0.0,0,104.128,700,25.79,-1
0.5,-0.2,0.55,90.0,0.0,0.0,0,87.917,700,25.74,-1
0.5,-0.2,0.6,90.0,0.0,0.0,0,76.077,700,25.77,-1
0.5,-0.2,0.65,90.0,0.0,0.0,0,68.899,700,25.71,-1
0.5,-0.2,0.7,90.0,0.0,0.0,0,66.574,700,25.71,-1
0.5,-0.2,0.75,90.0,0.0,0.0,0,69.178,700,25.7,-1
0.5,-0.2,0.8,90.0,0.0,0.0,0,76.658,700,25.76,-1
0.5,-0.2,0.85,90.0,0.0,0.0,0,88.825,700,25.69,-1
0.5,-0.2,0.9,90.0,0.0,0.0,0,105.372,700,25.66,-1
0.5,-0.15,0.35,90.0,0.0,0.0,0,173.201,700,26.34,-1
0.5,-0.15,0.4,90.0,0.0,0.0,0,146.089,700,26.33,-1
0.5,-0.15,0.45,90.0,0.0,0.0,0,122.149,700,26.38,-1
0.5,-0.15,0.5,90.0,0.0,0.0,0,101.805,700,26.39,-1
0.5,-0.15,0.55,90.0,0.0,0.0,0,85.477,700,26.46,-1
0.5,-0.15,0.6,90.0,0.0,0.0,0,73.551,700,26.46,-1
0.5,-0.15,0.65,90.0,0.0,0.0,0,66.34,700,26.45,-1
0.5,-0.15,0.7,90.0,0.0,0.0,0,64.047,700,26.47,-1
0.5,-0.15,0.75,90.0,0.0,0.0,0,66.738,700,26.37,-1
0.5,-0.15,0.8,90.0,0.0,0.0,0,74.336,700,26.32,-1
0.5,-0.15,0.85,90.0,0.0,0.0,0,86.627,700,26.33,-1
0.5,-0.15,0.9,90.0,0.0,0.0,0,103.291,700,26.31,-1
0.5,-0.1,0.35,90.0,0.0,0.0,0,177.163,700,26.48,-1
0.5,-0.1,0.4,90.0,0.0,0.0,0,150.626,700,26.38,-1
0.5,-0.1,0.45,90.0,0.0,0.0,0,127.387,700,26.14,-1
0.5,-0.1,0.5,90.0,0.0,0.0,0,107.873,700,26.05,-1
0.5,-0.1,0.55,90.0,0.0,0.0,0,89.389,700,26.12,-1
0.5,-0.1,0.6,90.0,0.0,0.0,0,81.432,700,26.14,-1
0.5,-0.1,0.65,90.0,0.0,0.0,0,74.894,700,26.32,-1
0.5,-0.1,0.7,90.0,0.0,0.0,0,72.84,700,26.35,-1
0.5,-0.1,0.75,90.0,0.0,0.0,0,75.252,700,26.4,-1
0.5,-0.1,0.8,90.0,0.0,0.0,0,82.151,700,26.33,-1
0.5,-0.1,0.85,90.0,0.0,0.0,0,93.539,700,26.41,-1
0.5,-0.1,0.9,90.0,0.0,0.0,0,109.288,700,26.4,-1
0.5,-0.05,0.35,90.0,0.0,0.0,0,187.665,700,26.4,-1
0.5,-0.05,0.4,90.0,0.0,0.0,0,162.494,700,26.37,-1
0.5,-0.05,0.45,90.0,0.0,0.0,0,140.842,700,26.4,-1
0.5,-0.05,0.5,90.0,0.0,0.0,0,112.727,700,26.13,-1
0.5,-0.05,0.55,90.0,0.0,0.0,0,109.473,700,26.12,-1
0.5,-0.05,0.6,90.0,0.0,0.0,0,100.032,700,26.12,-1
0.5,-0.05,0.65,90.0,0.0,0.0,0,94.591,700,26.27,-1
0.5,-0.05,0.7,90.0,0.0,0.0,0,92.911,700,26.37,-1
0.5,-0.05,0.75,90.0,0.0,0.0,0,94.886,700,26.41,-1
0.5,-0.05,0.8,90.0,0.0,0.0,0,100.638,700,26.41,-1
0.5,-0.05,0.85,90.0,0.0,0.0,0,110.409,700,26.24,-1
0.5,-0.05,0.9,90.0,0.0,0.0,0,124.358,700,26.34,-1
-0.2,-0.5,0.35,180.0,0.0,0.0,0,116.715,700,25.37,-1
-0.2,-0.5,0.4,180.0,0.0,0.0,0,66.978,700,25.67,-1
-0.2,-0.5,0.45,180.0,0.0,0.0,0,55.933,700,25.69,-1
-0.2,-0.5,0.5,180.0,0.0,0.0,0,27.279,700,25.8,-1
-0.2,-0.5,0.55,180.0,0.0,0.0,1,4.084,100,3.68,0
-0.2,-0.5,0.6,180.0,0.0,0.0,1,2.841,12,0.48,0
-0.2,-0.5,0.65,180.0,0.0,0.0,1,2.15,20,0.79,0
-0.2,-0.5,0.7,180.0,0.0,0.0,1,2.402,12,0.49,0
-0.2,-0.5,0.75,180.0,0.0,0.0,0,65.544,700,26.96,-1
-0.2,-0.5,0.8,180.0,0.0,0.0,1,9.998,300,11.88,2
-0.2,-0.5,0.85,180.0,0.0,0.0,0,28.745,700,27.4,-1
-0.2,-0.5,0.9,180.0,0.0,0.0,0,58.549,700,27.46,-1
-0.2,-0.45,0.35,180.0,0.0,0.0,0,67.524,700,25.36,-1
-0.2,-0.45,0.4,180.0,0.0,0.0,0,37.284,700,25.45,-1
-0.2,-0.45,0.45,180.0,0.0,0.0,1,3.36,100,3.58,0
-0.2,-0.45,0.5,180.0,0.0,0.0,1,1.254,6,0.25,0
-0.2,-0.45,0.55,180.0,0.0,0.0,0,25.452,700,26.41,-1
-0.2,-0.45,0.6,180.0,0.0,0.0,1,1.03,15,0.59,0
-0.2,-0.45,0.65,180.0,0.0,0.0,1,1.373,25,0.97,0
-0.2,-0.45,0.7,180.0,0.0,0.0,1,1.858,310,11.99,3
-0.2,-0.45,0.75,180.0,0.0,0.0,1,3.642,100,3.61,0
-0.2,-0.45,0.8,180.0,0.0,0.0,1,3.246,300,11.69,2
-0.2,-0.45,0.85,180.0,0.0,0.0,1,4.035,300,11.88,2
-0.2,-0.45,0.9,180.0,0.0,0.0,0,29.412,700,27.21,-1
-0.2,-0.4,0.35,180.0,0.0,0.0,0,44.179,700,25.33,-1
-0.2,-0.4,0.4,180.0,0.0,0.0,1,3.573,100,3.58,0
-0.2,-0.4,0.45,180.0,0.0,0.0,1,0.49,6,0.24,0
-0.2,-0.4,0.5,180.0,0.0,0.0,1,0.655,6,0.25,0
-0.2,-0.4,0.55,180.0,0.0,0.0,1,1.632,311,11.76,3
-0.2,-0.4,0.6,180.0,0.0,0.0,1,1.353,309,11.71,3
-0.2,-0.4,0.65,180.0,0.0,0.0,0,109.115,700,26.51,-1
-0.2,-0.4,0.7,180.0,0.0,0.0,0,136.332,700,27.01,-1
-0.2,-0.4,0.75,180.0,0.0,0.0,0,152.735,700,27.01,-1
-0.2,-0.4,0.8,180.0,0.0,0.0,1,2.396,15,0.59,0
-0.2,-0.4,0.85,180.0,0.0,0.0,0,210.207,700,27.36,-1
-0.2,-0.4,0.9,180.0,0.0,0.0,0,233.996,700,27.45,-1
-0.2,-0.35,0.35,180.0,0.0,0.0,0,11.042,700,25.24,-1
-0.2,-0.35,0.4,180.0,0.0,0.0,1,1.133,5,0.21,0
-0.2,-0.35,0.45,180.0,0.0,0.0,1,0.458,6,0.24,0
-0.2,-0.35,0.5,180.0,0.0,0.0,1,1.019,7,0.3,0
-0.2,-0.35,0.55,180.0,0.0,0.0,1,1.316,310,11.7,3
-0.2,-0.35,0.6,180.0,0.0,0.0,1,1.494,309,11.62,3
-0.2,-0.35,0.65,180.0,0.0,0.0,0,123.598,700,26.3,-1
-0.2,-0.35,0.7,180.0,0.0,0.0,0,36.704,700,26.94,-1
-0.2,-0.35,0.75,180.0,0.0,0.0,0,147.774,700,27.09,-1
-0.2,-0.35,0.8,180.0,0.0,0.0,0,135.183,700,27.59,-1
-0.2,-0.35,0.85,180.0,0.0,0.0,0,184.423,700,27.72,-1
-0.2,-0.35,0.9,180.0,0.0,0.0,1,2.904,28,1.11,0
-0.2,-0.3,0.35,180.0,0.0,0.0,1,2.079,5,0.2,0
-0.2,-0.3,0.4,180.0,0.0,0.0,1,1.173,5,0.2,0
-0.2,-0.3,0.45,180.0,0.0,0.0,1,0.757,6,0.24,0
-0.2,-0.3,0.5,180.0,0.0,0.0,1,1.203,9,0.36,0
-0.2,-0.3,0.55,180.0,0.0,0.0,1,1.642,405,15.4,4
-0.2,-0.3,0.6,180.0,0.0,0.0,1,1.561,405,15.35,4
-0.2,-0.3,0.65,180.0,0.0,0.0,1,1.541,405,15.33,4
-0.2,-0.3,0.7,180.0,0.0,0.0,0,36.705,700,26.92,-1
-0.2,-0.3,0.75,180.0,0.0,0.0,0,147.855,700,27.21,-1
-0.2,-0.3,0.8,180.0,0.0,0.0,0,174.018,700,27.71,-1
-0.2,-0.3,0.85,180.0,0.0,0.0,0,186.609,700,28.13,-1
-0.2,-0.3,0.9,180.0,0.0,0.0,0,213.19,700,28.0,-1
-0.2,-0.25,0.35,180.0,0.0,0.0,1,1.034,5,0.2,0
-0.2,-0.25,0.4,180.0,0.0,0.0,1,0.904,5,0.21,0
-0.2,-0.25,0.45,180.0,0.0,0.0,1,2.331,6,0.25,0
-0.2,-0.25,0.5,180.0,0.0,0.0,1,2.784,7,0.29,0
-0.2,-0.25,0.55,180.0,0.0,0.0,1,1.72,110,4.28,1
-0.2,-0.25,0.6,180.0,0.0,0.0,1,0.755,404,15.61,4
-0.2,-0.25,0.65,180.0,0.0,0.0,1,1.781,405,15.6,4
-0.2,-0.25,0.7,180.0,0.0,0.0,0,36.706,700,27.38,-1
-0.2,-0.25,0.75,180.0,0.0,0.0,0,153.222,700,28.37,-1
-0.2,-0.25,0.8,180.0,0.0,0.0,0,173.937,700,28.23,-1
-0.2,-0.25,0.85,180.0,0.0,0.0,0,199.707,700,28.75,-1
-0.2,-0.25,0.9,180.0,0.0,0.0,0,232.563,700,28.68,-1
-0.2,-0.2,0.35,180.0,0.0,0.0,1,1.232,5,0.2,0
-0.2,-0.2,0.4,180.0,0.0,0.0,1,1.412,5,0.22,0
-0.2,-0.2,0.45,180.0,0.0,0.0,1,1.338,6,0.24,0
-0.2,-0.2,0.5,180.0,0.0,0.0,1,1.616,6,0.25,0
-0.2,-0.2,0.55,180.0,0.0,0.0,1,1.766,11,0.43,0
-0.2,-0.2,0.6,180.0,0.0,0.0,1,6.715,100,3.77,0
-0.2,-0.2,0.65,180.0,0.0,0.0,0,12.538,700,26.85,-1
-0.2,-0.2,0.7,180.0,0.0,0.0,0,154.611,700,27.48,-1
-0.2,-0.2,0.75,180.0,0.0,0.0,0,169.774,700,28.34,-1
-0.2,-0.2,0.8,180.0,0.0,0.0,0,192.964,700,28.37,-1
-0.2,-0.2,0.85,180.0,0.0,0.0,0,215.581,700,28.72,-1
-0.2,-0.2,0.9,180.0,0.0,0.0,0,233.885,700,28.61,-1
-0.2,-0.15,0.35,180.0,0.0,0.0,1,2.629,5,0.21,0
-0.2,-0.15,0.4,180.0,0.0,0.0,1,0.912,5,0.21,0
-0.2,-0.15,0.45,180.0,0.0,0.0,1,2.118,5,0.21,0
-0.2,-0.15,0.5,180.0,0.0,0.0,1,1.349,6,0.25,0
-0.2,-0.15,0.55,180.0,0.0,0.0,0,20.391,700,26.38,-1
-0.2,-0.15,0.6,180.0,0.0,0.0,0,45.329,700,26.33,-1
-0.2,-0.15,0.65,180.0,0.0,0.0,0,54.723,700,26.67,-1
-0.2,-0.15,0.7,180.0,0.0,0.0,0,179.834,700,28.0,-1
-0.2,-0.15,0.75,180.0,0.0,0.0,0,197.824,700,28.95,-1
-0.2,-0.15,0.8,180.0,0.0,0.0,0,217.849,700,29.1,-1
-0.2,-0.15,0.85,180.0,0.0,0.0,0,244.901,700,29.75,-1
-0.2,-0.15,0.9,180.0,0.0,0.0,0,259.298,700,29.4,-1
-0.2,-0.1,0.35,180.0,0.0,0.0,1,2.848,5,0.21,0
-0.2,-0.1,0.4,180.0,0.0,0.0,1,0.945,5,0.21,0
-0.2,-0.1,0.45,180.0,0.0,0.0,1,1.079,5,0.21,0
-0.2,-0.1,0.5,180.0,0.0,0.0,1,2.122,5,0.21,0
-0.2,-0.1,0.55,180.0,0.0,0.0,0,34.857,700,26.32,-1
-0.2,-0.1,0.6,180.0,0.0,0.0,0,76.264,700,26.37,-1
-0.2,-0.1,0.65,180.0,0.0,0.0,0,94.06,700,26.46,-1
-0.2,-0.1,0.7,180.0,0.0,0.0,0,151.258,700,27.69,-1
-0.2,-0.1,0.75,180.0,0.0,0.0,0,166.64,700,28.81,-1
-0.2,-0.1,0.8,180.0,0.0,0.0,0,190.19,700,28.98,-1
-0.2,-0.1,0.85,180.0,0.0,0.0,0,274.389,700,29.6,-1
-0.2,-0.1,0.9,180.0,0.0,0.0,0,288.172,700,29.32,-1
-0.2,-0.05,0.35,180.0,0.0,0.0,1,2.916,5,0.21,0
-0.2,-0.05,0.4,180.0,0.0,0.0,1,1.487,5,0.21,0
-0.2,-0.05,0.45,180.0,0.0,0.0,1,0.854,5,0.21,0
-0.2,-0.05,0.5,180.0,0.0,0.0,1,1.759,5,0.21,0
-0.2,-0.05,0.55,180.0,0.0,0.0,0,38.255,700,26.31,-1
-0.2,-0.05,0.6,180.0,0.0,0.0,0,83.972,700,26.42,-1
-0.2,-0.05,0.65,180.0,0.0,0.0,0,127.745,700,26.35,-1
-0.2,-0.05,0.7,180.0,0.0,0.0,0,135.653,700,27.52,-1
-0.2,-0.05,0.75,180.0,0.0,0.0,0,151.987,700,28.21,-1
-0.2,-0.05,0.8,180.0,0.0,0.0,0,177.327,700,28.46,-1
-0.2,-0.05,0.85,180.0,0.0,0.0,0,209.877,700,29.33,-1
-0.2,-0.05,0.9,180.0,0.0,0.0,0,251.244,700,29.26,-1
-0.15,-0.5,0.35,180.0,0.0,0.0,0,98.822,700,25.39,-1
-0.15,-0.5,0.4,180.0,0.0,0.0,0,57.62,700,25.72,-1
-0.15,-0.5,0.45,180.0,0.0,0.0,0,26.086,700,25.61,-1
-0.15,-0.5,0.5,180.0,0.0,0.0,1,3.985,100,3.68,0
-0.15,-0.5,0.55,180.0,0.0,0.0,0,10.035,700,26.41,-1
-0.15,-0.5,0.6,180.0,0.0,0.0,1,1.827,13,0.52,0
-0.15,-0.5,0.65,180.0,0.0,0.0,1,1.678,309,11.67,3
-0.15,-0.5,0.7,180.0,0.0,0.0,1,1.379,9,0.37,0
-0.15,-0.5,0.75,180.0,0.0,0.0,1,4.767,300,11.72,2
-0.15,-0.5,0.8,180.0,0.0,0.0,1,4.231,300,11.83,2
-0.15,-0.5,0.85,180.0,0.0,0.0,0,23.987,700,27.64,-1
-0.15,-0.5,0.9,180.0,0.0,0.0,0,53.893,700,27.74,-1
-0.15,-0.45,0.35,180.0,0.0,0.0,0,51.75,700,25.38,-1
-0.15,-0.45,0.4,180.0,0.0,0.0,0,10.437,700,25.16,-1
-0.15,-0.45,0.45,180.0,0.0,0.0,1,0.615,6,0.25,0
-0.15,-0.45,0.5,180.0,0.0,0.0,1,0.979,6,0.24,0
-0.15,-0.45,0.55,180.0,0.0,0.0,0,30.605,700,26.44,-1
-0.15,-0.45,0.6,180.0,0.0,0.0,0,74.564,700,26.51,-1
-0.15,-0.45,0.65,180.0,0.0,0.0,0,102.008,700,26.52,-1
-0.15,-0.45,0.7,180.0,0.0,0.0,0,108.119,700,27.09,-1
-0.15,-0.45,0.75,180.0,0.0,0.0,1,2.095,18,0.72,0
-0.15,-0.45,0.8,180.0,0.0,0.0,1,2.592,210,8.48,2
-0.15,-0.45,0.85,180.0,0.0,0.0,1,2.876,211,8.04,2
-0.15,-0.45,0.9,180.0,0.0,0.0,0,225.908,700,27.4,-1
-0.15,-0.4,0.35,180.0,0.0,0.0,0,16.228,700,25.23,-1
-0.15,-0.4,0.4,180.0,0.0,0.0,1,1.08,5,0.21,0
-0.15,-0.4,0.45,180.0,0.0,0.0,1,2.513,5,0.2,0
-0.15,-0.4,0.5,180.0,0.0,0.0,1,2.129,5,0.21,0
-0.15,-0.4,0.55,180.0,0.0,0.0,1,2.03,409,15.48,4
-0.15,-0.4,0.6,180.0,0.0,0.0,0,65.769,700,26.46,-1
-0.15,-0.4,0.65,180.0,0.0,0.0,0,88.133,700,26.29,-1
-0.15,-0.4,0.7,180.0,0.0,0.0,0,95.037,700,26.92,-1
-0.15,-0.4,0.75,180.0,0.0,0.0,0,117.335,700,27.03,-1
-0.15,-0.4,0.8,180.0,0.0,0.0,0,126.501,700,26.83,-1
-0.15,-0.4,0.85,180.0,0.0,0.0,0,180.565,700,27.25,-1
-0.15,-0.4,0.9,180.0,0.0,0.0,0,210.387,700,27.21,-1
-0.15,-0.35,0.35,180.0,0.0,0.0,1,1.807,5,0.21,0
-0.15,-0.35,0.4,180.0,0.0,0.0,1,0.336,5,0.2,0
-0.15,-0.35,0.45,180.0,0.0,0.0,1,1.134,5,0.21,0
-0.15,-0.35,0.5,180.0,0.0,0.0,1,0.46,5,0.21,0
-0.15,-0.35,0.55,180.0,0.0,0.0,1,0.884,309,11.72,3
-0.15,-0.35,0.6,180.0,0.0,0.0,1,1.277,407,15.31,4
-0.15,-0.35,0.65,180.0,0.0,0.0,0,80.327,700,26.36,-1
-0.15,-0.35,0.7,180.0,0.0,0.0,0,87.964,700,27.04,-1
-0.15,-0.35,0.75,180.0,0.0,0.0,0,112.042,700,27.06,-1
-0.15,-0.35,0.8,180.0,0.0,0.0,0,126.501,700,26.99,-1
-0.15,-0.35,0.85,180.0,0.0,0.0,0,161.824,700,27.71,-1
-0.15,-0.35,0.9,180.0,0.0,0.0,0,196.502,700,27.71,-1
-0.15,-0.3,0.35,180.0,0.0,0.0,1,0.556,5,0.21,0
-0.15,-0.3,0.4,180.0,0.0,0.0,1,0.38,5,0.2,0
-0.15,-0.3,0.45,180.0,0.0,0.0,1,1.127,5,0.21,0
-0.15,-0.3,0.5,180.0,0.0,0.0,1,2.586,6,0.25,0
-0.15,-0.3,0.55,180.0,0.0,0.0,1,1.851,404,15.39,4
-0.15,-0.3,0.6,180.0,0.0,0.0,1,1.288,406,15.36,4
-0.15,-0.3,0.65,180.0,0.0,0.0,1,1.556,406,15.37,4
-0.15,-0.3,0.7,180.0,0.0,0.0,0,87.192,700,27.01,-1
-0.15,-0.3,0.75,180.0,0.0,0.0,0,111.439,700,27.84,-1
-0.15,-0.3,0.8,180.0,0.0,0.0,0,135.627,700,27.66,-1
-0.15,-0.3,0.85,180.0,0.0,0.0,0,169.807,700,28.16,-1
-0.15,-0.3,0.9,180.0,0.0,0.0,1,1.962,334,13.35,3
-0.15,-0.25,0.35,180.0,0.0,0.0,1,2.279,4,0.17,0
-0.15,-0.25,0.4,180.0,0.0,0.0,1,0.396,5,0.21,0
-0.15,-0.25,0.45,180.0,0.0,0.0,1,2.365,5,0.21,0
-0.15,-0.25,0.5,180.0,0.0,0.0,1,1.807,7,0.28,0
-0.15,-0.25,0.55,180.0,0.0,0.0,1,2.49,404,15.59,4
-0.15,-0.25,0.6,180.0,0.0,0.0,1,2.327,405,15.65,4
-0.15,-0.25,0.65,180.0,0.0,0.0,0,86.689,700,27.12,-1
-0.15,-0.25,0.7,180.0,0.0,0.0,0,94.323,700,27.63,-1
-0.15,-0.25,0.75,180.0,0.0,0.0,0,117.285,700,28.43,-1
-0.15,-0.25,0.8,180.0,0.0,0.0,0,128.932,700,28.33,-1
-0.15,-0.25,0.85,180.0,0.0,0.0,0,162.55,700,28.84,-1
-0.15,-0.25,0.9,180.0,0.0,0.0,0,186.742,700,28.6,-1
-0.15,-0.2,0.35,180.0,0.0,0.0,1,2.673,4,0.18,0
-0.15,-0.2,0.4,180.0,0.0,0.0,1,0.61,5,0.21,0
-0.15,-0.2,0.45,180.0,0.0,0.0,1,1.169,5,0.21,0
-0.15,-0.2,0.5,180.0,0.0,0.0,1,1.6,5,0.21,0
-0.15,-0.2,0.55,180.0,0.0,0.0,1,5.088,100,3.77,0
-0.15,-0.2,0.6,180.0,0.0,0.0,0,16.9,700,26.4,-1
-0.15,-0.2,0.65,180.0,0.0,0.0,0,111.469,700,27.04,-1
-0.15,-0.2,0.7,180.0,0.0,0.0,0,119.603,700,28.43,-1
-0.15,-0.2,0.75,180.0,0.0,0.0,0,139.213,700,29.1,-1
-0.15,-0.2,0.8,180.0,0.0,0.0,0,167.236,700,29.13,-1
-0.15,-0.2,0.85,180.0,0.0,0.0,0,174.114,700,29.35,-1
-0.15,-0.2,0.9,180.0,0.0,0.0,0,202.337,700,29.15,-1
-0.15,-0.15,0.35,180.0,0.0,0.0,1,0.47,5,0.21,0
-0.15,-0.15,0.4,180.0,0.0,0.0,1,0.353,5,0.21,0
-0.15,-0.15,0.45,180.0,0.0,0.0,1,0.818,5,0.2,0
-0.15,-0.15,0.5,180.0,0.0,0.0,1,0.795,5,0.21,0
-0.15,-0.15,0.55,180.0,0.0,0.0,0,29.406,700,26.34,-1
-0.15,-0.15,0.6,180.0,0.0,0.0,0,60.256,700,26.42,-1
-0.15,-0.15,0.65,180.0,0.0,0.0,0,117.544,700,27.02,-1
-0.15,-0.15,0.7,180.0,0.0,0.0,0,156.991,700,28.31,-1
-0.15,-0.15,0.75,180.0,0.0,0.0,0,172.678,700,29.05,-1
-0.15,-0.15,0.8,180.0,0.0,0.0,0,196.227,700,29.15,-1
-0.15,-0.15,0.85,180.0,0.0,0.0,0,225.197,700,29.7,-1
-0.15,-0.15,0.9,180.0,0.0,0.0,0,234.196,700,29.12,-1
-0.15,-0.1,0.35,180.0,0.0,0.0,1,0.609,5,0.21,0
-0.15,-0.1,0.4,180.0,0.0,0.0,1,0.108,5,0.21,0
-0.15,-0.1,0.45,180.0,0.0,0.0,1,0.74,5,0.2,0
-0.15,-0.1,0.5,180.0,0.0,0.0,1,1.235,5,0.21,0
-0.15,-0.1,0.55,180.0,0.0,0.0,0,28.876,700,26.38,-1
-0.15,-0.1,0.6,180.0,0.0,0.0,0,70.41,700,26.39,-1
-0.15,-0.1,0.65,180.0,0.0,0.0,0,98.817,700,27.01,-1
-0.15,-0.1,0.7,180.0,0.0,0.0,0,115.098,700,27.56,-1
-0.15,-0.1,0.75,180.0,0.0,0.0,0,135.246,700,28.08,-1
-0.15,-0.1,0.8,180.0,0.0,0.0,0,232.075,700,29.07,-1
-0.15,-0.1,0.85,180.0,0.0,0.0,0,256.914,700,29.73,-1
-0.15,-0.1,0.9,180.0,0.0,0.0,0,254.691,700,28.91,-1
-0.15,-0.05,0.35,180.0,0.0,0.0,1,0.917,5,0.21,0
-0.15,-0.05,0.4,180.0,0.0,0.0,1,0.583,5,0.2,0
-0.15,-0.05,0.45,180.0,0.0,0.0,1,0.591,5,0.21,0
-0.15,-0.05,0.5,180.0,0.0,0.0,1,0.939,5,0.21,0
-0.15,-0.05,0.55,180.0,0.0,0.0,0,24.5,700,26.42,-1
-0.15,-0.05,0.6,180.0,0.0,0.0,0,62.167,700,26.54,-1
-0.15,-0.05,0.65,180.0,0.0,0.0,0,84.516,700,26.42,-1
-0.15,-0.05,0.7,180.0,0.0,0.0,0,92.264,700,27.5,-1
-0.15,-0.05,0.75,180.0,0.0,0.0,0,115.523,700,28.3,-1
-0.15,-0.05,0.8,180.0,0.0,0.0,0,147.789,700,28.56,-1
-0.15,-0.05,0.85,180.0,0.0,0.0,0,184.799,700,29.16,-1
-0.15,-0.05,0.9,180.0,0.0,0.0,0,230.523,700,29.1,-1
-0.1,-0.5,0.35,180.0,0.0,0.0,0,69.01,700,25.37,-1
-0.1,-0.5,0.4,180.0,0.0,0.0,0,57.621,700,25.69,-1
-0.1,-0.5,0.45,180.0,0.0,0.0,1,9.306,100,3.68,0
-0.1,-0.5,0.5,180.0,0.0,0.0,1,1.313,6,0.25,0
-0.1,-0.5,0.55,180.0,0.0,0.0,1,1.525,309,11.64,3
-0.1,-0.5,0.6,180.0,0.0,0.0,0,65.149,700,26.3,-1
-0.1,-0.5,0.65,180.0,0.0,0.0,1,2.645,316,11.96,3
-0.1,-0.5,0.7,180.0,0.0,0.0,0,19.344,700,27.29,-1
-0.1,-0.5,0.75,180.0,0.0,0.0,0,68.579,700,27.55,-1
-0.1,-0.5,0.8,180.0,0.0,0.0,1,5.057,300,11.71,2
-0.1,-0.5,0.85,180.0,0.0,0.0,0,28.342,700,27.1,-1
-0.1,-0.5,0.9,180.0,0.0,0.0,0,57.334,700,27.16,-1
-0.1,-0.45,0.35,180.0,0.0,0.0,0,41.476,700,25.26,-1
-0.1,-0.45,0.4,180.0,0.0,0.0,1,2.33,6,0.24,0
-0.1,-0.45,0.45,180.0,0.0,0.0,1,2.155,5,0.2,0
-0.1,-0.45,0.5,180.0,0.0,0.0,1,0.917,5,0.21,0
-0.1,-0.45,0.55,180.0,0.0,0.0,1,1.665,308,11.61,3
-0.1,-0.45,0.6,180.0,0.0,0.0,0,46.998,700,26.35,-1
-0.1,-0.45,0.65,180.0,0.0,0.0,0,63.18,700,26.42,-1
-0.1,-0.45,0.7,180.0,0.0,0.0,0,70.986,700,27.05,-1
-0.1,-0.45,0.75,180.0,0.0,0.0,0,97.682,700,27.33,-1
-0.1,-0.45,0.8,180.0,0.0,0.0,1,1.527,211,8.12,2
-0.1,-0.45,0.85,180.0,0.0,0.0,1,2.311,215,8.16,2
-0.1,-0.45,0.9,180.0,0.0,0.0,0,205.901,700,26.65,-1
-0.1,-0.4,0.35,180.0,0.0,0.0,1,4.775,100,3.58,0
-0.1,-0.4,0.4,180.0,0.0,0.0,1,0.461,5,0.21,0
-0.1,-0.4,0.45,180.0,0.0,0.0,1,0.32,5,0.2,0
-0.1,-0.4,0.5,180.0,0.0,0.0,1,0.97,5,0.2,0
-0.1,-0.4,0.55,180.0,0.0,0.0,1,3.837,100,3.76,0
-0.1,-0.4,0.6,180.0,0.0,0.0,0,32.056,700,26.35,-1
-0.1,-0.4,0.65,180.0,0.0,0.0,0,46.064,700,26.29,-1
-0.1,-0.4,0.7,180.0,0.0,0.0,0,57.027,700,27.01,-1
-0.1,-0.4,0.75,180.0,0.0,0.0,0,54.626,700,27.0,-1
-0.1,-0.4,0.8,180.0,0.0,0.0,0,96.015,700,26.79,-1
-0.1,-0.4,0.85,180.0,0.0,0.0,0,149.232,700,26.81,-1
-0.1,-0.4,0.9,180.0,0.0,0.0,0,189.503,700,27.0,-1
-0.1,-0.35,0.35,180.0,0.0,0.0,1,2.967,4,0.17,0
-0.1,-0.35,0.4,180.0,0.0,0.0,1,2.84,4,0.17,0
-0.1,-0.35,0.45,180.0,0.0,0.0,1,0.669,5,0.2,0
-0.1,-0.35,0.5,180.0,0.0,0.0,1,0.813,5,0.21,0
-0.1,-0.35,0.55,180.0,0.0,0.0,1,1.392,5,0.21,0
-0.1,-0.35,0.6,180.0,0.0,0.0,0,22.701,700,26.37,-1
-0.1,-0.35,0.65,180.0,0.0,0.0,0,35.743,700,26.37,-1
-0.1,-0.35,0.7,180.0,0.0,0.0,0,49.857,700,27.03,-1
-0.1,-0.35,0.75,180.0,0.0,0.0,0,85.566,700,27.04,-1
-0.1,-0.35,0.8,180.0,0.0,0.0,0,71.745,700,27.12,-1
-0.1,-0.35,0.85,180.0,0.0,0.0,0,132.456,700,27.23,-1
-0.1,-0.35,0.9,180.0,0.0,0.0,0,172.47,700,27.55,-1
-0.1,-0.3,0.35,180.0,0.0,0.0,1,1.472,4,0.17,0
-0.1,-0.3,0.4,180.0,0.0,0.0,1,1.518,4,0.17,0
-0.1,-0.3,0.45,180.0,0.0,0.0,1,0.713,5,0.21,0
-0.1,-0.3,0.5,180.0,0.0,0.0,1,1.266,5,0.21,0
-0.1,-0.3,0.55,180.0,0.0,0.0,1,1.687,5,0.21,0
-0.1,-0.3,0.6,180.0,0.0,0.0,0,20.339,700,26.41,-1
-0.1,-0.3,0.65,180.0,0.0,0.0,0,33.451,700,26.4,-1
-0.1,-0.3,0.7,180.0,0.0,0.0,0,48.463,700,27.09,-1
-0.1,-0.3,0.75,180.0,0.0,0.0,0,84.955,700,27.79,-1
-0.1,-0.3,0.8,180.0,0.0,0.0,0,70.434,700,27.65,-1
-0.1,-0.3,0.85,180.0,0.0,0.0,0,135.253,700,27.67,-1
-0.1,-0.3,0.9,180.0,0.0,0.0,0,163.556,700,28.02,-1
-0.1,-0.25,0.35,180.0,0.0,0.0,1,0.946,4,0.17,0
-0.1,-0.25,0.4,180.0,0.0,0.0,1,1.183,4,0.17,0
-0.1,-0.25,0.45,180.0,0.0,0.0,1,0.646,5,0.2,0
-0.1,-0.25,0.5,180.0,0.0,0.0,1,1.603,5,0.21,0
-0.1,-0.25,0.55,180.0,0.0,0.0,1,8.296,100,3.76,0
-0.1,-0.25,0.6,180.0,0.0,0.0,0,30.238,700,26.94,-1
-0.1,-0.25,0.65,180.0,0.0,0.0,0,43.398,700,27.63,-1
-0.1,-0.25,0.7,180.0,0.0,0.0,0,59.449,700,27.59,-1
-0.1,-0.25,0.75,180.0,0.0,0.0,0,92.26,700,29.23,-1
-0.1,-0.25,0.8,180.0,0.0,0.0,0,79.431,700,28.98,-1
-0.1,-0.25,0.85,180.0,0.0,0.0,0,128.839,700,28.61,-1
-0.1,-0.25,0.9,180.0,0.0,0.0,0,173.827,700,28.99,-1
-0.1,-0.2,0.35,180.0,0.0,0.0,1,0.938,4,0.17,0
-0.1,-0.2,0.4,180.0,0.0,0.0,1,1.805,4,0.17,0
-0.1,-0.2,0.45,180.0,0.0,0.0,1,2.653,4,0.17,0
-0.1,-0.2,0.5,180.0,0.0,0.0,1,1.915,6,0.24,0
-0.1,-0.2,0.55,180.0,0.0,0.0,0,13.822,700,26.36,-1
-0.1,-0.2,0.6,180.0,0.0,0.0,0,19.089,700,26.45,-1
-0.1,-0.2,0.65,180.0,0.0,0.0,0,80.216,700,26.99,-1
-0.1,-0.2,0.7,180.0,0.0,0.0,0,95.901,700,28.35,-1
-0.1,-0.2,0.75,180.0,0.0,0.0,0,120.031,700,28.32,-1
-0.1,-0.2,0.8,180.0,0.0,0.0,0,152.168,700,29.04,-1
-0.1,-0.2,0.85,180.0,0.0,0.0,0,145.297,700,28.74,-1
-0.1,-0.2,0.9,180.0,0.0,0.0,0,185.167,700,29.39,-1
-0.1,-0.15,0.35,180.0,0.0,0.0,1,1.823,4,0.17,0
-0.1,-0.15,0.4,180.0,0.0,0.0,1,1.472,4,0.17,0
-0.1,-0.15,0.45,180.0,0.0,0.0,1,1.438,4,0.17,0
-0.1,-0.15,0.5,180.0,0.0,0.0,1,0.774,5,0.21,0
-0.1,-0.15,0.55,180.0,0.0,0.0,0,17.686,700,26.43,-1
-0.1,-0.15,0.6,180.0,0.0,0.0,0,54.38,700,26.97,-1
-0.1,-0.15,0.65,180.0,0.0,0.0,0,117.163,700,26.99,-1
-0.1,-0.15,0.7,180.0,0.0,0.0,0,141.277,700,27.51,-1
-0.1,-0.15,0.75,180.0,0.0,0.0,0,158.513,700,28.35,-1
-0.1,-0.15,0.8,180.0,0.0,0.0,0,184.384,700,29.11,-1
-0.1,-0.15,0.85,180.0,0.0,0.0,0,215.086,700,29.18,-1
-0.1,-0.15,0.9,180.0,0.0,0.0,0,210.123,700,29.13,-1
-0.1,-0.1,0.35,180.0,0.0,0.0,1,2.324,4,0.17,0
-0.1,-0.1,0.4,180.0,0.0,0.0,1,1.88,4,0.17,0
-0.1,-0.1,0.45,180.0,0.0,0.0,1,1.832,4,0.17,0
-0.1,-0.1,0.5,180.0,0.0,0.0,1,1.013,5,0.21,0
-0.1,-0.1,0.55,180.0,0.0,0.0,1,5.162,100,3.79,0
-0.1,-0.1,0.6,180.0,0.0,0.0,0,36.315,700,26.36,-1
-0.1,-0.1,0.65,180.0,0.0,0.0,0,67.736,700,27.02,-1
-0.1,-0.1,0.7,180.0,0.0,0.0,0,90.048,700,27.63,-1
-0.1,-0.1,0.75,180.0,0.0,0.0,0,115.262,700,27.94,-1
-0.1,-0.1,0.8,180.0,0.0,0.0,0,222.869,700,29.09,-1
-0.1,-0.1,0.85,180.0,0.0,0.0,0,248.792,700,29.02,-1
-0.1,-0.1,0.9,180.0,0.0,0.0,0,283.94,700,29.02,-1
-0.1,-0.05,0.35,180.0,0.0,0.0,1,0.358,5,0.21,0
-0.1,-0.05,0.4,180.0,0.0,0.0,1,2.204,4,0.17,0
-0.1,-0.05,0.45,180.0,0.0,0.0,1,0.682,5,0.2,0
-0.1,-0.05,0.5,180.0,0.0,0.0,1,1.098,5,0.2,0
-0.1,-0.05,0.55,180.0,0.0,0.0,1,2.416,4,0.17,0
-0.1,-0.05,0.6,180.0,0.0,0.0,0,24.451,700,26.39,-1
-0.1,-0.05,0.65,180.0,0.0,0.0,0,40.165,700,26.9,-1
-0.1,-0.05,0.7,180.0,0.0,0.0,0,55.857,700,27.48,-1
-0.1,-0.05,0.75,180.0,0.0,0.0,0,89.831,700,28.36,-1
-0.1,-0.05,0.8,180.0,0.0,0.0,0,129.242,700,28.58,-1
-0.1,-0.05,0.85,180.0,0.0,0.0,0,170.39,700,28.8,-1
-0.1,-0.05,0.9,180.0,0.0,0.0,0,341.971,700,28.64,-1
-0.05,-0.5,0.35,180.0,0.0,0.0,0,79.827,700,25.76,-1
-0.05,-0.5,0.4,180.0,0.0,0.0,0,39.913,700,25.9,-1
-0.05,-0.5,0.45,180.0,0.0,0.0,1,4.971,100,3.69,0
-0.05,-0.5,0.5,180.0,0.0,0.0,1,0.732,5,0.21,0
-0.05,-0.5,0.55,180.0,0.0,0.0,0,10.276,700,26.34,-1
-0.05,-0.5,0.6,180.0,0.0,0.0,0,38.938,700,26.41,-1
-0.05,-0.5,0.65,180.0,0.0,0.0,1,2.056,212,8.02,2
-0.05,-0.5,0.7,180.0,0.0,0.0,0,59.663,700,26.99,-1
-0.05,-0.5,0.75,180.0,0.0,0.0,0,82.653,700,27.53,-1
-0.05,-0.5,0.8,180.0,0.0,0.0,0,19.197,700,26.99,-1
-0.05,-0.5,0.85,180.0,0.0,0.0,0,40.983,700,27.15,-1
-0.05,-0.5,0.9,180.0,0.0,0.0,0,68.302,700,26.79,-1
-0.05,-0.45,0.35,180.0,0.0,0.0,0,28.385,700,25.17,-1
-0.05,-0.45,0.4,180.0,0.0,0.0,1,1.298,5,0.21,0
-0.05,-0.45,0.45,180.0,0.0,0.0,1,0.387,5,0.2,0
-0.05,-0.45,0.5,180.0,0.0,0.0,1,1.841,6,0.24,0
-0.05,-0.45,0.55,180.0,0.0,0.0,1,2.393,5,0.21,0
-0.05,-0.45,0.6,180.0,0.0,0.0,0,14.522,700,26.33,-1
-0.05,-0.45,0.65,180.0,0.0,0.0,0,26.1,700,26.42,-1
-0.05,-0.45,0.7,180.0,0.0,0.0,0,25.928,700,26.99,-1
-0.05,-0.45,0.75,180.0,0.0,0.0,0,41.011,700,26.99,-1
-0.05,-0.45,0.8,180.0,0.0,0.0,1,1.089,212,8.15,2
-0.05,-0.45,0.85,180.0,0.0,0.0,0,11.403,700,26.54,-1
-0.05,-0.45,0.9,180.0,0.0,0.0,0,188.952,700,26.83,-1
-0.05,-0.4,0.35,180.0,0.0,0.0,1,2.018,5,0.21,0
-0.05,-0.4,0.4,180.0,0.0,0.0,1,0.388,5,0.2,0
-0.05,-0.4,0.45,180.0,0.0,0.0,1,0.681,5,0.21,0
-0.05,-0.4,0.5,180.0,0.0,0.0,1,1.69,5,0.2,0
-0.05,-0.4,0.55,180.0,0.0,0.0,1,1.453,6,0.24,0
-0.05,-0.4,0.6,180.0,0.0,0.0,1,2.222,5,0.21,0
-0.05,-0.4,0.65,180.0,0.0,0.0,1,5.549,100,3.79,0
-0.05,-0.4,0.7,180.0,0.0,0.0,0,32.355,700,27.13,-1
-0.05,-0.4,0.75,180.0,0.0,0.0,0,21.042,700,27.04,-1
-0.05,-0.4,0.8,180.0,0.0,0.0,0,55.313,700,26.97,-1
-0.05,-0.4,0.85,180.0,0.0,0.0,0,122.914,700,26.83,-1
-0.05,-0.4,0.9,180.0,0.0,0.0,0,175.316,700,26.69,-1
-0.05,-0.35,0.35,180.0,0.0,0.0,1,1.926,4,0.18,0
-0.05,-0.35,0.4,180.0,0.0,0.0,1,1.708,4,0.17,0
-0.05,-0.35,0.45,180.0,0.0,0.0,1,2.93,4,0.16,0
-0.05,-0.35,0.5,180.0,0.0,0.0,1,0.979,5,0.2,0
-0.05,-0.35,0.55,180.0,0.0,0.0,1,1.44,5,0.21,0
-0.05,-0.35,0.6,180.0,0.0,0.0,1,2.086,5,0.21,0
-0.05,-0.35,0.65,180.0,0.0,0.0,1,2.752,5,0.21,0
-0.05,-0.35,0.7,180.0,0.0,0.0,0,33.996,700,26.38,-1
-0.05,-0.35,0.75,180.0,0.0,0.0,1,8.637,300,11.31,2
-0.05,-0.35,0.8,180.0,0.0,0.0,0,45.261,700,26.35,-1
-0.05,-0.35,0.85,180.0,0.0,0.0,0,98.339,700,26.29,-1
-0.05,-0.35,0.9,180.0,0.0,0.0,0,156.561,700,26.94,-1
-0.05,-0.3,0.35,180.0,0.0,0.0,1,0.951,4,0.17,0
-0.05,-0.3,0.4,180.0,0.0,0.0,1,0.942,4,0.17,0
-0.05,-0.3,0.45,180.0,0.0,0.0,1,1.206,4,0.17,0
-0.05,-0.3,0.5,180.0,0.0,0.0,1,2.091,4,0.17,0
-0.05,-0.3,0.55,180.0,0.0,0.0,1,1.629,5,0.21,0
-0.05,-0.3,0.6,180.0,0.0,0.0,1,2.268,4,0.18,0
-0.05,-0.3,0.65,180.0,0.0,0.0,1,3.025,100,3.7,0
-0.05,-0.3,0.7,180.0,0.0,0.0,0,35.003,700,26.41,-1
-0.05,-0.3,0.75,180.0,0.0,0.0,0,78.277,700,26.31,-1
-0.05,-0.3,0.8,180.0,0.0,0.0,0,43.246,700,26.99,-1
-0.05,-0.3,0.85,180.0,0.0,0.0,0,103.972,700,27.0,-1
-0.05,-0.3,0.9,180.0,0.0,0.0,0,163.083,700,27.69,-1
-0.05,-0.25,0.35,180.0,0.0,0.0,1,0.562,4,0.17,0
-0.05,-0.25,0.4,180.0,0.0,0.0,1,0.691,4,0.17,0
-0.05,-0.25,0.45,180.0,0.0,0.0,1,0.725,4,0.17,0
-0.05,-0.25,0.5,180.0,0.0,0.0,1,0.749,4,0.17,0
-0.05,-0.25,0.55,180.0,0.0,0.0,1,1.78,4,0.17,0
-0.05,-0.25,0.6,180.0,0.0,0.0,1,3.476,100,3.76,0
-0.05,-0.25,0.65,180.0,0.0,0.0,0,30.53,700,26.35,-1
-0.05,-0.25,0.7,180.0,0.0,0.0,0,51.461,700,27.57,-1
-0.05,-0.25,0.75,180.0,0.0,0.0,0,87.888,700,27.52,-1
-0.05,-0.25,0.8,180.0,0.0,0.0,0,56.114,700,27.99,-1
-0.05,-0.25,0.85,180.0,0.0,0.0,0,104.285,700,28.15,-1
-0.05,-0.25,0.9,180.0,0.0,0.0,0,145.402,700,28.72,-1
-0.05,-0.2,0.35,180.0,0.0,0.0,1,0.581,4,0.17,0
-0.05,-0.2,0.4,180.0,0.0,0.0,1,0.824,4,0.17,0
-0.05,-0.2,0.45,180.0,0.0,0.0,1,0.466,4,0.16,0
-0.05,-0.2,0.5,180.0,0.0,0.0,1,0.714,4,0.16,0
-0.05,-0.2,0.55,180.0,0.0,0.0,1,2.893,3,0.13,0
-0.05,-0.2,0.6,180.0,0.0,0.0,0,34.099,700,26.98,-1
-0.05,-0.2,0.65,180.0,0.0,0.0,0,71.307,700,26.99,-1
-0.05,-0.2,0.7,180.0,0.0,0.0,0,92.527,700,27.47,-1
-0.05,-0.2,0.75,180.0,0.0,0.0,0,117.828,700,27.45,-1
-0.05,-0.2,0.8,180.0,0.0,0.0,0,150.905,700,28.38,-1
-0.05,-0.2,0.85,180.0,0.0,0.0,0,125.685,700,28.26,-1
-0.05,-0.2,0.9,180.0,0.0,0.0,0,166.519,700,28.56,-1
-0.05,-0.15,0.35,180.0,0.0,0.0,1,1.454,4,0.17,0
-0.05,-0.15,0.4,180.0,0.0,0.0,1,0.953,4,0.17,0
-0.05,-0.15,0.45,180.0,0.0,0.0,1,0.536,4,0.16,0
-0.05,-0.15,0.5,180.0,0.0,0.0,1,0.948,4,0.17,0
-0.05,-0.15,0.55,180.0,0.0,0.0,1,1.164,4,0.17,0
-0.05,-0.15,0.6,180.0,0.0,0.0,0,40.535,700,26.9,-1
-0.05,-0.15,0.65,180.0,0.0,0.0,0,88.389,700,26.94,-1
-0.05,-0.15,0.7,180.0,0.0,0.0,0,138.989,700,27.46,-1
-0.05,-0.15,0.75,180.0,0.0,0.0,0,157.723,700,27.56,-1
-0.05,-0.15,0.8,180.0,0.0,0.0,0,184.145,700,28.62,-1
-0.05,-0.15,0.85,180.0,0.0,0.0,0,160.03,700,28.56,-1
-0.05,-0.15,0.9,180.0,0.0,0.0,0,197.697,700,28.32,-1
-0.05,-0.1,0.35,180.0,0.0,0.0,1,2.593,4,0.17,0
-0.05,-0.1,0.4,180.0,0.0,0.0,1,0.713,4,0.17,0
-0.05,-0.1,0.45,180.0,0.0,0.0,1,1.072,4,0.17,0
-0.05,-0.1,0.5,180.0,0.0,0.0,1,1.51,4,0.17,0
-0.05,-0.1,0.55,180.0,0.0,0.0,1,1.412,3,0.13,0
-0.05,-0.1,0.6,180.0,0.0,0.0,0,26.865,700,26.61,-1
-0.05,-0.1,0.65,180.0,0.0,0.0,0,63.716,700,27.27,-1
-0.05,-0.1,0.7,180.0,0.0,0.0,0,86.272,700,27.84,-1
-0.05,-0.1,0.75,180.0,0.0,0.0,0,112.824,700,27.9,-1
-0.05,-0.1,0.8,180.0,0.0,0.0,0,238.973,700,29.11,-1
-0.05,-0.1,0.85,180.0,0.0,0.0,0,259.421,700,28.95,-1
-0.05,-0.1,0.9,180.0,0.0,0.0,0,286.803,700,28.8,-1
-0.05,-0.05,0.35,180.0,0.0,0.0,1,2.083,4,0.17,0
-0.05,-0.05,0.4,180.0,0.0,0.0,1,1.165,4,0.17,0
-0.05,-0.05,0.45,180.0,0.0,0.0,1,2.196,4,0.17,0
-0.05,-0.05,0.5,180.0,0.0,0.0,1,2.866,4,0.17,0
-0.05,-0.05,0.55,180.0,0.0,0.0,1,1.329,4,0.17,0
-0.05,-0.05,0.6,180.0,0.0,0.0,1,2.148,4,0.17,0
-0.05,-0.05,0.65,180.0,0.0,0.0,0,24.797,700,26.51,-1
-0.05,-0.05,0.7,180.0,0.0,0.0,0,46.958,700,27.73,-1
-0.05,-0.05,0.75,180.0,0.0,0.0,0,85.155,700,27.79,-1
-0.05,-0.05,0.8,180.0,0.0,0.0,0,126.521,700,28.46,-1
-0.05,-0.05,0.85,180.0,0.0,0.0,0,168.774,700,28.75,-1
-0.05,-0.05,0.9,180.0,0.0,0.0,0,309.664,700,29.06,-1
-0.0,-0.5,0.35,180.0,0.0,0.0,0,62.362,700,25.81,-1
-0.0,-0.5,0.4,180.0,0.0,0.0,0,22.134,700,26.06,-1
-0.0,-0.5,0.45,180.0,0.0,0.0,1,3.909,100,3.69,0
-0.0,-0.5,0.5,180.0,0.0,0.0,1,0.935,5,0.21,0
-0.0,-0.5,0.55,180.0,0.0,0.0,1,2.037,5,0.21,0
-0.0,-0.5,0.6,180.0,0.0,0.0,1,0.812,215,8.16,2
-0.0,-0.5,0.65,180.0,0.0,0.0,1,1.184,211,7.98,2
-0.0,-0.5,0.7,180.0,0.0,0.0,0,24.26,700,27.2,-1
-0.0,-0.5,0.75,180.0,0.0,0.0,0,68.165,700,26.77,-1
-0.0,-0.5,0.8,180.0,0.0,0.0,0,78.327,700,26.83,-1
-0.0,-0.5,0.85,180.0,0.0,0.0,0,60.567,700,26.82,-1
-0.0,-0.5,0.9,180.0,0.0,0.0,0,148.949,700,27.14,-1
-0.0,-0.45,0.35,180.0,0.0,0.0,0,21.205,700,25.28,-1
-0.0,-0.45,0.4,180.0,0.0,0.0,1,2.92,4,0.17,0
-0.0,-0.45,0.45,180.0,0.0,0.0,1,0.681,5,0.2,0
-0.0,-0.45,0.5,180.0,0.0,0.0,1,2.505,5,0.2,0
-0.0,-0.45,0.55,180.0,0.0,0.0,1,1.812,8,0.31,0
-0.0,-0.45,0.6,180.0,0.0,0.0,1,2.726,9,0.35,0
-0.0,-0.45,0.65,180.0,0.0,0.0,1,2.172,6,0.25,0
-0.0,-0.45,0.7,180.0,0.0,0.0,1,1.261,208,7.9,2
-0.0,-0.45,0.75,180.0,0.0,0.0,0,26.221,700,26.49,-1
-0.0,-0.45,0.8,180.0,0.0,0.0,0,11.462,700,26.76,-1
-0.0,-0.45,0.85,180.0,0.0,0.0,0,140.42,700,26.88,-1
-0.0,-0.45,0.9,180.0,0.0,0.0,0,151.682,700,27.16,-1
-0.0,-0.4,0.35,180.0,0.0,0.0,1,1.598,5,0.21,0
-0.0,-0.4,0.4,180.0,0.0,0.0,1,1.148,4,0.17,0
-0.0,-0.4,0.45,180.0,0.0,0.0,1,2.103,4,0.17,0
-0.0,-0.4,0.5,180.0,0.0,0.0,1,1.299,5,0.2,0
-0.0,-0.4,0.55,180.0,0.0,0.0,1,2.155,7,0.27,0
-0.0,-0.4,0.6,180.0,0.0,0.0,1,2.48,7,0.28,0
-0.0,-0.4,0.65,180.0,0.0,0.0,1,2.839,5,0.21,0
-0.0,-0.4,0.7,180.0,0.0,0.0,0,28.961,700,26.48,-1
-0.0,-0.4,0.75,180.0,0.0,0.0,1,4.708,300,11.32,2
-0.0,-0.4,0.8,180.0,0.0,0.0,0,45.564,700,26.94,-1
-0.0,-0.4,0.85,180.0,0.0,0.0,0,85.476,700,26.94,-1
-0.0,-0.4,0.9,180.0,0.0,0.0,0,163.856,700,27.01,-1
-0.0,-0.35,0.35,180.0,0.0,0.0,1,1.1,4,0.17,0
-0.0,-0.35,0.4,180.0,0.0,0.0,1,0.675,4,0.17,0
-0.0,-0.35,0.45,180.0,0.0,0.0,1,1.05,4,0.17,0
-0.0,-0.35,0.5,180.0,0.0,0.0,1,2.075,4,0.17,0
-0.0,-0.35,0.55,180.0,0.0,0.0,1,2.759,5,0.2,0
-0.0,-0.35,0.6,180.0,0.0,0.0,1,2.877,5,0.2,0
-0.0,-0.35,0.65,180.0,0.0,0.0,1,2.399,4,0.17,0
-0.0,-0.35,0.7,180.0,0.0,0.0,0,31.253,700,26.56,-1
-0.0,-0.35,0.75,180.0,0.0,0.0,1,1.608,209,8.16,2
-0.0,-0.35,0.8,180.0,0.0,0.0,0,34.879,700,27.19,-1
-0.0,-0.35,0.85,180.0,0.0,0.0,0,89.229,700,27.25,-1
-0.0,-0.35,0.9,180.0,0.0,0.0,0,150.823,700,27.31,-1
-0.0,-0.3,0.35,180.0,0.0,0.0,1,0.477,4,0.17,0
-0.0,-0.3,0.4,180.0,0.0,0.0,1,0.534,4,0.17,0
-0.0,-0.3,0.45,180.0,0.0,0.0,1,0.806,4,0.17,0
-0.0,-0.3,0.5,180.0,0.0,0.0,1,0.963,4,0.17,0
-0.0,-0.3,0.55,180.0,0.0,0.0,1,1.361,4,0.17,0
-0.0,-0.3,0.6,180.0,0.0,0.0,1,1.809,4,0.17,0
-0.0,-0.3,0.65,180.0,0.0,0.0,1,2.011,3,0.13,0
-0.0,-0.3,0.7,180.0,0.0,0.0,0,32.94,700,26.54,-1
-0.0,-0.3,0.75,180.0,0.0,0.0,0,75.997,700,27.36,-1
-0.0,-0.3,0.8,180.0,0.0,0.0,0,32.479,700,27.12,-1
-0.0,-0.3,0.85,180.0,0.0,0.0,0,85.297,700,27.24,-1
-0.0,-0.3,0.9,180.0,0.0,0.0,0,185.64,700,27.17,-1
-0.0,-0.25,0.35,180.0,0.0,0.0,1,0.218,4,0.18,0
-0.0,-0.25,0.4,180.0,0.0,0.0,1,0.468,4,0.17,0
-0.0,-0.25,0.45,180.0,0.0,0.0,1,0.688,4,0.17,0
-0.0,-0.25,0.5,180.0,0.0,0.0,1,0.951,4,0.16,0
-0.0,-0.25,0.55,180.0,0.0,0.0,1,1.48,3,0.13,0
-0.0,-0.25,0.6,180.0,0.0,0.0,0,11.738,700,26.39,-1
-0.0,-0.25,0.65,180.0,0.0,0.0,0,41.47,700,26.32,-1
-0.0,-0.25,0.7,180.0,0.0,0.0,0,59.966,700,26.94,-1
-0.0,-0.25,0.75,180.0,0.0,0.0,0,92.109,700,27.82,-1
-0.0,-0.25,0.8,180.0,0.0,0.0,0,48.315,700,27.66,-1
-0.0,-0.25,0.85,180.0,0.0,0.0,0,150.559,700,27.79,-1
-0.0,-0.25,0.9,180.0,0.0,0.0,0,194.766,700,27.38,-1
-0.0,-0.2,0.35,180.0,0.0,0.0,1,0.141,4,0.17,0
-0.0,-0.2,0.4,180.0,0.0,0.0,1,0.37,4,0.17,0
-0.0,-0.2,0.45,180.0,0.0,0.0,1,0.654,4,0.17,0
-0.0,-0.2,0.5,180.0,0.0,0.0,1,2.069,3,0.13,0
-0.0,-0.2,0.55,180.0,0.0,0.0,1,1.12,3,0.13,0
-0.0,-0.2,0.6,180.0,0.0,0.0,0,40.708,700,25.71,-1
-0.0,-0.2,0.65,180.0,0.0,0.0,0,82.368,700,26.28,-1
-0.0,-0.2,0.7,180.0,0.0,0.0,0,105.109,700,26.97,-1
-0.0,-0.2,0.75,180.0,0.0,0.0,0,126.986,700,26.92,-1
-0.0,-0.2,0.8,180.0,0.0,0.0,0,156.183,700,27.78,-1
-0.0,-0.2,0.85,180.0,0.0,0.0,0,174.132,700,27.8,-1
-0.0,-0.2,0.9,180.0,0.0,0.0,0,213.309,700,27.67,-1
-0.0,-0.15,0.35,180.0,0.0,0.0,1,0.522,4,0.17,0
-0.0,-0.15,0.4,180.0,0.0,0.0,1,0.306,4,0.17,0
-0.0,-0.15,0.45,180.0,0.0,0.0,1,0.852,4,0.17,0
-0.0,-0.15,0.5,180.0,0.0,0.0,1,1.064,4,0.18,0
-0.0,-0.15,0.55,180.0,0.0,0.0,1,1.166,3,0.13,0
-0.0,-0.15,0.6,180.0,0.0,0.0,0,51.108,700,25.66,-1
-0.0,-0.15,0.65,180.0,0.0,0.0,0,101.044,700,25.63,-1
-0.0,-0.15,0.7,180.0,0.0,0.0,0,147.807,700,26.75,-1
-0.0,-0.15,0.75,180.0,0.0,0.0,0,158.645,700,28.14,-1
-0.0,-0.15,0.8,180.0,0.0,0.0,0,177.421,700,28.94,-1
-0.0,-0.15,0.85,180.0,0.0,0.0,0,204.782,700,28.68,-1
-0.0,-0.15,0.9,180.0,0.0,0.0,0,239.493,700,28.76,-1
-0.0,-0.1,0.35,180.0,0.0,0.0,1,1.259,4,0.17,0
-0.0,-0.1,0.4,180.0,0.0,0.0,1,0.615,4,0.17,0
-0.0,-0.1,0.45,180.0,0.0,0.0,1,1.214,4,0.17,0
-0.0,-0.1,0.5,180.0,0.0,0.0,1,1.359,4,0.17,0
-0.0,-0.1,0.55,180.0,0.0,0.0,1,2.179,3,0.13,0
-0.0,-0.1,0.6,180.0,0.0,0.0,0,37.543,700,25.72,-1
-0.0,-0.1,0.65,180.0,0.0,0.0,0,77.334,700,25.73,-1
-0.0,-0.1,0.7,180.0,0.0,0.0,0,99.921,700,28.24,-1
-0.0,-0.1,0.75,180.0,0.0,0.0,0,123.857,700,28.11,-1
-0.0,-0.1,0.8,180.0,0.0,0.0,0,201.275,700,29.01,-1
-0.0,-0.1,0.85,180.0,0.0,0.0,0,226.46,700,28.71,-1
-0.0,-0.1,0.9,180.0,0.0,0.0,0,257.568,700,28.88,-1
-0.0,-0.05,0.35,180.0,0.0,0.0,1,1.073,4,0.17,0
-0.0,-0.05,0.4,180.0,0.0,0.0,1,1.272,4,0.17,0
-0.0,-0.05,0.45,180.0,0.0,0.0,1,1.959,4,0.17,0
-0.0,-0.05,0.5,180.0,0.0,0.0,1,2.87,4,0.17,0
-0.0,-0.05,0.55,180.0,0.0,0.0,1,1.645,4,0.17,0
-0.0,-0.05,0.6,180.0,0.0,0.0,1,6.872,100,3.69,0
-0.0,-0.05,0.65,180.0,0.0,0.0,0,36.853,700,27.09,-1
-0.0,-0.05,0.7,180.0,0.0,0.0,0,58.988,700,28.46,-1
-0.0,-0.05,0.75,180.0,0.0,0.0,0,92.761,700,27.7,-1
-0.0,-0.05,0.8,180.0,0.0,0.0,0,132.011,700,28.3,-1
-0.0,-0.05,0.85,180.0,0.0,0.0,0,254.256,700,28.46,-1
-0.0,-0.05,0.9,180.0,0.0,0.0,0,282.334,700,28.89,-1
0.05,-0.5,0.35,180.0,0.0,0.0,0,63.873,700,25.66,-1
0.05,-0.5,0.4,180.0,0.0,0.0,0,25.126,700,25.79,-1
0.05,-0.5,0.45,180.0,0.0,0.0,1,5.01,100,3.67,0
0.05,-0.5,0.5,180.0,0.0,0.0,1,0.848,5,0.21,0
0.05,-0.5,0.55,180.0,0.0,0.0,1,1.46,5,0.21,0
0.05,-0.5,0.6,180.0,0.0,0.0,1,2.333,5,0.21,0
0.05,-0.5,0.65,180.0,0.0,0.0,1,3.276,100,3.79,0
0.05,-0.5,0.7,180.0,0.0,0.0,1,5.722,100,3.7,0
0.05,-0.5,0.75,180.0,0.0,0.0,0,32.251,700,26.84,-1
0.05,-0.5,0.8,180.0,0.0,0.0,0,71.649,700,26.81,-1
0.05,-0.5,0.85,180.0,0.0,0.0,0,106.609,700,26.92,-1
0.05,-0.5,0.9,180.0,0.0,0.0,0,141.165,700,27.1,-1
0.05,-0.45,0.35,180.0,0.0,0.0,0,27.044,700,25.16,-1
0.05,-0.45,0.4,180.0,0.0,0.0,1,1.925,4,0.17,0
0.05,-0.45,0.45,180.0,0.0,0.0,1,2.358,3,0.13,0
0.05,-0.45,0.5,180.0,0.0,0.0,1,2.647,4,0.16,0
0.05,-0.45,0.55,180.0,0.0,0.0,1,1.951,7,0.27,0
0.05,-0.45,0.6,180.0,0.0,0.0,1,2.639,9,0.35,0
0.05,-0.45,0.65,180.0,0.0,0.0,1,2.14,5,0.22,0
0.05,-0.45,0.7,180.0,0.0,0.0,1,5.793,300,11.2,2
0.05,-0.45,0.75,180.0,0.0,0.0,0,39.537,700,26.32,-1
0.05,-0.45,0.8,180.0,0.0,0.0,0,69.547,700,26.58,-1
0.05,-0.45,0.85,180.0,0.0,0.0,0,114.219,700,26.47,-1
0.05,-0.45,0.9,180.0,0.0,0.0,0,149.537,700,26.92,-1
0.05,-0.4,0.35,180.0,0.0,0.0,1,2.862,4,0.17,0
0.05,-0.4,0.4,180.0,0.0,0.0,1,0.445,4,0.17,0
0.05,-0.4,0.45,180.0,0.0,0.0,1,0.606,3,0.13,0
0.05,-0.4,0.5,180.0,0.0,0.0,1,2.326,3,0.13,0
0.05,-0.4,0.55,180.0,0.0,0.0,1,2.844,5,0.2,0
0.05,-0.4,0.6,180.0,0.0,0.0,1,2.249,8,0.31,0
0.05,-0.4,0.65,180.0,0.0,0.0,1,2.19,5,0.2,0
0.05,-0.4,0.7,180.0,0.0,0.0,1,5.854,300,11.19,2
0.05,-0.4,0.75,180.0,0.0,0.0,0,21.039,700,26.3,-1
0.05,-0.4,0.8,180.0,0.0,0.0,0,55.354,700,26.35,-1
0.05,-0.4,0.85,180.0,0.0,0.0,0,123.22,700,26.4,-1
0.05,-0.4,0.9,180.0,0.0,0.0,0,161.631,700,26.49,-1
0.05,-0.35,0.35,180.0,0.0,0.0,1,0.699,4,0.17,0
0.05,-0.35,0.4,180.0,0.0,0.0,1,1.156,3,0.13,0
0.05,-0.35,0.45,180.0,0.0,0.0,1,0.245,3,0.13,0
0.05,-0.35,0.5,180.0,0.0,0.0,1,0.478,3,0.13,0
0.05,-0.35,0.55,180.0,0.0,0.0,1,2.657,3,0.13,0
0.05,-0.35,0.6,180.0,0.0,0.0,1,2.815,6,0.24,0
0.05,-0.35,0.65,180.0,0.0,0.0,1,2.668,4,0.17,0
0.05,-0.35,0.7,180.0,0.0,0.0,0,26.17,700,26.35,-1
0.05,-0.35,0.75,180.0,0.0,0.0,0,45.485,700,26.32,-1
0.05,-0.35,0.8,180.0,0.0,0.0,0,45.261,700,26.39,-1
0.05,-0.35,0.85,180.0,0.0,0.0,0,82.723,700,26.42,-1
0.05,-0.35,0.9,180.0,0.0,0.0,0,125.365,700,26.84,-1
0.05,-0.3,0.35,180.0,0.0,0.0,1,0.263,4,0.17,0
0.05,-0.3,0.4,180.0,0.0,0.0,1,0.717,3,0.13,0
0.05,-0.3,0.45,180.0,0.0,0.0,1,0.345,3,0.13,0
0.05,-0.3,0.5,180.0,0.0,0.0,1,0.362,3,0.13,0
0.05,-0.3,0.55,180.0,0.0,0.0,1,1.627,3,0.13,0
0.05,-0.3,0.6,180.0,0.0,0.0,1,1.588,3,0.13,0
0.05,-0.3,0.65,180.0,0.0,0.0,1,2.331,3,0.13,0
0.05,-0.3,0.7,180.0,0.0,0.0,0,26.963,700,26.44,-1
0.05,-0.3,0.75,180.0,0.0,0.0,0,69.646,700,26.45,-1
0.05,-0.3,0.8,180.0,0.0,0.0,0,93.955,700,27.19,-1
0.05,-0.3,0.85,180.0,0.0,0.0,0,139.397,700,27.01,-1
0.05,-0.3,0.9,180.0,0.0,0.0,0,183.924,700,26.91,-1
0.05,-0.25,0.35,180.0,0.0,0.0,1,0.158,4,0.17,0
0.05,-0.25,0.4,180.0,0.0,0.0,1,0.915,3,0.13,0
0.05,-0.25,0.45,180.0,0.0,0.0,1,0.343,3,0.13,0
0.05,-0.25,0.5,180.0,0.0,0.0,1,0.325,3,0.13,0
0.05,-0.25,0.55,180.0,0.0,0.0,1,1.141,3,0.13,0
0.05,-0.25,0.6,180.0,0.0,0.0,1,3.146,100,3.69,0
0.05,-0.25,0.65,180.0,0.0,0.0,0,30.456,700,26.47,-1
0.05,-0.25,0.7,180.0,0.0,0.0,0,45.909,700,27.16,-1
0.05,-0.25,0.75,180.0,0.0,0.0,0,77.436,700,27.05,-1
0.05,-0.25,0.8,180.0,0.0,0.0,0,102.927,700,27.61,-1
0.05,-0.25,0.85,180.0,0.0,0.0,0,146.797,700,28.17,-1
0.05,-0.25,0.9,180.0,0.0,0.0,0,191.921,700,27.91,-1
0.05,-0.2,0.35,180.0,0.0,0.0,1,0.174,4,0.17,0
0.05,-0.2,0.4,180.0,0.0,0.0,1,2.068,3,0.15,0
0.05,-0.2,0.45,180.0,0.0,0.0,1,1.75,3,0.13,0
0.05,-0.2,0.5,180.0,0.0,0.0,1,0.89,3,0.13,0
0.05,-0.2,0.55,180.0,0.0,0.0,1,1.001,3,0.13,0
0.05,-0.2,0.6,180.0,0.0,0.0,0,29.737,700,25.7,-1
0.05,-0.2,0.65,180.0,0.0,0.0,0,65.73,700,26.36,-1
0.05,-0.2,0.7,180.0,0.0,0.0,0,81.707,700,27.06,-1
0.05,-0.2,0.75,180.0,0.0,0.0,0,97.679,700,27.79,-1
0.05,-0.2,0.8,180.0,0.0,0.0,0,124.266,700,27.89,-1
0.05,-0.2,0.85,180.0,0.0,0.0,0,162.302,700,27.92,-1
0.05,-0.2,0.9,180.0,0.0,0.0,0,203.845,700,28.24,-1
0.05,-0.15,0.35,180.0,0.0,0.0,1,0.219,4,0.17,0
0.05,-0.15,0.4,180.0,0.0,0.0,1,0.517,4,0.17,0
0.05,-0.15,0.45,180.0,0.0,0.0,1,0.863,4,0.16,0
0.05,-0.15,0.5,180.0,0.0,0.0,1,1.015,4,0.16,0
0.05,-0.15,0.55,180.0,0.0,0.0,1,1.359,3,0.13,0
0.05,-0.15,0.6,180.0,0.0,0.0,0,39.23,700,27.03,-1
0.05,-0.15,0.65,180.0,0.0,0.0,0,83.531,700,27.09,-1
0.05,-0.15,0.7,180.0,0.0,0.0,0,109.001,700,27.07,-1
0.05,-0.15,0.75,180.0,0.0,0.0,0,119.157,700,28.14,-1
0.05,-0.15,0.8,180.0,0.0,0.0,0,143.359,700,28.72,-1
0.05,-0.15,0.85,180.0,0.0,0.0,0,177.225,700,28.9,-1
0.05,-0.15,0.9,180.0,0.0,0.0,0,215.822,700,28.98,-1
0.05,-0.1,0.35,180.0,0.0,0.0,1,0.287,4,0.17,0
0.05,-0.1,0.4,180.0,0.0,0.0,1,0.688,4,0.17,0
0.05,-0.1,0.45,180.0,0.0,0.0,1,1.029,4,0.17,0
0.05,-0.1,0.5,180.0,0.0,0.0,1,1.025,4,0.17,0
0.05,-0.1,0.55,180.0,0.0,0.0,1,2.117,4,0.18,0
0.05,-0.1,0.6,180.0,0.0,0.0,0,33.17,700,27.05,-1
0.05,-0.1,0.65,180.0,0.0,0.0,0,79.258,700,27.0,-1
0.05,-0.1,0.7,180.0,0.0,0.0,0,121.412,700,26.94,-1
0.05,-0.1,0.75,180.0,0.0,0.0,0,151.696,700,28.28,-1
0.05,-0.1,0.8,180.0,0.0,0.0,0,171.112,700,28.25,-1
0.05,-0.1,0.85,180.0,0.0,0.0,0,200.324,700,28.94,-1
0.05,-0.1,0.9,180.0,0.0,0.0,0,235.134,700,28.91,-1
0.05,-0.05,0.35,180.0,0.0,0.0,1,0.531,4,0.18,0
0.05,-0.05,0.4,180.0,0.0,0.0,1,1.478,4,0.17,0
0.05,-0.05,0.45,180.0,0.0,0.0,1,0.881,5,0.2,0
0.05,-0.05,0.5,180.0,0.0,0.0,1,1.354,5,0.2,0
0.05,-0.05,0.55,180.0,0.0,0.0,1,2.497,4,0.17,0
0.05,-0.05,0.6,180.0,0.0,0.0,0,30.295,700,26.32,-1
0.05,-0.05,0.65,180.0,0.0,0.0,0,63.376,700,26.97,-1
0.05,-0.05,0.7,180.0,0.0,0.0,0,92.042,700,27.5,-1
0.05,-0.05,0.75,180.0,0.0,0.0,0,117.416,700,28.01,-1
0.05,-0.05,0.8,180.0,0.0,0.0,0,205.762,700,28.32,-1
0.05,-0.05,0.85,180.0,0.0,0.0,0,230.762,700,28.9,-1
0.05,-0.05,0.9,180.0,0.0,0.0,0,261.595,700,28.89,-1
0.1,-0.5,0.35,180.0,0.0,0.0,0,71.446,700,25.36,-1
0.1,-0.5,0.4,180.0,0.0,0.0,0,39.644,700,25.75,-1
0.1,-0.5,0.45,180.0,0.0,0.0,1,9.382,100,3.68,0
0.1,-0.5,0.5,180.0,0.0,0.0,1,0.959,4,0.17,0
0.1,-0.5,0.55,180.0,0.0,0.0,1,1.352,5,0.2,0
0.1,-0.5,0.6,180.0,0.0,0.0,1,2.71,8,0.32,0
0.1,-0.5,0.65,180.0,0.0,0.0,1,2.732,5,0.21,0
0.1,-0.5,0.7,180.0,0.0,0.0,1,2.602,8,0.32,0
0.1,-0.5,0.75,180.0,0.0,0.0,0,35.473,700,26.4,-1
0.1,-0.5,0.8,180.0,0.0,0.0,0,69.781,700,26.42,-1
0.1,-0.5,0.85,180.0,0.0,0.0,0,103.105,700,26.34,-1
0.1,-0.5,0.9,180.0,0.0,0.0,0,135.853,700,27.02,-1
0.1,-0.45,0.35,180.0,0.0,0.0,0,46.505,700,25.22,-1
0.1,-0.45,0.4,180.0,0.0,0.0,1,2.926,4,0.17,0
0.1,-0.45,0.45,180.0,0.0,0.0,1,0.59,4,0.17,0
0.1,-0.45,0.5,180.0,0.0,0.0,1,1.314,3,0.13,0
0.1,-0.45,0.55,180.0,0.0,0.0,1,2.358,3,0.13,0
0.1,-0.45,0.6,180.0,0.0,0.0,1,2.276,6,0.24,0
0.1,-0.45,0.65,180.0,0.0,0.0,1,2.554,5,0.2,0
0.1,-0.45,0.7,180.0,0.0,0.0,1,3.119,300,11.2,2
0.1,-0.45,0.75,180.0,0.0,0.0,0,38.648,700,26.34,-1
0.1,-0.45,0.8,180.0,0.0,0.0,0,75.753,700,26.42,-1
0.1,-0.45,0.85,180.0,0.0,0.0,0,111.857,700,26.4,-1
0.1,-0.45,0.9,180.0,0.0,0.0,0,146.43,700,26.41,-1
0.1,-0.4,0.35,180.0,0.0,0.0,1,4.775,100,3.56,0
0.1,-0.4,0.4,180.0,0.0,0.0,1,2.827,3,0.13,0
0.1,-0.4,0.45,180.0,0.0,0.0,1,0.933,3,0.13,0
0.1,-0.4,0.5,180.0,0.0,0.0,1,1.61,3,0.13,0
0.1,-0.4,0.55,180.0,0.0,0.0,1,1.712,4,0.16,0
0.1,-0.4,0.6,180.0,0.0,0.0,1,1.938,4,0.17,0
0.1,-0.4,0.65,180.0,0.0,0.0,1,2.971,4,0.17,0
0.1,-0.4,0.7,180.0,0.0,0.0,1,3.163,300,11.23,2
0.1,-0.4,0.75,180.0,0.0,0.0,0,41.647,700,26.42,-1
0.1,-0.4,0.8,180.0,0.0,0.0,0,81.544,700,26.39,-1
0.1,-0.4,0.85,180.0,0.0,0.0,0,120.501,700,26.41,-1
0.1,-0.4,0.9,180.0,0.0,0.0,0,157.976,700,26.48,-1
0.1,-0.35,0.35,180.0,0.0,0.0,1,0.889,4,0.17,0
0.1,-0.35,0.4,180.0,0.0,0.0,1,0.877,3,0.13,0
0.1,-0.35,0.45,180.0,0.0,0.0,1,2.67,2,0.09,0
0.1,-0.35,0.5,180.0,0.0,0.0,1,1.325,3,0.14,0
0.1,-0.35,0.55,180.0,0.0,0.0,1,2.112,4,0.17,0
0.1,-0.35,0.6,180.0,0.0,0.0,1,1.578,4,0.17,0
0.1,-0.35,0.65,180.0,0.0,0.0,1,2.511,4,0.17,0
0.1,-0.35,0.7,180.0,0.0,0.0,0,19.326,700,26.47,-1
0.1,-0.35,0.75,180.0,0.0,0.0,0,44.411,700,26.49,-1
0.1,-0.35,0.8,180.0,0.0,0.0,0,86.951,700,26.44,-1
0.1,-0.35,0.85,180.0,0.0,0.0,0,128.673,700,26.44,-1
0.1,-0.35,0.9,180.0,0.0,0.0,0,169.066,700,26.59,-1
0.1,-0.3,0.35,180.0,0.0,0.0,1,2.14,3,0.13,0
0.1,-0.3,0.4,180.0,0.0,0.0,1,0.48,3,0.13,0
0.1,-0.3,0.45,180.0,0.0,0.0,1,1.902,2,0.09,0
0.1,-0.3,0.5,180.0,0.0,0.0,1,0.973,3,0.13,0
0.1,-0.3,0.55,180.0,0.0,0.0,1,1.466,4,0.17,0
0.1,-0.3,0.6,180.0,0.0,0.0,1,1.604,4,0.17,0
0.1,-0.3,0.65,180.0,0.0,0.0,1,2.751,4,0.17,0
0.1,-0.3,0.7,180.0,0.0,0.0,0,18.706,700,26.45,-1
0.1,-0.3,0.75,180.0,0.0,0.0,0,46.798,700,26.54,-1
0.1,-0.3,0.8,180.0,0.0,0.0,0,91.664,700,27.04,-1
0.1,-0.3,0.85,180.0,0.0,0.0,0,135.882,700,27.35,-1
0.1,-0.3,0.9,180.0,0.0,0.0,0,179.018,700,27.23,-1
0.1,-0.25,0.35,180.0,0.0,0.0,1,1.426,3,0.14,0
0.1,-0.25,0.4,180.0,0.0,0.0,1,0.472,3,0.13,0
0.1,-0.25,0.45,180.0,0.0,0.0,1,2.626,2,0.09,0
0.1,-0.25,0.5,180.0,0.0,0.0,1,0.81,3,0.13,0
0.1,-0.25,0.55,180.0,0.0,0.0,1,1.61,2,0.09,0
0.1,-0.25,0.6,180.0,0.0,0.0,1,2.076,3,0.13,0
0.1,-0.25,0.65,180.0,0.0,0.0,1,3.451,100,3.77,0
0.1,-0.25,0.7,180.0,0.0,0.0,0,10.63,700,26.96,-1
0.1,-0.25,0.75,180.0,0.0,0.0,0,49.26,700,27.46,-1
0.1,-0.25,0.8,180.0,0.0,0.0,0,95.277,700,28.15,-1
0.1,-0.25,0.85,180.0,0.0,0.0,0,141.554,700,27.48,-1
0.1,-0.25,0.9,180.0,0.0,0.0,0,186.978,700,27.4,-1
0.1,-0.2,0.35,180.0,0.0,0.0,1,1.424,3,0.13,0
0.1,-0.2,0.4,180.0,0.0,0.0,1,0.743,3,0.13,0
0.1,-0.2,0.45,180.0,0.0,0.0,1,0.815,3,0.13,0
0.1,-0.2,0.5,180.0,0.0,0.0,1,0.827,3,0.13,0
0.1,-0.2,0.55,180.0,0.0,0.0,1,1.088,3,0.13,0
0.1,-0.2,0.6,180.0,0.0,0.0,1,1.758,3,0.13,0
0.1,-0.2,0.65,180.0,0.0,0.0,0,28.925,700,26.42,-1
0.1,-0.2,0.7,180.0,0.0,0.0,0,40.471,700,27.03,-1
0.1,-0.2,0.75,180.0,0.0,0.0,0,60.425,700,28.0,-1
0.1,-0.2,0.8,180.0,0.0,0.0,0,101.998,700,28.37,-1
0.1,-0.2,0.85,180.0,0.0,0.0,0,145.688,700,28.75,-1
0.1,-0.2,0.9,180.0,0.0,0.0,0,191.379,700,28.83,-1
0.1,-0.15,0.35,180.0,0.0,0.0,1,1.971,3,0.13,0
0.1,-0.15,0.4,180.0,0.0,0.0,1,1.871,3,0.13,0
0.1,-0.15,0.45,180.0,0.0,0.0,1,2.254,3,0.13,0
0.1,-0.15,0.5,180.0,0.0,0.0,1,1.24,3,0.13,0
0.1,-0.15,0.55,180.0,0.0,0.0,1,2.835,3,0.13,0
0.1,-0.15,0.6,180.0,0.0,0.0,0,31.806,700,26.93,-1
0.1,-0.15,0.65,180.0,0.0,0.0,0,61.393,700,26.95,-1
0.1,-0.15,0.7,180.0,0.0,0.0,0,75.888,700,27.7,-1
0.1,-0.15,0.75,180.0,0.0,0.0,0,82.596,700,28.24,-1
0.1,-0.15,0.8,180.0,0.0,0.0,0,120.342,700,28.96,-1
0.1,-0.15,0.85,180.0,0.0,0.0,0,159.376,700,28.67,-1
0.1,-0.15,0.9,180.0,0.0,0.0,0,201.637,700,28.6,-1
0.1,-0.1,0.35,180.0,0.0,0.0,1,0.321,4,0.17,0
0.1,-0.1,0.4,180.0,0.0,0.0,1,0.59,4,0.17,0
0.1,-0.1,0.45,180.0,0.0,0.0,1,0.837,4,0.17,0
0.1,-0.1,0.5,180.0,0.0,0.0,1,1.089,4,0.17,0
0.1,-0.1,0.55,180.0,0.0,0.0,0,30.999,700,26.35,-1
0.1,-0.1,0.6,180.0,0.0,0.0,0,65.951,700,26.34,-1
0.1,-0.1,0.65,180.0,0.0,0.0,0,98.316,700,26.99,-1
0.1,-0.1,0.7,180.0,0.0,0.0,0,119.544,700,27.78,-1
0.1,-0.1,0.75,180.0,0.0,0.0,0,127.737,700,28.33,-1
0.1,-0.1,0.8,180.0,0.0,0.0,0,151.384,700,28.37,-1
0.1,-0.1,0.85,180.0,0.0,0.0,0,183.992,700,28.33,-1
0.1,-0.1,0.9,180.0,0.0,0.0,0,221.618,700,28.51,-1
0.1,-0.05,0.35,180.0,0.0,0.0,1,0.391,4,0.17,0
0.1,-0.05,0.4,180.0,0.0,0.0,1,0.639,4,0.17,0
0.1,-0.05,0.45,180.0,0.0,0.0,1,0.845,4,0.17,0
0.1,-0.05,0.5,180.0,0.0,0.0,1,1.118,4,0.17,0
0.1,-0.05,0.55,180.0,0.0,0.0,0,31.09,700,26.37,-1
0.1,-0.05,0.6,180.0,0.0,0.0,0,66.366,700,26.39,-1
0.1,-0.05,0.65,180.0,0.0,0.0,0,97.026,700,26.97,-1
0.1,-0.05,0.7,180.0,0.0,0.0,0,131.985,700,26.95,-1
0.1,-0.05,0.75,180.0,0.0,0.0,0,170.391,700,28.09,-1
0.1,-0.05,0.8,180.0,0.0,0.0,0,189.186,700,27.59,-1
0.1,-0.05,0.85,180.0,0.0,0.0,0,216.328,700,28.43,-1
0.1,-0.05,0.9,180.0,0.0,0.0,0,249.15,700,28.46,-1
0.15,-0.5,0.35,180.0,0.0,0.0,0,83.748,700,25.47,-1
0.15,-0.5,0.4,180.0,0.0,0.0,0,59.418,700,25.71,-1
0.15,-0.5,0.45,180.0,0.0,0.0,0,20.903,700,25.63,-1
0.15,-0.5,0.5,180.0,0.0,0.0,1,4.069,100,3.68,0
0.15,-0.5,0.55,180.0,0.0,0.0,1,1.745,4,0.17,0
0.15,-0.5,0.6,180.0,0.0,0.0,1,1.033,5,0.2,0
0.15,-0.5,0.65,180.0,0.0,0.0,1,1.029,5,0.21,0
0.15,-0.5,0.7,180.0,0.0,0.0,1,2.671,7,0.28,0
0.15,-0.5,0.75,180.0,0.0,0.0,0,34.618,700,26.36,-1
0.15,-0.5,0.8,180.0,0.0,0.0,0,68.039,700,26.35,-1
0.15,-0.5,0.85,180.0,0.0,0.0,0,100.787,700,26.4,-1
0.15,-0.5,0.9,180.0,0.0,0.0,0,132.06,700,26.35,-1
0.15,-0.45,0.35,180.0,0.0,0.0,0,57.761,700,25.31,-1
0.15,-0.45,0.4,180.0,0.0,0.0,0,16.023,700,24.98,-1
0.15,-0.45,0.45,180.0,0.0,0.0,1,1.013,4,0.17,0
0.15,-0.45,0.5,180.0,0.0,0.0,1,0.61,4,0.17,0
0.15,-0.45,0.55,180.0,0.0,0.0,1,2.49,4,0.16,0
0.15,-0.45,0.6,180.0,0.0,0.0,1,2.551,5,0.2,0
0.15,-0.45,0.65,180.0,0.0,0.0,1,2.648,5,0.21,0
0.15,-0.45,0.7,180.0,0.0,0.0,1,9.289,100,3.75,0
0.15,-0.45,0.75,180.0,0.0,0.0,0,37.076,700,26.29,-1
0.15,-0.45,0.8,180.0,0.0,0.0,0,73.078,700,26.38,-1
0.15,-0.45,0.85,180.0,0.0,0.0,0,108.136,700,26.39,-1
0.15,-0.45,0.9,180.0,0.0,0.0,0,141.84,700,26.41,-1
0.15,-0.4,0.35,180.0,0.0,0.0,0,31.905,700,25.18,-1
0.15,-0.4,0.4,180.0,0.0,0.0,1,0.939,4,0.17,0
0.15,-0.4,0.45,180.0,0.0,0.0,1,0.876,3,0.14,0
0.15,-0.4,0.5,180.0,0.0,0.0,1,1.086,3,0.13,0
0.15,-0.4,0.55,180.0,0.0,0.0,1,1.563,4,0.16,0
0.15,-0.4,0.6,180.0,0.0,0.0,1,1.394,6,0.24,0
0.15,-0.4,0.65,180.0,0.0,0.0,1,2.745,4,0.17,0
0.15,-0.4,0.7,180.0,0.0,0.0,1,2.164,206,7.8,2
0.15,-0.4,0.75,180.0,0.0,0.0,0,40.019,700,26.4,-1
0.15,-0.4,0.8,180.0,0.0,0.0,0,78.578,700,26.33,-1
0.15,-0.4,0.85,180.0,0.0,0.0,0,116.162,700,26.54,-1
0.15,-0.4,0.9,180.0,0.0,0.0,0,152.27,700,26.6,-1
0.15,-0.35,0.35,180.0,0.0,0.0,1,1.865,4,0.17,0
0.15,-0.35,0.4,180.0,0.0,0.0,1,0.875,3,0.13,0
0.15,-0.35,0.45,180.0,0.0,0.0,1,2.903,2,0.09,0
0.15,-0.35,0.5,180.0,0.0,0.0,1,0.691,3,0.13,0
0.15,-0.35,0.55,180.0,0.0,0.0,1,1.531,2,0.09,0
0.15,-0.35,0.6,180.0,0.0,0.0,1,2.856,4,0.16,0
0.15,-0.35,0.65,180.0,0.0,0.0,1,2.875,4,0.17,0
0.15,-0.35,0.7,180.0,0.0,0.0,1,2.238,107,4.05,1
0.15,-0.35,0.75,180.0,0.0,0.0,0,42.638,700,26.46,-1
0.15,-0.35,0.8,180.0,0.0,0.0,0,83.635,700,26.42,-1
0.15,-0.35,0.85,180.0,0.0,0.0,0,123.726,700,26.44,-1
0.15,-0.35,0.9,180.0,0.0,0.0,0,162.393,700,26.83,-1
0.15,-0.3,0.35,180.0,0.0,0.0,1,1.874,3,0.13,0
0.15,-0.3,0.4,180.0,0.0,0.0,1,0.388,3,0.13,0
0.15,-0.3,0.45,180.0,0.0,0.0,1,1.321,2,0.09,0
0.15,-0.3,0.5,180.0,0.0,0.0,1,2.883,2,0.09,0
0.15,-0.3,0.55,180.0,0.0,0.0,1,0.79,2,0.09,0
0.15,-0.3,0.6,180.0,0.0,0.0,1,2.773,3,0.13,0
0.15,-0.3,0.65,180.0,0.0,0.0,1,2.414,4,0.17,0
0.15,-0.3,0.7,180.0,0.0,0.0,1,2.188,608,22.92,6
0.15,-0.3,0.75,180.0,0.0,0.0,0,44.84,700,26.43,-1
0.15,-0.3,0.8,180.0,0.0,0.0,0,87.969,700,27.41,-1
0.15,-0.3,0.85,180.0,0.0,0.0,0,130.303,700,27.2,-1
0.15,-0.3,0.9,180.0,0.0,0.0,0,171.36,700,27.37,-1
0.15,-0.25,0.35,180.0,0.0,0.0,1,0.987,3,0.13,0
0.15,-0.25,0.4,180.0,0.0,0.0,1,0.363,3,0.13,0
0.15,-0.25,0.45,180.0,0.0,0.0,1,0.614,2,0.09,0
0.15,-0.25,0.5,180.0,0.0,0.0,1,2.719,2,0.09,0
0.15,-0.25,0.55,180.0,0.0,0.0,1,0.878,3,0.13,0
0.15,-0.25,0.6,180.0,0.0,0.0,1,2.385,3,0.13,0
0.15,-0.25,0.65,180.0,0.0,0.0,1,2.314,4,0.17,0
0.15,-0.25,0.7,180.0,0.0,0.0,0,10.892,700,25.62,-1
0.15,-0.25,0.75,180.0,0.0,0.0,0,46.397,700,26.4,-1
0.15,-0.25,0.8,180.0,0.0,0.0,0,91.275,700,26.44,-1
0.15,-0.25,0.85,180.0,0.0,0.0,0,135.626,700,26.45,-1
0.15,-0.25,0.9,180.0,0.0,0.0,0,178.706,700,26.31,-1
0.15,-0.2,0.35,180.0,0.0,0.0,1,0.795,3,0.13,0
0.15,-0.2,0.4,180.0,0.0,0.0,1,0.473,3,0.13,0
0.15,-0.2,0.45,180.0,0.0,0.0,1,1.418,2,0.1,0
0.15,-0.2,0.5,180.0,0.0,0.0,1,1.365,2,0.09,0
0.15,-0.2,0.55,180.0,0.0,0.0,1,0.749,3,0.13,0
0.15,-0.2,0.6,180.0,0.0,0.0,1,1.523,4,0.17,0
0.15,-0.2,0.65,180.0,0.0,0.0,0,14.004,700,26.35,-1
0.15,-0.2,0.7,180.0,0.0,0.0,0,19.364,700,27.0,-1
0.15,-0.2,0.75,180.0,0.0,0.0,0,51.459,700,27.03,-1
0.15,-0.2,0.8,180.0,0.0,0.0,0,95.472,700,27.08,-1
0.15,-0.2,0.85,180.0,0.0,0.0,0,140.33,700,27.0,-1
0.15,-0.2,0.9,180.0,0.0,0.0,0,184.196,700,27.72,-1
0.15,-0.15,0.35,180.0,0.0,0.0,1,1.003,3,0.13,0
0.15,-0.15,0.4,180.0,0.0,0.0,1,0.838,3,0.13,0
0.15,-0.15,0.45,180.0,0.0,0.0,1,1.093,3,0.13,0
0.15,-0.15,0.5,180.0,0.0,0.0,1,1.122,3,0.13,0
0.15,-0.15,0.55,180.0,0.0,0.0,1,8.83,100,3.77,0
0.15,-0.15,0.6,180.0,0.0,0.0,0,37.76,700,26.27,-1
0.15,-0.15,0.65,180.0,0.0,0.0,0,58.459,700,26.34,-1
0.15,-0.15,0.7,180.0,0.0,0.0,0,66.135,700,27.08,-1
0.15,-0.15,0.75,180.0,0.0,0.0,0,81.663,700,27.12,-1
0.15,-0.15,0.8,180.0,0.0,0.0,0,114.836,700,27.13,-1
0.15,-0.15,0.85,180.0,0.0,0.0,0,154.179,700,27.1,-1
0.15,-0.15,0.9,180.0,0.0,0.0,0,193.116,700,27.93,-1
0.15,-0.1,0.35,180.0,0.0,0.0,1,2.013,3,0.13,0
0.15,-0.1,0.4,180.0,0.0,0.0,1,1.721,3,0.13,0
0.15,-0.1,0.45,180.0,0.0,0.0,1,2.142,3,0.13,0
0.15,-0.1,0.5,180.0,0.0,0.0,1,1.391,3,0.14,0
0.15,-0.1,0.55,180.0,0.0,0.0,0,37.04,700,26.46,-1
0.15,-0.1,0.6,180.0,0.0,0.0,0,72.36,700,26.39,-1
0.15,-0.1,0.65,180.0,0.0,0.0,0,100.674,700,26.37,-1
0.15,-0.1,0.7,180.0,0.0,0.0,0,113.256,700,26.94,-1
0.15,-0.1,0.75,180.0,0.0,0.0,0,123.043,700,27.02,-1
0.15,-0.1,0.8,180.0,0.0,0.0,0,147.276,700,27.04,-1
0.15,-0.1,0.85,180.0,0.0,0.0,0,176.293,700,27.24,-1
0.15,-0.1,0.9,180.0,0.0,0.0,0,210.164,700,27.16,-1
0.15,-0.05,0.35,180.0,0.0,0.0,1,0.529,4,0.17,0
0.15,-0.05,0.4,180.0,0.0,0.0,1,2.885,3,0.13,0
0.15,-0.05,0.45,180.0,0.0,0.0,1,0.795,4,0.17,0
0.15,-0.05,0.5,180.0,0.0,0.0,1,9.539,700,26.51,6
0.15,-0.05,0.55,180.0,0.0,0.0,0,55.895,700,26.38,-1
0.15,-0.05,0.6,180.0,0.0,0.0,0,97.087,700,26.49,-1
0.15,-0.05,0.65,180.0,0.0,0.0,0,135.579,700,26.53,-1
0.15,-0.05,0.7,180.0,0.0,0.0,0,158.428,700,27.2,-1
0.15,-0.05,0.75,180.0,0.0,0.0,0,167.663,700,27.13,-1
0.15,-0.05,0.8,180.0,0.0,0.0,0,186.144,700,27.84,-1
0.15,-0.05,0.85,180.0,0.0,0.0,0,203.057,700,27.67,-1
0.15,-0.05,0.9,180.0,0.0,0.0,0,228.387,700,27.14,-1
0.2,-0.5,0.35,180.0,0.0,0.0,0,100.248,700,25.41,-1
0.2,-0.5,0.4,180.0,0.0,0.0,0,71.302,700,25.45,-1
0.2,-0.5,0.45,180.0,0.0,0.0,0,60.918,700,25.82,-1
0.2,-0.5,0.5,180.0,0.0,0.0,0,28.291,700,25.81,-1
0.2,-0.5,0.55,180.0,0.0,0.0,1,4.211,100,3.69,0
0.2,-0.5,0.6,180.0,0.0,0.0,1,2.089,5,0.21,0
0.2,-0.5,0.65,180.0,0.0,0.0,1,2.655,5,0.21,0
0.2,-0.5,0.7,180.0,0.0,0.0,0,12.425,700,26.05,-1
0.2,-0.5,0.75,180.0,0.0,0.0,0,33.421,700,26.48,-1
0.2,-0.5,0.8,180.0,0.0,0.0,0,65.662,700,26.41,-1
0.2,-0.5,0.85,180.0,0.0,0.0,0,97.011,700,26.43,-1
0.2,-0.5,0.9,180.0,0.0,0.0,0,127.375,700,27.1,-1
0.2,-0.45,0.35,180.0,0.0,0.0,0,73.538,700,25.39,-1
0.2,-0.45,0.4,180.0,0.0,0.0,0,48.615,700,25.47,-1
0.2,-0.45,0.45,180.0,0.0,0.0,1,3.402,100,3.6,0
0.2,-0.45,0.5,180.0,0.0,0.0,1,0.95,4,0.17,0
0.2,-0.45,0.55,180.0,0.0,0.0,1,0.798,4,0.17,0
0.2,-0.45,0.6,180.0,0.0,0.0,1,1.631,5,0.21,0
0.2,-0.45,0.65,180.0,0.0,0.0,1,2.144,4,0.17,0
0.2,-0.45,0.7,180.0,0.0,0.0,1,2.297,3,0.13,0
0.2,-0.45,0.75,180.0,0.0,0.0,0,36.433,700,26.44,-1
0.2,-0.45,0.8,180.0,0.0,0.0,0,71.024,700,26.5,-1
0.2,-0.45,0.85,180.0,0.0,0.0,0,104.561,700,26.47,-1
0.2,-0.45,0.9,180.0,0.0,0.0,0,136.548,700,26.49,-1
0.2,-0.4,0.35,180.0,0.0,0.0,0,42.418,700,25.26,-1
0.2,-0.4,0.4,180.0,0.0,0.0,1,3.589,100,3.59,0
0.2,-0.4,0.45,180.0,0.0,0.0,1,1.636,3,0.13,0
0.2,-0.4,0.5,180.0,0.0,0.0,1,1.034,3,0.13,0
0.2,-0.4,0.55,180.0,0.0,0.0,1,0.732,3,0.13,0
0.2,-0.4,0.6,180.0,0.0,0.0,1,0.834,5,0.2,0
0.2,-0.4,0.65,180.0,0.0,0.0,1,1.33,5,0.21,0
0.2,-0.4,0.7,180.0,0.0,0.0,0,14.325,700,26.27,-1
0.2,-0.4,0.75,180.0,0.0,0.0,0,39.292,700,26.45,-1
0.2,-0.4,0.8,180.0,0.0,0.0,0,75.486,700,26.5,-1
0.2,-0.4,0.85,180.0,0.0,0.0,0,111.566,700,26.46,-1
0.2,-0.4,0.9,180.0,0.0,0.0,0,146.086,700,26.56,-1
0.2,-0.35,0.35,180.0,0.0,0.0,0,12.515,700,25.35,-1
0.2,-0.35,0.4,180.0,0.0,0.0,1,1.363,3,0.13,0
0.2,-0.35,0.45,180.0,0.0,0.0,1,1.454,2,0.09,0
0.2,-0.35,0.5,180.0,0.0,0.0,1,0.532,3,0.13,0
0.2,-0.35,0.55,180.0,0.0,0.0,1,0.988,3,0.13,0
0.2,-0.35,0.6,180.0,0.0,0.0,1,1.627,3,0.13,0
0.2,-0.35,0.65,180.0,0.0,0.0,1,1.518,5,0.21,0
0.2,-0.35,0.7,180.0,0.0,0.0,0,14.707,700,26.27,-1
0.2,-0.35,0.75,180.0,0.0,0.0,0,41.874,700,26.43,-1
0.2,-0.35,0.8,180.0,0.0,0.0,0,79.968,700,26.54,-1
0.2,-0.35,0.85,180.0,0.0,0.0,0,118.223,700,26.52,-1
0.2,-0.35,0.9,180.0,0.0,0.0,0,155.05,700,26.71,-1
0.2,-0.3,0.35,180.0,0.0,0.0,1,1.91,4,0.18,0
0.2,-0.3,0.4,180.0,0.0,0.0,1,0.493,3,0.13,0
0.2,-0.3,0.45,180.0,0.0,0.0,1,0.271,2,0.09,0
0.2,-0.3,0.5,180.0,0.0,0.0,1,2.136,1,0.05,0
0.2,-0.3,0.55,180.0,0.0,0.0,1,1.855,1,0.05,0
0.2,-0.3,0.6,180.0,0.0,0.0,1,0.833,4,0.17,0
0.2,-0.3,0.65,180.0,0.0,0.0,1,1.033,3,0.13,0
0.2,-0.3,0.7,180.0,0.0,0.0,1,3.391,100,3.77,0
0.2,-0.3,0.75,180.0,0.0,0.0,0,43.115,700,26.44,-1
0.2,-0.3,0.8,180.0,0.0,0.0,0,84.117,700,26.57,-1
0.2,-0.3,0.85,180.0,0.0,0.0,0,124.328,700,26.55,-1
0.2,-0.3,0.9,180.0,0.0,0.0,0,163.036,700,26.82,-1
0.2,-0.25,0.35,180.0,0.0,0.0,1,1.572,3,0.14,0
0.2,-0.25,0.4,180.0,0.0,0.0,1,0.339,3,0.13,0
0.2,-0.25,0.45,180.0,0.0,0.0,1,0.712,2,0.09,0
0.2,-0.25,0.5,180.0,0.0,0.0,1,1.223,2,0.09,0
0.2,-0.25,0.55,180.0,0.0,0.0,1,0.798,4,0.18,0
0.2,-0.25,0.6,180.0,0.0,0.0,1,0.601,4,0.17,0
0.2,-0.25,0.65,180.0,0.0,0.0,1,2.258,4,0.17,0
0.2,-0.25,0.7,180.0,0.0,0.0,0,19.145,700,26.38,-1
0.2,-0.25,0.75,180.0,0.0,0.0,0,47.926,700,26.5,-1
0.2,-0.25,0.8,180.0,0.0,0.0,0,86.693,700,26.59,-1
0.2,-0.25,0.85,180.0,0.0,0.0,0,128.441,700,27.17,-1
0.2,-0.25,0.9,180.0,0.0,0.0,0,168.86,700,27.25,-1
0.2,-0.2,0.35,180.0,0.0,0.0,1,1.305,3,0.13,0
0.2,-0.2,0.4,180.0,0.0,0.0,1,0.353,3,0.13,0
0.2,-0.2,0.45,180.0,0.0,0.0,1,2.018,2,0.09,0
0.2,-0.2,0.5,180.0,0.0,0.0,1,1.982,2,0.09,0
0.2,-0.2,0.55,180.0,0.0,0.0,1,1.072,4,0.17,0
0.2,-0.2,0.6,180.0,0.0,0.0,1,1.878,4,0.17,0
0.2,-0.2,0.65,180.0,0.0,0.0,1,9.153,100,3.77,0
0.2,-0.2,0.7,180.0,0.0,0.0,0,15.07,700,26.99,-1
0.2,-0.2,0.75,180.0,0.0,0.0,0,45.752,700,27.52,-1
0.2,-0.2,0.8,180.0,0.0,0.0,0,88.482,700,27.57,-1
0.2,-0.2,0.85,180.0,0.0,0.0,0,131.323,700,27.16,-1
0.2,-0.2,0.9,180.0,0.0,0.0,0,172.768,700,27.09,-1
0.2,-0.15,0.35,180.0,0.0,0.0,1,1.877,3,0.13,0
0.2,-0.15,0.4,180.0,0.0,0.0,1,0.475,3,0.13,0
0.2,-0.15,0.45,180.0,0.0,0.0,1,0.727,3,0.13,0
0.2,-0.15,0.5,180.0,0.0,0.0,1,1.223,4,0.17,0
0.2,-0.15,0.55,180.0,0.0,0.0,1,4.102,100,3.78,0
0.2,-0.15,0.6,180.0,0.0,0.0,0,31.29,700,26.53,-1
0.2,-0.15,0.65,180.0,0.0,0.0,0,50.181,700,26.39,-1
0.2,-0.15,0.7,180.0,0.0,0.0,0,56.858,700,26.55,-1
0.2,-0.15,0.75,180.0,0.0,0.0,0,70.89,700,27.67,-1
0.2,-0.15,0.8,180.0,0.0,0.0,0,101.97,700,27.57,-1
0.2,-0.15,0.85,180.0,0.0,0.0,0,139.286,700,27.65,-1
0.2,-0.15,0.9,180.0,0.0,0.0,0,177.385,700,27.19,-1
0.2,-0.1,0.35,180.0,0.0,0.0,1,0.727,4,0.17,0
0.2,-0.1,0.4,180.0,0.0,0.0,1,1.006,3,0.13,0
0.2,-0.1,0.45,180.0,0.0,0.0,1,0.963,3,0.14,0
0.2,-0.1,0.5,180.0,0.0,0.0,1,1.99,4,0.17,0
0.2,-0.1,0.55,180.0,0.0,0.0,0,31.063,700,26.39,-1
0.2,-0.1,0.6,180.0,0.0,0.0,0,63.611,700,26.3,-1
0.2,-0.1,0.65,180.0,0.0,0.0,0,87.922,700,26.39,-1
0.2,-0.1,0.7,180.0,0.0,0.0,0,96.975,700,26.4,-1
0.2,-0.1,0.75,180.0,0.0,0.0,0,105.229,700,27.6,-1
0.2,-0.1,0.8,180.0,0.0,0.0,0,125.402,700,27.61,-1
0.2,-0.1,0.85,180.0,0.0,0.0,0,154.176,700,27.59,-1
0.2,-0.1,0.9,180.0,0.0,0.0,0,187.252,700,27.67,-1
0.2,-0.05,0.35,180.0,0.0,0.0,1,1.502,4,0.17,0
0.2,-0.05,0.4,180.0,0.0,0.0,1,1.753,3,0.13,0
0.2,-0.05,0.45,180.0,0.0,0.0,1,1.527,3,0.13,0
0.2,-0.05,0.5,180.0,0.0,0.0,1,9.153,100,3.77,0
0.2,-0.05,0.55,180.0,0.0,0.0,0,49.363,700,26.4,-1
0.2,-0.05,0.6,180.0,0.0,0.0,0,87.093,700,26.34,-1
0.2,-0.05,0.65,180.0,0.0,0.0,0,118.305,700,26.42,-1
0.2,-0.05,0.7,180.0,0.0,0.0,0,131.501,700,26.39,-1
0.2,-0.05,0.75,180.0,0.0,0.0,0,136.097,700,27.21,-1
0.2,-0.05,0.8,180.0,0.0,0.0,0,147.386,700,27.33,-1
0.2,-0.05,0.85,180.0,0.0,0.0,0,167.853,700,27.59,-1
0.2,-0.05,0.9,180.0,0.0,0.0,0,197.004,700,27.65,-1
0.25,-0.5,0.35,180.0,0.0,0.0,0,120.568,700,25.45,-1
0.25,-0.5,0.4,180.0,0.0,0.0,0,92.513,700,25.44,-1
0.25,-0.5,0.45,180.0,0.0,0.0,0,68.618,700,25.44,-1
0.25,-0.5,0.5,180.0,0.0,0.0,0,61.843,700,25.73,-1
0.25,-0.5,0.55,180.0,0.0,0.0,0,27.235,700,25.52,-1
0.25,-0.5,0.6,180.0,0.0,0.0,1,9.912,100,3.68,0
0.25,-0.5,0.65,180.0,0.0,0.0,1,2.667,8,0.32,0
0.25,-0.5,0.7,180.0,0.0,0.0,1,6.537,200,7.56,1
0.25,-0.5,0.75,180.0,0.0,0.0,0,29.397,700,27.02,-1
0.25,-0.5,0.8,180.0,0.0,0.0,0,63.006,700,26.77,-1
0.25,-0.5,0.85,180.0,0.0,0.0,0,93.999,700,27.18,-1
0.25,-0.5,0.9,180.0,0.0,0.0,0,125.662,700,27.35,-1
0.25,-0.45,0.35,180.0,0.0,0.0,0,93.618,700,25.37,-1
0.25,-0.45,0.4,180.0,0.0,0.0,0,67.026,700,25.37,-1
0.25,-0.45,0.45,180.0,0.0,0.0,0,27.472,700,25.13,-1
0.25,-0.45,0.5,180.0,0.0,0.0,1,3.522,100,3.57,0
0.25,-0.45,0.55,180.0,0.0,0.0,1,1.396,4,0.17,0
0.25,-0.45,0.6,180.0,0.0,0.0,1,1.858,4,0.17,0
0.25,-0.45,0.65,180.0,0.0,0.0,1,2.931,6,0.24,0
0.25,-0.45,0.7,180.0,0.0,0.0,1,7.088,100,3.67,0
0.25,-0.45,0.75,180.0,0.0,0.0,0,33.856,700,26.47,-1
0.25,-0.45,0.8,180.0,0.0,0.0,0,66.841,700,26.28,-1
0.25,-0.45,0.85,180.0,0.0,0.0,0,98.853,700,26.57,-1
0.25,-0.45,0.9,180.0,0.0,0.0,0,129.444,700,26.52,-1
0.25,-0.4,0.35,180.0,0.0,0.0,0,71.338,700,25.35,-1
0.25,-0.4,0.4,180.0,0.0,0.0,0,25.108,700,25.25,-1
0.25,-0.4,0.45,180.0,0.0,0.0,1,2.246,4,0.17,0
0.25,-0.4,0.5,180.0,0.0,0.0,1,2.478,3,0.13,0
0.25,-0.4,0.55,180.0,0.0,0.0,1,0.677,4,0.17,0
0.25,-0.4,0.6,180.0,0.0,0.0,1,0.946,4,0.17,0
0.25,-0.4,0.65,180.0,0.0,0.0,1,2.804,5,0.21,0
0.25,-0.4,0.7,180.0,0.0,0.0,1,8.481,100,3.66,0
0.25,-0.4,0.75,180.0,0.0,0.0,0,35.915,700,26.31,-1
0.25,-0.4,0.8,180.0,0.0,0.0,0,71.077,700,26.37,-1
0.25,-0.4,0.85,180.0,0.0,0.0,0,105.178,700,26.58,-1
0.25,-0.4,0.9,180.0,0.0,0.0,0,137.714,700,26.51,-1
0.25,-0.35,0.35,180.0,0.0,0.0,0,36.312,700,25.24,-1
0.25,-0.35,0.4,180.0,0.0,0.0,1,3.823,100,3.6,0
0.25,-0.35,0.45,180.0,0.0,0.0,1,2.974,2,0.09,0
0.25,-0.35,0.5,180.0,0.0,0.0,1,0.892,2,0.09,0
0.25,-0.35,0.55,180.0,0.0,0.0,1,2.111,3,0.13,0
0.25,-0.35,0.6,180.0,0.0,0.0,1,1.361,3,0.13,0
0.25,-0.35,0.65,180.0,0.0,0.0,1,2.429,5,0.21,0
0.25,-0.35,0.7,180.0,0.0,0.0,1,8.472,300,11.14,2
0.25,-0.35,0.75,180.0,0.0,0.0,0,38.009,700,26.4,-1
0.25,-0.35,0.8,180.0,0.0,0.0,0,75.07,700,26.51,-1
0.25,-0.35,0.85,180.0,0.0,0.0,0,111.097,700,26.61,-1
0.25,-0.35,0.9,180.0,0.0,0.0,0,145.548,700,26.44,-1
0.25,-0.3,0.35,180.0,0.0,0.0,0,18.258,700,25.17,-1
0.25,-0.3,0.4,180.0,0.0,0.0,1,1.372,3,0.13,0
0.25,-0.3,0.45,180.0,0.0,0.0,1,0.472,3,0.13,0
0.25,-0.3,0.5,180.0,0.0,0.0,1,0.851,2,0.09,0
0.25,-0.3,0.55,180.0,0.0,0.0,1,2.745,3,0.13,0
0.25,-0.3,0.6,180.0,0.0,0.0,1,1.101,4,0.17,0
0.25,-0.3,0.65,180.0,0.0,0.0,1,2.735,6,0.24,0
0.25,-0.3,0.7,180.0,0.0,0.0,1,8.683,200,7.58,1
0.25,-0.3,0.75,180.0,0.0,0.0,0,39.279,700,26.79,-1
0.25,-0.3,0.8,180.0,0.0,0.0,0,78.59,700,26.55,-1
0.25,-0.3,0.85,180.0,0.0,0.0,0,116.244,700,26.48,-1
0.25,-0.3,0.9,180.0,0.0,0.0,0,152.376,700,26.78,-1
0.25,-0.25,0.35,180.0,0.0,0.0,1,5.571,100,3.6,0
0.25,-0.25,0.4,180.0,0.0,0.0,1,0.828,3,0.13,0
0.25,-0.25,0.45,180.0,0.0,0.0,1,0.431,3,0.14,0
0.25,-0.25,0.5,180.0,0.0,0.0,1,1.494,2,0.09,0
0.25,-0.25,0.55,180.0,0.0,0.0,1,0.82,4,0.17,0
0.25,-0.25,0.6,180.0,0.0,0.0,1,1.773,5,0.21,0
0.25,-0.25,0.65,180.0,0.0,0.0,1,2.937,6,0.24,0
0.25,-0.25,0.7,180.0,0.0,0.0,1,5.048,300,11.35,2
0.25,-0.25,0.75,180.0,0.0,0.0,0,38.916,700,26.95,-1
0.25,-0.25,0.8,180.0,0.0,0.0,0,80.789,700,26.97,-1
0.25,-0.25,0.85,180.0,0.0,0.0,0,120.29,700,26.59,-1
0.25,-0.25,0.9,180.0,0.0,0.0,0,157.735,700,26.85,-1
0.25,-0.2,0.35,180.0,0.0,0.0,1,2.498,4,0.17,0
0.25,-0.2,0.4,180.0,0.0,0.0,1,0.878,3,0.13,0
0.25,-0.2,0.45,180.0,0.0,0.0,1,0.429,3,0.13,0
0.25,-0.2,0.5,180.0,0.0,0.0,1,0.719,4,0.17,0
0.25,-0.2,0.55,180.0,0.0,0.0,1,0.707,4,0.17,0
0.25,-0.2,0.6,180.0,0.0,0.0,1,1.525,4,0.17,0
0.25,-0.2,0.65,180.0,0.0,0.0,1,2.793,5,0.2,0
0.25,-0.2,0.7,180.0,0.0,0.0,1,3.62,100,3.69,0
0.25,-0.2,0.75,180.0,0.0,0.0,0,38.538,700,27.06,-1
0.25,-0.2,0.8,180.0,0.0,0.0,0,79.597,700,27.03,-1
0.25,-0.2,0.85,180.0,0.0,0.0,0,121.432,700,27.1,-1
0.25,-0.2,0.9,180.0,0.0,0.0,0,161.144,700,26.72,-1
0.25,-0.15,0.35,180.0,0.0,0.0,1,2.232,4,0.17,0
0.25,-0.15,0.4,180.0,0.0,0.0,1,1.641,3,0.13,0
0.25,-0.15,0.45,180.0,0.0,0.0,1,0.474,3,0.13,0
0.25,-0.15,0.5,180.0,0.0,0.0,1,1.11,4,0.17,0
0.25,-0.15,0.55,180.0,0.0,0.0,1,1.489,4,0.17,0
0.25,-0.15,0.6,180.0,0.0,0.0,0,14.601,700,26.43,-1
0.25,-0.15,0.65,180.0,0.0,0.0,0,31.025,700,26.45,-1
0.25,-0.15,0.7,180.0,0.0,0.0,0,36.613,700,26.4,-1
0.25,-0.15,0.75,180.0,0.0,0.0,0,55.421,700,27.59,-1
0.25,-0.15,0.8,180.0,0.0,0.0,0,83.334,700,27.56,-1
0.25,-0.15,0.85,180.0,0.0,0.0,0,121.553,700,27.64,-1
0.25,-0.15,0.9,180.0,0.0,0.0,0,161.348,700,27.64,-1
0.25,-0.1,0.35,180.0,0.0,0.0,1,2.713,5,0.21,0
0.25,-0.1,0.4,180.0,0.0,0.0,1,0.607,4,0.17,0
0.25,-0.1,0.45,180.0,0.0,0.0,1,0.582,3,0.13,0
0.25,-0.1,0.5,180.0,0.0,0.0,1,1.554,4,0.17,0
0.25,-0.1,0.55,180.0,0.0,0.0,0,14.733,700,26.36,-1
0.25,-0.1,0.6,180.0,0.0,0.0,0,43.271,700,26.31,-1
0.25,-0.1,0.65,180.0,0.0,0.0,0,63.224,700,26.36,-1
0.25,-0.1,0.7,180.0,0.0,0.0,0,70.219,700,26.33,-1
0.25,-0.1,0.75,180.0,0.0,0.0,0,76.432,700,27.16,-1
0.25,-0.1,0.8,180.0,0.0,0.0,0,96.575,700,27.09,-1
0.25,-0.1,0.85,180.0,0.0,0.0,0,127.459,700,27.25,-1
0.25,-0.1,0.9,180.0,0.0,0.0,0,163.327,700,28.19,-1
0.25,-0.05,0.35,180.0,0.0,0.0,0,10.631,700,25.68,-1
0.25,-0.05,0.4,180.0,0.0,0.0,1,0.888,4,0.17,0
0.25,-0.05,0.45,180.0,0.0,0.0,1,1.064,3,0.13,0
0.25,-0.05,0.5,180.0,0.0,0.0,1,2.309,4,0.17,0
0.25,-0.05,0.55,180.0,0.0,0.0,0,31.418,700,26.5,-1
0.25,-0.05,0.6,180.0,0.0,0.0,0,63.824,700,26.39,-1
0.25,-0.05,0.65,180.0,0.0,0.0,0,87.883,700,26.4,-1
0.25,-0.05,0.7,180.0,0.0,0.0,0,96.807,700,26.44,-1
0.25,-0.05,0.75,180.0,0.0,0.0,0,103.44,700,27.04,-1
0.25,-0.05,0.8,180.0,0.0,0.0,0,120.093,700,27.05,-1
0.25,-0.05,0.85,180.0,0.0,0.0,0,133.287,700,27.05,-1
0.25,-0.05,0.9,180.0,0.0,0.0,0,168.244,700,27.34,-1
0.3,-0.5,0.35,180.0,0.0,0.0,0,144.295,700,25.34,-1
0.3,-0.5,0.4,180.0,0.0,0.0,0,117.275,700,25.42,-1
0.3,-0.5,0.45,180.0,0.0,0.0,0,94.051,700,25.42,-1
0.3,-0.5,0.5,180.0,0.0,0.0,0,75.371,700,25.37,-1
0.3,-0.5,0.55,180.0,0.0,0.0,0,77.617,700,25.43,-1
0.3,-0.5,0.6,180.0,0.0,0.0,0,51.309,700,26.09,-1
0.3,-0.5,0.65,180.0,0.0,0.0,0,37.153,700,26.16,-1
0.3,-0.5,0.7,180.0,0.0,0.0,0,25.027,700,27.09,-1
0.3,-0.5,0.75,180.0,0.0,0.0,0,38.42,700,27.09,-1
0.3,-0.5,0.8,180.0,0.0,0.0,0,62.577,700,28.49,-1
0.3,-0.5,0.85,180.0,0.0,0.0,0,98.491,700,27.81,-1
0.3,-0.5,0.9,180.0,0.0,0.0,0,130.016,700,27.83,-1
0.3,-0.45,0.35,180.0,0.0,0.0,0,117.558,700,25.4,-1
0.3,-0.45,0.4,180.0,0.0,0.0,0,90.729,700,25.43,-1
0.3,-0.45,0.45,180.0,0.0,0.0,0,69.309,700,25.31,-1
0.3,-0.45,0.5,180.0,0.0,0.0,0,50.706,700,25.21,-1
0.3,-0.45,0.55,180.0,0.0,0.0,0,11.304,700,25.13,-1
0.3,-0.45,0.6,180.0,0.0,0.0,1,2.897,6,0.24,0
0.3,-0.45,0.65,180.0,0.0,0.0,1,3.712,100,3.67,0
0.3,-0.45,0.7,180.0,0.0,0.0,1,5.301,100,3.68,0
0.3,-0.45,0.75,180.0,0.0,0.0,0,27.217,700,26.78,-1
0.3,-0.45,0.8,180.0,0.0,0.0,0,62.402,700,27.28,-1
0.3,-0.45,0.85,180.0,0.0,0.0,0,93.729,700,26.47,-1
0.3,-0.45,0.9,180.0,0.0,0.0,0,125.185,700,26.73,-1
0.3,-0.4,0.35,180.0,0.0,0.0,0,94.414,700,25.43,-1
0.3,-0.4,0.4,180.0,0.0,0.0,0,69.207,700,25.34,-1
0.3,-0.4,0.45,180.0,0.0,0.0,0,25.399,700,25.32,-1
0.3,-0.4,0.5,180.0,0.0,0.0,1,3.803,100,3.6,0
0.3,-0.4,0.55,180.0,0.0,0.0,1,1.277,4,0.17,0
0.3,-0.4,0.6,180.0,0.0,0.0,1,1.517,4,0.17,0
0.3,-0.4,0.65,180.0,0.0,0.0,1,2.952,3,0.14,0
0.3,-0.4,0.7,180.0,0.0,0.0,1,4.699,100,3.7,0
0.3,-0.4,0.75,180.0,0.0,0.0,0,28.631,700,26.71,-1
0.3,-0.4,0.8,180.0,0.0,0.0,0,66.944,700,26.4,-1
0.3,-0.4,0.85,180.0,0.0,0.0,0,98.824,700,26.36,-1
0.3,-0.4,0.9,180.0,0.0,0.0,0,129.332,700,26.43,-1
0.3,-0.35,0.35,180.0,0.0,0.0,0,75.017,700,25.44,-1
0.3,-0.35,0.4,180.0,0.0,0.0,0,51.508,700,25.31,-1
0.3,-0.35,0.45,180.0,0.0,0.0,1,3.926,100,3.6,0
0.3,-0.35,0.5,180.0,0.0,0.0,1,1.556,3,0.13,0
0.3,-0.35,0.55,180.0,0.0,0.0,1,2.518,2,0.09,0
0.3,-0.35,0.6,180.0,0.0,0.0,1,1.197,3,0.13,0
0.3,-0.35,0.65,180.0,0.0,0.0,1,2.771,5,0.21,0
0.3,-0.35,0.7,180.0,0.0,0.0,1,4.519,100,3.68,0
0.3,-0.35,0.75,180.0,0.0,0.0,0,30.68,700,27.03,-1
0.3,-0.35,0.8,180.0,0.0,0.0,0,70.405,700,26.74,-1
0.3,-0.35,0.85,180.0,0.0,0.0,0,103.922,700,26.47,-1
0.3,-0.35,0.9,180.0,0.0,0.0,0,135.961,700,26.44,-1
0.3,-0.3,0.35,180.0,0.0,0.0,0,62.797,700,25.35,-1
0.3,-0.3,0.4,180.0,0.0,0.0,0,13.731,700,25.25,-1
0.3,-0.3,0.45,180.0,0.0,0.0,1,1.461,3,0.13,0
0.3,-0.3,0.5,180.0,0.0,0.0,1,0.694,3,0.13,0
0.3,-0.3,0.55,180.0,0.0,0.0,1,0.941,4,0.17,0
0.3,-0.3,0.6,180.0,0.0,0.0,1,1.473,4,0.17,0
0.3,-0.3,0.65,180.0,0.0,0.0,1,2.673,5,0.21,0
0.3,-0.3,0.7,180.0,0.0,0.0,1,4.08,100,3.69,0
0.3,-0.3,0.75,180.0,0.0,0.0,0,31.669,700,27.11,-1
0.3,-0.3,0.8,180.0,0.0,0.0,0,71.77,700,27.07,-1
0.3,-0.3,0.85,180.0,0.0,0.0,0,108.353,700,26.94,-1
0.3,-0.3,0.9,180.0,0.0,0.0,0,141.78,700,26.82,-1
0.3,-0.25,0.35,180.0,0.0,0.0,0,34.033,700,25.34,-1
0.3,-0.25,0.4,180.0,0.0,0.0,1,3.202,100,3.6,0
0.3,-0.25,0.45,180.0,0.0,0.0,1,0.98,3,0.13,0
0.3,-0.25,0.5,180.0,0.0,0.0,1,0.533,3,0.13,0
0.3,-0.25,0.55,180.0,0.0,0.0,1,0.886,4,0.17,0
0.3,-0.25,0.6,180.0,0.0,0.0,1,2.062,5,0.22,0
0.3,-0.25,0.65,180.0,0.0,0.0,1,2.49,5,0.2,0
0.3,-0.25,0.7,180.0,0.0,0.0,1,3.481,100,3.69,0
0.3,-0.25,0.75,180.0,0.0,0.0,0,40.033,700,27.06,-1
0.3,-0.25,0.8,180.0,0.0,0.0,0,71.28,700,27.09,-1
0.3,-0.25,0.85,180.0,0.0,0.0,0,111.783,700,27.0,-1
0.3,-0.25,0.9,180.0,0.0,0.0,0,146.297,700,26.87,-1
0.3,-0.2,0.35,180.0,0.0,0.0,0,26.589,700,25.32,-1
0.3,-0.2,0.4,180.0,0.0,0.0,1,1.753,4,0.17,0
0.3,-0.2,0.45,180.0,0.0,0.0,1,1.216,3,0.13,0
0.3,-0.2,0.5,180.0,0.0,0.0,1,0.623,4,0.17,0
0.3,-0.2,0.55,180.0,0.0,0.0,1,2.746,4,0.17,0
0.3,-0.2,0.6,180.0,0.0,0.0,1,2.17,5,0.2,0
0.3,-0.2,0.65,180.0,0.0,0.0,1,2.604,5,0.2,0
0.3,-0.2,0.7,180.0,0.0,0.0,1,2.941,6,0.25,0
0.3,-0.2,0.75,180.0,0.0,0.0,0,31.557,700,27.05,-1
0.3,-0.2,0.8,180.0,0.0,0.0,0,77.92,700,27.09,-1
0.3,-0.2,0.85,180.0,0.0,0.0,0,110.533,700,27.16,-1
0.3,-0.2,0.9,180.0,0.0,0.0,0,149.134,700,26.78,-1
0.3,-0.15,0.35,180.0,0.0,0.0,0,24.199,700,25.24,-1
0.3,-0.15,0.4,180.0,0.0,0.0,1,1.682,4,0.17,0
0.3,-0.15,0.45,180.0,0.0,0.0,1,1.952,3,0.13,0
0.3,-0.15,0.5,180.0,0.0,0.0,1,1.045,4,0.17,0
0.3,-0.15,0.55,180.0,0.0,0.0,1,1.111,4,0.17,0
0.3,-0.15,0.6,180.0,0.0,0.0,1,2.465,4,0.17,0
0.3,-0.15,0.65,180.0,0.0,0.0,1,4.692,100,3.79,0
0.3,-0.15,0.7,180.0,0.0,0.0,1,9.282,100,3.78,0
0.3,-0.15,0.75,180.0,0.0,0.0,0,40.628,700,27.02,-1
0.3,-0.15,0.8,180.0,0.0,0.0,0,66.952,700,27.11,-1
0.3,-0.15,0.85,180.0,0.0,0.0,0,107.282,700,26.69,-1
0.3,-0.15,0.9,180.0,0.0,0.0,0,148.427,700,26.8,-1
0.3,-0.1,0.35,180.0,0.0,0.0,0,26.98,700,25.27,-1
0.3,-0.1,0.4,180.0,0.0,0.0,1,2.529,4,0.17,0
0.3,-0.1,0.45,180.0,0.0,0.0,1,0.711,4,0.16,0
0.3,-0.1,0.5,180.0,0.0,0.0,1,1.382,4,0.19,0
0.3,-0.1,0.55,180.0,0.0,0.0,1,1.53,4,0.17,0
0.3,-0.1,0.6,180.0,0.0,0.0,0,14.96,700,26.41,-1
0.3,-0.1,0.65,180.0,0.0,0.0,0,31.352,700,26.38,-1
0.3,-0.1,0.7,180.0,0.0,0.0,0,36.911,700,26.38,-1
0.3,-0.1,0.75,180.0,0.0,0.0,0,52.731,700,27.03,-1
0.3,-0.1,0.8,180.0,0.0,0.0,0,82.328,700,27.04,-1
0.3,-0.1,0.85,180.0,0.0,0.0,0,104.468,700,27.13,-1
0.3,-0.1,0.9,180.0,0.0,0.0,0,147.532,700,27.77,-1
0.3,-0.05,0.35,180.0,0.0,0.0,0,40.793,700,25.76,-1
0.3,-0.05,0.4,180.0,0.0,0.0,1,5.592,100,3.68,0
0.3,-0.05,0.45,180.0,0.0,0.0,1,0.895,4,0.17,0
0.3,-0.05,0.5,180.0,0.0,0.0,1,0.678,4,0.17,0
0.3,-0.05,0.55,180.0,0.0,0.0,1,4.876,100,3.79,0
0.3,-0.05,0.6,180.0,0.0,0.0,0,32.012,700,26.45,-1
0.3,-0.05,0.65,180.0,0.0,0.0,0,50.766,700,26.44,-1
0.3,-0.05,0.7,180.0,0.0,0.0,0,57.284,700,26.41,-1
0.3,-0.05,0.75,180.0,0.0,0.0,0,67.258,700,27.0,-1
0.3,-0.05,0.8,180.0,0.0,0.0,0,89.615,700,27.0,-1
0.3,-0.05,0.85,180.0,0.0,0.0,0,105.087,700,27.1,-1
0.3,-0.05,0.9,180.0,0.0,0.0,0,146.524,700,27.07,-1
0.35,-0.5,0.35,180.0,0.0,0.0,0,171.029,700,25.38,-1
0.35,-0.5,0.4,180.0,0.0,0.0,0,145.098,700,25.33,-1
0.35,-0.5,0.45,180.0,0.0,0.0,0,122.725,700,25.38,-1
0.35,-0.5,0.5,180.0,0.0,0.0,0,104.456,700,25.4,-1
0.35,-0.5,0.55,180.0,0.0,0.0,0,88.174,700,25.71,-1
0.35,-0.5,0.6,180.0,0.0,0.0,0,68.314,700,25.77,-1
0.35,-0.5,0.65,180.0,0.0,0.0,0,58.964,700,25.66,-1
0.35,-0.5,0.7,180.0,0.0,0.0,0,56.532,700,25.96,-1
0.35,-0.5,0.75,180.0,0.0,0.0,0,60.893,700,26.83,-1
0.35,-0.5,0.8,180.0,0.0,0.0,0,86.96,700,26.82,-1
0.35,-0.5,0.85,180.0,0.0,0.0,0,102.535,700,26.96,-1
0.35,-0.5,0.9,180.0,0.0,0.0,0,136.693,700,26.97,-1
0.35,-0.45,0.35,180.0,0.0,0.0,0,144.873,700,25.39,-1
0.35,-0.45,0.4,180.0,0.0,0.0,0,118.517,700,25.55,-1
0.35,-0.45,0.45,180.0,0.0,0.0,0,96.415,700,25.42,-1
0.35,-0.45,0.5,180.0,0.0,0.0,0,79.483,700,25.36,-1
0.35,-0.45,0.55,180.0,0.0,0.0,0,61.949,700,25.71,-1
0.35,-0.45,0.6,180.0,0.0,0.0,0,37.592,700,25.72,-1
0.35,-0.45,0.65,180.0,0.0,0.0,0,25.543,700,25.79,-1
0.35,-0.45,0.7,180.0,0.0,0.0,0,22.768,700,25.76,-1
0.35,-0.45,0.75,180.0,0.0,0.0,0,39.852,700,26.56,-1
0.35,-0.45,0.8,180.0,0.0,0.0,0,55.35,700,27.03,-1
0.35,-0.45,0.85,180.0,0.0,0.0,0,98.618,700,26.72,-1
0.35,-0.45,0.9,180.0,0.0,0.0,0,125.092,700,26.73,-1
0.35,-0.4,0.35,180.0,0.0,0.0,0,121.863,700,25.33,-1
0.35,-0.4,0.4,180.0,0.0,0.0,0,95.49,700,25.29,-1
0.35,-0.4,0.45,180.0,0.0,0.0,0,74.739,700,25.37,-1
0.35,-0.4,0.5,180.0,0.0,0.0,0,35.714,700,25.25,-1
0.35,-0.4,0.55,180.0,0.0,0.0,0,17.755,700,25.46,-1
0.35,-0.4,0.6,180.0,0.0,0.0,1,5.475,100,3.58,0
0.35,-0.4,0.65,180.0,0.0,0.0,1,2.866,4,0.19,0
0.35,-0.4,0.7,180.0,0.0,0.0,1,5.299,100,3.68,0
0.35,-0.4,0.75,180.0,0.0,0.0,0,34.641,700,26.31,-1
0.35,-0.4,0.8,180.0,0.0,0.0,0,55.675,700,26.66,-1
0.35,-0.4,0.85,180.0,0.0,0.0,0,93.549,700,26.58,-1
0.35,-0.4,0.9,180.0,0.0,0.0,0,115.823,700,26.68,-1
0.35,-0.35,0.35,180.0,0.0,0.0,0,102.151,700,25.47,-1
0.35,-0.35,0.4,180.0,0.0,0.0,0,76.119,700,25.4,-1
0.35,-0.35,0.45,180.0,0.0,0.0,0,37.95,700,25.29,-1
0.35,-0.35,0.5,180.0,0.0,0.0,0,14.327,700,25.31,-1
0.35,-0.35,0.55,180.0,0.0,0.0,1,2.106,4,0.17,0
0.35,-0.35,0.6,180.0,0.0,0.0,1,1.73,4,0.17,0
0.35,-0.35,0.65,180.0,0.0,0.0,1,2.654,4,0.17,0
0.35,-0.35,0.7,180.0,0.0,0.0,1,3.777,100,3.69,0
0.35,-0.35,0.75,180.0,0.0,0.0,0,25.172,700,26.54,-1
0.35,-0.35,0.8,180.0,0.0,0.0,0,71.363,700,26.45,-1
0.35,-0.35,0.85,180.0,0.0,0.0,0,96.75,700,26.46,-1
0.35,-0.35,0.9,180.0,0.0,0.0,0,125.98,700,26.45,-1
0.35,-0.3,0.35,180.0,0.0,0.0,0,85.801,700,25.36,-1
0.35,-0.3,0.4,180.0,0.0,0.0,0,46.818,700,25.25,-1
0.35,-0.3,0.45,180.0,0.0,0.0,0,19.082,700,25.23,-1
0.35,-0.3,0.5,180.0,0.0,0.0,1,2.059,4,0.17,0
0.35,-0.3,0.55,180.0,0.0,0.0,1,0.975,4,0.17,0
0.35,-0.3,0.6,180.0,0.0,0.0,1,1.712,4,0.17,0
0.35,-0.3,0.65,180.0,0.0,0.0,1,2.518,5,0.21,0
0.35,-0.3,0.7,180.0,0.0,0.0,1,3.313,100,3.69,0
0.35,-0.3,0.75,180.0,0.0,0.0,0,36.981,700,27.04,-1
0.35,-0.3,0.8,180.0,0.0,0.0,0,71.914,700,27.03,-1
0.35,-0.3,0.85,180.0,0.0,0.0,0,100.409,700,26.86,-1
0.35,-0.3,0.9,180.0,0.0,0.0,0,131.299,700,26.9,-1
0.35,-0.25,0.35,180.0,0.0,0.0,0,72.925,700,25.4,-1
0.35,-0.25,0.4,180.0,0.0,0.0,0,34.273,700,25.3,-1
0.35,-0.25,0.45,180.0,0.0,0.0,1,5.817,100,3.59,0
0.35,-0.25,0.5,180.0,0.0,0.0,1,2.14,3,0.13,0
0.35,-0.25,0.55,180.0,0.0,0.0,1,1.013,4,0.18,0
0.35,-0.25,0.6,180.0,0.0,0.0,1,2.26,4,0.17,0
0.35,-0.25,0.65,180.0,0.0,0.0,1,2.292,5,0.21,0
0.35,-0.25,0.7,180.0,0.0,0.0,1,2.774,5,0.21,0
0.35,-0.25,0.75,180.0,0.0,0.0,0,36.974,700,27.01,-1
0.35,-0.25,0.8,180.0,0.0,0.0,0,59.749,700,27.06,-1
0.35,-0.25,0.85,180.0,0.0,0.0,0,105.841,700,27.09,-1
0.35,-0.25,0.9,180.0,0.0,0.0,0,135.011,700,26.97,-1
0.35,-0.2,0.35,180.0,0.0,0.0,0,63.927,700,25.42,-1
0.35,-0.2,0.4,180.0,0.0,0.0,0,26.828,700,25.35,-1
0.35,-0.2,0.45,180.0,0.0,0.0,1,2.652,4,0.17,0
0.35,-0.2,0.5,180.0,0.0,0.0,1,2.049,3,0.13,0
0.35,-0.2,0.55,180.0,0.0,0.0,1,1.096,4,0.17,0
0.35,-0.2,0.6,180.0,0.0,0.0,1,2.095,5,0.21,0
0.35,-0.2,0.65,180.0,0.0,0.0,1,2.154,5,0.21,0
0.35,-0.2,0.7,180.0,0.0,0.0,1,2.524,5,0.21,0
0.35,-0.2,0.75,180.0,0.0,0.0,0,36.971,700,27.09,-1
0.35,-0.2,0.8,180.0,0.0,0.0,0,71.894,700,27.08,-1
0.35,-0.2,0.85,180.0,0.0,0.0,0,98.737,700,27.05,-1
0.35,-0.2,0.9,180.0,0.0,0.0,0,137.342,700,26.96,-1
0.35,-0.15,0.35,180.0,0.0,0.0,0,59.652,700,25.42,-1
0.35,-0.15,0.4,180.0,0.0,0.0,0,24.402,700,25.24,-1
0.35,-0.15,0.45,180.0,0.0,0.0,1,2.48,4,0.17,0
0.35,-0.15,0.5,180.0,0.0,0.0,1,2.463,3,0.13,0
0.35,-0.15,0.55,180.0,0.0,0.0,1,2.272,5,0.21,0
0.35,-0.15,0.6,180.0,0.0,0.0,1,2.011,5,0.2,0
0.35,-0.15,0.65,180.0,0.0,0.0,1,1.981,5,0.21,0
0.35,-0.15,0.7,180.0,0.0,0.0,1,2.362,5,0.21,0
0.35,-0.15,0.75,180.0,0.0,0.0,0,36.966,700,26.43,-1
0.35,-0.15,0.8,180.0,0.0,0.0,0,71.886,700,26.36,-1
0.35,-0.15,0.85,180.0,0.0,0.0,0,95.463,700,26.54,-1
0.35,-0.15,0.9,180.0,0.0,0.0,0,138.253,700,26.48,-1
0.35,-0.1,0.35,180.0,0.0,0.0,0,61.031,700,25.31,-1
0.35,-0.1,0.4,180.0,0.0,0.0,0,27.16,700,25.26,-1
0.35,-0.1,0.45,180.0,0.0,0.0,1,2.815,5,0.22,0
0.35,-0.1,0.5,180.0,0.0,0.0,1,0.878,4,0.17,0
0.35,-0.1,0.55,180.0,0.0,0.0,1,2.051,5,0.21,0
0.35,-0.1,0.6,180.0,0.0,0.0,1,1.957,5,0.21,0
0.35,-0.1,0.65,180.0,0.0,0.0,1,1.969,5,0.21,0
0.35,-0.1,0.7,180.0,0.0,0.0,1,2.697,4,0.17,0
0.35,-0.1,0.75,180.0,0.0,0.0,0,36.689,700,26.56,-1
0.35,-0.1,0.8,180.0,0.0,0.0,0,71.373,700,26.46,-1
0.35,-0.1,0.85,180.0,0.0,0.0,0,105.072,700,26.5,-1
0.35,-0.1,0.9,180.0,0.0,0.0,0,137.279,700,26.54,-1
0.35,-0.05,0.35,180.0,0.0,0.0,0,69.95,700,25.77,-1
0.35,-0.05,0.4,180.0,0.0,0.0,0,40.946,700,25.78,-1
0.35,-0.05,0.45,180.0,0.0,0.0,0,12.104,700,25.81,-1
0.35,-0.05,0.5,180.0,0.0,0.0,1,1.403,4,0.17,0
0.35,-0.05,0.55,180.0,0.0,0.0,1,2.7,5,0.21,0
0.35,-0.05,0.6,180.0,0.0,0.0,1,2.864,4,0.17,0
0.35,-0.05,0.65,180.0,0.0,0.0,0,10.042,700,26.42,-1
0.35,-0.05,0.7,180.0,0.0,0.0,0,15.063,700,26.41,-1
0.35,-0.05,0.75,180.0,0.0,0.0,0,38.094,700,27.03,-1
0.35,-0.05,0.8,180.0,0.0,0.0,0,70.175,700,27.02,-1
0.35,-0.05,0.85,180.0,0.0,0.0,0,102.988,700,27.09,-1
0.35,-0.05,0.9,180.0,0.0,0.0,0,134.732,700,26.68,-1
0.4,-0.5,0.35,180.0,0.0,0.0,0,236.334,700,25.45,-1
0.4,-0.5,0.4,180.0,0.0,0.0,0,175.57,700,25.33,-1
0.4,-0.5,0.45,180.0,0.0,0.0,0,154.098,700,25.39,-1
0.4,-0.5,0.5,180.0,0.0,0.0,0,136.412,700,25.45,-1
0.4,-0.5,0.55,180.0,0.0,0.0,0,117.2,700,25.68,-1
0.4,-0.5,0.6,180.0,0.0,0.0,0,102.972,700,25.7,-1
0.4,-0.5,0.65,180.0,0.0,0.0,0,95.425,700,25.73,-1
0.4,-0.5,0.7,180.0,0.0,0.0,0,93.224,700,25.95,-1
0.4,-0.5,0.75,180.0,0.0,0.0,0,99.438,700,26.54,-1
0.4,-0.5,0.8,180.0,0.0,0.0,0,106.988,700,26.61,-1
0.4,-0.5,0.85,180.0,0.0,0.0,0,137.733,700,26.74,-1
0.4,-0.5,0.9,180.0,0.0,0.0,0,163.927,700,26.57,-1
0.4,-0.45,0.35,180.0,0.0,0.0,0,175.097,700,25.44,-1
0.4,-0.45,0.4,180.0,0.0,0.0,0,149.574,700,25.46,-1
0.4,-0.45,0.45,180.0,0.0,0.0,0,127.733,700,25.39,-1
0.4,-0.45,0.5,180.0,0.0,0.0,0,110.124,700,25.36,-1
0.4,-0.45,0.55,180.0,0.0,0.0,0,88.526,700,25.68,-1
0.4,-0.45,0.6,180.0,0.0,0.0,0,72.63,700,25.75,-1
0.4,-0.45,0.65,180.0,0.0,0.0,0,64.288,700,25.8,-1
0.4,-0.45,0.7,180.0,0.0,0.0,0,61.929,700,25.76,-1
0.4,-0.45,0.75,180.0,0.0,0.0,0,70.168,700,26.61,-1
0.4,-0.45,0.8,180.0,0.0,0.0,0,90.753,700,26.48,-1
0.4,-0.45,0.85,180.0,0.0,0.0,0,112.302,700,26.88,-1
0.4,-0.45,0.9,180.0,0.0,0.0,0,140.35,700,26.68,-1
0.4,-0.4,0.35,180.0,0.0,0.0,0,152.782,700,25.44,-1
0.4,-0.4,0.4,180.0,0.0,0.0,0,126.658,700,25.39,-1
0.4,-0.4,0.45,180.0,0.0,0.0,0,104.684,700,25.45,-1
0.4,-0.4,0.5,180.0,0.0,0.0,0,87.663,700,25.5,-1
0.4,-0.4,0.55,180.0,0.0,0.0,0,63.756,700,25.76,-1
0.4,-0.4,0.6,180.0,0.0,0.0,0,45.894,700,25.79,-1
0.4,-0.4,0.65,180.0,0.0,0.0,0,36.435,700,25.82,-1
0.4,-0.4,0.7,180.0,0.0,0.0,0,33.89,700,25.71,-1
0.4,-0.4,0.75,180.0,0.0,0.0,0,47.316,700,26.39,-1
0.4,-0.4,0.8,180.0,0.0,0.0,0,73.143,700,26.49,-1
0.4,-0.4,0.85,180.0,0.0,0.0,0,102.628,700,26.54,-1
0.4,-0.4,0.9,180.0,0.0,0.0,0,128.091,700,26.52,-1
0.4,-0.35,0.35,180.0,0.0,0.0,0,133.673,700,25.41,-1
0.4,-0.35,0.4,180.0,0.0,0.0,0,106.967,700,25.45,-1
0.4,-0.35,0.45,180.0,0.0,0.0,0,85.011,700,25.42,-1
0.4,-0.35,0.5,180.0,0.0,0.0,0,68.192,700,25.77,-1
0.4,-0.35,0.55,180.0,0.0,0.0,0,43.837,700,25.72,-1
0.4,-0.35,0.6,180.0,0.0,0.0,0,24.096,700,25.7,-1
0.4,-0.35,0.65,180.0,0.0,0.0,0,12.645,700,25.82,-1
0.4,-0.35,0.7,180.0,0.0,0.0,1,9.778,100,3.71,0
0.4,-0.35,0.75,180.0,0.0,0.0,0,33.738,700,26.4,-1
0.4,-0.35,0.8,180.0,0.0,0.0,0,64.148,700,26.47,-1
0.4,-0.35,0.85,180.0,0.0,0.0,0,87.376,700,26.57,-1
0.4,-0.35,0.9,180.0,0.0,0.0,0,126.979,700,26.46,-1
0.4,-0.3,0.35,180.0,0.0,0.0,0,118.004,700,25.43,-1
0.4,-0.3,0.4,180.0,0.0,0.0,0,90.595,700,25.34,-1
0.4,-0.3,0.45,180.0,0.0,0.0,0,68.541,700,25.4,-1
0.4,-0.3,0.5,180.0,0.0,0.0,0,34.275,700,25.5,-1
0.4,-0.3,0.55,180.0,0.0,0.0,0,25.692,700,25.4,-1
0.4,-0.3,0.6,180.0,0.0,0.0,1,4.462,100,3.59,0
0.4,-0.3,0.65,180.0,0.0,0.0,1,4.632,100,3.68,0
0.4,-0.3,0.7,180.0,0.0,0.0,1,4.601,100,3.68,0
0.4,-0.3,0.75,180.0,0.0,0.0,0,33.837,700,26.4,-1
0.4,-0.3,0.8,180.0,0.0,0.0,0,62.979,700,26.34,-1
0.4,-0.3,0.85,180.0,0.0,0.0,0,93.526,700,26.4,-1
0.4,-0.3,0.9,180.0,0.0,0.0,0,124.664,700,26.35,-1
0.4,-0.25,0.35,180.0,0.0,0.0,0,106.08,700,25.37,-1
0.4,-0.25,0.4,180.0,0.0,0.0,0,77.714,700,25.32,-1
0.4,-0.25,0.45,180.0,0.0,0.0,0,44.718,700,25.22,-1
0.4,-0.25,0.5,180.0,0.0,0.0,0,35.23,700,25.48,-1
0.4,-0.25,0.55,180.0,0.0,0.0,1,4.555,100,3.57,0
0.4,-0.25,0.6,180.0,0.0,0.0,1,2.547,4,0.17,0
0.4,-0.25,0.65,180.0,0.0,0.0,1,2.879,4,0.17,0
0.4,-0.25,0.7,180.0,0.0,0.0,1,3.446,100,3.67,0
0.4,-0.25,0.75,180.0,0.0,0.0,0,34.029,700,27.05,-1
0.4,-0.25,0.8,180.0,0.0,0.0,0,66.117,700,26.99,-1
0.4,-0.25,0.85,180.0,0.0,0.0,0,94.802,700,26.41,-1
0.4,-0.25,0.9,180.0,0.0,0.0,0,124.862,700,26.5,-1
0.4,-0.2,0.35,180.0,0.0,0.0,0,98.329,700,25.37,-1
0.4,-0.2,0.4,180.0,0.0,0.0,0,68.789,700,25.46,-1
0.4,-0.2,0.45,180.0,0.0,0.0,0,37.329,700,25.29,-1
0.4,-0.2,0.5,180.0,0.0,0.0,0,14.353,700,25.5,-1
0.4,-0.2,0.55,180.0,0.0,0.0,1,2.576,4,0.17,0
0.4,-0.2,0.6,180.0,0.0,0.0,1,2.961,5,0.21,0
0.4,-0.2,0.65,180.0,0.0,0.0,1,2.463,5,0.21,0
0.4,-0.2,0.7,180.0,0.0,0.0,1,2.992,5,0.21,0
0.4,-0.2,0.75,180.0,0.0,0.0,0,34.007,700,27.16,-1
0.4,-0.2,0.8,180.0,0.0,0.0,0,66.08,700,26.9,-1
0.4,-0.2,0.85,180.0,0.0,0.0,0,97.238,700,27.04,-1
0.4,-0.2,0.9,180.0,0.0,0.0,0,125.769,700,26.88,-1
0.4,-0.15,0.35,180.0,0.0,0.0,0,95.246,700,25.41,-1
0.4,-0.15,0.4,180.0,0.0,0.0,0,64.654,700,25.39,-1
0.4,-0.15,0.45,180.0,0.0,0.0,0,34.982,700,25.3,-1
0.4,-0.15,0.5,180.0,0.0,0.0,0,11.096,700,25.26,-1
0.4,-0.15,0.55,180.0,0.0,0.0,1,2.51,4,0.17,0
0.4,-0.15,0.6,180.0,0.0,0.0,1,2.63,6,0.25,0
0.4,-0.15,0.65,180.0,0.0,0.0,1,2.835,5,0.21,0
0.4,-0.15,0.7,180.0,0.0,0.0,1,2.676,5,0.21,0
0.4,-0.15,0.75,180.0,0.0,0.0,0,33.999,700,26.41,-1
0.4,-0.15,0.8,180.0,0.0,0.0,0,66.068,700,26.42,-1
0.4,-0.15,0.85,180.0,0.0,0.0,0,97.215,700,26.44,-1
0.4,-0.15,0.9,180.0,0.0,0.0,0,127.081,700,26.49,-1
0.4,-0.1,0.35,180.0,0.0,0.0,0,97.199,700,25.49,-1
0.4,-0.1,0.4,180.0,0.0,0.0,0,66.143,700,25.47,-1
0.4,-0.1,0.45,180.0,0.0,0.0,0,41.593,700,25.32,-1
0.4,-0.1,0.5,180.0,0.0,0.0,0,14.314,700,25.45,-1
0.4,-0.1,0.55,180.0,0.0,0.0,1,2.564,4,0.17,0
0.4,-0.1,0.6,180.0,0.0,0.0,1,3.901,100,3.68,0
0.4,-0.1,0.65,180.0,0.0,0.0,1,2.385,6,0.25,0
0.4,-0.1,0.7,180.0,0.0,0.0,1,2.681,6,0.24,0
0.4,-0.1,0.75,180.0,0.0,0.0,0,33.775,700,26.42,-1
0.4,-0.1,0.8,180.0,0.0,0.0,0,65.65,700,26.43,-1
0.4,-0.1,0.85,180.0,0.0,0.0,0,96.619,700,26.74,-1
0.4,-0.1,0.9,180.0,0.0,0.0,0,125.651,700,26.48,-1
0.4,-0.05,0.35,180.0,0.0,0.0,0,104.584,700,25.73,-1
0.4,-0.05,0.4,180.0,0.0,0.0,0,74.789,700,25.77,-1
0.4,-0.05,0.45,180.0,0.0,0.0,0,50.179,700,25.76,-1
0.4,-0.05,0.5,180.0,0.0,0.0,0,31.031,700,25.73,-1
0.4,-0.05,0.55,180.0,0.0,0.0,1,7.736,100,3.7,0
0.4,-0.05,0.6,180.0,0.0,0.0,1,2.554,4,0.17,0
0.4,-0.05,0.65,180.0,0.0,0.0,1,2.732,7,0.29,0
0.4,-0.05,0.7,180.0,0.0,0.0,1,3.06,100,3.68,0
0.4,-0.05,0.75,180.0,0.0,0.0,0,33.227,700,26.5,-1
0.4,-0.05,0.8,180.0,0.0,0.0,0,64.587,700,26.66,-1
0.4,-0.05,0.85,180.0,0.0,0.0,0,95.118,700,26.86,-1
0.4,-0.05,0.9,180.0,0.0,0.0,0,125.183,700,27.04,-1
0.45,-0.5,0.35,180.0,0.0,0.0,0,271.942,700,25.38,-1
0.45,-0.5,0.4,180.0,0.0,0.0,0,246.237,700,25.41,-1
0.45,-0.5,0.45,180.0,0.0,0.0,0,224.089,700,25.45,-1
0.45,-0.5,0.5,180.0,0.0,0.0,0,169.519,700,25.72,-1
0.45,-0.5,0.55,180.0,0.0,0.0,0,152.47,700,25.75,-1
0.45,-0.5,0.6,180.0,0.0,0.0,0,140.659,700,26.09,-1
0.45,-0.5,0.65,180.0,0.0,0.0,0,133.989,700,25.89,-1
0.45,-0.5,0.7,180.0,0.0,0.0,0,131.956,700,25.9,-1
0.45,-0.5,0.75,180.0,0.0,0.0,0,136.643,700,26.5,-1
0.45,-0.5,0.8,180.0,0.0,0.0,0,143.372,700,26.6,-1
0.45,-0.5,0.85,180.0,0.0,0.0,0,164.587,700,26.46,-1
0.45,-0.5,0.9,180.0,0.0,0.0,0,191.314,700,26.76,-1
0.45,-0.45,0.35,180.0,0.0,0.0,0,251.105,700,25.32,-1
0.45,-0.45,0.4,180.0,0.0,0.0,0,224.953,700,25.31,-1
0.45,-0.45,0.45,180.0,0.0,0.0,0,162.136,700,25.29,-1
0.45,-0.45,0.5,180.0,0.0,0.0,0,142.824,700,25.68,-1
0.45,-0.45,0.55,180.0,0.0,0.0,0,124.784,700,25.73,-1
0.45,-0.45,0.6,180.0,0.0,0.0,0,112.157,700,25.69,-1
0.45,-0.45,0.65,180.0,0.0,0.0,0,105.058,700,25.74,-1
0.45,-0.45,0.7,180.0,0.0,0.0,0,102.912,700,25.75,-1
0.45,-0.45,0.75,180.0,0.0,0.0,0,108.643,700,26.34,-1
0.45,-0.45,0.8,180.0,0.0,0.0,0,123.533,700,26.36,-1
0.45,-0.45,0.85,180.0,0.0,0.0,0,139.272,700,26.55,-1
0.45,-0.45,0.9,180.0,0.0,0.0,0,169.314,700,26.46,-1
0.45,-0.4,0.35,180.0,0.0,0.0,0,232.949,700,25.36,-1
0.45,-0.4,0.4,180.0,0.0,0.0,0,161.208,700,25.37,-1
0.45,-0.4,0.45,180.0,0.0,0.0,0,139.474,700,25.46,-1
0.45,-0.4,0.5,180.0,0.0,0.0,0,119.224,700,25.78,-1
0.45,-0.4,0.55,180.0,0.0,0.0,0,100.342,700,25.75,-1
0.45,-0.4,0.6,180.0,0.0,0.0,0,86.911,700,25.7,-1
0.45,-0.4,0.65,180.0,0.0,0.0,0,79.366,700,25.68,-1
0.45,-0.4,0.7,180.0,0.0,0.0,0,77.107,700,25.7,-1
0.45,-0.4,0.75,180.0,0.0,0.0,0,84.344,700,26.33,-1
0.45,-0.4,0.8,180.0,0.0,0.0,0,102.211,700,26.43,-1
0.45,-0.4,0.85,180.0,0.0,0.0,0,126.449,700,26.37,-1
0.45,-0.4,0.9,180.0,0.0,0.0,0,154.31,700,26.44,-1
0.45,-0.35,0.35,180.0,0.0,0.0,0,168.331,700,25.4,-1
0.45,-0.35,0.4,180.0,0.0,0.0,0,142.297,700,25.36,-1
0.45,-0.35,0.45,180.0,0.0,0.0,0,119.971,700,25.4,-1
0.45,-0.35,0.5,180.0,0.0,0.0,0,98.997,700,25.66,-1
0.45,-0.35,0.55,180.0,0.0,0.0,0,79.549,700,25.65,-1
0.45,-0.35,0.6,180.0,0.0,0.0,0,65.405,700,25.71,-1
0.45,-0.35,0.65,180.0,0.0,0.0,0,57.421,700,25.82,-1
0.45,-0.35,0.7,180.0,0.0,0.0,0,55.053,700,25.82,-1
0.45,-0.35,0.75,180.0,0.0,0.0,0,64.497,700,26.4,-1
0.45,-0.35,0.8,180.0,0.0,0.0,0,85.917,700,26.54,-1
0.45,-0.35,0.85,180.0,0.0,0.0,0,112.888,700,26.47,-1
0.45,-0.35,0.9,180.0,0.0,0.0,0,142.557,700,26.45,-1
0.45,-0.3,0.35,180.0,0.0,0.0,0,153.641,700,25.4,-1
0.45,-0.3,0.4,180.0,0.0,0.0,0,126.818,700,25.37,-1
0.45,-0.3,0.45,180.0,0.0,0.0,0,103.804,700,25.4,-1
0.45,-0.3,0.5,180.0,0.0,0.0,0,82.375,700,25.75,-1
0.45,-0.3,0.55,180.0,0.0,0.0,0,62.751,700,25.71,-1
0.45,-0.3,0.6,180.0,0.0,0.0,0,48.12,700,25.78,-1
0.45,-0.3,0.65,180.0,0.0,0.0,0,39.742,700,25.77,-1
0.45,-0.3,0.7,180.0,0.0,0.0,0,37.277,700,25.76,-1
0.45,-0.3,0.75,180.0,0.0,0.0,0,49.854,700,26.6,-1
0.45,-0.3,0.8,180.0,0.0,0.0,0,74.923,700,26.55,-1
0.45,-0.3,0.85,180.0,0.0,0.0,0,104.04,700,26.44,-1
0.45,-0.3,0.9,180.0,0.0,0.0,0,134.902,700,26.55,-1
0.45,-0.25,0.35,180.0,0.0,0.0,0,142.717,700,25.44,-1
0.45,-0.25,0.4,180.0,0.0,0.0,0,115.095,700,25.41,-1
0.45,-0.25,0.45,180.0,0.0,0.0,0,91.253,700,25.44,-1
0.45,-0.25,0.5,180.0,0.0,0.0,0,69.596,700,25.73,-1
0.45,-0.25,0.55,180.0,0.0,0.0,0,50.215,700,25.75,-1
0.45,-0.25,0.6,180.0,0.0,0.0,0,35.465,700,25.76,-1
0.45,-0.25,0.65,180.0,0.0,0.0,0,29.328,700,25.74,-1
0.45,-0.25,0.7,180.0,0.0,0.0,0,24.275,700,25.82,-1
0.45,-0.25,0.75,180.0,0.0,0.0,0,40.743,700,26.7,-1
0.45,-0.25,0.8,180.0,0.0,0.0,0,68.682,700,26.49,-1
0.45,-0.25,0.85,180.0,0.0,0.0,0,99.063,700,26.63,-1
0.45,-0.25,0.9,180.0,0.0,0.0,0,130.511,700,26.58,-1
0.45,-0.2,0.35,180.0,0.0,0.0,0,135.885,700,25.48,-1
0.45,-0.2,0.4,180.0,0.0,0.0,0,107.547,700,25.46,-1
0.45,-0.2,0.45,180.0,0.0,0.0,0,82.817,700,25.5,-1
0.45,-0.2,0.5,180.0,0.0,0.0,0,61.032,700,25.79,-1
0.45,-0.2,0.55,180.0,0.0,0.0,0,42.175,700,25.84,-1
0.45,-0.2,0.6,180.0,0.0,0.0,0,27.729,700,25.8,-1
0.45,-0.2,0.65,180.0,0.0,0.0,0,19.037,700,25.79,-1
0.45,-0.2,0.7,180.0,0.0,0.0,0,16.461,700,25.77,-1
0.45,-0.2,0.75,180.0,0.0,0.0,0,34.594,700,26.6,-1
0.45,-0.2,0.8,180.0,0.0,0.0,0,65.876,700,26.76,-1
0.45,-0.2,0.85,180.0,0.0,0.0,0,96.776,700,26.66,-1
0.45,-0.2,0.9,180.0,0.0,0.0,0,128.414,700,26.67,-1
0.45,-0.15,0.35,180.0,0.0,0.0,0,133.439,700,25.63,-1
0.45,-0.15,0.4,180.0,0.0,0.0,0,104.621,700,25.47,-1
0.45,-0.15,0.45,180.0,0.0,0.0,0,79.186,700,25.49,-1
0.45,-0.15,0.5,180.0,0.0,0.0,0,57.297,700,25.82,-1
0.45,-0.15,0.55,180.0,0.0,0.0,0,39.001,700,25.79,-1
0.45,-0.15,0.6,180.0,0.0,0.0,0,25.125,700,25.8,-1
0.45,-0.15,0.65,180.0,0.0,0.0,0,16.653,700,25.79,-1
0.45,-0.15,0.7,180.0,0.0,0.0,0,14.089,700,25.86,-1
0.45,-0.15,0.75,180.0,0.0,0.0,0,35.34,700,26.59,-1
0.45,-0.15,0.8,180.0,0.0,0.0,0,61.953,700,26.67,-1
0.45,-0.15,0.85,180.0,0.0,0.0,0,96.193,700,26.68,-1
0.45,-0.15,0.9,180.0,0.0,0.0,0,127.861,700,26.82,-1
0.45,-0.1,0.35,180.0,0.0,0.0,0,135.555,700,25.64,-1
0.45,-0.1,0.4,180.0,0.0,0.0,0,106.627,700,25.62,-1
0.45,-0.1,0.45,180.0,0.0,0.0,0,80.937,700,25.67,-1
0.45,-0.1,0.5,180.0,0.0,0.0,0,59.038,700,25.93,-1
0.45,-0.1,0.55,180.0,0.0,0.0,0,41.197,700,25.94,-1
0.45,-0.1,0.6,180.0,0.0,0.0,0,27.891,700,25.95,-1
0.45,-0.1,0.65,180.0,0.0,0.0,0,19.754,700,25.95,-1
0.45,-0.1,0.7,180.0,0.0,0.0,0,17.232,700,25.97,-1
0.45,-0.1,0.75,180.0,0.0,0.0,0,35.019,700,26.62,-1
0.45,-0.1,0.8,180.0,0.0,0.0,0,66.117,700,26.61,-1
0.45,-0.1,0.85,180.0,0.0,0.0,0,78.945,700,26.81,-1
0.45,-0.1,0.9,180.0,0.0,0.0,0,128.6,700,26.76,-1
0.45,-0.05,0.35,180.0,0.0,0.0,0,142.233,700,25.94,-1
0.45,-0.05,0.4,180.0,0.0,0.0,0,113.803,700,25.9,-1
0.45,-0.05,0.45,180.0,0.0,0.0,0,88.902,700,26.02,-1
0.45,-0.05,0.5,180.0,0.0,0.0,0,67.769,700,26.25,-1
0.45,-0.05,0.55,180.0,0.0,0.0,0,52.328,700,26.33,-1
0.45,-0.05,0.6,180.0,0.0,0.0,0,41.76,700,26.11,-1
0.45,-0.05,0.65,180.0,0.0,0.0,0,36.186,700,26.11,-1
0.45,-0.05,0.7,180.0,0.0,0.0,0,28.109,700,27.09,-1
0.45,-0.05,0.75,180.0,0.0,0.0,0,42.054,700,27.1,-1
0.45,-0.05,0.8,180.0,0.0,0.0,0,69.558,700,27.22,-1
0.45,-0.05,0.85,180.0,0.0,0.0,0,99.773,700,27.25,-1
0.45,-0.05,0.9,180.0,0.0,0.0,0,131.144,700,27.27,-1
0.5,-0.5,0.35,180.0,0.0,0.0,0,310.512,700,25.35,-1
0.5,-0.5,0.4,180.0,0.0,0.0,0,285.411,700,25.33,-1
0.5,-0.5,0.45,180.0,0.0,0.0,0,223.406,700,25.49,-1
0.5,-0.5,0.5,180.0,0.0,0.0,0,205.622,700,25.72,-1
0.5,-0.5,0.55,180.0,0.0,0.0,0,190.798,700,25.8,-1
0.5,-0.5,0.6,180.0,0.0,0.0,0,180.32,700,25.76,-1
0.5,-0.5,0.65,180.0,0.0,0.0,0,174.227,700,26.22,-1
0.5,-0.5,0.7,180.0,0.0,0.0,0,172.335,700,25.97,-1
0.5,-0.5,0.75,180.0,0.0,0.0,0,176.12,700,26.38,-1
0.5,-0.5,0.8,180.0,0.0,0.0,0,186.488,700,26.47,-1
0.5,-0.5,0.85,180.0,0.0,0.0,0,202.511,700,26.56,-1
0.5,-0.5,0.9,180.0,0.0,0.0,0,223.094,700,26.48,-1
0.5,-0.45,0.35,180.0,0.0,0.0,0,289.575,700,25.43,-1
0.5,-0.45,0.4,180.0,0.0,0.0,0,264.472,700,25.36,-1
0.5,-0.45,0.45,180.0,0.0,0.0,0,242.992,700,25.48,-1
0.5,-0.45,0.5,180.0,0.0,0.0,0,180.194,700,25.71,-1
0.5,-0.45,0.55,180.0,0.0,0.0,0,164.687,700,25.75,-1
0.5,-0.45,0.6,180.0,0.0,0.0,0,153.684,700,25.74,-1
0.5,-0.45,0.65,180.0,0.0,0.0,0,147.291,700,25.88,-1
0.5,-0.45,0.7,180.0,0.0,0.0,0,145.311,700,25.77,-1
0.5,-0.45,0.75,180.0,0.0,0.0,0,149.647,700,26.27,-1
0.5,-0.45,0.8,180.0,0.0,0.0,0,155.097,700,26.44,-1
0.5,-0.45,0.85,180.0,0.0,0.0,0,173.742,700,26.52,-1
0.5,-0.45,0.9,180.0,0.0,0.0,0,201.497,700,26.62,-1
0.5,-0.4,0.35,180.0,0.0,0.0,0,222.392,700,25.34,-1
0.5,-0.4,0.4,180.0,0.0,0.0,0,198.238,700,25.33,-1
0.5,-0.4,0.45,180.0,0.0,0.0,0,222.53,700,25.68,-1
0.5,-0.4,0.5,180.0,0.0,0.0,0,157.802,700,25.64,-1
0.5,-0.4,0.55,180.0,0.0,0.0,0,141.706,700,25.74,-1
0.5,-0.4,0.6,180.0,0.0,0.0,0,130.218,700,25.67,-1
0.5,-0.4,0.65,180.0,0.0,0.0,0,123.537,700,25.73,-1
0.5,-0.4,0.7,180.0,0.0,0.0,0,121.471,700,25.72,-1
0.5,-0.4,0.75,180.0,0.0,0.0,0,126.479,700,26.51,-1
0.5,-0.4,0.8,180.0,0.0,0.0,0,131.539,700,26.53,-1
0.5,-0.4,0.85,180.0,0.0,0.0,0,159.43,700,26.46,-1
0.5,-0.4,0.9,180.0,0.0,0.0,0,183.57,700,26.42,-1
0.5,-0.35,0.35,180.0,0.0,0.0,0,205.337,700,25.4,-1
0.5,-0.35,0.4,180.0,0.0,0.0,0,180.443,700,25.4,-1
0.5,-0.35,0.45,180.0,0.0,0.0,0,158.693,700,25.7,-1
0.5,-0.35,0.5,180.0,0.0,0.0,0,138.763,700,25.78,-1
0.5,-0.35,0.55,180.0,0.0,0.0,0,122.22,700,25.84,-1
0.5,-0.35,0.6,180.0,0.0,0.0,0,110.323,700,25.86,-1
0.5,-0.35,0.65,180.0,0.0,0.0,0,103.383,700,25.81,-1
0.5,-0.35,0.7,180.0,0.0,0.0,0,101.238,700,25.73,-1
0.5,-0.35,0.75,180.0,0.0,0.0,0,107.042,700,26.43,-1
0.5,-0.35,0.8,180.0,0.0,0.0,0,118.455,700,26.52,-1
0.5,-0.35,0.85,180.0,0.0,0.0,0,143.65,700,26.42,-1
0.5,-0.35,0.9,180.0,0.0,0.0,0,169.146,700,26.56,-1
0.5,-0.3,0.35,180.0,0.0,0.0,0,191.667,700,25.43,-1
0.5,-0.3,0.4,180.0,0.0,0.0,0,166.078,700,25.5,-1
0.5,-0.3,0.45,180.0,0.0,0.0,0,143.643,700,25.81,-1
0.5,-0.3,0.5,180.0,0.0,0.0,0,123.392,700,25.74,-1
0.5,-0.3,0.55,180.0,0.0,0.0,0,106.582,700,25.78,-1
0.5,-0.3,0.6,180.0,0.0,0.0,0,94.395,700,25.71,-1
0.5,-0.3,0.65,180.0,0.0,0.0,0,87.245,700,25.77,-1
0.5,-0.3,0.7,180.0,0.0,0.0,0,85.034,700,25.77,-1
0.5,-0.3,0.75,180.0,0.0,0.0,0,91.718,700,26.43,-1
0.5,-0.3,0.8,180.0,0.0,0.0,0,108.551,700,26.41,-1
0.5,-0.3,0.85,180.0,0.0,0.0,0,131.86,700,26.43,-1
0.5,-0.3,0.9,180.0,0.0,0.0,0,158.192,700,26.59,-1
0.5,-0.25,0.35,180.0,0.0,0.0,0,181.649,700,25.56,-1
0.5,-0.25,0.4,180.0,0.0,0.0,0,155.444,700,25.49,-1
0.5,-0.25,0.45,180.0,0.0,0.0,0,132.417,700,25.75,-1
0.5,-0.25,0.5,180.0,0.0,0.0,0,112.004,700,25.77,-1
0.5,-0.25,0.55,180.0,0.0,0.0,0,95.12,700,25.75,-1
0.5,-0.25,0.6,180.0,0.0,0.0,0,82.793,700,25.85,-1
0.5,-0.25,0.65,180.0,0.0,0.0,0,75.503,700,25.95,-1
0.5,-0.25,0.7,180.0,0.0,0.0,0,73.243,700,25.89,-1
0.5,-0.25,0.75,180.0,0.0,0.0,0,80.78,700,26.55,-1
0.5,-0.25,0.8,180.0,0.0,0.0,0,99.189,700,26.53,-1
0.5,-0.25,0.85,180.0,0.0,0.0,0,123.889,700,26.57,-1
0.5,-0.25,0.9,180.0,0.0,0.0,0,152.078,700,26.53,-1
0.5,-0.2,0.35,180.0,0.0,0.0,0,175.526,700,25.46,-1
0.5,-0.2,0.4,180.0,0.0,0.0,0,148.844,700,25.51,-1
0.5,-0.2,0.45,180.0,0.0,0.0,0,125.362,700,25.74,-1
0.5,-0.2,0.5,180.0,0.0,0.0,0,104.916,700,25.82,-1
0.5,-0.2,0.55,180.0,0.0,0.0,0,88.125,700,25.73,-1
0.5,-0.2,0.6,180.0,0.0,0.0,0,75.809,700,25.69,-1
0.5,-0.2,0.65,180.0,0.0,0.0,0,68.464,700,25.69,-1
0.5,-0.2,0.7,180.0,0.0,0.0,0,66.175,700,25.71,-1
0.5,-0.2,0.75,180.0,0.0,0.0,0,74.347,700,26.53,-1
0.5,-0.2,0.8,180.0,0.0,0.0,0,93.835,700,26.52,-1
0.5,-0.2,0.85,180.0,0.0,0.0,0,117.635,700,26.58,-1
0.5,-0.2,0.9,180.0,0.0,0.0,0,148.187,700,26.61,-1
0.5,-0.15,0.35,180.0,0.0,0.0,0,173.487,700,25.56,-1
0.5,-0.15,0.4,180.0,0.0,0.0,0,146.537,700,25.59,-1
0.5,-0.15,0.45,180.0,0.0,0.0,0,122.791,700,25.85,-1
0.5,-0.15,0.5,180.0,0.0,0.0,0,102.413,700,25.87,-1
0.5,-0.15,0.55,180.0,0.0,0.0,0,85.826,700,25.85,-1
0.5,-0.15,0.6,180.0,0.0,0.0,0,73.645,700,25.82,-1
0.5,-0.15,0.65,180.0,0.0,0.0,0,66.325,700,25.86,-1
0.5,-0.15,0.7,180.0,0.0,0.0,0,64.03,700,25.83,-1
0.5,-0.15,0.75,180.0,0.0,0.0,0,72.418,700,26.49,-1
0.5,-0.15,0.8,180.0,0.0,0.0,0,92.255,700,26.46,-1
0.5,-0.15,0.85,180.0,0.0,0.0,0,104.366,700,26.7,-1
0.5,-0.15,0.9,180.0,0.0,0.0,0,147.051,700,26.65,-1
0.5,-0.1,0.35,180.0,0.0,0.0,0,175.628,700,25.5,-1
0.5,-0.1,0.4,180.0,0.0,0.0,0,148.666,700,25.53,-1
0.5,-0.1,0.45,180.0,0.0,0.0,0,124.892,700,25.77,-1
0.5,-0.1,0.5,180.0,0.0,0.0,0,104.673,700,25.92,-1
0.5,-0.1,0.55,180.0,0.0,0.0,0,88.349,700,25.91,-1
0.5,-0.1,0.6,180.0,0.0,0.0,0,76.378,700,25.93,-1
0.5,-0.1,0.65,180.0,0.0,0.0,0,69.15,700,25.87,-1
0.5,-0.1,0.7,180.0,0.0,0.0,0,66.871,700,25.81,-1
0.5,-0.1,0.75,180.0,0.0,0.0,0,74.975,700,26.55,-1
0.5,-0.1,0.8,180.0,0.0,0.0,0,94.352,700,26.48,-1
0.5,-0.1,0.85,180.0,0.0,0.0,0,105.138,700,26.54,-1
0.5,-0.1,0.9,180.0,0.0,0.0,0,148.559,700,26.54,-1
0.5,-0.05,0.35,180.0,0.0,0.0,0,181.925,700,25.49,-1
0.5,-0.05,0.4,180.0,0.0,0.0,0,155.212,700,25.63,-1
0.5,-0.05,0.45,180.0,0.0,0.0,0,131.72,700,26.19,-1
0.5,-0.05,0.5,180.0,0.0,0.0,0,111.91,700,26.2,-1
0.5,-0.05,0.55,180.0,0.0,0.0,0,96.173,700,26.16,-1
0.5,-0.05,0.6,180.0,0.0,0.0,0,84.821,700,26.1,-1
0.5,-0.05,0.65,180.0,0.0,0.0,0,78.04,700,26.45,-1
0.5,-0.05,0.7,180.0,0.0,0.0,0,75.9,700,26.81,-1
0.5,-0.05,0.75,180.0,0.0,0.0,0,83.189,700,27.21,-1
0.5,-0.05,0.8,180.0,0.0,0.0,0,101.125,700,27.15,-1
0.5,-0.05,0.85,180.0,0.0,0.0,0,115.97,700,27.14,-1
0.5,-0.05,0.9,180.0,0.0,0.0,0,153.267,700,27.14,-1
