x,y,z,roll,pitch,yaw,success,pos_err_mm,iterations,solve_ms,seed_used
-0.2,-0.7,0.05,0.0,0.0,0.0,0,539.061,700,40.6,-1
-0.2,-0.7,0.15,0.0,0.0,0.0,0,470.468,700,38.54,-1
-0.2,-0.7,0.25,0.0,0.0,0.0,0,365.737,700,37.56,-1
-0.2,-0.7,0.35,0.0,0.0,0.0,0,305.517,700,36.78,-1
-0.2,-0.7,0.45,0.0,0.0,0.0,0,253.441,700,36.94,-1
-0.2,-0.7,0.55,0.0,0.0,0.0,0,212.705,700,36.38,-1
-0.2,-0.7,0.65,0.0,0.0,0.0,0,215.168,700,36.44,-1
-0.2,-0.7,0.75,0.0,0.0,0.0,0,165.146,700,36.36,-1
-0.2,-0.7,0.85,0.0,0.0,0.0,0,180.156,700,36.07,-1
-0.2,-0.7,0.95,0.0,0.0,0.0,0,228.362,700,35.89,-1
-0.2,-0.6,0.05,0.0,0.0,0.0,0,418.105,700,36.7,-1
-0.2,-0.6,0.15,0.0,0.0,0.0,0,336.768,700,36.12,-1
-0.2,-0.6,0.25,0.0,0.0,0.0,0,249.727,700,36.26,-1
-0.2,-0.6,0.35,0.0,0.0,0.0,0,217.144,700,41.73,-1
-0.2,-0.6,0.45,0.0,0.0,0.0,0,154.545,700,40.78,-1
-0.2,-0.6,0.55,0.0,0.0,0.0,0,105.383,700,41.27,-1
-0.2,-0.6,0.65,0.0,0.0,0.0,0,77.452,700,41.23,-1
-0.2,-0.6,0.75,0.0,0.0,0.0,0,70.698,700,40.86,-1
-0.2,-0.6,0.85,0.0,0.0,0.0,0,113.173,700,40.61,-1
-0.2,-0.6,0.95,0.0,0.0,0.0,0,154.598,700,41.17,-1
-0.2,-0.5,0.05,0.0,0.0,0.0,0,380.109,700,42.27,-1
-0.2,-0.5,0.15,0.0,0.0,0.0,0,302.971,700,41.99,-1
-0.2,-0.5,0.25,0.0,0.0,0.0,0,240.022,700,41.7,-1
-0.2,-0.5,0.35,0.0,0.0,0.0,0,162.368,700,41.41,-1
-0.2,-0.5,0.45,0.0,0.0,0.0,0,89.029,700,39.36,-1
-0.2,-0.5,0.55,0.0,0.0,0.0,0,26.246,700,40.78,-1
-0.2,-0.5,0.65,0.0,0.0,0.0,1,2.425,41,2.45,0
-0.2,-0.5,0.75,0.0,0.0,0.0,1,0.77,8,0.5,0
-0.2,-0.5,0.85,0.0,0.0,0.0,1,3.865,100,5.61,0
-0.2,-0.5,0.95,0.0,0.0,0.0,0,39.372,700,40.4,-1
-0.2,-0.4,0.05,0.0,0.0,0.0,0,396.467,700,39.86,-1
-0.2,-0.4,0.15,0.0,0.0,0.0,0,317.669,700,41.49,-1
-0.2,-0.4,0.25,0.0,0.0,0.0,0,246.383,700,41.6,-1
-0.2,-0.4,0.35,0.0,0.0,0.0,0,126.207,700,39.16,-1
-0.2,-0.4,0.45,0.0,0.0,0.0,0,43.581,700,41.03,-1
-0.2,-0.4,0.55,0.0,0.0,0.0,1,2.116,417,24.92,4
-0.2,-0.4,0.65,0.0,0.0,0.0,1,2.496,311,16.15,3
-0.2,-0.4,0.75,0.0,0.0,0.0,1,1.623,11,0.69,0
-0.2,-0.4,0.85,0.0,0.0,0.0,1,0.639,10,0.61,0
-0.2,-0.4,0.95,0.0,0.0,0.0,1,0.882,10,0.62,0
-0.2,-0.3,0.05,0.0,0.0,0.0,0,347.127,700,41.83,-1
-0.2,-0.3,0.15,0.0,0.0,0.0,0,310.721,700,41.57,-1
-0.2,-0.3,0.25,0.0,0.0,0.0,0,184.448,700,39.62,-1
-0.2,-0.3,0.35,0.0,0.0,0.0,0,123.459,700,40.77,-1
-0.2,-0.3,0.45,0.0,0.0,0.0,0,48.763,700,38.6,-1
-0.2,-0.3,0.55,0.0,0.0,0.0,0,112.268,700,41.62,-1
-0.2,-0.3,0.65,0.0,0.0,0.0,0,33.69,700,39.6,-1
-0.2,-0.3,0.75,0.0,0.0,0.0,1,1.208,7,0.36,0
-0.2,-0.3,0.85,0.0,0.0,0.0,1,1.723,8,0.41,0
-0.2,-0.3,0.95,0.0,0.0,0.0,1,1.097,7,0.36,0
-0.2,-0.2,0.05,0.0,0.0,0.0,0,373.177,700,42.21,-1
-0.2,-0.2,0.15,0.0,0.0,0.0,0,271.511,700,41.73,-1
-0.2,-0.2,0.25,0.0,0.0,0.0,0,260.98,700,38.68,-1
-0.2,-0.2,0.35,0.0,0.0,0.0,0,130.38,700,41.31,-1
-0.2,-0.2,0.45,0.0,0.0,0.0,0,19.008,700,40.59,-1
-0.2,-0.2,0.55,0.0,0.0,0.0,1,1.574,221,11.6,2
-0.2,-0.2,0.65,0.0,0.0,0.0,1,2.414,112,6.82,1
-0.2,-0.2,0.75,0.0,0.0,0.0,1,1.988,8,0.51,0
-0.2,-0.2,0.85,0.0,0.0,0.0,1,0.988,7,0.45,0
-0.2,-0.2,0.95,0.0,0.0,0.0,1,2.4,6,0.38,0
-0.2,-0.1,0.05,0.0,0.0,0.0,0,382.418,700,42.04,-1
-0.2,-0.1,0.15,0.0,0.0,0.0,0,353.924,700,42.39,-1
-0.2,-0.1,0.25,0.0,0.0,0.0,0,167.521,700,40.06,-1
-0.2,-0.1,0.35,0.0,0.0,0.0,0,101.231,700,40.89,-1
-0.2,-0.1,0.45,0.0,0.0,0.0,0,20.154,700,40.32,-1
-0.2,-0.1,0.55,0.0,0.0,0.0,1,2.509,117,7.06,1
-0.2,-0.1,0.65,0.0,0.0,0.0,0,221.549,700,41.12,-1
-0.2,-0.1,0.75,0.0,0.0,0.0,1,1.766,10,0.62,0
-0.2,-0.1,0.85,0.0,0.0,0.0,1,2.261,7,0.44,0
-0.2,-0.1,0.95,0.0,0.0,0.0,1,0.849,7,0.43,0
-0.1,-0.7,0.05,0.0,0.0,0.0,0,490.852,700,42.16,-1
-0.1,-0.7,0.15,0.0,0.0,0.0,0,416.735,700,38.8,-1
-0.1,-0.7,0.25,0.0,0.0,0.0,0,367.963,700,42.04,-1
-0.1,-0.7,0.35,0.0,0.0,0.0,0,310.777,700,42.16,-1
-0.1,-0.7,0.45,0.0,0.0,0.0,0,262.343,700,41.88,-1
-0.1,-0.7,0.55,0.0,0.0,0.0,0,191.347,700,39.86,-1
-0.1,-0.7,0.65,0.0,0.0,0.0,0,169.833,700,42.38,-1
-0.1,-0.7,0.75,0.0,0.0,0.0,0,162.806,700,39.79,-1
-0.1,-0.7,0.85,0.0,0.0,0.0,0,163.635,700,42.09,-1
-0.1,-0.7,0.95,0.0,0.0,0.0,0,186.165,700,41.75,-1
-0.1,-0.6,0.05,0.0,0.0,0.0,0,517.162,700,41.8,-1
-0.1,-0.6,0.15,0.0,0.0,0.0,0,391.809,700,42.33,-1
-0.1,-0.6,0.25,0.0,0.0,0.0,0,328.329,700,41.79,-1
-0.1,-0.6,0.35,0.0,0.0,0.0,0,228.418,700,41.96,-1
-0.1,-0.6,0.45,0.0,0.0,0.0,0,150.824,700,41.63,-1
-0.1,-0.6,0.55,0.0,0.0,0.0,0,102.227,700,40.42,-1
-0.1,-0.6,0.65,0.0,0.0,0.0,0,77.059,700,42.41,-1
-0.1,-0.6,0.75,0.0,0.0,0.0,0,70.119,700,38.87,-1
-0.1,-0.6,0.85,0.0,0.0,0.0,0,69.766,700,39.81,-1
-0.1,-0.6,0.95,0.0,0.0,0.0,0,95.014,700,40.95,-1
-0.1,-0.5,0.05,0.0,0.0,0.0,0,418.275,700,40.28,-1
-0.1,-0.5,0.15,0.0,0.0,0.0,0,337.707,700,41.74,-1
-0.1,-0.5,0.25,0.0,0.0,0.0,0,262.395,700,39.49,-1
-0.1,-0.5,0.35,0.0,0.0,0.0,0,159.784,700,40.91,-1
-0.1,-0.5,0.45,0.0,0.0,0.0,0,87.302,700,40.68,-1
-0.1,-0.5,0.55,0.0,0.0,0.0,0,26.164,700,39.15,-1
-0.1,-0.5,0.65,0.0,0.0,0.0,0,46.495,700,40.83,-1
-0.1,-0.5,0.75,0.0,0.0,0.0,1,2.33,110,6.47,1
-0.1,-0.5,0.85,0.0,0.0,0.0,1,2.414,8,0.5,0
-0.1,-0.5,0.95,0.0,0.0,0.0,0,10.49,700,38.01,-1
-0.1,-0.4,0.05,0.0,0.0,0.0,0,347.542,700,42.26,-1
-0.1,-0.4,0.15,0.0,0.0,0.0,0,320.014,700,41.04,-1
-0.1,-0.4,0.25,0.0,0.0,0.0,0,174.074,700,39.58,-1
-0.1,-0.4,0.35,0.0,0.0,0.0,0,125.226,700,40.82,-1
-0.1,-0.4,0.45,0.0,0.0,0.0,0,43.675,700,37.25,-1
-0.1,-0.4,0.55,0.0,0.0,0.0,1,2.611,112,6.51,1
-0.1,-0.4,0.65,0.0,0.0,0.0,1,2.439,313,18.21,3
-0.1,-0.4,0.75,0.0,0.0,0.0,1,2.082,7,0.45,0
-0.1,-0.4,0.85,0.0,0.0,0.0,1,0.669,8,0.5,0
-0.1,-0.4,0.95,0.0,0.0,0.0,1,2.771,11,0.69,0
-0.1,-0.3,0.05,0.0,0.0,0.0,0,389.173,700,41.86,-1
-0.1,-0.3,0.15,0.0,0.0,0.0,0,209.567,700,41.79,-1
-0.1,-0.3,0.25,0.0,0.0,0.0,0,120.086,700,39.94,-1
-0.1,-0.3,0.35,0.0,0.0,0.0,0,71.887,700,40.67,-1
-0.1,-0.3,0.45,0.0,0.0,0.0,0,29.268,700,39.72,-1
-0.1,-0.3,0.55,0.0,0.0,0.0,0,115.832,700,39.85,-1
-0.1,-0.3,0.65,0.0,0.0,0.0,0,40.768,700,40.14,-1
-0.1,-0.3,0.75,0.0,0.0,0.0,1,2.089,7,0.44,0
-0.1,-0.3,0.85,0.0,0.0,0.0,1,0.928,8,0.49,0
-0.1,-0.3,0.95,0.0,0.0,0.0,1,0.494,8,0.49,0
-0.1,-0.2,0.05,0.0,0.0,0.0,0,392.262,700,39.98,-1
-0.1,-0.2,0.15,0.0,0.0,0.0,0,255.558,700,41.82,-1
-0.1,-0.2,0.25,0.0,0.0,0.0,0,100.08,700,41.52,-1
-0.1,-0.2,0.35,0.0,0.0,0.0,0,38.074,700,39.68,-1
-0.1,-0.2,0.45,0.0,0.0,0.0,0,44.346,700,41.43,-1
-0.1,-0.2,0.55,0.0,0.0,0.0,0,26.83,700,39.47,-1
-0.1,-0.2,0.65,0.0,0.0,0.0,0,93.352,700,42.2,-1
-0.1,-0.2,0.75,0.0,0.0,0.0,0,28.731,700,39.08,-1
-0.1,-0.2,0.85,0.0,0.0,0.0,1,1.341,8,0.51,0
-0.1,-0.2,0.95,0.0,0.0,0.0,1,0.581,9,0.56,0
-0.1,-0.1,0.05,0.0,0.0,0.0,0,422.235,700,42.03,-1
-0.1,-0.1,0.15,0.0,0.0,0.0,0,293.475,700,39.79,-1
-0.1,-0.1,0.25,0.0,0.0,0.0,0,255.838,700,41.87,-1
-0.1,-0.1,0.35,0.0,0.0,0.0,0,34.33,700,41.64,-1
-0.1,-0.1,0.45,0.0,0.0,0.0,0,31.843,700,39.47,-1
-0.1,-0.1,0.55,0.0,0.0,0.0,1,2.501,309,18.86,3
-0.1,-0.1,0.65,0.0,0.0,0.0,0,186.405,700,42.32,-1
-0.1,-0.1,0.75,0.0,0.0,0.0,0,24.486,700,38.56,-1
-0.1,-0.1,0.85,0.0,0.0,0.0,1,2.367,8,0.5,0
-0.1,-0.1,0.95,0.0,0.0,0.0,1,2.901,9,0.56,0
0.0,-0.7,0.05,0.0,0.0,0.0,0,458.964,700,41.92,-1
0.0,-0.7,0.15,0.0,0.0,0.0,0,445.054,700,39.96,-1
0.0,-0.7,0.25,0.0,0.0,0.0,0,385.335,700,41.26,-1
0.0,-0.7,0.35,0.0,0.0,0.0,0,346.574,700,42.08,-1
0.0,-0.7,0.45,0.0,0.0,0.0,0,234.213,700,39.81,-1
0.0,-0.7,0.55,0.0,0.0,0.0,0,208.106,700,41.03,-1
0.0,-0.7,0.65,0.0,0.0,0.0,0,128.966,700,41.58,-1
0.0,-0.7,0.75,0.0,0.0,0.0,0,169.321,700,38.3,-1
0.0,-0.7,0.85,0.0,0.0,0.0,0,162.466,700,40.42,-1
0.0,-0.7,0.95,0.0,0.0,0.0,0,191.943,700,38.46,-1
0.0,-0.6,0.05,0.0,0.0,0.0,0,416.262,700,40.69,-1
0.0,-0.6,0.15,0.0,0.0,0.0,0,487.191,700,40.6,-1
0.0,-0.6,0.25,0.0,0.0,0.0,0,249.818,700,41.44,-1
0.0,-0.6,0.35,0.0,0.0,0.0,0,236.658,700,38.11,-1
0.0,-0.6,0.45,0.0,0.0,0.0,0,172.984,700,40.98,-1
0.0,-0.6,0.55,0.0,0.0,0.0,0,138.826,700,40.25,-1
0.0,-0.6,0.65,0.0,0.0,0.0,0,59.966,700,39.82,-1
0.0,-0.6,0.75,0.0,0.0,0.0,0,49.038,700,40.75,-1
0.0,-0.6,0.85,0.0,0.0,0.0,0,68.861,700,36.98,-1
0.0,-0.6,0.95,0.0,0.0,0.0,0,87.786,700,40.71,-1
0.0,-0.5,0.05,0.0,0.0,0.0,0,386.93,700,41.66,-1
0.0,-0.5,0.15,0.0,0.0,0.0,0,316.995,700,41.38,-1
0.0,-0.5,0.25,0.0,0.0,0.0,0,270.158,700,41.13,-1
0.0,-0.5,0.35,0.0,0.0,0.0,0,179.895,700,41.29,-1
0.0,-0.5,0.45,0.0,0.0,0.0,0,119.48,700,38.96,-1
0.0,-0.5,0.55,0.0,0.0,0.0,0,94.276,700,41.3,-1
0.0,-0.5,0.65,0.0,0.0,0.0,0,62.006,700,38.09,-1
0.0,-0.5,0.75,0.0,0.0,0.0,1,0.697,105,6.23,1
0.0,-0.5,0.85,0.0,0.0,0.0,1,0.982,13,0.78,0
0.0,-0.5,0.95,0.0,0.0,0.0,1,4.132,100,5.57,0
0.0,-0.4,0.05,0.0,0.0,0.0,0,329.588,700,41.15,-1
0.0,-0.4,0.15,0.0,0.0,0.0,0,330.898,700,41.04,-1
0.0,-0.4,0.25,0.0,0.0,0.0,0,238.619,700,38.78,-1
0.0,-0.4,0.35,0.0,0.0,0.0,0,149.4,700,40.85,-1
0.0,-0.4,0.45,0.0,0.0,0.0,0,87.811,700,39.06,-1
0.0,-0.4,0.55,0.0,0.0,0.0,0,63.107,700,40.32,-1
0.0,-0.4,0.65,0.0,0.0,0.0,1,1.605,6,0.38,0
0.0,-0.4,0.75,0.0,0.0,0.0,1,0.972,6,0.38,0
0.0,-0.4,0.85,0.0,0.0,0.0,1,2.174,13,0.76,0
0.0,-0.4,0.95,0.0,0.0,0.0,1,0.546,9,0.55,0
0.0,-0.3,0.05,0.0,0.0,0.0,0,392.982,700,39.98,-1
0.0,-0.3,0.15,0.0,0.0,0.0,0,328.752,700,40.64,-1
0.0,-0.3,0.25,0.0,0.0,0.0,0,140.466,700,40.92,-1
0.0,-0.3,0.35,0.0,0.0,0.0,0,141.26,700,37.36,-1
0.0,-0.3,0.45,0.0,0.0,0.0,0,80.304,700,40.85,-1
0.0,-0.3,0.55,0.0,0.0,0.0,0,75.387,700,40.55,-1
0.0,-0.3,0.65,0.0,0.0,0.0,1,1.557,4,0.27,0
0.0,-0.3,0.75,0.0,0.0,0.0,1,0.87,4,0.26,0
0.0,-0.3,0.85,0.0,0.0,0.0,1,0.492,13,0.77,0
0.0,-0.3,0.95,0.0,0.0,0.0,1,0.755,9,0.55,0
0.0,-0.2,0.05,0.0,0.0,0.0,0,398.384,700,39.65,-1
0.0,-0.2,0.15,0.0,0.0,0.0,0,313.622,700,41.49,-1
0.0,-0.2,0.25,0.0,0.0,0.0,0,177.653,700,39.16,-1
0.0,-0.2,0.35,0.0,0.0,0.0,0,197.97,700,41.12,-1
0.0,-0.2,0.45,0.0,0.0,0.0,0,133.915,700,38.79,-1
0.0,-0.2,0.55,0.0,0.0,0.0,0,105.991,700,42.22,-1
0.0,-0.2,0.65,0.0,0.0,0.0,0,88.604,700,38.86,-1
0.0,-0.2,0.75,0.0,0.0,0.0,0,79.415,700,39.79,-1
0.0,-0.2,0.85,0.0,0.0,0.0,0,19.257,700,38.73,-1
0.0,-0.2,0.95,0.0,0.0,0.0,1,0.605,6,0.25,0
0.0,-0.1,0.05,0.0,0.0,0.0,0,435.934,700,39.95,-1
0.0,-0.1,0.15,0.0,0.0,0.0,0,177.172,700,41.61,-1
0.0,-0.1,0.25,0.0,0.0,0.0,0,109.703,700,39.44,-1
0.0,-0.1,0.35,0.0,0.0,0.0,0,154.862,700,41.99,-1
0.0,-0.1,0.45,0.0,0.0,0.0,0,94.491,700,39.85,-1
0.0,-0.1,0.55,0.0,0.0,0.0,0,69.754,700,40.17,-1
0.0,-0.1,0.65,0.0,0.0,0.0,0,183.568,700,41.97,-1
0.0,-0.1,0.75,0.0,0.0,0.0,0,74.672,700,40.25,-1
0.0,-0.1,0.85,0.0,0.0,0.0,1,2.161,6,0.38,0
0.0,-0.1,0.95,0.0,0.0,0.0,1,1.181,6,0.38,0
0.1,-0.7,0.05,0.0,0.0,0.0,0,446.95,700,39.94,-1
0.1,-0.7,0.15,0.0,0.0,0.0,0,368.9,700,39.49,-1
0.1,-0.7,0.25,0.0,0.0,0.0,0,359.502,700,41.66,-1
0.1,-0.7,0.35,0.0,0.0,0.0,0,311.56,700,41.86,-1
0.1,-0.7,0.45,0.0,0.0,0.0,0,240.327,700,40.09,-1
0.1,-0.7,0.55,0.0,0.0,0.0,0,193.972,700,40.67,-1
0.1,-0.7,0.65,0.0,0.0,0.0,0,166.584,700,40.22,-1
0.1,-0.7,0.75,0.0,0.0,0.0,0,162.737,700,39.75,-1
0.1,-0.7,0.85,0.0,0.0,0.0,0,159.641,700,38.4,-1
0.1,-0.7,0.95,0.0,0.0,0.0,0,186.212,700,42.07,-1
0.1,-0.6,0.05,0.0,0.0,0.0,0,465.65,700,46.62,-1
0.1,-0.6,0.15,0.0,0.0,0.0,0,388.571,700,28.35,-1
0.1,-0.6,0.25,0.0,0.0,0.0,0,321.947,700,28.93,-1
0.1,-0.6,0.35,0.0,0.0,0.0,0,165.318,700,29.7,-1
0.1,-0.6,0.45,0.0,0.0,0.0,0,184.415,700,27.21,-1
0.1,-0.6,0.55,0.0,0.0,0.0,0,123.641,700,27.22,-1
0.1,-0.6,0.65,0.0,0.0,0.0,0,78.175,700,27.37,-1
0.1,-0.6,0.75,0.0,0.0,0.0,0,70.094,700,27.17,-1
0.1,-0.6,0.85,0.0,0.0,0.0,0,68.411,700,26.85,-1
0.1,-0.6,0.95,0.0,0.0,0.0,0,94.813,700,27.2,-1
0.1,-0.5,0.05,0.0,0.0,0.0,0,471.945,700,27.97,-1
0.1,-0.5,0.15,0.0,0.0,0.0,0,381.932,700,27.94,-1
0.1,-0.5,0.25,0.0,0.0,0.0,0,297.079,700,27.41,-1
0.1,-0.5,0.35,0.0,0.0,0.0,0,230.903,700,27.32,-1
0.1,-0.5,0.45,0.0,0.0,0.0,0,166.034,700,27.28,-1
0.1,-0.5,0.55,0.0,0.0,0.0,0,100.475,700,27.24,-1
0.1,-0.5,0.65,0.0,0.0,0.0,0,29.627,700,27.33,-1
0.1,-0.5,0.75,0.0,0.0,0.0,1,2.014,8,0.33,0
0.1,-0.5,0.85,0.0,0.0,0.0,1,0.426,10,0.4,0
0.1,-0.5,0.95,0.0,0.0,0.0,0,10.565,700,26.86,-1
0.1,-0.4,0.05,0.0,0.0,0.0,0,432.244,700,27.88,-1
0.1,-0.4,0.15,0.0,0.0,0.0,0,342.478,700,27.56,-1
0.1,-0.4,0.25,0.0,0.0,0.0,0,280.45,700,27.34,-1
0.1,-0.4,0.35,0.0,0.0,0.0,0,151.827,700,27.1,-1
0.1,-0.4,0.45,0.0,0.0,0.0,0,149.628,700,27.18,-1
0.1,-0.4,0.55,0.0,0.0,0.0,0,111.738,700,27.48,-1
0.1,-0.4,0.65,0.0,0.0,0.0,0,40.73,700,27.49,-1
0.1,-0.4,0.75,0.0,0.0,0.0,1,1.451,8,0.33,0
0.1,-0.4,0.85,0.0,0.0,0.0,1,0.652,7,0.29,0
0.1,-0.4,0.95,0.0,0.0,0.0,1,0.584,7,0.28,0
0.1,-0.3,0.05,0.0,0.0,0.0,0,408.821,700,27.67,-1
0.1,-0.3,0.15,0.0,0.0,0.0,0,293.491,700,27.78,-1
0.1,-0.3,0.25,0.0,0.0,0.0,0,265.024,700,27.68,-1
0.1,-0.3,0.35,0.0,0.0,0.0,0,227.627,700,27.42,-1
0.1,-0.3,0.45,0.0,0.0,0.0,0,65.475,700,27.47,-1
0.1,-0.3,0.55,0.0,0.0,0.0,0,85.26,700,27.59,-1
0.1,-0.3,0.65,0.0,0.0,0.0,0,46.379,700,26.94,-1
0.1,-0.3,0.75,0.0,0.0,0.0,1,1.631,8,0.33,0
0.1,-0.3,0.85,0.0,0.0,0.0,1,0.886,5,0.21,0
0.1,-0.3,0.95,0.0,0.0,0.0,1,0.32,6,0.24,0
0.1,-0.2,0.05,0.0,0.0,0.0,0,380.757,700,27.59,-1
0.1,-0.2,0.15,0.0,0.0,0.0,0,345.567,700,27.53,-1
0.1,-0.2,0.25,0.0,0.0,0.0,0,175.299,700,27.8,-1
0.1,-0.2,0.35,0.0,0.0,0.0,0,197.115,700,27.67,-1
0.1,-0.2,0.45,0.0,0.0,0.0,0,190.042,700,27.97,-1
0.1,-0.2,0.55,0.0,0.0,0.0,0,135.836,700,27.7,-1
0.1,-0.2,0.65,0.0,0.0,0.0,0,58.791,700,28.44,-1
0.1,-0.2,0.75,0.0,0.0,0.0,0,27.263,700,27.17,-1
0.1,-0.2,0.85,0.0,0.0,0.0,1,1.566,5,0.21,0
0.1,-0.2,0.95,0.0,0.0,0.0,1,0.824,5,0.21,0
0.1,-0.1,0.05,0.0,0.0,0.0,0,439.097,700,27.57,-1
0.1,-0.1,0.15,0.0,0.0,0.0,0,256.743,700,27.83,-1
0.1,-0.1,0.25,0.0,0.0,0.0,0,239.63,700,27.89,-1
0.1,-0.1,0.35,0.0,0.0,0.0,0,216.816,700,27.78,-1
0.1,-0.1,0.45,0.0,0.0,0.0,0,179.437,700,27.77,-1
0.1,-0.1,0.55,0.0,0.0,0.0,0,131.708,700,28.81,-1
0.1,-0.1,0.65,0.0,0.0,0.0,0,126.458,700,28.71,-1
0.1,-0.1,0.75,0.0,0.0,0.0,0,95.667,700,27.1,-1
0.1,-0.1,0.85,0.0,0.0,0.0,0,28.099,700,26.55,-1
0.1,-0.1,0.95,0.0,0.0,0.0,1,1.625,20,0.79,0
0.2,-0.7,0.05,0.0,0.0,0.0,0,563.041,700,27.58,-1
0.2,-0.7,0.15,0.0,0.0,0.0,0,382.454,700,27.64,-1
0.2,-0.7,0.25,0.0,0.0,0.0,0,392.841,700,27.74,-1
0.2,-0.7,0.35,0.0,0.0,0.0,0,339.258,700,28.0,-1
0.2,-0.7,0.45,0.0,0.0,0.0,0,244.742,700,27.99,-1
0.2,-0.7,0.55,0.0,0.0,0.0,0,197.853,700,27.99,-1
0.2,-0.7,0.65,0.0,0.0,0.0,0,171.651,700,27.78,-1
0.2,-0.7,0.75,0.0,0.0,0.0,0,162.841,700,27.23,-1
0.2,-0.7,0.85,0.0,0.0,0.0,0,180.033,700,26.99,-1
0.2,-0.7,0.95,0.0,0.0,0.0,0,205.421,700,27.02,-1
0.2,-0.6,0.05,0.0,0.0,0.0,0,392.451,700,27.75,-1
0.2,-0.6,0.15,0.0,0.0,0.0,0,439.309,700,27.55,-1
0.2,-0.6,0.25,0.0,0.0,0.0,0,359.982,700,27.75,-1
0.2,-0.6,0.35,0.0,0.0,0.0,0,246.799,700,27.77,-1
0.2,-0.6,0.45,0.0,0.0,0.0,0,182.079,700,27.9,-1
0.2,-0.6,0.55,0.0,0.0,0.0,0,123.206,700,28.56,-1
0.2,-0.6,0.65,0.0,0.0,0.0,0,80.324,700,27.28,-1
0.2,-0.6,0.75,0.0,0.0,0.0,0,75.326,700,26.73,-1
0.2,-0.6,0.85,0.0,0.0,0.0,0,87.507,700,27.02,-1
0.2,-0.6,0.95,0.0,0.0,0.0,0,117.891,700,26.52,-1
0.2,-0.5,0.05,0.0,0.0,0.0,0,377.209,700,27.99,-1
0.2,-0.5,0.15,0.0,0.0,0.0,0,295.973,700,27.84,-1
0.2,-0.5,0.25,0.0,0.0,0.0,0,288.807,700,28.02,-1
0.2,-0.5,0.35,0.0,0.0,0.0,0,221.185,700,27.77,-1
0.2,-0.5,0.45,0.0,0.0,0.0,0,156.343,700,27.3,-1
0.2,-0.5,0.55,0.0,0.0,0.0,0,94.325,700,26.52,-1
0.2,-0.5,0.65,0.0,0.0,0.0,0,30.389,700,26.66,-1
0.2,-0.5,0.75,0.0,0.0,0.0,1,2.411,9,0.37,0
0.2,-0.5,0.85,0.0,0.0,0.0,1,4.147,100,3.69,0
0.2,-0.5,0.95,0.0,0.0,0.0,0,38.162,700,25.94,-1
0.2,-0.4,0.05,0.0,0.0,0.0,0,361.664,700,27.55,-1
0.2,-0.4,0.15,0.0,0.0,0.0,0,350.224,700,27.21,-1
0.2,-0.4,0.25,0.0,0.0,0.0,0,285.985,700,27.61,-1
0.2,-0.4,0.35,0.0,0.0,0.0,0,201.824,700,27.25,-1
0.2,-0.4,0.45,0.0,0.0,0.0,0,175.713,700,27.23,-1
0.2,-0.4,0.55,0.0,0.0,0.0,0,108.616,700,26.58,-1
0.2,-0.4,0.65,0.0,0.0,0.0,0,36.363,700,26.88,-1
0.2,-0.4,0.75,0.0,0.0,0.0,1,7.632,100,3.72,0
0.2,-0.4,0.85,0.0,0.0,0.0,1,1.246,7,0.28,0
0.2,-0.4,0.95,0.0,0.0,0.0,1,1.459,7,0.28,0
0.2,-0.3,0.05,0.0,0.0,0.0,0,382.637,700,27.47,-1
0.2,-0.3,0.15,0.0,0.0,0.0,0,298.307,700,27.52,-1
0.2,-0.3,0.25,0.0,0.0,0.0,0,342.726,700,27.79,-1
0.2,-0.3,0.35,0.0,0.0,0.0,0,184.597,700,27.13,-1
0.2,-0.3,0.45,0.0,0.0,0.0,0,189.203,700,27.51,-1
0.2,-0.3,0.55,0.0,0.0,0.0,0,105.446,700,27.18,-1
0.2,-0.3,0.65,0.0,0.0,0.0,0,39.749,700,26.59,-1
0.2,-0.3,0.75,0.0,0.0,0.0,1,2.937,7,0.29,0
0.2,-0.3,0.85,0.0,0.0,0.0,1,1.056,5,0.21,0
0.2,-0.3,0.95,0.0,0.0,0.0,1,1.144,6,0.25,0
0.2,-0.2,0.05,0.0,0.0,0.0,0,458.967,700,27.69,-1
0.2,-0.2,0.15,0.0,0.0,0.0,0,376.926,700,27.81,-1
0.2,-0.2,0.25,0.0,0.0,0.0,0,304.02,700,27.77,-1
0.2,-0.2,0.35,0.0,0.0,0.0,0,222.231,700,27.44,-1
0.2,-0.2,0.45,0.0,0.0,0.0,0,209.23,700,27.65,-1
0.2,-0.2,0.55,0.0,0.0,0.0,0,127.9,700,27.46,-1
0.2,-0.2,0.65,0.0,0.0,0.0,0,43.594,700,27.25,-1
0.2,-0.2,0.75,0.0,0.0,0.0,1,8.295,300,11.37,2
0.2,-0.2,0.85,0.0,0.0,0.0,1,1.216,5,0.21,0
0.2,-0.2,0.95,0.0,0.0,0.0,1,1.119,7,0.29,0
0.2,-0.1,0.05,0.0,0.0,0.0,0,251.211,700,27.95,-1
0.2,-0.1,0.15,0.0,0.0,0.0,0,372.966,700,27.77,-1
0.2,-0.1,0.25,0.0,0.0,0.0,0,292.326,700,27.56,-1
0.2,-0.1,0.35,0.0,0.0,0.0,0,213.413,700,27.55,-1
0.2,-0.1,0.45,0.0,0.0,0.0,0,215.984,700,27.97,-1
0.2,-0.1,0.55,0.0,0.0,0.0,0,153.647,700,27.78,-1
0.2,-0.1,0.65,0.0,0.0,0.0,0,104.508,700,27.23,-1
0.2,-0.1,0.75,0.0,0.0,0.0,0,86.48,700,26.64,-1
0.2,-0.1,0.85,0.0,0.0,0.0,0,28.273,700,26.67,-1
0.2,-0.1,0.95,0.0,0.0,0.0,1,1.241,109,4.18,1
0.3,-0.7,0.05,0.0,0.0,0.0,0,558.451,700,27.69,-1
0.3,-0.7,0.15,0.0,0.0,0.0,0,419.32,700,27.62,-1
0.3,-0.7,0.25,0.0,0.0,0.0,0,446.426,700,27.55,-1
0.3,-0.7,0.35,0.0,0.0,0.0,0,403.13,700,27.59,-1
0.3,-0.7,0.45,0.0,0.0,0.0,0,304.257,700,28.04,-1
0.3,-0.7,0.55,0.0,0.0,0.0,0,228.08,700,27.99,-1
0.3,-0.7,0.65,0.0,0.0,0.0,0,201.928,700,28.17,-1
0.3,-0.7,0.75,0.0,0.0,0.0,0,206.444,700,27.31,-1
0.3,-0.7,0.85,0.0,0.0,0.0,0,215.426,700,26.84,-1
0.3,-0.7,0.95,0.0,0.0,0.0,0,240.636,700,27.28,-1
0.3,-0.6,0.05,0.0,0.0,0.0,0,553.818,700,27.86,-1
0.3,-0.6,0.15,0.0,0.0,0.0,0,348.481,700,27.9,-1
0.3,-0.6,0.25,0.0,0.0,0.0,0,269.547,700,27.41,-1
0.3,-0.6,0.35,0.0,0.0,0.0,0,279.719,700,27.69,-1
0.3,-0.6,0.45,0.0,0.0,0.0,0,199.433,700,27.95,-1
0.3,-0.6,0.55,0.0,0.0,0.0,0,146.292,700,27.95,-1
0.3,-0.6,0.65,0.0,0.0,0.0,0,111.883,700,27.96,-1
0.3,-0.6,0.75,0.0,0.0,0.0,0,109.352,700,26.93,-1
0.3,-0.6,0.85,0.0,0.0,0.0,0,125.621,700,26.75,-1
0.3,-0.6,0.95,0.0,0.0,0.0,0,158.557,700,26.46,-1
0.3,-0.5,0.05,0.0,0.0,0.0,0,507.085,700,27.87,-1
0.3,-0.5,0.15,0.0,0.0,0.0,0,339.799,700,27.33,-1
0.3,-0.5,0.25,0.0,0.0,0.0,0,296.051,700,27.59,-1
0.3,-0.5,0.35,0.0,0.0,0.0,0,173.911,700,27.49,-1
0.3,-0.5,0.45,0.0,0.0,0.0,0,159.647,700,27.71,-1
0.3,-0.5,0.55,0.0,0.0,0.0,0,95.968,700,27.68,-1
0.3,-0.5,0.65,0.0,0.0,0.0,0,37.824,700,27.71,-1
0.3,-0.5,0.75,0.0,0.0,0.0,0,26.079,700,26.68,-1
0.3,-0.5,0.85,0.0,0.0,0.0,0,46.978,700,26.1,-1
0.3,-0.5,0.95,0.0,0.0,0.0,0,87.051,700,25.68,-1
0.3,-0.4,0.05,0.0,0.0,0.0,0,459.79,700,27.35,-1
0.3,-0.4,0.15,0.0,0.0,0.0,0,371.586,700,27.59,-1
0.3,-0.4,0.25,0.0,0.0,0.0,0,278.57,700,27.17,-1
0.3,-0.4,0.35,0.0,0.0,0.0,0,226.513,700,27.36,-1
0.3,-0.4,0.45,0.0,0.0,0.0,0,155.755,700,27.12,-1
0.3,-0.4,0.55,0.0,0.0,0.0,0,96.192,700,26.63,-1
0.3,-0.4,0.65,0.0,0.0,0.0,0,31.425,700,26.48,-1
0.3,-0.4,0.75,0.0,0.0,0.0,1,2.993,120,4.69,1
0.3,-0.4,0.85,0.0,0.0,0.0,1,2.254,8,0.32,0
0.3,-0.4,0.95,0.0,0.0,0.0,0,26.89,700,25.55,-1
0.3,-0.3,0.05,0.0,0.0,0.0,0,443.01,700,27.44,-1
0.3,-0.3,0.15,0.0,0.0,0.0,0,320.881,700,27.43,-1
0.3,-0.3,0.25,0.0,0.0,0.0,0,294.206,700,27.46,-1
0.3,-0.3,0.35,0.0,0.0,0.0,0,225.668,700,26.94,-1
0.3,-0.3,0.45,0.0,0.0,0.0,0,170.585,700,27.14,-1
0.3,-0.3,0.55,0.0,0.0,0.0,0,105.53,700,26.51,-1
0.3,-0.3,0.65,0.0,0.0,0.0,0,34.57,700,26.74,-1
0.3,-0.3,0.75,0.0,0.0,0.0,1,0.506,11,0.45,0
0.3,-0.3,0.85,0.0,0.0,0.0,1,2.044,8,0.32,0
0.3,-0.3,0.95,0.0,0.0,0.0,1,2.462,14,0.54,0
0.3,-0.2,0.05,0.0,0.0,0.0,0,313.334,700,27.91,-1
0.3,-0.2,0.15,0.0,0.0,0.0,0,369.927,700,27.82,-1
0.3,-0.2,0.25,0.0,0.0,0.0,0,290.684,700,27.65,-1
0.3,-0.2,0.35,0.0,0.0,0.0,0,235.633,700,26.79,-1
0.3,-0.2,0.45,0.0,0.0,0.0,0,179.563,700,26.85,-1
0.3,-0.2,0.55,0.0,0.0,0.0,0,110.988,700,26.92,-1
0.3,-0.2,0.65,0.0,0.0,0.0,0,36.471,700,27.41,-1
0.3,-0.2,0.75,0.0,0.0,0.0,1,0.372,7,0.3,0
0.3,-0.2,0.85,0.0,0.0,0.0,1,2.333,10,0.4,0
0.3,-0.2,0.95,0.0,0.0,0.0,1,0.853,7,0.29,0
0.3,-0.1,0.05,0.0,0.0,0.0,0,449.006,700,27.87,-1
0.3,-0.1,0.15,0.0,0.0,0.0,0,375.866,700,27.8,-1
0.3,-0.1,0.25,0.0,0.0,0.0,0,289.33,700,27.54,-1
0.3,-0.1,0.35,0.0,0.0,0.0,0,238.925,700,27.55,-1
0.3,-0.1,0.45,0.0,0.0,0.0,0,180.268,700,27.89,-1
0.3,-0.1,0.55,0.0,0.0,0.0,0,112.633,700,27.38,-1
0.3,-0.1,0.65,0.0,0.0,0.0,0,50.592,700,27.51,-1
0.3,-0.1,0.75,0.0,0.0,0.0,0,30.4,700,27.13,-1
0.3,-0.1,0.85,0.0,0.0,0.0,1,1.705,8,0.34,0
0.3,-0.1,0.95,0.0,0.0,0.0,1,0.926,7,0.3,0
0.4,-0.7,0.05,0.0,0.0,0.0,0,532.845,700,27.92,-1
0.4,-0.7,0.15,0.0,0.0,0.0,0,440.073,700,27.66,-1
0.4,-0.7,0.25,0.0,0.0,0.0,0,410.299,700,28.32,-1
0.4,-0.7,0.35,0.0,0.0,0.0,0,463.561,700,27.62,-1
0.4,-0.7,0.45,0.0,0.0,0.0,0,318.359,700,27.99,-1
0.4,-0.7,0.55,0.0,0.0,0.0,0,273.44,700,28.25,-1
0.4,-0.7,0.65,0.0,0.0,0.0,0,259.915,700,28.15,-1
0.4,-0.7,0.75,0.0,0.0,0.0,0,246.668,700,27.07,-1
0.4,-0.7,0.85,0.0,0.0,0.0,0,263.41,700,26.57,-1
0.4,-0.7,0.95,0.0,0.0,0.0,0,287.293,700,27.11,-1
0.4,-0.6,0.05,0.0,0.0,0.0,0,510.292,700,27.73,-1
0.4,-0.6,0.15,0.0,0.0,0.0,0,421.884,700,27.7,-1
0.4,-0.6,0.25,0.0,0.0,0.0,0,330.51,700,27.85,-1
0.4,-0.6,0.35,0.0,0.0,0.0,0,263.979,700,27.7,-1
0.4,-0.6,0.45,0.0,0.0,0.0,0,251.964,700,29.18,-1
0.4,-0.6,0.55,0.0,0.0,0.0,0,193.391,700,27.34,-1
0.4,-0.6,0.65,0.0,0.0,0.0,0,168.545,700,27.55,-1
0.4,-0.6,0.75,0.0,0.0,0.0,0,166.037,700,26.82,-1
0.4,-0.6,0.85,0.0,0.0,0.0,0,182.626,700,26.21,-1
0.4,-0.6,0.95,0.0,0.0,0.0,0,214.287,700,26.0,-1
0.4,-0.5,0.05,0.0,0.0,0.0,0,499.738,700,27.54,-1
0.4,-0.5,0.15,0.0,0.0,0.0,0,424.699,700,28.05,-1
0.4,-0.5,0.25,0.0,0.0,0.0,0,325.08,700,27.25,-1
0.4,-0.5,0.35,0.0,0.0,0.0,0,241.432,700,30.39,-1
0.4,-0.5,0.45,0.0,0.0,0.0,0,210.341,700,27.23,-1
0.4,-0.5,0.55,0.0,0.0,0.0,0,125.712,700,26.6,-1
0.4,-0.5,0.65,0.0,0.0,0.0,0,97.358,700,26.54,-1
0.4,-0.5,0.75,0.0,0.0,0.0,0,95.764,700,26.27,-1
0.4,-0.5,0.85,0.0,0.0,0.0,0,114.611,700,25.9,-1
0.4,-0.5,0.95,0.0,0.0,0.0,0,150.149,700,25.78,-1
0.4,-0.4,0.05,0.0,0.0,0.0,0,470.545,700,27.85,-1
0.4,-0.4,0.15,0.0,0.0,0.0,0,402.18,700,27.33,-1
0.4,-0.4,0.25,0.0,0.0,0.0,0,299.792,700,27.54,-1
0.4,-0.4,0.35,0.0,0.0,0.0,0,226.267,700,27.18,-1
0.4,-0.4,0.45,0.0,0.0,0.0,0,210.389,700,26.95,-1
0.4,-0.4,0.55,0.0,0.0,0.0,0,98.575,700,26.51,-1
0.4,-0.4,0.65,0.0,0.0,0.0,0,45.534,700,26.55,-1
0.4,-0.4,0.75,0.0,0.0,0.0,0,36.723,700,26.14,-1
0.4,-0.4,0.85,0.0,0.0,0.0,0,57.828,700,25.92,-1
0.4,-0.4,0.95,0.0,0.0,0.0,0,127.552,700,25.74,-1
0.4,-0.3,0.05,0.0,0.0,0.0,0,450.218,700,27.37,-1
0.4,-0.3,0.15,0.0,0.0,0.0,0,348.226,700,27.12,-1
0.4,-0.3,0.25,0.0,0.0,0.0,0,294.287,700,27.14,-1
0.4,-0.3,0.35,0.0,0.0,0.0,0,222.754,700,27.39,-1
0.4,-0.3,0.45,0.0,0.0,0.0,0,153.242,700,26.76,-1
0.4,-0.3,0.55,0.0,0.0,0.0,0,91.299,700,26.58,-1
0.4,-0.3,0.65,0.0,0.0,0.0,0,29.813,700,26.57,-1
0.4,-0.3,0.75,0.0,0.0,0.0,1,3.524,100,3.7,0
0.4,-0.3,0.85,0.0,0.0,0.0,0,16.29,700,25.95,-1
0.4,-0.3,0.95,0.0,0.0,0.0,0,77.641,700,26.17,-1
0.4,-0.2,0.05,0.0,0.0,0.0,0,465.733,700,27.52,-1
0.4,-0.2,0.15,0.0,0.0,0.0,0,360.213,700,27.48,-1
0.4,-0.2,0.25,0.0,0.0,0.0,0,288.67,700,27.56,-1
0.4,-0.2,0.35,0.0,0.0,0.0,0,216.358,700,27.1,-1
0.4,-0.2,0.45,0.0,0.0,0.0,0,153.543,700,26.64,-1
0.4,-0.2,0.55,0.0,0.0,0.0,0,94.042,700,26.74,-1
0.4,-0.2,0.65,0.0,0.0,0.0,0,30.969,700,26.7,-1
0.4,-0.2,0.75,0.0,0.0,0.0,1,1.015,12,0.48,0
0.4,-0.2,0.85,0.0,0.0,0.0,1,2.931,15,0.59,0
0.4,-0.2,0.95,0.0,0.0,0.0,0,39.044,700,26.27,-1
0.4,-0.1,0.05,0.0,0.0,0.0,0,430.196,700,27.35,-1
0.4,-0.1,0.15,0.0,0.0,0.0,0,355.842,700,27.05,-1
0.4,-0.1,0.25,0.0,0.0,0.0,0,172.656,700,27.44,-1
0.4,-0.1,0.35,0.0,0.0,0.0,0,217.509,700,27.3,-1
0.4,-0.1,0.45,0.0,0.0,0.0,0,154.377,700,27.25,-1
0.4,-0.1,0.55,0.0,0.0,0.0,0,94.509,700,27.16,-1
0.4,-0.1,0.65,0.0,0.0,0.0,0,31.141,700,27.01,-1
0.4,-0.1,0.75,0.0,0.0,0.0,1,1.059,113,4.45,1
0.4,-0.1,0.85,0.0,0.0,0.0,1,3.242,100,3.71,0
0.4,-0.1,0.95,0.0,0.0,0.0,0,39.781,700,26.11,-1
0.5,-0.7,0.05,0.0,0.0,0.0,0,592.477,700,27.56,-1
0.5,-0.7,0.15,0.0,0.0,0.0,0,537.162,700,27.77,-1
0.5,-0.7,0.25,0.0,0.0,0.0,0,474.772,700,27.53,-1
0.5,-0.7,0.35,0.0,0.0,0.0,0,383.833,700,27.99,-1
0.5,-0.7,0.45,0.0,0.0,0.0,0,364.918,700,27.8,-1
0.5,-0.7,0.55,0.0,0.0,0.0,0,320.802,700,27.75,-1
0.5,-0.7,0.65,0.0,0.0,0.0,0,315.732,700,28.26,-1
0.5,-0.7,0.75,0.0,0.0,0.0,0,307.344,700,27.12,-1
0.5,-0.7,0.85,0.0,0.0,0.0,0,320.211,700,26.51,-1
0.5,-0.7,0.95,0.0,0.0,0.0,0,346.489,700,26.91,-1
0.5,-0.6,0.05,0.0,0.0,0.0,0,573.95,700,27.74,-1
0.5,-0.6,0.15,0.0,0.0,0.0,0,483.529,700,27.81,-1
0.5,-0.6,0.25,0.0,0.0,0.0,0,422.089,700,27.55,-1
0.5,-0.6,0.35,0.0,0.0,0.0,0,344.36,700,27.54,-1
0.5,-0.6,0.45,0.0,0.0,0.0,0,286.891,700,27.37,-1
0.5,-0.6,0.55,0.0,0.0,0.0,0,252.523,700,27.59,-1
0.5,-0.6,0.65,0.0,0.0,0.0,0,236.471,700,27.71,-1
0.5,-0.6,0.75,0.0,0.0,0.0,0,236.361,700,26.7,-1
0.5,-0.6,0.85,0.0,0.0,0.0,0,251.362,700,26.28,-1
0.5,-0.6,0.95,0.0,0.0,0.0,0,306.499,700,26.21,-1
0.5,-0.5,0.05,0.0,0.0,0.0,0,525.277,700,28.17,-1
0.5,-0.5,0.15,0.0,0.0,0.0,0,450.959,700,27.84,-1
0.5,-0.5,0.25,0.0,0.0,0.0,0,380.137,700,27.79,-1
0.5,-0.5,0.35,0.0,0.0,0.0,0,298.749,700,27.46,-1
0.5,-0.5,0.45,0.0,0.0,0.0,0,242.058,700,27.08,-1
0.5,-0.5,0.55,0.0,0.0,0.0,0,205.209,700,27.08,-1
0.5,-0.5,0.65,0.0,0.0,0.0,0,175.191,700,26.77,-1
0.5,-0.5,0.75,0.0,0.0,0.0,0,174.548,700,26.36,-1
0.5,-0.5,0.85,0.0,0.0,0.0,0,191.032,700,25.96,-1
0.5,-0.5,0.95,0.0,0.0,0.0,0,226.103,700,25.99,-1
0.5,-0.4,0.05,0.0,0.0,0.0,0,498.178,700,27.5,-1
0.5,-0.4,0.15,0.0,0.0,0.0,0,421.691,700,27.44,-1
0.5,-0.4,0.25,0.0,0.0,0.0,0,349.387,700,27.27,-1
0.5,-0.4,0.35,0.0,0.0,0.0,0,280.707,700,27.28,-1
0.5,-0.4,0.45,0.0,0.0,0.0,0,207.695,700,27.34,-1
0.5,-0.4,0.55,0.0,0.0,0.0,0,156.807,700,26.51,-1
0.5,-0.4,0.65,0.0,0.0,0.0,0,151.421,700,26.77,-1
0.5,-0.4,0.75,0.0,0.0,0.0,0,123.883,700,25.98,-1
0.5,-0.4,0.85,0.0,0.0,0.0,0,141.814,700,26.14,-1
0.5,-0.4,0.95,0.0,0.0,0.0,0,175.776,700,25.86,-1
0.5,-0.3,0.05,0.0,0.0,0.0,0,483.61,700,27.79,-1
0.5,-0.3,0.15,0.0,0.0,0.0,0,400.39,700,27.38,-1
0.5,-0.3,0.25,0.0,0.0,0.0,0,327.256,700,27.31,-1
0.5,-0.3,0.35,0.0,0.0,0.0,0,254.343,700,27.06,-1
0.5,-0.3,0.45,0.0,0.0,0.0,0,188.688,700,26.92,-1
0.5,-0.3,0.55,0.0,0.0,0.0,0,130.772,700,26.56,-1
0.5,-0.3,0.65,0.0,0.0,0.0,0,90.751,700,26.62,-1
0.5,-0.3,0.75,0.0,0.0,0.0,0,87.612,700,26.06,-1
0.5,-0.3,0.85,0.0,0.0,0.0,0,106.743,700,25.95,-1
0.5,-0.3,0.95,0.0,0.0,0.0,0,142.766,700,26.1,-1
0.5,-0.2,0.05,0.0,0.0,0.0,0,461.932,700,27.77,-1
0.5,-0.2,0.15,0.0,0.0,0.0,0,386.114,700,27.69,-1
0.5,-0.2,0.25,0.0,0.0,0.0,0,313.318,700,27.14,-1
0.5,-0.2,0.35,0.0,0.0,0.0,0,250.79,700,27.11,-1
0.5,-0.2,0.45,0.0,0.0,0.0,0,182.758,700,27.21,-1
0.5,-0.2,0.55,0.0,0.0,0.0,0,120.497,700,26.64,-1
0.5,-0.2,0.65,0.0,0.0,0.0,0,73.236,700,26.57,-1
0.5,-0.2,0.75,0.0,0.0,0.0,0,68.845,700,26.08,-1
0.5,-0.2,0.85,0.0,0.0,0.0,0,88.663,700,26.25,-1
0.5,-0.2,0.95,0.0,0.0,0.0,0,125.846,700,26.22,-1
0.5,-0.1,0.05,0.0,0.0,0.0,0,461.271,700,27.48,-1
0.5,-0.1,0.15,0.0,0.0,0.0,0,383.134,700,27.29,-1
0.5,-0.1,0.25,0.0,0.0,0.0,0,310.66,700,27.44,-1
0.5,-0.1,0.35,0.0,0.0,0.0,0,253.862,700,27.68,-1
0.5,-0.1,0.45,0.0,0.0,0.0,0,185.278,700,27.52,-1
0.5,-0.1,0.55,0.0,0.0,0.0,0,122.259,700,27.63,-1
0.5,-0.1,0.65,0.0,0.0,0.0,0,74.182,700,27.45,-1
0.5,-0.1,0.75,0.0,0.0,0.0,0,69.542,700,26.03,-1
0.5,-0.1,0.85,0.0,0.0,0.0,0,89.33,700,26.21,-1
0.5,-0.1,0.95,0.0,0.0,0.0,0,126.465,700,26.46,-1
0.6,-0.7,0.05,0.0,0.0,0.0,0,671.909,700,28.06,-1
0.6,-0.7,0.15,0.0,0.0,0.0,0,593.935,700,27.53,-1
0.6,-0.7,0.25,0.0,0.0,0.0,0,554.442,700,28.01,-1
0.6,-0.7,0.35,0.0,0.0,0.0,0,461.907,700,27.86,-1
0.6,-0.7,0.45,0.0,0.0,0.0,0,420.387,700,27.76,-1
0.6,-0.7,0.55,0.0,0.0,0.0,0,395.189,700,27.73,-1
0.6,-0.7,0.65,0.0,0.0,0.0,0,378.209,700,27.66,-1
0.6,-0.7,0.75,0.0,0.0,0.0,0,377.331,700,26.89,-1
0.6,-0.7,0.85,0.0,0.0,0.0,0,390.126,700,26.15,-1
0.6,-0.7,0.95,0.0,0.0,0.0,0,413.957,700,26.58,-1
0.6,-0.6,0.05,0.0,0.0,0.0,0,632.102,700,27.89,-1
0.6,-0.6,0.15,0.0,0.0,0.0,0,555.872,700,27.81,-1
0.6,-0.6,0.25,0.0,0.0,0.0,0,484.215,700,27.73,-1
0.6,-0.6,0.35,0.0,0.0,0.0,0,421.42,700,27.71,-1
0.6,-0.6,0.45,0.0,0.0,0.0,0,363.442,700,27.46,-1
0.6,-0.6,0.55,0.0,0.0,0.0,0,330.713,700,27.53,-1
0.6,-0.6,0.65,0.0,0.0,0.0,0,320.301,700,27.66,-1
0.6,-0.6,0.75,0.0,0.0,0.0,0,313.717,700,26.94,-1
0.6,-0.6,0.85,0.0,0.0,0.0,0,327.195,700,25.97,-1
0.6,-0.6,0.95,0.0,0.0,0.0,0,357.796,700,26.52,-1
0.6,-0.5,0.05,0.0,0.0,0.0,0,635.523,700,27.85,-1
0.6,-0.5,0.15,0.0,0.0,0.0,0,502.544,700,27.69,-1
0.6,-0.5,0.25,0.0,0.0,0.0,0,430.498,700,27.63,-1
0.6,-0.5,0.35,0.0,0.0,0.0,0,362.081,700,27.39,-1
0.6,-0.5,0.45,0.0,0.0,0.0,0,313.551,700,27.37,-1
0.6,-0.5,0.55,0.0,0.0,0.0,0,277.873,700,27.38,-1
0.6,-0.5,0.65,0.0,0.0,0.0,0,259.453,700,27.53,-1
0.6,-0.5,0.75,0.0,0.0,0.0,0,258.814,700,26.67,-1
0.6,-0.5,0.85,0.0,0.0,0.0,0,273.342,700,26.37,-1
0.6,-0.5,0.95,0.0,0.0,0.0,0,301.274,700,26.18,-1
0.6,-0.4,0.05,0.0,0.0,0.0,0,555.715,700,27.79,-1
0.6,-0.4,0.15,0.0,0.0,0.0,0,467.248,700,27.52,-1
0.6,-0.4,0.25,0.0,0.0,0.0,0,398.314,700,27.59,-1
0.6,-0.4,0.35,0.0,0.0,0.0,0,335.955,700,27.33,-1
0.6,-0.4,0.45,0.0,0.0,0.0,0,277.627,700,27.57,-1
0.6,-0.4,0.55,0.0,0.0,0.0,0,239.342,700,27.81,-1
0.6,-0.4,0.65,0.0,0.0,0.0,0,215.329,700,26.74,-1
0.6,-0.4,0.75,0.0,0.0,0.0,0,214.743,700,26.6,-1
0.6,-0.4,0.85,0.0,0.0,0.0,0,230.233,700,26.05,-1
0.6,-0.4,0.95,0.0,0.0,0.0,0,259.895,700,26.34,-1
0.6,-0.3,0.05,0.0,0.0,0.0,0,523.042,700,27.54,-1
0.6,-0.3,0.15,0.0,0.0,0.0,0,445.073,700,27.64,-1
0.6,-0.3,0.25,0.0,0.0,0.0,0,375.786,700,27.72,-1
0.6,-0.3,0.35,0.0,0.0,0.0,0,311.493,700,27.34,-1
0.6,-0.3,0.45,0.0,0.0,0.0,0,254.675,700,27.08,-1
0.6,-0.3,0.55,0.0,0.0,0.0,0,210.152,700,27.02,-1
0.6,-0.3,0.65,0.0,0.0,0.0,0,184.769,700,26.62,-1
0.6,-0.3,0.75,0.0,0.0,0.0,0,183.814,700,26.2,-1
0.6,-0.3,0.85,0.0,0.0,0.0,0,200.055,700,26.02,-1
0.6,-0.3,0.95,0.0,0.0,0.0,0,231.061,700,26.45,-1
0.6,-0.2,0.05,0.0,0.0,0.0,0,523.536,700,27.58,-1
0.6,-0.2,0.15,0.0,0.0,0.0,0,431.218,700,27.78,-1
0.6,-0.2,0.25,0.0,0.0,0.0,0,362.07,700,27.33,-1
0.6,-0.2,0.35,0.0,0.0,0.0,0,298.008,700,27.23,-1
0.6,-0.2,0.45,0.0,0.0,0.0,0,244.634,700,26.74,-1
0.6,-0.2,0.55,0.0,0.0,0.0,0,195.653,700,26.92,-1
0.6,-0.2,0.65,0.0,0.0,0.0,0,169.156,700,26.98,-1
0.6,-0.2,0.75,0.0,0.0,0.0,0,168.044,700,25.96,-1
0.6,-0.2,0.85,0.0,0.0,0.0,0,184.698,700,26.04,-1
0.6,-0.2,0.95,0.0,0.0,0.0,0,216.434,700,26.1,-1
0.6,-0.1,0.05,0.0,0.0,0.0,0,505.254,700,27.67,-1
0.6,-0.1,0.15,0.0,0.0,0.0,0,432.655,700,27.7,-1
0.6,-0.1,0.25,0.0,0.0,0.0,0,360.162,700,27.41,-1
0.6,-0.1,0.35,0.0,0.0,0.0,0,296.623,700,27.42,-1
0.6,-0.1,0.45,0.0,0.0,0.0,0,240.391,700,27.62,-1
0.6,-0.1,0.55,0.0,0.0,0.0,0,195.622,700,27.46,-1
0.6,-0.1,0.65,0.0,0.0,0.0,0,169.658,700,27.54,-1
0.6,-0.1,0.75,0.0,0.0,0.0,0,168.624,700,26.28,-1
0.6,-0.1,0.85,0.0,0.0,0.0,0,185.265,700,26.04,-1
0.6,-0.1,0.95,0.0,0.0,0.0,0,216.968,700,26.1,-1
0.7,-0.7,0.05,0.0,0.0,0.0,0,752.471,700,27.86,-1
0.7,-0.7,0.15,0.0,0.0,0.0,0,673.704,700,27.99,-1
0.7,-0.7,0.25,0.0,0.0,0.0,0,606.554,700,27.86,-1
0.7,-0.7,0.35,0.0,0.0,0.0,0,549.714,700,27.81,-1
0.7,-0.7,0.45,0.0,0.0,0.0,0,506.934,700,27.86,-1
0.7,-0.7,0.55,0.0,0.0,0.0,0,478.927,700,27.9,-1
0.7,-0.7,0.65,0.0,0.0,0.0,0,462.543,700,27.64,-1
0.7,-0.7,0.75,0.0,0.0,0.0,0,465.207,700,27.17,-1
0.7,-0.7,0.85,0.0,0.0,0.0,0,482.356,700,27.13,-1
0.7,-0.7,0.95,0.0,0.0,0.0,0,530.999,700,27.81,-1
0.7,-0.6,0.05,0.0,0.0,0.0,0,704.467,700,27.95,-1
0.7,-0.6,0.15,0.0,0.0,0.0,0,652.887,700,28.04,-1
0.7,-0.6,0.25,0.0,0.0,0.0,0,566.654,700,27.91,-1
0.7,-0.6,0.35,0.0,0.0,0.0,0,509.659,700,27.9,-1
0.7,-0.6,0.45,0.0,0.0,0.0,0,448.268,700,28.01,-1
0.7,-0.6,0.55,0.0,0.0,0.0,0,422.042,700,27.9,-1
0.7,-0.6,0.65,0.0,0.0,0.0,0,396.119,700,27.86,-1
0.7,-0.6,0.75,0.0,0.0,0.0,0,397.723,700,26.62,-1
0.7,-0.6,0.85,0.0,0.0,0.0,0,408.431,700,26.18,-1
0.7,-0.6,0.95,0.0,0.0,0.0,0,448.17,700,27.31,-1
0.7,-0.5,0.05,0.0,0.0,0.0,0,680.68,700,27.84,-1
0.7,-0.5,0.15,0.0,0.0,0.0,0,606.165,700,27.66,-1
0.7,-0.5,0.25,0.0,0.0,0.0,0,528.152,700,27.77,-1
0.7,-0.5,0.35,0.0,0.0,0.0,0,440.969,700,27.86,-1
0.7,-0.5,0.45,0.0,0.0,0.0,0,395.668,700,27.56,-1
0.7,-0.5,0.55,0.0,0.0,0.0,0,363.311,700,27.47,-1
0.7,-0.5,0.65,0.0,0.0,0.0,0,369.65,700,28.09,-1
0.7,-0.5,0.75,0.0,0.0,0.0,0,346.794,700,27.22,-1
0.7,-0.5,0.85,0.0,0.0,0.0,0,360.046,700,27.14,-1
0.7,-0.5,0.95,0.0,0.0,0.0,0,387.802,700,26.17,-1
0.7,-0.4,0.05,0.0,0.0,0.0,0,652.616,700,27.76,-1
0.7,-0.4,0.15,0.0,0.0,0.0,0,576.654,700,27.71,-1
0.7,-0.4,0.25,0.0,0.0,0.0,0,471.686,700,28.02,-1
0.7,-0.4,0.35,0.0,0.0,0.0,0,401.909,700,27.7,-1
0.7,-0.4,0.45,0.0,0.0,0.0,0,386.296,700,27.7,-1
0.7,-0.4,0.55,0.0,0.0,0.0,0,325.491,700,27.35,-1
0.7,-0.4,0.65,0.0,0.0,0.0,0,308.301,700,27.32,-1
0.7,-0.4,0.75,0.0,0.0,0.0,0,307.959,700,27.13,-1
0.7,-0.4,0.85,0.0,0.0,0.0,0,321.54,700,26.79,-1
0.7,-0.4,0.95,0.0,0.0,0.0,0,347.797,700,26.67,-1
0.7,-0.3,0.05,0.0,0.0,0.0,0,609.206,700,27.78,-1
0.7,-0.3,0.15,0.0,0.0,0.0,0,545.258,700,27.62,-1
0.7,-0.3,0.25,0.0,0.0,0.0,0,440.292,700,27.89,-1
0.7,-0.3,0.35,0.0,0.0,0.0,0,383.259,700,27.58,-1
0.7,-0.3,0.45,0.0,0.0,0.0,0,335.559,700,27.88,-1
0.7,-0.3,0.55,0.0,0.0,0.0,0,300.316,700,27.41,-1
0.7,-0.3,0.65,0.0,0.0,0.0,0,281.431,700,27.74,-1
0.7,-0.3,0.75,0.0,0.0,0.0,0,281.054,700,26.33,-1
0.7,-0.3,0.85,0.0,0.0,0.0,0,295.145,700,26.23,-1
0.7,-0.3,0.95,0.0,0.0,0.0,0,322.266,700,26.54,-1
0.7,-0.2,0.05,0.0,0.0,0.0,0,577.846,700,27.54,-1
0.7,-0.2,0.15,0.0,0.0,0.0,0,510.725,700,27.41,-1
0.7,-0.2,0.25,0.0,0.0,0.0,0,427.207,700,27.77,-1
0.7,-0.2,0.35,0.0,0.0,0.0,0,370.323,700,27.52,-1
0.7,-0.2,0.45,0.0,0.0,0.0,0,322.439,700,27.59,-1
0.7,-0.2,0.55,0.0,0.0,0.0,0,286.929,700,27.41,-1
0.7,-0.2,0.65,0.0,0.0,0.0,0,267.857,700,27.67,-1
0.7,-0.2,0.75,0.0,0.0,0.0,0,267.467,700,26.79,-1
0.7,-0.2,0.85,0.0,0.0,0.0,0,281.821,700,26.93,-1
0.7,-0.2,0.95,0.0,0.0,0.0,0,309.431,700,26.71,-1
0.7,-0.1,0.05,0.0,0.0,0.0,0,561.563,700,28.0,-1
0.7,-0.1,0.15,0.0,0.0,0.0,0,493.407,700,27.82,-1
0.7,-0.1,0.25,0.0,0.0,0.0,0,430.465,700,27.54,-1
0.7,-0.1,0.35,0.0,0.0,0.0,0,369.6,700,27.29,-1
0.7,-0.1,0.45,0.0,0.0,0.0,0,322.19,700,27.35,-1
0.7,-0.1,0.55,0.0,0.0,0.0,0,287.117,700,27.42,-1
0.7,-0.1,0.65,0.0,0.0,0.0,0,268.318,700,27.46,-1
0.7,-0.1,0.75,0.0,0.0,0.0,0,267.965,700,26.39,-1
0.7,-0.1,0.85,0.0,0.0,0.0,0,282.308,700,26.2,-1
0.7,-0.1,0.95,0.0,0.0,0.0,0,309.908,700,26.14,-1
-0.2,-0.7,0.05,0.0,45.0,0.0,0,514.32,700,27.3,-1
-0.2,-0.7,0.15,0.0,45.0,0.0,0,462.959,700,27.13,-1
-0.2,-0.7,0.25,0.0,45.0,0.0,0,383.986,700,28.06,-1
-0.2,-0.7,0.35,0.0,45.0,0.0,0,326.331,700,28.68,-1
-0.2,-0.7,0.45,0.0,45.0,0.0,0,273.997,700,28.1,-1
-0.2,-0.7,0.55,0.0,45.0,0.0,0,205.029,700,28.28,-1
-0.2,-0.7,0.65,0.0,45.0,0.0,0,153.944,700,27.62,-1
-0.2,-0.7,0.75,0.0,45.0,0.0,0,177.398,700,28.12,-1
-0.2,-0.7,0.85,0.0,45.0,0.0,0,175.462,700,27.86,-1
-0.2,-0.7,0.95,0.0,45.0,0.0,0,217.226,700,28.07,-1
-0.2,-0.6,0.05,0.0,45.0,0.0,0,402.656,700,27.34,-1
-0.2,-0.6,0.15,0.0,45.0,0.0,0,307.761,700,27.51,-1
-0.2,-0.6,0.25,0.0,45.0,0.0,0,370.944,700,28.09,-1
-0.2,-0.6,0.35,0.0,45.0,0.0,0,275.777,700,27.98,-1
-0.2,-0.6,0.45,0.0,45.0,0.0,0,221.292,700,27.62,-1
-0.2,-0.6,0.55,0.0,45.0,0.0,0,159.567,700,27.0,-1
-0.2,-0.6,0.65,0.0,45.0,0.0,0,113.103,700,26.99,-1
-0.2,-0.6,0.75,0.0,45.0,0.0,0,86.965,700,27.23,-1
-0.2,-0.6,0.85,0.0,45.0,0.0,0,88.464,700,28.26,-1
-0.2,-0.6,0.95,0.0,45.0,0.0,0,152.273,700,27.47,-1
-0.2,-0.5,0.05,0.0,45.0,0.0,0,410.504,700,27.31,-1
-0.2,-0.5,0.15,0.0,45.0,0.0,0,321.203,700,27.44,-1
-0.2,-0.5,0.25,0.0,45.0,0.0,0,296.807,700,27.91,-1
-0.2,-0.5,0.35,0.0,45.0,0.0,0,253.138,700,27.56,-1
-0.2,-0.5,0.45,0.0,45.0,0.0,0,169.587,700,27.12,-1
-0.2,-0.5,0.55,0.0,45.0,0.0,0,99.304,700,27.12,-1
-0.2,-0.5,0.65,0.0,45.0,0.0,0,40.081,700,27.01,-1
-0.2,-0.5,0.75,0.0,45.0,0.0,1,2.619,14,0.56,0
-0.2,-0.5,0.85,0.0,45.0,0.0,1,4.648,300,11.48,2
-0.2,-0.5,0.95,0.0,45.0,0.0,0,39.401,700,27.85,-1
-0.2,-0.4,0.05,0.0,45.0,0.0,0,344.975,700,27.01,-1
-0.2,-0.4,0.15,0.0,45.0,0.0,0,336.997,700,27.12,-1
-0.2,-0.4,0.25,0.0,45.0,0.0,0,295.578,700,27.96,-1
-0.2,-0.4,0.35,0.0,45.0,0.0,0,228.216,700,27.22,-1
-0.2,-0.4,0.45,0.0,45.0,0.0,0,138.237,700,26.86,-1
-0.2,-0.4,0.55,0.0,45.0,0.0,0,58.649,700,27.16,-1
-0.2,-0.4,0.65,0.0,45.0,0.0,0,134.697,700,27.04,-1
-0.2,-0.4,0.75,0.0,45.0,0.0,1,1.581,315,12.3,3
-0.2,-0.4,0.85,0.0,45.0,0.0,1,2.146,9,0.36,0
-0.2,-0.4,0.95,0.0,45.0,0.0,1,0.91,14,0.54,0
-0.2,-0.3,0.05,0.0,45.0,0.0,0,420.813,700,26.92,-1
-0.2,-0.3,0.15,0.0,45.0,0.0,0,345.658,700,27.22,-1
-0.2,-0.3,0.25,0.0,45.0,0.0,0,322.602,700,27.97,-1
-0.2,-0.3,0.35,0.0,45.0,0.0,0,283.851,700,27.22,-1
-0.2,-0.3,0.45,0.0,45.0,0.0,0,129.709,700,27.16,-1
-0.2,-0.3,0.55,0.0,45.0,0.0,0,45.715,700,27.29,-1
-0.2,-0.3,0.65,0.0,45.0,0.0,1,2.611,216,8.45,2
-0.2,-0.3,0.75,0.0,45.0,0.0,1,2.039,312,12.21,3
-0.2,-0.3,0.85,0.0,45.0,0.0,1,0.765,10,0.41,0
-0.2,-0.3,0.95,0.0,45.0,0.0,1,1.033,10,0.4,0
-0.2,-0.2,0.05,0.0,45.0,0.0,0,377.952,700,27.13,-1
-0.2,-0.2,0.15,0.0,45.0,0.0,0,345.824,700,27.19,-1
-0.2,-0.2,0.25,0.0,45.0,0.0,0,333.144,700,27.53,-1
-0.2,-0.2,0.35,0.0,45.0,0.0,0,236.973,700,27.48,-1
-0.2,-0.2,0.45,0.0,45.0,0.0,0,114.055,700,27.44,-1
-0.2,-0.2,0.55,0.0,45.0,0.0,0,82.594,700,27.65,-1
-0.2,-0.2,0.65,0.0,45.0,0.0,1,3.438,100,3.71,0
-0.2,-0.2,0.75,0.0,45.0,0.0,1,2.273,211,8.41,2
-0.2,-0.2,0.85,0.0,45.0,0.0,1,0.932,8,0.33,0
-0.2,-0.2,0.95,0.0,45.0,0.0,1,0.926,212,8.66,2
-0.2,-0.1,0.05,0.0,45.0,0.0,0,386.011,700,27.5,-1
-0.2,-0.1,0.15,0.0,45.0,0.0,0,339.968,700,27.85,-1
-0.2,-0.1,0.25,0.0,45.0,0.0,0,265.321,700,27.69,-1
-0.2,-0.1,0.35,0.0,45.0,0.0,0,270.251,700,27.19,-1
-0.2,-0.1,0.45,0.0,45.0,0.0,0,94.329,700,26.99,-1
-0.2,-0.1,0.55,0.0,45.0,0.0,0,62.406,700,27.08,-1
-0.2,-0.1,0.65,0.0,45.0,0.0,1,2.639,9,0.38,0
-0.2,-0.1,0.75,0.0,45.0,0.0,1,2.795,8,0.34,0
-0.2,-0.1,0.85,0.0,45.0,0.0,1,2.069,12,0.49,0
-0.2,-0.1,0.95,0.0,45.0,0.0,1,1.19,10,0.4,0
-0.1,-0.7,0.05,0.0,45.0,0.0,0,420.363,700,27.54,-1
-0.1,-0.7,0.15,0.0,45.0,0.0,0,356.96,700,27.37,-1
-0.1,-0.7,0.25,0.0,45.0,0.0,0,388.622,700,28.07,-1
-0.1,-0.7,0.35,0.0,45.0,0.0,0,319.359,700,28.29,-1
-0.1,-0.7,0.45,0.0,45.0,0.0,0,238.951,700,28.44,-1
-0.1,-0.7,0.55,0.0,45.0,0.0,0,206.445,700,28.0,-1
-0.1,-0.7,0.65,0.0,45.0,0.0,0,150.023,700,27.69,-1
-0.1,-0.7,0.75,0.0,45.0,0.0,0,222.571,700,27.44,-1
-0.1,-0.7,0.85,0.0,45.0,0.0,0,163.354,700,27.61,-1
-0.1,-0.7,0.95,0.0,45.0,0.0,0,186.196,700,27.8,-1
-0.1,-0.6,0.05,0.0,45.0,0.0,0,396.78,700,27.26,-1
-0.1,-0.6,0.15,0.0,45.0,0.0,0,282.89,700,27.57,-1
-0.1,-0.6,0.25,0.0,45.0,0.0,0,297.227,700,28.05,-1
-0.1,-0.6,0.35,0.0,45.0,0.0,0,225.432,700,27.92,-1
-0.1,-0.6,0.45,0.0,45.0,0.0,0,182.591,700,27.52,-1
-0.1,-0.6,0.55,0.0,45.0,0.0,0,145.645,700,27.65,-1
-0.1,-0.6,0.65,0.0,45.0,0.0,0,100.081,700,27.47,-1
-0.1,-0.6,0.75,0.0,45.0,0.0,0,72.467,700,26.98,-1
-0.1,-0.6,0.85,0.0,45.0,0.0,0,69.354,700,27.31,-1
-0.1,-0.6,0.95,0.0,45.0,0.0,0,108.404,700,27.8,-1
-0.1,-0.5,0.05,0.0,45.0,0.0,0,381.705,700,27.12,-1
-0.1,-0.5,0.15,0.0,45.0,0.0,0,292.155,700,27.35,-1
-0.1,-0.5,0.25,0.0,45.0,0.0,0,247.87,700,28.01,-1
-0.1,-0.5,0.35,0.0,45.0,0.0,0,202.477,700,27.29,-1
-0.1,-0.5,0.45,0.0,45.0,0.0,0,160.497,700,27.29,-1
-0.1,-0.5,0.55,0.0,45.0,0.0,0,87.618,700,27.23,-1
-0.1,-0.5,0.65,0.0,45.0,0.0,0,140.105,700,27.18,-1
-0.1,-0.5,0.75,0.0,45.0,0.0,1,5.847,200,7.64,1
-0.1,-0.5,0.85,0.0,45.0,0.0,1,1.245,212,8.47,2
-0.1,-0.5,0.95,0.0,45.0,0.0,0,10.907,700,27.35,-1
-0.1,-0.4,0.05,0.0,45.0,0.0,0,383.01,700,26.94,-1
-0.1,-0.4,0.15,0.0,45.0,0.0,0,285.66,700,26.69,-1
-0.1,-0.4,0.25,0.0,45.0,0.0,0,246.116,700,27.28,-1
-0.1,-0.4,0.35,0.0,45.0,0.0,0,244.829,700,27.25,-1
-0.1,-0.4,0.45,0.0,45.0,0.0,0,129.502,700,26.88,-1
-0.1,-0.4,0.55,0.0,45.0,0.0,0,46.03,700,27.11,-1
-0.1,-0.4,0.65,0.0,45.0,0.0,1,3.566,400,15.11,3
-0.1,-0.4,0.75,0.0,45.0,0.0,0,32.704,700,27.34,-1
-0.1,-0.4,0.85,0.0,45.0,0.0,1,0.703,218,8.82,2
-0.1,-0.4,0.95,0.0,45.0,0.0,1,1.697,10,0.4,0
-0.1,-0.3,0.05,0.0,45.0,0.0,0,356.948,700,26.62,-1
-0.1,-0.3,0.15,0.0,45.0,0.0,0,292.328,700,26.91,-1
-0.1,-0.3,0.25,0.0,45.0,0.0,0,264.128,700,27.25,-1
-0.1,-0.3,0.35,0.0,45.0,0.0,0,217.944,700,27.58,-1
-0.1,-0.3,0.45,0.0,45.0,0.0,0,121.804,700,26.97,-1
-0.1,-0.3,0.55,0.0,45.0,0.0,0,32.684,700,27.15,-1
-0.1,-0.3,0.65,0.0,45.0,0.0,1,3.348,300,11.39,2
-0.1,-0.3,0.75,0.0,45.0,0.0,0,32.632,700,26.94,-1
-0.1,-0.3,0.85,0.0,45.0,0.0,1,2.302,7,0.29,0
-0.1,-0.3,0.95,0.0,45.0,0.0,1,0.684,107,4.26,1
-0.1,-0.2,0.05,0.0,45.0,0.0,0,357.331,700,26.8,-1
-0.1,-0.2,0.15,0.0,45.0,0.0,0,290.845,700,27.21,-1
-0.1,-0.2,0.25,0.0,45.0,0.0,0,209.748,700,27.22,-1
-0.1,-0.2,0.35,0.0,45.0,0.0,0,229.532,700,27.48,-1
-0.1,-0.2,0.45,0.0,45.0,0.0,0,144.769,700,27.25,-1
-0.1,-0.2,0.55,0.0,45.0,0.0,0,57.488,700,27.15,-1
-0.1,-0.2,0.65,0.0,45.0,0.0,0,29.225,700,27.92,-1
-0.1,-0.2,0.75,0.0,45.0,0.0,0,27.427,700,27.64,-1
-0.1,-0.2,0.85,0.0,45.0,0.0,1,1.687,9,0.37,0
-0.1,-0.2,0.95,0.0,45.0,0.0,1,0.675,6,0.25,0
-0.1,-0.1,0.05,0.0,45.0,0.0,0,375.326,700,27.79,-1
-0.1,-0.1,0.15,0.0,45.0,0.0,0,313.713,700,27.52,-1
-0.1,-0.1,0.25,0.0,45.0,0.0,0,282.914,700,27.34,-1
-0.1,-0.1,0.35,0.0,45.0,0.0,0,270.001,700,27.22,-1
-0.1,-0.1,0.45,0.0,45.0,0.0,0,137.502,700,26.99,-1
-0.1,-0.1,0.55,0.0,45.0,0.0,0,51.031,700,27.16,-1
-0.1,-0.1,0.65,0.0,45.0,0.0,0,26.231,700,27.16,-1
-0.1,-0.1,0.75,0.0,45.0,0.0,0,24.495,700,26.82,-1
-0.1,-0.1,0.85,0.0,45.0,0.0,1,2.424,7,0.29,0
-0.1,-0.1,0.95,0.0,45.0,0.0,1,1.216,12,0.48,0
0.0,-0.7,0.05,0.0,45.0,0.0,0,440.795,700,27.6,-1
0.0,-0.7,0.15,0.0,45.0,0.0,0,351.219,700,27.64,-1
0.0,-0.7,0.25,0.0,45.0,0.0,0,355.519,700,27.55,-1
0.0,-0.7,0.35,0.0,45.0,0.0,0,250.744,700,28.51,-1
0.0,-0.7,0.45,0.0,45.0,0.0,0,206.081,700,28.11,-1
0.0,-0.7,0.55,0.0,45.0,0.0,0,178.559,700,28.06,-1
0.0,-0.7,0.65,0.0,45.0,0.0,0,164.069,700,27.82,-1
0.0,-0.7,0.75,0.0,45.0,0.0,0,169.325,700,27.19,-1
0.0,-0.7,0.85,0.0,45.0,0.0,0,162.523,700,27.24,-1
0.0,-0.7,0.95,0.0,45.0,0.0,0,191.945,700,27.43,-1
0.0,-0.6,0.05,0.0,45.0,0.0,0,385.584,700,27.41,-1
0.0,-0.6,0.15,0.0,45.0,0.0,0,278.651,700,27.46,-1
0.0,-0.6,0.25,0.0,45.0,0.0,0,254.931,700,27.96,-1
0.0,-0.6,0.35,0.0,45.0,0.0,0,186.245,700,27.98,-1
0.0,-0.6,0.45,0.0,45.0,0.0,0,137.068,700,27.92,-1
0.0,-0.6,0.55,0.0,45.0,0.0,0,99.823,700,27.8,-1
0.0,-0.6,0.65,0.0,45.0,0.0,0,104.245,700,27.3,-1
0.0,-0.6,0.75,0.0,45.0,0.0,0,80.985,700,27.3,-1
0.0,-0.6,0.85,0.0,45.0,0.0,0,68.852,700,27.52,-1
0.0,-0.6,0.95,0.0,45.0,0.0,0,87.791,700,27.21,-1
0.0,-0.5,0.05,0.0,45.0,0.0,0,344.848,700,26.95,-1
0.0,-0.5,0.15,0.0,45.0,0.0,0,266.944,700,27.09,-1
0.0,-0.5,0.25,0.0,45.0,0.0,0,159.856,700,27.62,-1
0.0,-0.5,0.35,0.0,45.0,0.0,0,153.927,700,27.92,-1
0.0,-0.5,0.45,0.0,45.0,0.0,0,113.404,700,26.86,-1
0.0,-0.5,0.55,0.0,45.0,0.0,0,74.872,700,26.87,-1
0.0,-0.5,0.65,0.0,45.0,0.0,0,43.566,700,27.02,-1
0.0,-0.5,0.75,0.0,45.0,0.0,1,1.998,213,8.48,2
0.0,-0.5,0.85,0.0,45.0,0.0,1,1.527,210,8.44,2
0.0,-0.5,0.95,0.0,45.0,0.0,1,4.844,400,15.52,3
0.0,-0.4,0.05,0.0,45.0,0.0,0,329.652,700,26.67,-1
0.0,-0.4,0.15,0.0,45.0,0.0,0,249.272,700,26.71,-1
0.0,-0.4,0.25,0.0,45.0,0.0,0,191.418,700,26.72,-1
0.0,-0.4,0.35,0.0,45.0,0.0,0,165.398,700,27.08,-1
0.0,-0.4,0.45,0.0,45.0,0.0,0,144.502,700,26.88,-1
0.0,-0.4,0.55,0.0,45.0,0.0,0,44.382,700,26.93,-1
0.0,-0.4,0.65,0.0,45.0,0.0,1,1.958,7,0.29,0
0.0,-0.4,0.75,0.0,45.0,0.0,1,2.986,6,0.25,0
0.0,-0.4,0.85,0.0,45.0,0.0,1,0.589,219,8.69,2
0.0,-0.4,0.95,0.0,45.0,0.0,1,2.973,13,0.53,0
0.0,-0.3,0.05,0.0,45.0,0.0,0,316.912,700,26.7,-1
0.0,-0.3,0.15,0.0,45.0,0.0,0,247.918,700,26.68,-1
0.0,-0.3,0.25,0.0,45.0,0.0,0,204.51,700,26.91,-1
0.0,-0.3,0.35,0.0,45.0,0.0,0,183.467,700,27.41,-1
0.0,-0.3,0.45,0.0,45.0,0.0,0,72.646,700,27.07,-1
0.0,-0.3,0.55,0.0,45.0,0.0,0,50.621,700,27.23,-1
0.0,-0.3,0.65,0.0,45.0,0.0,1,1.815,14,0.56,0
0.0,-0.3,0.75,0.0,45.0,0.0,1,2.885,5,0.22,0
0.0,-0.3,0.85,0.0,45.0,0.0,1,2.156,6,0.25,0
0.0,-0.3,0.95,0.0,45.0,0.0,1,1.878,107,4.26,1
0.0,-0.2,0.05,0.0,45.0,0.0,0,317.002,700,26.65,-1
0.0,-0.2,0.15,0.0,45.0,0.0,0,254.944,700,26.83,-1
0.0,-0.2,0.25,0.0,45.0,0.0,0,214.726,700,26.94,-1
0.0,-0.2,0.35,0.0,45.0,0.0,0,194.346,700,27.57,-1
0.0,-0.2,0.45,0.0,45.0,0.0,0,155.501,700,27.41,-1
0.0,-0.2,0.55,0.0,45.0,0.0,0,91.798,700,27.98,-1
0.0,-0.2,0.65,0.0,45.0,0.0,0,88.613,700,27.61,-1
0.0,-0.2,0.75,0.0,45.0,0.0,0,79.422,700,26.48,-1
0.0,-0.2,0.85,0.0,45.0,0.0,1,1.703,207,7.7,2
0.0,-0.2,0.95,0.0,45.0,0.0,1,0.453,9,0.37,0
0.0,-0.1,0.05,0.0,45.0,0.0,0,301.889,700,27.55,-1
0.0,-0.1,0.15,0.0,45.0,0.0,0,242.848,700,27.64,-1
0.0,-0.1,0.25,0.0,45.0,0.0,0,215.998,700,27.28,-1
0.0,-0.1,0.35,0.0,45.0,0.0,0,195.026,700,27.57,-1
0.0,-0.1,0.45,0.0,45.0,0.0,0,181.497,700,27.2,-1
0.0,-0.1,0.55,0.0,45.0,0.0,0,78.814,700,28.23,-1
0.0,-0.1,0.65,0.0,45.0,0.0,0,154.799,700,28.3,-1
0.0,-0.1,0.75,0.0,45.0,0.0,0,74.643,700,26.02,-1
0.0,-0.1,0.85,0.0,45.0,0.0,1,1.404,6,0.25,0
0.0,-0.1,0.95,0.0,45.0,0.0,1,0.853,7,0.29,0
0.1,-0.7,0.05,0.0,45.0,0.0,0,428.898,700,27.64,-1
0.1,-0.7,0.15,0.0,45.0,0.0,0,379.865,700,27.47,-1
0.1,-0.7,0.25,0.0,45.0,0.0,0,314.89,700,27.27,-1
0.1,-0.7,0.35,0.0,45.0,0.0,0,271.001,700,27.51,-1
0.1,-0.7,0.45,0.0,45.0,0.0,0,193.09,700,27.96,-1
0.1,-0.7,0.55,0.0,45.0,0.0,0,166.685,700,27.96,-1
0.1,-0.7,0.65,0.0,45.0,0.0,0,162.775,700,27.39,-1
0.1,-0.7,0.75,0.0,45.0,0.0,0,162.735,700,26.62,-1
0.1,-0.7,0.85,0.0,45.0,0.0,0,159.159,700,27.91,-1
0.1,-0.7,0.95,0.0,45.0,0.0,0,186.208,700,26.9,-1
0.1,-0.6,0.05,0.0,45.0,0.0,0,387.29,700,27.09,-1
0.1,-0.6,0.15,0.0,45.0,0.0,0,298.056,700,27.26,-1
0.1,-0.6,0.25,0.0,45.0,0.0,0,204.538,700,27.36,-1
0.1,-0.6,0.35,0.0,45.0,0.0,0,165.591,700,28.05,-1
0.1,-0.6,0.45,0.0,45.0,0.0,0,110.418,700,28.02,-1
0.1,-0.6,0.55,0.0,45.0,0.0,0,73.825,700,27.25,-1
0.1,-0.6,0.65,0.0,45.0,0.0,0,71.649,700,27.06,-1
0.1,-0.6,0.75,0.0,45.0,0.0,0,70.082,700,27.17,-1
0.1,-0.6,0.85,0.0,45.0,0.0,0,68.3,700,26.99,-1
0.1,-0.6,0.95,0.0,45.0,0.0,0,94.816,700,27.4,-1
0.1,-0.5,0.05,0.0,45.0,0.0,0,340.784,700,27.0,-1
0.1,-0.5,0.15,0.0,45.0,0.0,0,254.489,700,26.65,-1
0.1,-0.5,0.25,0.0,45.0,0.0,0,174.146,700,26.74,-1
0.1,-0.5,0.35,0.0,45.0,0.0,0,116.705,700,28.0,-1
0.1,-0.5,0.45,0.0,45.0,0.0,0,64.671,700,26.67,-1
0.1,-0.5,0.55,0.0,45.0,0.0,0,22.599,700,26.65,-1
0.1,-0.5,0.65,0.0,45.0,0.0,1,2.233,210,8.03,2
0.1,-0.5,0.75,0.0,45.0,0.0,1,1.619,12,0.48,0
0.1,-0.5,0.85,0.0,45.0,0.0,1,0.555,14,0.55,0
0.1,-0.5,0.95,0.0,45.0,0.0,1,7.157,400,15.63,3
0.1,-0.4,0.05,0.0,45.0,0.0,0,311.114,700,26.78,-1
0.1,-0.4,0.15,0.0,45.0,0.0,0,227.246,700,26.65,-1
0.1,-0.4,0.25,0.0,45.0,0.0,0,153.473,700,26.66,-1
0.1,-0.4,0.35,0.0,45.0,0.0,0,110.772,700,26.6,-1
0.1,-0.4,0.45,0.0,45.0,0.0,0,73.363,700,26.73,-1
0.1,-0.4,0.55,0.0,45.0,0.0,0,30.657,700,27.05,-1
0.1,-0.4,0.65,0.0,45.0,0.0,1,2.142,14,0.55,0
0.1,-0.4,0.75,0.0,45.0,0.0,1,2.844,207,7.9,2
0.1,-0.4,0.85,0.0,45.0,0.0,1,2.308,119,4.74,1
0.1,-0.4,0.95,0.0,45.0,0.0,1,0.743,10,0.4,0
0.1,-0.3,0.05,0.0,45.0,0.0,0,295.327,700,26.7,-1
0.1,-0.3,0.15,0.0,45.0,0.0,0,215.567,700,26.81,-1
0.1,-0.3,0.25,0.0,45.0,0.0,0,152.046,700,26.72,-1
0.1,-0.3,0.35,0.0,45.0,0.0,0,121.096,700,26.88,-1
0.1,-0.3,0.45,0.0,45.0,0.0,0,81.127,700,26.95,-1
0.1,-0.3,0.55,0.0,45.0,0.0,0,30.726,700,27.09,-1
0.1,-0.3,0.65,0.0,45.0,0.0,1,2.533,208,7.92,2
0.1,-0.3,0.75,0.0,45.0,0.0,1,1.385,11,0.44,0
0.1,-0.3,0.85,0.0,45.0,0.0,1,2.413,7,0.29,0
0.1,-0.3,0.95,0.0,45.0,0.0,1,0.512,108,4.28,1
0.1,-0.2,0.05,0.0,45.0,0.0,0,291.012,700,26.63,-1
0.1,-0.2,0.15,0.0,45.0,0.0,0,214.942,700,26.77,-1
0.1,-0.2,0.25,0.0,45.0,0.0,0,154.317,700,26.8,-1
0.1,-0.2,0.35,0.0,45.0,0.0,0,127.131,700,27.12,-1
0.1,-0.2,0.45,0.0,45.0,0.0,0,85.779,700,26.83,-1
0.1,-0.2,0.55,0.0,45.0,0.0,0,34.854,700,27.35,-1
0.1,-0.2,0.65,0.0,45.0,0.0,0,29.143,700,27.4,-1
0.1,-0.2,0.75,0.0,45.0,0.0,0,27.248,700,26.94,-1
0.1,-0.2,0.85,0.0,45.0,0.0,1,0.558,6,0.25,0
0.1,-0.2,0.95,0.0,45.0,0.0,1,1.806,5,0.21,0
0.1,-0.1,0.05,0.0,45.0,0.0,0,293.901,700,27.53,-1
0.1,-0.1,0.15,0.0,45.0,0.0,0,218.504,700,27.46,-1
0.1,-0.1,0.25,0.0,45.0,0.0,0,155.109,700,27.27,-1
0.1,-0.1,0.35,0.0,45.0,0.0,0,127.389,700,27.79,-1
0.1,-0.1,0.45,0.0,45.0,0.0,0,107.504,700,27.63,-1
0.1,-0.1,0.55,0.0,45.0,0.0,0,110.205,700,27.33,-1
0.1,-0.1,0.65,0.0,45.0,0.0,0,105.384,700,27.31,-1
0.1,-0.1,0.75,0.0,45.0,0.0,0,24.855,700,26.62,-1
0.1,-0.1,0.85,0.0,45.0,0.0,1,1.755,5,0.22,0
0.1,-0.1,0.95,0.0,45.0,0.0,1,1.72,9,0.37,0
0.2,-0.7,0.05,0.0,45.0,0.0,0,447.904,700,27.47,-1
0.2,-0.7,0.15,0.0,45.0,0.0,0,363.831,700,27.7,-1
0.2,-0.7,0.25,0.0,45.0,0.0,0,307.622,700,27.46,-1
0.2,-0.7,0.35,0.0,45.0,0.0,0,250.389,700,27.38,-1
0.2,-0.7,0.45,0.0,45.0,0.0,0,202.2,700,26.98,-1
0.2,-0.7,0.55,0.0,45.0,0.0,0,179.356,700,27.43,-1
0.2,-0.7,0.65,0.0,45.0,0.0,0,168.751,700,27.3,-1
0.2,-0.7,0.75,0.0,45.0,0.0,0,163.665,700,27.3,-1
0.2,-0.7,0.85,0.0,45.0,0.0,0,176.367,700,27.4,-1
0.2,-0.7,0.95,0.0,45.0,0.0,0,216.567,700,27.39,-1
0.2,-0.6,0.05,0.0,45.0,0.0,0,396.026,700,27.38,-1
0.2,-0.6,0.15,0.0,45.0,0.0,0,302.609,700,27.04,-1
0.2,-0.6,0.25,0.0,45.0,0.0,0,309.904,700,26.79,-1
0.2,-0.6,0.35,0.0,45.0,0.0,0,167.174,700,27.63,-1
0.2,-0.6,0.45,0.0,45.0,0.0,0,117.588,700,28.02,-1
0.2,-0.6,0.55,0.0,45.0,0.0,0,86.698,700,27.44,-1
0.2,-0.6,0.65,0.0,45.0,0.0,0,75.125,700,26.7,-1
0.2,-0.6,0.75,0.0,45.0,0.0,0,75.327,700,27.04,-1
0.2,-0.6,0.85,0.0,45.0,0.0,0,87.509,700,26.97,-1
0.2,-0.6,0.95,0.0,45.0,0.0,0,117.902,700,27.49,-1
0.2,-0.5,0.05,0.0,45.0,0.0,0,329.75,700,27.09,-1
0.2,-0.5,0.15,0.0,45.0,0.0,0,260.588,700,26.67,-1
0.2,-0.5,0.25,0.0,45.0,0.0,0,180.108,700,26.68,-1
0.2,-0.5,0.35,0.0,45.0,0.0,0,104.921,700,26.65,-1
0.2,-0.5,0.45,0.0,45.0,0.0,0,39.98,700,27.79,-1
0.2,-0.5,0.55,0.0,45.0,0.0,1,2.87,9,0.37,0
0.2,-0.5,0.65,0.0,45.0,0.0,1,3.195,100,3.61,0
0.2,-0.5,0.75,0.0,45.0,0.0,1,2.523,7,0.28,0
0.2,-0.5,0.85,0.0,45.0,0.0,1,4.794,100,3.69,0
0.2,-0.5,0.95,0.0,45.0,0.0,0,37.102,700,26.39,-1
0.2,-0.4,0.05,0.0,45.0,0.0,0,312.761,700,26.83,-1
0.2,-0.4,0.15,0.0,45.0,0.0,0,225.19,700,26.62,-1
0.2,-0.4,0.25,0.0,45.0,0.0,0,141.897,700,26.65,-1
0.2,-0.4,0.35,0.0,45.0,0.0,0,69.572,700,26.63,-1
0.2,-0.4,0.45,0.0,45.0,0.0,0,21.809,700,26.63,-1
0.2,-0.4,0.55,0.0,45.0,0.0,1,5.17,100,3.8,0
0.2,-0.4,0.65,0.0,45.0,0.0,1,2.561,17,0.66,0
0.2,-0.4,0.75,0.0,45.0,0.0,1,7.624,100,3.71,0
0.2,-0.4,0.85,0.0,45.0,0.0,1,0.674,110,4.39,1
0.2,-0.4,0.95,0.0,45.0,0.0,1,1.592,9,0.36,0
0.2,-0.3,0.05,0.0,45.0,0.0,0,292.384,700,26.69,-1
0.2,-0.3,0.15,0.0,45.0,0.0,0,204.232,700,26.64,-1
0.2,-0.3,0.25,0.0,45.0,0.0,0,123.21,700,26.68,-1
0.2,-0.3,0.35,0.0,45.0,0.0,0,65.877,700,26.61,-1
0.2,-0.3,0.45,0.0,45.0,0.0,0,23.902,700,26.67,-1
0.2,-0.3,0.55,0.0,45.0,0.0,1,0.306,17,0.68,0
0.2,-0.3,0.65,0.0,45.0,0.0,1,2.478,8,0.32,0
0.2,-0.3,0.75,0.0,45.0,0.0,1,0.815,7,0.3,0
0.2,-0.3,0.85,0.0,45.0,0.0,1,1.291,8,0.31,0
0.2,-0.3,0.95,0.0,45.0,0.0,1,0.747,6,0.24,0
0.2,-0.2,0.05,0.0,45.0,0.0,0,284.155,700,26.67,-1
0.2,-0.2,0.15,0.0,45.0,0.0,0,196.502,700,26.88,-1
0.2,-0.2,0.25,0.0,45.0,0.0,0,113.359,700,26.57,-1
0.2,-0.2,0.35,0.0,45.0,0.0,0,68.652,700,26.67,-1
0.2,-0.2,0.45,0.0,45.0,0.0,0,25.171,700,27.37,-1
0.2,-0.2,0.55,0.0,45.0,0.0,1,1.021,15,0.61,0
0.2,-0.2,0.65,0.0,45.0,0.0,1,2.193,110,4.2,1
0.2,-0.2,0.75,0.0,45.0,0.0,1,1.861,411,15.66,4
0.2,-0.2,0.85,0.0,45.0,0.0,1,0.624,6,0.25,0
0.2,-0.2,0.95,0.0,45.0,0.0,1,0.709,211,8.42,2
0.2,-0.1,0.05,0.0,45.0,0.0,0,286.048,700,27.59,-1
0.2,-0.1,0.15,0.0,45.0,0.0,0,198.692,700,27.69,-1
0.2,-0.1,0.25,0.0,45.0,0.0,0,114.122,700,27.46,-1
0.2,-0.1,0.35,0.0,45.0,0.0,0,69.005,700,27.2,-1
0.2,-0.1,0.45,0.0,45.0,0.0,0,34.612,700,27.89,-1
0.2,-0.1,0.55,0.0,45.0,0.0,0,70.892,700,26.74,-1
0.2,-0.1,0.65,0.0,45.0,0.0,0,63.625,700,26.54,-1
0.2,-0.1,0.75,0.0,45.0,0.0,1,9.463,300,11.4,2
0.2,-0.1,0.85,0.0,45.0,0.0,0,69.43,700,27.23,-1
0.2,-0.1,0.95,0.0,45.0,0.0,1,2.402,109,4.42,1
0.3,-0.7,0.05,0.0,45.0,0.0,0,466.791,700,27.74,-1
0.3,-0.7,0.15,0.0,45.0,0.0,0,398.32,700,27.36,-1
0.3,-0.7,0.25,0.0,45.0,0.0,0,335.624,700,27.54,-1
0.3,-0.7,0.35,0.0,45.0,0.0,0,431.319,700,27.24,-1
0.3,-0.7,0.45,0.0,45.0,0.0,0,290.127,700,27.15,-1
0.3,-0.7,0.55,0.0,45.0,0.0,0,210.742,700,26.88,-1
0.3,-0.7,0.65,0.0,45.0,0.0,0,199.929,700,27.15,-1
0.3,-0.7,0.75,0.0,45.0,0.0,0,205.413,700,27.47,-1
0.3,-0.7,0.85,0.0,45.0,0.0,0,239.142,700,27.47,-1
0.3,-0.7,0.95,0.0,45.0,0.0,0,247.371,700,27.25,-1
0.3,-0.6,0.05,0.0,45.0,0.0,0,417.8,700,27.12,-1
0.3,-0.6,0.15,0.0,45.0,0.0,0,336.875,700,27.34,-1
0.3,-0.6,0.25,0.0,45.0,0.0,0,266.188,700,26.97,-1
0.3,-0.6,0.35,0.0,45.0,0.0,0,204.771,700,26.52,-1
0.3,-0.6,0.45,0.0,45.0,0.0,0,156.926,700,26.73,-1
0.3,-0.6,0.55,0.0,45.0,0.0,0,124.651,700,27.44,-1
0.3,-0.6,0.65,0.0,45.0,0.0,0,109.039,700,27.7,-1
0.3,-0.6,0.75,0.0,45.0,0.0,0,109.352,700,26.96,-1
0.3,-0.6,0.85,0.0,45.0,0.0,0,125.622,700,27.07,-1
0.3,-0.6,0.95,0.0,45.0,0.0,0,158.557,700,26.72,-1
0.3,-0.5,0.05,0.0,45.0,0.0,0,400.939,700,27.15,-1
0.3,-0.5,0.15,0.0,45.0,0.0,0,285.786,700,27.05,-1
0.3,-0.5,0.25,0.0,45.0,0.0,0,208.972,700,26.55,-1
0.3,-0.5,0.35,0.0,45.0,0.0,0,140.111,700,26.49,-1
0.3,-0.5,0.45,0.0,45.0,0.0,0,85.123,700,25.92,-1
0.3,-0.5,0.55,0.0,45.0,0.0,0,45.902,700,26.41,-1
0.3,-0.5,0.65,0.0,45.0,0.0,0,25.673,700,26.8,-1
0.3,-0.5,0.75,0.0,45.0,0.0,0,26.081,700,26.24,-1
0.3,-0.5,0.85,0.0,45.0,0.0,0,47.062,700,25.78,-1
0.3,-0.5,0.95,0.0,45.0,0.0,0,160.579,700,25.54,-1
0.3,-0.4,0.05,0.0,45.0,0.0,0,324.851,700,26.79,-1
0.3,-0.4,0.15,0.0,45.0,0.0,0,246.56,700,26.61,-1
0.3,-0.4,0.25,0.0,45.0,0.0,0,163.854,700,26.48,-1
0.3,-0.4,0.35,0.0,45.0,0.0,0,86.979,700,26.55,-1
0.3,-0.4,0.45,0.0,45.0,0.0,0,24.728,700,26.01,-1
0.3,-0.4,0.55,0.0,45.0,0.0,1,1.423,7,0.29,0
0.3,-0.4,0.65,0.0,45.0,0.0,1,0.698,9,0.36,0
0.3,-0.4,0.75,0.0,45.0,0.0,1,0.737,6,0.25,0
0.3,-0.4,0.85,0.0,45.0,0.0,1,2.143,10,0.39,0
0.3,-0.4,0.95,0.0,45.0,0.0,0,26.941,700,25.37,-1
0.3,-0.3,0.05,0.0,45.0,0.0,0,309.879,700,26.64,-1
0.3,-0.3,0.15,0.0,45.0,0.0,0,220.488,700,26.53,-1
0.3,-0.3,0.25,0.0,45.0,0.0,0,133.565,700,26.55,-1
0.3,-0.3,0.35,0.0,45.0,0.0,0,49.944,700,26.58,-1
0.3,-0.3,0.45,0.0,45.0,0.0,1,1.769,6,0.25,0
0.3,-0.3,0.55,0.0,45.0,0.0,1,0.195,7,0.29,0
0.3,-0.3,0.65,0.0,45.0,0.0,1,1.755,18,0.7,0
0.3,-0.3,0.75,0.0,45.0,0.0,1,1.562,11,0.43,0
0.3,-0.3,0.85,0.0,45.0,0.0,1,2.015,9,0.35,0
0.3,-0.3,0.95,0.0,45.0,0.0,1,2.737,6,0.24,0
0.3,-0.2,0.05,0.0,45.0,0.0,0,299.202,700,26.71,-1
0.3,-0.2,0.15,0.0,45.0,0.0,0,208.325,700,26.59,-1
0.3,-0.2,0.25,0.0,45.0,0.0,0,119.403,700,26.61,-1
0.3,-0.2,0.35,0.0,45.0,0.0,0,32.503,700,26.6,-1
0.3,-0.2,0.45,0.0,45.0,0.0,1,1.54,6,0.25,0
0.3,-0.2,0.55,0.0,45.0,0.0,1,0.146,6,0.25,0
0.3,-0.2,0.65,0.0,45.0,0.0,1,1.473,15,0.59,0
0.3,-0.2,0.75,0.0,45.0,0.0,1,0.407,8,0.33,0
0.3,-0.2,0.85,0.0,45.0,0.0,1,0.477,106,4.24,1
0.3,-0.2,0.95,0.0,45.0,0.0,1,0.938,9,0.37,0
0.3,-0.1,0.05,0.0,45.0,0.0,0,300.37,700,27.6,-1
0.3,-0.1,0.15,0.0,45.0,0.0,0,209.535,700,27.61,-1
0.3,-0.1,0.25,0.0,45.0,0.0,0,120.579,700,27.52,-1
0.3,-0.1,0.35,0.0,45.0,0.0,0,33.161,700,27.46,-1
0.3,-0.1,0.45,0.0,45.0,0.0,1,1.15,5,0.23,0
0.3,-0.1,0.55,0.0,45.0,0.0,0,11.249,700,27.01,-1
0.3,-0.1,0.65,0.0,45.0,0.0,0,34.099,700,26.57,-1
0.3,-0.1,0.75,0.0,45.0,0.0,1,2.029,228,8.87,2
0.3,-0.1,0.85,0.0,45.0,0.0,1,9.891,500,19.61,4
0.3,-0.1,0.95,0.0,45.0,0.0,1,0.951,207,8.24,2
0.4,-0.7,0.05,0.0,45.0,0.0,0,512.494,700,27.76,-1
0.4,-0.7,0.15,0.0,45.0,0.0,0,440.463,700,27.71,-1
0.4,-0.7,0.25,0.0,45.0,0.0,0,377.198,700,27.56,-1
0.4,-0.7,0.35,0.0,45.0,0.0,0,325.45,700,26.94,-1
0.4,-0.7,0.45,0.0,45.0,0.0,0,285.954,700,27.44,-1
0.4,-0.7,0.55,0.0,45.0,0.0,0,259.417,700,27.7,-1
0.4,-0.7,0.65,0.0,45.0,0.0,0,625.347,700,27.61,-1
0.4,-0.7,0.75,0.0,45.0,0.0,0,424.09,700,27.67,-1
0.4,-0.7,0.85,0.0,45.0,0.0,0,260.219,700,27.09,-1
0.4,-0.7,0.95,0.0,45.0,0.0,0,287.293,700,27.31,-1
0.4,-0.6,0.05,0.0,45.0,0.0,0,480.825,700,27.66,-1
0.4,-0.6,0.15,0.0,45.0,0.0,0,387.355,700,27.35,-1
0.4,-0.6,0.25,0.0,45.0,0.0,0,312.532,700,27.08,-1
0.4,-0.6,0.35,0.0,45.0,0.0,0,257.158,700,26.11,-1
0.4,-0.6,0.45,0.0,45.0,0.0,0,212.744,700,26.41,-1
0.4,-0.6,0.55,0.0,45.0,0.0,0,181.681,700,26.25,-1
0.4,-0.6,0.65,0.0,45.0,0.0,0,165.712,700,26.76,-1
0.4,-0.6,0.75,0.0,45.0,0.0,0,166.037,700,26.67,-1
0.4,-0.6,0.85,0.0,45.0,0.0,0,182.532,700,26.48,-1
0.4,-0.6,0.95,0.0,45.0,0.0,0,214.288,700,26.54,-1
0.4,-0.5,0.05,0.0,45.0,0.0,0,406.234,700,27.85,-1
0.4,-0.5,0.15,0.0,45.0,0.0,0,327.839,700,26.9,-1
0.4,-0.5,0.25,0.0,45.0,0.0,0,257.653,700,26.75,-1
0.4,-0.5,0.35,0.0,45.0,0.0,0,269.552,700,26.37,-1
0.4,-0.5,0.45,0.0,45.0,0.0,0,148.438,700,26.05,-1
0.4,-0.5,0.55,0.0,45.0,0.0,0,113.517,700,25.98,-1
0.4,-0.5,0.65,0.0,45.0,0.0,0,95.388,700,25.88,-1
0.4,-0.5,0.75,0.0,45.0,0.0,0,95.979,700,26.33,-1
0.4,-0.5,0.85,0.0,45.0,0.0,0,187.528,700,26.05,-1
0.4,-0.5,0.95,0.0,45.0,0.0,0,150.151,700,25.66,-1
0.4,-0.4,0.05,0.0,45.0,0.0,0,396.514,700,27.03,-1
0.4,-0.4,0.15,0.0,45.0,0.0,0,288.686,700,26.63,-1
0.4,-0.4,0.25,0.0,45.0,0.0,0,213.655,700,26.63,-1
0.4,-0.4,0.35,0.0,45.0,0.0,0,148.695,700,26.21,-1
0.4,-0.4,0.45,0.0,45.0,0.0,0,95.289,700,26.5,-1
0.4,-0.4,0.55,0.0,45.0,0.0,0,56.612,700,26.13,-1
0.4,-0.4,0.65,0.0,45.0,0.0,0,36.299,700,26.01,-1
0.4,-0.4,0.75,0.0,45.0,0.0,0,36.722,700,26.06,-1
0.4,-0.4,0.85,0.0,45.0,0.0,0,57.829,700,25.93,-1
0.4,-0.4,0.95,0.0,45.0,0.0,0,97.173,700,25.63,-1
0.4,-0.3,0.05,0.0,45.0,0.0,0,346.013,700,27.12,-1
0.4,-0.3,0.15,0.0,45.0,0.0,0,261.79,700,26.62,-1
0.4,-0.3,0.25,0.0,45.0,0.0,0,182.844,700,26.8,-1
0.4,-0.3,0.35,0.0,45.0,0.0,0,114.062,700,26.31,-1
0.4,-0.3,0.45,0.0,45.0,0.0,0,56.916,700,26.25,-1
0.4,-0.3,0.55,0.0,45.0,0.0,0,25.856,700,25.97,-1
0.4,-0.3,0.65,0.0,45.0,0.0,1,2.653,6,0.25,0
0.4,-0.3,0.75,0.0,45.0,0.0,1,2.735,6,0.26,0
0.4,-0.3,0.85,0.0,45.0,0.0,0,16.291,700,25.84,-1
0.4,-0.3,0.95,0.0,45.0,0.0,0,58.942,700,25.83,-1
0.4,-0.2,0.05,0.0,45.0,0.0,0,334.591,700,26.82,-1
0.4,-0.2,0.15,0.0,45.0,0.0,0,248.421,700,26.71,-1
0.4,-0.2,0.25,0.0,45.0,0.0,0,167.198,700,26.83,-1
0.4,-0.2,0.35,0.0,45.0,0.0,0,96.231,700,26.15,-1
0.4,-0.2,0.45,0.0,45.0,0.0,0,36.934,700,26.09,-1
0.4,-0.2,0.55,0.0,45.0,0.0,1,2.687,8,0.33,0
0.4,-0.2,0.65,0.0,45.0,0.0,1,1.272,5,0.21,0
0.4,-0.2,0.75,0.0,45.0,0.0,1,1.201,7,0.29,0
0.4,-0.2,0.85,0.0,45.0,0.0,1,3.083,100,3.71,0
0.4,-0.2,0.95,0.0,45.0,0.0,0,42.46,700,26.34,-1
0.4,-0.1,0.05,0.0,45.0,0.0,0,335.309,700,27.44,-1
0.4,-0.1,0.15,0.0,45.0,0.0,0,249.113,700,27.49,-1
0.4,-0.1,0.25,0.0,45.0,0.0,0,167.825,700,27.49,-1
0.4,-0.1,0.35,0.0,45.0,0.0,0,96.889,700,26.0,-1
0.4,-0.1,0.45,0.0,45.0,0.0,0,37.673,700,25.96,-1
0.4,-0.1,0.55,0.0,45.0,0.0,1,2.812,6,0.25,0
0.4,-0.1,0.65,0.0,45.0,0.0,1,1.355,108,4.13,1
0.4,-0.1,0.75,0.0,45.0,0.0,1,1.066,7,0.29,0
0.4,-0.1,0.85,0.0,45.0,0.0,1,3.257,100,3.71,0
0.4,-0.1,0.95,0.0,45.0,0.0,0,43.011,700,25.94,-1
0.5,-0.7,0.05,0.0,45.0,0.0,0,573.609,700,28.02,-1
0.5,-0.7,0.15,0.0,45.0,0.0,0,525.511,700,27.89,-1
0.5,-0.7,0.25,0.0,45.0,0.0,0,435.04,700,27.24,-1
0.5,-0.7,0.35,0.0,45.0,0.0,0,382.399,700,26.82,-1
0.5,-0.7,0.45,0.0,45.0,0.0,0,345.134,700,27.0,-1
0.5,-0.7,0.55,0.0,45.0,0.0,0,319.423,700,26.88,-1
0.5,-0.7,0.65,0.0,45.0,0.0,0,306.488,700,26.76,-1
0.5,-0.7,0.75,0.0,45.0,0.0,0,306.754,700,27.34,-1
0.5,-0.7,0.85,0.0,45.0,0.0,0,320.211,700,27.64,-1
0.5,-0.7,0.95,0.0,45.0,0.0,0,346.477,700,27.07,-1
0.5,-0.6,0.05,0.0,45.0,0.0,0,536.613,700,27.74,-1
0.5,-0.6,0.15,0.0,45.0,0.0,0,438.826,700,26.96,-1
0.5,-0.6,0.25,0.0,45.0,0.0,0,398.244,700,27.18,-1
0.5,-0.6,0.35,0.0,45.0,0.0,0,319.299,700,26.67,-1
0.5,-0.6,0.45,0.0,45.0,0.0,0,278.749,700,26.62,-1
0.5,-0.6,0.55,0.0,45.0,0.0,0,250.49,700,27.09,-1
0.5,-0.6,0.65,0.0,45.0,0.0,0,236.064,700,27.15,-1
0.5,-0.6,0.75,0.0,45.0,0.0,0,236.359,700,26.49,-1
0.5,-0.6,0.85,0.0,45.0,0.0,0,251.362,700,26.49,-1
0.5,-0.6,0.95,0.0,45.0,0.0,0,280.151,700,26.49,-1
0.5,-0.5,0.05,0.0,45.0,0.0,0,497.13,700,27.75,-1
0.5,-0.5,0.15,0.0,45.0,0.0,0,382.98,700,27.53,-1
0.5,-0.5,0.25,0.0,45.0,0.0,0,319.498,700,26.6,-1
0.5,-0.5,0.35,0.0,45.0,0.0,0,336.915,700,26.04,-1
0.5,-0.5,0.45,0.0,45.0,0.0,0,220.937,700,26.57,-1
0.5,-0.5,0.55,0.0,45.0,0.0,0,190.074,700,26.93,-1
0.5,-0.5,0.65,0.0,45.0,0.0,0,174.218,700,26.2,-1
0.5,-0.5,0.75,0.0,45.0,0.0,0,174.549,700,26.46,-1
0.5,-0.5,0.85,0.0,45.0,0.0,0,201.303,700,25.74,-1
0.5,-0.5,0.95,0.0,45.0,0.0,0,226.597,700,25.84,-1
0.5,-0.4,0.05,0.0,45.0,0.0,0,433.633,700,27.43,-1
0.5,-0.4,0.15,0.0,45.0,0.0,0,345.967,700,26.99,-1
0.5,-0.4,0.25,0.0,45.0,0.0,0,279.172,700,26.01,-1
0.5,-0.4,0.35,0.0,45.0,0.0,0,293.073,700,26.31,-1
0.5,-0.4,0.45,0.0,45.0,0.0,0,174.136,700,26.6,-1
0.5,-0.4,0.55,0.0,45.0,0.0,0,140.774,700,26.85,-1
0.5,-0.4,0.65,0.0,45.0,0.0,0,123.526,700,26.06,-1
0.5,-0.4,0.75,0.0,45.0,0.0,0,123.884,700,26.37,-1
0.5,-0.4,0.85,0.0,45.0,0.0,0,149.857,700,25.98,-1
0.5,-0.4,0.95,0.0,45.0,0.0,0,175.776,700,25.94,-1
0.5,-0.3,0.05,0.0,45.0,0.0,0,397.219,700,27.58,-1
0.5,-0.3,0.15,0.0,45.0,0.0,0,320.423,700,26.9,-1
0.5,-0.3,0.25,0.0,45.0,0.0,0,251.146,700,25.98,-1
0.5,-0.3,0.35,0.0,45.0,0.0,0,190.553,700,25.95,-1
0.5,-0.3,0.45,0.0,45.0,0.0,0,141.034,700,26.35,-1
0.5,-0.3,0.55,0.0,45.0,0.0,0,105.636,700,26.65,-1
0.5,-0.3,0.65,0.0,45.0,0.0,0,87.23,700,26.29,-1
0.5,-0.3,0.75,0.0,45.0,0.0,0,87.613,700,25.87,-1
0.5,-0.3,0.85,0.0,45.0,0.0,0,106.744,700,25.87,-1
0.5,-0.3,0.95,0.0,45.0,0.0,0,142.767,700,25.89,-1
0.5,-0.2,0.05,0.0,45.0,0.0,0,409.349,700,27.25,-1
0.5,-0.2,0.15,0.0,45.0,0.0,0,307.593,700,26.61,-1
0.5,-0.2,0.25,0.0,45.0,0.0,0,236.956,700,25.97,-1
0.5,-0.2,0.35,0.0,45.0,0.0,0,174.958,700,25.95,-1
0.5,-0.2,0.45,0.0,45.0,0.0,0,124.059,700,26.23,-1
0.5,-0.2,0.55,0.0,45.0,0.0,0,87.517,700,26.18,-1
0.5,-0.2,0.65,0.0,45.0,0.0,0,68.448,700,26.31,-1
0.5,-0.2,0.75,0.0,45.0,0.0,0,68.845,700,25.79,-1
0.5,-0.2,0.85,0.0,45.0,0.0,0,88.664,700,25.83,-1
0.5,-0.2,0.95,0.0,45.0,0.0,0,125.846,700,25.87,-1
0.5,-0.1,0.05,0.0,45.0,0.0,0,385.803,700,27.2,-1
0.5,-0.1,0.15,0.0,45.0,0.0,0,308.083,700,27.49,-1
0.5,-0.1,0.25,0.0,45.0,0.0,0,237.476,700,26.11,-1
0.5,-0.1,0.35,0.0,45.0,0.0,0,175.531,700,26.21,-1
0.5,-0.1,0.45,0.0,45.0,0.0,0,124.687,700,26.15,-1
0.5,-0.1,0.55,0.0,45.0,0.0,0,88.186,700,26.23,-1
0.5,-0.1,0.65,0.0,45.0,0.0,0,69.146,700,26.05,-1
0.5,-0.1,0.75,0.0,45.0,0.0,0,69.543,700,26.05,-1
0.5,-0.1,0.85,0.0,45.0,0.0,0,89.331,700,26.18,-1
0.5,-0.1,0.95,0.0,45.0,0.0,0,126.47,700,25.97,-1
0.6,-0.7,0.05,0.0,45.0,0.0,0,652.154,700,28.0,-1
0.6,-0.7,0.15,0.0,45.0,0.0,0,579.397,700,27.9,-1
0.6,-0.7,0.25,0.0,45.0,0.0,0,511.914,700,27.74,-1
0.6,-0.7,0.35,0.0,45.0,0.0,0,628.228,700,27.35,-1
0.6,-0.7,0.45,0.0,45.0,0.0,0,414.579,700,27.64,-1
0.6,-0.7,0.55,0.0,45.0,0.0,0,388.975,700,27.16,-1
0.6,-0.7,0.65,0.0,45.0,0.0,0,377.004,700,26.89,-1
0.6,-0.7,0.75,0.0,45.0,0.0,0,377.25,700,27.13,-1
0.6,-0.7,0.85,0.0,45.0,0.0,0,390.706,700,27.18,-1
0.6,-0.7,0.95,0.0,45.0,0.0,0,415.895,700,26.8,-1
0.6,-0.6,0.05,0.0,45.0,0.0,0,620.685,700,27.85,-1
0.6,-0.6,0.15,0.0,45.0,0.0,0,536.309,700,27.8,-1
0.6,-0.6,0.25,0.0,45.0,0.0,0,471.606,700,27.27,-1
0.6,-0.6,0.35,0.0,45.0,0.0,0,398.95,700,27.31,-1
0.6,-0.6,0.45,0.0,45.0,0.0,0,351.952,700,26.75,-1
0.6,-0.6,0.55,0.0,45.0,0.0,0,326.409,700,26.53,-1
0.6,-0.6,0.65,0.0,45.0,0.0,0,313.444,700,27.02,-1
0.6,-0.6,0.75,0.0,45.0,0.0,0,313.717,700,26.76,-1
0.6,-0.6,0.85,0.0,45.0,0.0,0,327.205,700,26.29,-1
0.6,-0.6,0.95,0.0,45.0,0.0,0,353.327,700,26.94,-1
0.6,-0.5,0.05,0.0,45.0,0.0,0,607.098,700,27.98,-1
0.6,-0.5,0.15,0.0,45.0,0.0,0,543.832,700,27.68,-1
0.6,-0.5,0.25,0.0,45.0,0.0,0,415.257,700,27.12,-1
0.6,-0.5,0.35,0.0,45.0,0.0,0,339.349,700,26.55,-1
0.6,-0.5,0.45,0.0,45.0,0.0,0,299.916,700,27.37,-1
0.6,-0.5,0.55,0.0,45.0,0.0,0,272.498,700,27.1,-1
0.6,-0.5,0.65,0.0,45.0,0.0,0,258.528,700,26.72,-1
0.6,-0.5,0.75,0.0,45.0,0.0,0,258.814,700,26.09,-1
0.6,-0.5,0.85,0.0,45.0,0.0,0,326.629,700,26.77,-1
0.6,-0.5,0.95,0.0,45.0,0.0,0,301.27,700,26.4,-1
0.6,-0.4,0.05,0.0,45.0,0.0,0,556.57,700,27.75,-1
0.6,-0.4,0.15,0.0,45.0,0.0,0,498.887,700,27.47,-1
0.6,-0.4,0.25,0.0,45.0,0.0,0,352.392,700,26.28,-1
0.6,-0.4,0.35,0.0,45.0,0.0,0,300.116,700,27.02,-1
0.6,-0.4,0.45,0.0,45.0,0.0,0,258.456,700,27.1,-1
0.6,-0.4,0.55,0.0,45.0,0.0,0,229.334,700,26.43,-1
0.6,-0.4,0.65,0.0,45.0,0.0,0,214.438,700,26.11,-1
0.6,-0.4,0.75,0.0,45.0,0.0,0,286.728,700,26.45,-1
0.6,-0.4,0.85,0.0,45.0,0.0,0,230.236,700,26.57,-1
0.6,-0.4,0.95,0.0,45.0,0.0,0,259.893,700,26.13,-1
0.6,-0.3,0.05,0.0,45.0,0.0,0,560.809,700,27.58,-1
0.6,-0.3,0.15,0.0,45.0,0.0,0,389.723,700,26.81,-1
0.6,-0.3,0.25,0.0,45.0,0.0,0,326.998,700,26.15,-1
0.6,-0.3,0.35,0.0,45.0,0.0,0,272.922,700,26.59,-1
0.6,-0.3,0.45,0.0,45.0,0.0,0,229.559,700,26.17,-1
0.6,-0.3,0.55,0.0,45.0,0.0,0,199.113,700,26.33,-1
0.6,-0.3,0.65,0.0,45.0,0.0,0,183.491,700,26.53,-1
0.6,-0.3,0.75,0.0,45.0,0.0,0,183.812,700,26.22,-1
0.6,-0.3,0.85,0.0,45.0,0.0,0,200.058,700,25.83,-1
0.6,-0.3,0.95,0.0,45.0,0.0,0,232.97,700,26.06,-1
0.6,-0.2,0.05,0.0,45.0,0.0,0,497.269,700,27.23,-1
0.6,-0.2,0.15,0.0,45.0,0.0,0,377.922,700,26.68,-1
0.6,-0.2,0.25,0.0,45.0,0.0,0,314.253,700,26.12,-1
0.6,-0.2,0.35,0.0,45.0,0.0,0,259.177,700,25.98,-1
0.6,-0.2,0.45,0.0,45.0,0.0,0,214.896,700,26.52,-1
0.6,-0.2,0.55,0.0,45.0,0.0,0,183.733,700,26.72,-1
0.6,-0.2,0.65,0.0,45.0,0.0,0,181.775,700,26.23,-1
0.6,-0.2,0.75,0.0,45.0,0.0,0,168.045,700,26.38,-1
0.6,-0.2,0.85,0.0,45.0,0.0,0,184.699,700,26.01,-1
0.6,-0.2,0.95,0.0,45.0,0.0,0,216.435,700,25.95,-1
0.6,-0.1,0.05,0.0,45.0,0.0,0,454.403,700,27.61,-1
0.6,-0.1,0.15,0.0,45.0,0.0,0,384.909,700,26.55,-1
0.6,-0.1,0.25,0.0,45.0,0.0,0,314.72,700,25.89,-1
0.6,-0.1,0.35,0.0,45.0,0.0,0,259.681,700,26.15,-1
0.6,-0.1,0.45,0.0,45.0,0.0,0,215.434,700,26.57,-1
0.6,-0.1,0.55,0.0,45.0,0.0,0,184.298,700,26.16,-1
0.6,-0.1,0.65,0.0,45.0,0.0,0,168.293,700,26.27,-1
0.6,-0.1,0.75,0.0,45.0,0.0,0,168.624,700,25.89,-1
0.6,-0.1,0.85,0.0,45.0,0.0,0,256.809,700,26.26,-1
0.6,-0.1,0.95,0.0,45.0,0.0,0,216.971,700,26.08,-1
0.7,-0.7,0.05,0.0,45.0,0.0,0,754.65,700,27.61,-1
0.7,-0.7,0.15,0.0,45.0,0.0,0,683.215,700,27.78,-1
0.7,-0.7,0.25,0.0,45.0,0.0,0,607.48,700,27.83,-1
0.7,-0.7,0.35,0.0,45.0,0.0,0,606.294,700,27.59,-1
0.7,-0.7,0.45,0.0,45.0,0.0,0,584.607,700,27.6,-1
0.7,-0.7,0.55,0.0,45.0,0.0,0,511.135,700,27.81,-1
0.7,-0.7,0.65,0.0,45.0,0.0,0,485.67,700,27.23,-1
0.7,-0.7,0.75,0.0,45.0,0.0,0,698.859,700,27.51,-1
0.7,-0.7,0.85,0.0,45.0,0.0,0,607.27,700,27.4,-1
0.7,-0.7,0.95,0.0,45.0,0.0,0,655.062,700,27.48,-1
0.7,-0.6,0.05,0.0,45.0,0.0,0,726.712,700,27.56,-1
0.7,-0.6,0.15,0.0,45.0,0.0,0,647.794,700,27.61,-1
0.7,-0.6,0.25,0.0,45.0,0.0,0,569.335,700,27.36,-1
0.7,-0.6,0.35,0.0,45.0,0.0,0,550.63,700,28.04,-1
0.7,-0.6,0.45,0.0,45.0,0.0,0,588.498,700,27.61,-1
0.7,-0.6,0.55,0.0,45.0,0.0,0,423.577,700,27.29,-1
0.7,-0.6,0.65,0.0,45.0,0.0,0,395.794,700,26.86,-1
0.7,-0.6,0.75,0.0,45.0,0.0,0,407.085,700,26.72,-1
0.7,-0.6,0.85,0.0,45.0,0.0,0,428.585,700,26.59,-1
0.7,-0.6,0.95,0.0,45.0,0.0,0,468.772,700,27.6,-1
0.7,-0.5,0.05,0.0,45.0,0.0,0,672.596,700,27.77,-1
0.7,-0.5,0.15,0.0,45.0,0.0,0,620.737,700,27.5,-1
0.7,-0.5,0.25,0.0,45.0,0.0,0,565.919,700,27.62,-1
0.7,-0.5,0.35,0.0,45.0,0.0,0,435.976,700,27.02,-1
0.7,-0.5,0.45,0.0,45.0,0.0,0,420.003,700,27.29,-1
0.7,-0.5,0.55,0.0,45.0,0.0,0,359.788,700,26.81,-1
0.7,-0.5,0.65,0.0,45.0,0.0,0,418.61,700,26.95,-1
0.7,-0.5,0.75,0.0,45.0,0.0,0,400.437,700,26.95,-1
0.7,-0.5,0.85,0.0,45.0,0.0,0,411.278,700,26.89,-1
0.7,-0.5,0.95,0.0,45.0,0.0,0,410.582,700,27.23,-1
0.7,-0.4,0.05,0.0,45.0,0.0,0,617.516,700,27.75,-1
0.7,-0.4,0.15,0.0,45.0,0.0,0,567.433,700,27.5,-1
0.7,-0.4,0.25,0.0,45.0,0.0,0,457.701,700,27.17,-1
0.7,-0.4,0.35,0.0,45.0,0.0,0,383.775,700,27.17,-1
0.7,-0.4,0.45,0.0,45.0,0.0,0,346.474,700,27.12,-1
0.7,-0.4,0.55,0.0,45.0,0.0,0,320.747,700,26.81,-1
0.7,-0.4,0.65,0.0,45.0,0.0,0,307.69,700,27.09,-1
0.7,-0.4,0.75,0.0,45.0,0.0,0,307.959,700,26.32,-1
0.7,-0.4,0.85,0.0,45.0,0.0,0,393.475,700,26.87,-1
0.7,-0.4,0.95,0.0,45.0,0.0,0,347.752,700,26.73,-1
0.7,-0.3,0.05,0.0,45.0,0.0,0,571.355,700,27.27,-1
0.7,-0.3,0.15,0.0,45.0,0.0,0,514.623,700,26.83,-1
0.7,-0.3,0.25,0.0,45.0,0.0,0,478.984,700,27.01,-1
0.7,-0.3,0.35,0.0,45.0,0.0,0,359.34,700,26.31,-1
0.7,-0.3,0.45,0.0,45.0,0.0,0,320.955,700,26.57,-1
0.7,-0.3,0.55,0.0,45.0,0.0,0,294.324,700,26.77,-1
0.7,-0.3,0.65,0.0,45.0,0.0,0,280.779,700,26.61,-1
0.7,-0.3,0.75,0.0,45.0,0.0,0,281.058,700,26.17,-1
0.7,-0.3,0.85,0.0,45.0,0.0,0,295.146,700,26.11,-1
0.7,-0.3,0.95,0.0,45.0,0.0,0,322.276,700,27.12,-1
0.7,-0.2,0.05,0.0,45.0,0.0,0,540.141,700,26.93,-1
0.7,-0.2,0.15,0.0,45.0,0.0,0,470.122,700,26.88,-1
0.7,-0.2,0.25,0.0,45.0,0.0,0,445.15,700,26.58,-1
0.7,-0.2,0.35,0.0,45.0,0.0,0,347.17,700,26.3,-1
0.7,-0.2,0.45,0.0,45.0,0.0,0,308.095,700,26.47,-1
0.7,-0.2,0.55,0.0,45.0,0.0,0,280.984,700,26.67,-1
0.7,-0.2,0.65,0.0,45.0,0.0,0,304.645,700,26.89,-1
0.7,-0.2,0.75,0.0,45.0,0.0,0,267.471,700,26.12,-1
0.7,-0.2,0.85,0.0,45.0,0.0,0,281.821,700,26.48,-1
0.7,-0.2,0.95,0.0,45.0,0.0,0,309.439,700,26.51,-1
0.7,-0.1,0.05,0.0,45.0,0.0,0,526.29,700,27.25,-1
0.7,-0.1,0.15,0.0,45.0,0.0,0,470.626,700,27.03,-1
0.7,-0.1,0.25,0.0,45.0,0.0,0,434.748,700,26.91,-1
0.7,-0.1,0.35,0.0,45.0,0.0,0,347.617,700,26.36,-1
0.7,-0.1,0.45,0.0,45.0,0.0,0,308.558,700,26.78,-1
0.7,-0.1,0.55,0.0,45.0,0.0,0,281.477,700,26.53,-1
0.7,-0.1,0.65,0.0,45.0,0.0,0,267.685,700,26.74,-1
0.7,-0.1,0.75,0.0,45.0,0.0,0,339.51,700,25.95,-1
0.7,-0.1,0.85,0.0,45.0,0.0,0,282.313,700,26.01,-1
0.7,-0.1,0.95,0.0,45.0,0.0,0,309.909,700,26.04,-1
-0.2,-0.7,0.05,0.0,-45.0,0.0,0,446.13,700,27.54,-1
-0.2,-0.7,0.15,0.0,-45.0,0.0,0,371.727,700,27.3,-1
-0.2,-0.7,0.25,0.0,-45.0,0.0,0,306.508,700,27.15,-1
-0.2,-0.7,0.35,0.0,-45.0,0.0,0,249.982,700,27.31,-1
-0.2,-0.7,0.45,0.0,-45.0,0.0,0,209.574,700,27.32,-1
-0.2,-0.7,0.55,0.0,-45.0,0.0,0,172.97,700,27.07,-1
-0.2,-0.7,0.65,0.0,-45.0,0.0,0,166.977,700,27.25,-1
-0.2,-0.7,0.75,0.0,-45.0,0.0,0,165.793,700,27.26,-1
-0.2,-0.7,0.85,0.0,-45.0,0.0,0,172.382,700,27.31,-1
-0.2,-0.7,0.95,0.0,-45.0,0.0,0,217.222,700,27.66,-1
-0.2,-0.6,0.05,0.0,-45.0,0.0,0,398.009,700,27.57,-1
-0.2,-0.6,0.15,0.0,-45.0,0.0,0,311.023,700,26.96,-1
-0.2,-0.6,0.25,0.0,-45.0,0.0,0,237.445,700,27.24,-1
-0.2,-0.6,0.35,0.0,-45.0,0.0,0,172.228,700,27.23,-1
-0.2,-0.6,0.45,0.0,-45.0,0.0,0,116.942,700,27.32,-1
-0.2,-0.6,0.55,0.0,-45.0,0.0,0,82.306,700,26.89,-1
-0.2,-0.6,0.65,0.0,-45.0,0.0,0,71.9,700,26.54,-1
-0.2,-0.6,0.75,0.0,-45.0,0.0,0,71.104,700,26.55,-1
-0.2,-0.6,0.85,0.0,-45.0,0.0,0,85.554,700,27.12,-1
-0.2,-0.6,0.95,0.0,-45.0,0.0,0,154.953,700,27.66,-1
-0.2,-0.5,0.05,0.0,-45.0,0.0,0,352.72,700,27.35,-1
-0.2,-0.5,0.15,0.0,-45.0,0.0,0,256.297,700,27.01,-1
-0.2,-0.5,0.25,0.0,-45.0,0.0,0,178.406,700,27.0,-1
-0.2,-0.5,0.35,0.0,-45.0,0.0,0,106.719,700,26.95,-1
-0.2,-0.5,0.45,0.0,-45.0,0.0,0,41.439,700,27.25,-1
-0.2,-0.5,0.55,0.0,-45.0,0.0,1,2.223,525,20.06,5
-0.2,-0.5,0.65,0.0,-45.0,0.0,1,2.796,107,4.09,1
-0.2,-0.5,0.75,0.0,-45.0,0.0,1,2.19,7,0.29,0
-0.2,-0.5,0.85,0.0,-45.0,0.0,1,3.112,100,3.72,0
-0.2,-0.5,0.95,0.0,-45.0,0.0,0,37.581,700,26.08,-1
-0.2,-0.4,0.05,0.0,-45.0,0.0,0,303.4,700,27.73,-1
-0.2,-0.4,0.15,0.0,-45.0,0.0,0,215.156,700,27.51,-1
-0.2,-0.4,0.25,0.0,-45.0,0.0,0,133.409,700,27.04,-1
-0.2,-0.4,0.35,0.0,-45.0,0.0,0,61.639,700,27.71,-1
-0.2,-0.4,0.45,0.0,-45.0,0.0,0,35.325,700,27.29,-1
-0.2,-0.4,0.55,0.0,-45.0,0.0,0,172.841,700,27.2,-1
-0.2,-0.4,0.65,0.0,-45.0,0.0,0,149.305,700,27.11,-1
-0.2,-0.4,0.75,0.0,-45.0,0.0,1,2.316,307,12.01,3
-0.2,-0.4,0.85,0.0,-45.0,0.0,1,1.461,7,0.3,0
-0.2,-0.4,0.95,0.0,-45.0,0.0,1,2.597,8,0.33,0
-0.2,-0.3,0.05,0.0,-45.0,0.0,0,279.673,700,27.73,-1
-0.2,-0.3,0.15,0.0,-45.0,0.0,0,189.75,700,27.71,-1
-0.2,-0.3,0.25,0.0,-45.0,0.0,0,107.658,700,27.64,-1
-0.2,-0.3,0.35,0.0,-45.0,0.0,1,4.853,600,22.92,5
-0.2,-0.3,0.45,0.0,-45.0,0.0,0,25.018,700,27.18,-1
-0.2,-0.3,0.55,0.0,-45.0,0.0,0,169.016,700,27.27,-1
-0.2,-0.3,0.65,0.0,-45.0,0.0,1,2.969,306,11.99,3
-0.2,-0.3,0.75,0.0,-45.0,0.0,1,1.051,307,11.99,3
-0.2,-0.3,0.85,0.0,-45.0,0.0,1,0.738,110,4.3,1
-0.2,-0.3,0.95,0.0,-45.0,0.0,1,0.951,6,0.25,0
-0.2,-0.2,0.05,0.0,-45.0,0.0,0,275.119,700,27.91,-1
-0.2,-0.2,0.15,0.0,-45.0,0.0,0,202.907,700,27.45,-1
-0.2,-0.2,0.25,0.0,-45.0,0.0,0,109.156,700,27.4,-1
-0.2,-0.2,0.35,0.0,-45.0,0.0,1,1.29,511,20.0,5
-0.2,-0.2,0.45,0.0,-45.0,0.0,0,265.741,700,27.42,-1
-0.2,-0.2,0.55,0.0,-45.0,0.0,0,189.961,700,28.41,-1
-0.2,-0.2,0.65,0.0,-45.0,0.0,0,166.009,700,28.79,-1
-0.2,-0.2,0.75,0.0,-45.0,0.0,0,194.351,700,28.71,-1
-0.2,-0.2,0.85,0.0,-45.0,0.0,1,2.82,18,0.73,0
-0.2,-0.2,0.95,0.0,-45.0,0.0,1,1.576,8,0.33,0
-0.2,-0.1,0.05,0.0,-45.0,0.0,0,280.14,700,27.7,-1
-0.2,-0.1,0.15,0.0,-45.0,0.0,0,191.45,700,28.02,-1
-0.2,-0.1,0.25,0.0,-45.0,0.0,0,71.43,700,27.7,-1
-0.2,-0.1,0.35,0.0,-45.0,0.0,1,1.652,312,12.49,3
-0.2,-0.1,0.45,0.0,-45.0,0.0,0,314.873,700,28.2,-1
-0.2,-0.1,0.55,0.0,-45.0,0.0,0,249.475,700,28.62,-1
-0.2,-0.1,0.65,0.0,-45.0,0.0,0,229.896,700,28.61,-1
-0.2,-0.1,0.75,0.0,-45.0,0.0,0,251.984,700,28.78,-1
-0.2,-0.1,0.85,0.0,-45.0,0.0,1,1.317,17,0.69,0
-0.2,-0.1,0.95,0.0,-45.0,0.0,1,1.312,11,0.45,0
-0.1,-0.7,0.05,0.0,-45.0,0.0,0,431.314,700,27.69,-1
-0.1,-0.7,0.15,0.0,-45.0,0.0,0,361.753,700,27.62,-1
-0.1,-0.7,0.25,0.0,-45.0,0.0,0,297.388,700,27.21,-1
-0.1,-0.7,0.35,0.0,-45.0,0.0,0,242.155,700,27.29,-1
-0.1,-0.7,0.45,0.0,-45.0,0.0,0,204.152,700,27.27,-1
-0.1,-0.7,0.55,0.0,-45.0,0.0,0,179.739,700,27.9,-1
-0.1,-0.7,0.65,0.0,-45.0,0.0,0,162.891,700,26.9,-1
-0.1,-0.7,0.75,0.0,-45.0,0.0,0,162.797,700,26.49,-1
-0.1,-0.7,0.85,0.0,-45.0,0.0,0,163.893,700,27.55,-1
-0.1,-0.7,0.95,0.0,-45.0,0.0,0,186.192,700,27.67,-1
-0.1,-0.6,0.05,0.0,-45.0,0.0,0,380.576,700,27.16,-1
-0.1,-0.6,0.15,0.0,-45.0,0.0,0,297.752,700,27.34,-1
-0.1,-0.6,0.25,0.0,-45.0,0.0,0,230.666,700,27.71,-1
-0.1,-0.6,0.35,0.0,-45.0,0.0,0,168.682,700,27.38,-1
-0.1,-0.6,0.45,0.0,-45.0,0.0,0,126.065,700,27.1,-1
-0.1,-0.6,0.55,0.0,-45.0,0.0,0,72.149,700,27.45,-1
-0.1,-0.6,0.65,0.0,-45.0,0.0,0,70.319,700,26.63,-1
-0.1,-0.6,0.75,0.0,-45.0,0.0,0,70.105,700,26.62,-1
-0.1,-0.6,0.85,0.0,-45.0,0.0,0,70.224,700,26.19,-1
-0.1,-0.6,0.95,0.0,-45.0,0.0,0,95.009,700,27.36,-1
-0.1,-0.5,0.05,0.0,-45.0,0.0,0,348.664,700,28.03,-1
-0.1,-0.5,0.15,0.0,-45.0,0.0,0,248.215,700,27.01,-1
-0.1,-0.5,0.25,0.0,-45.0,0.0,0,161.603,700,27.65,-1
-0.1,-0.5,0.35,0.0,-45.0,0.0,0,115.802,700,27.28,-1
-0.1,-0.5,0.45,0.0,-45.0,0.0,0,78.139,700,26.83,-1
-0.1,-0.5,0.55,0.0,-45.0,0.0,0,194.337,700,26.57,-1
-0.1,-0.5,0.65,0.0,-45.0,0.0,1,2.104,69,2.62,0
-0.1,-0.5,0.75,0.0,-45.0,0.0,1,1.537,7,0.31,0
-0.1,-0.5,0.85,0.0,-45.0,0.0,1,2.549,7,0.29,0
-0.1,-0.5,0.95,0.0,-45.0,0.0,0,10.111,700,26.02,-1
-0.1,-0.4,0.05,0.0,-45.0,0.0,0,295.798,700,27.75,-1
-0.1,-0.4,0.15,0.0,-45.0,0.0,0,209.368,700,27.45,-1
-0.1,-0.4,0.25,0.0,-45.0,0.0,0,148.196,700,28.07,-1
-0.1,-0.4,0.35,0.0,-45.0,0.0,0,97.44,700,27.31,-1
-0.1,-0.4,0.45,0.0,-45.0,0.0,0,103.403,700,27.04,-1
-0.1,-0.4,0.55,0.0,-45.0,0.0,0,146.352,700,26.73,-1
-0.1,-0.4,0.65,0.0,-45.0,0.0,0,59.677,700,27.33,-1
-0.1,-0.4,0.75,0.0,-45.0,0.0,1,1.031,8,0.33,0
-0.1,-0.4,0.85,0.0,-45.0,0.0,1,1.191,8,0.34,0
-0.1,-0.4,0.95,0.0,-45.0,0.0,1,2.288,7,0.28,0
-0.1,-0.3,0.05,0.0,-45.0,0.0,0,271.898,700,27.72,-1
-0.1,-0.3,0.15,0.0,-45.0,0.0,0,188.782,700,27.75,-1
-0.1,-0.3,0.25,0.0,-45.0,0.0,0,138.494,700,27.38,-1
-0.1,-0.3,0.35,0.0,-45.0,0.0,0,96.584,700,27.29,-1
-0.1,-0.3,0.45,0.0,-45.0,0.0,0,200.054,700,27.33,-1
-0.1,-0.3,0.55,0.0,-45.0,0.0,0,116.045,700,27.03,-1
-0.1,-0.3,0.65,0.0,-45.0,0.0,0,49.797,700,27.22,-1
-0.1,-0.3,0.75,0.0,-45.0,0.0,1,1.209,8,0.35,0
-0.1,-0.3,0.85,0.0,-45.0,0.0,1,0.448,7,0.29,0
-0.1,-0.3,0.95,0.0,-45.0,0.0,1,1.606,5,0.21,0
-0.1,-0.2,0.05,0.0,-45.0,0.0,0,277.037,700,28.23,-1
-0.1,-0.2,0.15,0.0,-45.0,0.0,0,190.717,700,27.44,-1
-0.1,-0.2,0.25,0.0,-45.0,0.0,0,146.184,700,27.35,-1
-0.1,-0.2,0.35,0.0,-45.0,0.0,1,1.945,89,3.5,0
-0.1,-0.2,0.45,0.0,-45.0,0.0,1,1.741,511,20.2,5
-0.1,-0.2,0.55,0.0,-45.0,0.0,0,136.795,700,28.63,-1
-0.1,-0.2,0.65,0.0,-45.0,0.0,0,97.785,700,28.62,-1
-0.1,-0.2,0.75,0.0,-45.0,0.0,0,28.699,700,27.72,-1
-0.1,-0.2,0.85,0.0,-45.0,0.0,1,2.411,9,0.39,0
-0.1,-0.2,0.95,0.0,-45.0,0.0,1,0.633,7,0.29,0
-0.1,-0.1,0.05,0.0,-45.0,0.0,0,282.075,700,27.82,-1
-0.1,-0.1,0.15,0.0,-45.0,0.0,0,206.567,700,28.04,-1
-0.1,-0.1,0.25,0.0,-45.0,0.0,0,154.434,700,27.89,-1
-0.1,-0.1,0.35,0.0,-45.0,0.0,1,1.767,317,12.66,3
-0.1,-0.1,0.45,0.0,-45.0,0.0,1,1.765,314,12.47,3
-0.1,-0.1,0.55,0.0,-45.0,0.0,0,209.127,700,28.66,-1
-0.1,-0.1,0.65,0.0,-45.0,0.0,0,188.83,700,28.64,-1
-0.1,-0.1,0.75,0.0,-45.0,0.0,0,116.075,700,27.77,-1
-0.1,-0.1,0.85,0.0,-45.0,0.0,1,1.916,14,0.56,0
-0.1,-0.1,0.95,0.0,-45.0,0.0,1,2.557,8,0.34,0
0.0,-0.7,0.05,0.0,-45.0,0.0,0,429.475,700,27.66,-1
0.0,-0.7,0.15,0.0,-45.0,0.0,0,367.244,700,27.83,-1
0.0,-0.7,0.25,0.0,-45.0,0.0,0,306.954,700,28.1,-1
0.0,-0.7,0.35,0.0,-45.0,0.0,0,256.243,700,27.24,-1
0.0,-0.7,0.45,0.0,-45.0,0.0,0,187.327,700,27.4,-1
0.0,-0.7,0.55,0.0,-45.0,0.0,0,180.215,700,27.62,-1
0.0,-0.7,0.65,0.0,-45.0,0.0,0,176.011,700,27.66,-1
0.0,-0.7,0.75,0.0,-45.0,0.0,0,169.325,700,26.89,-1
0.0,-0.7,0.85,0.0,-45.0,0.0,0,162.442,700,27.16,-1
0.0,-0.7,0.95,0.0,-45.0,0.0,0,174.527,700,27.41,-1
0.0,-0.6,0.05,0.0,-45.0,0.0,0,378.3,700,27.33,-1
0.0,-0.6,0.15,0.0,-45.0,0.0,0,300.457,700,27.35,-1
0.0,-0.6,0.25,0.0,-45.0,0.0,0,247.431,700,28.15,-1
0.0,-0.6,0.35,0.0,-45.0,0.0,0,193.632,700,27.23,-1
0.0,-0.6,0.45,0.0,-45.0,0.0,0,162.914,700,27.05,-1
0.0,-0.6,0.55,0.0,-45.0,0.0,0,104.9,700,27.02,-1
0.0,-0.6,0.65,0.0,-45.0,0.0,0,92.423,700,27.76,-1
0.0,-0.6,0.75,0.0,-45.0,0.0,0,80.985,700,26.56,-1
0.0,-0.6,0.85,0.0,-45.0,0.0,0,68.876,700,25.86,-1
0.0,-0.6,0.95,0.0,-45.0,0.0,0,85.606,700,26.93,-1
0.0,-0.5,0.05,0.0,-45.0,0.0,0,346.571,700,27.56,-1
0.0,-0.5,0.15,0.0,-45.0,0.0,0,255.384,700,27.33,-1
0.0,-0.5,0.25,0.0,-45.0,0.0,0,201.922,700,28.06,-1
0.0,-0.5,0.35,0.0,-45.0,0.0,0,158.259,700,27.61,-1
0.0,-0.5,0.45,0.0,-45.0,0.0,0,139.848,700,26.72,-1
0.0,-0.5,0.55,0.0,-45.0,0.0,0,139.356,700,26.65,-1
0.0,-0.5,0.65,0.0,-45.0,0.0,0,64.868,700,26.55,-1
0.0,-0.5,0.75,0.0,-45.0,0.0,1,1.545,4,0.18,0
0.0,-0.5,0.85,0.0,-45.0,0.0,1,2.027,6,0.25,0
0.0,-0.5,0.95,0.0,-45.0,0.0,1,3.464,100,3.69,0
0.0,-0.4,0.05,0.0,-45.0,0.0,0,305.572,700,27.58,-1
0.0,-0.4,0.15,0.0,-45.0,0.0,0,224.659,700,27.83,-1
0.0,-0.4,0.25,0.0,-45.0,0.0,0,176.108,700,27.17,-1
0.0,-0.4,0.35,0.0,-45.0,0.0,0,149.044,700,27.2,-1
0.0,-0.4,0.45,0.0,-45.0,0.0,0,207.707,700,26.92,-1
0.0,-0.4,0.55,0.0,-45.0,0.0,0,104.841,700,26.67,-1
0.0,-0.4,0.65,0.0,-45.0,0.0,1,2.14,3,0.14,0
0.0,-0.4,0.75,0.0,-45.0,0.0,1,1.448,4,0.17,0
0.0,-0.4,0.85,0.0,-45.0,0.0,1,1.079,5,0.21,0
0.0,-0.4,0.95,0.0,-45.0,0.0,1,0.812,5,0.22,0
0.0,-0.3,0.05,0.0,-45.0,0.0,0,281.285,700,27.65,-1
0.0,-0.3,0.15,0.0,-45.0,0.0,0,229.157,700,27.27,-1
0.0,-0.3,0.25,0.0,-45.0,0.0,0,169.209,700,27.25,-1
0.0,-0.3,0.35,0.0,-45.0,0.0,0,147.715,700,27.23,-1
0.0,-0.3,0.45,0.0,-45.0,0.0,0,183.732,700,27.3,-1
0.0,-0.3,0.55,0.0,-45.0,0.0,0,75.721,700,27.04,-1
0.0,-0.3,0.65,0.0,-45.0,0.0,1,2.001,3,0.14,0
0.0,-0.3,0.75,0.0,-45.0,0.0,1,1.449,4,0.18,0
0.0,-0.3,0.85,0.0,-45.0,0.0,1,0.709,4,0.18,0
0.0,-0.3,0.95,0.0,-45.0,0.0,1,2.25,4,0.17,0
0.0,-0.2,0.05,0.0,-45.0,0.0,0,297.423,700,28.15,-1
0.0,-0.2,0.15,0.0,-45.0,0.0,0,237.642,700,27.62,-1
0.0,-0.2,0.25,0.0,-45.0,0.0,0,53.708,700,27.79,-1
0.0,-0.2,0.35,0.0,-45.0,0.0,0,272.625,700,27.71,-1
0.0,-0.2,0.45,0.0,-45.0,0.0,0,199.149,700,27.7,-1
0.0,-0.2,0.55,0.0,-45.0,0.0,0,112.513,700,28.5,-1
0.0,-0.2,0.65,0.0,-45.0,0.0,0,88.613,700,27.29,-1
0.0,-0.2,0.75,0.0,-45.0,0.0,0,79.422,700,26.67,-1
0.0,-0.2,0.85,0.0,-45.0,0.0,0,19.276,700,26.02,-1
0.0,-0.2,0.95,0.0,-45.0,0.0,1,0.929,5,0.22,0
0.0,-0.1,0.05,0.0,-45.0,0.0,0,289.294,700,27.94,-1
0.0,-0.1,0.15,0.0,-45.0,0.0,0,243.831,700,28.02,-1
0.0,-0.1,0.25,0.0,-45.0,0.0,0,172.972,700,27.81,-1
0.0,-0.1,0.35,0.0,-45.0,0.0,0,51.658,700,27.87,-1
0.0,-0.1,0.45,0.0,-45.0,0.0,0,259.464,700,27.68,-1
0.0,-0.1,0.55,0.0,-45.0,0.0,0,195.187,700,28.34,-1
0.0,-0.1,0.65,0.0,-45.0,0.0,0,186.182,700,27.27,-1
0.0,-0.1,0.75,0.0,-45.0,0.0,0,142.404,700,27.22,-1
0.0,-0.1,0.85,0.0,-45.0,0.0,0,61.591,700,26.8,-1
0.0,-0.1,0.95,0.0,-45.0,0.0,0,12.677,700,26.69,-1
0.1,-0.7,0.05,0.0,-45.0,0.0,0,438.677,700,27.38,-1
0.1,-0.7,0.15,0.0,-45.0,0.0,0,380.689,700,27.86,-1
0.1,-0.7,0.25,0.0,-45.0,0.0,0,332.843,700,28.06,-1
0.1,-0.7,0.35,0.0,-45.0,0.0,0,288.022,700,27.32,-1
0.1,-0.7,0.45,0.0,-45.0,0.0,0,194.205,700,27.83,-1
0.1,-0.7,0.55,0.0,-45.0,0.0,0,211.392,700,27.41,-1
0.1,-0.7,0.65,0.0,-45.0,0.0,0,187.741,700,27.25,-1
0.1,-0.7,0.75,0.0,-45.0,0.0,0,164.521,700,27.28,-1
0.1,-0.7,0.85,0.0,-45.0,0.0,0,160.121,700,27.83,-1
0.1,-0.7,0.95,0.0,-45.0,0.0,0,179.303,700,27.45,-1
0.1,-0.6,0.05,0.0,-45.0,0.0,0,389.714,700,27.31,-1
0.1,-0.6,0.15,0.0,-45.0,0.0,0,314.769,700,27.37,-1
0.1,-0.6,0.25,0.0,-45.0,0.0,0,278.888,700,27.95,-1
0.1,-0.6,0.35,0.0,-45.0,0.0,0,236.677,700,28.08,-1
0.1,-0.6,0.45,0.0,-45.0,0.0,0,174.799,700,27.32,-1
0.1,-0.6,0.55,0.0,-45.0,0.0,0,169.82,700,27.14,-1
0.1,-0.6,0.65,0.0,-45.0,0.0,0,112.609,700,27.3,-1
0.1,-0.6,0.75,0.0,-45.0,0.0,0,73.964,700,27.25,-1
0.1,-0.6,0.85,0.0,-45.0,0.0,0,68.536,700,26.76,-1
0.1,-0.6,0.95,0.0,-45.0,0.0,0,94.811,700,27.08,-1
0.1,-0.5,0.05,0.0,-45.0,0.0,0,358.534,700,28.03,-1
0.1,-0.5,0.15,0.0,-45.0,0.0,0,272.021,700,27.36,-1
0.1,-0.5,0.25,0.0,-45.0,0.0,0,239.631,700,28.09,-1
0.1,-0.5,0.35,0.0,-45.0,0.0,0,212.149,700,27.97,-1
0.1,-0.5,0.45,0.0,-45.0,0.0,0,212.443,700,27.07,-1
0.1,-0.5,0.55,0.0,-45.0,0.0,0,172.539,700,27.04,-1
0.1,-0.5,0.65,0.0,-45.0,0.0,0,61.059,700,27.1,-1
0.1,-0.5,0.75,0.0,-45.0,0.0,0,22.98,700,26.69,-1
0.1,-0.5,0.85,0.0,-45.0,0.0,1,2.064,8,0.35,0
0.1,-0.5,0.95,0.0,-45.0,0.0,0,10.2,700,25.97,-1
0.1,-0.4,0.05,0.0,-45.0,0.0,0,332.468,700,28.58,-1
0.1,-0.4,0.15,0.0,-45.0,0.0,0,268.237,700,28.18,-1
0.1,-0.4,0.25,0.0,-45.0,0.0,0,216.34,700,27.27,-1
0.1,-0.4,0.35,0.0,-45.0,0.0,0,200.32,700,27.19,-1
0.1,-0.4,0.45,0.0,-45.0,0.0,0,217.59,700,27.14,-1
0.1,-0.4,0.55,0.0,-45.0,0.0,0,101.496,700,26.85,-1
0.1,-0.4,0.65,0.0,-45.0,0.0,0,53.048,700,26.64,-1
0.1,-0.4,0.75,0.0,-45.0,0.0,0,27.033,700,26.68,-1
0.1,-0.4,0.85,0.0,-45.0,0.0,1,1.072,207,8.1,2
0.1,-0.4,0.95,0.0,-45.0,0.0,1,2.477,9,0.37,0
0.1,-0.3,0.05,0.0,-45.0,0.0,0,304.331,700,28.19,-1
0.1,-0.3,0.15,0.0,-45.0,0.0,0,260.166,700,27.36,-1
0.1,-0.3,0.25,0.0,-45.0,0.0,0,210.51,700,27.45,-1
0.1,-0.3,0.35,0.0,-45.0,0.0,0,195.433,700,27.43,-1
0.1,-0.3,0.45,0.0,-45.0,0.0,0,173.081,700,27.23,-1
0.1,-0.3,0.55,0.0,-45.0,0.0,0,115.578,700,26.94,-1
0.1,-0.3,0.65,0.0,-45.0,0.0,0,40.722,700,26.78,-1
0.1,-0.3,0.75,0.0,-45.0,0.0,0,30.374,700,26.6,-1
0.1,-0.3,0.85,0.0,-45.0,0.0,1,1.171,8,0.33,0
0.1,-0.3,0.95,0.0,-45.0,0.0,1,0.714,15,0.61,0
0.1,-0.2,0.05,0.0,-45.0,0.0,0,328.644,700,27.96,-1
0.1,-0.2,0.15,0.0,-45.0,0.0,0,269.289,700,27.85,-1
0.1,-0.2,0.25,0.0,-45.0,0.0,0,224.275,700,27.77,-1
0.1,-0.2,0.35,0.0,-45.0,0.0,0,158.491,700,27.81,-1
0.1,-0.2,0.45,0.0,-45.0,0.0,0,177.85,700,28.05,-1
0.1,-0.2,0.55,0.0,-45.0,0.0,0,141.553,700,28.09,-1
0.1,-0.2,0.65,0.0,-45.0,0.0,0,93.332,700,28.12,-1
0.1,-0.2,0.75,0.0,-45.0,0.0,0,45.115,700,27.99,-1
0.1,-0.2,0.85,0.0,-45.0,0.0,0,14.536,700,26.71,-1
0.1,-0.2,0.95,0.0,-45.0,0.0,1,1.691,6,0.26,0
0.1,-0.1,0.05,0.0,-45.0,0.0,0,320.066,700,28.32,-1
0.1,-0.1,0.15,0.0,-45.0,0.0,0,268.025,700,27.87,-1
0.1,-0.1,0.25,0.0,-45.0,0.0,0,219.75,700,27.91,-1
0.1,-0.1,0.35,0.0,-45.0,0.0,0,337.068,700,28.37,-1
0.1,-0.1,0.45,0.0,-45.0,0.0,0,270.98,700,28.58,-1
0.1,-0.1,0.55,0.0,-45.0,0.0,0,211.486,700,28.26,-1
0.1,-0.1,0.65,0.0,-45.0,0.0,0,186.395,700,28.05,-1
0.1,-0.1,0.75,0.0,-45.0,0.0,0,120.795,700,28.11,-1
0.1,-0.1,0.85,0.0,-45.0,0.0,0,99.42,700,26.66,-1
0.1,-0.1,0.95,0.0,-45.0,0.0,0,38.914,700,26.67,-1
0.2,-0.7,0.05,0.0,-45.0,0.0,0,458.532,700,27.44,-1
0.2,-0.7,0.15,0.0,-45.0,0.0,0,392.086,700,27.6,-1
0.2,-0.7,0.25,0.0,-45.0,0.0,0,371.301,700,27.9,-1
0.2,-0.7,0.35,0.0,-45.0,0.0,0,255.997,700,27.64,-1
0.2,-0.7,0.45,0.0,-45.0,0.0,0,308.911,700,27.33,-1
0.2,-0.7,0.55,0.0,-45.0,0.0,0,247.03,700,27.94,-1
0.2,-0.7,0.65,0.0,-45.0,0.0,0,204.976,700,28.11,-1
0.2,-0.7,0.75,0.0,-45.0,0.0,0,180.891,700,27.91,-1
0.2,-0.7,0.85,0.0,-45.0,0.0,0,180.884,700,27.98,-1
0.2,-0.7,0.95,0.0,-45.0,0.0,0,202.471,700,27.28,-1
0.2,-0.6,0.05,0.0,-45.0,0.0,0,414.643,700,27.25,-1
0.2,-0.6,0.15,0.0,-45.0,0.0,0,336.314,700,27.21,-1
0.2,-0.6,0.25,0.0,-45.0,0.0,0,298.547,700,27.51,-1
0.2,-0.6,0.35,0.0,-45.0,0.0,0,289.123,700,27.87,-1
0.2,-0.6,0.45,0.0,-45.0,0.0,0,238.076,700,27.49,-1
0.2,-0.6,0.55,0.0,-45.0,0.0,0,192.946,700,27.31,-1
0.2,-0.6,0.65,0.0,-45.0,0.0,0,139.035,700,27.23,-1
0.2,-0.6,0.75,0.0,-45.0,0.0,0,99.267,700,27.96,-1
0.2,-0.6,0.85,0.0,-45.0,0.0,0,89.458,700,28.04,-1
0.2,-0.6,0.95,0.0,-45.0,0.0,0,117.899,700,27.26,-1
0.2,-0.5,0.05,0.0,-45.0,0.0,0,381.832,700,27.94,-1
0.2,-0.5,0.15,0.0,-45.0,0.0,0,300.28,700,27.69,-1
0.2,-0.5,0.25,0.0,-45.0,0.0,0,242.581,700,27.82,-1
0.2,-0.5,0.35,0.0,-45.0,0.0,0,268.199,700,27.44,-1
0.2,-0.5,0.45,0.0,-45.0,0.0,0,236.647,700,27.34,-1
0.2,-0.5,0.55,0.0,-45.0,0.0,0,173.427,700,27.28,-1
0.2,-0.5,0.65,0.0,-45.0,0.0,0,118.057,700,26.84,-1
0.2,-0.5,0.75,0.0,-45.0,0.0,0,69.454,700,26.55,-1
0.2,-0.5,0.85,0.0,-45.0,0.0,0,20.602,700,26.56,-1
0.2,-0.5,0.95,0.0,-45.0,0.0,0,38.159,700,26.31,-1
0.2,-0.4,0.05,0.0,-45.0,0.0,0,384.273,700,28.52,-1
0.2,-0.4,0.15,0.0,-45.0,0.0,0,286.462,700,27.3,-1
0.2,-0.4,0.25,0.0,-45.0,0.0,0,239.28,700,27.31,-1
0.2,-0.4,0.35,0.0,-45.0,0.0,0,244.458,700,27.16,-1
0.2,-0.4,0.45,0.0,-45.0,0.0,0,200.849,700,27.08,-1
0.2,-0.4,0.55,0.0,-45.0,0.0,0,77.672,700,27.1,-1
0.2,-0.4,0.65,0.0,-45.0,0.0,0,137.732,700,26.91,-1
0.2,-0.4,0.75,0.0,-45.0,0.0,0,78.644,700,26.76,-1
0.2,-0.4,0.85,0.0,-45.0,0.0,0,22.714,700,26.81,-1
0.2,-0.4,0.95,0.0,-45.0,0.0,1,1.665,16,0.64,0
0.2,-0.3,0.05,0.0,-45.0,0.0,0,366.472,700,27.99,-1
0.2,-0.3,0.15,0.0,-45.0,0.0,0,165.574,700,27.53,-1
0.2,-0.3,0.25,0.0,-45.0,0.0,0,232.48,700,27.63,-1
0.2,-0.3,0.35,0.0,-45.0,0.0,0,232.123,700,27.39,-1
0.2,-0.3,0.45,0.0,-45.0,0.0,0,217.821,700,27.23,-1
0.2,-0.3,0.55,0.0,-45.0,0.0,0,143.142,700,27.31,-1
0.2,-0.3,0.65,0.0,-45.0,0.0,0,77.227,700,27.0,-1
0.2,-0.3,0.75,0.0,-45.0,0.0,0,59.232,700,27.33,-1
0.2,-0.3,0.85,0.0,-45.0,0.0,0,28.178,700,27.23,-1
0.2,-0.3,0.95,0.0,-45.0,0.0,1,2.252,207,8.15,2
0.2,-0.2,0.05,0.0,-45.0,0.0,0,298.227,700,27.93,-1
0.2,-0.2,0.15,0.0,-45.0,0.0,0,187.975,700,27.88,-1
0.2,-0.2,0.25,0.0,-45.0,0.0,0,243.832,700,28.04,-1
0.2,-0.2,0.35,0.0,-45.0,0.0,0,263.582,700,27.74,-1
0.2,-0.2,0.45,0.0,-45.0,0.0,0,210.525,700,28.02,-1
0.2,-0.2,0.55,0.0,-45.0,0.0,0,152.103,700,28.12,-1
0.2,-0.2,0.65,0.0,-45.0,0.0,0,128.127,700,27.6,-1
0.2,-0.2,0.75,0.0,-45.0,0.0,0,95.576,700,27.93,-1
0.2,-0.2,0.85,0.0,-45.0,0.0,0,28.18,700,28.04,-1
0.2,-0.2,0.95,0.0,-45.0,0.0,1,2.452,208,8.3,2
0.2,-0.1,0.05,0.0,-45.0,0.0,0,378.157,700,28.06,-1
0.2,-0.1,0.15,0.0,-45.0,0.0,0,223.945,700,27.93,-1
0.2,-0.1,0.25,0.0,-45.0,0.0,0,241.051,700,27.89,-1
0.2,-0.1,0.35,0.0,-45.0,0.0,0,257.238,700,27.95,-1
0.2,-0.1,0.45,0.0,-45.0,0.0,0,301.231,700,28.56,-1
0.2,-0.1,0.55,0.0,-45.0,0.0,0,250.336,700,28.29,-1
0.2,-0.1,0.65,0.0,-45.0,0.0,0,223.633,700,28.1,-1
0.2,-0.1,0.75,0.0,-45.0,0.0,0,167.824,700,27.96,-1
0.2,-0.1,0.85,0.0,-45.0,0.0,0,75.442,700,28.3,-1
0.2,-0.1,0.95,0.0,-45.0,0.0,0,19.553,700,27.6,-1
0.3,-0.7,0.05,0.0,-45.0,0.0,0,491.75,700,27.7,-1
0.3,-0.7,0.15,0.0,-45.0,0.0,0,415.042,700,27.71,-1
0.3,-0.7,0.25,0.0,-45.0,0.0,0,418.891,700,27.89,-1
0.3,-0.7,0.35,0.0,-45.0,0.0,0,330.478,700,27.66,-1
0.3,-0.7,0.45,0.0,-45.0,0.0,0,363.708,700,27.44,-1
0.3,-0.7,0.55,0.0,-45.0,0.0,0,285.83,700,27.88,-1
0.3,-0.7,0.65,0.0,-45.0,0.0,0,239.78,700,28.02,-1
0.3,-0.7,0.75,0.0,-45.0,0.0,0,217.649,700,27.74,-1
0.3,-0.7,0.85,0.0,-45.0,0.0,0,210.445,700,27.69,-1
0.3,-0.7,0.95,0.0,-45.0,0.0,0,241.099,700,27.72,-1
0.3,-0.6,0.05,0.0,-45.0,0.0,0,447.938,700,27.84,-1
0.3,-0.6,0.15,0.0,-45.0,0.0,0,368.515,700,27.34,-1
0.3,-0.6,0.25,0.0,-45.0,0.0,0,306.708,700,27.82,-1
0.3,-0.6,0.35,0.0,-45.0,0.0,0,302.867,700,28.03,-1
0.3,-0.6,0.45,0.0,-45.0,0.0,0,285.309,700,27.48,-1
0.3,-0.6,0.55,0.0,-45.0,0.0,0,228.443,700,27.8,-1
0.3,-0.6,0.65,0.0,-45.0,0.0,0,179.892,700,28.0,-1
0.3,-0.6,0.75,0.0,-45.0,0.0,0,145.578,700,27.95,-1
0.3,-0.6,0.85,0.0,-45.0,0.0,0,136.389,700,27.74,-1
0.3,-0.6,0.95,0.0,-45.0,0.0,0,159.306,700,27.36,-1
0.3,-0.5,0.05,0.0,-45.0,0.0,0,413.916,700,27.91,-1
0.3,-0.5,0.15,0.0,-45.0,0.0,0,341.122,700,28.07,-1
0.3,-0.5,0.25,0.0,-45.0,0.0,0,270.938,700,27.44,-1
0.3,-0.5,0.35,0.0,-45.0,0.0,0,232.81,700,27.53,-1
0.3,-0.5,0.45,0.0,-45.0,0.0,0,255.836,700,27.28,-1
0.3,-0.5,0.55,0.0,-45.0,0.0,0,210.304,700,27.36,-1
0.3,-0.5,0.65,0.0,-45.0,0.0,0,156.734,700,27.19,-1
0.3,-0.5,0.75,0.0,-45.0,0.0,0,108.536,700,27.12,-1
0.3,-0.5,0.85,0.0,-45.0,0.0,0,75.135,700,27.73,-1
0.3,-0.5,0.95,0.0,-45.0,0.0,0,87.929,700,26.83,-1
0.3,-0.4,0.05,0.0,-45.0,0.0,0,424.272,700,27.95,-1
0.3,-0.4,0.15,0.0,-45.0,0.0,0,353.0,700,27.71,-1
0.3,-0.4,0.25,0.0,-45.0,0.0,0,307.997,700,27.56,-1
0.3,-0.4,0.35,0.0,-45.0,0.0,0,283.347,700,27.57,-1
0.3,-0.4,0.45,0.0,-45.0,0.0,0,282.993,700,27.49,-1
0.3,-0.4,0.55,0.0,-45.0,0.0,0,234.04,700,27.01,-1
0.3,-0.4,0.65,0.0,-45.0,0.0,0,168.718,700,27.09,-1
0.3,-0.4,0.75,0.0,-45.0,0.0,0,120.492,700,26.79,-1
0.3,-0.4,0.85,0.0,-45.0,0.0,0,66.741,700,26.76,-1
0.3,-0.4,0.95,0.0,-45.0,0.0,0,33.395,700,26.75,-1
0.3,-0.3,0.05,0.0,-45.0,0.0,0,409.393,700,28.01,-1
0.3,-0.3,0.15,0.0,-45.0,0.0,0,347.975,700,27.64,-1
0.3,-0.3,0.25,0.0,-45.0,0.0,0,303.818,700,27.76,-1
0.3,-0.3,0.35,0.0,-45.0,0.0,0,295.867,700,27.98,-1
0.3,-0.3,0.45,0.0,-45.0,0.0,0,154.229,700,27.89,-1
0.3,-0.3,0.55,0.0,-45.0,0.0,0,153.047,700,27.66,-1
0.3,-0.3,0.65,0.0,-45.0,0.0,0,178.813,700,27.5,-1
0.3,-0.3,0.75,0.0,-45.0,0.0,0,133.327,700,27.13,-1
0.3,-0.3,0.85,0.0,-45.0,0.0,0,82.531,700,27.39,-1
0.3,-0.3,0.95,0.0,-45.0,0.0,0,21.249,700,27.0,-1
0.3,-0.2,0.05,0.0,-45.0,0.0,0,335.872,700,28.19,-1
0.3,-0.2,0.15,0.0,-45.0,0.0,0,270.062,700,27.94,-1
0.3,-0.2,0.25,0.0,-45.0,0.0,0,317.424,700,27.98,-1
0.3,-0.2,0.35,0.0,-45.0,0.0,0,261.505,700,27.9,-1
0.3,-0.2,0.45,0.0,-45.0,0.0,0,178.168,700,27.92,-1
0.3,-0.2,0.55,0.0,-45.0,0.0,0,182.351,700,27.71,-1
0.3,-0.2,0.65,0.0,-45.0,0.0,0,172.466,700,27.64,-1
0.3,-0.2,0.75,0.0,-45.0,0.0,0,141.049,700,27.84,-1
0.3,-0.2,0.85,0.0,-45.0,0.0,0,236.994,700,27.6,-1
0.3,-0.2,0.95,0.0,-45.0,0.0,0,22.165,700,27.03,-1
0.3,-0.1,0.05,0.0,-45.0,0.0,0,366.535,700,27.82,-1
0.3,-0.1,0.15,0.0,-45.0,0.0,0,222.399,700,27.91,-1
0.3,-0.1,0.25,0.0,-45.0,0.0,0,318.663,700,27.81,-1
0.3,-0.1,0.35,0.0,-45.0,0.0,0,287.739,700,27.84,-1
0.3,-0.1,0.45,0.0,-45.0,0.0,0,228.852,700,27.79,-1
0.3,-0.1,0.55,0.0,-45.0,0.0,0,310.683,700,28.39,-1
0.3,-0.1,0.65,0.0,-45.0,0.0,0,180.8,700,28.44,-1
0.3,-0.1,0.75,0.0,-45.0,0.0,0,148.644,700,27.84,-1
0.3,-0.1,0.85,0.0,-45.0,0.0,0,330.845,700,28.03,-1
0.3,-0.1,0.95,0.0,-45.0,0.0,0,22.306,700,27.61,-1
0.4,-0.7,0.05,0.0,-45.0,0.0,0,716.062,700,28.05,-1
0.4,-0.7,0.15,0.0,-45.0,0.0,0,516.719,700,27.94,-1
0.4,-0.7,0.25,0.0,-45.0,0.0,0,431.53,700,27.88,-1
0.4,-0.7,0.35,0.0,-45.0,0.0,0,397.855,700,27.92,-1
0.4,-0.7,0.45,0.0,-45.0,0.0,0,308.581,700,28.19,-1
0.4,-0.7,0.55,0.0,-45.0,0.0,0,321.71,700,27.85,-1
0.4,-0.7,0.65,0.0,-45.0,0.0,0,292.885,700,27.83,-1
0.4,-0.7,0.75,0.0,-45.0,0.0,0,272.499,700,27.24,-1
0.4,-0.7,0.85,0.0,-45.0,0.0,0,271.169,700,27.5,-1
0.4,-0.7,0.95,0.0,-45.0,0.0,0,290.289,700,27.22,-1
0.4,-0.6,0.05,0.0,-45.0,0.0,0,481.978,700,27.81,-1
0.4,-0.6,0.15,0.0,-45.0,0.0,0,412.235,700,27.74,-1
0.4,-0.6,0.25,0.0,-45.0,0.0,0,337.403,700,27.64,-1
0.4,-0.6,0.35,0.0,-45.0,0.0,0,382.381,700,27.88,-1
0.4,-0.6,0.45,0.0,-45.0,0.0,0,357.645,700,27.84,-1
0.4,-0.6,0.55,0.0,-45.0,0.0,0,272.68,700,28.04,-1
0.4,-0.6,0.65,0.0,-45.0,0.0,0,231.026,700,27.98,-1
0.4,-0.6,0.75,0.0,-45.0,0.0,0,204.278,700,27.51,-1
0.4,-0.6,0.85,0.0,-45.0,0.0,0,198.999,700,27.51,-1
0.4,-0.6,0.95,0.0,-45.0,0.0,0,214.587,700,26.75,-1
0.4,-0.5,0.05,0.0,-45.0,0.0,0,451.406,700,27.88,-1
0.4,-0.5,0.15,0.0,-45.0,0.0,0,380.803,700,27.91,-1
0.4,-0.5,0.25,0.0,-45.0,0.0,0,316.424,700,27.79,-1
0.4,-0.5,0.35,0.0,-45.0,0.0,0,248.78,700,27.64,-1
0.4,-0.5,0.45,0.0,-45.0,0.0,0,303.643,700,27.74,-1
0.4,-0.5,0.55,0.0,-45.0,0.0,0,248.604,700,27.73,-1
0.4,-0.5,0.65,0.0,-45.0,0.0,0,200.118,700,27.85,-1
0.4,-0.5,0.75,0.0,-45.0,0.0,0,162.075,700,27.7,-1
0.4,-0.5,0.85,0.0,-45.0,0.0,0,125.767,700,26.86,-1
0.4,-0.5,0.95,0.0,-45.0,0.0,0,156.148,700,27.35,-1
0.4,-0.4,0.05,0.0,-45.0,0.0,0,433.505,700,28.0,-1
0.4,-0.4,0.15,0.0,-45.0,0.0,0,405.061,700,28.11,-1
0.4,-0.4,0.25,0.0,-45.0,0.0,0,359.275,700,27.58,-1
0.4,-0.4,0.35,0.0,-45.0,0.0,0,325.151,700,27.57,-1
0.4,-0.4,0.45,0.0,-45.0,0.0,0,296.218,700,27.88,-1
0.4,-0.4,0.55,0.0,-45.0,0.0,0,256.685,700,27.5,-1
0.4,-0.4,0.65,0.0,-45.0,0.0,0,204.054,700,27.16,-1
0.4,-0.4,0.75,0.0,-45.0,0.0,0,142.947,700,26.75,-1
0.4,-0.4,0.85,0.0,-45.0,0.0,0,112.391,700,26.81,-1
0.4,-0.4,0.95,0.0,-45.0,0.0,0,111.062,700,26.68,-1
0.4,-0.3,0.05,0.0,-45.0,0.0,0,459.503,700,27.95,-1
0.4,-0.3,0.15,0.0,-45.0,0.0,0,406.543,700,27.76,-1
0.4,-0.3,0.25,0.0,-45.0,0.0,0,356.173,700,27.68,-1
0.4,-0.3,0.35,0.0,-45.0,0.0,0,323.945,700,27.69,-1
0.4,-0.3,0.45,0.0,-45.0,0.0,0,297.988,700,27.58,-1
0.4,-0.3,0.55,0.0,-45.0,0.0,0,282.976,700,27.77,-1
0.4,-0.3,0.65,0.0,-45.0,0.0,0,226.304,700,27.2,-1
0.4,-0.3,0.75,0.0,-45.0,0.0,0,164.3,700,26.8,-1
0.4,-0.3,0.85,0.0,-45.0,0.0,0,108.172,700,26.81,-1
0.4,-0.3,0.95,0.0,-45.0,0.0,0,82.09,700,27.0,-1
0.4,-0.2,0.05,0.0,-45.0,0.0,0,454.027,700,28.03,-1
0.4,-0.2,0.15,0.0,-45.0,0.0,0,410.227,700,27.92,-1
0.4,-0.2,0.25,0.0,-45.0,0.0,0,369.266,700,27.61,-1
0.4,-0.2,0.35,0.0,-45.0,0.0,0,338.327,700,27.71,-1
0.4,-0.2,0.45,0.0,-45.0,0.0,0,279.096,700,27.73,-1
0.4,-0.2,0.55,0.0,-45.0,0.0,0,241.018,700,27.55,-1
0.4,-0.2,0.65,0.0,-45.0,0.0,0,227.532,700,27.38,-1
0.4,-0.2,0.75,0.0,-45.0,0.0,0,172.554,700,26.99,-1
0.4,-0.2,0.85,0.0,-45.0,0.0,0,112.266,700,26.92,-1
0.4,-0.2,0.95,0.0,-45.0,0.0,0,71.302,700,26.71,-1
0.4,-0.1,0.05,0.0,-45.0,0.0,0,383.875,700,28.02,-1
0.4,-0.1,0.15,0.0,-45.0,0.0,0,369.139,700,27.77,-1
0.4,-0.1,0.25,0.0,-45.0,0.0,0,395.018,700,28.05,-1
0.4,-0.1,0.35,0.0,-45.0,0.0,0,335.636,700,27.9,-1
0.4,-0.1,0.45,0.0,-45.0,0.0,0,275.078,700,27.88,-1
0.4,-0.1,0.55,0.0,-45.0,0.0,0,233.305,700,27.81,-1
0.4,-0.1,0.65,0.0,-45.0,0.0,0,211.865,700,27.75,-1
0.4,-0.1,0.75,0.0,-45.0,0.0,0,173.57,700,27.57,-1
0.4,-0.1,0.85,0.0,-45.0,0.0,0,112.519,700,27.39,-1
0.4,-0.1,0.95,0.0,-45.0,0.0,0,71.842,700,27.47,-1
0.5,-0.7,0.05,0.0,-45.0,0.0,0,693.287,700,28.19,-1
0.5,-0.7,0.15,0.0,-45.0,0.0,0,552.821,700,28.25,-1
0.5,-0.7,0.25,0.0,-45.0,0.0,0,532.571,700,28.11,-1
0.5,-0.7,0.35,0.0,-45.0,0.0,0,476.164,700,28.09,-1
0.5,-0.7,0.45,0.0,-45.0,0.0,0,428.152,700,28.01,-1
0.5,-0.7,0.55,0.0,-45.0,0.0,0,377.498,700,27.79,-1
0.5,-0.7,0.65,0.0,-45.0,0.0,0,347.949,700,27.69,-1
0.5,-0.7,0.75,0.0,-45.0,0.0,0,332.477,700,27.71,-1
0.5,-0.7,0.85,0.0,-45.0,0.0,0,333.59,700,27.81,-1
0.5,-0.7,0.95,0.0,-45.0,0.0,0,351.926,700,27.46,-1
0.5,-0.6,0.05,0.0,-45.0,0.0,0,543.824,700,28.03,-1
0.5,-0.6,0.15,0.0,-45.0,0.0,0,537.159,700,28.18,-1
0.5,-0.6,0.25,0.0,-45.0,0.0,0,498.348,700,28.1,-1
0.5,-0.6,0.35,0.0,-45.0,0.0,0,448.829,700,27.96,-1
0.5,-0.6,0.45,0.0,-45.0,0.0,0,467.269,700,28.01,-1
0.5,-0.6,0.55,0.0,-45.0,0.0,0,328.855,700,28.15,-1
0.5,-0.6,0.65,0.0,-45.0,0.0,0,293.474,700,27.84,-1
0.5,-0.6,0.75,0.0,-45.0,0.0,0,272.702,700,27.59,-1
0.5,-0.6,0.85,0.0,-45.0,0.0,0,257.163,700,27.08,-1
0.5,-0.6,0.95,0.0,-45.0,0.0,0,286.287,700,27.11,-1
0.5,-0.5,0.05,0.0,-45.0,0.0,0,479.329,700,27.85,-1
0.5,-0.5,0.15,0.0,-45.0,0.0,0,533.724,700,28.01,-1
0.5,-0.5,0.25,0.0,-45.0,0.0,0,462.454,700,27.99,-1
0.5,-0.5,0.35,0.0,-45.0,0.0,0,436.536,700,28.08,-1
0.5,-0.5,0.45,0.0,-45.0,0.0,0,304.617,700,27.8,-1
0.5,-0.5,0.55,0.0,-45.0,0.0,0,297.145,700,27.83,-1
0.5,-0.5,0.65,0.0,-45.0,0.0,0,257.412,700,27.26,-1
0.5,-0.5,0.75,0.0,-45.0,0.0,0,204.845,700,26.87,-1
0.5,-0.5,0.85,0.0,-45.0,0.0,0,216.547,700,26.61,-1
0.5,-0.5,0.95,0.0,-45.0,0.0,0,232.76,700,26.79,-1
0.5,-0.4,0.05,0.0,-45.0,0.0,0,522.284,700,28.28,-1
0.5,-0.4,0.15,0.0,-45.0,0.0,0,458.289,700,28.09,-1
0.5,-0.4,0.25,0.0,-45.0,0.0,0,457.102,700,28.12,-1
0.5,-0.4,0.35,0.0,-45.0,0.0,0,408.285,700,28.03,-1
0.5,-0.4,0.45,0.0,-45.0,0.0,0,389.591,700,28.17,-1
0.5,-0.4,0.55,0.0,-45.0,0.0,0,271.373,700,27.64,-1
0.5,-0.4,0.65,0.0,-45.0,0.0,0,231.787,700,26.75,-1
0.5,-0.4,0.75,0.0,-45.0,0.0,0,202.6,700,26.67,-1
0.5,-0.4,0.85,0.0,-45.0,0.0,0,186.018,700,26.75,-1
0.5,-0.4,0.95,0.0,-45.0,0.0,0,192.484,700,26.69,-1
0.5,-0.3,0.05,0.0,-45.0,0.0,0,471.124,700,27.81,-1
0.5,-0.3,0.15,0.0,-45.0,0.0,0,459.894,700,27.71,-1
0.5,-0.3,0.25,0.0,-45.0,0.0,0,418.3,700,27.89,-1
0.5,-0.3,0.35,0.0,-45.0,0.0,0,430.0,700,28.21,-1
0.5,-0.3,0.45,0.0,-45.0,0.0,0,337.756,700,27.54,-1
0.5,-0.3,0.55,0.0,-45.0,0.0,0,278.615,700,27.38,-1
0.5,-0.3,0.65,0.0,-45.0,0.0,0,248.852,700,26.86,-1
0.5,-0.3,0.75,0.0,-45.0,0.0,0,196.759,700,26.83,-1
0.5,-0.3,0.85,0.0,-45.0,0.0,0,166.944,700,26.73,-1
0.5,-0.3,0.95,0.0,-45.0,0.0,0,167.045,700,26.98,-1
0.5,-0.2,0.05,0.0,-45.0,0.0,0,520.531,700,27.89,-1
0.5,-0.2,0.15,0.0,-45.0,0.0,0,468.489,700,27.97,-1
0.5,-0.2,0.25,0.0,-45.0,0.0,0,423.169,700,27.8,-1
0.5,-0.2,0.35,0.0,-45.0,0.0,0,394.219,700,27.68,-1
0.5,-0.2,0.45,0.0,-45.0,0.0,0,347.317,700,27.52,-1
0.5,-0.2,0.55,0.0,-45.0,0.0,0,284.844,700,27.48,-1
0.5,-0.2,0.65,0.0,-45.0,0.0,0,249.032,700,27.03,-1
0.5,-0.2,0.75,0.0,-45.0,0.0,0,196.796,700,26.67,-1
0.5,-0.2,0.85,0.0,-45.0,0.0,0,161.82,700,27.02,-1
0.5,-0.2,0.95,0.0,-45.0,0.0,0,156.302,700,26.82,-1
0.5,-0.1,0.05,0.0,-45.0,0.0,0,535.662,700,27.9,-1
0.5,-0.1,0.15,0.0,-45.0,0.0,0,491.946,700,27.79,-1
0.5,-0.1,0.25,0.0,-45.0,0.0,0,456.194,700,28.16,-1
0.5,-0.1,0.35,0.0,-45.0,0.0,0,421.055,700,27.56,-1
0.5,-0.1,0.45,0.0,-45.0,0.0,0,233.242,700,27.75,-1
0.5,-0.1,0.55,0.0,-45.0,0.0,0,311.5,700,27.68,-1
0.5,-0.1,0.65,0.0,-45.0,0.0,0,250.465,700,27.63,-1
0.5,-0.1,0.75,0.0,-45.0,0.0,0,198.225,700,27.78,-1
0.5,-0.1,0.85,0.0,-45.0,0.0,0,169.792,700,27.47,-1
0.5,-0.1,0.95,0.0,-45.0,0.0,0,158.002,700,27.5,-1
0.6,-0.7,0.05,0.0,-45.0,0.0,0,674.073,700,28.39,-1
0.6,-0.7,0.15,0.0,-45.0,0.0,0,704.078,700,28.19,-1
0.6,-0.7,0.25,0.0,-45.0,0.0,0,588.249,700,28.13,-1
0.6,-0.7,0.35,0.0,-45.0,0.0,0,580.863,700,28.18,-1
0.6,-0.7,0.45,0.0,-45.0,0.0,0,526.358,700,28.05,-1
0.6,-0.7,0.55,0.0,-45.0,0.0,0,438.098,700,27.99,-1
0.6,-0.7,0.65,0.0,-45.0,0.0,0,413.407,700,27.94,-1
0.6,-0.7,0.75,0.0,-45.0,0.0,0,401.649,700,27.47,-1
0.6,-0.7,0.85,0.0,-45.0,0.0,0,392.327,700,27.4,-1
0.6,-0.7,0.95,0.0,-45.0,0.0,0,421.52,700,27.46,-1
0.6,-0.6,0.05,0.0,-45.0,0.0,0,689.361,700,28.17,-1
0.6,-0.6,0.15,0.0,-45.0,0.0,0,575.31,700,28.26,-1
0.6,-0.6,0.25,0.0,-45.0,0.0,0,563.775,700,28.15,-1
0.6,-0.6,0.35,0.0,-45.0,0.0,0,518.052,700,28.08,-1
0.6,-0.6,0.45,0.0,-45.0,0.0,0,483.702,700,28.01,-1
0.6,-0.6,0.55,0.0,-45.0,0.0,0,347.629,700,27.77,-1
0.6,-0.6,0.65,0.0,-45.0,0.0,0,333.038,700,27.78,-1
0.6,-0.6,0.75,0.0,-45.0,0.0,0,333.033,700,27.23,-1
0.6,-0.6,0.85,0.0,-45.0,0.0,0,347.635,700,26.99,-1
0.6,-0.6,0.95,0.0,-45.0,0.0,0,363.742,700,27.59,-1
0.6,-0.5,0.05,0.0,-45.0,0.0,0,598.089,700,28.01,-1
0.6,-0.5,0.15,0.0,-45.0,0.0,0,627.119,700,28.11,-1
0.6,-0.5,0.25,0.0,-45.0,0.0,0,481.721,700,27.78,-1
0.6,-0.5,0.35,0.0,-45.0,0.0,0,495.383,700,27.96,-1
0.6,-0.5,0.45,0.0,-45.0,0.0,0,438.614,700,27.64,-1
0.6,-0.5,0.55,0.0,-45.0,0.0,0,358.52,700,27.41,-1
0.6,-0.5,0.65,0.0,-45.0,0.0,0,330.261,700,27.12,-1
0.6,-0.5,0.75,0.0,-45.0,0.0,0,305.751,700,26.95,-1
0.6,-0.5,0.85,0.0,-45.0,0.0,0,321.067,700,27.44,-1
0.6,-0.5,0.95,0.0,-45.0,0.0,0,314.728,700,26.81,-1
0.6,-0.4,0.05,0.0,-45.0,0.0,0,593.83,700,28.0,-1
0.6,-0.4,0.15,0.0,-45.0,0.0,0,545.644,700,27.91,-1
0.6,-0.4,0.25,0.0,-45.0,0.0,0,512.491,700,28.05,-1
0.6,-0.4,0.35,0.0,-45.0,0.0,0,478.2,700,28.14,-1
0.6,-0.4,0.45,0.0,-45.0,0.0,0,400.447,700,27.46,-1
0.6,-0.4,0.55,0.0,-45.0,0.0,0,362.494,700,27.59,-1
0.6,-0.4,0.65,0.0,-45.0,0.0,0,304.046,700,27.17,-1
0.6,-0.4,0.75,0.0,-45.0,0.0,0,277.343,700,26.7,-1
0.6,-0.4,0.85,0.0,-45.0,0.0,0,244.006,700,26.67,-1
0.6,-0.4,0.95,0.0,-45.0,0.0,0,278.191,700,27.14,-1
0.6,-0.3,0.05,0.0,-45.0,0.0,0,542.951,700,27.99,-1
0.6,-0.3,0.15,0.0,-45.0,0.0,0,579.857,700,28.3,-1
0.6,-0.3,0.25,0.0,-45.0,0.0,0,486.05,700,28.05,-1
0.6,-0.3,0.35,0.0,-45.0,0.0,0,406.392,700,27.75,-1
0.6,-0.3,0.45,0.0,-45.0,0.0,0,352.191,700,27.63,-1
0.6,-0.3,0.55,0.0,-45.0,0.0,0,349.497,700,26.92,-1
0.6,-0.3,0.65,0.0,-45.0,0.0,0,293.844,700,26.93,-1
0.6,-0.3,0.75,0.0,-45.0,0.0,0,261.301,700,26.82,-1
0.6,-0.3,0.85,0.0,-45.0,0.0,0,246.017,700,26.72,-1
0.6,-0.3,0.95,0.0,-45.0,0.0,0,255.552,700,26.8,-1
0.6,-0.2,0.05,0.0,-45.0,0.0,0,582.074,700,27.74,-1
0.6,-0.2,0.15,0.0,-45.0,0.0,0,491.082,700,28.22,-1
0.6,-0.2,0.25,0.0,-45.0,0.0,0,490.589,700,27.82,-1
0.6,-0.2,0.35,0.0,-45.0,0.0,0,454.374,700,27.91,-1
0.6,-0.2,0.45,0.0,-45.0,0.0,0,369.001,700,26.94,-1
0.6,-0.2,0.55,0.0,-45.0,0.0,0,330.897,700,26.87,-1
0.6,-0.2,0.65,0.0,-45.0,0.0,0,305.293,700,26.61,-1
0.6,-0.2,0.75,0.0,-45.0,0.0,0,265.986,700,26.73,-1
0.6,-0.2,0.85,0.0,-45.0,0.0,0,243.795,700,26.68,-1
0.6,-0.2,0.95,0.0,-45.0,0.0,0,245.374,700,26.86,-1
0.6,-0.1,0.05,0.0,-45.0,0.0,0,598.644,700,27.87,-1
0.6,-0.1,0.15,0.0,-45.0,0.0,0,552.856,700,27.94,-1
0.6,-0.1,0.25,0.0,-45.0,0.0,0,504.478,700,28.18,-1
0.6,-0.1,0.35,0.0,-45.0,0.0,0,445.657,700,27.75,-1
0.6,-0.1,0.45,0.0,-45.0,0.0,0,292.41,700,27.75,-1
0.6,-0.1,0.55,0.0,-45.0,0.0,0,337.307,700,27.6,-1
0.6,-0.1,0.65,0.0,-45.0,0.0,0,289.91,700,27.75,-1
0.6,-0.1,0.75,0.0,-45.0,0.0,0,269.688,700,27.62,-1
0.6,-0.1,0.85,0.0,-45.0,0.0,0,246.305,700,27.66,-1
0.6,-0.1,0.95,0.0,-45.0,0.0,0,241.36,700,27.44,-1
0.7,-0.7,0.05,0.0,-45.0,0.0,0,825.945,700,28.4,-1
0.7,-0.7,0.15,0.0,-45.0,0.0,0,693.362,700,28.49,-1
0.7,-0.7,0.25,0.0,-45.0,0.0,0,672.153,700,28.42,-1
0.7,-0.7,0.35,0.0,-45.0,0.0,0,640.539,700,28.42,-1
0.7,-0.7,0.45,0.0,-45.0,0.0,0,588.912,700,28.14,-1
0.7,-0.7,0.55,0.0,-45.0,0.0,0,506.636,700,27.78,-1
0.7,-0.7,0.65,0.0,-45.0,0.0,0,465.27,700,28.01,-1
0.7,-0.7,0.75,0.0,-45.0,0.0,0,467.399,700,27.72,-1
0.7,-0.7,0.85,0.0,-45.0,0.0,0,481.949,700,27.64,-1
0.7,-0.7,0.95,0.0,-45.0,0.0,0,503.186,700,27.87,-1
0.7,-0.6,0.05,0.0,-45.0,0.0,0,758.63,700,28.24,-1
0.7,-0.6,0.15,0.0,-45.0,0.0,0,710.297,700,28.09,-1
0.7,-0.6,0.25,0.0,-45.0,0.0,0,637.33,700,27.92,-1
0.7,-0.6,0.35,0.0,-45.0,0.0,0,538.044,700,28.02,-1
0.7,-0.6,0.45,0.0,-45.0,0.0,0,536.846,700,27.83,-1
0.7,-0.6,0.55,0.0,-45.0,0.0,0,461.901,700,28.17,-1
0.7,-0.6,0.65,0.0,-45.0,0.0,0,438.647,700,27.55,-1
0.7,-0.6,0.75,0.0,-45.0,0.0,0,429.47,700,27.6,-1
0.7,-0.6,0.85,0.0,-45.0,0.0,0,432.664,700,27.86,-1
0.7,-0.6,0.95,0.0,-45.0,0.0,0,469.453,700,27.66,-1
0.7,-0.5,0.05,0.0,-45.0,0.0,0,676.785,700,27.96,-1
0.7,-0.5,0.15,0.0,-45.0,0.0,0,658.118,700,28.2,-1
0.7,-0.5,0.25,0.0,-45.0,0.0,0,604.479,700,28.16,-1
0.7,-0.5,0.35,0.0,-45.0,0.0,0,552.453,700,27.94,-1
0.7,-0.5,0.45,0.0,-45.0,0.0,0,481.695,700,27.74,-1
0.7,-0.5,0.55,0.0,-45.0,0.0,0,461.094,700,27.7,-1
0.7,-0.5,0.65,0.0,-45.0,0.0,0,402.233,700,27.41,-1
0.7,-0.5,0.75,0.0,-45.0,0.0,0,361.029,700,27.84,-1
0.7,-0.5,0.85,0.0,-45.0,0.0,0,385.799,700,27.29,-1
0.7,-0.5,0.95,0.0,-45.0,0.0,0,399.693,700,27.66,-1
0.7,-0.4,0.05,0.0,-45.0,0.0,0,726.554,700,27.89,-1
0.7,-0.4,0.15,0.0,-45.0,0.0,0,636.186,700,28.05,-1
0.7,-0.4,0.25,0.0,-45.0,0.0,0,550.144,700,28.06,-1
0.7,-0.4,0.35,0.0,-45.0,0.0,0,522.874,700,27.87,-1
0.7,-0.4,0.45,0.0,-45.0,0.0,0,456.438,700,27.73,-1
0.7,-0.4,0.55,0.0,-45.0,0.0,0,438.438,700,27.68,-1
0.7,-0.4,0.65,0.0,-45.0,0.0,0,417.183,700,27.8,-1
0.7,-0.4,0.75,0.0,-45.0,0.0,0,357.8,700,27.17,-1
0.7,-0.4,0.85,0.0,-45.0,0.0,0,353.738,700,27.4,-1
0.7,-0.4,0.95,0.0,-45.0,0.0,0,365.97,700,27.27,-1
0.7,-0.3,0.05,0.0,-45.0,0.0,0,638.986,700,28.06,-1
0.7,-0.3,0.15,0.0,-45.0,0.0,0,588.161,700,27.91,-1
0.7,-0.3,0.25,0.0,-45.0,0.0,0,536.386,700,28.08,-1
0.7,-0.3,0.35,0.0,-45.0,0.0,0,491.031,700,27.8,-1
0.7,-0.3,0.45,0.0,-45.0,0.0,0,458.47,700,27.69,-1
0.7,-0.3,0.55,0.0,-45.0,0.0,0,397.036,700,27.2,-1
0.7,-0.3,0.65,0.0,-45.0,0.0,0,362.364,700,27.5,-1
0.7,-0.3,0.75,0.0,-45.0,0.0,0,350.219,700,26.74,-1
0.7,-0.3,0.85,0.0,-45.0,0.0,0,338.69,700,26.97,-1
0.7,-0.3,0.95,0.0,-45.0,0.0,0,370.054,700,27.14,-1
0.7,-0.2,0.05,0.0,-45.0,0.0,0,645.449,700,27.97,-1
0.7,-0.2,0.15,0.0,-45.0,0.0,0,600.976,700,27.93,-1
0.7,-0.2,0.25,0.0,-45.0,0.0,0,551.62,700,27.91,-1
0.7,-0.2,0.35,0.0,-45.0,0.0,0,495.544,700,27.83,-1
0.7,-0.2,0.45,0.0,-45.0,0.0,0,426.964,700,27.77,-1
0.7,-0.2,0.55,0.0,-45.0,0.0,0,399.459,700,27.62,-1
0.7,-0.2,0.65,0.0,-45.0,0.0,0,355.876,700,27.39,-1
0.7,-0.2,0.75,0.0,-45.0,0.0,0,331.245,700,27.25,-1
0.7,-0.2,0.85,0.0,-45.0,0.0,0,330.828,700,26.96,-1
0.7,-0.2,0.95,0.0,-45.0,0.0,0,332.962,700,27.42,-1
0.7,-0.1,0.05,0.0,-45.0,0.0,0,663.241,700,27.81,-1
0.7,-0.1,0.15,0.0,-45.0,0.0,0,604.042,700,27.83,-1
0.7,-0.1,0.25,0.0,-45.0,0.0,0,498.483,700,27.81,-1
0.7,-0.1,0.35,0.0,-45.0,0.0,0,489.278,700,27.98,-1
0.7,-0.1,0.45,0.0,-45.0,0.0,0,372.691,700,27.54,-1
0.7,-0.1,0.55,0.0,-45.0,0.0,0,416.164,700,27.96,-1
0.7,-0.1,0.65,0.0,-45.0,0.0,0,375.01,700,27.6,-1
0.7,-0.1,0.75,0.0,-45.0,0.0,0,345.905,700,27.63,-1
0.7,-0.1,0.85,0.0,-45.0,0.0,0,332.807,700,27.72,-1
0.7,-0.1,0.95,0.0,-45.0,0.0,0,338.574,700,27.72,-1
-0.2,-0.7,0.05,0.0,90.0,0.0,0,485.081,700,27.37,-1
-0.2,-0.7,0.15,0.0,90.0,0.0,0,366.931,700,27.52,-1
-0.2,-0.7,0.25,0.0,90.0,0.0,0,311.592,700,27.31,-1
-0.2,-0.7,0.35,0.0,90.0,0.0,0,288.916,700,27.28,-1
-0.2,-0.7,0.45,0.0,90.0,0.0,0,249.518,700,28.28,-1
-0.2,-0.7,0.55,0.0,90.0,0.0,0,215.556,700,27.99,-1
-0.2,-0.7,0.65,0.0,90.0,0.0,0,229.912,700,27.88,-1
-0.2,-0.7,0.75,0.0,90.0,0.0,0,256.431,700,27.42,-1
-0.2,-0.7,0.85,0.0,90.0,0.0,0,210.264,700,27.73,-1
-0.2,-0.7,0.95,0.0,90.0,0.0,0,259.387,700,28.24,-1
-0.2,-0.6,0.05,0.0,90.0,0.0,0,426.23,700,27.65,-1
-0.2,-0.6,0.15,0.0,90.0,0.0,0,305.675,700,27.0,-1
-0.2,-0.6,0.25,0.0,90.0,0.0,0,230.516,700,27.52,-1
-0.2,-0.6,0.35,0.0,90.0,0.0,0,190.363,700,28.25,-1
-0.2,-0.6,0.45,0.0,90.0,0.0,0,159.444,700,28.07,-1
-0.2,-0.6,0.55,0.0,90.0,0.0,0,135.748,700,28.05,-1
-0.2,-0.6,0.65,0.0,90.0,0.0,0,206.816,700,27.58,-1
-0.2,-0.6,0.75,0.0,90.0,0.0,0,111.388,700,27.31,-1
-0.2,-0.6,0.85,0.0,90.0,0.0,0,123.953,700,27.29,-1
-0.2,-0.6,0.95,0.0,90.0,0.0,0,140.932,700,27.63,-1
-0.2,-0.5,0.05,0.0,90.0,0.0,0,333.266,700,27.22,-1
-0.2,-0.5,0.15,0.0,90.0,0.0,0,254.35,700,27.28,-1
-0.2,-0.5,0.25,0.0,90.0,0.0,0,184.594,700,27.11,-1
-0.2,-0.5,0.35,0.0,90.0,0.0,0,109.865,700,27.31,-1
-0.2,-0.5,0.45,0.0,90.0,0.0,0,124.54,700,27.38,-1
-0.2,-0.5,0.55,0.0,90.0,0.0,0,156.435,700,27.38,-1
-0.2,-0.5,0.65,0.0,90.0,0.0,0,106.731,700,27.21,-1
-0.2,-0.5,0.75,0.0,90.0,0.0,0,66.493,700,27.44,-1
-0.2,-0.5,0.85,0.0,90.0,0.0,0,52.488,700,27.01,-1
-0.2,-0.5,0.95,0.0,90.0,0.0,0,70.49,700,27.13,-1
-0.2,-0.4,0.05,0.0,90.0,0.0,0,364.386,700,27.17,-1
-0.2,-0.4,0.15,0.0,90.0,0.0,0,215.776,700,26.92,-1
-0.2,-0.4,0.25,0.0,90.0,0.0,0,149.761,700,26.86,-1
-0.2,-0.4,0.35,0.0,90.0,0.0,0,117.183,700,27.16,-1
-0.2,-0.4,0.45,0.0,90.0,0.0,0,136.866,700,27.24,-1
-0.2,-0.4,0.55,0.0,90.0,0.0,0,134.691,700,27.03,-1
-0.2,-0.4,0.65,0.0,90.0,0.0,0,68.418,700,26.97,-1
-0.2,-0.4,0.75,0.0,90.0,0.0,0,19.768,700,26.83,-1
-0.2,-0.4,0.85,0.0,90.0,0.0,1,2.608,15,0.59,0
-0.2,-0.4,0.95,0.0,90.0,0.0,0,17.585,700,26.35,-1
-0.2,-0.3,0.05,0.0,90.0,0.0,0,271.47,700,27.39,-1
-0.2,-0.3,0.15,0.0,90.0,0.0,0,191.455,700,26.9,-1
-0.2,-0.3,0.25,0.0,90.0,0.0,0,134.962,700,27.53,-1
-0.2,-0.3,0.35,0.0,90.0,0.0,0,130.519,700,27.32,-1
-0.2,-0.3,0.45,0.0,90.0,0.0,0,116.595,700,27.59,-1
-0.2,-0.3,0.55,0.0,90.0,0.0,0,127.883,700,27.32,-1
-0.2,-0.3,0.65,0.0,90.0,0.0,0,56.907,700,27.04,-1
-0.2,-0.3,0.75,0.0,90.0,0.0,1,3.923,100,3.82,0
-0.2,-0.3,0.85,0.0,90.0,0.0,1,2.006,15,0.61,0
-0.2,-0.3,0.95,0.0,90.0,0.0,1,2.316,12,0.48,0
-0.2,-0.2,0.05,0.0,90.0,0.0,0,257.047,700,27.11,-1
-0.2,-0.2,0.15,0.0,90.0,0.0,0,181.209,700,26.95,-1
-0.2,-0.2,0.25,0.0,90.0,0.0,0,126.354,700,27.2,-1
-0.2,-0.2,0.35,0.0,90.0,0.0,0,136.586,700,27.24,-1
-0.2,-0.2,0.45,0.0,90.0,0.0,0,185.125,700,27.7,-1
-0.2,-0.2,0.55,0.0,90.0,0.0,0,182.248,700,28.12,-1
-0.2,-0.2,0.65,0.0,90.0,0.0,0,123.727,700,27.76,-1
-0.2,-0.2,0.75,0.0,90.0,0.0,0,27.736,700,27.27,-1
-0.2,-0.2,0.85,0.0,90.0,0.0,1,2.413,15,0.59,0
-0.2,-0.2,0.95,0.0,90.0,0.0,1,1.675,11,0.44,0
-0.2,-0.1,0.05,0.0,90.0,0.0,0,260.928,700,27.74,-1
-0.2,-0.1,0.15,0.0,90.0,0.0,0,182.908,700,27.6,-1
-0.2,-0.1,0.25,0.0,90.0,0.0,0,136.166,700,27.5,-1
-0.2,-0.1,0.35,0.0,90.0,0.0,0,137.324,700,27.33,-1
-0.2,-0.1,0.45,0.0,90.0,0.0,0,164.848,700,27.95,-1
-0.2,-0.1,0.55,0.0,90.0,0.0,0,144.222,700,28.23,-1
-0.2,-0.1,0.65,0.0,90.0,0.0,0,74.29,700,28.2,-1
-0.2,-0.1,0.75,0.0,90.0,0.0,0,22.618,700,28.11,-1
-0.2,-0.1,0.85,0.0,90.0,0.0,1,1.645,9,0.37,0
-0.2,-0.1,0.95,0.0,90.0,0.0,1,2.211,8,0.33,0
-0.1,-0.7,0.05,0.0,90.0,0.0,0,495.405,700,26.82,-1
-0.1,-0.7,0.15,0.0,90.0,0.0,0,344.945,700,26.82,-1
-0.1,-0.7,0.25,0.0,90.0,0.0,0,289.035,700,26.98,-1
-0.1,-0.7,0.35,0.0,90.0,0.0,0,246.504,700,27.23,-1
-0.1,-0.7,0.45,0.0,90.0,0.0,0,192.356,700,27.96,-1
-0.1,-0.7,0.55,0.0,90.0,0.0,0,177.431,700,27.87,-1
-0.1,-0.7,0.65,0.0,90.0,0.0,0,194.426,700,27.16,-1
-0.1,-0.7,0.75,0.0,90.0,0.0,0,174.403,700,27.49,-1
-0.1,-0.7,0.85,0.0,90.0,0.0,0,175.013,700,27.44,-1
-0.1,-0.7,0.95,0.0,90.0,0.0,0,190.76,700,27.84,-1
-0.1,-0.6,0.05,0.0,90.0,0.0,0,431.646,700,26.88,-1
-0.1,-0.6,0.15,0.0,90.0,0.0,0,279.779,700,26.63,-1
-0.1,-0.6,0.25,0.0,90.0,0.0,0,204.661,700,26.83,-1
-0.1,-0.6,0.35,0.0,90.0,0.0,0,148.638,700,28.01,-1
-0.1,-0.6,0.45,0.0,90.0,0.0,0,109.077,700,27.93,-1
-0.1,-0.6,0.55,0.0,90.0,0.0,0,96.307,700,27.63,-1
-0.1,-0.6,0.65,0.0,90.0,0.0,0,108.311,700,27.92,-1
-0.1,-0.6,0.75,0.0,90.0,0.0,0,94.774,700,26.74,-1
-0.1,-0.6,0.85,0.0,90.0,0.0,0,83.67,700,26.89,-1
-0.1,-0.6,0.95,0.0,90.0,0.0,0,102.099,700,28.08,-1
-0.1,-0.5,0.05,0.0,90.0,0.0,0,307.648,700,27.04,-1
-0.1,-0.5,0.15,0.0,90.0,0.0,0,223.405,700,26.91,-1
-0.1,-0.5,0.25,0.0,90.0,0.0,0,145.4,700,26.83,-1
-0.1,-0.5,0.35,0.0,90.0,0.0,0,80.39,700,26.77,-1
-0.1,-0.5,0.45,0.0,90.0,0.0,0,61.862,700,26.76,-1
-0.1,-0.5,0.55,0.0,90.0,0.0,0,89.01,700,26.92,-1
-0.1,-0.5,0.65,0.0,90.0,0.0,0,66.141,700,27.72,-1
-0.1,-0.5,0.75,0.0,90.0,0.0,0,17.817,700,27.28,-1
-0.1,-0.5,0.85,0.0,90.0,0.0,1,1.363,16,0.63,0
-0.1,-0.5,0.95,0.0,90.0,0.0,0,18.891,700,26.94,-1
-0.1,-0.4,0.05,0.0,90.0,0.0,0,267.432,700,27.13,-1
-0.1,-0.4,0.15,0.0,90.0,0.0,0,178.764,700,26.85,-1
-0.1,-0.4,0.25,0.0,90.0,0.0,0,98.783,700,26.96,-1
-0.1,-0.4,0.35,0.0,90.0,0.0,0,61.901,700,27.0,-1
-0.1,-0.4,0.45,0.0,90.0,0.0,0,70.197,700,27.23,-1
-0.1,-0.4,0.55,0.0,90.0,0.0,0,76.091,700,26.82,-1
-0.1,-0.4,0.65,0.0,90.0,0.0,0,20.389,700,26.77,-1
-0.1,-0.4,0.75,0.0,90.0,0.0,1,1.84,9,0.37,0
-0.1,-0.4,0.85,0.0,90.0,0.0,1,1.979,11,0.44,0
-0.1,-0.4,0.95,0.0,90.0,0.0,1,0.524,22,0.84,0
-0.1,-0.3,0.05,0.0,90.0,0.0,0,239.756,700,27.16,-1
-0.1,-0.3,0.15,0.0,90.0,0.0,0,148.383,700,26.92,-1
-0.1,-0.3,0.25,0.0,90.0,0.0,0,75.107,700,27.34,-1
-0.1,-0.3,0.35,0.0,90.0,0.0,0,67.113,700,27.48,-1
-0.1,-0.3,0.45,0.0,90.0,0.0,0,77.536,700,27.45,-1
-0.1,-0.3,0.55,0.0,90.0,0.0,0,89.426,700,27.21,-1
-0.1,-0.3,0.65,0.0,90.0,0.0,1,4.75,100,3.82,0
-0.1,-0.3,0.75,0.0,90.0,0.0,1,2.888,14,0.56,0
-0.1,-0.3,0.85,0.0,90.0,0.0,1,1.724,9,0.36,0
-0.1,-0.3,0.95,0.0,90.0,0.0,1,0.66,14,0.54,0
-0.1,-0.2,0.05,0.0,90.0,0.0,0,225.406,700,27.39,-1
-0.1,-0.2,0.15,0.0,90.0,0.0,0,133.771,700,26.8,-1
-0.1,-0.2,0.25,0.0,90.0,0.0,0,70.242,700,26.83,-1
-0.1,-0.2,0.35,0.0,90.0,0.0,0,70.227,700,26.9,-1
-0.1,-0.2,0.45,0.0,90.0,0.0,0,81.871,700,27.54,-1
-0.1,-0.2,0.55,0.0,90.0,0.0,0,93.643,700,28.2,-1
-0.1,-0.2,0.65,0.0,90.0,0.0,0,93.32,700,28.08,-1
-0.1,-0.2,0.75,0.0,90.0,0.0,0,27.46,700,26.99,-1
-0.1,-0.2,0.85,0.0,90.0,0.0,1,0.718,9,0.38,0
-0.1,-0.2,0.95,0.0,90.0,0.0,1,1.211,106,4.16,1
-0.1,-0.1,0.05,0.0,90.0,0.0,0,226.713,700,27.72,-1
-0.1,-0.1,0.15,0.0,90.0,0.0,0,134.796,700,27.64,-1
-0.1,-0.1,0.25,0.0,90.0,0.0,0,64.77,700,27.46,-1
-0.1,-0.1,0.35,0.0,90.0,0.0,0,70.611,700,27.33,-1
-0.1,-0.1,0.45,0.0,90.0,0.0,0,104.078,700,27.45,-1
-0.1,-0.1,0.55,0.0,90.0,0.0,0,110.646,700,28.05,-1
-0.1,-0.1,0.65,0.0,90.0,0.0,0,45.488,700,28.25,-1
-0.1,-0.1,0.75,0.0,90.0,0.0,0,196.531,700,28.45,-1
-0.1,-0.1,0.85,0.0,90.0,0.0,1,1.269,7,0.29,0
-0.1,-0.1,0.95,0.0,90.0,0.0,1,1.1,7,0.28,0
0.0,-0.7,0.05,0.0,90.0,0.0,0,415.777,700,26.61,-1
0.0,-0.7,0.15,0.0,90.0,0.0,0,337.937,700,26.61,-1
0.0,-0.7,0.25,0.0,90.0,0.0,0,276.138,700,27.03,-1
0.0,-0.7,0.35,0.0,90.0,0.0,0,265.721,700,26.15,-1
0.0,-0.7,0.45,0.0,90.0,0.0,0,179.134,700,27.44,-1
0.0,-0.7,0.55,0.0,90.0,0.0,0,163.099,700,27.25,-1
0.0,-0.7,0.65,0.0,90.0,0.0,0,170.182,700,27.45,-1
0.0,-0.7,0.75,0.0,90.0,0.0,0,169.334,700,27.05,-1
0.0,-0.7,0.85,0.0,90.0,0.0,0,162.635,700,27.07,-1
0.0,-0.7,0.95,0.0,90.0,0.0,0,174.239,700,27.55,-1
0.0,-0.6,0.05,0.0,90.0,0.0,0,350.935,700,26.59,-1
0.0,-0.6,0.15,0.0,90.0,0.0,0,270.873,700,26.22,-1
0.0,-0.6,0.25,0.0,90.0,0.0,0,196.509,700,26.13,-1
0.0,-0.6,0.35,0.0,90.0,0.0,0,132.113,700,27.43,-1
0.0,-0.6,0.45,0.0,90.0,0.0,0,86.433,700,27.5,-1
0.0,-0.6,0.55,0.0,90.0,0.0,0,68.753,700,26.85,-1
0.0,-0.6,0.65,0.0,90.0,0.0,0,82.109,700,27.61,-1
0.0,-0.6,0.75,0.0,90.0,0.0,0,120.501,700,27.02,-1
0.0,-0.6,0.85,0.0,90.0,0.0,0,68.851,700,26.19,-1
0.0,-0.6,0.95,0.0,90.0,0.0,0,103.364,700,27.46,-1
0.0,-0.5,0.05,0.0,90.0,0.0,0,298.829,700,26.3,-1
0.0,-0.5,0.15,0.0,90.0,0.0,0,212.358,700,26.33,-1
0.0,-0.5,0.25,0.0,90.0,0.0,0,130.363,700,26.06,-1
0.0,-0.5,0.35,0.0,90.0,0.0,0,55.911,700,26.04,-1
0.0,-0.5,0.45,0.0,90.0,0.0,1,2.431,6,0.25,0
0.0,-0.5,0.55,0.0,90.0,0.0,1,1.742,6,0.25,0
0.0,-0.5,0.65,0.0,90.0,0.0,1,3.041,100,3.74,0
0.0,-0.5,0.75,0.0,90.0,0.0,1,2.916,408,15.32,4
0.0,-0.5,0.85,0.0,90.0,0.0,1,1.4,18,0.7,0
0.0,-0.5,0.95,0.0,90.0,0.0,1,5.586,100,3.73,0
0.0,-0.4,0.05,0.0,90.0,0.0,0,257.304,700,26.17,-1
0.0,-0.4,0.15,0.0,90.0,0.0,0,164.89,700,26.11,-1
0.0,-0.4,0.25,0.0,90.0,0.0,0,75.34,700,26.21,-1
0.0,-0.4,0.35,0.0,90.0,0.0,1,2.38,207,8.11,2
0.0,-0.4,0.45,0.0,90.0,0.0,1,2.638,8,0.33,0
0.0,-0.4,0.55,0.0,90.0,0.0,1,3.037,600,23.29,5
0.0,-0.4,0.65,0.0,90.0,0.0,1,9.466,100,3.96,0
0.0,-0.4,0.75,0.0,90.0,0.0,1,2.189,28,1.09,0
0.0,-0.4,0.85,0.0,90.0,0.0,1,1.563,15,0.6,0
0.0,-0.4,0.95,0.0,90.0,0.0,1,0.802,12,0.47,0
0.0,-0.3,0.05,0.0,90.0,0.0,0,228.356,700,26.45,-1
0.0,-0.3,0.15,0.0,90.0,0.0,0,131.247,700,26.61,-1
0.0,-0.3,0.25,0.0,90.0,0.0,0,35.347,700,26.34,-1
0.0,-0.3,0.35,0.0,90.0,0.0,1,0.627,211,8.42,2
0.0,-0.3,0.45,0.0,90.0,0.0,1,1.11,6,0.25,0
0.0,-0.3,0.55,0.0,90.0,0.0,1,3.761,300,11.55,2
0.0,-0.3,0.65,0.0,90.0,0.0,1,3.25,100,3.74,0
0.0,-0.3,0.75,0.0,90.0,0.0,1,2.919,16,0.63,0
0.0,-0.3,0.85,0.0,90.0,0.0,1,2.313,14,0.54,0
0.0,-0.3,0.95,0.0,90.0,0.0,1,1.059,8,0.32,0
0.0,-0.2,0.05,0.0,90.0,0.0,0,213.669,700,26.4,-1
0.0,-0.2,0.15,0.0,90.0,0.0,0,113.973,700,26.36,-1
0.0,-0.2,0.25,0.0,90.0,0.0,0,14.422,700,26.15,-1
0.0,-0.2,0.35,0.0,90.0,0.0,1,1.327,10,0.41,0
0.0,-0.2,0.45,0.0,90.0,0.0,1,1.104,6,0.26,0
0.0,-0.2,0.55,0.0,90.0,0.0,0,19.355,700,27.52,-1
0.0,-0.2,0.65,0.0,90.0,0.0,0,82.491,700,26.9,-1
0.0,-0.2,0.75,0.0,90.0,0.0,0,79.441,700,26.09,-1
0.0,-0.2,0.85,0.0,90.0,0.0,1,1.268,5,0.21,0
0.0,-0.2,0.95,0.0,90.0,0.0,1,2.599,8,0.32,0
0.0,-0.1,0.05,0.0,90.0,0.0,0,214.208,700,26.32,-1
0.0,-0.1,0.15,0.0,90.0,0.0,0,114.61,700,26.06,-1
0.0,-0.1,0.25,0.0,90.0,0.0,0,15.189,700,26.06,-1
0.0,-0.1,0.35,0.0,90.0,0.0,1,0.953,7,0.3,0
0.0,-0.1,0.45,0.0,90.0,0.0,0,71.382,700,26.74,-1
0.0,-0.1,0.55,0.0,90.0,0.0,0,112.977,700,27.01,-1
0.0,-0.1,0.65,0.0,90.0,0.0,0,119.219,700,27.57,-1
0.0,-0.1,0.75,0.0,90.0,0.0,0,74.629,700,26.23,-1
0.0,-0.1,0.85,0.0,90.0,0.0,1,1.321,8,0.33,0
0.0,-0.1,0.95,0.0,90.0,0.0,1,1.076,6,0.25,0
0.1,-0.7,0.05,0.0,90.0,0.0,0,436.157,700,26.61,-1
0.1,-0.7,0.15,0.0,90.0,0.0,0,344.403,700,26.15,-1
0.1,-0.7,0.25,0.0,90.0,0.0,0,281.306,700,26.51,-1
0.1,-0.7,0.35,0.0,90.0,0.0,0,280.696,700,26.46,-1
0.1,-0.7,0.45,0.0,90.0,0.0,0,184.902,700,26.94,-1
0.1,-0.7,0.55,0.0,90.0,0.0,0,159.801,700,27.52,-1
0.1,-0.7,0.65,0.0,90.0,0.0,0,162.776,700,27.19,-1
0.1,-0.7,0.75,0.0,90.0,0.0,0,162.735,700,26.77,-1
0.1,-0.7,0.85,0.0,90.0,0.0,0,158.679,700,27.52,-1
0.1,-0.7,0.95,0.0,90.0,0.0,0,182.029,700,27.28,-1
0.1,-0.6,0.05,0.0,90.0,0.0,0,357.373,700,26.05,-1
0.1,-0.6,0.15,0.0,90.0,0.0,0,277.912,700,26.05,-1
0.1,-0.6,0.25,0.0,90.0,0.0,0,204.365,700,26.49,-1
0.1,-0.6,0.35,0.0,90.0,0.0,0,140.267,700,27.26,-1
0.1,-0.6,0.45,0.0,90.0,0.0,0,93.364,700,27.51,-1
0.1,-0.6,0.55,0.0,90.0,0.0,0,70.832,700,26.67,-1
0.1,-0.6,0.65,0.0,90.0,0.0,0,71.699,700,26.88,-1
0.1,-0.6,0.75,0.0,90.0,0.0,0,70.076,700,26.64,-1
0.1,-0.6,0.85,0.0,90.0,0.0,0,68.208,700,26.7,-1
0.1,-0.6,0.95,0.0,90.0,0.0,0,94.821,700,26.94,-1
0.1,-0.5,0.05,0.0,90.0,0.0,0,305.602,700,26.04,-1
0.1,-0.5,0.15,0.0,90.0,0.0,0,220.024,700,26.11,-1
0.1,-0.5,0.25,0.0,90.0,0.0,0,139.124,700,26.09,-1
0.1,-0.5,0.35,0.0,90.0,0.0,0,65.169,700,26.33,-1
0.1,-0.5,0.45,0.0,90.0,0.0,1,5.424,500,18.85,4
0.1,-0.5,0.55,0.0,90.0,0.0,1,2.82,5,0.21,0
0.1,-0.5,0.65,0.0,90.0,0.0,1,2.435,18,0.68,0
0.1,-0.5,0.75,0.0,90.0,0.0,1,1.441,8,0.32,0
0.1,-0.5,0.85,0.0,90.0,0.0,1,0.677,9,0.36,0
0.1,-0.5,0.95,0.0,90.0,0.0,0,11.409,700,26.1,-1
0.1,-0.4,0.05,0.0,90.0,0.0,0,264.478,700,26.07,-1
0.1,-0.4,0.15,0.0,90.0,0.0,0,173.154,700,26.0,-1
0.1,-0.4,0.25,0.0,90.0,0.0,0,85.026,700,26.13,-1
0.1,-0.4,0.35,0.0,90.0,0.0,1,5.571,100,3.7,0
0.1,-0.4,0.45,0.0,90.0,0.0,1,0.417,11,0.43,0
0.1,-0.4,0.55,0.0,90.0,0.0,1,1.987,5,0.21,0
0.1,-0.4,0.65,0.0,90.0,0.0,1,2.953,24,0.92,0
0.1,-0.4,0.75,0.0,90.0,0.0,1,2.803,21,0.8,0
0.1,-0.4,0.85,0.0,90.0,0.0,1,2.148,9,0.35,0
0.1,-0.4,0.95,0.0,90.0,0.0,1,0.68,10,0.39,0
0.1,-0.3,0.05,0.0,90.0,0.0,0,235.84,700,26.07,-1
0.1,-0.3,0.15,0.0,90.0,0.0,0,139.994,700,26.06,-1
0.1,-0.3,0.25,0.0,90.0,0.0,0,45.837,700,26.03,-1
0.1,-0.3,0.35,0.0,90.0,0.0,1,0.666,7,0.29,0
0.1,-0.3,0.45,0.0,90.0,0.0,1,2.344,20,0.8,0
0.1,-0.3,0.55,0.0,90.0,0.0,1,1.925,7,0.28,0
0.1,-0.3,0.65,0.0,90.0,0.0,1,2.09,4,0.17,0
0.1,-0.3,0.75,0.0,90.0,0.0,1,2.585,7,0.28,0
0.1,-0.3,0.85,0.0,90.0,0.0,1,1.532,10,0.39,0
0.1,-0.3,0.95,0.0,90.0,0.0,1,0.775,6,0.24,0
0.1,-0.2,0.05,0.0,90.0,0.0,0,221.32,700,26.06,-1
0.1,-0.2,0.15,0.0,90.0,0.0,0,122.99,700,26.04,-1
0.1,-0.2,0.25,0.0,90.0,0.0,0,25.376,700,26.12,-1
0.1,-0.2,0.35,0.0,90.0,0.0,1,0.344,112,4.32,1
0.1,-0.2,0.45,0.0,90.0,0.0,1,0.558,14,0.56,0
0.1,-0.2,0.55,0.0,90.0,0.0,1,6.384,200,7.65,1
0.1,-0.2,0.65,0.0,90.0,0.0,0,28.963,700,26.85,-1
0.1,-0.2,0.75,0.0,90.0,0.0,0,27.253,700,26.22,-1
0.1,-0.2,0.85,0.0,90.0,0.0,1,0.708,4,0.17,0
0.1,-0.2,0.95,0.0,90.0,0.0,1,1.503,5,0.21,0
0.1,-0.1,0.05,0.0,90.0,0.0,0,221.853,700,26.11,-1
0.1,-0.1,0.15,0.0,90.0,0.0,0,123.612,700,26.12,-1
0.1,-0.1,0.25,0.0,90.0,0.0,0,26.134,700,26.18,-1
0.1,-0.1,0.35,0.0,90.0,0.0,1,0.745,7,0.29,0
0.1,-0.1,0.45,0.0,90.0,0.0,0,59.168,700,26.77,-1
0.1,-0.1,0.55,0.0,90.0,0.0,0,75.148,700,27.01,-1
0.1,-0.1,0.65,0.0,90.0,0.0,0,30.951,700,27.54,-1
0.1,-0.1,0.75,0.0,90.0,0.0,0,24.534,700,26.02,-1
0.1,-0.1,0.85,0.0,90.0,0.0,1,0.974,6,0.25,0
0.1,-0.1,0.95,0.0,90.0,0.0,1,1.783,9,0.36,0
0.2,-0.7,0.05,0.0,90.0,0.0,0,467.684,700,27.47,-1
0.2,-0.7,0.15,0.0,90.0,0.0,0,370.212,700,26.77,-1
0.2,-0.7,0.25,0.0,90.0,0.0,0,299.756,700,26.82,-1
0.2,-0.7,0.35,0.0,90.0,0.0,0,315.992,700,26.32,-1
0.2,-0.7,0.45,0.0,90.0,0.0,0,265.278,700,25.91,-1
0.2,-0.7,0.55,0.0,90.0,0.0,0,179.355,700,26.73,-1
0.2,-0.7,0.65,0.0,90.0,0.0,0,169.23,700,27.42,-1
0.2,-0.7,0.75,0.0,90.0,0.0,0,167.031,700,27.52,-1
0.2,-0.7,0.85,0.0,90.0,0.0,0,180.043,700,27.19,-1
0.2,-0.7,0.95,0.0,90.0,0.0,0,208.019,700,27.19,-1
0.2,-0.6,0.05,0.0,90.0,0.0,0,375.954,700,26.91,-1
0.2,-0.6,0.15,0.0,90.0,0.0,0,298.62,700,26.24,-1
0.2,-0.6,0.25,0.0,90.0,0.0,0,227.376,700,26.13,-1
0.2,-0.6,0.35,0.0,90.0,0.0,0,165.742,700,26.45,-1
0.2,-0.6,0.45,0.0,90.0,0.0,0,116.302,700,27.4,-1
0.2,-0.6,0.55,0.0,90.0,0.0,0,86.698,700,27.29,-1
0.2,-0.6,0.65,0.0,90.0,0.0,0,75.126,700,26.74,-1
0.2,-0.6,0.75,0.0,90.0,0.0,0,75.33,700,27.14,-1
0.2,-0.6,0.85,0.0,90.0,0.0,0,87.512,700,26.91,-1
0.2,-0.6,0.95,0.0,90.0,0.0,0,117.904,700,27.19,-1
0.2,-0.5,0.05,0.0,90.0,0.0,0,325.565,700,26.1,-1
0.2,-0.5,0.15,0.0,90.0,0.0,0,242.505,700,26.02,-1
0.2,-0.5,0.25,0.0,90.0,0.0,0,164.639,700,26.14,-1
0.2,-0.5,0.35,0.0,90.0,0.0,0,94.253,700,26.11,-1
0.2,-0.5,0.45,0.0,90.0,0.0,0,35.046,700,27.13,-1
0.2,-0.5,0.55,0.0,90.0,0.0,1,2.822,108,4.0,1
0.2,-0.5,0.65,0.0,90.0,0.0,1,2.95,8,0.31,0
0.2,-0.5,0.75,0.0,90.0,0.0,1,1.766,8,0.31,0
0.2,-0.5,0.85,0.0,90.0,0.0,1,5.481,100,3.7,0
0.2,-0.5,0.95,0.0,90.0,0.0,0,37.108,700,26.0,-1
0.2,-0.4,0.05,0.0,90.0,0.0,0,285.576,700,26.05,-1
0.2,-0.4,0.15,0.0,90.0,0.0,0,197.299,700,26.03,-1
0.2,-0.4,0.25,0.0,90.0,0.0,0,113.061,700,26.38,-1
0.2,-0.4,0.35,0.0,90.0,0.0,0,35.028,700,26.13,-1
0.2,-0.4,0.45,0.0,90.0,0.0,1,0.91,207,7.9,2
0.2,-0.4,0.55,0.0,90.0,0.0,1,0.86,406,14.77,4
0.2,-0.4,0.65,0.0,90.0,0.0,1,2.105,3,0.13,0
0.2,-0.4,0.75,0.0,90.0,0.0,1,0.947,7,0.28,0
0.2,-0.4,0.85,0.0,90.0,0.0,1,0.421,8,0.32,0
0.2,-0.4,0.95,0.0,90.0,0.0,1,2.333,5,0.21,0
0.2,-0.3,0.05,0.0,90.0,0.0,0,257.805,700,26.13,-1
0.2,-0.3,0.15,0.0,90.0,0.0,0,165.472,700,26.25,-1
0.2,-0.3,0.25,0.0,90.0,0.0,0,76.025,700,26.14,-1
0.2,-0.3,0.35,0.0,90.0,0.0,1,2.434,7,0.29,0
0.2,-0.3,0.45,0.0,90.0,0.0,1,0.332,5,0.21,0
0.2,-0.3,0.55,0.0,90.0,0.0,1,0.627,6,0.25,0
0.2,-0.3,0.65,0.0,90.0,0.0,1,2.587,3,0.13,0
0.2,-0.3,0.75,0.0,90.0,0.0,1,1.614,4,0.17,0
0.2,-0.3,0.85,0.0,90.0,0.0,1,0.523,6,0.24,0
0.2,-0.3,0.95,0.0,90.0,0.0,1,0.859,6,0.24,0
0.2,-0.2,0.05,0.0,90.0,0.0,0,243.755,700,26.14,-1
0.2,-0.2,0.15,0.0,90.0,0.0,0,149.209,700,26.06,-1
0.2,-0.2,0.25,0.0,90.0,0.0,0,56.814,700,25.98,-1
0.2,-0.2,0.35,0.0,90.0,0.0,1,1.055,6,0.25,0
0.2,-0.2,0.45,0.0,90.0,0.0,1,0.249,8,0.32,0
0.2,-0.2,0.55,0.0,90.0,0.0,1,1.617,5,0.21,0
0.2,-0.2,0.65,0.0,90.0,0.0,1,1.835,212,8.06,2
0.2,-0.2,0.75,0.0,90.0,0.0,1,2.65,6,0.25,0
0.2,-0.2,0.85,0.0,90.0,0.0,1,0.709,7,0.28,0
0.2,-0.2,0.95,0.0,90.0,0.0,1,1.329,8,0.32,0
0.2,-0.1,0.05,0.0,90.0,0.0,0,244.273,700,26.09,-1
0.2,-0.1,0.15,0.0,90.0,0.0,0,149.807,700,26.13,-1
0.2,-0.1,0.25,0.0,90.0,0.0,0,57.524,700,26.05,-1
0.2,-0.1,0.35,0.0,90.0,0.0,1,0.995,106,4.09,1
0.2,-0.1,0.45,0.0,90.0,0.0,0,23.268,700,26.89,-1
0.2,-0.1,0.55,0.0,90.0,0.0,0,70.892,700,26.66,-1
0.2,-0.1,0.65,0.0,90.0,0.0,1,2.143,507,19.42,5
0.2,-0.1,0.75,0.0,90.0,0.0,1,1.716,211,8.75,2
0.2,-0.1,0.85,0.0,90.0,0.0,1,1.52,10,0.41,0
0.2,-0.1,0.95,0.0,90.0,0.0,1,1.134,11,0.44,0
0.3,-0.7,0.05,0.0,90.0,0.0,0,515.418,700,27.09,-1
0.3,-0.7,0.15,0.0,90.0,0.0,0,395.21,700,26.65,-1
0.3,-0.7,0.25,0.0,90.0,0.0,0,331.724,700,26.88,-1
0.3,-0.7,0.35,0.0,90.0,0.0,0,278.983,700,26.77,-1
0.3,-0.7,0.45,0.0,90.0,0.0,0,331.087,700,26.67,-1
0.3,-0.7,0.55,0.0,90.0,0.0,0,211.482,700,25.96,-1
0.3,-0.7,0.65,0.0,90.0,0.0,0,205.855,700,26.89,-1
0.3,-0.7,0.75,0.0,90.0,0.0,0,206.474,700,27.35,-1
0.3,-0.7,0.85,0.0,90.0,0.0,0,493.737,700,27.19,-1
0.3,-0.7,0.95,0.0,90.0,0.0,0,240.637,700,27.08,-1
0.3,-0.6,0.05,0.0,90.0,0.0,0,406.342,700,26.87,-1
0.3,-0.6,0.15,0.0,90.0,0.0,0,331.898,700,26.28,-1
0.3,-0.6,0.25,0.0,90.0,0.0,0,264.049,700,26.05,-1
0.3,-0.6,0.35,0.0,90.0,0.0,0,204.678,700,26.13,-1
0.3,-0.6,0.45,0.0,90.0,0.0,0,156.926,700,26.93,-1
0.3,-0.6,0.55,0.0,90.0,0.0,0,124.651,700,27.43,-1
0.3,-0.6,0.65,0.0,90.0,0.0,0,109.039,700,27.48,-1
0.3,-0.6,0.75,0.0,90.0,0.0,0,109.353,700,27.29,-1
0.3,-0.6,0.85,0.0,90.0,0.0,0,125.624,700,26.81,-1
0.3,-0.6,0.95,0.0,90.0,0.0,0,158.558,700,26.36,-1
0.3,-0.5,0.05,0.0,90.0,0.0,0,357.876,700,26.59,-1
0.3,-0.5,0.15,0.0,90.0,0.0,0,278.399,700,26.34,-1
0.3,-0.5,0.25,0.0,90.0,0.0,0,204.912,700,25.99,-1
0.3,-0.5,0.35,0.0,90.0,0.0,0,139.472,700,26.02,-1
0.3,-0.5,0.45,0.0,90.0,0.0,0,85.125,700,26.01,-1
0.3,-0.5,0.55,0.0,90.0,0.0,0,45.804,700,26.38,-1
0.3,-0.5,0.65,0.0,90.0,0.0,0,34.545,700,26.21,-1
0.3,-0.5,0.75,0.0,90.0,0.0,0,26.442,700,26.02,-1
0.3,-0.5,0.85,0.0,90.0,0.0,0,47.026,700,25.91,-1
0.3,-0.5,0.95,0.0,90.0,0.0,0,104.084,700,25.69,-1
0.3,-0.4,0.05,0.0,90.0,0.0,0,319.433,700,26.08,-1
0.3,-0.4,0.15,0.0,90.0,0.0,0,235.616,700,26.03,-1
0.3,-0.4,0.25,0.0,90.0,0.0,0,156.847,700,26.14,-1
0.3,-0.4,0.35,0.0,90.0,0.0,0,85.41,700,26.59,-1
0.3,-0.4,0.45,0.0,90.0,0.0,0,24.725,700,25.93,-1
0.3,-0.4,0.55,0.0,90.0,0.0,1,1.797,6,0.25,0
0.3,-0.4,0.65,0.0,90.0,0.0,1,2.128,6,0.24,0
0.3,-0.4,0.75,0.0,90.0,0.0,1,1.748,7,0.28,0
0.3,-0.4,0.85,0.0,90.0,0.0,1,2.661,6,0.24,0
0.3,-0.4,0.95,0.0,90.0,0.0,0,27.09,700,25.57,-1
0.3,-0.3,0.05,0.0,90.0,0.0,0,292.953,700,26.06,-1
0.3,-0.3,0.15,0.0,90.0,0.0,0,205.692,700,26.03,-1
0.3,-0.3,0.25,0.0,90.0,0.0,0,122.72,700,26.35,-1
0.3,-0.3,0.35,0.0,90.0,0.0,0,46.251,700,26.07,-1
0.3,-0.3,0.45,0.0,90.0,0.0,1,2.115,5,0.21,0
0.3,-0.3,0.55,0.0,90.0,0.0,1,0.876,5,0.21,0
0.3,-0.3,0.65,0.0,90.0,0.0,1,0.384,6,0.24,0
0.3,-0.3,0.75,0.0,90.0,0.0,1,1.161,6,0.24,0
0.3,-0.3,0.85,0.0,90.0,0.0,1,1.307,9,0.35,0
0.3,-0.3,0.95,0.0,90.0,0.0,1,2.644,14,0.54,0
0.3,-0.2,0.05,0.0,90.0,0.0,0,279.592,700,25.97,-1
0.3,-0.2,0.15,0.0,90.0,0.0,0,190.474,700,25.96,-1
0.3,-0.2,0.25,0.0,90.0,0.0,0,105.174,700,26.04,-1
0.3,-0.2,0.35,0.0,90.0,0.0,0,32.828,700,25.96,-1
0.3,-0.2,0.45,0.0,90.0,0.0,1,1.534,5,0.21,0
0.3,-0.2,0.55,0.0,90.0,0.0,1,1.054,5,0.21,0
0.3,-0.2,0.65,0.0,90.0,0.0,1,0.456,6,0.24,0
0.3,-0.2,0.75,0.0,90.0,0.0,1,0.645,8,0.32,0
0.3,-0.2,0.85,0.0,90.0,0.0,1,0.754,11,0.44,0
0.3,-0.2,0.95,0.0,90.0,0.0,1,1.164,108,4.5,1
0.3,-0.1,0.05,0.0,90.0,0.0,0,280.077,700,26.09,-1
0.3,-0.1,0.15,0.0,90.0,0.0,0,191.032,700,25.96,-1
0.3,-0.1,0.25,0.0,90.0,0.0,0,105.821,700,25.94,-1
0.3,-0.1,0.35,0.0,90.0,0.0,0,26.565,700,25.93,-1
0.3,-0.1,0.45,0.0,90.0,0.0,1,1.531,5,0.22,0
0.3,-0.1,0.55,0.0,90.0,0.0,0,11.251,700,26.56,-1
0.3,-0.1,0.65,0.0,90.0,0.0,0,34.101,700,26.77,-1
0.3,-0.1,0.75,0.0,90.0,0.0,0,33.629,700,27.06,-1
0.3,-0.1,0.85,0.0,90.0,0.0,1,9.905,300,11.73,2
0.3,-0.1,0.95,0.0,90.0,0.0,1,1.791,13,0.52,0
0.4,-0.7,0.05,0.0,90.0,0.0,0,524.688,700,27.48,-1
0.4,-0.7,0.15,0.0,90.0,0.0,0,502.656,700,27.47,-1
0.4,-0.7,0.25,0.0,90.0,0.0,0,376.019,700,27.12,-1
0.4,-0.7,0.35,0.0,90.0,0.0,0,325.45,700,26.62,-1
0.4,-0.7,0.45,0.0,90.0,0.0,0,285.954,700,26.92,-1
0.4,-0.7,0.55,0.0,90.0,0.0,0,259.417,700,27.08,-1
0.4,-0.7,0.65,0.0,90.0,0.0,0,246.405,700,27.65,-1
0.4,-0.7,0.75,0.0,90.0,0.0,0,246.668,700,27.2,-1
0.4,-0.7,0.85,0.0,90.0,0.0,0,264.193,700,26.85,-1
0.4,-0.7,0.95,0.0,90.0,0.0,0,287.294,700,26.72,-1
0.4,-0.6,0.05,0.0,90.0,0.0,0,558.003,700,27.18,-1
0.4,-0.6,0.15,0.0,90.0,0.0,0,385.297,700,26.76,-1
0.4,-0.6,0.25,0.0,90.0,0.0,0,312.381,700,26.84,-1
0.4,-0.6,0.35,0.0,90.0,0.0,0,257.157,700,26.13,-1
0.4,-0.6,0.45,0.0,90.0,0.0,0,212.744,700,26.26,-1
0.4,-0.6,0.55,0.0,90.0,0.0,0,181.684,700,26.63,-1
0.4,-0.6,0.65,0.0,90.0,0.0,0,166.7,700,26.79,-1
0.4,-0.6,0.75,0.0,90.0,0.0,0,166.299,700,26.4,-1
0.4,-0.6,0.85,0.0,90.0,0.0,0,182.633,700,26.17,-1
0.4,-0.6,0.95,0.0,90.0,0.0,0,214.291,700,25.94,-1
0.4,-0.5,0.05,0.0,90.0,0.0,0,401.726,700,26.69,-1
0.4,-0.5,0.15,0.0,90.0,0.0,0,325.827,700,26.29,-1
0.4,-0.5,0.25,0.0,90.0,0.0,0,257.373,700,26.12,-1
0.4,-0.5,0.35,0.0,90.0,0.0,0,197.378,700,26.45,-1
0.4,-0.5,0.45,0.0,90.0,0.0,0,148.439,700,25.91,-1
0.4,-0.5,0.55,0.0,90.0,0.0,0,113.519,700,26.2,-1
0.4,-0.5,0.65,0.0,90.0,0.0,0,95.39,700,26.43,-1
0.4,-0.5,0.75,0.0,90.0,0.0,0,95.981,700,26.25,-1
0.4,-0.5,0.85,0.0,90.0,0.0,0,114.616,700,25.74,-1
0.4,-0.5,0.95,0.0,90.0,0.0,0,150.153,700,25.83,-1
0.4,-0.4,0.05,0.0,90.0,0.0,0,371.676,700,26.01,-1
0.4,-0.4,0.15,0.0,90.0,0.0,0,285.853,700,25.95,-1
0.4,-0.4,0.25,0.0,90.0,0.0,0,213.204,700,26.4,-1
0.4,-0.4,0.35,0.0,90.0,0.0,0,148.695,700,26.62,-1
0.4,-0.4,0.45,0.0,90.0,0.0,0,167.314,700,26.75,-1
0.4,-0.4,0.55,0.0,90.0,0.0,0,56.612,700,26.38,-1
0.4,-0.4,0.65,0.0,90.0,0.0,0,36.299,700,25.86,-1
0.4,-0.4,0.75,0.0,90.0,0.0,0,36.723,700,26.3,-1
0.4,-0.4,0.85,0.0,90.0,0.0,0,90.304,700,25.37,-1
0.4,-0.4,0.95,0.0,90.0,0.0,0,142.622,700,25.38,-1
0.4,-0.3,0.05,0.0,90.0,0.0,0,339.478,700,26.01,-1
0.4,-0.3,0.15,0.0,90.0,0.0,0,258.096,700,25.94,-1
0.4,-0.3,0.25,0.0,90.0,0.0,0,182.198,700,26.13,-1
0.4,-0.3,0.35,0.0,90.0,0.0,0,114.063,700,26.29,-1
0.4,-0.3,0.45,0.0,90.0,0.0,0,56.916,700,25.97,-1
0.4,-0.3,0.55,0.0,90.0,0.0,0,25.863,700,25.8,-1
0.4,-0.3,0.65,0.0,90.0,0.0,1,2.733,7,0.29,0
0.4,-0.3,0.75,0.0,90.0,0.0,1,2.808,7,0.29,0
0.4,-0.3,0.85,0.0,90.0,0.0,0,16.295,700,25.59,-1
0.4,-0.3,0.95,0.0,90.0,0.0,0,58.943,700,26.0,-1
0.4,-0.2,0.05,0.0,90.0,0.0,0,326.946,700,25.89,-1
0.4,-0.2,0.15,0.0,90.0,0.0,0,244.051,700,25.82,-1
0.4,-0.2,0.25,0.0,90.0,0.0,0,166.386,700,25.88,-1
0.4,-0.2,0.35,0.0,90.0,0.0,0,96.231,700,26.05,-1
0.4,-0.2,0.45,0.0,90.0,0.0,0,36.934,700,25.98,-1
0.4,-0.2,0.55,0.0,90.0,0.0,1,2.733,7,0.29,0
0.4,-0.2,0.65,0.0,90.0,0.0,1,1.161,6,0.25,0
0.4,-0.2,0.75,0.0,90.0,0.0,1,1.091,7,0.28,0
0.4,-0.2,0.85,0.0,90.0,0.0,1,3.11,100,3.71,0
0.4,-0.2,0.95,0.0,90.0,0.0,0,39.047,700,25.95,-1
0.4,-0.1,0.05,0.0,90.0,0.0,0,327.406,700,25.92,-1
0.4,-0.1,0.15,0.0,90.0,0.0,0,244.566,700,25.83,-1
0.4,-0.1,0.25,0.0,90.0,0.0,0,166.967,700,25.81,-1
0.4,-0.1,0.35,0.0,90.0,0.0,0,96.889,700,25.8,-1
0.4,-0.1,0.45,0.0,90.0,0.0,0,37.673,700,25.82,-1
0.4,-0.1,0.55,0.0,90.0,0.0,1,2.948,6,0.25,0
0.4,-0.1,0.65,0.0,90.0,0.0,1,1.084,8,0.32,0
0.4,-0.1,0.75,0.0,90.0,0.0,1,2.146,17,0.67,0
0.4,-0.1,0.85,0.0,90.0,0.0,1,4.534,100,3.65,0
0.4,-0.1,0.95,0.0,90.0,0.0,0,39.784,700,26.11,-1
0.5,-0.7,0.05,0.0,90.0,0.0,0,590.737,700,27.46,-1
0.5,-0.7,0.15,0.0,90.0,0.0,0,528.42,700,27.55,-1
0.5,-0.7,0.25,0.0,90.0,0.0,0,448.334,700,26.93,-1
0.5,-0.7,0.35,0.0,90.0,0.0,0,382.399,700,26.7,-1
0.5,-0.7,0.45,0.0,90.0,0.0,0,345.155,700,26.75,-1
0.5,-0.7,0.55,0.0,90.0,0.0,0,319.423,700,26.79,-1
0.5,-0.7,0.65,0.0,90.0,0.0,0,306.488,700,27.26,-1
0.5,-0.7,0.75,0.0,90.0,0.0,0,324.947,700,27.51,-1
0.5,-0.7,0.85,0.0,90.0,0.0,0,320.211,700,26.93,-1
0.5,-0.7,0.95,0.0,90.0,0.0,0,346.477,700,27.52,-1
0.5,-0.6,0.05,0.0,90.0,0.0,0,552.872,700,27.05,-1
0.5,-0.6,0.15,0.0,90.0,0.0,0,440.706,700,26.7,-1
0.5,-0.6,0.25,0.0,90.0,0.0,0,370.268,700,26.32,-1
0.5,-0.6,0.35,0.0,90.0,0.0,0,319.298,700,25.91,-1
0.5,-0.6,0.45,0.0,90.0,0.0,0,278.752,700,26.28,-1
0.5,-0.6,0.55,0.0,90.0,0.0,0,251.856,700,26.41,-1
0.5,-0.6,0.65,0.0,90.0,0.0,0,236.065,700,26.68,-1
0.5,-0.6,0.75,0.0,90.0,0.0,0,236.363,700,26.07,-1
0.5,-0.6,0.85,0.0,90.0,0.0,0,251.367,700,26.14,-1
0.5,-0.6,0.95,0.0,90.0,0.0,0,280.148,700,26.35,-1
0.5,-0.5,0.05,0.0,90.0,0.0,0,485.677,700,27.0,-1
0.5,-0.5,0.15,0.0,90.0,0.0,0,382.759,700,26.21,-1
0.5,-0.5,0.25,0.0,90.0,0.0,0,319.49,700,26.39,-1
0.5,-0.5,0.35,0.0,90.0,0.0,0,264.835,700,26.52,-1
0.5,-0.5,0.45,0.0,90.0,0.0,0,293.099,700,26.07,-1
0.5,-0.5,0.55,0.0,90.0,0.0,0,190.074,700,26.04,-1
0.5,-0.5,0.65,0.0,90.0,0.0,0,174.221,700,26.51,-1
0.5,-0.5,0.75,0.0,90.0,0.0,0,174.55,700,26.07,-1
0.5,-0.5,0.85,0.0,90.0,0.0,0,191.034,700,26.14,-1
0.5,-0.5,0.95,0.0,90.0,0.0,0,222.458,700,26.17,-1
0.5,-0.4,0.05,0.0,90.0,0.0,0,458.614,700,27.67,-1
0.5,-0.4,0.15,0.0,90.0,0.0,0,345.707,700,25.92,-1
0.5,-0.4,0.25,0.0,90.0,0.0,0,279.169,700,26.05,-1
0.5,-0.4,0.35,0.0,90.0,0.0,0,221.167,700,26.05,-1
0.5,-0.4,0.45,0.0,90.0,0.0,0,174.138,700,26.4,-1
0.5,-0.4,0.55,0.0,90.0,0.0,0,140.775,700,26.13,-1
0.5,-0.4,0.65,0.0,90.0,0.0,0,123.527,700,26.38,-1
0.5,-0.4,0.75,0.0,90.0,0.0,0,123.885,700,26.02,-1
0.5,-0.4,0.85,0.0,90.0,0.0,0,175.86,700,26.15,-1
0.5,-0.4,0.95,0.0,90.0,0.0,0,175.774,700,25.84,-1
0.5,-0.3,0.05,0.0,90.0,0.0,0,500.163,700,26.8,-1
0.5,-0.3,0.15,0.0,90.0,0.0,0,320.152,700,26.22,-1
0.5,-0.3,0.25,0.0,90.0,0.0,0,251.146,700,26.12,-1
0.5,-0.3,0.35,0.0,90.0,0.0,0,190.553,700,26.45,-1
0.5,-0.3,0.45,0.0,90.0,0.0,0,141.035,700,26.0,-1
0.5,-0.3,0.55,0.0,90.0,0.0,0,105.636,700,26.67,-1
0.5,-0.3,0.65,0.0,90.0,0.0,0,87.231,700,26.39,-1
0.5,-0.3,0.75,0.0,90.0,0.0,0,87.615,700,26.09,-1
0.5,-0.3,0.85,0.0,90.0,0.0,0,106.745,700,25.86,-1
0.5,-0.3,0.95,0.0,90.0,0.0,0,142.768,700,26.06,-1
0.5,-0.2,0.05,0.0,90.0,0.0,0,383.799,700,26.02,-1
0.5,-0.2,0.15,0.0,90.0,0.0,0,307.288,700,25.89,-1
0.5,-0.2,0.25,0.0,90.0,0.0,0,236.956,700,26.13,-1
0.5,-0.2,0.35,0.0,90.0,0.0,0,174.958,700,25.93,-1
0.5,-0.2,0.45,0.0,90.0,0.0,0,124.062,700,26.12,-1
0.5,-0.2,0.55,0.0,90.0,0.0,0,87.518,700,25.87,-1
0.5,-0.2,0.65,0.0,90.0,0.0,0,68.448,700,25.85,-1
0.5,-0.2,0.75,0.0,90.0,0.0,0,68.847,700,25.99,-1
0.5,-0.2,0.85,0.0,90.0,0.0,0,88.665,700,26.05,-1
0.5,-0.2,0.95,0.0,90.0,0.0,0,125.848,700,25.89,-1
0.5,-0.1,0.05,0.0,90.0,0.0,0,491.125,700,25.94,-1
0.5,-0.1,0.15,0.0,90.0,0.0,0,307.759,700,25.9,-1
0.5,-0.1,0.25,0.0,90.0,0.0,0,237.476,700,25.96,-1
0.5,-0.1,0.35,0.0,90.0,0.0,0,247.039,700,26.24,-1
0.5,-0.1,0.45,0.0,90.0,0.0,0,124.687,700,25.91,-1
0.5,-0.1,0.55,0.0,90.0,0.0,0,88.187,700,25.87,-1
0.5,-0.1,0.65,0.0,90.0,0.0,0,69.147,700,25.86,-1
0.5,-0.1,0.75,0.0,90.0,0.0,0,69.544,700,26.25,-1
0.5,-0.1,0.85,0.0,90.0,0.0,0,89.326,700,26.66,-1
0.5,-0.1,0.95,0.0,90.0,0.0,0,126.471,700,25.95,-1
0.6,-0.7,0.05,0.0,90.0,0.0,0,667.959,700,27.65,-1
0.6,-0.7,0.15,0.0,90.0,0.0,0,607.839,700,27.32,-1
0.6,-0.7,0.25,0.0,90.0,0.0,0,569.837,700,27.52,-1
0.6,-0.7,0.35,0.0,90.0,0.0,0,551.976,700,27.5,-1
0.6,-0.7,0.45,0.0,90.0,0.0,0,412.67,700,26.72,-1
0.6,-0.7,0.55,0.0,90.0,0.0,0,388.973,700,26.56,-1
0.6,-0.7,0.65,0.0,90.0,0.0,0,576.173,700,27.51,-1
0.6,-0.7,0.75,0.0,90.0,0.0,0,377.25,700,27.04,-1
0.6,-0.7,0.85,0.0,90.0,0.0,0,390.707,700,26.88,-1
0.6,-0.7,0.95,0.0,90.0,0.0,0,660.92,700,27.49,-1
0.6,-0.6,0.05,0.0,90.0,0.0,0,633.412,700,27.23,-1
0.6,-0.6,0.15,0.0,90.0,0.0,0,557.563,700,27.19,-1
0.6,-0.6,0.25,0.0,90.0,0.0,0,476.683,700,26.66,-1
0.6,-0.6,0.35,0.0,90.0,0.0,0,388.907,700,26.45,-1
0.6,-0.6,0.45,0.0,90.0,0.0,0,351.952,700,26.63,-1
0.6,-0.6,0.55,0.0,90.0,0.0,0,326.417,700,26.94,-1
0.6,-0.6,0.65,0.0,90.0,0.0,0,313.45,700,26.25,-1
0.6,-0.6,0.75,0.0,90.0,0.0,0,313.717,700,25.87,-1
0.6,-0.6,0.85,0.0,90.0,0.0,0,327.205,700,26.28,-1
0.6,-0.6,0.95,0.0,90.0,0.0,0,353.22,700,26.86,-1
0.6,-0.5,0.05,0.0,90.0,0.0,0,591.731,700,27.46,-1
0.6,-0.5,0.15,0.0,90.0,0.0,0,523.296,700,26.89,-1
0.6,-0.5,0.25,0.0,90.0,0.0,0,389.086,700,26.4,-1
0.6,-0.5,0.35,0.0,90.0,0.0,0,339.366,700,26.69,-1
0.6,-0.5,0.45,0.0,90.0,0.0,0,299.912,700,26.23,-1
0.6,-0.5,0.55,0.0,90.0,0.0,0,272.496,700,26.93,-1
0.6,-0.5,0.65,0.0,90.0,0.0,0,258.529,700,26.63,-1
0.6,-0.5,0.75,0.0,90.0,0.0,0,258.817,700,26.66,-1
0.6,-0.5,0.85,0.0,90.0,0.0,0,273.346,700,27.15,-1
0.6,-0.5,0.95,0.0,90.0,0.0,0,301.276,700,26.18,-1
0.6,-0.4,0.05,0.0,90.0,0.0,0,537.604,700,26.97,-1
0.6,-0.4,0.15,0.0,90.0,0.0,0,439.5,700,26.58,-1
0.6,-0.4,0.25,0.0,90.0,0.0,0,352.344,700,26.7,-1
0.6,-0.4,0.35,0.0,90.0,0.0,0,300.116,700,26.49,-1
0.6,-0.4,0.45,0.0,90.0,0.0,0,258.454,700,26.46,-1
0.6,-0.4,0.55,0.0,90.0,0.0,0,229.332,700,26.73,-1
0.6,-0.4,0.65,0.0,90.0,0.0,0,214.436,700,26.76,-1
0.6,-0.4,0.75,0.0,90.0,0.0,0,286.718,700,26.45,-1
0.6,-0.4,0.85,0.0,90.0,0.0,0,230.234,700,26.81,-1
0.6,-0.4,0.95,0.0,90.0,0.0,0,259.894,700,27.1,-1
0.6,-0.3,0.05,0.0,90.0,0.0,0,566.679,700,26.85,-1
0.6,-0.3,0.15,0.0,90.0,0.0,0,389.692,700,26.17,-1
0.6,-0.3,0.25,0.0,90.0,0.0,0,327.01,700,26.37,-1
0.6,-0.3,0.35,0.0,90.0,0.0,0,344.66,700,26.34,-1
0.6,-0.3,0.45,0.0,90.0,0.0,0,229.557,700,26.47,-1
0.6,-0.3,0.55,0.0,90.0,0.0,0,199.114,700,26.41,-1
0.6,-0.3,0.65,0.0,90.0,0.0,0,205.166,700,26.59,-1
0.6,-0.3,0.75,0.0,90.0,0.0,0,183.812,700,26.15,-1
0.6,-0.3,0.85,0.0,90.0,0.0,0,200.059,700,26.22,-1
0.6,-0.3,0.95,0.0,90.0,0.0,0,231.062,700,26.56,-1
0.6,-0.2,0.05,0.0,90.0,0.0,0,516.055,700,26.73,-1
0.6,-0.2,0.15,0.0,90.0,0.0,0,377.922,700,26.11,-1
0.6,-0.2,0.25,0.0,90.0,0.0,0,314.244,700,26.51,-1
0.6,-0.2,0.35,0.0,90.0,0.0,0,259.173,700,26.55,-1
0.6,-0.2,0.45,0.0,90.0,0.0,0,214.899,700,26.26,-1
0.6,-0.2,0.55,0.0,90.0,0.0,0,183.734,700,26.41,-1
0.6,-0.2,0.65,0.0,90.0,0.0,0,167.714,700,25.97,-1
0.6,-0.2,0.75,0.0,90.0,0.0,0,168.045,700,26.03,-1
0.6,-0.2,0.85,0.0,90.0,0.0,0,184.702,700,25.86,-1
0.6,-0.2,0.95,0.0,90.0,0.0,0,216.435,700,25.9,-1
0.6,-0.1,0.05,0.0,90.0,0.0,0,491.697,700,27.14,-1
0.6,-0.1,0.15,0.0,90.0,0.0,0,428.71,700,25.95,-1
0.6,-0.1,0.25,0.0,90.0,0.0,0,314.711,700,26.03,-1
0.6,-0.1,0.35,0.0,90.0,0.0,0,259.681,700,25.94,-1
0.6,-0.1,0.45,0.0,90.0,0.0,0,215.434,700,26.18,-1
0.6,-0.1,0.55,0.0,90.0,0.0,0,184.299,700,26.04,-1
0.6,-0.1,0.65,0.0,90.0,0.0,0,168.29,700,25.99,-1
0.6,-0.1,0.75,0.0,90.0,0.0,0,168.625,700,25.93,-1
0.6,-0.1,0.85,0.0,90.0,0.0,0,185.266,700,25.96,-1
0.6,-0.1,0.95,0.0,90.0,0.0,0,216.968,700,25.97,-1
0.7,-0.7,0.05,0.0,90.0,0.0,0,753.776,700,27.71,-1
0.7,-0.7,0.15,0.0,90.0,0.0,0,693.767,700,27.45,-1
0.7,-0.7,0.25,0.0,90.0,0.0,0,657.262,700,27.58,-1
0.7,-0.7,0.35,0.0,90.0,0.0,0,643.059,700,27.48,-1
0.7,-0.7,0.45,0.0,90.0,0.0,0,603.617,700,27.3,-1
0.7,-0.7,0.55,0.0,90.0,0.0,0,478.751,700,27.06,-1
0.7,-0.7,0.65,0.0,90.0,0.0,0,614.741,700,27.2,-1
0.7,-0.7,0.75,0.0,90.0,0.0,0,701.339,700,27.58,-1
0.7,-0.7,0.85,0.0,90.0,0.0,0,521.659,700,27.24,-1
0.7,-0.7,0.95,0.0,90.0,0.0,0,765.55,700,27.29,-1
0.7,-0.6,0.05,0.0,90.0,0.0,0,721.393,700,27.68,-1
0.7,-0.6,0.15,0.0,90.0,0.0,0,654.085,700,27.7,-1
0.7,-0.6,0.25,0.0,90.0,0.0,0,620.505,700,27.37,-1
0.7,-0.6,0.35,0.0,90.0,0.0,0,609.616,700,27.4,-1
0.7,-0.6,0.45,0.0,90.0,0.0,0,480.66,700,27.23,-1
0.7,-0.6,0.55,0.0,90.0,0.0,0,601.864,700,27.45,-1
0.7,-0.6,0.65,0.0,90.0,0.0,0,395.666,700,26.86,-1
0.7,-0.6,0.75,0.0,90.0,0.0,0,409.026,700,26.73,-1
0.7,-0.6,0.85,0.0,90.0,0.0,0,446.606,700,27.13,-1
0.7,-0.6,0.95,0.0,90.0,0.0,0,469.786,700,27.11,-1
0.7,-0.5,0.05,0.0,90.0,0.0,0,699.88,700,27.4,-1
0.7,-0.5,0.15,0.0,90.0,0.0,0,613.662,700,27.17,-1
0.7,-0.5,0.25,0.0,90.0,0.0,0,592.067,700,27.86,-1
0.7,-0.5,0.35,0.0,90.0,0.0,0,445.547,700,27.18,-1
0.7,-0.5,0.45,0.0,90.0,0.0,0,383.492,700,26.96,-1
0.7,-0.5,0.55,0.0,90.0,0.0,0,358.963,700,26.76,-1
0.7,-0.5,0.65,0.0,90.0,0.0,0,346.564,700,26.85,-1
0.7,-0.5,0.75,0.0,90.0,0.0,0,346.821,700,26.23,-1
0.7,-0.5,0.85,0.0,90.0,0.0,0,360.312,700,26.59,-1
0.7,-0.5,0.95,0.0,90.0,0.0,0,410.552,700,26.89,-1
0.7,-0.4,0.05,0.0,90.0,0.0,0,644.023,700,27.45,-1
0.7,-0.4,0.15,0.0,90.0,0.0,0,590.87,700,27.32,-1
0.7,-0.4,0.25,0.0,90.0,0.0,0,526.957,700,27.17,-1
0.7,-0.4,0.35,0.0,90.0,0.0,0,383.677,700,26.49,-1
0.7,-0.4,0.45,0.0,90.0,0.0,0,346.505,700,26.75,-1
0.7,-0.4,0.55,0.0,90.0,0.0,0,392.626,700,27.12,-1
0.7,-0.4,0.65,0.0,90.0,0.0,0,337.198,700,26.86,-1
0.7,-0.4,0.75,0.0,90.0,0.0,0,307.954,700,27.22,-1
0.7,-0.4,0.85,0.0,90.0,0.0,0,321.55,700,26.85,-1
0.7,-0.4,0.95,0.0,90.0,0.0,0,377.283,700,26.71,-1
0.7,-0.3,0.05,0.0,90.0,0.0,0,641.124,700,27.57,-1
0.7,-0.3,0.15,0.0,90.0,0.0,0,575.991,700,27.02,-1
0.7,-0.3,0.25,0.0,90.0,0.0,0,412.345,700,26.24,-1
0.7,-0.3,0.35,0.0,90.0,0.0,0,359.34,700,26.27,-1
0.7,-0.3,0.45,0.0,90.0,0.0,0,350.518,700,27.04,-1
0.7,-0.3,0.55,0.0,90.0,0.0,0,294.319,700,26.91,-1
0.7,-0.3,0.65,0.0,90.0,0.0,0,280.775,700,26.76,-1
0.7,-0.3,0.75,0.0,90.0,0.0,0,281.054,700,27.04,-1
0.7,-0.3,0.85,0.0,90.0,0.0,0,324.722,700,27.1,-1
0.7,-0.3,0.95,0.0,90.0,0.0,0,394.05,700,26.48,-1
0.7,-0.2,0.05,0.0,90.0,0.0,0,590.84,700,27.59,-1
0.7,-0.2,0.15,0.0,90.0,0.0,0,532.278,700,26.93,-1
0.7,-0.2,0.25,0.0,90.0,0.0,0,396.392,700,26.65,-1
0.7,-0.2,0.35,0.0,90.0,0.0,0,347.165,700,26.66,-1
0.7,-0.2,0.45,0.0,90.0,0.0,0,308.088,700,26.62,-1
0.7,-0.2,0.55,0.0,90.0,0.0,0,280.984,700,26.79,-1
0.7,-0.2,0.65,0.0,90.0,0.0,0,267.187,700,26.46,-1
0.7,-0.2,0.75,0.0,90.0,0.0,0,267.472,700,26.2,-1
0.7,-0.2,0.85,0.0,90.0,0.0,0,281.826,700,27.22,-1
0.7,-0.2,0.95,0.0,90.0,0.0,0,309.431,700,27.25,-1
0.7,-0.1,0.05,0.0,90.0,0.0,0,599.826,700,27.55,-1
0.7,-0.1,0.15,0.0,90.0,0.0,0,513.305,700,27.0,-1
0.7,-0.1,0.25,0.0,90.0,0.0,0,399.806,700,26.58,-1
0.7,-0.1,0.35,0.0,90.0,0.0,0,347.62,700,26.41,-1
0.7,-0.1,0.45,0.0,90.0,0.0,0,380.089,700,26.53,-1
0.7,-0.1,0.55,0.0,90.0,0.0,0,281.477,700,26.34,-1
0.7,-0.1,0.65,0.0,90.0,0.0,0,267.685,700,26.16,-1
0.7,-0.1,0.75,0.0,90.0,0.0,0,267.97,700,26.33,-1
0.7,-0.1,0.85,0.0,90.0,0.0,0,282.314,700,25.99,-1
0.7,-0.1,0.95,0.0,90.0,0.0,0,309.901,700,25.99,-1
-0.2,-0.7,0.05,90.0,0.0,0.0,0,435.202,700,27.02,-1
-0.2,-0.7,0.15,90.0,0.0,0.0,0,363.499,700,26.96,-1
-0.2,-0.7,0.25,90.0,0.0,0.0,0,298.8,700,26.27,-1
-0.2,-0.7,0.35,90.0,0.0,0.0,0,243.47,700,26.47,-1
-0.2,-0.7,0.45,90.0,0.0,0.0,0,197.213,700,26.33,-1
-0.2,-0.7,0.55,90.0,0.0,0.0,0,164.507,700,26.32,-1
-0.2,-0.7,0.65,90.0,0.0,0.0,0,147.927,700,27.41,-1
-0.2,-0.7,0.75,90.0,0.0,0.0,0,207.776,700,27.37,-1
-0.2,-0.7,0.85,90.0,0.0,0.0,0,165.472,700,26.68,-1
-0.2,-0.7,0.95,90.0,0.0,0.0,0,201.166,700,26.46,-1
-0.2,-0.6,0.05,90.0,0.0,0.0,0,377.851,700,26.71,-1
-0.2,-0.6,0.15,90.0,0.0,0.0,0,299.019,700,26.74,-1
-0.2,-0.6,0.25,90.0,0.0,0.0,0,230.681,700,25.94,-1
-0.2,-0.6,0.35,90.0,0.0,0.0,0,167.802,700,26.32,-1
-0.2,-0.6,0.45,90.0,0.0,0.0,0,115.512,700,25.7,-1
-0.2,-0.6,0.55,90.0,0.0,0.0,0,76.576,700,26.21,-1
-0.2,-0.6,0.65,90.0,0.0,0.0,0,55.612,700,26.6,-1
-0.2,-0.6,0.75,90.0,0.0,0.0,0,56.012,700,26.84,-1
-0.2,-0.6,0.85,90.0,0.0,0.0,0,76.316,700,27.09,-1
-0.2,-0.6,0.95,90.0,0.0,0.0,0,114.348,700,26.77,-1
-0.2,-0.5,0.05,90.0,0.0,0.0,0,331.698,700,26.43,-1
-0.2,-0.5,0.15,90.0,0.0,0.0,0,246.175,700,26.44,-1
-0.2,-0.5,0.25,90.0,0.0,0.0,0,165.355,700,26.48,-1
-0.2,-0.5,0.35,90.0,0.0,0.0,0,104.553,700,25.58,-1
-0.2,-0.5,0.45,90.0,0.0,0.0,0,48.267,700,25.38,-1
-0.2,-0.5,0.55,90.0,0.0,0.0,1,1.337,7,0.28,0
-0.2,-0.5,0.65,90.0,0.0,0.0,1,2.501,5,0.21,0
-0.2,-0.5,0.75,90.0,0.0,0.0,1,0.554,220,8.67,2
-0.2,-0.5,0.85,90.0,0.0,0.0,1,1.309,515,19.59,5
-0.2,-0.5,0.95,90.0,0.0,0.0,0,37.069,700,26.6,-1
-0.2,-0.4,0.05,90.0,0.0,0.0,0,299.537,700,26.83,-1
-0.2,-0.4,0.15,90.0,0.0,0.0,0,209.773,700,26.53,-1
-0.2,-0.4,0.25,90.0,0.0,0.0,0,118.545,700,26.6,-1
-0.2,-0.4,0.35,90.0,0.0,0.0,0,37.125,700,26.26,-1
-0.2,-0.4,0.45,90.0,0.0,0.0,1,0.47,6,0.25,0
-0.2,-0.4,0.55,90.0,0.0,0.0,1,0.287,6,0.25,0
-0.2,-0.4,0.65,90.0,0.0,0.0,1,0.68,5,0.21,0
-0.2,-0.4,0.75,90.0,0.0,0.0,1,0.632,210,8.01,2
-0.2,-0.4,0.85,90.0,0.0,0.0,1,0.738,10,0.4,0
-0.2,-0.4,0.95,90.0,0.0,0.0,1,0.473,226,8.63,2
-0.2,-0.3,0.05,90.0,0.0,0.0,0,282.372,700,26.57,-1
-0.2,-0.3,0.15,90.0,0.0,0.0,0,192.624,700,27.18,-1
-0.2,-0.3,0.25,90.0,0.0,0.0,0,95.316,700,27.32,-1
-0.2,-0.3,0.35,90.0,0.0,0.0,1,7.54,100,3.69,0
-0.2,-0.3,0.45,90.0,0.0,0.0,1,0.525,5,0.21,0
-0.2,-0.3,0.55,90.0,0.0,0.0,1,0.592,5,0.21,0
-0.2,-0.3,0.65,90.0,0.0,0.0,0,30.532,700,26.55,-1
-0.2,-0.3,0.75,90.0,0.0,0.0,0,90.727,700,27.15,-1
-0.2,-0.3,0.85,90.0,0.0,0.0,1,1.154,216,8.39,2
-0.2,-0.3,0.95,90.0,0.0,0.0,1,0.31,207,8.0,2
-0.2,-0.2,0.05,90.0,0.0,0.0,0,276.878,700,27.03,-1
-0.2,-0.2,0.15,90.0,0.0,0.0,0,186.643,700,27.2,-1
-0.2,-0.2,0.25,90.0,0.0,0.0,0,98.054,700,27.17,-1
-0.2,-0.2,0.35,90.0,0.0,0.0,0,30.866,700,27.1,-1
-0.2,-0.2,0.45,90.0,0.0,0.0,0,62.906,700,26.58,-1
-0.2,-0.2,0.55,90.0,0.0,0.0,0,78.726,700,27.18,-1
-0.2,-0.2,0.65,90.0,0.0,0.0,0,129.627,700,26.56,-1
-0.2,-0.2,0.75,90.0,0.0,0.0,0,152.981,700,27.23,-1
-0.2,-0.2,0.85,90.0,0.0,0.0,0,61.459,700,27.24,-1
-0.2,-0.2,0.95,90.0,0.0,0.0,0,303.596,700,27.57,-1
-0.2,-0.1,0.05,90.0,0.0,0.0,0,279.095,700,27.41,-1
-0.2,-0.1,0.15,90.0,0.0,0.0,0,167.225,700,27.81,-1
-0.2,-0.1,0.25,90.0,0.0,0.0,0,115.231,700,27.59,-1
-0.2,-0.1,0.35,90.0,0.0,0.0,0,164.902,700,27.17,-1
-0.2,-0.1,0.45,90.0,0.0,0.0,0,135.804,700,27.17,-1
-0.2,-0.1,0.55,90.0,0.0,0.0,0,144.4,700,27.76,-1
-0.2,-0.1,0.65,90.0,0.0,0.0,0,201.86,700,27.15,-1
-0.2,-0.1,0.75,90.0,0.0,0.0,0,228.444,700,27.76,-1
-0.2,-0.1,0.85,90.0,0.0,0.0,0,129.529,700,27.72,-1
-0.2,-0.1,0.95,90.0,0.0,0.0,0,136.552,700,27.72,-1
-0.1,-0.7,0.05,90.0,0.0,0.0,0,418.081,700,27.01,-1
-0.1,-0.7,0.15,90.0,0.0,0.0,0,344.403,700,26.38,-1
-0.1,-0.7,0.25,90.0,0.0,0.0,0,277.828,700,26.38,-1
-0.1,-0.7,0.35,90.0,0.0,0.0,0,219.874,700,25.79,-1
-0.1,-0.7,0.45,90.0,0.0,0.0,0,172.738,700,25.99,-1
-0.1,-0.7,0.55,90.0,0.0,0.0,0,138.952,700,26.3,-1
-0.1,-0.7,0.65,90.0,0.0,0.0,0,121.655,700,26.78,-1
-0.1,-0.7,0.75,90.0,0.0,0.0,0,143.975,700,27.71,-1
-0.1,-0.7,0.85,90.0,0.0,0.0,0,140.078,700,26.73,-1
-0.1,-0.7,0.95,90.0,0.0,0.0,0,174.057,700,26.63,-1
-0.1,-0.6,0.05,90.0,0.0,0.0,0,360.29,700,26.46,-1
-0.1,-0.6,0.15,90.0,0.0,0.0,0,278.991,700,26.42,-1
-0.1,-0.6,0.25,90.0,0.0,0.0,0,207.908,700,26.25,-1
-0.1,-0.6,0.35,90.0,0.0,0.0,0,142.295,700,25.94,-1
-0.1,-0.6,0.45,90.0,0.0,0.0,0,86.63,700,25.55,-1
-0.1,-0.6,0.55,90.0,0.0,0.0,0,45.044,700,25.64,-1
-0.1,-0.6,0.65,90.0,0.0,0.0,0,24.121,700,26.79,-1
-0.1,-0.6,0.75,90.0,0.0,0.0,0,24.553,700,26.73,-1
-0.1,-0.6,0.85,90.0,0.0,0.0,0,46.825,700,27.17,-1
-0.1,-0.6,0.95,90.0,0.0,0.0,0,86.373,700,25.92,-1
-0.1,-0.5,0.05,90.0,0.0,0.0,0,314.908,700,26.56,-1
-0.1,-0.5,0.15,90.0,0.0,0.0,0,226.961,700,26.81,-1
-0.1,-0.5,0.25,90.0,0.0,0.0,0,142.183,700,26.57,-1
-0.1,-0.5,0.35,90.0,0.0,0.0,0,78.199,700,25.64,-1
-0.1,-0.5,0.45,90.0,0.0,0.0,1,4.033,100,3.6,0
-0.1,-0.5,0.55,90.0,0.0,0.0,1,0.305,6,0.24,0
-0.1,-0.5,0.65,90.0,0.0,0.0,1,2.058,7,0.3,0
-0.1,-0.5,0.75,90.0,0.0,0.0,1,1.126,15,0.6,0
-0.1,-0.5,0.85,90.0,0.0,0.0,1,1.445,10,0.41,0
-0.1,-0.5,0.95,90.0,0.0,0.0,1,4.717,200,7.41,1
-0.1,-0.4,0.05,90.0,0.0,0.0,0,285.897,700,26.68,-1
-0.1,-0.4,0.15,90.0,0.0,0.0,0,181.562,700,26.51,-1
-0.1,-0.4,0.25,90.0,0.0,0.0,0,95.182,700,27.23,-1
-0.1,-0.4,0.35,90.0,0.0,0.0,0,11.554,700,25.9,-1
-0.1,-0.4,0.45,90.0,0.0,0.0,1,0.905,7,0.28,0
-0.1,-0.4,0.55,90.0,0.0,0.0,1,1.721,5,0.21,0
-0.1,-0.4,0.65,90.0,0.0,0.0,1,1.069,5,0.21,0
-0.1,-0.4,0.75,90.0,0.0,0.0,0,68.578,700,26.63,-1
-0.1,-0.4,0.85,90.0,0.0,0.0,1,1.015,214,8.16,2
-0.1,-0.4,0.95,90.0,0.0,0.0,1,1.037,14,0.56,0
-0.1,-0.3,0.05,90.0,0.0,0.0,0,275.443,700,26.52,-1
-0.1,-0.3,0.15,90.0,0.0,0.0,0,166.08,700,27.17,-1
-0.1,-0.3,0.25,90.0,0.0,0.0,0,76.515,700,26.49,-1
-0.1,-0.3,0.35,90.0,0.0,0.0,1,2.109,5,0.21,0
-0.1,-0.3,0.45,90.0,0.0,0.0,1,0.278,5,0.21,0
-0.1,-0.3,0.55,90.0,0.0,0.0,1,0.677,5,0.21,0
-0.1,-0.3,0.65,90.0,0.0,0.0,1,2.194,4,0.17,0
-0.1,-0.3,0.75,90.0,0.0,0.0,0,68.58,700,26.5,-1
-0.1,-0.3,0.85,90.0,0.0,0.0,1,1.779,211,8.07,2
-0.1,-0.3,0.95,90.0,0.0,0.0,1,1.37,208,8.09,2
-0.1,-0.2,0.05,90.0,0.0,0.0,0,262.223,700,26.78,-1
-0.1,-0.2,0.15,90.0,0.0,0.0,0,175.332,700,27.21,-1
-0.1,-0.2,0.25,90.0,0.0,0.0,0,91.334,700,27.22,-1
-0.1,-0.2,0.35,90.0,0.0,0.0,0,57.891,700,26.7,-1
-0.1,-0.2,0.45,90.0,0.0,0.0,0,21.674,700,26.58,-1
-0.1,-0.2,0.55,90.0,0.0,0.0,0,36.55,700,26.64,-1
-0.1,-0.2,0.65,90.0,0.0,0.0,0,80.141,700,27.18,-1
-0.1,-0.2,0.75,90.0,0.0,0.0,0,106.586,700,27.79,-1
-0.1,-0.2,0.85,90.0,0.0,0.0,1,8.146,300,11.75,2
-0.1,-0.2,0.95,90.0,0.0,0.0,0,22.788,700,27.65,-1
-0.1,-0.1,0.05,90.0,0.0,0.0,0,239.774,700,27.43,-1
-0.1,-0.1,0.15,90.0,0.0,0.0,0,211.101,700,27.07,-1
-0.1,-0.1,0.25,90.0,0.0,0.0,0,151.925,700,27.27,-1
-0.1,-0.1,0.35,90.0,0.0,0.0,0,95.632,700,27.25,-1
-0.1,-0.1,0.45,90.0,0.0,0.0,0,59.125,700,27.18,-1
-0.1,-0.1,0.55,90.0,0.0,0.0,0,68.618,700,27.72,-1
-0.1,-0.1,0.65,90.0,0.0,0.0,0,129.468,700,27.89,-1
-0.1,-0.1,0.75,90.0,0.0,0.0,0,193.683,700,27.77,-1
-0.1,-0.1,0.85,90.0,0.0,0.0,0,246.203,700,27.85,-1
-0.1,-0.1,0.95,90.0,0.0,0.0,0,316.148,700,27.72,-1
0.0,-0.7,0.05,90.0,0.0,0.0,0,412.338,700,26.85,-1
0.0,-0.7,0.15,90.0,0.0,0.0,0,337.931,700,26.63,-1
0.0,-0.7,0.25,90.0,0.0,0.0,0,270.663,700,26.42,-1
0.0,-0.7,0.35,90.0,0.0,0.0,0,239.094,700,25.61,-1
0.0,-0.7,0.45,90.0,0.0,0.0,0,164.678,700,25.66,-1
0.0,-0.7,0.55,90.0,0.0,0.0,0,130.22,700,26.16,-1
0.0,-0.7,0.65,90.0,0.0,0.0,0,112.604,700,26.71,-1
0.0,-0.7,0.75,90.0,0.0,0.0,0,112.969,700,27.51,-1
0.0,-0.7,0.85,90.0,0.0,0.0,0,131.248,700,26.81,-1
0.0,-0.7,0.95,90.0,0.0,0.0,0,165.805,700,26.31,-1
0.0,-0.6,0.05,90.0,0.0,0.0,0,357.215,700,26.65,-1
0.0,-0.6,0.15,90.0,0.0,0.0,0,274.274,700,26.17,-1
0.0,-0.6,0.25,90.0,0.0,0.0,0,200.536,700,25.78,-1
0.0,-0.6,0.35,90.0,0.0,0.0,0,134.257,700,25.91,-1
0.0,-0.6,0.45,90.0,0.0,0.0,0,77.682,700,25.6,-1
0.0,-0.6,0.55,90.0,0.0,0.0,0,34.909,700,25.65,-1
0.0,-0.6,0.65,90.0,0.0,0.0,0,13.147,700,25.7,-1
0.0,-0.6,0.75,90.0,0.0,0.0,0,13.602,700,26.5,-1
0.0,-0.6,0.85,90.0,0.0,0.0,0,35.664,700,26.2,-1
0.0,-0.6,0.95,90.0,0.0,0.0,0,76.709,700,26.57,-1
0.0,-0.5,0.05,90.0,0.0,0.0,0,308.266,700,26.9,-1
0.0,-0.5,0.15,90.0,0.0,0.0,0,233.734,700,26.72,-1
0.0,-0.5,0.25,90.0,0.0,0.0,0,136.039,700,26.16,-1
0.0,-0.5,0.35,90.0,0.0,0.0,0,70.678,700,25.54,-1
0.0,-0.5,0.45,90.0,0.0,0.0,1,2.324,6,0.24,0
0.0,-0.5,0.55,90.0,0.0,0.0,1,1.108,7,0.28,0
0.0,-0.5,0.65,90.0,0.0,0.0,1,0.808,8,0.33,0
0.0,-0.5,0.75,90.0,0.0,0.0,1,0.245,14,0.56,0
0.0,-0.5,0.85,90.0,0.0,0.0,1,1.381,10,0.4,0
0.0,-0.5,0.95,90.0,0.0,0.0,1,1.922,20,0.78,0
0.0,-0.4,0.05,90.0,0.0,0.0,0,282.159,700,26.54,-1
0.0,-0.4,0.15,90.0,0.0,0.0,0,180.759,700,26.43,-1
0.0,-0.4,0.25,90.0,0.0,0.0,0,78.316,700,26.12,-1
0.0,-0.4,0.35,90.0,0.0,0.0,1,4.971,100,3.7,0
0.0,-0.4,0.45,90.0,0.0,0.0,1,0.234,6,0.25,0
0.0,-0.4,0.55,90.0,0.0,0.0,1,1.437,6,0.24,0
0.0,-0.4,0.65,90.0,0.0,0.0,1,1.495,6,0.24,0
0.0,-0.4,0.75,90.0,0.0,0.0,1,1.3,209,7.99,2
0.0,-0.4,0.85,90.0,0.0,0.0,1,1.564,212,8.08,2
0.0,-0.4,0.95,90.0,0.0,0.0,1,1.829,13,0.52,0
0.0,-0.3,0.05,90.0,0.0,0.0,0,238.086,700,26.51,-1
0.0,-0.3,0.15,90.0,0.0,0.0,0,161.824,700,26.76,-1
0.0,-0.3,0.25,90.0,0.0,0.0,0,74.934,700,26.24,-1
0.0,-0.3,0.35,90.0,0.0,0.0,1,1.002,5,0.21,0
0.0,-0.3,0.45,90.0,0.0,0.0,1,2.911,5,0.21,0
0.0,-0.3,0.55,90.0,0.0,0.0,1,0.83,5,0.2,0
0.0,-0.3,0.65,90.0,0.0,0.0,1,0.964,5,0.21,0
0.0,-0.3,0.75,90.0,0.0,0.0,1,2.292,207,7.86,2
0.0,-0.3,0.85,90.0,0.0,0.0,1,1.398,207,8.03,2
0.0,-0.3,0.95,90.0,0.0,0.0,1,2.516,213,8.28,2
0.0,-0.2,0.05,90.0,0.0,0.0,0,277.699,700,26.88,-1
0.0,-0.2,0.15,90.0,0.0,0.0,0,147.672,700,27.09,-1
0.0,-0.2,0.25,90.0,0.0,0.0,0,87.9,700,27.34,-1
0.0,-0.2,0.35,90.0,0.0,0.0,0,13.283,700,26.55,-1
0.0,-0.2,0.45,90.0,0.0,0.0,1,2.438,4,0.17,0
0.0,-0.2,0.55,90.0,0.0,0.0,1,1.527,4,0.18,0
0.0,-0.2,0.65,90.0,0.0,0.0,0,82.34,700,25.85,-1
0.0,-0.2,0.75,90.0,0.0,0.0,0,79.429,700,27.49,-1
0.0,-0.2,0.85,90.0,0.0,0.0,1,1.931,210,8.35,2
0.0,-0.2,0.95,90.0,0.0,0.0,1,1.693,213,8.28,2
0.0,-0.1,0.05,90.0,0.0,0.0,0,224.05,700,27.24,-1
0.0,-0.1,0.15,90.0,0.0,0.0,0,186.566,700,27.19,-1
0.0,-0.1,0.25,90.0,0.0,0.0,0,106.301,700,27.2,-1
0.0,-0.1,0.35,90.0,0.0,0.0,0,46.358,700,27.21,-1
0.0,-0.1,0.45,90.0,0.0,0.0,0,43.785,700,26.61,-1
0.0,-0.1,0.55,90.0,0.0,0.0,0,49.132,700,26.57,-1
0.0,-0.1,0.65,90.0,0.0,0.0,0,112.66,700,27.21,-1
0.0,-0.1,0.75,90.0,0.0,0.0,0,184.306,700,27.87,-1
0.0,-0.1,0.85,90.0,0.0,0.0,0,225.287,700,27.82,-1
0.0,-0.1,0.95,90.0,0.0,0.0,0,284.354,700,27.81,-1
0.1,-0.7,0.05,90.0,0.0,0.0,0,432.856,700,26.96,-1
0.1,-0.7,0.15,90.0,0.0,0.0,0,347.871,700,26.59,-1
0.1,-0.7,0.25,90.0,0.0,0.0,0,281.044,700,25.67,-1
0.1,-0.7,0.35,90.0,0.0,0.0,0,223.09,700,25.63,-1
0.1,-0.7,0.45,90.0,0.0,0.0,0,187.805,700,25.66,-1
0.1,-0.7,0.55,90.0,0.0,0.0,0,142.855,700,26.02,-1
0.1,-0.7,0.65,90.0,0.0,0.0,0,134.109,700,26.47,-1
0.1,-0.7,0.75,90.0,0.0,0.0,0,142.895,700,26.48,-1
0.1,-0.7,0.85,90.0,0.0,0.0,0,145.833,700,26.45,-1
0.1,-0.7,0.95,90.0,0.0,0.0,0,176.504,700,26.64,-1
0.1,-0.6,0.05,90.0,0.0,0.0,0,360.301,700,26.4,-1
0.1,-0.6,0.15,90.0,0.0,0.0,0,282.502,700,25.73,-1
0.1,-0.6,0.25,90.0,0.0,0.0,0,209.32,700,25.55,-1
0.1,-0.6,0.35,90.0,0.0,0.0,0,145.05,700,25.53,-1
0.1,-0.6,0.45,90.0,0.0,0.0,0,95.027,700,25.48,-1
0.1,-0.6,0.55,90.0,0.0,0.0,0,57.271,700,25.44,-1
0.1,-0.6,0.65,90.0,0.0,0.0,0,25.073,700,25.73,-1
0.1,-0.6,0.75,90.0,0.0,0.0,0,25.76,700,25.71,-1
0.1,-0.6,0.85,90.0,0.0,0.0,0,63.684,700,25.76,-1
0.1,-0.6,0.95,90.0,0.0,0.0,0,108.751,700,26.6,-1
0.1,-0.5,0.05,90.0,0.0,0.0,0,314.924,700,26.68,-1
0.1,-0.5,0.15,90.0,0.0,0.0,0,233.243,700,26.4,-1
0.1,-0.5,0.25,90.0,0.0,0.0,0,147.864,700,25.58,-1
0.1,-0.5,0.35,90.0,0.0,0.0,0,82.986,700,25.47,-1
0.1,-0.5,0.45,90.0,0.0,0.0,1,4.919,100,3.59,0
0.1,-0.5,0.55,90.0,0.0,0.0,1,1.428,4,0.17,0
0.1,-0.5,0.65,90.0,0.0,0.0,1,1.138,6,0.24,0
0.1,-0.5,0.75,90.0,0.0,0.0,1,1.883,5,0.21,0
0.1,-0.5,0.85,90.0,0.0,0.0,1,2.483,9,0.36,0
0.1,-0.5,0.95,90.0,0.0,0.0,1,6.643,100,3.61,0
0.1,-0.4,0.05,90.0,0.0,0.0,0,268.508,700,26.47,-1
0.1,-0.4,0.15,90.0,0.0,0.0,0,191.334,700,26.29,-1
0.1,-0.4,0.25,90.0,0.0,0.0,0,87.725,700,26.0,-1
0.1,-0.4,0.35,90.0,0.0,0.0,1,9.318,100,3.68,0
0.1,-0.4,0.45,90.0,0.0,0.0,1,0.369,4,0.17,0
0.1,-0.4,0.55,90.0,0.0,0.0,1,1.025,4,0.17,0
0.1,-0.4,0.65,90.0,0.0,0.0,1,0.892,5,0.2,0
0.1,-0.4,0.75,90.0,0.0,0.0,1,1.536,5,0.21,0
0.1,-0.4,0.85,90.0,0.0,0.0,1,2.808,207,7.89,2
0.1,-0.4,0.95,90.0,0.0,0.0,1,0.881,109,4.07,1
0.1,-0.3,0.05,90.0,0.0,0.0,0,249.897,700,26.48,-1
0.1,-0.3,0.15,90.0,0.0,0.0,0,165.203,700,26.76,-1
0.1,-0.3,0.25,90.0,0.0,0.0,0,80.212,700,26.14,-1
0.1,-0.3,0.35,90.0,0.0,0.0,1,0.958,4,0.17,0
0.1,-0.3,0.45,90.0,0.0,0.0,1,0.653,4,0.17,0
0.1,-0.3,0.55,90.0,0.0,0.0,1,1.179,4,0.17,0
0.1,-0.3,0.65,90.0,0.0,0.0,1,2.814,3,0.13,0
0.1,-0.3,0.75,90.0,0.0,0.0,0,31.388,700,26.43,-1
0.1,-0.3,0.85,90.0,0.0,0.0,1,1.872,209,8.11,2
0.1,-0.3,0.95,90.0,0.0,0.0,1,2.125,12,0.48,0
0.1,-0.2,0.05,90.0,0.0,0.0,0,268.223,700,26.7,-1
0.1,-0.2,0.15,90.0,0.0,0.0,0,141.712,700,26.83,-1
0.1,-0.2,0.25,90.0,0.0,0.0,0,53.202,700,26.19,-1
0.1,-0.2,0.35,90.0,0.0,0.0,1,1.108,4,0.17,0
0.1,-0.2,0.45,90.0,0.0,0.0,1,0.784,4,0.17,0
0.1,-0.2,0.55,90.0,0.0,0.0,1,2.6,3,0.13,0
0.1,-0.2,0.65,90.0,0.0,0.0,0,28.912,700,26.51,-1
0.1,-0.2,0.75,90.0,0.0,0.0,0,98.263,700,27.17,-1
0.1,-0.2,0.85,90.0,0.0,0.0,0,149.346,700,27.11,-1
0.1,-0.2,0.95,90.0,0.0,0.0,1,1.726,119,4.63,1
0.1,-0.1,0.05,90.0,0.0,0.0,0,253.954,700,27.14,-1
0.1,-0.1,0.15,90.0,0.0,0.0,0,169.173,700,27.16,-1
0.1,-0.1,0.25,90.0,0.0,0.0,0,81.606,700,27.13,-1
0.1,-0.1,0.35,90.0,0.0,0.0,0,37.207,700,26.52,-1
0.1,-0.1,0.45,90.0,0.0,0.0,0,43.145,700,26.49,-1
0.1,-0.1,0.55,90.0,0.0,0.0,0,48.307,700,26.48,-1
0.1,-0.1,0.65,90.0,0.0,0.0,0,62.749,700,27.66,-1
0.1,-0.1,0.75,90.0,0.0,0.0,0,128.221,700,27.69,-1
0.1,-0.1,0.85,90.0,0.0,0.0,0,215.756,700,27.66,-1
0.1,-0.1,0.95,90.0,0.0,0.0,0,42.996,700,26.74,-1
0.2,-0.7,0.05,90.0,0.0,0.0,0,435.202,700,27.33,-1
0.2,-0.7,0.15,90.0,0.0,0.0,0,363.355,700,26.87,-1
0.2,-0.7,0.25,90.0,0.0,0.0,0,303.001,700,26.32,-1
0.2,-0.7,0.35,90.0,0.0,0.0,0,249.225,700,25.68,-1
0.2,-0.7,0.45,90.0,0.0,0.0,0,226.72,700,25.53,-1
0.2,-0.7,0.55,90.0,0.0,0.0,0,169.367,700,25.75,-1
0.2,-0.7,0.65,90.0,0.0,0.0,0,182.953,700,25.94,-1
0.2,-0.7,0.75,90.0,0.0,0.0,0,185.914,700,26.33,-1
0.2,-0.7,0.85,90.0,0.0,0.0,0,210.559,700,26.51,-1
0.2,-0.7,0.95,90.0,0.0,0.0,0,199.761,700,26.23,-1
0.2,-0.6,0.05,90.0,0.0,0.0,0,393.543,700,26.75,-1
0.2,-0.6,0.15,90.0,0.0,0.0,0,340.148,700,25.75,-1
0.2,-0.6,0.25,90.0,0.0,0.0,0,233.236,700,25.43,-1
0.2,-0.6,0.35,90.0,0.0,0.0,0,172.4,700,25.77,-1
0.2,-0.6,0.45,90.0,0.0,0.0,0,129.829,700,25.47,-1
0.2,-0.6,0.55,90.0,0.0,0.0,0,109.832,700,25.58,-1
0.2,-0.6,0.65,90.0,0.0,0.0,0,71.292,700,25.64,-1
0.2,-0.6,0.75,90.0,0.0,0.0,0,58.545,700,25.42,-1
0.2,-0.6,0.85,90.0,0.0,0.0,0,85.689,700,26.03,-1
0.2,-0.6,0.95,90.0,0.0,0.0,0,117.299,700,26.38,-1
0.2,-0.5,0.05,90.0,0.0,0.0,0,331.235,700,26.25,-1
0.2,-0.5,0.15,90.0,0.0,0.0,0,286.359,700,25.9,-1
0.2,-0.5,0.25,90.0,0.0,0.0,0,174.295,700,25.46,-1
0.2,-0.5,0.35,90.0,0.0,0.0,0,111.336,700,25.51,-1
0.2,-0.5,0.45,90.0,0.0,0.0,0,36.16,700,25.3,-1
0.2,-0.5,0.55,90.0,0.0,0.0,1,2.837,4,0.17,0
0.2,-0.5,0.65,90.0,0.0,0.0,1,2.069,4,0.17,0
0.2,-0.5,0.75,90.0,0.0,0.0,1,2.901,13,0.5,0
0.2,-0.5,0.85,90.0,0.0,0.0,1,3.748,100,3.58,0
0.2,-0.5,0.95,90.0,0.0,0.0,0,37.303,700,25.53,-1
0.2,-0.4,0.05,90.0,0.0,0.0,0,287.749,700,26.56,-1
0.2,-0.4,0.15,90.0,0.0,0.0,0,210.084,700,26.09,-1
0.2,-0.4,0.25,90.0,0.0,0.0,0,130.503,700,25.8,-1
0.2,-0.4,0.35,90.0,0.0,0.0,0,37.011,700,25.69,-1
0.2,-0.4,0.45,90.0,0.0,0.0,1,1.36,3,0.13,0
0.2,-0.4,0.55,90.0,0.0,0.0,1,0.573,2,0.09,0
0.2,-0.4,0.65,90.0,0.0,0.0,1,0.784,3,0.13,0
0.2,-0.4,0.75,90.0,0.0,0.0,1,1.854,3,0.13,0
0.2,-0.4,0.85,90.0,0.0,0.0,1,1.387,4,0.16,0
0.2,-0.4,0.95,90.0,0.0,0.0,1,2.816,4,0.16,0
0.2,-0.3,0.05,90.0,0.0,0.0,0,287.746,700,26.18,-1
0.2,-0.3,0.15,90.0,0.0,0.0,0,203.645,700,26.04,-1
0.2,-0.3,0.25,90.0,0.0,0.0,0,149.243,700,25.87,-1
0.2,-0.3,0.35,90.0,0.0,0.0,1,2.645,4,0.17,0
0.2,-0.3,0.45,90.0,0.0,0.0,1,0.635,4,0.17,0
0.2,-0.3,0.55,90.0,0.0,0.0,1,1.308,1,0.06,0
0.2,-0.3,0.65,90.0,0.0,0.0,1,0.848,4,0.17,0
0.2,-0.3,0.75,90.0,0.0,0.0,0,31.402,700,26.5,-1
0.2,-0.3,0.85,90.0,0.0,0.0,1,1.366,206,7.83,2
0.2,-0.3,0.95,90.0,0.0,0.0,1,1.311,6,0.25,0
0.2,-0.2,0.05,90.0,0.0,0.0,0,294.781,700,26.35,-1
0.2,-0.2,0.15,90.0,0.0,0.0,0,213.713,700,25.97,-1
0.2,-0.2,0.25,90.0,0.0,0.0,0,148.529,700,26.58,-1
0.2,-0.2,0.35,90.0,0.0,0.0,1,2.12,4,0.17,0
0.2,-0.2,0.45,90.0,0.0,0.0,1,1.269,4,0.18,0
0.2,-0.2,0.55,90.0,0.0,0.0,1,0.954,4,0.17,0
0.2,-0.2,0.65,90.0,0.0,0.0,1,7.789,100,3.79,0
0.2,-0.2,0.75,90.0,0.0,0.0,0,87.349,700,26.53,-1
0.2,-0.2,0.85,90.0,0.0,0.0,1,1.682,413,15.7,4
0.2,-0.2,0.95,90.0,0.0,0.0,1,1.591,8,0.33,0
0.2,-0.1,0.05,90.0,0.0,0.0,0,279.663,700,26.91,-1
0.2,-0.1,0.15,90.0,0.0,0.0,0,173.977,700,27.98,-1
0.2,-0.1,0.25,90.0,0.0,0.0,0,83.491,700,27.21,-1
0.2,-0.1,0.35,90.0,0.0,0.0,0,34.843,700,26.53,-1
0.2,-0.1,0.45,90.0,0.0,0.0,0,39.927,700,26.6,-1
0.2,-0.1,0.55,90.0,0.0,0.0,0,44.289,700,26.56,-1
0.2,-0.1,0.65,90.0,0.0,0.0,0,48.121,700,27.2,-1
0.2,-0.1,0.75,90.0,0.0,0.0,0,105.379,700,27.15,-1
0.2,-0.1,0.85,90.0,0.0,0.0,0,158.477,700,27.1,-1
0.2,-0.1,0.95,90.0,0.0,0.0,0,39.835,700,26.8,-1
0.3,-0.7,0.05,90.0,0.0,0.0,0,465.338,700,27.84,-1
0.3,-0.7,0.15,90.0,0.0,0.0,0,420.347,700,27.49,-1
0.3,-0.7,0.25,90.0,0.0,0.0,0,350.698,700,26.16,-1
0.3,-0.7,0.35,90.0,0.0,0.0,0,284.832,700,25.58,-1
0.3,-0.7,0.45,90.0,0.0,0.0,0,257.5,700,25.52,-1
0.3,-0.7,0.55,90.0,0.0,0.0,0,263.905,700,26.04,-1
0.3,-0.7,0.65,90.0,0.0,0.0,0,208.619,700,26.1,-1
0.3,-0.7,0.75,90.0,0.0,0.0,0,207.479,700,25.95,-1
0.3,-0.7,0.85,90.0,0.0,0.0,0,259.962,700,26.16,-1
0.3,-0.7,0.95,90.0,0.0,0.0,0,321.864,700,26.13,-1
0.3,-0.6,0.05,90.0,0.0,0.0,0,410.081,700,27.01,-1
0.3,-0.6,0.15,90.0,0.0,0.0,0,393.265,700,25.97,-1
0.3,-0.6,0.25,90.0,0.0,0.0,0,270.219,700,25.51,-1
0.3,-0.6,0.35,90.0,0.0,0.0,0,212.441,700,25.61,-1
0.3,-0.6,0.45,90.0,0.0,0.0,0,170.692,700,25.54,-1
0.3,-0.6,0.55,90.0,0.0,0.0,0,150.625,700,25.75,-1
0.3,-0.6,0.65,90.0,0.0,0.0,0,121.315,700,25.85,-1
0.3,-0.6,0.75,90.0,0.0,0.0,0,129.574,700,25.72,-1
0.3,-0.6,0.85,90.0,0.0,0.0,0,133.75,700,25.92,-1
0.3,-0.6,0.95,90.0,0.0,0.0,0,184.847,700,25.74,-1
0.3,-0.5,0.05,90.0,0.0,0.0,0,358.357,700,26.29,-1
0.3,-0.5,0.15,90.0,0.0,0.0,0,337.989,700,25.47,-1
0.3,-0.5,0.25,90.0,0.0,0.0,0,273.955,700,25.44,-1
0.3,-0.5,0.35,90.0,0.0,0.0,0,152.524,700,25.44,-1
0.3,-0.5,0.45,90.0,0.0,0.0,0,106.658,700,25.49,-1
0.3,-0.5,0.55,90.0,0.0,0.0,0,84.054,700,25.37,-1
0.3,-0.5,0.65,90.0,0.0,0.0,0,36.129,700,25.34,-1
0.3,-0.5,0.75,90.0,0.0,0.0,0,26.774,700,25.41,-1
0.3,-0.5,0.85,90.0,0.0,0.0,0,46.92,700,25.33,-1
0.3,-0.5,0.95,90.0,0.0,0.0,0,94.749,700,25.52,-1
0.3,-0.4,0.05,90.0,0.0,0.0,0,353.806,700,26.17,-1
0.3,-0.4,0.15,90.0,0.0,0.0,0,244.456,700,25.5,-1
0.3,-0.4,0.25,90.0,0.0,0.0,0,171.365,700,25.5,-1
0.3,-0.4,0.35,90.0,0.0,0.0,0,112.48,700,25.44,-1
0.3,-0.4,0.45,90.0,0.0,0.0,0,30.316,700,25.41,-1
0.3,-0.4,0.55,90.0,0.0,0.0,1,1.837,3,0.13,0
0.3,-0.4,0.65,90.0,0.0,0.0,1,2.26,3,0.13,0
0.3,-0.4,0.75,90.0,0.0,0.0,1,2.079,5,0.2,0
0.3,-0.4,0.85,90.0,0.0,0.0,1,2.589,9,0.36,0
0.3,-0.4,0.95,90.0,0.0,0.0,0,27.345,700,25.51,-1
0.3,-0.3,0.05,90.0,0.0,0.0,0,329.324,700,25.91,-1
0.3,-0.3,0.15,90.0,0.0,0.0,0,224.159,700,25.95,-1
0.3,-0.3,0.25,90.0,0.0,0.0,0,130.582,700,26.18,-1
0.3,-0.3,0.35,90.0,0.0,0.0,0,46.33,700,25.78,-1
0.3,-0.3,0.45,90.0,0.0,0.0,1,1.57,4,0.17,0
0.3,-0.3,0.55,90.0,0.0,0.0,1,2.296,3,0.13,0
0.3,-0.3,0.65,90.0,0.0,0.0,1,0.858,4,0.17,0
0.3,-0.3,0.75,90.0,0.0,0.0,1,1.815,3,0.13,0
0.3,-0.3,0.85,90.0,0.0,0.0,1,1.349,405,15.39,4
0.3,-0.3,0.95,90.0,0.0,0.0,1,2.67,7,0.29,0
0.3,-0.2,0.05,90.0,0.0,0.0,0,366.748,700,26.03,-1
0.3,-0.2,0.15,90.0,0.0,0.0,0,218.026,700,26.04,-1
0.3,-0.2,0.25,90.0,0.0,0.0,0,111.026,700,26.51,-1
0.3,-0.2,0.35,90.0,0.0,0.0,0,27.06,700,26.64,-1
0.3,-0.2,0.45,90.0,0.0,0.0,1,1.377,4,0.19,0
0.3,-0.2,0.55,90.0,0.0,0.0,1,0.904,4,0.17,0
0.3,-0.2,0.65,90.0,0.0,0.0,1,1.454,4,0.17,0
0.3,-0.2,0.75,90.0,0.0,0.0,0,30.925,700,26.48,-1
0.3,-0.2,0.85,90.0,0.0,0.0,0,59.869,700,26.43,-1
0.3,-0.2,0.95,90.0,0.0,0.0,1,2.026,406,15.77,4
0.3,-0.1,0.05,90.0,0.0,0.0,0,302.475,700,26.82,-1
0.3,-0.1,0.15,90.0,0.0,0.0,0,212.413,700,27.44,-1
0.3,-0.1,0.25,90.0,0.0,0.0,0,114.39,700,27.83,-1
0.3,-0.1,0.35,90.0,0.0,0.0,0,41.678,700,27.85,-1
0.3,-0.1,0.45,90.0,0.0,0.0,0,35.554,700,26.47,-1
0.3,-0.1,0.55,90.0,0.0,0.0,0,38.923,700,26.5,-1
0.3,-0.1,0.65,90.0,0.0,0.0,0,40.86,700,26.46,-1
0.3,-0.1,0.75,90.0,0.0,0.0,0,53.007,700,27.08,-1
0.3,-0.1,0.85,90.0,0.0,0.0,0,74.814,700,27.11,-1
0.3,-0.1,0.95,90.0,0.0,0.0,0,45.241,700,26.84,-1
0.4,-0.7,0.05,90.0,0.0,0.0,0,512.693,700,27.37,-1
0.4,-0.7,0.15,90.0,0.0,0.0,0,455.411,700,27.54,-1
0.4,-0.7,0.25,90.0,0.0,0.0,0,410.517,700,26.74,-1
0.4,-0.7,0.35,90.0,0.0,0.0,0,447.633,700,25.53,-1
0.4,-0.7,0.45,90.0,0.0,0.0,0,377.497,700,25.47,-1
0.4,-0.7,0.55,90.0,0.0,0.0,0,285.414,700,25.76,-1
0.4,-0.7,0.65,90.0,0.0,0.0,0,266.276,700,26.11,-1
0.4,-0.7,0.75,90.0,0.0,0.0,0,286.613,700,25.95,-1
0.4,-0.7,0.85,90.0,0.0,0.0,0,264.032,700,26.27,-1
0.4,-0.7,0.95,90.0,0.0,0.0,0,319.064,700,26.16,-1
0.4,-0.6,0.05,90.0,0.0,0.0,0,461.596,700,27.07,-1
0.4,-0.6,0.15,90.0,0.0,0.0,0,401.999,700,27.21,-1
0.4,-0.6,0.25,90.0,0.0,0.0,0,325.639,700,25.72,-1
0.4,-0.6,0.35,90.0,0.0,0.0,0,340.202,700,25.45,-1
0.4,-0.6,0.45,90.0,0.0,0.0,0,301.262,700,25.51,-1
0.4,-0.6,0.55,90.0,0.0,0.0,0,198.982,700,25.44,-1
0.4,-0.6,0.65,90.0,0.0,0.0,0,188.235,700,25.52,-1
0.4,-0.6,0.75,90.0,0.0,0.0,0,177.809,700,26.12,-1
0.4,-0.6,0.85,90.0,0.0,0.0,0,236.662,700,25.57,-1
0.4,-0.6,0.95,90.0,0.0,0.0,0,289.778,700,25.86,-1
0.4,-0.5,0.05,90.0,0.0,0.0,0,401.567,700,26.57,-1
0.4,-0.5,0.15,90.0,0.0,0.0,0,337.302,700,25.9,-1
0.4,-0.5,0.25,90.0,0.0,0.0,0,340.617,700,25.44,-1
0.4,-0.5,0.35,90.0,0.0,0.0,0,283.626,700,25.46,-1
0.4,-0.5,0.45,90.0,0.0,0.0,0,160.341,700,25.49,-1
0.4,-0.5,0.55,90.0,0.0,0.0,0,131.057,700,25.4,-1
0.4,-0.5,0.65,90.0,0.0,0.0,0,182.009,700,25.4,-1
0.4,-0.5,0.75,90.0,0.0,0.0,0,96.066,700,25.95,-1
0.4,-0.5,0.85,90.0,0.0,0.0,0,121.816,700,25.76,-1
0.4,-0.5,0.95,90.0,0.0,0.0,0,152.212,700,25.63,-1
0.4,-0.4,0.05,90.0,0.0,0.0,0,443.11,700,26.31,-1
0.4,-0.4,0.15,90.0,0.0,0.0,0,358.947,700,25.54,-1
0.4,-0.4,0.25,90.0,0.0,0.0,0,223.273,700,25.46,-1
0.4,-0.4,0.35,90.0,0.0,0.0,0,162.828,700,25.49,-1
0.4,-0.4,0.45,90.0,0.0,0.0,0,116.176,700,25.49,-1
0.4,-0.4,0.55,90.0,0.0,0.0,0,104.488,700,25.38,-1
0.4,-0.4,0.65,90.0,0.0,0.0,0,42.788,700,25.36,-1
0.4,-0.4,0.75,90.0,0.0,0.0,0,71.141,700,25.45,-1
0.4,-0.4,0.85,90.0,0.0,0.0,0,58.773,700,25.76,-1
0.4,-0.4,0.95,90.0,0.0,0.0,0,98.757,700,25.84,-1
0.4,-0.3,0.05,90.0,0.0,0.0,0,399.817,700,26.15,-1
0.4,-0.3,0.15,90.0,0.0,0.0,0,267.469,700,25.92,-1
0.4,-0.3,0.25,90.0,0.0,0.0,0,196.684,700,25.61,-1
0.4,-0.3,0.35,90.0,0.0,0.0,0,137.55,700,25.62,-1
0.4,-0.3,0.45,90.0,0.0,0.0,0,60.734,700,25.65,-1
0.4,-0.3,0.55,90.0,0.0,0.0,0,54.003,700,25.44,-1
0.4,-0.3,0.65,90.0,0.0,0.0,1,3.17,100,3.6,0
0.4,-0.3,0.75,90.0,0.0,0.0,1,3.401,100,3.61,0
0.4,-0.3,0.85,90.0,0.0,0.0,0,20.492,700,25.71,-1
0.4,-0.3,0.95,90.0,0.0,0.0,0,60.198,700,25.91,-1
0.4,-0.2,0.05,90.0,0.0,0.0,0,335.872,700,26.47,-1
0.4,-0.2,0.15,90.0,0.0,0.0,0,247.135,700,26.22,-1
0.4,-0.2,0.25,90.0,0.0,0.0,0,168.024,700,26.32,-1
0.4,-0.2,0.35,90.0,0.0,0.0,0,97.022,700,25.93,-1
0.4,-0.2,0.45,90.0,0.0,0.0,0,39.342,700,25.94,-1
0.4,-0.2,0.55,90.0,0.0,0.0,1,2.781,5,0.21,0
0.4,-0.2,0.65,90.0,0.0,0.0,1,2.29,3,0.13,0
0.4,-0.2,0.75,90.0,0.0,0.0,1,1.849,4,0.17,0
0.4,-0.2,0.85,90.0,0.0,0.0,1,3.097,100,3.71,0
0.4,-0.2,0.95,90.0,0.0,0.0,0,39.404,700,25.94,-1
0.4,-0.1,0.05,90.0,0.0,0.0,0,342.356,700,26.57,-1
0.4,-0.1,0.15,90.0,0.0,0.0,0,254.663,700,26.48,-1
0.4,-0.1,0.25,90.0,0.0,0.0,0,168.009,700,26.86,-1
0.4,-0.1,0.35,90.0,0.0,0.0,0,100.681,700,26.31,-1
0.4,-0.1,0.45,90.0,0.0,0.0,0,46.886,700,26.37,-1
0.4,-0.1,0.55,90.0,0.0,0.0,0,33.56,700,26.52,-1
0.4,-0.1,0.65,90.0,0.0,0.0,0,34.756,700,26.58,-1
0.4,-0.1,0.75,90.0,0.0,0.0,0,34.729,700,26.54,-1
0.4,-0.1,0.85,90.0,0.0,0.0,0,33.516,700,26.6,-1
0.4,-0.1,0.95,90.0,0.0,0.0,0,50.077,700,26.56,-1
0.5,-0.7,0.05,90.0,0.0,0.0,0,573.424,700,27.61,-1
0.5,-0.7,0.15,90.0,0.0,0.0,0,511.478,700,27.8,-1
0.5,-0.7,0.25,90.0,0.0,0.0,0,454.207,700,26.95,-1
0.5,-0.7,0.35,90.0,0.0,0.0,0,437.263,700,26.32,-1
0.5,-0.7,0.45,90.0,0.0,0.0,0,468.667,700,25.35,-1
0.5,-0.7,0.55,90.0,0.0,0.0,0,366.922,700,25.94,-1
0.5,-0.7,0.65,90.0,0.0,0.0,0,325.457,700,25.92,-1
0.5,-0.7,0.75,90.0,0.0,0.0,0,313.863,700,26.47,-1
0.5,-0.7,0.85,90.0,0.0,0.0,0,324.396,700,26.05,-1
0.5,-0.7,0.95,90.0,0.0,0.0,0,349.048,700,26.67,-1
0.5,-0.6,0.05,90.0,0.0,0.0,0,518.567,700,27.44,-1
0.5,-0.6,0.15,90.0,0.0,0.0,0,476.559,700,27.51,-1
0.5,-0.6,0.25,90.0,0.0,0.0,0,390.72,700,26.55,-1
0.5,-0.6,0.35,90.0,0.0,0.0,0,350.027,700,26.08,-1
0.5,-0.6,0.45,90.0,0.0,0.0,0,285.97,700,25.56,-1
0.5,-0.6,0.55,90.0,0.0,0.0,0,265.377,700,25.63,-1
0.5,-0.6,0.65,90.0,0.0,0.0,0,253.85,700,25.77,-1
0.5,-0.6,0.75,90.0,0.0,0.0,0,243.633,700,26.19,-1
0.5,-0.6,0.85,90.0,0.0,0.0,0,255.061,700,26.21,-1
0.5,-0.6,0.95,90.0,0.0,0.0,0,281.901,700,26.05,-1
0.5,-0.5,0.05,90.0,0.0,0.0,0,490.056,700,27.04,-1
0.5,-0.5,0.15,90.0,0.0,0.0,0,399.605,700,26.37,-1
0.5,-0.5,0.25,90.0,0.0,0.0,0,395.957,700,25.52,-1
0.5,-0.5,0.35,90.0,0.0,0.0,0,362.339,700,25.47,-1
0.5,-0.5,0.45,90.0,0.0,0.0,0,316.95,700,25.45,-1
0.5,-0.5,0.55,90.0,0.0,0.0,0,199.543,700,25.53,-1
0.5,-0.5,0.65,90.0,0.0,0.0,0,186.094,700,25.48,-1
0.5,-0.5,0.75,90.0,0.0,0.0,0,182.175,700,25.98,-1
0.5,-0.5,0.85,90.0,0.0,0.0,0,194.709,700,25.91,-1
0.5,-0.5,0.95,90.0,0.0,0.0,0,223.875,700,26.14,-1
0.5,-0.4,0.05,90.0,0.0,0.0,0,485.602,700,26.72,-1
0.5,-0.4,0.15,90.0,0.0,0.0,0,404.425,700,25.92,-1
0.5,-0.4,0.25,90.0,0.0,0.0,0,287.637,700,25.64,-1
0.5,-0.4,0.35,90.0,0.0,0.0,0,228.011,700,25.52,-1
0.5,-0.4,0.45,90.0,0.0,0.0,0,182.702,700,25.6,-1
0.5,-0.4,0.55,90.0,0.0,0.0,0,151.277,700,25.6,-1
0.5,-0.4,0.65,90.0,0.0,0.0,0,134.946,700,25.56,-1
0.5,-0.4,0.75,90.0,0.0,0.0,0,132.453,700,25.95,-1
0.5,-0.4,0.85,90.0,0.0,0.0,0,145.653,700,25.94,-1
0.5,-0.4,0.95,90.0,0.0,0.0,0,176.945,700,25.89,-1
0.5,-0.3,0.05,90.0,0.0,0.0,0,450.87,700,26.4,-1
0.5,-0.3,0.15,90.0,0.0,0.0,0,324.834,700,25.95,-1
0.5,-0.3,0.25,90.0,0.0,0.0,0,314.757,700,25.85,-1
0.5,-0.3,0.35,90.0,0.0,0.0,0,284.217,700,25.94,-1
0.5,-0.3,0.45,90.0,0.0,0.0,0,153.798,700,25.65,-1
0.5,-0.3,0.55,90.0,0.0,0.0,0,120.884,700,25.63,-1
0.5,-0.3,0.65,90.0,0.0,0.0,0,87.453,700,25.76,-1
0.5,-0.3,0.75,90.0,0.0,0.0,0,92.95,700,25.69,-1
0.5,-0.3,0.85,90.0,0.0,0.0,0,110.94,700,26.0,-1
0.5,-0.3,0.95,90.0,0.0,0.0,0,143.744,700,26.01,-1
0.5,-0.2,0.05,90.0,0.0,0.0,0,404.696,700,26.25,-1
0.5,-0.2,0.15,90.0,0.0,0.0,0,307.757,700,26.21,-1
0.5,-0.2,0.25,90.0,0.0,0.0,0,237.073,700,25.97,-1
0.5,-0.2,0.35,90.0,0.0,0.0,0,175.139,700,26.04,-1
0.5,-0.2,0.45,90.0,0.0,0.0,0,124.343,700,25.99,-1
0.5,-0.2,0.55,90.0,0.0,0.0,0,87.917,700,25.91,-1
0.5,-0.2,0.65,90.0,0.0,0.0,0,68.899,700,25.87,-1
0.5,-0.2,0.75,90.0,0.0,0.0,0,69.178,700,25.85,-1
0.5,-0.2,0.85,90.0,0.0,0.0,0,88.825,700,25.86,-1
0.5,-0.2,0.95,90.0,0.0,0.0,0,125.911,700,25.91,-1
0.5,-0.1,0.05,90.0,0.0,0.0,0,385.196,700,26.59,-1
0.5,-0.1,0.15,90.0,0.0,0.0,0,308.489,700,27.08,-1
0.5,-0.1,0.25,90.0,0.0,0.0,0,238.476,700,26.53,-1
0.5,-0.1,0.35,90.0,0.0,0.0,0,177.163,700,26.57,-1
0.5,-0.1,0.45,90.0,0.0,0.0,0,127.387,700,26.33,-1
0.5,-0.1,0.55,90.0,0.0,0.0,0,89.389,700,26.38,-1
0.5,-0.1,0.65,90.0,0.0,0.0,0,74.894,700,26.47,-1
0.5,-0.1,0.75,90.0,0.0,0.0,0,75.252,700,26.44,-1
0.5,-0.1,0.85,90.0,0.0,0.0,0,93.539,700,26.52,-1
0.5,-0.1,0.95,90.0,0.0,0.0,0,129.116,700,26.41,-1
0.6,-0.7,0.05,90.0,0.0,0.0,0,643.772,700,27.54,-1
0.6,-0.7,0.15,90.0,0.0,0.0,0,600.827,700,27.7,-1
0.6,-0.7,0.25,90.0,0.0,0.0,0,569.837,700,27.39,-1
0.6,-0.7,0.35,90.0,0.0,0.0,0,551.965,700,27.08,-1
0.6,-0.7,0.45,90.0,0.0,0.0,0,485.729,700,26.71,-1
0.6,-0.7,0.55,90.0,0.0,0.0,0,430.309,700,26.56,-1
0.6,-0.7,0.65,90.0,0.0,0.0,0,399.502,700,26.52,-1
0.6,-0.7,0.75,90.0,0.0,0.0,0,496.544,700,26.67,-1
0.6,-0.7,0.85,90.0,0.0,0.0,0,505.253,700,26.6,-1
0.6,-0.7,0.95,90.0,0.0,0.0,0,500.365,700,26.68,-1
0.6,-0.6,0.05,90.0,0.0,0.0,0,566.811,700,27.61,-1
0.6,-0.6,0.15,90.0,0.0,0.0,0,558.802,700,27.51,-1
0.6,-0.6,0.25,90.0,0.0,0.0,0,529.212,700,26.92,-1
0.6,-0.6,0.35,90.0,0.0,0.0,0,514.586,700,26.54,-1
0.6,-0.6,0.45,90.0,0.0,0.0,0,434.625,700,25.86,-1
0.6,-0.6,0.55,90.0,0.0,0.0,0,394.016,700,25.55,-1
0.6,-0.6,0.65,90.0,0.0,0.0,0,332.5,700,25.96,-1
0.6,-0.6,0.75,90.0,0.0,0.0,0,320.167,700,25.98,-1
0.6,-0.6,0.85,90.0,0.0,0.0,0,330.457,700,26.01,-1
0.6,-0.6,0.95,90.0,0.0,0.0,0,355.023,700,26.19,-1
0.6,-0.5,0.05,90.0,0.0,0.0,0,568.457,700,27.2,-1
0.6,-0.5,0.15,90.0,0.0,0.0,0,526.354,700,26.61,-1
0.6,-0.5,0.25,90.0,0.0,0.0,0,414.295,700,26.09,-1
0.6,-0.5,0.35,90.0,0.0,0.0,0,360.041,700,25.71,-1
0.6,-0.5,0.45,90.0,0.0,0.0,0,420.082,700,25.44,-1
0.6,-0.5,0.55,90.0,0.0,0.0,0,374.361,700,25.47,-1
0.6,-0.5,0.65,90.0,0.0,0.0,0,269.647,700,25.47,-1
0.6,-0.5,0.75,90.0,0.0,0.0,0,264.299,700,25.82,-1
0.6,-0.5,0.85,90.0,0.0,0.0,0,275.991,700,25.73,-1
0.6,-0.5,0.95,90.0,0.0,0.0,0,302.469,700,26.04,-1
0.6,-0.4,0.05,90.0,0.0,0.0,0,567.254,700,26.39,-1
0.6,-0.4,0.15,90.0,0.0,0.0,0,510.551,700,26.22,-1
0.6,-0.4,0.25,90.0,0.0,0.0,0,427.504,700,25.71,-1
0.6,-0.4,0.35,90.0,0.0,0.0,0,306.849,700,25.72,-1
0.6,-0.4,0.45,90.0,0.0,0.0,0,262.892,700,25.5,-1
0.6,-0.4,0.55,90.0,0.0,0.0,0,234.245,700,25.45,-1
0.6,-0.4,0.65,90.0,0.0,0.0,0,220.692,700,25.42,-1
0.6,-0.4,0.75,90.0,0.0,0.0,0,219.728,700,25.72,-1
0.6,-0.4,0.85,90.0,0.0,0.0,0,232.712,700,25.72,-1
0.6,-0.4,0.95,90.0,0.0,0.0,0,260.895,700,25.68,-1
0.6,-0.3,0.05,90.0,0.0,0.0,0,522.857,700,26.02,-1
0.6,-0.3,0.15,90.0,0.0,0.0,0,392.316,700,25.93,-1
0.6,-0.3,0.25,90.0,0.0,0.0,0,330.462,700,25.82,-1
0.6,-0.3,0.35,90.0,0.0,0.0,0,277.42,700,25.8,-1
0.6,-0.3,0.45,90.0,0.0,0.0,0,234.567,700,25.81,-1
0.6,-0.3,0.55,90.0,0.0,0.0,0,204.139,700,25.52,-1
0.6,-0.3,0.65,90.0,0.0,0.0,0,188.981,700,25.48,-1
0.6,-0.3,0.75,90.0,0.0,0.0,0,188.677,700,25.81,-1
0.6,-0.3,0.85,90.0,0.0,0.0,0,202.532,700,25.82,-1
0.6,-0.3,0.95,90.0,0.0,0.0,0,231.835,700,25.89,-1
0.6,-0.2,0.05,90.0,0.0,0.0,0,519.282,700,26.43,-1
0.6,-0.2,0.15,90.0,0.0,0.0,0,380.699,700,25.94,-1
0.6,-0.2,0.25,90.0,0.0,0.0,0,314.304,700,25.83,-1
0.6,-0.2,0.35,90.0,0.0,0.0,0,259.24,700,25.78,-1
0.6,-0.2,0.45,90.0,0.0,0.0,0,214.976,700,25.73,-1
0.6,-0.2,0.55,90.0,0.0,0.0,0,183.819,700,25.72,-1
0.6,-0.2,0.65,90.0,0.0,0.0,0,167.795,700,25.74,-1
0.6,-0.2,0.75,90.0,0.0,0.0,0,168.11,700,25.71,-1
0.6,-0.2,0.85,90.0,0.0,0.0,0,184.745,700,25.75,-1
0.6,-0.2,0.95,90.0,0.0,0.0,0,216.461,700,25.73,-1
0.6,-0.1,0.05,90.0,0.0,0.0,0,449.57,700,26.14,-1
0.6,-0.1,0.15,90.0,0.0,0.0,0,378.778,700,26.54,-1
0.6,-0.1,0.25,90.0,0.0,0.0,0,315.319,700,26.49,-1
0.6,-0.1,0.35,90.0,0.0,0.0,0,260.537,700,26.44,-1
0.6,-0.1,0.45,90.0,0.0,0.0,0,216.614,700,26.46,-1
0.6,-0.1,0.55,90.0,0.0,0.0,0,185.811,700,26.47,-1
0.6,-0.1,0.65,90.0,0.0,0.0,0,170.035,700,26.47,-1
0.6,-0.1,0.75,90.0,0.0,0.0,0,170.361,700,26.4,-1
0.6,-0.1,0.85,90.0,0.0,0.0,0,186.766,700,26.48,-1
0.6,-0.1,0.95,90.0,0.0,0.0,0,218.134,700,26.41,-1
0.7,-0.7,0.05,90.0,0.0,0.0,0,720.945,700,27.85,-1
0.7,-0.7,0.15,90.0,0.0,0.0,0,683.532,700,27.47,-1
0.7,-0.7,0.25,90.0,0.0,0.0,0,565.476,700,27.55,-1
0.7,-0.7,0.35,90.0,0.0,0.0,0,643.059,700,27.39,-1
0.7,-0.7,0.45,90.0,0.0,0.0,0,547.933,700,27.0,-1
0.7,-0.7,0.55,90.0,0.0,0.0,0,501.32,700,27.33,-1
0.7,-0.7,0.65,90.0,0.0,0.0,0,508.338,700,26.38,-1
0.7,-0.7,0.75,90.0,0.0,0.0,0,521.966,700,26.5,-1
0.7,-0.7,0.85,90.0,0.0,0.0,0,546.572,700,26.9,-1
0.7,-0.7,0.95,90.0,0.0,0.0,0,489.283,700,27.55,-1
0.7,-0.6,0.05,90.0,0.0,0.0,0,624.687,700,28.08,-1
0.7,-0.6,0.15,90.0,0.0,0.0,0,645.82,700,27.46,-1
0.7,-0.6,0.25,90.0,0.0,0.0,0,621.171,700,27.33,-1
0.7,-0.6,0.35,90.0,0.0,0.0,0,572.694,700,27.65,-1
0.7,-0.6,0.45,90.0,0.0,0.0,0,491.827,700,26.72,-1
0.7,-0.6,0.55,90.0,0.0,0.0,0,462.375,700,26.9,-1
0.7,-0.6,0.65,90.0,0.0,0.0,0,423.497,700,26.44,-1
0.7,-0.6,0.75,90.0,0.0,0.0,0,447.434,700,26.16,-1
0.7,-0.6,0.85,90.0,0.0,0.0,0,408.192,700,26.71,-1
0.7,-0.6,0.95,90.0,0.0,0.0,0,469.424,700,26.43,-1
0.7,-0.5,0.05,90.0,0.0,0.0,0,652.626,700,27.31,-1
0.7,-0.5,0.15,90.0,0.0,0.0,0,600.246,700,27.37,-1
0.7,-0.5,0.25,90.0,0.0,0.0,0,594.475,700,26.5,-1
0.7,-0.5,0.35,90.0,0.0,0.0,0,500.164,700,26.45,-1
0.7,-0.5,0.45,90.0,0.0,0.0,0,441.98,700,25.83,-1
0.7,-0.5,0.55,90.0,0.0,0.0,0,396.821,700,25.69,-1
0.7,-0.5,0.65,90.0,0.0,0.0,0,405.028,700,25.99,-1
0.7,-0.5,0.75,90.0,0.0,0.0,0,350.753,700,26.14,-1
0.7,-0.5,0.85,90.0,0.0,0.0,0,363.351,700,26.12,-1
0.7,-0.5,0.95,90.0,0.0,0.0,0,387.004,700,26.06,-1
0.7,-0.4,0.05,90.0,0.0,0.0,0,631.035,700,27.56,-1
0.7,-0.4,0.15,90.0,0.0,0.0,0,557.567,700,26.41,-1
0.7,-0.4,0.25,90.0,0.0,0.0,0,521.681,700,25.87,-1
0.7,-0.4,0.35,90.0,0.0,0.0,0,572.898,700,25.71,-1
0.7,-0.4,0.45,90.0,0.0,0.0,0,352.453,700,25.65,-1
0.7,-0.4,0.55,90.0,0.0,0.0,0,396.027,700,25.61,-1
0.7,-0.4,0.65,90.0,0.0,0.0,0,321.587,700,25.45,-1
0.7,-0.4,0.75,90.0,0.0,0.0,0,313.133,700,25.79,-1
0.7,-0.4,0.85,90.0,0.0,0.0,0,381.964,700,25.92,-1
0.7,-0.4,0.95,90.0,0.0,0.0,0,349.041,700,26.13,-1
0.7,-0.3,0.05,90.0,0.0,0.0,0,617.243,700,26.74,-1
0.7,-0.3,0.15,90.0,0.0,0.0,0,578.916,700,25.93,-1
0.7,-0.3,0.25,90.0,0.0,0.0,0,522.007,700,25.76,-1
0.7,-0.3,0.35,90.0,0.0,0.0,0,361.646,700,25.82,-1
0.7,-0.3,0.45,90.0,0.0,0.0,0,323.477,700,25.83,-1
0.7,-0.3,0.55,90.0,0.0,0.0,0,296.925,700,25.84,-1
0.7,-0.3,0.65,90.0,0.0,0.0,0,284.139,700,25.59,-1
0.7,-0.3,0.75,90.0,0.0,0.0,0,284.751,700,25.89,-1
0.7,-0.3,0.85,90.0,0.0,0.0,0,297.258,700,25.78,-1
0.7,-0.3,0.95,90.0,0.0,0.0,0,323.299,700,25.94,-1
0.7,-0.2,0.05,90.0,0.0,0.0,0,597.782,700,26.96,-1
0.7,-0.2,0.15,90.0,0.0,0.0,0,527.921,700,26.04,-1
0.7,-0.2,0.25,90.0,0.0,0.0,0,396.502,700,25.77,-1
0.7,-0.2,0.35,90.0,0.0,0.0,0,347.164,700,25.81,-1
0.7,-0.2,0.45,90.0,0.0,0.0,0,308.13,700,25.76,-1
0.7,-0.2,0.55,90.0,0.0,0.0,0,281.024,700,25.79,-1
0.7,-0.2,0.65,90.0,0.0,0.0,0,267.22,700,25.78,-1
0.7,-0.2,0.75,90.0,0.0,0.0,0,267.499,700,25.8,-1
0.7,-0.2,0.85,90.0,0.0,0.0,0,281.848,700,25.85,-1
0.7,-0.2,0.95,90.0,0.0,0.0,0,309.457,700,25.84,-1
0.7,-0.1,0.05,90.0,0.0,0.0,0,523.338,700,26.56,-1
0.7,-0.1,0.15,90.0,0.0,0.0,0,460.283,700,26.14,-1
0.7,-0.1,0.25,90.0,0.0,0.0,0,397.196,700,26.38,-1
0.7,-0.1,0.35,90.0,0.0,0.0,0,348.065,700,26.44,-1
0.7,-0.1,0.45,90.0,0.0,0.0,0,309.189,700,26.51,-1
0.7,-0.1,0.55,90.0,0.0,0.0,0,282.218,700,26.48,-1
0.7,-0.1,0.65,90.0,0.0,0.0,0,268.496,700,26.44,-1
0.7,-0.1,0.75,90.0,0.0,0.0,0,268.779,700,26.47,-1
0.7,-0.1,0.85,90.0,0.0,0.0,0,283.05,700,26.42,-1
0.7,-0.1,0.95,90.0,0.0,0.0,0,310.526,700,26.36,-1
-0.2,-0.7,0.05,180.0,0.0,0.0,0,482.355,700,27.34,-1
-0.2,-0.7,0.15,180.0,0.0,0.0,0,363.375,700,26.29,-1
-0.2,-0.7,0.25,180.0,0.0,0.0,0,300.559,700,26.62,-1
-0.2,-0.7,0.35,180.0,0.0,0.0,0,247.377,700,26.16,-1
-0.2,-0.7,0.45,180.0,0.0,0.0,0,214.923,700,26.43,-1
-0.2,-0.7,0.55,180.0,0.0,0.0,0,176.735,700,27.59,-1
-0.2,-0.7,0.65,180.0,0.0,0.0,0,169.427,700,27.8,-1
-0.2,-0.7,0.75,180.0,0.0,0.0,0,187.43,700,28.56,-1
-0.2,-0.7,0.85,180.0,0.0,0.0,0,188.815,700,28.48,-1
-0.2,-0.7,0.95,180.0,0.0,0.0,0,255.278,700,28.41,-1
-0.2,-0.6,0.05,180.0,0.0,0.0,0,375.952,700,25.73,-1
-0.2,-0.6,0.15,180.0,0.0,0.0,0,298.62,700,25.64,-1
-0.2,-0.6,0.25,180.0,0.0,0.0,0,228.162,700,25.4,-1
-0.2,-0.6,0.35,180.0,0.0,0.0,0,168.103,700,25.77,-1
-0.2,-0.6,0.45,180.0,0.0,0.0,0,116.323,700,26.05,-1
-0.2,-0.6,0.55,180.0,0.0,0.0,0,81.742,700,27.1,-1
-0.2,-0.6,0.65,180.0,0.0,0.0,0,75.148,700,27.34,-1
-0.2,-0.6,0.75,180.0,0.0,0.0,0,112.128,700,28.42,-1
-0.2,-0.6,0.85,180.0,0.0,0.0,0,107.286,700,27.7,-1
-0.2,-0.6,0.95,180.0,0.0,0.0,0,156.999,700,27.51,-1
-0.2,-0.5,0.05,180.0,0.0,0.0,0,389.95,700,25.49,-1
-0.2,-0.5,0.15,180.0,0.0,0.0,0,243.337,700,25.84,-1
-0.2,-0.5,0.25,180.0,0.0,0.0,0,166.23,700,25.43,-1
-0.2,-0.5,0.35,180.0,0.0,0.0,0,116.715,700,25.47,-1
-0.2,-0.5,0.45,180.0,0.0,0.0,0,55.933,700,25.82,-1
-0.2,-0.5,0.55,180.0,0.0,0.0,1,4.084,100,3.71,0
-0.2,-0.5,0.65,180.0,0.0,0.0,1,2.15,20,0.79,0
-0.2,-0.5,0.75,180.0,0.0,0.0,0,65.544,700,27.08,-1
-0.2,-0.5,0.85,180.0,0.0,0.0,0,28.745,700,27.61,-1
-0.2,-0.5,0.95,180.0,0.0,0.0,0,91.965,700,27.6,-1
-0.2,-0.4,0.05,180.0,0.0,0.0,0,285.678,700,25.46,-1
-0.2,-0.4,0.15,180.0,0.0,0.0,0,198.431,700,25.45,-1
-0.2,-0.4,0.25,180.0,0.0,0.0,0,115.985,700,25.43,-1
-0.2,-0.4,0.35,180.0,0.0,0.0,0,44.179,700,25.37,-1
-0.2,-0.4,0.45,180.0,0.0,0.0,1,0.49,6,0.24,0
-0.2,-0.4,0.55,180.0,0.0,0.0,1,1.632,311,11.82,3
-0.2,-0.4,0.65,180.0,0.0,0.0,0,109.115,700,26.52,-1
-0.2,-0.4,0.75,180.0,0.0,0.0,0,152.735,700,27.09,-1
-0.2,-0.4,0.85,180.0,0.0,0.0,0,210.207,700,27.36,-1
-0.2,-0.4,0.95,180.0,0.0,0.0,0,245.6,700,27.44,-1
-0.2,-0.3,0.05,180.0,0.0,0.0,0,257.856,700,25.49,-1
-0.2,-0.3,0.15,180.0,0.0,0.0,0,166.618,700,25.92,-1
-0.2,-0.3,0.25,180.0,0.0,0.0,0,80.222,700,25.55,-1
-0.2,-0.3,0.35,180.0,0.0,0.0,1,2.079,5,0.21,0
-0.2,-0.3,0.45,180.0,0.0,0.0,1,0.757,6,0.26,0
-0.2,-0.3,0.55,180.0,0.0,0.0,1,1.642,405,15.47,4
-0.2,-0.3,0.65,180.0,0.0,0.0,1,1.541,405,15.38,4
-0.2,-0.3,0.75,180.0,0.0,0.0,0,147.855,700,27.27,-1
-0.2,-0.3,0.85,180.0,0.0,0.0,0,186.609,700,28.31,-1
-0.2,-0.3,0.95,180.0,0.0,0.0,0,209.986,700,28.05,-1
-0.2,-0.2,0.05,180.0,0.0,0.0,0,243.788,700,25.5,-1
-0.2,-0.2,0.15,180.0,0.0,0.0,0,149.967,700,25.41,-1
-0.2,-0.2,0.25,180.0,0.0,0.0,0,60.408,700,25.49,-1
-0.2,-0.2,0.35,180.0,0.0,0.0,1,1.232,5,0.21,0
-0.2,-0.2,0.45,180.0,0.0,0.0,1,1.338,6,0.25,0
-0.2,-0.2,0.55,180.0,0.0,0.0,1,1.766,11,0.44,0
-0.2,-0.2,0.65,180.0,0.0,0.0,0,12.538,700,27.02,-1
-0.2,-0.2,0.75,180.0,0.0,0.0,0,169.774,700,28.47,-1
-0.2,-0.2,0.85,180.0,0.0,0.0,0,215.581,700,28.91,-1
-0.2,-0.2,0.95,180.0,0.0,0.0,0,283.557,700,29.3,-1
-0.2,-0.1,0.05,180.0,0.0,0.0,0,244.279,700,25.42,-1
-0.2,-0.1,0.15,180.0,0.0,0.0,0,150.078,700,25.35,-1
-0.2,-0.1,0.25,180.0,0.0,0.0,0,58.769,700,25.41,-1
-0.2,-0.1,0.35,180.0,0.0,0.0,1,2.848,5,0.21,0
-0.2,-0.1,0.45,180.0,0.0,0.0,1,1.079,5,0.21,0
-0.2,-0.1,0.55,180.0,0.0,0.0,0,34.857,700,26.4,-1
-0.2,-0.1,0.65,180.0,0.0,0.0,0,94.06,700,26.42,-1
-0.2,-0.1,0.75,180.0,0.0,0.0,0,166.64,700,28.74,-1
-0.2,-0.1,0.85,180.0,0.0,0.0,0,274.389,700,29.67,-1
-0.2,-0.1,0.95,180.0,0.0,0.0,0,331.688,700,29.07,-1
-0.1,-0.7,0.05,180.0,0.0,0.0,0,420.49,700,27.36,-1
-0.1,-0.7,0.15,180.0,0.0,0.0,0,344.777,700,25.58,-1
-0.1,-0.7,0.25,180.0,0.0,0.0,0,278.702,700,26.19,-1
-0.1,-0.7,0.35,180.0,0.0,0.0,0,229.813,700,26.53,-1
-0.1,-0.7,0.45,180.0,0.0,0.0,0,205.101,700,26.51,-1
-0.1,-0.7,0.55,180.0,0.0,0.0,0,163.366,700,27.73,-1
-0.1,-0.7,0.65,180.0,0.0,0.0,0,162.849,700,27.24,-1
-0.1,-0.7,0.75,180.0,0.0,0.0,0,166.611,700,27.91,-1
-0.1,-0.7,0.85,180.0,0.0,0.0,0,188.383,700,27.79,-1
-0.1,-0.7,0.95,180.0,0.0,0.0,0,311.362,700,27.81,-1
-0.1,-0.6,0.05,180.0,0.0,0.0,0,357.263,700,25.55,-1
-0.1,-0.6,0.15,180.0,0.0,0.0,0,278.623,700,25.41,-1
-0.1,-0.6,0.25,180.0,0.0,0.0,0,205.366,700,25.84,-1
-0.1,-0.6,0.35,180.0,0.0,0.0,0,148.07,700,25.78,-1
-0.1,-0.6,0.45,180.0,0.0,0.0,0,101.608,700,26.68,-1
-0.1,-0.6,0.55,180.0,0.0,0.0,0,71.01,700,26.0,-1
-0.1,-0.6,0.65,180.0,0.0,0.0,0,70.248,700,26.99,-1
-0.1,-0.6,0.75,180.0,0.0,0.0,0,75.629,700,27.36,-1
-0.1,-0.6,0.85,180.0,0.0,0.0,0,104.016,700,27.64,-1
-0.1,-0.6,0.95,180.0,0.0,0.0,0,153.225,700,27.56,-1
-0.1,-0.5,0.05,180.0,0.0,0.0,0,305.903,700,25.61,-1
-0.1,-0.5,0.15,180.0,0.0,0.0,0,221.229,700,25.53,-1
-0.1,-0.5,0.25,180.0,0.0,0.0,0,141.389,700,25.93,-1
-0.1,-0.5,0.35,180.0,0.0,0.0,0,69.01,700,25.58,-1
-0.1,-0.5,0.45,180.0,0.0,0.0,1,9.306,100,3.7,0
-0.1,-0.5,0.55,180.0,0.0,0.0,1,1.525,309,11.73,3
-0.1,-0.5,0.65,180.0,0.0,0.0,1,2.645,316,12.0,3
-0.1,-0.5,0.75,180.0,0.0,0.0,0,68.579,700,27.69,-1
-0.1,-0.5,0.85,180.0,0.0,0.0,0,28.342,700,27.16,-1
-0.1,-0.5,0.95,180.0,0.0,0.0,0,242.699,700,27.19,-1
-0.1,-0.4,0.05,180.0,0.0,0.0,0,264.691,700,25.47,-1
-0.1,-0.4,0.15,180.0,0.0,0.0,0,174.854,700,25.37,-1
-0.1,-0.4,0.25,180.0,0.0,0.0,0,123.714,700,25.86,-1
-0.1,-0.4,0.35,180.0,0.0,0.0,1,4.775,100,3.58,0
-0.1,-0.4,0.45,180.0,0.0,0.0,1,0.32,5,0.2,0
-0.1,-0.4,0.55,180.0,0.0,0.0,1,3.837,100,3.77,0
-0.1,-0.4,0.65,180.0,0.0,0.0,0,46.064,700,26.46,-1
-0.1,-0.4,0.75,180.0,0.0,0.0,0,54.626,700,27.03,-1
-0.1,-0.4,0.85,180.0,0.0,0.0,0,149.232,700,26.91,-1
-0.1,-0.4,0.95,180.0,0.0,0.0,0,218.795,700,27.19,-1
-0.1,-0.3,0.05,180.0,0.0,0.0,0,236.081,700,25.43,-1
-0.1,-0.3,0.15,180.0,0.0,0.0,0,141.776,700,25.49,-1
-0.1,-0.3,0.25,180.0,0.0,0.0,0,54.234,700,25.33,-1
-0.1,-0.3,0.35,180.0,0.0,0.0,1,1.472,4,0.17,0
-0.1,-0.3,0.45,180.0,0.0,0.0,1,0.713,5,0.2,0
-0.1,-0.3,0.55,180.0,0.0,0.0,1,1.687,5,0.21,0
-0.1,-0.3,0.65,180.0,0.0,0.0,0,33.451,700,26.33,-1
-0.1,-0.3,0.75,180.0,0.0,0.0,0,84.955,700,27.88,-1
-0.1,-0.3,0.85,180.0,0.0,0.0,0,135.253,700,27.76,-1
-0.1,-0.3,0.95,180.0,0.0,0.0,0,203.186,700,27.73,-1
-0.1,-0.2,0.05,180.0,0.0,0.0,0,221.469,700,25.44,-1
-0.1,-0.2,0.15,180.0,0.0,0.0,0,176.407,700,25.41,-1
-0.1,-0.2,0.25,180.0,0.0,0.0,0,25.981,700,25.27,-1
-0.1,-0.2,0.35,180.0,0.0,0.0,1,0.938,4,0.17,0
-0.1,-0.2,0.45,180.0,0.0,0.0,1,2.653,4,0.17,0
-0.1,-0.2,0.55,180.0,0.0,0.0,0,13.822,700,26.49,-1
-0.1,-0.2,0.65,180.0,0.0,0.0,0,80.216,700,27.12,-1
-0.1,-0.2,0.75,180.0,0.0,0.0,0,120.031,700,28.5,-1
-0.1,-0.2,0.85,180.0,0.0,0.0,0,145.297,700,28.87,-1
-0.1,-0.2,0.95,180.0,0.0,0.0,0,236.003,700,29.1,-1
-0.1,-0.1,0.05,180.0,0.0,0.0,0,221.896,700,25.42,-1
-0.1,-0.1,0.15,180.0,0.0,0.0,0,123.987,700,25.39,-1
-0.1,-0.1,0.25,180.0,0.0,0.0,0,26.785,700,25.29,-1
-0.1,-0.1,0.35,180.0,0.0,0.0,1,2.324,4,0.17,0
-0.1,-0.1,0.45,180.0,0.0,0.0,1,1.832,4,0.17,0
-0.1,-0.1,0.55,180.0,0.0,0.0,1,5.162,100,3.77,0
-0.1,-0.1,0.65,180.0,0.0,0.0,0,67.736,700,27.02,-1
-0.1,-0.1,0.75,180.0,0.0,0.0,0,115.262,700,27.94,-1
-0.1,-0.1,0.85,180.0,0.0,0.0,0,248.792,700,28.98,-1
-0.1,-0.1,0.95,180.0,0.0,0.0,0,294.425,700,28.91,-1
0.0,-0.7,0.05,180.0,0.0,0.0,0,532.827,700,26.58,-1
0.0,-0.7,0.15,180.0,0.0,0.0,0,338.392,700,25.56,-1
0.0,-0.7,0.25,180.0,0.0,0.0,0,271.992,700,25.94,-1
0.0,-0.7,0.35,180.0,0.0,0.0,0,224.822,700,26.84,-1
0.0,-0.7,0.45,180.0,0.0,0.0,0,179.162,700,27.34,-1
0.0,-0.7,0.55,180.0,0.0,0.0,0,162.706,700,27.06,-1
0.0,-0.7,0.65,180.0,0.0,0.0,0,170.009,700,26.96,-1
0.0,-0.7,0.75,180.0,0.0,0.0,0,184.016,700,27.68,-1
0.0,-0.7,0.85,180.0,0.0,0.0,0,211.833,700,27.38,-1
0.0,-0.7,0.95,180.0,0.0,0.0,0,274.809,700,27.77,-1
0.0,-0.6,0.05,180.0,0.0,0.0,0,350.935,700,25.57,-1
0.0,-0.6,0.15,180.0,0.0,0.0,0,271.734,700,25.48,-1
0.0,-0.6,0.25,180.0,0.0,0.0,0,197.746,700,25.4,-1
0.0,-0.6,0.35,180.0,0.0,0.0,0,143.029,700,25.83,-1
0.0,-0.6,0.45,180.0,0.0,0.0,0,85.116,700,26.67,-1
0.0,-0.6,0.55,180.0,0.0,0.0,0,68.674,700,26.13,-1
0.0,-0.6,0.65,180.0,0.0,0.0,0,82.012,700,27.4,-1
0.0,-0.6,0.75,180.0,0.0,0.0,0,104.607,700,28.17,-1
0.0,-0.6,0.85,180.0,0.0,0.0,0,146.327,700,27.51,-1
0.0,-0.6,0.95,180.0,0.0,0.0,0,172.401,700,27.48,-1
0.0,-0.5,0.05,180.0,0.0,0.0,0,298.824,700,25.61,-1
0.0,-0.5,0.15,180.0,0.0,0.0,0,213.832,700,25.61,-1
0.0,-0.5,0.25,180.0,0.0,0.0,0,133.268,700,25.46,-1
0.0,-0.5,0.35,180.0,0.0,0.0,0,62.362,700,25.77,-1
0.0,-0.5,0.45,180.0,0.0,0.0,1,3.909,100,3.69,0
0.0,-0.5,0.55,180.0,0.0,0.0,1,2.037,5,0.21,0
0.0,-0.5,0.65,180.0,0.0,0.0,1,1.184,211,8.0,2
0.0,-0.5,0.75,180.0,0.0,0.0,0,68.165,700,26.73,-1
0.0,-0.5,0.85,180.0,0.0,0.0,0,60.567,700,26.86,-1
0.0,-0.5,0.95,180.0,0.0,0.0,0,183.959,700,27.2,-1
0.0,-0.4,0.05,180.0,0.0,0.0,0,257.615,700,25.47,-1
0.0,-0.4,0.15,180.0,0.0,0.0,0,166.98,700,25.41,-1
0.0,-0.4,0.25,180.0,0.0,0.0,0,81.84,700,25.44,-1
0.0,-0.4,0.35,180.0,0.0,0.0,1,1.598,5,0.2,0
0.0,-0.4,0.45,180.0,0.0,0.0,1,2.103,4,0.18,0
0.0,-0.4,0.55,180.0,0.0,0.0,1,2.155,7,0.28,0
0.0,-0.4,0.65,180.0,0.0,0.0,1,2.839,5,0.21,0
0.0,-0.4,0.75,180.0,0.0,0.0,1,4.708,300,11.35,2
0.0,-0.4,0.85,180.0,0.0,0.0,0,85.476,700,26.88,-1
0.0,-0.4,0.95,180.0,0.0,0.0,0,199.588,700,27.03,-1
0.0,-0.3,0.05,180.0,0.0,0.0,0,228.689,700,25.54,-1
0.0,-0.3,0.15,180.0,0.0,0.0,0,133.429,700,25.45,-1
0.0,-0.3,0.25,180.0,0.0,0.0,0,35.653,700,25.39,-1
0.0,-0.3,0.35,180.0,0.0,0.0,1,0.477,4,0.17,0
0.0,-0.3,0.45,180.0,0.0,0.0,1,0.806,4,0.16,0
0.0,-0.3,0.55,180.0,0.0,0.0,1,1.361,4,0.18,0
0.0,-0.3,0.65,180.0,0.0,0.0,1,2.011,3,0.14,0
0.0,-0.3,0.75,180.0,0.0,0.0,0,75.997,700,27.3,-1
0.0,-0.3,0.85,180.0,0.0,0.0,0,85.297,700,27.31,-1
0.0,-0.3,0.95,180.0,0.0,0.0,0,229.298,700,26.99,-1
0.0,-0.2,0.05,180.0,0.0,0.0,0,213.87,700,25.54,-1
0.0,-0.2,0.15,180.0,0.0,0.0,0,115.356,700,25.49,-1
0.0,-0.2,0.25,180.0,0.0,0.0,0,15.601,700,25.33,-1
0.0,-0.2,0.35,180.0,0.0,0.0,1,0.141,4,0.17,0
0.0,-0.2,0.45,180.0,0.0,0.0,1,0.654,4,0.17,0
0.0,-0.2,0.55,180.0,0.0,0.0,1,1.12,3,0.13,0
0.0,-0.2,0.65,180.0,0.0,0.0,0,82.368,700,26.49,-1
0.0,-0.2,0.75,180.0,0.0,0.0,0,126.986,700,27.13,-1
0.0,-0.2,0.85,180.0,0.0,0.0,0,174.132,700,28.01,-1
0.0,-0.2,0.95,180.0,0.0,0.0,0,254.932,700,28.2,-1
0.0,-0.1,0.05,180.0,0.0,0.0,0,214.264,700,25.58,-1
0.0,-0.1,0.15,180.0,0.0,0.0,0,114.995,700,25.52,-1
0.0,-0.1,0.25,180.0,0.0,0.0,0,16.586,700,25.42,-1
0.0,-0.1,0.35,180.0,0.0,0.0,1,1.259,4,0.17,0
0.0,-0.1,0.45,180.0,0.0,0.0,1,1.214,4,0.17,0
0.0,-0.1,0.55,180.0,0.0,0.0,1,2.179,3,0.13,0
0.0,-0.1,0.65,180.0,0.0,0.0,0,77.334,700,25.97,-1
0.0,-0.1,0.75,180.0,0.0,0.0,0,123.857,700,28.26,-1
0.0,-0.1,0.85,180.0,0.0,0.0,0,226.46,700,28.97,-1
0.0,-0.1,0.95,180.0,0.0,0.0,0,292.724,700,29.12,-1
0.1,-0.7,0.05,180.0,0.0,0.0,0,423.626,700,27.26,-1
0.1,-0.7,0.15,180.0,0.0,0.0,0,344.388,700,26.98,-1
0.1,-0.7,0.25,180.0,0.0,0.0,0,278.703,700,26.43,-1
0.1,-0.7,0.35,180.0,0.0,0.0,0,226.281,700,26.33,-1
0.1,-0.7,0.45,180.0,0.0,0.0,0,180.26,700,27.08,-1
0.1,-0.7,0.55,180.0,0.0,0.0,0,159.226,700,27.24,-1
0.1,-0.7,0.65,180.0,0.0,0.0,0,162.792,700,26.9,-1
0.1,-0.7,0.75,180.0,0.0,0.0,0,167.156,700,27.53,-1
0.1,-0.7,0.85,180.0,0.0,0.0,0,195.567,700,27.95,-1
0.1,-0.7,0.95,180.0,0.0,0.0,0,242.502,700,28.79,-1
0.1,-0.6,0.05,180.0,0.0,0.0,0,359.519,700,26.06,-1
0.1,-0.6,0.15,180.0,0.0,0.0,0,305.041,700,25.45,-1
0.1,-0.6,0.25,180.0,0.0,0.0,0,204.41,700,25.47,-1
0.1,-0.6,0.35,180.0,0.0,0.0,0,149.022,700,25.82,-1
0.1,-0.6,0.45,180.0,0.0,0.0,0,89.812,700,26.34,-1
0.1,-0.6,0.55,180.0,0.0,0.0,0,67.583,700,26.13,-1
0.1,-0.6,0.65,180.0,0.0,0.0,0,70.229,700,26.49,-1
0.1,-0.6,0.75,180.0,0.0,0.0,0,79.318,700,27.02,-1
0.1,-0.6,0.85,180.0,0.0,0.0,0,125.956,700,27.94,-1
0.1,-0.6,0.95,180.0,0.0,0.0,0,187.05,700,27.2,-1
0.1,-0.5,0.05,180.0,0.0,0.0,0,306.954,700,25.54,-1
0.1,-0.5,0.15,180.0,0.0,0.0,0,221.55,700,25.46,-1
0.1,-0.5,0.25,180.0,0.0,0.0,0,142.379,700,25.44,-1
0.1,-0.5,0.35,180.0,0.0,0.0,0,71.446,700,25.44,-1
0.1,-0.5,0.45,180.0,0.0,0.0,1,9.382,100,3.68,0
0.1,-0.5,0.55,180.0,0.0,0.0,1,1.352,5,0.2,0
0.1,-0.5,0.65,180.0,0.0,0.0,1,2.732,5,0.22,0
0.1,-0.5,0.75,180.0,0.0,0.0,0,35.473,700,26.53,-1
0.1,-0.5,0.85,180.0,0.0,0.0,0,103.105,700,26.53,-1
0.1,-0.5,0.95,180.0,0.0,0.0,0,168.743,700,27.18,-1
0.1,-0.4,0.05,180.0,0.0,0.0,0,264.679,700,25.63,-1
0.1,-0.4,0.15,180.0,0.0,0.0,0,175.234,700,25.52,-1
0.1,-0.4,0.25,180.0,0.0,0.0,0,91.598,700,25.45,-1
0.1,-0.4,0.35,180.0,0.0,0.0,1,4.775,100,3.59,0
0.1,-0.4,0.45,180.0,0.0,0.0,1,0.933,3,0.13,0
0.1,-0.4,0.55,180.0,0.0,0.0,1,1.712,4,0.17,0
0.1,-0.4,0.65,180.0,0.0,0.0,1,2.971,4,0.17,0
0.1,-0.4,0.75,180.0,0.0,0.0,0,41.647,700,26.53,-1
0.1,-0.4,0.85,180.0,0.0,0.0,0,120.501,700,26.57,-1
0.1,-0.4,0.95,180.0,0.0,0.0,0,193.344,700,26.54,-1
0.1,-0.3,0.05,180.0,0.0,0.0,0,236.091,700,25.58,-1
0.1,-0.3,0.15,180.0,0.0,0.0,0,142.054,700,25.47,-1
0.1,-0.3,0.25,180.0,0.0,0.0,0,48.866,700,25.34,-1
0.1,-0.3,0.35,180.0,0.0,0.0,1,2.14,3,0.14,0
0.1,-0.3,0.45,180.0,0.0,0.0,1,1.902,2,0.09,0
0.1,-0.3,0.55,180.0,0.0,0.0,1,1.466,4,0.17,0
0.1,-0.3,0.65,180.0,0.0,0.0,1,2.751,4,0.17,0
0.1,-0.3,0.75,180.0,0.0,0.0,0,46.798,700,26.5,-1
0.1,-0.3,0.85,180.0,0.0,0.0,0,135.882,700,27.37,-1
0.1,-0.3,0.95,180.0,0.0,0.0,0,220.471,700,27.38,-1
0.1,-0.2,0.05,180.0,0.0,0.0,0,221.476,700,25.52,-1
0.1,-0.2,0.15,180.0,0.0,0.0,0,124.221,700,25.51,-1
0.1,-0.2,0.25,180.0,0.0,0.0,0,26.07,700,25.41,-1
0.1,-0.2,0.35,180.0,0.0,0.0,1,1.424,3,0.13,0
0.1,-0.2,0.45,180.0,0.0,0.0,1,0.815,3,0.13,0
0.1,-0.2,0.55,180.0,0.0,0.0,1,1.088,3,0.13,0
0.1,-0.2,0.65,180.0,0.0,0.0,0,28.925,700,26.6,-1
0.1,-0.2,0.75,180.0,0.0,0.0,0,60.425,700,28.22,-1
0.1,-0.2,0.85,180.0,0.0,0.0,0,145.688,700,29.0,-1
0.1,-0.2,0.95,180.0,0.0,0.0,0,237.184,700,28.7,-1
0.1,-0.1,0.05,180.0,0.0,0.0,0,221.893,700,25.6,-1
0.1,-0.1,0.15,180.0,0.0,0.0,0,123.926,700,25.5,-1
0.1,-0.1,0.25,180.0,0.0,0.0,0,26.672,700,25.34,-1
0.1,-0.1,0.35,180.0,0.0,0.0,1,0.321,4,0.17,0
0.1,-0.1,0.45,180.0,0.0,0.0,1,0.837,4,0.17,0
0.1,-0.1,0.55,180.0,0.0,0.0,0,30.999,700,26.46,-1
0.1,-0.1,0.65,180.0,0.0,0.0,0,98.316,700,27.08,-1
0.1,-0.1,0.75,180.0,0.0,0.0,0,127.737,700,28.47,-1
0.1,-0.1,0.85,180.0,0.0,0.0,0,183.992,700,28.46,-1
0.1,-0.1,0.95,180.0,0.0,0.0,0,262.109,700,28.4,-1
0.2,-0.7,0.05,180.0,0.0,0.0,0,439.477,700,26.61,-1
0.2,-0.7,0.15,180.0,0.0,0.0,0,363.355,700,25.84,-1
0.2,-0.7,0.25,180.0,0.0,0.0,0,299.556,700,25.82,-1
0.2,-0.7,0.35,180.0,0.0,0.0,0,252.072,700,26.19,-1
0.2,-0.7,0.45,180.0,0.0,0.0,0,216.833,700,25.95,-1
0.2,-0.7,0.55,180.0,0.0,0.0,0,192.928,700,26.82,-1
0.2,-0.7,0.65,180.0,0.0,0.0,0,162.793,700,27.37,-1
0.2,-0.7,0.75,180.0,0.0,0.0,0,172.255,700,27.93,-1
0.2,-0.7,0.85,180.0,0.0,0.0,0,199.415,700,28.05,-1
0.2,-0.7,0.95,180.0,0.0,0.0,0,245.133,700,27.86,-1
0.2,-0.6,0.05,180.0,0.0,0.0,0,457.506,700,25.54,-1
0.2,-0.6,0.15,180.0,0.0,0.0,0,299.258,700,25.48,-1
0.2,-0.6,0.25,180.0,0.0,0.0,0,228.981,700,25.47,-1
0.2,-0.6,0.35,180.0,0.0,0.0,0,168.746,700,25.83,-1
0.2,-0.6,0.45,180.0,0.0,0.0,0,138.568,700,25.86,-1
0.2,-0.6,0.55,180.0,0.0,0.0,0,114.438,700,26.49,-1
0.2,-0.6,0.65,180.0,0.0,0.0,0,81.815,700,26.95,-1
0.2,-0.6,0.75,180.0,0.0,0.0,0,81.465,700,27.1,-1
0.2,-0.6,0.85,180.0,0.0,0.0,0,125.468,700,27.84,-1
0.2,-0.6,0.95,180.0,0.0,0.0,0,184.685,700,27.8,-1
0.2,-0.5,0.05,180.0,0.0,0.0,0,424.466,700,25.82,-1
0.2,-0.5,0.15,180.0,0.0,0.0,0,243.725,700,25.5,-1
0.2,-0.5,0.25,180.0,0.0,0.0,0,167.733,700,25.51,-1
0.2,-0.5,0.35,180.0,0.0,0.0,0,100.248,700,25.46,-1
0.2,-0.5,0.45,180.0,0.0,0.0,0,60.918,700,25.96,-1
0.2,-0.5,0.55,180.0,0.0,0.0,1,4.211,100,3.71,0
0.2,-0.5,0.65,180.0,0.0,0.0,1,2.655,5,0.21,0
0.2,-0.5,0.75,180.0,0.0,0.0,0,33.421,700,26.55,-1
0.2,-0.5,0.85,180.0,0.0,0.0,0,97.011,700,26.54,-1
0.2,-0.5,0.95,180.0,0.0,0.0,0,159.013,700,27.15,-1
0.2,-0.4,0.05,180.0,0.0,0.0,0,285.916,700,25.41,-1
0.2,-0.4,0.15,180.0,0.0,0.0,0,198.899,700,25.44,-1
0.2,-0.4,0.25,180.0,0.0,0.0,0,118.186,700,25.38,-1
0.2,-0.4,0.35,180.0,0.0,0.0,0,42.418,700,25.26,-1
0.2,-0.4,0.45,180.0,0.0,0.0,1,1.636,3,0.13,0
0.2,-0.4,0.55,180.0,0.0,0.0,1,0.732,3,0.13,0
0.2,-0.4,0.65,180.0,0.0,0.0,1,1.33,5,0.21,0
0.2,-0.4,0.75,180.0,0.0,0.0,0,39.292,700,26.5,-1
0.2,-0.4,0.85,180.0,0.0,0.0,0,111.566,700,26.45,-1
0.2,-0.4,0.95,180.0,0.0,0.0,0,178.379,700,26.73,-1
0.2,-0.3,0.05,180.0,0.0,0.0,0,257.849,700,25.44,-1
0.2,-0.3,0.15,180.0,0.0,0.0,0,166.949,700,25.36,-1
0.2,-0.3,0.25,180.0,0.0,0.0,0,82.296,700,25.45,-1
0.2,-0.3,0.35,180.0,0.0,0.0,1,1.91,4,0.17,0
0.2,-0.3,0.45,180.0,0.0,0.0,1,0.271,2,0.09,0
0.2,-0.3,0.55,180.0,0.0,0.0,1,1.855,1,0.05,0
0.2,-0.3,0.65,180.0,0.0,0.0,1,1.033,3,0.14,0
0.2,-0.3,0.75,180.0,0.0,0.0,0,43.115,700,26.4,-1
0.2,-0.3,0.85,180.0,0.0,0.0,0,124.328,700,26.6,-1
0.2,-0.3,0.95,180.0,0.0,0.0,0,189.401,700,27.16,-1
0.2,-0.2,0.05,180.0,0.0,0.0,0,243.795,700,25.47,-1
0.2,-0.2,0.15,180.0,0.0,0.0,0,150.038,700,25.4,-1
0.2,-0.2,0.25,180.0,0.0,0.0,0,61.006,700,25.35,-1
0.2,-0.2,0.35,180.0,0.0,0.0,1,1.305,3,0.13,0
0.2,-0.2,0.45,180.0,0.0,0.0,1,2.018,2,0.09,0
0.2,-0.2,0.55,180.0,0.0,0.0,1,1.072,4,0.17,0
0.2,-0.2,0.65,180.0,0.0,0.0,1,9.153,100,3.77,0
0.2,-0.2,0.75,180.0,0.0,0.0,0,45.752,700,27.56,-1
0.2,-0.2,0.85,180.0,0.0,0.0,0,131.323,700,27.12,-1
0.2,-0.2,0.95,180.0,0.0,0.0,0,181.466,700,27.03,-1
0.2,-0.1,0.05,180.0,0.0,0.0,0,244.281,700,25.98,-1
0.2,-0.1,0.15,180.0,0.0,0.0,0,150.003,700,25.46,-1
0.2,-0.1,0.25,180.0,0.0,0.0,0,58.296,700,25.4,-1
0.2,-0.1,0.35,180.0,0.0,0.0,1,0.727,4,0.17,0
0.2,-0.1,0.45,180.0,0.0,0.0,1,0.963,3,0.14,0
0.2,-0.1,0.55,180.0,0.0,0.0,0,31.063,700,26.39,-1
0.2,-0.1,0.65,180.0,0.0,0.0,0,87.922,700,26.35,-1
0.2,-0.1,0.75,180.0,0.0,0.0,0,105.229,700,27.55,-1
0.2,-0.1,0.85,180.0,0.0,0.0,0,154.176,700,27.69,-1
0.2,-0.1,0.95,180.0,0.0,0.0,0,218.624,700,27.16,-1
0.3,-0.7,0.05,180.0,0.0,0.0,0,476.527,700,27.78,-1
0.3,-0.7,0.15,180.0,0.0,0.0,0,400.004,700,26.33,-1
0.3,-0.7,0.25,180.0,0.0,0.0,0,332.272,700,25.61,-1
0.3,-0.7,0.35,180.0,0.0,0.0,0,280.129,700,26.27,-1
0.3,-0.7,0.45,180.0,0.0,0.0,0,242.344,700,25.89,-1
0.3,-0.7,0.55,180.0,0.0,0.0,0,251.677,700,26.1,-1
0.3,-0.7,0.65,180.0,0.0,0.0,0,208.376,700,26.96,-1
0.3,-0.7,0.75,180.0,0.0,0.0,0,199.206,700,28.26,-1
0.3,-0.7,0.85,180.0,0.0,0.0,0,212.426,700,27.94,-1
0.3,-0.7,0.95,180.0,0.0,0.0,0,269.885,700,27.37,-1
0.3,-0.6,0.05,180.0,0.0,0.0,0,408.491,700,26.05,-1
0.3,-0.6,0.15,180.0,0.0,0.0,0,335.435,700,25.45,-1
0.3,-0.6,0.25,180.0,0.0,0.0,0,265.417,700,25.41,-1
0.3,-0.6,0.35,180.0,0.0,0.0,0,206.966,700,25.39,-1
0.3,-0.6,0.45,180.0,0.0,0.0,0,162.523,700,25.75,-1
0.3,-0.6,0.55,180.0,0.0,0.0,0,142.74,700,25.85,-1
0.3,-0.6,0.65,180.0,0.0,0.0,0,126.531,700,27.05,-1
0.3,-0.6,0.75,180.0,0.0,0.0,0,111.132,700,28.33,-1
0.3,-0.6,0.85,180.0,0.0,0.0,0,148.196,700,27.79,-1
0.3,-0.6,0.95,180.0,0.0,0.0,0,201.829,700,27.78,-1
0.3,-0.5,0.05,180.0,0.0,0.0,0,453.384,700,25.38,-1
0.3,-0.5,0.15,180.0,0.0,0.0,0,278.815,700,25.37,-1
0.3,-0.5,0.25,180.0,0.0,0.0,0,242.019,700,25.35,-1
0.3,-0.5,0.35,180.0,0.0,0.0,0,144.295,700,25.31,-1
0.3,-0.5,0.45,180.0,0.0,0.0,0,94.051,700,25.33,-1
0.3,-0.5,0.55,180.0,0.0,0.0,0,77.617,700,25.4,-1
0.3,-0.5,0.65,180.0,0.0,0.0,0,37.153,700,26.13,-1
0.3,-0.5,0.75,180.0,0.0,0.0,0,38.42,700,27.12,-1
0.3,-0.5,0.85,180.0,0.0,0.0,0,98.491,700,27.89,-1
0.3,-0.5,0.95,180.0,0.0,0.0,0,162.306,700,27.85,-1
0.3,-0.4,0.05,180.0,0.0,0.0,0,419.103,700,25.39,-1
0.3,-0.4,0.15,180.0,0.0,0.0,0,284.018,700,25.34,-1
0.3,-0.4,0.25,180.0,0.0,0.0,0,160.046,700,25.35,-1
0.3,-0.4,0.35,180.0,0.0,0.0,0,94.414,700,25.4,-1
0.3,-0.4,0.45,180.0,0.0,0.0,0,25.399,700,25.29,-1
0.3,-0.4,0.55,180.0,0.0,0.0,1,1.277,4,0.17,0
0.3,-0.4,0.65,180.0,0.0,0.0,1,2.952,3,0.13,0
0.3,-0.4,0.75,180.0,0.0,0.0,0,28.631,700,26.74,-1
0.3,-0.4,0.85,180.0,0.0,0.0,0,98.824,700,26.51,-1
0.3,-0.4,0.95,180.0,0.0,0.0,0,157.608,700,26.44,-1
0.3,-0.3,0.05,180.0,0.0,0.0,0,294.834,700,25.33,-1
0.3,-0.3,0.15,180.0,0.0,0.0,0,206.406,700,25.37,-1
0.3,-0.3,0.25,180.0,0.0,0.0,0,125.844,700,25.46,-1
0.3,-0.3,0.35,180.0,0.0,0.0,0,62.797,700,25.41,-1
0.3,-0.3,0.45,180.0,0.0,0.0,1,1.461,3,0.13,0
0.3,-0.3,0.55,180.0,0.0,0.0,1,0.941,4,0.17,0
0.3,-0.3,0.65,180.0,0.0,0.0,1,2.673,5,0.21,0
0.3,-0.3,0.75,180.0,0.0,0.0,0,31.669,700,27.01,-1
0.3,-0.3,0.85,180.0,0.0,0.0,0,108.353,700,26.84,-1
0.3,-0.3,0.95,180.0,0.0,0.0,0,173.155,700,26.72,-1
0.3,-0.2,0.05,180.0,0.0,0.0,0,279.72,700,25.52,-1
0.3,-0.2,0.15,180.0,0.0,0.0,0,190.869,700,25.39,-1
0.3,-0.2,0.25,180.0,0.0,0.0,0,106.912,700,25.38,-1
0.3,-0.2,0.35,180.0,0.0,0.0,0,26.589,700,25.27,-1
0.3,-0.2,0.45,180.0,0.0,0.0,1,1.216,3,0.13,0
0.3,-0.2,0.55,180.0,0.0,0.0,1,2.746,4,0.17,0
0.3,-0.2,0.65,180.0,0.0,0.0,1,2.604,5,0.22,0
0.3,-0.2,0.75,180.0,0.0,0.0,0,31.557,700,27.0,-1
0.3,-0.2,0.85,180.0,0.0,0.0,0,110.533,700,27.06,-1
0.3,-0.2,0.95,180.0,0.0,0.0,0,182.232,700,26.74,-1
0.3,-0.1,0.05,180.0,0.0,0.0,0,280.133,700,25.55,-1
0.3,-0.1,0.15,180.0,0.0,0.0,0,191.122,700,25.43,-1
0.3,-0.1,0.25,180.0,0.0,0.0,0,106.141,700,25.4,-1
0.3,-0.1,0.35,180.0,0.0,0.0,0,26.98,700,25.28,-1
0.3,-0.1,0.45,180.0,0.0,0.0,1,0.711,4,0.17,0
0.3,-0.1,0.55,180.0,0.0,0.0,1,1.53,4,0.17,0
0.3,-0.1,0.65,180.0,0.0,0.0,0,31.352,700,26.44,-1
0.3,-0.1,0.75,180.0,0.0,0.0,0,52.731,700,27.17,-1
0.3,-0.1,0.85,180.0,0.0,0.0,0,104.468,700,27.22,-1
0.3,-0.1,0.95,180.0,0.0,0.0,0,181.43,700,27.52,-1
0.4,-0.7,0.05,180.0,0.0,0.0,0,529.858,700,27.76,-1
0.4,-0.7,0.15,180.0,0.0,0.0,0,457.459,700,26.87,-1
0.4,-0.7,0.25,180.0,0.0,0.0,0,378.47,700,27.06,-1
0.4,-0.7,0.35,180.0,0.0,0.0,0,326.11,700,25.92,-1
0.4,-0.7,0.45,180.0,0.0,0.0,0,287.035,700,26.07,-1
0.4,-0.7,0.55,180.0,0.0,0.0,0,279.033,700,26.19,-1
0.4,-0.7,0.65,180.0,0.0,0.0,0,245.963,700,26.86,-1
0.4,-0.7,0.75,180.0,0.0,0.0,0,247.758,700,27.61,-1
0.4,-0.7,0.85,180.0,0.0,0.0,0,268.421,700,26.99,-1
0.4,-0.7,0.95,180.0,0.0,0.0,0,305.679,700,27.12,-1
0.4,-0.6,0.05,180.0,0.0,0.0,0,580.357,700,26.96,-1
0.4,-0.6,0.15,180.0,0.0,0.0,0,383.347,700,25.52,-1
0.4,-0.6,0.25,180.0,0.0,0.0,0,313.12,700,25.46,-1
0.4,-0.6,0.35,180.0,0.0,0.0,0,287.19,700,25.45,-1
0.4,-0.6,0.45,180.0,0.0,0.0,0,239.442,700,25.42,-1
0.4,-0.6,0.55,180.0,0.0,0.0,0,183.485,700,25.88,-1
0.4,-0.6,0.65,180.0,0.0,0.0,0,165.874,700,26.54,-1
0.4,-0.6,0.75,180.0,0.0,0.0,0,168.099,700,26.98,-1
0.4,-0.6,0.85,180.0,0.0,0.0,0,194.91,700,27.11,-1
0.4,-0.6,0.95,180.0,0.0,0.0,0,241.026,700,27.04,-1
0.4,-0.5,0.05,180.0,0.0,0.0,0,532.094,700,25.82,-1
0.4,-0.5,0.15,180.0,0.0,0.0,0,422.139,700,25.4,-1
0.4,-0.5,0.25,180.0,0.0,0.0,0,299.847,700,25.43,-1
0.4,-0.5,0.35,180.0,0.0,0.0,0,236.334,700,25.47,-1
0.4,-0.5,0.45,180.0,0.0,0.0,0,154.098,700,25.47,-1
0.4,-0.5,0.55,180.0,0.0,0.0,0,117.2,700,25.85,-1
0.4,-0.5,0.65,180.0,0.0,0.0,0,95.425,700,25.78,-1
0.4,-0.5,0.75,180.0,0.0,0.0,0,99.438,700,26.6,-1
0.4,-0.5,0.85,180.0,0.0,0.0,0,137.733,700,26.68,-1
0.4,-0.5,0.95,180.0,0.0,0.0,0,193.328,700,26.59,-1
0.4,-0.4,0.05,180.0,0.0,0.0,0,469.029,700,25.53,-1
0.4,-0.4,0.15,180.0,0.0,0.0,0,286.458,700,25.43,-1
0.4,-0.4,0.25,180.0,0.0,0.0,0,261.893,700,25.5,-1
0.4,-0.4,0.35,180.0,0.0,0.0,0,152.782,700,25.42,-1
0.4,-0.4,0.45,180.0,0.0,0.0,0,104.684,700,25.47,-1
0.4,-0.4,0.55,180.0,0.0,0.0,0,63.756,700,25.68,-1
0.4,-0.4,0.65,180.0,0.0,0.0,0,36.435,700,25.75,-1
0.4,-0.4,0.75,180.0,0.0,0.0,0,47.316,700,26.42,-1
0.4,-0.4,0.85,180.0,0.0,0.0,0,102.628,700,26.48,-1
0.4,-0.4,0.95,180.0,0.0,0.0,0,156.998,700,26.79,-1
0.4,-0.3,0.05,180.0,0.0,0.0,0,440.057,700,25.48,-1
0.4,-0.3,0.15,180.0,0.0,0.0,0,312.226,700,25.46,-1
0.4,-0.3,0.25,180.0,0.0,0.0,0,183.435,700,25.44,-1
0.4,-0.3,0.35,180.0,0.0,0.0,0,118.004,700,25.46,-1
0.4,-0.3,0.45,180.0,0.0,0.0,0,68.541,700,25.47,-1
0.4,-0.3,0.55,180.0,0.0,0.0,0,25.692,700,25.48,-1
0.4,-0.3,0.65,180.0,0.0,0.0,1,4.632,100,3.66,0
0.4,-0.3,0.75,180.0,0.0,0.0,0,33.837,700,26.39,-1
0.4,-0.3,0.85,180.0,0.0,0.0,0,93.526,700,26.36,-1
0.4,-0.3,0.95,180.0,0.0,0.0,0,151.477,700,26.42,-1
0.4,-0.2,0.05,180.0,0.0,0.0,0,386.5,700,25.61,-1
0.4,-0.2,0.15,180.0,0.0,0.0,0,244.093,700,25.33,-1
0.4,-0.2,0.25,180.0,0.0,0.0,0,167.034,700,25.33,-1
0.4,-0.2,0.35,180.0,0.0,0.0,0,98.329,700,25.26,-1
0.4,-0.2,0.45,180.0,0.0,0.0,0,37.329,700,25.24,-1
0.4,-0.2,0.55,180.0,0.0,0.0,1,2.576,4,0.17,0
0.4,-0.2,0.65,180.0,0.0,0.0,1,2.463,5,0.21,0
0.4,-0.2,0.75,180.0,0.0,0.0,0,34.007,700,27.04,-1
0.4,-0.2,0.85,180.0,0.0,0.0,0,97.238,700,27.3,-1
0.4,-0.2,0.95,180.0,0.0,0.0,0,156.109,700,26.41,-1
0.4,-0.1,0.05,180.0,0.0,0.0,0,333.92,700,25.63,-1
0.4,-0.1,0.15,180.0,0.0,0.0,0,244.575,700,25.5,-1
0.4,-0.1,0.25,180.0,0.0,0.0,0,167.093,700,25.38,-1
0.4,-0.1,0.35,180.0,0.0,0.0,0,97.199,700,25.41,-1
0.4,-0.1,0.45,180.0,0.0,0.0,0,41.593,700,25.31,-1
0.4,-0.1,0.55,180.0,0.0,0.0,1,2.564,4,0.17,0
0.4,-0.1,0.65,180.0,0.0,0.0,1,2.385,6,0.25,0
0.4,-0.1,0.75,180.0,0.0,0.0,0,33.775,700,26.37,-1
0.4,-0.1,0.85,180.0,0.0,0.0,0,96.619,700,26.83,-1
0.4,-0.1,0.95,180.0,0.0,0.0,0,156.059,700,26.4,-1
0.5,-0.7,0.05,180.0,0.0,0.0,0,756.074,700,28.05,-1
0.5,-0.7,0.15,180.0,0.0,0.0,0,528.488,700,27.54,-1
0.5,-0.7,0.25,180.0,0.0,0.0,0,486.735,700,27.08,-1
0.5,-0.7,0.35,180.0,0.0,0.0,0,413.704,700,26.14,-1
0.5,-0.7,0.45,180.0,0.0,0.0,0,369.972,700,25.92,-1
0.5,-0.7,0.55,180.0,0.0,0.0,0,319.69,700,26.16,-1
0.5,-0.7,0.65,180.0,0.0,0.0,0,306.349,700,26.47,-1
0.5,-0.7,0.75,180.0,0.0,0.0,0,307.394,700,27.0,-1
0.5,-0.7,0.85,180.0,0.0,0.0,0,325.173,700,26.92,-1
0.5,-0.7,0.95,180.0,0.0,0.0,0,358.102,700,26.98,-1
0.5,-0.6,0.05,180.0,0.0,0.0,0,556.937,700,27.55,-1
0.5,-0.6,0.15,180.0,0.0,0.0,0,520.463,700,26.29,-1
0.5,-0.6,0.25,180.0,0.0,0.0,0,431.905,700,25.42,-1
0.5,-0.6,0.35,180.0,0.0,0.0,0,329.455,700,25.43,-1
0.5,-0.6,0.45,180.0,0.0,0.0,0,280.009,700,25.36,-1
0.5,-0.6,0.55,180.0,0.0,0.0,0,250.993,700,25.69,-1
0.5,-0.6,0.65,180.0,0.0,0.0,0,236.066,700,25.67,-1
0.5,-0.6,0.75,180.0,0.0,0.0,0,237.326,700,26.68,-1
0.5,-0.6,0.85,180.0,0.0,0.0,0,258.731,700,26.45,-1
0.5,-0.6,0.95,180.0,0.0,0.0,0,297.063,700,26.44,-1
0.5,-0.5,0.05,180.0,0.0,0.0,0,487.863,700,25.93,-1
0.5,-0.5,0.15,180.0,0.0,0.0,0,479.195,700,25.58,-1
0.5,-0.5,0.25,180.0,0.0,0.0,0,415.116,700,25.47,-1
0.5,-0.5,0.35,180.0,0.0,0.0,0,310.512,700,25.34,-1
0.5,-0.5,0.45,180.0,0.0,0.0,0,223.406,700,25.37,-1
0.5,-0.5,0.55,180.0,0.0,0.0,0,190.798,700,25.72,-1
0.5,-0.5,0.65,180.0,0.0,0.0,0,174.227,700,26.16,-1
0.5,-0.5,0.75,180.0,0.0,0.0,0,176.12,700,26.37,-1
0.5,-0.5,0.85,180.0,0.0,0.0,0,202.511,700,26.49,-1
0.5,-0.5,0.95,180.0,0.0,0.0,0,231.86,700,26.53,-1
0.5,-0.4,0.05,180.0,0.0,0.0,0,493.108,700,25.46,-1
0.5,-0.4,0.15,180.0,0.0,0.0,0,445.163,700,25.35,-1
0.5,-0.4,0.25,180.0,0.0,0.0,0,279.407,700,25.37,-1
0.5,-0.4,0.35,180.0,0.0,0.0,0,222.392,700,25.28,-1
0.5,-0.4,0.45,180.0,0.0,0.0,0,222.53,700,25.6,-1
0.5,-0.4,0.55,180.0,0.0,0.0,0,141.706,700,25.72,-1
0.5,-0.4,0.65,180.0,0.0,0.0,0,123.537,700,25.68,-1
0.5,-0.4,0.75,180.0,0.0,0.0,0,126.479,700,26.61,-1
0.5,-0.4,0.85,180.0,0.0,0.0,0,159.43,700,26.5,-1
0.5,-0.4,0.95,180.0,0.0,0.0,0,210.86,700,26.56,-1
0.5,-0.3,0.05,180.0,0.0,0.0,0,487.406,700,25.5,-1
0.5,-0.3,0.15,180.0,0.0,0.0,0,412.937,700,25.4,-1
0.5,-0.3,0.25,180.0,0.0,0.0,0,251.235,700,25.42,-1
0.5,-0.3,0.35,180.0,0.0,0.0,0,191.667,700,25.38,-1
0.5,-0.3,0.45,180.0,0.0,0.0,0,143.643,700,25.71,-1
0.5,-0.3,0.55,180.0,0.0,0.0,0,106.582,700,25.73,-1
0.5,-0.3,0.65,180.0,0.0,0.0,0,87.245,700,25.74,-1
0.5,-0.3,0.75,180.0,0.0,0.0,0,91.718,700,26.39,-1
0.5,-0.3,0.85,180.0,0.0,0.0,0,131.86,700,26.36,-1
0.5,-0.3,0.95,180.0,0.0,0.0,0,188.665,700,26.41,-1
0.5,-0.2,0.05,180.0,0.0,0.0,0,411.541,700,25.51,-1
0.5,-0.2,0.15,180.0,0.0,0.0,0,311.122,700,25.43,-1
0.5,-0.2,0.25,180.0,0.0,0.0,0,237.035,700,25.4,-1
0.5,-0.2,0.35,180.0,0.0,0.0,0,175.526,700,25.36,-1
0.5,-0.2,0.45,180.0,0.0,0.0,0,125.362,700,25.71,-1
0.5,-0.2,0.55,180.0,0.0,0.0,0,88.125,700,25.74,-1
0.5,-0.2,0.65,180.0,0.0,0.0,0,68.464,700,25.73,-1
0.5,-0.2,0.75,180.0,0.0,0.0,0,74.347,700,26.51,-1
0.5,-0.2,0.85,180.0,0.0,0.0,0,117.635,700,26.56,-1
0.5,-0.2,0.95,180.0,0.0,0.0,0,178.908,700,26.48,-1
0.5,-0.1,0.05,180.0,0.0,0.0,0,402.108,700,25.93,-1
0.5,-0.1,0.15,180.0,0.0,0.0,0,308.412,700,25.61,-1
0.5,-0.1,0.25,180.0,0.0,0.0,0,237.492,700,25.38,-1
0.5,-0.1,0.35,180.0,0.0,0.0,0,175.628,700,25.35,-1
0.5,-0.1,0.45,180.0,0.0,0.0,0,124.892,700,25.76,-1
0.5,-0.1,0.55,180.0,0.0,0.0,0,88.349,700,25.66,-1
0.5,-0.1,0.65,180.0,0.0,0.0,0,69.15,700,25.73,-1
0.5,-0.1,0.75,180.0,0.0,0.0,0,74.975,700,26.33,-1
0.5,-0.1,0.85,180.0,0.0,0.0,0,105.138,700,26.42,-1
0.5,-0.1,0.95,180.0,0.0,0.0,0,179.242,700,26.41,-1
0.6,-0.7,0.05,180.0,0.0,0.0,0,681.793,700,27.73,-1
0.6,-0.7,0.15,180.0,0.0,0.0,0,607.949,700,27.69,-1
0.6,-0.7,0.25,180.0,0.0,0.0,0,570.549,700,27.9,-1
0.6,-0.7,0.35,180.0,0.0,0.0,0,552.951,700,27.9,-1
0.6,-0.7,0.45,180.0,0.0,0.0,0,419.446,700,27.06,-1
0.6,-0.7,0.55,180.0,0.0,0.0,0,389.102,700,27.16,-1
0.6,-0.7,0.65,180.0,0.0,0.0,0,377.982,700,26.82,-1
0.6,-0.7,0.75,180.0,0.0,0.0,0,377.658,700,26.54,-1
0.6,-0.7,0.85,180.0,0.0,0.0,0,392.979,700,26.81,-1
0.6,-0.7,0.95,180.0,0.0,0.0,0,421.92,700,26.68,-1
0.6,-0.6,0.05,180.0,0.0,0.0,0,633.88,700,27.64,-1
0.6,-0.6,0.15,180.0,0.0,0.0,0,557.564,700,27.25,-1
0.6,-0.6,0.25,180.0,0.0,0.0,0,553.419,700,26.2,-1
0.6,-0.6,0.35,180.0,0.0,0.0,0,404.055,700,26.08,-1
0.6,-0.6,0.45,180.0,0.0,0.0,0,457.714,700,26.65,-1
0.6,-0.6,0.55,180.0,0.0,0.0,0,326.559,700,26.39,-1
0.6,-0.6,0.65,180.0,0.0,0.0,0,313.446,700,26.35,-1
0.6,-0.6,0.75,180.0,0.0,0.0,0,314.297,700,26.6,-1
0.6,-0.6,0.85,180.0,0.0,0.0,0,329.093,700,26.82,-1
0.6,-0.6,0.95,180.0,0.0,0.0,0,364.176,700,26.83,-1
0.6,-0.5,0.05,180.0,0.0,0.0,0,665.877,700,27.82,-1
0.6,-0.5,0.15,180.0,0.0,0.0,0,472.528,700,25.99,-1
0.6,-0.5,0.25,180.0,0.0,0.0,0,488.27,700,25.49,-1
0.6,-0.5,0.35,180.0,0.0,0.0,0,431.073,700,25.4,-1
0.6,-0.5,0.45,180.0,0.0,0.0,0,331.632,700,25.81,-1
0.6,-0.5,0.55,180.0,0.0,0.0,0,272.689,700,25.89,-1
0.6,-0.5,0.65,180.0,0.0,0.0,0,258.528,700,25.84,-1
0.6,-0.5,0.75,180.0,0.0,0.0,0,259.639,700,27.07,-1
0.6,-0.5,0.85,180.0,0.0,0.0,0,275.764,700,26.73,-1
0.6,-0.5,0.95,180.0,0.0,0.0,0,316.131,700,26.63,-1
0.6,-0.4,0.05,180.0,0.0,0.0,0,607.412,700,26.81,-1
0.6,-0.4,0.15,180.0,0.0,0.0,0,486.034,700,25.44,-1
0.6,-0.4,0.25,180.0,0.0,0.0,0,451.32,700,25.35,-1
0.6,-0.4,0.35,180.0,0.0,0.0,0,319.354,700,25.34,-1
0.6,-0.4,0.45,180.0,0.0,0.0,0,259.141,700,25.66,-1
0.6,-0.4,0.55,180.0,0.0,0.0,0,229.544,700,25.66,-1
0.6,-0.4,0.65,180.0,0.0,0.0,0,214.438,700,25.99,-1
0.6,-0.4,0.75,180.0,0.0,0.0,0,215.873,700,26.75,-1
0.6,-0.4,0.85,180.0,0.0,0.0,0,233.389,700,26.67,-1
0.6,-0.4,0.95,180.0,0.0,0.0,0,279.119,700,26.63,-1
0.6,-0.3,0.05,180.0,0.0,0.0,0,560.34,700,26.21,-1
0.6,-0.3,0.15,180.0,0.0,0.0,0,507.087,700,25.52,-1
0.6,-0.3,0.25,180.0,0.0,0.0,0,419.849,700,25.42,-1
0.6,-0.3,0.35,180.0,0.0,0.0,0,272.99,700,25.48,-1
0.6,-0.3,0.45,180.0,0.0,0.0,0,230.149,700,25.73,-1
0.6,-0.3,0.55,180.0,0.0,0.0,0,211.635,700,25.72,-1
0.6,-0.3,0.65,180.0,0.0,0.0,0,183.492,700,25.77,-1
0.6,-0.3,0.75,180.0,0.0,0.0,0,185.261,700,26.67,-1
0.6,-0.3,0.85,180.0,0.0,0.0,0,203.576,700,26.69,-1
0.6,-0.3,0.95,180.0,0.0,0.0,0,254.386,700,26.52,-1
0.6,-0.2,0.05,180.0,0.0,0.0,0,544.07,700,25.75,-1
0.6,-0.2,0.15,180.0,0.0,0.0,0,406.688,700,25.56,-1
0.6,-0.2,0.25,180.0,0.0,0.0,0,323.127,700,25.39,-1
0.6,-0.2,0.35,180.0,0.0,0.0,0,259.177,700,25.44,-1
0.6,-0.2,0.45,180.0,0.0,0.0,0,215.222,700,25.68,-1
0.6,-0.2,0.55,180.0,0.0,0.0,0,183.85,700,25.66,-1
0.6,-0.2,0.65,180.0,0.0,0.0,0,167.713,700,25.66,-1
0.6,-0.2,0.75,180.0,0.0,0.0,0,169.705,700,26.25,-1
0.6,-0.2,0.85,180.0,0.0,0.0,0,196.771,700,26.8,-1
0.6,-0.2,0.95,180.0,0.0,0.0,0,242.287,700,26.47,-1
0.6,-0.1,0.05,180.0,0.0,0.0,0,536.098,700,25.76,-1
0.6,-0.1,0.15,180.0,0.0,0.0,0,386.713,700,25.65,-1
0.6,-0.1,0.25,180.0,0.0,0.0,0,315.828,700,25.5,-1
0.6,-0.1,0.35,180.0,0.0,0.0,0,259.684,700,25.44,-1
0.6,-0.1,0.45,180.0,0.0,0.0,0,215.521,700,25.75,-1
0.6,-0.1,0.55,180.0,0.0,0.0,0,184.34,700,25.76,-1
0.6,-0.1,0.65,180.0,0.0,0.0,0,168.292,700,25.77,-1
0.6,-0.1,0.75,180.0,0.0,0.0,0,170.276,700,26.39,-1
0.6,-0.1,0.85,180.0,0.0,0.0,0,197.279,700,26.38,-1
0.6,-0.1,0.95,180.0,0.0,0.0,0,242.723,700,26.42,-1
0.7,-0.7,0.05,180.0,0.0,0.0,0,776.535,700,28.23,-1
0.7,-0.7,0.15,180.0,0.0,0.0,0,693.931,700,27.61,-1
0.7,-0.7,0.25,180.0,0.0,0.0,0,657.261,700,27.75,-1
0.7,-0.7,0.35,180.0,0.0,0.0,0,617.346,700,27.49,-1
0.7,-0.7,0.45,180.0,0.0,0.0,0,549.744,700,28.17,-1
0.7,-0.7,0.55,180.0,0.0,0.0,0,501.047,700,28.06,-1
0.7,-0.7,0.65,180.0,0.0,0.0,0,470.092,700,27.23,-1
0.7,-0.7,0.75,180.0,0.0,0.0,0,460.862,700,27.21,-1
0.7,-0.7,0.85,180.0,0.0,0.0,0,474.198,700,27.11,-1
0.7,-0.7,0.95,180.0,0.0,0.0,0,504.53,700,26.9,-1
0.7,-0.6,0.05,180.0,0.0,0.0,0,735.58,700,27.48,-1
0.7,-0.6,0.15,180.0,0.0,0.0,0,655.032,700,27.23,-1
0.7,-0.6,0.25,180.0,0.0,0.0,0,620.505,700,27.27,-1
0.7,-0.6,0.35,180.0,0.0,0.0,0,583.572,700,27.61,-1
0.7,-0.6,0.45,180.0,0.0,0.0,0,507.729,700,28.11,-1
0.7,-0.6,0.55,180.0,0.0,0.0,0,407.506,700,27.5,-1
0.7,-0.6,0.65,180.0,0.0,0.0,0,414.306,700,27.66,-1
0.7,-0.6,0.75,180.0,0.0,0.0,0,396.28,700,26.81,-1
0.7,-0.6,0.85,180.0,0.0,0.0,0,411.072,700,27.42,-1
0.7,-0.6,0.95,180.0,0.0,0.0,0,439.887,700,26.78,-1
0.7,-0.5,0.05,180.0,0.0,0.0,0,700.532,700,27.53,-1
0.7,-0.5,0.15,180.0,0.0,0.0,0,753.794,700,28.0,-1
0.7,-0.5,0.25,180.0,0.0,0.0,0,592.067,700,27.49,-1
0.7,-0.5,0.35,180.0,0.0,0.0,0,523.839,700,27.06,-1
0.7,-0.5,0.45,180.0,0.0,0.0,0,383.611,700,26.12,-1
0.7,-0.5,0.55,180.0,0.0,0.0,0,359.02,700,26.03,-1
0.7,-0.5,0.65,180.0,0.0,0.0,0,346.541,700,27.25,-1
0.7,-0.5,0.75,180.0,0.0,0.0,0,347.278,700,26.71,-1
0.7,-0.5,0.85,180.0,0.0,0.0,0,363.556,700,27.18,-1
0.7,-0.5,0.95,180.0,0.0,0.0,0,393.996,700,26.8,-1
0.7,-0.4,0.05,180.0,0.0,0.0,0,709.929,700,27.77,-1
0.7,-0.4,0.15,180.0,0.0,0.0,0,590.87,700,27.19,-1
0.7,-0.4,0.25,180.0,0.0,0.0,0,471.514,700,25.64,-1
0.7,-0.4,0.35,180.0,0.0,0.0,0,489.396,700,25.61,-1
0.7,-0.4,0.45,180.0,0.0,0.0,0,371.423,700,25.51,-1
0.7,-0.4,0.55,180.0,0.0,0.0,0,329.586,700,25.95,-1
0.7,-0.4,0.65,180.0,0.0,0.0,0,307.686,700,26.29,-1
0.7,-0.4,0.75,180.0,0.0,0.0,0,308.557,700,26.75,-1
0.7,-0.4,0.85,180.0,0.0,0.0,0,326.286,700,26.94,-1
0.7,-0.4,0.95,180.0,0.0,0.0,0,359.141,700,26.83,-1
0.7,-0.3,0.05,180.0,0.0,0.0,0,728.04,700,27.53,-1
0.7,-0.3,0.15,180.0,0.0,0.0,0,553.776,700,26.6,-1
0.7,-0.3,0.25,180.0,0.0,0.0,0,481.376,700,25.45,-1
0.7,-0.3,0.35,180.0,0.0,0.0,0,460.679,700,25.56,-1
0.7,-0.3,0.45,180.0,0.0,0.0,0,321.05,700,25.57,-1
0.7,-0.3,0.55,180.0,0.0,0.0,0,294.372,700,25.79,-1
0.7,-0.3,0.65,180.0,0.0,0.0,0,280.776,700,25.99,-1
0.7,-0.3,0.75,180.0,0.0,0.0,0,281.766,700,26.62,-1
0.7,-0.3,0.85,180.0,0.0,0.0,0,300.691,700,26.79,-1
0.7,-0.3,0.95,180.0,0.0,0.0,0,335.401,700,27.17,-1
0.7,-0.2,0.05,180.0,0.0,0.0,0,592.18,700,26.94,-1
0.7,-0.2,0.15,180.0,0.0,0.0,0,531.188,700,25.84,-1
0.7,-0.2,0.25,180.0,0.0,0.0,0,466.428,700,25.56,-1
0.7,-0.2,0.35,180.0,0.0,0.0,0,438.149,700,25.58,-1
0.7,-0.2,0.45,180.0,0.0,0.0,0,308.162,700,25.66,-1
0.7,-0.2,0.55,180.0,0.0,0.0,0,281.019,700,25.71,-1
0.7,-0.2,0.65,180.0,0.0,0.0,0,267.184,700,25.76,-1
0.7,-0.2,0.75,180.0,0.0,0.0,0,268.245,700,26.45,-1
0.7,-0.2,0.85,180.0,0.0,0.0,0,287.849,700,26.54,-1
0.7,-0.2,0.95,180.0,0.0,0.0,0,323.581,700,27.04,-1
0.7,-0.1,0.05,180.0,0.0,0.0,0,593.177,700,26.37,-1
0.7,-0.1,0.15,180.0,0.0,0.0,0,517.319,700,25.8,-1
0.7,-0.1,0.25,180.0,0.0,0.0,0,419.154,700,25.79,-1
0.7,-0.1,0.35,180.0,0.0,0.0,0,347.979,700,25.75,-1
0.7,-0.1,0.45,180.0,0.0,0.0,0,308.584,700,25.81,-1
0.7,-0.1,0.55,180.0,0.0,0.0,0,281.488,700,25.78,-1
0.7,-0.1,0.65,180.0,0.0,0.0,0,267.681,700,25.79,-1
0.7,-0.1,0.75,180.0,0.0,0.0,0,268.74,700,26.45,-1
0.7,-0.1,0.85,180.0,0.0,0.0,0,288.318,700,26.48,-1
0.7,-0.1,0.95,180.0,0.0,0.0,0,324.011,700,26.56,-1
