t,x,y,z,success,ik_ms,total_ms,tx,ty,tz,robot_ms,setup_ms,loop_ms,iterations,iter_ms,pos_err_mm,track_err_mm,mem_kb,deadline_missed
1778234451.147217,0.216,-0.295227,0.529734,1,0.8741,0.9926,0.43324,-0.05618,-0.327058,0.0007,0.422,0.4515,4,0.11287,0.4622,0.4622,116932,0
1778234451.197325,0.215831,-0.295068,0.529443,1,0.4771,0.7183,0.433071,-0.056021,-0.327349,0.0008,0.174,0.3024,1,0.30237,0.4919,0.4919,116936,0
1778234451.247439,0.215715,-0.29504,0.529271,1,0.5353,0.7781,0.432955,-0.055993,-0.327521,0.0009,0.1959,0.3385,1,0.33847,0.4913,0.4913,116936,0
1778234451.297559,0.215661,-0.295118,0.52915,1,0.4776,0.6753,0.432901,-0.056071,-0.327642,0.0009,0.165,0.3117,1,0.31168,0.4907,0.4907,116956,0
1778234451.347656,0.215639,-0.295185,0.529241,1,0.2293,0.345,0.432879,-0.056138,-0.327551,0.0006,0.0979,0.1308,1,0.13077,0.4899,0.4899,116956,0
1778234451.397735,0.215603,-0.295192,0.529251,1,0.2493,0.3687,0.432843,-0.056145,-0.327541,0.0005,0.1014,0.1474,1,0.14744,0.4902,0.4902,116956,0
1778234451.448287,0.215546,-0.295177,0.529194,1,0.4243,0.6164,0.432786,-0.05613,-0.327598,0.0006,0.1121,0.3116,1,0.31163,0.4903,0.4903,116956,0
1778234451.498417,0.215473,-0.295123,0.529049,1,0.3436,0.508,0.432713,-0.056076,-0.327743,0.0006,0.1367,0.2063,1,0.20627,0.4904,0.4904,116956,0
1778234451.548539,0.215497,-0.295124,0.528598,1,0.4702,0.6811,0.432737,-0.056076,-0.328194,0.0008,0.1686,0.3009,1,0.30086,0.4898,0.4898,116956,0
1778234451.598646,0.215627,-0.295163,0.528359,1,0.4632,0.6738,0.432867,-0.056116,-0.328433,0.0007,0.1638,0.2987,1,0.29867,0.4893,0.4893,116956,0
1778234451.648756,0.21571,-0.295156,0.528162,1,0.4407,0.649,0.43295,-0.056109,-0.32863,0.0009,0.1673,0.2724,1,0.27241,0.4891,0.4891,116956,0
1778234451.699242,0.215622,-0.295129,0.528078,1,0.2805,0.4187,0.432862,-0.056082,-0.328714,0.0004,0.1164,0.1636,1,0.16362,0.4884,0.4884,116956,0
1778234451.74936,0.215552,-0.295098,0.528065,1,0.278,0.4179,0.432791,-0.056051,-0.328727,0.0005,0.1146,0.1629,1,0.16295,0.4883,0.4883,116960,0
1778234451.799467,0.215582,-0.295088,0.528039,1,0.429,0.6357,0.432821,-0.056041,-0.328753,0.0007,0.1598,0.2685,1,0.26848,0.4885,0.4885,116960,0
1778234451.849575,0.21566,-0.295104,0.528043,1,0.4898,0.6982,0.4329,-0.056056,-0.328749,0.0011,0.192,0.2967,1,0.29666,0.4885,0.4885,116960,0
1778234451.899693,0.215756,-0.295122,0.528036,1,0.4518,1.0266,0.432995,-0.056075,-0.328756,0.0006,0.1675,0.2838,1,0.28376,0.4884,0.4884,116960,0
1778234451.94978,0.216077,-0.295146,0.527964,1,0.4168,0.6052,0.433317,-0.056099,-0.328828,0.0007,0.1735,0.2426,1,0.24262,0.4888,0.4888,116960,0
1778234451.999886,0.21595,-0.295124,0.528093,1,0.4044,0.6045,0.43319,-0.056077,-0.328699,0.0007,0.1522,0.2515,1,0.25152,0.4877,0.4877,116960,0
1778234452.049985,0.215816,-0.295129,0.528331,1,0.4403,0.649,0.433056,-0.056082,-0.328461,0.0008,0.1555,0.2839,1,0.28393,0.4877,0.4877,116968,0
1778234452.100518,0.215703,-0.295328,0.528964,1,0.4474,0.8336,0.432943,-0.056281,-0.327828,0.0009,0.1573,0.2892,1,0.2892,0.4867,0.4867,116968,0
1778234452.150625,0.215626,-0.295528,0.529404,1,0.5019,0.7048,0.432866,-0.056481,-0.327388,0.0009,0.1704,0.3306,1,0.33059,0.4878,0.4878,116972,0
1778234452.20073,0.215622,-0.29583,0.529675,1,0.4003,0.5741,0.432862,-0.056783,-0.327117,0.0007,0.1446,0.255,1,0.25496,0.4882,0.4882,116972,0
1778234452.250832,0.215678,-0.296008,0.529848,1,0.3998,0.5825,0.432918,-0.056961,-0.326944,0.0008,0.1536,0.2454,1,0.24537,0.4887,0.4887,116972,0
1778234452.300934,0.215977,-0.296288,0.53084,1,0.4266,0.6181,0.433217,-0.057241,-0.325952,0.0008,0.1585,0.2673,1,0.26733,0.4885,0.4885,116972,0
1778234452.351086,0.216316,-0.296622,0.531936,1,0.4443,0.6645,0.433556,-0.057574,-0.324856,0.0008,0.1609,0.2826,1,0.2826,0.4893,0.4893,116972,0
1778234452.401264,0.216734,-0.29681,0.533737,1,0.4331,0.6367,0.433974,-0.057763,-0.323055,0.001,0.1644,0.2676,1,0.26765,0.4903,0.4903,116972,0
1778234452.45138,0.21732,-0.297324,0.535577,1,0.4725,0.7107,0.434559,-0.058277,-0.321215,0.0008,0.1619,0.3097,1,0.30971,0.4922,0.4922,116984,0
1778234452.501489,0.219253,-0.299117,0.540312,1,0.5339,0.7644,0.436493,-0.06007,-0.31648,0.0014,0.1926,0.3399,1,0.33992,0.5006,0.5006,116988,0
1778234452.55157,0.219882,-0.300306,0.543857,1,0.4068,0.5976,0.437121,-0.061259,-0.312935,0.0015,0.1487,0.2567,1,0.25669,0.4878,0.4878,116992,0
1778234452.60181,0.219973,-0.301256,0.547713,1,0.4724,0.6925,0.437212,-0.062209,-0.309079,0.001,0.1706,0.3009,1,0.30088,0.4754,0.4754,116992,0
1778234452.651924,0.219528,-0.302715,0.553055,1,0.4342,1.2769,0.436767,-0.063667,-0.303737,0.0009,0.1663,0.267,1,0.26702,0.4118,0.4118,116992,0
1778234452.702145,0.219683,-0.309638,0.566185,1,0.435,1.4575,0.436923,-0.070591,-0.290607,0.001,0.1641,0.2698,1,0.26984,0.3299,0.3299,116992,0
1778234452.752263,0.221873,-0.313119,0.570654,1,0.5909,0.7922,0.439113,-0.074072,-0.286138,0.0011,0.1744,0.4154,1,0.41543,0.5097,0.5097,116992,0
1778234452.802375,0.225418,-0.316883,0.574649,1,0.4647,1.4124,0.442658,-0.077836,-0.282143,0.0007,0.1777,0.2863,1,0.28633,0.5524,0.5524,116992,0
1778234452.852475,0.228611,-0.319982,0.577814,1,0.3157,0.8938,0.445851,-0.080934,-0.278978,0.0005,0.1209,0.1943,1,0.19428,0.542,0.542,116996,0
1778234452.902668,0.230685,-0.32223,0.579684,1,0.4892,1.1387,0.447924,-0.083183,-0.277108,0.001,0.1687,0.3196,1,0.31959,0.5336,0.5336,117000,0
1778234452.953471,0.238329,-0.328452,0.582998,1,0.4346,0.6351,0.455569,-0.089405,-0.273794,0.0006,0.1642,0.2698,1,0.26981,0.762,0.762,117000,0
1778234453.003702,0.239553,-0.330408,0.583922,1,0.4759,0.7046,0.456793,-0.091361,-0.27287,0.0008,0.1679,0.3073,1,0.30726,0.6199,0.6199,117000,0
1778234453.053893,0.242415,-0.334133,0.585342,1,0.4226,0.6269,0.459655,-0.095086,-0.27145,0.001,0.1678,0.2538,1,0.25377,0.7047,0.7047,117000,0
1778234453.10409,0.251249,-0.344254,0.587991,1,0.4013,0.5812,0.468489,-0.105207,-0.268801,0.0009,0.1558,0.2446,1,0.24458,1.1827,1.1827,117000,0
1778234453.154177,0.255562,-0.348279,0.588492,1,0.4307,0.6337,0.472802,-0.109232,-0.2683,0.0007,0.16,0.2699,1,0.26992,0.9419,0.9419,117000,0
1778234453.204292,0.258647,-0.350938,0.588336,1,0.4728,0.6855,0.475887,-0.111891,-0.268456,0.0007,0.1729,0.2992,1,0.29918,0.9843,0.9843,117000,0
1778234453.254364,0.262328,-0.354699,0.588344,1,0.4615,0.6663,0.479568,-0.115652,-0.268448,0.0007,0.1639,0.2969,1,0.29687,1.0867,1.0867,117000,0
1778234453.304471,0.268108,-0.360268,0.58799,1,0.4504,0.6777,0.485347,-0.121221,-0.268802,0.0009,0.1497,0.2998,1,0.29975,1.2706,1.2706,117004,0
1778234453.355353,0.269828,-0.362085,0.587769,1,0.4537,0.9236,0.487067,-0.123038,-0.269023,0.0011,0.17,0.2827,1,0.28267,1.232,1.232,117004,0
1778234453.405459,0.271549,-0.364849,0.588001,1,0.4903,0.7014,0.488789,-0.125802,-0.268791,0.0009,0.1777,0.3117,1,0.31168,1.2994,1.2994,117012,0
1778234453.45557,0.27219,-0.36643,0.589279,1,0.4877,0.7181,0.48943,-0.127383,-0.267513,0.0008,0.1737,0.3132,1,0.31317,1.3044,1.3044,117012,0
1778234453.505673,0.270671,-0.367941,0.594574,1,0.4876,0.7177,0.487911,-0.128893,-0.262218,0.0013,0.1871,0.2993,1,0.29925,1.3001,1.3001,117016,0
1778234453.555842,0.26937,-0.368452,0.597946,1,0.4133,0.6139,0.48661,-0.129404,-0.258846,0.0008,0.153,0.2595,1,0.25948,1.2844,1.2844,117016,0
1778234453.60604,0.268067,-0.367724,0.600855,1,0.4508,0.6479,0.485307,-0.128677,-0.255937,0.0007,0.156,0.2941,1,0.29412,1.2675,1.2675,117016,0
1778234453.656156,0.267827,-0.367566,0.602946,1,0.624,0.846,0.485067,-0.128519,-0.253846,0.0005,0.1899,0.4335,1,0.43352,1.2674,1.2674,118280,0
1778234453.70627,0.267966,-0.367502,0.604879,1,0.5336,0.7701,0.485206,-0.128455,-0.251913,0.0008,0.1836,0.3493,1,0.34927,1.2695,1.2695,118296,0
1778234453.756378,0.268055,-0.367801,0.605074,1,0.5399,0.8067,0.485294,-0.128754,-0.251718,0.0008,0.1736,0.3654,1,0.36539,1.2712,1.2712,118308,0
1778234453.806479,0.267327,-0.366827,0.60533,1,0.3606,0.5351,0.484567,-0.12778,-0.251462,0.0007,0.1271,0.2328,1,0.23284,1.2463,1.2463,118312,0
1778234453.856596,0.266855,-0.366263,0.605373,1,0.4489,0.6657,0.484094,-0.127216,-0.251419,0.0007,0.1644,0.2838,1,0.28381,1.2369,1.2369,118312,0
1778234453.906777,0.266148,-0.364637,0.605141,1,0.4608,0.6771,0.483388,-0.12559,-0.251651,0.001,0.1789,0.2808,1,0.28083,1.2154,1.2154,118312,0
1778234453.956991,0.266122,-0.364379,0.604865,1,0.5187,0.7483,0.483362,-0.125332,-0.251927,0.0008,0.1785,0.3393,1,0.33928,1.2105,1.2105,118316,0
1778234454.007075,0.266423,-0.364002,0.604525,1,0.4967,0.7341,0.483662,-0.124955,-0.252267,0.001,0.1877,0.308,1,0.30801,1.2071,1.2071,118316,0
1778234454.057197,0.266759,-0.364051,0.604161,1,0.4712,0.7014,0.483999,-0.125004,-0.252631,0.001,0.1745,0.2957,1,0.29571,1.2087,1.2087,118320,0
1778234454.107306,0.266974,-0.363985,0.603213,1,0.4442,0.6675,0.484214,-0.124938,-0.253579,0.0008,0.1664,0.277,1,0.277,1.2089,1.2089,118320,0
1778234454.157416,0.266856,-0.363846,0.60266,1,0.4657,0.6831,0.484095,-0.124799,-0.254132,0.0012,0.1778,0.2867,1,0.28674,1.2019,1.2019,118320,0
1778234454.207497,0.26698,-0.363889,0.602238,1,0.4278,0.6545,0.484219,-0.124842,-0.254554,0.0014,0.1531,0.2733,1,0.27334,1.2033,1.2033,118324,0
1778234454.2576,0.267256,-0.363905,0.601829,1,0.4663,0.6839,0.484496,-0.124858,-0.254963,0.0007,0.1712,0.2943,1,0.29432,1.2065,1.2065,118324,0
1778234454.307764,0.266905,-0.362216,0.60087,1,0.5049,0.7261,0.484144,-0.123169,-0.255922,0.001,0.1623,0.3416,1,0.34164,1.1808,1.1808,118336,0
1778234455.361734,0.179702,-0.3128,0.49625,1,0.4569,0.5926,0.396942,-0.073753,-0.360542,0.0008,0.1152,0.3409,3,0.11362,1.091,1.091,118352,0
1778234455.411939,0.184834,-0.31634,0.503855,1,0.4498,0.6864,0.402073,-0.077293,-0.352937,0.0011,0.1732,0.2755,1,0.27547,0.4331,0.4331,118352,0
1778234455.462062,0.187556,-0.319669,0.51076,1,0.4554,1.0732,0.404796,-0.080622,-0.346032,0.0006,0.1743,0.2805,1,0.28047,0.3409,0.3409,118352,0
1778234455.512142,0.191741,-0.322836,0.516844,1,0.425,0.9658,0.408981,-0.083789,-0.339948,0.001,0.1621,0.2619,1,0.26187,0.4008,0.4008,118352,0
1778234455.562274,0.197275,-0.325007,0.521034,1,0.4171,1.6887,0.414515,-0.08596,-0.335758,0.0011,0.159,0.2571,1,0.25711,0.4226,0.4226,118356,0
1778234455.612383,0.20247,-0.32869,0.534693,1,0.4458,4.0527,0.41971,-0.089642,-0.322099,0.0007,0.1666,0.2785,1,0.27849,0.4113,0.4113,118356,0
1778234455.662491,0.202659,-0.328938,0.541395,1,0.7463,3.821,0.419898,-0.089891,-0.315397,0.0005,0.2037,0.5421,1,0.54214,0.2985,0.2985,118356,0
1778234455.712633,0.203473,-0.328767,0.546842,1,0.4941,0.9936,0.420712,-0.08972,-0.30995,0.0007,0.1725,0.321,1,0.32096,0.3737,0.3737,118360,0
1778234455.763284,0.20312,-0.328783,0.552804,1,0.2856,0.6287,0.42036,-0.089736,-0.303988,0.0005,0.1177,0.1675,1,0.16751,0.3064,0.3064,118360,0
1778234455.813404,0.203159,-0.327779,0.562954,1,0.2916,1.115,0.420398,-0.088732,-0.293838,0.0006,0.1175,0.1735,1,0.17352,0.2478,0.2478,118360,0
1778234455.863747,0.201822,-0.32699,0.567567,1,0.4604,0.682,0.419062,-0.087943,-0.289225,0.0005,0.1128,0.3471,1,0.34708,0.357,0.357,118360,0
1778234455.913837,0.200475,-0.326124,0.571864,1,0.4473,0.6617,0.417714,-0.087077,-0.284928,0.0008,0.1632,0.2833,1,0.28334,0.3805,0.3805,118360,0
1778234455.963917,0.196631,-0.324045,0.579876,1,0.4338,0.6447,0.413871,-0.084998,-0.276916,0.0009,0.159,0.2739,1,0.27394,0.368,0.368,118364,0
1778234456.014011,0.193729,-0.323005,0.584239,1,0.4476,0.6501,0.410969,-0.083958,-0.272553,0.0007,0.1561,0.2908,1,0.29077,0.5602,0.5602,118376,0
1778234456.064171,0.190078,-0.322393,0.587048,1,0.4731,0.9618,0.407317,-0.083346,-0.269744,0.0007,0.1697,0.3027,1,0.30273,0.6347,0.6347,118376,0
1778234456.115793,0.184884,-0.321638,0.591808,1,0.4202,0.6298,0.402123,-0.082591,-0.264984,0.0007,0.115,0.3045,1,0.30446,0.2896,0.2896,118376,0
1778234456.166374,0.172383,-0.319174,0.602094,1,0.2921,0.4351,0.389622,-0.080127,-0.254698,0.0005,0.1184,0.1733,1,0.17327,1.5583,1.5583,118376,0
1778234456.216549,0.165617,-0.3176,0.60551,1,0.4204,0.5685,0.382857,-0.078553,-0.251282,0.0004,0.112,0.3079,3,0.10264,1.6925,1.6925,118384,0
1778234456.266641,0.158975,-0.315462,0.608802,1,0.4174,0.8285,0.376215,-0.076415,-0.24799,0.0006,0.1183,0.2985,3,0.09951,0.9464,0.9464,118384,0
1778234456.316818,0.152572,-0.313167,0.610917,1,0.837,1.0476,0.369812,-0.07412,-0.245875,0.0014,0.2086,0.627,3,0.209,1.1575,1.1575,118384,0
1778234456.366989,0.137147,-0.307505,0.611859,1,0.7353,0.9417,0.354387,-0.068458,-0.244933,0.001,0.1778,0.5565,3,0.1855,2.3542,2.3542,118388,0
1778234456.417634,0.129629,-0.304803,0.611041,1,0.438,0.5805,0.346869,-0.065756,-0.245751,0.0005,0.1193,0.3182,3,0.10608,2.6385,2.6385,118408,0
1778234456.467789,0.124378,-0.304464,0.609639,1,0.5616,0.7067,0.341618,-0.065417,-0.247153,0.0005,0.1227,0.4384,4,0.1096,0.6794,0.6794,118408,0
1778234456.517877,0.118904,-0.304014,0.608012,1,0.4521,0.5913,0.336144,-0.064967,-0.24878,0.0005,0.1188,0.3329,3,0.11095,2.8405,2.8405,118412,0
1778234456.568121,0.106371,-0.303222,0.60559,1,0.4632,0.6056,0.323611,-0.064174,-0.251202,0.0004,0.1166,0.3463,4,0.08657,0.638,0.638,118412,0
1778234456.618232,0.102669,-0.302838,0.604875,1,1.0529,1.2779,0.319909,-0.06379,-0.251917,0.0008,0.2342,0.818,4,0.20449,0.6479,0.6479,118412,0
1778234456.668339,0.101211,-0.30354,0.604279,1,0.7947,0.97,0.318451,-0.064493,-0.252513,0.0007,0.1922,0.6019,4,0.15047,0.6412,0.6412,118412,0
1778234456.7185,0.100973,-0.304454,0.604117,1,0.9636,1.1565,0.318213,-0.065407,-0.252675,0.0009,0.1809,0.7818,4,0.19545,0.6399,0.6399,118412,0
1778234456.768603,0.104717,-0.306073,0.604293,1,0.6636,0.8255,0.321957,-0.067025,-0.252499,0.0006,0.135,0.528,4,0.13199,0.6485,0.6485,118416,0
1778234456.818691,0.106757,-0.307435,0.6045,1,1.0139,1.2333,0.323996,-0.068388,-0.252292,0.0012,0.1816,0.8312,4,0.2078,0.6614,0.6614,118428,0
1778234456.8688,0.109695,-0.309949,0.605555,1,0.9848,1.2085,0.326935,-0.070902,-0.251237,0.0013,0.1933,0.7902,4,0.19754,0.6906,0.6906,118428,0
1778234456.918908,0.116522,-0.313939,0.607858,1,0.9999,2.1769,0.333761,-0.074892,-0.248934,0.001,0.1905,0.8084,4,0.20211,0.7557,0.7557,118428,0
1778234456.969011,0.141467,-0.323902,0.613519,1,0.9261,1.1326,0.358707,-0.084855,-0.243273,0.0008,0.1673,0.7579,4,0.18949,0.893,0.893,118428,0
1778234457.019091,0.157431,-0.326811,0.613945,1,0.8562,1.0553,0.374671,-0.087764,-0.242847,0.001,0.1603,0.695,4,0.17374,0.896,0.896,118432,0
1778234457.069203,0.171934,-0.329594,0.614142,1,0.6842,0.8974,0.389174,-0.090547,-0.24265,0.0008,0.16,0.5234,3,0.17446,2.4322,2.4322,118432,0
1778234457.119312,0.183978,-0.332828,0.614455,1,0.8145,1.4877,0.401218,-0.093781,-0.242337,0.0012,0.1649,0.6484,3,0.21615,1.5443,1.5443,118432,0
1778234457.169396,0.201985,-0.332488,0.610445,1,0.6092,0.8106,0.419225,-0.093441,-0.246347,0.0006,0.1571,0.4515,2,0.22577,0.352,0.352,118440,0
1778234457.219511,0.206422,-0.330601,0.60699,1,0.4443,0.6563,0.423662,-0.091554,-0.249802,0.0007,0.157,0.2866,1,0.28657,0.2434,0.2434,118440,0
1778234457.269598,0.209429,-0.330928,0.605147,1,0.398,0.5941,0.426669,-0.091881,-0.251645,0.0008,0.137,0.2603,1,0.26027,0.2848,0.2848,118440,0
1778234457.319696,0.212122,-0.328348,0.601908,1,0.4395,0.6414,0.429362,-0.089301,-0.254884,0.0008,0.1449,0.2938,1,0.29377,0.0922,0.0922,118440,0
1778234457.371097,0.212156,-0.324473,0.595896,1,0.4706,0.7041,0.429395,-0.085426,-0.260896,0.0008,0.1701,0.2997,1,0.29967,0.3046,0.3046,118440,0
1778234457.421332,0.210682,-0.318136,0.590609,1,0.2908,0.441,0.427921,-0.079089,-0.266183,0.0006,0.115,0.1753,1,0.17527,0.3937,0.3937,118440,0
1778234457.471462,0.207652,-0.309494,0.585155,1,0.2858,0.4273,0.424892,-0.070447,-0.271637,0.0005,0.1159,0.1694,1,0.16943,0.6037,0.6037,118440,0
1778234457.521568,0.203919,-0.297113,0.576554,1,0.2849,0.4477,0.421158,-0.058066,-0.280238,0.0005,0.1128,0.1716,1,0.17159,0.6977,0.6977,118440,0
1778234457.57165,0.205037,-0.290921,0.576629,1,0.4613,0.661,0.422277,-0.051874,-0.280163,0.0006,0.1562,0.3045,1,0.3045,0.4251,0.4251,118440,0
1778234461.337112,0.220368,-0.283797,0.538307,1,0.7148,0.9249,0.437608,-0.04475,-0.318485,0.0011,0.2056,0.5081,2,0.25404,2.4225,2.4225,118472,0
1778234461.387197,0.220294,-0.283704,0.538578,1,0.4657,0.6801,0.437534,-0.044657,-0.318214,0.0006,0.168,0.2971,1,0.29706,0.8402,0.8402,118472,0
1778234461.437285,0.220365,-0.283723,0.538802,1,0.4546,0.6796,0.437604,-0.044676,-0.31799,0.0009,0.1576,0.2962,1,0.29616,0.8346,0.8346,118472,0
1778234461.487399,0.22052,-0.283811,0.539112,1,0.6123,0.8694,0.43776,-0.044764,-0.31768,0.0012,0.2213,0.3898,1,0.38981,0.8382,0.8382,118472,0
1778234461.537499,0.220618,-0.283918,0.539399,1,0.5477,0.8086,0.437858,-0.044871,-0.317393,0.0012,0.1925,0.354,1,0.35401,0.8417,0.8417,118472,0
1778234461.590127,0.220789,-0.284064,0.539747,1,0.4263,0.6276,0.438029,-0.045016,-0.317045,0.0006,0.1536,0.2721,1,0.27209,0.8442,0.8442,118472,0
1778234461.640219,0.220832,-0.28411,0.539802,1,0.2781,0.4136,0.438072,-0.045063,-0.31699,0.0004,0.1084,0.1693,1,0.16933,0.8441,0.8441,118472,0
1778234461.691284,0.220756,-0.284171,0.539895,1,0.2848,0.4123,0.437996,-0.045124,-0.316897,0.0008,0.1095,0.1746,1,0.17458,0.841,0.841,118472,0
1778234461.741427,0.220871,-0.284395,0.539973,1,0.2964,0.4347,0.438111,-0.045348,-0.316819,0.0004,0.1153,0.1806,1,0.18064,0.8414,0.8414,118476,0
1778234461.791509,0.220864,-0.284537,0.540085,1,0.2927,0.4312,0.438104,-0.04549,-0.316707,0.0003,0.1121,0.1802,1,0.18022,0.8377,0.8377,118476,0
1778234461.841645,0.220847,-0.284548,0.540155,1,0.2914,0.4286,0.438087,-0.045501,-0.316637,0.0004,0.1133,0.1777,1,0.17771,0.8362,0.8362,118476,0
1778234461.891789,0.220809,-0.284517,0.540225,1,0.2943,0.4068,0.438049,-0.04547,-0.316567,0.0004,0.1119,0.182,1,0.18202,0.832,0.832,118476,0
1778234461.941972,0.220919,-0.284518,0.540393,1,0.2866,0.4118,0.438158,-0.045471,-0.316399,0.0006,0.1129,0.1731,1,0.17307,0.8298,0.8298,118476,0
1778234461.992089,0.220951,-0.284449,0.540529,1,0.4099,0.9121,0.438191,-0.045402,-0.316263,0.0013,0.143,0.2656,1,0.26563,0.8302,0.8302,118476,0
1778234462.042198,0.220867,-0.284484,0.540786,1,0.4535,3.645,0.438106,-0.045437,-0.316006,0.0008,0.171,0.2817,1,0.28174,0.8239,0.8239,118476,0
1778234462.092317,0.220705,-0.284522,0.541482,1,0.3734,0.5381,0.437944,-0.045475,-0.31531,0.0007,0.1398,0.2328,1,0.23285,0.8144,0.8144,118480,0
1778234462.14243,0.220541,-0.285078,0.545649,1,0.3063,1.2074,0.43778,-0.046031,-0.311143,0.0005,0.1156,0.1903,1,0.1903,0.793,0.793,118480,0
1778234462.19253,0.220302,-0.285859,0.549148,1,0.4547,1.0399,0.437542,-0.046812,-0.307644,0.001,0.1504,0.3033,1,0.30328,0.7783,0.7783,118492,0
1778234462.243121,0.219631,-0.286624,0.552921,1,0.3934,0.5784,0.43687,-0.047577,-0.303871,0.0008,0.1389,0.2537,1,0.25372,0.7431,0.7431,118492,0
1778234462.293213,0.218301,-0.286945,0.557098,1,0.4532,0.6526,0.43554,-0.047898,-0.299694,0.0006,0.173,0.2796,1,0.27958,0.745,0.745,118492,0
1778234462.343336,0.2142,-0.287595,0.566931,1,0.3957,1.1484,0.43144,-0.048548,-0.289861,0.0007,0.1431,0.2518,1,0.2518,0.9588,0.9588,118492,0
1778234462.393644,0.211579,-0.287969,0.572302,1,0.4677,0.7026,0.428819,-0.048922,-0.28449,0.001,0.1687,0.2981,1,0.29809,0.3287,0.3287,118492,0
1778234462.44375,0.208202,-0.288515,0.578475,1,0.4539,0.6611,0.425442,-0.049468,-0.278317,0.0007,0.1679,0.2852,1,0.28523,0.2119,0.2119,118492,0
1778234462.495277,0.20407,-0.289382,0.58532,1,0.3537,0.6636,0.42131,-0.050335,-0.271472,0.0007,0.1377,0.2154,1,0.21538,0.1717,0.1717,118496,0
1778234462.545742,0.194095,-0.29109,0.599172,1,0.4117,0.6166,0.411334,-0.052043,-0.25762,0.001,0.1473,0.2634,1,0.26337,2.0459,2.0459,118496,0
1778234462.595844,0.188948,-0.291754,0.605501,1,0.4295,0.6446,0.406188,-0.052706,-0.251291,0.0008,0.1613,0.2674,1,0.26743,1.1845,1.1845,118496,0
1778234462.645966,0.183587,-0.292397,0.611374,1,0.4187,0.6254,0.400826,-0.053349,-0.245418,0.0012,0.1538,0.2638,1,0.26375,1.8692,1.8692,118496,0
1778234462.696068,0.177507,-0.292813,0.617354,1,0.6818,0.9117,0.394747,-0.053766,-0.239438,0.001,0.1827,0.498,2,0.24902,2.958,2.958,118496,0
1778234462.746165,0.16479,-0.293468,0.628729,1,0.816,0.9885,0.38203,-0.054421,-0.228063,0.0012,0.1656,0.6492,4,0.16231,1.9282,1.9282,118496,0
1778234462.796269,0.1575,-0.294058,0.634899,1,0.806,1.0005,0.374739,-0.055011,-0.221893,0.0009,0.1492,0.656,4,0.164,2.8006,2.8006,118496,0
1778234462.846393,0.149935,-0.29472,0.641435,1,1.0422,1.2341,0.367175,-0.055673,-0.215357,0.0007,0.169,0.8724,5,0.17449,2.8435,2.8435,118496,0
1778234462.896465,0.143387,-0.295559,0.647524,1,0.6025,0.7305,0.360627,-0.056512,-0.209268,0.0006,0.1116,0.4903,7,0.07005,2.0165,2.0165,118496,0
1778234462.946653,0.130374,-0.29744,0.65,1,0.5955,0.7232,0.347613,-0.058393,-0.195438,0.0005,0.1141,0.4809,7,0.0687,2.6093,2.6093,118500,0
1778234462.996886,0.124005,-0.298448,0.65,1,0.7987,0.9228,0.341245,-0.059401,-0.188132,0.0006,0.1132,0.6849,7,0.09785,2.5981,2.5981,118500,0
1778234463.047054,0.117746,-0.299202,0.65,1,1.3306,1.518,0.334985,-0.060155,-0.181564,0.0009,0.1473,1.1824,7,0.16891,2.6572,2.6572,118500,0
1778234463.097158,0.110782,-0.299815,0.65,1,1.3764,1.5911,0.328021,-0.060768,-0.175263,0.0008,0.1714,1.2042,7,0.17203,2.6849,2.6849,118500,0
1778234463.147705,0.096218,-0.300213,0.65,1,1.2691,1.4617,0.313458,-0.061166,-0.168129,0.0007,0.174,1.0943,7,0.15633,2.8806,2.8806,118500,0
1778234463.198105,0.088893,-0.300188,0.65,1,0.5558,0.6765,0.306133,-0.06114,-0.167222,0.0004,0.1015,0.4538,7,0.06483,2.2938,2.2938,118500,0
1778234463.248763,0.080675,-0.299892,0.65,1,1.7542,1.9518,0.297914,-0.060845,-0.168499,0.0005,0.1107,1.6429,7,0.23471,2.0268,2.0268,118500,0
1778234463.298875,0.072439,-0.299714,0.65,1,1.1694,1.3551,0.289678,-0.060666,-0.171663,0.0007,0.1624,1.0063,7,0.14375,1.7929,1.7929,118500,0
1778234463.34907,0.057255,-0.299644,0.65,1,1.0298,1.2131,0.274495,-0.060596,-0.180619,0.0009,0.1502,0.8787,6,0.14645,2.5385,2.5385,118504,0
1778234463.399208,0.051593,-0.300533,0.65,1,1.2086,1.4068,0.268833,-0.061486,-0.184223,0.0008,0.184,1.0238,6,0.17064,1.3959,1.3959,118504,0
1778234463.449312,0.04778,-0.301593,0.65,1,1.0677,1.2768,0.26502,-0.062545,-0.186161,0.001,0.1618,0.9049,5,0.18099,2.6866,2.6866,118504,0
1778234463.499417,0.045517,-0.302829,0.65,1,0.9835,1.1752,0.262757,-0.063782,-0.186715,0.0009,0.1735,0.8091,5,0.16181,2.6275,2.6275,118504,0
1778234463.549513,0.043363,-0.304157,0.65,1,0.9511,1.1271,0.260602,-0.06511,-0.186267,0.001,0.1615,0.7887,5,0.15774,2.4014,2.4014,118512,0
1778234463.599622,0.042986,-0.304122,0.65,1,0.9271,1.1275,0.260225,-0.065075,-0.186118,0.001,0.1566,0.7695,5,0.15389,2.1557,2.1557,118512,0
1778234463.64979,0.042457,-0.303759,0.65,1,0.7863,0.965,0.259697,-0.064712,-0.186445,0.0009,0.1304,0.655,5,0.131,2.0554,2.0554,118512,0
1778234463.700245,0.042036,-0.302594,0.65,1,0.8348,1.0282,0.259276,-0.063547,-0.187143,0.0012,0.1548,0.6787,4,0.16967,2.8108,2.8108,118516,0
1778234463.750353,0.039675,-0.301963,0.65,1,0.4604,0.5785,0.256915,-0.062916,-0.188025,0.0006,0.1115,0.3483,4,0.08708,2.4331,2.4331,118516,0
1778234463.800462,0.038081,-0.302355,0.65,1,0.4547,0.8124,0.25532,-0.063308,-0.187544,0.0005,0.1072,0.347,4,0.08675,2.3584,2.3584,118516,0
1778234463.850567,0.035819,-0.303474,0.65,1,0.8772,1.0635,0.253058,-0.064427,-0.186209,0.001,0.1588,0.7174,4,0.17936,2.3581,2.3581,118516,0
1778234463.900672,0.033538,-0.304341,0.65,1,1.0426,1.8592,0.250778,-0.065294,-0.184457,0.001,0.1886,0.853,4,0.21325,2.3379,2.3379,118516,0
1778234463.950766,0.028733,-0.306593,0.65,1,1.0667,1.2917,0.245973,-0.067546,-0.180396,0.0008,0.1702,0.8957,4,0.22392,2.4291,2.4291,118516,0
1778234464.001178,0.02708,-0.307581,0.65,1,0.4838,0.6012,0.24432,-0.068534,-0.178713,0.0006,0.1131,0.3701,4,0.09253,2.394,2.394,118528,0
1778234464.051353,0.026078,-0.307561,0.65,1,0.4682,0.5987,0.243318,-0.068514,-0.177751,0.001,0.1118,0.3554,4,0.08885,2.3378,2.3378,118528,0
1778234464.10195,0.025369,-0.306663,0.65,1,0.8874,2.0611,0.242608,-0.067616,-0.177234,0.0004,0.1117,0.7753,4,0.19381,2.2546,2.2546,118532,0
1778234464.152199,0.025134,-0.304882,0.65,1,0.9387,1.7342,0.242374,-0.065835,-0.177209,0.0004,0.1129,0.8254,4,0.20635,2.1537,2.1537,118532,0
1778234464.202312,0.026679,-0.303777,0.65,1,0.8347,1.9067,0.243918,-0.06473,-0.177687,0.0006,0.1554,0.6787,4,0.16967,2.0784,2.0784,118532,0
1778234464.252419,0.029569,-0.303003,0.65,1,1.074,1.6435,0.246808,-0.063956,-0.178783,0.0004,0.2076,0.8659,4,0.21648,2.0501,2.0501,118532,0
1778234464.302536,0.036551,-0.301697,0.65,1,0.9519,1.4671,0.253791,-0.06265,-0.183437,0.0009,0.1649,0.7861,4,0.19654,2.0475,2.0475,118532,0
1778234464.352771,0.040502,-0.301588,0.65,1,0.7921,2.1045,0.257742,-0.062541,-0.185407,0.0005,0.1333,0.6582,4,0.16455,2.1539,2.1539,118532,0
1778234464.405655,0.046528,-0.302583,0.65,1,0.908,1.094,0.263768,-0.063536,-0.187339,0.0004,0.1678,0.7399,4,0.18498,2.4706,2.4706,118532,0
1778234464.45576,0.05505,-0.304085,0.65,1,0.9792,1.1881,0.27229,-0.065038,-0.19005,0.0009,0.1615,0.8169,5,0.16338,2.2325,2.2325,118532,0
1778234464.505855,0.074259,-0.310259,0.65,1,1.4317,1.6353,0.291499,-0.071212,-0.200021,0.0008,0.1616,1.2693,7,0.18133,1.9628,1.9628,118536,0
1778234464.555963,0.083626,-0.313413,0.648459,1,1.3788,1.5712,0.300866,-0.074365,-0.208333,0.0007,0.1681,1.21,8,0.15125,2.8831,2.8831,118536,0
1778234464.606087,0.091333,-0.315575,0.639536,1,1.5131,1.7345,0.308573,-0.076527,-0.217256,0.0009,0.1535,1.3588,9,0.15097,2.2127,2.2127,118536,0
1778234464.656171,0.096659,-0.314179,0.626814,1,1.418,1.6302,0.313898,-0.075132,-0.229978,0.0009,0.1552,1.2619,8,0.15774,2.9866,2.9866,118536,0
1778234464.706277,0.098585,-0.314523,0.613953,1,0.9398,1.4169,0.315825,-0.075476,-0.242839,0.0005,0.1273,0.812,7,0.116,2.9716,2.9716,118536,0
1778234464.756362,0.096624,-0.320823,0.58916,1,1.3066,1.5217,0.313864,-0.081776,-0.267632,0.0009,0.1779,1.1279,7,0.16113,2.6176,2.6176,118536,0
1778234464.806443,0.09402,-0.322846,0.578358,1,1.1405,1.3351,0.311259,-0.083799,-0.278434,0.0006,0.156,0.9839,6,0.16398,2.9866,2.9866,118536,0
1778234464.8577,0.092825,-0.324814,0.57066,1,1.0949,1.2812,0.310064,-0.085767,-0.286132,0.0007,0.1627,0.9315,6,0.15526,1.7953,1.7953,118536,0
1778234464.907805,0.08969,-0.32743,0.559548,1,1.2283,1.4358,0.30693,-0.088383,-0.297244,0.0012,0.1843,1.0428,5,0.20856,2.2294,2.2294,118536,0
1778234464.958023,0.08755,-0.329184,0.556105,1,1.1207,1.3286,0.30479,-0.090137,-0.300687,0.0007,0.1619,0.9581,5,0.19162,2.8655,2.8655,118540,0
1778234465.008116,0.08538,-0.329761,0.553168,1,0.9649,1.1604,0.30262,-0.090714,-0.303624,0.0004,0.1824,0.7821,5,0.15642,2.5788,2.5788,118540,0
1778234465.058214,0.083651,-0.330053,0.55083,1,1.0522,1.9251,0.30089,-0.091005,-0.305962,0.0009,0.1663,0.885,5,0.177,2.1618,2.1618,118540,0
1778234465.108325,0.082085,-0.331502,0.549747,1,1.0538,1.2614,0.299325,-0.092455,-0.307045,0.0009,0.1674,0.8855,5,0.1771,2.0762,2.0762,118540,0
1778234465.158431,0.08188,-0.331802,0.550644,1,0.9596,1.1544,0.299119,-0.092754,-0.306148,0.0007,0.1564,0.8026,5,0.16051,2.1797,2.1797,118540,0
1778234465.208539,0.081443,-0.331792,0.551891,1,1.089,1.3101,0.298683,-0.092745,-0.304901,0.001,0.1685,0.9196,5,0.18392,2.4148,2.4148,118540,0
1778234465.258659,0.080685,-0.331386,0.552678,1,1.1083,1.3275,0.297925,-0.092339,-0.304114,0.0009,0.1823,0.9251,5,0.18502,2.5926,2.5926,118540,0
1778234465.308759,0.07839,-0.331409,0.5528,1,0.9723,1.1589,0.295629,-0.092362,-0.303992,0.001,0.175,0.7964,5,0.15928,2.8399,2.8399,118544,0
1778234465.358944,0.077379,-0.331921,0.55205,1,1.0687,1.2527,0.294619,-0.092874,-0.304742,0.0009,0.168,0.8998,5,0.17995,2.8709,2.8709,118556,0
1778234465.409034,0.076968,-0.332644,0.551071,1,1.0239,1.2163,0.294208,-0.093597,-0.305721,0.0008,0.1734,0.8497,5,0.16994,2.807,2.807,118556,0
1778234465.459651,0.077581,-0.337129,0.548818,1,0.9129,1.4046,0.29482,-0.098082,-0.307974,0.0009,0.1484,0.7635,5,0.1527,2.9407,2.9407,118556,0
1778234465.509769,0.078613,-0.341262,0.54783,1,1.028,1.2271,0.295852,-0.102215,-0.308962,0.0011,0.1709,0.8561,6,0.14268,1.6295,1.6295,118556,0
1778234465.560317,0.079898,-0.344988,0.547386,1,1.1286,1.3536,0.297137,-0.105941,-0.309406,0.0005,0.1171,1.0111,5,0.20222,2.0748,2.0748,118556,0
1778234465.61043,0.082172,-0.350573,0.547755,1,0.6946,0.9531,0.299412,-0.111526,-0.309037,0.0004,0.1126,0.5816,6,0.09693,1.5935,1.5935,118556,0
1778234465.660525,0.086801,-0.359498,0.549416,1,0.9319,1.128,0.30404,-0.120451,-0.307376,0.0008,0.1496,0.7816,5,0.15632,2.7348,2.7348,118556,0
1778234465.710628,0.107361,-0.390846,0.556477,1,1.2543,1.4469,0.324601,-0.151798,-0.300315,0.0007,0.1747,1.0789,7,0.15412,1.778,1.778,118560,0
1778234465.760719,0.122243,-0.411414,0.560715,1,1.1728,1.3683,0.339483,-0.172366,-0.296077,0.001,0.1548,1.0169,6,0.16949,2.8474,2.8474,118560,0
1778234465.810869,0.138977,-0.433552,0.565544,1,0.9724,1.1803,0.356217,-0.194505,-0.291248,0.0007,0.17,0.8017,5,0.16035,0.5297,0.5297,118560,0
1778234465.861087,0.170366,-0.45,0.57708,1,0.6749,0.8549,0.387605,-0.234284,-0.279712,0.0009,0.1454,0.5286,3,0.1762,1.1622,1.1622,118560,0
1778234465.911132,0.185419,-0.45,0.583975,1,0.5779,0.7833,0.402659,-0.250311,-0.272817,0.0009,0.1657,0.4113,2,0.20567,0.979,0.979,118560,0
1778234465.96122,0.200887,-0.45,0.591561,1,0.4063,0.5978,0.418127,-0.265353,-0.265231,0.0008,0.1565,0.249,1,0.24901,2.9295,2.9295,118560,0
1778234466.011338,0.21378,-0.45,0.60022,1,0.4188,0.6226,0.431019,-0.274127,-0.256572,0.0009,0.16,0.2579,1,0.2579,2.2355,2.2355,118560,0
1778234466.061543,0.238759,-0.45,0.617644,1,21.7213,23.6496,0.455999,-0.289698,-0.239148,0.0006,0.1081,21.6125,250,0.08645,4.2865,4.2865,118568,0
1778234466.111766,0.250589,-0.45,0.626564,1,22.2446,24.2407,0.467829,-0.289987,-0.230228,0.001,0.1546,22.089,250,0.08836,5.4004,5.4004,118568,0
1778234466.161804,0.263915,-0.45,0.633354,0,22.0192,23.7895,0.481155,-0.292338,-0.223438,0.0008,0.1663,21.8521,250,0.08741,21.6054,21.6054,118636,0
1778234466.212011,0.277848,-0.45,0.638346,0,21.1682,22.3231,0.495088,-0.294517,-0.218446,0.0011,0.1488,21.0183,250,0.08407,40.1723,40.1723,118636,0
1778234466.262936,0.297393,-0.45,0.644811,0,24.8976,25.7361,0.514633,-0.283299,-0.211981,0.0004,0.1215,24.7758,250,0.0991,65.4298,65.4298,118636,0
1778234466.313435,0.3,-0.45,0.647367,0,21.3059,22.097,0.529794,-0.277385,-0.209425,0.0012,0.1615,21.1433,250,0.08457,72.6278,72.6278,118636,0
1778234466.363531,0.3,-0.45,0.649717,0,24.372,25.2182,0.542594,-0.2684,-0.207075,0.0004,0.11,24.2617,250,0.09705,76.7572,76.7572,118636,0
1778234466.415331,0.3,-0.45,0.65,0,13.5689,14.9863,0.558025,-0.261078,-0.204512,0.0007,0.1186,13.4495,250,0.0538,77.9562,77.9562,118636,0
1778234466.465427,0.3,-0.45,0.65,0,23.5144,25.021,0.586294,-0.23154,-0.199699,0.0009,0.1508,23.3627,250,0.09345,54.9198,54.9198,118640,0
1778234466.515534,0.3,-0.45,0.65,0,15.5675,16.1229,0.598999,-0.214679,-0.19804,0.0006,0.1096,15.4573,250,0.06183,51.3979,51.3979,118640,0
1778234466.565614,0.3,-0.432061,0.65,0,20.9243,23.4933,0.609133,-0.193014,-0.196811,0.0007,0.1725,20.7511,250,0.083,49.447,49.447,118640,0
1778234466.615784,0.3,-0.410825,0.65,0,22.056,25.5079,0.614704,-0.171778,-0.197628,0.0008,0.1733,21.8819,250,0.08753,52.7993,52.7993,118640,0
1778234466.665888,0.3,-0.368838,0.65,0,20.5452,22.5375,0.624492,-0.12979,-0.200549,0.0011,0.1745,20.3697,250,0.08148,64.9739,64.9739,118640,0
1778234466.715991,0.3,-0.343094,0.65,0,19.9845,21.3378,0.620759,-0.104047,-0.203225,0.0003,0.1083,19.8759,250,0.0795,64.6668,64.6668,118640,0
1778234466.766202,0.3,-0.323344,0.65,0,22.0823,22.2325,0.61894,-0.084296,-0.205485,0.0008,0.1634,21.918,250,0.08767,64.7047,64.7047,118640,0
1778234466.816306,0.3,-0.304405,0.649417,0,12.6266,13.5352,0.615728,-0.065358,-0.207375,0.0006,0.1416,12.4844,250,0.04994,63.5966,63.5966,118640,0
1778234466.866411,0.3,-0.272287,0.645333,0,21.3042,23.9042,0.606215,-0.03324,-0.211459,0.0009,0.1509,21.1524,250,0.08461,59.6363,59.6363,118656,0
1778234466.916495,0.3,-0.260932,0.644421,0,21.2781,22.4657,0.604689,-0.021885,-0.212371,0.0006,0.1075,21.17,250,0.08468,59.0285,59.0285,118656,0
1778234466.966617,0.3,-0.252412,0.644128,0,11.8932,12.9533,0.601962,-0.013365,-0.212664,0.0004,0.1142,11.7786,250,0.04711,58.4761,58.4761,118656,0
1778234467.017091,0.3,-0.247333,0.644999,0,25.3304,26.5985,0.600835,-0.008286,-0.211793,0.0008,0.1583,25.1713,250,0.10069,58.4399,58.4399,118656,0
1778234467.067168,0.3,-0.245128,0.6461,0,26.2491,27.3836,0.589815,-0.006081,-0.210692,0.0007,0.1694,26.079,250,0.10432,56.5883,56.5883,118660,0
1778234467.117269,0.3,-0.245744,0.646556,0,22.7458,24.7226,0.580832,-0.006697,-0.210236,0.001,0.1844,22.5604,250,0.09024,54.262,54.262,118660,0
1778234467.167355,0.3,-0.248027,0.64719,0,21.0783,22.8771,0.573926,-0.008979,-0.209602,0.001,0.1698,20.9075,250,0.08363,52.7701,52.7701,118660,0
1778234467.217437,0.3,-0.250947,0.647648,0,22.1817,24.103,0.567698,-0.011899,-0.209144,0.0009,0.1547,22.0261,250,0.0881,51.8996,51.8996,118664,0
1778234467.267547,0.3,-0.257853,0.648796,0,10.7174,11.3654,0.564041,-0.018806,-0.207996,0.0007,0.1075,10.6093,250,0.04244,51.5027,51.5027,118664,0
1778234467.31765,0.3,-0.25896,0.648824,0,21.0406,21.9324,0.558766,-0.019913,-0.207968,0.0013,0.1618,20.8775,250,0.08351,50.4776,50.4776,118664,0
1778234467.367751,0.3,-0.258978,0.648201,0,18.7265,20.1668,0.552034,-0.019931,-0.208591,0.0004,0.1183,18.6079,250,0.07443,47.8866,47.8866,118664,0
1778234467.417951,0.3,-0.259593,0.645694,0,16.4242,18.3458,0.544494,-0.020546,-0.211098,0.0005,0.1188,16.3049,250,0.06522,43.6651,43.6651,118664,0
1778234467.468086,0.3,-0.261929,0.638021,0,23.6566,24.4172,0.527508,-0.022882,-0.218771,0.0005,0.1124,23.5437,250,0.09417,31.0187,31.0187,118664,0
1778234467.518209,0.3,-0.264426,0.632749,0,10.2332,13.2333,0.518451,-0.025379,-0.224043,0.0004,0.1033,10.1295,250,0.04052,22.6672,22.6672,118664,0
1778234467.568311,0.2894,-0.268963,0.625493,0,17.191,17.313,0.50664,-0.029916,-0.231299,0.0007,0.1466,17.0437,250,0.06817,10.2625,10.2625,118664,0
1778234467.618429,0.277144,-0.272783,0.617712,1,0.4042,0.52,0.494383,-0.033736,-0.23908,0.0005,0.0999,0.3038,4,0.07594,2.9181,2.9181,118664,0
1778234467.668506,0.24846,-0.283406,0.601977,1,0.398,0.5357,0.465699,-0.044359,-0.254815,0.0004,0.1087,0.2889,3,0.09629,2.0805,2.0805,118668,0
1778234467.718625,0.232999,-0.288857,0.594448,1,0.3248,0.452,0.450238,-0.04981,-0.262344,0.0005,0.1036,0.2207,2,0.11036,1.1807,1.1807,118668,0
1778234467.768708,0.218319,-0.294389,0.587089,1,0.2752,0.3953,0.435559,-0.055342,-0.269703,0.0006,0.1025,0.1721,1,0.17209,1.3285,1.3285,118680,0
1778234467.818824,0.202418,-0.298825,0.579508,1,0.2655,0.3904,0.419658,-0.059778,-0.277284,0.0005,0.104,0.161,1,0.16097,1.2145,1.2145,118680,0
1778234467.86913,0.173343,-0.310643,0.562363,1,0.354,0.4939,0.390582,-0.071596,-0.294429,0.0006,0.112,0.2414,2,0.1207,0.1071,0.1071,118680,0
1778234467.919217,0.161903,-0.316725,0.554654,1,0.3249,0.4791,0.379142,-0.077678,-0.302138,0.0007,0.1246,0.1996,1,0.19961,0.9857,0.9857,118680,0
1778234467.970098,0.15201,-0.32226,0.548009,1,0.4499,0.673,0.36925,-0.083213,-0.308783,0.001,0.1687,0.2803,1,0.28028,1.0767,1.0767,118680,0
1778234468.020311,0.14237,-0.330511,0.541347,1,0.2828,0.4237,0.35961,-0.091464,-0.315445,0.0004,0.1124,0.1699,1,0.16992,1.0954,1.0954,118680,0
1778234468.070414,0.124095,-0.34278,0.533598,1,0.8599,1.0645,0.341334,-0.103733,-0.323194,0.001,0.1753,0.6836,3,0.22787,1.7006,1.7006,118696,0
1778234468.120524,0.114777,-0.347382,0.531394,1,0.4662,0.6614,0.332017,-0.108335,-0.325398,0.0009,0.2064,0.2589,1,0.25887,1.4146,1.4146,118696,0
1778234468.170719,0.104418,-0.351907,0.529787,1,0.6596,0.8889,0.321657,-0.11286,-0.327005,0.0019,0.34,0.3177,1,0.31773,1.8768,1.8768,118696,0
1778234468.220833,0.095836,-0.356574,0.529452,1,0.4265,0.6306,0.313075,-0.117527,-0.32734,0.001,0.1634,0.2621,1,0.26209,2.5703,2.5703,118696,0
1778234468.27105,0.077163,-0.366629,0.530212,1,0.8078,1.0155,0.294402,-0.127582,-0.32658,0.0008,0.1755,0.6315,4,0.15786,1.6962,1.6962,118696,0
1778234468.321198,0.068761,-0.371844,0.530972,1,0.6885,0.8961,0.286,-0.132797,-0.32582,0.0008,0.1662,0.5215,3,0.17384,2.4604,2.4604,118696,0
1778234468.371302,0.062655,-0.37695,0.531667,1,0.838,1.0264,0.279895,-0.137903,-0.325125,0.0007,0.1596,0.6777,4,0.16942,1.7502,1.7502,118696,0
1778234468.421403,0.057559,-0.382572,0.532582,1,0.9329,1.131,0.274799,-0.143524,-0.32421,0.0006,0.1728,0.7594,4,0.18986,1.7678,1.7678,118704,0
1778234468.471494,0.053595,-0.394934,0.535545,1,0.8817,1.1729,0.270835,-0.155886,-0.321247,0.0009,0.1711,0.7098,4,0.17744,2.2838,2.2838,118704,0
1778234468.521581,0.053896,-0.400977,0.537171,1,0.8188,1.3925,0.271136,-0.16193,-0.319621,0.0007,0.1634,0.6547,4,0.16368,2.3262,2.3262,118704,0
1778234468.57168,0.055967,-0.408964,0.539466,1,0.8094,1.4048,0.273207,-0.169917,-0.317326,0.0008,0.1504,0.6582,4,0.16455,2.7104,2.7104,118704,0
1778234468.621749,0.064336,-0.42671,0.543635,1,1.027,1.7347,0.281575,-0.187662,-0.313157,0.0007,0.153,0.8733,5,0.17467,1.9957,1.9957,118704,0
1778234468.671926,0.071305,-0.437842,0.546085,1,0.5115,1.0048,0.288544,-0.198795,-0.310707,0.0006,0.1192,0.3917,5,0.07833,2.0188,2.0188,118704,0
1778234468.722129,0.081689,-0.45,0.549004,1,0.9585,1.0942,0.298928,-0.211666,-0.307788,0.0006,0.1144,0.8434,5,0.16868,1.9438,1.9438,118708,0
1778234468.772231,0.093736,-0.45,0.552414,1,0.4596,1.4548,0.310976,-0.224031,-0.304378,0.0006,0.1166,0.3424,4,0.08561,2.7519,2.7519,118708,0
1778234468.822455,0.107406,-0.45,0.556476,1,0.3955,1.3402,0.324646,-0.235658,-0.300316,0.0003,0.0894,0.3058,4,0.07644,2.2373,2.2373,118708,0
1778234468.872556,0.136848,-0.45,0.56452,1,0.3985,0.5391,0.354088,-0.256433,-0.292272,0.0005,0.1107,0.2873,3,0.09578,2.6927,2.6927,118708,0
1778234468.923281,0.15268,-0.45,0.569305,1,0.2872,0.4278,0.36992,-0.265245,-0.287487,0.0006,0.1139,0.1726,1,0.1726,0.5328,0.5328,118712,0
1778234468.97346,0.168375,-0.45,0.57419,1,0.4717,0.9489,0.385614,-0.272392,-0.282602,0.0008,0.1706,0.3004,1,0.30037,1.4725,1.4725,118712,0
1778234469.023583,0.184981,-0.45,0.579341,1,0.6191,0.8318,0.402221,-0.280939,-0.277451,0.0009,0.167,0.4511,2,0.22556,0.772,0.772,118712,0
1778234469.073759,0.215702,-0.45,0.589613,1,0.3589,0.4803,0.432941,-0.295003,-0.267179,0.0004,0.1128,0.2457,2,0.12283,2.208,2.208,118712,0
1778234469.123872,0.229386,-0.45,0.594158,1,23.1897,24.2169,0.446626,-0.295846,-0.262634,0.0004,0.1134,23.0759,250,0.0923,3.0587,3.0587,118712,0
1778234469.173949,0.242309,-0.45,0.598592,1,20.1601,20.938,0.459549,-0.296267,-0.2582,0.0008,0.157,20.0023,250,0.08001,3.9961,3.9961,118712,0
1778234469.224169,0.265284,-0.45,0.607666,0,23.0834,23.9704,0.482524,-0.294817,-0.249126,0.0008,0.1592,22.9234,250,0.09169,11.6673,11.6673,118724,0
1778234469.274273,0.276642,-0.45,0.61126,0,15.861,16.456,0.493882,-0.293504,-0.245532,0.0004,0.1108,15.7497,250,0.063,24.154,24.154,118728,0
1778234469.324369,0.290861,-0.45,0.615561,0,16.5799,17.1561,0.508101,-0.290652,-0.241231,0.0005,0.1259,16.4535,250,0.06581,41.4807,41.4807,118728,0
1778234469.37507,0.3,-0.45,0.618679,0,22.4048,24.003,0.519981,-0.287036,-0.238113,0.0008,0.1486,22.2554,250,0.08902,52.5331,52.5331,118728,0
1778234469.427162,0.3,-0.45,0.624782,0,17.9543,19.3805,0.538507,-0.266559,-0.23201,0.001,0.1544,17.7989,250,0.0712,43.4348,43.4348,118728,0
1778234469.477558,0.3,-0.45,0.629183,0,20.1249,22.0442,0.548739,-0.249683,-0.227609,0.0006,0.1151,20.0093,250,0.08004,42.8981,42.8981,118736,0
1778234469.527648,0.3,-0.45,0.632947,0,12.7673,16.6198,0.563535,-0.237895,-0.223845,0.0006,0.1243,12.6424,250,0.05057,42.8201,42.8201,118736,0
1778234469.577743,0.3,-0.45,0.635697,0,12.5984,13.5666,0.576528,-0.224781,-0.221095,0.0005,0.1142,12.4837,250,0.04993,42.2804,42.2804,118736,0
1778234469.627983,0.3,-0.444113,0.63683,0,22.6128,24.7696,0.580946,-0.205066,-0.219962,0.0012,0.1602,22.4513,250,0.08981,40.8039,40.8039,118740,0
1778234469.678144,0.3,-0.398704,0.637761,0,13.4049,14.6638,0.586655,-0.159657,-0.219031,0.0006,0.1204,13.2839,250,0.05314,54.5691,54.5691,118740,0
1778234469.728311,0.3,-0.377199,0.638246,0,12.2896,13.0397,0.585534,-0.138152,-0.218546,0.0006,0.1246,12.1645,250,0.04866,72.0172,72.0172,118740,0
1778234469.778435,0.3,-0.355459,0.638606,0,21.3321,22.125,0.583579,-0.116412,-0.218186,0.001,0.1769,21.1543,250,0.08462,69.4291,69.4291,118740,0
1778234469.828528,0.3,-0.318351,0.637661,0,20.9604,21.6917,0.577649,-0.079304,-0.219131,0.0007,0.1409,20.8188,250,0.08328,63.5393,63.5393,118752,0
1778234469.878653,0.3,-0.303014,0.636443,0,23.3234,24.1845,0.572726,-0.063967,-0.220349,0.001,0.1768,23.1455,250,0.09258,60.0639,60.0639,118752,0
1778234469.928766,0.3,-0.297484,0.636018,0,20.4361,21.3152,0.576297,-0.058437,-0.220774,0.001,0.1841,20.251,250,0.081,59.4473,59.4473,118752,0
1778234469.978873,0.3,-0.292339,0.634797,0,13.0599,14.5391,0.575746,-0.053292,-0.221995,0.0006,0.1206,12.9387,250,0.05175,56.2955,56.2955,118752,0
1778234470.028926,0.3,-0.293306,0.632303,0,17.2514,18.2477,0.576478,-0.054259,-0.224489,0.0006,0.134,17.1168,250,0.06847,49.4666,49.4666,118756,0
1778234470.079068,0.3,-0.294704,0.63033,0,23.0437,25.0126,0.572687,-0.055656,-0.226462,0.0011,0.1942,22.8484,250,0.09139,45.4481,45.4481,118756,0
1778234470.12917,0.3,-0.297645,0.626661,0,13.8307,16.4855,0.5669,-0.058598,-0.230131,0.0007,0.1284,13.7017,250,0.05481,38.4877,38.4877,118756,0
1778234470.179479,0.3,-0.300621,0.622316,0,21.6122,23.9539,0.558143,-0.061574,-0.234476,0.001,0.1628,21.4484,250,0.08579,30.1443,30.1443,118756,0
1778234470.229568,0.3,-0.307959,0.610243,1,14.1204,15.3171,0.533779,-0.068911,-0.246549,0.0008,0.1269,13.9927,250,0.05597,7.4185,7.4185,118756,0
1778234470.279688,0.299975,-0.310859,0.602558,1,0.3166,0.4615,0.517215,-0.071812,-0.254234,0.0006,0.1238,0.1922,1,0.19224,2.8861,2.8861,118756,0
1778234470.329826,0.28258,-0.311717,0.596546,1,0.3154,0.438,0.499819,-0.07267,-0.260246,0.0004,0.1151,0.1999,1,0.19995,2.4518,2.4518,118756,0
1778234470.380385,0.247668,-0.316807,0.582803,1,0.3721,0.7418,0.464908,-0.07776,-0.273989,0.0005,0.1091,0.2626,2,0.13128,1.8842,1.8842,118768,0
1778234470.430611,0.231092,-0.319819,0.576316,1,0.281,0.4567,0.448332,-0.080772,-0.280476,0.0005,0.1118,0.1687,1,0.16871,1.2889,1.2889,118768,0
1778234470.480713,0.217964,-0.321667,0.571198,1,0.3666,0.538,0.435204,-0.08262,-0.285594,0.0005,0.137,0.229,1,0.22905,1.1097,1.1097,118772,0
1778234470.530813,0.200231,-0.320762,0.566106,1,0.3729,0.5461,0.417471,-0.081715,-0.290686,0.001,0.1325,0.2394,1,0.23939,1.6354,1.6354,118772,0
1778234470.580927,0.185252,-0.321764,0.560736,1,0.4684,0.6883,0.402491,-0.082717,-0.296056,0.0006,0.1804,0.2874,1,0.28743,1.4521,1.4521,118772,0
1778234470.631278,0.163061,-0.324741,0.550811,1,0.2908,0.4154,0.3803,-0.085694,-0.305981,0.0006,0.1166,0.1736,1,0.17361,2.8558,2.8558,118772,0
1778234470.68141,0.153211,-0.329341,0.544916,1,0.4844,0.7076,0.370451,-0.090293,-0.311876,0.0006,0.1951,0.2886,1,0.28865,0.9165,0.9165,118772,0
1778234470.732085,0.144244,-0.33414,0.539953,1,0.435,0.6414,0.361483,-0.095093,-0.316839,0.0009,0.1546,0.2794,1,0.27942,0.7828,0.7828,118772,0
1778234470.782156,0.126822,-0.343122,0.532982,1,0.5279,1.0548,0.344062,-0.104075,-0.32381,0.001,0.2203,0.3065,1,0.30651,1.5105,1.5105,118772,0
1778234470.832397,0.116421,-0.349799,0.529992,1,0.2939,1.3916,0.333661,-0.110752,-0.3268,0.0006,0.1172,0.1762,1,0.17616,0.8964,0.8964,118772,0
1778234470.882621,0.105949,-0.357039,0.52757,1,0.4717,0.7017,0.323188,-0.117991,-0.329222,0.0008,0.1647,0.3062,1,0.3062,1.6579,1.6579,118776,0
1778234470.933534,0.096337,-0.366074,0.525162,1,0.4631,0.6512,0.313577,-0.127027,-0.33163,0.0009,0.1689,0.2933,1,0.29331,2.2882,2.2882,118776,0
1778234470.983672,0.082297,-0.391019,0.518886,1,0.8188,1.023,0.299537,-0.151971,-0.337906,0.001,0.1643,0.6534,3,0.21781,1.8687,1.8687,118784,0
1778234471.034802,0.075587,-0.406219,0.5162,1,0.6367,0.8319,0.292827,-0.167172,-0.340592,0.001,0.1961,0.4396,2,0.2198,2.5978,2.5978,118784,0
1778234471.084947,0.068514,-0.421026,0.514027,1,0.5616,0.7589,0.285754,-0.181979,-0.342765,0.0012,0.1654,0.395,2,0.19751,2.0665,2.0665,118784,0
1778234471.135125,0.062986,-0.434405,0.513295,1,0.7081,0.9425,0.280226,-0.195358,-0.343497,0.001,0.1927,0.5145,2,0.25723,1.9829,1.9829,118784,0
1778234471.185224,0.059485,-0.447813,0.513376,1,0.4857,0.7224,0.276724,-0.208766,-0.343416,0.0009,0.1856,0.2993,1,0.29928,2.1245,2.1245,118784,0
1778234471.23554,0.059575,-0.45,0.514269,1,0.2885,0.4069,0.276815,-0.224988,-0.342523,0.0004,0.1138,0.1743,1,0.17425,1.6443,1.6443,118788,0
1778234471.285692,0.064722,-0.45,0.515169,1,0.2873,0.5026,0.281962,-0.232108,-0.341623,0.0011,0.1094,0.1768,1,0.17682,1.5536,1.5536,118792,0
1778234471.336182,0.075812,-0.45,0.515412,1,0.2876,0.4167,0.293052,-0.245501,-0.34138,0.0005,0.1132,0.1739,1,0.17393,1.068,1.068,118792,0
1778234471.386361,0.107649,-0.45,0.517678,1,0.2848,0.4264,0.324889,-0.272043,-0.339114,0.0004,0.1121,0.1723,1,0.1723,2.8335,2.8335,118792,0
1778234471.43656,0.125502,-0.45,0.519828,1,0.3621,0.507,0.342741,-0.284585,-0.336964,0.0004,0.1115,0.2501,2,0.12507,1.4164,1.4164,118804,0
1778234471.486711,0.145166,-0.45,0.52372,1,0.4394,0.6588,0.362406,-0.296653,-0.333072,0.0012,0.1649,0.2733,1,0.27326,2.3124,2.3124,118804,0
1778234471.536835,0.163151,-0.45,0.530218,1,0.4818,0.6982,0.380391,-0.300915,-0.326574,0.001,0.1943,0.2864,1,0.28643,1.5777,1.5777,118804,0
1778234471.587037,0.203683,-0.45,0.54953,1,0.5908,0.7919,0.420923,-0.30647,-0.307262,0.0009,0.1726,0.4173,2,0.20867,1.8372,1.8372,118804,0
1778234471.63717,0.223116,-0.45,0.560455,1,0.6199,0.8451,0.440355,-0.306436,-0.296337,0.0012,0.178,0.4408,2,0.22039,2.3387,2.3387,118804,0
1778234471.687286,0.243577,-0.45,0.573165,1,24.2495,25.4433,0.460817,-0.304744,-0.283627,0.0012,0.1722,24.0761,250,0.0963,3.3643,3.3643,118808,0
1778234471.737399,0.262223,-0.45,0.585719,1,19.9892,21.1552,0.479463,-0.299868,-0.271073,0.0012,0.1844,19.8035,250,0.07921,7.1079,7.1079,118812,0
1778234471.787506,0.295833,-0.45,0.606835,0,20.8667,21.8482,0.513072,-0.288774,-0.249957,0.0012,0.1654,20.7002,250,0.0828,53.3624,53.3624,118824,0
1778234471.83762,0.3,-0.45,0.616239,0,11.0544,11.7827,0.526073,-0.277954,-0.240553,0.0004,0.1037,10.9503,250,0.0438,67.6513,67.6513,118824,0
1778234471.887753,0.3,-0.45,0.624124,0,18.4538,19.1956,0.536526,-0.263181,-0.232668,0.0006,0.1201,18.3331,250,0.07333,75.8519,75.8519,118824,0
1778234471.937865,0.3,-0.45,0.63104,0,21.8343,22.8623,0.549643,-0.248553,-0.225752,0.0006,0.1527,21.681,250,0.08672,51.9639,51.9639,118824,0
1778234471.987958,0.3,-0.45,0.636852,0,22.1446,22.9539,0.559306,-0.229499,-0.21994,0.0015,0.1449,21.9982,250,0.08799,45.6864,45.6864,118824,0
1778234472.038049,0.3,-0.426665,0.645182,0,22.2579,24.1242,0.57035,-0.187618,-0.21161,0.0011,0.1607,22.0962,250,0.08838,38.5494,38.5494,118824,0
1778234472.088899,0.3,-0.401761,0.647608,0,14.2353,16.6807,0.571532,-0.162713,-0.209184,0.0006,0.1202,14.1146,250,0.05646,47.897,47.897,118828,0
1778234472.139016,0.3,-0.381225,0.648888,0,19.062,20.718,0.575139,-0.142178,-0.207904,0.0007,0.1502,18.9112,250,0.07564,57.8431,57.8431,118828,0
1778234472.189139,0.3,-0.339185,0.64701,0,14.1224,14.8269,0.574337,-0.100138,-0.209782,0.0005,0.1109,14.0111,250,0.05604,67.4234,67.4234,118828,0
1778234472.23945,0.3,-0.322041,0.644227,0,22.3189,23.2441,0.569418,-0.082994,-0.212565,0.0007,0.1805,22.1377,250,0.08855,61.4091,61.4091,118828,0
1778234472.289559,0.3,-0.30819,0.640408,0,21.8402,23.399,0.563373,-0.069142,-0.216384,0.0005,0.115,21.7246,250,0.0869,55.9794,55.9794,118828,0
1778234472.339683,0.3,-0.294976,0.636427,0,21.9026,22.6443,0.554376,-0.055929,-0.220365,0.001,0.1611,21.7405,250,0.08696,49.2568,49.2568,118828,0
1778234472.390306,0.3,-0.275898,0.627952,0,22.4908,23.8071,0.534884,-0.036851,-0.22884,0.0014,0.1795,22.3099,250,0.08924,38.1465,38.1465,118836,0
1778234472.440424,0.3,-0.269327,0.623867,0,23.0185,24.1689,0.524785,-0.03028,-0.232925,0.0011,0.1776,22.8398,250,0.09136,33.2112,33.2112,118840,0
1778234472.490548,0.294735,-0.263187,0.619607,1,3.4671,3.7205,0.511975,-0.02414,-0.237185,0.0011,0.1768,3.2892,20,0.16446,2.5599,2.5599,118840,0
1778234472.540665,0.284069,-0.258454,0.615191,0,19.3024,21.5804,0.501309,-0.019406,-0.241601,0.0009,0.1537,19.1479,250,0.07659,17.4282,17.4282,118840,0
1778234472.590795,0.259254,-0.254243,0.60429,1,0.5299,0.6742,0.476494,-0.015196,-0.252502,0.0004,0.1129,0.4166,5,0.08333,2.9596,2.9596,118840,0
1778234472.6409,0.248011,-0.254284,0.59891,1,0.2998,0.4128,0.465251,-0.015237,-0.257882,0.0004,0.1189,0.1806,1,0.18058,1.8597,1.8597,118840,0
1778234472.691009,0.234537,-0.254499,0.592767,1,0.287,0.4211,0.451776,-0.015452,-0.264025,0.0005,0.1101,0.1765,1,0.17648,2.4108,2.4108,118840,0
1778234472.7412,0.223134,-0.257317,0.587031,1,0.3558,0.4832,0.440373,-0.018269,-0.269761,0.0006,0.1142,0.241,2,0.12048,1.393,1.393,118840,0
1778234472.791394,0.199958,-0.269615,0.57328,1,0.5728,0.8661,0.417197,-0.030568,-0.283512,0.0005,0.1124,0.4599,1,0.45994,2.9054,2.9054,118840,0
1778234472.84151,0.18805,-0.279104,0.565607,1,0.4085,0.6071,0.405289,-0.040056,-0.291185,0.0008,0.1499,0.2578,1,0.25782,1.1339,1.1339,118844,0
1778234472.891618,0.177994,-0.287481,0.559138,1,0.4159,0.6101,0.395234,-0.048433,-0.297654,0.001,0.1505,0.2645,1,0.26446,0.7753,0.7753,118844,0
1778234472.941694,0.157491,-0.307953,0.548167,1,0.6095,3.197,0.374731,-0.068906,-0.308625,0.0009,0.1646,0.4441,2,0.22205,0.386,0.386,118844,0
1778234472.9918,0.146307,-0.318698,0.543752,1,0.3962,0.5898,0.363546,-0.079651,-0.31304,0.0006,0.1429,0.2528,1,0.25275,0.9734,0.9734,118844,0
1778234473.041894,0.136706,-0.329477,0.539615,1,0.4015,0.589,0.353946,-0.09043,-0.317177,0.0007,0.1519,0.2489,1,0.24894,0.8451,0.8451,118844,0
1778234473.092004,0.127295,-0.340134,0.535893,1,0.3401,0.5058,0.344535,-0.101086,-0.320899,0.0007,0.1264,0.213,1,0.213,0.6187,0.6187,118844,0
1778234473.142162,0.108375,-0.362876,0.529468,1,0.5854,2.2354,0.325615,-0.123829,-0.327324,0.0009,0.1625,0.422,2,0.211,2.5366,2.5366,118848,0
1778234473.192295,0.101362,-0.372943,0.528191,1,0.6756,1.2894,0.318602,-0.133896,-0.328601,0.0013,0.166,0.5083,2,0.25416,1.5635,1.5635,118848,0
1778234473.242415,0.092785,-0.387711,0.527849,1,0.6234,1.5177,0.310024,-0.148664,-0.328943,0.0012,0.173,0.4493,2,0.22464,2.5824,2.5824,118848,0
1778234473.292532,0.085034,-0.398788,0.528509,1,0.6266,1.6464,0.302273,-0.15974,-0.328283,0.0007,0.158,0.4678,2,0.23391,2.9998,2.9998,118848,0
1778234473.343368,0.069776,-0.420228,0.531542,1,0.4082,0.5427,0.287016,-0.18118,-0.32525,0.0004,0.1126,0.2952,3,0.09839,2.9185,2.9185,118848,0
1778234473.393601,0.063746,-0.428346,0.533648,1,0.4604,0.5921,0.280986,-0.189298,-0.323144,0.0004,0.1122,0.3478,4,0.08696,1.7628,1.7628,118848,0
1778234473.443782,0.062267,-0.436401,0.535396,1,0.8676,1.0783,0.279507,-0.197354,-0.321396,0.0005,0.1109,0.7561,4,0.18902,1.7694,1.7694,118848,0
1778234473.493979,0.064168,-0.443692,0.53717,1,0.8159,1.1729,0.281408,-0.204645,-0.319622,0.0012,0.1545,0.6603,4,0.16507,1.8469,1.8469,118848,0
1778234473.544231,0.080153,-0.45,0.539855,1,0.4674,0.6099,0.297392,-0.223288,-0.316937,0.0004,0.1177,0.3493,4,0.08733,1.8479,1.8479,118848,0
1778234473.594707,0.091371,-0.45,0.540815,1,0.4209,0.5369,0.308611,-0.23397,-0.315977,0.0007,0.1187,0.3015,3,0.10051,2.0907,2.0907,118848,0
1778234473.644887,0.10487,-0.45,0.541801,1,0.4203,0.568,0.32211,-0.245363,-0.314991,0.0004,0.123,0.297,3,0.099,1.8375,1.8375,118848,0
1778234473.694995,0.121556,-0.45,0.543117,1,0.3626,0.4993,0.338795,-0.256762,-0.313675,0.0005,0.1843,0.1778,1,0.17783,0.8918,0.8918,118852,0
1778234473.745087,0.139947,-0.45,0.545277,1,0.4643,1.431,0.357187,-0.264932,-0.311515,0.0009,0.1764,0.287,1,0.28698,1.511,1.511,118852,0
1778234473.79518,0.179819,-0.45,0.551247,1,0.606,0.8072,0.397059,-0.277365,-0.305545,0.0007,0.152,0.4532,2,0.2266,1.5063,1.5063,118864,0
1778234473.845407,0.201229,-0.45,0.555155,1,0.6787,0.8531,0.418469,-0.282199,-0.301637,0.0004,0.1091,0.5692,2,0.28458,1.6598,1.6598,118876,0
1778234473.895587,0.219798,-0.45,0.559983,1,0.3395,0.5763,0.437037,-0.284163,-0.296809,0.0003,0.1052,0.234,2,0.117,2.0444,2.0444,118876,0
1778234473.945701,0.236472,-0.45,0.566773,1,0.6187,0.8043,0.453712,-0.281358,-0.290019,0.0007,0.1568,0.4613,2,0.23063,2.4504,2.4504,118876,0
1778234473.99581,0.267312,-0.45,0.584002,1,28.4069,31.5008,0.484552,-0.268504,-0.27279,0.0007,0.1542,28.252,250,0.11301,3.1251,3.1251,118876,0
1778234474.045912,0.280725,-0.45,0.591534,1,25.264,28.0081,0.497965,-0.262569,-0.265258,0.0006,0.1518,25.1116,250,0.10045,3.5321,3.5321,118880,0
1778234474.095982,0.293391,-0.45,0.59856,1,20.0987,23.6938,0.510631,-0.256381,-0.258232,0.0005,0.1302,19.9681,250,0.07987,7.4741,7.4741,118880,0
1778234474.146159,0.3,-0.45,0.609551,0,21.7378,22.5318,0.53414,-0.247931,-0.247241,0.0009,0.1549,21.5821,250,0.08633,12.902,12.902,118880,0
1778234474.196229,0.3,-0.45,0.612739,0,15.9548,17.0366,0.540693,-0.243497,-0.244053,0.0004,0.0987,15.8557,250,0.06342,17.4484,17.4484,118880,0
1778234474.246999,0.3,-0.45,0.614298,0,22.609,23.6967,0.545083,-0.238687,-0.242494,0.0004,0.1154,22.4932,250,0.08997,19.9114,19.9114,118880,0
1778234474.297084,0.3,-0.45,0.614553,0,19.9863,21.4171,0.546714,-0.230867,-0.242239,0.0007,0.1456,19.84,250,0.07936,19.9981,19.9981,118880,0
1778234474.347163,0.3,-0.45,0.610549,0,23.014,24.2485,0.543474,-0.216585,-0.246243,0.001,0.1647,22.8483,250,0.09139,13.4699,13.4699,118880,0
1778234474.397887,0.3,-0.45,0.607368,1,25.005,25.9889,0.541897,-0.213743,-0.249424,0.0007,0.1695,24.8348,250,0.09934,9.6379,9.6379,118880,0
1778234474.447982,0.3,-0.45,0.603809,1,20.1057,21.5986,0.542745,-0.214365,-0.252983,0.0008,0.1762,19.9288,250,0.07972,6.6158,6.6158,118884,0
1778234474.498115,0.3,-0.45,0.600506,1,24.9844,28.5057,0.54486,-0.216701,-0.256286,0.0007,0.1681,24.8156,250,0.09926,4.6372,4.6372,118884,0
1778234474.549118,0.3,-0.45,0.595027,1,25.3736,29.1884,0.54466,-0.219864,-0.261765,0.0008,0.2383,25.1344,250,0.10054,3.1156,3.1156,118884,0
1778234474.599211,0.3,-0.45,0.593404,1,14.248,15.1317,0.544942,-0.221501,-0.263388,0.0006,0.1224,14.125,250,0.0565,3.2433,3.2433,118884,0
1778234474.649616,0.3,-0.45,0.591754,1,13.6844,14.6849,0.544333,-0.22242,-0.265038,0.0006,0.1209,13.563,250,0.05425,3.3537,3.3537,118892,0
1778234474.699702,0.3,-0.45,0.59008,1,0.6,1.2409,0.542943,-0.223083,-0.266712,0.0006,0.1264,0.473,3,0.15765,2.6927,2.6927,118892,0
1778234474.749817,0.3,-0.45,0.587676,1,0.72,0.9078,0.534987,-0.218879,-0.269116,0.0007,0.1624,0.5569,3,0.18562,2.3049,2.3049,118892,0
1778234474.799929,0.3,-0.45,0.587097,1,0.5288,0.7684,0.533058,-0.217697,-0.269695,0.0012,0.1968,0.3308,1,0.33079,2.3371,2.3371,118892,0
1778234474.851332,0.3,-0.45,0.586242,1,19.8964,21.8532,0.52897,-0.215077,-0.27055,0.0007,0.8833,19.0124,250,0.07605,4.0581,4.0581,118896,0
1778234474.901944,0.298101,-0.442963,0.58396,1,21.7232,25.841,0.515341,-0.203916,-0.272832,0.0014,0.164,21.5578,250,0.08623,5.0496,5.0496,118896,0
1778234474.952947,0.289911,-0.436249,0.582645,1,19.2932,21.04,0.507151,-0.197202,-0.274147,0.0004,0.1107,19.1821,250,0.07673,3.5819,3.5819,118900,0
1778234475.003391,0.283941,-0.429589,0.581831,1,24.2095,26.0544,0.50118,-0.190541,-0.274961,0.0007,0.1808,24.028,250,0.09611,3.0738,3.0738,118900,0
1778234475.053463,0.275834,-0.420779,0.580327,1,0.6353,0.825,0.493074,-0.181732,-0.276465,0.0005,0.1399,0.4948,2,0.2474,2.5779,2.5779,118904,0
1778234475.103901,0.258797,-0.398872,0.577474,1,0.6176,0.8176,0.476037,-0.159825,-0.279318,0.0008,0.1558,0.461,2,0.23049,2.1101,2.1101,118904,0
1778234475.154135,0.248851,-0.387108,0.575144,1,0.3986,0.5792,0.466091,-0.148061,-0.281648,0.0012,0.1487,0.2487,1,0.24871,2.38,2.38,118904,0
1778234475.204206,0.234662,-0.372963,0.571274,1,0.4193,0.5958,0.451902,-0.133916,-0.285518,0.0007,0.1457,0.273,1,0.27296,2.0598,2.0598,118916,0
1778234475.254498,0.222545,-0.361989,0.567039,1,0.3558,0.5015,0.439785,-0.122941,-0.289753,0.0006,0.1383,0.2168,1,0.21683,1.3892,1.3892,118920,0
1778234475.305994,0.20111,-0.345409,0.55676,1,0.4277,0.633,0.41835,-0.106362,-0.300032,0.001,0.1513,0.2754,1,0.27537,2.0876,2.0876,118920,0
1778234475.356102,0.191678,-0.339157,0.551203,1,0.4887,0.7291,0.408917,-0.10011,-0.305589,0.0007,0.1732,0.3148,1,0.31475,0.6966,0.6966,118920,0
1778234475.406197,0.183818,-0.334653,0.545307,1,0.4249,0.6268,0.401058,-0.095606,-0.311485,0.0009,0.1596,0.2644,1,0.2644,0.5623,0.5623,118920,0
1778234475.456323,0.178291,-0.332283,0.540114,1,0.5026,0.7534,0.395531,-0.093236,-0.316678,0.0012,0.1784,0.323,1,0.323,0.4161,0.4161,118920,0
1778234475.506419,0.173944,-0.333069,0.533168,1,0.4471,0.6482,0.391184,-0.094022,-0.323624,0.0009,0.1622,0.2839,1,0.28393,0.4131,0.4131,118920,0
1778234475.556542,0.175951,-0.337161,0.532258,1,0.5502,0.7999,0.393191,-0.098113,-0.324534,0.0016,0.1961,0.3526,1,0.35259,0.3547,0.3547,118920,0
1778234475.606643,0.179118,-0.341928,0.532174,1,0.6092,0.8857,0.396357,-0.102881,-0.324618,0.0009,0.1956,0.4126,1,0.41264,0.4328,0.4328,118920,0
1778234475.656777,0.180938,-0.34617,0.532308,1,0.4311,0.6444,0.398177,-0.107122,-0.324484,0.0006,0.146,0.2845,1,0.28452,0.4521,0.4521,118924,0
1778234475.706879,0.182968,-0.350338,0.532284,1,0.4489,0.6425,0.400208,-0.111291,-0.324508,0.0011,0.1728,0.275,1,0.27504,0.5032,0.5032,118924,0
1778234475.756991,0.184436,-0.355393,0.531129,1,0.4502,0.6491,0.401676,-0.116346,-0.325663,0.0007,0.1627,0.2868,1,0.28681,0.5766,0.5766,118924,0
1778234475.807091,0.1847,-0.357257,0.530069,1,0.4328,0.6408,0.40194,-0.11821,-0.326723,0.0006,0.1496,0.2826,1,0.28255,0.5562,0.5562,118924,0
1778234475.857234,0.184388,-0.358673,0.529172,1,0.4941,0.7336,0.401628,-0.119626,-0.32762,0.0008,0.1787,0.3146,1,0.31463,0.5593,0.5593,118924,0
1778234475.907306,0.183328,-0.359871,0.528421,1,0.2433,0.3427,0.400567,-0.120824,-0.328371,0.0004,0.0984,0.1446,1,0.14456,0.5454,0.5454,118924,0
1778234500.216786,0.275393,-0.388255,0.492797,1,0.506,0.714,0.492632,-0.149208,-0.363995,0.0007,0.1251,0.3802,4,0.09504,2.6652,2.6652,119028,0
1778234500.267032,0.276058,-0.389035,0.492325,1,0.4425,0.6563,0.493298,-0.149988,-0.364467,0.0009,0.1541,0.2874,1,0.28745,2.0695,2.0695,119028,0
1778234500.317103,0.275969,-0.388834,0.492243,1,0.4796,0.7241,0.493208,-0.149787,-0.364549,0.001,0.1646,0.314,1,0.31398,2.0795,2.0795,119028,0
1778234500.41731,0.275628,-0.388656,0.492289,1,0.4747,0.7034,0.492868,-0.149609,-0.364503,0.0012,0.1667,0.3069,1,0.30692,2.0592,2.0592,119032,0
1778234500.467395,0.275276,-0.388484,0.492351,1,0.4156,0.6305,0.492515,-0.149436,-0.364441,0.0007,0.1435,0.2714,1,0.27144,2.0356,2.0356,119032,0
1778234500.518399,0.275247,-0.388387,0.492356,1,0.3128,0.4592,0.492487,-0.14934,-0.364436,0.0005,0.1263,0.186,1,0.18596,2.0248,2.0248,119032,0
1778234500.568975,0.275509,-0.388366,0.492357,1,0.4293,0.6414,0.492749,-0.149319,-0.364435,0.0009,0.1541,0.2742,1,0.27425,2.0305,2.0305,119032,0
1778234500.619105,0.276334,-0.388601,0.492299,1,0.4808,0.7173,0.493574,-0.149554,-0.364493,0.0009,0.1716,0.3083,1,0.30829,2.0698,2.0698,119032,0
1778234500.66919,0.276733,-0.388384,0.492359,1,0.2728,0.4077,0.493973,-0.149337,-0.364433,0.0007,0.1109,0.1613,1,0.16129,2.086,2.086,119032,0
1778234500.719278,0.277026,-0.388724,0.492404,1,0.2426,0.3496,0.494266,-0.149677,-0.364388,0.0004,0.0989,0.1432,1,0.14321,2.1061,2.1061,119032,0
1778234500.769395,0.276977,-0.389093,0.492588,1,0.4305,0.6459,0.494217,-0.150046,-0.364204,0.0009,0.1536,0.276,1,0.27601,2.1215,2.1215,119032,0
1778234500.819597,0.27666,-0.389329,0.492787,1,0.4639,0.668,0.4939,-0.150282,-0.364005,0.0012,0.1697,0.2931,1,0.29306,2.1196,2.1196,119032,0
1778234500.869678,0.276569,-0.38971,0.49278,1,0.4565,0.6557,0.493809,-0.150662,-0.364012,0.001,0.1559,0.2996,1,0.29963,2.1255,2.1255,119032,0
1778234500.97014,0.276594,-0.390541,0.492754,1,0.4442,0.7116,0.493833,-0.151494,-0.364038,0.0014,0.1565,0.2863,1,0.28626,2.161,2.161,119040,0
1778234501.020261,0.276325,-0.390349,0.492627,1,0.5519,0.7926,0.493565,-0.151302,-0.364165,0.0011,0.1853,0.3655,1,0.36551,2.1619,2.1619,119040,0
1778234501.070385,0.27534,-0.389224,0.492347,1,0.5213,0.7236,0.492579,-0.150177,-0.364445,0.0009,0.1687,0.3517,1,0.35169,2.1081,2.1081,119040,0
1778234501.120792,0.275288,-0.389073,0.492015,1,0.3801,0.635,0.492528,-0.150026,-0.364777,0.0004,0.1165,0.2631,1,0.26314,2.0702,2.0702,119040,0
1778234501.170914,0.275163,-0.389175,0.492005,1,0.446,0.6484,0.492403,-0.150128,-0.364787,0.0008,0.1653,0.2799,1,0.27985,2.072,2.072,119040,0
1778234501.221033,0.274587,-0.389652,0.492537,1,0.4752,0.6995,0.491827,-0.150605,-0.364255,0.001,0.1786,0.2956,1,0.29562,2.0619,2.0619,119044,0
1778234501.271099,0.267559,-0.400898,0.502155,1,0.4173,0.6137,0.484799,-0.161851,-0.354637,0.0011,0.1532,0.263,1,0.26296,2.6077,2.6077,119044,0
1778234501.321199,0.252386,-0.394813,0.508648,1,0.6067,0.8227,0.469626,-0.155766,-0.348144,0.0008,0.1573,0.4486,2,0.22431,1.5771,1.5771,119044,0
1778234501.371321,0.232357,-0.383717,0.516567,1,0.3561,0.4942,0.449597,-0.14467,-0.340225,0.0004,0.1129,0.2428,2,0.12139,1.0389,1.0389,119044,0
1778234501.421394,0.212147,-0.372053,0.522767,1,0.3332,0.4337,0.429386,-0.133006,-0.334025,0.0005,0.1019,0.2308,2,0.11539,0.6517,0.6517,119044,0
1778234501.471479,0.187054,-0.354508,0.52448,1,0.3451,0.4808,0.404293,-0.115461,-0.332312,0.0005,0.1124,0.2323,2,0.11613,0.3196,0.3196,119044,0
1778234501.521606,0.17716,-0.345949,0.521564,1,0.2865,0.4241,0.394399,-0.106901,-0.335228,0.0004,0.1147,0.1714,1,0.17139,0.4832,0.4832,119044,0
1778234501.571707,0.169184,-0.337011,0.516393,1,0.2737,0.3976,0.386424,-0.097964,-0.340399,0.0006,0.1127,0.1604,1,0.1604,0.4098,0.4098,119044,0
1778234501.621825,0.165052,-0.329669,0.509533,1,0.4561,0.7348,0.382291,-0.090622,-0.347259,0.001,0.1957,0.2593,1,0.25935,0.3284,0.3284,119048,0
1778234501.67194,0.162572,-0.319375,0.49665,1,0.4124,1.3397,0.379812,-0.080328,-0.360142,0.0008,0.1544,0.2572,1,0.25716,0.8845,0.8845,119048,0
1778234501.722197,0.163376,-0.316559,0.491249,1,0.4427,1.6036,0.380615,-0.077512,-0.365543,0.0011,0.1813,0.2603,1,0.26028,0.2611,0.2611,119048,0
1778234501.772289,0.16447,-0.315701,0.48632,1,0.2878,1.2934,0.38171,-0.076654,-0.370472,0.0007,0.1183,0.1688,1,0.16884,0.2586,0.2586,119048,0
1778234501.8225,0.165728,-0.316107,0.486267,1,0.4737,1.115,0.382968,-0.07706,-0.370525,0.001,0.1669,0.3058,1,0.3058,0.2389,0.2389,119060,0
1778234501.872581,0.167284,-0.317654,0.487398,1,0.46,4.4747,0.384524,-0.078607,-0.369394,0.0007,0.1566,0.3027,1,0.30274,0.2721,0.2721,119064,0
1778234501.925893,0.167091,-0.31685,0.486138,1,0.5176,0.7486,0.384331,-0.077803,-0.370654,0.0004,0.1184,0.3989,1,0.3989,0.2659,0.2659,119064,0
1778234501.975971,0.166645,-0.316675,0.486475,1,0.4204,0.6504,0.383885,-0.077628,-0.370317,0.0009,0.1434,0.2761,1,0.27605,0.2532,0.2532,119064,0
1778234502.026147,0.166167,-0.316788,0.486798,1,0.5142,0.7587,0.383407,-0.077741,-0.369994,0.0012,0.1889,0.3242,1,0.32416,0.2496,0.2496,119064,0
1778234502.076268,0.165348,-0.316145,0.486868,1,0.4826,0.7229,0.382588,-0.077097,-0.369924,0.0013,0.1694,0.312,1,0.31196,0.2436,0.2436,119068,0
1778234502.126343,0.165114,-0.315694,0.486686,1,0.2732,0.402,0.382354,-0.076647,-0.370106,0.0005,0.1082,0.1645,1,0.16445,0.2396,0.2396,119068,0
1778234502.176434,0.165112,-0.315325,0.486577,1,0.2444,0.3593,0.382352,-0.076278,-0.370215,0.0005,0.0989,0.145,1,0.145,0.2364,0.2364,119068,0
1778234502.226517,0.16504,-0.315321,0.486523,1,0.4913,0.7131,0.382279,-0.076274,-0.370269,0.0011,0.1798,0.3104,1,0.31037,0.2334,0.2334,119068,0
1778234502.276606,0.165123,-0.316799,0.486969,1,0.4415,0.6526,0.382363,-0.077752,-0.369823,0.0009,0.1633,0.2773,1,0.27735,0.2402,0.2402,119068,0
1778234502.326783,0.164904,-0.31717,0.486973,1,0.2514,0.3673,0.382144,-0.078123,-0.369819,0.0006,0.1002,0.1507,1,0.15068,0.2377,0.2377,119068,0
1778234502.376944,0.164985,-0.317376,0.486953,1,0.4482,0.6603,0.382225,-0.078329,-0.369839,0.0009,0.1766,0.2707,1,0.27072,0.2404,0.2404,119068,0
1778234502.427401,0.164829,-0.317533,0.486819,1,0.4765,0.7105,0.382069,-0.078486,-0.369973,0.0011,0.1648,0.3106,1,0.31058,0.2382,0.2382,119068,0
1778234502.477518,0.164793,-0.317616,0.486809,1,0.5286,0.7653,0.382033,-0.078568,-0.369983,0.0013,0.2045,0.3228,1,0.32278,0.2382,0.2382,119068,0
1778234502.527618,0.164693,-0.317815,0.486761,1,0.4384,0.6469,0.381933,-0.078768,-0.370031,0.0008,0.1539,0.2836,1,0.28359,0.2378,0.2378,119068,0
1778234502.577861,0.164705,-0.318013,0.486673,1,0.5152,0.7675,0.381944,-0.078965,-0.370119,0.0015,0.1864,0.3273,1,0.32731,0.2392,0.2392,119068,0
1778234502.627956,0.164316,-0.31813,0.486565,1,0.4476,0.6647,0.381556,-0.079082,-0.370227,0.0009,0.1588,0.2878,1,0.28783,0.2354,0.2354,119068,0
1778234502.678738,0.164104,-0.31796,0.48648,1,0.305,0.4406,0.381344,-0.078913,-0.370312,0.0005,0.1113,0.1933,1,0.19332,0.2334,0.2334,119080,0
1778234502.728955,0.163954,-0.317737,0.486422,1,0.2907,0.4212,0.381194,-0.07869,-0.37037,0.0004,0.1186,0.1717,1,0.17165,0.2312,0.2312,119080,0
1778234502.779259,0.163915,-0.317567,0.486395,1,0.2938,0.4338,0.381155,-0.078519,-0.370397,0.0004,0.1155,0.1779,1,0.17792,0.2297,0.2297,119084,0
1778234502.829417,0.163974,-0.317613,0.486336,1,0.2888,0.4123,0.381213,-0.078566,-0.370456,0.0004,0.1118,0.1766,1,0.17665,0.2299,0.2299,119084,0
1778234502.879623,0.164019,-0.31761,0.486255,1,0.3005,0.559,0.381259,-0.078563,-0.370537,0.0004,0.119,0.1811,1,0.18109,0.2308,0.2308,119084,0
1778234502.929733,0.163955,-0.31757,0.486184,1,0.4364,0.6456,0.381195,-0.078522,-0.370608,0.0007,0.1579,0.2778,1,0.27782,0.2292,0.2292,119084,0
1778234502.979849,0.163931,-0.317541,0.486141,1,0.4687,0.681,0.38117,-0.078494,-0.370651,0.0007,0.1831,0.285,1,0.28496,0.2287,0.2287,119084,0
1778234503.029961,0.163897,-0.317576,0.486062,1,0.4765,0.7081,0.381137,-0.078529,-0.37073,0.0008,0.1828,0.2929,1,0.29293,0.228,0.228,119084,0
1778234503.080083,0.163859,-0.317674,0.486072,1,0.4691,0.6818,0.381099,-0.078627,-0.37072,0.0008,0.1809,0.2873,1,0.28731,0.2276,0.2276,119084,0
1778234503.130208,0.163802,-0.317694,0.48612,1,0.4692,0.6856,0.381042,-0.078647,-0.370672,0.0013,0.1693,0.2985,1,0.29854,0.2265,0.2265,119084,0
1778234503.180327,0.163781,-0.317684,0.486148,1,0.4758,0.6959,0.381021,-0.078637,-0.370644,0.0009,0.1708,0.3041,1,0.30409,0.2259,0.2259,119084,0
1778234503.230538,0.163711,-0.317672,0.4862,1,0.4539,0.6653,0.380951,-0.078625,-0.370592,0.001,0.1635,0.2893,1,0.28933,0.2246,0.2246,119088,0
1778234503.280646,0.163712,-0.317592,0.486032,1,0.5401,0.7809,0.380952,-0.078544,-0.37076,0.0012,0.1961,0.3428,1,0.34277,0.2255,0.2255,119088,0
1778234503.331135,0.163747,-0.3175,0.485884,1,0.3023,0.4307,0.380986,-0.078453,-0.370908,0.0006,0.1194,0.1822,1,0.18224,0.2258,0.2258,119088,0
1778234503.381255,0.16374,-0.317392,0.485743,1,0.4913,0.715,0.380979,-0.078345,-0.371049,0.0009,0.1879,0.3025,1,0.30252,0.2255,0.2255,119088,0
1778234503.431446,0.163593,-0.317279,0.485659,1,0.2983,0.4304,0.380833,-0.078232,-0.371133,0.0005,0.1119,0.1858,1,0.18583,0.2236,0.2236,119096,0
1778234503.481586,0.163576,-0.317322,0.485631,1,0.3,0.4489,0.380816,-0.078275,-0.371161,0.0004,0.1163,0.1834,1,0.18335,0.2236,0.2236,119096,0
1778234503.531743,0.163554,-0.317408,0.485638,1,0.4218,0.6314,0.380794,-0.07836,-0.371154,0.0009,0.1482,0.2727,1,0.2727,0.2231,0.2231,119096,0
1778234503.581877,0.163559,-0.317501,0.485607,1,0.4637,0.9431,0.380799,-0.078454,-0.371185,0.0008,0.1769,0.286,1,0.28603,0.2237,0.2237,119100,0
1778234503.632241,0.163559,-0.317552,0.485655,1,0.2962,0.8506,0.380798,-0.078505,-0.371137,0.0004,0.1133,0.1825,1,0.18247,0.2226,0.2226,119100,0
1778234503.682357,0.163534,-0.317426,0.485629,1,0.2965,1.0294,0.380773,-0.078379,-0.371163,0.0005,0.1184,0.1775,1,0.1775,0.2218,0.2218,119100,0
1778234503.732488,0.163549,-0.317374,0.485608,1,0.5546,0.7956,0.380789,-0.078327,-0.371184,0.0004,0.2139,0.3403,1,0.3403,0.2213,0.2213,119100,0
1778234503.783185,0.163591,-0.317444,0.485588,1,0.2983,2.8399,0.38083,-0.078397,-0.371204,0.0004,0.1139,0.184,1,0.18402,0.2218,0.2218,119100,0
1778234503.835392,0.163657,-0.317578,0.485634,1,0.2814,0.4143,0.380897,-0.078531,-0.371158,0.0005,0.1081,0.1728,1,0.17278,0.2219,0.2219,119104,0
1778234503.886065,0.163682,-0.317595,0.485663,1,0.2839,0.4145,0.380921,-0.078548,-0.371129,0.0004,0.1086,0.1748,1,0.17481,0.222,0.222,119104,0
1778234503.936162,0.163684,-0.317568,0.485697,1,0.2922,0.4321,0.380924,-0.078521,-0.371095,0.0004,0.1154,0.1764,1,0.17639,0.2214,0.2214,119104,0
1778234503.986281,0.163682,-0.317548,0.485674,1,0.2902,0.4186,0.380922,-0.078501,-0.371118,0.0005,0.1127,0.177,1,0.17696,0.2214,0.2214,119104,0
1778234504.036405,0.163619,-0.317477,0.485624,1,0.2904,0.4111,0.380858,-0.07843,-0.371168,0.0004,0.1136,0.1764,1,0.17641,0.2204,0.2204,119108,0
1778234504.08659,0.163483,-0.317385,0.48565,1,0.2901,0.4321,0.380723,-0.078338,-0.371142,0.0006,0.1138,0.1757,1,0.17572,0.2184,0.2184,119108,0
1778234504.136873,0.163408,-0.317293,0.485673,1,0.3053,0.4387,0.380648,-0.078246,-0.371119,0.0005,0.122,0.1828,1,0.18277,0.2175,0.2175,119108,0
1778234504.18721,0.163318,-0.316699,0.485725,1,0.2868,0.4089,0.380557,-0.077652,-0.371067,0.0005,0.1111,0.1752,1,0.17515,0.2152,0.2152,119108,0
1778234504.237383,0.163304,-0.315931,0.485943,1,0.2935,0.4184,0.380544,-0.076884,-0.370849,0.0004,0.1146,0.1785,1,0.17849,0.2108,0.2108,119108,0
1778234504.287981,0.163384,-0.314854,0.486344,1,0.4862,0.7836,0.380623,-0.075807,-0.370448,0.0009,0.1601,0.3252,1,0.32523,0.2075,0.2075,119120,0
1778234504.33808,0.163443,-0.312864,0.486547,1,0.4946,0.7322,0.380683,-0.073816,-0.370245,0.0012,0.1853,0.3081,1,0.3081,0.2048,0.2048,119120,0
1778234504.388178,0.162862,-0.308166,0.486571,1,0.452,0.6862,0.380102,-0.069119,-0.370221,0.001,0.1577,0.2934,1,0.29336,0.2234,0.2234,119120,0
1778234504.438287,0.162888,-0.305067,0.487012,1,0.4322,0.6403,0.380127,-0.06602,-0.36978,0.0013,0.156,0.2749,1,0.27489,0.1761,0.1761,119124,0
1778234504.488403,0.162933,-0.301066,0.487533,1,0.4997,0.7469,0.380173,-0.062019,-0.369259,0.0013,0.1799,0.3185,1,0.31855,0.1767,0.1767,119124,0
1778234504.538514,0.163193,-0.2971,0.488282,1,0.4762,0.7071,0.380432,-0.058053,-0.36851,0.0009,0.1667,0.3086,1,0.30861,0.1683,0.1683,119124,0
1778234504.588621,0.164283,-0.297165,0.489971,1,0.4555,0.6668,0.381522,-0.058118,-0.366821,0.0009,0.1696,0.285,1,0.28495,0.1576,0.1576,119124,0
1778234504.638744,0.165205,-0.298144,0.490649,1,0.5274,0.7729,0.382444,-0.059097,-0.366143,0.001,0.2017,0.3247,1,0.32469,0.1622,0.1622,119124,0
1778234504.688855,0.164569,-0.295877,0.489729,1,0.4597,0.689,0.381809,-0.056829,-0.367063,0.0007,0.1672,0.2918,1,0.29181,0.1596,0.1596,119124,0
1778234504.739054,0.164031,-0.293079,0.488395,1,0.5481,0.7977,0.38127,-0.054032,-0.368397,0.0016,0.2068,0.3397,1,0.3397,0.1596,0.1596,119124,0
1778234504.789163,0.1628,-0.286867,0.484091,1,0.5157,0.7696,0.380039,-0.04782,-0.372701,0.0011,0.1934,0.3211,1,0.32111,0.1966,0.1966,119128,0
1778234504.839248,0.161915,-0.283327,0.482009,1,0.4226,0.6361,0.379154,-0.04428,-0.374783,0.0007,0.1539,0.268,1,0.26796,0.1862,0.1862,119128,0
1778234504.889372,0.161556,-0.279941,0.480245,1,0.4685,0.6812,0.378796,-0.040894,-0.376547,0.0012,0.1774,0.2899,1,0.2899,0.2139,0.2139,119128,0
1778234504.939497,0.161894,-0.277833,0.477582,1,0.469,0.693,0.379134,-0.038786,-0.37921,0.0008,0.1623,0.3059,1,0.30587,0.2115,0.2115,119128,0
1778234504.989881,0.164329,-0.275761,0.473925,1,0.4528,0.6469,0.381569,-0.036713,-0.382867,0.001,0.1798,0.272,1,0.27198,0.1526,0.1526,119128,0
1778234505.039992,0.164503,-0.27492,0.472845,1,0.4307,0.6411,0.381742,-0.035873,-0.383947,0.0008,0.1513,0.2786,1,0.27862,0.2597,0.2597,119128,0
1778234505.090098,0.164626,-0.274727,0.472465,1,0.6297,0.8686,0.381866,-0.03568,-0.384327,0.001,0.2934,0.3353,1,0.33534,0.2653,0.2653,119140,0
1778234505.140272,0.164488,-0.274,0.471945,1,0.4204,0.6275,0.381728,-0.034953,-0.384847,0.0009,0.1541,0.2654,1,0.2654,0.2753,0.2753,119140,0
1778234505.190474,0.164807,-0.272341,0.470303,1,0.4062,0.6116,0.382046,-0.033294,-0.386489,0.0009,0.1448,0.2605,1,0.26048,0.2904,0.2904,119144,0
1778234505.240574,0.165121,-0.272386,0.470018,1,0.5048,0.7495,0.382361,-0.033339,-0.386774,0.0009,0.1729,0.331,1,0.331,0.2959,0.2959,119144,0
1778234505.290681,0.1654,-0.272569,0.469788,1,0.407,0.5859,0.38264,-0.033522,-0.387004,0.0008,0.1496,0.2566,1,0.2566,0.2954,0.2954,119144,0
1778234505.340799,0.165572,-0.272555,0.469643,1,0.4778,0.711,0.382812,-0.033508,-0.387149,0.0009,0.1718,0.3051,1,0.30507,0.2948,0.2948,119144,0
1778234505.390902,0.16608,-0.271745,0.468682,1,0.4678,0.6946,0.38332,-0.032698,-0.38811,0.001,0.1683,0.2985,1,0.29851,0.2994,0.2994,119144,0
1778234505.441152,0.166349,-0.271064,0.467516,1,0.2963,0.4295,0.383589,-0.032016,-0.389276,0.0005,0.1185,0.1773,1,0.17732,0.3114,0.3114,119144,0
1778234505.491372,0.166369,-0.270518,0.466613,1,0.2976,0.4339,0.383608,-0.031471,-0.390179,0.0004,0.1188,0.1784,1,0.17838,0.3216,0.3216,119144,0
1778234505.541452,0.166283,-0.27027,0.466188,1,0.3877,0.5808,0.383523,-0.031223,-0.390604,0.0006,0.1385,0.2486,1,0.24862,0.3247,0.3247,119144,0
1778234505.591557,0.166029,-0.270572,0.466336,1,0.4907,0.7018,0.383269,-0.031525,-0.390456,0.0007,0.1694,0.3205,1,0.32054,0.319,0.319,119144,0
1778234505.641619,0.166184,-0.271351,0.46693,1,0.4029,0.5883,0.383423,-0.032304,-0.389862,0.0006,0.1438,0.2585,1,0.25855,0.3082,0.3082,119144,0
1778234505.691731,0.166617,-0.272682,0.4683,1,0.4562,0.6821,0.383856,-0.033634,-0.388492,0.0007,0.1676,0.2879,1,0.2879,0.2914,0.2914,119144,0
1778234505.741829,0.167426,-0.274212,0.469994,1,0.4534,0.6844,0.384666,-0.035164,-0.386798,0.0009,0.1731,0.2794,1,0.27937,0.2849,0.2849,119144,0
1778234505.792122,0.169047,-0.27624,0.472035,1,0.3601,0.5034,0.386287,-0.037193,-0.384757,0.0005,0.1205,0.2391,1,0.23914,0.2808,0.2808,119156,0
1778234505.842325,0.167948,-0.276746,0.472615,1,0.4998,1.5678,0.385187,-0.037699,-0.384177,0.0009,0.18,0.3189,1,0.31885,0.211,0.211,119156,0
1778234505.892559,0.16676,-0.277313,0.473537,1,0.4269,1.0403,0.384,-0.038266,-0.383255,0.0011,0.1603,0.2656,1,0.26557,0.1945,0.1945,119156,0
1778234505.942675,0.16597,-0.277663,0.475202,1,0.4689,1.3164,0.38321,-0.038616,-0.38159,0.0015,0.1905,0.277,1,0.27695,0.1824,0.1824,119156,0
1778234505.993098,0.164998,-0.277104,0.480208,1,0.515,0.7298,0.382238,-0.038057,-0.376584,0.0004,0.1715,0.343,1,0.34302,0.1325,0.1325,119160,0
1778234506.043593,0.165043,-0.27626,0.482458,1,0.4748,0.7092,0.382283,-0.037213,-0.374334,0.0007,0.1655,0.3086,1,0.30862,0.1843,0.1843,119160,0
1778234506.093666,0.166203,-0.275431,0.485051,1,0.323,0.4752,0.383442,-0.036384,-0.371741,0.0005,0.1215,0.201,1,0.20097,0.2046,0.2046,119160,0
1778234506.143872,0.167582,-0.274396,0.488129,1,0.2834,0.4175,0.384821,-0.035349,-0.368663,0.0004,0.1105,0.1725,1,0.17251,0.2264,0.2264,119160,0
1778234506.194182,0.171994,-0.273446,0.495065,1,0.4368,0.6507,0.389234,-0.034399,-0.361727,0.0007,0.1533,0.2827,1,0.28274,0.3533,0.3533,119160,0
1778234506.244274,0.172283,-0.27327,0.499152,1,0.294,0.4288,0.389523,-0.034223,-0.35764,0.0006,0.1119,0.1815,1,0.18155,0.2352,0.2352,119160,0
1778234506.295662,0.169816,-0.272384,0.50349,1,0.2851,0.4265,0.387055,-0.033336,-0.353302,0.0004,0.1083,0.1764,1,0.17643,0.1811,0.1811,119160,0
1778234506.345855,0.165704,-0.270019,0.507521,1,0.2869,0.9018,0.382943,-0.030972,-0.349271,0.0005,0.1074,0.179,1,0.17904,0.2691,0.2691,119160,0
1778234506.395957,0.159344,-0.26484,0.507952,1,0.4323,0.6202,0.376584,-0.025793,-0.34884,0.0006,0.1512,0.2805,1,0.28047,0.6906,0.6906,119164,0
1778234506.446053,0.158373,-0.264197,0.507902,1,0.2458,0.3567,0.375613,-0.02515,-0.34889,0.0005,0.0977,0.1476,1,0.14756,0.4365,0.4365,119164,0
1778234506.49615,0.157954,-0.26301,0.507449,1,0.4637,0.6591,0.375193,-0.023962,-0.349343,0.0007,0.1597,0.3033,1,0.30328,0.4501,0.4501,119172,0
1778234506.546257,0.157467,-0.261373,0.506579,1,0.512,1.0255,0.374707,-0.022326,-0.350213,0.0012,0.1934,0.3174,1,0.31741,0.4837,0.4837,119172,0
1778234506.596358,0.156717,-0.256455,0.501456,1,0.4431,0.6603,0.373956,-0.017408,-0.355336,0.0007,0.1548,0.2876,1,0.2876,0.453,0.453,119172,0
1778234506.646466,0.157354,-0.25357,0.499033,1,0.4636,0.7102,0.374594,-0.014522,-0.357759,0.0008,0.1513,0.3115,1,0.31147,0.6001,0.6001,119172,0
1778234506.696581,0.158354,-0.252593,0.499825,1,0.4621,0.6619,0.375594,-0.013546,-0.356967,0.0009,0.1679,0.2933,1,0.29331,0.6021,0.6021,119172,0
1778234506.746684,0.157326,-0.253912,0.502849,1,0.4416,1.1019,0.374565,-0.014865,-0.353943,0.0007,0.1523,0.2886,1,0.28856,0.4955,0.4955,119172,0
1778234506.796791,0.156245,-0.257275,0.503277,1,0.473,0.7009,0.373484,-0.018228,-0.353515,0.0013,0.1632,0.3085,1,0.3085,0.4995,0.4995,119176,0
1778234506.846888,0.156945,-0.258679,0.501687,1,0.9959,1.1976,0.374185,-0.019632,-0.355105,0.0006,0.7125,0.2827,1,0.28274,0.5037,0.5037,119176,0
1778234506.896962,0.15794,-0.25975,0.499991,1,0.2591,0.3765,0.37518,-0.020703,-0.356801,0.0007,0.1025,0.1559,1,0.15588,0.4882,0.4882,119176,0
1778234506.947558,0.159214,-0.259461,0.497428,1,0.4797,0.6776,0.376454,-0.020414,-0.359364,0.0014,0.1714,0.3069,1,0.30688,0.455,0.455,119176,0
1778234506.997724,0.160185,-0.259997,0.497059,1,0.2918,0.4031,0.377425,-0.02095,-0.359733,0.0005,0.1115,0.1798,1,0.17981,0.4723,0.4723,119176,0
1778234507.047929,0.160982,-0.260821,0.496609,1,0.4501,0.6529,0.378222,-0.021774,-0.360183,0.0011,0.1661,0.2829,1,0.28292,0.4538,0.4538,119176,0
1778234507.098037,0.161727,-0.261554,0.496156,1,0.4789,0.8501,0.378967,-0.022507,-0.360636,0.0008,0.1624,0.3157,1,0.31572,0.4304,0.4304,119176,0
1778234507.148157,0.162709,-0.261823,0.495388,1,0.4136,2.1247,0.379949,-0.022776,-0.361404,0.0009,0.1472,0.2656,1,0.26559,0.4191,0.4191,119176,0
1778234507.198289,0.162517,-0.261431,0.494847,1,0.4523,0.6623,0.379757,-0.022384,-0.361945,0.0014,0.1766,0.2742,1,0.27418,0.4217,0.4217,119180,0
1778234507.248882,0.162759,-0.261565,0.494242,1,0.295,0.4126,0.379998,-0.022518,-0.36255,0.0004,0.1172,0.1774,1,0.17742,0.4183,0.4183,119180,0
1778234507.29898,0.163174,-0.262091,0.493608,1,0.4275,0.6165,0.380414,-0.023044,-0.363184,0.0012,0.1552,0.271,1,0.27104,0.4111,0.4111,119180,0
1778234507.349076,0.162844,-0.262488,0.49283,1,0.4518,0.6666,0.380084,-0.023441,-0.363962,0.001,0.1593,0.2915,1,0.29153,0.4026,0.4026,119180,0
1778234507.400205,0.162651,-0.262791,0.492602,1,0.4604,0.6623,0.379891,-0.023744,-0.36419,0.0005,0.109,0.351,1,0.35095,0.3962,0.3962,119180,0
1778234507.450413,0.162633,-0.263263,0.492369,1,0.438,0.6503,0.379873,-0.024216,-0.364423,0.0008,0.1478,0.2894,1,0.28938,0.3891,0.3891,119192,0
1778234507.500518,0.162874,-0.263744,0.492214,1,0.4141,0.607,0.380114,-0.024697,-0.364578,0.0008,0.1505,0.2628,1,0.26281,0.3783,0.3783,119192,0
1778234507.550727,0.163693,-0.266165,0.493902,1,0.433,0.6402,0.380933,-0.027118,-0.36289,0.0011,0.1505,0.2814,1,0.28136,0.3417,0.3417,119192,0
1778234507.600904,0.163412,-0.270331,0.496955,1,0.4385,0.6356,0.380652,-0.031284,-0.359837,0.0011,0.1726,0.2648,1,0.26476,0.2218,0.2218,119196,0
1778234507.651006,0.162519,-0.273097,0.499852,1,0.4208,0.6186,0.379758,-0.03405,-0.35694,0.0006,0.1516,0.2686,1,0.26856,0.1528,0.1528,119196,0
1778234507.701155,0.160658,-0.273556,0.502243,1,0.4276,0.6313,0.377897,-0.034509,-0.354549,0.001,0.1686,0.2579,1,0.25795,0.132,0.132,119196,0
1778234507.75124,0.155384,-0.272224,0.50742,1,0.4307,0.6309,0.372623,-0.033177,-0.349372,0.0008,0.1514,0.2784,1,0.27844,0.1617,0.1617,119196,0
1778234507.801338,0.153644,-0.272043,0.508317,1,0.4334,0.6438,0.370884,-0.032996,-0.348475,0.0007,0.1509,0.2818,1,0.28179,0.1863,0.1863,119196,0
1778234507.851435,0.152109,-0.273175,0.50777,1,0.4563,0.6908,0.369349,-0.034128,-0.349022,0.0008,0.1611,0.2945,1,0.29448,0.1989,0.1989,119200,0
1778234507.901573,0.150388,-0.275171,0.50599,1,0.4965,0.7167,0.367628,-0.036123,-0.350802,0.0013,0.1937,0.3014,1,0.30141,0.1943,0.1943,119200,0
1778234507.951744,0.146613,-0.281527,0.501403,1,0.4886,0.6822,0.363853,-0.04248,-0.355389,0.001,0.1715,0.316,1,0.316,0.1664,0.1664,119200,0
1778234508.001924,0.144369,-0.283964,0.499768,1,0.4748,0.6785,0.361609,-0.044916,-0.357024,0.0014,0.1774,0.2959,1,0.29593,0.1671,0.1671,119204,0
1778234508.052024,0.141726,-0.284537,0.498488,1,0.5282,1.2645,0.358966,-0.04549,-0.358304,0.001,0.174,0.3532,1,0.35316,0.1832,0.1832,119204,0
1778234508.102097,0.139803,-0.283715,0.496577,1,0.4321,0.6308,0.357043,-0.044667,-0.360215,0.0009,0.1519,0.2793,1,0.2793,0.1896,0.1896,119204,0
1778234508.1522,0.141574,-0.282228,0.489974,1,0.4784,1.7117,0.358813,-0.043181,-0.366818,0.0012,0.1813,0.2958,1,0.29582,0.2429,0.2429,119204,0
1778234508.202375,0.141287,-0.278867,0.487088,1,0.2998,0.4252,0.358527,-0.03982,-0.369704,0.0004,0.1074,0.1921,1,0.1921,0.1239,0.1239,119216,0
1778234508.253265,0.141003,-0.27556,0.48404,1,0.4022,0.5809,0.358243,-0.036513,-0.372752,0.0008,0.1499,0.2515,1,0.25151,0.1239,0.1239,119216,0
1778234508.303357,0.139965,-0.271891,0.481294,1,0.3911,0.5647,0.357205,-0.032844,-0.375498,0.0008,0.1367,0.2537,1,0.25367,0.1466,0.1466,119216,0
1778234508.353438,0.138814,-0.270289,0.477153,1,0.3957,0.9852,0.356053,-0.031242,-0.379639,0.0007,0.1398,0.2551,1,0.25513,0.1287,0.1287,119216,0
1778234508.404217,0.134537,-0.265021,0.471697,1,0.3496,0.5909,0.351777,-0.025973,-0.385095,0.0004,0.1183,0.2309,1,0.23092,0.1372,0.1372,119220,0
1778234508.45434,0.133463,-0.261978,0.47001,1,0.3871,0.5666,0.350702,-0.022931,-0.386782,0.0006,0.1343,0.2522,1,0.25223,0.2019,0.2019,119220,0
1778234508.504507,0.132432,-0.259495,0.468939,1,0.2922,0.4519,0.349671,-0.020448,-0.387853,0.0011,0.1116,0.1796,1,0.1796,0.2196,0.2196,119220,0
1778234508.55519,0.129878,-0.252805,0.466834,1,0.2508,0.657,0.347118,-0.013758,-0.389958,0.0006,0.1004,0.1498,1,0.14984,0.2296,0.2296,119220,0
1778234508.605297,0.129904,-0.248639,0.464957,1,0.4287,0.6145,0.347144,-0.009592,-0.391835,0.0008,0.1639,0.264,1,0.26402,0.2174,0.2174,119220,0
1778234508.655399,0.128736,-0.242304,0.463652,1,0.4564,0.6563,0.345976,-0.003257,-0.39314,0.0009,0.1705,0.2849,1,0.28493,0.2491,0.2491,119220,0
1778234508.705495,0.126903,-0.235762,0.46245,1,0.4969,1.4205,0.344142,0.003285,-0.394342,0.001,0.1917,0.3042,1,0.30424,0.2725,0.2725,119220,0
1778234508.755598,0.123439,-0.224698,0.458459,1,0.4653,0.6692,0.340679,0.014349,-0.398333,0.0011,0.1688,0.2953,1,0.29534,0.3208,0.3208,119220,0
1778234508.805799,0.121464,-0.220694,0.455859,1,0.4122,0.6201,0.338704,0.018353,-0.400933,0.0009,0.1537,0.2576,1,0.25762,0.2628,0.2628,119220,0
1778234508.855898,0.120564,-0.218778,0.453275,1,0.4402,0.6394,0.337804,0.020269,-0.403517,0.0008,0.165,0.2743,1,0.27432,0.276,0.276,119220,0
1778234508.906085,0.119777,-0.218485,0.451672,1,0.4832,0.6939,0.337017,0.020562,-0.40512,0.0012,0.1734,0.3086,1,0.30855,0.2902,0.2902,119220,0
1778234508.956197,0.118382,-0.222549,0.449984,1,0.4505,0.6797,0.335622,0.016498,-0.406808,0.0009,0.1569,0.2928,1,0.29277,0.2859,0.2859,119220,0
1778234509.006288,0.115977,-0.22556,0.451106,1,0.4356,0.6324,0.333217,0.013487,-0.405686,0.001,0.1512,0.2834,1,0.28337,0.2425,0.2425,119228,0
1778234509.05641,0.114627,-0.228657,0.451094,1,0.4635,0.6851,0.331867,0.01039,-0.405698,0.0014,0.1722,0.2899,1,0.28994,0.2636,0.2636,119228,0
1778234509.106499,0.114041,-0.23151,0.450648,1,0.4264,0.9071,0.331281,0.007537,-0.406144,0.0007,0.1486,0.2771,1,0.27712,0.2659,0.2659,119228,0
1778234509.156607,0.111942,-0.234526,0.450356,1,0.4613,0.6928,0.329182,0.004521,-0.406436,0.0008,0.1509,0.3095,1,0.30952,0.2612,0.2612,119228,0
1778234509.206723,0.112122,-0.234928,0.450117,1,0.4265,0.6247,0.329362,0.004119,-0.406675,0.0012,0.1562,0.2691,1,0.26906,0.2737,0.2737,119232,0
1778234509.256829,0.112012,-0.234905,0.449782,1,0.4924,0.7044,0.329252,0.004142,-0.40701,0.0009,0.188,0.3035,1,0.30353,0.2745,0.2745,119232,0
1778234509.306927,0.111674,-0.23492,0.449382,1,0.5519,0.7837,0.328914,0.004127,-0.40741,0.0011,0.2053,0.3455,1,0.34547,0.2742,0.2742,119232,0
1778234509.357111,0.111378,-0.234866,0.4488,1,0.4451,0.657,0.328618,0.004181,-0.407992,0.001,0.1649,0.2792,1,0.27921,0.2736,0.2736,119232,0
1778234509.407221,0.111347,-0.234913,0.448636,1,0.4143,0.609,0.328586,0.004134,-0.408156,0.001,0.152,0.2612,1,0.26122,0.2753,0.2753,119232,0
1778234509.457335,0.110825,-0.235023,0.448861,1,0.4945,0.7294,0.328064,0.004024,-0.407931,0.0009,0.1775,0.3161,1,0.3161,0.2753,0.2753,119232,0
1778234509.507438,0.109934,-0.235141,0.449395,1,0.4507,0.6635,0.327174,0.003906,-0.407397,0.0011,0.1716,0.278,1,0.278,0.2767,0.2767,119232,0
1778234509.55763,0.108411,-0.236358,0.451855,1,0.289,0.4182,0.325651,0.00269,-0.404937,0.0006,0.1122,0.1763,1,0.17628,0.2521,0.2521,119232,0
1778234509.607872,0.107923,-0.237757,0.454389,1,0.2956,0.4248,0.325163,0.00129,-0.402403,0.0006,0.1178,0.1773,1,0.17727,0.2582,0.2582,119236,0
1778234509.65797,0.107628,-0.239388,0.4574,1,0.5725,0.8425,0.324867,-0.000341,-0.399392,0.0004,0.1133,0.4588,1,0.45883,0.2527,0.2527,119236,0
1778234509.708089,0.10702,-0.24284,0.462139,1,0.4441,0.6479,0.32426,-0.003793,-0.394653,0.0008,0.1597,0.2836,1,0.28365,0.2285,0.2285,119236,0
1778234509.758173,0.106713,-0.24422,0.46293,1,0.2606,0.391,0.323953,-0.005173,-0.393862,0.0005,0.1061,0.154,1,0.15402,0.2905,0.2905,119236,0
1778234509.808279,0.106355,-0.244834,0.463061,1,0.443,0.6368,0.323595,-0.005787,-0.393731,0.001,0.1672,0.2748,1,0.27477,0.2938,0.2938,119236,0
1778234509.858392,0.106396,-0.244945,0.46241,1,0.4762,0.7284,0.323636,-0.005898,-0.394382,0.0013,0.1736,0.3012,1,0.30124,0.2911,0.2911,119248,0
1778234509.908504,0.106351,-0.244626,0.460827,1,0.4146,0.614,0.323591,-0.005579,-0.395965,0.0007,0.1495,0.2644,1,0.26443,0.2804,0.2804,119248,0
1778234509.958671,0.106096,-0.244328,0.460569,1,0.457,0.6675,0.323336,-0.005281,-0.396223,0.0009,0.1663,0.2898,1,0.2898,0.292,0.292,119248,0
1778234510.009107,0.105104,-0.242751,0.460912,1,0.4401,0.6407,0.322344,-0.003704,-0.39588,0.0008,0.1783,0.261,1,0.261,0.3375,0.3375,119252,0
1778234510.059219,0.103749,-0.240108,0.461725,1,0.4321,0.6514,0.320988,-0.001061,-0.395067,0.001,0.1507,0.2804,1,0.28043,0.4255,0.4255,119252,0
1778234510.109414,0.097136,-0.234086,0.467172,1,0.4075,0.5989,0.314376,0.004961,-0.38962,0.0007,0.1412,0.2656,1,0.26556,0.7879,0.7879,119252,0
1778234510.159541,0.093964,-0.23277,0.469759,1,0.4443,0.6337,0.311204,0.006277,-0.387033,0.0011,0.1706,0.2726,1,0.27257,0.6237,0.6237,119252,0
1778234510.209628,0.091857,-0.231461,0.47115,1,0.4714,0.6819,0.309097,0.007587,-0.385642,0.001,0.1684,0.302,1,0.30196,0.6706,0.6706,119252,0
1778234510.259752,0.08985,-0.229803,0.472987,1,0.4619,0.6633,0.30709,0.009244,-0.383805,0.0012,0.1746,0.2861,1,0.28608,0.7046,0.7046,119252,0
1778234510.309827,0.084136,-0.224417,0.475251,1,0.4345,0.6424,0.301375,0.01463,-0.381541,0.0008,0.1541,0.2795,1,0.27953,0.8805,0.8805,119252,0
1778234510.359945,0.080199,-0.221931,0.477095,1,1.774,2.0355,0.297438,0.017116,-0.379697,0.0007,0.1643,1.6089,1,1.60891,0.8854,0.8854,119252,0
1778234510.41011,0.07499,-0.220277,0.480186,1,0.4339,0.6227,0.29223,0.01877,-0.376606,0.0007,0.1662,0.267,1,0.26696,0.9248,0.9248,119256,0
1778234510.460326,0.071332,-0.219129,0.482951,1,0.4708,0.702,0.288572,0.019918,-0.373841,0.0011,0.1722,0.2974,1,0.29744,0.9512,0.9512,119256,0
1778234510.51054,0.068104,-0.217574,0.484835,1,0.5858,0.7929,0.285344,0.021473,-0.371957,0.0013,0.211,0.3735,1,0.37347,1.0055,1.0055,119268,0
1778234510.560658,0.062817,-0.215057,0.48859,1,0.4685,0.6928,0.280057,0.02399,-0.368202,0.001,0.1687,0.2988,1,0.29881,1.2279,1.2279,119268,0
1778234510.610742,0.05994,-0.213873,0.490849,1,0.2572,0.3764,0.277179,0.025174,-0.365943,0.0003,0.1021,0.1548,1,0.15477,1.151,1.151,119268,0
1778234510.660986,0.057268,-0.21279,0.493134,1,0.4201,0.6613,0.274507,0.026257,-0.363658,0.0009,0.1597,0.2595,1,0.25948,1.1559,1.1559,119268,0
1778234510.711178,0.05298,-0.211133,0.49682,1,0.4145,0.6056,0.27022,0.027914,-0.359972,0.0011,0.149,0.2644,1,0.26436,1.2936,1.2936,119268,0
1778234510.761282,0.051751,-0.210046,0.497867,1,0.4557,0.6709,0.26899,0.029002,-0.358925,0.0012,0.1735,0.281,1,0.28097,1.1637,1.1637,119268,0
1778234510.811399,0.050797,-0.209036,0.49872,1,0.4326,0.6491,0.268037,0.030012,-0.358072,0.0015,0.159,0.2721,1,0.2721,1.1552,1.1552,119272,0
1778234510.861515,0.050246,-0.208027,0.498873,1,0.496,0.7152,0.267486,0.03102,-0.357919,0.0014,0.1821,0.3125,1,0.31251,1.1543,1.1543,119272,0
1778234510.911604,0.048222,-0.205984,0.498913,1,0.4282,0.6157,0.265462,0.033063,-0.357879,0.001,0.1567,0.2704,1,0.27044,1.1971,1.1971,119272,0
1778234510.961715,0.047126,-0.20522,0.498815,1,24.1553,25.5401,0.264366,0.033827,-0.357977,0.0011,0.1658,23.9883,250,0.09595,3.0681,3.0681,119272,0
1778234511.011903,0.0458,-0.204237,0.498803,1,19.2058,20.4045,0.26304,0.03481,-0.357989,0.0012,0.1905,19.014,250,0.07606,8.4512,8.4512,119272,0
1778234511.062071,0.044577,-0.203173,0.499061,0,21.682,23.5028,0.261817,0.035874,-0.357731,0.001,0.1602,21.5208,250,0.08608,12.7146,12.7146,119272,0
1778234511.11252,0.043225,-0.201578,0.499676,0,23.0327,24.8793,0.260465,0.037469,-0.357116,0.0006,0.141,22.8911,250,0.09156,18.9511,18.9511,119276,0
1778234511.162726,0.04295,-0.201158,0.499978,0,16.7033,18.4604,0.26019,0.03789,-0.356814,0.0009,0.1545,16.5479,250,0.06619,20.2517,20.2517,119276,0
1778234511.213381,0.042986,-0.201005,0.500286,0,16.0049,19.149,0.260226,0.038042,-0.356506,0.0006,0.1111,15.8932,250,0.06357,20.5242,20.5242,119280,0
1778234511.263489,0.043336,-0.201252,0.500954,0,12.1469,13.3156,0.260576,0.037795,-0.355838,0.0006,0.1245,12.0219,250,0.04809,16.7205,16.7205,119292,0
1778234511.313581,0.044973,-0.2027,0.503652,1,0.3384,0.5042,0.262213,0.036348,-0.35314,0.0006,0.1248,0.213,1,0.21302,1.1453,1.1453,119292,0
1778234511.363706,0.045526,-0.203556,0.506767,1,0.4659,0.6756,0.262765,0.035491,-0.350025,0.0012,0.1715,0.2932,1,0.29316,1.17,1.17,119292,0
1778234511.413897,0.046601,-0.204899,0.511988,1,0.4528,0.6574,0.263841,0.034148,-0.344804,0.0013,0.1951,0.2564,1,0.2564,1.0345,1.0345,119292,0
1778234511.464067,0.048414,-0.207853,0.518689,1,0.4036,0.5941,0.265654,0.031194,-0.338103,0.0008,0.1453,0.2575,1,0.2575,0.9841,0.9841,119292,0
1778234511.51426,0.054749,-0.217079,0.535875,1,0.4664,0.6758,0.271988,0.021968,-0.320917,0.001,0.1621,0.3033,1,0.30328,2.6492,2.6492,119292,0
1778234511.564512,0.060024,-0.222919,0.542736,1,0.4746,0.6974,0.277264,0.016129,-0.314056,0.0009,0.1705,0.3032,1,0.30317,2.2622,2.2622,119292,0
1778234511.614591,0.066263,-0.227805,0.546928,1,0.4754,0.6985,0.283503,0.011242,-0.309864,0.0004,0.1758,0.2992,1,0.29924,2.0997,2.0997,119292,0
1778234511.664691,0.073532,-0.232694,0.550237,1,0.4465,0.6606,0.290772,0.006353,-0.306555,0.0009,0.1626,0.2829,1,0.28295,2.4256,2.4256,119296,0
1778234511.714768,0.087055,-0.240664,0.551428,1,0.4096,0.6046,0.304294,-0.001617,-0.305364,0.0008,0.1461,0.2627,1,0.26272,2.9553,2.9553,119296,0
1778234511.764938,0.092505,-0.242498,0.549415,1,0.4068,0.5905,0.309745,-0.003451,-0.307377,0.0008,0.1464,0.2595,1,0.25952,0.8508,0.8508,119296,0
1778234511.814979,0.097046,-0.243571,0.546429,1,0.4302,0.6297,0.314285,-0.004524,-0.310363,0.0009,0.1568,0.2725,1,0.27254,1.1664,1.1664,119296,0
1778234511.865183,0.101441,-0.244196,0.543644,1,0.4734,0.6774,0.318681,-0.005149,-0.313148,0.001,0.1743,0.2981,1,0.29811,1.1088,1.1088,119296,0
1778234511.915283,0.10988,-0.24387,0.538527,1,0.4019,0.5985,0.32712,-0.004823,-0.318265,0.0009,0.1437,0.2574,1,0.25739,0.8314,0.8314,119296,0
1778234511.965401,0.110939,-0.243622,0.537425,1,0.5078,0.7359,0.328179,-0.004575,-0.319367,0.0008,0.1709,0.3361,1,0.33607,0.6562,0.6562,119308,0
1778234512.01547,0.109913,-0.242947,0.536828,1,0.2377,0.3499,0.327153,-0.0039,-0.319964,0.0005,0.096,0.1412,1,0.14116,0.6919,0.6919,119308,0
1778234512.065811,0.108983,-0.2429,0.536575,1,0.4753,0.7007,0.326222,-0.003853,-0.320217,0.001,0.1659,0.3083,1,0.30831,0.7311,0.7311,119308,0
1778234512.116251,0.107199,-0.242794,0.535326,1,0.2819,0.4171,0.324438,-0.003747,-0.321466,0.0004,0.1118,0.1697,1,0.16971,0.7442,0.7442,119308,0
1778234512.166374,0.106335,-0.24272,0.534776,1,0.287,0.4274,0.323575,-0.003673,-0.322016,0.0006,0.1112,0.1752,1,0.1752,0.7599,0.7599,119308,0
1778234512.216508,0.10561,-0.242912,0.534188,1,0.2957,0.4354,0.32285,-0.003864,-0.322604,0.0006,0.1205,0.1747,1,0.17467,0.7711,0.7711,119308,0
1778234512.266607,0.105785,-0.244011,0.534037,1,0.5615,0.7956,0.323024,-0.004964,-0.322755,0.0007,0.1745,0.3863,1,0.38627,0.7924,0.7924,119308,0
1778234512.316716,0.110112,-0.251815,0.54031,1,0.5158,0.7287,0.327352,-0.012768,-0.316482,0.0008,0.1584,0.3566,1,0.35658,1.2976,1.2976,119308,0
1778234512.366792,0.113468,-0.257925,0.546923,1,0.5326,0.7516,0.330708,-0.018878,-0.309869,0.0008,0.1643,0.3676,1,0.36758,1.8989,1.8989,119308,0
1778234512.416898,0.117254,-0.265584,0.556503,1,1.0088,1.2536,0.334494,-0.026537,-0.300289,0.001,0.3038,0.704,3,0.23467,2.8049,2.8049,119312,0
1778234512.466992,0.121844,-0.274013,0.566773,1,0.5377,0.7618,0.339084,-0.034966,-0.290019,0.0007,0.2352,0.3018,1,0.30175,0.921,0.921,119312,0
1778234512.517076,0.132526,-0.288696,0.587693,1,1.165,1.3503,0.349766,-0.049648,-0.269099,0.0006,0.2157,0.9487,6,0.15812,1.6089,1.6089,119312,0
1778234512.567154,0.138402,-0.293808,0.597494,1,0.8664,1.0548,0.355642,-0.054761,-0.259298,0.0007,0.2057,0.6601,4,0.16502,1.7491,1.7491,119312,0
1778234512.617243,0.146126,-0.299355,0.607879,1,1.0332,1.2479,0.363366,-0.060308,-0.248913,0.0012,0.239,0.793,4,0.19825,1.9534,1.9534,119312,0
1778234512.667325,0.153978,-0.304167,0.617436,1,0.9629,1.1608,0.371218,-0.06512,-0.239356,0.0008,0.2318,0.7303,4,0.18258,2.1251,2.1251,119312,0
1778234512.717406,0.172142,-0.314633,0.634663,1,0.8822,1.0623,0.389382,-0.075586,-0.222129,0.0008,0.1606,0.7208,4,0.18021,1.861,1.861,119312,0
1778234512.767517,0.180805,-0.318245,0.641042,1,0.775,0.9658,0.398045,-0.079198,-0.21575,0.0011,0.1723,0.6016,3,0.20054,2.7082,2.7082,119312,0
1778234512.817675,0.187893,-0.321329,0.646402,1,0.9687,1.1893,0.405132,-0.082282,-0.21039,0.001,0.1804,0.7873,4,0.19683,2.6697,2.6697,119316,0
1778234512.867783,0.193386,-0.322894,0.65,1,0.8253,1.0464,0.410625,-0.083847,-0.2061,0.0008,0.1844,0.6401,3,0.21336,2.0854,2.0854,119316,0
1778234512.9179,0.198623,-0.324614,0.65,1,0.7278,0.9336,0.415862,-0.085567,-0.200061,0.0014,0.1682,0.5583,3,0.1861,2.0697,2.0697,119316,0
1778234512.968036,0.200455,-0.324664,0.65,1,0.4561,0.6794,0.417694,-0.085617,-0.196872,0.0009,0.1583,0.2969,1,0.29687,2.8535,2.8535,119316,0
1778234513.018105,0.203095,-0.3247,0.65,1,0.3943,0.5843,0.420335,-0.085653,-0.191861,0.0006,0.145,0.2487,1,0.2487,1.1215,1.1215,119316,0
1778234513.068765,0.209912,-0.324067,0.65,1,0.4738,0.677,0.427152,-0.08502,-0.177378,0.0009,0.1587,0.3142,1,0.31424,2.1142,2.1142,119316,0
1778234513.119104,0.215451,-0.324415,0.65,1,0.448,0.6686,0.432691,-0.085367,-0.168095,0.0007,0.1529,0.2945,1,0.29445,1.8567,1.8567,119316,0
1778234513.169209,0.222339,-0.324609,0.65,1,0.4218,0.632,0.439579,-0.085562,-0.159579,0.0009,0.1489,0.272,1,0.27196,0.4374,0.4374,119316,0
1778234513.21932,0.231699,-0.32604,0.65,1,0.4629,0.6667,0.448939,-0.086993,-0.151025,0.001,0.1663,0.2956,1,0.29558,0.5635,0.5635,119332,0
1778234513.269403,0.255193,-0.32721,0.65,1,0.6602,0.8717,0.472433,-0.088163,-0.137185,0.0006,0.1495,0.51,2,0.25502,1.5992,1.5992,119332,0
1778234513.319534,0.268972,-0.328969,0.65,1,0.5086,0.7326,0.486211,-0.089922,-0.132707,0.0014,0.188,0.3192,1,0.31922,2.5176,2.5176,119332,0
1778234513.369657,0.283439,-0.33003,0.65,1,0.457,0.6652,0.500679,-0.090983,-0.130442,0.0011,0.1582,0.2978,1,0.29782,2.4227,2.4227,119332,0
1778234513.420404,0.297091,-0.328661,0.65,1,0.3721,0.5313,0.514331,-0.089614,-0.13013,0.0007,0.1352,0.2363,1,0.23627,2.2578,2.2578,119332,0
1778234513.471137,0.3,-0.32566,0.65,1,0.7132,0.9505,0.52552,-0.086613,-0.132114,0.001,0.1714,0.5408,2,0.27041,2.9275,2.9275,119340,0
1778234513.521224,0.3,-0.314277,0.65,1,24.2252,25.3263,0.547161,-0.07523,-0.143764,0.0004,0.1148,24.11,250,0.09644,8.5186,8.5186,119340,0
1778234513.571329,0.3,-0.307546,0.65,0,14.5374,15.3393,0.555738,-0.068498,-0.151057,0.0007,0.1331,14.4037,250,0.05761,16.902,16.902,119344,0
1778234513.621442,0.3,-0.299454,0.65,0,20.9726,22.6731,0.563421,-0.060407,-0.159719,0.0007,0.1767,20.7952,250,0.08318,23.8604,23.8604,119344,0
1778234513.671592,0.3,-0.282043,0.65,0,17.8471,18.6729,0.576788,-0.042996,-0.175332,0.0005,0.1123,17.7343,250,0.07094,33.4153,33.4153,119344,0
1778234513.721715,0.3,-0.271101,0.65,0,24.0546,27.2494,0.582303,-0.032054,-0.18244,0.001,0.2755,23.7781,250,0.09511,36.3603,36.3603,119344,0
1778234513.771848,0.3,-0.260021,0.65,0,22.3929,24.5148,0.587933,-0.020974,-0.18775,0.0012,0.1892,22.2026,250,0.08881,37.977,37.977,119344,0
1778234513.822157,0.3,-0.249716,0.65,0,15.2845,17.1602,0.59302,-0.010668,-0.191085,0.0006,0.1239,15.16,250,0.06064,38.4192,38.4192,119344,0
1778234513.872288,0.3,-0.22438,0.65,0,17.8795,19.3033,0.598118,0.014667,-0.195847,0.0008,0.1569,17.7218,250,0.07089,36.8889,36.8889,119348,0
1778234513.922373,0.3,-0.210379,0.65,0,21.6275,23.7712,0.597556,0.028668,-0.197231,0.0005,0.1941,21.4329,250,0.08573,35.2741,35.2741,119352,0
1778234513.972469,0.3,-0.195913,0.65,0,17.2004,18.3224,0.595864,0.043135,-0.198529,0.0008,0.1613,17.0383,250,0.06815,32.7022,32.7022,119352,0
1778234514.022572,0.3,-0.181249,0.65,0,25.9463,27.5352,0.591458,0.057798,-0.199758,0.0008,0.1526,25.7929,250,0.10317,30.9992,30.9992,119352,0
1778234514.072924,0.3,-0.157288,0.65,0,21.7429,21.8804,0.579883,0.081759,-0.202207,0.0004,0.1194,21.6231,250,0.08649,28.9299,28.9299,119352,0
1778234514.12306,0.3,-0.148497,0.65,0,21.5539,22.5741,0.57313,0.09055,-0.203295,0.0007,0.1619,21.3913,250,0.08557,28.224,28.224,119352,0
1778234514.173321,0.3,-0.142139,0.65,0,19.9862,21.2048,0.564993,0.096908,-0.203959,0.0004,0.1098,19.8759,250,0.0795,27.7018,27.7018,119352,0
1778234514.223429,0.3,-0.136859,0.65,0,22.5258,23.3857,0.555394,0.102188,-0.205334,0.0008,0.144,22.381,250,0.08952,27.5826,27.5826,119352,0
1778234514.274106,0.3,-0.132187,0.649366,0,25.5938,26.5438,0.545794,0.10686,-0.207426,0.0007,0.1175,25.4756,250,0.1019,27.678,27.678,119352,0
1778234514.325634,0.3,-0.128068,0.643958,0,20.532,21.332,0.524599,0.110979,-0.212834,0.0004,0.1115,20.4202,250,0.08168,24.6645,24.6645,119352,0
1778234514.375728,0.295858,-0.129242,0.64088,0,22.9397,25.4649,0.513097,0.109805,-0.215912,0.0006,0.154,22.785,250,0.09114,20.0737,20.0737,119352,0
1778234514.425819,0.28408,-0.130544,0.637093,0,15.8882,19.128,0.50132,0.108503,-0.219699,0.0009,0.1243,15.763,250,0.06305,12.9574,12.9574,119360,0
1778234514.475928,0.260319,-0.136431,0.628219,1,0.6153,0.7751,0.477559,0.102616,-0.228573,0.0006,0.1462,0.4686,3,0.15619,1.34,1.34,119360,0
1778234514.526031,0.248062,-0.141472,0.62291,1,0.2652,0.3825,0.465302,0.097576,-0.233882,0.0005,0.1007,0.164,1,0.16396,0.9426,0.9426,119360,0
1778234514.576093,0.235485,-0.148123,0.617144,1,0.2948,0.4321,0.452725,0.090924,-0.239648,0.0003,0.1114,0.1831,1,0.18315,0.8247,0.8247,119360,0
1778234514.626249,0.221834,-0.156067,0.609484,1,0.2942,0.606,0.439074,0.08298,-0.247308,0.0005,0.1134,0.1804,1,0.18037,0.7043,0.7043,119360,0
1778234514.67697,0.194625,-0.174747,0.59217,1,0.3806,0.5123,0.411865,0.0643,-0.264622,0.0005,0.1175,0.2625,2,0.13127,2.0794,2.0794,119372,0
1778234514.727155,0.183518,-0.184179,0.58472,1,0.2963,0.4337,0.400758,0.054869,-0.272072,0.0007,0.1122,0.1834,1,0.18342,1.7962,1.7962,119372,0
1778234514.777271,0.171692,-0.194629,0.576607,1,0.3037,0.4429,0.388931,0.044418,-0.280185,0.0005,0.1186,0.1847,1,0.18465,2.7278,2.7278,119376,0
1778234514.827394,0.161815,-0.204517,0.569671,1,0.2894,0.5406,0.379055,0.03453,-0.287121,0.0006,0.1156,0.1732,1,0.1732,1.061,1.061,119376,0
1778234514.87751,0.142239,-0.219829,0.558093,1,0.4989,0.7472,0.359479,0.019218,-0.298699,0.0009,0.1599,0.3381,1,0.33808,2.3012,2.3012,119376,0
1778234514.927637,0.131002,-0.223805,0.55305,1,0.3526,0.516,0.348242,0.015242,-0.303742,0.0007,0.1327,0.2192,1,0.21919,0.5919,0.5919,119376,0
1778234514.97793,0.119528,-0.227371,0.547471,1,0.3018,0.4307,0.336768,0.011676,-0.309321,0.0005,0.1143,0.187,1,0.18703,0.6237,0.6237,119388,0
1778234515.028049,0.108799,-0.230243,0.542527,1,0.2872,0.4278,0.326039,0.008804,-0.314265,0.0005,0.1125,0.1742,1,0.17418,0.6731,0.6731,119388,0
1778234515.078171,0.094794,-0.23785,0.53493,1,0.2961,0.4482,0.312034,0.001197,-0.321862,0.0005,0.1146,0.1811,1,0.18109,1.0594,1.0594,119388,0
1778234515.128299,0.091804,-0.241885,0.531675,1,0.5245,0.7938,0.309044,-0.002838,-0.325117,0.0013,0.1891,0.3341,1,0.33407,1.006,1.006,119388,0
1778234515.178407,0.086869,-0.245139,0.528548,1,0.4244,0.6407,0.304109,-0.006092,-0.328244,0.0009,0.1545,0.269,1,0.269,1.1668,1.1668,119388,0
1778234515.228949,0.070894,-0.248114,0.528293,1,0.2935,0.4302,0.288134,-0.009067,-0.328499,0.0005,0.1186,0.1744,1,0.1744,2.4673,2.4673,119396,0
1778234515.279067,0.068288,-0.25101,0.525662,1,0.2874,0.4212,0.285527,-0.011962,-0.33113,0.0005,0.1118,0.1751,1,0.17506,2.0637,2.0637,119396,0
1778234515.329167,0.067039,-0.254405,0.522958,1,0.4935,0.7274,0.284279,-0.015357,-0.333834,0.0012,0.1821,0.3102,1,0.31023,1.8947,1.8947,119396,0
1778234515.379287,0.065819,-0.25704,0.520602,1,0.4949,0.7456,0.283059,-0.017993,-0.33619,0.0008,0.1844,0.3097,1,0.30974,1.5159,1.5159,119396,0
1778234515.429357,0.064626,-0.263284,0.516134,1,0.4053,0.6076,0.281866,-0.024237,-0.340658,0.0009,0.1422,0.2622,1,0.26217,1.2015,1.2015,119396,0
1778234515.479402,0.064569,-0.267494,0.514153,1,0.501,0.7183,0.281809,-0.028447,-0.342639,0.001,0.2165,0.2836,1,0.2836,1.1305,1.1305,119396,0
1778234515.52951,0.065919,-0.2722,0.512608,1,0.4182,0.6273,0.283159,-0.033153,-0.344184,0.0008,0.1533,0.2641,1,0.26409,0.9905,0.9905,119396,0
1778234515.580086,0.068314,-0.27581,0.51174,1,0.3847,0.5215,0.285554,-0.036763,-0.345052,0.0005,0.2006,0.1836,1,0.1836,0.8075,0.8075,119400,0
1778234515.630184,0.074592,-0.283711,0.510498,1,0.4646,0.6924,0.291832,-0.044664,-0.346294,0.0011,0.1692,0.2943,1,0.29433,0.6957,0.6957,119400,0
1778234515.68033,0.07741,-0.287712,0.509575,1,0.5106,0.7468,0.29465,-0.048664,-0.347217,0.0012,0.182,0.3274,1,0.32742,0.6212,0.6212,119400,0
1778234515.730438,0.079486,-0.291329,0.508678,1,0.5772,0.789,0.296725,-0.052282,-0.348114,0.0013,0.1947,0.3812,1,0.38125,0.5977,0.5977,119408,0
1778234515.780559,0.08088,-0.294702,0.507109,1,0.4266,0.6106,0.29812,-0.055655,-0.349683,0.001,0.1562,0.2694,1,0.26938,0.5793,0.5793,119408,0
1778234515.830899,0.081593,-0.297556,0.505492,1,0.2956,0.435,0.298832,-0.058509,-0.3513,0.0004,0.1195,0.1756,1,0.17564,0.6768,0.6768,119408,0
1778234515.881081,0.080929,-0.301061,0.501239,1,0.4433,0.6265,0.298168,-0.062014,-0.355553,0.0011,0.1749,0.2673,1,0.26734,0.7801,0.7801,119408,0
1778234515.931194,0.078724,-0.300789,0.500249,1,0.4587,0.687,0.295963,-0.061742,-0.356543,0.0007,0.1616,0.2964,1,0.29637,1.0942,1.0942,119408,0
1778234515.981484,0.076321,-0.300424,0.498958,1,0.4191,0.6298,0.29356,-0.061377,-0.357834,0.0007,0.1493,0.269,1,0.26901,1.1206,1.1206,119412,0
1778234516.031597,0.07397,-0.300251,0.497315,1,0.4249,0.6067,0.291209,-0.061204,-0.359477,0.0007,0.1508,0.2734,1,0.27341,1.122,1.122,119412,0
1778234516.08171,0.072626,-0.300061,0.49562,1,0.4605,0.6943,0.289866,-0.061014,-0.361172,0.0011,0.161,0.2985,1,0.29846,1.1117,1.1117,119412,0
1778234516.131828,0.0727,-0.299962,0.495399,1,0.6118,1.4346,0.289939,-0.060915,-0.361393,0.0008,0.2708,0.3401,1,0.34012,1.1167,1.1167,119412,0
1778234516.181896,0.072857,-0.299807,0.495513,1,0.4104,0.6174,0.290097,-0.06076,-0.361279,0.0007,0.1487,0.2609,1,0.26094,1.1292,1.1292,119412,0
1778234516.232092,0.072716,-0.299556,0.495768,1,0.3465,1.2602,0.289956,-0.060508,-0.361024,0.0005,0.115,0.2311,1,0.23107,1.1439,1.1439,119412,0
1778234516.282183,0.072528,-0.299192,0.495784,1,0.4263,1.0477,0.289767,-0.060145,-0.361008,0.0007,0.1578,0.2678,1,0.26783,1.1434,1.1434,119412,0
1778234516.332285,0.072608,-0.299228,0.49521,1,0.4658,1.5082,0.289847,-0.060181,-0.361582,0.0007,0.171,0.2941,1,0.29413,1.1304,1.1304,119412,0
1778234516.382408,0.072652,-0.299364,0.494614,1,0.4826,0.7385,0.289891,-0.060316,-0.362178,0.0013,0.1678,0.3135,1,0.31351,1.1358,1.1358,119416,0
1778234516.432525,0.072572,-0.299269,0.494132,1,0.4439,1.1947,0.289812,-0.060222,-0.36266,0.001,0.167,0.2759,1,0.27586,1.1423,1.1423,119416,0
1778234516.482745,0.072068,-0.298901,0.49377,1,0.4717,1.6266,0.289308,-0.059854,-0.363022,0.0013,0.164,0.3064,1,0.30637,1.1487,1.1487,119416,0
1778234516.53299,0.071717,-0.298912,0.493824,1,0.2914,0.4292,0.288957,-0.059865,-0.362968,0.0006,0.1142,0.1766,1,0.17656,1.1551,1.1551,119420,0
1778234516.583212,0.071448,-0.298948,0.493898,1,0.4177,0.7921,0.288688,-0.059901,-0.362894,0.0008,0.1417,0.2752,1,0.27523,1.1577,1.1577,119432,0
1778234516.633292,0.071472,-0.299309,0.493913,1,0.5276,0.7411,0.288712,-0.060262,-0.362879,0.0009,0.1525,0.3743,1,0.37426,1.1535,1.1535,119432,0
1778234516.685935,0.071728,-0.299348,0.493864,1,0.2894,0.4223,0.288967,-0.0603,-0.362928,0.0004,0.1126,0.1764,1,0.17639,1.1455,1.1455,119432,0
1778234516.736344,0.071921,-0.299292,0.493784,1,0.2856,0.4204,0.28916,-0.060245,-0.363008,0.0003,0.1098,0.1755,1,0.17546,1.1451,1.1451,119432,0
1778234516.786573,0.072085,-0.299045,0.493602,1,0.2899,0.4989,0.289325,-0.059998,-0.36319,0.0004,0.1118,0.1776,1,0.17761,1.1425,1.1425,119432,0
1778234519.197355,0.29081,-0.276129,0.600226,1,2.6087,2.8408,0.50805,-0.037081,-0.256566,0.0019,0.2163,2.3905,14,0.17075,2.9582,2.9582,119440,0
1778234519.247475,0.283268,-0.273833,0.598387,1,1.125,1.3547,0.500508,-0.034786,-0.258405,0.0011,0.1815,0.9424,4,0.23561,1.6962,1.6962,119440,0
1778234519.297585,0.277087,-0.271646,0.596321,1,0.4775,0.6982,0.494327,-0.032599,-0.260471,0.0016,0.1767,0.2992,1,0.29919,1.403,1.403,119440,0
1778234519.347697,0.273611,-0.270934,0.594552,1,0.4511,0.6646,0.490851,-0.031887,-0.26224,0.0008,0.1567,0.2935,1,0.29352,1.3194,1.3194,119440,0
1778234519.397801,0.269115,-0.269922,0.592047,1,0.4402,0.6452,0.486355,-0.030874,-0.264745,0.0007,0.1654,0.274,1,0.27404,1.2239,1.2239,119440,0
1778234519.447901,0.268287,-0.26963,0.591403,1,0.4751,0.7024,0.485526,-0.030583,-0.265389,0.0008,0.1699,0.3044,1,0.30441,1.188,1.188,119440,0
1778234519.498011,0.268213,-0.269605,0.591034,1,0.4881,0.7245,0.485453,-0.030558,-0.265758,0.0008,0.1657,0.3215,1,0.32153,1.1703,1.1703,119440,0
1778234519.548079,0.268597,-0.269825,0.590601,1,0.3864,0.5517,0.485837,-0.030778,-0.266191,0.0006,0.1361,0.2496,1,0.24963,1.1655,1.1655,119444,0
1778234519.59819,0.268962,-0.270248,0.590102,1,0.4585,0.6714,0.486201,-0.0312,-0.26669,0.0007,0.1614,0.2965,1,0.29646,1.1632,1.1632,119444,0
1778234519.648298,0.269409,-0.271075,0.589344,1,0.2991,0.449,0.486648,-0.032028,-0.267448,0.0005,0.1132,0.1855,1,0.18547,1.161,1.161,119444,0
1778234519.698411,0.269245,-0.271298,0.589217,1,0.313,0.4528,0.486484,-0.032251,-0.267575,0.0005,0.1147,0.1978,1,0.19778,1.1495,1.1495,119456,0
1778234519.748501,0.268842,-0.271428,0.589221,1,0.3059,0.4407,0.486081,-0.032381,-0.267571,0.0005,0.1174,0.188,1,0.18803,1.1423,1.1423,119456,0
1778234519.798619,0.268614,-0.271642,0.589395,1,0.3048,0.4434,0.485854,-0.032595,-0.267397,0.0007,0.1184,0.1858,1,0.18577,1.14,1.14,119456,0
1778234519.848758,0.268662,-0.271849,0.589555,1,0.4603,0.7022,0.485902,-0.032801,-0.267237,0.0006,0.1085,0.3513,1,0.35127,1.1438,1.1438,119456,0
1778234519.898848,0.268752,-0.272059,0.589704,1,0.4679,0.687,0.485992,-0.033012,-0.267088,0.0009,0.1675,0.2995,1,0.29947,1.1475,1.1475,119456,0
1778234519.94901,0.268582,-0.272724,0.590136,1,0.4312,0.6501,0.485822,-0.033677,-0.266656,0.0007,0.1459,0.2846,1,0.28464,1.145,1.145,119460,0
1778234519.999095,0.268304,-0.273072,0.590276,1,0.391,0.5824,0.485544,-0.034024,-0.266516,0.0007,0.1389,0.2513,1,0.25135,1.1426,1.1426,119460,0
1778234520.049206,0.268114,-0.273274,0.590257,1,0.4664,0.6846,0.485354,-0.034227,-0.266535,0.0006,0.1601,0.3057,1,0.30572,1.1395,1.1395,119460,0
1778234520.099303,0.26804,-0.273408,0.590049,1,0.3726,0.5597,0.485279,-0.034361,-0.266743,0.0006,0.131,0.241,1,0.241,1.1367,1.1367,119460,0
1778234520.149389,0.267951,-0.2734,0.589812,1,0.4985,0.7284,0.485191,-0.034353,-0.26698,0.0009,0.1768,0.3208,1,0.32078,1.1353,1.1353,119460,0
1778234520.199474,0.268101,-0.273271,0.589238,1,0.5098,0.7189,0.485341,-0.034223,-0.267554,0.0011,0.1753,0.3335,1,0.33346,1.1357,1.1357,119460,0
1778234520.249596,0.26814,-0.273135,0.589085,1,0.5841,0.8345,0.48538,-0.034088,-0.267707,0.0012,0.1916,0.3913,1,0.39128,1.1332,1.1332,119460,0
1778234520.299715,0.267994,-0.273065,0.588998,1,0.4772,0.7006,0.485234,-0.034018,-0.267794,0.0008,0.1637,0.3127,1,0.31269,1.1273,1.1273,119460,0
1778234520.349831,0.267814,-0.273032,0.589025,1,0.5072,0.73,0.485054,-0.033985,-0.267767,0.0008,0.1843,0.3221,1,0.32209,1.1216,1.1216,119464,0
1778234520.399948,0.265138,-0.272482,0.588247,1,0.5555,0.7903,0.482378,-0.033435,-0.268545,0.001,0.1927,0.3618,1,0.3618,1.0508,1.0508,119472,0
1778234520.450069,0.260915,-0.271601,0.586389,1,0.4971,0.7358,0.478154,-0.032554,-0.270403,0.0008,0.1702,0.3261,1,0.32607,0.9688,0.9688,119472,0
1778234520.500182,0.253298,-0.270452,0.582614,1,0.4832,0.7004,0.470537,-0.031405,-0.274178,0.0008,0.1746,0.3077,1,0.30769,0.9631,0.9631,119472,0
1778234520.550367,0.239024,-0.269061,0.575286,1,0.5323,0.7457,0.456264,-0.030014,-0.281506,0.0008,0.1898,0.3417,1,0.34168,2.0395,2.0395,119472,0
1778234520.600477,0.199242,-0.266296,0.552988,1,0.6656,0.8831,0.416481,-0.027249,-0.303804,0.0007,0.1764,0.4885,2,0.24427,0.4273,0.4273,119472,0
1778234520.650592,0.177512,-0.265445,0.53918,1,0.3973,0.5899,0.394752,-0.026397,-0.317612,0.0012,0.1441,0.252,1,0.252,1.3272,1.3272,119472,0
1778234520.700698,0.153985,-0.265232,0.521543,1,0.4223,0.6212,0.371225,-0.026185,-0.335249,0.0009,0.1538,0.2676,1,0.2676,1.766,1.766,119472,0
1778234520.750799,0.121051,-0.265349,0.492302,1,0.6323,0.8431,0.33829,-0.026302,-0.36449,0.0009,0.1704,0.461,2,0.2305,0.3348,0.3348,119476,0
1778234520.800899,0.110115,-0.266129,0.482342,1,0.3762,0.5493,0.327354,-0.027082,-0.37445,0.0006,0.1415,0.234,1,0.23403,0.3287,0.3287,119476,0
1778234522.459534,0.091668,-0.281333,0.46441,1,0.2869,0.4738,0.308908,-0.042286,-0.392382,0.0006,0.1121,0.1742,1,0.17422,1.764,1.764,119476,0
1778234522.510125,0.09249,-0.282226,0.46608,1,0.2929,0.562,0.309729,-0.043179,-0.390712,0.0005,0.1136,0.1788,1,0.1788,0.3703,0.3703,119476,0
1778234522.560235,0.09448,-0.283186,0.469378,1,0.4955,0.7358,0.31172,-0.044139,-0.387414,0.0006,0.1218,0.373,1,0.37303,0.3669,0.3669,119476,0
1778234522.610364,0.102544,-0.284831,0.482662,1,0.4798,0.6995,0.319784,-0.045784,-0.37413,0.0015,0.1849,0.2934,1,0.29341,0.4653,0.4653,119476,0
1778234522.66046,0.108019,-0.285527,0.493866,1,0.4252,0.6089,0.325259,-0.04648,-0.362926,0.0014,0.1631,0.2608,1,0.2608,0.5227,0.5227,119476,0
1778234522.710556,0.113367,-0.286482,0.507489,1,0.4154,0.6028,0.330606,-0.047435,-0.349303,0.0008,0.1449,0.2697,1,0.2697,0.9451,0.9451,119476,0
1778234522.76065,0.122416,-0.289304,0.538615,1,0.5766,0.7647,0.339656,-0.050256,-0.318177,0.0009,0.1461,0.4295,2,0.21476,1.8252,1.8252,119480,0
1778234522.811008,0.12547,-0.291132,0.555835,1,0.2891,0.4231,0.342709,-0.052085,-0.300957,0.0006,0.1114,0.1771,1,0.17711,1.5002,1.5002,119480,0
1778234522.861206,0.127539,-0.292548,0.57246,1,0.5208,0.6416,0.344779,-0.053501,-0.284332,0.0004,0.1119,0.4084,5,0.08169,1.3727,1.3727,119492,0
1778234522.91132,0.129407,-0.294109,0.58882,1,0.7916,0.9725,0.346647,-0.055062,-0.267972,0.0009,0.1452,0.6456,4,0.1614,1.9562,1.9562,119492,0
1778234522.961431,0.134256,-0.297761,0.624619,1,1.0623,1.4768,0.351496,-0.058714,-0.232173,0.0013,0.1589,0.9021,5,0.18042,2.9344,2.9344,119492,0
1778234523.011531,0.137084,-0.299647,0.642769,1,1.1059,1.9926,0.354324,-0.0606,-0.214023,0.0007,0.1644,0.9408,6,0.15681,2.3754,2.3754,119492,0
1778234523.061642,0.140689,-0.301937,0.65,1,1.1282,1.8077,0.357929,-0.06289,-0.193705,0.0011,0.1739,0.9533,6,0.15888,1.6682,1.6682,119492,0
1778234523.111818,0.143789,-0.303786,0.65,1,1.1203,1.866,0.361029,-0.064739,-0.173079,0.0011,0.1922,0.927,6,0.1545,1.5127,1.5127,119492,0
1778234523.162038,0.145933,-0.304772,0.65,1,0.9341,1.1293,0.363173,-0.065725,-0.154956,0.0011,0.1497,0.7834,5,0.15667,2.8251,2.8251,119496,0
1778234523.21218,0.148102,-0.303857,0.65,1,3.7126,3.8439,0.365342,-0.06481,-0.120634,0.0011,0.1576,3.5539,6,0.59232,1.3153,1.3153,119500,0
1778234523.262362,0.148641,-0.302371,0.65,1,0.5196,1.513,0.365881,-0.063324,-0.103737,0.0007,0.1193,0.3996,5,0.07992,1.6039,1.6039,119500,0
1778234523.312473,0.148254,-0.301249,0.65,1,0.9895,1.5045,0.365493,-0.062202,-0.090147,0.0009,0.1522,0.8364,5,0.16728,1.9056,1.9056,119500,0
1778234523.362582,0.147537,-0.299337,0.65,1,1.0133,1.6267,0.364777,-0.06029,-0.077416,0.0009,0.1597,0.8527,5,0.17055,1.6531,1.6531,119500,0
1778234523.413481,0.143819,-0.29482,0.65,1,0.5731,0.7136,0.361059,-0.055773,-0.056879,0.0006,0.1281,0.4443,4,0.11107,2.8728,2.8728,119500,0
1778234523.463575,0.141471,-0.292144,0.65,1,0.8207,0.9966,0.358711,-0.053097,-0.048749,0.0009,0.1591,0.6607,4,0.16517,1.5911,1.5911,119512,0
1778234523.513674,0.1384,-0.289494,0.65,1,0.8729,1.0598,0.355639,-0.050446,-0.040549,0.0008,0.1681,0.704,4,0.176,1.7052,1.7052,119512,0
1778234523.563765,0.131578,-0.284593,0.65,1,0.8789,1.0889,0.348818,-0.045546,-0.026554,0.0008,0.1698,0.7083,4,0.17707,1.6657,1.6657,119516,0
1778234523.614466,0.127029,-0.28224,0.65,1,0.8598,1.0584,0.344268,-0.043192,-0.020718,0.0008,0.153,0.7061,4,0.17651,1.5981,1.5981,119516,0
1778234523.664692,0.122282,-0.280138,0.65,1,0.7157,0.9383,0.339522,-0.041091,-0.016919,0.0004,0.1132,0.6021,4,0.15052,1.5929,1.5929,119516,0
1778234523.714803,0.117182,-0.278361,0.65,1,0.8207,1.0177,0.334422,-0.039313,-0.014918,0.0007,0.1659,0.6541,4,0.16354,1.6135,1.6135,119516,0
1778234523.764997,0.11104,-0.275197,0.65,1,0.8093,1.0082,0.32828,-0.03615,-0.014825,0.0012,0.1562,0.6519,4,0.16296,1.5302,1.5302,119516,0
1778234523.815235,0.110143,-0.274093,0.65,1,0.8564,1.0542,0.327383,-0.035046,-0.015393,0.0012,0.1579,0.6973,4,0.17432,1.3772,1.3772,119516,0
1778234523.865331,0.110714,-0.273543,0.65,1,0.8503,1.0487,0.327954,-0.034496,-0.016178,0.0008,0.161,0.6885,4,0.17213,1.3455,1.3455,119516,0
1778234523.915431,0.111786,-0.273276,0.65,1,0.9608,1.1664,0.329026,-0.034229,-0.016645,0.0009,0.1852,0.7747,4,0.19366,1.3218,1.3218,119516,0
1778234523.965558,0.1161,-0.273309,0.65,1,1.0322,1.2495,0.33334,-0.034262,-0.018561,0.0011,0.1898,0.8414,4,0.21034,1.2552,1.2552,119516,0
1778234524.01564,0.118269,-0.273857,0.65,1,0.8652,1.0782,0.335509,-0.03481,-0.019641,0.0007,0.1503,0.7141,4,0.17853,1.2923,1.2923,119516,0
1778234524.065699,0.120648,-0.274324,0.65,1,0.9344,1.1648,0.337888,-0.035277,-0.021766,0.0011,0.1627,0.7707,4,0.19268,1.2792,1.2792,119516,0
1778234524.115936,0.123359,-0.275143,0.65,1,0.8344,1.0353,0.340598,-0.036096,-0.024748,0.001,0.1553,0.6781,4,0.16951,1.2732,1.2732,119516,0
1778234524.166009,0.130924,-0.278103,0.65,1,0.897,1.0886,0.348163,-0.039056,-0.036517,0.0007,0.17,0.7263,4,0.18159,1.2225,1.2225,119516,0
1778234524.216072,0.136418,-0.280062,0.65,1,0.6159,0.7765,0.353658,-0.041014,-0.046259,0.0008,0.1292,0.486,4,0.12149,1.2574,1.2574,119516,0
1778234524.266179,0.144423,-0.282076,0.65,1,0.4665,0.5943,0.361662,-0.043028,-0.060014,0.0006,0.1134,0.3526,4,0.08814,1.1778,1.1778,119516,0
1778234524.316486,0.153357,-0.28424,0.65,1,0.4576,0.5921,0.370597,-0.045193,-0.077109,0.0004,0.1125,0.3446,4,0.08616,1.1244,1.1244,119516,0
1778234524.366642,0.171315,-0.28615,0.65,1,0.4067,0.5335,0.388555,-0.047103,-0.123472,0.0004,0.1107,0.2956,3,0.09854,1.8201,1.8201,119520,0
1778234524.41682,0.177419,-0.284009,0.65,1,0.415,0.5505,0.394658,-0.044962,-0.151605,0.0004,0.1127,0.3019,3,0.10064,1.6388,1.6388,119520,0
1778234524.466981,0.18058,-0.282059,0.65,1,0.7276,0.942,0.39782,-0.043012,-0.176429,0.0008,0.1683,0.5585,3,0.18618,1.1882,1.1882,119520,0
1778234524.517061,0.181101,-0.278342,0.64989,1,0.6397,0.828,0.39834,-0.039295,-0.206902,0.0008,0.1634,0.4754,2,0.23771,2.0763,2.0763,119520,0
1778234524.567152,0.174462,-0.271682,0.596526,1,0.4355,0.6203,0.391702,-0.032635,-0.260266,0.0006,0.1672,0.2677,1,0.26774,1.3298,1.3298,119520,0
1778234524.617968,0.168633,-0.269062,0.572115,1,0.4774,0.6686,0.385873,-0.030015,-0.284677,0.0004,0.1859,0.2911,1,0.2911,1.2168,1.2168,119520,0
1778234524.668185,0.16188,-0.265193,0.549967,1,0.4693,0.6853,0.379119,-0.026145,-0.306825,0.0014,0.167,0.3009,1,0.30088,0.9006,0.9006,119520,0
1778234524.718828,0.153598,-0.262219,0.531334,1,0.5225,0.7725,0.370837,-0.023172,-0.325458,0.0008,0.113,0.4087,1,0.40872,0.6129,0.6129,119520,0
1778234524.769188,0.135021,-0.256334,0.501822,1,0.2973,0.5566,0.35226,-0.017286,-0.35497,0.0004,0.1093,0.1876,1,0.18758,2.3233,2.3233,119528,0
1778234524.819299,0.124936,-0.254164,0.487395,1,0.4281,0.6268,0.342176,-0.015117,-0.369397,0.0008,0.1585,0.2688,1,0.26882,0.3982,0.3982,119532,0
1778234524.869394,0.115342,-0.251068,0.474305,1,0.2927,0.4383,0.332581,-0.012021,-0.382487,0.0005,0.1129,0.1794,1,0.17936,0.3306,0.3306,119532,0
1778234524.919514,0.108782,-0.249177,0.462099,1,0.2918,0.4167,0.326021,-0.01013,-0.394693,0.0005,0.1148,0.1766,1,0.17658,0.1866,0.1866,119532,0
1778234524.969609,0.102919,-0.250347,0.440978,1,0.2795,0.4012,0.320159,-0.0113,-0.415814,0.0005,0.1028,0.1762,1,0.17619,0.7665,0.7665,119544,0
1778234525.019725,0.101978,-0.253112,0.434944,1,0.4442,0.6561,0.319218,-0.014065,-0.421848,0.0009,0.161,0.2824,1,0.28236,0.3288,0.3288,119544,0
1778234525.06993,0.101598,-0.254262,0.43293,1,0.4389,0.6469,0.318838,-0.015215,-0.423862,0.0009,0.1619,0.2761,1,0.27611,0.2438,0.2438,119544,0
1778234525.120136,0.104429,-0.255602,0.437069,1,0.4454,0.6627,0.321668,-0.016555,-0.419723,0.0012,0.1711,0.2732,1,0.27317,0.2039,0.2039,119544,0
1778234525.170244,0.104418,-0.256278,0.439632,1,0.4859,0.7144,0.321658,-0.017231,-0.41716,0.0013,0.1868,0.2977,1,0.2977,0.2287,0.2287,119548,0
1778234525.220347,0.103653,-0.257504,0.441349,1,0.4845,0.7128,0.320893,-0.018457,-0.415443,0.0007,0.1839,0.2999,1,0.29988,0.2379,0.2379,119548,0
1778234525.270598,0.102639,-0.258176,0.441669,1,0.4556,0.6633,0.319878,-0.019129,-0.415123,0.0007,0.1572,0.2977,1,0.29772,0.2513,0.2513,119548,0
1778234525.320738,0.102165,-0.258611,0.441591,1,0.5028,1.3583,0.319404,-0.019564,-0.415201,0.0012,0.1987,0.3029,1,0.3029,0.2537,0.2537,119548,0
1778234525.370831,0.10176,-0.258468,0.441046,1,0.4274,0.632,0.319,-0.019421,-0.415746,0.0006,0.1565,0.2703,1,0.27032,0.2561,0.2561,119548,0
1778234525.420921,0.101423,-0.258153,0.441177,1,0.426,0.6095,0.318663,-0.019106,-0.415615,0.0008,0.1523,0.2729,1,0.27289,0.2596,0.2596,119560,0
1778234525.471043,0.101354,-0.258348,0.441467,1,0.4457,0.6613,0.318594,-0.019301,-0.415325,0.001,0.1639,0.2809,1,0.28087,0.2619,0.2619,119560,0
1778234525.521301,0.101782,-0.260493,0.442483,1,0.4887,0.7126,0.319021,-0.021446,-0.414309,0.0011,0.1878,0.2997,1,0.2997,0.2564,0.2564,119564,0
1778234525.571492,0.104659,-0.271532,0.445748,1,0.3496,0.5178,0.321899,-0.032485,-0.411044,0.0008,0.1368,0.212,1,0.21201,0.3237,0.3237,119564,0
1778234525.621607,0.107405,-0.281372,0.449052,1,0.4715,0.6873,0.324645,-0.042325,-0.40774,0.0013,0.1671,0.3031,1,0.30309,0.2744,0.2744,119564,0
1778234525.67174,0.110557,-0.293031,0.453868,1,0.6481,1.3942,0.327797,-0.053984,-0.402924,0.0006,0.1148,0.5327,1,0.53272,0.3172,0.3172,119564,0
1778234525.721841,0.117848,-0.323586,0.469727,1,0.5131,1.1217,0.335088,-0.084539,-0.387065,0.0009,0.1985,0.3137,1,0.3137,2.3845,2.3845,119564,0
1778234525.771962,0.122368,-0.341999,0.479475,1,0.4662,0.6548,0.339607,-0.102952,-0.377317,0.0009,0.1751,0.2901,1,0.29009,0.7046,0.7046,119564,0
1778234525.822225,0.127666,-0.360556,0.488988,1,0.4795,1.3974,0.344906,-0.121509,-0.367804,0.0014,0.1799,0.2981,1,0.29813,0.5679,0.5679,119564,0
1778234525.872334,0.136214,-0.38169,0.50017,1,0.4434,1.4108,0.353454,-0.142643,-0.356622,0.001,0.1704,0.272,1,0.27201,0.8009,0.8009,119564,0
1778234525.922431,0.162793,-0.428012,0.524637,1,0.5717,1.795,0.380033,-0.188965,-0.332155,0.0011,0.1484,0.4222,2,0.21112,0.8892,0.8892,119568,0
1778234525.972543,0.178435,-0.449926,0.53761,1,0.4521,1.5162,0.395675,-0.210879,-0.319182,0.0004,0.1159,0.3358,1,0.33579,2.663,2.663,119568,0
1778234526.022662,0.194549,-0.45,0.550618,1,0.2567,0.7981,0.411788,-0.22906,-0.306174,0.0005,0.1045,0.1517,1,0.15168,1.7903,1.7903,119568,0
1778234526.072996,0.213024,-0.45,0.565568,1,0.3954,0.7277,0.430264,-0.243645,-0.291224,0.0008,0.1404,0.2543,1,0.25428,2.1462,2.1462,119568,0
1778234526.123192,0.247607,-0.45,0.594412,1,0.5688,0.762,0.464846,-0.259898,-0.26238,0.0008,0.1428,0.4251,2,0.21257,2.8215,2.8215,119568,0
1778234526.173368,0.264708,-0.45,0.608566,1,18.6791,22.5794,0.481948,-0.267073,-0.248226,0.0007,0.1568,18.5215,250,0.07409,4.388,4.388,119568,0
1778234526.223575,0.278213,-0.45,0.619297,0,22.886,24.7891,0.495453,-0.269625,-0.237495,0.0007,0.1491,22.7363,250,0.09095,22.1603,22.1603,119576,0
1778234526.273665,0.293649,-0.45,0.629577,0,24.1693,27.5982,0.510888,-0.264488,-0.227215,0.001,0.1715,23.9969,250,0.09599,25.1308,25.1308,119580,0
1778234526.323746,0.3,-0.45,0.647319,0,12.046,12.5986,0.535063,-0.245383,-0.209473,0.0006,0.1169,11.9285,250,0.04771,34.7907,34.7907,119580,0
1778234526.373854,0.3,-0.45,0.65,0,17.2067,17.3223,0.542642,-0.228728,-0.202816,0.0009,0.1459,17.0598,250,0.06824,29.5657,29.5657,119580,0
1778234526.423933,0.3,-0.447547,0.65,0,21.8936,22.6821,0.549549,-0.2085,-0.196068,0.0012,0.1555,21.7369,250,0.08695,22.3712,22.3712,119580,0
1778234526.474108,0.3,-0.425372,0.65,0,26.469,27.3423,0.557178,-0.186325,-0.189792,0.0011,0.1767,26.2912,250,0.10516,31.4606,31.4606,119580,0
1778234526.525528,0.3,-0.403155,0.65,0,24.0516,25.1677,0.56419,-0.164107,-0.184834,0.001,0.1839,23.8667,250,0.09547,49.0535,49.0535,119580,0
1778234526.575637,0.3,-0.357012,0.65,0,15.3564,18.7985,0.577374,-0.117965,-0.177491,0.0004,0.1201,15.2359,250,0.06094,46.4738,46.4738,119580,0
1778234526.626408,0.3,-0.328863,0.65,0,24.4051,26.2167,0.582758,-0.089815,-0.176261,0.001,0.1652,24.239,250,0.09696,44.6862,44.6862,119580,0
1778234526.676496,0.3,-0.303642,0.65,0,15.0984,18.8474,0.585852,-0.064595,-0.176126,0.0003,0.1084,14.9896,250,0.05996,43.044,43.044,119584,0
1778234526.726573,0.3,-0.255837,0.65,0,21.5284,25.0807,0.587128,-0.01679,-0.17891,0.0009,0.181,21.3465,250,0.08539,39.2055,39.2055,119584,0
1778234526.776686,0.3,-0.232948,0.65,0,22.5308,24.325,0.584534,0.006099,-0.182227,0.0007,0.1644,22.3657,250,0.08946,37.5127,37.5127,119584,0
1778234526.826763,0.3,-0.215889,0.65,1,2.1362,2.3525,0.581656,0.023158,-0.185411,0.0007,0.1539,1.9817,13,0.15244,2.0609,2.0609,119584,0
1778234526.876873,0.3,-0.198659,0.65,1,1.6941,1.8941,0.577728,0.040388,-0.189845,0.0011,0.1988,1.4942,10,0.14942,2.7492,2.7492,119596,0
1778234526.927049,0.3,-0.176726,0.65,1,1.7325,1.9447,0.570973,0.062321,-0.197929,0.0007,0.1719,1.5598,11,0.1418,2.807,2.807,119596,0
1778234526.977164,0.3,-0.170522,0.65,1,1.7975,2.0099,0.567231,0.068525,-0.201504,0.001,0.1831,1.6135,11,0.14668,2.955,2.955,119596,0
1778234527.027269,0.3,-0.167335,0.65,1,1.4065,1.5965,0.564113,0.071713,-0.203977,0.0006,0.1487,1.2571,9,0.13968,2.3008,2.3008,119596,0
1778234527.07745,0.3,-0.166117,0.65,1,1.0027,1.2002,0.558775,0.07293,-0.206236,0.0007,0.1711,0.8309,5,0.16617,1.4687,1.4687,119596,0
1778234527.127607,0.3,-0.167163,0.64647,1,1.4535,1.6332,0.548688,0.071884,-0.210322,0.0009,0.1382,1.3145,11,0.1195,2.6677,2.6677,119596,0
1778234527.177887,0.3,-0.170068,0.643709,1,0.7159,0.8295,0.541425,0.068979,-0.213083,0.0005,0.1167,0.5987,9,0.06653,2.4795,2.4795,119600,0
1778234527.227998,0.3,-0.173446,0.640929,1,2.0758,2.199,0.534198,0.065601,-0.215863,0.0007,0.1384,1.9368,11,0.17607,2.3795,2.3795,119600,0
1778234527.278063,0.3,-0.178829,0.636913,1,1.8851,2.1006,0.52277,0.060218,-0.219879,0.0011,0.1834,1.7006,11,0.1546,2.5154,2.5154,119600,0
1778234527.328171,0.282679,-0.188515,0.625375,1,1.4354,1.6445,0.499919,0.050532,-0.231417,0.0007,0.1554,1.2793,8,0.15992,2.373,2.373,119600,0
1778234527.378271,0.271833,-0.19247,0.618582,1,2.3152,2.5297,0.489073,0.046577,-0.23821,0.0012,0.1792,2.1349,15,0.14233,2.4757,2.4757,119600,0
1778234527.428397,0.259936,-0.198227,0.610281,1,1.0347,1.2512,0.477176,0.04082,-0.246511,0.0013,0.1887,0.8446,4,0.21116,2.0106,2.0106,119600,0
1778234527.478498,0.248814,-0.20238,0.601922,1,1.3319,1.9763,0.466053,0.036667,-0.25487,0.0012,0.1814,1.1492,5,0.22985,1.6155,1.6155,119600,0
1778234527.528605,0.218677,-0.212326,0.58067,1,1.0093,1.2088,0.435917,0.026721,-0.276122,0.0009,0.1608,0.8476,5,0.16952,1.5541,1.5541,119600,0
1778234527.578862,0.201887,-0.2165,0.569389,1,0.8846,1.0821,0.419126,0.022548,-0.287403,0.0014,0.1731,0.7101,4,0.17754,1.8014,1.8014,119604,0
1778234527.629039,0.184845,-0.222159,0.556793,1,7.038,7.6568,0.402085,0.016888,-0.299999,0.0014,0.2118,6.8248,49,0.13928,0.6768,0.6768,119616,0
1778234527.679087,0.168192,-0.227404,0.544939,1,0.4232,0.6267,0.385431,0.011643,-0.311853,0.0006,0.1547,0.2678,1,0.26783,0.9439,0.9439,119616,0
1778234527.729161,0.133776,-0.240402,0.522759,1,0.6089,0.827,0.351016,-0.001355,-0.334033,0.0009,0.1739,0.434,2,0.21701,0.5032,0.5032,119616,0
1778234527.779247,0.116282,-0.245949,0.513829,1,0.4597,0.6764,0.333522,-0.006902,-0.342963,0.0007,0.1696,0.2895,1,0.28945,0.9066,0.9066,119616,0
1778234527.82936,0.100931,-0.252588,0.506017,1,0.5757,0.8352,0.318171,-0.01354,-0.350775,0.001,0.22,0.3547,1,0.3547,0.7107,0.7107,119616,0
1778234527.87947,0.085975,-0.260826,0.499343,1,0.4793,0.715,0.303215,-0.021779,-0.357449,0.0011,0.1679,0.3103,1,0.31029,0.74,0.74,119616,0
1778234527.929588,0.06347,-0.280212,0.491011,1,0.4755,0.6909,0.28071,-0.041165,-0.365781,0.001,0.1907,0.2839,1,0.28385,2.1691,2.1691,119616,0
1778234527.979681,0.059389,-0.287944,0.496174,1,0.4922,0.7063,0.276628,-0.048897,-0.360618,0.0005,0.174,0.3177,1,0.31767,1.9653,1.9653,119620,0
1778234528.030094,0.059479,-0.298476,0.503605,1,0.6766,0.8891,0.276719,-0.059429,-0.353187,0.001,0.1639,0.5117,2,0.25585,1.7294,1.7294,119620,0
1778234528.08018,0.059106,-0.306572,0.509083,1,0.3732,0.5445,0.276346,-0.067525,-0.347709,0.0006,0.1287,0.2439,1,0.24386,1.2776,1.2776,119620,0
1778234528.131021,0.060419,-0.324548,0.514186,1,0.2889,0.4308,0.277659,-0.085501,-0.342606,0.0005,0.1129,0.1755,1,0.17552,1.4873,1.4873,119620,0
1778234528.181108,0.062702,-0.334072,0.515819,1,0.4094,0.5688,0.279941,-0.095025,-0.340973,0.0007,0.1205,0.2882,1,0.28817,2.1703,2.1703,119620,0
1778234528.231253,0.063942,-0.343102,0.517304,1,0.3799,0.5473,0.281182,-0.104055,-0.339488,0.0007,0.1471,0.2321,1,0.23209,2.6452,2.6452,119620,0
1778234528.281365,0.064073,-0.353539,0.519162,1,0.5817,0.7336,0.281313,-0.114492,-0.33763,0.0006,0.1372,0.4439,3,0.14795,2.0698,2.0698,119628,0
1778234528.331465,0.063011,-0.367773,0.521959,1,0.5714,0.7449,0.28025,-0.128726,-0.334833,0.0006,0.1322,0.4387,3,0.14622,2.2358,2.2358,119628,0
1778234528.381574,0.061612,-0.372277,0.522835,1,1.0518,2.0053,0.278852,-0.13323,-0.333957,0.0007,0.1641,0.8869,3,0.29564,2.1114,2.1114,119632,0
1778234528.431695,0.060281,-0.37628,0.523419,1,0.8103,1.0366,0.277521,-0.137233,-0.333373,0.0008,0.172,0.6375,3,0.21249,2.2069,2.2069,119632,0
1778234528.48178,0.058655,-0.381683,0.523822,1,0.8849,1.4793,0.275895,-0.142636,-0.33297,0.0006,0.1547,0.7296,3,0.2432,2.4067,2.4067,119632,0
1778234528.53189,0.057652,-0.383718,0.524147,1,0.7838,1.0036,0.274892,-0.144671,-0.332645,0.0011,0.1703,0.6125,3,0.20417,2.4008,2.4008,119632,0
1778234528.581984,0.056872,-0.384836,0.524397,1,0.8279,1.448,0.274112,-0.145789,-0.332395,0.0008,0.1638,0.6633,3,0.22111,2.4343,2.4343,119632,0
1778234528.632095,0.056449,-0.385233,0.524352,1,1.0665,2.0517,0.273689,-0.146186,-0.33244,0.0006,0.5164,0.5494,3,0.18315,2.4261,2.4261,119632,0
1778234528.682497,0.055932,-0.383584,0.523895,1,0.9312,2.0983,0.273172,-0.144537,-0.332897,0.0006,0.1792,0.7514,3,0.25045,2.3003,2.3003,119632,0
1778234528.732587,0.05604,-0.38228,0.523173,1,0.5186,1.1569,0.273279,-0.143233,-0.333619,0.0007,0.1243,0.3936,3,0.13121,2.2033,2.2033,119636,0
1778234528.783951,0.055803,-0.38027,0.523004,1,0.6969,1.5741,0.273043,-0.141223,-0.333788,0.0007,0.1551,0.5412,3,0.1804,2.14,2.14,119636,0
1778234528.834793,0.054964,-0.376803,0.523185,1,0.6346,0.8528,0.272204,-0.137756,-0.333607,0.001,0.1705,0.4631,2,0.23155,2.4422,2.4422,119636,0
1778234528.884995,0.051145,-0.367252,0.522691,1,0.6436,0.8435,0.268385,-0.128205,-0.334101,0.0012,0.1765,0.4659,2,0.23293,2.4853,2.4853,119636,0
1778234528.935143,0.048852,-0.361633,0.521876,1,24.7654,26.6919,0.266091,-0.122586,-0.334916,0.0009,0.1778,24.5867,250,0.09835,3.1864,3.1864,119636,0
1778234528.985301,0.046586,-0.356324,0.521462,1,14.7929,15.65,0.263826,-0.117277,-0.33533,0.0004,0.1754,14.6171,250,0.05847,3.9017,3.9017,119636,0
1778234529.036297,0.044248,-0.351246,0.521312,1,16.732,17.6829,0.261487,-0.112199,-0.33548,0.0005,0.1126,16.619,250,0.06648,4.5024,4.5024,119636,0
1778234529.086415,0.042418,-0.343713,0.518759,1,22.6965,23.3578,0.259658,-0.104666,-0.338033,0.0009,0.1873,22.5083,250,0.09003,5.0817,5.0817,119636,0
1778234529.136533,0.043964,-0.339349,0.516301,1,21.7148,22.3912,0.261204,-0.100302,-0.340491,0.0014,0.1544,21.5589,250,0.08624,4.5085,4.5085,119652,0
1778234529.186637,0.045957,-0.33583,0.514063,1,21.7955,22.8686,0.263197,-0.096783,-0.342729,0.001,0.1754,21.6191,250,0.08648,6.381,6.381,119652,0
1778234529.23676,0.047357,-0.332933,0.512606,0,17.4595,18.6276,0.264597,-0.093886,-0.344186,0.0008,0.1586,17.3001,250,0.0692,14.4795,14.4795,119652,0
1778234529.286936,0.053827,-0.327004,0.507042,0,25.6472,26.8765,0.271067,-0.087957,-0.34975,0.0013,0.1579,25.4879,250,0.10195,50.372,50.372,119652,0
1778234529.337058,0.056314,-0.32496,0.504922,0,25.7013,27.5533,0.273554,-0.085913,-0.35187,0.0006,0.1344,25.5663,250,0.10227,62.3762,62.3762,119652,0
1778234529.387145,0.057967,-0.322583,0.503009,0,20.2726,22.0089,0.275206,-0.083535,-0.353783,0.0011,0.1493,20.1222,250,0.08049,74.3908,74.3908,119652,0
1778234529.437261,0.05963,-0.319794,0.501647,1,2.0458,2.26,0.27687,-0.080747,-0.355145,0.0007,0.1697,1.8754,13,0.14426,0.9776,0.9776,119652,0
1778234529.487361,0.060301,-0.315936,0.501032,1,0.6466,0.831,0.27754,-0.076889,-0.35576,0.0009,0.1477,0.4979,3,0.16598,0.6889,0.6889,119652,0
1778234529.537468,0.060271,-0.314737,0.500963,1,0.7014,0.8929,0.277511,-0.07569,-0.355829,0.0007,0.1448,0.5559,3,0.1853,0.7008,0.7008,119652,0
1778234529.587568,0.059662,-0.314245,0.50134,1,0.8027,1.0226,0.276902,-0.075198,-0.355452,0.0006,0.162,0.6401,3,0.21337,0.7009,0.7009,119656,0
1778234529.637725,0.059465,-0.314122,0.501507,1,0.4208,0.5572,0.276705,-0.075075,-0.355285,0.0004,0.1151,0.3052,3,0.10174,0.7011,0.7011,119656,0
1778234529.68782,0.056422,-0.314862,0.503399,1,0.4487,0.609,0.273662,-0.075815,-0.353393,0.0005,0.1236,0.3247,3,0.10823,0.6915,0.6915,119656,0
1778234529.737924,0.054046,-0.316513,0.505221,1,0.4506,0.6133,0.271286,-0.077466,-0.351571,0.0004,0.1297,0.3204,3,0.10681,0.6945,0.6945,119656,0
1778234529.788141,0.051573,-0.319333,0.507421,1,0.4131,0.5336,0.268812,-0.080286,-0.349371,0.0005,0.1224,0.2902,3,0.09673,0.7114,0.7114,119656,0
1778234529.838322,0.048663,-0.323124,0.510311,1,0.4099,0.5492,0.265902,-0.084077,-0.346481,0.0005,0.1136,0.2959,3,0.09862,0.7816,0.7816,119656,0
1778234529.888492,0.044223,-0.334853,0.51533,1,0.406,0.5355,0.261462,-0.095805,-0.341462,0.0005,0.1126,0.293,3,0.09765,1.286,1.286,119656,0
1778234529.938661,0.042337,-0.343381,0.519336,1,0.9594,1.1821,0.259577,-0.104334,-0.337456,0.0005,0.1146,0.8443,4,0.21108,0.7529,0.7529,119656,0
1778234529.988791,0.041569,-0.351677,0.522146,1,1.0643,1.2767,0.258809,-0.112629,-0.334646,0.0015,0.2073,0.8555,4,0.21386,0.831,0.831,119672,0
1778234530.038988,0.041848,-0.35971,0.523868,1,0.9805,1.1897,0.259088,-0.120663,-0.332924,0.0011,0.1814,0.798,4,0.19951,1.0489,1.0489,119672,0
1778234530.089271,0.045424,-0.374722,0.525273,1,0.9045,1.1144,0.262664,-0.135675,-0.331519,0.001,0.1873,0.7162,4,0.17905,2.105,2.105,119672,0
1778234530.139385,0.047947,-0.378596,0.525081,1,0.8798,1.0851,0.265186,-0.139549,-0.331711,0.001,0.1808,0.698,4,0.17451,2.5454,2.5454,119676,0
1778234530.189612,0.050174,-0.38171,0.524828,1,0.8391,1.0372,0.267414,-0.142663,-0.331964,0.0015,0.1819,0.6557,4,0.16392,2.8715,2.8715,119676,0
1778234530.239724,0.051932,-0.382714,0.524294,1,0.9438,1.1546,0.269172,-0.143667,-0.332498,0.0008,0.1895,0.7535,4,0.18838,2.855,2.855,119676,0
1778234530.28984,0.0539,-0.38269,0.523729,1,0.4679,0.5939,0.27114,-0.143643,-0.333063,0.0006,0.1167,0.3506,4,0.08766,2.7392,2.7392,119676,0
1778234530.339961,0.055332,-0.380886,0.523356,1,0.5816,0.7303,0.272571,-0.141839,-0.333436,0.0006,0.1225,0.4585,4,0.11461,2.5679,2.5679,119680,0
1778234530.39013,0.05586,-0.379939,0.523192,1,0.8615,1.0547,0.2731,-0.140892,-0.3336,0.001,0.1737,0.6867,4,0.17168,2.6009,2.6009,119680,0
1778234530.440437,0.056402,-0.378672,0.522947,1,0.462,0.7177,0.273642,-0.139625,-0.333845,0.0004,0.1099,0.3517,4,0.08793,2.4948,2.4948,119680,0
1778234530.49054,0.056882,-0.374605,0.522561,1,0.6452,0.8017,0.274122,-0.135558,-0.334231,0.001,0.1305,0.5137,4,0.12843,2.1296,2.1296,119680,0
1778234530.540665,0.056818,-0.373052,0.522457,1,0.9402,1.1633,0.274058,-0.134005,-0.334335,0.001,0.1655,0.7737,4,0.19342,2.1432,2.1432,119680,0
1778234530.590786,0.05669,-0.371738,0.522378,1,0.8189,1.0087,0.27393,-0.132691,-0.334414,0.001,0.1677,0.6502,4,0.16254,2.068,2.068,119680,0
1778234530.641178,0.056117,-0.370086,0.522387,1,1.0928,2.1521,0.273356,-0.131039,-0.334405,0.0014,0.1889,0.9025,4,0.22563,1.9536,1.9536,119680,0
1778234530.691288,0.055801,-0.369697,0.522405,1,0.4681,0.5983,0.27304,-0.13065,-0.334387,0.0006,0.1156,0.3519,4,0.08797,1.9429,1.9429,119680,0
1778234530.741407,0.055199,-0.368291,0.52248,1,0.4596,0.609,0.272439,-0.129244,-0.334312,0.0005,0.115,0.3441,4,0.08603,1.8513,1.8513,119684,0
1778234530.791696,0.054917,-0.36751,0.522425,1,0.9866,2.1665,0.272157,-0.128463,-0.334367,0.0007,0.1578,0.8282,4,0.20705,1.7997,1.7997,119684,0
1778234530.842615,0.055469,-0.366094,0.521816,1,0.4933,1.1848,0.272709,-0.127047,-0.334976,0.0005,0.1129,0.3798,4,0.09496,1.5996,1.5996,119684,0
1778234530.892585,0.056371,-0.364386,0.52091,1,0.4762,1.3797,0.273611,-0.125339,-0.335882,0.0005,0.1142,0.3614,4,0.09035,1.3572,1.3572,119684,0
1778234530.942704,0.05806,-0.361517,0.519355,1,1.0722,1.3087,0.2753,-0.12247,-0.337437,0.0012,0.1967,0.8742,4,0.21856,1.0827,1.0827,119684,0
1778234530.99281,0.062274,-0.358707,0.516454,1,0.8772,4.7708,0.279514,-0.11966,-0.340338,0.001,0.1755,0.7006,4,0.17516,0.9145,0.9145,119684,0
1778234531.04332,0.087828,-0.35246,0.501866,1,0.7056,0.89,0.305068,-0.113412,-0.354926,0.0011,0.1612,0.5433,3,0.1811,0.8439,0.8439,119684,0
1778234531.094072,0.108124,-0.356255,0.493698,1,0.7222,1.079,0.325363,-0.117208,-0.363094,0.001,0.1933,0.5279,2,0.26393,1.2226,1.2226,119684,0
1778234531.144179,0.134457,-0.363774,0.484413,1,0.5981,0.807,0.351697,-0.124727,-0.372379,0.0011,0.1601,0.4369,2,0.21844,0.6881,0.6881,119684,0
1778234531.194268,0.161059,-0.37337,0.477053,1,0.5666,0.76,0.378299,-0.134323,-0.379739,0.0007,0.1494,0.4165,2,0.20827,0.4988,0.4988,119688,0
1778234531.244374,0.205071,-0.389501,0.468568,1,0.5876,0.7891,0.422311,-0.150454,-0.388224,0.0007,0.1555,0.4315,2,0.21573,0.7708,0.7708,119688,0
1778234531.294483,0.221545,-0.394733,0.467647,1,0.4253,0.6386,0.438785,-0.155686,-0.389145,0.0009,0.1518,0.2726,1,0.27261,2.1545,2.1545,119688,0
1778234531.344584,0.23573,-0.397416,0.467839,1,0.487,0.7182,0.45297,-0.158369,-0.388953,0.0009,0.166,0.32,1,0.32003,2.157,2.157,119688,0
1778234531.39469,0.244639,-0.397744,0.469216,1,0.4299,0.6184,0.461879,-0.158697,-0.387576,0.0006,0.1486,0.2807,1,0.28065,1.6952,1.6952,119700,0
1778234533.10037,0.265893,-0.391782,0.461986,1,0.6563,0.8424,0.483132,-0.152735,-0.394806,0.0009,0.1184,0.537,2,0.2685,2.5646,2.5646,119712,0
1778234533.150493,0.266183,-0.391834,0.461967,1,0.4718,0.6678,0.483423,-0.152787,-0.394825,0.0011,0.1703,0.3004,1,0.30042,2.5637,2.5637,119712,0
1778234533.200603,0.266179,-0.391843,0.461968,1,0.4335,0.6284,0.483419,-0.152796,-0.394824,0.0015,0.1556,0.2764,1,0.27641,2.5588,2.5588,119716,0
1778234533.250994,0.26606,-0.391756,0.461877,1,0.4183,0.6093,0.4833,-0.152708,-0.394915,0.0007,0.151,0.2665,1,0.26654,2.5495,2.5495,119716,0
1778234533.301209,0.266012,-0.391644,0.461812,1,0.4105,0.6136,0.483251,-0.152597,-0.39498,0.0012,0.1545,0.2549,1,0.25491,2.5389,2.5389,119716,0
1778234533.351322,0.265884,-0.391428,0.461802,1,0.3369,0.4876,0.483124,-0.152381,-0.39499,0.0007,0.1288,0.2073,1,0.20732,2.5202,2.5202,119716,0
1778234533.402031,0.265869,-0.391342,0.461762,1,0.9419,1.3727,0.483109,-0.152295,-0.39503,0.0006,0.1332,0.8081,1,0.80811,2.5022,2.5022,119716,0
1778234533.452193,0.266034,-0.391338,0.461654,1,0.4316,1.1008,0.483273,-0.152291,-0.395138,0.0009,0.1616,0.2691,1,0.26909,2.5157,2.5157,119716,0
1778234533.502302,0.266139,-0.39137,0.461609,1,0.4125,1.1914,0.483378,-0.152323,-0.395183,0.0006,0.1502,0.2617,1,0.26174,2.536,2.536,119716,0
1778234533.552411,0.266174,-0.391346,0.461585,1,0.2942,1.3163,0.483414,-0.152299,-0.395207,0.0006,0.1126,0.1811,1,0.18106,2.5443,2.5443,119716,0
1778234533.602536,0.266113,-0.39128,0.461574,1,0.4403,1.4946,0.483353,-0.152233,-0.395218,0.0007,0.1516,0.2881,1,0.28807,2.5396,2.5396,119720,0
1778234533.652655,0.266043,-0.391234,0.461555,1,0.2959,1.3027,0.483283,-0.152186,-0.395237,0.0005,0.1166,0.1789,1,0.17894,2.5294,2.5294,119720,0
1778234533.702786,0.265781,-0.391006,0.461541,1,0.5134,0.7191,0.483021,-0.151959,-0.395251,0.0011,0.1871,0.3251,1,0.32511,2.5043,2.5043,119720,0
1778234533.753222,0.26564,-0.390854,0.46156,1,0.4129,1.1155,0.482879,-0.151807,-0.395232,0.0007,0.1454,0.2669,1,0.26686,2.4685,2.4685,119720,0
1778234533.803513,0.265578,-0.390805,0.461582,1,0.2928,0.4327,0.482818,-0.151758,-0.39521,0.0004,0.1166,0.1757,1,0.17574,2.4524,2.4524,119720,0
1778234533.853682,0.265564,-0.390732,0.461674,1,0.2814,0.5701,0.482804,-0.151685,-0.395118,0.0005,0.1082,0.1727,1,0.17274,2.4411,2.4411,119720,0
1778234533.905243,0.26555,-0.390652,0.461742,1,0.4262,0.7315,0.48279,-0.151605,-0.39505,0.0004,0.1628,0.263,1,0.26298,2.4284,2.4284,119720,0
1778234533.956462,0.265477,-0.390545,0.461783,1,0.3519,0.4774,0.482716,-0.151498,-0.395009,0.0005,0.1667,0.1847,1,0.18469,2.4137,2.4137,119732,0
