t,x,y,z,success,ik_ms,total_ms,dx,dy,dz,robot_ms,setup_ms,loop_ms,iterations,iter_ms,pos_err_mm,track_err_mm,mem_kb,deadline_missed
1777980178.018845,0.21467,-0.152525,0.498271,1,1.8969,2.856,-0.00133,0.000974,0.02027,0.0017,1.0724,0.8229,2,0.41145,0.1979,0.1979,115484,0
1777980178.068979,0.214214,-0.152413,0.500066,1,0.4357,0.6421,-0.001786,0.001086,0.022066,0.001,0.1495,0.2853,1,0.28527,0.162,0.162,115528,0
1777980178.119107,0.21383,-0.152298,0.501657,1,0.4414,0.626,-0.00217,0.001201,0.023657,0.0009,0.1554,0.285,1,0.28504,0.1627,0.1627,115544,0
1777980178.169255,0.213583,-0.152223,0.503105,1,0.4903,0.6831,-0.002417,0.001276,0.025105,0.0014,0.1895,0.2995,1,0.29947,0.1634,0.1634,115552,0
1777980178.219414,0.212961,-0.151669,0.506026,1,0.4456,0.6457,-0.003039,0.00183,0.028026,0.001,0.1712,0.2734,1,0.2734,0.166,0.166,115556,0
1777980178.269564,0.212749,-0.151415,0.50712,1,0.4251,0.6078,-0.003251,0.002084,0.02912,0.001,0.1661,0.2581,1,0.25806,0.1686,0.1686,115560,0
1777980178.319745,0.212655,-0.151224,0.507784,1,0.4408,0.6428,-0.003345,0.002275,0.029784,0.001,0.1749,0.2649,1,0.26491,0.1699,0.1699,115568,0
1777980178.369826,0.212649,-0.151117,0.507969,1,0.4078,0.5715,-0.003351,0.002382,0.029969,0.0009,0.1563,0.2506,1,0.25061,0.1701,0.1701,115572,0
1777980178.41993,0.213004,-0.151055,0.507438,1,0.4648,0.6408,-0.002996,0.002444,0.029437,0.0009,0.1592,0.3048,1,0.30475,0.1687,0.1687,115576,0
1777980178.470104,0.213171,-0.15098,0.506915,1,0.5197,0.6947,-0.002829,0.002519,0.028915,0.001,0.1663,0.3524,1,0.35236,0.168,0.168,115596,0
1777980178.520211,0.213369,-0.15089,0.506112,1,0.4376,1.2835,-0.002631,0.002609,0.028111,0.0009,0.1548,0.2819,1,0.2819,0.1676,0.1676,115600,0
1777980178.570386,0.213681,-0.150882,0.505072,1,0.4691,1.1856,-0.002319,0.002617,0.027071,0.0009,0.1587,0.3095,1,0.30948,0.1669,0.1669,115608,0
1777980178.620481,0.214439,-0.151029,0.502973,1,0.4442,1.2315,-0.001561,0.002471,0.024973,0.001,0.175,0.2683,1,0.26832,0.1648,0.1648,115616,0
1777980178.670681,0.214778,-0.151192,0.501841,1,0.4011,1.4155,-0.001222,0.002308,0.023841,0.001,0.144,0.2561,1,0.25615,0.165,0.165,115624,0
1777980178.720861,0.215083,-0.151348,0.500722,1,0.4621,1.1956,-0.000917,0.002152,0.022721,0.0008,0.1606,0.3006,1,0.30065,0.1652,0.1652,115632,0
1777980178.771086,0.215299,-0.151378,0.49973,1,0.3982,1.3322,-0.000701,0.002121,0.021729,0.0011,0.1364,0.2607,1,0.26074,0.1651,0.1651,115636,0
1777980178.821568,0.215594,-0.151419,0.498056,1,0.468,0.6593,-0.000406,0.00208,0.020056,0.0011,0.1839,0.283,1,0.28297,0.1647,0.1647,115640,0
1777980180.177178,0.215223,-0.150468,0.521719,1,0.4218,0.6023,-0.000366,0.001116,0.023663,0.0011,0.1601,0.2605,1,0.26054,1.3154,1.3154,115744,0
1777980180.227265,0.214864,-0.150348,0.525603,1,0.4297,0.6193,-0.000724,0.001236,0.027547,0.001,0.1542,0.2745,1,0.27445,0.1658,0.1658,115748,0
1777980180.277423,0.214302,-0.150059,0.529496,1,0.5141,0.7373,-0.001287,0.001525,0.03144,0.0009,0.2035,0.3097,1,0.30971,0.1788,0.1788,115756,0
1777980180.327531,0.213573,-0.149664,0.533634,1,0.4576,0.6633,-0.002016,0.00192,0.035577,0.0009,0.1634,0.2933,1,0.29333,0.1829,0.1829,115760,0
1777980180.377628,0.211855,-0.148937,0.542173,1,0.4107,0.5868,-0.003734,0.002647,0.044117,0.0015,0.1441,0.265,1,0.26502,0.2308,0.2308,115760,0
1777980180.427795,0.210875,-0.148516,0.546367,1,0.4075,0.5856,-0.004714,0.003068,0.048311,0.0008,0.1483,0.2584,1,0.25838,0.1906,0.1906,115764,0
1777980180.477886,0.210038,-0.148251,0.549813,1,0.4279,0.612,-0.005551,0.003334,0.051757,0.0009,0.1628,0.2642,1,0.26415,0.1972,0.1972,115768,0
1777980180.527981,0.208938,-0.14792,0.553979,1,0.4731,0.6726,-0.006651,0.003664,0.055923,0.0013,0.1661,0.3058,1,0.30575,0.201,0.201,115772,0
1777980180.578074,0.206533,-0.147208,0.562687,1,0.4122,0.6035,-0.009056,0.004376,0.064631,0.0009,0.1494,0.262,1,0.26196,0.2517,0.2517,115776,0
1777980180.628171,0.205259,-0.14698,0.567087,1,0.4314,0.6032,-0.01033,0.004604,0.069031,0.0012,0.1539,0.2763,1,0.27628,0.2145,0.2145,115780,0
1777980180.678277,0.20387,-0.146775,0.571536,1,0.4543,0.6359,-0.011719,0.004809,0.07348,0.0008,0.1667,0.2869,1,0.28689,0.2232,0.2232,115784,0
1777980180.728479,0.202413,-0.146511,0.575831,1,0.427,0.608,-0.013176,0.005073,0.077775,0.0016,0.1728,0.2525,1,0.25255,0.2316,0.2316,115792,0
1777980180.778547,0.199536,-0.145977,0.583736,1,0.4044,0.5844,-0.016053,0.005607,0.08568,0.0013,0.1473,0.2559,1,0.25586,0.2682,0.2682,115796,0
1777980180.828678,0.198368,-0.145826,0.587264,1,0.4634,0.6567,-0.01722,0.005758,0.089208,0.0014,0.1614,0.3007,1,0.30067,0.2509,0.2509,115796,0
1777980180.878787,0.197154,-0.145617,0.590843,1,0.2687,0.5097,-0.018435,0.005967,0.092787,0.0008,0.1053,0.1626,1,0.16256,0.2595,0.2595,115804,0
1777980180.928892,0.195988,-0.145275,0.594403,1,0.4192,0.6073,-0.019601,0.006309,0.096347,0.0009,0.1614,0.2569,1,0.25692,0.2683,0.2683,115808,0
1777980180.978998,0.193891,-0.144302,0.601177,1,0.4225,0.6126,-0.021698,0.007282,0.103121,0.0009,0.1586,0.263,1,0.26302,0.2983,0.2983,115812,0
1777980181.029092,0.192726,-0.143626,0.604534,1,0.4699,0.6723,-0.022863,0.007958,0.106478,0.0009,0.1585,0.3105,1,0.31049,0.2989,0.2989,115816,0
1777980181.079204,0.191522,-0.143001,0.60782,1,0.4358,0.6295,-0.024066,0.008583,0.109764,0.0009,0.1528,0.2821,1,0.28205,0.3103,0.3103,115824,0
1777980181.129386,0.190334,-0.142448,0.610766,1,0.4297,0.6269,-0.025254,0.009136,0.11271,0.0011,0.149,0.2796,1,0.27957,0.3206,0.3206,115828,0
1777980181.179557,0.187939,-0.141555,0.615875,1,0.4412,0.7622,-0.02765,0.010029,0.117819,0.0013,0.1742,0.2657,1,0.26574,0.345,0.345,115832,0
1777980181.229715,0.186549,-0.140986,0.618248,1,0.4172,0.6068,-0.02904,0.010598,0.120192,0.001,0.1579,0.2583,1,0.25832,0.3494,0.3494,115836,0
1777980181.279771,0.185384,-0.140595,0.619949,1,0.431,0.6192,-0.030205,0.010989,0.121892,0.0009,0.1693,0.2607,1,0.26072,0.3556,0.3556,115848,0
1777980181.329893,0.184498,-0.140349,0.620983,1,0.4281,0.6259,-0.03109,0.011235,0.122927,0.0009,0.1597,0.2675,1,0.26746,0.3589,0.3589,115852,0
1777980181.379987,0.184017,-0.140343,0.621,1,0.4181,0.6218,-0.031572,0.011241,0.122943,0.0009,0.1519,0.2653,1,0.26534,0.358,0.358,115856,0
1777980181.430087,0.184275,-0.140514,0.619882,1,0.4279,0.6174,-0.031314,0.01107,0.121825,0.0008,0.1567,0.2704,1,0.27038,0.3547,0.3547,115860,0
1777980181.480282,0.184919,-0.140771,0.618036,1,0.4244,0.5961,-0.03067,0.010813,0.11998,0.0009,0.1489,0.2746,1,0.2746,0.35,0.35,115868,0
1777980181.530432,0.186043,-0.141225,0.615618,1,0.4563,0.6368,-0.029546,0.010359,0.117562,0.0009,0.1812,0.2743,1,0.27429,0.3449,0.3449,115884,0
1777980181.58066,0.189876,-0.14302,0.609033,1,0.3983,0.5688,-0.025713,0.008564,0.110976,0.0008,0.14,0.2574,1,0.25745,0.3696,0.3696,115884,0
1777980181.630782,0.192182,-0.143946,0.604731,1,0.4253,1.3325,-0.023406,0.007638,0.106674,0.001,0.15,0.2743,1,0.27428,0.3182,0.3182,115888,0
1777980181.680895,0.194544,-0.144746,0.599662,1,0.4547,1.4779,-0.021045,0.006838,0.101606,0.0014,0.1592,0.2941,1,0.29407,0.308,0.308,115892,0
1777980181.730989,0.197149,-0.145518,0.593815,1,0.4331,1.3825,-0.01844,0.006066,0.095759,0.001,0.1632,0.2689,1,0.26891,0.2996,0.2996,115896,0
1777980181.781451,0.202707,-0.147238,0.580706,1,0.2793,0.6906,-0.012882,0.004346,0.08265,0.0004,0.1058,0.1731,1,0.17307,0.5749,0.5749,115900,0
1777980181.831595,0.205285,-0.148258,0.573365,1,0.5853,0.7744,-0.010304,0.003326,0.075309,0.0016,0.1641,0.4196,1,0.4196,0.2667,0.2667,117312,0
1777980181.881704,0.207177,-0.149065,0.566364,1,0.4494,0.6312,-0.008412,0.002519,0.068308,0.0008,0.1595,0.2892,1,0.28919,0.2447,0.2447,117328,0
1777980181.931852,0.208967,-0.149894,0.558908,1,0.4382,0.6304,-0.006621,0.001691,0.060852,0.0012,0.1659,0.2712,1,0.27116,0.2379,0.2379,117336,0
1777980181.983583,0.211942,-0.151315,0.544484,1,0.5106,0.8704,-0.003647,0.000269,0.046428,0.0012,0.1819,0.3275,1,0.32747,0.5535,0.5535,117348,0
1777980182.033705,0.213261,-0.15188,0.537442,1,0.4942,0.6802,-0.002327,-0.000296,0.039386,0.0011,0.1903,0.3028,1,0.30278,0.194,0.194,117348,0
1777980182.083804,0.214409,-0.152402,0.530746,1,0.4391,0.6273,-0.00118,-0.000818,0.03269,0.0011,0.1669,0.2711,1,0.27112,0.1906,0.1906,117360,0
1777980182.133909,0.215339,-0.15292,0.524062,1,0.431,0.6272,-0.00025,-0.001336,0.026006,0.0011,0.1588,0.2711,1,0.27111,0.1861,0.1861,117364,0
1777980182.937235,0.214753,-0.156141,0.544841,1,0.4725,0.6651,-0.000511,-0.003068,0.020854,0.0014,0.1735,0.2975,1,0.29753,0.9711,0.9711,117444,0
1777980182.987551,0.214414,-0.156439,0.550418,1,0.4654,0.6403,-0.00085,-0.003366,0.02643,0.0008,0.1642,0.3004,1,0.30043,0.1677,0.1677,117460,0
1777980183.037683,0.213632,-0.15734,0.561612,1,0.4457,0.6415,-0.001632,-0.004267,0.037625,0.001,0.1612,0.2835,1,0.28346,0.3032,0.3032,117468,0
1777980183.087911,0.212888,-0.157766,0.567792,1,0.4631,0.6735,-0.002376,-0.004693,0.043805,0.001,0.1769,0.2852,1,0.28518,0.1907,0.1907,117476,0
1777980183.138026,0.211941,-0.158076,0.573926,1,0.4043,0.6006,-0.003323,-0.005003,0.049938,0.0009,0.1378,0.2657,1,0.26567,0.2035,0.2035,117480,0
1777980183.188128,0.210798,-0.158239,0.580033,1,0.4353,0.6236,-0.004466,-0.005166,0.056046,0.0007,0.1593,0.2752,1,0.27522,0.2139,0.2139,117484,0
1777980183.238242,0.208519,-0.158538,0.591071,1,0.437,0.6214,-0.006745,-0.005465,0.067084,0.0009,0.1527,0.2834,1,0.28335,0.3451,0.3451,117488,0
1777980183.288416,0.207345,-0.158316,0.595786,1,0.5176,0.7108,-0.007919,-0.005243,0.071799,0.0011,0.1971,0.3194,1,0.31937,0.2347,0.2347,117492,0
1777980183.338524,0.205454,-0.1577,0.602688,1,0.4894,0.7046,-0.009809,-0.004627,0.078701,0.0009,0.187,0.3015,1,0.30152,0.2695,0.2695,117496,0
1777980183.388935,0.203631,-0.15693,0.60916,1,0.2762,0.4018,-0.011633,-0.003856,0.085173,0.0005,0.1034,0.1724,1,0.1724,0.2812,0.2812,117496,0
1777980183.439214,0.200374,-0.154898,0.620561,1,0.2827,0.4019,-0.01489,-0.001825,0.096574,0.0004,0.1058,0.1765,1,0.17651,0.4915,0.4915,117504,0
1777980183.489367,0.198577,-0.153629,0.626086,1,0.2819,0.3892,-0.016687,-0.000556,0.102099,0.0005,0.1066,0.1749,1,0.17486,0.3278,0.3278,117508,0
1777980183.539522,0.196633,-0.15242,0.631394,1,0.4603,0.6723,-0.018631,0.000653,0.107407,0.0004,0.1574,0.3024,1,0.30244,0.3465,0.3465,117512,0
1777980183.58967,0.194571,-0.151286,0.636545,1,0.4557,0.6542,-0.020693,0.001787,0.112557,0.0007,0.1539,0.3011,1,0.30109,0.3634,0.3634,117520,0
1777980183.6398,0.190867,-0.149529,0.645073,1,0.4252,0.6335,-0.024397,0.003544,0.121085,0.0008,0.1552,0.2692,1,0.2692,0.4776,0.4776,117524,0
1777980183.689894,0.189063,-0.148708,0.648446,1,0.4646,0.6662,-0.026201,0.004365,0.124459,0.0004,0.1092,0.355,1,0.355,0.3953,0.3953,117528,0
1777980183.739991,0.187424,-0.147887,0.65,1,0.4141,0.6164,-0.02784,0.005187,0.126853,0.001,0.1544,0.2587,1,0.25869,0.4147,0.4147,117532,0
1777980183.79023,0.186256,-0.147175,0.65,1,0.4506,0.6235,-0.029008,0.005899,0.127936,0.0011,0.145,0.3046,1,0.30463,0.422,0.422,117548,0
1777980183.840326,0.185778,-0.146699,0.649929,1,0.4749,1.3136,-0.029486,0.006374,0.125941,0.0012,0.1813,0.2924,1,0.29242,0.429,0.429,117556,0
1777980183.890519,0.186534,-0.146984,0.646948,1,0.6349,1.2584,-0.02873,0.006089,0.12296,0.0013,0.3315,0.302,1,0.30205,0.3877,0.3877,117560,0
1777980183.940627,0.187789,-0.147596,0.642834,1,0.4409,1.3871,-0.027475,0.005477,0.118847,0.0013,0.1584,0.2811,1,0.28114,0.363,0.363,117564,0
1777980183.990791,0.1897,-0.148484,0.637017,1,0.4342,1.2152,-0.025564,0.004589,0.11303,0.0009,0.165,0.2683,1,0.2683,0.3496,0.3496,117568,0
1777980184.040883,0.194173,-0.150582,0.620159,1,0.453,1.0228,-0.021091,0.002491,0.096172,0.0014,0.1704,0.2812,1,0.28124,0.9308,0.9308,117568,0
1777980184.09142,0.196143,-0.151641,0.609102,1,0.4781,0.6723,-0.019121,0.001432,0.085115,0.0008,0.1822,0.2951,1,0.2951,0.4138,0.4138,117576,0
1777980184.1416,0.197503,-0.152622,0.597948,1,0.4403,1.0849,-0.017761,0.000451,0.07396,0.0009,0.1577,0.2817,1,0.28169,0.377,0.377,117580,0
1777980184.191804,0.198164,-0.153808,0.586799,1,0.4721,0.6695,-0.0171,-0.000735,0.062812,0.0009,0.166,0.3052,1,0.30524,0.3458,0.3458,117584,0
1777980184.243264,0.197283,-0.155811,0.565244,1,0.4635,0.6628,-0.017981,-0.002738,0.041257,0.0013,0.1707,0.2916,1,0.29155,1.1445,1.1445,117584,0
1777980184.293425,0.195286,-0.156549,0.55522,1,0.4192,0.5844,-0.019978,-0.003476,0.031232,0.0009,0.1499,0.2684,1,0.26844,0.2215,0.2215,117588,0
1777980184.343589,0.19284,-0.157219,0.546491,1,0.4451,0.6502,-0.022424,-0.004146,0.022504,0.0012,0.1696,0.2743,1,0.27433,0.1701,0.1701,117596,0
1777980184.393771,0.189682,-0.15798,0.537716,1,0.4491,0.6475,-0.025582,-0.004907,0.013728,0.0012,0.1639,0.284,1,0.28401,0.1563,0.1563,117604,0
1777980184.443881,0.182455,-0.158128,0.521263,1,0.4837,0.6878,-0.032809,-0.005055,-0.002724,0.0012,0.1846,0.2979,1,0.29791,0.5599,0.5599,117608,0
1777980184.494098,0.178349,-0.157676,0.51557,1,0.435,0.6385,-0.036915,-0.004603,-0.008418,0.0007,0.1638,0.2705,1,0.27047,0.1534,0.1534,117608,0
1777980184.544174,0.174625,-0.157111,0.510924,1,0.47,0.6262,-0.040639,-0.004037,-0.013063,0.0011,0.1547,0.3143,1,0.31426,0.181,0.181,117612,0
1777980184.594396,0.171241,-0.156787,0.506671,1,0.4342,0.611,-0.044023,-0.003714,-0.017316,0.001,0.1488,0.2844,1,0.28442,0.1915,0.1915,117620,0
1777980184.644488,0.166273,-0.157622,0.499121,1,0.4486,0.6229,-0.048991,-0.004549,-0.024867,0.0012,0.1765,0.2709,1,0.2709,0.131,0.131,117624,0
1777980184.694683,0.164793,-0.15814,0.49618,1,0.419,0.6154,-0.050471,-0.005067,-0.027807,0.0011,0.1527,0.2653,1,0.26525,0.219,0.219,117624,0
1777980184.74479,0.163846,-0.158655,0.493233,1,0.4497,0.6619,-0.051418,-0.005582,-0.030754,0.0011,0.1573,0.2913,1,0.29134,0.2226,0.2226,117624,0
1777980184.794888,0.163043,-0.159134,0.490726,1,0.4512,0.6426,-0.052221,-0.006061,-0.033261,0.0013,0.1621,0.2878,1,0.28781,0.2274,0.2274,117624,0
1777980184.844973,0.161712,-0.159549,0.486984,1,0.4288,0.611,-0.053552,-0.006476,-0.037003,0.0009,0.154,0.2738,1,0.2738,0.215,0.215,117624,0
1777980184.895077,0.160803,-0.159619,0.486202,1,0.4235,0.6161,-0.054461,-0.006546,-0.037785,0.0009,0.149,0.2736,1,0.27359,0.2461,0.2461,117628,0
1777980184.945183,0.159837,-0.159543,0.486492,1,0.4501,0.6352,-0.055427,-0.00647,-0.037495,0.001,0.1697,0.2794,1,0.2794,0.2529,0.2529,117628,0
1777980184.995282,0.158997,-0.159244,0.487616,1,0.4316,0.6149,-0.056267,-0.00617,-0.036372,0.001,0.1493,0.2812,1,0.28123,0.2576,0.2576,117632,0
1777980185.045376,0.158023,-0.158341,0.492433,1,0.4776,0.6944,-0.057241,-0.005268,-0.031554,0.001,0.1651,0.3115,1,0.31146,0.2368,0.2368,117632,0
1777980185.095628,0.157806,-0.157998,0.496621,1,0.4136,0.5841,-0.057458,-0.004924,-0.027367,0.0016,0.1539,0.2582,1,0.25815,0.2536,0.2536,117640,0
1777980185.14595,0.157496,-0.157653,0.501791,1,0.4168,0.599,-0.057768,-0.004579,-0.022196,0.001,0.1495,0.2664,1,0.26636,0.2547,0.2547,117644,0
1777980185.196238,0.156934,-0.156988,0.508762,1,0.4563,1.069,-0.05833,-0.003915,-0.015226,0.001,0.1906,0.2647,1,0.26467,0.2461,0.2461,117644,0
1777980185.246416,0.154761,-0.154668,0.525849,1,0.4701,0.6621,-0.060503,-0.001595,0.001861,0.001,0.1555,0.3136,1,0.31357,0.5663,0.5663,117656,0
1777980185.296534,0.153061,-0.153417,0.535009,1,0.5355,0.7646,-0.062203,-0.000344,0.011022,0.0011,0.2029,0.3315,1,0.33149,0.3004,0.3004,117656,0
1777980185.346704,0.150951,-0.152141,0.545378,1,0.4663,0.6673,-0.064313,0.000932,0.02139,0.0008,0.1684,0.2972,1,0.29719,0.3399,0.3399,117656,0
1777980185.397048,0.145978,-0.149763,0.566605,1,0.584,0.9606,-0.069286,0.00331,0.042617,0.0012,0.1909,0.392,1,0.39199,1.09,1.09,117656,0
1777980185.447129,0.143019,-0.148697,0.577197,1,0.4236,0.7524,-0.072245,0.004376,0.053209,0.0009,0.1506,0.2722,1,0.27217,0.5219,0.5219,117660,0
1777980185.497226,0.139532,-0.147603,0.587965,1,0.4763,0.6677,-0.075732,0.005471,0.063978,0.0009,0.1581,0.3173,1,0.31732,1.2288,1.2288,117672,0
1777980185.547333,0.135474,-0.146409,0.599079,1,0.4446,0.6335,-0.07979,0.006664,0.075091,0.0009,0.1624,0.2813,1,0.28127,2.6772,2.6772,117672,0
1777980185.597423,0.126903,-0.144069,0.620062,1,0.6572,0.8647,-0.088361,0.009004,0.096074,0.0012,0.1593,0.4968,2,0.2484,0.5353,0.5353,117688,0
1777980185.647569,0.121785,-0.142605,0.63017,1,25.2028,26.1276,-0.093479,0.010468,0.106182,0.0004,0.1017,25.1007,250,0.1004,9.3539,9.3539,117688,0
1777980185.697684,0.121785,-0.142605,0.63017,0,21.4128,22.6965,-0.098572,0.01208,0.115068,0.0009,0.1379,21.274,250,0.0851,17.8446,17.8446,117688,0
1777980185.747781,0.121785,-0.142605,0.63017,0,20.7729,21.7983,-0.103639,0.013717,0.123061,0.0007,0.1328,20.6394,250,0.08256,25.6588,25.6588,117688,0
1777980185.79787,0.121785,-0.142605,0.63017,0,20.9875,21.9629,-0.112486,0.016388,0.135915,0.0007,0.1216,20.8652,250,0.08346,34.5007,34.5007,117692,0
1777980185.847971,0.121785,-0.142605,0.63017,0,19.0985,19.6626,-0.116427,0.017485,0.141258,0.0009,0.2033,18.8943,250,0.07558,37.8479,37.8479,117692,0
1777980185.898095,0.121785,-0.142605,0.63017,0,21.383,24.6155,-0.11974,0.018379,0.145799,0.0007,0.1871,21.1951,250,0.08478,40.6271,40.6271,117692,0
1777980185.948319,0.121785,-0.142605,0.63017,0,21.042,24.3061,-0.122237,0.018823,0.149582,0.0006,0.1179,20.9236,250,0.08369,42.7381,42.7381,117692,0
1777980185.998418,0.121785,-0.142605,0.63017,0,21.0418,24.1155,-0.124474,0.01868,0.153117,0.0008,0.1482,20.8928,250,0.08357,44.714,44.714,117692,0
1777980186.048493,0.121785,-0.142605,0.63017,0,20.7938,23.7591,-0.124069,0.018303,0.152703,0.0007,0.1283,20.6648,250,0.08266,44.4296,44.4296,117692,0
1777980186.098602,0.121785,-0.142605,0.63017,0,20.2733,21.5135,-0.122656,0.017649,0.150833,0.0009,0.1621,20.1103,250,0.08044,43.3109,43.3109,117696,0
1777980186.148706,0.121785,-0.142605,0.63017,0,21.514,22.9,-0.119758,0.016715,0.147172,0.001,0.1691,21.344,250,0.08538,40.9187,40.9187,117696,0
1777980186.198778,0.121785,-0.142605,0.63017,0,20.9987,22.468,-0.111481,0.014231,0.13511,0.0009,0.1225,20.8752,250,0.0835,33.8932,33.8932,117700,0
1777980186.248912,0.121785,-0.142605,0.63017,0,23.6255,25.0542,-0.106928,0.012823,0.12705,0.0004,0.0777,23.5473,250,0.09419,29.9425,29.9425,117700,0
1777980186.299156,0.121785,-0.142605,0.63017,0,23.1754,24.7063,-0.102241,0.011336,0.117457,0.001,0.1583,23.0161,250,0.09206,22.2458,22.2458,117700,0
1777980186.349315,0.121785,-0.142605,0.63017,0,20.8568,22.2156,-0.097992,0.010077,0.106911,0.0013,0.1725,20.683,250,0.08273,13.6575,13.6575,117700,0
1777980186.399514,0.123939,-0.145054,0.608246,1,0.4267,0.6261,-0.091325,0.008019,0.084259,0.0008,0.1655,0.2603,1,0.26028,1.1308,1.1308,117700,0
1777980186.449732,0.126137,-0.145894,0.596927,1,0.4286,0.6325,-0.089127,0.007179,0.07294,0.0009,0.154,0.2737,1,0.27368,2.209,2.209,117700,0
1777980186.499913,0.127446,-0.146594,0.586056,1,0.426,0.6083,-0.087818,0.00648,0.062069,0.001,0.1642,0.2608,1,0.26085,1.6185,1.6185,117700,0
1777980186.550109,0.12807,-0.147204,0.575557,1,0.5013,0.6915,-0.087194,0.005869,0.05157,0.0007,0.1668,0.3338,1,0.33381,0.9002,0.9002,117700,0
1777980186.600203,0.128119,-0.148425,0.554904,1,0.4289,0.6165,-0.087145,0.004648,0.030916,0.001,0.1451,0.2828,1,0.28283,0.535,0.535,117704,0
1777980186.650301,0.128172,-0.149182,0.545355,1,0.4634,0.6685,-0.087092,0.003891,0.021368,0.0008,0.1661,0.2965,1,0.29652,0.421,0.421,117704,0
1777980186.700425,0.128284,-0.150194,0.535671,1,0.4682,0.6693,-0.08698,0.002879,0.011684,0.0009,0.1774,0.2898,1,0.28985,0.3308,0.3308,117704,0
1777980186.750686,0.12805,-0.150974,0.527004,1,0.4307,1.0661,-0.087214,0.002099,0.003016,0.001,0.1539,0.2758,1,0.27583,0.3108,0.3108,117716,0
1777980186.800771,0.127299,-0.152004,0.513336,1,0.4607,1.2055,-0.087965,0.001069,-0.010652,0.0012,0.158,0.3015,1,0.3015,0.3213,0.3213,117724,0
1777980186.850952,0.126566,-0.152355,0.507272,1,0.4695,1.2828,-0.088698,0.000718,-0.016715,0.0008,0.1554,0.3133,1,0.31327,0.3146,0.3146,117724,0
1777980186.903506,0.125671,-0.152501,0.501646,1,0.4365,0.6229,-0.089593,0.000572,-0.022341,0.0012,0.1635,0.2719,1,0.27186,0.3147,0.3147,117724,0
1777980186.953743,0.124865,-0.152671,0.496684,1,0.4577,0.6554,-0.090399,0.000402,-0.027303,0.0011,0.1694,0.2872,1,0.28718,0.3247,0.3247,117728,0
1777980187.003834,0.123443,-0.153157,0.487008,1,0.4327,0.6315,-0.091821,-8.4e-05,-0.03698,0.0007,0.148,0.2839,1,0.28394,0.2033,0.2033,117728,0
1777980187.053943,0.122567,-0.153432,0.483192,1,0.9666,1.0869,-0.092697,-0.000359,-0.040795,0.0009,0.7786,0.1871,1,0.18708,0.3214,0.3214,117732,0
1777980187.104087,0.121657,-0.153795,0.480489,1,0.2733,0.3854,-0.093607,-0.000722,-0.043499,0.0004,0.104,0.1689,1,0.16894,0.3343,0.3343,117732,0
1777980187.154194,0.120964,-0.154387,0.478758,1,0.4485,0.6461,-0.0943,-0.001314,-0.04523,0.001,0.1533,0.2941,1,0.29412,0.3424,0.3424,117732,0
1777980187.2043,0.120066,-0.15572,0.478597,1,0.4989,0.7227,-0.095198,-0.002647,-0.045391,0.0013,0.1891,0.3086,1,0.30859,0.3476,0.3476,117732,0
1777980187.254416,0.119841,-0.156129,0.479271,1,0.476,0.6612,-0.095423,-0.003056,-0.044716,0.0014,0.1436,0.331,1,0.33099,0.3555,0.3555,117732,0
1777980187.304593,0.119704,-0.156521,0.480806,1,0.4383,0.6272,-0.09556,-0.003448,-0.043181,0.001,0.1512,0.2862,1,0.28621,0.3566,0.3566,117732,0
1777980187.354699,0.119835,-0.157304,0.483915,1,0.4344,0.6176,-0.095429,-0.004231,-0.040073,0.001,0.1691,0.2643,1,0.26428,0.3473,0.3473,117732,0
1777980187.404799,0.121014,-0.158452,0.491207,1,0.4435,0.6532,-0.09425,-0.005379,-0.03278,0.0013,0.1611,0.2812,1,0.28116,0.2694,0.2694,117732,0
1777980187.454917,0.122484,-0.159345,0.495439,1,0.4541,0.6637,-0.09278,-0.006272,-0.028549,0.0004,0.1588,0.295,1,0.29495,0.337,0.337,117732,0
1777980187.505012,0.125117,-0.161075,0.499801,1,0.4191,0.6164,-0.090147,-0.008002,-0.024186,0.0006,0.1546,0.2639,1,0.26388,0.3211,0.3211,117732,0
1777980187.555108,0.128348,-0.163241,0.505967,1,0.4253,1.1923,-0.086916,-0.010168,-0.01802,0.0009,0.1515,0.2729,1,0.27286,0.2721,0.2721,117732,0
1777980187.605195,0.13775,-0.171387,0.521697,1,0.4183,0.5947,-0.077514,-0.018313,-0.002291,0.0015,0.1467,0.2702,1,0.27018,0.6344,0.6344,117736,0
1777980187.655292,0.14363,-0.17742,0.530317,1,0.4189,0.5959,-0.071634,-0.024347,0.00633,0.0008,0.1464,0.2717,1,0.27171,0.1353,0.1353,117736,0
1777980187.705394,0.149429,-0.184164,0.538913,1,0.4735,0.6562,-0.065835,-0.031091,0.014925,0.001,0.1703,0.3022,1,0.30222,0.1477,0.1477,117748,0
1777980187.755486,0.15526,-0.191214,0.546941,1,0.4436,0.6544,-0.060004,-0.038141,0.022953,0.001,0.1553,0.2872,1,0.28721,0.1487,0.1487,117748,0
1777980187.805576,0.166033,-0.203478,0.56147,1,0.436,0.6133,-0.049231,-0.050405,0.037483,0.0009,0.1676,0.2675,1,0.26751,0.9827,0.9827,117752,0
1777980187.855674,0.171689,-0.208065,0.567682,1,0.4158,0.5879,-0.043575,-0.054992,0.043694,0.0008,0.1521,0.2629,1,0.26295,0.6925,0.6925,117752,0
1777980187.905775,0.176836,-0.210974,0.572235,1,0.4847,0.6925,-0.038428,-0.057901,0.048248,0.0011,0.1899,0.2938,1,0.29376,0.8042,0.8042,117756,0
1777980187.956198,0.192915,-0.212928,0.583566,1,0.4419,0.6357,-0.022349,-0.059855,0.059578,0.0011,0.1501,0.2907,1,0.2907,1.7966,1.7966,117756,0
1777980188.006286,0.199783,-0.210351,0.58776,1,0.438,0.631,-0.015481,-0.057278,0.063773,0.0008,0.1525,0.2848,1,0.28476,0.6501,0.6501,117756,0
1777980188.056393,0.206299,-0.205677,0.590989,1,0.4156,0.6135,-0.008965,-0.052604,0.067002,0.0014,0.1439,0.2703,1,0.27025,0.4476,0.4476,117756,0
1777980188.106486,0.212814,-0.199624,0.593444,1,0.4471,0.6319,-0.00245,-0.046551,0.069456,0.0008,0.184,0.2623,1,0.26233,0.3666,0.3666,117756,0
1777980188.156586,0.224557,-0.185701,0.59642,1,0.4438,0.6271,0.009293,-0.032628,0.072433,0.0009,0.1648,0.2782,1,0.27819,0.3048,0.3048,117756,0
1777980188.206681,0.230032,-0.177757,0.59702,1,0.4722,0.654,0.014768,-0.024684,0.073032,0.0009,0.1609,0.3104,1,0.31036,0.2038,0.2038,117756,0
1777980188.256776,0.235026,-0.169573,0.596859,1,0.4339,0.6227,0.019762,-0.0165,0.072872,0.001,0.1503,0.2826,1,0.28256,0.2734,0.2734,117772,0
1777980188.306874,0.239663,-0.161495,0.596045,1,0.4526,0.65,0.024399,-0.008422,0.072057,0.001,0.1679,0.2838,1,0.2838,0.2869,0.2869,117772,0
1777980188.356964,0.248452,-0.145048,0.592267,1,0.4291,0.6038,0.033188,0.008025,0.06828,0.0014,0.1594,0.2682,1,0.26822,0.4772,0.4772,117772,0
1777980188.407045,0.251955,-0.137117,0.589717,1,0.4159,0.6112,0.036691,0.015956,0.06573,0.0007,0.1444,0.2707,1,0.2707,0.3011,0.3011,117772,0
1777980188.457122,0.254795,-0.129715,0.587214,1,0.4824,0.6784,0.039531,0.023358,0.063226,0.0008,0.1548,0.3268,1,0.3268,0.3806,0.3806,117772,0
1777980188.507242,0.256868,-0.122645,0.584762,1,0.4215,0.6033,0.041604,0.030428,0.060775,0.0008,0.1452,0.2755,1,0.27547,0.4032,0.4032,117772,0
1777980188.557304,0.259253,-0.110148,0.580278,1,0.4176,0.5917,0.043989,0.042925,0.056291,0.0007,0.1391,0.2778,1,0.2778,0.3478,0.3478,117772,0
1777980188.607408,0.259742,-0.10525,0.578146,1,0.4329,0.6198,0.044478,0.047823,0.054159,0.0009,0.1643,0.2676,1,0.26762,0.4434,0.4434,117780,0
1777980188.657498,0.259378,-0.10106,0.575916,1,0.4452,0.6295,0.044114,0.052013,0.051929,0.001,0.1702,0.2741,1,0.27407,0.4642,0.4642,117780,0
1777980188.707594,0.258253,-0.097665,0.573596,1,0.4344,0.6087,0.042989,0.055408,0.049609,0.0008,0.1643,0.2693,1,0.26935,0.4736,0.4736,117780,0
1777980188.757692,0.253023,-0.092766,0.568784,1,0.4798,0.6721,0.037759,0.060307,0.044796,0.0011,0.1693,0.3094,1,0.30937,0.4455,0.4455,117780,0
1777980188.807781,0.249289,-0.091344,0.566378,1,0.4342,0.626,0.034025,0.061729,0.04239,0.0009,0.1675,0.2658,1,0.26583,0.4498,0.4498,117780,0
1777980188.857886,0.246146,-0.09094,0.564352,1,0.4871,0.6947,0.030882,0.062133,0.040365,0.0008,0.1719,0.3144,1,0.31444,0.4458,0.4458,117780,0
1777980188.907976,0.243805,-0.091694,0.563115,1,0.423,0.6075,0.028541,0.061379,0.039128,0.0011,0.1558,0.2662,1,0.26618,0.4457,0.4457,117780,0
1777980188.958073,0.241061,-0.096648,0.563035,1,0.4353,0.6233,0.025797,0.056425,0.039047,0.0009,0.1716,0.2628,1,0.26284,0.3934,0.3934,117780,0
1777980189.008169,0.24014,-0.100648,0.563929,1,0.4435,0.6335,0.024876,0.052425,0.039942,0.0012,0.1584,0.2839,1,0.28391,0.4239,0.4239,117780,0
1777980189.058262,0.238866,-0.105406,0.565257,1,0.4294,0.6204,0.023602,0.047667,0.04127,0.0015,0.1573,0.2705,1,0.27052,0.4096,0.4096,117780,0
1777980189.108373,0.23705,-0.110467,0.566714,1,0.4834,0.6857,0.021786,0.042606,0.042727,0.0008,0.1683,0.3143,1,0.31433,0.399,0.399,117792,0
1777980189.15847,0.229698,-0.120805,0.569229,1,0.4102,0.5914,0.014434,0.032268,0.045242,0.001,0.148,0.2611,1,0.26114,0.1307,0.1307,117792,0
1777980189.208559,0.224017,-0.125624,0.569865,1,0.4695,0.6547,0.008753,0.027449,0.045877,0.0015,0.1753,0.2927,1,0.29273,0.2936,0.2936,117792,0
1777980189.258661,0.217088,-0.130155,0.569616,1,0.4239,0.6193,0.001824,0.022918,0.045629,0.0011,0.1567,0.2662,1,0.26615,0.2503,0.2503,117792,0
1777980189.308896,0.20911,-0.134742,0.56843,1,0.4595,0.6497,-0.006154,0.018331,0.044443,0.001,0.1567,0.3019,1,0.30187,0.1985,0.1985,117792,0
1777980189.358975,0.189195,-0.14373,0.565931,1,0.4349,0.6409,-0.026069,0.009343,0.041944,0.001,0.1605,0.2734,1,0.27342,1.0058,1.0058,117792,0
1777980189.409084,0.178245,-0.148232,0.56388,1,0.4373,0.6385,-0.037019,0.004842,0.039893,0.0008,0.1631,0.2734,1,0.27336,0.2685,0.2685,117796,0
1777980189.459173,0.167437,-0.152095,0.561939,1,0.4507,0.6481,-0.047827,0.000978,0.037952,0.0011,0.1632,0.2865,1,0.28646,0.2986,0.2986,117796,0
1777980189.509249,0.156841,-0.155472,0.560225,1,0.4235,0.6068,-0.058423,-0.002399,0.036237,0.001,0.1489,0.2737,1,0.27365,0.3383,0.3383,117796,0
1777980189.55932,0.136057,-0.161209,0.55564,1,0.4273,0.6183,-0.079207,-0.008136,0.031652,0.0009,0.152,0.2744,1,0.27439,1.3742,1.3742,117796,0
1777980189.609493,0.125558,-0.163741,0.55217,1,0.443,0.6284,-0.089706,-0.010668,0.028182,0.0012,0.1732,0.2685,1,0.26852,0.4852,0.4852,117796,0
1777980189.659581,0.114834,-0.166024,0.548292,1,0.4434,0.6416,-0.10043,-0.012951,0.024305,0.001,0.1648,0.2776,1,0.27759,0.6558,0.6558,117800,0
1777980189.709666,0.104859,-0.167639,0.544046,1,0.4155,0.5826,-0.110405,-0.014566,0.020059,0.0009,0.14,0.2746,1,0.27456,0.7291,0.7291,117800,0
1777980189.759753,0.085811,-0.169505,0.534002,1,0.4147,0.6016,-0.129453,-0.016431,0.010014,0.0006,0.1436,0.2704,1,0.27044,1.5625,1.5625,117800,0
1777980189.809855,0.076911,-0.169113,0.529254,1,0.4716,0.6616,-0.138353,-0.01604,0.005267,0.0009,0.1777,0.293,1,0.29297,0.8308,0.8308,117812,0
1777980189.85996,0.068521,-0.168241,0.524177,1,0.4309,0.6383,-0.146743,-0.015168,0.000189,0.0016,0.1562,0.2732,1,0.27321,0.8029,0.8029,117816,0
1777980189.910051,0.060879,-0.167156,0.518894,1,0.5041,0.7315,-0.154385,-0.014083,-0.005094,0.001,0.1833,0.3198,1,0.31978,0.7852,0.7852,117816,0
1777980189.96021,0.046677,-0.164405,0.50795,1,0.3845,0.5822,-0.168587,-0.011332,-0.016037,0.0003,0.0985,0.2857,1,0.28565,0.777,0.777,117816,0
1777980190.010428,0.040372,-0.163302,0.503367,1,0.4312,0.6172,-0.174892,-0.010229,-0.02062,0.0007,0.1517,0.2787,1,0.27869,0.6641,0.6641,117816,0
1777980190.060589,0.034531,-0.161891,0.500048,1,0.4556,0.6477,-0.180733,-0.008818,-0.023939,0.0011,0.1686,0.2859,1,0.28595,0.6735,0.6735,117816,0
1777980190.1107,0.028582,-0.1599,0.49789,1,0.4572,1.0827,-0.186682,-0.006827,-0.026098,0.0022,0.1729,0.2821,1,0.28211,0.7189,0.7189,117816,0
1777980190.160786,0.019496,-0.159756,0.49333,1,0.4989,1.5197,-0.195768,-0.006683,-0.030658,0.0016,0.2273,0.2701,1,0.27006,0.5915,0.5915,117816,0
1777980190.210894,0.015231,-0.16012,0.492342,1,0.4205,0.6819,-0.200033,-0.007046,-0.031646,0.0007,0.1458,0.274,1,0.27395,0.7827,0.7827,117820,0
1777980190.260971,0.011563,-0.160317,0.492016,1,0.4272,1.1115,-0.203701,-0.007244,-0.031971,0.0011,0.1372,0.2889,1,0.2889,0.8134,0.8134,117832,0
1777980190.313543,0.008524,-0.160568,0.492104,1,0.4327,0.6098,-0.20674,-0.007495,-0.031884,0.0004,0.1528,0.2795,1,0.27952,0.8385,0.8385,117832,0
1777980190.363711,0.0055,-0.161171,0.492791,1,0.43,0.6206,-0.209764,-0.008098,-0.031196,0.0011,0.1623,0.2665,1,0.26653,0.8621,0.8621,117832,0
1777980190.413814,0.005593,-0.161699,0.493199,1,0.4602,0.6559,-0.209671,-0.008626,-0.030788,0.0018,0.1735,0.2848,1,0.28482,0.8681,0.8681,117832,0
1777980190.463895,0.006636,-0.162525,0.493641,1,0.4545,0.661,-0.208628,-0.009452,-0.030346,0.001,0.1592,0.2942,1,0.29424,0.8642,0.8642,117832,0
1777980190.51399,0.008191,-0.163448,0.494054,1,0.3953,0.5691,-0.207073,-0.010375,-0.029933,0.0008,0.137,0.2575,1,0.2575,0.8577,0.8577,117832,0
1777980190.564089,0.013798,-0.166971,0.495292,1,0.4283,0.6229,-0.201466,-0.013898,-0.028695,0.001,0.1556,0.2717,1,0.27166,0.7326,0.7326,117832,0
1777980190.614192,0.018174,-0.169808,0.496327,1,0.4381,0.6241,-0.19709,-0.016735,-0.02766,0.0013,0.151,0.2857,1,0.2857,0.7518,0.7518,117832,0
1777980190.664297,0.023483,-0.17333,0.497705,1,0.4331,0.6424,-0.191781,-0.020257,-0.026283,0.0014,0.1544,0.2773,1,0.27729,0.7229,0.7229,117832,0
1777980190.714471,0.029707,-0.177434,0.499685,1,0.4941,0.7149,-0.185557,-0.024361,-0.024302,0.0012,0.1808,0.312,1,0.31202,0.6613,0.6613,117832,0
1777980190.764632,0.044188,-0.188672,0.506013,1,0.4396,0.6394,-0.171076,-0.035599,-0.017974,0.0015,0.1588,0.2793,1,0.27926,0.5156,0.5156,117832,0
1777980190.814837,0.052657,-0.194568,0.509103,1,0.4357,0.6246,-0.162607,-0.041495,-0.014884,0.0011,0.162,0.2725,1,0.27251,0.4016,0.4016,117832,0
1777980190.864934,0.061674,-0.200236,0.511905,1,0.4688,0.6651,-0.15359,-0.047163,-0.012083,0.0009,0.1594,0.3086,1,0.30859,0.9687,0.9687,117836,0
1777980190.915041,0.072001,-0.206718,0.515998,1,0.2529,0.3519,-0.143263,-0.053645,-0.007989,0.0007,0.0965,0.1557,1,0.15572,1.8399,1.8399,117836,0
1777980190.965245,0.093131,-0.218189,0.524652,1,0.5964,0.7836,-0.122133,-0.065116,0.000665,0.0011,0.1679,0.4274,2,0.21369,0.7261,0.7261,117836,0
1777980191.015323,0.104102,-0.223614,0.528709,1,0.6334,0.8434,-0.111162,-0.070541,0.004722,0.0008,0.1596,0.473,2,0.2365,0.6264,0.6264,117840,0
1777980191.065426,0.115228,-0.228863,0.533792,1,0.5885,0.7682,-0.100036,-0.07579,0.009805,0.0008,0.158,0.4297,2,0.21484,0.6189,0.6189,117840,0
1777980191.11629,0.137312,-0.236939,0.542517,1,0.3563,0.5751,-0.077952,-0.083866,0.018529,0.0008,0.1134,0.2421,2,0.12104,0.5707,0.5707,117844,0
1777980191.166383,0.14779,-0.239317,0.546164,1,0.5921,0.7817,-0.067474,-0.086244,0.022177,0.0008,0.1709,0.4204,2,0.21019,0.4968,0.4968,117844,0
1777980191.216553,0.157877,-0.240654,0.549356,1,0.6094,0.8033,-0.057387,-0.087581,0.025369,0.0009,0.1808,0.4277,2,0.21383,0.4512,0.4512,117844,0
1777980191.266711,0.166406,-0.239884,0.552725,1,0.5939,0.7854,-0.048858,-0.086811,0.028737,0.001,0.1686,0.4243,2,0.21216,0.4215,0.4215,117844,0
1777980191.316787,0.18215,-0.23489,0.558813,1,0.5695,0.7494,-0.033114,-0.081817,0.034825,0.0009,0.1587,0.4099,2,0.20496,0.4023,0.4023,117844,0
1777980191.36692,0.190756,-0.232409,0.56084,1,0.8198,1.0013,-0.024508,-0.079336,0.036852,0.0009,0.506,0.3129,1,0.31292,2.2716,2.2716,117844,0
1777980191.417023,0.19912,-0.228713,0.562873,1,0.4817,0.6888,-0.016144,-0.07564,0.038886,0.001,0.1703,0.3104,1,0.31037,1.7388,1.7388,117848,0
1777980191.467246,0.206589,-0.223733,0.564812,1,0.3079,0.5145,-0.008675,-0.07066,0.040825,0.0004,0.1104,0.197,1,0.19697,1.0779,1.0779,117856,0
1777980191.517411,0.219919,-0.211072,0.568345,1,0.4794,0.6972,0.004655,-0.057999,0.044358,0.0011,0.1911,0.2871,1,0.28713,0.3662,0.3662,117856,0
1777980191.567608,0.225723,-0.204597,0.56979,1,0.3907,0.5675,0.010459,-0.051524,0.045803,0.0007,0.1312,0.2588,1,0.25876,0.2914,0.2914,117856,0
1777980191.617851,0.230847,-0.197784,0.570962,1,0.4169,0.6035,0.015583,-0.044711,0.046975,0.0012,0.1547,0.261,1,0.26097,0.2447,0.2447,117856,0
1777980191.667955,0.235073,-0.190399,0.571782,1,0.4378,0.6273,0.019809,-0.037326,0.047795,0.0009,0.1643,0.2726,1,0.27258,0.2622,0.2622,117856,0
1777980191.718021,0.240528,-0.174979,0.57157,1,0.4445,0.651,0.025264,-0.021906,0.047583,0.001,0.1643,0.2792,1,0.27921,0.2874,0.2874,117856,0
1777980191.768232,0.242012,-0.167023,0.570795,1,0.4293,0.6282,0.026748,-0.01395,0.046807,0.0009,0.1469,0.2816,1,0.2816,0.3245,0.3245,117856,0
1777980191.818394,0.242523,-0.15897,0.569961,1,0.43,0.5982,0.027259,-0.005897,0.045973,0.001,0.1531,0.2759,1,0.27591,0.3834,0.3834,117860,0
1777980191.868484,0.242762,-0.151089,0.569142,1,0.5337,0.7532,0.027498,0.001984,0.045155,0.0009,0.1832,0.3496,1,0.3496,0.3775,0.3775,117872,0
1777980191.918609,0.241797,-0.136177,0.567544,1,0.4302,0.6281,0.026533,0.016896,0.043557,0.0008,0.1449,0.2845,1,0.28447,0.4208,0.4208,117872,0
1777980191.968676,0.239987,-0.128598,0.566965,1,0.4248,0.6106,0.024723,0.024475,0.042978,0.0014,0.152,0.2714,1,0.27136,0.4075,0.4075,117872,0
1777980192.018845,0.237481,-0.121922,0.566741,1,0.436,0.6365,0.022217,0.031151,0.042754,0.001,0.1677,0.2674,1,0.26742,0.4322,0.4322,117872,0
1777980192.069055,0.234259,-0.115919,0.566578,1,0.651,0.8492,0.018995,0.037154,0.04259,0.0011,0.1667,0.4832,1,0.48324,0.4445,0.4445,117872,0
1777980192.119173,0.226249,-0.107723,0.565815,1,0.4317,0.6212,0.010985,0.04535,0.041828,0.0009,0.1538,0.277,1,0.277,0.4855,0.4855,117872,0
1777980192.169314,0.222431,-0.105818,0.565376,1,0.4614,0.6459,0.007167,0.047255,0.041389,0.0009,0.1686,0.2919,1,0.29186,0.4293,0.4293,117872,0
1777980192.219488,0.219748,-0.105227,0.565172,1,0.4393,0.6308,0.004484,0.047846,0.041185,0.0013,0.1713,0.2667,1,0.2667,0.4328,0.4328,117872,0
1777980192.269669,0.21768,-0.10602,0.565435,1,0.2837,0.4034,0.002416,0.047053,0.041448,0.0005,0.1108,0.1724,1,0.17237,0.4327,0.4327,117872,0
1777980192.319788,0.214289,-0.110612,0.566081,1,0.2811,0.4081,-0.000975,0.042461,0.042094,0.0004,0.108,0.1727,1,0.17267,0.3736,0.3736,117872,0
1777980192.369895,0.211817,-0.114106,0.565922,1,0.2867,0.4032,-0.003447,0.038967,0.041935,0.0004,0.1066,0.1796,1,0.17964,0.379,0.379,117876,0
1777980192.420012,0.207585,-0.1182,0.565393,1,0.2775,0.3929,-0.007679,0.034873,0.041406,0.0004,0.106,0.1711,1,0.17114,0.3304,0.3304,117876,0
1777980192.47011,0.202518,-0.122315,0.564749,1,0.2866,0.3998,-0.012746,0.030758,0.040762,0.0005,0.1048,0.1813,1,0.18131,0.3,0.3,117876,0
1777980192.520236,0.189394,-0.130753,0.563105,1,0.4579,1.1508,-0.02587,0.02232,0.039118,0.001,0.1664,0.2905,1,0.29048,0.3767,0.3767,117880,0
1777980192.570415,0.181374,-0.134794,0.562138,1,0.4647,1.2723,-0.03389,0.018279,0.03815,0.001,0.1879,0.2759,1,0.27589,0.1977,0.1977,117884,0
1777980192.62059,0.172697,-0.138432,0.561476,1,0.4547,3.1129,-0.042567,0.014641,0.037488,0.0017,0.1656,0.2874,1,0.28742,0.2288,0.2288,117896,0
1777980192.670728,0.163415,-0.141282,0.561312,1,0.4365,3.1256,-0.051849,0.011791,0.037325,0.0004,0.1647,0.2713,1,0.27132,0.2693,0.2693,117896,0
1777980192.720841,0.141888,-0.145816,0.559748,1,0.4527,3.0805,-0.073376,0.007257,0.035761,0.001,0.1654,0.2863,1,0.28628,1.263,1.263,117896,0
1777980192.770923,0.131385,-0.14761,0.55788,1,0.4271,0.6263,-0.083879,0.005463,0.033893,0.001,0.1514,0.2747,1,0.27469,0.3971,0.3971,117896,0
1777980192.821036,0.1213,-0.149214,0.555939,1,0.439,1.3114,-0.093964,0.003859,0.031952,0.0015,0.1614,0.2761,1,0.2761,0.5431,0.5431,117896,0
1777980192.872037,0.11186,-0.150867,0.553957,1,0.4354,0.6477,-0.103404,0.002206,0.029969,0.0009,0.1551,0.2794,1,0.27935,0.5601,0.5601,117896,0
1777980192.92213,0.093246,-0.154626,0.548888,1,0.4247,0.6122,-0.122018,-0.001553,0.0249,0.0011,0.1529,0.2708,1,0.27076,1.665,1.665,117896,0
1777980192.972224,0.084705,-0.15614,0.546176,1,0.4279,0.616,-0.130559,-0.003067,0.022189,0.0008,0.1497,0.2774,1,0.2774,0.5413,0.5413,117896,0
1777980193.022394,0.075658,-0.15758,0.542835,1,0.4419,0.6309,-0.139606,-0.004507,0.018847,0.0009,0.1632,0.2778,1,0.27777,0.5401,0.5401,117904,0
1777980193.072593,0.067074,-0.158842,0.538941,1,0.4161,0.6036,-0.14819,-0.005769,0.014953,0.0009,0.1487,0.2666,1,0.26656,0.5553,0.5553,117904,0
1777980193.122784,0.051503,-0.161489,0.530424,1,0.4491,0.6587,-0.163761,-0.008416,0.006437,0.0011,0.1623,0.2856,1,0.28561,1.4338,1.4338,117904,0
1777980193.172852,0.044318,-0.162678,0.526287,1,0.3319,0.4517,-0.170946,-0.009605,0.0023,0.0005,0.1181,0.2133,1,0.21327,0.7138,0.7138,117912,0
1777980193.22298,0.037873,-0.163086,0.522896,1,0.4232,0.6273,-0.177391,-0.010013,-0.001091,0.0008,0.1543,0.268,1,0.26802,0.7146,0.7146,117912,0
1777980193.27307,0.031923,-0.163477,0.51964,1,0.4215,0.6296,-0.183341,-0.010404,-0.004348,0.001,0.1481,0.2725,1,0.27252,0.7515,0.7515,117912,0
1777980193.323521,0.022295,-0.164371,0.513919,1,0.4246,0.6209,-0.192969,-0.011298,-0.010068,0.0012,0.1489,0.2745,1,0.27448,1.068,1.068,117912,0
1777980193.373927,0.01823,-0.164924,0.511961,1,0.2898,0.4209,-0.197034,-0.011851,-0.012026,0.0005,0.1108,0.1786,1,0.17859,0.8526,0.8526,117916,0
1777980193.424038,0.014492,-0.165517,0.51055,1,0.2724,0.3831,-0.200772,-0.012444,-0.013438,0.0011,0.1037,0.1675,1,0.16747,0.8748,0.8748,117920,0
1777980193.474116,0.010742,-0.166313,0.509505,1,0.3036,0.4216,-0.204522,-0.01324,-0.014483,0.0004,0.1014,0.2018,1,0.20181,0.9173,0.9173,117920,0
1777980193.524214,0.003959,-0.168485,0.507939,1,0.2902,0.4104,-0.211305,-0.015412,-0.016048,0.0004,0.1078,0.182,1,0.18204,1.0381,1.0381,117920,0
1777980193.574314,0.001085,-0.169838,0.507194,1,0.2801,0.4068,-0.214179,-0.016765,-0.016794,0.0004,0.1085,0.1712,1,0.1712,0.9586,0.9586,117920,0
1777980193.624873,-0.001154,-0.171347,0.506401,1,0.4203,0.6262,-0.216418,-0.018273,-0.017586,0.0005,0.11,0.3098,1,0.30983,0.9674,0.9674,117920,0
1777980193.675049,-0.0026,-0.172886,0.505801,1,0.4127,0.6092,-0.217864,-0.019813,-0.018186,0.0008,0.145,0.2669,1,0.26689,0.9726,0.9726,117920,0
1777980193.725134,-0.002879,-0.176555,0.505512,1,0.4111,0.6059,-0.218143,-0.023482,-0.018475,0.0007,0.1483,0.2621,1,0.26206,0.8968,0.8968,117920,0
1777980193.775226,-0.001842,-0.178911,0.505911,1,0.422,0.6148,-0.217106,-0.025838,-0.018077,0.0009,0.1414,0.2797,1,0.27968,0.8804,0.8804,117920,0
1777980193.825324,-0.000216,-0.181448,0.506686,1,0.4855,0.6927,-0.21548,-0.028375,-0.017301,0.0009,0.1777,0.3069,1,0.30688,0.8694,0.8694,117920,0
1777980193.875432,0.001685,-0.18366,0.507754,1,0.4406,1.0707,-0.213579,-0.030587,-0.016233,0.0014,0.1608,0.2784,1,0.27841,0.7911,0.7911,117924,0
1777980193.925697,0.005629,-0.184613,0.509867,1,0.4283,0.634,-0.209635,-0.03154,-0.01412,0.0014,0.1501,0.2767,1,0.27671,0.6275,0.6275,117924,0
1777980193.975798,0.008056,-0.1834,0.510907,1,0.4295,0.6156,-0.207208,-0.030327,-0.013081,0.001,0.159,0.2694,1,0.26942,0.6938,0.6938,117924,0
1777980194.025874,0.011103,-0.181855,0.512068,1,0.4416,0.6233,-0.204161,-0.028782,-0.01192,0.0008,0.1493,0.2915,1,0.2915,0.6452,0.6452,117936,0
1777980194.076068,0.021505,-0.179205,0.516068,1,0.4295,0.8866,-0.193759,-0.026132,-0.007919,0.001,0.1587,0.2698,1,0.26978,0.4935,0.4935,117936,0
1777980194.126163,0.028485,-0.176124,0.522924,1,0.4247,0.6202,-0.186778,-0.023051,-0.001063,0.0008,0.1503,0.2737,1,0.27366,0.7606,0.7606,117936,0
1777980194.176249,0.037144,-0.172471,0.532018,1,0.474,0.6746,-0.17812,-0.019398,0.00803,0.0008,0.1793,0.2939,1,0.29394,2.2788,2.2788,117936,0
1777980194.226389,0.049176,-0.172491,0.535173,1,0.6067,0.7797,-0.166088,-0.019418,0.011186,0.001,0.1622,0.4435,2,0.22175,0.9357,0.9357,117940,0
1777980194.276463,0.078662,-0.172356,0.540997,1,0.5679,0.7509,-0.136602,-0.019283,0.01701,0.0009,0.1568,0.4102,2,0.20512,0.7669,0.7669,117940,0
1777980194.326567,0.095514,-0.170959,0.545194,1,0.4403,0.6299,-0.119749,-0.017886,0.021206,0.001,0.1682,0.2712,1,0.27115,2.418,2.418,117940,0
1777980194.376672,0.113005,-0.168821,0.550361,1,0.4375,0.6347,-0.102259,-0.015748,0.026374,0.0008,0.162,0.2747,1,0.27466,2.2697,2.2697,117940,0
1777980194.426762,0.132113,-0.165325,0.55602,1,0.4842,0.6974,-0.083151,-0.012252,0.032033,0.0012,0.1737,0.3092,1,0.30923,1.4941,1.4941,117940,0
1777980194.476881,0.17043,-0.155421,0.565297,1,0.5855,0.7851,-0.044834,-0.002348,0.04131,0.0007,0.1678,0.417,2,0.20848,0.3829,0.3829,117940,0
1777980194.526973,0.188682,-0.149519,0.568883,1,0.4218,0.6072,-0.026582,0.003554,0.044896,0.0009,0.1512,0.2697,1,0.26966,0.8327,0.8327,117940,0
1777980194.577067,0.204455,-0.143918,0.571955,1,0.4889,0.6954,-0.010809,0.009155,0.047968,0.0009,0.1695,0.3184,1,0.31845,0.4712,0.4712,117944,0
1777980194.627175,0.217032,-0.138248,0.574005,1,0.4723,0.6617,0.001768,0.014826,0.050018,0.0012,0.1797,0.2914,1,0.29142,0.131,0.131,117944,0
1777980194.677279,0.230852,-0.126897,0.576098,1,0.5169,0.75,0.015588,0.026176,0.05211,0.0012,0.1817,0.3339,1,0.33391,0.4622,0.4622,117944,0
1777980194.727381,0.232678,-0.122497,0.576678,1,0.4839,0.7044,0.017414,0.030576,0.05269,0.0008,0.159,0.3241,1,0.32406,0.4526,0.4526,117944,0
1777980194.777539,0.233077,-0.119086,0.577109,1,0.4933,0.6859,0.017813,0.033987,0.053121,0.0011,0.1859,0.3064,1,0.30637,0.4994,0.4994,117956,0
1777980194.82763,0.232821,-0.11672,0.577379,1,0.4423,0.6307,0.017557,0.036353,0.053392,0.001,0.1709,0.2703,1,0.27033,0.5202,0.5202,117956,0
1777980194.878314,0.231006,-0.114276,0.577119,1,0.4256,0.5947,0.015742,0.038797,0.053132,0.0008,0.142,0.2827,1,0.28274,0.5272,0.5272,117956,0
1777980194.928419,0.229693,-0.114197,0.576437,1,0.5065,0.7041,0.014429,0.038876,0.05245,0.001,0.1821,0.3233,1,0.32333,0.527,0.527,117956,0
1777980194.978539,0.227771,-0.114659,0.575453,1,0.4587,0.6676,0.012507,0.038414,0.051466,0.001,0.1801,0.2776,1,0.27762,0.5162,0.5162,117956,0
1777980195.028697,0.224158,-0.115816,0.574186,1,0.4535,0.632,0.008894,0.037257,0.050198,0.0007,0.1523,0.3005,1,0.30051,0.4831,0.4831,117960,0
1777980195.07879,0.207047,-0.119131,0.570387,1,0.4445,0.633,-0.008217,0.033942,0.046399,0.001,0.1698,0.2737,1,0.27374,0.4174,0.4174,117960,0
1777980195.128899,0.191782,-0.12149,0.566218,1,0.4867,0.7115,-0.023482,0.031583,0.042231,0.0012,0.1686,0.3169,1,0.31692,0.2972,0.2972,117960,0
1777980195.178998,0.171604,-0.12476,0.560484,1,0.4788,0.6866,-0.04366,0.028313,0.036497,0.0008,0.1676,0.3104,1,0.31042,0.8755,0.8755,117960,0
1777980195.2291,0.146505,-0.128996,0.552603,1,0.4629,0.6831,-0.068759,0.024077,0.028616,0.0009,0.1674,0.2946,1,0.29461,1.705,1.705,117960,0
1777980195.279197,0.091571,-0.138747,0.535119,1,0.6292,0.804,-0.123693,0.014326,0.011131,0.0011,0.1676,0.4606,2,0.2303,0.359,0.359,117960,0
1777980195.329382,0.066065,-0.14341,0.527185,1,0.4348,0.6218,-0.149199,0.009663,0.003198,0.001,0.1586,0.2753,1,0.2753,2.3702,2.3702,117960,0
1777980195.379487,0.0446,-0.147493,0.520422,1,0.4482,0.6346,-0.170664,0.00558,-0.003565,0.0009,0.1787,0.2687,1,0.26869,2.0453,2.0453,117964,0
1777980195.429661,0.027066,-0.151062,0.514832,1,0.45,0.6404,-0.188198,0.002011,-0.009156,0.0011,0.1584,0.2905,1,0.29046,1.5857,1.5857,117972,0
1777980195.479709,0.003688,-0.153128,0.514614,1,0.4462,0.6461,-0.211576,-5.5e-05,-0.009373,0.0009,0.1736,0.2717,1,0.27167,2.3212,2.3212,117972,0
1777980195.529785,-0.00247,-0.154446,0.512576,1,0.5018,0.7155,-0.217734,-0.001373,-0.011411,0.001,0.1816,0.3192,1,0.31919,0.9744,0.9744,117972,0
1777980195.579878,-0.005135,-0.156691,0.508937,1,0.4489,0.6384,-0.220399,-0.003618,-0.015051,0.0011,0.1709,0.2769,1,0.2769,0.8219,0.8219,117972,0
1777980195.630063,-0.005637,-0.157974,0.507033,1,0.4526,0.9563,-0.220901,-0.004901,-0.016954,0.001,0.1653,0.2863,1,0.28631,0.8183,0.8183,117976,0
1777980195.680162,-0.003633,-0.158163,0.506314,1,0.4234,0.7143,-0.218897,-0.00509,-0.017674,0.0008,0.1529,0.2696,1,0.26964,0.7639,0.7639,117976,0
1777980195.730264,-0.001943,-0.157354,0.506637,1,0.548,1.4751,-0.217207,-0.004281,-0.017351,0.0009,0.1761,0.371,1,0.371,0.7613,0.7613,117976,0
1777980195.780382,-0.000339,-0.156544,0.507054,1,0.5443,0.8303,-0.215603,-0.00347,-0.016933,0.001,0.1738,0.3696,1,0.36956,0.7331,0.7331,117976,0
1777980195.830465,0.001007,-0.155949,0.507408,1,0.465,1.245,-0.214257,-0.002875,-0.01658,0.001,0.1618,0.3022,1,0.3022,0.7192,0.7192,117980,0
1777980195.880566,0.002266,-0.157029,0.507643,1,0.4734,1.2498,-0.212998,-0.003956,-0.016344,0.0012,0.1874,0.2848,1,0.28481,0.7327,0.7327,117980,0
1777980195.930956,0.00273,-0.160202,0.507868,1,0.4284,1.2291,-0.212534,-0.007128,-0.016119,0.0013,0.1566,0.2705,1,0.27046,0.7522,0.7522,117980,0
1777980195.981182,0.004212,-0.166416,0.508441,1,0.4684,0.6582,-0.211052,-0.013343,-0.015547,0.001,0.1601,0.3073,1,0.30732,0.5489,0.5489,117980,0
1777980196.03129,0.007531,-0.177315,0.509577,1,0.4611,1.339,-0.207733,-0.024242,-0.01441,0.001,0.1743,0.2857,1,0.28573,0.1664,0.1664,117980,0
1777980196.081581,0.018841,-0.2135,0.514309,1,0.6478,1.0697,-0.196423,-0.060427,-0.009679,0.0015,0.1739,0.4724,2,0.23621,1.0801,1.0801,117980,0
1777980196.13346,0.027386,-0.236131,0.519587,1,0.6119,1.5359,-0.187878,-0.083058,-0.004401,0.0009,0.1617,0.4493,2,0.22467,2.1741,2.1741,117980,0
1777980196.183763,0.034727,-0.259565,0.525588,1,1.2287,1.3433,-0.180537,-0.106492,0.0016,0.001,0.1675,1.0602,3,0.35341,0.8236,0.8236,117984,0
1777980196.233932,0.038274,-0.282392,0.529777,1,0.3947,0.5048,-0.17699,-0.129319,0.00579,0.0005,0.1074,0.2867,3,0.09558,0.7278,0.7278,117984,0
1777980196.284038,0.035441,-0.315536,0.53735,1,0.6966,0.8687,-0.179823,-0.162463,0.013362,0.001,0.1562,0.5394,3,0.17981,0.7351,0.7351,117984,0
1777980196.334157,0.032207,-0.324992,0.539286,1,0.7294,0.9312,-0.183057,-0.171919,0.015298,0.001,0.1831,0.5453,3,0.18176,1.4758,1.4758,117984,0
1777980196.384731,0.029582,-0.330229,0.541236,1,0.9375,1.1424,-0.185682,-0.177156,0.017249,0.0013,0.1905,0.7457,3,0.24857,1.9471,1.9471,117984,0
1777980196.434808,0.02767,-0.329276,0.545394,1,0.7317,1.4454,-0.187594,-0.176203,0.021407,0.0008,0.1421,0.5888,3,0.19626,2.1404,2.1404,117996,0
1777980196.484903,0.027885,-0.324584,0.550207,1,0.7183,0.8963,-0.187379,-0.171511,0.02622,0.0008,0.142,0.5755,3,0.19184,1.9509,1.9509,117996,0
1777980196.534989,0.029421,-0.319725,0.551609,1,0.7941,0.9986,-0.185843,-0.166652,0.027621,0.0011,0.1707,0.6222,3,0.20741,1.7863,1.7863,117996,0
1777980196.585072,0.032089,-0.314084,0.552516,1,0.8809,1.0799,-0.183175,-0.161011,0.028528,0.0008,0.1694,0.7108,3,0.23692,1.4666,1.4666,118000,0
1777980196.635143,0.035609,-0.307778,0.553352,1,0.7672,1.6204,-0.179655,-0.154705,0.029364,0.0007,0.1446,0.622,3,0.20732,1.14,1.14,118000,0
1777980196.685257,0.04604,-0.290716,0.555663,1,0.8784,1.1449,-0.169224,-0.137643,0.031676,0.0009,0.165,0.7125,3,0.2375,0.5821,0.5821,118000,0
1777980196.735351,0.053604,-0.27903,0.557054,1,0.7802,1.0086,-0.16166,-0.125956,0.033066,0.0014,0.169,0.6099,3,0.20328,0.6124,0.6124,118000,0
1777980196.785454,0.062055,-0.265153,0.557873,1,0.8029,0.9812,-0.153209,-0.11208,0.033886,0.0009,0.1575,0.6446,3,0.21486,0.7053,0.7053,118000,0
1777980196.835549,0.071277,-0.250435,0.558178,1,0.833,1.5914,-0.143987,-0.097362,0.03419,0.0009,0.1523,0.6798,3,0.22658,0.7643,0.7643,118000,0
1777980196.885651,0.094902,-0.223382,0.555706,1,0.7054,0.9028,-0.120362,-0.070309,0.031719,0.0007,0.2314,0.4732,2,0.23662,0.5887,0.5887,118000,0
1777980196.935697,0.108133,-0.211449,0.552748,1,0.6868,0.8715,-0.107131,-0.058376,0.02876,0.0009,0.2148,0.4711,2,0.23557,0.5733,0.5733,118000,0
1777980196.98584,0.120454,-0.196697,0.55092,1,0.5219,0.7081,-0.09481,-0.043624,0.026933,0.0011,0.2057,0.3151,1,0.3151,1.3978,1.3978,118000,0
1777980197.036395,0.143616,-0.155223,0.550349,1,0.6013,0.7836,-0.071648,-0.00215,0.026362,0.0009,0.1515,0.4489,2,0.22443,0.4164,0.4164,118012,0
1777980197.086468,0.150787,-0.133527,0.550573,1,0.4608,0.6508,-0.064477,0.019546,0.026586,0.0008,0.1719,0.2881,1,0.28805,0.8903,0.8903,118012,0
1777980197.136589,0.155178,-0.11227,0.550027,1,0.5085,0.7093,-0.060086,0.040803,0.02604,0.0012,0.1755,0.3318,1,0.33177,0.7614,0.7614,118016,0
1777980197.186697,0.157298,-0.092221,0.549546,1,0.4657,0.6743,-0.057966,0.060852,0.025558,0.0009,0.1609,0.3039,1,0.30385,0.616,0.616,118016,0
1777980197.236786,0.15577,-0.059482,0.547668,1,0.4249,0.611,-0.059494,0.093591,0.023681,0.001,0.1555,0.2684,1,0.2684,2.152,2.152,118016,0
1777980197.286857,0.153434,-0.05,0.546735,1,0.4442,0.6369,-0.06183,0.106374,0.022747,0.0011,0.1527,0.2905,1,0.29047,0.2831,0.2831,118016,0
1777980197.33694,0.150758,-0.05,0.546151,1,0.4364,0.6185,-0.064506,0.115947,0.022164,0.0007,0.1595,0.2761,1,0.27611,0.5003,0.5003,118016,0
1777980197.387862,0.148664,-0.05,0.546,1,0.4107,0.6142,-0.0666,0.122146,0.022012,0.0005,0.1096,0.3006,1,0.30059,0.5076,0.5076,118020,0
1777980197.437943,0.146611,-0.05,0.546431,1,0.5136,0.7285,-0.068653,0.126303,0.022444,0.001,0.1719,0.3406,1,0.34061,0.52,0.52,118020,0
1777980197.488016,0.146509,-0.05,0.546989,1,0.3686,0.5364,-0.068755,0.12502,0.023002,0.0007,0.1214,0.2464,1,0.24645,0.5248,0.5248,118020,0
1777980197.538099,0.146967,-0.05,0.547797,1,0.4632,0.6573,-0.068297,0.121861,0.023809,0.0011,0.1677,0.2944,1,0.2944,0.5297,0.5297,118020,0
1777980197.588177,0.147715,-0.05,0.548419,1,0.4344,0.6155,-0.067549,0.117352,0.024432,0.0006,0.1536,0.2801,1,0.28011,0.5358,0.5358,118020,0
1777980197.638288,0.15038,-0.05,0.549236,1,0.4776,0.6709,-0.064884,0.104483,0.025249,0.0015,0.1617,0.3144,1,0.31441,0.5496,0.5496,118020,0
1777980197.688386,0.152161,-0.058326,0.550158,1,0.4378,0.6321,-0.063103,0.094747,0.026171,0.0014,0.1577,0.2787,1,0.27866,0.4217,0.4217,118020,0
1777980197.7385,0.15406,-0.070809,0.551878,1,0.4993,0.7187,-0.061204,0.082264,0.02789,0.0019,0.1962,0.3012,1,0.3012,0.2434,0.2434,118024,0
1777980197.78859,0.155773,-0.085167,0.553963,1,0.4256,0.6104,-0.059491,0.067906,0.029975,0.0011,0.147,0.2775,1,0.27748,0.1903,0.1903,118032,0
1777980197.83869,0.157942,-0.118845,0.559348,1,0.4222,0.6002,-0.057322,0.034228,0.035361,0.0011,0.1553,0.2658,1,0.26581,2.3546,2.3546,118032,0
1777980197.888775,0.157701,-0.137445,0.562513,1,0.4137,0.6095,-0.057563,0.015629,0.038525,0.0007,0.1487,0.2644,1,0.26436,0.5201,0.5201,118032,0
1777980197.938888,0.156405,-0.155295,0.565683,1,0.4322,0.6362,-0.058859,-0.002222,0.041696,0.0011,0.1641,0.267,1,0.26701,0.362,0.362,118032,0
1777980197.988981,0.154198,-0.173296,0.568677,1,0.4317,0.6468,-0.061066,-0.020223,0.044689,0.0009,0.1549,0.276,1,0.27599,0.383,0.383,118032,0
1777980198.039073,0.146942,-0.206733,0.574308,1,0.4575,0.661,-0.068322,-0.05366,0.050321,0.0008,0.165,0.2916,1,0.29161,2.5203,2.5203,118032,0
1777980198.089185,0.141833,-0.222254,0.577044,1,0.5663,0.7455,-0.073431,-0.069181,0.053056,0.0009,0.1481,0.4172,2,0.20862,0.5601,0.5601,118032,0
1777980198.139266,0.136468,-0.236111,0.579446,1,0.5729,0.7613,-0.078796,-0.083038,0.055459,0.0007,0.147,0.4251,2,0.21257,0.6957,0.6957,118032,0
1777980198.189346,0.131169,-0.248026,0.581845,1,0.6169,0.8066,-0.084095,-0.094952,0.057858,0.0008,0.1621,0.454,2,0.22702,1.0112,1.0112,118036,0
1777980198.239428,0.121278,-0.265715,0.586152,1,0.5851,0.7683,-0.093986,-0.112642,0.062164,0.0009,0.16,0.4243,2,0.21215,2.0865,2.0865,118036,0
1777980198.289545,0.116792,-0.271843,0.587901,1,0.6066,0.8213,-0.098472,-0.11877,0.063913,0.001,0.1538,0.4517,2,0.22586,2.9136,2.9136,118036,0
1777980198.339654,0.113177,-0.276134,0.589019,1,0.6623,0.8299,-0.102087,-0.12306,0.065032,0.0007,0.1416,0.52,3,0.17334,0.7051,0.7051,118036,0
1777980198.389707,0.110489,-0.278734,0.589574,1,0.7658,0.9559,-0.104775,-0.125661,0.065587,0.0014,0.1748,0.5897,3,0.19655,0.7104,0.7104,118048,0
1777980198.439799,0.109094,-0.279165,0.589155,1,0.6885,0.8761,-0.10617,-0.126092,0.065168,0.0012,0.1499,0.5374,3,0.17913,0.7098,0.7098,118048,0
1777980198.489892,0.11063,-0.27736,0.588158,1,0.666,0.8615,-0.104634,-0.124287,0.06417,0.0009,0.156,0.5091,3,0.16969,0.7017,0.7017,118048,0
1777980198.539978,0.113649,-0.274354,0.586757,1,0.7027,0.9062,-0.101615,-0.121281,0.062769,0.0009,0.1481,0.5537,3,0.18456,0.6909,0.6909,118048,0
1777980198.590074,0.117893,-0.269842,0.58532,1,0.5782,0.7389,-0.097371,-0.116769,0.061333,0.0008,0.1491,0.4283,2,0.21415,2.781,2.781,118048,0
1777980198.640181,0.130722,-0.255098,0.582482,1,0.5496,0.7213,-0.084542,-0.102025,0.058494,0.0009,0.1432,0.4055,2,0.20277,1.3807,1.3807,118052,0
1777980198.690253,0.137891,-0.245006,0.581522,1,0.6943,1.4992,-0.077373,-0.091933,0.057535,0.0009,0.1693,0.5241,2,0.26203,0.8523,0.8523,118052,0
1777980198.74036,0.145955,-0.233259,0.580071,1,0.5982,1.3448,-0.069309,-0.080186,0.056084,0.0008,0.17,0.4274,2,0.21369,0.6146,0.6146,118052,0
1777980198.790455,0.153618,-0.220194,0.578398,1,0.6159,1.4217,-0.061646,-0.06712,0.054411,0.0015,0.1712,0.4432,2,0.22161,0.5289,0.5289,118052,0
1777980198.840549,0.167237,-0.188633,0.573987,1,0.5071,3.3777,-0.048027,-0.03556,0.05,0.0008,0.1657,0.3406,1,0.3406,0.2497,0.2497,118052,0
1777980198.890637,0.172255,-0.172316,0.571616,1,0.4273,1.2461,-0.043009,-0.019243,0.047628,0.0006,0.1706,0.2561,1,0.25608,0.1329,0.1329,118052,0
1777980198.940774,0.176348,-0.154945,0.568592,1,0.48,1.3262,-0.038916,-0.001872,0.044605,0.0009,0.2138,0.2652,1,0.26523,0.3446,0.3446,118052,0
1777980198.990876,0.179069,-0.137036,0.565842,1,0.4642,0.6692,-0.036195,0.016037,0.041855,0.0011,0.1683,0.2948,1,0.29476,0.3578,0.3578,118056,0
1777980199.04097,0.179313,-0.103299,0.561505,1,0.4381,1.2406,-0.035951,0.049774,0.037518,0.001,0.1601,0.277,1,0.27704,2.2026,2.2026,118056,0
1777980199.091892,0.178554,-0.087044,0.559076,1,0.294,0.4184,-0.03671,0.066029,0.035088,0.0004,0.111,0.1826,1,0.18265,0.2546,0.2546,118056,0
1777980199.143571,0.176949,-0.072791,0.556865,1,0.2837,0.4001,-0.038315,0.080282,0.032878,0.0005,0.1094,0.1738,1,0.17384,0.2967,0.2967,118056,0
1777980199.193934,0.174668,-0.059856,0.554893,1,0.2827,0.3932,-0.040596,0.093217,0.030905,0.0004,0.1068,0.1755,1,0.17553,0.3604,0.3604,118056,0
1777980199.244097,0.167766,-0.05,0.553434,1,0.2841,0.3984,-0.047498,0.113803,0.029447,0.0005,0.1099,0.1737,1,0.17374,0.5636,0.5636,118056,0
1777980199.294382,0.16538,-0.05,0.552473,1,0.5673,0.8178,-0.049884,0.120913,0.028486,0.0009,0.1092,0.4572,1,0.45722,0.5819,0.5819,118056,0
1777980199.344631,0.163768,-0.05,0.551758,1,0.4713,0.6562,-0.051496,0.12586,0.027771,0.0013,0.1668,0.3032,1,0.30318,0.5801,0.5801,118056,0
1777980199.394713,0.162515,-0.05,0.551303,1,0.5032,0.7004,-0.052749,0.129143,0.027315,0.0012,0.1669,0.335,1,0.335,0.5785,0.5785,118072,0
1777980199.44479,0.161063,-0.05,0.551022,1,0.4148,0.5946,-0.054201,0.130371,0.027035,0.0015,0.1472,0.2661,1,0.26605,0.5776,0.5776,118072,0
1777980199.494891,0.161615,-0.05,0.55071,1,0.4287,0.6116,-0.053649,0.128208,0.026722,0.0019,0.1554,0.2715,1,0.27148,0.5811,0.5811,118072,0
1777980199.545012,0.16281,-0.05,0.550567,1,0.4238,0.6285,-0.052454,0.124541,0.02658,0.0012,0.1474,0.2752,1,0.27521,0.5816,0.5816,118072,0
1777980199.5951,0.164289,-0.05,0.550535,1,0.4152,0.6066,-0.050975,0.119504,0.026548,0.0009,0.1441,0.2702,1,0.27017,0.5856,0.5856,118072,0
1777980199.645298,0.168227,-0.05,0.55117,1,0.4551,0.6606,-0.047037,0.104457,0.027183,0.0011,0.1649,0.2892,1,0.28915,0.5985,0.5985,118072,0
1777980199.69541,0.170042,-0.05878,0.552198,1,0.4366,0.6482,-0.045222,0.094293,0.02821,0.0011,0.1569,0.2785,1,0.27854,0.4874,0.4874,118072,0
1777980199.745514,0.171512,-0.070204,0.553706,1,0.4371,0.6223,-0.043752,0.082869,0.029718,0.0012,0.1681,0.2678,1,0.26781,0.3558,0.3558,118076,0
1777980199.795728,0.172662,-0.083495,0.555664,1,0.424,1.0344,-0.042602,0.069578,0.031676,0.0011,0.1495,0.2734,1,0.27338,0.263,0.263,118076,0
1777980199.845818,0.173468,-0.112251,0.560108,1,0.4847,0.6786,-0.041796,0.040822,0.03612,0.0015,0.1666,0.3166,1,0.31661,1.4943,1.4943,118076,0
1777980199.895914,0.172965,-0.12679,0.5622,1,0.474,0.6972,-0.042299,0.026283,0.038213,0.0015,0.1751,0.2974,1,0.29742,0.2401,0.2401,118076,0
1777980199.946011,0.171451,-0.141393,0.564369,1,0.4148,0.6344,-0.043813,0.01168,0.040381,0.0012,0.1424,0.2712,1,0.27121,0.1134,0.1134,118076,0
1777980199.996115,0.16935,-0.155186,0.566406,1,0.5469,1.3908,-0.045914,-0.002113,0.042419,0.0011,0.1943,0.3515,1,0.35152,0.1021,0.1021,118076,0
1777980200.04621,0.163234,-0.182214,0.570548,1,0.4469,0.6324,-0.05203,-0.029141,0.04656,0.0017,0.1717,0.2736,1,0.27358,1.4741,1.4741,118076,0
1777980200.096372,0.159577,-0.194048,0.572476,1,0.4544,0.6387,-0.055687,-0.040974,0.048489,0.0011,0.1621,0.2912,1,0.29117,0.2141,0.2141,118076,0
1777980200.146535,0.155947,-0.205404,0.574197,1,0.4541,0.6549,-0.059317,-0.05233,0.050209,0.0013,0.1795,0.2733,1,0.27333,0.1961,0.1961,118076,0
1777980200.197185,0.148939,-0.223239,0.576083,1,0.4756,0.687,-0.066325,-0.070166,0.052095,0.0019,0.181,0.2927,1,0.29268,2.3166,2.3166,118076,0
1777980200.247277,0.145464,-0.228493,0.576349,1,0.5615,0.7343,-0.0698,-0.07542,0.052361,0.0009,0.1519,0.4086,2,0.20431,0.5656,0.5656,118076,0
1777980200.297378,0.14232,-0.231261,0.576245,1,0.6337,0.8081,-0.072944,-0.078188,0.052258,0.0014,0.1612,0.4711,2,0.23556,0.5838,0.5838,118076,0
1777980200.347547,0.13718,-0.228571,0.577089,1,0.5651,0.7448,-0.078084,-0.075498,0.053102,0.0012,0.1613,0.4026,2,0.20128,0.5934,0.5934,118076,0
1777980200.397736,0.130121,-0.221171,0.576888,1,0.5764,0.7521,-0.085143,-0.068098,0.0529,0.0009,0.1702,0.4053,2,0.20265,0.5871,0.5871,118080,0
1777980200.447881,0.128395,-0.217494,0.57596,1,0.5746,0.7732,-0.086869,-0.064421,0.051973,0.0011,0.1706,0.4029,2,0.20144,0.5732,0.5732,118080,0
1777980200.497997,0.125358,-0.212981,0.575099,1,0.4786,0.6739,-0.089906,-0.059908,0.051111,0.0012,0.1685,0.3089,1,0.3089,2.873,2.873,118092,0
1777980200.548175,0.11992,-0.207372,0.573991,1,0.4067,0.593,-0.095344,-0.054299,0.050004,0.001,0.1469,0.2588,1,0.25884,2.3862,2.3862,118096,0
1777980200.598346,0.100844,-0.192369,0.566976,1,0.4726,0.6501,-0.11442,-0.039296,0.042989,0.0009,0.1659,0.3058,1,0.30577,0.9639,0.9639,118100,0
1777980200.648442,0.089196,-0.185296,0.561476,1,0.4431,0.6338,-0.126068,-0.032223,0.037489,0.0017,0.1569,0.2845,1,0.28446,0.4831,0.4831,118100,0
1777980200.698541,0.077052,-0.178696,0.554954,1,0.4338,0.6217,-0.138212,-0.025623,0.030967,0.0009,0.1544,0.2786,1,0.27858,0.3882,0.3882,118108,0
1777980200.748859,0.065198,-0.172949,0.549077,1,0.48,0.6758,-0.150066,-0.019876,0.02509,0.0014,0.1732,0.3054,1,0.30538,1.2172,1.2172,118108,0
1777980200.798946,0.042756,-0.164458,0.539793,1,0.5874,0.7581,-0.172508,-0.011384,0.015806,0.001,0.1539,0.4326,2,0.21629,0.7954,0.7954,118108,0
1777980200.849045,0.032473,-0.161472,0.535985,1,0.4407,0.6297,-0.182791,-0.008399,0.011998,0.0009,0.1623,0.2775,1,0.2775,1.1155,1.1155,118108,0
1777980200.899141,0.022809,-0.15887,0.532182,1,0.4058,0.5831,-0.192455,-0.005797,0.008194,0.0009,0.1437,0.2612,1,0.26122,1.1687,1.1687,118108,0
1777980200.949244,0.014644,-0.156835,0.528653,1,0.4992,0.6979,-0.20062,-0.003762,0.004666,0.001,0.1725,0.3258,1,0.32577,0.9614,0.9614,118112,0
1777980200.999382,0.003097,-0.154477,0.522229,1,0.4791,0.6773,-0.212167,-0.001403,-0.001758,0.0009,0.1687,0.3095,1,0.30952,0.9345,0.9345,118112,0
1777980201.049567,0.000185,-0.154532,0.519656,1,0.5056,0.6962,-0.215079,-0.001459,-0.004332,0.0014,0.1839,0.3204,1,0.32036,0.2796,0.2796,118112,0
1777980201.099782,-0.001386,-0.155108,0.517766,1,0.4929,0.6876,-0.21665,-0.002035,-0.006221,0.0012,0.1766,0.3151,1,0.3151,0.3219,0.3219,118112,0
1777980201.150073,-0.002223,-0.155997,0.516329,1,0.4442,0.6477,-0.217487,-0.002924,-0.007658,0.0012,0.1685,0.2745,1,0.2745,0.3935,0.3935,118112,0
1777980201.200243,-0.00237,-0.157345,0.514168,1,0.4627,3.7417,-0.217634,-0.004272,-0.009819,0.0011,0.1739,0.2877,1,0.28772,0.4597,0.4597,118112,0
1777980201.250459,-0.001646,-0.158053,0.513236,1,0.4628,0.6591,-0.21691,-0.004979,-0.010751,0.0011,0.1807,0.281,1,0.28098,0.4896,0.4896,118112,0
1777980201.300568,-0.000316,-0.159211,0.512526,1,0.4941,1.2723,-0.21558,-0.006138,-0.011461,0.0009,0.1901,0.3032,1,0.30315,0.4892,0.4892,118112,0
1777980201.350715,0.001817,-0.161055,0.511908,1,0.4539,3.3286,-0.213447,-0.007982,-0.01208,0.0011,0.164,0.2888,1,0.28883,0.4732,0.4732,118116,0
1777980201.400826,0.009874,-0.168462,0.511336,1,0.4443,2.9726,-0.20539,-0.015388,-0.012652,0.0011,0.1647,0.2785,1,0.27855,0.2589,0.2589,118116,0
1777980201.450911,0.016443,-0.174442,0.511637,1,0.4094,0.5958,-0.198821,-0.021369,-0.012351,0.0013,0.1421,0.2661,1,0.26605,0.0922,0.0922,118116,0
1777980201.501034,0.025802,-0.182822,0.512617,1,0.4213,1.326,-0.189462,-0.029749,-0.01137,0.0012,0.1438,0.2763,1,0.27629,0.3372,0.3372,118116,0
1777980201.551121,0.03869,-0.193038,0.514178,1,0.4867,1.3785,-0.176574,-0.039965,-0.009809,0.0011,0.1677,0.3179,1,0.31787,0.7083,0.7083,118116,0
1777980201.601904,0.068099,-0.213172,0.522066,1,0.5959,0.7913,-0.147165,-0.060099,-0.001921,0.0011,0.1559,0.4389,2,0.21946,0.8755,0.8755,118128,0
1777980201.652007,0.084969,-0.22272,0.52825,1,0.5589,0.7436,-0.130295,-0.069647,0.004263,0.0009,0.1458,0.4121,2,0.20607,0.7867,0.7867,118128,0
1777980201.702083,0.102404,-0.230758,0.536129,1,0.5522,0.7416,-0.11286,-0.077684,0.012142,0.0009,0.1418,0.4095,2,0.20473,0.7964,0.7964,118128,0
1777980201.752166,0.120213,-0.236895,0.543917,1,0.5851,0.7746,-0.095051,-0.083822,0.019929,0.0007,0.1458,0.4386,2,0.21931,0.7436,0.7436,118128,0
1777980201.802262,0.150959,-0.240062,0.559095,1,0.5984,0.7933,-0.064305,-0.086989,0.035108,0.0008,0.1673,0.4303,2,0.21517,0.5499,0.5499,118128,0
1777980201.852444,0.165198,-0.237598,0.565707,1,0.5649,0.7553,-0.050066,-0.084525,0.04172,0.0012,0.158,0.4056,2,0.20281,0.4453,0.4453,118128,0
1777980201.902534,0.178939,-0.232095,0.571103,1,0.6118,0.7934,-0.036325,-0.079021,0.047116,0.0008,0.1999,0.4112,2,0.20558,0.4103,0.4103,118132,0
1777980201.953536,0.191393,-0.224292,0.574617,1,0.4441,0.7504,-0.023871,-0.071219,0.05063,0.001,0.1693,0.2739,1,0.27388,2.3159,2.3159,118132,0
1777980202.003647,0.212091,-0.200521,0.577652,1,0.4408,0.639,-0.003173,-0.047448,0.053665,0.001,0.1565,0.2833,1,0.28328,1.1693,1.1693,118132,0
1777980202.053816,0.219322,-0.185917,0.578284,1,0.4369,0.6359,0.004058,-0.032844,0.054297,0.0011,0.1603,0.2755,1,0.27547,0.2473,0.2473,118132,0
1777980202.10399,0.223959,-0.171611,0.578389,1,0.4321,0.6344,0.008695,-0.018538,0.054402,0.001,0.1615,0.2696,1,0.26963,0.1632,0.1632,118132,0
1777980202.15412,0.226441,-0.156857,0.577907,1,0.5305,0.7503,0.011177,-0.003784,0.053919,0.0011,0.1978,0.3317,1,0.33167,0.2481,0.2481,118136,0
1777980202.204222,0.227537,-0.129343,0.574316,1,0.46,0.6571,0.012273,0.02373,0.050328,0.001,0.1659,0.2931,1,0.29315,1.2685,1.2685,118136,0
1777980202.254322,0.226313,-0.11862,0.571691,1,0.4705,0.6444,0.011049,0.034453,0.047704,0.0011,0.1507,0.3188,1,0.31877,0.2835,0.2835,118136,0
1777980202.304485,0.223556,-0.109902,0.569093,1,0.4351,0.6153,0.008292,0.043171,0.045105,0.0011,0.1677,0.2663,1,0.26627,0.4388,0.4388,118136,0
1777980202.354589,0.218917,-0.102935,0.566067,1,0.4654,0.6663,0.003653,0.050138,0.04208,0.0011,0.1746,0.2897,1,0.28974,0.4876,0.4876,118136,0
1777980202.404733,0.205098,-0.09663,0.559683,1,0.4395,0.6974,-0.010166,0.056443,0.035696,0.001,0.159,0.2795,1,0.2795,0.5511,0.5511,118136,0
1777980202.454852,0.196288,-0.096658,0.556025,1,0.5111,0.7037,-0.018976,0.056415,0.032038,0.0011,0.1634,0.3465,1,0.34648,0.329,0.329,118148,0
1777980202.504955,0.185599,-0.097928,0.552166,1,0.4373,0.6311,-0.029665,0.055146,0.028178,0.0011,0.1634,0.2728,1,0.27285,0.2694,0.2694,118148,0
1777980202.555051,0.173276,-0.10047,0.548014,1,0.4829,1.2897,-0.041988,0.052603,0.024027,0.0006,0.1552,0.3271,1,0.32705,0.277,0.277,118152,0
1777980202.605267,0.144814,-0.10858,0.538776,1,0.4422,0.6295,-0.07045,0.044493,0.014789,0.0011,0.1624,0.2787,1,0.27869,2.3097,2.3097,118152,0
1777980202.655462,0.129154,-0.114048,0.534145,1,0.4876,0.6856,-0.08611,0.039025,0.010157,0.0014,0.1869,0.2992,1,0.29922,0.7037,0.7037,118152,0
1777980202.705659,0.11431,-0.119572,0.529914,1,0.4356,0.6359,-0.100954,0.033501,0.005927,0.001,0.1581,0.2765,1,0.27653,0.6856,0.6856,118152,0
1777980202.7559,0.086359,-0.131347,0.522542,1,0.4219,0.6043,-0.128905,0.021726,-0.001445,0.0008,0.1527,0.2684,1,0.26836,2.7778,2.7778,118152,0
1777980202.806002,0.074315,-0.137135,0.519885,1,0.4146,0.6153,-0.140949,0.015938,-0.004102,0.0011,0.1448,0.2687,1,0.26869,0.7506,0.7506,118152,0
1777980202.856093,0.063026,-0.142435,0.517962,1,0.4316,0.6271,-0.152238,0.010638,-0.006025,0.0007,0.1526,0.2783,1,0.27829,0.8604,0.8604,118152,0
1777980202.906204,0.052319,-0.147687,0.516845,1,0.4426,0.692,-0.162945,0.005386,-0.007142,0.0009,0.1537,0.288,1,0.28798,0.9796,0.9796,118152,0
1777980202.956428,0.034451,-0.157398,0.515116,1,0.4554,0.8205,-0.180813,-0.004325,-0.008871,0.001,0.1732,0.2812,1,0.28118,1.6664,1.6664,118156,0
1777980203.006531,0.027818,-0.161279,0.515788,1,0.485,0.6835,-0.187446,-0.008206,-0.008199,0.0009,0.1718,0.3124,1,0.31237,0.8684,0.8684,118164,0
1777980203.056655,0.02372,-0.166049,0.517181,1,0.4439,0.6342,-0.191544,-0.012976,-0.006806,0.0009,0.1597,0.2833,1,0.28328,0.6608,0.6608,118164,0
1777980203.106776,0.02245,-0.171358,0.51915,1,0.4393,0.6264,-0.192814,-0.018285,-0.004838,0.001,0.1632,0.2751,1,0.27513,0.3154,0.3154,118164,0
1777980203.156873,0.033127,-0.184788,0.524256,1,0.4462,0.6309,-0.182137,-0.031715,0.000269,0.0009,0.1645,0.2809,1,0.28089,2.082,2.082,118164,0
1777980203.206981,0.04369,-0.191749,0.527494,1,0.4494,0.6638,-0.171574,-0.038676,0.003506,0.0012,0.1717,0.2765,1,0.27655,2.708,2.708,118164,0
1777980203.257076,0.05647,-0.199135,0.530788,1,0.5438,0.7227,-0.158794,-0.046062,0.006801,0.0008,0.1452,0.3977,2,0.19887,0.8762,0.8762,118164,0
1777980203.307154,0.070707,-0.206636,0.534549,1,0.6077,0.7867,-0.144557,-0.053563,0.010562,0.0011,0.1627,0.4439,2,0.22195,0.7247,0.7247,118168,0
1777980203.357228,0.103265,-0.221997,0.543094,1,0.5643,0.7405,-0.111999,-0.068923,0.019107,0.0008,0.144,0.4195,2,0.20977,0.7356,0.7356,118172,0
1777980203.407339,0.12024,-0.229288,0.546728,1,0.5978,0.7867,-0.095024,-0.076215,0.022741,0.0011,0.1708,0.4259,2,0.21294,0.6579,0.6579,118172,0
1777980203.457526,0.135816,-0.234452,0.550025,1,0.6223,0.8138,-0.079448,-0.081379,0.026038,0.0013,0.1804,0.4406,2,0.2203,0.5627,0.5627,118172,0
1777980203.507603,0.149984,-0.237751,0.55282,1,0.5618,0.7558,-0.06528,-0.084678,0.028832,0.0009,0.1478,0.4131,2,0.20655,0.4782,0.4782,118172,0
1777980203.557705,0.171942,-0.236453,0.556949,1,0.5832,0.7483,-0.043322,-0.08338,0.032961,0.001,0.1494,0.4329,2,0.21644,0.411,0.411,118184,0
1777980203.6079,0.179168,-0.232269,0.558624,1,0.4333,0.6196,-0.036096,-0.079195,0.034637,0.0013,0.1592,0.2728,1,0.27278,2.0606,2.0606,118184,0
1777980203.658071,0.184777,-0.224368,0.560244,1,0.429,0.6307,-0.030487,-0.071295,0.036256,0.001,0.1523,0.2757,1,0.27575,0.96,0.96,118184,0
1777980203.708171,0.188395,-0.215561,0.560934,1,0.4414,0.638,-0.026869,-0.062487,0.036946,0.0009,0.154,0.2865,1,0.28648,0.4029,0.4029,118184,0
1777980203.75824,0.191825,-0.197154,0.559314,1,0.4598,0.6618,-0.023439,-0.044081,0.035326,0.001,0.1687,0.2902,1,0.29017,1.8417,1.8417,118188,0
1777980203.808501,0.191976,-0.189094,0.558632,1,0.4584,0.6499,-0.023288,-0.036021,0.034645,0.001,0.1833,0.2741,1,0.27414,0.6164,0.6164,118188,0
1777980203.85857,0.192337,-0.182317,0.557673,1,0.4016,0.5696,-0.022927,-0.029244,0.033685,0.0015,0.1417,0.2583,1,0.25834,0.7548,0.7548,118188,0
1777980203.908689,0.192691,-0.176024,0.557116,1,0.455,0.6524,-0.022573,-0.022951,0.033128,0.001,0.1717,0.2824,1,0.2824,0.791,0.791,118188,0
1777980203.958789,0.194395,-0.166889,0.555751,1,0.4246,0.6018,-0.020869,-0.013816,0.031764,0.0009,0.1532,0.2705,1,0.27047,1.2264,1.2264,118188,0
1777980204.008883,0.195466,-0.163759,0.554786,1,0.4414,0.6415,-0.019798,-0.010686,0.030799,0.001,0.1661,0.2744,1,0.27435,0.8435,0.8435,118188,0
1777980204.058994,0.196441,-0.160911,0.553681,1,0.4234,0.6324,-0.018823,-0.007838,0.029694,0.0017,0.1544,0.2673,1,0.26732,0.914,0.914,118188,0
1777980204.109068,0.196998,-0.157784,0.552665,1,0.4016,0.5865,-0.018266,-0.004711,0.028677,0.0009,0.1441,0.2567,1,0.25673,0.8255,0.8255,118188,0
1777980204.159188,0.197578,-0.153294,0.551348,1,0.4388,0.6265,-0.017686,-0.000221,0.027361,0.001,0.1532,0.2846,1,0.28458,0.8474,0.8474,118192,0
1777980204.209288,0.197626,-0.151393,0.551248,1,0.486,0.6959,-0.017638,0.00168,0.027261,0.0011,0.1692,0.3157,1,0.3157,0.7957,0.7957,118192,0
1777980204.259388,0.197767,-0.150762,0.551449,1,0.4294,0.6267,-0.017497,0.002311,0.027462,0.001,0.156,0.2723,1,0.27229,0.7994,0.7994,118192,0
1777980204.309494,0.19717,-0.148968,0.552425,1,0.4337,0.6248,-0.018094,0.004105,0.028438,0.0011,0.1741,0.2585,1,0.25852,0.8341,0.8341,118192,0
1777980204.359579,0.1944,-0.142855,0.558228,1,0.4456,0.6306,-0.020864,0.010218,0.03424,0.0007,0.1747,0.2701,1,0.27014,2.4628,2.4628,118192,0
1777980204.409689,0.193162,-0.141756,0.564427,1,0.4509,0.6429,-0.022102,0.011317,0.04044,0.0009,0.1649,0.285,1,0.28501,1.3388,1.3388,118192,0
1777980204.459791,0.191944,-0.141322,0.570899,1,0.4647,0.6674,-0.02332,0.011751,0.046912,0.0009,0.1639,0.2999,1,0.29985,0.9172,0.9172,118192,0
1777980204.509899,0.190519,-0.141869,0.576964,1,0.4672,0.6652,-0.024745,0.011204,0.052977,0.0009,0.1673,0.2991,1,0.29907,0.7655,0.7655,118192,0
1777980204.560005,0.188754,-0.14374,0.583884,1,0.5097,0.7552,-0.02651,0.009333,0.059896,0.0009,0.1805,0.3282,1,0.32824,1.2021,1.2021,118196,0
1777980204.610125,0.188131,-0.144096,0.585181,1,0.429,0.6159,-0.027133,0.008977,0.061193,0.001,0.1484,0.2796,1,0.27958,0.3847,0.3847,118196,0
1777980204.660214,0.187601,-0.144995,0.585488,1,0.4411,0.6088,-0.027663,0.008078,0.061501,0.001,0.162,0.2781,1,0.27814,0.4249,0.4249,118196,0
1777980204.710314,0.187741,-0.144732,0.584728,1,0.4456,0.6288,-0.027523,0.008341,0.060741,0.001,0.1573,0.2873,1,0.28725,0.3634,0.3634,118208,0
1777980204.760407,0.189123,-0.141685,0.581927,1,0.4588,0.6378,-0.026141,0.011388,0.05794,0.0009,0.1704,0.2875,1,0.2875,0.368,0.368,118208,0
1777980204.810503,0.189715,-0.139697,0.580856,1,0.4899,1.1475,-0.025549,0.013376,0.056869,0.0012,0.1849,0.3037,1,0.30374,0.3358,0.3358,118208,0
1777980204.860782,0.190025,-0.137654,0.580241,1,0.4933,1.4657,-0.025239,0.015419,0.056254,0.0008,0.1646,0.3279,1,0.32785,0.3313,0.3313,118208,0
1777980204.910873,0.190301,-0.13542,0.579946,1,0.4152,1.3782,-0.024963,0.017653,0.055959,0.0012,0.1463,0.2677,1,0.26772,0.3289,0.3289,118208,0
1777980204.960983,0.190947,-0.131731,0.579401,1,0.4281,1.2544,-0.024317,0.021342,0.055413,0.0012,0.1568,0.2701,1,0.27012,0.286,0.286,118212,0
1777980205.011325,0.191139,-0.129794,0.578818,1,0.4496,0.9137,-0.024125,0.023279,0.05483,0.001,0.1705,0.278,1,0.27801,0.244,0.244,118212,0
1777980205.061892,0.191343,-0.127833,0.577693,1,0.4376,0.6369,-0.023921,0.02524,0.053706,0.0011,0.1554,0.281,1,0.28105,0.2507,0.2507,118212,0
1777980205.111968,0.191402,-0.126105,0.576224,1,0.4064,0.5889,-0.023862,0.026968,0.052236,0.0007,0.1408,0.2649,1,0.26491,0.2796,0.2796,118212,0
1777980205.162038,0.191255,-0.124034,0.571644,1,0.4213,0.6201,-0.024009,0.029039,0.047657,0.0014,0.1453,0.2745,1,0.27455,0.4523,0.4523,118212,0
1777980205.212152,0.191101,-0.123584,0.568425,1,0.4375,0.6197,-0.024163,0.029489,0.044438,0.001,0.1599,0.2767,1,0.27665,0.4914,0.4914,118212,0
1777980205.262312,0.190388,-0.123027,0.564895,1,0.5014,0.6863,-0.024876,0.030046,0.040907,0.0011,0.1734,0.3269,1,0.32688,0.625,0.625,118220,0
1777980205.312479,0.188704,-0.122076,0.560844,1,0.4517,0.6474,-0.02656,0.030997,0.036857,0.0009,0.1775,0.2732,1,0.27322,0.7679,0.7679,118220,0
1777980205.362662,0.182175,-0.118752,0.551223,1,0.4967,0.6971,-0.033089,0.034321,0.027235,0.0011,0.182,0.3136,1,0.31359,1.2721,1.2721,118228,0
1777980205.414696,0.177661,-0.116368,0.545411,1,0.4466,0.6646,-0.037603,0.036705,0.021423,0.0006,0.1477,0.2982,1,0.29822,1.188,1.188,118228,0
1777980205.464768,0.17299,-0.113903,0.538953,1,0.4273,0.6158,-0.042274,0.03917,0.014966,0.0013,0.1641,0.262,1,0.26196,1.0906,1.0906,118228,0
1777980205.514862,0.168885,-0.112089,0.532779,1,0.4195,0.5886,-0.046379,0.040984,0.008791,0.0012,0.1465,0.2717,1,0.27172,0.9291,0.9291,118228,0
1777980205.564956,0.163169,-0.109944,0.524482,1,0.4589,0.6687,-0.052095,0.043129,0.000494,0.0011,0.1682,0.2896,1,0.28963,0.9171,0.9171,118228,0
1777980205.615046,0.161799,-0.110255,0.522143,1,0.4238,0.627,-0.053465,0.042818,-0.001845,0.0008,0.1518,0.2712,1,0.27122,0.5695,0.5695,118228,0
1777980205.665166,0.161095,-0.111121,0.520797,1,0.5019,0.7121,-0.054169,0.041952,-0.003191,0.0011,0.1831,0.3177,1,0.31771,0.4335,0.4335,118228,0
1777980205.715259,0.160809,-0.111986,0.520372,1,0.442,1.1191,-0.054455,0.041087,-0.003616,0.0013,0.1646,0.2761,1,0.2761,0.4563,0.4563,118228,0
1777980205.765444,0.160697,-0.114291,0.520599,1,0.4634,0.661,-0.054567,0.038782,-0.003389,0.0009,0.1842,0.2783,1,0.27834,0.3466,0.3466,118232,0
1777980205.815629,0.160299,-0.115906,0.52105,1,0.4189,0.6198,-0.054965,0.037167,-0.002938,0.0016,0.1515,0.2658,1,0.2658,0.5861,0.5861,118232,0
1777980205.865797,0.159896,-0.11733,0.521505,1,0.4339,0.6341,-0.055368,0.035743,-0.002482,0.0016,0.1611,0.2713,1,0.27127,0.6661,0.6661,118232,0
1777980205.916366,0.159571,-0.120079,0.521931,1,0.5272,0.7656,-0.055693,0.032994,-0.002056,0.0011,0.1868,0.3392,1,0.33919,0.552,0.552,118232,0
1777980205.966446,0.159002,-0.120754,0.522366,1,0.3983,0.5864,-0.056262,0.032319,-0.001621,0.0006,0.1273,0.2704,1,0.27037,0.7673,0.7673,118232,0
1777980206.016617,0.158244,-0.121557,0.522887,1,0.4236,0.6192,-0.05702,0.031516,-0.001101,0.0009,0.1548,0.2679,1,0.26794,0.6918,0.6918,118232,0
1777980206.066818,0.157837,-0.122004,0.52332,1,0.4594,0.6583,-0.057427,0.031069,-0.000667,0.001,0.1654,0.293,1,0.29303,0.6854,0.6854,118232,0
1777980206.116917,0.156891,-0.122438,0.524652,1,0.4602,0.6542,-0.058373,0.030636,0.000665,0.0011,0.1664,0.2927,1,0.29269,0.6234,0.6234,118244,0
1777980206.167032,0.156493,-0.122639,0.525426,1,0.4589,0.6797,-0.058771,0.030435,0.001438,0.001,0.1721,0.2858,1,0.28581,0.5884,0.5884,118248,0
1777980206.217153,0.156225,-0.123114,0.526012,1,0.5408,0.7818,-0.059039,0.029959,0.002025,0.0015,0.2065,0.3328,1,0.33279,0.5376,0.5376,118248,0
1777980206.267254,0.155966,-0.123563,0.526625,1,0.4943,0.6867,-0.059298,0.029511,0.002638,0.0012,0.1721,0.321,1,0.32101,0.5078,0.5078,118248,0
1777980206.317344,0.155539,-0.124938,0.527627,1,0.4676,0.6647,-0.059725,0.028135,0.00364,0.0009,0.1686,0.2982,1,0.29821,0.4117,0.4117,118248,0
1777980206.367566,0.155626,-0.125354,0.527729,1,0.4429,0.6379,-0.059638,0.027719,0.003741,0.0011,0.1718,0.27,1,0.27005,0.489,0.489,118248,0
1777980206.417751,0.155477,-0.125528,0.527735,1,0.5361,0.7558,-0.059787,0.027545,0.003747,0.0017,0.2113,0.3231,1,0.3231,0.4735,0.4735,118248,0
1777980206.467862,0.155244,-0.125267,0.527574,1,0.5152,0.7383,-0.06002,0.027806,0.003587,0.0014,0.186,0.3278,1,0.32781,0.5034,0.5034,118248,0
1777980206.517933,0.154701,-0.124837,0.527262,1,0.5282,0.7564,-0.060563,0.028236,0.003275,0.0015,0.1869,0.3398,1,0.3398,0.513,0.513,118252,0
1777980206.568033,0.15462,-0.124796,0.527144,1,0.4181,0.6115,-0.060644,0.028277,0.003157,0.0011,0.1573,0.2596,1,0.25962,0.4848,0.4848,118252,0
1777980206.618125,0.154527,-0.124609,0.527344,1,0.4246,0.6228,-0.060737,0.028464,0.003357,0.0009,0.1517,0.2719,1,0.27194,0.4735,0.4735,118252,0
1777980206.668212,0.154499,-0.124509,0.527727,1,0.4597,0.6397,-0.060765,0.028564,0.00374,0.0011,0.1614,0.2972,1,0.29721,0.4639,0.4639,118252,0
1777980206.718388,0.15437,-0.12458,0.528756,1,0.4264,0.6139,-0.060894,0.028493,0.004769,0.0015,0.1517,0.2732,1,0.27322,0.4319,0.4319,118252,0
1777980206.768549,0.154267,-0.124554,0.529099,1,0.4955,0.6992,-0.060997,0.02852,0.005112,0.0009,0.1919,0.3026,1,0.30263,0.4488,0.4488,118252,0
1777980206.818733,0.154223,-0.124505,0.52907,1,0.4603,0.6444,-0.061041,0.028568,0.005082,0.0015,0.1629,0.2959,1,0.2959,0.4477,0.4477,118252,0
1777980206.868921,0.154192,-0.124446,0.528874,1,0.4538,0.6358,-0.061072,0.028627,0.004887,0.0011,0.1535,0.2992,1,0.29918,0.4448,0.4448,118264,0
1777980206.919021,0.153978,-0.124137,0.52848,1,0.5112,0.7372,-0.061286,0.028936,0.004493,0.0012,0.1902,0.3198,1,0.31977,0.4539,0.4539,118268,0
1777980206.969182,0.153771,-0.123857,0.528394,1,0.4733,0.6662,-0.061493,0.029216,0.004406,0.0009,0.163,0.3094,1,0.30938,0.4369,0.4369,118268,0
1777980207.019277,0.153629,-0.123594,0.528137,1,0.4661,0.6769,-0.061635,0.029479,0.004149,0.0009,0.1598,0.3055,1,0.30545,0.437,0.437,118272,0
1777980207.06971,0.153485,-0.123485,0.527409,1,0.3625,0.5273,-0.061779,0.029589,0.003422,0.0006,0.1329,0.229,1,0.22902,0.4361,0.4361,118272,0
1777980207.119811,0.153593,-0.123516,0.526722,1,0.4443,0.6381,-0.061671,0.029557,0.002735,0.001,0.1692,0.2741,1,0.27414,0.4235,0.4235,118272,0
1777980207.169923,0.153668,-0.123426,0.526571,1,0.4462,0.646,-0.061596,0.029647,0.002584,0.0011,0.1673,0.2778,1,0.2778,0.3922,0.3922,118272,0
1777980207.22001,0.153811,-0.12328,0.526571,1,0.4535,0.653,-0.061453,0.029793,0.002584,0.0009,0.1695,0.2831,1,0.28313,0.3782,0.3782,118272,0
1777980207.270112,0.153935,-0.123238,0.526598,1,0.4628,0.6808,-0.061329,0.029835,0.00261,0.0009,0.1639,0.2981,1,0.2981,0.3713,0.3713,118272,0
1777980207.320221,0.153908,-0.122947,0.526726,1,0.4452,0.6409,-0.061356,0.030126,0.002739,0.0011,0.155,0.2891,1,0.28909,0.3687,0.3687,118272,0
1777980207.3703,0.153952,-0.122775,0.526687,1,0.4308,0.6104,-0.061312,0.030298,0.0027,0.0009,0.152,0.2779,1,0.2779,0.3721,0.3721,118276,0
1777980207.420405,0.15419,-0.122651,0.526588,1,0.4839,0.9355,-0.061074,0.030422,0.0026,0.0008,0.1701,0.3129,1,0.31293,0.374,0.374,118276,0
1777980207.470505,0.154399,-0.122529,0.52652,1,0.5269,1.3602,-0.060865,0.030544,0.002533,0.0012,0.1736,0.3521,1,0.35207,0.369,0.369,118276,0
1777980207.520605,0.154424,-0.122292,0.526502,1,0.6029,1.4279,-0.06084,0.030781,0.002514,0.0011,0.3101,0.2916,1,0.2916,0.3637,0.3637,118276,0
1777980207.570861,0.154519,-0.122316,0.526386,1,0.4468,1.3235,-0.060745,0.030757,0.002399,0.0011,0.1686,0.2771,1,0.27707,0.3615,0.3615,118276,0
1777980207.620881,0.154611,-0.122376,0.526346,1,0.4117,1.2201,-0.060653,0.030697,0.002359,0.0007,0.1559,0.255,1,0.255,0.3578,0.3578,118276,0
1777980207.670966,0.154727,-0.122514,0.526425,1,0.4286,1.2337,-0.060537,0.030559,0.002437,0.0012,0.1607,0.2667,1,0.26671,0.3512,0.3512,118276,0
1777980207.721532,0.156253,-0.120805,0.527521,1,0.4676,0.6686,-0.059011,0.032268,0.003534,0.0011,0.1864,0.28,1,0.27999,0.2075,0.2075,118280,0
1777980207.771693,0.156949,-0.120677,0.528295,1,0.5221,0.7599,-0.058315,0.032396,0.004308,0.0012,0.1731,0.3479,1,0.34787,0.2846,0.2846,118288,0
1777980207.821877,0.157103,-0.121246,0.529185,1,0.4875,0.6942,-0.058161,0.031827,0.005197,0.0011,0.1791,0.3072,1,0.30722,0.2876,0.2876,118288,0
1777980207.873671,0.157187,-0.122419,0.529854,1,0.424,1.4592,-0.058077,0.030654,0.005867,0.001,0.1557,0.2673,1,0.26729,0.3007,0.3007,118288,0
1777980207.923774,0.157307,-0.125648,0.530552,1,0.2882,0.4106,-0.057957,0.027425,0.006565,0.0004,0.112,0.1757,1,0.1757,0.4583,0.4583,118288,0
1777980207.974,0.157182,-0.127813,0.530548,1,0.2789,0.394,-0.058082,0.02526,0.006561,0.0005,0.1042,0.1742,1,0.17421,0.3935,0.3935,118288,0
1777980208.024162,0.156766,-0.130393,0.531032,1,0.2754,0.4022,-0.058498,0.02268,0.007044,0.0005,0.103,0.1719,1,0.17187,0.3907,0.3907,118288,0
1777980208.074334,0.156802,-0.132711,0.530823,1,0.2914,0.418,-0.058462,0.020362,0.006835,0.0004,0.1075,0.1835,1,0.18355,0.44,0.44,118288,0
1777980208.124479,0.155914,-0.137304,0.531188,1,0.2925,0.4239,-0.05935,0.015769,0.007201,0.0005,0.1092,0.1828,1,0.1828,0.4101,0.4101,118292,0
1777980208.174632,0.155474,-0.138731,0.531394,1,0.419,0.6109,-0.05979,0.014342,0.007407,0.0015,0.149,0.2684,1,0.26839,0.4666,0.4666,118292,0
1777980208.224957,0.155292,-0.139745,0.531279,1,0.4223,0.6225,-0.059972,0.013328,0.007291,0.0013,0.15,0.271,1,0.27097,0.4745,0.4745,118292,0
1777980208.275151,0.155135,-0.140089,0.531166,1,0.4987,1.4361,-0.060129,0.012984,0.007179,0.0009,0.1647,0.3331,1,0.33311,0.4891,0.4891,118292,0
1777980208.325364,0.154344,-0.140394,0.531883,1,0.4516,0.6389,-0.06092,0.012679,0.007895,0.001,0.1516,0.299,1,0.29901,0.4734,0.4734,118292,0
1777980208.375592,0.153982,-0.140987,0.533068,1,0.4486,0.645,-0.061282,0.012086,0.00908,0.0016,0.1635,0.2835,1,0.2835,0.439,0.439,118292,0
1777980208.425848,0.153005,-0.142407,0.535813,1,0.4733,0.6666,-0.062259,0.010666,0.011825,0.0012,0.1676,0.3045,1,0.3045,0.3654,0.3654,118292,0
1777980208.476663,0.150059,-0.151511,0.544313,1,0.4371,0.6234,-0.065205,0.001562,0.020325,0.0016,0.1485,0.2871,1,0.28708,1.4296,1.4296,118304,0
1777980208.526813,0.14921,-0.157578,0.546832,1,0.4364,0.6223,-0.066054,-0.004505,0.022844,0.0015,0.1596,0.2754,1,0.27535,0.3675,0.3675,118308,0
1777980208.576931,0.149032,-0.161062,0.547413,1,0.4251,0.6132,-0.066232,-0.007989,0.023426,0.0011,0.1505,0.2735,1,0.27347,0.4508,0.4508,118308,0
1777980208.627042,0.148908,-0.16336,0.546962,1,0.4339,0.6405,-0.066356,-0.010287,0.022975,0.001,0.1599,0.273,1,0.27301,0.4819,0.4819,118308,0
1777980208.677154,0.148416,-0.164183,0.545933,1,0.4945,0.7398,-0.066848,-0.01111,0.021946,0.0009,0.1608,0.3328,1,0.33283,0.4992,0.4992,118308,0
1777980208.727268,0.148748,-0.163316,0.545524,1,0.6734,0.8711,-0.066516,-0.010243,0.021536,0.0012,0.378,0.2941,1,0.29413,0.4717,0.4717,118308,0
1777980208.77752,0.149315,-0.162057,0.544934,1,0.4274,0.6235,-0.065949,-0.008983,0.020947,0.0014,0.1593,0.2667,1,0.26667,0.4811,0.4811,118308,0
1777980208.827722,0.149936,-0.160882,0.544228,1,0.4536,0.6542,-0.065328,-0.007808,0.020241,0.0011,0.1683,0.2841,1,0.28413,0.4841,0.4841,118308,0
1777980208.87778,0.150689,-0.159973,0.543144,1,0.4243,0.6196,-0.064575,-0.0069,0.019157,0.0011,0.1601,0.2631,1,0.26309,0.4792,0.4792,118308,0
1777980208.92788,0.150487,-0.159563,0.543356,1,0.4941,0.7177,-0.064777,-0.00649,0.019368,0.0017,0.1733,0.319,1,0.31903,0.4879,0.4879,118308,0
1777980208.977972,0.150251,-0.159163,0.543919,1,0.4421,0.6564,-0.065013,-0.00609,0.019931,0.0011,0.1534,0.2877,1,0.28766,0.4884,0.4884,118312,0
1777980209.028069,0.151051,-0.157186,0.544213,1,0.4159,0.6111,-0.064213,-0.004113,0.020225,0.0009,0.1469,0.268,1,0.26802,0.4375,0.4375,118312,0
1777980209.078175,0.152844,-0.151966,0.544174,1,0.4973,0.6919,-0.06242,0.001107,0.020187,0.0012,0.1829,0.3132,1,0.31323,0.7222,0.7222,118312,0
1777980209.128281,0.153138,-0.150512,0.544788,1,0.5227,0.7157,-0.062126,0.002561,0.0208,0.001,0.1767,0.3451,1,0.34508,0.3687,0.3687,118312,0
1777980209.178407,0.152873,-0.149807,0.546333,1,0.4641,0.6766,-0.062391,0.003266,0.022345,0.0012,0.1621,0.3009,1,0.30087,0.4039,0.4039,118312,0
1777980209.228521,0.152806,-0.15036,0.548185,1,0.5774,0.8217,-0.062458,0.002713,0.024198,0.0011,0.2111,0.3651,1,0.36513,0.4557,0.4557,118312,0
1777980209.27859,0.149837,-0.152206,0.555411,1,0.4471,0.6506,-0.065427,0.000867,0.031424,0.0009,0.1619,0.2844,1,0.28438,0.3844,0.3844,118312,0
1777980209.328681,0.148765,-0.153359,0.557938,1,0.4681,0.6518,-0.066499,-0.000286,0.033951,0.0011,0.1682,0.2988,1,0.2988,0.5171,0.5171,118324,0
1777980209.378873,0.147275,-0.15441,0.559234,1,0.4504,0.6393,-0.067989,-0.001337,0.035247,0.0011,0.1586,0.2907,1,0.29067,0.5374,0.5374,118328,0
1777980209.42897,0.145095,-0.15537,0.559174,1,0.4371,0.6399,-0.070169,-0.002297,0.035186,0.0009,0.1533,0.283,1,0.28303,0.5422,0.5422,118328,0
1777980209.479064,0.137022,-0.155075,0.555675,1,0.4316,0.6226,-0.078242,-0.002002,0.031687,0.0009,0.1543,0.2764,1,0.27644,0.483,0.483,118328,0
1777980209.529159,0.129181,-0.153651,0.551625,1,0.4475,0.6384,-0.086083,-0.000578,0.027638,0.0009,0.1573,0.2893,1,0.28928,0.4533,0.4533,118328,0
1777980209.579259,0.118885,-0.151313,0.545769,1,0.4601,0.636,-0.096379,0.00176,0.021781,0.0009,0.1687,0.2904,1,0.29042,0.5184,0.5184,118328,0
1777980209.629418,0.105463,-0.149039,0.538362,1,0.458,0.6535,-0.109801,0.004034,0.014375,0.0011,0.1803,0.2767,1,0.27665,0.7201,0.7201,118328,0
1777980209.679522,0.074849,-0.146212,0.524502,1,0.5013,0.688,-0.140415,0.006862,0.000515,0.0012,0.1947,0.3054,1,0.30537,2.9077,2.9077,118328,0
1777980209.729623,0.059025,-0.146296,0.51946,1,0.4432,0.6488,-0.156239,0.006777,-0.004527,0.0009,0.1533,0.289,1,0.28903,1.2298,1.2298,118332,0
1777980209.779952,0.045078,-0.146617,0.516148,1,0.4435,0.6672,-0.170186,0.006456,-0.007839,0.0011,0.1615,0.2809,1,0.28088,1.2405,1.2405,118332,0
1777980209.830213,0.032373,-0.146511,0.514706,1,0.404,0.5794,-0.182891,0.006562,-0.009281,0.0011,0.1387,0.2642,1,0.26416,1.2702,1.2702,118332,0
1777980209.88031,0.012153,-0.148031,0.513818,1,0.4454,1.1467,-0.203111,0.005042,-0.01017,0.0011,0.1599,0.2845,1,0.28451,1.9677,1.9677,118332,0
1777980209.930481,0.005146,-0.149538,0.513529,1,0.435,1.2401,-0.210118,0.003535,-0.010458,0.0009,0.1645,0.2696,1,0.26956,1.0991,1.0991,118332,0
1777980209.980717,-0.000337,-0.15148,0.513227,1,0.4813,1.5342,-0.215601,0.001593,-0.01076,0.0013,0.1753,0.3047,1,0.30467,0.9978,0.9978,118340,0
1777980210.030842,-0.004111,-0.153119,0.512844,1,0.4347,1.2248,-0.219375,-4.6e-05,-0.011144,0.0011,0.1502,0.2834,1,0.2834,0.9095,0.9095,118340,0
1777980210.080923,-0.007309,-0.155108,0.511876,1,0.4463,1.3494,-0.222573,-0.002034,-0.012111,0.0011,0.1469,0.2983,1,0.29834,0.8913,0.8913,118340,0
1777980210.131557,-0.006551,-0.155358,0.511833,1,0.4131,0.5844,-0.221815,-0.002285,-0.012155,0.0008,0.1479,0.2644,1,0.26439,0.6859,0.6859,118344,0
1777980210.182805,-0.004395,-0.155475,0.512213,1,0.3257,0.4767,-0.219659,-0.002402,-0.011775,0.001,0.1219,0.2028,1,0.20278,0.5367,0.5367,118344,0
1777980210.232927,-0.000153,-0.155321,0.51285,1,0.2896,0.4284,-0.215417,-0.002248,-0.011137,0.0004,0.1096,0.1796,1,0.17961,0.3059,0.3059,118344,0
1777980210.282972,0.016124,-0.156715,0.51462,1,0.2851,0.4019,-0.19914,-0.003642,-0.009367,0.0004,0.1081,0.1766,1,0.17662,1.1831,1.1831,118344,0
1777980210.333077,0.027566,-0.1584,0.515549,1,0.3011,0.4282,-0.187698,-0.005327,-0.008439,0.0004,0.109,0.1916,1,0.19159,0.7969,0.7969,118356,0
1777980210.383194,0.041093,-0.160589,0.517505,1,0.2962,0.4399,-0.174171,-0.007516,-0.006482,0.0004,0.1114,0.1844,1,0.18438,0.9927,0.9927,118356,0
1777980210.434073,0.056598,-0.162367,0.520736,1,0.3208,0.4671,-0.158666,-0.009294,-0.003251,0.0005,0.1197,0.2007,1,0.20068,1.2362,1.2362,118356,0
1777980210.48418,0.093891,-0.167917,0.524837,1,0.3553,0.7854,-0.121373,-0.014844,0.00085,0.0004,0.1071,0.2478,2,0.12389,0.5532,0.5532,118356,0
1777980210.53443,0.114317,-0.168681,0.528933,1,0.4362,0.6229,-0.100947,-0.015608,0.004945,0.0012,0.1673,0.2678,1,0.26775,1.0389,1.0389,118360,0
1777980210.584655,0.133557,-0.168046,0.533655,1,0.4713,0.651,-0.081707,-0.014973,0.009668,0.0011,0.1578,0.3125,1,0.31245,0.9314,0.9314,118360,0
1777980210.634722,0.150818,-0.166203,0.538962,1,0.4909,0.7041,-0.064446,-0.01313,0.014975,0.0014,0.1808,0.3087,1,0.30865,0.6954,0.6954,118360,0
1777980210.684807,0.18286,-0.159411,0.550035,1,0.4134,0.6015,-0.032404,-0.006338,0.026048,0.0009,0.1448,0.2678,1,0.26779,2.9618,2.9618,118360,0
1777980210.734857,0.195704,-0.155355,0.554981,1,0.4362,0.6262,-0.01956,-0.002282,0.030994,0.0009,0.1649,0.2704,1,0.27045,0.236,0.236,118360,0
1777980210.784977,0.205422,-0.151415,0.557927,1,0.4557,0.6598,-0.009842,0.001659,0.03394,0.0011,0.1706,0.284,1,0.28398,0.1953,0.1953,118360,0
1777980210.835042,0.212611,-0.147669,0.559193,1,0.4242,0.6219,-0.002653,0.005404,0.035206,0.001,0.1543,0.2689,1,0.26891,0.29,0.29,118360,0
1777980210.885159,0.219469,-0.141222,0.559257,1,0.4729,0.6774,0.004205,0.011851,0.035269,0.001,0.1715,0.3004,1,0.30038,0.2259,0.2259,118360,0
1777980210.935255,0.2193,-0.139255,0.558262,1,0.4364,0.6243,0.004036,0.013818,0.034275,0.001,0.1526,0.2828,1,0.28276,0.4955,0.4955,118364,0
1777980210.985362,0.217081,-0.138336,0.556912,1,0.4362,0.6249,0.001817,0.014737,0.032924,0.0007,0.155,0.2805,1,0.28048,0.4935,0.4935,118364,0
1777980211.035449,0.212686,-0.138256,0.555428,1,0.4212,0.615,-0.002578,0.014817,0.03144,0.0009,0.1497,0.2706,1,0.27061,0.4493,0.4493,118364,0
1777980211.08554,0.195143,-0.14044,0.551905,1,0.4159,0.6132,-0.020121,0.012633,0.027918,0.0009,0.1466,0.2684,1,0.26835,0.514,0.514,118364,0
1777980211.135709,0.17969,-0.142025,0.54977,1,0.4127,0.6015,-0.035574,0.011048,0.025783,0.0011,0.1434,0.2683,1,0.26826,0.3694,0.3694,118364,0
1777980211.185904,0.161022,-0.144146,0.546556,1,0.4507,0.6653,-0.054242,0.008927,0.022568,0.0009,0.1608,0.289,1,0.28901,0.7708,0.7708,118364,0
1777980211.236212,0.113634,-0.15137,0.535647,1,0.6508,0.8327,-0.10163,0.001703,0.01166,0.0009,0.1663,0.4836,2,0.24179,0.3736,0.3736,118364,0
1777980211.286403,0.089361,-0.154713,0.528748,1,0.4545,0.6542,-0.125903,-0.00164,0.004761,0.001,0.1506,0.3028,1,0.30282,1.8047,1.8047,118376,0
1777980211.336484,0.067426,-0.157772,0.522464,1,0.4202,0.6181,-0.147838,-0.004699,-0.001524,0.0008,0.1503,0.269,1,0.26899,1.7725,1.7725,118380,0
1777980211.386586,0.04906,-0.160344,0.517094,1,0.4937,0.6812,-0.166204,-0.007271,-0.006894,0.0009,0.1771,0.3157,1,0.31569,1.5357,1.5357,118380,0
1777980211.436988,0.018959,-0.163188,0.509437,1,0.476,0.7041,-0.196305,-0.010115,-0.014551,0.0009,0.1796,0.2955,1,0.29551,2.7024,2.7024,118380,0
1777980211.487101,0.009959,-0.162354,0.507839,1,0.5029,0.718,-0.205305,-0.009281,-0.016148,0.0015,0.1669,0.3345,1,0.33446,1.1217,1.1217,118380,0
1777980211.537202,0.004203,-0.1619,0.505708,1,0.4482,0.6387,-0.211061,-0.008827,-0.018279,0.001,0.1561,0.2911,1,0.29109,1.0197,1.0197,118380,0
1777980211.587374,0.0015,-0.16193,0.503977,1,0.4557,0.6374,-0.213764,-0.008857,-0.02001,0.0009,0.1558,0.299,1,0.29898,0.9751,0.9751,118380,0
1777980211.637553,0.00153,-0.163842,0.501865,1,0.4651,0.6561,-0.213734,-0.010769,-0.022122,0.0011,0.1717,0.2923,1,0.29228,0.9476,0.9476,118380,0
1777980211.68766,0.003776,-0.166656,0.501813,1,0.4464,0.6416,-0.211488,-0.013583,-0.022174,0.0009,0.152,0.2935,1,0.29352,0.861,0.861,118380,0
1777980211.737797,0.007807,-0.170696,0.502639,1,0.5355,0.7788,-0.207457,-0.017623,-0.021348,0.0013,0.1959,0.3383,1,0.33833,0.7103,0.7103,118384,0
1777980211.787881,0.01343,-0.176453,0.505648,1,0.4156,0.6041,-0.201834,-0.02338,-0.018339,0.001,0.1485,0.2661,1,0.26609,0.5347,0.5347,118384,0
1777980211.837972,0.029251,-0.190573,0.517151,1,0.452,0.6441,-0.186013,-0.037499,-0.006836,0.001,0.1637,0.2874,1,0.28737,1.7564,1.7564,118384,0
1777980211.888066,0.038763,-0.19842,0.525916,1,0.4289,0.6062,-0.176501,-0.045347,0.001929,0.0009,0.145,0.283,1,0.28296,2.6104,2.6104,118384,0
1777980211.938185,0.048633,-0.205664,0.537416,1,0.6448,0.8345,-0.166631,-0.05259,0.013428,0.0012,0.1743,0.4693,2,0.23467,0.8072,0.8072,118384,0
1777980211.988357,0.05769,-0.210914,0.550808,1,0.6487,0.8498,-0.157574,-0.057841,0.026821,0.0011,0.1797,0.4679,2,0.23395,0.4836,0.4836,118384,0
1777980212.038462,0.077714,-0.214607,0.584767,1,0.6677,0.8701,-0.13755,-0.061534,0.06078,0.0011,0.1732,0.4934,2,0.24671,0.5643,0.5643,118384,0
1777980212.088561,0.084502,-0.212373,0.602125,1,20.6034,21.6837,-0.130762,-0.0593,0.078137,0.0007,0.1506,20.4521,250,0.08181,8.478,8.478,118392,0
1777980212.13875,0.084502,-0.212373,0.602125,0,20.8437,22.6734,-0.125288,-0.055375,0.095192,0.0014,0.1693,20.673,250,0.08269,17.539,17.539,118396,0
1777980212.188849,0.084502,-0.212373,0.602125,0,19.7782,23.0423,-0.121184,-0.049631,0.111912,0.001,0.1557,19.6215,250,0.07849,26.1727,26.1727,118396,0
1777980212.239655,0.084502,-0.212373,0.602125,0,17.159,19.949,-0.119538,-0.033887,0.141252,0.0008,0.1418,17.0165,250,0.06807,36.9781,36.9781,118396,0
1777980212.289835,0.084502,-0.212373,0.602125,0,21.8556,23.7288,-0.121048,-0.025126,0.152892,0.0009,0.1663,21.6884,250,0.08675,40.5865,40.5865,118396,0
1777980212.340293,0.084502,-0.212373,0.602125,0,24.0903,27.7756,-0.12335,-0.016999,0.161724,0.0004,0.0889,24.001,250,0.096,44.1647,44.1647,118396,0
1777980212.390457,0.084502,-0.212373,0.602125,0,24.0367,25.0167,-0.12635,-0.009469,0.168508,0.001,0.1653,23.8704,250,0.09548,47.7288,47.7288,118396,0
1777980212.440627,0.084502,-0.212373,0.602125,0,18.5704,19.8416,-0.131136,0.000707,0.175317,0.0011,0.1493,18.42,250,0.07368,52.3128,52.3128,118396,0
1777980212.490863,0.084502,-0.212373,0.602125,0,22.1734,22.9055,-0.131992,0.003471,0.175332,0.002,0.1518,22.0196,250,0.08808,52.9838,52.9838,118396,0
1777980212.541064,0.084502,-0.212373,0.602125,0,21.0462,22.4929,-0.130922,0.004645,0.17291,0.0011,0.1611,20.8839,250,0.08354,52.0029,52.0029,118400,0
1777980212.591695,0.084502,-0.212373,0.602125,0,22.0927,22.8373,-0.128734,0.004687,0.168323,0.0009,0.1525,21.9394,250,0.08776,50.0952,50.0952,118400,0
1777980212.643556,0.084502,-0.212373,0.602125,0,22.5174,24.2093,-0.121475,0.002436,0.153669,0.001,0.1662,22.3502,250,0.0894,43.781,43.781,118400,0
1777980212.694543,0.084502,-0.212373,0.602125,0,20.8477,22.3325,-0.11721,0.000517,0.14383,0.0019,0.1621,20.6837,250,0.08273,40.0014,40.0014,118400,0
1777980212.744655,0.084502,-0.212373,0.602125,0,24.3603,25.6681,-0.11177,-0.003735,0.132251,0.001,0.1828,24.1765,250,0.09671,35.0442,35.0442,118400,0
1777980212.794822,0.084502,-0.212373,0.602125,0,22.3717,23.222,-0.107103,-0.007524,0.120135,0.001,0.1338,22.2369,250,0.08895,28.1283,28.1283,118412,0
1777980212.844885,0.116169,-0.165685,0.617241,1,15.0095,15.4364,-0.099095,-0.012612,0.093253,0.0008,0.1398,14.8689,250,0.05948,7.1683,7.1683,118412,0
1777980212.895009,0.119124,-0.166578,0.602788,1,0.4623,0.6649,-0.09614,-0.013505,0.0788,0.0009,0.172,0.2894,1,0.28936,2.6534,2.6534,118412,0
1777980212.945092,0.121164,-0.167077,0.587255,1,0.4088,0.5951,-0.0941,-0.014004,0.063267,0.0011,0.141,0.2667,1,0.26666,2.2817,2.2817,118416,0
1777980212.995193,0.121852,-0.167236,0.571776,1,0.4542,0.6425,-0.093412,-0.014163,0.047789,0.0011,0.1587,0.2944,1,0.29442,1.1054,1.1054,118416,0
1777980213.04531,0.117941,-0.165514,0.545069,1,0.529,0.7504,-0.097323,-0.012441,0.021081,0.0013,0.1679,0.3598,1,0.35982,0.6213,0.6213,118416,0
1777980213.09541,0.115437,-0.164529,0.534875,1,0.463,0.6391,-0.099827,-0.011456,0.010888,0.0009,0.1737,0.2883,1,0.2883,0.3083,0.3083,118416,0
1777980213.145531,0.113538,-0.16322,0.526522,1,0.4431,0.6356,-0.101726,-0.010147,0.002535,0.0012,0.1762,0.2657,1,0.26575,0.2578,0.2578,118416,0
1777980213.195831,0.112399,-0.161934,0.519763,1,0.4273,0.619,-0.102865,-0.008861,-0.004225,0.0014,0.1566,0.2693,1,0.26932,0.3196,0.3196,118416,0
1777980213.245937,0.112116,-0.15949,0.512963,1,0.5774,0.7607,-0.103148,-0.006417,-0.011024,0.0008,0.175,0.4016,1,0.40159,0.3142,0.3142,118416,0
1777980213.296019,0.112332,-0.158774,0.512545,1,0.42,0.6016,-0.102932,-0.005701,-0.011443,0.0008,0.1429,0.2763,1,0.27631,0.4132,0.4132,118416,0
1777980213.346115,0.112694,-0.158529,0.512968,1,0.4847,0.6713,-0.10257,-0.005456,-0.01102,0.0011,0.1608,0.3228,1,0.32277,0.4122,0.4122,118420,0
1777980213.39622,0.113177,-0.158354,0.514234,1,0.4187,1.1996,-0.102087,-0.005281,-0.009754,0.0009,0.1463,0.2715,1,0.27149,0.4091,0.4091,118420,0
1777980213.446318,0.113896,-0.15762,0.519139,1,0.4444,0.6378,-0.101368,-0.004547,-0.004848,0.0009,0.1636,0.28,1,0.27997,0.3664,0.3664,118420,0
1777980213.496529,0.114987,-0.157373,0.522659,1,0.4285,0.6133,-0.100277,-0.0043,-0.001329,0.0011,0.1639,0.2636,1,0.26362,0.3899,0.3899,118424,0
1777980213.54672,0.116255,-0.156966,0.52774,1,0.4298,0.6048,-0.099009,-0.003893,0.003752,0.001,0.154,0.2748,1,0.27477,0.3651,0.3651,118436,0
1777980213.596828,0.12025,-0.156203,0.54321,1,0.4583,0.6457,-0.095014,-0.00313,0.019223,0.0008,0.1622,0.2952,1,0.29521,0.4799,0.4799,118436,0
1777980213.646931,0.121906,-0.156168,0.553418,1,0.42,0.5967,-0.093358,-0.003095,0.02943,0.001,0.1457,0.2733,1,0.27333,0.3172,0.3172,118436,0
1777980213.697037,0.122611,-0.156182,0.565579,1,0.4783,0.6776,-0.092653,-0.003109,0.041591,0.001,0.1655,0.3118,1,0.31177,1.0004,1.0004,118436,0
1777980213.74714,0.122276,-0.156091,0.578623,1,0.4255,0.6185,-0.092988,-0.003017,0.054636,0.001,0.1511,0.2735,1,0.27348,2.3711,2.3711,118440,0
1777980213.79725,0.118119,-0.154892,0.606754,1,0.5768,0.7589,-0.097145,-0.001819,0.082767,0.0011,0.15,0.4258,2,0.21289,0.419,0.419,118440,0
1777980213.847356,0.118119,-0.154892,0.606754,0,23.8768,25.4621,-0.100873,-0.000596,0.096375,0.0009,0.1673,23.7085,250,0.09483,10.9239,10.9239,118448,0
1777980213.897564,0.118119,-0.154892,0.606754,0,17.1464,17.2401,-0.105848,0.001221,0.110241,0.0009,0.1551,16.9904,250,0.06796,22.5173,22.5173,118448,0
1777980213.947673,0.118119,-0.154892,0.606754,0,23.454,26.5571,-0.111189,0.00306,0.12276,0.0009,0.1625,23.2906,250,0.09316,33.1095,33.1095,118448,0
1777980213.997866,0.118119,-0.154892,0.606754,0,20.1591,23.3375,-0.123423,0.007716,0.144718,0.001,0.1638,19.9943,250,0.07998,45.2257,45.2257,118448,0
1777980214.048056,0.118119,-0.154892,0.606754,0,21.0837,22.2686,-0.129312,0.009858,0.15301,0.0012,0.1571,20.9254,250,0.0837,50.1911,50.1911,118448,0
1777980214.098148,0.118119,-0.154892,0.606754,0,22.46,23.7369,-0.134124,0.011167,0.158651,0.0013,0.1389,22.3198,250,0.08928,54.1891,54.1891,118448,0
1777980214.14835,0.118119,-0.154892,0.606754,0,21.9571,23.6098,-0.13811,0.011999,0.162025,0.0017,0.1337,21.8217,250,0.08729,57.4617,57.4617,118452,0
1777980214.198521,0.118119,-0.154892,0.606754,0,19.9544,20.9344,-0.142479,0.011854,0.163021,0.0011,0.1862,19.7671,250,0.07907,61.1254,61.1254,118452,0
1777980214.248705,0.118119,-0.154892,0.606754,0,22.3282,23.0587,-0.14256,0.011001,0.160957,0.0019,0.162,22.1643,250,0.08866,61.307,61.307,118452,0
1777980214.298811,0.118119,-0.154892,0.606754,0,22.4207,24.0903,-0.140813,0.009625,0.157016,0.0015,0.1819,22.2373,250,0.08895,60.0219,60.0219,118452,0
1777980214.348926,0.118119,-0.154892,0.606754,0,22.2742,25.7806,-0.137665,0.008101,0.15171,0.0012,0.1713,22.1016,250,0.08841,57.5302,57.5302,118452,0
1777980214.399023,0.118119,-0.154892,0.606754,0,24.2976,27.5355,-0.128672,0.004794,0.136908,0.0004,0.0811,24.2162,250,0.09686,50.0281,50.0281,118456,0
1777980214.449148,0.118119,-0.154892,0.606754,0,27.1917,29.4188,-0.123132,0.002898,0.127496,0.001,0.1367,27.0541,250,0.10822,45.2321,45.2321,118460,0
1777980214.499229,0.118119,-0.154892,0.606754,0,16.4082,17.6039,-0.117393,0.000773,0.117256,0.0009,0.1364,16.2708,250,0.06508,36.0274,36.0274,118460,0
1777980214.549333,0.118119,-0.154892,0.606754,0,22.6638,23.7437,-0.113062,-0.000452,0.106223,0.0016,0.1512,22.5111,250,0.09004,26.5306,26.5306,118460,0
1777980214.599407,0.106338,-0.155223,0.606111,1,15.5412,16.1037,-0.108926,-0.00215,0.082124,0.0007,0.1284,15.4121,250,0.06165,8.6215,8.6215,118460,0
1777980214.649513,0.105312,-0.15609,0.593726,1,0.4363,0.6166,-0.109952,-0.003017,0.069739,0.0006,0.1562,0.2795,1,0.27947,2.7115,2.7115,118460,0
1777980214.699612,0.10189,-0.156976,0.581032,1,0.4603,0.636,-0.113374,-0.003903,0.057045,0.0018,0.154,0.3046,1,0.30455,2.7726,2.7726,118460,0
1777980214.749714,0.095889,-0.158036,0.568694,1,0.4395,0.6153,-0.119375,-0.004963,0.044707,0.0008,0.1583,0.2804,1,0.28041,1.963,1.963,118460,0
1777980214.799807,0.079999,-0.158889,0.547233,1,0.4258,0.6224,-0.135265,-0.005816,0.023246,0.001,0.1532,0.2716,1,0.27157,2.4051,2.4051,118460,0
1777980214.849917,0.071175,-0.158573,0.538234,1,0.4415,0.6431,-0.144089,-0.0055,0.014246,0.0015,0.1686,0.2714,1,0.27141,1.0944,1.0944,118460,0
1777980214.900021,0.062404,-0.157737,0.530365,1,0.4806,0.701,-0.15286,-0.004664,0.006378,0.002,0.1777,0.3009,1,0.30088,0.8967,0.8967,118460,0
1777980214.95012,0.054863,-0.157075,0.524565,1,0.4094,0.6036,-0.160401,-0.004002,0.000578,0.0009,0.1412,0.2673,1,0.26726,0.7834,0.7834,118464,0
1777980215.000215,0.040687,-0.156171,0.516063,1,0.4485,0.6407,-0.174577,-0.003098,-0.007925,0.0011,0.1695,0.2779,1,0.27792,1.2672,1.2672,118464,0
1777980215.050312,0.034215,-0.156263,0.513179,1,0.4951,0.6744,-0.181049,-0.00319,-0.010808,0.0009,0.1563,0.338,1,0.33796,0.911,0.911,118476,0
1777980215.100429,0.028511,-0.156698,0.51114,1,0.5041,0.7077,-0.186753,-0.003625,-0.012848,0.0011,0.1817,0.3214,1,0.32136,0.9169,0.9169,118476,0
1777980215.150532,0.023581,-0.156925,0.50999,1,0.4496,0.6276,-0.191683,-0.003851,-0.013997,0.0007,0.1675,0.2813,1,0.28133,0.9242,0.9242,118476,0
1777980215.200586,0.01717,-0.157834,0.509163,1,0.5101,0.9842,-0.198094,-0.00476,-0.014824,0.0015,0.1668,0.3418,1,0.34183,1.0118,1.0118,118476,0
1777980215.250694,0.016157,-0.158606,0.509287,1,0.4449,1.2976,-0.199107,-0.005533,-0.014701,0.0008,0.1581,0.2861,1,0.28607,0.8251,0.8251,118476,0
1777980215.300785,0.016826,-0.159417,0.509899,1,0.4259,1.073,-0.198438,-0.006344,-0.014088,0.0009,0.1434,0.2816,1,0.2816,0.7259,0.7259,118476,0
1777980215.350883,0.019094,-0.160101,0.510708,1,0.4302,3.1499,-0.19617,-0.007028,-0.013279,0.0008,0.1569,0.2725,1,0.27246,0.6003,0.6003,118480,0
1777980215.401182,0.029082,-0.162789,0.510962,1,0.4318,0.7769,-0.186182,-0.009716,-0.013025,0.0009,0.1515,0.2794,1,0.27936,0.2625,0.2625,118480,0
1777980215.451517,0.036568,-0.163919,0.511413,1,0.4138,0.8642,-0.178696,-0.010846,-0.012574,0.0009,0.1469,0.266,1,0.26599,0.3124,0.3124,118480,0
1777980215.501605,0.045485,-0.163727,0.513651,1,0.404,0.5744,-0.169779,-0.010654,-0.010337,0.0009,0.1383,0.2647,1,0.26473,0.1841,0.1841,118480,0
1777980215.551697,0.055794,-0.163575,0.515979,1,0.4116,0.5919,-0.15947,-0.010502,-0.008009,0.0013,0.1447,0.2656,1,0.26557,0.1594,0.1594,118480,0
1777980215.601789,0.080015,-0.162508,0.522913,1,0.4885,0.6792,-0.135249,-0.009435,-0.001074,0.0015,0.174,0.313,1,0.31295,1.7682,1.7682,118480,0
1777980215.651883,0.092619,-0.161389,0.527159,1,0.4246,0.5976,-0.122645,-0.008316,0.003172,0.0011,0.1525,0.271,1,0.27103,0.3611,0.3611,118480,0
1777980215.704157,0.105438,-0.159991,0.53192,1,0.4812,0.9677,-0.109826,-0.006918,0.007933,0.0011,0.1679,0.3122,1,0.31221,0.3156,0.3156,118484,0
1777980215.754244,0.119451,-0.158304,0.53685,1,0.464,0.6556,-0.095813,-0.005231,0.012863,0.0009,0.1674,0.2957,1,0.29571,0.4905,0.4905,118484,0
1777980215.804309,0.14876,-0.154303,0.547213,1,0.4471,0.624,-0.066504,-0.00123,0.023226,0.0008,0.1394,0.3069,1,0.30694,2.4676,2.4676,118484,0
1777980215.854419,0.164227,-0.151765,0.551479,1,0.4391,0.613,-0.051037,0.001308,0.027492,0.0013,0.1627,0.2751,1,0.27509,0.6277,0.6277,118484,0
1777980215.904496,0.179994,-0.148942,0.555627,1,0.4854,0.6852,-0.03527,0.004131,0.03164,0.001,0.1805,0.304,1,0.30399,0.5611,0.5611,118484,0
1777980215.954598,0.194825,-0.146095,0.55999,1,0.566,0.8013,-0.020439,0.006978,0.036002,0.0009,0.1798,0.3853,1,0.38532,0.4333,0.4333,118484,0
1777980216.004707,0.219027,-0.139903,0.566396,1,0.4969,0.6923,0.003763,0.01317,0.042409,0.0013,0.1874,0.3082,1,0.3082,1.4799,1.4799,118496,0
1777980216.054819,0.227376,-0.137014,0.568845,1,0.4566,0.6551,0.012112,0.01606,0.044857,0.0018,0.1645,0.2902,1,0.2902,0.2295,0.2295,118496,0
1777980216.104918,0.232447,-0.134523,0.570702,1,0.4432,0.6331,0.017183,0.01855,0.046714,0.0013,0.1613,0.2806,1,0.28064,0.3536,0.3536,118500,0
1777980216.155009,0.234885,-0.1325,0.572101,1,0.4362,0.6269,0.019621,0.020573,0.048113,0.0011,0.1661,0.269,1,0.26896,0.4277,0.4277,118500,0
1777980216.205101,0.233627,-0.130211,0.573259,1,0.4504,0.662,0.018363,0.022862,0.049272,0.0016,0.1524,0.2964,1,0.29637,0.4725,0.4725,118500,0
1777980216.25521,0.230855,-0.130526,0.57253,1,0.4637,0.6693,0.015591,0.022547,0.048543,0.0011,0.1675,0.2951,1,0.29513,0.4494,0.4494,118500,0
1777980216.305281,0.22676,-0.131683,0.571297,1,0.3985,0.566,0.011496,0.02139,0.04731,0.0007,0.1324,0.2654,1,0.26541,0.4151,0.4151,118500,0
1777980216.355365,0.220574,-0.132749,0.570546,1,0.4148,0.5932,0.00531,0.020324,0.046558,0.001,0.1427,0.271,1,0.27102,0.3732,0.3732,118500,0
1777980216.405446,0.201808,-0.135929,0.567454,1,0.4235,0.6163,-0.013456,0.017144,0.043466,0.001,0.1523,0.2702,1,0.27021,0.5844,0.5844,118500,0
1777980216.455531,0.189659,-0.138011,0.564401,1,0.4175,0.6012,-0.025605,0.015062,0.040414,0.0012,0.1516,0.2647,1,0.26467,0.2035,0.2035,118500,0
1777980216.505619,0.176699,-0.140265,0.560778,1,0.4107,0.6028,-0.038565,0.012808,0.036791,0.0008,0.1423,0.2675,1,0.26753,0.3142,0.3142,118504,0
1777980216.555692,0.162589,-0.1426,0.556696,1,0.4406,1.3103,-0.052675,0.010473,0.032708,0.0008,0.1518,0.288,1,0.28798,0.4647,0.4647,118504,0
1777980216.605789,0.133815,-0.148386,0.547324,1,0.4167,0.5925,-0.081449,0.004687,0.023336,0.0009,0.1576,0.2582,1,0.25822,2.5859,2.5859,118504,0
1777980216.655877,0.119889,-0.15161,0.542521,1,0.4324,0.6175,-0.095375,0.001463,0.018534,0.001,0.1655,0.2658,1,0.26584,0.6413,0.6413,118504,0
1777980216.705975,0.10728,-0.154704,0.538278,1,0.3909,0.5726,-0.107984,-0.001631,0.014291,0.0007,0.1321,0.2582,1,0.25816,0.6736,0.6736,118508,0
1777980216.756131,0.080485,-0.160708,0.529545,1,0.425,0.6239,-0.134779,-0.007635,0.005558,0.0009,0.1469,0.2772,1,0.2772,2.5627,2.5627,118508,0
1777980216.806221,0.06785,-0.162844,0.525341,1,0.4678,0.6607,-0.147414,-0.009771,0.001354,0.0009,0.1687,0.2982,1,0.29816,1.1295,1.1295,118508,0
1777980216.856308,0.056148,-0.164175,0.521509,1,0.4445,0.6235,-0.159116,-0.011101,-0.002479,0.0009,0.156,0.2876,1,0.2876,1.0991,1.0991,118516,0
1777980216.906395,0.043455,-0.165322,0.517816,1,0.4273,0.6046,-0.171809,-0.012249,-0.006171,0.0015,0.1562,0.2696,1,0.26964,1.2108,1.2108,118520,0
1777980216.956492,0.021559,-0.164563,0.514133,1,0.4144,0.5982,-0.193705,-0.01149,-0.009854,0.0009,0.1521,0.2614,1,0.26144,2.0829,2.0829,118520,0
1777980217.006581,0.012038,-0.164903,0.512351,1,0.4186,0.6122,-0.203226,-0.01183,-0.011636,0.0008,0.1543,0.2636,1,0.26358,1.2388,1.2388,118520,0
1777980217.05668,0.004146,-0.165754,0.510955,1,0.4123,0.605,-0.211118,-0.012681,-0.013033,0.0007,0.1428,0.2688,1,0.26882,1.1612,1.1612,118520,0
1777980217.106775,-0.001255,-0.166879,0.510057,1,0.4169,0.6128,-0.216519,-0.013806,-0.01393,0.0008,0.1476,0.2684,1,0.26845,1.0854,1.0854,118520,0
1777980217.156862,-0.005821,-0.168956,0.509135,1,0.4129,0.5798,-0.221085,-0.015883,-0.014852,0.0008,0.145,0.2671,1,0.26711,1.0444,1.0444,118520,0
1777980217.206955,-0.005789,-0.169466,0.50928,1,0.434,0.6268,-0.221053,-0.016393,-0.014707,0.0009,0.1505,0.2825,1,0.28252,0.9144,0.9144,118520,0
1777980217.257049,-0.004224,-0.169499,0.509828,1,0.4478,0.6485,-0.219488,-0.016426,-0.01416,0.0009,0.1651,0.2818,1,0.28178,0.8257,0.8257,118520,0
1777980217.307145,-0.001068,-0.169115,0.510855,1,0.4195,0.6144,-0.216332,-0.016042,-0.013133,0.0011,0.1476,0.2708,1,0.27077,0.6625,0.6625,118524,0
1777980217.357241,0.009538,-0.167991,0.514209,1,0.4259,0.6252,-0.205726,-0.014918,-0.009779,0.0014,0.1476,0.2769,1,0.27687,0.2891,0.2891,118524,0
1777980217.407345,0.017359,-0.167235,0.516834,1,0.5152,0.7398,-0.197905,-0.014162,-0.007153,0.0008,0.1807,0.3337,1,0.33372,0.4297,0.4297,118524,0
1777980217.457445,0.025327,-0.166481,0.519741,1,0.4142,0.5964,-0.189937,-0.013408,-0.004247,0.0008,0.1417,0.2716,1,0.27164,0.7608,0.7608,118524,0
1777980217.507536,0.035435,-0.165178,0.52376,1,0.4458,0.6326,-0.179829,-0.012105,-0.000227,0.0008,0.1744,0.2706,1,0.27062,1.4972,1.4972,118524,0
1777980217.55763,0.058518,-0.161323,0.533913,1,0.6361,0.8338,-0.156746,-0.00825,0.009925,0.0013,0.1768,0.458,2,0.22899,0.8734,0.8734,118524,0
1777980217.607699,0.074978,-0.16111,0.53945,1,0.5768,0.768,-0.140286,-0.008037,0.015462,0.0007,0.1497,0.4264,2,0.2132,0.736,0.736,118524,0
1777980217.657795,0.090389,-0.159951,0.545026,1,0.4248,0.6069,-0.124875,-0.006878,0.021039,0.0008,0.1573,0.2667,1,0.26675,2.7126,2.7126,118524,0
1777980217.707972,0.105262,-0.157636,0.550725,1,0.4187,0.6077,-0.110002,-0.004563,0.026738,0.0011,0.1474,0.2702,1,0.27017,2.8123,2.8123,118528,0
1777980217.758058,0.134314,-0.151628,0.560603,1,0.6043,0.7692,-0.08095,0.001445,0.036616,0.0008,0.1576,0.4459,2,0.22294,0.4452,0.4452,118540,0
1777980217.808164,0.147362,-0.148169,0.564872,1,0.4727,0.6526,-0.067902,0.004904,0.040884,0.0011,0.1609,0.3106,1,0.31063,0.3354,0.3354,118540,0
1777980217.858254,0.159826,-0.144752,0.567705,1,0.4357,0.6084,-0.055438,0.008321,0.043718,0.0009,0.1609,0.2739,1,0.2739,0.4233,0.4233,118540,0
1777980217.908357,0.172252,-0.141387,0.570196,1,0.4533,0.6573,-0.043012,0.011686,0.046209,0.0012,0.1577,0.2945,1,0.29448,0.3337,0.3337,118540,0
1777980217.958443,0.193488,-0.135557,0.575661,1,0.4622,0.6466,-0.021776,0.017516,0.051674,0.0009,0.1703,0.291,1,0.29102,1.1362,1.1362,118540,0
1777980218.008521,0.200282,-0.133162,0.57802,1,0.4287,0.6087,-0.014982,0.019911,0.054033,0.0013,0.1571,0.2703,1,0.27025,0.3721,0.3721,118540,0
1777980218.05869,0.205004,-0.131018,0.579826,1,0.4664,0.662,-0.01026,0.022055,0.055839,0.001,0.1655,0.3,1,0.29998,0.4283,0.4283,118540,0
1777980218.108788,0.207437,-0.129315,0.580426,1,0.4412,0.6321,-0.007827,0.023758,0.056439,0.0007,0.1575,0.2829,1,0.28292,0.4914,0.4914,118544,0
1777980218.158856,0.206225,-0.126773,0.579143,1,0.4859,0.6872,-0.009039,0.0263,0.055156,0.0015,0.1774,0.3069,1,0.30691,0.5179,0.5179,118544,0
1777980218.208967,0.203927,-0.127135,0.576924,1,0.496,0.7455,-0.011337,0.025938,0.052936,0.001,0.1646,0.3304,1,0.33037,0.4983,0.4983,118544,0
1777980218.259041,0.200609,-0.128085,0.574523,1,0.4218,0.6028,-0.014655,0.024988,0.050536,0.0012,0.1547,0.266,1,0.26599,0.465,0.465,118544,0
1777980218.309182,0.19565,-0.129297,0.572173,1,0.4391,0.6217,-0.019614,0.023776,0.048186,0.0009,0.1519,0.2864,1,0.28636,0.4093,0.4093,118544,0
1777980218.359257,0.180143,-0.132251,0.567431,1,0.4218,0.5905,-0.035121,0.020822,0.043444,0.0007,0.1493,0.2717,1,0.27174,0.4286,0.4286,118544,0
1777980218.409428,0.170541,-0.134522,0.564683,1,0.4573,0.6457,-0.044723,0.018551,0.040696,0.0018,0.1688,0.2867,1,0.2867,0.2444,0.2444,118556,0
1777980218.459508,0.160193,-0.137341,0.561782,1,0.4389,0.6313,-0.055071,0.015732,0.037794,0.0015,0.1628,0.2745,1,0.27454,0.2919,0.2919,118556,0
1777980218.50961,0.149731,-0.140788,0.558533,1,0.4197,0.5891,-0.065533,0.012285,0.034546,0.001,0.1568,0.2619,1,0.26187,0.3422,0.3422,118560,0
1777980218.559775,0.128263,-0.148343,0.553051,1,0.4269,0.6055,-0.087001,0.004731,0.029064,0.0008,0.1555,0.2706,1,0.27063,1.6342,1.6342,118560,0
1777980218.609847,0.118228,-0.152287,0.550092,1,0.4358,0.6165,-0.097036,0.000786,0.026104,0.0007,0.157,0.2781,1,0.27813,0.6429,0.6429,118560,0
1777980218.659956,0.108219,-0.156482,0.546949,1,0.4522,0.632,-0.107045,-0.003409,0.022961,0.0014,0.1629,0.288,1,0.28799,0.7501,0.7501,118560,0
1777980218.710033,0.098876,-0.160589,0.543709,1,0.4282,0.6307,-0.116388,-0.007516,0.019721,0.0014,0.1617,0.2651,1,0.26508,0.7793,0.7793,118560,0
1777980218.760143,0.078807,-0.167578,0.537445,1,0.4336,0.6361,-0.136457,-0.014505,0.013457,0.0011,0.1576,0.2748,1,0.27482,2.0865,2.0865,118560,0
1777980218.810238,0.068961,-0.169686,0.53499,1,0.4009,0.5745,-0.146303,-0.016613,0.011002,0.0008,0.128,0.2721,1,0.27212,0.9917,0.9917,118560,0
1777980218.860398,0.059243,-0.171667,0.532383,1,0.4806,0.6463,-0.156021,-0.018593,0.008395,0.0015,0.1634,0.3157,1,0.31569,0.9331,0.9331,118560,0
1777980218.910496,0.050159,-0.173671,0.529721,1,0.4452,1.2105,-0.165105,-0.020598,0.005733,0.0011,0.1729,0.2713,1,0.27126,0.8921,0.8921,118560,0
1777980218.960581,0.032881,-0.1761,0.525327,1,0.4351,1.2848,-0.182383,-0.023026,0.001339,0.0013,0.1605,0.2732,1,0.27322,1.8367,1.8367,118564,0
1777980219.010694,0.025283,-0.174254,0.526526,1,0.4194,1.2998,-0.189981,-0.021181,0.002538,0.0013,0.1398,0.2783,1,0.27828,1.14,1.14,118564,0
1777980219.060789,0.018054,-0.172934,0.5268,1,0.4664,1.2893,-0.19721,-0.019861,0.002813,0.001,0.1567,0.3087,1,0.30871,0.9056,0.9056,118576,0
1777980219.110875,0.012726,-0.173737,0.525453,1,0.4284,1.235,-0.202538,-0.020664,0.001466,0.0011,0.1614,0.2659,1,0.26587,0.502,0.502,118576,0
1777980219.161369,0.006092,-0.174523,0.520123,1,0.4773,2.8881,-0.209172,-0.02145,-0.003864,0.0009,0.2042,0.2722,1,0.27222,0.7461,0.7461,118576,0
1777980219.211456,0.004809,-0.174329,0.518543,1,0.4326,0.6922,-0.210455,-0.021256,-0.005445,0.0007,0.1565,0.2754,1,0.27536,0.4512,0.4512,118576,0
1777980219.261538,0.004921,-0.173964,0.517913,1,0.4202,0.6113,-0.210343,-0.020891,-0.006075,0.0008,0.1372,0.2822,1,0.28219,0.3378,0.3378,118576,0
1777980219.311605,0.006305,-0.173596,0.517831,1,0.3797,0.5531,-0.208959,-0.020523,-0.006156,0.0007,0.1281,0.2509,1,0.25087,0.2181,0.2181,118576,0
1777980219.361756,0.012599,-0.172726,0.519167,1,0.4308,0.8949,-0.202665,-0.019653,-0.00482,0.001,0.1569,0.2729,1,0.2729,0.4431,0.4431,118580,0
1777980219.411845,0.017909,-0.172406,0.520701,1,0.415,0.6027,-0.197355,-0.019333,-0.003287,0.0008,0.1464,0.2679,1,0.2679,0.5677,0.5677,118580,0
1777980219.461924,0.025936,-0.172442,0.523756,1,0.4353,0.6074,-0.189328,-0.019369,-0.000232,0.0013,0.1579,0.2761,1,0.27605,1.2126,1.2126,118580,0
1777980219.512004,0.035393,-0.172731,0.527939,1,0.4467,0.657,-0.179871,-0.019657,0.003952,0.0008,0.1585,0.2873,1,0.28729,1.9533,1.9533,118580,0
1777980219.562074,0.058212,-0.171493,0.536953,1,0.5623,0.7328,-0.157052,-0.01842,0.012966,0.0008,0.1436,0.4179,2,0.20895,0.9324,0.9324,118580,0
1777980219.613766,0.071115,-0.17009,0.541948,1,0.5873,0.7749,-0.144149,-0.017017,0.01796,0.0014,0.1671,0.4188,2,0.20939,0.7863,0.7863,118580,0
1777980219.663866,0.085482,-0.16808,0.547447,1,1.2011,1.3841,-0.129782,-0.015007,0.02346,0.0011,0.1817,1.0183,2,0.50917,0.6826,0.6826,118580,0
1777980219.714023,0.10041,-0.166012,0.552963,1,0.4314,0.6242,-0.114854,-0.012939,0.028975,0.0012,0.1596,0.2706,1,0.2706,2.9636,2.9636,118580,0
1777980219.764098,0.13322,-0.160579,0.565878,1,0.5742,0.7499,-0.082044,-0.007506,0.041891,0.0008,0.1524,0.4209,2,0.21046,0.4655,0.4655,118584,0
1777980219.814188,0.149209,-0.158304,0.57303,1,0.4993,0.6932,-0.066055,-0.00523,0.049042,0.0011,0.1794,0.3188,1,0.31879,0.8511,0.8511,118584,0
1777980219.864284,0.164351,-0.157505,0.5795,1,0.4244,0.5864,-0.050913,-0.004432,0.055513,0.0012,0.1541,0.2692,1,0.2692,0.5437,0.5437,118584,0
1777980219.914364,0.17744,-0.157676,0.584119,1,0.4362,0.6107,-0.037824,-0.004603,0.060132,0.0009,0.1556,0.2797,1,0.27974,0.4082,0.4082,118584,0
1777980219.964439,0.195337,-0.159043,0.587321,1,0.4653,0.6519,-0.019927,-0.005969,0.063333,0.0008,0.1562,0.3082,1,0.30823,0.4538,0.4538,118592,0
1777980220.01452,0.198923,-0.159103,0.586777,1,0.4202,0.5996,-0.016341,-0.00603,0.062789,0.0009,0.1504,0.269,1,0.269,0.5862,0.5862,118592,0
1777980220.064607,0.199468,-0.158481,0.585389,1,0.4666,0.6696,-0.015796,-0.005408,0.061402,0.001,0.1602,0.3054,1,0.30541,0.5921,0.5921,118592,0
1777980220.114675,0.197979,-0.157639,0.583302,1,0.4066,1.2977,-0.017285,-0.004566,0.059315,0.0007,0.142,0.2639,1,0.26391,0.58,0.58,118592,0
1777980220.164771,0.190479,-0.156294,0.578191,1,0.4915,0.6957,-0.024785,-0.003221,0.054203,0.001,0.178,0.3124,1,0.31244,0.4347,0.4347,118596,0
1777980220.214861,0.183707,-0.155866,0.575796,1,0.4516,0.6435,-0.031557,-0.002793,0.051808,0.0015,0.1579,0.2922,1,0.29217,0.4375,0.4375,118596,0
1777980220.265088,0.174793,-0.155487,0.573525,1,0.4224,0.6154,-0.040471,-0.002414,0.049538,0.0007,0.1518,0.2698,1,0.26983,0.3846,0.3846,118596,0
1777980220.315313,0.163797,-0.154756,0.570912,1,0.5132,1.3514,-0.051467,-0.001683,0.046924,0.0008,0.1742,0.3382,1,0.33815,0.3736,0.3736,118596,0
1777980220.36559,0.139684,-0.155514,0.563987,1,0.4825,0.6937,-0.07558,-0.002441,0.039999,0.0009,0.1657,0.3159,1,0.31593,1.6838,1.6838,118596,0
1777980220.415686,0.127274,-0.156588,0.560301,1,0.4246,0.5899,-0.08799,-0.003515,0.036314,0.0009,0.1367,0.287,1,0.28696,0.7189,0.7189,118608,0
1777980220.465809,0.113874,-0.157852,0.556307,1,0.4445,0.62,-0.10139,-0.004779,0.03232,0.0013,0.1563,0.2869,1,0.28691,0.9559,0.9559,118608,0
1777980220.516247,0.089002,-0.160005,0.549147,1,0.4609,0.6449,-0.126262,-0.006932,0.02516,0.0012,0.1695,0.2902,1,0.2902,2.7743,2.7743,118612,0
1777980220.566477,0.078658,-0.161031,0.546467,1,0.4477,0.6416,-0.136606,-0.007958,0.022479,0.0011,0.1646,0.282,1,0.282,0.8332,0.8332,118612,0
1777980220.61658,0.071042,-0.162173,0.544264,1,0.516,0.7464,-0.144222,-0.0091,0.020276,0.0011,0.1795,0.3353,1,0.33529,0.4394,0.4394,118612,0
1777980220.666795,0.06573,-0.163197,0.543071,1,0.2785,0.3865,-0.149534,-0.010124,0.019083,0.0009,0.104,0.1736,1,0.1736,0.6123,0.6123,118612,0
1777980220.717031,0.061682,-0.164771,0.543213,1,0.4531,0.6506,-0.153582,-0.011698,0.019226,0.0018,0.1704,0.2809,1,0.2809,0.9133,0.9133,118612,0
1777980220.767157,0.062558,-0.166335,0.543882,1,0.4438,0.6274,-0.152706,-0.013262,0.019895,0.0012,0.1625,0.2801,1,0.28005,1.8469,1.8469,118612,0
1777980220.817267,0.064315,-0.168479,0.545131,1,0.4486,0.634,-0.150949,-0.015405,0.021144,0.001,0.1658,0.2818,1,0.28181,2.2189,2.2189,118612,0
1777980220.867463,0.066433,-0.170831,0.546057,1,0.4967,0.7032,-0.148831,-0.017758,0.02207,0.001,0.1825,0.3131,1,0.31314,2.3455,2.3455,118612,0
1777980220.917524,0.07026,-0.17645,0.547526,1,0.3454,0.4854,-0.145004,-0.023376,0.023539,0.0006,0.1316,0.2131,1,0.21312,2.5594,2.5594,118616,0
1777980220.967757,0.071874,-0.179593,0.547902,1,0.4354,0.6264,-0.14339,-0.02652,0.023915,0.0012,0.159,0.2752,1,0.27515,2.2213,2.2213,118616,0
1777980221.017977,0.07286,-0.182076,0.547589,1,0.439,0.6454,-0.142404,-0.029003,0.023602,0.0009,0.1668,0.2712,1,0.27124,1.848,1.848,118616,0
1777980221.068091,0.073261,-0.183563,0.54655,1,0.4339,0.6174,-0.142003,-0.03049,0.022563,0.001,0.1527,0.2802,1,0.28022,1.7064,1.7064,118620,0
1777980221.118256,0.073751,-0.182706,0.543362,1,0.4515,0.6394,-0.141513,-0.029633,0.019374,0.0011,0.1632,0.2872,1,0.28717,1.3956,1.3956,118620,0
1777980221.168441,0.073691,-0.181523,0.541819,1,0.4769,0.6769,-0.141573,-0.02845,0.017832,0.0021,0.183,0.2919,1,0.29189,1.1618,1.1618,118620,0
1777980221.218599,0.073625,-0.180246,0.540619,1,0.4703,0.678,-0.141639,-0.027173,0.016631,0.0012,0.1739,0.2951,1,0.29514,0.9889,0.9889,118620,0
1777980221.268801,0.074075,-0.179321,0.539647,1,0.4353,0.6259,-0.141189,-0.026248,0.015659,0.0012,0.1635,0.2706,1,0.27057,0.9144,0.9144,118620,0
1777980221.318905,0.076687,-0.177605,0.5389,1,0.4465,0.6356,-0.138577,-0.024532,0.014913,0.0012,0.1714,0.2739,1,0.27388,0.9199,0.9199,118620,0
1777980221.369104,0.078406,-0.176445,0.539306,1,0.4292,0.636,-0.136858,-0.023372,0.015319,0.0021,0.1564,0.2707,1,0.27068,0.7582,0.7582,118624,0
1777980221.419294,0.079994,-0.174989,0.540265,1,0.4608,0.6521,-0.13527,-0.021916,0.016278,0.0014,0.1575,0.3019,1,0.30189,0.7346,0.7346,118636,0
1777980221.469408,0.081853,-0.172907,0.541546,1,0.4486,0.6563,-0.133411,-0.019834,0.017559,0.0011,0.1641,0.2834,1,0.28344,0.789,0.789,118636,0
1777980221.519601,0.08726,-0.165384,0.543251,1,0.435,0.6118,-0.128004,-0.012311,0.019263,0.0014,0.1642,0.2693,1,0.26932,1.5512,1.5512,118636,0
1777980221.569776,0.090026,-0.161018,0.542932,1,0.425,0.6069,-0.125238,-0.007945,0.018944,0.0011,0.153,0.2709,1,0.27088,1.0002,1.0002,118636,0
1777980221.619957,0.093742,-0.155266,0.540972,1,0.4249,0.6202,-0.121522,-0.002192,0.016985,0.0009,0.1519,0.2721,1,0.27209,0.8316,0.8316,118636,0
1777980221.67011,0.097057,-0.150273,0.537757,1,0.4151,0.6037,-0.118207,0.0028,0.013769,0.0007,0.1455,0.2688,1,0.26881,0.5869,0.5869,118640,0
1777980221.720231,0.101643,-0.144319,0.53149,1,0.4925,0.6967,-0.113621,0.008754,0.007503,0.0013,0.1711,0.3201,1,0.32008,0.718,0.718,118644,0
1777980221.770311,0.104069,-0.143414,0.528554,1,0.4256,3.2258,-0.111195,0.009659,0.004567,0.0012,0.1557,0.2688,1,0.26878,0.8611,0.8611,118644,0
1777980221.82051,0.105999,-0.1437,0.526253,1,0.4908,3.0749,-0.109265,0.009373,0.002266,0.0009,0.1869,0.303,1,0.30297,0.9552,0.9552,118644,0
1777980221.870684,0.107137,-0.144259,0.524827,1,0.5087,3.1256,-0.108127,0.008814,0.00084,0.001,0.1792,0.3285,1,0.32855,1.0543,1.0543,118644,0
1777980221.920772,0.107389,-0.145281,0.523711,1,0.4178,3.1468,-0.107875,0.007792,-0.000277,0.0011,0.1534,0.2633,1,0.26332,1.1625,1.1625,118644,0
1777980221.970928,0.106982,-0.145647,0.523625,1,0.4572,1.301,-0.108282,0.007426,-0.000363,0.001,0.1736,0.2825,1,0.28251,1.21,1.21,118644,0
1777980222.021731,0.10597,-0.145695,0.523786,1,0.442,0.6468,-0.109294,0.007378,-0.000201,0.001,0.1549,0.2862,1,0.28616,1.1971,1.1971,118644,0
1777980222.071963,0.103805,-0.144765,0.524482,1,0.4549,0.6528,-0.111459,0.008308,0.000495,0.0011,0.1553,0.2985,1,0.29848,1.0785,1.0785,118644,0
1777980222.123377,0.09586,-0.142278,0.53006,1,0.3016,0.4322,-0.119404,0.010795,0.006073,0.0004,0.1131,0.1881,1,0.18808,2.0212,2.0212,118648,0
1777980222.173562,0.091034,-0.144006,0.535634,1,0.2846,0.4112,-0.12423,0.009067,0.011646,0.0005,0.1117,0.1724,1,0.17239,0.3248,0.3248,118648,0
1777980222.22378,0.087885,-0.147255,0.541044,1,0.2901,0.4121,-0.127379,0.005818,0.017057,0.0004,0.1077,0.1819,1,0.18192,0.135,0.135,118648,0
1777980222.273932,0.086265,-0.151766,0.545466,1,0.3047,0.4244,-0.128999,0.001307,0.021479,0.0005,0.1076,0.1967,1,0.19668,0.593,0.593,118656,0
1777980222.324103,0.085691,-0.163815,0.550669,1,0.2767,0.5053,-0.129573,-0.010742,0.026681,0.0005,0.1012,0.175,1,0.17498,1.4874,1.4874,118656,0
1777980222.374175,0.08619,-0.168995,0.550332,1,0.2594,0.3738,-0.129074,-0.015922,0.026345,0.0005,0.0953,0.1636,1,0.16364,1.936,1.936,118656,0
1777980222.424336,0.086436,-0.17286,0.548728,1,0.4211,0.6093,-0.128828,-0.019787,0.024741,0.0011,0.1457,0.2743,1,0.27432,1.2183,1.2183,118656,0
1777980222.474432,0.0863,-0.175143,0.546642,1,0.5087,0.7169,-0.128964,-0.022069,0.022655,0.0012,0.1847,0.3227,1,0.32269,0.8001,0.8001,118656,0
1777980222.524607,0.085905,-0.175394,0.543463,1,0.4341,0.6276,-0.129359,-0.022321,0.019475,0.0012,0.1583,0.2746,1,0.2746,0.4175,0.4175,118660,0
1777980222.574722,0.086464,-0.173949,0.542797,1,0.4714,0.6765,-0.1288,-0.020876,0.01881,0.0012,0.1639,0.3064,1,0.30638,0.532,0.532,118660,0
1777980222.624873,0.087371,-0.171016,0.542599,1,0.8163,0.9954,-0.127893,-0.017943,0.018612,0.0009,0.1442,0.6712,1,0.6712,0.5351,0.5351,118660,0
1777980222.674974,0.089164,-0.166196,0.541892,1,0.4214,0.601,-0.1261,-0.013123,0.017905,0.0009,0.1506,0.2699,1,0.2699,0.6181,0.6181,118660,0
1777980222.725094,0.093332,-0.154173,0.536991,1,0.4462,0.6401,-0.121932,-0.0011,0.013004,0.0019,0.1646,0.2796,1,0.27965,1.0983,1.0983,118660,0
1777980222.775181,0.096022,-0.14876,0.532489,1,0.4359,0.6139,-0.119242,0.004313,0.008502,0.001,0.1509,0.2841,1,0.2841,0.5885,0.5885,118660,0
1777980222.825736,0.098689,-0.145111,0.527551,1,0.4407,0.6528,-0.116575,0.007962,0.003563,0.0009,0.1517,0.2881,1,0.2881,0.5852,0.5852,118660,0
1777980222.877038,0.103168,-0.1431,0.519754,1,0.4046,0.5986,-0.112096,0.009973,-0.004233,0.0014,0.1395,0.2637,1,0.26368,0.9382,0.9382,118660,0
1777980222.927112,0.103379,-0.143008,0.518133,1,0.4603,0.645,-0.111885,0.010066,-0.005854,0.0008,0.1573,0.3022,1,0.30224,2.5798,2.5798,118676,0
1777980222.977226,0.102701,-0.14299,0.517208,1,0.4571,0.6352,-0.112563,0.010083,-0.00678,0.0011,0.1691,0.2869,1,0.28689,1.3359,1.3359,118676,0
1777980223.027325,0.10054,-0.142319,0.517328,1,0.4404,0.6358,-0.114724,0.010754,-0.006659,0.0009,0.1613,0.2782,1,0.2782,1.2745,1.2745,118676,0
1777980223.077434,0.095934,-0.141023,0.519344,1,0.4339,0.6399,-0.11933,0.01205,-0.004643,0.0011,0.159,0.2738,1,0.2738,1.2292,1.2292,118676,0
1777980223.127649,0.094451,-0.140767,0.52052,1,0.4635,0.6664,-0.120813,0.012306,-0.003468,0.0005,0.1698,0.2933,1,0.2933,1.3113,1.3113,118676,0
1777980223.177779,0.093394,-0.14063,0.52142,1,0.4257,0.6028,-0.12187,0.012443,-0.002568,0.001,0.1611,0.2636,1,0.2636,1.3264,1.3264,118676,0
1777980223.227871,0.092935,-0.140539,0.52178,1,0.4355,0.6293,-0.122329,0.012535,-0.002208,0.0009,0.1667,0.268,1,0.26798,1.329,1.329,118676,0
1777980223.27797,0.092287,-0.139899,0.521503,1,0.4724,0.6696,-0.122977,0.013174,-0.002485,0.0015,0.1725,0.2984,1,0.29836,1.3236,1.3236,118676,0
1777980223.328088,0.09087,-0.138212,0.521256,1,0.4764,0.6913,-0.124394,0.014861,-0.002732,0.0013,0.1629,0.3122,1,0.31225,1.1949,1.1949,118680,0
1777980223.378207,0.087707,-0.136543,0.523077,1,0.457,0.668,-0.127557,0.01653,-0.000911,0.001,0.1601,0.296,1,0.29596,1.3968,1.3968,118680,0
1777980223.428365,0.086158,-0.143221,0.527443,1,0.4928,0.671,-0.129106,0.009852,0.003455,0.0011,0.1728,0.3188,1,0.31882,0.7586,0.7586,118680,0
1777980223.478456,0.083294,-0.158499,0.540704,1,0.4505,0.629,-0.13197,-0.005426,0.016716,0.0011,0.1806,0.2688,1,0.26877,2.6075,2.6075,118680,0
1777980223.528555,0.083369,-0.16543,0.544371,1,0.596,0.7746,-0.131895,-0.012357,0.020384,0.001,0.1604,0.4346,2,0.21729,0.7556,0.7556,118680,0
1777980223.578763,0.084048,-0.17081,0.545604,1,0.4427,0.6254,-0.131216,-0.017737,0.021617,0.0008,0.1496,0.2922,1,0.29221,0.8129,0.8129,118692,0
1777980223.628886,0.085059,-0.173818,0.544911,1,0.4444,0.6447,-0.130205,-0.020745,0.020923,0.0011,0.1666,0.2767,1,0.27668,0.869,0.869,118692,0
1777980223.678978,0.086234,-0.176413,0.542945,1,0.4493,0.6392,-0.12903,-0.02334,0.018958,0.0014,0.1653,0.2826,1,0.28261,0.5937,0.5937,118692,0
1777980223.729076,0.086302,-0.175811,0.542282,1,0.4402,0.626,-0.128962,-0.022738,0.018294,0.001,0.1675,0.2716,1,0.27162,0.3871,0.3871,118696,0
1777980223.779176,0.086468,-0.174802,0.542096,1,0.4594,0.6431,-0.128796,-0.021729,0.018109,0.0013,0.1626,0.2955,1,0.29552,0.3992,0.3992,118696,0
1777980223.829354,0.086576,-0.173045,0.542405,1,0.4195,0.6162,-0.128688,-0.019972,0.018417,0.0012,0.1399,0.2784,1,0.27839,0.4445,0.4445,118696,0
1777980223.879537,0.087126,-0.169098,0.543595,1,0.4332,0.6316,-0.128138,-0.016025,0.019608,0.0009,0.155,0.2773,1,0.27729,0.6814,0.6814,118696,0
1777980223.929732,0.087585,-0.166787,0.544285,1,0.4307,0.6374,-0.127679,-0.013714,0.020298,0.0012,0.1493,0.2802,1,0.2802,0.7456,0.7456,118696,0
1777980223.979854,0.08814,-0.16461,0.544774,1,0.5144,0.7192,-0.127124,-0.011537,0.020787,0.001,0.1883,0.3252,1,0.32519,0.7941,0.7941,118696,0
1777980224.029957,0.089317,-0.161285,0.544601,1,0.4298,0.6142,-0.125947,-0.008212,0.020613,0.0012,0.1566,0.272,1,0.27203,0.8748,0.8748,118696,0
1777980224.080055,0.097277,-0.150736,0.537682,1,0.4417,0.6546,-0.117987,0.002337,0.013695,0.0011,0.1594,0.2811,1,0.28114,1.5648,1.5648,118696,0
1777980224.13017,0.103612,-0.146353,0.531025,1,0.5127,1.279,-0.111652,0.00672,0.007038,0.0023,0.1728,0.3376,1,0.33759,0.5091,0.5091,118700,0
1777980224.180356,0.108596,-0.145129,0.525155,1,0.4454,4.7906,-0.106668,0.007944,0.001167,0.0011,0.1532,0.2911,1,0.29111,0.8948,0.8948,118700,0
1777980224.23048,0.111641,-0.146108,0.521256,1,0.4045,3.1194,-0.103623,0.006965,-0.002731,0.0004,0.1032,0.3009,1,0.30085,1.0886,1.0886,118700,0
1777980224.2807,0.11275,-0.146211,0.516964,1,0.4526,1.2517,-0.102514,0.006862,-0.007023,0.0009,0.1674,0.2843,1,0.28428,1.0636,1.0636,118700,0
1777980224.330772,0.111465,-0.145497,0.515277,1,0.4513,0.8967,-0.103799,0.007576,-0.00871,0.0011,0.1673,0.2829,1,0.2829,1.1795,1.1795,118700,0
1777980224.380944,0.109584,-0.144734,0.51441,1,0.4725,1.428,-0.10568,0.008339,-0.009578,0.0011,0.1644,0.3071,1,0.3071,1.1714,1.1714,118700,0
1777980224.431049,0.107166,-0.143592,0.514363,1,0.472,1.5899,-0.108098,0.009481,-0.009624,0.0014,0.1654,0.3052,1,0.3052,1.1312,1.1312,118700,0
1777980224.481238,0.099442,-0.138708,0.515948,1,0.4453,0.8539,-0.115822,0.014365,-0.00804,0.0007,0.1587,0.2859,1,0.28587,0.9563,0.9563,118700,0
1777980224.531393,0.094068,-0.138051,0.518132,1,0.4737,0.917,-0.121196,0.015022,-0.005856,0.001,0.1623,0.3103,1,0.31029,0.817,0.817,118704,0
1777980224.581572,0.088168,-0.139036,0.521604,1,0.4623,0.6416,-0.127096,0.014037,-0.002383,0.001,0.1766,0.2847,1,0.28467,0.6227,0.6227,118712,0
1777980224.631769,0.080398,-0.140461,0.527847,1,0.4237,0.6258,-0.134866,0.012612,0.00386,0.0009,0.1488,0.274,1,0.27399,0.3477,0.3477,118712,0
1777980224.681846,0.069637,-0.151181,0.539829,1,0.5062,0.7138,-0.145627,0.001892,0.015842,0.001,0.1782,0.3271,1,0.32705,2.1356,2.1356,118712,0
1777980224.731935,0.067779,-0.155046,0.539976,1,0.4383,0.6407,-0.147485,-0.001973,0.015988,0.0007,0.1533,0.2843,1,0.28428,2.0107,2.0107,118712,0
1777980224.783649,0.065904,-0.157732,0.538564,1,0.4319,0.6103,-0.14936,-0.004658,0.014577,0.0012,0.1494,0.2814,1,0.28136,0.9084,0.9084,118712,0
1777980224.833844,0.063617,-0.159051,0.53652,1,0.4275,0.6242,-0.151647,-0.005978,0.012533,0.0011,0.1537,0.2727,1,0.27271,0.6422,0.6422,118712,0
1777980224.883936,0.056804,-0.155821,0.532697,1,0.4261,0.6059,-0.15846,-0.002748,0.00871,0.0009,0.1515,0.2737,1,0.27366,1.069,1.069,118712,0
1777980224.934044,0.052299,-0.153153,0.530191,1,0.4453,0.6518,-0.162965,-8e-05,0.006204,0.0011,0.1734,0.2708,1,0.27077,0.689,0.689,118716,0
1777980224.984144,0.048254,-0.149792,0.526742,1,0.4455,0.6464,-0.16701,0.003281,0.002755,0.0017,0.1578,0.286,1,0.28595,0.7568,0.7568,118716,0
1777980225.034238,0.043334,-0.145452,0.524469,1,0.4432,0.6329,-0.17193,0.007621,0.000482,0.001,0.1657,0.2765,1,0.27649,0.8011,0.8011,118716,0
1777980225.084331,0.034271,-0.138087,0.523818,1,0.4823,0.6625,-0.180993,0.014986,-0.000169,0.0013,0.1629,0.3181,1,0.31815,1.4827,1.4827,118716,0
1777980225.134431,0.032279,-0.136589,0.522723,1,0.4219,0.6265,-0.182985,0.016484,-0.001264,0.0015,0.1504,0.2699,1,0.26993,0.4996,0.4996,118716,0
1777980225.184716,0.031688,-0.136385,0.52136,1,0.4427,0.6301,-0.183576,0.016688,-0.002628,0.0019,0.1576,0.2832,1,0.2832,0.4001,0.4001,118716,0
1777980225.234807,0.031974,-0.136159,0.519626,1,0.4595,0.6569,-0.18329,0.016915,-0.004361,0.0014,0.1616,0.2966,1,0.29661,0.5117,0.5117,118716,0
1777980225.284898,0.032478,-0.137907,0.516187,1,0.4474,0.6318,-0.182786,0.015166,-0.0078,0.0014,0.1632,0.2828,1,0.28277,0.3973,0.3973,118716,0
1777980225.335007,0.032798,-0.140873,0.515582,1,0.4555,0.6485,-0.182466,0.0122,-0.008406,0.0016,0.1625,0.2915,1,0.29145,0.4663,0.4663,118732,0
1777980225.385106,0.033917,-0.144472,0.515061,1,0.4742,0.6694,-0.181347,0.008601,-0.008926,0.0016,0.1815,0.2912,1,0.29116,0.4326,0.4326,118732,0
1777980225.435224,0.035049,-0.147375,0.514396,1,0.4376,1.205,-0.180215,0.005698,-0.009591,0.0011,0.1601,0.2764,1,0.2764,0.416,0.416,118732,0
1777980225.485319,0.035755,-0.150084,0.51323,1,0.5133,0.7267,-0.179509,0.002989,-0.010757,0.0011,0.1791,0.3331,1,0.33312,0.502,0.502,118732,0
1777980225.535538,0.035469,-0.14999,0.512655,1,0.4212,0.6178,-0.179795,0.003083,-0.011332,0.0009,0.155,0.2653,1,0.26533,0.5819,0.5819,118732,0
1777980225.585648,0.034873,-0.149823,0.512507,1,0.4207,0.5982,-0.180391,0.00325,-0.01148,0.0008,0.1526,0.2673,1,0.26733,0.5982,0.5982,118732,0
1777980225.635709,0.033901,-0.149367,0.512455,1,0.4287,0.9042,-0.181363,0.003706,-0.011532,0.0009,0.1549,0.2729,1,0.27288,0.6132,0.6132,118732,0
1777980225.685854,0.030478,-0.147933,0.512433,1,0.4402,0.6352,-0.184786,0.00514,-0.011555,0.001,0.1552,0.284,1,0.28401,0.7296,0.7296,118732,0
1777980225.735945,0.027562,-0.147074,0.512144,1,0.464,0.6721,-0.187702,0.005999,-0.011844,0.0011,0.1768,0.2861,1,0.28608,0.695,0.695,118736,0
1777980225.786111,0.024462,-0.146687,0.511873,1,0.422,0.6152,-0.190802,0.006386,-0.012114,0.001,0.1575,0.2636,1,0.26357,0.7216,0.7216,118736,0
1777980225.836583,0.018408,-0.146775,0.511182,1,0.2829,0.3973,-0.196856,0.006298,-0.012806,0.0008,0.1108,0.1714,1,0.17135,0.9087,0.9087,118736,0
1777980225.886772,0.016208,-0.1475,0.510908,1,0.4245,0.6135,-0.199056,0.005573,-0.01308,0.0019,0.1515,0.2711,1,0.27105,0.7618,0.7618,118736,0
1777980225.93688,0.015031,-0.148616,0.510415,1,0.4581,0.6414,-0.200233,0.004457,-0.013572,0.0016,0.154,0.3024,1,0.30245,0.7291,0.7291,118748,0
1777980225.986984,0.01456,-0.149851,0.510083,1,0.4569,0.672,-0.200704,0.003222,-0.013905,0.0008,0.1604,0.2956,1,0.29562,0.7123,0.7123,118752,0
1777980226.037071,0.015444,-0.151538,0.509432,1,0.4424,0.6364,-0.19982,0.001535,-0.014555,0.0013,0.1606,0.2805,1,0.28055,0.6633,0.6633,118752,0
1777980226.087168,0.016329,-0.15147,0.509847,1,0.438,0.6135,-0.198935,0.001603,-0.01414,0.0006,0.1435,0.294,1,0.29396,0.6682,0.6682,118752,0
1777980226.137347,0.017431,-0.151176,0.510436,1,0.4311,0.6215,-0.197833,0.001897,-0.013552,0.0013,0.1493,0.2804,1,0.28044,0.6254,0.6254,118756,0
1777980226.187438,0.019267,-0.150772,0.510971,1,0.4313,0.6144,-0.195997,0.002301,-0.013016,0.0009,0.1489,0.2815,1,0.28153,0.5525,0.5525,118756,0
1777980226.23753,0.024355,-0.149899,0.512516,1,0.4719,0.675,-0.190909,0.003174,-0.011471,0.001,0.1731,0.2978,1,0.29783,0.2674,0.2674,118756,0
1777980226.287745,0.0272,-0.149457,0.513398,1,0.5279,0.7801,-0.188064,0.003616,-0.010589,0.001,0.1787,0.3481,1,0.34809,0.3403,0.3403,118756,0
1777980226.337801,0.029778,-0.149239,0.514362,1,0.4776,0.6642,-0.185486,0.003834,-0.009626,0.0012,0.168,0.3085,1,0.30845,0.3246,0.3246,118756,0
1777980226.387901,0.033035,-0.14926,0.515324,1,0.424,0.6086,-0.182229,0.003813,-0.008663,0.0016,0.1502,0.2722,1,0.27222,0.244,0.244,118756,0
1777980226.438021,0.045127,-0.151407,0.518569,1,0.4215,0.618,-0.170137,0.001666,-0.005418,0.0012,0.1487,0.2716,1,0.27158,0.7195,0.7195,118756,0
1777980226.488119,0.053471,-0.153282,0.520844,1,0.4404,0.6485,-0.161793,-0.000209,-0.003143,0.0015,0.1566,0.2823,1,0.28231,0.4648,0.4648,118756,0
1777980226.538227,0.064592,-0.15547,0.524103,1,0.496,0.692,-0.150672,-0.002397,0.000115,0.001,0.1808,0.3141,1,0.31413,0.7635,0.7635,118760,0
1777980226.58839,0.076903,-0.157572,0.527782,1,0.5749,0.8047,-0.138361,-0.004499,0.003795,0.0018,0.2174,0.3557,1,0.35572,0.8653,0.8653,118760,0
1777980226.63855,0.105162,-0.162191,0.536471,1,0.4851,0.6671,-0.110102,-0.009118,0.012484,0.0016,0.1727,0.3108,1,0.31084,2.9215,2.9215,118760,0
1777980226.688653,0.12106,-0.164276,0.541362,1,0.4527,0.6305,-0.094204,-0.011203,0.017375,0.0009,0.1671,0.2847,1,0.28468,0.6869,0.6869,118760,0
1777980226.73884,0.137625,-0.166057,0.546988,1,0.4365,0.6259,-0.077639,-0.012984,0.023001,0.0009,0.1556,0.28,1,0.27995,0.7459,0.7459,118760,0
1777980226.788946,0.153943,-0.168015,0.552036,1,0.4245,0.6073,-0.061321,-0.014942,0.028049,0.0015,0.1462,0.2768,1,0.27683,0.6505,0.6505,118764,0
1777980226.839037,0.184341,-0.17271,0.559114,1,0.4475,0.662,-0.030923,-0.019637,0.035127,0.0009,0.1577,0.289,1,0.28896,2.2957,2.2957,118764,0
1777980226.889216,0.196458,-0.174645,0.561403,1,0.4359,0.6143,-0.018806,-0.021571,0.037415,0.0014,0.1512,0.2833,1,0.28334,0.2411,0.2411,118764,0
1777980226.939345,0.205647,-0.17487,0.562535,1,0.4687,0.6522,-0.009617,-0.021797,0.038548,0.0016,0.1533,0.3138,1,0.31379,0.2926,0.2926,118776,0
1777980226.989503,0.21204,-0.173635,0.563465,1,0.4615,0.6353,-0.003224,-0.020562,0.039478,0.0009,0.1768,0.2838,1,0.28378,0.3503,0.3503,118776,0
1777980227.039654,0.218767,-0.166256,0.563417,1,0.4352,0.6243,0.003503,-0.013183,0.039429,0.0011,0.1636,0.2705,1,0.27051,0.1744,0.1744,118776,0
1777980227.089821,0.220099,-0.161316,0.562634,1,0.5047,0.7248,0.004835,-0.008243,0.038647,0.0013,0.1768,0.3266,1,0.32661,0.4336,0.4336,118776,0
1777980227.139921,0.22086,-0.15583,0.561308,1,0.451,0.6678,0.005596,-0.002757,0.037321,0.0012,0.1512,0.2986,1,0.29859,0.4385,0.4385,118776,0
1777980227.190104,0.221364,-0.149905,0.559708,1,0.4316,0.6272,0.0061,0.003168,0.03572,0.0012,0.156,0.2745,1,0.2745,0.4489,0.4489,118776,0
1777980227.240287,0.220768,-0.137354,0.557508,1,0.4493,0.63,0.005504,0.015719,0.033521,0.0011,0.1625,0.2858,1,0.28579,0.4978,0.4978,118776,0
1777980227.29047,0.219749,-0.130779,0.55759,1,0.4438,0.6172,0.004485,0.022294,0.033603,0.0009,0.1697,0.2731,1,0.27315,0.4517,0.4517,118776,0
1777980227.34067,0.218368,-0.124704,0.558126,1,0.4227,1.1159,0.003104,0.028369,0.034138,0.0014,0.1561,0.2653,1,0.26531,0.4795,0.4795,118780,0
1777980227.390982,0.216617,-0.118877,0.558598,1,0.4466,1.1966,0.001353,0.034196,0.034611,0.0014,0.1606,0.2846,1,0.28461,0.5019,0.5019,118780,0
1777980227.441074,0.20938,-0.107344,0.560194,1,0.4388,1.136,-0.005884,0.045729,0.036207,0.0015,0.1571,0.2802,1,0.28023,0.7025,0.7025,118780,0
1777980227.49379,0.203717,-0.101753,0.560645,1,0.4645,0.6442,-0.011547,0.05132,0.036658,0.0014,0.1616,0.3015,1,0.30154,0.57,0.57,118780,0
1777980227.544101,0.197294,-0.096564,0.560405,1,0.4194,0.6159,-0.017969,0.056509,0.036418,0.0009,0.1524,0.266,1,0.26599,0.5505,0.5505,118780,0
1777980227.594202,0.189985,-0.092031,0.559693,1,0.4484,0.6306,-0.025279,0.061042,0.035706,0.0011,0.1586,0.2887,1,0.28867,0.541,0.541,118780,0
1777980227.644296,0.174284,-0.085723,0.557741,1,0.4794,0.6738,-0.04098,0.06735,0.033753,0.0019,0.1733,0.3042,1,0.30423,0.8232,0.8232,118780,0
1777980227.694471,0.16681,-0.084175,0.557409,1,0.4304,0.6165,-0.048454,0.068898,0.033421,0.0011,0.1594,0.2699,1,0.26992,0.4909,0.4909,118780,0
1777980227.74465,0.161585,-0.084125,0.557545,1,0.4389,0.6223,-0.053679,0.068948,0.033558,0.0013,0.1619,0.2757,1,0.27571,0.4778,0.4778,118784,0
1777980227.794828,0.158091,-0.086017,0.558304,1,0.441,0.6221,-0.057173,0.067056,0.034316,0.0012,0.1482,0.2916,1,0.29161,0.4674,0.4674,118796,0
1777980227.844922,0.158387,-0.095378,0.561231,1,0.4683,0.6657,-0.056877,0.057695,0.037243,0.0009,0.1806,0.2868,1,0.28677,0.3897,0.3897,118796,0
1777980227.895029,0.161153,-0.102209,0.562789,1,0.4857,0.6873,-0.054111,0.050864,0.038801,0.0015,0.1653,0.3188,1,0.31883,0.4357,0.4357,118808,0
1777980227.945139,0.164673,-0.110035,0.563886,1,0.5068,0.7072,-0.050591,0.043038,0.039899,0.0013,0.1699,0.3356,1,0.33555,0.4583,0.4583,118808,0
1777980227.995323,0.167426,-0.118043,0.564487,1,0.4498,0.6153,-0.047838,0.03503,0.0405,0.0009,0.163,0.2859,1,0.28591,0.4657,0.4657,118808,0
1777980228.045505,0.162511,-0.1322,0.563749,1,0.4629,0.6488,-0.052753,0.020874,0.039761,0.0013,0.1813,0.2803,1,0.28033,0.1932,0.1932,118808,0
1777980228.095662,0.152598,-0.138319,0.561306,1,0.4744,0.653,-0.062666,0.014754,0.037319,0.0012,0.1663,0.3069,1,0.3069,0.3013,0.3013,118808,0
1777980228.145764,0.137951,-0.143332,0.557488,1,0.4311,0.6184,-0.077313,0.009741,0.033501,0.0011,0.1536,0.2764,1,0.27641,0.6828,0.6828,118812,0
1777980228.195817,0.122338,-0.148043,0.552713,1,0.4934,0.6909,-0.092926,0.00503,0.028726,0.0009,0.1839,0.3085,1,0.3085,0.8877,0.8877,118812,0
1777980228.245903,0.090046,-0.157873,0.542925,1,0.5411,0.7356,-0.125218,-0.0048,0.018937,0.0017,0.1441,0.3953,2,0.19767,0.5134,0.5134,118812,0
1777980228.29613,0.075083,-0.163854,0.5392,1,0.4655,0.6474,-0.140181,-0.010781,0.015212,0.001,0.1659,0.2985,1,0.29853,1.4122,1.4122,118812,0
1777980228.346269,0.060877,-0.169698,0.536311,1,0.4862,0.6681,-0.154387,-0.016625,0.012324,0.0012,0.1622,0.3229,1,0.32288,1.4301,1.4301,118812,0
1777980228.396474,0.048477,-0.174953,0.534206,1,0.4307,1.4287,-0.166787,-0.021879,0.010219,0.0018,0.1564,0.2724,1,0.27245,1.17,1.17,118812,0
1777980228.446624,0.026638,-0.182652,0.531151,1,0.4705,0.6802,-0.188626,-0.029579,0.007163,0.0009,0.172,0.2976,1,0.29763,2.4668,2.4668,118812,0
1777980228.496904,0.016512,-0.1853,0.529453,1,0.4333,0.631,-0.198752,-0.032227,0.005466,0.0012,0.1617,0.2704,1,0.27037,1.1352,1.1352,118816,0
1777980228.547036,0.007077,-0.187216,0.52782,1,0.4776,0.6658,-0.208187,-0.034143,0.003832,0.0008,0.1627,0.3141,1,0.31413,0.7066,0.7066,118816,0
1777980228.597142,-0.008232,-0.188874,0.524006,1,0.5181,0.7156,-0.223496,-0.035801,1.9e-05,0.0014,0.1746,0.3422,1,0.34217,1.2396,1.2396,118816,0
1777980228.647207,-0.012808,-0.188247,0.522865,1,0.252,0.3447,-0.228072,-0.035174,-0.001123,0.0005,0.0954,0.156,1,0.15605,0.561,0.561,118816,0
1777980228.697388,-0.015234,-0.184743,0.523638,1,0.4534,0.6445,-0.230498,-0.03167,-0.000349,0.0009,0.1581,0.2944,1,0.29436,0.2664,0.2664,118816,0
1777980228.747597,-0.015886,-0.182347,0.523531,1,0.4428,0.6551,-0.23115,-0.029274,-0.000457,0.0012,0.1564,0.2851,1,0.28514,0.2437,0.2437,118816,0
1777980228.797783,-0.013221,-0.178863,0.522946,1,0.4425,0.6395,-0.228485,-0.02579,-0.001042,0.0024,0.1576,0.2824,1,0.28244,0.6252,0.6252,118816,0
1777980228.847951,-0.009651,-0.179078,0.522043,1,0.4251,0.6109,-0.224915,-0.026005,-0.001944,0.0013,0.1477,0.2761,1,0.27606,0.7421,0.7421,118816,0
1777980228.898077,-0.003938,-0.182786,0.520315,1,0.4492,0.65,-0.219202,-0.029713,-0.003672,0.0013,0.1624,0.2855,1,0.28553,1.1294,1.1294,118820,0
1777980228.948169,0.003277,-0.186345,0.519226,1,0.4452,0.637,-0.211987,-0.033272,-0.004762,0.001,0.1529,0.2913,1,0.29132,1.5595,1.5595,118820,0
1777980228.998385,0.027157,-0.197978,0.517952,1,0.6398,0.8572,-0.188107,-0.044905,-0.006035,0.001,0.163,0.4758,2,0.23792,1.0274,1.0274,118820,0
1777980229.048499,0.042679,-0.2061,0.517147,1,0.5737,0.7697,-0.172585,-0.053027,-0.006841,0.0009,0.1592,0.4136,2,0.20681,0.7924,0.7924,118820,0
1777980229.098697,0.060047,-0.215718,0.516395,1,0.6062,0.7898,-0.155217,-0.062645,-0.007593,0.001,0.1544,0.4508,2,0.22541,0.7475,0.7475,118828,0
1777980229.148773,0.077262,-0.22504,0.516466,1,0.577,0.7588,-0.138002,-0.071967,-0.007522,0.0016,0.1665,0.4089,2,0.20446,0.7001,0.7001,118828,0
1777980229.198874,0.112586,-0.24351,0.515434,1,0.6067,0.8194,-0.102678,-0.090437,-0.008553,0.0014,0.1585,0.4468,2,0.22339,0.8887,0.8887,118828,0
1777980229.248975,0.128,-0.251498,0.515827,1,0.5632,0.7661,-0.087264,-0.098425,-0.00816,0.0011,0.144,0.4182,2,0.20909,0.575,0.575,118828,0
1777980229.299101,0.141705,-0.25523,0.51871,1,0.7215,0.9327,-0.073559,-0.102157,-0.005277,0.0019,0.2051,0.5145,2,0.25727,0.3995,0.3995,118832,0
1777980229.349158,0.153385,-0.255999,0.522453,1,0.5653,0.7337,-0.061879,-0.102925,-0.001534,0.0012,0.1498,0.4143,2,0.20714,0.428,0.428,118832,0
1777980229.399253,0.174313,-0.250781,0.530431,1,0.597,0.7884,-0.040951,-0.097708,0.006444,0.0011,0.1643,0.4316,2,0.21582,0.5215,0.5215,118832,0
1777980229.449418,0.183727,-0.244834,0.534975,1,0.6397,0.8338,-0.031537,-0.091761,0.010987,0.0009,0.1829,0.4558,2,0.22792,0.5412,0.5412,118832,0
1777980229.499613,0.19309,-0.237399,0.539507,1,0.4484,0.6567,-0.022174,-0.084326,0.01552,0.0009,0.1587,0.2888,1,0.28878,2.3244,2.3244,118832,0
1777980229.549707,0.201519,-0.228643,0.543288,1,0.4572,0.6628,-0.013745,-0.07557,0.019301,0.0017,0.1653,0.2902,1,0.29021,1.2743,1.2743,118832,0
1777980229.599808,0.211525,-0.204747,0.550386,1,0.4428,0.6441,-0.003739,-0.051674,0.026399,0.001,0.1491,0.2927,1,0.29269,0.6669,0.6669,118832,0
1777980229.649896,0.213929,-0.190359,0.55354,1,0.4468,0.626,-0.001335,-0.037286,0.029553,0.0012,0.1608,0.2848,1,0.28478,0.5203,0.5203,118832,0
1777980229.700024,0.215619,-0.17697,0.556554,1,0.4559,0.6647,0.000355,-0.023897,0.032567,0.0009,0.1607,0.2943,1,0.29432,0.4976,0.4976,118832,0
1777980229.75014,0.216291,-0.164306,0.559076,1,0.5154,0.7239,0.001027,-0.011233,0.035088,0.0021,0.1764,0.3368,1,0.33682,0.4913,0.4913,118836,0
1777980229.800252,0.21298,-0.141192,0.562062,1,0.5138,1.1578,-0.002284,0.011881,0.038075,0.0016,0.1685,0.3437,1,0.34365,1.1157,1.1157,118836,0
1777980229.850353,0.207726,-0.130692,0.562808,1,0.4535,1.1855,-0.007538,0.022381,0.038821,0.0009,0.1545,0.2981,1,0.29809,0.6045,0.6045,118836,0
1777980229.900451,0.200758,-0.122173,0.563269,1,0.4311,3.2736,-0.014506,0.0309,0.039282,0.0013,0.1567,0.2731,1,0.27306,0.5587,0.5587,118836,0
1777980229.950552,0.192583,-0.115746,0.563563,1,0.8586,3.6496,-0.022681,0.037327,0.039575,0.0006,0.296,0.562,1,0.56202,0.5006,0.5006,118836,0
1777980230.000682,0.17529,-0.10716,0.563313,1,0.4388,1.1938,-0.039974,0.045913,0.039325,0.001,0.1541,0.2838,1,0.2838,0.7444,0.7444,118848,0
1777980230.050825,0.166322,-0.105104,0.562772,1,0.4277,1.366,-0.048942,0.047969,0.038784,0.0009,0.1526,0.2743,1,0.27429,0.3976,0.3976,118848,0
1777980230.101016,0.158069,-0.104787,0.561939,1,0.4385,1.3282,-0.057195,0.048286,0.037952,0.0009,0.1552,0.2824,1,0.28239,0.3339,0.3339,118848,0
1777980230.151367,0.149612,-0.1059,0.560653,1,0.2847,0.3928,-0.065652,0.047173,0.036665,0.0004,0.1037,0.1806,1,0.18061,0.2919,0.2919,118852,0
1777980230.201575,0.135657,-0.112379,0.558483,1,0.2789,0.6981,-0.079607,0.040694,0.034496,0.0004,0.1025,0.1759,1,0.17593,0.5144,0.5144,118852,0
1777980230.251829,0.130881,-0.117351,0.558155,1,0.4366,0.6272,-0.084383,0.035722,0.034167,0.0016,0.1633,0.2717,1,0.27174,0.2838,0.2838,118852,0
1777980230.301934,0.127344,-0.123181,0.558195,1,0.4287,0.6114,-0.08792,0.029892,0.034208,0.0011,0.1563,0.2713,1,0.2713,0.2857,0.2857,118852,0
1777980230.352028,0.124122,-0.129231,0.558172,1,0.446,0.6531,-0.091142,0.023842,0.034185,0.0009,0.1608,0.2843,1,0.28426,0.2746,0.2746,118852,0
1777980230.402128,0.11485,-0.141775,0.556659,1,0.429,0.6157,-0.100414,0.011298,0.032671,0.0009,0.1657,0.2624,1,0.26238,0.939,0.939,118856,0
1777980230.452201,0.109188,-0.146595,0.555154,1,0.4477,0.6305,-0.106076,0.006478,0.031167,0.0009,0.148,0.2988,1,0.29884,0.289,0.289,118856,0
1777980230.502306,0.101992,-0.151112,0.553249,1,0.4482,0.6308,-0.113272,0.001961,0.029262,0.0015,0.167,0.2797,1,0.27971,0.3146,0.3146,118860,0
1777980230.55358,0.093584,-0.155739,0.550616,1,0.4347,0.6319,-0.12168,-0.002666,0.026628,0.0012,0.168,0.2656,1,0.2656,0.4224,0.4224,118860,0
1777980230.603648,0.076092,-0.164805,0.544701,1,0.4227,0.613,-0.139172,-0.011731,0.020714,0.0008,0.1446,0.2773,1,0.2773,1.9421,1.9421,118860,0
1777980230.653677,0.06691,-0.168869,0.541891,1,0.4124,0.6034,-0.148354,-0.015796,0.017904,0.0007,0.1407,0.271,1,0.27102,0.7594,0.7594,118860,0
1777980230.703827,0.057131,-0.172577,0.53939,1,0.4539,0.6417,-0.158133,-0.019504,0.015402,0.0011,0.171,0.2817,1,0.28173,0.7828,0.7828,118860,0
1777980230.753922,0.047413,-0.17519,0.537351,1,0.4285,0.6115,-0.167851,-0.022117,0.013363,0.0011,0.1569,0.2705,1,0.2705,0.9188,0.9188,118860,0
1777980230.804026,0.028821,-0.178945,0.532962,1,0.4433,0.6347,-0.186443,-0.025872,0.008974,0.0009,0.1548,0.2875,1,0.28749,2.2024,2.2024,118872,0
1777980230.854124,0.020271,-0.180665,0.530512,1,0.4212,0.6201,-0.194993,-0.027592,0.006525,0.001,0.1454,0.2749,1,0.27487,1.134,1.134,118872,0
1777980230.904248,0.01212,-0.182456,0.528293,1,0.4438,0.6258,-0.203144,-0.029383,0.004306,0.001,0.1532,0.2895,1,0.2895,0.772,0.772,118876,0
1777980230.954431,0.005385,-0.184086,0.526423,1,0.4526,0.6528,-0.209879,-0.031013,0.002435,0.001,0.1685,0.2832,1,0.28316,0.3608,0.3608,118876,0
1777980231.004602,-0.006688,-0.187732,0.523546,1,0.4191,0.6043,-0.221952,-0.034659,-0.000441,0.0017,0.1448,0.2726,1,0.27259,0.7706,0.7706,118876,0
1777980231.054728,-0.011451,-0.189679,0.522408,1,0.4559,0.6475,-0.226715,-0.036606,-0.00158,0.001,0.1649,0.29,1,0.29003,0.5931,0.5931,118876,0
1777980231.104833,-0.01492,-0.191887,0.521042,1,0.4442,0.626,-0.230184,-0.038814,-0.002946,0.0012,0.1577,0.2854,1,0.28537,1.07,1.07,118876,0
1777980231.155019,-0.016798,-0.193125,0.520769,1,0.4184,0.6186,-0.232062,-0.040052,-0.003219,0.0017,0.1468,0.2698,1,0.26983,1.4147,1.4147,118876,0
1777980231.205161,-0.015897,-0.194357,0.521967,1,0.295,0.4274,-0.231161,-0.041284,-0.002021,0.0005,0.1129,0.1817,1,0.18168,2.0515,2.0515,118876,0
1777980231.255327,-0.012815,-0.195523,0.522822,1,0.4333,0.6126,-0.228079,-0.04245,-0.001165,0.0012,0.1577,0.2745,1,0.27448,2.8014,2.8014,118880,0
1777980231.305426,-0.007279,-0.197166,0.523953,1,0.5658,0.7518,-0.222543,-0.044093,-3.4e-05,0.001,0.1521,0.4127,2,0.20633,1.0624,1.0624,118884,0
1777980231.355524,0.000448,-0.199675,0.525479,1,0.6396,1.1459,-0.214816,-0.046602,0.001492,0.0011,0.1805,0.458,2,0.22899,0.8494,0.8494,118884,0
1777980231.405596,0.023928,-0.208765,0.528183,1,0.5434,0.7376,-0.191336,-0.055692,0.004196,0.0008,0.1445,0.398,2,0.19901,0.8309,0.8309,118884,0
1777980231.455702,0.037933,-0.214978,0.529339,1,0.5094,0.6712,-0.177331,-0.061905,0.005352,0.0004,0.138,0.371,2,0.18548,0.7315,0.7315,118884,0
1777980231.506473,0.05333,-0.22189,0.529974,1,0.3914,0.5415,-0.161934,-0.068816,0.005987,0.0003,0.1149,0.2763,2,0.13814,0.8191,0.8191,118884,0
1777980231.556676,0.084952,-0.233943,0.533483,1,0.3568,0.4978,-0.130312,-0.08087,0.009496,0.0002,0.1123,0.2442,2,0.12208,0.9863,0.9863,118884,0
1777980231.606784,0.099567,-0.23895,0.537183,1,0.3581,0.4822,-0.115697,-0.085877,0.013195,0.0003,0.1083,0.2495,2,0.12476,0.9957,0.9957,118884,0
1777980231.656883,0.113191,-0.242597,0.541356,1,0.3471,0.471,-0.102073,-0.089524,0.017368,0.0003,0.1062,0.2407,2,0.12035,0.8823,0.8823,118896,0
1777980231.707,0.124761,-0.244217,0.547359,1,0.348,0.4614,-0.090503,-0.091143,0.023372,0.0003,0.1094,0.2384,2,0.11918,0.7714,0.7714,118896,0
1777980231.757092,0.143099,-0.240129,0.561001,1,0.3761,0.5378,-0.072165,-0.087056,0.037013,0.0008,0.1232,0.2521,2,0.12603,0.5765,0.5765,118908,0
1777980231.80719,0.148776,-0.234285,0.56678,1,0.5787,0.7447,-0.066488,-0.081212,0.042792,0.0006,0.159,0.419,2,0.20951,0.5038,0.5038,118908,0
1777980231.85728,0.15261,-0.228451,0.571413,1,0.555,0.7243,-0.062654,-0.075378,0.047425,0.0008,0.1526,0.4016,2,0.20079,0.48,0.48,118908,0
1777980231.907384,0.155111,-0.223722,0.574013,1,0.5773,0.7497,-0.060153,-0.070649,0.050026,0.0007,0.1584,0.4182,2,0.20909,0.4723,0.4723,118908,0
1777980231.957451,0.154222,-0.216707,0.575398,1,0.4339,0.6196,-0.061042,-0.063634,0.05141,0.0006,0.1554,0.278,1,0.27795,1.9382,1.9382,118908,0
