t,x,y,z,success,ik_ms,total_ms,dx,dy,dz,robot_ms,setup_ms,loop_ms,iterations,iter_ms,pos_err_mm,track_err_mm,mem_kb,deadline_missed
1777980911.666358,0.063345,-0.164486,0.523232,1,1.5619,1.7758,-0.019938,0.003027,0.004097,0.0007,1.0385,0.5228,1,0.5228,1.1672,1.1672,115328,0
1777980911.699759,0.060828,-0.164454,0.523987,1,0.4555,0.6487,-0.022455,0.003058,0.004852,0.0015,0.1562,0.2979,1,0.29789,0.586,0.586,115376,0
1777980911.733195,0.058291,-0.164413,0.524735,1,0.4777,0.6763,-0.024991,0.003099,0.0056,0.0016,0.155,0.3211,1,0.32108,0.53,0.53,115396,0
1777980911.766729,0.055536,-0.164365,0.525465,1,0.4438,0.6419,-0.027746,0.003147,0.00633,0.0015,0.1717,0.2705,1,0.27054,0.5084,0.5084,115396,0
1777980911.833764,0.052454,-0.164462,0.525992,1,0.4512,0.7812,-0.030828,0.00305,0.006857,0.0011,0.1728,0.2772,1,0.27723,0.4941,0.4941,115408,0
1777980911.867191,0.049075,-0.164692,0.526114,1,0.4455,0.6365,-0.034207,0.002821,0.006979,0.0007,0.1674,0.2774,1,0.27743,0.487,0.487,115408,0
1777980911.900628,0.045284,-0.165071,0.525828,1,0.4934,0.9929,-0.037999,0.002441,0.006693,0.0009,0.1725,0.32,1,0.32002,0.4782,0.4782,115428,0
1777980911.934046,0.041308,-0.165733,0.525052,1,0.4269,0.6209,-0.041974,0.001779,0.005917,0.0007,0.1562,0.27,1,0.27005,0.4669,0.4669,115432,0
1777980911.967489,0.037227,-0.166676,0.523952,1,0.438,0.6345,-0.046056,0.000836,0.004817,0.0009,0.163,0.2741,1,0.27414,0.4562,0.4562,115436,0
1777980912.034857,0.033413,-0.167811,0.522685,1,0.4299,0.6791,-0.04987,-0.000299,0.00355,0.0004,0.1116,0.3178,1,0.31784,0.4508,0.4508,115440,0
1777980912.068311,0.02949,-0.169086,0.521248,1,0.5617,0.7833,-0.053793,-0.001573,0.002113,0.0008,0.1733,0.3875,1,0.38754,0.4668,0.4668,115440,0
1777980912.1017,0.025696,-0.170378,0.519722,1,0.5009,0.6843,-0.057586,-0.002866,0.000587,0.0008,0.1686,0.3315,1,0.33148,0.4956,0.4956,115444,0
1777980912.135215,0.021858,-0.171596,0.518119,1,0.5141,0.7166,-0.061424,-0.004083,-0.001016,0.0007,0.1672,0.3462,1,0.34622,0.5471,0.5471,115456,0
1777980912.168628,0.017754,-0.172871,0.516361,1,0.4553,0.6415,-0.065528,-0.005359,-0.002774,0.0008,0.2019,0.2527,1,0.25265,0.6197,0.6197,115456,0
1777980912.235548,0.013703,-0.174374,0.514498,1,0.4402,0.6326,-0.069579,-0.006862,-0.004637,0.0008,0.1744,0.265,1,0.265,0.6839,0.6839,115460,0
1777980912.268996,0.009943,-0.175719,0.512846,1,0.4468,0.6558,-0.07334,-0.008207,-0.006289,0.0015,0.1631,0.2822,1,0.28223,0.7363,0.7363,115464,0
1777980912.302423,0.006487,-0.176845,0.511475,1,0.4589,0.6547,-0.076795,-0.009333,-0.00766,0.001,0.1777,0.2802,1,0.28018,0.7663,0.7663,115464,0
1777980912.335848,0.003041,-0.177761,0.510346,1,0.4347,0.6291,-0.080242,-0.010249,-0.008789,0.0015,0.1651,0.2682,1,0.2682,0.7851,0.7851,115468,0
1777980912.369282,-0.000308,-0.178425,0.509347,1,0.4641,0.6694,-0.08359,-0.010913,-0.009788,0.0019,0.1757,0.2865,1,0.28649,0.7906,0.7906,115468,0
1777980912.436184,-0.003435,-0.178965,0.50845,1,0.4007,0.5996,-0.086718,-0.011453,-0.010685,0.0008,0.1419,0.258,1,0.25802,0.7896,0.7896,115480,0
1777980912.469634,-0.006439,-0.179404,0.507588,1,0.5214,0.7419,-0.089722,-0.011892,-0.011547,0.001,0.1876,0.3327,1,0.33274,0.7873,0.7873,115484,0
1777980912.503942,-0.009093,-0.179926,0.50674,1,0.5167,1.197,-0.092375,-0.012414,-0.012395,0.0012,0.1839,0.3317,1,0.33167,0.7704,0.7704,115492,0
1777980912.537926,-0.01128,-0.180487,0.505947,1,0.2764,0.3932,-0.094563,-0.012975,-0.013188,0.0003,0.1053,0.1708,1,0.17081,0.7478,0.7478,115496,0
1777980912.57222,-0.013053,-0.181091,0.505249,1,0.4503,0.656,-0.096336,-0.013579,-0.013886,0.0003,0.1114,0.3385,1,0.33851,0.7278,0.7278,115496,0
1777980912.606093,-0.014193,-0.181735,0.504615,1,0.2825,0.3929,-0.097475,-0.014223,-0.01452,0.0004,0.1094,0.1728,1,0.17279,0.6955,0.6955,115500,0
1777980912.673098,-0.014542,-0.182385,0.504119,1,0.2756,0.4014,-0.097825,-0.014872,-0.015016,0.0003,0.1093,0.166,1,0.166,0.656,0.656,115504,0
1777980912.706544,-0.014204,-0.182968,0.503865,1,0.5364,0.7648,-0.097487,-0.015455,-0.01527,0.001,0.1965,0.3388,1,0.33883,0.6218,0.6218,115512,0
1777980912.739989,-0.013099,-0.18346,0.503859,1,0.4501,0.6566,-0.096382,-0.015948,-0.015276,0.0011,0.1564,0.2926,1,0.29259,0.5847,0.5847,115520,0
1777980912.773408,-0.011602,-0.18381,0.504098,1,0.4252,0.6173,-0.094885,-0.016297,-0.015037,0.0006,0.1471,0.2774,1,0.27745,0.5617,0.5617,115528,0
1777980912.807044,-0.009097,-0.184235,0.504725,1,0.6916,0.908,-0.092379,-0.016723,-0.01441,0.0009,0.1666,0.5241,1,0.52411,0.5298,0.5298,115532,0
1777980912.873945,-0.00572,-0.184665,0.505612,1,0.5204,0.7543,-0.089002,-0.017153,-0.013523,0.001,0.1909,0.3285,1,0.32848,0.477,0.477,115540,0
1777980912.90737,-0.001659,-0.185167,0.506731,1,0.4491,0.6518,-0.084942,-0.017655,-0.012404,0.001,0.1718,0.2764,1,0.27642,0.4257,0.4257,115540,0
1777980912.94082,0.003004,-0.185724,0.508253,1,0.541,1.6182,-0.080278,-0.018211,-0.010882,0.0018,0.1968,0.3423,1,0.34233,0.4102,0.4102,115544,0
1777980912.974243,0.008143,-0.186293,0.51006,1,0.459,0.6649,-0.07514,-0.018781,-0.009075,0.0007,0.1602,0.2981,1,0.29813,0.406,0.406,115544,0
1777980913.007725,0.013979,-0.18703,0.512262,1,0.4611,0.6873,-0.069303,-0.019518,-0.006873,0.0015,0.1589,0.3008,1,0.30076,0.4822,0.4822,115548,0
1777980913.074817,0.020055,-0.187808,0.514717,1,0.4956,0.7024,-0.063228,-0.020296,-0.004418,0.0012,0.1753,0.3191,1,0.31911,0.645,0.645,115560,0
1777980913.10823,0.027066,-0.188643,0.517564,1,0.4348,0.631,-0.056216,-0.02113,-0.001571,0.0008,0.1509,0.2831,1,0.28307,0.9259,0.9259,115568,0
1777980913.141771,0.034806,-0.189416,0.520574,1,0.5083,4.1319,-0.048476,-0.021904,0.001439,0.0011,0.1748,0.3324,1,0.33242,1.2569,1.2569,115572,0
1777980913.175766,0.042519,-0.19001,0.523757,1,0.3108,0.498,-0.040764,-0.022498,0.004622,0.0005,0.1169,0.1934,1,0.19343,1.5252,1.5252,115572,0
1777980913.209288,0.050876,-0.190391,0.527027,1,0.2923,0.4367,-0.032406,-0.022878,0.007892,0.0006,0.116,0.1757,1,0.17571,1.7946,1.7946,115580,0
1777980913.276171,0.059093,-0.190406,0.530293,1,0.2859,0.4108,-0.02419,-0.022894,0.011158,0.0004,0.1129,0.1725,1,0.17253,1.8987,1.8987,115584,0
1777980913.309637,0.067508,-0.189829,0.533527,1,0.4887,0.724,-0.015774,-0.022316,0.014392,0.0007,0.1724,0.3155,1,0.31554,1.9294,1.9294,115588,0
1777980913.343076,0.075691,-0.188989,0.536692,1,0.4824,0.7088,-0.007592,-0.021477,0.017557,0.0009,0.167,0.3145,1,0.31448,1.8308,1.8308,115588,0
1777980913.376523,0.08417,-0.187875,0.539876,1,0.5127,0.7521,0.000887,-0.020363,0.020741,0.001,0.1866,0.3251,1,0.32514,1.7107,1.7107,115592,0
1777980913.409961,0.092659,-0.186656,0.543149,1,0.4755,0.686,0.009377,-0.019144,0.024014,0.001,0.1789,0.2956,1,0.29565,1.5198,1.5198,115592,0
1777980913.476881,0.100808,-0.185457,0.546,1,0.5338,0.7933,0.017525,-0.017945,0.026865,0.001,0.1863,0.3465,1,0.34653,1.237,1.237,115600,0
1777980913.511651,0.108641,-0.184264,0.548957,1,0.2925,0.4294,0.025358,-0.016752,0.029822,0.0006,0.111,0.1809,1,0.18093,1.0124,1.0124,115604,0
1777980913.54506,0.115924,-0.183022,0.551566,1,0.2744,0.3956,0.032641,-0.01551,0.032431,0.0005,0.1071,0.1668,1,0.16683,0.8324,0.8324,115612,0
1777980913.57859,0.122935,-0.181664,0.553806,1,0.6096,0.842,0.039653,-0.014152,0.034671,0.0011,0.2155,0.3929,1,0.39293,0.7185,0.7185,115620,0
1777980913.612018,0.129676,-0.180415,0.555744,1,0.4923,0.7297,0.046394,-0.012902,0.036609,0.0009,0.1699,0.3215,1,0.32148,0.6732,0.6732,115624,0
1777980913.678992,0.136303,-0.179171,0.557567,1,0.5659,0.7703,0.05302,-0.011658,0.038432,0.0014,0.1769,0.3877,1,0.38766,0.6757,0.6757,117040,0
1777980913.713613,0.142222,-0.178181,0.559388,1,0.4389,0.6412,0.058939,-0.010669,0.040253,0.0009,0.1566,0.2814,1,0.28135,0.7234,0.7234,117052,0
1777980913.747054,0.148018,-0.177249,0.560964,1,0.4506,0.6715,0.064736,-0.009737,0.041829,0.0009,0.1625,0.2872,1,0.2872,0.7709,0.7709,117052,0
1777980913.780568,0.153217,-0.176378,0.562101,1,0.5064,1.2474,0.069934,-0.008865,0.042966,0.001,0.2299,0.2755,1,0.27549,0.8279,0.8279,117068,0
1777980913.815116,0.157685,-0.175545,0.563013,1,0.5766,0.8463,0.074402,-0.008032,0.043878,0.0004,0.1537,0.4225,1,0.42252,0.8757,0.8757,117076,0
1777980913.848572,0.160925,-0.174715,0.563842,1,0.5198,0.7585,0.077642,-0.007203,0.044707,0.001,0.1993,0.3195,1,0.31948,0.9184,0.9184,117076,0
1777980913.915613,0.163174,-0.173775,0.564446,1,0.2878,0.4145,0.079892,-0.006263,0.045311,0.0004,0.1102,0.1772,1,0.17721,0.9454,0.9454,117088,0
1777980913.949078,0.164251,-0.172641,0.565032,1,0.2832,0.4174,0.080968,-0.005128,0.045897,0.0004,0.1147,0.1681,1,0.16812,0.964,0.964,117092,0
1777980913.983885,0.164425,-0.171534,0.565369,1,0.2819,0.4023,0.081143,-0.004021,0.046234,0.0004,0.1105,0.1709,1,0.17093,0.9732,0.9732,117096,0
1777980914.017323,0.16382,-0.170742,0.565499,1,0.2791,0.6908,0.080538,-0.00323,0.046364,0.0004,0.1112,0.1674,1,0.16743,0.9754,0.9754,117096,0
1777980914.050887,0.162553,-0.170306,0.56552,1,0.4411,1.2114,0.079271,-0.002793,0.046385,0.0008,0.1665,0.2739,1,0.27386,0.9683,0.9683,117104,0
1777980914.117874,0.160541,-0.170177,0.565453,1,0.4117,0.6053,0.077258,-0.002665,0.046318,0.0008,0.1484,0.2625,1,0.26249,0.9484,0.9484,117108,0
1777980914.151495,0.157793,-0.170214,0.565214,1,0.5413,3.2544,0.074511,-0.002702,0.046079,0.0011,0.1913,0.3488,1,0.34885,0.9202,0.9202,117124,0
1777980914.18494,0.153613,-0.170316,0.564709,1,0.5961,0.8271,0.07033,-0.002804,0.045574,0.0005,0.1756,0.42,1,0.41996,0.867,0.867,117128,0
1777980914.21841,0.1485,-0.170545,0.563828,1,0.4742,0.6672,0.065217,-0.003032,0.044693,0.0007,0.1994,0.2741,1,0.2741,0.8127,0.8127,117132,0
1777980914.254095,0.142709,-0.170943,0.562609,1,0.452,0.8517,0.059427,-0.00343,0.043474,0.0008,0.1677,0.2835,1,0.28351,0.7604,0.7604,117136,0
1777980914.287495,0.136078,-0.171498,0.56101,1,0.4323,0.6329,0.052795,-0.003986,0.041875,0.001,0.1545,0.2768,1,0.27675,0.6976,0.6976,117136,0
1777980914.354953,0.129266,-0.172228,0.559243,1,0.4965,0.7033,0.045984,-0.004715,0.040108,0.0003,0.17,0.3262,1,0.32622,0.6633,0.6633,117152,0
1777980914.388411,0.1219,-0.173056,0.557126,1,0.4963,0.7144,0.038617,-0.005543,0.037991,0.0011,0.1893,0.306,1,0.30597,0.6215,0.6215,117164,0
1777980914.421812,0.11395,-0.173845,0.554886,1,0.4011,0.6074,0.030668,-0.006333,0.035751,0.0006,0.1426,0.2579,1,0.25785,0.5844,0.5844,117164,0
1777980914.455288,0.106236,-0.174409,0.552831,1,0.5011,0.7851,0.022954,-0.006897,0.033696,0.0003,0.192,0.3088,1,0.30883,0.559,0.559,117168,0
1777980914.488696,0.097866,-0.17491,0.550852,1,0.4788,0.6949,0.014584,-0.007398,0.031717,0.0003,0.1861,0.2924,1,0.29238,0.5153,0.5153,117168,0
1777980914.555648,0.089456,-0.175514,0.548672,1,0.499,0.7192,0.006173,-0.008002,0.029537,0.0014,0.1881,0.3096,1,0.30959,0.4735,0.4735,117184,0
1777980914.589513,0.081282,-0.176279,0.546613,1,0.5591,0.7808,-0.002,-0.008767,0.027478,0.0004,0.2061,0.3526,1,0.35259,0.4824,0.4824,117184,0
1777980914.62305,0.073346,-0.177007,0.544701,1,0.494,0.7377,-0.009936,-0.009494,0.025566,0.0011,0.1751,0.3178,1,0.31783,0.5364,0.5364,117188,0
1777980914.656459,0.065261,-0.177612,0.542771,1,0.4916,0.6919,-0.018022,-0.0101,0.023636,0.0009,0.1859,0.3048,1,0.30476,0.5894,0.5894,117192,0
1777980914.689883,0.057928,-0.178277,0.54093,1,0.4941,0.7183,-0.025355,-0.010764,0.021795,0.0008,0.1742,0.3191,1,0.31909,0.6445,0.6445,117204,0
1777980914.756747,0.049817,-0.179225,0.53873,1,0.4371,0.6333,-0.033465,-0.011713,0.019595,0.0009,0.1596,0.2765,1,0.27655,0.5841,0.5841,117212,0
1777980914.790202,0.042256,-0.180295,0.536794,1,0.5568,0.7652,-0.041026,-0.012783,0.017659,0.0017,0.1833,0.3718,1,0.37177,0.5001,0.5001,117216,0
1777980914.823712,0.035122,-0.181382,0.534937,1,0.5097,0.7461,-0.048161,-0.01387,0.015802,0.0007,0.1815,0.3275,1,0.32748,0.4674,0.4674,117220,0
1777980914.857112,0.027289,-0.182693,0.532942,1,0.3625,0.5449,-0.055993,-0.01518,0.013807,0.0007,0.1253,0.2364,1,0.23641,0.3569,0.3569,117220,0
1777980914.890536,0.020163,-0.18414,0.53085,1,0.5138,0.6992,-0.063119,-0.016627,0.011715,0.0007,0.1667,0.3464,1,0.34639,0.4618,0.4618,117224,0
1777980914.957393,0.013239,-0.1854,0.528966,1,0.4616,0.6615,-0.070043,-0.017888,0.009831,0.0008,0.1651,0.2956,1,0.29558,0.541,0.541,117228,0
1777980914.990872,0.006388,-0.186539,0.527235,1,0.4449,3.6259,-0.076894,-0.019026,0.0081,0.0009,0.165,0.279,1,0.27896,0.5977,0.5977,117232,0
1777980915.0243,8.6e-05,-0.187866,0.525646,1,0.4989,0.7329,-0.083196,-0.020354,0.006511,0.0011,0.1738,0.324,1,0.32399,0.7052,0.7052,117236,0
1777980915.057729,-0.006145,-0.189278,0.524203,1,0.5185,0.775,-0.089427,-0.021766,0.005068,0.0011,0.1817,0.3356,1,0.3356,0.7756,0.7756,117236,0
1777980915.091348,-0.011696,-0.190592,0.522932,1,0.5486,0.9723,-0.094978,-0.023079,0.003797,0.0008,0.167,0.3809,1,0.38088,0.8545,0.8545,117256,0
1777980915.158213,-0.017426,-0.191969,0.52171,1,0.4621,0.6747,-0.100709,-0.024457,0.002575,0.0007,0.1625,0.2989,1,0.2989,0.8979,0.8979,117260,0
1777980915.191916,-0.023037,-0.193428,0.520399,1,0.4648,0.8431,-0.106319,-0.025915,0.001264,0.0009,0.1809,0.283,1,0.28304,0.9079,0.9079,117264,0
1777980915.225353,-0.027766,-0.194873,0.519223,1,0.5793,0.842,-0.111048,-0.02736,8.8e-05,0.0008,0.1896,0.3888,1,0.38883,0.9747,0.9747,117264,0
1777980915.258793,-0.031638,-0.196324,0.518305,1,0.4821,0.7048,-0.114921,-0.028811,-0.00083,0.0009,0.1836,0.2976,1,0.29756,1.105,1.105,117264,0
1777980915.292229,-0.034083,-0.19767,0.517649,1,0.4298,0.619,-0.117366,-0.030158,-0.001486,0.0008,0.1571,0.2719,1,0.27193,1.2959,1.2959,117268,0
1777980915.359095,-0.034973,-0.198732,0.517286,1,0.5654,0.8089,-0.118256,-0.031219,-0.001849,0.0008,0.1708,0.3937,1,0.39375,1.5001,1.5001,117272,0
1777980915.392549,-0.034165,-0.199397,0.517224,1,0.4555,0.6702,-0.117447,-0.031885,-0.001911,0.0008,0.1694,0.2853,1,0.28534,1.7132,1.7132,117280,0
1777980915.426006,-0.032041,-0.19955,0.517444,1,0.496,0.7281,-0.115323,-0.032037,-0.001691,0.001,0.1762,0.3188,1,0.31877,1.8917,1.8917,117280,0
1777980915.459734,-0.028497,-0.199301,0.517869,1,0.5526,0.7634,-0.111779,-0.031788,-0.001266,0.0009,0.1994,0.3523,1,0.35227,2.0637,2.0637,117284,0
1777980915.493646,-0.023525,-0.198905,0.518631,1,0.5122,0.7281,-0.106808,-0.031393,-0.000504,0.0009,0.1784,0.3329,1,0.33291,2.2501,2.2501,117292,0
1777980915.527061,-0.017284,-0.198476,0.519743,1,0.4115,0.6161,-0.100567,-0.030964,0.000608,0.0007,0.1459,0.2649,1,0.26492,2.4599,2.4599,117292,0
1777980915.593944,-0.009715,-0.198112,0.521158,1,0.5384,0.7709,-0.092998,-0.030599,0.002023,0.001,0.1926,0.3448,1,0.34481,2.7857,2.7857,117308,0
1777980915.627466,-0.000765,-0.198016,0.52323,1,0.5698,0.7627,-0.084048,-0.030503,0.004095,0.0008,0.1599,0.4091,2,0.20455,0.9108,0.9108,117312,0
1777980915.660915,0.009622,-0.198231,0.525864,1,0.6965,1.6429,-0.073661,-0.030718,0.006729,0.0011,0.1818,0.5136,2,0.2568,0.8498,0.8498,117328,0
1777980915.694344,0.020207,-0.19862,0.528841,1,0.7458,1.1108,-0.063076,-0.031108,0.009706,0.0009,0.1742,0.5708,2,0.28538,0.8316,0.8316,117328,0
1777980915.727765,0.031507,-0.19919,0.532221,1,0.6162,0.8376,-0.051776,-0.031677,0.013086,0.0009,0.1516,0.4637,2,0.23186,0.8106,0.8106,117332,0
1777980915.795146,0.042755,-0.199237,0.535637,1,0.6164,0.8149,-0.040527,-0.031725,0.016502,0.0008,0.1743,0.4413,2,0.22063,0.7915,0.7915,117336,0
1777980915.828592,0.054422,-0.198631,0.53951,1,0.6172,0.808,-0.028861,-0.031119,0.020375,0.0008,0.1689,0.4475,2,0.22377,0.7644,0.7644,117340,0
1777980915.862059,0.065561,-0.197382,0.543492,1,0.7483,0.9859,-0.017721,-0.02987,0.024357,0.0007,0.1787,0.5688,2,0.28442,0.7398,0.7398,117340,0
1777980915.895466,0.07693,-0.195536,0.547403,1,0.6241,0.807,-0.006353,-0.028023,0.028268,0.0007,0.1744,0.4489,2,0.22444,0.7154,0.7154,117344,0
1777980915.928883,0.08757,-0.193408,0.551595,1,0.5797,0.7782,0.004287,-0.025896,0.03246,0.0008,0.1543,0.4247,2,0.21233,0.7037,0.7037,117344,0
1777980915.995731,0.098003,-0.191197,0.555478,1,0.4521,0.6593,0.014721,-0.023684,0.036343,0.001,0.1603,0.2908,1,0.29084,2.815,2.815,117360,0
1777980916.029165,0.107593,-0.188765,0.559181,1,0.5144,0.7157,0.024311,-0.021253,0.040046,0.0009,0.1745,0.339,1,0.339,2.6784,2.6784,117360,0
1777980916.062584,0.116938,-0.186233,0.56249,1,0.3962,0.5782,0.033655,-0.01872,0.043355,0.0008,0.135,0.2605,1,0.26048,2.1133,2.1133,117364,0
1777980916.096011,0.125837,-0.183888,0.56525,1,0.4153,0.6045,0.042554,-0.016375,0.046115,0.0006,0.1434,0.2713,1,0.27129,1.5109,1.5109,117372,0
1777980916.129441,0.134624,-0.181597,0.567526,1,0.4487,0.632,0.051341,-0.014085,0.048391,0.001,0.1721,0.2757,1,0.27566,1.0553,1.0553,117372,0
1777980916.196305,0.142761,-0.1795,0.569047,1,0.4727,0.6782,0.059478,-0.011988,0.049912,0.0009,0.169,0.3028,1,0.30276,0.7819,0.7819,117388,0
1777980916.229707,0.150474,-0.177396,0.570004,1,0.4018,0.5683,0.067192,-0.009883,0.050869,0.0007,0.1367,0.2644,1,0.26441,0.7299,0.7299,117388,0
1777980916.263135,0.156802,-0.17557,0.57022,1,0.4654,0.6588,0.07352,-0.008058,0.051085,0.0009,0.1644,0.3001,1,0.30008,0.8354,0.8354,117392,0
1777980916.296573,0.16153,-0.173942,0.570286,1,0.4885,0.7116,0.078247,-0.00643,0.051151,0.0009,0.1643,0.3233,1,0.32328,0.9188,0.9188,117392,0
1777980916.330001,0.164475,-0.172352,0.570364,1,0.3997,0.5809,0.081193,-0.004839,0.051229,0.0008,0.1474,0.2515,1,0.2515,0.977,0.977,117396,0
1777980916.397457,0.16609,-0.170941,0.570475,1,0.4282,0.6018,0.082807,-0.003429,0.05134,0.0008,0.1609,0.2665,1,0.26647,1.0028,1.0028,117404,0
1777980916.431451,0.166585,-0.169899,0.570601,1,0.4356,0.6396,0.083303,-0.002387,0.051466,0.001,0.1697,0.2649,1,0.26492,1.0174,1.0174,117408,0
1777980916.464899,0.166359,-0.16928,0.570733,1,0.4891,0.7017,0.083077,-0.001768,0.051598,0.0013,0.1784,0.3094,1,0.3094,1.0216,1.0216,117412,0
1777980916.498445,0.165317,-0.16889,0.570762,1,0.4619,0.6652,0.082034,-0.001377,0.051627,0.0008,0.1861,0.275,1,0.275,1.0166,1.0166,117416,0
1777980916.531879,0.163603,-0.168843,0.570621,1,0.4476,0.6409,0.080321,-0.001331,0.051486,0.0008,0.1718,0.275,1,0.27503,1.0033,1.0033,117416,0
1777980916.598871,0.161166,-0.169011,0.570361,1,0.5092,0.7018,0.077883,-0.001499,0.051226,0.001,0.1809,0.3273,1,0.32728,0.9772,0.9772,117440,0
1777980916.632318,0.157892,-0.169191,0.56995,1,0.4849,0.6945,0.07461,-0.001679,0.050815,0.0007,0.1818,0.3023,1,0.30234,0.94,0.94,117440,0
1777980916.66572,0.153209,-0.169386,0.569368,1,0.5025,0.7364,0.069927,-0.001874,0.050233,0.0009,0.1881,0.3135,1,0.31353,0.882,0.882,117444,0
1777980916.699178,0.147613,-0.169707,0.568605,1,0.4634,0.676,0.064331,-0.002194,0.04947,0.0008,0.1654,0.2972,1,0.29722,0.8266,0.8266,117444,0
1777980916.732588,0.141341,-0.170096,0.567587,1,0.4844,0.719,0.058058,-0.002583,0.048452,0.0008,0.1675,0.3161,1,0.3161,0.7734,0.7734,117448,0
1777980916.799564,0.134923,-0.170498,0.56648,1,0.4814,0.6981,0.05164,-0.002986,0.047345,0.0008,0.1804,0.3002,1,0.30019,0.7308,0.7308,117452,0
1777980916.832983,0.126645,-0.171425,0.564679,1,0.4771,0.7057,0.043362,-0.003913,0.045545,0.001,0.1801,0.296,1,0.29603,0.614,0.614,117456,0
1777980916.86649,0.117921,-0.172739,0.562779,1,0.5167,0.7441,0.034638,-0.005227,0.043644,0.0009,0.1982,0.3176,1,0.31759,0.549,0.549,117456,0
1777980916.899905,0.108804,-0.174355,0.560667,1,0.4381,0.634,0.025521,-0.006843,0.041532,0.0009,0.1635,0.2737,1,0.27367,0.4812,0.4812,117464,0
1777980916.93333,0.099538,-0.17596,0.558741,1,0.471,0.6712,0.016255,-0.008448,0.039606,0.0007,0.1771,0.2933,1,0.29326,0.4472,0.4472,117472,0
1777980916.966849,0.090425,-0.177892,0.557057,1,0.4243,0.6052,0.007142,-0.01038,0.037922,0.0007,0.1656,0.258,1,0.25797,0.4416,0.4416,117472,0
1777980917.033882,0.081574,-0.179936,0.555376,1,0.4503,0.6563,-0.001708,-0.012424,0.036241,0.0007,0.1661,0.2834,1,0.28343,0.5854,0.5854,117476,0
1777980917.067328,0.072465,-0.182237,0.553668,1,0.5752,0.8112,-0.010818,-0.014725,0.034533,0.0008,0.2342,0.3401,1,0.34014,0.7217,0.7217,117480,0
1777980917.100797,0.063418,-0.18452,0.551888,1,0.4609,3.5609,-0.019865,-0.017008,0.032753,0.0007,0.1783,0.2819,1,0.28191,0.7944,0.7944,117496,0
1777980917.134323,0.054145,-0.186781,0.549998,1,0.4425,0.6382,-0.029137,-0.019269,0.030863,0.0009,0.1698,0.2718,1,0.2718,1.0716,1.0716,117496,0
1777980917.167693,0.044826,-0.188981,0.547876,1,0.4658,0.6709,-0.038457,-0.021469,0.028741,0.0011,0.167,0.2976,1,0.29764,1.4418,1.4418,117500,0
1777980917.235013,0.036264,-0.19149,0.545664,1,0.4607,0.6675,-0.047018,-0.023978,0.026529,0.0006,0.1582,0.3019,1,0.30188,1.9712,1.9712,117508,0
1777980917.268592,0.027898,-0.193791,0.543481,1,0.4888,0.7127,-0.055384,-0.026279,0.024346,0.0011,0.173,0.3147,1,0.31465,2.345,2.345,117508,0
1777980917.302073,0.019625,-0.195957,0.541355,1,0.4756,0.7056,-0.063658,-0.028445,0.02222,0.0008,0.1632,0.3115,1,0.31152,2.6536,2.6536,117512,0
1777980917.335566,0.010959,-0.197522,0.539324,1,0.5188,0.7267,-0.072324,-0.03001,0.020189,0.001,0.1887,0.329,1,0.32903,2.7674,2.7674,117512,0
1777980917.368965,0.002731,-0.198687,0.537487,1,0.4294,0.6275,-0.080551,-0.031175,0.018352,0.0008,0.1547,0.2738,1,0.2738,2.919,2.919,117516,0
1777980917.435781,-0.005217,-0.199752,0.535637,1,0.4484,0.647,-0.0885,-0.032239,0.016502,0.0009,0.1682,0.2792,1,0.27922,2.9758,2.9758,117520,0
1777980917.469218,-0.012218,-0.200553,0.533771,1,0.7056,0.9119,-0.0955,-0.03304,0.014636,0.0006,0.1837,0.5213,2,0.26067,0.9657,0.9657,117524,0
1777980917.50504,-0.018769,-0.201396,0.532023,1,0.6835,0.9005,-0.102052,-0.033883,0.012888,0.0004,0.1109,0.5723,2,0.28614,0.8424,0.8424,117528,0
1777980917.53862,-0.02444,-0.202275,0.530452,1,0.3397,0.4698,-0.107722,-0.034762,0.011317,0.0005,0.1031,0.2361,2,0.11806,0.8385,0.8385,117528,0
1777980917.572059,-0.029453,-0.203256,0.529059,1,0.351,0.4738,-0.112736,-0.035743,0.009924,0.0002,0.1056,0.2451,2,0.12257,0.8326,0.8326,117544,0
1777980917.638926,-0.033866,-0.204388,0.527751,1,0.6841,0.8762,-0.117148,-0.036876,0.008616,0.0008,0.1774,0.5059,2,0.25296,0.8405,0.8405,117548,0
1777980917.672364,-0.03761,-0.20564,0.52655,1,0.709,0.9431,-0.120892,-0.038127,0.007415,0.0009,0.1767,0.5314,2,0.26572,0.8622,0.8622,117556,0
1777980917.705876,-0.040445,-0.206686,0.525598,1,0.6625,1.395,-0.123728,-0.039174,0.006463,0.0008,0.1681,0.4936,2,0.24682,0.8981,0.8981,117556,0
1777980917.739321,-0.042588,-0.207507,0.524892,1,0.6357,0.8398,-0.125871,-0.039995,0.005757,0.0007,0.1715,0.4635,2,0.23177,0.9319,0.9319,117560,0
1777980917.77346,-0.043784,-0.208045,0.524426,1,0.5854,0.7827,-0.127067,-0.040533,0.005291,0.0011,0.1699,0.4144,2,0.20722,0.9554,0.9554,117560,0
1777980917.806901,-0.043666,-0.208185,0.524206,1,0.6912,0.9034,-0.126948,-0.040673,0.005071,0.0008,0.1876,0.5028,2,0.25139,0.9604,0.9604,117560,0
1777980917.873785,-0.042203,-0.208279,0.524129,1,0.6564,0.8867,-0.125485,-0.040767,0.004994,0.0009,0.1681,0.4874,2,0.24372,0.9522,0.9522,117560,0
1777980917.907235,-0.039351,-0.208195,0.524273,1,0.8234,1.067,-0.122634,-0.040683,0.005139,0.0008,0.1836,0.6389,2,0.31947,0.9242,0.9242,117564,0
1777980917.940689,-0.035004,-0.207909,0.524704,1,0.8474,1.7712,-0.118287,-0.040396,0.005569,0.001,0.3614,0.485,2,0.24251,0.8814,0.8814,117564,0
1777980917.97453,-0.029074,-0.207413,0.525531,1,0.6454,0.8524,-0.112356,-0.039901,0.006396,0.0008,0.1749,0.4697,2,0.23487,0.8324,0.8324,117564,0
1777980918.007971,-0.021403,-0.206872,0.526788,1,0.6399,0.8298,-0.104686,-0.03936,0.007653,0.0008,0.1623,0.4767,2,0.23836,0.8022,0.8022,117576,0
1777980918.075178,-0.012709,-0.206227,0.528475,1,0.6511,0.8685,-0.095991,-0.038714,0.00934,0.0015,0.1712,0.4783,2,0.23917,0.7816,0.7816,117576,0
1777980918.10861,-0.00306,-0.205479,0.530608,1,0.6309,0.8509,-0.086343,-0.037967,0.011473,0.0008,0.1622,0.4679,2,0.23395,0.7704,0.7704,117576,0
1777980918.142056,0.008014,-0.205024,0.533352,1,0.5885,0.7733,-0.075268,-0.037512,0.014217,0.0009,0.1709,0.4167,2,0.20833,0.752,0.752,117576,0
1777980918.175489,0.019832,-0.204593,0.536264,1,0.64,0.8636,-0.06345,-0.037081,0.017129,0.0015,0.1875,0.4511,2,0.22554,0.7551,0.7551,117580,0
1777980918.208944,0.032693,-0.203966,0.539304,1,0.5629,0.7538,-0.05059,-0.036454,0.020169,0.0007,0.1508,0.4114,2,0.20572,0.7574,0.7574,117580,0
1777980918.275944,0.045828,-0.20278,0.542551,1,0.5874,0.7938,-0.037454,-0.035268,0.023416,0.001,0.1605,0.4259,2,0.21293,0.7526,0.7526,117584,0
1777980918.309364,0.058207,-0.201078,0.54582,1,0.6204,0.8265,-0.025076,-0.033565,0.026685,0.0004,0.1718,0.4482,2,0.22408,0.7446,0.7446,117584,0
1777980918.342799,0.06963,-0.199117,0.54877,1,0.5125,0.6996,-0.013652,-0.031605,0.029635,0.0006,0.1398,0.3721,2,0.18605,0.728,0.728,117584,0
1777980918.376233,0.080637,-0.196569,0.552313,1,0.4182,0.5547,-0.002645,-0.029057,0.033178,0.0009,0.1253,0.2919,2,0.14597,0.7097,0.7097,117584,0
1777980918.409688,0.090888,-0.19376,0.555994,1,0.7212,0.9473,0.007605,-0.026248,0.036859,0.001,0.1953,0.5249,2,0.26247,0.7018,0.7018,117584,0
1777980918.476689,0.10003,-0.190317,0.559102,1,0.4947,0.7159,0.016747,-0.022805,0.039967,0.0008,0.1776,0.3163,1,0.31628,2.9099,2.9099,117584,0
1777980918.510127,0.107905,-0.185809,0.562236,1,0.5452,1.5841,0.024623,-0.018297,0.043101,0.0008,0.2034,0.3409,1,0.34091,2.8571,2.8571,117588,0
1777980918.544801,0.114507,-0.18086,0.564604,1,0.4897,1.0055,0.031225,-0.013347,0.045469,0.001,0.1769,0.3118,1,0.31177,2.4119,2.4119,117588,0
1777980918.578233,0.120679,-0.17574,0.566353,1,0.2908,0.4057,0.037396,-0.008227,0.047218,0.0004,0.1148,0.1756,1,0.17556,2.07,2.07,117588,0
1777980918.611735,0.126921,-0.171005,0.567968,1,0.4643,0.6548,0.043639,-0.003492,0.048833,0.001,0.1736,0.2897,1,0.28974,1.7246,1.7246,117588,0
1777980918.678637,0.133666,-0.16701,0.569233,1,0.2682,0.3753,0.050384,0.000502,0.050098,0.0004,0.104,0.1638,1,0.16381,1.367,1.367,117588,0
1777980918.713636,0.141097,-0.163833,0.570078,1,0.4699,0.6556,0.057814,0.003679,0.050944,0.0008,0.1682,0.3009,1,0.30094,1.0341,1.0341,117592,0
1777980918.747085,0.148631,-0.161997,0.570464,1,0.55,0.7819,0.065349,0.005515,0.051329,0.0009,0.1812,0.3678,1,0.36782,0.8695,0.8695,117604,0
1777980918.780485,0.156244,-0.16111,0.570586,1,0.2565,0.3591,0.072962,0.006402,0.051451,0.0004,0.1,0.1561,1,0.15609,0.8515,0.8515,117604,0
1777980918.813963,0.162826,-0.160997,0.570214,1,0.4532,0.6458,0.079544,0.006515,0.051079,0.0008,0.1737,0.2787,1,0.27869,0.9409,0.9409,117604,0
1777980918.847391,0.167964,-0.161308,0.569435,1,0.4443,0.648,0.084682,0.006204,0.0503,0.0013,0.1547,0.2884,1,0.28838,1.0069,1.0069,117604,0
1777980918.91444,0.17093,-0.161521,0.568526,1,0.5528,0.7621,0.087647,0.005991,0.049391,0.001,0.2287,0.323,1,0.32304,1.0329,1.0329,117604,0
1777980918.947876,0.171966,-0.161131,0.56753,1,0.4714,0.6772,0.088683,0.006382,0.048395,0.0009,0.179,0.2915,1,0.29155,1.0185,1.0185,117604,0
1777980918.981947,0.171524,-0.160367,0.566658,1,0.5218,0.7713,0.088242,0.007145,0.047523,0.0017,0.1874,0.3327,1,0.33267,1.0067,1.0067,117604,0
1777980919.01578,0.170191,-0.159841,0.565903,1,0.2845,0.3942,0.086908,0.007671,0.046768,0.0004,0.1072,0.1768,1,0.17683,0.9983,0.9983,117604,0
1777980919.04934,0.168435,-0.159826,0.565287,1,0.4946,0.7926,0.085152,0.007687,0.046152,0.0004,0.1104,0.3838,1,0.38383,0.9871,0.9871,117604,0
1777980919.116228,0.165841,-0.160351,0.564863,1,0.5201,0.73,0.082559,0.007162,0.045728,0.0009,0.1977,0.3214,1,0.32144,0.9597,0.9597,117604,0
1777980919.149766,0.162208,-0.161102,0.564595,1,0.428,0.621,0.078925,0.00641,0.04546,0.0012,0.1596,0.2672,1,0.26716,0.9135,0.9135,117608,0
1777980919.183737,0.156213,-0.161688,0.564228,1,0.4729,0.6793,0.07293,0.005824,0.045094,0.0008,0.1728,0.2993,1,0.29932,0.8197,0.8197,117608,0
1777980919.217161,0.147912,-0.161782,0.563181,1,0.4396,0.6168,0.064629,0.005731,0.044046,0.0011,0.1657,0.2727,1,0.27273,0.709,0.709,117608,0
1777980919.250585,0.138378,-0.161507,0.561176,1,0.4242,1.1579,0.055095,0.006005,0.042041,0.0012,0.1659,0.2571,1,0.25706,0.638,0.638,117612,0
1777980919.317638,0.127681,-0.161307,0.558559,1,0.6148,0.79,0.044399,0.006205,0.039424,0.0009,0.1742,0.4397,1,0.43973,0.5321,0.5321,117612,0
1777980919.351086,0.116178,-0.161525,0.555919,1,0.5564,3.4282,0.032895,0.005988,0.036784,0.0009,0.1649,0.3907,1,0.39066,0.517,0.517,117612,0
1777980919.384523,0.103858,-0.162222,0.552926,1,0.3205,0.4539,0.020576,0.005291,0.033791,0.0004,0.1194,0.2007,1,0.20066,0.5189,0.5189,117620,0
1777980919.418811,0.092018,-0.163069,0.549849,1,0.32,0.4868,0.008735,0.004443,0.030714,0.0006,0.1239,0.1956,1,0.1956,0.4662,0.4662,117620,0
1777980919.452204,0.080646,-0.163925,0.54671,1,0.4793,0.702,-0.002637,0.003587,0.027575,0.0007,0.1497,0.329,1,0.32896,0.4774,0.4774,117620,0
1777980919.519064,0.069852,-0.165043,0.543983,1,0.437,0.7785,-0.01343,0.00247,0.024848,0.001,0.1683,0.2676,1,0.26764,0.5212,0.5212,117624,0
1777980919.552473,0.059674,-0.166642,0.541549,1,0.4632,0.6597,-0.023609,0.000871,0.022414,0.0009,0.1665,0.2958,1,0.29582,0.5312,0.5312,117624,0
1777980919.585902,0.05024,-0.168694,0.539478,1,0.4197,0.6151,-0.033042,-0.001182,0.020344,0.0007,0.1502,0.2688,1,0.26883,0.5658,0.5658,117624,0
1777980919.619401,0.04117,-0.171242,0.537562,1,0.4531,0.6458,-0.042113,-0.00373,0.018427,0.0008,0.1711,0.2812,1,0.2812,0.5447,0.5447,117624,0
1777980919.652812,0.032959,-0.174236,0.535565,1,0.4322,0.6398,-0.050324,-0.006724,0.01643,0.0006,0.1447,0.287,1,0.28697,0.5442,0.5442,117624,0
1777980919.686413,0.026051,-0.177651,0.534093,1,0.558,0.7774,-0.057231,-0.010138,0.014958,0.0004,0.1108,0.4468,1,0.44678,0.5393,0.5393,117624,0
1777980919.753293,0.019847,-0.181995,0.532815,1,0.4317,0.6217,-0.063436,-0.014482,0.01368,0.0007,0.1497,0.2813,1,0.28125,0.5281,0.5281,117624,0
1777980919.786862,0.014633,-0.186464,0.531743,1,0.4343,0.6437,-0.06865,-0.018952,0.012608,0.0008,0.154,0.2795,1,0.27945,0.7608,0.7608,117624,0
1777980919.820427,0.010624,-0.191086,0.530846,1,0.4362,0.6255,-0.072659,-0.023574,0.011711,0.0009,0.1576,0.2777,1,0.27766,1.4718,1.4718,117628,0
1777980919.854605,0.007364,-0.194556,0.531142,1,0.6881,0.9123,-0.075919,-0.027044,0.012007,0.0008,0.1708,0.5165,1,0.5165,2.3627,2.3627,117628,0
1777980919.888018,0.003187,-0.197485,0.533049,1,0.6168,0.815,-0.080096,-0.029973,0.013914,0.0008,0.1536,0.4624,2,0.23122,0.8347,0.8347,117628,0
1777980919.955061,-0.000468,-0.198543,0.535589,1,0.6209,0.8195,-0.08375,-0.031031,0.016454,0.001,0.1758,0.4441,2,0.22205,0.6832,0.6832,117628,0
1777980919.988507,-0.002974,-0.198267,0.538581,1,0.6039,0.8014,-0.086257,-0.030755,0.019446,0.0008,0.1676,0.4355,2,0.21774,0.6491,0.6491,117640,0
1777980920.02195,-0.00437,-0.197409,0.541551,1,0.8563,1.0512,-0.087652,-0.029897,0.022416,0.0008,0.39,0.4656,2,0.23279,0.5965,0.5965,117640,0
1777980920.055385,-0.004841,-0.196113,0.544366,1,0.664,0.8866,-0.088123,-0.028601,0.025231,0.0008,0.1572,0.506,2,0.25302,0.5633,0.5633,117640,0
1777980920.088802,-0.003973,-0.194783,0.546688,1,0.5456,0.7168,-0.087256,-0.02727,0.027553,0.0006,0.1481,0.3968,2,0.19842,0.5747,0.5747,117640,0
1777980920.156931,-0.001955,-0.193441,0.548496,1,0.7106,0.931,-0.085238,-0.025929,0.029361,0.001,0.1807,0.5289,2,0.26447,0.5859,0.5859,117640,0
1777980920.19036,0.000683,-0.192061,0.549977,1,0.6036,1.4054,-0.082599,-0.024549,0.030842,0.0008,0.1635,0.4393,2,0.21963,0.5645,0.5645,117644,0
1777980920.22381,0.003467,-0.190703,0.551178,1,0.6238,0.8122,-0.079815,-0.02319,0.032043,0.001,0.187,0.4357,2,0.21785,0.5603,0.5603,117644,0
1777980920.257251,0.00588,-0.189048,0.552536,1,0.6007,0.7823,-0.077402,-0.021536,0.033401,0.0012,0.172,0.4274,2,0.21372,0.5801,0.5801,117648,0
1777980920.290691,0.00783,-0.187218,0.554035,1,0.6431,1.4837,-0.075452,-0.019705,0.0349,0.0007,0.1748,0.4676,2,0.23378,1.2576,1.2576,117660,0
1777980920.35759,0.009746,-0.185445,0.555264,1,0.748,1.0105,-0.073537,-0.017933,0.036129,0.001,0.1828,0.5642,2,0.28209,2.6736,2.6736,117660,0
1777980920.391579,0.012017,-0.183645,0.555901,1,25.1998,27.1451,-0.071265,-0.016133,0.036766,0.0007,0.1651,25.034,250,0.10014,3.6531,3.6531,117660,0
1777980920.424992,0.013978,-0.181794,0.555833,1,11.6589,12.6075,-0.069304,-0.014281,0.036698,0.0005,0.1045,11.5539,250,0.04622,3.7685,3.7685,117664,0
1777980920.458427,0.015453,-0.180126,0.55518,1,14.7578,17.6103,-0.067829,-0.012613,0.036045,0.0006,0.1386,14.6186,250,0.05847,3.3208,3.3208,117664,0
1777980920.491889,0.016409,-0.178881,0.554283,1,0.4588,0.5938,-0.066873,-0.011368,0.035148,0.0007,0.1258,0.3323,2,0.16615,2.5103,2.5103,117664,0
1777980921.297591,0.016803,-0.169731,0.492587,1,0.342,0.5045,0.017549,-0.006226,-0.007867,0.0008,0.1243,0.2169,1,0.21687,1.5206,1.5206,117664,0
1777980921.331354,0.020086,-0.171748,0.494506,1,0.4963,0.9774,0.020832,-0.008243,-0.005948,0.0008,0.1704,0.325,1,0.32504,0.5952,0.5952,117664,0
1777980921.398204,0.024298,-0.174292,0.496885,1,0.4274,0.6222,0.025044,-0.010787,-0.003569,0.0009,0.1567,0.2698,1,0.26982,0.4551,0.4551,117664,0
1777980921.431708,0.029581,-0.17762,0.500038,1,0.4608,0.9135,0.030327,-0.014115,-0.000416,0.001,0.1699,0.29,1,0.28998,0.3463,0.3463,117668,0
1777980921.465427,0.035902,-0.18111,0.503782,1,0.4327,0.6441,0.036648,-0.017605,0.003328,0.0004,0.1116,0.3207,1,0.32072,0.5085,0.5085,117672,0
1777980921.498855,0.042697,-0.184547,0.507396,1,0.4525,0.6446,0.043443,-0.021042,0.006942,0.0007,0.1625,0.2893,1,0.28931,0.8363,0.8363,117672,0
1777980921.532266,0.049726,-0.188027,0.511515,1,0.501,0.7042,0.050472,-0.024522,0.011061,0.0007,0.2172,0.2831,1,0.28308,1.2822,1.2822,117672,0
1777980921.599119,0.057158,-0.191574,0.515189,1,0.4954,0.7121,0.057904,-0.02807,0.014735,0.0008,0.1821,0.3126,1,0.31255,1.7671,1.7671,117672,0
1777980921.634464,0.063911,-0.195121,0.518515,1,0.5054,0.7405,0.064657,-0.031616,0.018061,0.0003,0.1068,0.3982,1,0.39824,2.2533,2.2533,117672,0
1777980921.667945,0.070896,-0.199099,0.521855,1,0.4714,0.6926,0.071642,-0.035594,0.021401,0.0011,0.1767,0.2937,1,0.29367,2.9148,2.9148,117672,0
1777980921.701576,0.077814,-0.203426,0.525899,1,0.5821,0.7698,0.07856,-0.039921,0.025445,0.0008,0.1545,0.4268,2,0.21339,0.6217,0.6217,117680,0
1777980921.735002,0.083858,-0.207493,0.53018,1,0.5702,0.7624,0.084604,-0.043988,0.029726,0.0009,0.1548,0.4144,2,0.20721,0.6317,0.6317,117680,0
1777980921.768409,0.089923,-0.210852,0.534304,1,0.6376,0.8381,0.090669,-0.047347,0.03385,0.0011,0.1607,0.4759,2,0.23796,0.6702,0.6702,117680,0
1777980921.83536,0.095277,-0.213232,0.538628,1,0.6029,0.7896,0.096023,-0.049727,0.038174,0.0011,0.1668,0.4349,2,0.21746,0.7064,0.7064,117684,0
1777980921.8688,0.100654,-0.21455,0.543111,1,0.6738,0.8852,0.1014,-0.051045,0.042657,0.0009,0.1944,0.4786,2,0.23929,0.7451,0.7451,117684,0
1777980921.904431,0.105261,-0.214501,0.54751,1,0.3741,0.5002,0.106007,-0.050996,0.047056,0.0004,0.1151,0.2587,2,0.12933,0.7631,0.7631,117684,0
1777980921.937872,0.109696,-0.212751,0.551968,1,0.347,0.4686,0.110442,-0.049246,0.051514,0.0003,0.1084,0.2383,2,0.11915,0.7829,0.7829,117684,0
1777980921.971272,0.114247,-0.209057,0.556082,1,0.3634,1.287,0.114993,-0.045552,0.055628,0.0005,0.1118,0.2511,2,0.12557,0.8122,0.8122,117684,0
1777980922.038152,0.118504,-0.20371,0.559776,1,0.6845,0.8967,0.11925,-0.040205,0.059321,0.001,0.1695,0.514,2,0.25701,0.8245,0.8245,117684,0
1777980922.071663,0.122168,-0.197294,0.562744,1,0.3334,0.4624,0.122914,-0.033789,0.06229,0.0004,0.1049,0.2282,2,0.11408,0.835,0.835,117684,0
1777980922.105073,0.125341,-0.189588,0.564928,1,0.5241,0.7531,0.126087,-0.026083,0.064474,0.0005,0.1148,0.4088,1,0.40879,2.5978,2.5978,117696,0
1777980922.138713,0.127716,-0.181471,0.566053,1,0.4177,0.5933,0.128462,-0.017966,0.065598,0.0014,0.1556,0.2608,1,0.2608,1.9631,1.9631,117696,0
1777980922.173371,0.129224,-0.172506,0.566182,1,0.424,1.3528,0.12997,-0.009001,0.065728,0.0008,0.1478,0.2753,1,0.27534,1.2874,1.2874,117696,0
1777980922.206979,0.129803,-0.163801,0.56561,1,0.4666,1.037,0.130549,-0.000296,0.065156,0.0007,0.1596,0.3063,1,0.30629,0.9826,0.9826,117700,0
1777980922.273845,0.129128,-0.155717,0.56447,1,0.4845,0.7069,0.129874,0.007788,0.064015,0.0012,0.1677,0.3156,1,0.31561,0.9948,0.9948,117700,0
1777980922.307258,0.12707,-0.147657,0.562872,1,0.4238,0.6158,0.127816,0.015848,0.062418,0.0012,0.155,0.2676,1,0.26761,1.1347,1.1347,117700,0
1777980922.340763,0.125486,-0.141697,0.561224,1,0.3214,4.2147,0.126232,0.021808,0.06077,0.0005,0.1241,0.1968,1,0.1968,1.0628,1.0628,117700,0
1777980922.374181,0.121633,-0.136072,0.559372,1,0.3021,0.4317,0.122379,0.027433,0.058918,0.0004,0.1139,0.1878,1,0.18778,1.0038,1.0038,117700,0
1777980922.407757,0.115224,-0.130628,0.556891,1,0.293,0.4183,0.11597,0.032877,0.056437,0.0005,0.111,0.1815,1,0.18148,0.9628,0.9628,117700,0
1777980922.477844,0.106889,-0.126146,0.554053,1,0.3082,0.4507,0.107635,0.037359,0.053599,0.0005,0.1162,0.1915,1,0.19154,0.9128,0.9128,117704,0
1777980922.511289,0.098273,-0.122756,0.551233,1,0.4832,0.6988,0.099019,0.040748,0.050779,0.0004,0.1062,0.3765,1,0.37654,0.8804,0.8804,117704,0
1777980922.54473,0.089378,-0.120545,0.548321,1,0.5498,0.7744,0.090124,0.04296,0.047867,0.0004,0.1841,0.3654,1,0.36539,0.8568,0.8568,117704,0
1777980922.578231,0.079833,-0.119301,0.54562,1,0.4309,0.6153,0.080579,0.044204,0.045166,0.0008,0.1478,0.2822,1,0.28223,0.8219,0.8219,117704,0
1777980922.613576,0.070694,-0.118762,0.543241,1,0.5243,0.7342,0.07144,0.044742,0.042787,0.0089,0.1968,0.3186,1,0.31863,0.8254,0.8254,117704,0
1777980922.648013,0.061596,-0.118913,0.540998,1,0.4165,0.6135,0.062342,0.044592,0.040544,0.0008,0.1507,0.265,1,0.265,0.8236,0.8236,117704,0
1777980922.714988,0.052889,-0.119393,0.539033,1,0.4826,0.7183,0.053635,0.044112,0.038579,0.0008,0.1586,0.3232,1,0.32317,0.8874,0.8874,117704,0
1777980922.7485,0.044652,-0.120321,0.537475,1,0.5126,0.7262,0.045398,0.043184,0.037021,0.0011,0.1979,0.3136,1,0.31363,0.9361,0.9361,117716,0
1777980922.78205,0.036681,-0.121849,0.536123,1,0.4953,0.7403,0.037427,0.041656,0.035669,0.0009,0.1697,0.3247,1,0.32472,0.9258,0.9258,117720,0
1777980922.81547,0.028247,-0.124324,0.534521,1,0.499,0.683,0.028993,0.039181,0.034066,0.0009,0.1791,0.319,1,0.31895,0.8129,0.8129,117720,0
1777980922.848909,0.019516,-0.127463,0.532859,1,0.4564,0.6599,0.020262,0.036041,0.032405,0.001,0.163,0.2924,1,0.29245,0.7237,0.7237,117720,0
1777980922.915828,0.011129,-0.130725,0.531025,1,0.6776,0.9114,0.011875,0.03278,0.030571,0.0011,0.1749,0.5016,1,0.50163,0.7287,0.7287,117720,0
1777980922.94927,0.002882,-0.134525,0.529013,1,0.4634,0.6506,0.003628,0.02898,0.028559,0.0009,0.1691,0.2934,1,0.2934,0.6556,0.6556,117720,0
1777980922.982815,-0.005292,-0.138858,0.52675,1,0.4879,0.7064,-0.004546,0.024647,0.026296,0.0008,0.1702,0.3169,1,0.3169,0.6436,0.6436,117720,0
1777980923.016249,-0.013494,-0.14345,0.524241,1,0.4344,0.6319,-0.012748,0.020055,0.023787,0.0008,0.1565,0.2772,1,0.27716,0.7431,0.7431,117720,0
1777980923.049765,-0.020307,-0.147717,0.521839,1,0.4941,0.7216,-0.019561,0.015788,0.021384,0.0011,0.1884,0.3046,1,0.30459,0.7702,0.7702,117720,0
1777980923.116764,-0.026358,-0.151843,0.519301,1,0.3003,0.4413,-0.025612,0.011662,0.018847,0.0008,0.1139,0.1855,1,0.18554,0.8493,0.8493,117724,0
1777980923.150214,-0.031205,-0.15549,0.517048,1,0.3262,0.5278,-0.030459,0.008014,0.016594,0.0005,0.1165,0.2092,1,0.20924,0.889,0.889,117724,0
1777980924.158491,-0.035108,-0.15333,0.495772,1,0.2904,0.4201,0.002934,0.006374,-0.008219,0.0007,0.1097,0.18,1,0.17996,1.2876,1.2876,117728,0
1777980924.191964,-0.037126,-0.153395,0.494797,1,0.2957,0.4304,0.000915,0.006309,-0.009194,0.0009,0.1134,0.1813,1,0.1813,0.8922,0.8922,117728,0
1777980924.225402,-0.039647,-0.154135,0.49379,1,0.2975,0.421,-0.001605,0.005568,-0.010201,0.0003,0.1117,0.1855,1,0.18554,0.8948,0.8948,117728,0
1777980924.258863,-0.042133,-0.155568,0.492787,1,0.284,0.4048,-0.004091,0.004136,-0.011205,0.0007,0.1102,0.1731,1,0.17307,0.8925,0.8925,117728,0
1777980924.293911,-0.044631,-0.157446,0.491827,1,0.2865,0.4161,-0.006589,0.002258,-0.012164,0.0006,0.106,0.1799,1,0.17993,0.8873,0.8873,117728,0
1777980924.394484,-0.051867,-0.162017,0.489694,1,1.0683,1.3099,-0.013825,-0.002313,-0.014297,0.0009,0.1816,0.8858,1,0.88577,0.6343,0.6343,117736,0
1777980924.427925,-0.055211,-0.164033,0.489085,1,0.5677,0.7888,-0.017169,-0.004329,-0.014906,0.0011,0.1819,0.3847,1,0.3847,0.8165,0.8165,117740,0
1777980924.464332,-0.058259,-0.166104,0.488831,1,0.5145,0.7454,-0.020217,-0.0064,-0.01516,0.0011,0.1753,0.3382,1,0.33816,0.8777,0.8777,117740,0
1777980924.497749,-0.060913,-0.168359,0.488837,1,0.4284,0.6153,-0.022871,-0.008655,-0.015154,0.0008,0.1607,0.2669,1,0.26691,0.9136,0.9136,117740,0
1777980924.565039,-0.063128,-0.171004,0.48901,1,0.4548,0.6607,-0.025086,-0.011301,-0.014982,0.0008,0.1729,0.2811,1,0.28111,0.922,0.922,117740,0
1777980924.598468,-0.064733,-0.173949,0.489108,1,0.4451,0.633,-0.026691,-0.014245,-0.014883,0.0009,0.1731,0.2712,1,0.2712,0.9181,0.9181,117740,0
1777980924.634403,-0.065893,-0.177877,0.489183,1,0.2947,0.4078,-0.027851,-0.018173,-0.014808,0.0003,0.1064,0.188,1,0.18797,0.9013,0.9013,117740,0
1777980924.667782,-0.066818,-0.182468,0.489431,1,0.2952,0.4144,-0.028777,-0.022765,-0.01456,0.0005,0.1101,0.1846,1,0.18463,0.8798,0.8798,117740,0
1777980924.701621,-0.067333,-0.187418,0.490065,1,0.4537,0.6627,-0.029291,-0.027715,-0.013926,0.001,0.1625,0.2902,1,0.29019,0.8332,0.8332,117744,0
1777980924.768638,-0.067111,-0.192741,0.491285,1,0.4404,0.6449,-0.029069,-0.033037,-0.012706,0.001,0.163,0.2764,1,0.27641,0.7927,0.7927,117744,0
1777980924.803483,-0.065845,-0.198983,0.493496,1,0.449,0.6549,-0.027803,-0.03928,-0.010495,0.0013,0.1624,0.2853,1,0.28526,0.6134,0.6134,117744,0
1777980924.836957,-0.063428,-0.20571,0.496352,1,0.5158,0.7563,-0.025386,-0.046006,-0.007639,0.0009,0.1917,0.3232,1,0.32318,0.7476,0.7476,117744,0
1777980924.870471,-0.059677,-0.212672,0.499704,1,0.4583,1.0261,-0.021636,-0.052969,-0.004288,0.0008,0.1796,0.2779,1,0.27792,1.6684,1.6684,117744,0
1777980924.903936,-0.054362,-0.219682,0.503455,1,0.6145,0.8306,-0.01632,-0.059978,-0.000536,0.0011,0.1908,0.4226,2,0.21132,0.9105,0.9105,117744,0
1777980924.93736,-0.047578,-0.226715,0.507637,1,0.598,0.7929,-0.009536,-0.067012,0.003646,0.0007,0.16,0.4373,2,0.21863,1.2361,1.2361,117744,0
1777980925.004239,-0.040168,-0.233157,0.512115,1,0.6688,0.8712,-0.002126,-0.073454,0.008124,0.0008,0.1805,0.4874,2,0.24372,1.7678,1.7678,117756,0
1777980925.037688,-0.031504,-0.239028,0.516736,1,0.6199,0.8129,0.006537,-0.079325,0.012745,0.0007,0.1647,0.4545,2,0.22723,2.3622,2.3622,117760,0
1777980925.071442,-0.022519,-0.244294,0.521803,1,0.8686,1.0902,0.015523,-0.084591,0.017812,0.001,0.2151,0.6525,3,0.2175,0.9512,0.9512,117760,0
1777980925.104834,-0.013863,-0.24823,0.526434,1,0.7271,0.9414,0.024179,-0.088527,0.022443,0.0019,0.1663,0.5589,3,0.18631,0.9363,0.9363,117760,0
1777980925.138369,-0.004787,-0.251403,0.531482,1,0.777,0.9766,0.033255,-0.0917,0.027491,0.0006,0.1554,0.621,3,0.20701,0.9283,0.9283,117760,0
1777980925.205229,0.004482,-0.253422,0.536313,1,0.9384,1.185,0.042524,-0.093719,0.032322,0.0014,0.1979,0.7391,3,0.24637,0.9263,0.9263,117760,0
1777980925.238688,0.013038,-0.254162,0.540885,1,0.8337,1.0581,0.05108,-0.094459,0.036894,0.001,0.1907,0.6419,3,0.21397,0.9333,0.9333,117760,0
1777980925.27246,0.020594,-0.253838,0.544873,1,0.8665,1.0999,0.058636,-0.094135,0.040882,0.0016,0.1907,0.6742,3,0.22473,0.9462,0.9462,117760,0
1777980925.305883,0.028128,-0.252265,0.548534,1,0.6872,0.8883,0.066169,-0.092562,0.044542,0.0008,0.1527,0.5337,3,0.17789,0.9639,0.9639,117760,0
1777980925.33946,0.034848,-0.249207,0.551688,1,0.8988,1.1257,0.07289,-0.089504,0.047696,0.0022,0.1999,0.6967,3,0.23224,0.9813,0.9813,117764,0
1777980925.406329,0.041527,-0.244851,0.554448,1,0.8203,1.0412,0.079569,-0.085147,0.050456,0.0008,0.1835,0.6359,3,0.21198,0.9944,0.9944,117764,0
1777980925.439774,0.047772,-0.239753,0.556711,1,0.6405,1.01,0.085814,-0.08005,0.052719,0.0007,0.1689,0.4709,2,0.23544,2.4298,2.4298,117764,0
1777980925.473214,0.053413,-0.232528,0.558779,1,0.7347,0.9401,0.091455,-0.072824,0.054788,0.0008,0.1815,0.5525,2,0.27626,1.5274,1.5274,117764,0
1777980925.506656,0.058248,-0.224896,0.56048,1,0.6997,0.9175,0.09629,-0.065193,0.056489,0.0007,0.171,0.5279,2,0.26397,1.0434,1.0434,117764,0
1777980925.540073,0.062767,-0.216958,0.561954,1,0.6004,1.3116,0.100809,-0.057255,0.057963,0.0006,0.1593,0.4405,2,0.22023,0.7431,0.7431,117764,0
1777980925.606964,0.06704,-0.20867,0.563078,1,0.5679,0.7532,0.105082,-0.048966,0.059087,0.0007,0.1627,0.4046,2,0.20228,0.6589,0.6589,117764,0
1777980925.64046,0.071159,-0.200194,0.563783,1,1.188,2.0566,0.109201,-0.04049,0.059791,0.0007,0.1873,1.0,2,0.50002,0.6865,0.6865,117764,0
1777980925.673942,0.074457,-0.191846,0.56407,1,0.3604,0.4879,0.112499,-0.032142,0.060078,0.0005,0.1143,0.2456,2,0.12279,0.7245,0.7245,117776,0
1777980925.707399,0.076969,-0.183496,0.563979,1,0.6668,0.8792,0.11501,-0.023793,0.059988,0.0011,0.1998,0.4659,2,0.23296,0.7369,0.7369,117776,0
1777980925.740834,0.079533,-0.174982,0.563477,1,0.5798,1.4264,0.117575,-0.015278,0.059485,0.0008,0.1559,0.4231,2,0.21157,0.7285,0.7285,117776,0
1777980925.807747,0.081028,-0.165983,0.562742,1,0.6235,0.8331,0.11907,-0.00628,0.058751,0.001,0.1712,0.4513,2,0.22564,0.737,0.737,117776,0
1777980925.841654,0.081112,-0.157425,0.561978,1,0.9603,1.4532,0.119154,0.002279,0.057987,0.0011,0.1903,0.7689,2,0.38445,0.763,0.763,117780,0
1777980925.875076,0.080363,-0.149268,0.561099,1,0.6613,0.868,0.118405,0.010436,0.057108,0.0006,0.1723,0.4884,2,0.24419,0.7941,0.7941,117780,0
1777980925.908519,0.078531,-0.141501,0.56008,1,0.6876,0.909,0.116573,0.018203,0.056088,0.0009,0.1904,0.4963,2,0.24815,0.8287,0.8287,117780,0
1777980925.943231,0.075516,-0.134257,0.558544,1,0.605,0.929,0.113557,0.025446,0.054553,0.0009,0.1674,0.4367,2,0.21836,0.8712,0.8712,117780,0
1777980925.976684,0.071258,-0.12843,0.556602,1,0.7578,1.0176,0.1093,0.031274,0.05261,0.0009,0.1875,0.5694,2,0.2847,0.9185,0.9185,117780,0
1777980926.04354,0.06556,-0.123675,0.554432,1,0.6881,0.8968,0.103602,0.036029,0.05044,0.0009,0.1935,0.4936,2,0.24679,0.9645,0.9645,117796,0
1777980926.076989,0.059052,-0.120382,0.552347,1,0.478,0.7307,0.097094,0.039322,0.048355,0.0008,0.1684,0.3088,1,0.30883,2.7903,2.7903,117796,0
1777980926.11043,0.051541,-0.118428,0.550082,1,0.8055,4.2605,0.089583,0.041276,0.04609,0.001,0.1984,0.6061,2,0.30306,1.0292,1.0292,117796,0
1777980926.143887,0.043465,-0.117672,0.54742,1,0.5007,0.7458,0.081507,0.042032,0.043429,0.001,0.1779,0.3218,1,0.32181,2.196,2.196,117796,0
1777980926.177321,0.035283,-0.118056,0.544804,1,0.533,0.7316,0.073324,0.041648,0.040812,0.0009,0.1871,0.345,1,0.34495,2.489,2.489,117796,0
1777980926.244165,0.027663,-0.11934,0.54254,1,0.507,0.7137,0.065705,0.040363,0.038548,0.0009,0.1758,0.3303,1,0.33025,2.4022,2.4022,117796,0
1777980926.277709,0.020888,-0.121903,0.540806,1,0.4681,0.6868,0.05893,0.0378,0.036814,0.0011,0.1771,0.2899,1,0.28988,2.1536,2.1536,117796,0
1777980926.311549,0.014889,-0.124893,0.539486,1,0.4943,0.8801,0.052931,0.03481,0.035494,0.0008,0.1814,0.312,1,0.31202,2.0648,2.0648,117800,0
1777980926.345004,0.009702,-0.127936,0.538308,1,0.4513,0.6623,0.047744,0.031768,0.034317,0.0014,0.1529,0.297,1,0.29703,2.1045,2.1045,117800,0
1777980926.378571,0.005132,-0.13141,0.537285,1,0.4453,0.6451,0.043173,0.028294,0.033293,0.001,0.1714,0.2729,1,0.27287,2.1249,2.1249,117800,0
1777980926.44551,0.001561,-0.13515,0.536522,1,0.4336,0.6199,0.039603,0.024554,0.032531,0.0014,0.1655,0.2667,1,0.26666,2.2581,2.2581,117800,0
1777980926.478951,-0.000973,-0.138727,0.536419,1,0.4442,0.6597,0.037069,0.020976,0.032428,0.0008,0.1619,0.2815,1,0.28148,2.3842,2.3842,117800,0
1777980926.51422,-0.002655,-0.141781,0.537123,1,0.4696,0.6713,0.035387,0.017922,0.033132,0.0014,0.1714,0.2967,1,0.29674,2.5278,2.5278,117800,0
1777980926.547711,-0.003514,-0.144207,0.538751,1,0.4284,0.6268,0.034528,0.015496,0.034759,0.0006,0.1658,0.2621,1,0.26208,2.8659,2.8659,117800,0
1777980926.581484,-0.004145,-0.145936,0.540566,1,0.5887,0.7873,0.033897,0.013767,0.036575,0.0008,0.1652,0.4227,2,0.21137,1.3186,1.3186,117800,0
1777980926.648352,-0.005578,-0.147342,0.54272,1,0.462,0.6755,0.032464,0.012362,0.038729,0.0007,0.1738,0.2874,1,0.28744,2.4321,2.4321,117804,0
1777980926.681806,-0.008666,-0.148406,0.54484,1,0.617,0.8209,0.029376,0.011297,0.040849,0.0012,0.1618,0.4539,2,0.22697,1.3698,1.3698,117804,0
1777980926.715217,-0.012613,-0.149008,0.546596,1,0.5693,0.801,0.025429,0.010696,0.042605,0.0009,0.2427,0.3257,1,0.32573,2.5041,2.5041,117804,0
1777980926.748717,-0.017493,-0.149455,0.548136,1,0.6265,0.825,0.020549,0.010248,0.044145,0.0014,0.172,0.4531,2,0.22655,1.4666,1.4666,117804,0
1777980926.783749,-0.023099,-0.149571,0.548971,1,0.471,0.6872,0.014942,0.010132,0.044979,0.0015,0.1838,0.2857,1,0.28566,2.4176,2.4176,117804,0
1777980926.817206,-0.028736,-0.149553,0.548902,1,1.187,1.413,0.009306,0.010151,0.044911,0.0012,0.7022,0.4836,2,0.2418,1.5574,1.5574,117804,0
1777980926.884175,-0.034175,-0.149395,0.547815,1,0.5385,0.7568,0.003867,0.010309,0.043824,0.0021,0.1854,0.3511,1,0.35107,2.5005,2.5005,117816,0
1777980926.917668,-0.03928,-0.149256,0.545803,1,0.4446,0.6259,-0.001238,0.010447,0.041811,0.0013,0.1581,0.2852,1,0.28521,2.831,2.831,117876,0
1777980926.951452,-0.044484,-0.149182,0.54304,1,0.4662,0.8284,-0.006443,0.010522,0.039049,0.001,0.1801,0.2851,1,0.28508,2.2556,2.2556,117876,0
1777980926.985024,-0.049642,-0.149383,0.539586,1,29.5104,32.159,-0.0116,0.01032,0.035595,0.0013,0.2247,29.2845,250,0.11714,3.7997,3.7997,117876,0
1777980927.0185,-0.054905,-0.149749,0.535678,1,12.0405,12.7696,-0.016863,0.009954,0.031687,0.0005,0.0899,11.9501,250,0.0478,6.0713,6.0713,117880,0
1777980927.088284,-0.060902,-0.150536,0.531085,1,21.7511,25.1085,-0.022861,0.009167,0.027094,0.0008,0.186,21.5643,250,0.08626,8.3012,8.3012,117880,0
1777980927.121834,-0.060902,-0.150536,0.531085,0,14.4981,15.6923,-0.028624,0.007976,0.022972,0.0007,0.1153,14.3821,250,0.05753,10.5054,10.5054,117880,0
1777980927.155381,-0.060902,-0.150536,0.531085,0,26.5518,30.0786,-0.033843,0.006669,0.019615,0.0007,0.1557,26.3954,250,0.10558,12.4741,12.4741,117880,0
1777980927.18879,-0.060902,-0.150536,0.531085,0,13.293,13.4186,-0.039092,0.004984,0.016826,0.0013,0.0929,13.1988,250,0.0528,14.3605,14.3605,117892,0
1777980927.222421,-0.060902,-0.150536,0.531085,0,15.5321,16.3919,-0.043842,0.0036,0.014797,0.0005,0.1308,15.4008,250,0.0616,15.2012,15.2012,117896,0
1777980927.28929,-0.060902,-0.150536,0.531085,0,23.6538,24.6574,-0.047905,0.002295,0.014011,0.0011,0.1619,23.4908,250,0.09396,14.5857,14.5857,117896,0
1777980927.322698,-0.060902,-0.150536,0.531085,0,24.0974,27.2675,-0.050572,0.000758,0.01407,0.0008,0.1697,23.9269,250,0.09571,12.0583,12.0583,117896,0
1777980927.356099,-0.08911,-0.160697,0.518279,1,14.4352,14.9046,-0.051068,-0.000994,0.014288,0.0002,0.1609,14.274,250,0.0571,9.1521,9.1521,117896,0
1777980927.389542,-0.088138,-0.162496,0.518387,1,16.8385,18.3149,-0.050097,-0.002793,0.014396,0.0007,0.154,16.6837,250,0.06673,4.081,4.081,117896,0
1777980927.422981,-0.086346,-0.164131,0.518266,1,0.4577,0.6724,-0.048304,-0.004427,0.014275,0.0008,0.1586,0.2983,1,0.29825,1.1613,1.1613,117896,0
1777980927.456444,-0.083585,-0.165507,0.51747,1,0.5695,0.8046,-0.045543,-0.005804,0.013479,0.0009,0.1984,0.3703,1,0.37032,1.167,1.167,117896,0
1777980927.523409,-0.080563,-0.166352,0.516534,1,0.4479,0.6478,-0.042521,-0.006648,0.012542,0.001,0.1788,0.268,1,0.26804,1.1574,1.1574,117896,0
1777980927.556897,-0.077138,-0.167165,0.515523,1,0.3009,0.439,-0.039096,-0.007461,0.011531,0.0004,0.1155,0.185,1,0.18499,1.105,1.105,117900,0
1777980927.590411,-0.073351,-0.167796,0.514346,1,0.3208,1.5566,-0.03531,-0.008092,0.010354,0.0004,0.1232,0.1972,1,0.19716,1.0832,1.0832,117900,0
1777980927.623832,-0.069261,-0.16805,0.512729,1,0.4995,0.7291,-0.031219,-0.008347,0.008738,0.0008,0.175,0.3237,1,0.32369,1.0714,1.0714,117900,0
1777980927.657286,-0.065233,-0.168055,0.510686,1,0.4903,0.7019,-0.027191,-0.008352,0.006695,0.0009,0.1757,0.3136,1,0.31361,1.0522,1.0522,117900,0
1777980927.724181,-0.061438,-0.167633,0.508211,1,0.5426,0.7688,-0.023397,-0.00793,0.004219,0.0012,0.1893,0.3522,1,0.3522,1.0224,1.0224,117908,0
1777980927.757637,-0.058367,-0.167124,0.505698,1,0.5332,0.7807,-0.020326,-0.00742,0.001706,0.0011,0.1776,0.3545,1,0.35452,0.9912,0.9912,117908,0
1777980927.791465,-0.056127,-0.166665,0.503433,1,0.4988,0.867,-0.018085,-0.006962,-0.000559,0.0008,0.1823,0.3156,1,0.31563,0.9633,0.9633,117908,0
1777980927.824898,-0.05489,-0.166356,0.502026,1,0.5155,0.7486,-0.016848,-0.006652,-0.001966,0.001,0.1927,0.3218,1,0.32176,0.9401,0.9401,117908,0
1777980927.858332,-0.054295,-0.16602,0.501076,1,0.4646,0.6678,-0.016253,-0.006317,-0.002916,0.0009,0.18,0.2837,1,0.28374,0.9258,0.9258,117912,0
1777980927.925277,-0.054142,-0.16518,0.50012,1,0.5087,0.7172,-0.016101,-0.005476,-0.003872,0.0011,0.1766,0.3311,1,0.33106,0.9122,0.9122,117912,0
1777980927.958819,-0.054447,-0.163931,0.499117,1,0.4617,0.6732,-0.016405,-0.004227,-0.004874,0.0008,0.163,0.2979,1,0.29786,0.8901,0.8901,117912,0
1777980927.992353,-0.054934,-0.162656,0.497776,1,0.4578,0.6624,-0.016892,-0.002953,-0.006215,0.0009,0.1634,0.2934,1,0.29341,0.8669,0.8669,117912,0
1777980928.025783,-0.055526,-0.161787,0.496495,1,0.478,0.6882,-0.017484,-0.002083,-0.007496,0.0009,0.1725,0.3046,1,0.30458,0.8476,0.8476,117912,0
1777980928.059239,-0.056154,-0.161504,0.49572,1,0.4454,0.6545,-0.018113,-0.001801,-0.008271,0.0008,0.1611,0.2835,1,0.28354,0.837,0.837,117912,0
1777980928.126176,-0.056682,-0.161539,0.495452,1,0.5766,0.8007,-0.01864,-0.001836,-0.008539,0.001,0.2503,0.3254,1,0.32536,0.8355,0.8355,117912,0
1777980928.695431,-0.058766,-0.161828,0.494688,1,0.4248,0.5958,-0.002609,-0.000467,-0.000139,0.0011,0.1446,0.2791,1,0.27906,0.7135,0.7135,117912,0
1777980928.728862,-0.060762,-0.16264,0.493934,1,0.4921,0.715,-0.004605,-0.001279,-0.000893,0.001,0.1725,0.3186,1,0.31858,0.7107,0.7107,117912,0
1777980928.762249,-0.062514,-0.163595,0.492968,1,0.4344,0.6049,-0.006357,-0.002234,-0.001859,0.0006,0.1534,0.2804,1,0.28039,0.7039,0.7039,117912,0
1777980928.829119,-0.063792,-0.164108,0.491846,1,0.4622,0.7028,-0.007635,-0.002747,-0.002981,0.0009,0.1734,0.288,1,0.28797,0.7194,0.7194,117912,0
1777980928.862563,-0.064867,-0.16453,0.490806,1,0.4506,0.6394,-0.00871,-0.00317,-0.004021,0.0008,0.1601,0.2897,1,0.28969,0.7186,0.7186,117912,0
1777980928.896828,-0.065568,-0.165332,0.489752,1,0.4608,0.6622,-0.009411,-0.003971,-0.005076,0.0007,0.165,0.2951,1,0.29508,0.7157,0.7157,117912,0
1777980928.930268,-0.06592,-0.166009,0.48861,1,0.5818,1.4804,-0.009763,-0.004648,-0.006217,0.0008,0.166,0.415,1,0.41501,0.7136,0.7136,117912,0
1777980928.963796,-0.066194,-0.166993,0.487494,1,0.5072,0.73,-0.010037,-0.005632,-0.007333,0.0008,0.1754,0.331,1,0.331,0.7105,0.7105,117916,0
1777980928.997222,-0.066415,-0.168421,0.486508,1,0.5526,0.775,-0.010258,-0.00706,-0.008319,0.0009,0.1976,0.3541,1,0.35412,0.7116,0.7116,117928,0
1777980929.064183,-0.066449,-0.170087,0.485638,1,0.5044,1.8178,-0.010292,-0.008726,-0.009189,0.0008,0.1757,0.3279,1,0.32791,0.714,0.714,117932,0
1777980929.098703,-0.066676,-0.172074,0.485137,1,0.4167,0.6024,-0.010519,-0.010713,-0.00969,0.0006,0.1469,0.2692,1,0.26918,0.722,0.722,117932,0
1777980929.132136,-0.066778,-0.17528,0.485043,1,0.4177,0.6027,-0.010621,-0.01392,-0.009784,0.0008,0.1573,0.2595,1,0.25954,0.7366,0.7366,117932,0
1777980929.16557,-0.066262,-0.179502,0.485313,1,0.5046,0.7178,-0.010105,-0.018141,-0.009515,0.0008,0.1754,0.3285,1,0.32846,0.7511,0.7511,117932,0
1777980929.199024,-0.065091,-0.185068,0.486103,1,0.6011,0.8464,-0.008933,-0.023707,-0.008724,0.0012,0.2208,0.3791,1,0.37907,0.7927,0.7927,117932,0
1777980929.265881,-0.062896,-0.191993,0.487133,1,0.4404,0.6339,-0.006739,-0.030632,-0.007694,0.0008,0.1569,0.2828,1,0.28277,0.7828,0.7828,117932,0
1777980929.299413,-0.060072,-0.199543,0.488406,1,0.3179,0.4606,-0.003915,-0.038182,-0.006421,0.0003,0.1215,0.196,1,0.19602,0.695,0.695,117932,0
1777980929.332855,-0.056272,-0.208276,0.490239,1,0.284,0.4062,-0.000115,-0.046915,-0.004588,0.0004,0.1116,0.1719,1,0.17195,0.5561,0.5561,117932,0
1777980929.366264,-0.051471,-0.217191,0.492363,1,0.5945,0.8345,0.004686,-0.05583,-0.002464,0.0005,0.1196,0.4745,1,0.47446,0.3437,0.3437,117936,0
1777980929.399711,-0.045831,-0.226662,0.495525,1,0.3823,0.5453,0.010326,-0.065302,0.000698,0.0006,0.1388,0.2429,1,0.2429,0.6052,0.6052,117936,0
1777980929.466595,-0.039446,-0.235791,0.499179,1,0.4259,0.6123,0.016711,-0.07443,0.004352,0.0008,0.1516,0.2735,1,0.27347,0.7876,0.7876,117936,0
1777980929.500488,-0.032064,-0.245606,0.503182,1,0.3099,0.4467,0.024093,-0.084245,0.008355,0.0004,0.1271,0.1825,1,0.18245,1.4775,1.4775,117936,0
1777980929.533901,-0.024466,-0.253711,0.508424,1,0.5254,0.685,0.031691,-0.09235,0.013597,0.0008,0.152,0.3727,2,0.18634,2.0859,2.0859,117936,0
1777980929.567353,-0.017642,-0.260067,0.513877,1,0.6855,0.8574,0.038515,-0.098706,0.01905,0.0007,0.1467,0.5381,3,0.17937,1.2421,1.2421,117936,0
1777980929.600796,-0.009183,-0.268202,0.519117,1,0.8262,1.0214,0.046974,-0.106841,0.02429,0.0008,0.1788,0.6465,3,0.21551,1.2878,1.2878,117936,0
1777980929.668312,-0.001181,-0.275414,0.523679,1,0.7883,0.9733,0.054976,-0.114053,0.028852,0.0004,0.1111,0.6768,3,0.2256,1.4063,1.4063,117940,0
1777980929.7017,0.006493,-0.281708,0.528132,1,0.6978,0.8897,0.06265,-0.120347,0.033305,0.0009,0.1605,0.5364,3,0.17879,1.6302,1.6302,117940,0
1777980929.735146,0.013654,-0.286844,0.532038,1,1.0891,1.2759,0.069811,-0.125483,0.037211,0.0008,0.2161,0.8721,3,0.2907,1.9398,1.9398,117956,0
1777980929.768582,0.020417,-0.29108,0.536226,1,0.5764,0.7459,0.076574,-0.129719,0.041399,0.0006,0.1415,0.4342,3,0.14474,2.2311,2.2311,117956,0
1777980929.802011,0.02644,-0.293773,0.540151,1,0.8794,1.1104,0.082597,-0.132412,0.045324,0.0003,0.1113,0.7677,3,0.2559,2.4709,2.4709,117956,0
1777980929.868898,0.032248,-0.29546,0.543927,1,0.8374,1.0587,0.088405,-0.134099,0.0491,0.0009,0.1839,0.6527,3,0.21755,2.6257,2.6257,117956,0
1777980929.902534,0.037819,-0.296221,0.547174,1,0.711,0.8895,0.093976,-0.134861,0.052347,0.0008,0.1619,0.5483,3,0.18278,2.6022,2.6022,117956,0
1777980929.936216,0.043003,-0.295813,0.549531,1,0.4308,0.5547,0.09916,-0.134453,0.054704,0.0005,0.1185,0.3118,3,0.10394,2.4771,2.4771,117956,0
1777980929.969809,0.048272,-0.293945,0.552288,1,0.4214,0.5388,0.104429,-0.132585,0.057461,0.0005,0.1164,0.3045,3,0.10148,2.2035,2.2035,117956,0
1777980930.003251,0.0531,-0.291096,0.55489,1,0.4319,0.5544,0.109257,-0.129736,0.060063,0.0004,0.1181,0.3134,3,0.10446,1.9459,1.9459,117956,0
1777980930.036676,0.058043,-0.287354,0.557162,1,0.751,0.9573,0.1142,-0.125993,0.062335,0.0003,0.1785,0.5722,3,0.19074,1.767,1.767,117964,0
1777980930.103611,0.062865,-0.282626,0.559249,1,0.7257,0.9164,0.119022,-0.121265,0.064422,0.001,0.1537,0.571,3,0.19032,1.6224,1.6224,117964,0
1777980930.137056,0.06796,-0.277161,0.561039,1,0.6881,0.8819,0.124117,-0.1158,0.066212,0.0009,0.1608,0.5264,3,0.17546,1.526,1.526,117964,0
1777980930.170511,0.073027,-0.270864,0.562617,1,0.8981,3.6062,0.129184,-0.109504,0.06779,0.001,0.1843,0.7128,3,0.23759,1.4432,1.4432,117964,0
1777980930.203979,0.077712,-0.26414,0.56379,1,0.4278,0.5619,0.13387,-0.102779,0.068963,0.0005,0.1134,0.3138,3,0.10461,1.3878,1.3878,117964,0
1777980930.237507,0.081843,-0.25701,0.564565,1,0.4247,0.5635,0.138,-0.095649,0.069738,0.0005,0.1219,0.3022,3,0.10074,1.3636,1.3636,117964,0
1777980930.305027,0.08581,-0.249372,0.56501,1,0.3641,0.5008,0.141967,-0.088011,0.070183,0.0003,0.1127,0.251,2,0.12551,2.5065,2.5065,117964,0
1777980930.338433,0.088711,-0.241122,0.565487,1,0.3552,0.4788,0.144868,-0.079762,0.07066,0.0003,0.1123,0.2426,2,0.12132,1.733,1.733,117968,0
1777980930.371919,0.090551,-0.232929,0.565759,1,0.3639,0.4909,0.146708,-0.071568,0.070932,0.0005,0.1165,0.2469,2,0.12345,1.348,1.348,117968,0
1777980930.405504,0.091083,-0.224715,0.565832,1,0.5768,0.7822,0.14724,-0.063354,0.071005,0.0004,0.1161,0.4603,2,0.23017,1.199,1.199,117968,0
1777980930.438983,0.090202,-0.216824,0.56586,1,0.7212,0.9371,0.146359,-0.055464,0.071033,0.001,0.1851,0.5351,2,0.26754,1.1561,1.1561,117968,0
1777980930.505931,0.088329,-0.209902,0.565623,1,0.4613,0.6957,0.144486,-0.048541,0.070796,0.0007,0.1632,0.2974,1,0.29742,2.9998,2.9998,117968,0
1777980930.539509,0.084809,-0.203108,0.565099,1,0.4689,0.6651,0.140966,-0.041748,0.070272,0.001,0.1747,0.2932,1,0.2932,2.784,2.784,117968,0
1777980930.57367,0.079864,-0.196741,0.564551,1,0.4861,0.7236,0.136021,-0.035381,0.069723,0.001,0.18,0.3052,1,0.3052,2.7876,2.7876,117968,0
1777980930.607103,0.074176,-0.191464,0.56389,1,0.6467,0.8421,0.130333,-0.030104,0.069063,0.0008,0.1581,0.4878,2,0.24392,0.8758,0.8758,117968,0
1777980930.640827,0.068821,-0.187084,0.562723,1,0.3567,0.4794,0.124978,-0.025723,0.067896,0.0006,0.1109,0.2452,2,0.1226,0.8477,0.8477,117972,0
1777980930.708558,0.063203,-0.183843,0.56101,1,0.7089,0.9441,0.11936,-0.022482,0.066182,0.001,0.1946,0.5133,2,0.25665,0.8392,0.8392,117972,0
1777980930.742018,0.056545,-0.181104,0.559272,1,0.4641,0.6198,0.112702,-0.019743,0.064445,0.0009,0.1392,0.3239,2,0.16197,0.8284,0.8284,117984,0
1777980930.775454,0.048444,-0.178467,0.557487,1,0.62,0.8116,0.104602,-0.017106,0.062659,0.0008,0.1801,0.439,2,0.21949,0.8265,0.8265,117984,0
1777980930.808901,0.039353,-0.176299,0.555379,1,0.7473,0.9917,0.09551,-0.014939,0.060552,0.0011,0.197,0.5493,2,0.27465,0.8243,0.8243,117984,0
1777980930.84234,0.030339,-0.174804,0.552896,1,0.6324,0.8169,0.086496,-0.013443,0.058069,0.001,0.1694,0.4619,2,0.23094,0.8771,0.8771,117984,0
1777980930.909223,0.021056,-0.173962,0.549937,1,0.6035,0.7849,0.077213,-0.012601,0.05511,0.0008,0.172,0.4307,2,0.21536,0.966,0.966,117984,0
1777980930.942747,0.012462,-0.173888,0.547007,1,0.4592,0.6731,0.068619,-0.012527,0.05218,0.0009,0.1701,0.2882,1,0.28821,2.9926,2.9926,117984,0
1777980930.976168,0.003846,-0.174972,0.544328,1,0.6513,0.8679,0.060003,-0.013611,0.049501,0.0007,0.1676,0.4831,2,0.24153,1.0442,1.0442,117988,0
1777980931.009596,-0.005088,-0.176833,0.541751,1,0.4707,0.6777,0.051069,-0.015472,0.046924,0.0008,0.1792,0.2907,1,0.29073,1.9539,1.9539,117988,0
1777980931.043024,-0.01336,-0.179741,0.539182,1,0.4611,0.6688,0.042797,-0.018381,0.044355,0.0006,0.1659,0.2946,1,0.29457,2.0541,2.0541,117988,0
1777980931.076465,-0.020342,-0.184006,0.536874,1,0.4378,0.6349,0.035815,-0.022646,0.042047,0.0006,0.1572,0.28,1,0.28003,1.3843,1.3843,117988,0
1777980931.143341,-0.026853,-0.187713,0.53487,1,0.451,0.647,0.029304,-0.026352,0.040043,0.0006,0.1479,0.3024,1,0.30244,0.9872,0.9872,117988,0
1777980931.17689,-0.032551,-0.190909,0.533376,1,0.5567,0.8251,0.023606,-0.029548,0.038549,0.0011,0.1921,0.3636,1,0.36361,0.6943,0.6943,117988,0
1777980931.210351,-0.035995,-0.193664,0.532105,1,0.5219,1.6228,0.020162,-0.032303,0.037278,0.0009,0.1832,0.3378,1,0.3378,0.427,0.427,117988,0
1777980931.243793,-0.037022,-0.195718,0.531915,1,0.5015,0.7048,0.019135,-0.034358,0.037088,0.001,0.1894,0.3111,1,0.31115,0.2549,0.2549,117988,0
1777980931.2772,-0.036389,-0.197015,0.532634,1,0.4784,0.6839,0.019768,-0.035655,0.037807,0.0009,0.173,0.3044,1,0.30444,0.1678,0.1678,117988,0
1777980931.344674,-0.034297,-0.197682,0.533739,1,0.4538,0.6514,0.02186,-0.036321,0.038912,0.0009,0.1732,0.2797,1,0.27969,0.2171,0.2171,117988,0
1777980931.378111,-0.03149,-0.197987,0.534682,1,0.4778,0.704,0.024667,-0.036626,0.039855,0.0007,0.1735,0.3036,1,0.30364,0.4155,0.4155,117992,0
1777980931.411683,-0.028188,-0.197597,0.535278,1,0.4776,3.0574,0.027969,-0.036236,0.040451,0.0007,0.1656,0.3113,1,0.3113,0.6998,0.6998,118008,0
1777980931.445113,-0.024806,-0.196195,0.535199,1,0.473,0.8637,0.031351,-0.034834,0.040372,0.0009,0.1759,0.2962,1,0.29619,1.0805,1.0805,118008,0
1777980931.478513,-0.022008,-0.19294,0.535108,1,0.4411,0.6315,0.034149,-0.031579,0.040281,0.0007,0.1774,0.2631,1,0.26311,1.7021,1.7021,118008,0
1777980931.545434,-0.018122,-0.190471,0.533732,1,0.4635,0.6695,0.038035,-0.02911,0.038905,0.0016,0.1729,0.289,1,0.28904,2.2317,2.2317,118008,0
1777980931.578868,-0.013969,-0.189108,0.532052,1,0.536,0.7697,0.042188,-0.027747,0.037225,0.0009,0.2173,0.3178,1,0.31784,2.813,2.813,118008,0
1777980931.612335,-0.010367,-0.188959,0.531141,1,0.6895,0.9074,0.04579,-0.027598,0.036314,0.0009,0.1824,0.5062,2,0.2531,1.1498,1.1498,118012,0
1777980931.645859,-0.006002,-0.189521,0.53063,1,0.285,0.3963,0.050155,-0.028161,0.035803,0.0004,0.1096,0.175,1,0.17497,2.0082,2.0082,118012,0
1777980931.679304,-0.001042,-0.191204,0.530682,1,0.4593,0.7765,0.055115,-0.029843,0.035854,0.0005,0.1134,0.3454,1,0.34539,2.1917,2.1917,118012,0
1777980931.746241,0.005078,-0.194,0.530801,1,0.5313,0.7512,0.061235,-0.032639,0.035974,0.0008,0.1802,0.3502,1,0.35019,2.0985,2.0985,118012,0
1777980931.779695,0.012138,-0.198018,0.53103,1,0.488,0.699,0.068295,-0.036657,0.036203,0.001,0.1765,0.3105,1,0.31052,2.0666,2.0666,118012,0
1777980931.813125,0.0195,-0.203042,0.531287,1,0.5025,0.7111,0.075657,-0.041681,0.03646,0.001,0.1914,0.3101,1,0.31009,2.5404,2.5404,118012,0
1777980931.846659,0.02642,-0.208066,0.531953,1,0.5932,0.7789,0.082577,-0.046706,0.037126,0.0007,0.1413,0.4513,2,0.22565,0.949,0.949,118012,0
1777980931.880099,0.032199,-0.212873,0.532761,1,0.5885,0.7805,0.088356,-0.051512,0.037934,0.0008,0.1567,0.431,2,0.21548,0.8581,0.8581,118012,0
1777980931.946959,0.035847,-0.216059,0.533698,1,0.7093,0.9,0.092004,-0.054698,0.038871,0.0008,0.1782,0.5303,2,0.26514,0.8307,0.8307,118024,0
1777980931.980394,0.037793,-0.217986,0.534378,1,0.5725,1.5528,0.09395,-0.056625,0.039551,0.0006,0.1438,0.4281,2,0.21404,0.8174,0.8174,118024,0
1777980932.01421,0.038379,-0.218684,0.534749,1,0.6156,0.8096,0.094536,-0.057323,0.039922,0.0007,0.1533,0.4617,2,0.23085,0.8081,0.8081,118024,0
1777980932.047769,0.038282,-0.218707,0.534788,1,0.6821,0.8776,0.094439,-0.057346,0.039961,0.0007,0.1739,0.5075,2,0.25375,0.7977,0.7977,118024,0
1777980932.081472,0.037797,-0.218316,0.534686,1,0.5757,0.7729,0.093954,-0.056955,0.039859,0.0008,0.1578,0.417,2,0.20852,0.784,0.784,118024,0
1777980932.148323,0.037045,-0.217694,0.534339,1,0.3549,0.4628,0.093202,-0.056333,0.039512,0.0005,0.1091,0.2452,2,0.12262,0.7736,0.7736,118024,0
1777980932.183867,0.036237,-0.217218,0.533928,1,0.3562,0.4868,0.092394,-0.055857,0.039101,0.0009,0.111,0.2443,2,0.12216,0.7659,0.7659,118024,0
1777980932.217327,0.035416,-0.217007,0.53345,1,0.6538,0.8586,0.091573,-0.055646,0.038623,0.0009,0.1786,0.4742,2,0.23712,0.7617,0.7617,118024,0
1777980932.250716,0.033909,-0.216055,0.533573,1,0.6146,1.8145,0.090066,-0.054694,0.038746,0.0008,0.1765,0.4373,2,0.21866,0.7446,0.7446,118028,0
1777980932.284166,0.031215,-0.213895,0.53486,1,0.574,0.7606,0.087372,-0.052535,0.040032,0.0008,0.16,0.4131,2,0.20657,0.7316,0.7316,118028,0
1777980932.317696,0.027555,-0.211359,0.537419,1,1.1863,1.401,0.083712,-0.049998,0.042592,0.0009,0.1799,1.0056,2,0.50278,0.7861,0.7861,118028,0
1777980932.38488,0.024641,-0.210032,0.539424,1,1.0812,1.2824,0.080798,-0.048671,0.044597,0.0009,0.1535,0.9269,2,0.46343,0.8813,0.8813,118028,0
1777980932.418419,0.022526,-0.209494,0.540559,1,0.7823,1.0252,0.078684,-0.048133,0.045732,0.001,0.212,0.5693,2,0.28466,0.954,0.954,118040,0
1777980932.455009,0.020558,-0.209241,0.541644,1,0.348,0.4598,0.076715,-0.047881,0.046816,0.0004,0.1084,0.2392,2,0.11959,1.0165,1.0165,118040,0
1777980932.488456,0.018885,-0.209255,0.542687,1,0.6085,0.8079,0.075042,-0.047894,0.04786,0.0008,0.1788,0.429,2,0.21448,1.0842,1.0842,118040,0
1777980932.521876,0.017428,-0.209417,0.543624,1,0.5656,0.7633,0.073585,-0.048057,0.048797,0.0008,0.1543,0.4105,2,0.20523,1.1505,1.1505,118040,0
1777980932.588696,0.016946,-0.20946,0.543531,1,0.5787,0.7814,0.073103,-0.048099,0.048704,0.0006,0.1611,0.417,2,0.20849,1.1925,1.1925,118044,0
1777980932.623909,0.016276,-0.209205,0.543434,1,0.6116,0.8229,0.072433,-0.047845,0.048607,0.0013,0.1641,0.4462,2,0.22311,1.1996,1.1996,118044,0
1777980932.65733,0.015857,-0.209027,0.543522,1,0.6447,0.8452,0.072014,-0.047666,0.048695,0.0007,0.1723,0.4717,2,0.23585,1.2147,1.2147,118044,0
1777980932.69076,0.016079,-0.209118,0.543509,1,0.553,1.3977,0.072236,-0.047757,0.048682,0.0006,0.1482,0.4042,2,0.2021,1.224,1.224,118044,0
1777980932.724202,0.016039,-0.209183,0.543632,1,0.6747,0.8992,0.072196,-0.047822,0.048805,0.0013,0.1827,0.4907,2,0.24534,1.2289,1.2289,118044,0
1777980932.757648,0.01645,-0.209242,0.543479,1,0.5905,0.8,0.072607,-0.047881,0.048652,0.0008,0.1557,0.4341,2,0.21703,1.2277,1.2277,118048,0
1777980932.82452,0.016939,-0.209304,0.543235,1,0.7192,0.9105,0.073097,-0.047944,0.048408,0.001,0.2082,0.5099,2,0.25496,1.2092,1.2092,118048,0
1777980932.857962,0.017284,-0.209449,0.543117,1,0.629,0.8373,0.073441,-0.048088,0.04829,0.001,0.169,0.459,2,0.22952,1.1928,1.1928,118048,0
1777980932.891615,0.017294,-0.209492,0.542995,1,0.6537,3.4202,0.073452,-0.048131,0.048167,0.001,0.2013,0.4514,2,0.22568,1.1884,1.1884,118052,0
1777980932.925085,0.017495,-0.20959,0.542715,1,0.654,0.9808,0.073652,-0.048229,0.047888,0.0013,0.1744,0.4783,2,0.23913,1.1872,1.1872,118052,0
1777980932.958573,0.017908,-0.209726,0.542038,1,0.6551,0.8692,0.074065,-0.048366,0.047211,0.001,0.1764,0.4777,2,0.23883,1.1852,1.1852,118052,0
1777980933.02545,0.018237,-0.209537,0.540736,1,0.6761,0.8862,0.074394,-0.048177,0.045909,0.0008,0.1814,0.4939,2,0.24695,1.1749,1.1749,118052,0
1777980933.058896,0.018415,-0.208612,0.538437,1,0.6081,0.8073,0.074573,-0.047252,0.04361,0.001,0.1626,0.4445,2,0.22227,1.144,1.144,118052,0
1777980933.092347,0.018615,-0.206958,0.534853,1,0.4981,0.7101,0.074772,-0.045598,0.040026,0.0007,0.1723,0.3251,1,0.32513,2.2871,2.2871,118064,0
1777980933.125779,0.019297,-0.205832,0.530469,1,0.4795,0.7015,0.075454,-0.044471,0.035642,0.0015,0.1711,0.3069,1,0.3069,1.9299,1.9299,118064,0
1777980933.159202,0.020082,-0.205215,0.52637,1,0.4545,0.6532,0.076239,-0.043854,0.031543,0.0008,0.1679,0.2857,1,0.28573,1.4128,1.4128,118064,0
1777980933.226204,0.020569,-0.20489,0.522977,1,0.3663,0.5976,0.076726,-0.043529,0.02815,0.0004,0.1089,0.257,1,0.25699,0.8936,0.8936,118068,0
1777980933.259742,0.020477,-0.204489,0.521049,1,0.4485,0.6535,0.076634,-0.043128,0.026222,0.0009,0.1639,0.2837,1,0.28367,0.5759,0.5759,118068,0
1777980933.293976,0.020615,-0.204501,0.519339,1,0.4886,0.7108,0.076772,-0.04314,0.024512,0.0007,0.1695,0.3183,1,0.31835,0.4758,0.4758,118068,0
1777980933.327386,0.020773,-0.204712,0.518023,1,0.4577,0.6525,0.07693,-0.043351,0.023196,0.0008,0.1662,0.2907,1,0.29067,0.403,0.403,118068,0
1777980933.360794,0.020886,-0.204995,0.517025,1,0.4332,1.3553,0.077043,-0.043634,0.022198,0.0009,0.1535,0.2788,1,0.27879,0.3402,0.3402,118068,0
1777980933.42786,0.02098,-0.205273,0.516265,1,0.4567,0.6486,0.077137,-0.043913,0.021438,0.0008,0.1615,0.2943,1,0.29435,0.3034,0.3034,118068,0
1777980933.461392,0.021082,-0.205574,0.515669,1,0.4382,3.4956,0.077239,-0.044213,0.020842,0.0007,0.1559,0.2816,1,0.28157,0.2741,0.2741,118072,0
1777980933.494836,0.021119,-0.205758,0.515341,1,0.469,0.6776,0.077276,-0.044397,0.020514,0.001,0.1703,0.2976,1,0.2976,0.2535,0.2535,118072,0
1777980933.528252,0.021227,-0.206018,0.515028,1,0.467,0.6688,0.077384,-0.044657,0.020201,0.0009,0.1721,0.294,1,0.29398,0.2627,0.2627,118072,0
1777980933.561695,0.02094,-0.205816,0.51517,1,0.4533,0.6606,0.077097,-0.044455,0.020343,0.0007,0.1601,0.2925,1,0.29246,0.2515,0.2515,118072,0
1777980933.628619,0.020626,-0.2056,0.515511,1,0.4368,0.6211,0.076783,-0.044239,0.020684,0.001,0.162,0.2738,1,0.27382,0.2831,0.2831,118072,0
1777980933.662082,0.020498,-0.205615,0.515796,1,0.4816,0.679,0.076655,-0.044254,0.020969,0.001,0.1786,0.3019,1,0.30194,0.3145,0.3145,118072,0
1777980933.695515,0.020485,-0.205739,0.516109,1,0.5005,0.7209,0.076642,-0.044378,0.021282,0.0009,0.1902,0.3095,1,0.30947,0.3519,0.3519,118072,0
1777980933.728936,0.020441,-0.205772,0.516407,1,0.4769,0.742,0.076598,-0.044412,0.02158,0.0009,0.17,0.306,1,0.30604,0.3761,0.3761,118072,0
1777980933.762345,0.020461,-0.205837,0.516582,1,0.4529,0.6616,0.076618,-0.044476,0.021755,0.0008,0.1512,0.3008,1,0.30084,0.379,0.379,118072,0
1777980933.829204,0.020037,-0.205341,0.517292,1,0.4426,0.6317,0.076194,-0.04398,0.022465,0.0009,0.1605,0.2812,1,0.28118,0.4853,0.4853,118072,0
1777980933.862643,0.019102,-0.204278,0.518654,1,0.506,0.7426,0.075259,-0.042917,0.023827,0.0008,0.183,0.3222,1,0.32215,0.7089,0.7089,118072,0
1777980933.896046,0.018168,-0.203436,0.52011,1,0.4788,0.6818,0.074325,-0.042075,0.025283,0.0008,0.1698,0.3082,1,0.3082,0.8076,0.8076,118080,0
1777980933.929493,0.017576,-0.203034,0.521071,1,0.4278,0.6268,0.073733,-0.041673,0.026244,0.0008,0.1647,0.2622,1,0.26222,0.7377,0.7377,118080,0
1777980933.963705,0.017156,-0.202874,0.521679,1,0.5049,0.6912,0.073313,-0.041513,0.026852,0.0008,0.1536,0.3504,1,0.35043,0.6834,0.6834,118084,0
1777980933.997122,0.016367,-0.202509,0.522569,1,0.477,0.674,0.072524,-0.041148,0.027741,0.0009,0.1788,0.2973,1,0.29727,0.7321,0.7321,118084,0
1777980934.063987,0.015394,-0.202077,0.523707,1,0.2975,0.4322,0.071551,-0.040716,0.02888,0.0007,0.1148,0.182,1,0.18201,0.7566,0.7566,118084,0
1777980934.097536,0.014934,-0.201864,0.524292,1,0.4418,0.6472,0.071091,-0.040504,0.029465,0.0018,0.1646,0.2754,1,0.27537,0.6431,0.6431,118084,0
1777980935.377923,0.02525,-0.204808,0.515142,1,0.2787,0.4022,0.01918,-0.000357,0.008171,0.0007,0.1066,0.1713,1,0.17128,0.457,0.457,118088,0
1777980935.411492,0.02993,-0.204322,0.517397,1,0.5172,3.5921,0.023861,0.000129,0.010426,0.0009,0.1914,0.3249,1,0.32492,0.5599,0.5599,118092,0
1777980935.478462,0.034957,-0.203792,0.519924,1,0.4389,0.6396,0.028887,0.000658,0.012954,0.0007,0.1606,0.2776,1,0.27762,0.5516,0.5516,118092,0
1777980935.512233,0.040048,-0.203113,0.522347,1,0.4551,0.6618,0.033979,0.001337,0.015376,0.0008,0.1597,0.2946,1,0.29457,0.5399,0.5399,118092,0
1777980935.54567,0.045385,-0.202216,0.524891,1,0.4733,0.6666,0.039316,0.002235,0.017921,0.0008,0.1783,0.2942,1,0.29419,0.5738,0.5738,118092,0
1777980935.579108,0.050469,-0.201317,0.527251,1,0.4665,0.6642,0.0444,0.003133,0.020281,0.0008,0.1759,0.2898,1,0.28979,0.6333,0.6333,118092,0
1777980935.612533,0.055603,-0.200424,0.530054,1,0.5266,0.7458,0.049534,0.004027,0.023083,0.0008,0.1856,0.3402,1,0.34024,0.7484,0.7484,118092,0
1777980935.67949,0.060341,-0.199533,0.533091,1,0.4474,0.6465,0.054272,0.004918,0.02612,0.001,0.1786,0.2678,1,0.2678,0.888,0.888,118092,0
1777980935.7129,0.064589,-0.198492,0.535668,1,0.5445,0.7987,0.058519,0.005958,0.028697,0.0008,0.1953,0.3484,1,0.34841,1.0072,1.0072,118096,0
1777980935.746306,0.068192,-0.197194,0.538248,1,0.4314,0.6236,0.062122,0.007256,0.031278,0.0009,0.1482,0.2823,1,0.28234,1.1202,1.1202,118096,0
1777980935.779842,0.070621,-0.195924,0.540301,1,0.4677,0.6701,0.064551,0.008527,0.033331,0.0009,0.1735,0.2934,1,0.29337,1.1639,1.1639,118108,0
1777980935.813361,0.072243,-0.1947,0.542107,1,0.4496,0.6395,0.066174,0.009751,0.035137,0.0009,0.1675,0.2812,1,0.28116,1.2263,1.2263,118108,0
1777980935.846953,0.073463,-0.193566,0.543848,1,0.4365,1.1099,0.067394,0.010885,0.036878,0.0007,0.1544,0.2813,1,0.28128,1.3338,1.3338,118108,0
1777980935.91377,0.074783,-0.192454,0.545833,1,0.4549,0.6444,0.068714,0.011997,0.038863,0.0009,0.1614,0.2927,1,0.29268,1.5298,1.5298,118108,0
1777980935.947211,0.076744,-0.191664,0.548229,1,0.4575,0.6984,0.070674,0.012786,0.041258,0.0009,0.1705,0.2861,1,0.28608,1.8146,1.8146,118108,0
1777980935.980747,0.079254,-0.191022,0.550672,1,0.4985,1.0705,0.073185,0.013428,0.043701,0.0011,0.1916,0.3058,1,0.30578,2.1028,2.1028,118108,0
1777980936.014177,0.08277,-0.190391,0.553196,1,0.4733,0.6871,0.0767,0.014059,0.046225,0.0007,0.1671,0.3055,1,0.30547,2.4319,2.4319,118112,0
1777980936.04768,0.086554,-0.189838,0.555229,1,0.4989,0.6825,0.080484,0.014613,0.048258,0.0009,0.1541,0.3439,1,0.34392,2.5622,2.5622,118112,0
1777980936.114699,0.089918,-0.189325,0.556918,1,0.4233,0.6095,0.083849,0.015125,0.049948,0.0009,0.1561,0.2664,1,0.26636,2.513,2.513,118112,0
1777980936.148292,0.091809,-0.188842,0.557892,1,0.5413,0.7532,0.08574,0.015608,0.050921,0.001,0.1865,0.3537,1,0.35371,2.2759,2.2759,118112,0
1777980936.183592,0.092663,-0.188463,0.558138,1,0.451,1.3478,0.086594,0.015988,0.051168,0.0011,0.1656,0.2844,1,0.28442,2.0603,2.0603,118112,0
1777980936.217026,0.092803,-0.188412,0.557893,1,0.5227,0.7714,0.086734,0.016038,0.050923,0.0008,0.1879,0.3339,1,0.33394,1.8707,1.8707,118112,0
1777980936.250445,0.09243,-0.188423,0.557206,1,0.4918,0.6959,0.086361,0.016027,0.050236,0.0015,0.1819,0.3084,1,0.30836,1.7194,1.7194,118112,0
1777980936.31743,0.091686,-0.188521,0.556265,1,0.4739,0.6844,0.085617,0.01593,0.049295,0.0007,0.1724,0.3007,1,0.30069,1.5927,1.5927,118112,0
1777980936.35091,0.091322,-0.188659,0.555616,1,0.3206,1.5986,0.085252,0.015792,0.048645,0.0005,0.1199,0.2002,1,0.20018,1.577,1.577,118128,0
1777980936.384355,0.091166,-0.188859,0.55527,1,0.5354,0.7907,0.085097,0.015591,0.048299,0.0011,0.1774,0.3568,1,0.35681,1.5702,1.5702,118128,0
1777980936.417785,0.091276,-0.189241,0.555366,1,0.2996,0.4378,0.085206,0.01521,0.048395,0.0003,0.1166,0.1826,1,0.18265,1.588,1.588,118128,0
1777980937.457028,0.091118,-0.202496,0.53384,1,0.4428,0.6422,-0.002779,-0.00056,0.003059,0.0004,0.1538,0.2886,1,0.28859,0.7259,0.7259,118132,0
1777980937.523937,0.089046,-0.202182,0.534183,1,0.4611,0.6877,-0.004852,-0.000247,0.003402,0.0014,0.1788,0.281,1,0.28102,0.7339,0.7339,118132,0
1777980937.557443,0.086734,-0.201766,0.534471,1,0.4906,0.6807,-0.007163,0.00017,0.00369,0.0015,0.1833,0.3058,1,0.30579,0.7187,0.7187,118132,0
1777980937.590898,0.08418,-0.201313,0.534812,1,0.5337,1.356,-0.009717,0.000623,0.004032,0.0011,0.1883,0.3443,1,0.34429,0.7085,0.7085,118132,0
1777980937.624327,0.081224,-0.200895,0.535222,1,0.5018,0.7245,-0.012673,0.001041,0.004441,0.0011,0.183,0.3178,1,0.31783,0.6782,0.6782,118132,0
1777980937.657719,0.07814,-0.200395,0.535383,1,0.493,0.6901,-0.015757,0.001541,0.004603,0.001,0.1831,0.309,1,0.30898,0.6335,0.6335,118132,0
1777980937.724999,0.074841,-0.199683,0.535202,1,0.3073,0.4405,-0.019056,0.002253,0.004421,0.0004,0.1156,0.1912,1,0.19123,0.597,0.597,118136,0
1777980937.758446,0.071872,-0.198898,0.534602,1,0.4945,0.7036,-0.022026,0.003037,0.003822,0.0011,0.201,0.2924,1,0.29244,0.5694,0.5694,118136,0
1777980937.794057,0.069011,-0.19787,0.533721,1,0.563,0.8037,-0.024886,0.004066,0.00294,0.0011,0.1948,0.3671,1,0.36715,0.5491,0.5491,118136,0
1777980937.827474,0.066,-0.19659,0.532448,1,0.4538,0.651,-0.027898,0.005346,0.001667,0.0008,0.1634,0.2895,1,0.28955,0.5373,0.5373,118136,0
1777980937.860902,0.062915,-0.195385,0.531238,1,0.4467,1.1151,-0.030982,0.00655,0.000457,0.0009,0.1573,0.2885,1,0.28846,0.5304,0.5304,118136,0
1777980937.927853,0.059329,-0.194169,0.530316,1,0.5081,0.7486,-0.034568,0.007766,-0.000465,0.0018,0.1832,0.3231,1,0.32306,0.5252,0.5252,118136,0
1777980937.9635,0.054683,-0.192996,0.529614,1,0.5781,0.7756,-0.039214,0.00894,-0.001167,0.001,0.1877,0.3895,1,0.38948,0.5189,0.5189,118136,0
1777980937.996926,0.049158,-0.192301,0.529295,1,0.4608,0.6514,-0.044739,0.009635,-0.001486,0.0009,0.1815,0.2784,1,0.27835,0.4676,0.4676,118136,0
1777980938.030393,0.043689,-0.19196,0.529265,1,0.5553,0.783,-0.050208,0.009975,-0.001516,0.0012,0.2247,0.3294,1,0.32944,0.3677,0.3677,118140,0
1777980938.063864,0.038815,-0.192504,0.529444,1,0.4649,0.6555,-0.055082,0.009432,-0.001336,0.0007,0.1704,0.2939,1,0.29385,0.405,0.405,118140,0
1777980938.097287,0.034486,-0.19292,0.52955,1,0.4351,0.6272,-0.059411,0.009016,-0.001231,0.0007,0.16,0.2743,1,0.27433,0.5705,0.5705,118140,0
1777980938.164227,0.02954,-0.192153,0.52927,1,0.5188,0.7138,-0.064358,0.009783,-0.001511,0.0011,0.185,0.3327,1,0.33273,0.5972,0.5972,118152,0
1777980938.19774,0.024616,-0.191194,0.528795,1,0.4417,0.6348,-0.069281,0.010742,-0.001986,0.0005,0.1579,0.2832,1,0.28324,0.6297,0.6297,118152,0
1777980938.231231,0.019998,-0.190302,0.528129,1,0.456,0.6594,-0.073899,0.011634,-0.002652,0.0009,0.1737,0.2814,1,0.28145,0.6244,0.6244,118152,0
1777980938.264712,0.016173,-0.189591,0.527423,1,0.5233,0.867,-0.077724,0.012345,-0.003357,0.001,0.1634,0.3589,1,0.35891,0.6946,0.6946,118152,0
1777980938.298128,0.012868,-0.189072,0.526694,1,0.5802,0.7717,-0.081029,0.012864,-0.004086,0.0007,0.3041,0.2754,1,0.27541,0.6989,0.6989,118152,0
1777980938.365371,0.010745,-0.188765,0.526136,1,0.2934,0.4119,-0.083152,0.01317,-0.004645,0.0004,0.1108,0.1822,1,0.1822,0.73,0.73,118156,0
1777980938.398805,0.009898,-0.188682,0.525768,1,0.2921,0.4205,-0.083999,0.013254,-0.005012,0.0005,0.1132,0.1783,1,0.17835,0.8225,0.8225,118156,0
1777980938.432261,0.010553,-0.188816,0.525554,1,0.2979,0.4266,-0.083344,0.01312,-0.005227,0.0004,0.1148,0.1827,1,0.18268,0.9551,0.9551,118156,0
1777980938.465764,0.012401,-0.189124,0.525375,1,0.2854,0.4003,-0.081496,0.012812,-0.005406,0.0004,0.1091,0.1759,1,0.17589,1.0922,1.0922,118156,0
1777980938.499263,0.01526,-0.189578,0.525064,1,0.4329,0.6264,-0.078637,0.012358,-0.005717,0.0008,0.1506,0.2815,1,0.28146,1.1652,1.1652,118156,0
1777980938.5662,0.018094,-0.190093,0.524645,1,0.5407,0.8424,-0.075803,0.011843,-0.006135,0.001,0.1889,0.3508,1,0.3508,1.0963,1.0963,118156,0
1777980940.039215,0.027016,-0.185964,0.503917,1,0.4638,0.6622,0.02004,0.00176,0.000609,0.0011,0.1621,0.3005,1,0.30051,0.8643,0.8643,118156,0
1777980940.106229,0.031867,-0.186883,0.505757,1,0.4677,0.6666,0.024891,0.00084,0.00245,0.0014,0.1636,0.3026,1,0.30262,0.7642,0.7642,118156,0
1777980940.139779,0.037019,-0.187674,0.507645,1,0.5608,0.8103,0.030043,5e-05,0.004337,0.0012,0.196,0.3636,1,0.36361,0.7172,0.7172,118168,0
1777980940.174417,0.042637,-0.188271,0.509674,1,0.475,0.6577,0.035661,-0.000547,0.006367,0.0009,0.1787,0.2955,1,0.29549,0.6679,0.6679,118168,0
1777980940.207867,0.048463,-0.188685,0.511736,1,0.502,0.749,0.041486,-0.000962,0.008429,0.001,0.1776,0.3234,1,0.32337,0.6155,0.6155,118168,0
1777980940.241667,0.054613,-0.188979,0.513962,1,0.3468,0.5686,0.047637,-0.001256,0.010654,0.0004,0.1135,0.2329,1,0.23292,0.5643,0.5643,118168,0
1777980940.308549,0.060622,-0.189276,0.516252,1,0.4961,0.7054,0.053646,-0.001553,0.012945,0.0016,0.1949,0.2996,1,0.29958,0.5386,0.5386,118168,0
1777980940.343684,0.066948,-0.189575,0.518576,1,0.473,0.6837,0.059972,-0.001852,0.015269,0.0012,0.1757,0.2961,1,0.29613,0.5094,0.5094,118168,0
1777980940.37712,0.073146,-0.189894,0.521187,1,0.4908,0.7118,0.06617,-0.00217,0.017879,0.0008,0.1813,0.3087,1,0.30871,0.5014,0.5014,118168,0
1777980940.41063,0.078482,-0.190357,0.523752,1,0.4714,0.9794,0.071506,-0.002634,0.020444,0.0009,0.1742,0.2963,1,0.29634,0.5155,0.5155,118172,0
1777980940.444441,0.083772,-0.190925,0.526224,1,0.5668,0.9355,0.076796,-0.003201,0.022917,0.001,0.2035,0.3622,1,0.36223,0.5053,0.5053,118172,0
1777980940.477878,0.088607,-0.191518,0.528865,1,0.4286,0.6218,0.081631,-0.003794,0.025557,0.001,0.155,0.2726,1,0.27256,0.5071,0.5071,118172,0
1777980940.545114,0.093743,-0.192125,0.53155,1,0.4005,0.5861,0.086767,-0.004402,0.028242,0.0008,0.1555,0.2442,1,0.24419,0.4917,0.4917,118172,0
1777980940.578803,0.098277,-0.192968,0.534352,1,0.2906,0.4221,0.091301,-0.005244,0.031044,0.0004,0.1105,0.1797,1,0.17969,0.493,0.493,118172,0
1777980940.612285,0.10241,-0.19369,0.536927,1,0.2868,0.5048,0.095434,-0.005967,0.03362,0.0004,0.1153,0.1711,1,0.17113,0.498,0.498,118172,0
1777980940.645944,0.106746,-0.194067,0.539377,1,0.2946,0.416,0.09977,-0.006344,0.036069,0.0003,0.1101,0.1842,1,0.18417,0.5068,0.5068,118172,0
1777980940.679423,0.110963,-0.194487,0.541723,1,0.6026,0.8103,0.103986,-0.006763,0.038415,0.0003,0.1077,0.4945,1,0.49451,0.5277,0.5277,118172,0
1777980940.746517,0.115304,-0.19497,0.544316,1,0.5986,0.8226,0.108328,-0.007247,0.041009,0.0003,0.1719,0.4264,1,0.42644,0.5328,0.5328,118176,0
1777980940.779969,0.11975,-0.195236,0.546745,1,0.4579,0.6536,0.112774,-0.007513,0.043437,0.0008,0.1653,0.2919,1,0.29185,0.5502,0.5502,118188,0
1777980940.813713,0.124526,-0.194947,0.549005,1,0.3095,0.454,0.11755,-0.007223,0.045698,0.0006,0.1187,0.1902,1,0.19023,0.5783,0.5783,118188,0
1777980940.847131,0.129012,-0.194545,0.551546,1,0.3686,0.5342,0.122036,-0.006821,0.048238,0.0015,0.1415,0.2255,1,0.22552,0.5922,0.5922,118188,0
1777980940.880707,0.133571,-0.193933,0.554186,1,0.472,3.0758,0.126595,-0.00621,0.050878,0.0009,0.1642,0.3069,1,0.30685,0.5941,0.5941,118188,0
1777980940.947606,0.137956,-0.193199,0.556605,1,0.5009,0.747,0.13098,-0.005475,0.053297,0.0009,0.1733,0.3267,1,0.32665,0.6083,0.6083,118188,0
1777980940.981042,0.142205,-0.192621,0.559109,1,0.5084,1.4979,0.135229,-0.004898,0.055801,0.001,0.1891,0.3183,1,0.31826,0.6182,0.6182,118188,0
1777980941.014565,0.146429,-0.19211,0.561216,1,0.4914,0.6944,0.139453,-0.004387,0.057908,0.0009,0.1864,0.3041,1,0.30411,0.6347,0.6347,118188,0
1777980941.047983,0.150046,-0.191679,0.562969,1,0.4288,0.6303,0.14307,-0.003956,0.059662,0.0007,0.1565,0.2717,1,0.27166,0.6558,0.6558,118192,0
1777980941.081435,0.153115,-0.191326,0.564233,1,0.5214,0.756,0.146139,-0.003602,0.060926,0.0008,0.1806,0.3399,1,0.33993,0.6761,0.6761,118192,0
1777980941.148268,0.156227,-0.190819,0.565015,1,0.4629,0.6805,0.149251,-0.003095,0.061707,0.0009,0.1601,0.3019,1,0.30193,0.691,0.691,118192,0
1777980941.181701,0.159137,-0.190407,0.565431,1,0.4341,0.635,0.152161,-0.002683,0.062124,0.0008,0.1495,0.2839,1,0.28389,0.7092,0.7092,118192,0
1777980941.215601,0.161811,-0.189946,0.565598,1,0.4267,0.6197,0.154835,-0.002222,0.06229,0.0008,0.149,0.2769,1,0.27695,0.7197,0.7197,118192,0
1777980941.249036,0.164226,-0.189514,0.565533,1,0.5294,0.7735,0.15725,-0.00179,0.062226,0.0009,0.1983,0.3302,1,0.33021,0.7286,0.7286,118192,0
1777980941.282531,0.166473,-0.189021,0.565257,1,0.4333,0.6356,0.159497,-0.001297,0.061949,0.0008,0.1723,0.2602,1,0.26015,0.742,0.742,118192,0
1777980941.349393,0.168896,-0.188494,0.56481,1,0.4581,0.6622,0.161919,-0.00077,0.061503,0.0009,0.1626,0.2946,1,0.29459,0.7517,0.7517,118192,0
1777980941.382852,0.171509,-0.187981,0.564425,1,0.4662,0.6638,0.164533,-0.000257,0.061117,0.001,0.1739,0.2914,1,0.29136,0.7586,0.7586,118196,0
1777980941.416305,0.173697,-0.187489,0.564217,1,0.4192,0.6058,0.166721,0.000234,0.060909,0.0007,0.1557,0.2628,1,0.26281,0.7694,0.7694,118196,0
1777980941.449832,0.175602,-0.186845,0.564013,1,0.4261,0.613,0.168626,0.000879,0.060706,0.001,0.1682,0.2569,1,0.2569,0.7738,0.7738,118196,0
1777980941.484291,0.176894,-0.186285,0.563679,1,0.2932,0.4197,0.169918,0.001438,0.060371,0.0003,0.1072,0.1856,1,0.18563,0.7813,0.7813,118196,0
1777980941.517867,0.177654,-0.185853,0.56305,1,0.3031,0.4275,0.170678,0.001871,0.059742,0.0004,0.111,0.1916,1,0.19165,0.7855,0.7855,118208,0
1777980941.585357,0.177977,-0.185527,0.562424,1,0.3806,0.6384,0.171001,0.002196,0.059117,0.0005,0.1083,0.2718,1,0.27181,0.7873,0.7873,118208,0
1777980941.618822,0.177954,-0.185318,0.561913,1,0.5375,0.7911,0.170978,0.002406,0.058606,0.0009,0.1983,0.3384,1,0.3384,0.7871,0.7871,118208,0
1777980941.653819,0.177818,-0.185232,0.561479,1,0.4738,0.832,0.170842,0.002491,0.058171,0.0007,0.1758,0.2973,1,0.29726,0.7865,0.7865,118212,0
1777980941.687717,0.177899,-0.185497,0.561291,1,0.5046,0.751,0.170923,0.002227,0.057984,0.0008,0.1721,0.3318,1,0.33175,0.7843,0.7843,118212,0
1777980941.721153,0.177659,-0.185674,0.561214,1,0.4835,1.3057,0.170683,0.00205,0.057907,0.0009,0.1658,0.3168,1,0.31682,0.7817,0.7817,118212,0
1777980941.788027,0.177039,-0.185697,0.561223,1,0.4587,0.6676,0.170063,0.002026,0.057915,0.0008,0.1664,0.2915,1,0.29146,0.78,0.78,118212,0
1777980941.824391,0.176274,-0.185637,0.56132,1,0.5316,1.3485,0.169298,0.002087,0.058012,0.0007,0.2211,0.3098,1,0.30977,0.7789,0.7789,118220,0
1777980941.857828,0.175566,-0.185499,0.56126,1,0.5013,0.7288,0.16859,0.002225,0.057952,0.001,0.1849,0.3154,1,0.31541,0.7783,0.7783,118220,0
1777980941.891907,0.17477,-0.185193,0.560864,1,0.5188,0.7292,0.167794,0.002531,0.057556,0.0009,0.1791,0.3387,1,0.33875,0.7788,0.7788,118224,0
1777980941.92532,0.173903,-0.184643,0.559922,1,0.4077,0.6048,0.166927,0.003081,0.056614,0.0008,0.1453,0.2616,1,0.26157,0.7857,0.7857,118224,0
1777980941.958789,0.173351,-0.183993,0.557929,1,0.4659,0.676,0.166375,0.003731,0.054621,0.0011,0.1739,0.291,1,0.29097,0.799,0.799,118224,0
1777980942.025775,0.172372,-0.183383,0.556356,1,0.4793,0.7,0.165396,0.00434,0.053048,0.001,0.1763,0.302,1,0.30196,0.7833,0.7833,118228,0
1777980942.05923,0.170713,-0.182514,0.555391,1,0.4678,0.6571,0.163737,0.00521,0.052083,0.0009,0.1761,0.2909,1,0.29088,0.7822,0.7822,118228,0
1777980942.094443,0.168509,-0.181422,0.555,1,0.5434,1.0569,0.161533,0.006301,0.051693,0.0011,0.2049,0.3374,1,0.33742,0.7929,0.7929,118228,0
1777980942.127874,0.165413,-0.180061,0.554914,1,0.4307,0.6368,0.158437,0.007663,0.051606,0.0008,0.1553,0.2745,1,0.27451,0.7996,0.7996,118228,0
1777980942.16141,0.161639,-0.178713,0.554332,1,0.462,0.7049,0.154663,0.00901,0.051024,0.001,0.1774,0.2836,1,0.28365,0.8082,0.8082,118228,0
1777980942.228371,0.157082,-0.177203,0.552752,1,0.4831,0.6842,0.150106,0.01052,0.049445,0.0017,0.1765,0.3049,1,0.30486,0.8187,0.8187,118228,0
1777980942.261943,0.152827,-0.175585,0.550276,1,0.295,0.426,0.145851,0.012139,0.046968,0.0004,0.1114,0.1832,1,0.18324,0.8119,0.8119,118228,0
1777980942.295396,0.149304,-0.174027,0.547607,1,0.3016,0.4148,0.142328,0.013697,0.0443,0.0003,0.1147,0.1866,1,0.1866,0.7985,0.7985,118228,0
1777980942.328816,0.146426,-0.172786,0.545071,1,0.4898,0.7046,0.13945,0.014937,0.041763,0.001,0.1734,0.3154,1,0.31536,0.798,0.798,118232,0
1777980942.36223,0.144166,-0.172038,0.542739,1,0.4532,0.6457,0.137189,0.015686,0.039431,0.0007,0.1684,0.2841,1,0.28408,0.8075,0.8075,118232,0
1777980942.396045,0.142038,-0.171847,0.541017,1,0.4517,0.8006,0.135061,0.015877,0.03771,0.0009,0.1553,0.2955,1,0.29551,0.8227,0.8227,118232,0
1777980942.462912,0.139735,-0.172053,0.540107,1,0.4482,0.6386,0.132759,0.01567,0.036799,0.0008,0.16,0.2874,1,0.28735,0.8425,0.8425,118232,0
1777980942.496353,0.13666,-0.172616,0.540175,1,0.5075,0.7153,0.129684,0.015108,0.036867,0.0009,0.1846,0.3221,1,0.32205,0.8583,0.8583,118232,0
1777980942.529788,0.132988,-0.173327,0.540884,1,0.4757,0.6776,0.126012,0.014396,0.037576,0.0007,0.1663,0.3086,1,0.30865,0.8795,0.8795,118244,0
1777980942.563236,0.129071,-0.173955,0.542035,1,0.5583,0.7859,0.122095,0.013769,0.038727,0.001,0.1947,0.3626,1,0.36256,0.8989,0.8989,118244,0
1777980942.596658,0.125369,-0.174557,0.543285,1,0.4542,0.6432,0.118393,0.013167,0.039978,0.0008,0.1729,0.2805,1,0.28049,0.8979,0.8979,118244,0
1777980942.663512,0.121947,-0.174771,0.544474,1,0.4521,0.6453,0.114971,0.012953,0.041167,0.0007,0.1818,0.2696,1,0.26958,0.8549,0.8549,118248,0
1777980942.696952,0.119163,-0.17486,0.545407,1,0.4478,0.6556,0.112187,0.012864,0.042099,0.0014,0.1488,0.2976,1,0.29756,0.8335,0.8335,118248,0
1777980942.730389,0.116893,-0.174883,0.546208,1,0.7286,1.6489,0.109917,0.012841,0.0429,0.001,0.2114,0.5161,1,0.51615,0.765,0.765,118248,0
1777980942.763821,0.114694,-0.174729,0.547096,1,0.4302,0.6812,0.107717,0.012994,0.043788,0.0008,0.1576,0.2718,1,0.27179,0.6658,0.6658,118248,0
1777980942.797244,0.112278,-0.174384,0.548027,1,0.4598,0.7242,0.105302,0.01334,0.044719,0.0009,0.1576,0.3013,1,0.30127,0.571,0.571,118248,0
1777980942.86413,0.109428,-0.173743,0.548775,1,0.5903,0.8354,0.102452,0.01398,0.045468,0.001,0.1911,0.3981,1,0.39808,0.4613,0.4613,118248,0
1777980942.897553,0.106455,-0.173141,0.549165,1,0.5214,0.7285,0.099479,0.014582,0.045858,0.0008,0.2267,0.2939,1,0.29386,0.3757,0.3757,118248,0
1777980942.930996,0.103912,-0.172209,0.548685,1,0.6049,1.9673,0.096936,0.015515,0.045378,0.0011,0.2413,0.3625,1,0.36251,0.4537,0.4537,118252,0
1777980942.964432,0.101308,-0.171167,0.547674,1,0.4928,0.6982,0.094332,0.016557,0.044366,0.0007,0.1805,0.3116,1,0.31161,0.549,0.549,118252,0
1777980942.997889,0.099264,-0.170425,0.546289,1,0.4384,0.6435,0.092288,0.017298,0.042982,0.0008,0.1542,0.2834,1,0.28342,0.6904,0.6904,118252,0
1777980943.064945,0.097441,-0.169859,0.544749,1,0.4473,0.6651,0.090465,0.017864,0.041441,0.0009,0.1572,0.2891,1,0.28908,0.7625,0.7625,118252,0
1777980943.098449,0.095717,-0.169325,0.543663,1,0.4645,0.6549,0.088741,0.018399,0.040355,0.0007,0.1667,0.2971,1,0.29709,0.756,0.756,118252,0
1777980943.131856,0.094464,-0.168871,0.542968,1,0.4657,0.6726,0.087488,0.018852,0.039661,0.0007,0.1539,0.3111,1,0.31111,0.7726,0.7726,118252,0
1777980943.165302,0.093423,-0.168428,0.54277,1,0.4833,0.6629,0.086447,0.019296,0.039462,0.0008,0.168,0.3146,1,0.31456,0.7566,0.7566,118252,0
1777980943.19871,0.093056,-0.168118,0.542761,1,0.4639,0.6551,0.08608,0.019606,0.039454,0.0007,0.1725,0.2907,1,0.29074,0.7497,0.7497,118264,0
1777980943.26604,0.093283,-0.16794,0.542656,1,0.4312,0.6205,0.086306,0.019784,0.039348,0.0009,0.1692,0.2611,1,0.2611,0.7639,0.7639,118268,0
1777980943.299491,0.093938,-0.16782,0.542466,1,0.5475,0.7734,0.086962,0.019904,0.039158,0.001,0.1961,0.3503,1,0.35028,0.7674,0.7674,118268,0
1777980943.332931,0.094768,-0.16782,0.542197,1,0.4943,1.2642,0.087792,0.019903,0.038889,0.0009,0.1857,0.3077,1,0.30773,0.7518,0.7518,118268,0
1777980943.366395,0.09546,-0.167874,0.541928,1,0.2999,0.4337,0.088484,0.01985,0.03862,0.0005,0.1117,0.1877,1,0.18774,0.7367,0.7367,118272,0
1777980944.772221,0.080705,-0.165784,0.516333,1,0.4371,0.6313,-0.016323,0.005663,-0.010237,0.0012,0.1589,0.277,1,0.27702,0.8807,0.8807,118280,0
1777980944.80566,0.07782,-0.164697,0.514998,1,0.4649,0.6801,-0.019208,0.00675,-0.011571,0.0008,0.1619,0.3021,1,0.3021,0.8263,0.8263,118280,0
1777980944.839101,0.075049,-0.163928,0.513629,1,0.4901,0.6919,-0.021979,0.007518,-0.012941,0.0009,0.1782,0.3109,1,0.31092,0.8425,0.8425,118280,0
1777980944.87271,0.072511,-0.163568,0.512273,1,0.5172,0.7216,-0.024517,0.007879,-0.014296,0.0009,0.185,0.3313,1,0.33128,0.8458,0.8458,118280,0
1777980944.906431,0.070545,-0.163708,0.51106,1,0.4753,0.6673,-0.026483,0.007739,-0.01551,0.0014,0.1925,0.2814,1,0.28142,0.8509,0.8509,118280,0
1777980944.974118,0.069199,-0.164315,0.510241,1,0.6073,0.8513,-0.027829,0.007132,-0.016328,0.0009,0.194,0.4124,1,0.41239,0.8565,0.8565,118284,0
1777980945.007558,0.068534,-0.16506,0.509695,1,0.5922,0.8142,-0.028494,0.006387,-0.016874,0.001,0.2813,0.3099,1,0.30987,0.8618,0.8618,118284,0
1777980945.041021,0.068118,-0.166321,0.509298,1,0.4972,1.3631,-0.02891,0.005126,-0.017272,0.0008,0.1744,0.322,1,0.32197,0.8626,0.8626,118284,0
1777980945.07444,0.067819,-0.167906,0.508996,1,0.5324,0.7105,-0.029209,0.003541,-0.017574,0.0019,0.2008,0.3297,1,0.32973,0.8601,0.8601,118284,0
1777980945.10787,0.067836,-0.169471,0.50886,1,0.5032,0.7459,-0.029192,0.001976,-0.01771,0.0009,0.1801,0.3222,1,0.32216,0.8565,0.8565,118284,0
1777980945.17494,0.068062,-0.171146,0.508738,1,0.4756,0.6625,-0.028966,0.000301,-0.017831,0.0007,0.1747,0.3002,1,0.30022,0.8509,0.8509,118292,0
1777980945.208484,0.068488,-0.173036,0.508766,1,0.4431,0.6329,-0.02854,-0.00159,-0.017804,0.0008,0.1676,0.2747,1,0.27467,0.8402,0.8402,118292,0
1777980945.241945,0.06926,-0.175804,0.508961,1,0.5854,0.8269,-0.027768,-0.004358,-0.017609,0.0012,0.2444,0.3398,1,0.33976,0.7887,0.7887,118292,0
1777980945.275374,0.07051,-0.180082,0.509526,1,0.5585,0.7648,-0.026518,-0.008636,-0.017043,0.0009,0.1955,0.3621,1,0.36207,0.6464,0.6464,118296,0
1777980945.308798,0.072189,-0.185481,0.510354,1,0.5421,0.7931,-0.024839,-0.014034,-0.016215,0.001,0.2009,0.3401,1,0.34014,0.6089,0.6089,118296,0
1777980945.376722,0.074243,-0.192221,0.511604,1,0.4652,0.6562,-0.022785,-0.020774,-0.014965,0.0007,0.1611,0.3034,1,0.3034,1.1015,1.1015,118296,0
1777980945.409089,0.076709,-0.199721,0.512983,1,0.4426,0.6366,-0.020319,-0.028274,-0.013587,0.0009,0.1651,0.2766,1,0.27659,2.0796,2.0796,118296,0
1777980945.442506,0.079678,-0.208015,0.514527,1,0.598,0.8025,-0.01735,-0.036568,-0.012042,0.0008,0.1604,0.4368,2,0.21838,0.6431,0.6431,118296,0
1777980945.475935,0.083086,-0.217049,0.516228,1,0.6172,0.8131,-0.013942,-0.045603,-0.010342,0.0005,0.1658,0.4508,2,0.2254,0.525,0.525,118296,0
1777980945.509367,0.08685,-0.226038,0.517825,1,0.7259,0.9531,-0.010178,-0.054592,-0.008745,0.0009,0.1904,0.5346,2,0.26728,0.5783,0.5783,118296,0
1777980945.576232,0.091395,-0.235489,0.519415,1,0.3662,0.4942,-0.005633,-0.064042,-0.007154,0.0004,0.1129,0.2528,2,0.12639,0.7934,0.7934,118308,0
1777980945.609786,0.096102,-0.244239,0.521002,1,0.3632,0.4946,-0.000926,-0.072792,-0.005568,0.0005,0.1109,0.2519,2,0.12593,1.122,1.122,118312,0
1777980945.644963,0.101069,-0.252749,0.522716,1,0.3512,0.4747,0.004041,-0.081302,-0.003853,0.0005,0.106,0.2447,2,0.12234,1.5132,1.5132,118312,0
1777980945.678565,0.106149,-0.260745,0.524942,1,0.3526,0.4625,0.009121,-0.089298,-0.001627,0.0005,0.1122,0.2398,2,0.11989,1.8771,1.8771,118312,0
1777980945.712013,0.111289,-0.26746,0.52746,1,0.3527,0.4674,0.014261,-0.096014,0.000891,0.0004,0.1124,0.2399,2,0.11994,2.253,2.253,118312,0
1777980945.778879,0.116857,-0.273666,0.530624,1,0.5574,0.7538,0.019828,-0.102219,0.004055,0.001,0.1528,0.4036,2,0.20181,2.5547,2.5547,118312,0
1777980945.812406,0.122928,-0.279606,0.534175,1,0.5969,0.7904,0.0259,-0.108159,0.007605,0.001,0.1588,0.437,2,0.21851,2.7449,2.7449,118312,0
1777980945.845828,0.12904,-0.284521,0.53822,1,0.8713,1.0804,0.032012,-0.113075,0.01165,0.0007,0.1691,0.7015,2,0.35076,2.7404,2.7404,118312,0
1777980945.879262,0.135166,-0.288804,0.542442,1,0.6178,0.7939,0.038138,-0.117357,0.015872,0.0007,0.1726,0.4445,2,0.22223,2.7529,2.7529,118312,0
1777980945.912795,0.141613,-0.292127,0.546629,1,0.6283,0.8441,0.044585,-0.120681,0.02006,0.0008,0.1628,0.4647,2,0.23234,2.6719,2.6719,118316,0
1777980945.946574,0.147736,-0.294456,0.550443,1,0.7601,1.3407,0.050708,-0.12301,0.023874,0.0003,0.3219,0.4379,2,0.21894,2.4424,2.4424,118316,0
1777980946.013454,0.1544,-0.296282,0.553601,1,0.6437,0.8524,0.057372,-0.124835,0.027032,0.001,0.1682,0.4745,2,0.23726,2.0614,2.0614,118316,0
1777980946.046886,0.160302,-0.296994,0.556477,1,0.6119,0.8369,0.063274,-0.125548,0.029908,0.0009,0.1606,0.4504,2,0.22521,1.6868,1.6868,118316,0
1777980946.080332,0.165904,-0.296167,0.559341,1,0.6598,3.9815,0.068876,-0.12472,0.032772,0.0018,0.1741,0.4838,2,0.2419,1.3512,1.3512,118316,0
1777980946.113811,0.171253,-0.293652,0.561817,1,0.5691,0.7625,0.074225,-0.122205,0.035248,0.001,0.1569,0.4113,2,0.20564,1.0205,1.0205,118316,0
1777980946.147267,0.176381,-0.290166,0.563613,1,0.5937,0.7807,0.079353,-0.118719,0.037044,0.0008,0.1502,0.4427,2,0.22135,0.7303,0.7303,118328,0
1777980946.214192,0.181976,-0.286042,0.565074,1,0.7518,0.9669,0.084948,-0.114595,0.038505,0.001,0.1855,0.5653,2,0.28264,0.4872,0.4872,118332,0
1777980946.247621,0.187577,-0.281553,0.566197,1,0.6469,0.8649,0.090549,-0.110107,0.039628,0.0007,0.1568,0.4893,2,0.24466,0.3946,0.3946,118332,0
1777980946.281072,0.192345,-0.276102,0.567263,1,0.6625,0.8565,0.095317,-0.104655,0.040694,0.001,0.1736,0.4879,2,0.24395,0.4254,0.4254,118332,0
1777980946.314567,0.196749,-0.270189,0.567971,1,0.5853,0.7805,0.099721,-0.098742,0.041402,0.0009,0.1764,0.408,2,0.20401,0.4809,0.4809,118332,0
1777980946.347993,0.201061,-0.263527,0.568449,1,0.5889,0.7818,0.104033,-0.09208,0.04188,0.0008,0.1623,0.4258,2,0.2129,0.5299,0.5299,118332,0
1777980946.415565,0.204926,-0.256691,0.568587,1,0.5176,0.7123,0.107898,-0.085245,0.042018,0.001,0.1917,0.3249,1,0.32493,2.2316,2.2316,118332,0
1777980946.449014,0.208623,-0.24937,0.568455,1,0.4649,0.6784,0.111595,-0.077923,0.041886,0.0009,0.1652,0.2988,1,0.29876,1.6528,1.6528,118332,0
1777980946.482573,0.211705,-0.242427,0.56821,1,0.498,0.7061,0.114677,-0.07098,0.041641,0.0012,0.1906,0.3062,1,0.30616,0.9854,0.9854,118332,0
1777980946.515984,0.214478,-0.235392,0.568051,1,0.4332,0.627,0.11745,-0.063945,0.041481,0.0008,0.1717,0.2607,1,0.26073,0.7027,0.7027,118332,0
1777980946.549429,0.21678,-0.22851,0.567931,1,0.4714,0.6745,0.119752,-0.057063,0.041362,0.0008,0.189,0.2815,1,0.28154,0.6259,0.6259,118336,0
1777980946.616301,0.218667,-0.221224,0.567949,1,0.4965,0.7097,0.121639,-0.049777,0.04138,0.0008,0.1723,0.3235,1,0.32346,0.6089,0.6089,118336,0
1777980946.6497,0.220089,-0.214021,0.568035,1,0.4974,0.6896,0.123061,-0.042574,0.041465,0.001,0.1704,0.326,1,0.32603,0.6107,0.6107,118336,0
1777980946.683149,0.220636,-0.207254,0.568318,1,0.4629,0.6567,0.123608,-0.035807,0.041749,0.0009,0.1664,0.2956,1,0.2956,0.6314,0.6314,118336,0
1777980946.716581,0.220481,-0.200365,0.568881,1,0.4187,0.6192,0.123453,-0.028918,0.042312,0.0008,0.1584,0.2595,1,0.25953,0.6502,0.6502,118336,0
1777980946.750201,0.219475,-0.193698,0.569783,1,0.4694,0.6518,0.122447,-0.022251,0.043214,0.0011,0.1765,0.2918,1,0.29179,0.6699,0.6699,118336,0
1777980946.817096,0.2178,-0.186807,0.570952,1,0.4899,0.6937,0.120772,-0.01536,0.044383,0.0008,0.1162,0.3729,1,0.3729,0.6914,0.6914,118336,0
1777980946.850558,0.215429,-0.180238,0.572169,1,0.5627,1.2488,0.118401,-0.008791,0.045599,0.0009,0.2323,0.3295,1,0.3295,0.7084,0.7084,118336,0
1777980946.883983,0.212295,-0.1737,0.573394,1,0.5012,0.7083,0.115267,-0.002253,0.046825,0.0009,0.1944,0.3059,1,0.3059,0.7274,0.7274,118340,0
1777980946.917431,0.20858,-0.167693,0.574529,1,0.5353,0.735,0.111552,0.003754,0.04796,0.0009,0.1877,0.3466,1,0.34664,0.7391,0.7391,118348,0
1777980946.950952,0.204142,-0.162102,0.575452,1,0.4911,0.7137,0.107114,0.009345,0.048883,0.0009,0.1755,0.3148,1,0.31481,0.7518,0.7518,118348,0
1777980947.018148,0.199244,-0.157397,0.576136,1,0.2944,0.4274,0.102216,0.01405,0.049567,0.0004,0.1136,0.1805,1,0.18049,0.7566,0.7566,118348,0
1777980947.051666,0.193778,-0.153297,0.576667,1,0.5299,0.7428,0.09675,0.01815,0.050098,0.0019,0.1908,0.3373,1,0.33729,0.7623,0.7623,118348,0
1777980947.085088,0.188163,-0.1501,0.57708,1,0.5291,0.7491,0.091135,0.021347,0.05051,0.0011,0.1885,0.3395,1,0.33955,0.7664,0.7664,118348,0
1777980947.118533,0.181946,-0.147358,0.57733,1,0.5086,0.7388,0.084918,0.024088,0.05076,0.0008,0.1957,0.3121,1,0.31211,0.7705,0.7705,118348,0
1777980947.151967,0.175867,-0.145333,0.577371,1,0.4429,0.6407,0.078839,0.026114,0.050801,0.0008,0.1617,0.2804,1,0.28035,0.7701,0.7701,118352,0
1777980947.218837,0.168774,-0.143767,0.577057,1,0.4943,0.7198,0.071746,0.02768,0.050488,0.0012,0.1875,0.3057,1,0.30569,0.7765,0.7765,118352,0
1777980947.252292,0.161473,-0.1427,0.576449,1,0.4358,0.6184,0.064445,0.028747,0.04988,0.0014,0.1612,0.2733,1,0.27326,0.7913,0.7913,118352,0
1777980947.286045,0.154168,-0.142456,0.57535,1,0.5171,0.7538,0.05714,0.028991,0.04878,0.0008,0.1814,0.3349,1,0.33492,0.8,0.8,118352,0
1777980947.319489,0.145929,-0.143318,0.573573,1,0.4951,0.7196,0.048901,0.028128,0.047003,0.0009,0.1869,0.3074,1,0.30736,0.8046,0.8046,118352,0
1777980947.35294,0.137445,-0.145549,0.570948,1,0.4406,0.6699,0.040417,0.025897,0.044379,0.0009,0.156,0.2838,1,0.28376,0.8289,0.8289,118352,0
1777980947.386491,0.129238,-0.148493,0.567875,1,0.4319,0.6197,0.03221,0.022954,0.041306,0.0008,0.1612,0.2699,1,0.26994,0.8481,0.8481,118352,0
1777980947.45338,0.121302,-0.152153,0.564538,1,0.4353,0.6509,0.024274,0.019294,0.037969,0.0007,0.1579,0.2767,1,0.27668,0.8393,0.8393,118352,0
1777980947.486823,0.112898,-0.157144,0.560608,1,0.4919,0.7123,0.01587,0.014303,0.034039,0.0009,0.1749,0.3161,1,0.31613,0.8193,0.8193,118356,0
1777980947.520363,0.105384,-0.162406,0.557106,1,0.494,1.7016,0.008356,0.009041,0.030537,0.0014,0.1756,0.317,1,0.31696,0.7203,0.7203,118356,0
1777980947.553803,0.098294,-0.167852,0.55364,1,0.4762,0.7006,0.001266,0.003595,0.02707,0.0009,0.1593,0.316,1,0.31599,0.6485,0.6485,118356,0
1777980947.587238,0.091608,-0.173836,0.550213,1,0.5005,0.722,-0.00542,-0.00239,0.023644,0.0007,0.1721,0.3277,1,0.32769,0.5792,0.5792,118368,0
1777980947.654288,0.0853,-0.180149,0.546867,1,0.5664,0.7854,-0.011728,-0.008702,0.020298,0.0011,0.1973,0.368,1,0.36804,0.537,0.537,118368,0
1777980947.687824,0.079707,-0.186623,0.543616,1,0.4552,0.6642,-0.017322,-0.015177,0.017046,0.0009,0.1669,0.2874,1,0.28738,0.5186,0.5186,118368,0
1777980947.721688,0.074858,-0.194284,0.540157,1,0.5238,0.8974,-0.02217,-0.022837,0.013588,0.0011,0.1857,0.3371,1,0.33707,0.478,0.478,118368,0
1777980947.755124,0.071081,-0.202552,0.536676,1,0.4914,0.7053,-0.025947,-0.031105,0.010107,0.0009,0.186,0.3045,1,0.30454,0.3768,0.3768,118368,0
1777980947.788578,0.067915,-0.210646,0.533457,1,0.4936,0.7217,-0.029113,-0.0392,0.006888,0.0009,0.1772,0.3154,1,0.31543,1.1166,1.1166,118368,0
1777980947.855457,0.065639,-0.217995,0.530821,1,0.531,0.7512,-0.03139,-0.046548,0.004252,0.0008,0.1963,0.3339,1,0.33386,2.2538,2.2538,118376,0
1777980947.888923,0.064307,-0.224756,0.528763,1,0.5986,0.8097,-0.032721,-0.05331,0.002193,0.0008,0.1594,0.4384,2,0.21921,0.7167,0.7167,118376,0
1777980947.922721,0.0641,-0.231098,0.527652,1,0.6535,0.8779,-0.032929,-0.059651,0.001083,0.0009,0.189,0.4636,2,0.23178,0.7795,0.7795,118376,0
1777980947.956136,0.06512,-0.237202,0.527628,1,0.5671,0.7608,-0.031908,-0.065756,0.001059,0.0006,0.1437,0.4228,2,0.2114,1.0999,1.0999,118376,0
1777980947.989565,0.06745,-0.242936,0.528291,1,0.5807,0.7682,-0.029578,-0.07149,0.001722,0.0008,0.1718,0.4081,2,0.20404,1.4781,1.4781,118376,0
1777980948.056426,0.071298,-0.248586,0.529472,1,0.602,0.7989,-0.02573,-0.077139,0.002903,0.0008,0.1579,0.4433,2,0.22167,1.9076,1.9076,118376,0
1777980948.089868,0.076708,-0.254382,0.53152,1,0.6662,0.8851,-0.02032,-0.082935,0.004951,0.0009,0.1879,0.4775,2,0.23873,2.3295,2.3295,118376,0
1777980948.123302,0.084012,-0.260132,0.534141,1,0.6876,0.9117,-0.013016,-0.088685,0.007571,0.0009,0.183,0.5037,2,0.25184,2.6987,2.6987,118388,0
1777980948.156701,0.092525,-0.265416,0.536907,1,0.6939,0.9298,-0.004503,-0.093969,0.010337,0.001,0.1961,0.4968,2,0.24839,2.9882,2.9882,118392,0
1777980948.190141,0.102593,-0.270443,0.539911,1,0.8832,1.6803,0.005565,-0.098997,0.013342,0.0007,0.1854,0.6971,3,0.23236,0.6032,0.6032,118392,0
1777980948.257016,0.112615,-0.274929,0.542805,1,0.671,0.8913,0.015587,-0.103483,0.016236,0.0006,0.1592,0.5112,2,0.25561,2.7468,2.7468,118392,0
1777980948.290455,0.123144,-0.278911,0.546017,1,0.562,1.4452,0.026116,-0.107464,0.019447,0.0008,0.1556,0.4056,2,0.20281,2.5346,2.5346,118392,0
1777980948.323902,0.134396,-0.281753,0.549214,1,0.7597,0.9789,0.037368,-0.110306,0.022644,0.001,0.2161,0.5425,2,0.27126,2.2065,2.2065,118392,0
1777980948.357302,0.145965,-0.283368,0.552395,1,0.5838,0.7822,0.048937,-0.111922,0.025826,0.0007,0.1511,0.4321,2,0.21603,1.6765,1.6765,118392,0
1777980948.390716,0.156663,-0.283218,0.55507,1,0.7416,0.9533,0.059635,-0.111771,0.028501,0.001,0.209,0.5316,2,0.26579,1.0646,1.0646,118392,0
1777980948.45781,0.166416,-0.281521,0.556713,1,0.3605,0.4728,0.069388,-0.110075,0.030144,0.0004,0.1157,0.2443,2,0.12217,0.6246,0.6246,118396,0
1777980948.491661,0.176099,-0.277352,0.557502,1,0.7239,0.9698,0.079071,-0.105905,0.030933,0.0009,0.1795,0.5435,2,0.27173,0.3881,0.3881,118396,0
1777980948.525111,0.184639,-0.271288,0.558046,1,1.0955,1.2434,0.087611,-0.099841,0.031477,0.0007,0.166,0.9288,2,0.46442,0.4335,0.4335,118396,0
1777980948.558577,0.191652,-0.263996,0.558531,1,0.4863,0.6407,0.094624,-0.092549,0.031962,0.0005,0.128,0.3579,2,0.17896,0.5204,0.5204,118396,0
1777980948.592036,0.198004,-0.25628,0.558973,1,0.4783,0.6921,0.100976,-0.084833,0.032403,0.0009,0.1707,0.3067,1,0.30671,2.0013,2.0013,118396,0
1777980948.658957,0.203551,-0.248269,0.559293,1,0.2982,0.4305,0.106523,-0.076822,0.032724,0.0005,0.1174,0.1803,1,0.18034,1.283,1.283,118396,0
1777980948.692394,0.207696,-0.239745,0.559729,1,0.2833,0.401,0.110668,-0.068298,0.03316,0.0004,0.1024,0.1804,1,0.18039,0.7093,0.7093,118396,0
1777980948.725986,0.211205,-0.230804,0.560218,1,0.3066,0.445,0.114177,-0.059357,0.033649,0.0003,0.1186,0.1876,1,0.18763,0.6201,0.6201,118396,0
1777980948.759467,0.213689,-0.221889,0.560874,1,0.3261,0.4493,0.116661,-0.050443,0.034305,0.0005,0.1238,0.2018,1,0.20176,0.6088,0.6088,118400,0
1777980948.794737,0.215221,-0.213534,0.561709,1,0.5644,0.7918,0.118193,-0.042087,0.035139,0.0007,0.1629,0.4007,1,0.40073,0.6277,0.6277,118400,0
1777980948.828154,0.215815,-0.206288,0.562432,1,0.2573,0.385,0.118787,-0.034842,0.035863,0.0004,0.1029,0.154,1,0.154,0.6468,0.6468,118400,0
1777980948.898699,0.21556,-0.199817,0.562922,1,0.4249,0.7939,0.118532,-0.02837,0.036352,0.0005,0.1246,0.2998,1,0.29985,0.6673,0.6673,118400,0
1777980948.932108,0.214103,-0.193975,0.563251,1,0.6841,0.8564,0.117075,-0.022529,0.036682,0.0007,0.3827,0.3007,1,0.3007,0.6863,0.6863,118408,0
1777980948.965587,0.211357,-0.188693,0.563481,1,0.3257,0.4779,0.114329,-0.017246,0.036911,0.0007,0.1269,0.1982,1,0.1982,0.7032,0.7032,118408,0
1777980948.99903,0.207538,-0.184345,0.563644,1,0.5004,0.7322,0.11051,-0.012898,0.037074,0.001,0.1805,0.3189,1,0.31885,0.7137,0.7137,118408,0
1777980949.032681,0.202478,-0.180774,0.563587,1,0.4802,0.7159,0.10545,-0.009327,0.037018,0.0008,0.1641,0.3153,1,0.3153,0.7163,0.7163,118408,0
1777980949.066334,0.196995,-0.178266,0.563315,1,0.4724,0.6612,0.099967,-0.00682,0.036745,0.0008,0.1599,0.3117,1,0.31169,0.7176,0.7176,118420,0
1777980949.133189,0.190143,-0.176456,0.562713,1,0.4912,0.6774,0.093115,-0.00501,0.036144,0.0008,0.1734,0.3169,1,0.31693,0.7105,0.7105,118424,0
1777980949.16873,0.182937,-0.175591,0.561979,1,0.5024,0.7306,0.085909,-0.004144,0.035409,0.0009,0.1876,0.3139,1,0.31387,0.7177,0.7177,118424,0
1777980949.202158,0.175757,-0.175409,0.561133,1,0.4557,0.6505,0.078729,-0.003963,0.034564,0.0007,0.168,0.287,1,0.28699,0.7168,0.7168,118424,0
1777980949.235606,0.168396,-0.175872,0.560142,1,0.4935,0.7242,0.071368,-0.004425,0.033573,0.0009,0.1732,0.3195,1,0.31948,0.7224,0.7224,118424,0
1777980949.269027,0.16064,-0.177106,0.558743,1,0.4239,0.618,0.063612,-0.005659,0.032173,0.0008,0.1528,0.2703,1,0.2703,0.7211,0.7211,118424,0
1777980949.335885,0.152914,-0.179003,0.556927,1,1.0502,1.4616,0.055886,-0.007556,0.030358,0.0007,0.1532,0.8963,1,0.89631,0.7229,0.7229,118424,0
1777980949.36933,0.144905,-0.181353,0.554831,1,0.4641,0.6859,0.047876,-0.009907,0.028261,0.0007,0.1582,0.3052,1,0.30517,0.7361,0.7361,118424,0
1777980949.402901,0.136781,-0.184101,0.552524,1,0.4932,0.7335,0.039753,-0.012654,0.025955,0.0011,0.1721,0.3199,1,0.31992,0.7461,0.7461,118424,0
1777980949.436309,0.129302,-0.187023,0.550409,1,0.3131,0.4432,0.032274,-0.015576,0.023839,0.0005,0.1163,0.1963,1,0.1963,0.7466,0.7466,118428,0
1777980949.469702,0.121254,-0.190653,0.548124,1,0.2696,0.3844,0.024226,-0.019206,0.021555,0.0008,0.1072,0.1616,1,0.16156,0.7522,0.7522,118428,0
1777980949.536609,0.113618,-0.194455,0.545959,1,0.468,0.6806,0.016589,-0.023009,0.01939,0.0009,0.1708,0.2963,1,0.29634,0.7707,0.7707,118428,0
1777980949.570063,0.106298,-0.198457,0.543796,1,0.5072,1.0979,0.00927,-0.027011,0.017226,0.0008,0.1895,0.3168,1,0.31683,0.7291,0.7291,118428,0
1777980949.603492,0.099699,-0.20318,0.541553,1,0.3409,0.4731,0.002671,-0.031734,0.014984,0.0005,0.1286,0.2119,1,0.21189,0.5246,0.5246,118428,0
1777980949.63696,0.094017,-0.208147,0.539407,1,0.3032,0.4256,-0.003011,-0.0367,0.012837,0.0004,0.1194,0.1834,1,0.18336,0.3261,0.3261,118428,0
1777980949.670407,0.088938,-0.212911,0.536966,1,0.402,1.3512,-0.00809,-0.041465,0.010397,0.0005,0.1237,0.2778,1,0.27775,0.804,0.804,118428,0
1777980949.737771,0.084071,-0.218015,0.534726,1,0.5104,0.7491,-0.012958,-0.046569,0.008157,0.001,0.1796,0.3298,1,0.32983,1.6752,1.6752,118432,0
1777980949.771219,0.079978,-0.223385,0.532877,1,0.5806,0.8059,-0.01705,-0.051939,0.006308,0.001,0.1745,0.4051,1,0.40514,2.9089,2.9089,118432,0
1777980949.804653,0.076932,-0.22845,0.531552,1,1.1841,1.3327,-0.020096,-0.057003,0.004983,0.0006,0.1289,1.0546,2,0.52729,0.7031,0.7031,118432,0
1777980949.838168,0.074901,-0.233727,0.530759,1,0.6195,0.8109,-0.022127,-0.06228,0.004189,0.0007,0.1576,0.4613,2,0.23064,0.8121,0.8121,118432,0
1777980949.87184,0.073975,-0.239076,0.530491,1,0.6354,0.8372,-0.023053,-0.067629,0.003922,0.0008,0.1557,0.4789,2,0.23947,1.14,1.14,118432,0
1777980949.940723,0.074148,-0.244791,0.530903,1,0.5946,1.3393,-0.02288,-0.073344,0.004334,0.0008,0.1555,0.4383,2,0.21917,1.5923,1.5923,118432,0
1777980949.974165,0.07544,-0.250387,0.531795,1,0.6261,0.8138,-0.021588,-0.078941,0.005225,0.0008,0.1538,0.4715,2,0.23575,2.1078,2.1078,118444,0
1777980950.007594,0.077769,-0.255477,0.532919,1,0.5854,0.7806,-0.019259,-0.08403,0.006349,0.0007,0.1544,0.4303,2,0.21517,2.6174,2.6174,118444,0
1777980950.04145,0.0812,-0.260311,0.534302,1,0.8672,1.0653,-0.015828,-0.088865,0.007733,0.001,0.1957,0.6705,3,0.22351,0.6756,0.6756,118448,0
1777980950.075185,0.086051,-0.265342,0.535954,1,0.9133,1.1628,-0.010977,-0.093895,0.009384,0.001,0.109,0.8034,3,0.2678,0.6531,0.6531,118448,0
1777980950.108604,0.092798,-0.270728,0.53802,1,0.7554,0.9557,-0.00423,-0.099281,0.01145,0.0017,0.1575,0.5962,3,0.19873,0.6254,0.6254,118448,0
1777980950.176231,0.100413,-0.275551,0.539982,1,0.7001,0.8738,0.003385,-0.104105,0.013413,0.0006,0.1449,0.5545,3,0.18484,0.5995,0.5995,118448,0
1777980950.209672,0.109323,-0.279507,0.542121,1,0.8181,1.0755,0.012295,-0.10806,0.015552,0.0009,0.1804,0.6367,3,0.21223,0.5744,0.5744,118448,0
1777980950.243103,0.119333,-0.282581,0.54426,1,0.434,0.5596,0.022305,-0.111134,0.017691,0.0005,0.1091,0.3244,3,0.10815,0.5525,0.5525,118452,0
1777980950.276532,0.12993,-0.284703,0.546466,1,0.3246,0.4373,0.032902,-0.113256,0.019897,0.0004,0.1111,0.2131,2,0.10653,2.5491,2.5491,118452,0
1777980950.309973,0.13994,-0.285337,0.548637,1,0.3431,0.461,0.042912,-0.113891,0.022068,0.0005,0.1148,0.2277,2,0.11387,2.0628,2.0628,118452,0
1777980950.376959,0.150145,-0.284159,0.550434,1,0.3299,0.4452,0.053117,-0.112712,0.023865,0.0006,0.1124,0.2169,2,0.10846,1.4657,1.4657,118456,0
1777980950.41037,0.160039,-0.281284,0.551834,1,0.3448,0.8866,0.063011,-0.109837,0.025265,0.0006,0.1127,0.2315,2,0.11574,0.8743,0.8743,118456,0
1777980950.443804,0.169265,-0.277267,0.553295,1,0.3237,0.4291,0.072237,-0.10582,0.026726,0.0009,0.1021,0.2207,2,0.11034,0.471,0.471,118456,0
1777980950.477206,0.17862,-0.271296,0.554722,1,0.2973,0.3976,0.081591,-0.099849,0.028152,0.0005,0.0981,0.1987,2,0.09935,0.3866,0.3866,118456,0
1777980950.510758,0.186729,-0.264448,0.556198,1,0.4679,1.4642,0.089701,-0.093002,0.029629,0.0007,0.136,0.3312,2,0.16558,0.4721,0.4721,118456,0
1777980950.578611,0.193485,-0.256685,0.557927,1,0.3083,0.4337,0.096457,-0.085238,0.031358,0.0004,0.1177,0.1902,1,0.19016,2.9475,2.9475,118456,0
1777980950.613658,0.199492,-0.248074,0.559195,1,0.5161,0.7269,0.102463,-0.076628,0.032626,0.0015,0.2124,0.3022,1,0.3022,1.9757,1.9757,118456,0
1777980950.647325,0.204765,-0.239056,0.5602,1,0.3463,0.523,0.107737,-0.06761,0.033631,0.0005,0.1195,0.2263,1,0.22632,0.9874,0.9874,118456,0
1777980950.680742,0.208845,-0.230406,0.560943,1,0.2849,1.0,0.111817,-0.058959,0.034373,0.0007,0.1042,0.1801,1,0.18008,0.66,0.66,118468,0
1777980950.715751,0.211766,-0.222209,0.561303,1,0.4103,0.6017,0.114738,-0.050762,0.034734,0.0007,0.1477,0.2619,1,0.26194,0.6297,0.6297,118468,0
1777980950.74917,0.213598,-0.214322,0.561209,1,0.2669,0.3912,0.11657,-0.042875,0.03464,0.0006,0.1053,0.1609,1,0.16088,0.6251,0.6251,118468,0
1777980950.816037,0.214328,-0.206266,0.560674,1,0.4601,0.6727,0.1173,-0.034819,0.034105,0.0007,0.1538,0.3056,1,0.30561,0.6445,0.6445,118468,0
1777980950.849468,0.213762,-0.199457,0.559901,1,0.4317,0.6279,0.116734,-0.02801,0.033332,0.0012,0.1589,0.2717,1,0.27168,0.6669,0.6669,118468,0
1777980950.884177,0.211566,-0.193351,0.559015,1,0.4605,0.659,0.114537,-0.021904,0.032446,0.0024,0.1618,0.2962,1,0.29619,0.6884,0.6884,118468,0
1777980950.917718,0.207749,-0.188365,0.558213,1,0.3149,0.4458,0.11072,-0.016918,0.031644,0.0004,0.1217,0.1927,1,0.19275,0.7032,0.7032,118468,0
1777980950.951644,0.201887,-0.184242,0.557526,1,0.4569,0.8681,0.104859,-0.012795,0.030956,0.0004,0.1189,0.3375,1,0.33749,0.7186,0.7186,118468,0
1777980951.018485,0.194953,-0.181242,0.556774,1,0.4895,0.712,0.097925,-0.009796,0.030205,0.0009,0.1824,0.3061,1,0.30611,0.7228,0.7228,118472,0
1777980951.056301,0.186879,-0.179083,0.555844,1,0.3165,0.4518,0.089851,-0.007636,0.029274,0.0005,0.12,0.1959,1,0.19593,0.718,0.718,118472,0
1777980951.089716,0.178178,-0.177879,0.554689,1,0.3366,0.4835,0.08115,-0.006432,0.02812,0.001,0.1294,0.2062,1,0.20617,0.7316,0.7316,118472,0
1777980951.123162,0.168311,-0.177623,0.553159,1,0.3102,0.4493,0.071282,-0.006176,0.02659,0.0004,0.1159,0.1939,1,0.19387,0.7392,0.7392,118472,0
1777980951.156867,0.157866,-0.177948,0.551071,1,0.4688,0.6486,0.060838,-0.006502,0.024502,0.0009,0.1653,0.3026,1,0.30258,0.7537,0.7537,118472,0
1777980951.191199,0.147542,-0.178827,0.548458,1,0.304,0.4433,0.050514,-0.007381,0.021889,0.0005,0.1224,0.1812,1,0.18115,0.7555,0.7555,118472,0
1777980951.258102,0.13741,-0.180018,0.545197,1,0.3943,0.557,0.040382,-0.008571,0.018628,0.0008,0.1437,0.2498,1,0.24981,0.7619,0.7619,118472,0
1777980951.291603,0.126906,-0.181958,0.541296,1,0.2679,0.3808,0.029878,-0.010511,0.014726,0.0004,0.1039,0.1636,1,0.16361,0.7694,0.7694,118476,0
1777980951.325034,0.116549,-0.184717,0.536745,1,0.2872,0.418,0.019521,-0.013271,0.010176,0.0006,0.1078,0.1789,1,0.17889,0.7524,0.7524,118476,0
1777980951.358475,0.106022,-0.187902,0.531149,1,0.2845,0.4062,0.008994,-0.016455,0.00458,0.0006,0.1069,0.177,1,0.17702,0.7214,0.7214,118476,0
1777980951.393797,0.095596,-0.191508,0.525004,1,0.279,0.393,-0.001432,-0.020061,-0.001565,0.0004,0.1099,0.1687,1,0.16866,0.6817,0.6817,118488,0
1777980951.427231,0.085654,-0.195438,0.51954,1,0.3159,0.4609,-0.011374,-0.023992,-0.007029,0.0007,0.1199,0.1954,1,0.19537,0.6681,0.6681,118488,0
1777980951.495988,0.07601,-0.199927,0.51484,1,0.3147,0.4552,-0.021019,-0.02848,-0.011729,0.0006,0.1186,0.1956,1,0.19557,0.6537,0.6537,118488,0
1777980951.529634,0.06755,-0.204444,0.511434,1,1.1114,1.3796,-0.029478,-0.032997,-0.015136,0.0023,0.1886,0.9205,1,0.92047,0.6091,0.6091,118488,0
1777980951.562989,0.059794,-0.209263,0.508961,1,0.3076,0.4233,-0.037234,-0.037817,-0.017608,0.0007,0.1107,0.1961,1,0.1961,0.4663,0.4663,118488,0
1777980951.596488,0.052575,-0.21472,0.507202,1,0.3008,0.4172,-0.044453,-0.043274,-0.019367,0.0004,0.1135,0.1869,1,0.18689,0.8223,0.8223,118488,0
1777980951.629952,0.046445,-0.220112,0.506012,1,0.3497,0.512,-0.050583,-0.048665,-0.020558,0.0006,0.1327,0.2164,1,0.2164,1.7694,1.7694,118492,0
1777980951.69785,0.041037,-0.225649,0.505285,1,0.3957,0.5458,-0.055991,-0.054202,-0.021284,0.0005,0.1207,0.2744,2,0.13722,0.6811,0.6811,118492,0
1777980951.733271,0.036597,-0.231619,0.505217,1,0.3872,0.5266,-0.060432,-0.060172,-0.021352,0.0004,0.1118,0.275,2,0.13751,0.8448,0.8448,118492,0
1777980951.766716,0.033609,-0.237423,0.505793,1,0.3961,0.5282,-0.063419,-0.065976,-0.020776,0.0005,0.126,0.2696,2,0.13478,1.3315,1.3315,118492,0
1777980951.800169,0.03136,-0.243992,0.507189,1,0.4426,0.5979,-0.065668,-0.072545,-0.019381,0.0005,0.1361,0.306,2,0.15302,2.1653,2.1653,118492,0
1777980951.833573,0.030186,-0.251396,0.509292,1,0.4305,0.5727,-0.066842,-0.079949,-0.017278,0.0006,0.1344,0.2955,2,0.14775,2.9849,2.9849,118492,0
1777980951.866983,0.030357,-0.259254,0.511521,1,0.5036,0.6522,-0.066671,-0.087807,-0.015048,0.0005,0.1392,0.3639,3,0.1213,0.7348,0.7348,118504,0
1777980951.933844,0.032571,-0.267323,0.513884,1,0.4722,0.6097,-0.064457,-0.095877,-0.012685,0.0008,0.1215,0.3499,3,0.11663,0.7066,0.7066,118508,0
1777980951.967343,0.036262,-0.275359,0.516388,1,0.7861,0.9762,-0.060766,-0.103912,-0.010182,0.0008,0.1742,0.6111,3,0.20369,0.6727,0.6727,118512,0
1777980952.000967,0.041791,-0.28365,0.518996,1,0.8197,1.03,-0.055237,-0.112203,-0.007574,0.0009,0.1671,0.6517,3,0.21722,0.648,0.648,118512,0
1777980952.034229,0.049149,-0.292036,0.521978,1,0.9512,1.1984,-0.04788,-0.12059,-0.004591,0.0008,0.1849,0.7655,3,0.25517,0.6627,0.6627,118512,0
1777980952.067681,0.057448,-0.299701,0.525108,1,0.5237,0.6638,-0.039581,-0.128254,-0.001462,0.0005,0.1265,0.3967,3,0.13222,0.7084,0.7084,118512,0
1777980952.134894,0.06789,-0.3066,0.528399,1,0.6554,0.8453,-0.029138,-0.135153,0.00183,0.0006,0.1484,0.5063,3,0.16877,0.7896,0.7896,118512,0
1777980952.168381,0.078344,-0.311709,0.532134,1,0.8601,1.0829,-0.018684,-0.140262,0.005564,0.0009,0.1753,0.6838,3,0.22794,0.7985,0.7985,118512,0
1777980952.201788,0.089865,-0.313819,0.536247,1,0.534,0.6653,-0.007163,-0.142372,0.009678,0.0005,0.122,0.4114,3,0.13715,0.78,0.78,118512,0
1777980952.235214,0.10316,-0.313798,0.540529,1,0.3848,0.4953,0.006132,-0.142352,0.013959,0.0006,0.1054,0.2788,3,0.09295,0.7417,0.7417,118512,0
1777980952.26862,0.116733,-0.311917,0.544601,1,0.4682,0.5921,0.019705,-0.14047,0.018032,0.0006,0.1166,0.3511,3,0.11703,0.606,0.606,118516,0
1777980952.337102,0.12921,-0.308766,0.548189,1,0.4231,0.6153,0.032182,-0.137319,0.02162,0.0005,0.1206,0.302,3,0.10067,0.5066,0.5066,118516,0
1777980952.37054,0.142458,-0.303452,0.551589,1,0.7919,1.3735,0.04543,-0.132005,0.025019,0.0008,0.174,0.617,3,0.20568,0.4859,0.4859,118516,0
1777980952.40398,0.155329,-0.296641,0.554847,1,0.6159,0.8019,0.058301,-0.125194,0.028277,0.0008,0.1773,0.4379,2,0.21894,2.0788,2.0788,118516,0
1777980952.437418,0.166694,-0.288403,0.557872,1,0.611,0.8067,0.069666,-0.116956,0.031303,0.0006,0.1544,0.4559,2,0.22796,1.0241,1.0241,118516,0
1777980952.470855,0.177321,-0.277183,0.560685,1,0.6486,0.8574,0.080292,-0.105737,0.034116,0.0009,0.1787,0.469,2,0.23448,0.409,0.409,118516,0
1777980952.538723,0.18648,-0.266186,0.563286,1,0.5745,0.7358,0.089452,-0.094739,0.036716,0.0005,0.129,0.445,2,0.2225,0.447,0.447,118516,0
1777980952.572515,0.19473,-0.255644,0.565825,1,0.5218,0.6782,0.097702,-0.084198,0.039256,0.0006,0.1381,0.3831,2,0.19153,0.5502,0.5502,118524,0
1777980952.60603,0.200732,-0.243673,0.56736,1,0.3133,0.4517,0.103704,-0.072227,0.040791,0.0006,0.1246,0.1881,1,0.18812,1.3406,1.3406,118528,0
1777980952.639465,0.204582,-0.231438,0.568076,1,0.4513,0.6431,0.107554,-0.059992,0.041507,0.0007,0.1637,0.2869,1,0.28691,0.7192,0.7192,118528,0
1777980952.672889,0.206343,-0.218936,0.567991,1,0.4465,0.6447,0.109315,-0.04749,0.041421,0.0009,0.1576,0.2881,1,0.28814,0.6514,0.6514,118528,0
1777980952.707018,0.206234,-0.207688,0.567237,1,0.4568,0.6693,0.109206,-0.036242,0.040667,0.0008,0.1689,0.2872,1,0.28715,0.6901,0.6901,118528,0
1777980952.773888,0.203685,-0.197122,0.565635,1,0.4471,0.6483,0.106657,-0.025675,0.039066,0.001,0.1718,0.2743,1,0.27433,0.7319,0.7319,118528,0
1777980952.807414,0.198996,-0.18829,0.563713,1,0.4845,0.675,0.101968,-0.016843,0.037144,0.0009,0.1854,0.2983,1,0.29826,0.7554,0.7554,118528,0
1777980952.8409,0.19201,-0.181085,0.561686,1,0.314,0.9256,0.094982,-0.009638,0.035117,0.0004,0.1214,0.1922,1,0.1922,0.787,0.787,118528,0
1777980952.874354,0.183868,-0.17562,0.559634,1,0.2957,0.4087,0.08684,-0.004173,0.033065,0.0004,0.11,0.1853,1,0.18526,0.794,0.794,118528,0
1777980952.907788,0.17483,-0.172086,0.557301,1,0.4221,0.606,0.077801,-0.000639,0.030732,0.0009,0.1561,0.2652,1,0.26524,0.7856,0.7856,118528,0
1777980952.975398,0.164929,-0.17013,0.554851,1,0.5379,0.7588,0.0679,0.001317,0.028282,0.0012,0.219,0.3177,1,0.31767,0.7918,0.7918,118532,0
1777980953.008837,0.154966,-0.169472,0.552342,1,0.4388,0.6177,0.057938,0.001975,0.025772,0.0009,0.1653,0.2725,1,0.27253,0.7973,0.7973,118532,0
1777980953.042305,0.144334,-0.170205,0.549756,1,0.5009,0.758,0.047306,0.001242,0.023187,0.0009,0.1733,0.3267,1,0.32673,0.8173,0.8173,118532,0
1777980953.075707,0.134145,-0.171801,0.547212,1,0.4522,0.648,0.037116,-0.000355,0.020643,0.0007,0.1584,0.293,1,0.29303,0.8317,0.8317,118532,0
1777980953.109115,0.123671,-0.174552,0.54477,1,0.5163,0.7324,0.026643,-0.003106,0.018201,0.0009,0.1807,0.3347,1,0.33472,0.8555,0.8555,118532,0
1777980953.176931,0.113447,-0.177785,0.542499,1,0.4573,0.6712,0.016418,-0.006338,0.01593,0.0009,0.1663,0.2902,1,0.29017,0.8655,0.8655,118532,0
1777980953.210392,0.104369,-0.180848,0.540682,1,0.8403,1.8529,0.007341,-0.009401,0.014112,0.0009,0.3136,0.5258,1,0.52577,0.9337,0.9337,118536,0
1777980953.243849,0.095415,-0.184388,0.539099,1,0.2928,0.4405,-0.001613,-0.012941,0.01253,0.0006,0.1116,0.1805,1,0.18053,0.9859,0.9859,118536,0
1777980953.277299,0.086864,-0.188197,0.537633,1,0.5716,0.8041,-0.010164,-0.01675,0.011064,0.0015,0.1893,0.3808,1,0.38077,0.9989,0.9989,118536,0
1777980953.31069,0.079358,-0.192249,0.536388,1,0.3265,0.4704,-0.01767,-0.020802,0.009818,0.0004,0.1194,0.2067,1,0.20672,0.9451,0.9451,118548,0
1777980953.377548,0.073592,-0.196669,0.535081,1,0.3081,0.4408,-0.023437,-0.025223,0.008512,0.0007,0.1156,0.1918,1,0.19175,0.8343,0.8343,118552,0
1777980953.411533,0.069324,-0.200931,0.534315,1,0.4916,0.8338,-0.027704,-0.029484,0.007745,0.0009,0.1805,0.3102,1,0.31022,0.5304,0.5304,118552,0
1777980953.444921,0.065952,-0.204556,0.533862,1,0.4165,0.6198,-0.031076,-0.033109,0.007293,0.0007,0.1407,0.2751,1,0.2751,0.3765,0.3765,118552,0
1777980953.478414,0.06349,-0.207069,0.533557,1,0.4591,0.652,-0.033538,-0.035622,0.006987,0.0007,0.1862,0.2723,1,0.27226,0.5522,0.5522,118552,0
1777980953.511993,0.061959,-0.208272,0.533178,1,0.4634,0.6905,-0.035069,-0.036825,0.006609,0.0015,0.1759,0.286,1,0.28599,0.9325,0.9325,118552,0
1777980953.578946,0.061522,-0.208871,0.532854,1,0.4564,0.6786,-0.035506,-0.037424,0.006285,0.001,0.1694,0.286,1,0.28598,1.4043,1.4043,118556,0
1777980953.612352,0.061448,-0.209582,0.532919,1,0.4599,0.6714,-0.03558,-0.038135,0.00635,0.0006,0.155,0.3043,1,0.30432,1.6743,1.6743,118556,0
1777980953.645776,0.061199,-0.210025,0.533079,1,0.5126,0.7368,-0.035829,-0.038578,0.00651,0.0008,0.193,0.3189,1,0.31887,1.8135,1.8135,118556,0
1777980953.679245,0.060309,-0.210455,0.533436,1,0.6011,0.9976,-0.036719,-0.039008,0.006867,0.0012,0.2132,0.3867,1,0.3867,1.9771,1.9771,118556,0
1777980953.712764,0.05878,-0.210896,0.533844,1,0.4227,0.6179,-0.038248,-0.039449,0.007275,0.0013,0.1517,0.2696,1,0.26964,2.2055,2.2055,118556,0
1777980953.779747,0.057277,-0.210942,0.533983,1,0.4271,0.6242,-0.039751,-0.039495,0.007413,0.001,0.1548,0.2713,1,0.27134,2.4737,2.4737,118556,0
1777980953.814907,0.055857,-0.210672,0.533926,1,0.7524,0.9779,-0.041171,-0.039226,0.007356,0.001,0.1921,0.5593,1,0.55928,2.6973,2.6973,118556,0
1777980953.848317,0.055094,-0.21045,0.53369,1,0.4684,0.6427,-0.041934,-0.039003,0.007121,0.0007,0.1549,0.3128,1,0.31284,2.866,2.866,118568,0
1777980953.881733,0.054795,-0.210126,0.533316,1,0.5604,0.7539,-0.042233,-0.03868,0.006746,0.0007,0.1469,0.4128,1,0.41277,2.9047,2.9047,118572,0
1777980953.915221,0.054773,-0.209946,0.532798,1,0.4098,0.5819,-0.042255,-0.038499,0.006228,0.0007,0.1461,0.2629,1,0.26293,2.8666,2.8666,118572,0
1777980953.948648,0.054901,-0.209858,0.53213,1,0.3617,0.5226,-0.042127,-0.038411,0.005561,0.0006,0.1312,0.2299,1,0.22992,2.7772,2.7772,118572,0
1777980954.588973,0.038419,-0.183227,0.506079,1,0.4646,0.6706,-0.005019,0.004799,-0.002063,0.0007,0.1559,0.308,1,0.308,0.8122,0.8122,118572,0
1777980954.622455,0.036434,-0.181856,0.504869,1,0.4841,0.7105,-0.007004,0.006169,-0.003273,0.0005,0.1607,0.3229,1,0.32292,0.973,0.973,118572,0
1777980954.689513,0.034237,-0.181169,0.504714,1,0.5469,0.7874,-0.009201,0.006857,-0.003428,0.0005,0.1723,0.3741,1,0.37411,0.95,0.95,118572,0
1777980954.722932,0.031437,-0.18099,0.506055,1,0.4311,0.6429,-0.012001,0.007036,-0.002087,0.0009,0.1457,0.2845,1,0.28453,0.9832,0.9832,118572,0
1777980954.756364,0.028267,-0.181291,0.507806,1,0.4306,0.6548,-0.015171,0.006735,-0.000336,0.0007,0.1487,0.2813,1,0.28131,1.0247,1.0247,118572,0
1777980954.789926,0.02469,-0.181545,0.509269,1,0.4826,0.6999,-0.018748,0.006481,0.001127,0.001,0.1805,0.3011,1,0.3011,1.0377,1.0377,118576,0
1777980954.824006,0.020744,-0.181278,0.510108,1,0.5285,0.8428,-0.022694,0.006748,0.001966,0.0007,0.1943,0.3335,1,0.33349,1.0471,1.0471,118576,0
1777980954.857503,0.016564,-0.180874,0.510487,1,0.4821,0.6895,-0.026874,0.007152,0.002345,0.0008,0.1696,0.3117,1,0.31173,1.0611,1.0611,118576,0
1777980954.924752,0.013282,-0.18058,0.51093,1,0.2927,0.4225,-0.030156,0.007446,0.002788,0.0005,0.111,0.1812,1,0.18124,1.0348,1.0348,118576,0
1777980954.958248,0.01117,-0.180603,0.511417,1,0.2798,0.4817,-0.032268,0.007423,0.003275,0.0005,0.1077,0.1717,1,0.17166,0.9912,0.9912,118576,0
1777980954.991934,0.010468,-0.181285,0.512005,1,0.478,3.4016,-0.03297,0.00674,0.003863,0.0008,0.1708,0.3065,1,0.30646,0.9246,0.9246,118576,0
1777980955.025357,0.011072,-0.182855,0.512765,1,0.5703,0.8234,-0.032366,0.005171,0.004623,0.0008,0.1896,0.3799,1,0.37987,0.8412,0.8412,118576,0
1777980955.058783,0.012559,-0.184936,0.513558,1,0.5055,0.7353,-0.030879,0.00309,0.005416,0.001,0.1832,0.3214,1,0.32137,0.7574,0.7574,118576,0
1777980955.125653,0.014575,-0.187422,0.514653,1,0.4678,0.6705,-0.028863,0.000604,0.006512,0.0009,0.1726,0.2943,1,0.29434,0.6811,0.6811,118580,0
1777980955.159081,0.017034,-0.190228,0.516287,1,0.4313,0.6426,-0.026404,-0.002202,0.008146,0.0008,0.1562,0.2743,1,0.27426,0.6214,0.6214,118580,0
1777980955.192734,0.020202,-0.192982,0.518295,1,0.4572,0.6558,-0.023237,-0.004956,0.010153,0.0009,0.1734,0.2829,1,0.28289,0.618,0.618,118580,0
1777980955.226155,0.024418,-0.195673,0.52072,1,0.5073,0.7108,-0.01902,-0.007647,0.012578,0.0009,0.1806,0.3258,1,0.32579,0.8237,0.8237,118588,0
1777980955.2596,0.029142,-0.198188,0.523749,1,0.4883,0.7276,-0.014296,-0.010162,0.015607,0.001,0.1625,0.3248,1,0.32482,1.3585,1.3585,118588,0
1777980955.32672,0.034607,-0.200114,0.526856,1,0.5754,0.838,-0.008831,-0.012088,0.018714,0.0007,0.1924,0.3822,1,0.38222,1.8978,1.8978,118588,0
1777980955.36015,0.040896,-0.201826,0.530516,1,0.4905,0.6846,-0.002542,-0.013801,0.022374,0.0008,0.1713,0.3184,1,0.31842,2.6211,2.6211,118588,0
1777980955.393742,0.047227,-0.203291,0.534669,1,0.6035,0.7925,0.003789,-0.015265,0.026527,0.001,0.181,0.4215,2,0.21073,0.9682,0.9682,118588,0
1777980955.427172,0.054031,-0.204285,0.538915,1,0.6653,0.867,0.010593,-0.01626,0.030773,0.0012,0.1776,0.4865,2,0.24325,0.889,0.889,118592,0
1777980955.460608,0.060612,-0.204852,0.543363,1,0.6014,1.2467,0.017174,-0.016826,0.035221,0.0012,0.1565,0.4437,2,0.22186,0.8674,0.8674,118592,0
1777980955.527687,0.066456,-0.204897,0.547608,1,0.5709,0.7557,0.023017,-0.016871,0.039466,0.0015,0.1615,0.4079,2,0.20394,0.8433,0.8433,118592,0
1777980955.561619,0.072368,-0.204714,0.552184,1,0.5899,0.7808,0.02893,-0.016689,0.044042,0.0005,0.1636,0.4257,2,0.21287,0.8199,0.8199,118592,0
1777980955.595046,0.077875,-0.204394,0.556721,1,0.5724,0.7488,0.034437,-0.016368,0.048579,0.0007,0.1658,0.4059,2,0.20295,0.7967,0.7967,118592,0
1777980955.628628,0.082998,-0.203957,0.56136,1,0.7268,0.971,0.03956,-0.015931,0.053219,0.0012,0.1867,0.5389,2,0.26944,0.7754,0.7754,118592,0
1777980955.662153,0.086842,-0.20359,0.565876,1,0.3514,0.6107,0.043404,-0.015565,0.057734,0.0004,0.1122,0.2388,2,0.1194,0.7565,0.7565,118592,0
1777980955.729072,0.089678,-0.202908,0.569878,1,0.6566,0.8597,0.04624,-0.014882,0.061737,0.001,0.1826,0.4729,2,0.23646,0.7483,0.7483,118596,0
1777980955.762504,0.091265,-0.201959,0.573378,1,0.5721,0.7521,0.047827,-0.013933,0.065236,0.0009,0.1656,0.4055,2,0.20277,0.7458,0.7458,118596,0
1777980955.795934,0.091762,-0.200649,0.576038,1,0.6884,0.8964,0.048324,-0.012624,0.067896,0.001,0.1751,0.5123,2,0.25614,0.7513,0.7513,118596,0
1777980955.829445,0.091274,-0.199081,0.577733,1,0.8161,1.2328,0.047836,-0.011055,0.069591,0.0013,0.22,0.5948,2,0.29741,0.7639,0.7639,118608,0
1777980955.862856,0.090481,-0.197533,0.578901,1,0.5663,0.7584,0.047043,-0.009508,0.070759,0.0007,0.1479,0.4177,2,0.20883,0.7773,0.7773,118608,0
1777980955.896476,0.089454,-0.19622,0.579525,1,0.6343,1.087,0.046016,-0.008194,0.071383,0.001,0.1818,0.4516,2,0.2258,0.7921,0.7921,118608,0
1777980955.963347,0.087724,-0.194513,0.579467,1,0.6505,0.8663,0.044286,-0.006488,0.071326,0.0009,0.1852,0.4644,2,0.23219,0.8139,0.8139,118608,0
1777980955.996822,0.085722,-0.193187,0.578809,1,0.611,0.8266,0.042284,-0.005161,0.070667,0.0012,0.1688,0.4411,2,0.22053,0.8357,0.8357,118608,0
1777980957.102291,0.084144,-0.209206,0.514592,1,0.538,0.7765,-0.006018,-0.015407,-0.012026,0.0009,0.1926,0.3445,1,0.34452,1.8181,1.8181,118624,0
1777980957.135882,0.083655,-0.213658,0.514634,1,0.5118,0.7758,-0.006507,-0.019859,-0.011984,0.001,0.1787,0.3322,1,0.33215,1.2064,1.2064,118628,0
1777980957.16932,0.083358,-0.218314,0.514971,1,1.8766,2.7737,-0.006805,-0.024516,-0.011647,0.0007,1.5309,0.3451,1,0.34507,1.9539,1.9539,118628,0
1777980957.202708,0.083379,-0.223731,0.515531,1,0.6789,0.9166,-0.006783,-0.029933,-0.011088,0.0007,0.168,0.5102,2,0.2551,0.7306,0.7306,118628,0
1777980957.236521,0.083883,-0.229376,0.516348,1,0.3479,0.4635,-0.006279,-0.035577,-0.01027,0.0003,0.116,0.2315,2,0.11576,0.7941,0.7941,118628,0
1777980957.3034,0.084897,-0.235729,0.517512,1,0.4002,0.5595,-0.005265,-0.04193,-0.009106,0.0004,0.1241,0.2757,2,0.13784,0.9467,0.9467,118628,0
1777980957.336883,0.086219,-0.242099,0.519177,1,0.3717,0.509,-0.003943,-0.048301,-0.007441,0.0004,0.12,0.2512,2,0.12562,1.1614,1.1614,118628,0
1777980957.370488,0.088315,-0.248935,0.521324,1,0.3667,1.3494,-0.001848,-0.055137,-0.005294,0.0003,0.1122,0.2542,2,0.1271,1.4653,1.4653,118628,0
1777980957.403941,0.090782,-0.256182,0.523873,1,0.3546,0.4743,0.00062,-0.062383,-0.002745,0.0004,0.1138,0.2404,2,0.12021,1.8572,1.8572,118632,0
1777980957.437595,0.093833,-0.26382,0.526642,1,0.3577,0.4936,0.00367,-0.070022,2.4e-05,0.0004,0.1133,0.244,2,0.12199,2.337,2.337,118632,0
1777980957.504475,0.097595,-0.271722,0.529464,1,0.6412,0.8544,0.007433,-0.077924,0.002846,0.0008,0.1751,0.4653,2,0.23265,2.87,2.87,118632,0
1777980957.537917,0.102164,-0.279292,0.532437,1,0.8809,1.1061,0.012002,-0.085493,0.005819,0.0008,0.1843,0.6958,3,0.23192,0.6279,0.6279,118632,0
1777980957.571579,0.10778,-0.286611,0.535782,1,0.7821,3.804,0.017618,-0.092813,0.009164,0.0008,0.1703,0.6109,3,0.20365,0.6085,0.6085,118632,0
1777980957.605029,0.113973,-0.293733,0.539228,1,0.7466,0.9326,0.02381,-0.099935,0.01261,0.0006,0.1622,0.5839,3,0.19462,0.5861,0.5861,118632,0
1777980957.638823,0.120908,-0.301129,0.543331,1,0.4099,0.5345,0.030745,-0.10733,0.016713,0.0005,0.1149,0.2945,3,0.09818,0.5652,0.5652,118632,0
1777980957.705763,0.128044,-0.308245,0.547968,1,0.9352,1.1736,0.037882,-0.114447,0.021349,0.0011,0.1968,0.7374,3,0.2458,0.5456,0.5456,118632,0
1777980957.739204,0.136212,-0.315246,0.55293,1,0.7791,1.4987,0.04605,-0.121448,0.026312,0.0009,0.1803,0.598,3,0.19933,0.523,0.523,118632,0
1777980957.772751,0.144848,-0.321208,0.557715,1,0.7825,0.9832,0.054686,-0.12741,0.031097,0.0011,0.1726,0.6087,3,0.20291,0.5029,0.5029,118648,0
1777980957.806363,0.154036,-0.325965,0.562389,1,0.7601,0.9628,0.063873,-0.132166,0.035771,0.0008,0.1655,0.5938,3,0.19792,0.4877,0.4877,118648,0
1777980957.839814,0.162936,-0.329048,0.567351,1,0.8701,1.0871,0.072774,-0.13525,0.040733,0.0008,0.176,0.6933,3,0.23111,0.483,0.483,118648,0
1777980957.90667,0.172078,-0.329911,0.571828,1,0.6163,0.8209,0.081915,-0.136113,0.04521,0.0007,0.1595,0.456,2,0.22801,2.6862,2.6862,118648,0
1777980957.940137,0.180902,-0.328621,0.575386,1,0.6793,0.9036,0.09074,-0.134822,0.048768,0.0012,0.1902,0.4879,2,0.24396,2.1352,2.1352,118648,0
1777980957.973591,0.190115,-0.325604,0.578007,1,0.6411,0.8891,0.099953,-0.131806,0.051389,0.001,0.1863,0.4539,2,0.22693,1.493,1.493,118648,0
1777980958.007025,0.199365,-0.321385,0.579704,1,0.7126,0.9223,0.109203,-0.127587,0.053086,0.0009,0.1905,0.5212,2,0.26059,0.9547,0.9547,118648,0
1777980958.040475,0.208475,-0.31531,0.580874,1,0.6855,1.6231,0.118312,-0.121512,0.054256,0.0009,0.2002,0.4845,2,0.24225,0.527,0.527,118648,0
1777980958.107467,0.216821,-0.308056,0.581478,1,0.5799,0.7597,0.126658,-0.114258,0.05486,0.0008,0.1718,0.4073,2,0.20367,0.2841,0.2841,118652,0
1777980958.140885,0.224985,-0.298723,0.58184,1,0.6392,1.8203,0.134822,-0.104925,0.055222,0.0055,0.1714,0.4623,2,0.23115,0.2296,0.2296,118652,0
1777980958.174475,0.232419,-0.288551,0.582143,1,0.6969,0.9007,0.142256,-0.094753,0.055525,0.0008,0.2235,0.4726,2,0.23632,0.2934,0.2934,118656,0
1777980958.207918,0.239141,-0.27807,0.582411,1,0.6448,0.854,0.148979,-0.084272,0.055793,0.0011,0.177,0.4667,2,0.23335,0.3525,0.3525,118656,0
1777980958.241468,0.244973,-0.267208,0.582719,1,0.4331,0.6424,0.15481,-0.073409,0.056101,0.0006,0.148,0.2845,1,0.28454,2.4448,2.4448,118656,0
1777980958.308356,0.249662,-0.256917,0.583042,1,0.5502,0.7741,0.1595,-0.063119,0.056424,0.001,0.1945,0.3547,1,0.35473,1.4983,1.4983,118656,0
1777980958.341907,0.25363,-0.246594,0.583163,1,0.8016,1.0205,0.163468,-0.052796,0.056545,0.001,0.1943,0.6064,1,0.60637,0.8096,0.8096,118656,0
1777980958.375893,0.256609,-0.236787,0.583045,1,0.485,0.7292,0.166447,-0.042989,0.056427,0.001,0.1681,0.3159,1,0.31588,0.5064,0.5064,118656,0
1777980958.409332,0.258167,-0.226758,0.582588,1,0.4619,0.6445,0.168004,-0.032959,0.05597,0.0009,0.1696,0.2914,1,0.29144,0.3994,0.3994,118660,0
1777980958.443974,0.258279,-0.217306,0.581913,1,0.3004,0.431,0.168116,-0.023508,0.055295,0.0004,0.1074,0.1927,1,0.19269,0.3968,0.3968,118660,0
1777980958.477436,0.257176,-0.209436,0.581201,1,0.5088,0.7269,0.167013,-0.015638,0.054583,0.0009,0.1977,0.3102,1,0.31019,0.4222,0.4222,118660,0
1777980958.544495,0.254742,-0.202525,0.580555,1,1.296,1.5169,0.164579,-0.008727,0.053937,0.0007,0.1623,1.133,1,1.13297,0.4271,0.4271,118660,0
1777980958.577939,0.2509,-0.196543,0.579688,1,0.4569,0.6646,0.160738,-0.002744,0.05307,0.0008,0.1755,0.2806,1,0.28056,0.432,0.432,118660,0
1777980958.611567,0.246152,-0.191932,0.578626,1,0.4579,0.9236,0.15599,0.001867,0.052008,0.0007,0.1724,0.2847,1,0.28471,0.4145,0.4145,118660,0
1777980958.645249,0.240377,-0.188289,0.577287,1,0.5088,0.7447,0.150215,0.005509,0.050669,0.0008,0.1613,0.3467,1,0.34667,0.3955,0.3955,118668,0
1777980958.678891,0.233725,-0.185876,0.575864,1,0.5819,0.8461,0.143563,0.007922,0.049246,0.0012,0.2178,0.363,1,0.36298,0.3451,0.3451,118672,0
1777980958.747023,0.226152,-0.18425,0.574187,1,0.4012,1.0883,0.135989,0.009548,0.047569,0.0007,0.1407,0.2597,1,0.25973,0.3004,0.3004,118672,0
1777980958.780455,0.217799,-0.183364,0.572382,1,0.4659,0.6707,0.127637,0.010434,0.045764,0.0008,0.1714,0.2936,1,0.29364,0.2482,0.2482,118672,0
1777980958.814428,0.209391,-0.183235,0.570726,1,0.7434,1.5506,0.119228,0.010563,0.044107,0.0009,0.4274,0.3151,1,0.3151,0.2272,0.2272,118672,0
1777980958.847859,0.200718,-0.183553,0.569011,1,0.4569,0.6483,0.110556,0.010245,0.042393,0.0009,0.1756,0.2805,1,0.28049,0.2115,0.2115,118672,0
1777980958.882023,0.191249,-0.184677,0.567161,1,0.4909,0.7218,0.101087,0.009122,0.040543,0.0007,0.1688,0.3213,1,0.32134,0.1963,0.1963,118672,0
1777980958.948915,0.181874,-0.186135,0.565329,1,0.6934,1.0819,0.091711,0.007664,0.038711,0.001,0.1816,0.5108,1,0.51083,0.2248,0.2248,118672,0
1777980958.983965,0.171866,-0.188169,0.563216,1,0.2918,0.4183,0.081704,0.00563,0.036598,0.0007,0.1097,0.1814,1,0.18141,0.2741,0.2741,118672,0
1777980959.017735,0.161955,-0.190806,0.561125,1,0.571,0.9317,0.071793,0.002992,0.034507,0.001,0.2105,0.3595,1,0.35954,0.3325,0.3325,118672,0
1777980959.051153,0.151583,-0.19411,0.558715,1,0.4356,1.3312,0.061421,-0.000312,0.032097,0.0008,0.1516,0.2832,1,0.28316,0.4073,0.4073,118676,0
1777980959.084604,0.14155,-0.198176,0.556117,1,0.4569,0.6696,0.051387,-0.004377,0.029499,0.0007,0.1629,0.2934,1,0.29337,0.4428,0.4428,118676,0
1777980959.118025,0.131948,-0.202729,0.553264,1,0.4192,0.6063,0.041786,-0.008931,0.026646,0.0007,0.157,0.2615,1,0.26149,0.448,0.448,118676,0
1777980959.1884,0.12281,-0.207489,0.550105,1,0.4537,0.6555,0.032648,-0.013691,0.023487,0.0009,0.1681,0.2847,1,0.28466,0.4057,0.4057,118676,0
1777980959.22182,0.114134,-0.212392,0.54677,1,0.4506,0.6461,0.023971,-0.018594,0.020152,0.0006,0.1531,0.297,1,0.29695,0.3029,0.3029,118688,0
1777980959.255257,0.106912,-0.217192,0.543377,1,0.5379,0.7588,0.016749,-0.023394,0.016759,0.0011,0.195,0.3418,1,0.34182,0.0903,0.0903,118688,0
1777980959.2887,0.100518,-0.222162,0.540463,1,0.4879,0.6926,0.010356,-0.028363,0.013845,0.0009,0.1744,0.3126,1,0.31256,0.8647,0.8647,118688,0
1777980959.322135,0.094166,-0.226318,0.538849,1,0.4446,0.6555,0.004003,-0.032519,0.012231,0.0007,0.1666,0.2772,1,0.27723,1.8595,1.8595,118688,0
1777980959.388988,0.087682,-0.229952,0.538321,1,0.6465,0.8622,-0.00248,-0.036153,0.011703,0.0009,0.1613,0.4844,2,0.24218,0.8491,0.8491,118692,0
1777980959.422397,0.081184,-0.233193,0.53848,1,0.6084,0.8098,-0.008979,-0.039395,0.011862,0.0007,0.1598,0.4479,2,0.22393,0.9207,0.9207,118692,0
1777980959.455854,0.074922,-0.235785,0.538939,1,0.7043,0.9424,-0.01524,-0.041986,0.012321,0.001,0.1856,0.5177,2,0.25884,1.1574,1.1574,118692,0
1777980959.489364,0.06947,-0.237858,0.539164,1,0.7274,0.9526,-0.020693,-0.044059,0.012546,0.001,0.197,0.5294,2,0.26469,1.4473,1.4473,118692,0
1777980959.52283,0.064718,-0.240028,0.538993,1,0.6351,0.8458,-0.025444,-0.046229,0.012375,0.0009,0.1711,0.4631,2,0.23157,1.806,1.806,118696,0
1777980959.55642,0.060688,-0.242754,0.538457,1,0.5721,0.7588,-0.029474,-0.048956,0.011839,0.001,0.1532,0.4179,2,0.20895,2.2543,2.2543,118696,0
1777980959.623591,0.057678,-0.24572,0.537623,1,0.5996,0.8018,-0.032484,-0.051921,0.011004,0.001,0.1606,0.438,2,0.219,2.7212,2.7212,118696,0
1777980959.657033,0.055818,-0.248308,0.53661,1,0.903,1.134,-0.034344,-0.05451,0.009992,0.0011,0.1991,0.7028,3,0.23426,0.8773,0.8773,118696,0
1777980959.69048,0.05479,-0.250259,0.535703,1,0.74,1.7984,-0.035372,-0.05646,0.009085,0.0009,0.1705,0.5686,3,0.18954,0.867,0.867,118700,0
1777980959.72391,0.054397,-0.251787,0.534984,1,0.7224,0.914,-0.035766,-0.057988,0.008366,0.0011,0.1615,0.5597,3,0.18657,0.8601,0.8601,118712,0
