t,x,y,z,success,ik_ms,total_ms,dx,dy,dz
1777878146.9236228,0.2113414432871071,-0.1732264515191558,0.4796377383228438,1,6.141185760498047,6.509304046630859,-0.0046585567114357605,-0.019727259621113435,0.0016373948766824561
1777878146.9682202,0.21540886100708825,-0.17908780470143346,0.48253638849081915,1,0.9605884552001953,1.194000244140625,-0.0005911389914545918,-0.025588612803391086,0.0045360450446578215
1777878147.0190773,0.2198927715234691,-0.1847613691481268,0.48578963717755597,1,1.6770362854003906,1.9757747650146484,0.0038927715249262203,-0.03126217725008443,0.007789293731394656
1777878147.0691001,0.22208465201945027,-0.18730131915568438,0.48756630314596755,1,1.4865398406982422,1.825571060180664,0.006084652020907402,-0.033802127257642006,0.009565959699806205
1777878147.1203017,0.22674399272581383,-0.19187807135135515,0.4911356111621699,1,1.642465591430664,1.842498779296875,0.010743992727270965,-0.03837887945331278,0.013135267716008578
1777878147.1705558,0.23194303836286756,-0.19668834732025112,0.4944708379683287,1,2.3255348205566406,2.742290496826172,0.015943038364324688,-0.04318915542220875,0.016470494522167367
1777878147.2195523,0.23471497894234214,-0.19909508101028653,0.49602112105823704,1,0.8740425109863281,1.2660026550292969,0.018714978943799292,-0.04559588911224416,0.018020777612075704
1777878147.2721305,0.24062645437814192,-0.20380920969235122,0.49890842010036496,1,2.507448196411133,2.850770950317383,0.024626454379599066,-0.05031001779430885,0.020908076654203613
1777878147.3223248,0.2464432655117696,-0.20759024385189292,0.5016153363750528,1,2.1851062774658203,2.5081634521484375,0.03044326551322673,-0.054091051953850555,0.023614992928891472
1777878147.3744013,0.25337316016616623,-0.2111495103115358,0.5045375719751143,1,2.376079559326172,2.704143524169922,0.037373160167623355,-0.05765031841349344,0.026537228528952985
1777878147.4229321,0.2574697036603466,-0.21301174430559158,0.5059888776413105,1,1.0020732879638672,1.1920928955078125,0.04146970366180377,-0.05951255240754921,0.027988534195149146
1777878147.4746757,0.2651691733494195,-0.21568573234424512,0.5095260706385571,1,2.5222301483154297,2.8493404388427734,0.0491691733508766,-0.062186540446202754,0.03152572719239582
1777878147.5248587,0.27301479855461475,-0.2171260841169206,0.5134347409393146,1,2.562999725341797,2.9306411743164062,0.05701479855607187,-0.06362689221887824,0.03543439749315331
1777878147.575751,0.2768039924487523,-0.21734706540717214,0.5154087781892186,1,3.4186840057373047,3.7508010864257812,0.06080399245020945,-0.06384787350912977,0.03740843474305723
1777878147.633198,0.2848238773624488,-0.21638559854425707,0.5199254990476428,1,2.871274948120117,3.2291412353515625,0.06882387736390592,-0.0628864066462147,0.04192515560148152
1777878147.6834912,0.29202888475670996,-0.21367743292567248,0.5241662068068288,1,3.1228065490722656,3.453493118286133,0.0760288847581671,-0.060178241027630114,0.04616586336066752
1777878147.7333379,0.2986337494174318,-0.20955210345005817,0.5276014460197991,1,2.8586387634277344,3.2236576080322266,0.08263374941888899,-0.056052911552015805,0.04960110257363777
1777878147.7830338,0.3,-0.20668708936975838,0.5292743965650404,1,2.362489700317383,2.8336048126220703,0.08606982017833592,-0.05318789747171601,0.05127405311887907
1777878147.8333685,0.3,-0.2002131053003665,0.5321964425973428,1,2.0782947540283203,2.459287643432617,0.09208199802271497,-0.04671391340232414,0.054196099151181495
1777878147.8832185,0.3,-0.19214260678172654,0.534465093945673,1,1.8355846405029297,2.235889434814453,0.09729457361300424,-0.03864341488368417,0.056464750499511676
1777878147.9330294,0.3,-0.18768677773752837,0.5353980677172464,1,1.6040802001953125,1.9748210906982422,0.09940354151473786,-0.034187585839486,0.05739772427108507
1777878147.9836962,0.3,-0.1771737170981764,0.537123046542559,1,2.2246837615966797,2.5746822357177734,0.10316371136021206,-0.023674525200134022,0.05912270309639776
1777878148.034001,0.3,-0.16620157806737074,0.5385739416940704,1,2.409696578979492,2.8035640716552734,0.10639352450996528,-0.012702386169328367,0.06057359824790906
1777878148.0842834,0.3,-0.16065966858192424,0.5391007655520609,1,2.1820068359375,3.009796142578125,0.10805133287642485,-0.007160476683881867,0.0611004221058996
1777878148.1328094,0.3,-0.14938049632818565,0.5397255174879712,1,0.9448528289794922,1.1649131774902344,0.1105857783650972,0.004118695569856723,0.06172517404180984
1777878148.1831636,0.3,-0.13868238148679884,0.5398694155455488,1,1.222848892211914,1.5130043029785156,0.1120371618821622,0.014816810411243539,0.06186907209938743
1777878148.2344906,0.3,-0.13372847903194107,0.5397186319312264,1,2.3276805877685547,2.7344226837158203,0.11222336116875539,0.019770712866101298,0.06171828848506503
1777878148.284522,0.3,-0.1238082017538456,0.5389656136888891,1,1.1320114135742188,1.4843940734863281,0.11030345884678897,0.02969099014419676,0.060965270242727784
1777878148.335835,0.3,-0.11680393850496879,0.5373208245513864,1,2.423524856567383,2.7124881744384766,0.10912964176501934,0.03669525339307358,0.059320481105225094
1777878148.3858771,0.3,-0.11428277640400751,0.5365874828973336,1,2.3186206817626953,2.674579620361328,0.10741761687415738,0.03921641549403486,0.05858713945117227
1777878148.43439,0.3,-0.11086038547996388,0.5350941386485497,1,0.9520053863525391,1.1441707611083984,0.10042325182208829,0.04263880641807849,0.05709379520238835
1777878148.4860487,0.3,-0.10961988327954673,0.5331653740705707,1,2.37274169921875,2.714872360229492,0.08808942602667681,0.043879308618495635,0.05516503062440943
1777878148.5368462,0.2968106463681099,-0.10970496565816218,0.5317080214285163,1,3.0083656311035156,3.4155845642089844,0.08081064636956704,0.043794226239880184,0.0537076779823549
1777878148.5862825,0.2814463329774685,-0.11135627690059148,0.5283150875786381,1,2.470731735229492,2.7823448181152344,0.06544633297892567,0.04214291499745089,0.0503147441324768
1777878148.6363266,0.26514590650956094,-0.11430035824795244,0.5237925041951311,1,2.431631088256836,2.758502960205078,0.049145906511018106,0.03919883365008993,0.04579216074896983
1777878148.6856532,0.2561472086215589,-0.11614753822304136,0.5209070000221746,1,1.7421245574951172,2.0105838775634766,0.040147208623016024,0.03735165367500101,0.04290665657601332
1777878148.7364001,0.23885675020178848,-0.12060345405317031,0.5150738564101875,1,2.3908615112304688,2.6836395263671875,0.022856750203245617,0.032895737844872056,0.03707351296402624
1777878148.7868218,0.22127467811991275,-0.1263384940623869,0.5099185185825086,1,2.626180648803711,3.000497817993164,0.005274678121369877,0.027160697835655487,0.03191817513634731
1777878148.8378692,0.21283950097299192,-0.12916877201786553,0.5077003102207164,1,3.057718276977539,3.4914016723632812,-0.003160499025550942,0.024330419880176826,0.029699966774555088
1777878148.8878863,0.19635465535127947,-0.13474841720156494,0.5030575072741615,1,2.8586387634277344,3.2625198364257812,-0.019645344647263398,0.018750774696477443,0.025057163828000217
1777878148.9373672,0.18029579687715425,-0.13994270067685682,0.4995858257216068,1,2.310514450073242,2.6504993438720703,-0.035704203121388625,0.013556491221185532,0.021585482275445503
1777878148.987486,0.1734987182663816,-0.14262319005026663,0.4982369633398105,1,2.3419857025146484,2.6769638061523438,-0.04250128173216124,0.010876001847775735,0.02023661989364914
1777878149.037018,0.16145775358544784,-0.14887887884119078,0.49590495233416604,1,1.8303394317626953,2.1440982818603516,-0.05454224641309501,0.004620313056851594,0.01790460888800472
1777878149.0883436,0.1518986182061583,-0.1554430279235513,0.49345323714247935,1,2.9273033142089844,3.381013870239258,-0.06410138179238455,-0.0019438360255089326,0.015452893696318033
1777878149.1379545,0.1478550682278481,-0.15848973812702605,0.492313933596091,1,2.5353431701660156,2.8786659240722656,-0.06814493177069474,-0.004990546228983678,0.014313590149929688
1777878149.1874104,0.14155945393818942,-0.16465610658478252,0.49163669271949645,1,1.8801689147949219,2.1872520446777344,-0.07444054606035345,-0.01115691468674014,0.013636349273335145
1777878149.2384627,0.1380213212372739,-0.1709436602955474,0.4926240311737029,1,2.8111934661865234,3.160715103149414,-0.07797867876126897,-0.01744446839750502,0.014623687727541579
1777878149.2883308,0.13759484936400979,-0.17393502679489656,0.49354609387055104,1,2.6319026947021484,2.949953079223633,-0.07840515063453309,-0.020435834896854188,0.015545750424389715
1777878149.339163,0.13929245184185035,-0.18059938882457854,0.49582550645987195,1,3.3006668090820312,3.696918487548828,-0.07670754815669252,-0.027100196926536174,0.01782516301371062
1777878149.3883045,0.1446710250987787,-0.18900294042063587,0.49873166757359055,1,2.3288726806640625,2.6772022247314453,-0.07132897489976417,-0.0355037485225935,0.02073132412742922
1777878149.437985,0.14846668439613794,-0.1934521876335084,0.5004000515734969,1,2.010822296142578,2.2733211517333984,-0.06753331560240491,-0.039952995735466026,0.02239970812733552
1777878149.4874601,0.15814648828834646,-0.20245413732324866,0.5040273440953027,1,1.4257431030273438,1.6863346099853516,-0.05785351171019639,-0.04895494542520629,0.026027000649141416
1777878149.537565,0.17155020469981483,-0.212343487347353,0.5082265371141459,1,1.4522075653076172,1.7151832580566406,-0.04444979529872803,-0.058844295449310635,0.03022619366798461
1777878149.5874767,0.17951790481799831,-0.21749669842091368,0.5102420428219981,1,1.3210773468017578,1.5642642974853516,-0.03648209518054454,-0.06399750652287131,0.0322416993758368
1777878149.6392138,0.19756165152688,-0.2283156267266973,0.5139527944809791,1,2.8238296508789062,3.15093994140625,-0.018438348471662855,-0.07481643482865494,0.035952451034817715
1777878149.6901689,0.21591557004661283,-0.23735352990921088,0.5176365488620495,1,3.586292266845703,3.956317901611328,-8.442995193003438e-05,-0.08385433801116851,0.03963620541588818
1777878149.7380712,0.2253230718453347,-0.2410358353856788,0.519157473214749,1,1.1661052703857422,1.378774642944336,0.00932307184679186,-0.08753664348763643,0.041157129768587764
1777878149.7881157,0.24513296000074458,-0.24748709039328856,0.5227078731177962,1,1.1310577392578125,1.3475418090820312,0.02913296000220171,-0.09398789849524619,0.04470752967163487
1777878149.8393505,0.26398378660039873,-0.2509225722582062,0.5272968290897349,1,2.2079944610595703,2.490520477294922,0.04798378660185585,-0.09742338036016382,0.04929648564357348
1777878149.8910155,0.28011749841988093,-0.24948071006519879,0.5309462405350353,1,3.220796585083008,3.5560131072998047,0.06411749842133808,-0.09598151816715642,0.0529458970888739
1777878149.9410164,0.28679744446320776,-0.2470422120563531,0.5326063956882509,1,2.862691879272461,3.278970718383789,0.07079744446466488,-0.09354302015831073,0.05460605224208951
1777878149.9914312,0.2990409361073125,-0.23878158539059227,0.535113654988465,1,3.24249267578125,3.593921661376953,0.08304093610876964,-0.0852823934925499,0.0571133115423036
1777878150.0394096,0.3,-0.2327436186911866,0.5360969099862231,1,1.102447509765625,1.4824867248535156,0.08834796816526284,-0.07924442679314422,0.05809656654006175
1777878150.0894907,0.3,-0.21724367396290226,0.5372078070358851,1,0.7731914520263672,0.9562969207763672,0.09646148401906221,-0.06374448206485989,0.05920746358972376
1777878150.139843,0.3,-0.2008471291113721,0.5376639679626877,1,0.8270740509033203,1.026153564453125,0.10225261003623226,-0.04734793721332972,0.059663624516526396
1777878150.1942158,0.3,-0.1841305667676893,0.5384799918160488,1,2.3822784423828125,2.734661102294922,0.10620081158971681,-0.030631374869646927,0.06047964836988745
1777878150.244292,0.3,-0.17593992916426202,0.5390793977288268,1,0.8800029754638672,1.0983943939208984,0.10743364420522303,-0.022440737266219646,0.061079054282665475
1777878150.294462,0.3,-0.16037689960041385,0.540146111601892,1,0.9198188781738281,1.15203857421875,0.10823699205626766,-0.006877707702371491,0.06214576815573063
1777878150.3463624,0.3,-0.14508083807570954,0.5404230363287563,1,2.7790069580078125,2.99072265625,0.10697295619550591,0.00841835382233283,0.062422692882595054
1777878150.395291,0.3,-0.14018101869380742,0.5403134536872009,1,1.5194416046142578,1.8389225006103516,0.10853871384648156,0.013318173204234951,0.06231311024103953
1777878150.4462085,0.3,-0.131896597151937,0.5398201164157197,1,2.3148059844970703,2.700328826904297,0.11005208420417362,0.021602594746105375,0.06181977296955834
1777878150.496578,0.3,-0.12394596741330996,0.53899973794998,1,2.6254653930664062,3.0028820037841797,0.10584135754638749,0.02955322448473241,0.06099939450381868
1777878150.546161,0.3,-0.12079439853844723,0.5382555065161739,1,2.1779537200927734,2.539396286010742,0.10333817779557333,0.03270479335959515,0.06025516307001258
1777878150.5964944,0.3,-0.11510203083765284,0.5359719312172525,1,2.242565155029297,2.6397705078125,0.09376560473999768,0.038397161060389526,0.05797158777109117
1777878150.6458151,0.29743274459282554,-0.11189106241119079,0.5330102567529957,1,1.7094612121582031,1.912832260131836,0.08143274459428268,0.04160812948685158,0.05500991330683436
1777878150.6966105,0.2904589410278526,-0.11125660581206025,0.5313107426002617,1,2.326488494873047,2.6307106018066406,0.07445894102930972,0.04224258608598212,0.053310399154100345
1777878150.74771,0.27576810571927257,-0.11193745894672984,0.5268621178918863,1,3.206014633178711,3.635883331298828,0.059768105720729735,0.04156173295131253,0.04886177444572498
1777878150.7955132,0.25992719227337135,-0.11524518084013546,0.5219724498830092,1,1.127004623413086,1.3737678527832031,0.04392719227482847,0.038254011057906906,0.043972106436847846
1777878150.8457901,0.2518938314000175,-0.11760161134158975,0.5192759581188446,1,1.12152099609375,1.4591217041015625,0.03589383140147461,0.03589758055645261,0.04127561467268336
1777878150.8965755,0.23605707266414172,-0.12353925150596046,0.5135829636951927,1,1.8458366394042969,2.147674560546875,0.020057072665598856,0.02995994039208192,0.03558262024903143
1777878150.947691,0.21913767308157103,-0.1306334058485541,0.5081409758855302,1,2.7570724487304688,3.122091293334961,0.0031376730830281665,0.02286578604948826,0.030140632439368844
1777878150.9959967,0.21052177593775978,-0.1343262189472718,0.5058014783833154,1,1.1277198791503906,1.3470649719238281,-0.0054782240607830855,0.01917297295077057,0.027801134937153974
1777878151.046868,0.1937951118693658,-0.14127785975999435,0.5023929972223258,1,1.5919208526611328,1.8396377563476562,-0.022204888129177057,0.012221332138048005,0.02439265377616441
1777878151.0963314,0.1778526394010287,-0.14798073489097435,0.5005874166668756,1,1.0504722595214844,1.2598037719726562,-0.038147360597514175,0.005518457007068003,0.022587073220714182
1777878151.1482155,0.17039519147335583,-0.1512260745859964,0.5000743502746364,1,2.6750564575195312,3.043651580810547,-0.04560480852518702,0.0022731173120459774,0.02207400682847508
1777878151.1988053,0.15761273157953226,-0.1581355665748327,0.49968892283158334,1,3.191232681274414,3.5562515258789062,-0.05838726841901059,-0.004636374676790331,0.021688579385422006
1777878151.2490695,0.14826364476056986,-0.16520417440584095,0.5000617253682536,1,3.155946731567383,3.755331039428711,-0.067736355237973,-0.011704982507798584,0.022061381922092248
1777878151.2985084,0.14477240475746175,-0.1687564651432447,0.500583374308583,1,2.763986587524414,3.1054019927978516,-0.0712275952410811,-0.015257273245202319,0.022583030862421694
1777878151.3503845,0.13967755808657709,-0.17590992665422028,0.5020678399188405,1,4.45866584777832,4.886150360107422,-0.07632244191196577,-0.022410734756177914,0.02406749647267925
1777878151.399219,0.1382302199436246,-0.18333225581170848,0.5037681229843278,1,3.292560577392578,3.6437511444091797,-0.07776978005491826,-0.029833063913666094,0.025767779538166502
1777878151.4484515,0.1387619429637966,-0.187632693045505,0.5049049117211236,1,2.390146255493164,2.7594566345214844,-0.07723805703474626,-0.03413350114746262,0.026904568274962314
1777878151.4983463,0.14219342519180792,-0.19673938914095956,0.5073640478281123,1,2.112865447998047,2.5453567504882812,-0.07380657480673494,-0.04324019724291721,0.029363704381951017
1777878151.5496757,0.14933092204833318,-0.20651134049941583,0.5103366545321095,1,3.4863948822021484,3.8297176361083984,-0.06666907795020968,-0.05301214860137346,0.032336311085948255
1777878151.5985003,0.1543800991371295,-0.21191140894723026,0.5118681116730027,1,2.134084701538086,2.5091171264648438,-0.06161990086141337,-0.05841221704918789,0.03386776822684137
1777878151.6487937,0.16755201637244163,-0.22393742162394398,0.5150600066562878,1,2.340078353881836,2.850770950317383,-0.04844798362610122,-0.07043822972590161,0.037059663210126444
1777878151.699698,0.18362271401459893,-0.2367990903133079,0.5173490375796572,1,3.034830093383789,3.3957958221435547,-0.03237728598394393,-0.08329989841526553,0.03934869413349588
1777878151.7497256,0.1925244438135143,-0.2430135091333729,0.5190349998462255,1,2.9306411743164062,3.25775146484375,-0.02347555618502857,-0.08951431723533054,0.04103465640006415
1777878151.7989159,0.21003492647678018,-0.25296571616966385,0.5230937275518963,1,2.1402835845947266,2.390623092651367,-0.005965073521762667,-0.09946652427162148,0.04509338410573499
1777878151.8494303,0.22874197908197635,-0.2600318487718556,0.5289437061071172,1,2.5033950805664062,2.7964115142822266,0.012741979083433486,-0.10653265687381319,0.050943362660955824
1777878151.900814,0.23772331719708334,-0.2619940167969335,0.5322277247371754,1,3.706216812133789,4.112720489501953,0.021723317198540495,-0.10849482489889115,0.05422738129101412
1777878151.950226,0.2554648401938595,-0.2624255713024056,0.5386993242623397,1,3.0832290649414062,3.435850143432617,0.039464840195316646,-0.10892637940436328,0.06069898081617835
1777878152.0002897,0.27141645262258496,-0.2588452089034966,0.5446329365199152,1,3.075838088989258,3.4325122833251953,0.055416452624042094,-0.10534601700545426,0.06663259307375391
1777878152.0499241,0.2791433958496694,-0.25577493291522274,0.5474545255181985,1,2.6688575744628906,2.9976367950439453,0.06314339585112655,-0.10227574101718037,0.06945418207203718
1777878152.099333,0.2920359537440578,-0.24673626818361136,0.5515140872171828,1,1.8341541290283203,2.1169185638427734,0.07603595374551492,-0.09323707628556899,0.07351374377102145
1777878152.1501422,0.3,-0.23468107483145692,0.5530000750953543,1,2.3822784423828125,2.690553665161133,0.08732403518486175,-0.08118188293341455,0.07499973164919296
1777878152.201415,0.3,-0.22727279031337752,0.5530223572728442,1,2.7048587799072266,3.4568309783935547,0.0922840926278431,-0.07377359841533515,0.07502201382668292
1777878152.2520175,0.3,-0.21206923016302506,0.5526673553317958,1,2.506256103515625,2.8824806213378906,0.10027720690604057,-0.05857003826498269,0.0746670118856345
1777878152.3027685,0.3,-0.1940609554766162,0.55174670356804,1,3.0739307403564453,3.561735153198242,0.10615868596673553,-0.04056176357857383,0.07374636012187868
1777878152.3525858,0.3,-0.18527401754548878,0.5511710292496221,1,2.663850784301758,3.062009811401367,0.10796645904481929,-0.03177482564744641,0.07317068580346082
1777878152.402793,0.3,-0.16824806222644917,0.5498696670005122,1,2.7704238891601562,3.1414031982421875,0.11001502616192399,-0.014748870328406799,0.07186932355435084
1777878152.4525478,0.3,-0.1493217884324134,0.5480943563465293,1,2.493619918823242,2.8371810913085938,0.10962152569874412,0.004177403465628976,0.0700940129003679
1777878152.502676,0.3,-0.14123950603105967,0.5469326390289866,1,2.452373504638672,2.8748512268066406,0.10880208090371973,0.0122596858669827,0.06893229558282526
1777878152.5530035,0.3,-0.12781034331286892,0.5441560719843639,1,2.67791748046875,3.136157989501953,0.1092211671926504,0.025688848585173445,0.06615572853820259
1777878152.6033702,0.3,-0.117073814474563,0.541146512210091,1,2.8896331787109375,3.4339427947998047,0.10820403304486609,0.03642537742347937,0.0631461687639297
1777878152.6574159,0.3,-0.10807604428116155,0.5380693056844356,1,6.443500518798828,6.773233413696289,0.10161314582883876,0.04542314761688083,0.060068962238274196
1777878152.702302,0.3,-0.10425650425230132,0.5362125497776135,1,1.371622085571289,1.6036033630371094,0.09653206842802459,0.04924268764574105,0.05821220633145215
1777878152.764878,0.3,-0.09896612618854918,0.5325827954600565,1,13.731718063354492,14.078378677368164,0.08402360169681282,0.05453306570949319,0.05458245201389518
1777878152.803684,0.2872789644382595,-0.09683977760292659,0.5290301770158146,1,2.0117759704589844,2.3391246795654297,0.07127896443971667,0.056659414295115784,0.05102983356965322
1777878152.8546414,0.28018532283018555,-0.0969256064278102,0.527405947596104,1,2.8467178344726562,3.2231807708740234,0.06418532283164269,0.056573585470232175,0.0494056041499427
1777878152.9051228,0.26585245698753013,-0.09906339916065109,0.5238403475614147,1,3.2024383544921875,3.581523895263672,0.04985245698898724,0.054435792737391284,0.04584000411525342
1777878152.9545689,0.2510017134761556,-0.1036062655349431,0.5203425920305879,1,2.5892257690429688,2.9268264770507812,0.03500171347761274,0.04989292636309926,0.042342248584426485
1777878153.0040824,0.24304916801552717,-0.10612001910864133,0.5184951591806112,1,2.062559127807617,2.390623092651367,0.02704916801698433,0.04737917278940104,0.04049481573444983
1777878153.0548334,0.22638653242124582,-0.11253833491712237,0.5150522790364656,1,2.716541290283203,3.0694007873535156,0.010386532422702969,0.04096085698092,0.03705193559030422
1777878153.1050787,0.21080737065945004,-0.11975745351958732,0.5115915158485687,1,2.9337406158447266,3.2472610473632812,-0.005192629339092826,0.03374173837845505,0.03359117240240736
1777878153.1547785,0.20301307041937494,-0.12381909858702567,0.5095962784908457,1,2.4895668029785156,2.8650760650634766,-0.012986929579167925,0.029680093311016703,0.03159593504468433
1777878153.2051628,0.18787647484070336,-0.1317370761571633,0.5054990914250066,1,2.8150081634521484,3.1633377075195312,-0.028123525157839495,0.02176211574087908,0.027498747978845304
1777878153.2552998,0.17448413197447935,-0.13923184998360127,0.502352072105333,1,2.878427505493164,3.2341480255126953,-0.041515868024063506,0.014267341914441081,0.02435172865917167
1777878153.3057566,0.16832321004075318,-0.143139850022451,0.5010766605698505,1,2.8743743896484375,3.5097599029541016,-0.047676789957789664,0.010359341875591371,0.023076317123689113
1777878153.3561625,0.15656505414668725,-0.15088575771373425,0.498892097997942,1,3.4325122833251953,3.791332244873047,-0.05943494585185561,0.002613434184308122,0.020891754551780647
1777878153.4063516,0.1468242230653432,-0.15860771656289713,0.49691688479426527,1,3.589630126953125,3.9403438568115234,-0.06917577693319966,-0.005108524664854744,0.018916541348103933
1777878153.4568937,0.14272523230702014,-0.1625095497780023,0.4957161421739905,1,4.010438919067383,4.366397857666016,-0.07327476769152272,-0.009010357879959949,0.017715798727829194
1777878153.50621,0.1359774406532777,-0.16981454498594978,0.49340625695368406,1,3.281831741333008,3.6017894744873047,-0.08002255934526517,-0.016315353087907408,0.015405913507522725
1777878153.5542145,0.13125187565474256,-0.17724720736183447,0.4917497388326216,1,1.2371540069580078,1.4445781707763672,-0.08474812434380029,-0.023748015463792085,0.01374939538646023
1777878153.6056464,0.12958608052146858,-0.18125472775923246,0.49134958616116203,1,2.422332763671875,2.7081966400146484,-0.08641391947707426,-0.02775553586119009,0.013349242715000716
1777878153.6579065,0.12821735288608685,-0.19039049885336706,0.4921167060853663,1,4.510641098022461,4.889488220214844,-0.08778264711245601,-0.03689130695532468,0.01411636263920494
1777878153.7073174,0.12996907684742745,-0.20012340843882848,0.4947269156764705,1,3.882169723510742,4.231691360473633,-0.08603092315111541,-0.046624216540786106,0.01672657223030915
1777878153.7575939,0.1321934692284079,-0.2054266377996249,0.4964743223677005,1,4.0035247802734375,4.404544830322266,-0.08380653077013496,-0.05192744590158252,0.01847397892153918
1777878153.8084984,0.13885849749249457,-0.21631130556448083,0.5004444064968496,1,4.881381988525391,5.245447158813477,-0.0771415025060483,-0.06281211366643846,0.02244406305068829
1777878153.8577616,0.14929192661627855,-0.22791820539278856,0.5045309223063305,1,4.045248031616211,4.426717758178711,-0.06670807338226431,-0.0744190134947462,0.026530578860169133
1777878153.9069238,0.15643529602835302,-0.23367829783122782,0.5062134009868394,1,3.0851364135742188,3.4356117248535156,-0.05956470397018985,-0.08017910593318545,0.02821305754067807
1777878153.9563787,0.1737463413152674,-0.24677579838374472,0.5087920788755222,1,2.3429393768310547,2.7434825897216797,-0.04225365868327547,-0.09327660648570235,0.03079173542936095
1777878154.0091605,0.19294411631487493,-0.2582245271090182,0.5114538059547178,1,5.00178337097168,5.41996955871582,-0.023055883683667934,-0.10472533521097588,0.03345346250855647
1777878154.058018,0.2028754798067393,-0.26296153186702664,0.5128276461876276,1,3.867626190185547,4.204511642456055,-0.013124520191803544,-0.1094623399689843,0.034827302741466185
1777878154.1076512,0.22271277823105676,-0.27015382816113487,0.5175644847175214,1,3.123044967651367,3.4711360931396484,0.0067127782325139005,-0.1166546362630925,0.039564141271359994
1777878154.159978,0.2421594150680516,-0.27342200311600096,0.5219196537552622,1,5.301475524902344,5.71131706237793,0.026159415069508744,-0.11992281121795856,0.04391931030910081
1777878154.2080834,0.2502931719828999,-0.2722141228327395,0.5241716708363491,1,3.3867359161376953,3.7450790405273438,0.03429317198435706,-0.1187149309346971,0.04617132739018776
1777878154.2578292,0.2666147244958963,-0.2657179251929212,0.5276593388340953,1,3.137350082397461,3.4646987915039062,0.05061472449735346,-0.11221873329487883,0.049658995387933946
1777878154.3084202,0.2805035510299634,-0.25570283842850494,0.5305011038352426,1,3.5037994384765625,3.8497447967529297,0.06450355103142051,-0.10220364653046254,0.052500760389081344
1777878154.3581297,0.286424842748128,-0.24859389073326432,0.5315251980285085,1,3.114461898803711,3.478527069091797,0.07042484274958515,-0.09509469883522195,0.05352485458234722
1777878154.4071527,0.29750730707661055,-0.2324035107483685,0.5326709119118955,1,2.1157264709472656,2.416849136352539,0.08150730707806772,-0.07890431885032614,0.054670568465734246
1777878154.4581735,0.3,-0.21566947736464145,0.533430181854531,1,2.9783248901367188,3.6554336547851562,0.09054291007854243,-0.062170285466599085,0.0554298384083696
1777878154.5079148,0.3,-0.20728331150018908,0.5337963634324121,1,2.6106834411621094,3.0095577239990234,0.09426572469437265,-0.05378411960214671,0.055796019986250736
1777878154.556403,0.3,-0.19175697220399077,0.5348386400291634,1,1.1615753173828125,1.3890266418457031,0.10166321876282011,-0.0382577803059484,0.05683829658300207
1777878154.606442,0.3,-0.1770204299552637,0.5360363691490752,1,1.0728836059570312,1.3127326965332031,0.10678305898972246,-0.02352123805722134,0.05803602570291384
1777878154.6576304,0.3,-0.16925071326953803,0.5366688855079543,1,2.0275115966796875,2.398252487182617,0.10835712390916726,-0.015751521371495658,0.058668542061793
1777878154.706882,0.3,-0.1554959964292416,0.5377918890447907,1,1.0919570922851562,1.3175010681152344,0.1098982076389184,-0.0019968045311992283,0.05979154559862938
1777878154.756943,0.3,-0.14237753286267543,0.5387488563022531,1,1.0519027709960938,1.271963119506836,0.10821980173346749,0.011121659035366938,0.060748512856091785
1777878154.8069084,0.3,-0.13620180341894528,0.5389271609246068,1,0.9632110595703125,1.1777877807617188,0.10683650170578224,0.01729738847909708,0.06092681747844544
1777878154.8570936,0.3,-0.12599958939640454,0.5383649087627567,1,1.0318756103515625,1.2586116790771484,0.10341646213699004,0.027499602501637826,0.06036456531659529
1777878154.907155,0.3,-0.11803658634270209,0.5369327913814609,1,1.0361671447753906,1.2900829315185547,0.09748988613385237,0.03546260555534029,0.05893244793529952
1777878154.9571948,0.3,-0.11475897927852764,0.5359558207342241,1,0.9984970092773438,1.2195110321044922,0.09339954853601595,0.03874021261951473,0.05795547728806281
1777878155.0070155,0.2991527269337431,-0.10973458498571216,0.5334660416382921,1,0.8082389831542969,1.0042190551757812,0.08315272693520025,0.04376460691233021,0.05546569819213087
1777878155.0572948,0.2865952775735429,-0.10637959944091702,0.530499741628388,1,0.9212493896484375,1.1320114135742188,0.07059527757500006,0.047119592457125346,0.052499398182226625
1777878155.1095424,0.2792972285267254,-0.10577193303263781,0.5285959529023619,1,1.0533332824707031,1.6605854034423828,0.06329722852818255,0.04772725886540456,0.05059560945620057
1777878155.1601021,0.26388186532662533,-0.10611751693347117,0.5242998787847325,1,1.543283462524414,1.7883777618408203,0.04788186532808245,0.0473816749645712,0.046299535338571195
1777878155.2102866,0.24648214857645673,-0.10871054092849292,0.5190267440964854,1,1.0573863983154297,1.4030933380126953,0.030482148577913856,0.044788650969549454,0.04102640065032409
1777878155.2602217,0.22795017472686294,-0.11392776002002204,0.5129432694052163,1,1.0318756103515625,1.219034194946289,0.011950174728320067,0.03957143187802033,0.034942925959055016
1777878155.3135982,0.21861379256791136,-0.11713847010266366,0.5100529314100534,1,3.760814666748047,4.081964492797852,0.0026137925693684987,0.036360721795378706,0.032052587963892085
1777878155.366604,0.2003459961423921,-0.12495475247684439,0.5047841829145809,1,3.8378238677978516,4.178047180175781,-0.015654003856150754,0.028544439421197984,0.026783839468419595
1777878155.4159727,0.18442135669003637,-0.13404303540698073,0.49999912409396446,1,3.1392574310302734,3.464221954345703,-0.03157864330850648,0.019456156491061645,0.021998780647803116
1777878155.4666343,0.17672270978976667,-0.13835837580394714,0.49807772165783015,1,2.565145492553711,2.8791427612304688,-0.03927729020877618,0.015140816094095233,0.0200773782116688
1777878155.5171812,0.16302919201677948,-0.1467855067129366,0.4949498203095712,1,2.966642379760742,3.358602523803711,-0.05297080798176337,0.006713685185105761,0.016949476863409883
1777878155.5674088,0.1520548965919007,-0.15606275275823867,0.4929522410606011,1,3.1616687774658203,3.5064220428466797,-0.06394510340664217,-0.0025635608601962817,0.01495189761443979
1777878155.6172652,0.1474403421111048,-0.16136266362767981,0.49265127724091756,1,2.8662681579589844,3.2651424407958984,-0.06855965788743806,-0.00786347172963743,0.014650933794756245
1777878155.668202,0.14065046898526284,-0.17153584765277224,0.49328325981852716,1,3.7965774536132812,4.13966178894043,-0.07534953101328,-0.018036655754729874,0.015282916372365847
1777878155.7177825,0.13751596022039186,-0.18253843307330705,0.4960269688622606,1,3.214597702026367,3.650665283203125,-0.078484039778151,-0.029039241175264685,0.01802662541609929
1777878155.7685158,0.13770559378551117,-0.18852825099530834,0.4980373669024923,1,3.6509037017822266,4.044055938720703,-0.07829440621303169,-0.035029059097265974,0.02003702345633097
1777878155.8191218,0.14196638592702815,-0.20258027540817802,0.5040203790579397,1,4.134654998779297,4.499673843383789,-0.07403361407151472,-0.049081083510135654,0.026020035611778427
1777878155.8690417,0.1511347960134156,-0.2180879345437657,0.5105962291097136,1,3.9520263671875,4.348516464233398,-0.06486520398512727,-0.06458874264572334,0.03259588566355225
1777878155.918371,0.1569772038700711,-0.22627329920898837,0.5135580034457219,1,3.3273696899414062,3.5963058471679688,-0.05902279612847174,-0.072774107310946,0.03555765999956053
1777878155.9664867,0.1711015979440098,-0.2439853202665844,0.519159703296649,1,1.3132095336914062,1.5494823455810547,-0.04489840205453306,-0.09048612836854203,0.04115935985048759
1777878156.0185905,0.18745325389697495,-0.26064686577930707,0.5244969333173635,1,2.7985572814941406,3.0622482299804688,-0.028546746101567898,-0.10714767388126467,0.04649658987120213
1777878156.0695047,0.19598836616196386,-0.26795239850192476,0.5272517771335151,1,3.5326480865478516,3.862142562866211,-0.02001163383657901,-0.11445320660388236,0.04925143368735376
1777878156.1204464,0.2140784707331257,-0.2790131568165007,0.5327039137592818,1,4.326343536376953,4.722356796264648,-0.0019215292654171726,-0.12551396491845832,0.0547035703131205
1777878156.1678574,0.23185877590561166,-0.2840116633671055,0.5377095445777798,1,1.7828941345214844,2.0406246185302734,0.015858775907068814,-0.13051247146906308,0.059709201131618386
1777878156.2211063,0.2406909085850764,-0.2843209271253352,0.5396666841007833,1,4.947423934936523,5.22923469543457,0.024690908586533562,-0.13082173522729285,0.06166634065462205
1777878156.2704592,0.2569825079283681,-0.2790360442414187,0.5432588034875626,1,4.149198532104492,4.514455795288086,0.0409825079298252,-0.1255368523433763,0.0652584600414013
1777878156.320205,0.2719719390824007,-0.2688189488726831,0.545299067645048,1,3.820180892944336,4.178285598754883,0.05597193908385783,-0.1153197569746407,0.06729872419888669
1777878156.3695807,0.27864550940936045,-0.2629434579967851,0.5460115907073294,1,3.145456314086914,3.4804344177246094,0.0626455094108176,-0.10944426609874269,0.0680112472611681
1777878156.4190562,0.29193698755250413,-0.24850487473337743,0.5468558416617029,1,2.5949478149414062,2.8886795043945312,0.07593698755396128,-0.09500568283533506,0.06885549821554159
1777878156.4699852,0.3,-0.23167012701470308,0.5474320163555438,1,3.412961959838867,3.742218017578125,0.08626662144301728,-0.0781709351166607,0.06943167290938256
1777878156.5188103,0.3,-0.22223538337413773,0.5478499086930266,1,1.9938945770263672,2.314329147338867,0.09044125870581528,-0.06873619147609536,0.06984956524686525
1777878156.5698016,0.3,-0.2030947727634577,0.5485132238518466,1,2.774953842163086,3.1630992889404297,0.09635269293826408,-0.04959558086541532,0.07051288040568526
1777878156.6181445,0.3,-0.18575424881265573,0.5483675999919015,1,1.2602806091308594,1.4789104461669922,0.10156223713857565,-0.032255056914613375,0.07036725654574025
1777878156.6693223,0.3,-0.17704208844490765,0.5478580480913892,1,2.1703243255615234,2.4733543395996094,0.10276427690178855,-0.023542896546865283,0.06985770464522781
1777878156.719509,0.3,-0.15974427306730019,0.5457780423829884,1,2.2802352905273438,2.5911331176757812,0.10248051417143833,-0.006245081169257816,0.06777769893682713
1777878156.7694561,0.3,-0.14372498472082362,0.5433439590870531,1,2.1619796752929688,2.465486526489258,0.09869777598801212,0.009774207177218733,0.0653436156408918
1777878156.8202567,0.3,-0.13713413910192127,0.5420136370629243,1,2.741098403930664,3.1585693359375,0.09566309776545565,0.016365052796121105,0.06401329361676296
1777878156.8709176,0.3,-0.12647409974876256,0.5391822683702673,1,2.979755401611328,3.3233165740966797,0.08838257181592889,0.027025092149279804,0.06118192492410594
1777878156.918794,0.29495501263587703,-0.11891949354699682,0.5353064547800629,1,0.9090900421142578,1.1208057403564453,0.07895501263733418,0.034579698351045546,0.057306111333901545
1777878156.968801,0.2898365729396596,-0.11626284018152871,0.5331973556440793,1,0.8647441864013672,1.055002212524414,0.0738365729411167,0.037236351716513655,0.05519701219791798
1777878157.0199773,0.2780556074026615,-0.11333548429338615,0.5293280203501343,1,1.8513202667236328,2.1491050720214844,0.06205560740411863,0.04016370760465622,0.05132767690397292
1777878157.069902,0.2651205960834947,-0.11261599497058261,0.5258302470607006,1,1.7292499542236328,1.9946098327636719,0.049120596084951826,0.040883196927459765,0.04782990361453927
1777878157.1207328,0.2577979792879626,-0.11322565326681164,0.5241237771040351,1,1.7926692962646484,2.08282470703125,0.041797979289419744,0.04027353863123073,0.04612343365787378
1777878157.1705692,0.24408977659233297,-0.1160497357984725,0.5206851771031525,1,1.2753009796142578,1.4808177947998047,0.028089776593790118,0.03744945609956987,0.04268483365699122
1777878157.2219157,0.22980130734421098,-0.12048695974408216,0.5172587721391979,1,2.458810806274414,2.7484893798828125,0.013801307345668128,0.03301223215396021,0.039258428693036564
1777878157.27213,0.2220760821501076,-0.12340865384101396,0.5154166158282599,1,2.537965774536133,2.883434295654297,0.0060760821515647295,0.030090538057028403,0.03741627238209859
1777878157.3224235,0.20661498688258206,-0.13026982407538273,0.5115694221056499,1,2.7687549591064453,3.103494644165039,-0.009385013115960796,0.023229367822659636,0.03356907865948856
1777878157.3741062,0.19146265279707353,-0.13807670851738502,0.5068516890474117,1,2.649068832397461,2.9294490814208984,-0.02453734720146933,0.015422483380657354,0.028851345601250432
1777878157.4242775,0.17797683229243116,-0.1457347191541683,0.49919116481241654,1,2.7244091033935547,3.0236244201660156,-0.03802316770611169,0.007764472743874082,0.021190821366255243
1777878157.4743326,0.17147960331394296,-0.15004752335737545,0.4949049642961114,1,2.7000904083251953,3.0024051666259766,-0.04452039668459989,0.003451668540666919,0.016904620849950085
1777878157.5246038,0.15937570614983912,-0.16121102780216154,0.48806293510999815,1,2.878427505493164,3.213644027709961,-0.056624293848703745,-0.007711835904119169,0.010062591663836842
1777878157.5748546,0.14856029498576184,-0.17283835501535452,0.4829381427352657,1,3.0908584594726562,3.391742706298828,-0.067439705012781,-0.019339163117312153,0.004937799289104379
1777878157.6247556,0.14310168576857107,-0.17814238494141882,0.4817703078710224,1,2.913236618041992,3.2525062561035156,-0.07289831422997178,-0.024643193043376463,0.0037699644248610567
1777878157.6754296,0.1339540641182692,-0.18773704126324167,0.48095973992561974,1,3.535032272338867,3.8564205169677734,-0.08204593588027365,-0.0342378493651993,0.0029593964794584066
1777878157.7261543,0.1304047564539213,-0.19283240109804,0.4810469498944244,1,4.174709320068359,4.500865936279297,-0.08559524354462156,-0.03933320919999764,0.0030466064482631075
1777878157.775771,0.12626294334557697,-0.20329466030427804,0.48210439334171623,1,3.6563873291015625,4.03594970703125,-0.08973705665296589,-0.049795468406235666,0.00410404989555492
1777878157.8276436,0.12615589251642095,-0.21424817308620112,0.4849164880936209,1,3.95965576171875,4.292011260986328,-0.08984410748212192,-0.060748981188158746,0.006916144647459578
1777878157.8779423,0.12937261138146156,-0.2255951728887491,0.48905568729907095,1,4.211187362670898,4.520416259765625,-0.08662738861708129,-0.07209598099070674,0.011055343852909634
1777878157.927749,0.13275355292997604,-0.23167294498121,0.4913844239654687,1,3.790616989135742,4.127264022827148,-0.0832464470685668,-0.07817375308316762,0.013384080519307374
1777878157.9774432,0.14158853165219137,-0.24306976935046645,0.4956894122357452,1,3.392457962036133,3.751993179321289,-0.07441146834635148,-0.08957057745242408,0.01768906878958386
1777878158.0278237,0.15444660475627514,-0.2559994065885519,0.49857582056303634,1,3.8199424743652344,4.05430793762207,-0.061553395242267724,-0.10250021469050957,0.020575477116874998
1777878158.0777638,0.16199180463891102,-0.2622250407167317,0.49963433346684405,1,3.4978389739990234,3.862619400024414,-0.054008195359631826,-0.1087258488186893,0.02163399002068271
1777878158.1262171,0.1801879355878474,-0.27341018603787004,0.5032226807618889,1,1.9092559814453125,2.1190643310546875,-0.03581206441069547,-0.1199109941398277,0.025222337315727587
1777878158.1780815,0.19969036398126233,-0.28072098201727747,0.5084026524193755,1,3.6287307739257812,3.942728042602539,-0.016309636017280534,-0.12722179011923507,0.030402308973214245
1777878158.2288141,0.20996919366250305,-0.2830564298819336,0.5114402950197289,1,4.187583923339844,4.576921463012695,-0.00603080633603981,-0.1295572379838912,0.03343995157356754
1777878158.2785563,0.2308875851147424,-0.28392436864635007,0.5176511552816078,1,3.7665367126464844,4.13060188293457,0.014887585116199545,-0.1304251767483077,0.03965081183544643
1777878158.328163,0.2489867815830461,-0.2791123431992465,0.5227591764475785,1,3.4132003784179688,3.7009716033935547,0.03298678158450326,-0.1256131513012041,0.04475883300141718
1777878158.3780951,0.2568792760418689,-0.27411246817470125,0.5250913056124916,1,3.152132034301758,3.5865306854248047,0.04087927604332602,-0.12061327627665891,0.04709096216633032
1777878158.427482,0.27497337602992783,-0.26567683545617093,0.5285817793495177,1,2.504110336303711,2.8688907623291016,0.05897337603138495,-0.11217764355812856,0.05058143590335639
1777878158.4786785,0.2882359555715387,-0.25165882014598384,0.5308831498806994,1,3.7491321563720703,3.966808319091797,0.07223595557299584,-0.09815962824794144,0.0528828064345381
1777878158.5286047,0.29391306473912093,-0.24341907842081928,0.531696877268093,1,3.3156871795654297,3.793478012084961,0.07791306474057809,-0.08991988652277691,0.05369653382193167
1777878158.578781,0.3,-0.22627512986371398,0.5329658614488163,1,3.4999847412109375,3.8614273071289062,0.08791189501050331,-0.07277593796567161,0.054965518002654985
1777878158.6273909,0.3,-0.2094718288766201,0.5339196016739773,1,2.103090286254883,2.4170875549316406,0.0977639449857082,-0.05597263697857774,0.05591925822781601
1777878158.6778579,0.3,-0.2003002777325867,0.5342163168275742,1,2.4802684783935547,2.8057098388671875,0.10173041283144058,-0.04680108583454434,0.05621597338141286
1777878158.729213,0.3,-0.18228410866833925,0.53428993527148,1,3.659963607788086,4.049539566040039,0.10650477528618339,-0.028784916770296876,0.05628959182531878
1777878158.7781363,0.3,-0.1657646921395743,0.5336611572666702,1,2.5510787963867188,2.9304027557373047,0.1085681687011919,-0.012265500241531904,0.05566081382050887
1777878158.827872,0.3,-0.15793575064435633,0.5331589385970831,1,2.0780563354492188,2.5637149810791016,0.10936627951664914,-0.004436558746313962,0.055158595150921745
1777878158.8779535,0.3,-0.14402043893435612,0.5316570230402846,1,2.270936965942383,2.578258514404297,0.10663216220509877,0.009478752963686249,0.05365667959412325
1777878158.928491,0.3,-0.13298679656912665,0.5299449543287569,1,2.675771713256836,3.0155181884765625,0.09892513329813392,0.020512395328915703,0.05194461088259554
1777878158.976604,0.3,-0.12907811983875966,0.5286990524849331,1,0.8096694946289062,1.0876655578613281,0.09412956641049366,0.024421072059282706,0.05069870903877179
1777878159.0277836,0.3,-0.12380204839752984,0.5258055989738892,1,1.9202232360839844,2.1898746490478516,0.08444896639172786,0.02969714350051253,0.0478052555277279
1777878159.0785224,0.2884014959227939,-0.12053490911507753,0.52281457474829,1,2.5146007537841797,2.854585647583008,0.07240149592425105,0.032964282782964836,0.04481423130212869
1777878159.1284235,0.28103509594534315,-0.11955598535120676,0.5209071589186341,1,2.3212432861328125,2.671957015991211,0.0650350959468003,0.0339432065468356,0.04290681547247284
1777878159.1789262,0.265378820766529,-0.11979363675672047,0.5167496533410458,1,2.6874542236328125,3.0782222747802734,0.04937882076798616,0.0337055551413219,0.03874930989488452
1777878159.2287614,0.2483769058589379,-0.12296376271404992,0.5117872903803197,1,2.4483203887939453,2.8324127197265625,0.03237690586039505,0.03053542918399245,0.033786946934158374
1777878159.2794025,0.239827460844266,-0.12548600899466428,0.5091688472100765,1,2.463817596435547,3.4062862396240234,0.023827460845723146,0.028013182903378106,0.031168503763915202
1777878159.3274317,0.2231718226317764,-0.13220893810706397,0.5036149258763414,1,1.077413558959961,1.341104507446289,0.007171822633233556,0.021290253790978396,0.02561458243018002
1777878159.3792117,0.20780694745313047,-0.1410050044053279,0.497911183632687,1,2.549409866333008,3.0546188354492188,-0.008193052545412383,0.01249418749271447,0.019910840186525676
1777878159.4292605,0.20096807552863857,-0.14609167808861762,0.49512266778274444,1,2.664804458618164,3.0181407928466797,-0.015031924469904272,0.00740751380942474,0.01712232433658313
1777878159.4787683,0.18707676279616597,-0.1571509869893338,0.4905619689529774,1,1.7621517181396484,2.0737648010253906,-0.028923237202376877,-0.003651795091291432,0.012561625506816033
1777878159.5304585,0.17371439173550354,-0.16779717014374085,0.48696338945082607,1,3.278493881225586,3.6590099334716797,-0.042285608263039315,-0.014297978245698478,0.00896304600466475
1777878159.579571,0.16668623909427754,-0.1725944190406915,0.4852889273659211,1,2.4347305297851562,2.747774124145508,-0.04931376090426531,-0.019095227142649135,0.007288583919759804
1777878159.6299212,0.15267546251564112,-0.18055236195743318,0.4834039659616106,1,2.7246475219726562,3.0431747436523438,-0.06332453748290175,-0.027053170059390813,0.005403622515449263
1777878159.681458,0.14142915432584377,-0.18691633478298988,0.48265223768871846,1,3.7522315979003906,4.009008407592773,-0.07457084567269909,-0.033417142884947515,0.004651894242557138
1777878159.7293594,0.13663568626649908,-0.19051172740564473,0.4831740158850124,1,1.5478134155273438,1.8296241760253906,-0.07936431373204378,-0.03701253550760236,0.0051736724388511054
1777878159.7789848,0.13030194326474584,-0.19889222310019813,0.4855831217038585,1,1.21307373046875,1.394510269165039,-0.08569805673379702,-0.045393031202155765,0.007582778257697133
1777878159.8317664,0.12850598850875222,-0.20795906013832252,0.4891134816970435,1,3.6592483520507812,4.01616096496582,-0.08749401148979065,-0.05445986824028015,0.01111313825088217
1777878159.880549,0.12878271493572446,-0.21267428870331914,0.49084511785258617,1,2.398252487182617,2.7370452880859375,-0.08721728506281838,-0.05917509680527677,0.012844774406424828
1777878159.9326272,0.1322300714679658,-0.22338280046491696,0.49475807922410764,1,4.319667816162109,4.6901702880859375,-0.08376992853057705,-0.06988360856687459,0.016757735777946307
1777878159.9829173,0.1390259387569497,-0.2343077139185216,0.49871660677488516,1,4.537820816040039,4.921197891235352,-0.07697406124159314,-0.08080852202047922,0.020716263328723856
1777878160.0350916,0.14950322306525965,-0.24662810270828195,0.5024048728658495,1,4.1294097900390625,4.319190979003906,-0.06649677693328321,-0.09312891081023958,0.024404529419688077
1777878160.084174,0.15655225562274222,-0.2529952690840147,0.5038750147320251,1,2.9611587524414062,3.3011436462402344,-0.05944774437580063,-0.09949607718597236,0.025874671285863786
1777878160.135943,0.17268606567992362,-0.2630884375420538,0.5064415684227619,1,4.61578369140625,4.998207092285156,-0.043313934318619234,-0.1095892456440114,0.028441224976600586
1777878160.185559,0.19182044194319545,-0.27057217204268325,0.5087533803365099,1,4.228115081787109,4.5413970947265625,-0.024179558055347404,-0.1170729801446409,0.03075303689034857
1777878160.2344463,0.20125894157131285,-0.27279195206838647,0.5100176442313752,1,3.0694007873535156,3.3593177795410156,-0.014741058427230008,-0.11929276017034413,0.032017300785213906
1777878160.2853417,0.22128898950150377,-0.2749547224390564,0.5132864644400836,1,3.8721561431884766,4.183530807495117,0.0052889895029609195,-0.12145553054101399,0.03528612099392234
1777878160.3349297,0.24203751056141068,-0.2744954091576083,0.5167608588340635,1,3.3538341522216797,3.7186145782470703,0.02603751056286783,-0.12099621725956594,0.03876051538790218
1777878160.3856106,0.25205568518240246,-0.2730363629542695,0.5187141768284212,1,3.6416053771972656,4.051685333251953,0.03605568518385958,-0.11953717105622708,0.04071383338225994
1777878160.436357,0.269834618801444,-0.26637407588720863,0.5227542489999362,1,3.297090530395508,3.624439239501953,0.053834618802901135,-0.11287488398916623,0.044753905553774814
1777878160.4865398,0.28204548992123124,-0.25279891612344435,0.5269735947502052,1,3.389120101928711,3.719329833984375,0.06604548992268836,-0.09929972422540198,0.048973251304043876
1777878160.5362203,0.2882777587222154,-0.2462327181579838,0.5287483201567149,1,2.9954910278320312,3.3266544342041016,0.07227775872367251,-0.09273352625994144,0.050747976710553575
1777878160.5862777,0.299323403254571,-0.23099851008617453,0.5313184332936182,1,2.9900074005126953,3.3142566680908203,0.08332340325602818,-0.07749931818813216,0.053318089847456875
1777878160.6356442,0.3,-0.21331657213068345,0.5337614944207265,1,2.2971630096435547,2.612590789794922,0.0919291970990817,-0.059817380232641076,0.055761150974565195
1777878160.6856818,0.3,-0.2037539464825799,0.5349749158297694,1,2.213716506958008,2.5644302368164062,0.09520514788148034,-0.05025475458453754,0.05697457238360812
1777878160.736223,0.3,-0.18495500414025684,0.5371515247458802,1,2.6814937591552734,3.0367374420166016,0.09954664503554769,-0.03145581224221447,0.059151181299718865
1777878160.7847998,0.3,-0.17600427939268828,0.5379298212035242,1,1.0857582092285156,1.3201236724853516,0.10088477431865066,-0.022505087494645915,0.05992947775736287
1777878160.836504,0.3,-0.16170955375492532,0.538566018027905,1,2.543210983276367,2.9211044311523438,0.10204092151691041,-0.008210361856882953,0.06056567458174367
1777878160.8862417,0.3,-0.14764916327910171,0.5375275311964844,1,1.9545555114746094,2.346038818359375,0.09823910075843345,0.005850028618940656,0.05952718775032308
1777878160.9368894,0.3,-0.14079484249357355,0.5358330980048774,1,2.4275779724121094,2.7594566345214844,0.0946218892318561,0.012704349404468823,0.057832754558716074
1777878160.9871068,0.3,-0.12934292092647537,0.5318758419847033,1,2.507448196411133,2.8879642486572266,0.08484660335030879,0.024156270971567015,0.05387549853854198
1777878161.0370202,0.29062402934952514,-0.12344867949934947,0.5269165246284311,1,2.412557601928711,2.7616024017333984,0.07462402935098225,0.0300505123986929,0.048916181182269765
1777878161.0872715,0.27642764104132483,-0.12005664098893716,0.5214581348402759,1,2.6226043701171875,2.9501914978027344,0.06042764104278197,0.03344255090910521,0.043457791394114556
1777878161.1377017,0.2685259328136013,-0.11961196753903097,0.5188528232160815,1,2.8820037841796875,3.303050994873047,0.05252593281505848,0.0338872243590114,0.04085247976992021
1777878161.1875017,0.25193936185177435,-0.12107486519622367,0.5134738929365616,1,2.7153491973876953,3.032207489013672,0.03593936185323151,0.032424326701818704,0.03547354949040038
1777878161.2373762,0.23558312218478036,-0.12515747611239356,0.507627835677436,1,2.537250518798828,2.8564929962158203,0.019583122186237513,0.02834171578564882,0.029627492231274588
1777878161.2874775,0.22715687228626402,-0.12837739245839727,0.5042493865086408,1,2.5060176849365234,2.8836727142333984,0.011156872287721152,0.02512179943964509,0.026249043062479542
1777878161.3375733,0.2105022885156588,-0.13635946022584156,0.49808525511230123,1,2.559661865234375,2.9234886169433594,-0.005497711482884065,0.017139731672200814,0.020084911666139904
1777878161.3886485,0.19669570168921974,-0.14548773160305684,0.4932156031741544,1,3.5288333892822266,3.9136409759521484,-0.01930429830932312,0.008011460294985534,0.01521525972799307
1777878161.4362853,0.18927053362083354,-0.15134613074711517,0.4912279610418685,1,1.1415481567382812,1.3637542724609375,-0.02672946637770931,0.002153061150927199,0.013227617595707182
1777878161.4881382,0.17518467587768966,-0.16167832730363033,0.4893815276979797,1,2.7501583099365234,3.1332969665527344,-0.040815324120853196,-0.008179135405587956,0.011381184251818395
1777878161.5383153,0.1630828173084195,-0.1720328226313842,0.48889905738038797,1,2.8061866760253906,3.1397342681884766,-0.05291718269012336,-0.018533630733341827,0.010898713934226638
1777878161.5889008,0.15773938852853747,-0.17677874462126664,0.4890835144410212,1,3.2777786254882812,3.6487579345703125,-0.05826061147000538,-0.023279552723224267,0.011083170994859913
1777878161.6370218,0.14823072638269402,-0.1858085317847593,0.48998934905145425,1,1.4955997467041016,1.6794204711914062,-0.06776927361584884,-0.032309339886716956,0.011989005605292917
1777878161.6894195,0.14077126606865775,-0.19488697269365327,0.49211310420511045,1,3.6492347717285156,4.001855850219727,-0.0752287339298851,-0.041387780795610896,0.014112760758949135
1777878161.738874,0.1382435759682521,-0.1996186045220146,0.4935773927094124,1,3.027677536010742,3.3719539642333984,-0.07775642403029077,-0.046119412623972234,0.015577049263251118
1777878161.7894905,0.1360570086941789,-0.20997747751938126,0.4973750374488041,1,3.5865306854248047,3.9157867431640625,-0.07994299130436397,-0.056478285621338886,0.019374694002642794
1777878161.8374763,0.13731405800604152,-0.22058442158662675,0.5021251076494984,1,1.668691635131836,1.8618106842041016,-0.07868594199250134,-0.06708522968858438,0.024124764203337087
1777878161.8895774,0.13937084480521675,-0.22753096693787836,0.5049862659350094,1,3.5982131958007812,3.8704872131347656,-0.07662915519332611,-0.07403177503983599,0.02698592248884811
1777878161.941474,0.14607658881807842,-0.24152872904906736,0.5105646761126996,1,5.239963531494141,5.610466003417969,-0.06992341118046444,-0.08802953715102499,0.0325643326665383
1777878161.9968305,0.1564084188025291,-0.25523004773043134,0.5156085208782829,1,10.634183883666992,10.857582092285156,-0.05959158119601377,-0.10173085583238894,0.03760817743212154
1777878162.0400412,0.16263776665213342,-0.26176456631492784,0.5180870370410158,1,3.0517578125,3.987550735473633,-0.053362233346409445,-0.1082653744168855,0.040086693594854464
1777878162.0915563,0.17737478180852503,-0.2728237754062639,0.5222940433207989,1,5.068302154541016,5.437374114990234,-0.03862521819001782,-0.1193245835082215,0.04429369987463759
1777878162.138173,0.19501137324813525,-0.28032524760565436,0.5261789026725108,1,1.7995834350585938,1.9834041595458984,-0.0209886267504076,-0.12682605570761196,0.048178559226349414
1777878162.1891582,0.2044119600278739,-0.28245210731087944,0.5281547541216431,1,2.6617050170898438,2.920866012573242,-0.011588039970668955,-0.12895291541283704,0.050154410675481854
1777878162.2414176,0.22302738085182652,-0.2833645134986198,0.5319432533428797,1,4.737138748168945,5.096435546875,0.007027380853283654,-0.12986532160057745,0.053942909896718384
1777878162.29096,0.24197644051400993,-0.27985124150437224,0.5352335872961478,1,4.194021224975586,4.551887512207031,0.025976440515467075,-0.12635204960632987,0.057233243849986445
1777878162.3409455,0.2506386665754198,-0.2752931525954545,0.5368083637310932,1,4.121303558349609,4.456281661987305,0.03463866657687689,-0.12179396069741213,0.058808020284931845
1777878162.390837,0.26686235780884443,-0.2639834455305554,0.5405591102780338,1,3.885030746459961,4.248857498168945,0.05086235781030156,-0.11048425363251302,0.0625587668318725
1777878162.4407997,0.27999755234641677,-0.2521495575223932,0.5438631780923372,1,3.788471221923828,4.153013229370117,0.06399755234787392,-0.09865036562435087,0.06586283464617584
1777878162.4904463,0.2860864342192473,-0.2453534383632809,0.5453875026200802,1,3.0405521392822266,3.4401416778564453,0.0700864342207044,-0.09185424646523854,0.06738715917391885
1777878162.540997,0.2962225190109964,-0.22973623155517256,0.5483595617032957,1,3.509521484375,3.873586654663086,0.08022251901245353,-0.07623703965713019,0.07035921825713436
1777878162.5906904,0.3,-0.21314678012604296,0.5508401297194006,1,3.1108856201171875,3.4918785095214844,0.08799350841766768,-0.05964758822800059,0.07283978627323925
1777878162.640522,0.3,-0.20476022619511627,0.5516611951632682,1,2.825021743774414,3.2415390014648438,0.0911305029871,-0.051261034297073904,0.07366085171710689
1777878162.6901236,0.3,-0.185520766434647,0.5523879154206147,1,2.409696578979492,2.7625560760498047,0.09321025345037284,-0.03202157453660462,0.07438757197445335
1777878162.7407215,0.3,-0.1675007592990424,0.5513499774825562,1,2.864837646484375,3.2663345336914062,0.09264394945081741,-0.014001567401000017,0.07334963403639488
1777878162.7902765,0.3,-0.15908963773829027,0.5500612378977491,1,2.359151840209961,2.724885940551758,0.09152372746653084,-0.0055904458402478985,0.07206089445158778
1777878162.8403609,0.3,-0.1444018984943573,0.5464853247930762,1,2.3720264434814453,2.730846405029297,0.08770478714034491,0.009097293403685078,0.06848498134691486
1777878162.8910687,0.2984079195889453,-0.1324045395207767,0.5419675597679097,1,2.956867218017578,3.3600330352783203,0.08240791959040242,0.02109465237726569,0.06396721632174834
1777878162.9408243,0.29463282694411974,-0.1269949185376965,0.5393291634967754,1,2.6221275329589844,3.007650375366211,0.0786328269455769,0.026504273360345845,0.06132882005061407
1777878162.9907835,0.28588690590138033,-0.11897037140729178,0.5337084425794529,1,2.598285675048828,2.925395965576172,0.06988690590283747,0.03452882049075059,0.05570809913329157
1777878163.0412765,0.27570239711991706,-0.11437903383567499,0.5278679715538508,1,2.3038387298583984,2.6154518127441406,0.059702397121374186,0.03912015806236737,0.04986762810768942
1777878163.0927932,0.27048822998778194,-0.11331357926014377,0.524991749024676,1,1.0135173797607422,1.199960708618164,0.05448822998923907,0.0401856126378986,0.04699140557851474
1777878163.1429503,0.25934028011935994,-0.11295125310848435,0.5194434920351456,1,1.0304450988769531,1.2412071228027344,0.04334028012081707,0.04054793878955802,0.04144314858898424
1777878163.193031,0.2477582312329784,-0.11536751115497705,0.5145595420716051,1,1.0218620300292969,1.2438297271728516,0.03175823123443554,0.03813168074306532,0.036559198625443864
1777878163.2432113,0.24174930327961203,-0.11756582534809429,0.5123687387076917,1,0.9791851043701172,1.3408660888671875,0.025749303281069183,0.035933366549948074,0.034368395261530404
1777878163.2953188,0.22812006002009275,-0.12314180453090517,0.5081226147638505,1,2.922534942626953,3.350496292114258,0.012120060021549884,0.030357387367137195,0.030122271317689173
1777878163.3454154,0.21404682401419636,-0.13036064025698713,0.503897992872417,1,3.152608871459961,3.3762454986572266,-0.0019531759843464946,0.02313855164105523,0.025897649426255644
1777878163.3938684,0.20745634989488063,-0.1343604636266816,0.5017786798764348,1,1.5244483947753906,1.7864704132080078,-0.00854365010366224,0.019138728271360768,0.023778336430273404
1777878163.4457147,0.19426150230445122,-0.14413324003536668,0.4977245176253097,1,3.3359527587890625,3.558635711669922,-0.021738497694091634,0.009365951862675692,0.019724174179148422
1777878163.4953163,0.18232339974738168,-0.15599110285536855,0.49515775245229177,1,2.6998519897460938,3.0493736267089844,-0.03367660025116118,-0.0024919109573261766,0.017157409006130428
1777878163.546217,0.17203711888043977,-0.16831622779481126,0.49468432214649954,1,3.3767223358154297,3.7050247192382812,-0.0439628811181031,-0.014817035896768888,0.016683978700338213
1777878163.5937216,0.16719764753207877,-0.1743146396180607,0.4949751747330791,1,0.9725093841552734,1.1548995971679688,-0.04880235246646408,-0.020815447720018324,0.016974831286917805
1777878163.6468587,0.15867253683548174,-0.18519368280943505,0.4967603935045861,1,3.803730010986328,4.190683364868164,-0.05732746316306111,-0.03169449091139266,0.01876005005842482
1777878163.6954768,0.15502710687375484,-0.19027723266619623,0.49813349025301196,1,2.201080322265625,2.536296844482422,-0.06097289312478801,-0.036778040768153844,0.02013314680685062
1777878163.7472136,0.1498000272593431,-0.20057988004717683,0.5019915005240094,1,3.7724971771240234,4.152774810791016,-0.06619997273919977,-0.047080688149134464,0.023991157077848085
1777878163.79772,0.14776145357534262,-0.2111123617521427,0.5067193368841189,1,4.065036773681641,4.43267822265625,-0.06823854642320024,-0.05761316985410034,0.028718993437957547
1777878163.847857,0.14846816531702392,-0.2222911967184012,0.5118013471967365,1,4.142045974731445,4.481315612792969,-0.06753183468151894,-0.06879200482035883,0.03380100375057526
1777878163.897798,0.1502280716004069,-0.22832863390140104,0.514275796536487,1,3.9205551147460938,4.26030158996582,-0.06577192839813595,-0.07482944200335867,0.03627545309032565
1777878163.9471893,0.157398006476354,-0.24052655862888672,0.5189731762500069,1,3.2405853271484375,3.5681724548339844,-0.05860199352218886,-0.08702736673084435,0.04097283280384556
1777878163.9973485,0.16868667114480274,-0.25257690505129327,0.5236712781645624,1,3.2639503479003906,3.632783889770508,-0.04731332885374012,-0.0990777131532509,0.0456709347184011
1777878164.048227,0.17591458835274731,-0.2581019149047106,0.5258702498695189,1,4.052162170410156,4.434823989868164,-0.04008541164579553,-0.10460272300666826,0.04786990642335758
1777878164.098374,0.1942465107505102,-0.2684265674753128,0.5298380564754934,1,4.162073135375977,4.491090774536133,-0.021753489248032665,-0.11492737557727042,0.05183771302933212
1777878164.1484208,0.21418362580834494,-0.27509764469533987,0.5330376225703449,1,4.182577133178711,4.471302032470703,-0.0018163741901979242,-0.1215984527972975,0.055037279124183616
1777878164.1977894,0.22469921207528923,-0.2767772199629518,0.5344368583786951,1,3.4301280975341797,3.7767887115478516,0.00869921207674637,-0.1232780280649094,0.0564365149325338
1777878164.2490268,0.24414750573300908,-0.2766774530053923,0.5366580145046369,1,4.12440299987793,4.500389099121094,0.028147505734466213,-0.12317826110734995,0.05865767105847558
1777878164.2993536,0.25366908677078814,-0.27430194705957467,0.5377175266482459,1,4.372119903564453,4.74858283996582,0.03766908677224529,-0.12080275516153233,0.059717183202084564
1777878164.3484924,0.27124863475580796,-0.26527965358571903,0.5394778502026002,1,3.4799575805664062,3.8123130798339844,0.055248634757265075,-0.11178046168767664,0.0614775067564389
1777878164.4003923,0.2868639891189715,-0.2528091117339004,0.5399272540582284,1,5.138635635375977,5.32841682434082,0.07086398912042864,-0.09930991983585802,0.06192691061206709
1777878164.4493551,0.2994814181422026,-0.2361707215195733,0.5398630354156307,1,3.5772323608398438,3.9548873901367188,0.08348141814365974,-0.08267152962153093,0.0618626919694694
1777878164.4965255,0.3,-0.22669124792874082,0.5397816200388391,1,0.8678436279296875,1.0552406311035156,0.08756503713474452,-0.07319205603069845,0.06178127659267781
1777878164.5481915,0.3,-0.207132095341909,0.5396800012617597,1,2.323150634765625,2.6781558990478516,0.09458209930701741,-0.05363290344386662,0.061679657815598365
1777878164.598344,0.3,-0.18681242041763035,0.5394842332797046,1,2.4166107177734375,2.752542495727539,0.09871571432211085,-0.033313228519587984,0.06148388983354331
1777878164.648066,0.3,-0.17707777144978343,0.5391861632352025,1,2.057790756225586,2.3970603942871094,0.09961247624791082,-0.023578579551741044,0.061185819789041196
1777878164.6972938,0.3,-0.15931759297200052,0.538303063001016,1,1.1603832244873047,1.379251480102539,0.09852854567656,-0.005818401073958146,0.06030271955485468
1777878164.7480447,0.3,-0.1449089985697017,0.5363337624936843,1,1.7778873443603516,2.054929733276367,0.09547399050724222,0.008590193328340656,0.058333419047522976
1777878164.7987273,0.3,-0.13850905624718143,0.5349436617795201,1,2.257108688354492,2.63214111328125,0.0927340060375367,0.014990135650860936,0.05694331833335883
1777878164.8496726,0.29938935093332597,-0.12672379950931822,0.5316630596221815,1,3.0117034912109375,3.4105777740478516,0.08338935093478314,0.026775392388724145,0.053662716176020205
1777878164.8996894,0.28752098526555514,-0.1177074746367494,0.5277713497242819,1,2.813577651977539,3.2415390014648438,0.07152098526701231,0.035791717261292974,0.049771006278120526
1777878164.948349,0.28093976514922553,-0.11452509669489383,0.5255310286076033,1,1.3377666473388672,1.758575439453125,0.06493976515068266,0.03897409520314854,0.04753068516144195
1777878164.9996123,0.26533781651208654,-0.11038784128735049,0.5205513849595833,1,2.6235580444335938,2.935647964477539,0.04933781651354367,0.04311135061069187,0.042551041513421935
1777878165.0501692,0.2486550814029264,-0.10985769574739054,0.5145951558154132,1,3.0679702758789062,3.4165382385253906,0.032655081404383536,0.043641496150651826,0.03659481236925188
1777878165.0992646,0.24050465135248886,-0.11052503455318616,0.5113666078567525,1,2.146005630493164,2.4442672729492188,0.024504651353946007,0.04297415734485621,0.033366264410591095
1777878165.1485665,0.22291758930168526,-0.1134745385380179,0.5045628993578068,1,1.2078285217285156,1.6314983367919922,0.006917589303142407,0.04002465336002447,0.026562555911645573
1777878165.1996434,0.20552339298009603,-0.1187128482968352,0.4972579739258918,1,2.2742748260498047,2.6276111602783203,-0.010476607018446831,0.034786343601207165,0.0192576304797305
1777878165.2497296,0.1973743919260199,-0.12208371630626268,0.49364903245553254,1,2.273082733154297,2.6214122772216797,-0.01862560807252294,0.03141547559177969,0.0156486890093712
1777878165.300149,0.18243132047772004,-0.13025254385464918,0.48658672346732024,1,2.5157928466796875,2.943277359008789,-0.03356867952082281,0.023246648043393194,0.008586380021158913
1777878165.3507688,0.16857818428738494,-0.139255323555568,0.48063460434036326,1,3.078460693359375,3.4914016723632812,-0.04742181571115791,0.014243868342474375,0.002634260894201927
1777878165.4007418,0.16203379912440136,-0.1437191745525782,0.47761818134620626,1,2.8917789459228516,3.3822059631347656,-0.053966200874141494,0.00978001734546416,-0.00038216209995508427
1777878165.4492173,0.1497287609687009,-0.15310596508485308,0.47276198647695516,1,1.102447509765625,1.3206005096435547,-0.06627123902984193,0.0003932268131892763,-0.005238356969206152
1777878165.5016181,0.1384578227277254,-0.16186790502097698,0.4688857760633132,1,3.278017044067383,3.6885738372802734,-0.07754217727081746,-0.008368713122934593,-0.009114567382848097
1777878165.5518954,0.13336693475782885,-0.1664989783380125,0.46754460942509823,1,2.284526824951172,2.6853084564208984,-0.08263306524071401,-0.012999786439970129,-0.01045573402106311
1777878165.6012201,0.12648416099722187,-0.17552425227095947,0.4664123677116129,1,1.5397071838378906,1.9004344940185547,-0.08951583900132097,-0.022025060372917085,-0.011587975734548457
1777878165.6532328,0.12495661669504711,-0.18548933988075952,0.467885981319706,1,3.388643264770508,3.8013458251953125,-0.09104338330349575,-0.031990147982717154,-0.010114362126455341
1777878165.7023814,0.12848030307588126,-0.19705842900980647,0.4716896864316114,1,1.3773441314697266,1.5807151794433594,-0.08751969692266161,-0.04355923711176411,-0.006310657014549928
1777878165.7557151,0.1317668059818624,-0.20323159092023924,0.4743744943465095,1,4.1713714599609375,4.574060440063477,-0.08423319401668045,-0.049732399022196866,-0.0036258490996517873
1777878165.8031077,0.1409158832464914,-0.21571185967341433,0.48002084527308736,1,1.6336441040039062,1.878499984741211,-0.07508411675205146,-0.06221266777537196,0.0020205018269260355
1777878165.8535626,0.15431308985906048,-0.22939358609624635,0.4859746850916761,1,2.0074844360351562,2.2640228271484375,-0.061686910139482375,-0.07589439419820398,0.007974341645514742
1777878165.9049003,0.16223624792833138,-0.23576217520089646,0.4883690409505667,1,3.1442642211914062,3.509998321533203,-0.05376375207021147,-0.08226298330285409,0.01036869750440541
1777878165.953022,0.1798341710524836,-0.24783373784548982,0.49366775670739366,1,1.3966560363769531,1.5873908996582031,-0.03616582894605927,-0.09433454594744745,0.015667413261232332
1777878166.0032854,0.19900155000909803,-0.25546632718039064,0.4986721339336368,1,1.4505386352539062,1.6455650329589844,-0.016998449989444837,-0.10196713528234824,0.02067179048747548
1777878166.053944,0.2084266768378585,-0.25739628850388413,0.5015638733058313,1,1.9345283508300781,2.195596694946289,-0.007573323160684351,-0.10389709660584176,0.02356352985966996
1777878166.1077878,0.22775110517644348,-0.25750314305549765,0.5077094797258073,1,3.855466842651367,4.258394241333008,0.011751105177900626,-0.10400395115745528,0.02970913627964599
1777878166.1565263,0.24647740923422984,-0.2538726243220895,0.5144696773684269,1,2.6595592498779297,2.9578208923339844,0.030477409235686995,-0.10037343242404714,0.03646933392226555
1777878166.2073185,0.25532489212913373,-0.25110212209708394,0.5179248245735223,1,3.2007694244384766,3.659486770629883,0.039324892130590886,-0.09760293019904157,0.03992448112736093
1777878166.2573292,0.27203565100236476,-0.24226099855851976,0.5262712561293932,1,3.2279491424560547,3.598451614379883,0.0560356510038219,-0.0887618066604774,0.048270912683231866
1777878166.3071904,0.28522552833952103,-0.22926354000797955,0.5343231241918583,1,3.027200698852539,3.3774375915527344,0.06922552834097817,-0.07576434810993718,0.056322780745697035
1777878166.355474,0.2902502780886153,-0.22087934990545535,0.5376112036475887,1,1.1394023895263672,1.340627670288086,0.07425027809007244,-0.06738015800741298,0.05961086020142746
1777878166.4056993,0.29815441782039104,-0.201173376583693,0.5422182590574686,1,1.1801719665527344,1.4946460723876953,0.08215441782184818,-0.04767418468565063,0.06421791561130728
1777878166.456145,0.3,-0.1819868569597302,0.5447846907347528,1,1.1916160583496094,1.4226436614990234,0.08809800752458172,-0.028487665061687817,0.06678434728859145
1777878166.5061693,0.3,-0.17304045425430947,0.5453884904497549,1,0.9407997131347656,1.168966293334961,0.09045147706097467,-0.01954126235626709,0.06738814700359355
1777878166.5564628,0.3,-0.15700472073714114,0.5449454886914608,1,1.0945796966552734,1.317739486694336,0.09431452187731683,-0.0035055288390987704,0.06694514524529939
1777878166.6080647,0.3,-0.14119374796138964,0.5424890361260459,1,2.5482177734375,2.8634071350097656,0.09400880232852143,0.012305443936652727,0.06448869267988455
1777878166.657002,0.3,-0.1334791889575349,0.540752819106014,1,1.177072525024414,1.4510154724121094,0.09132333354710385,0.02002000294050746,0.06275247565985273
1777878166.7070181,0.2973512403580647,-0.12032552527798435,0.5364156820046839,1,1.1081695556640625,1.3434886932373047,0.08135124035952183,0.03317366662005802,0.058415338558522586
1777878166.7588193,0.28315060262099206,-0.11104702902859817,0.5317260501077218,1,2.641916275024414,3.08990478515625,0.06715060262244921,0.0424521628694442,0.05372570666156044
1777878166.8090777,0.2748448718931878,-0.1073968791576001,0.5285744164059746,1,2.871274948120117,3.2618045806884766,0.05884487189464495,0.04610231274044226,0.050574072959813254
1777878166.8580077,0.25703710928679085,-0.10371680127004498,0.5217056140651021,1,1.1484622955322266,1.3737678527832031,0.041037109288248,0.049782390627997386,0.043705270618940716
1777878166.9097555,0.2396072213840188,-0.10402496601290492,0.5147987912634087,1,2.579927444458008,3.0126571655273438,0.023607221385475947,0.04947422588513744,0.03679844781724738
1777878166.958657,0.2309695633378483,-0.10520614957735298,0.5116871250099968,1,1.5811920166015625,1.8572807312011719,0.01496956333930543,0.048293042320689386,0.03368678156383551
1777878167.009856,0.21425302890448755,-0.10999084674031076,0.5057664306162397,1,2.5839805603027344,2.9709339141845703,-0.001746971094055312,0.0435083451577316,0.02776608717007838
1777878167.0602536,0.19791457574363258,-0.11781933708942385,0.5002167400450576,1,2.86102294921875,3.2737255096435547,-0.018085424254910262,0.03567985480861852,0.022216396598896276
1777878167.1103225,0.19061628653589088,-0.12250117452112946,0.4976886692305985,1,2.6443004608154297,3.2575130462646484,-0.025383713462651968,0.030998017376912906,0.01968832578443718
1777878167.1592803,0.1783794520773192,-0.1329154033949197,0.4928646951691722,1,1.9330978393554688,2.166271209716797,-0.03762054792122365,0.02058378850312266,0.01486435172301085
1777878167.211444,0.16805897314970394,-0.144607500486811,0.48847298924889426,1,3.826141357421875,4.225015640258789,-0.04794102684883891,0.008891691411231362,0.01047264580273296
1777878167.2605166,0.16419522736279754,-0.15102275171085283,0.4862794304382586,1,2.7577877044677734,3.1189918518066406,-0.05180477263574532,0.002476440187189552,0.008279086992097257
1777878167.309524,0.1591310071970003,-0.16516519188144319,0.48265010629896177,1,1.7940998077392578,2.071380615234375,-0.05686899280154257,-0.011665999983400802,0.004649762852800443
1777878167.3602717,0.15687019968541957,-0.18065837980833238,0.4805606073991845,1,2.4559497833251953,2.7647018432617188,-0.05912980031312328,-0.027159187910289997,0.0025602639530231744
1777878167.4111679,0.15584657094359552,-0.18804193192494978,0.48056551652104385,1,3.1528472900390625,3.5631656646728516,-0.060153429054947326,-0.03454274002690741,0.0025651730748825
1777878167.4615424,0.15425208877153768,-0.2033525215188406,0.4823218261018615,1,3.4465789794921875,3.829479217529297,-0.061747911227005174,-0.04985332962079822,0.0043214826557001415
1777878167.5108075,0.15529128109196133,-0.21790549335857182,0.4849640706140661,1,2.643108367919922,3.029346466064453,-0.060708718906581534,-0.06440630146052945,0.006963727167904804
1777878167.5590973,0.15733466215932362,-0.22432209997853222,0.4862984988500232,1,1.0378360748291016,1.2371540069580078,-0.05866533783921924,-0.07082290808048985,0.008298155403861876
1777878167.609278,0.16683053541095877,-0.23702128310879833,0.487218755022415,1,0.9090900421142578,1.3153553009033203,-0.04916946458758408,-0.08352209121075596,0.009218411576253673
1777878167.661266,0.18043171858183873,-0.2473750857839356,0.4875277024590678,1,1.6734600067138672,2.012491226196289,-0.03556828141670413,-0.09387589388589324,0.00952735901290646
1777878167.711454,0.19641253901670994,-0.2563097849881596,0.4907262042132055,1,1.50299072265625,1.6911029815673828,-0.01958746098183293,-0.10281059309011722,0.01272586076704419
1777878167.7642062,0.20566592874252032,-0.2600490287947388,0.493019872293249,1,2.35748291015625,2.5818347930908203,-0.010334071256022532,-0.10654983689669639,0.015019528847087696
1777878167.8132458,0.22394676977484043,-0.2641629853437152,0.4999944808539557,1,1.3322830200195312,1.5463829040527344,0.007946769776297564,-0.11066379344567279,0.0219941374077944
1777878167.863961,0.24287751792909643,-0.26586675879987787,0.5073018040326123,1,1.3802051544189453,1.5990734100341797,0.026877517930553575,-0.11236756690183552,0.029301460586451
1777878167.9140022,0.2525743519305226,-0.2654620983875289,0.5109343656238625,1,1.3096332550048828,1.5251636505126953,0.03657435193197972,-0.11196290648948654,0.03293402217770114
1777878167.9642475,0.2709751638880938,-0.26197055137498926,0.5188553047914742,1,1.4410018920898438,1.7650127410888672,0.054975163889550926,-0.10847135947694689,0.04085496134531287
1777878168.0163271,0.28533402673687586,-0.25395489437920565,0.5266387465085378,1,3.3555030822753906,3.718852996826172,0.06933402673833301,-0.10045570248116328,0.04863840306237648
1777878168.0663242,0.2911796684754061,-0.24878837125507683,0.53019541489945,1,3.313302993774414,3.661632537841797,0.07517966847686323,-0.09528917935703446,0.05219507145328871
1777878168.1167285,0.3,-0.23641302864993938,0.5364557501473931,1,3.5867691040039062,3.9680004119873047,0.08687379708025397,-0.08291383675189701,0.05845540670123178
1777878168.1653328,0.3,-0.22879883033533568,0.5388400076990326,1,2.1414756774902344,2.5064945220947266,0.09196301968396595,-0.07529963843729331,0.06083966425287134
1777878168.2156143,0.3,-0.21092618152168763,0.5423901552906685,1,2.397775650024414,2.7272701263427734,0.09975208340319502,-0.05742698962364526,0.06438981184450712
1777878168.2658842,0.3,-0.19126978958405175,0.543662249597082,1,2.5281906127929688,2.904653549194336,0.10370636598332394,-0.03777059768600938,0.06566190615092063
1777878168.3150856,0.3,-0.17118222150183654,0.5435060622646523,1,1.7702579498291016,2.0482540130615234,0.10398335649315887,-0.017683029603794156,0.0655057188184909
1777878168.3655891,0.3,-0.1614209217814787,0.5429033809707998,1,2.142667770385742,2.4666786193847656,0.10258701267123223,-0.00792172988343634,0.06490303752463851
1777878168.4145722,0.3,-0.14298627589761476,0.5398891451072229,1,1.1358261108398438,1.3797283172607422,0.09583685383377148,0.0105129160004276,0.061888801661061574
1777878168.4654572,0.3,-0.1280028137391511,0.5355269547324408,1,1.8463134765625,2.103567123413086,0.08418860975529206,0.025496378158891275,0.05752661128627956
1777878168.5147018,0.29337846108388804,-0.12244020805352984,0.5330822833501723,1,1.0151863098144531,1.2235641479492188,0.07737846108534518,0.031058983844512528,0.05508193990401095
1777878168.5657372,0.27767905151330224,-0.11478689046919474,0.5275376497702219,1,1.8270015716552734,2.1872520446777344,0.061679051514759366,0.03871230142884763,0.04953730632406058
1777878168.6149657,0.25951988663539555,-0.1126175954799706,0.5211524068106598,1,1.0862350463867188,1.3899803161621094,0.04351988663685267,0.040881596418071764,0.04315206336449845
1777878168.6674001,0.2502746990679495,-0.11265532618912949,0.5177084784992189,1,3.0655860900878906,3.4537315368652344,0.034274699069406646,0.04084386570891288,0.03970813505305753
1777878168.7172425,0.23129436008638768,-0.11414060866197857,0.509979676098542,1,2.758026123046875,3.1974315643310547,0.015294360087844834,0.039358583236063796,0.03197933265238068
1777878168.7675555,0.21223889738626156,-0.11877289287838638,0.5024951278565217,1,3.0851364135742188,3.440380096435547,-0.003761102612281292,0.034726299019655994,0.02449478441036037
1777878168.8162534,0.20317261832478045,-0.12160787340042453,0.49884755866125063,1,1.7507076263427734,2.0623207092285156,-0.012827381673762414,0.03189131849761784,0.02084721521508931
1777878168.8680794,0.1869884640597459,-0.12840956215175509,0.4919709957813755,1,3.373384475708008,3.7946701049804688,-0.029011535938796955,0.025089629746287284,0.013970652335214176
1777878168.9171975,0.17266395759842995,-0.1373211022293106,0.48492724214949845,1,2.4590492248535156,2.8142929077148438,-0.04333604240011292,0.01617808966873177,0.0069268987033371185
1777878168.9665172,0.16654039502857076,-0.1421945834656396,0.4819914616549881,1,1.7387866973876953,2.0401477813720703,-0.04945960496997208,0.011304608432402774,0.003991118208826777
1777878169.0175843,0.15485869127747945,-0.15210204119556076,0.477071708077094,1,2.5582313537597656,2.924203872680664,-0.061141308721063416,0.0013971507024816282,-0.000928635369067364
1777878169.0666668,0.1453383424979987,-0.1626535789230486,0.47295278934844764,1,1.5156269073486328,1.951456069946289,-0.07066165750054416,-0.009154387025006247,-0.005047554097713652
1777878169.117968,0.1411962459545076,-0.16862902936782356,0.4714516469738277,1,2.663135528564453,3.1769275665283203,-0.07480375404403525,-0.015129837469781193,-0.00654869647233363
1777878169.1687083,0.1358786354974615,-0.1801125783840137,0.470391773845861,1,3.5359859466552734,3.857851028442383,-0.08012136450108136,-0.026613386485971335,-0.00760856960030034
1777878169.2179432,0.13499896513623394,-0.1926937340643659,0.4727426638261181,1,2.6388168334960938,2.9900074005126953,-0.08100103486230892,-0.03919454216632352,-0.005257679620043192
1777878169.2685175,0.13666418898258156,-0.19933193608905495,0.4747597314653161,1,3.162860870361328,3.4842491149902344,-0.0793358110159613,-0.045832744191012575,-0.0032406119808452358
1777878169.3188105,0.14429400084742555,-0.2133537815720585,0.4798765566316786,1,3.386974334716797,3.7174224853515625,-0.0717059991511173,-0.059854589674016134,0.0018762131855172906
1777878169.3697925,0.15769409875454102,-0.22873120013711865,0.4861684001513962,1,3.4465789794921875,4.426479339599609,-0.05830590124400183,-0.07523200823907628,0.00816805670523487
1777878169.4182515,0.1655264917067405,-0.23622760512543853,0.4892508526297467,1,2.3140907287597656,2.7894973754882812,-0.05047350829180236,-0.08272841322739616,0.011250509183585389
1777878169.4696019,0.18374421004685762,-0.24924538375055724,0.4961257255289182,1,3.702402114868164,4.057645797729492,-0.03225578995168524,-0.09574619185251487,0.018125382082756894
1777878169.5199134,0.20491757340443137,-0.25954928324679827,0.503887615569584,1,3.9398670196533203,4.294633865356445,-0.011082426594111487,-0.10605009134875587,0.025887272123422622
1777878169.5697584,0.21663455527581682,-0.2635035244302661,0.5077821700825466,1,3.7026405334472656,4.058599472045898,0.0006345552772739679,-0.11000433253222372,0.029781826636385223
1777878169.6204832,0.24036096552522038,-0.2676563190065052,0.5156686195797419,1,3.910541534423828,4.283428192138672,0.024360965526677512,-0.11415712710846285,0.037668276133580494
1777878169.670071,0.26482934864112617,-0.2655327570207576,0.5237159042844974,1,3.4449100494384766,3.7903785705566406,0.04882934864258331,-0.11203356512271523,0.04571556083833609
1777878169.7206082,0.27590487144990883,-0.2620531297765627,0.5271830308635774,1,3.7224292755126953,4.25267219543457,0.05990487145136595,-0.1085539378785203,0.04918268741741605
1777878169.7711134,0.29381707071245033,-0.2486986289848317,0.5331239207801025,1,4.296064376831055,4.668712615966797,0.07781707071390746,-0.09519943708678932,0.05512357733394123
1777878169.8199365,0.3,-0.23137601440347685,0.5369771938919897,1,3.078937530517578,3.435373306274414,0.09227624044762892,-0.07787682250543448,0.05897685044582836
1777878169.869094,0.3,-0.22160654063875831,0.5378393881568979,1,2.1321773529052734,2.4993419647216797,0.09804351171814693,-0.06810734874071595,0.059839044710736575
1777878169.918473,0.3,-0.2021284348616836,0.5376559314215639,1,0.9293556213378906,1.1053085327148438,0.10695342390154033,-0.04862924296364124,0.059655587975402505
1777878169.970662,0.3,-0.18332420601293817,0.5363550152128477,1,2.9175281524658203,3.2019615173339844,0.11223612307988842,-0.029825014114895798,0.0583546717666864
1777878170.020573,0.3,-0.17436404137161574,0.5353427917883948,1,2.134084701538086,2.9158592224121094,0.11385988479530734,-0.020864849473573366,0.05734244834223347
1777878170.070576,0.3,-0.15725476070585137,0.532962807596077,1,2.457857131958008,2.900362014770508,0.11299493744024466,-0.003755568807809001,0.054962464149915624
1777878170.1209111,0.3,-0.14236194722611473,0.5303927660377518,1,2.7124881744384766,3.1201839447021484,0.10654398503582041,0.011137244671927643,0.052392422591590465
1777878170.1709902,0.3,-0.13035493176858223,0.5270273731063044,1,2.364635467529297,2.6502609252929688,0.09353154222207541,0.023144260129460137,0.049027029660143065
1777878170.2210457,0.3,-0.12535975811491865,0.5248211578375586,1,2.0911693572998047,2.3794174194335938,0.08476802104252024,0.02813943378312373,0.04682081439139724
1777878170.2733426,0.28236367195046463,-0.11920676395450956,0.5195771998060988,1,1.1391639709472656,1.3418197631835938,0.06636367195192175,0.03429242794353281,0.04157685635993748
1777878170.3232946,0.2726180970260869,-0.11764802247199826,0.5165862381751163,1,0.9338855743408203,1.1131763458251953,0.05661809702754407,0.035851169426044105,0.038585894728954906
1777878170.3752987,0.2540850118661076,-0.1177703751151658,0.5094875026923902,1,2.5823116302490234,2.933025360107422,0.03808501186756473,0.03572881678287656,0.031487159246228906
1777878170.4251838,0.23320688242486695,-0.1215070949913487,0.5011428058069454,1,2.321481704711914,2.6464462280273438,0.017206882426324087,0.031992096906693676,0.023142462360784065
1777878170.475453,0.21310929369284057,-0.1287135852501808,0.49184293640012006,1,2.3345947265625,2.6602745056152344,-0.0028907063057022776,0.024785606647861558,0.013842592953958753
1777878170.526797,0.2044716106525722,-0.13326369813149316,0.48761419880819407,1,3.451824188232422,3.856182098388672,-0.011528389345970677,0.020235493766549206,0.009613855362032728
1777878170.5757012,0.18899902481435982,-0.1428938140381933,0.4798623524808475,1,2.4123191833496094,2.7027130126953125,-0.027000975184183047,0.01060537785984908,0.00186200903468621
1777878170.6260116,0.1751127353818544,-0.15467894358482126,0.4731188143339217,1,2.666473388671875,2.962350845336914,-0.04088726461668846,-0.0011797516867788904,-0.004881529112239581
1777878170.6757967,0.16960923551077736,-0.16101646277565695,0.47072626118301947,1,2.341747283935547,2.6521682739257812,-0.046390764487765496,-0.007517270877614585,-0.0072740822631418775
1777878170.7266614,0.16101271910947615,-0.1740196926740985,0.4684311533872003,1,3.0350685119628906,3.4644603729248047,-0.0549872808890667,-0.020520500776056133,-0.009569190058960987
1777878170.7764475,0.15615642404847982,-0.18861198018296846,0.4695127309855747,1,2.836465835571289,3.1816959381103516,-0.059843575950063045,-0.03511278828492609,-0.008487612460586581
1777878170.826386,0.1560235515993085,-0.19609932179874667,0.4708916788554434,1,2.604246139526367,2.9349327087402344,-0.05997644839923436,-0.0426001299007043,-0.007108664590717913
1777878170.8766158,0.16068254195016524,-0.21018551388123818,0.47598196594282527,1,2.8116703033447266,3.125429153442383,-0.055317458048377614,-0.056686321983195814,-0.002018377503336055
1777878170.926723,0.17205741918086412,-0.22447011763905475,0.48309903066005616,1,2.8226375579833984,3.148317337036133,-0.043942580817678746,-0.07097092574101238,0.005098687213894858
1777878170.9765909,0.17999899460451826,-0.23111042473590873,0.4869059458394497,1,2.4247169494628906,2.7990341186523438,-0.03600100539402459,-0.07761123283786636,0.008905602393288373
1777878171.027665,0.1993474553963645,-0.24328307382663372,0.49582541787269424,1,3.4835338592529297,3.8149356842041016,-0.01665254460217836,-0.08978388192859135,0.01782507442653293
1777878171.0771515,0.22113821463223962,-0.2509765328621132,0.5062176161622688,1,2.962350845336914,3.2787322998046875,0.005138214633696769,-0.09747734096407085,0.028217272716107467
1777878171.1269712,0.2322823997235922,-0.25261804641913077,0.5123980763263365,1,2.7246475219726562,3.0214786529541016,0.016282399725049333,-0.09911885452108843,0.0343977328801752
1777878171.1783774,0.2534073290593039,-0.2515474703051793,0.5238749730231315,1,3.9937496185302734,4.331350326538086,0.03740732906076105,-0.09804827840713698,0.04587462957697009
1777878171.2274327,0.27263176676178896,-0.24630073657158338,0.5338245177039942,1,3.0357837677001953,3.332853317260742,0.056631766763246084,-0.09280154467354101,0.055824174257832836
1777878171.2774632,0.2824346331079194,-0.24294857662059902,0.5379998720539124,1,2.9036998748779297,3.2722949981689453,0.06643463310937651,-0.08944938472255665,0.059999528607751075
1777878171.327707,0.2986625596496435,-0.23409663747238305,0.5448166242117252,1,3.1309127807617188,3.450632095336914,0.08266255965110064,-0.08059744557434068,0.06681628076556388
1777878171.3754234,0.3,-0.22140211717591732,0.5482135139707078,1,0.9276866912841797,1.1146068572998047,0.09514114897276066,-0.06790292527787495,0.07021317052454652
1777878171.426523,0.3,-0.2131924466719155,0.5486742675048644,1,1.3837814331054688,1.7223358154296875,0.0994742682723361,-0.05969325477387313,0.0706739240587031
1777878171.4775162,0.3,-0.19593312497129695,0.5490691331922805,1,2.2211074829101562,2.6073455810546875,0.1056798242662676,-0.042433933073254576,0.07106878974611917
1777878171.5279117,0.3,-0.17665209988915628,0.5496428776712327,1,2.5942325592041016,2.953052520751953,0.10779974393399715,-0.023152907991113914,0.07164253422507133
1777878171.5773666,0.3,-0.16699156960208464,0.5495095274906767,1,2.0036697387695312,2.3221969604492188,0.10749853584900333,-0.013492377704042269,0.0715091840445154
1777878171.6274898,0.3,-0.1557263172854832,0.5483726980524197,1,2.0499229431152344,2.3641586303710938,0.11197377830653915,-0.002227125387440826,0.0703723546062584
1777878171.6775289,0.3,-0.14467164513067013,0.5470613274149538,1,2.0394325256347656,2.348184585571289,0.10765234697262796,0.00882754676737224,0.06906098396879255
1777878171.7297096,0.3,-0.13929805186229946,0.5459374733419742,1,2.7077198028564453,3.0722618103027344,0.10315660543034469,0.01420114003574291,0.06793712989581285
1777878171.7794774,0.3,-0.13051269920676448,0.542389167727796,1,2.4175643920898438,2.727031707763672,0.09109775182499978,0.022986492691277893,0.06438882428163464
1777878171.8301947,0.2893322935665339,-0.12377196962700088,0.5377266119201332,1,2.9397010803222656,3.300189971923828,0.07333229356799105,0.029727222271041492,0.05972626847397184
1777878171.8794756,0.27932507002021106,-0.12143999643882122,0.5343900083343721,1,2.1965503692626953,2.5353431701660156,0.06332507002166819,0.03205919545922114,0.056389664888210816
1777878171.9297528,0.25891627653350846,-0.11953323054256154,0.5271320806980839,1,2.4137496948242188,2.732992172241211,0.04291627653496558,0.03396596135548083,0.04913173725192257
1777878171.9801111,0.23891573753122208,-0.12111521667134997,0.5187548492656227,1,2.619504928588867,2.9976367950439453,0.022915737532679226,0.0323839752266924,0.04075450581946135
1777878172.0288923,0.22960160777543548,-0.12329475706543158,0.5145803705862804,1,1.4576911926269531,1.7151832580566406,0.013601607776892635,0.030204434832610788,0.03658002714011904
1777878172.0797808,0.21106312559966905,-0.1299432084201967,0.506689955319472,1,2.221822738647461,2.5234222412109375,-0.004936874398873801,0.023555983477845682,0.028689611873310712
1777878172.1285524,0.19153644864811736,-0.13939631750208142,0.4993748551413854,1,0.9970664978027344,1.2094974517822266,-0.024463551350425487,0.01410287439596096,0.02137451169522407
1777878172.178481,0.18219940521873365,-0.1446865174100263,0.4963911820629218,1,0.8697509765625,1.062631607055664,-0.033800594779809214,0.008812674488016065,0.018390838616760483
1777878172.2287083,0.16526316868872287,-0.15512655076759393,0.4919446915308215,1,1.0426044464111328,1.2488365173339844,-0.05073683130981998,-0.001627358869551565,0.013944348084660184
1777878172.279498,0.15156807100765127,-0.16629466603022194,0.4882538495093098,1,1.5048980712890625,1.735687255859375,-0.06443192899089159,-0.012795474132179574,0.01025350606314844
1777878172.3299484,0.14615703006179157,-0.17208884797958546,0.48689996598769114,1,1.8079280853271484,2.1131038665771484,-0.06984296993675129,-0.0185896560815431,0.008899622541529838
1777878172.3792355,0.13892767296361636,-0.18352288556983512,0.48602097860043986,1,1.1284351348876953,1.3251304626464844,-0.07707232703492652,-0.03002369367179275,0.008020635154278546
1777878172.4313161,0.13656564117717418,-0.1953481333474925,0.4876540920564441,1,3.0040740966796875,3.3082962036132812,-0.07943435882136868,-0.04184894144945012,0.009653748610282807
1777878172.4822364,0.13685587270165805,-0.20101512111885292,0.48911619364067627,1,3.353595733642578,3.9072036743164062,-0.07914412729688479,-0.04751592922081055,0.011115850194514935
1777878172.5327148,0.1411474393262359,-0.21365630350294243,0.493065482979282,1,3.3812522888183594,3.734588623046875,-0.07485256067230694,-0.06015711160490006,0.015065139533120685
1777878172.5828412,0.15045273058215614,-0.22824115972633094,0.49726644093772093,1,2.6862621307373047,3.025054931640625,-0.06554726941638672,-0.07474196782828857,0.019266097491559633
1777878172.6327553,0.15735335212168924,-0.23689400494776788,0.4995424971888129,1,2.4890899658203125,2.812623977661133,-0.05864664787685361,-0.08339481304972551,0.021542153742651574
1777878172.6870344,0.1741760705560555,-0.2556420658284764,0.5046613430560545,1,6.718873977661133,7.032632827758789,-0.04182392944248735,-0.10214287393043403,0.026660999609893123
1777878172.7342033,0.19385879197911793,-0.27361448131471,0.5104618442883873,1,3.782033920288086,4.132270812988281,-0.02214120801942493,-0.1201152894166676,0.032461500842225904
1777878172.7840395,0.20412225883199966,-0.2813887884945421,0.5134292339496717,1,3.5550594329833984,3.8950443267822266,-0.011877741166543198,-0.12788959659649968,0.035428890503510335
1777878172.8350666,0.22428595230253942,-0.29240494702636355,0.5196149085138764,1,3.323078155517578,3.6034584045410156,0.008285952303996555,-0.1389057551283212,0.041614565067715076
1777878172.8866286,0.24397601904242966,-0.29526158019555965,0.5257234125209617,1,4.335165023803711,4.678010940551758,0.02797601904388681,-0.14176238829751728,0.04772306907480039
1777878172.9361126,0.2626558154909019,-0.29266852127983345,0.5299860863114592,1,3.739595413208008,4.0912628173828125,0.04665581549235906,-0.1391693293817911,0.05198574286529781
1777878172.9857178,0.271068663361119,-0.2898242675394293,0.5315410802588225,1,3.261089324951172,3.609895706176758,0.055068663362576174,-0.13632507564138693,0.05354073681266115
1777878173.0365803,0.28701667297311795,-0.28022261149194577,0.5335833873605623,1,4.040002822875977,4.395723342895508,0.0710166729745751,-0.1267234195939034,0.05558304391440101
1777878173.086443,0.3,-0.26553496239768803,0.5349688584897483,1,3.8423538208007812,4.202842712402344,0.08469854451557395,-0.11203577049964566,0.056968515043586986
1777878173.1349385,0.3,-0.2561251028458877,0.5356755844603267,1,2.282857894897461,2.619028091430664,0.08935695885021154,-0.10262591094784532,0.05767524101416541
1777878173.184802,0.3,-0.2361207328155671,0.5371262735250203,1,1.9638538360595703,2.3572444915771484,0.09791229579546577,-0.08262154091752474,0.05912593007885892
1777878173.2352016,0.3,-0.21636050262516274,0.5387146602773547,1,2.3746490478515625,2.695322036743164,0.10535239861002094,-0.06286131072712037,0.06071431683119334
1777878173.2840066,0.3,-0.20602130639227165,0.5394232016473448,1,1.1813640594482422,1.432657241821289,0.10746331445893406,-0.05252211449422928,0.061422858201183525
1777878173.3363585,0.3,-0.18576825810737335,0.540488395862339,1,2.6247501373291016,2.937793731689453,0.10961790542836006,-0.032269066209330996,0.06248805241617764
1777878173.3864002,0.3,-0.16712715032874179,0.5405240597181182,1,2.408742904663086,2.760648727416992,0.10909690966912876,-0.013627958430699416,0.06252371627195692
1777878173.4362364,0.3,-0.15821870661349138,0.5401278514986773,1,2.26593017578125,2.495288848876953,0.10747333058224634,-0.004719514715449014,0.062127508052515934
1777878173.4850981,0.3,-0.14296481975959463,0.5387106133807202,1,1.0828971862792969,1.2767314910888672,0.10155420760355335,0.010534372138447753,0.06071026993455889
1777878173.5351105,0.3,-0.13101005784371192,0.5366057001622093,1,1.020669937133789,1.2083053588867188,0.09062575640162704,0.022489134054330458,0.05860535671604802
1777878173.5884001,0.29904066493476245,-0.12595998918841556,0.5349901149372139,1,4.098176956176758,4.426002502441406,0.08304066493621959,0.027539202709626814,0.056989771491052624
1777878173.6383631,0.2811257986819823,-0.11855084547428407,0.53106423948743,1,4.039287567138672,4.304647445678711,0.06512579868343946,0.03494834642375829,0.05306389604126865
1777878173.6877093,0.26306665328206286,-0.11600207698538924,0.5263600655847558,1,3.216981887817383,3.5750865936279297,0.04706665328352002,0.03749711491265313,0.048359722138594415
1777878173.7362173,0.254375289412474,-0.1159561507013252,0.5238102061247546,1,1.7011165618896484,2.004384994506836,0.03837528941393114,0.03754304119671717,0.04580986267859329
1777878173.78729,0.23567720145675114,-0.1183795756335018,0.5174167688022137,1,2.704620361328125,3.046274185180664,0.019677201458208282,0.035119616264540576,0.03941642535605234
1777878173.8372605,0.21511513862811038,-0.12330495964975305,0.508260115454951,1,2.4034976959228516,2.7213096618652344,-0.000884861370432484,0.03019423224828932,0.03025977200878961
1777878173.8884196,0.2046034648039336,-0.12716721446203455,0.5037246959957768,1,3.431081771850586,3.805398941040039,-0.01139653519460925,0.026331977436007833,0.025724352549615526
1777878173.9377153,0.18556837915770177,-0.13725227733609127,0.49587412677721115,1,2.6788711547851562,3.0138492584228516,-0.030431620840841084,0.016246914561951098,0.017873783331049855
1777878173.988184,0.16878292427513467,-0.1477218598937962,0.4890321633320721,1,3.0379295349121094,3.407716751098633,-0.047217075723408185,0.005777332004246183,0.011031819885910774
1777878174.0373118,0.16108475353207893,-0.15236654518844883,0.48605447448653727,1,2.1567344665527344,2.4564266204833984,-0.054915246466463924,0.0011326467095935377,0.008054131040375917
1777878174.0879836,0.14754567449903644,-0.16030181696943507,0.47951621626155666,1,2.6884078979492188,3.0341148376464844,-0.06845432549950643,-0.006802625071392704,0.0015158728153953568
1777878174.1382728,0.13681471099445977,-0.16839988750134371,0.473177262099173,1,2.8874874114990234,3.265857696533203,-0.07918528900408309,-0.014900695603301345,-0.004823081346988327
1777878174.1864338,0.13347143006171908,-0.17370220432419492,0.4707051603456243,1,1.1324882507324219,1.3377666473388672,-0.0825285699368238,-0.020203012426152536,-0.007295183100536999
1777878174.2381656,0.131518092257703,-0.18731668197865134,0.46771780895183235,1,2.6619434356689453,2.9754638671875,-0.08448190774083987,-0.03381749008060897,-0.010282534494329004
1777878174.288516,0.1344217723562865,-0.20373313640522492,0.4683846529975846,1,2.949237823486328,3.2656192779541016,-0.08157822764225638,-0.05023394450718255,-0.009615690448576734
1777878174.339036,0.13763853479190377,-0.21289995702063094,0.47009129608423955,1,3.3135414123535156,3.6897659301757812,-0.07836146520663909,-0.05940076512258857,-0.007909047361921766
1777878174.389206,0.14689825908624782,-0.23271788167698462,0.47621434926794354,1,3.4089088439941406,3.7844181060791016,-0.06910174091229504,-0.07921868977894225,-0.0017859941782178076
1777878174.4386404,0.16110061147226273,-0.2529281277351124,0.4836011211147497,1,2.824544906616211,3.1633377075195312,-0.054899388526280124,-0.09942893583707005,0.0056007776685883595
1777878174.4875917,0.16910640404831181,-0.26182962645813945,0.48704168214095794,1,1.7368793487548828,2.068042755126953,-0.046893595950231036,-0.10833043456009711,0.009041338694796612
1777878174.5399883,0.18705870466564928,-0.27509096414319745,0.4955481118719238,1,3.9224624633789062,4.301309585571289,-0.028941295332893593,-0.1215917722451551,0.01754776842576251
1777878174.5900552,0.20832881320702126,-0.28188094969630306,0.5067007510132207,1,3.940582275390625,4.315614700317383,-0.007671186791521591,-0.12838175779826072,0.02870040756705932
1777878174.640202,0.2197257711459581,-0.28283839520018705,0.512283565946994,1,3.991365432739258,4.375457763671875,0.0037257711474152294,-0.12933920330214466,0.0342832225008326
1777878174.6879208,0.24338325778985914,-0.2796357871629642,0.523031797672677,1,1.6944408416748047,2.0160675048828125,0.02738325779131627,-0.12613659526492182,0.0450314542265157
1777878174.7403064,0.2669137676569406,-0.2690090439068671,0.5321560652122937,1,3.5963058471679688,4.313230514526367,0.050913767658397745,-0.11550985200882471,0.05415572176613245
1777878174.7898602,0.27789883106369584,-0.2616921158653437,0.5352862358165668,1,3.4263134002685547,3.7949085235595703,0.06189883106515298,-0.10819292396730132,0.05728589237040545
1777878174.8396482,0.2969235115809743,-0.24393927755127975,0.5387573257771812,1,3.0934810638427734,3.438234329223633,0.08092351158243141,-0.09044008565323738,0.060756982331019824
1777878174.889342,0.3,-0.2239673207178914,0.5406771320504307,1,2.697467803955078,3.0608177185058594,0.09424458276002283,-0.07046812881984904,0.06267678860426928
1777878174.9391756,0.3,-0.2131079893104579,0.5413880198105078,1,2.4118423461914062,2.807140350341797,0.09927555448542766,-0.05960879741241554,0.06338767636434642
1777878174.9893103,0.3,-0.19274847295174785,0.5422140132606194,1,2.4344921112060547,2.766847610473633,0.10619755502245697,-0.03924928105370547,0.06421366981445802
1777878175.0389974,0.3,-0.18338261918192392,0.5421433418769759,1,2.054929733276367,2.3844242095947266,0.10872615522201037,-0.029883427283881547,0.06414299843081454
1777878175.0911725,0.3,-0.16575393072450545,0.5411628732178659,1,4.094839096069336,4.483222961425781,0.11005846816788067,-0.012254738826463066,0.06316252977170461
1777878175.138706,0.3,-0.14927501476622937,0.5393817003773554,1,1.5637874603271484,1.9216537475585938,0.10585807534438939,0.004224177131813001,0.06138135693119416
1777878175.189533,0.3,-0.13536652921131248,0.5360518578064386,1,2.362966537475586,2.6841163635253906,0.09536036257275647,0.01813266268672989,0.05805151436027728
1777878175.2407875,0.3,-0.1292992177529691,0.5339688760927953,1,3.173351287841797,3.5696029663085938,0.08733099876097107,0.024199974145073272,0.05596853264663403
1777878175.290727,0.28695823738360726,-0.11959481337341496,0.5296337540470507,1,3.0350685119628906,3.432750701904297,0.07095823738506443,0.03390437852462741,0.051633410600889385
1777878175.34096,0.27057126565662926,-0.11446636398659951,0.5259081617387911,1,3.01361083984375,3.3617019653320312,0.05457126565808639,0.039032827911442865,0.04790781829262979
1777878175.3905275,0.2620948418548519,-0.11264031650462922,0.5233690166391195,1,2.458810806274414,2.8524398803710938,0.04609484185630904,0.04085887539341315,0.045368673192958196
1777878175.4409328,0.2451407738162545,-0.11141901289696332,0.5172918175881904,1,2.829313278198242,3.1850337982177734,0.029140773817711636,0.04208017900107904,0.039291474142029055
1777878175.4913843,0.22686278015529027,-0.11389697889221784,0.5095876848329413,1,2.8371810913085938,3.5126209259033203,0.010862780156747414,0.039602213005824526,0.03158734138677988
1777878175.541134,0.218292052257458,-0.11587589029908671,0.5053925275548309,1,1.9412040710449219,2.238035202026367,0.0022920522589151473,0.037623301598955654,0.027392184108669553
1777878175.5910845,0.2019383150568656,-0.12121122822800405,0.49789317166896396,1,1.6694068908691406,1.9328594207763672,-0.01406168494167725,0.03228796367003832,0.01989282822280261
1777878175.6420834,0.18664205845264642,-0.12826641951972756,0.4914968873664668,1,2.1271705627441406,2.368927001953125,-0.029357941545896424,0.02523277237831481,0.013496543920305464
1777878175.6926196,0.17351096242901842,-0.13630635208672673,0.4872108377331753,1,2.3698806762695312,2.6912689208984375,-0.04248903756952444,0.01719283981131564,0.00921049428701396
1777878175.7426445,0.1675578301013621,-0.14076124023542907,0.48576543347445633,1,2.307891845703125,2.6330947875976562,-0.04844216989718075,0.012737951662613309,0.0077650900282950144
1777878175.7935746,0.15772945771465777,-0.15122958404660497,0.4835022800640024,1,2.8684139251708984,3.505706787109375,-0.0582705422838851,0.0022696078514374135,0.0055019366178411175
1777878175.842499,0.1506435259432422,-0.164284491958671,0.481868254486462,1,1.9440650939941406,2.366781234741211,-0.06535647405530065,-0.010785300060628639,0.0038679110403006534
1777878175.89322,0.1479376463199308,-0.17155793768945254,0.4813936682530131,1,0.988006591796875,1.1820793151855469,-0.06806235367861205,-0.01805874579141016,0.003393324806851769
1777878175.9443946,0.14462372567622106,-0.18731611239736298,0.4820531711535553,1,1.9965171813964844,2.2652149200439453,-0.07137627432232181,-0.03381692049932061,0.004052827707393972
1777878175.9962125,0.1440626732364874,-0.20179612455561916,0.4854489508669047,1,3.5924911499023438,3.9947032928466797,-0.07193732676205547,-0.048296932657576785,0.007448607420743401
1777878176.046339,0.14533012721425292,-0.2091838529306551,0.48829266085647005,1,3.839254379272461,4.059076309204102,-0.07066987278428995,-0.05568466103261274,0.010292317410308706
1777878176.0964637,0.15076633704334838,-0.22288129456665226,0.4947602980558151,1,3.7784576416015625,4.103660583496094,-0.06523366295519448,-0.06938210266860989,0.016759954609653772
1777878176.145828,0.15962188229547272,-0.23591615802693416,0.5023973168290896,1,3.089427947998047,3.4034252166748047,-0.05637811770307014,-0.0824169661288918,0.024396973382928254
1777878176.1962578,0.16547553568102824,-0.24234966644505,0.5067621532106975,1,3.2858848571777344,3.629922866821289,-0.05052446431751463,-0.08885047454700762,0.02876180976453615
1777878176.249999,0.1785547762639298,-0.25311799987231265,0.5143819781385336,1,6.887912750244141,7.284879684448242,-0.03744522373461306,-0.09961880797427025,0.036381634692372294
1777878176.2974179,0.19586702464968225,-0.26431963235178846,0.5212588774435671,1,4.248857498168945,4.649877548217773,-0.020132975348860598,-0.11082044045374606,0.04325853399740581
1777878176.3462758,0.20531442456973856,-0.26907179204520315,0.5245021939467914,1,3.0994415283203125,3.438234329223633,-0.010685575428804306,-0.11557260014716081,0.04650185050063006
1777878176.3968086,0.22460547876113507,-0.27480364925854683,0.530859769514354,1,3.576993942260742,3.9021968841552734,0.008605478762592222,-0.12130445736050446,0.05285942606819265
1777878176.4466913,0.24591020678650588,-0.2767294524885783,0.5352041556385086,1,3.378629684448242,3.7031173706054688,0.02991020678796303,-0.12323026059053588,0.057203812192347325
1777878176.4970324,0.2560423466909049,-0.27630700103204137,0.5365141890723556,1,3.5932064056396484,3.959178924560547,0.04004234669236207,-0.122807809133999,0.05851384562619427
1777878176.547086,0.27660378387564843,-0.2722177228178913,0.5380198680828001,1,3.583669662475586,3.9343833923339844,0.0606037838771056,-0.11871853091984894,0.06001952463663876
1777878176.5946188,0.2915604118156886,-0.2583092432518877,0.5385193745154299,1,1.1992454528808594,1.4047622680664062,0.07556041181714576,-0.10481005135384533,0.060519031069268515
1777878176.6448507,0.2973726563314309,-0.24853366510878447,0.5385443913822076,1,1.3251304626464844,1.5549659729003906,0.08137265633288804,-0.0950344732107421,0.060544047936046244
1777878176.696342,0.3,-0.23167355287072403,0.5383135220982985,1,2.532958984375,2.8829574584960938,0.09454189347382477,-0.07817436097268166,0.06031317865213718
1777878176.7459772,0.3,-0.21454396240157744,0.5379187436528927,1,2.0551681518554688,2.367734909057617,0.1068069018033407,-0.06104477050353507,0.05991840020673143
1777878176.7945971,0.3,-0.20532424057384918,0.5377161566265254,1,0.7717609405517578,0.9603500366210938,0.11215010708016668,-0.05182504867580681,0.05971581318036405
1777878176.8463423,0.3,-0.18648079616782065,0.5373146369741276,1,2.1467208862304688,2.4635791778564453,0.12094657532845014,-0.03298160426977828,0.05931429352796633
1777878176.8969817,0.3,-0.16766675595424524,0.5375640710351268,1,2.6416778564453125,3.025054931640625,0.12657948746759962,-0.01416756405620287,0.05956372758896554
1777878176.946451,0.3,-0.15815044838446762,0.5378238477242586,1,2.045869827270508,2.4306774139404297,0.12731655995315028,-0.004651256486425254,0.059823504278097246
1777878176.9959831,0.3,-0.14025236596786667,0.5384636801301158,1,1.1353492736816406,1.5003681182861328,0.12553394495837977,0.013246825930175718,0.060463336683954524
1777878177.0459685,0.3,-0.12426922028620077,0.5388844944270624,1,1.1620521545410156,1.3890266418457031,0.11999065346154611,0.029229971611841606,0.06088415098090111
1777878177.0958269,0.3,-0.11794504289924321,0.5388489024296355,1,0.9412765502929688,1.1489391326904297,0.11665375581546444,0.03555414899879916,0.060848558983474105
1777878177.1464438,0.3,-0.10772584376349884,0.537924539553883,1,1.3141632080078125,1.64031982421875,0.10960608638665639,0.045773348134543534,0.05992419610772164
1777878177.2021415,0.3,-0.10060799074234295,0.5357396942274977,1,7.077693939208984,7.296562194824219,0.0979719092855808,0.05289120115569943,0.05773935078133639
1777878177.246904,0.3,-0.09782261628361472,0.5341257320581132,1,1.6782283782958984,1.9617080688476562,0.08967958767549808,0.055676575614427654,0.05612538861195193
1777878177.296214,0.28783885731334524,-0.09453344885099642,0.5299332394436767,1,0.9920597076416016,1.1913776397705078,0.0718388573148024,0.05896574304704595,0.051932895997515334
1777878177.3482194,0.26948170335127425,-0.094806148561565,0.5240445387070147,1,2.763032913208008,3.1299591064453125,0.053481703352731405,0.058693043336477374,0.046044195260853404
1777878177.3986163,0.2603370220391375,-0.09648299180061344,0.5211324243035511,1,2.859354019165039,3.428220748901367,0.044337022040594636,0.05701620009742893,0.04313208085738975
1777878177.4482608,0.24176329476418187,-0.10093124083507041,0.5145412173181937,1,2.661466598510742,3.0074119567871094,0.02576329476563901,0.052567951062971956,0.03654087387203232
1777878177.4979734,0.221894585856476,-0.10715763340422785,0.5065227633197394,1,2.3300647735595703,2.6426315307617188,0.00589458585793315,0.04634155849381452,0.0285224198735781
1777878177.5482259,0.21215559767400258,-0.11094832236723182,0.5028884614778699,1,2.5539398193359375,2.8188228607177734,-0.003844402324540289,0.04255086953081056,0.024888118031708543
1777878177.5987601,0.1935739629494042,-0.12026813028823438,0.49726604628076776,1,2.8145313262939453,3.2570362091064453,-0.022426037049138633,0.033231061609807995,0.019265702834606407
1777878177.6490152,0.17673628406679623,-0.1323263152720437,0.49290480182375673,1,3.0205249786376953,3.3903121948242188,-0.03926371593174662,0.02117287662599867,0.014904458377595409
1777878177.699342,0.16948863339732778,-0.13956755451198852,0.49093118289986737,1,3.0417442321777344,3.661632537841797,-0.04651136660121508,0.013931637386053852,0.012930839453706038
1777878177.7493417,0.1575323655023712,-0.1543132099378576,0.48806531574821144,1,3.1936168670654297,3.591299057006836,-0.05846763449617166,-0.0008140180398152341,0.010064972302050092
1777878177.798223,0.14764360338434807,-0.16995242383660292,0.48651406583654133,1,2.105236053466797,2.38037109375,-0.0683563966141948,-0.016453231938560547,0.008513722390380028
1777878177.847488,0.14318805897205408,-0.17776250118483067,0.4863407053619053,1,1.3477802276611328,1.5854835510253906,-0.07281194102648877,-0.024263309286788284,0.00834036191574402
1777878177.8983533,0.13690625499275616,-0.1914762235460296,0.48787909117421163,1,1.9924640655517578,2.349376678466797,-0.07909374500578668,-0.03797703164798724,0.009878747728050329
1777878177.9514618,0.13482624417949685,-0.20379794544527943,0.49187513931404026,1,4.973649978637695,5.377769470214844,-0.08117375581904601,-0.05029875354723706,0.013874795867878917
1777878177.9988017,0.13546256609104684,-0.2093691150140592,0.4943030883368069,1,2.3865699768066406,2.6390552520751953,-0.08053743390749601,-0.05586992311601682,0.016302744890645572
1777878178.049512,0.14163193250057,-0.22160425672340262,0.4999934853858471,1,2.949237823486328,3.247976303100586,-0.07436806749797285,-0.06810506482536025,0.021993141939685764
1777878178.0985827,0.1535533669202487,-0.2348393199453813,0.5059843780865819,1,1.9681453704833984,2.183675765991211,-0.06244663307829416,-0.08134012804733892,0.027984034640420624
1777878178.1476576,0.1618282554816715,-0.24255075321835512,0.5087364146586536,1,0.9224414825439453,1.1444091796875,-0.05417174451687136,-0.08905156132031275,0.030736071212492274
1777878178.1982117,0.18127174073841004,-0.2570473025417897,0.5147503586302064,1,1.421213150024414,1.6314983367919922,-0.03472825926013281,-0.10354811064374733,0.036750015184045026
1777878178.2483716,0.20112401154265744,-0.2680765182489838,0.5204235152846929,1,1.495361328125,1.708984375,-0.014875988455885428,-0.11457732635094142,0.042423171838531566
1777878178.301776,0.21209104989039626,-0.27271740170736414,0.5234540170988686,1,4.67371940612793,5.028724670410156,-0.003908950108146595,-0.11921820980932174,0.045453673652707305
1777878178.3512168,0.23574511729955733,-0.27928498252865397,0.5285246788186756,1,3.9756298065185547,4.294157028198242,0.019745117301014466,-0.12578579063061163,0.05052433537251428
1777878178.399319,0.2570479349604183,-0.2797158876039336,0.533005584423448,1,2.0258426666259766,2.2835731506347656,0.04104793496187544,-0.12621669570589128,0.055005240977286755
1777878178.4499528,0.2662069352601246,-0.27761386482118017,0.535237777857521,1,2.1905899047851562,2.5069713592529297,0.05020693526158174,-0.1241146729231378,0.057237434411359714
1777878178.5011113,0.28314912247590407,-0.27064358472050876,0.5378406389394659,1,3.2455921173095703,3.588438034057617,0.06714912247736123,-0.11714439282246641,0.05984029549330456
1777878178.5508487,0.2997624677118664,-0.2598385576306223,0.538050419578392,1,2.7534961700439453,3.043651580810547,0.08376246771332352,-0.10633936573257993,0.060050076132230575
1777878178.6019506,0.3,-0.25330403840040305,0.5375958717310553,1,1.5540122985839844,1.9421577453613281,0.09136979849191885,-0.09980484650236071,0.05959552828489392
1777878178.6523488,0.3,-0.23736313883877466,0.5364051463480519,1,1.9385814666748047,2.2754669189453125,0.10464674582837498,-0.08386394694073229,0.058404802901890616
1777878178.7032225,0.3,-0.21762638166098225,0.5363664719522705,1,2.748250961303711,3.078937530517578,0.11215921990168053,-0.06412718976293988,0.05836612850610913
1777878178.7538414,0.3,-0.19945355452671634,0.5370227515115492,1,2.7425289154052734,3.0777454376220703,0.1203995431704446,-0.04595436262867397,0.05902240806538789
1777878178.8049746,0.3,-0.19038204880200954,0.5376148414378097,1,2.98309326171875,4.108667373657227,0.1254638930356618,-0.03688285690396717,0.05961449799164836
1777878178.8522108,0.3,-0.17375543600970306,0.5388542260119809,1,1.0619163513183594,1.2700557708740234,0.13212351608578313,-0.020256244111660687,0.0608538825658195
1777878178.9023428,0.3,-0.1554566618885299,0.5396232502425254,1,1.0690689086914062,1.2845993041992188,0.13441387309691868,-0.0019574699904875426,0.06162290679636413
1777878178.9534106,0.3,-0.146475561755319,0.5396251700713295,1,1.9233226776123047,2.2318363189697266,0.13387222898057208,0.007023630142723364,0.061624826625168105
1777878179.00385,0.3,-0.12920065849584636,0.5385639702977858,1,2.2826194763183594,2.600431442260742,0.13001950703249213,0.02429853340219601,0.06056362685162442
1777878179.0552173,0.3,-0.12141042218047189,0.537862315739211,1,3.4055709838867188,3.729104995727539,0.1265807435119447,0.03208876971757048,0.05986197229304965
1777878179.1050823,0.3,-0.10671131220248824,0.5357491077090216,1,3.1859874725341797,3.546476364135742,0.11711277530201587,0.04678787969555413,0.057748764262860276
1777878179.1546366,0.3,-0.09418609718644894,0.5328088826731793,1,2.4254322052001953,3.0794143676757812,0.10167986020953829,0.059313094711593434,0.05480853922701793
1777878179.2152135,0.3,-0.0857215224322814,0.5285264235057974,1,12.96854019165039,13.271808624267578,0.08402682401848195,0.06777766946576097,0.050526080059636005
1777878179.2552867,0.2906599389015869,-0.08339480095464794,0.5260058534598181,1,2.8769969940185547,3.2215118408203125,0.07465993890304407,0.07010439094339443,0.04800551001365676
1777878179.3054533,0.2722625180920157,-0.0821715577981362,0.5203335126340534,1,2.895355224609375,3.2341480255126953,0.05626251809347283,0.07132763409990617,0.04233316918789202
1777878179.3554485,0.2548807511319597,-0.08532527853230329,0.5136850958569447,1,2.81524658203125,3.170490264892578,0.03888075113341683,0.06817391336573908,0.03568475241078334
1777878179.4053218,0.24607796090083156,-0.08844869277441406,0.5097941777094929,1,2.623319625854492,2.9706954956054688,0.03007796090228871,0.06505049912362831,0.031793834263331495
1777878179.4539874,0.22921892376668696,-0.09702836223096267,0.5012030931136744,1,1.110076904296875,1.3377666473388672,0.013218923768144106,0.0564708296670797,0.02320274966751308
1777878179.5043788,0.21350286061703802,-0.10915223307567255,0.4926087253075765,1,1.127004623413086,1.3213157653808594,-0.0024971393815048353,0.04434695882236982,0.014608381861415151
1777878179.5564315,0.2064188277398696,-0.11597602360014066,0.48868021781971877,1,2.739429473876953,3.1697750091552734,-0.00958117225867325,0.03752316829790171,0.010679874373557448
1777878179.6065083,0.19249700417096297,-0.13201302241136392,0.4808697560518923,1,2.7513504028320312,3.1480789184570312,-0.023502995827579892,0.021486169486678447,0.002869412605730988
1777878179.6566572,0.1795189295748357,-0.1489050398255751,0.4751738854583255,1,2.794027328491211,3.2253265380859375,-0.036481070423707164,0.004594152072467272,-0.0028264579878357968
1777878179.7067728,0.1730296094961778,-0.15762729095153194,0.4733334559630067,1,2.817392349243164,3.2501220703125,-0.042970390502365056,-0.00412809905348957,-0.004666887483154629
1777878179.7581413,0.1611710904483074,-0.17384070039264027,0.4713017161252451,1,4.078149795532227,4.305839538574219,-0.05482890955023545,-0.020341508494597885,-0.006698627320916271
1777878179.8067217,0.15066737247053358,-0.19026512178940336,0.4714301672651731,1,2.499103546142578,2.778291702270508,-0.0653326275280093,-0.036765929891361,-0.006570176180988221
1777878179.856668,0.14672008133256423,-0.19759062714989203,0.47198231585574985,1,2.3870468139648438,2.6903152465820312,-0.06927991866597863,-0.044091435251849664,-0.006018027590411458
1777878179.9087067,0.1418592672706473,-0.21224156775755812,0.47414403971592944,1,4.244089126586914,4.624366760253906,-0.07414073272789556,-0.05874237585951575,-0.003856303730231908
1777878179.9579997,0.1410253266288418,-0.22492511724621425,0.4779804815105202,1,3.3740997314453125,3.7491321563720703,-0.07497467336970107,-0.07142592534817188,-1.9861935641136974e-05
1777878180.0086453,0.14219250848727938,-0.230864345713204,0.4805125455488138,1,3.5762786865234375,3.9124488830566406,-0.07380749151126348,-0.07736515381516162,0.002512202102652454
1777878180.059129,0.14763507605474024,-0.24144427508769037,0.485945153900013,1,3.9374828338623047,4.302024841308594,-0.06836492394380263,-0.087945083189648,0.00794481045385173
1777878180.1082056,0.1576193961375104,-0.25192860363358827,0.4914223866595487,1,2.601146697998047,2.980947494506836,-0.058380603861032464,-0.09842941173554592,0.013422043213387365
1777878180.1594646,0.1639247978515162,-0.25739279723141373,0.4935594098273741,1,3.5660266876220703,3.9496421813964844,-0.05207520214702665,-0.10389360533337139,0.015559066381212773
1777878180.2109914,0.17894121245627714,-0.2669619572538309,0.49901350166590774,1,4.401922225952148,5.403041839599609,-0.0370587875422657,-0.11346276535578848,0.021013158219746416
1777878180.2616005,0.19588500703491457,-0.2733382987025854,0.5056051912504657,1,5.530834197998047,5.91278076171875,-0.02011499296362828,-0.11983910680454304,0.02760484780430428
1777878180.3096783,0.20519392101137565,-0.27512086444799855,0.5093829101313364,1,3.566265106201172,3.9119720458984375,-0.010806078987167218,-0.12162167254995615,0.03138256668517508
1777878180.3609748,0.2255629193183235,-0.275457320992729,0.5172958878516234,1,4.739999771118164,5.133152008056641,0.009562919319780643,-0.12195812909468665,0.039295544405462034
1777878180.4110794,0.24674614829644348,-0.2710412597643589,0.5249894194275899,1,3.749847412109375,4.11534309387207,0.030746148297900622,-0.11754206786631655,0.046989075981428624
1777878180.4609592,0.2568496818841607,-0.2672445290307679,0.5284450699878851,1,3.505229949951172,3.885984420776367,0.04084968188561785,-0.1137453371327255,0.05044472654172383
1777878180.5099795,0.27468888503179373,-0.25633766066549424,0.5337752125266169,1,2.559185028076172,2.8417110443115234,0.05868888503325088,-0.1028384687674519,0.0557748690804555
1777878180.558745,0.2890632573713554,-0.24023891882655826,0.536276927353484,1,1.165628433227539,1.3599395751953125,0.07306325737281255,-0.08673972692851589,0.058276583907322606
1777878180.6088376,0.2944908245770953,-0.23037016153107495,0.535690431826376,1,1.0256767272949219,1.2218952178955078,0.07849082457855246,-0.07687096963303258,0.05769008838021461
1777878180.660693,0.3,-0.21060049987119836,0.5330993561059684,1,2.638578414916992,2.9909610748291016,0.08779404203937949,-0.05710130797315599,0.05509901265980702
1777878180.7112422,0.3,-0.19061787996999974,0.531580069438142,1,3.0667781829833984,3.4520626068115234,0.09500946420750744,-0.03711868807195737,0.05357972599198063
1777878180.7608984,0.3,-0.1806689099253984,0.5312705957279521,1,2.6335716247558594,3.024578094482422,0.09787114034962285,-0.027169718027356043,0.05327025228179078
1777878180.8118293,0.3,-0.16017057875107069,0.5309406011590208,1,2.5382041931152344,2.8955936431884766,0.10121978103256822,-0.006671386853028316,0.05294025771285939
1777878180.8622997,0.3,-0.1421497063270377,0.5310551487473909,1,2.916097640991211,3.267049789428711,0.10186507652664563,0.01134948557100468,0.05305480530122958
1777878180.9113526,0.3,-0.12541903590137576,0.5311917196519426,1,1.4617443084716797,1.6963481903076172,0.10071517319435182,0.02808015599666662,0.05319137620578126
1777878180.9626064,0.3,-0.11809629331697509,0.5314353501249937,1,2.4983882904052734,2.8634071350097656,0.09933027599802294,0.03540289858106728,0.05343500667883228
1777878181.014278,0.3,-0.10652159947715442,0.531099290343212,1,2.5835037231445312,3.597736358642578,0.09312020244872603,0.04697759242088795,0.053098946897050664
1777878181.0646932,0.3,-0.10157036875570286,0.530741666616549,1,2.9468536376953125,3.3063888549804688,0.08899590775065713,0.051928823142339514,0.052741323170387676
1777878181.1142488,0.29369836190028914,-0.09270586344793871,0.5293725700366548,1,2.3605823516845703,2.7709007263183594,0.0776983619017463,0.06079332845010366,0.051372226590493474
1777878181.165168,0.2844794243131278,-0.08727019468756421,0.5266892889481197,1,3.278017044067383,3.6263465881347656,0.06847942431458491,0.06622899721047816,0.048688945501958424
1777878181.2152433,0.2702480002724894,-0.08472713614146184,0.5228907818840973,1,3.1020641326904297,3.4270286560058594,0.05424800027394656,0.06877205575658053,0.044890438437936005
1777878181.2645135,0.2624752533264758,-0.08475405443616117,0.5208550300958872,1,2.203226089477539,2.5894641876220703,0.04647525332793293,0.0687451374618812,0.042854686649725915
1777878181.3153343,0.24446739367941211,-0.08762607424027083,0.5156969597006041,1,2.3500919342041016,2.673625946044922,0.028467393680869264,0.06587311765777154,0.03769661625444281
1777878181.3655262,0.2257817708316987,-0.09326266829080604,0.5094838843776537,1,2.0008087158203125,2.3565292358398438,0.009781770833155845,0.060236523607236324,0.031483540931492415
1777878181.4162,0.21714891608244355,-0.09687332369190413,0.5064712096233918,1,2.5260448455810547,2.913236618041992,0.0011489160839006987,0.056625868206138234,0.02847086617723044
1777878181.4668682,0.20081338746809346,-0.10620937901363998,0.5012881720930633,1,2.3033618927001953,2.6450157165527344,-0.015186612530449383,0.047289812884402385,0.023287828646902
1777878181.5154665,0.18553448108684287,-0.11687281022020744,0.49667480901700634,1,1.0101795196533203,1.2013912200927734,-0.030465518911699997,0.03662638167783493,0.01867446557084499
1777878181.5680137,0.17859737098252204,-0.12239529937004684,0.4947341450686255,1,2.817869186401367,3.6487579345703125,-0.037402629016020816,0.03110389252799553,0.016733801622464205
1777878181.6167736,0.16489748430793297,-0.13445651399767816,0.4915569376386063,1,1.0721683502197266,1.2843608856201172,-0.05110251569060989,0.019042677900364208,0.013556594192444989
1777878181.6669378,0.15240469288952674,-0.14783340610367934,0.4893594635990931,1,1.1801719665527344,1.3871192932128906,-0.06359530710901613,0.005665785794363026,0.011359120152931806
1777878181.7170944,0.14700282648459498,-0.15414330135736165,0.4884240246780217,1,1.2209415435791016,1.4438629150390625,-0.06899717351394788,-0.0006441094593192809,0.010423681231860375
1777878181.7681837,0.13749526927816666,-0.1663914410555933,0.4870346125124925,1,2.2063255310058594,2.465486526489258,-0.0785047307203762,-0.012892249157550939,0.009034269066331209
1777878181.8208003,0.129729374488419,-0.17817934356689497,0.4867110140810898,1,4.584550857543945,4.975795745849609,-0.08627062551012385,-0.024680151668852596,0.008710670634928495
1777878181.8703744,0.12676137090227557,-0.1836744825781881,0.4867828801060122,1,4.076242446899414,4.463434219360352,-0.08923862909626727,-0.03017529068014574,0.008782536659850827
1777878181.920936,0.12338187055078592,-0.1950005205717532,0.48797016164771545,1,4.033088684082031,4.412174224853516,-0.09261812944775694,-0.04150132867371084,0.009969818201554126
1777878181.9682124,0.12391309431624134,-0.2072272544478791,0.4895007849131414,1,1.4035701751708984,1.603841781616211,-0.09208690568230152,-0.053728062549836725,0.011500441466980073
1777878182.0183458,0.1258296494275413,-0.21373633460198843,0.49038841198713734,1,1.4829635620117188,1.697540283203125,-0.09017035057100156,-0.06023714270394606,0.012388068540976044
1777878182.0697536,0.13258314116095837,-0.22778875689159003,0.4926343510701305,1,2.735137939453125,3.0117034912109375,-0.08341685883758448,-0.07428956499354766,0.014634007623969165
1777878182.1218393,0.1441303337021741,-0.24192445439520127,0.49480827286820306,1,4.5490264892578125,4.99272346496582,-0.07186966629636878,-0.0884252624971589,0.016807929422041748
1777878182.1703627,0.15113642999654783,-0.24825013444929206,0.4957981495888297,1,3.109455108642578,3.450155258178711,-0.06486357000199502,-0.09475094255124969,0.01779780614266833
1777878182.2220266,0.16630294311818192,-0.2591706902585044,0.4995633544094798,1,4.626989364624023,5.013942718505859,-0.04969705688036093,-0.10567149836046205,0.02156301096331845
1777878182.2717302,0.18286774780210635,-0.2663568965820261,0.5044907392823692,1,4.294395446777344,4.645586013793945,-0.033132252196436514,-0.1128577046839837,0.02649039583620784
1777878182.3216503,0.19211465457922933,-0.2690855041258947,0.507158174381957,1,3.998279571533203,4.375696182250977,-0.023885345419313544,-0.11558631222785232,0.02915783093579569
1777878182.3704526,0.21276619982642578,-0.27494420294454597,0.5119987511615974,1,2.7837753295898438,3.086090087890625,-0.003233800172117069,-0.1214450110465036,0.03399840771543609
1777878182.4217277,0.23482066851168662,-0.2773676615837355,0.5173986680271961,1,3.894805908203125,4.254817962646484,0.01882066851314377,-0.1238684696856931,0.039398324581034816
1777878182.4696748,0.244829311444629,-0.27654809130358327,0.5199062375905193,1,1.871347427368164,2.159595489501953,0.02882931144608613,-0.12304889940554092,0.04190589414435802
1777878182.5216925,0.2628783640457666,-0.27161039985448826,0.5238155866426083,1,3.7682056427001953,4.113912582397461,0.04687836404722375,-0.11811120795644589,0.04581524319644696
1777878182.5694613,0.2770795668962924,-0.262120226433507,0.5267834184296293,1,1.3892650604248047,1.5990734100341797,0.06107956689774951,-0.10862103453546465,0.048783074983467935
1777878182.6229217,0.2841448457208109,-0.25639916572602456,0.5280972531211582,1,2.992868423461914,3.241300582885742,0.06814484572226806,-0.10289997382798219,0.05009690967499689
1777878182.6735327,0.29725117066554785,-0.2433236104632979,0.5300990978421114,1,3.4503936767578125,3.7660598754882812,0.08125117066700499,-0.08982441856525553,0.05209875439595012
1777878182.7232926,0.3,-0.22916429888633816,0.5315472926596375,1,2.9802322387695312,3.3111572265625,0.09300366793712035,-0.07566510698829579,0.05354694921347621
1777878182.7758048,0.3,-0.2114679318877602,0.5328946234843546,1,2.8743743896484375,3.2072067260742188,0.10341540911138815,-0.05796873998971783,0.0548942800381932
1777878182.8251467,0.3,-0.2022393199973354,0.5338344999365476,1,2.0475387573242188,2.3512840270996094,0.10683891857669847,-0.04874012809929304,0.055834156490386366
1777878182.8763988,0.3,-0.18154120008595254,0.5363281582229653,1,2.428770065307617,2.7189254760742188,0.11162297556134962,-0.028042008187910167,0.058327814776804016
1777878182.924754,0.3,-0.1623589195700551,0.5389422150750018,1,0.8697509765625,1.0333061218261719,0.11457642795958167,-0.008859727672012749,0.060941871628840544
1777878182.9766002,0.3,-0.153622999315002,0.5403034761038303,1,2.421140670776367,2.7663707733154297,0.11528602312609293,-0.00012380741695962316,0.062303132657668965
1777878183.0265913,0.3,-0.13736242175373842,0.5433291516185494,1,2.3381710052490234,2.9821395874023438,0.11349533013312761,0.01613677014430394,0.06532880817238812
1777878183.075676,0.3,-0.12536083913000548,0.5462061267166738,1,1.4407634735107422,1.6837120056152344,0.1069796294834634,0.02813835276803689,0.06820578327051247
1777878183.126517,0.3,-0.12005673242897397,0.5470827019182308,1,2.028942108154297,2.3539066314697266,0.10037042244462298,0.0334424594690684,0.06908235847206952
1777878183.1770215,0.29990380379031784,-0.11112462032618609,0.5461704940102954,1,2.022266387939453,2.332925796508789,0.08390380379177498,0.042374571571856284,0.06817015056413411
1777878183.2276437,0.28133430103383206,-0.10569856949933926,0.5430009209094215,1,2.5920867919921875,2.946138381958008,0.0653343010352892,0.04780062239870311,0.06500057746326016
1777878183.277307,0.271623248613307,-0.10438760134583944,0.5407935307962531,1,2.0623207092285156,2.343893051147461,0.05562324861476415,0.04911159055220294,0.06279318735009186
1777878183.3276665,0.2518248720639666,-0.1044681582198953,0.5349188290931955,1,2.3021697998046875,2.620220184326172,0.035824872065423743,0.04903103367814707,0.056918485647034237
1777878183.378085,0.2330676380778452,-0.10746913072362319,0.5271114531946324,1,2.6235580444335938,2.958059310913086,0.017067638079302325,0.04603006117441919,0.04911110974847101
1777878183.4264586,0.22407871336803004,-0.10999383307508849,0.5226276003119612,1,0.9949207305908203,1.2078285217285156,0.008078713369487173,0.04350535882295388,0.044627256865799915
1777878183.4782164,0.20764925953478958,-0.11706775570129102,0.5141470119453102,1,2.452373504638672,2.791166305541992,-0.00835074046375328,0.03643143619675135,0.03614666849914889
1777878183.5288,0.19288557139963258,-0.12733659386377377,0.5064589862056468,1,2.976655960083008,3.299236297607422,-0.02311442859891026,0.026162598034268597,0.02845864275948542
1777878183.5769024,0.1865430775048111,-0.13349163437521283,0.5033691267481809,1,1.1069774627685547,1.3065338134765625,-0.02945692249373174,0.02000755752282954,0.025368783302019617
1777878183.6290357,0.17472822684658204,-0.15004532941412466,0.4985042775768169,1,3.0007362365722656,3.3392906188964844,-0.04127177315196081,0.0034538624839177134,0.020503934130655585
1777878183.6775677,0.165982436324485,-0.1689520131638056,0.49624865417325775,1,1.5254020690917969,1.7423629760742188,-0.050017563674057845,-0.015452821265763222,0.01824831072709644
1777878183.7272012,0.16186306391525807,-0.1783176270653278,0.4960066148636971,1,1.1026859283447266,1.2819766998291016,-0.054136936083284785,-0.024818435167285435,0.01800627141753582
1777878183.7777588,0.15245556442884817,-0.195923329957338,0.49726992781996304,1,1.5687942504882812,1.764535903930664,-0.06354443556969469,-0.042424138059295624,0.019269584373801725
1777878183.8285704,0.14293548813092025,-0.21223404418825956,0.5002800038755626,1,2.2804737091064453,2.503633499145508,-0.07306451186762261,-0.05873485229021719,0.022279660429401323
1777878183.8807354,0.13849041342512536,-0.21998705914715352,0.5021165467219625,1,4.278898239135742,4.610300064086914,-0.0775095865734175,-0.06648786724911115,0.024116203275801162
1777878183.932165,0.13261355624942722,-0.23488994840569644,0.5051145422079759,1,5.567073822021484,5.939483642578125,-0.08338644374911565,-0.08139075650765407,0.027114198761814635
1777878183.9807189,0.1324010059937754,-0.2492040307097107,0.5080158661474607,1,3.8597583770751953,4.2324066162109375,-0.08359899400476745,-0.09570483881166833,0.030015522701299382
1777878184.0327396,0.13470043010470611,-0.25632181232621265,0.5097623775728124,1,5.732059478759766,6.152629852294922,-0.08129956989383676,-0.10282262042817028,0.03176203412665104
1777878184.1044953,0.1438784813279435,-0.2691767528950391,0.5135768931755482,1,27.59552001953125,27.823925018310547,-0.07212151867059935,-0.11567756099699675,0.035576549729386925
1777878184.1291637,0.15881900246731345,-0.2792879011823667,0.5184891030950725,1,2.264738082885742,2.4580955505371094,-0.0571809975312294,-0.12578870928432428,0.04048875964891108
1777878184.1823032,0.16727240328607887,-0.28325575478463816,0.5211349622040244,1,4.915952682495117,5.270719528198242,-0.048727596712463996,-0.12975656288659576,0.043134618757863126
1777878184.2350414,0.1877961657721149,-0.28991942037042817,0.5269015998678076,1,7.563591003417969,7.896900177001953,-0.028203834226427985,-0.13642022847238583,0.04890125642164623
1777878184.2827635,0.21124316652563804,-0.293935240787097,0.5325843205096567,1,5.095481872558594,5.421638488769531,-0.004756833472904804,-0.14043604888905464,0.05458397706349534
1777878184.3327596,0.2227905535577415,-0.29388443574597156,0.5353435579127017,1,4.735469818115234,5.335569381713867,0.00679055355919863,-0.14038524384792922,0.057343214466540365
1777878184.3822048,0.24433497835700396,-0.2902751375986484,0.5396076005614918,1,4.271030426025391,4.629611968994141,0.028334978358461112,-0.13677594570060608,0.06160725711533055
1777878184.4317143,0.2649929945951791,-0.2839390626755909,0.5417480097139761,1,3.7488937377929688,4.108905792236328,0.04899299459663627,-0.1304398707775485,0.06374766626781474
1777878184.4794264,0.27396109802933466,-0.2797117080138558,0.5419325099011858,1,1.5354156494140625,1.7557144165039062,0.05796109803079181,-0.12621251611581347,0.0639321664550245
1777878184.5295577,0.2895894117463264,-0.2683152188222009,0.5415330405835338,1,1.4541149139404297,1.7125606536865234,0.07358941174778355,-0.11481602692415854,0.06353269713737247
1777878184.5801558,0.3,-0.25453552544385205,0.5410559048758578,1,1.8644332885742188,2.123117446899414,0.08611397939198194,-0.10103633354580971,0.06305556142969643
1777878184.6321917,0.3,-0.23959393311374597,0.5403666435872222,1,2.4602413177490234,2.8145313262939453,0.09749846066051364,-0.0860947412157036,0.06236630014106082
1777878184.6821702,0.3,-0.23028795853578035,0.5398971220230515,1,2.3651123046875,2.7005672454833984,0.1025037427135567,-0.07678876663773798,0.06189677857689023
1777878184.732366,0.3,-0.21085363724741735,0.5388199395445729,1,2.5374889373779297,2.8662681579589844,0.11023930385305916,-0.05735444534937498,0.06081959609841158
1777878184.785342,0.3,-0.19177790863230798,0.5377534102976088,1,3.7283897399902344,4.067420959472656,0.1160586417912632,-0.03827871673426561,0.0597530668514475
1777878184.8336465,0.3,-0.1826769704324673,0.5373974639537753,1,2.0017623901367188,2.2933483123779297,0.11875668540899445,-0.029177778534424936,0.059397120507613935
1777878184.8843474,0.3,-0.16458566312995973,0.5371334440713798,1,2.613544464111328,2.9354095458984375,0.12074564010018321,-0.01108647123191736,0.05913310062521839
1777878184.9338033,0.3,-0.14691404996905894,0.5371506269345505,1,1.119375228881836,1.3265609741210938,0.11851833584258686,0.0065851419289834345,0.05915028348838913
1777878184.9855337,0.3,-0.1390612511274611,0.537037231782076,1,2.43377685546875,2.9566287994384766,0.11565162683680946,0.014437940770581276,0.05903688833591463
1777878185.036008,0.3,-0.12447326799287563,0.535746600961348,1,2.9871463775634766,3.3566951751708984,0.10466215349941617,0.029025923905166742,0.05774625751518664
1777878185.086177,0.3,-0.1133577137789448,0.5323085270859893,1,3.0765533447265625,3.458738327026367,0.08582516480121433,0.040141478119097566,0.05430818363982795
1777878185.1359012,0.29093373949657,-0.10949587783081705,0.5305185904794594,1,2.7840137481689453,3.1135082244873047,0.07493373949802709,0.044003314067225324,0.052518247033298056
1777878185.1862183,0.26997367477752077,-0.1056505360773844,0.5265212794486728,1,3.0317306518554688,3.3550262451171875,0.05397367477897793,0.047848655820657976,0.04852093600251142
1777878185.2350705,0.24930189477089326,-0.10568062107522798,0.5218489452358845,1,1.886129379272461,2.1457672119140625,0.0333018947723504,0.04781857082281439,0.04384860178972318
1777878185.285781,0.23885695192138198,-0.10752857620800357,0.5190167464383965,1,2.4559497833251953,2.772092819213867,0.022856951922839125,0.0459706156900388,0.041016402992235135
1777878185.3362632,0.22059778027370366,-0.11382581858773452,0.5128093134050585,1,2.8200149536132812,3.1719207763671875,0.00459778027516081,0.039673373310307854,0.034808969958897165
1777878185.385878,0.20439802530775847,-0.12282335987251129,0.5059366883726051,1,2.4175643920898438,2.732515335083008,-0.011601974690784387,0.030675832025531077,0.027936344926443778
1777878185.4367821,0.1965612687849182,-0.1285768696631489,0.5023395575048815,1,3.2501220703125,3.554821014404297,-0.019438731213624653,0.024922322234893463,0.02433921405872009
1777878185.486631,0.18252369450445907,-0.14168009709440466,0.4961082497986115,1,2.996683120727539,3.3254623413085938,-0.03347630549408378,0.011819094803637728,0.018107906352450208
1777878185.5361273,0.17608415772724867,-0.14887366046260203,0.49386165716379615,1,2.4871826171875,2.7723312377929688,-0.03991584227129418,0.004625531435440339,0.015861313717634835
1777878185.5871706,0.16466721702604606,-0.1633435355242764,0.4911579925772914,1,3.344297409057617,3.7169456481933594,-0.05133278297249679,-0.009844343626234042,0.013157649131130086
1777878185.6385138,0.15435484413506997,-0.1781414655948294,0.4904182393844657,1,4.646539688110352,5.012035369873047,-0.06164515586347288,-0.02464227369678705,0.01241789593830437
1777878185.6891146,0.14443853278044827,-0.1929870781370138,0.4917862106407237,1,5.135536193847656,5.482912063598633,-0.07156146721809459,-0.039487886238971426,0.013785867194562394
1777878185.737885,0.14038457987980668,-0.1998064428814448,0.49319549947665914,1,3.899097442626953,4.2133331298828125,-0.07561542011873619,-0.04630725098340244,0.015195156030497793
1777878185.7890499,0.13414218771271774,-0.2132764725437471,0.49707491041100593,1,4.703998565673828,5.017995834350586,-0.08185781228582512,-0.05977728064570473,0.019074566964844587
1777878185.839785,0.13172360544870632,-0.22712470495917544,0.5015598575403829,1,5.336284637451172,5.676507949829102,-0.08427639454983654,-0.07362551306113307,0.023559514094221558
1777878185.8890452,0.13248648841272256,-0.23494293031180685,0.5032104408502709,1,4.557132720947266,4.859447479248047,-0.0835135115858203,-0.08144373841376448,0.02521009740410958
1777878185.939929,0.13837232704572577,-0.25037693822887264,0.5071052159193071,1,5.401372909545898,5.689144134521484,-0.07762767295281708,-0.09687774633083024,0.029104872473145763
1777878185.9897692,0.1487096948275352,-0.26412681263990223,0.5105367235171174,1,5.101442337036133,5.433559417724609,-0.06729030517100765,-0.11062762074185983,0.03253638007095608
1777878186.0408735,0.15648491830629288,-0.2707220677566837,0.5121381485975937,1,6.112575531005859,6.458759307861328,-0.05951508169224997,-0.11722287585864138,0.034137805151432374
1777878186.0901923,0.17511373313018724,-0.2802715335783737,0.5156423869974585,1,5.408525466918945,5.707025527954102,-0.04088626686835562,-0.12677234168033133,0.03764204355129716
1777878186.140221,0.19596366893136907,-0.28369697168548824,0.5202427044250034,1,5.388736724853516,5.711793899536133,-0.020036331067173778,-0.1301977797874459,0.04224236097884211
1777878186.1880023,0.2074248374094054,-0.2842421062215864,0.5223140691777048,1,3.158092498779297,3.4246444702148438,-0.008575162589137464,-0.130742914323544,0.0443137257315435
1777878186.2397635,0.22969026263528164,-0.2834830220910053,0.5262509224365499,1,4.730463027954102,5.094766616821289,0.013690262636738774,-0.1299838301929629,0.04825057899038862
1777878186.2889464,0.25374984758447033,-0.2791726414880495,0.529682729241729,1,3.8399696350097656,4.088163375854492,0.03774984758592748,-0.12567344959000712,0.051682385795567685
1777878186.3388498,0.26591013068362573,-0.2753474074253187,0.531210328980202,1,3.6334991455078125,3.9718151092529297,0.049910130685082855,-0.12184821552727637,0.053209985534040743
1777878186.388623,0.284959722168059,-0.26257364536373906,0.5331643071248857,1,3.3533573150634766,3.659963607788086,0.0689597221695161,-0.10907445346569672,0.05516396367872437
1777878186.4380393,0.29798771916562383,-0.24389248079366782,0.5334111069064817,1,2.7260780334472656,3.018617630004883,0.08198771916708099,-0.09039328889562545,0.05541076346032043
1777878186.4881182,0.3,-0.23460345307416702,0.5334471789599504,1,2.607107162475586,2.933502197265625,0.08729978056017099,-0.08110426117612465,0.05544683551378907
1777878186.5390303,0.3,-0.2139781674993158,0.5338142922633153,1,3.4301280975341797,3.7794113159179688,0.09574102546031044,-0.06047897560127344,0.05581394881715401
1777878186.587928,0.3,-0.19376016864731085,0.5346530042622687,1,2.309560775756836,2.6237964630126953,0.10075930644008144,-0.040260976749268484,0.056652660816107384
1777878186.6383824,0.3,-0.18444244656443193,0.5350734644197508,1,2.5205612182617188,2.874612808227539,0.10215454621400076,-0.030943254666389558,0.057073120973589506
1777878186.6880345,0.3,-0.16715561730787454,0.5357937256520647,1,2.061605453491211,2.4230480194091797,0.10111241423137989,-0.013656425409832154,0.05779338220590346
1777878186.7368,0.3,-0.15172699741908463,0.5362282464958279,1,0.9052753448486328,1.1017322540283203,0.09678381253440693,0.0017721944789577393,0.05822790304966653
1777878186.7868521,0.3,-0.14484745170318714,0.5362334807967467,1,0.8568763732910156,1.0645389556884766,0.09412847144508436,0.008651740194855234,0.05823313735058541
1777878186.8369985,0.3,-0.13322236347410427,0.5352883270005447,1,0.9167194366455078,1.1110305786132812,0.08834618914496645,0.02027682842393809,0.057287983554383436
1777878186.8876798,0.2927551655309128,-0.12180634332498069,0.5335045930022565,1,1.3744831085205078,1.667022705078125,0.07675516553236994,0.03169284857306168,0.055504249556095155
1777878186.9384067,0.28692660723000357,-0.11787957542038319,0.5320882405766088,1,2.0520687103271484,2.3126602172851562,0.07092660723146071,0.03561961647765918,0.05408789713044737
1777878186.989684,0.27391944351576436,-0.11250762317665428,0.5288939154858119,1,2.6836395263671875,3.0188560485839844,0.057919443517221496,0.04099156872138809,0.050893572039650524
1777878187.0388396,0.2593514151740353,-0.11071962326551857,0.5249387061393141,1,1.7635822296142578,2.0949840545654297,0.043351415175492444,0.04277956863252381,0.04693836269315279
1777878187.0889485,0.2516604286836343,-0.11112759427161566,0.5223832853517473,1,1.8434524536132812,2.1457672119140625,0.03566042868509147,0.04237159762642671,0.04438294190558592
1777878187.1397734,0.2362574887430145,-0.11337232352526204,0.516349165133846,1,2.534151077270508,2.8870105743408203,0.02025748874447164,0.04012686837278033,0.03834882168768464
1777878187.1904473,0.2217740964350594,-0.11795971073163018,0.5088614026586756,1,3.056764602661133,3.475666046142578,0.005774096436516541,0.03553948116641219,0.030861059212514298
1777878187.2399695,0.21530261548664129,-0.12117477923839373,0.5052936089500311,1,2.5827884674072266,2.9256343841552734,-0.0006973845119015668,0.03232441265964863,0.027293265503869756
1777878187.2904356,0.20249188065470636,-0.12972251515351418,0.4984648603564896,1,2.901315689086914,3.3235549926757812,-0.013508119343836495,0.023776676744528172,0.02046451691032833
1777878187.3397694,0.19080626681644053,-0.14112280771771374,0.4922836428715843,1,2.275228500366211,2.577066421508789,-0.025193733182102322,0.012376384180328631,0.014283299425422974
1777878187.390482,0.1852060728970567,-0.1472418933531248,0.4897424419454664,1,2.760171890258789,3.201723098754883,-0.030793927101486145,0.006257298544917578,0.011742098499305083
1777878187.438956,0.1747289872433902,-0.1589010834721935,0.48612969575436665,1,1.3523101806640625,1.5659332275390625,-0.04127101275515265,-0.005401891574151121,0.008129352308205308
1777878187.4910042,0.16751417260099558,-0.17265150824118675,0.48178696366021373,1,3.2567977905273438,3.5851001739501953,-0.04848582739754729,-0.019152316343144377,0.0037866202140523914
1777878187.5395384,0.1641276175632685,-0.1791380162595863,0.47983882823071977,1,1.7702579498291016,2.0368099212646484,-0.05187238243527436,-0.025638824361543938,0.0018384847845584681
1777878187.5914626,0.1576931982557785,-0.19307764042554337,0.4766681422196119,1,3.4787654876708984,3.8580894470214844,-0.058306801742764376,-0.03957844852750099,-0.0013322012265494301
1777878187.640787,0.1516011123896219,-0.2072664016542468,0.47276785553605244,1,2.7370452880859375,3.1228065490722656,-0.06439888760892096,-0.05376720975620444,-0.005232487910108864
1777878187.6901636,0.14960766820887977,-0.21415884611475033,0.4704576971857977,1,2.1314620971679688,2.422809600830078,-0.0663923317896631,-0.060659654216707964,-0.0075426462603636266
1777878187.7418664,0.14856208377906277,-0.23053292240129727,0.46500892262316745,1,3.6840438842773438,4.032373428344727,-0.0674379162194801,-0.0770337305032549,-0.012991420822993878
1777878187.7912629,0.1514662525301919,-0.2476541277827586,0.4606826203727312,1,3.04412841796875,3.3578872680664062,-0.06453374746835093,-0.09415493588471624,-0.017317723073430123
1777878187.8392005,0.15401696084796251,-0.25538577432761145,0.45979532053321226,1,1.0139942169189453,1.2314319610595703,-0.06198303915058034,-0.10188658242956905,-0.018205022912949044
1777878187.8899617,0.16172064421100202,-0.26848710524183594,0.4611605469648145,1,1.0590553283691406,1.2507438659667969,-0.054279355787540846,-0.11498791334379355,-0.016839796481346835
1777878187.943571,0.1735206378549573,-0.2779891104587867,0.46541478933046426,1,1.3670921325683594,1.5451908111572266,-0.042479362143585546,-0.12448991856074434,-0.012585554115697041
1777878187.9962587,0.18789568720655186,-0.2832847440435038,0.4713623157725442,1,3.6983489990234375,4.067659378051758,-0.028104312791990986,-0.12978555214546145,-0.00663802767361709
1777878188.0450761,0.1958973182503222,-0.2843797260135904,0.4747670740009586,1,2.098560333251953,2.378225326538086,-0.02010268174822067,-0.130880534115548,-0.0032332694452027397
1777878188.096286,0.21418697742276188,-0.2849926485380194,0.4825621142832674,1,3.149747848510742,3.4852027893066406,-0.0018130225757809655,-0.13149345663997708,0.0045617708371060856
1777878188.1468866,0.23391023937258015,-0.28242627112693375,0.4924571506998964,1,3.607511520385742,3.9784908294677734,0.017910239374037303,-0.12892707922889135,0.014456807253735056
1777878188.197698,0.2438298248324683,-0.27995852116700737,0.49835163399793164,1,4.313230514526367,4.688024520874023,0.02782982483392544,-0.12645932926896497,0.020351290551770342
1777878188.2471633,0.2635310503646412,-0.2736615594798293,0.509973259659,1,3.628253936767578,3.983736038208008,0.047531050366098324,-0.12016236758178692,0.03197291621283861
1777878188.2983334,0.28368148703107293,-0.2660186660777575,0.5202248810335737,1,3.525972366333008,3.8611888885498047,0.06768148703253006,-0.11251947417971511,0.042224537587412396
1777878188.3468614,0.2911697046326851,-0.25984490092060797,0.5241973104410518,1,2.080202102661133,2.354145050048828,0.07516970463414224,-0.10634570902256557,0.04619696699489043
1777878188.3985307,0.3,-0.2443627796621025,0.5301734867996626,1,3.580808639526367,3.9262771606445312,0.08794174017031807,-0.09086358776406012,0.052173143353501206
1777878188.4468112,0.3,-0.22759772286669894,0.5334420221773608,1,1.7914772033691406,2.122163772583008,0.09787287785884619,-0.07409853096865657,0.05544167873119943
1777878188.4971597,0.3,-0.21846583095138533,0.5340026393949239,1,2.107381820678711,2.4080276489257812,0.10208445174619948,-0.06496663905334296,0.05600229594876257
1777878188.546568,0.3,-0.1998516047635771,0.5335660737432466,1,1.4989376068115234,1.7428398132324219,0.10786819120896629,-0.04635241286553474,0.055565730297085295
1777878188.597725,0.3,-0.18148825673471822,0.5322887192267718,1,2.4874210357666016,2.8238296508789062,0.11114301432569951,-0.027989064836675848,0.054288375780610465
1777878188.6480527,0.3,-0.17229589238627097,0.5315534807810045,1,2.680063247680664,3.05938720703125,0.1115653593064286,-0.018796700488228596,0.053553137334843216
1777878188.6978302,0.3,-0.15497078726275967,0.5299455937379784,1,2.4809837341308594,2.776622772216797,0.11074147509457646,-0.0014715953647173041,0.0519452502918171
1777878188.7464418,0.3,-0.13862099071520087,0.5284711513529841,1,1.1034011840820312,1.2936592102050781,0.10601049498675257,0.0148782011828415,0.050470807906822734
1777878188.7963977,0.3,-0.13164562937533544,0.5272832071250025,1,0.9937286376953125,1.1916160583496094,0.10237456648037564,0.02185356252270692,0.049282863678841264
1777878188.847473,0.3,-0.11980522379432805,0.5249406683716616,1,1.9125938415527344,2.183198928833008,0.09104251889586379,0.03369396810371432,0.04694032492550033
1777878188.8980465,0.2909872332473741,-0.11142485222560691,0.5221762973901085,1,2.3796558380126953,2.715587615966797,0.07498723324883119,0.042074339672435464,0.04417595394394719
1777878188.9487433,0.28232045179565,-0.10858384227038764,0.5205952673625778,1,2.979278564453125,3.3283233642578125,0.06632045179710713,0.04491534962765473,0.042594923916416394
1777878188.997719,0.26385209457297404,-0.10685344920684496,0.5164745420193335,1,1.9626617431640625,2.2199153900146484,0.0478520945744312,0.04664574269119741,0.03847419857317215
1777878189.0503442,0.2449422311579893,-0.10810930123835005,0.5117933720395829,1,4.295587539672852,4.741430282592773,0.02894223115944644,0.04538989065969232,0.03379302859342148
1777878189.098889,0.23546473196623166,-0.10997482916980761,0.5092512665703768,1,2.8257369995117188,3.2367706298828125,0.019464731967688803,0.04352436272823477,0.03125092312421544
1777878189.1493733,0.2163703984887039,-0.11654641833220036,0.5044165492772852,1,2.8378963470458984,3.2939910888671875,0.00037039849016104725,0.03695277356584201,0.02641620583112388
1777878189.199442,0.19750185569053832,-0.12644178929938227,0.4992833762919112,1,2.7298927307128906,3.107786178588867,-0.018498144308004533,0.027057402598660116,0.02128303284574988
1777878189.24949,0.18941732176851525,-0.13244358925520183,0.49655556298529596,1,2.602815628051758,3.006458282470703,-0.0265826782300276,0.02105560264284055,0.01855521953913463
1777878189.2996798,0.17653433060386442,-0.14508116808707766,0.4918142541934471,1,2.4650096893310547,3.153562545776367,-0.03946566939467843,0.008418023810964695,0.013813910747285787
1777878189.349347,0.1642932521492251,-0.16000774811798257,0.48888478351951137,1,2.3152828216552734,2.7534961700439453,-0.05170674784931776,-0.006508556219940204,0.010884440073350064
1777878189.4006934,0.15955240196593037,-0.16760431355572725,0.488033748672776,1,3.564119338989258,3.957033157348633,-0.05644759803261248,-0.014105121657684863,0.010033405226614646
1777878189.4516652,0.1515285516774846,-0.18358184815029435,0.488765069368027,1,4.471302032470703,4.853248596191406,-0.06447144832105825,-0.030082656252251982,0.010764725921865649
1777878189.5019164,0.14437216141691223,-0.19914090466148662,0.4918776150707107,1,4.655122756958008,5.028486251831055,-0.07162783858163062,-0.04564171276344425,0.013877271624549353
1777878189.5512757,0.14073148974311278,-0.20575667910587456,0.49422716961725194,1,3.927946090698242,4.278659820556641,-0.07526851025543008,-0.05225748720783219,0.016226826171090593
1777878189.6032143,0.13457904054248757,-0.21912429727891225,0.4998864843863816,1,5.730390548706055,6.134748458862305,-0.08142095945605529,-0.06562510538086988,0.021886140940220303
1777878189.6509936,0.13123276010444287,-0.23375909177712645,0.5073148785431866,1,3.256082534790039,3.488302230834961,-0.08476723989409998,-0.08025989987908408,0.029314535097025245
1777878189.7034032,0.1311903726055479,-0.24165379829869593,0.5119752730477674,1,5.4950714111328125,5.803108215332031,-0.08480962739299495,-0.08815460640065356,0.03397492960160603
1777878189.7567484,0.1342717423777655,-0.2561675594295987,0.522368072399297,1,8.753776550292969,9.088516235351562,-0.08172825762077734,-0.10266836753155628,0.044367728953135586
1777878189.836367,0.1426190340989924,-0.26871025635087564,0.5348131968177009,1,38.38348388671875,38.60902786254883,-0.07338096589955044,-0.11521106445283325,0.05681285337153953
1777878189.872077,0.15527921135286404,-0.2772692309564879,0.5465074258058538,1,23.236513137817383,23.462295532226562,-0.06072078864567881,-0.12377003905844558,0.06850708235969247
1777878189.9366274,0.16320593757859067,-0.28024535602824496,0.5515907876674294,1,37.1706485748291,37.412166595458984,-0.05279406241995219,-0.12674616413020257,0.0735904442212681
1777878189.9821012,0.18261460386418363,-0.2850291689195039,0.5604508479180976,1,32.58848190307617,32.82570838928223,-0.03338539613435924,-0.13152997702146152,0.08245050447193625
1777878190.0023704,0.2046003986123396,-0.2859328025628085,0.5667541142527185,1,2.857685089111328,3.031492233276367,-0.011399601386203233,-0.13243361066476617,0.08875377080655712
1777878190.058865,0.21632693997793803,-0.2843766781199345,0.5693259828122006,1,9.086370468139648,9.393930435180664,0.00032693997939517785,-0.13087748622189216,0.09132563936603927
1777878190.1070828,0.23872768374403078,-0.27765286449122595,0.5732108031300792,1,4.06336784362793,4.370450973510742,0.022727683745487913,-0.1241536725931836,0.09521045968391786
1777878190.1561024,0.25929436657231164,-0.2663967158203918,0.575695086460645,1,3.018617630004883,3.2966136932373047,0.043294366573768804,-0.11289752392234942,0.0976947430144837
1777878190.206671,0.2694991336413055,-0.25971638008680664,0.576169358567493,1,3.479480743408203,3.7996768951416016,0.053499133642762646,-0.10621718818876424,0.09816901512133167
1777878190.2568426,0.2891271679715716,-0.24273487625616905,0.57628715937468,1,3.561735153198242,3.894329071044922,0.07312716797302878,-0.08923568435812668,0.09828681592851864
1777878190.306311,0.3,-0.22388006481839612,0.5745980880750853,1,3.0126571655273438,3.2889842987060547,0.08727012623455561,-0.07038087292035375,0.09659774462892393
1777878190.3551657,0.3,-0.21348374338516615,0.5730525719133769,1,1.6026496887207031,2.0949840545654297,0.09188881737731881,-0.05998455148712378,0.09505222846721553
1777878190.4066226,0.3,-0.19147637688795435,0.5683539292107833,1,2.7375221252441406,3.461122512817383,0.09904554418031647,-0.03797718498991198,0.09035358576462199
1777878190.456595,0.3,-0.17152547941692733,0.5624097556375225,1,2.8743743896484375,3.232717514038086,0.1034582004988944,-0.018026287518884965,0.08440941219136111
1777878190.5059466,0.3,-0.1623322575856207,0.559191800619737,1,2.2203922271728516,2.5243759155273438,0.10446124736026523,-0.008833065687578343,0.08119145717357562
1777878190.556745,0.3,-0.14532185818382515,0.5523969281042748,1,2.7632713317871094,3.126859664916992,0.10320103664817631,0.008177333714217222,0.07439658465811347
1777878190.6067448,0.3,-0.13084249626077843,0.545661894175714,1,2.6955604553222656,3.0670166015625,0.09833881555997401,0.02265669563726394,0.06766155072955267
1777878190.65586,0.3,-0.12497009066173537,0.5424778634160339,1,1.0170936584472656,1.226663589477539,0.09448428417313082,0.028529101236307003,0.0644775199698726
1777878190.7060053,0.29951829733188123,-0.11707498012777134,0.5370230568296628,1,1.064300537109375,1.264333724975586,0.08351829733333836,0.036424211770271026,0.059022713383501464
1777878190.757386,0.2826865680638763,-0.11368026360296712,0.5327465357903717,1,2.1665096282958984,2.567291259765625,0.06668656806533345,0.03981892829507525,0.054746192344210305
1777878190.8075418,0.2732293493993614,-0.11384812950556508,0.5302374739823581,1,2.336740493774414,2.6547908782958984,0.05722934940081852,0.03965106239247728,0.05223713053619681
1777878190.8598118,0.25535252965911087,-0.11651986618595081,0.5249621575917705,1,4.441261291503906,4.7588348388671875,0.039352529660568,0.03697932571209157,0.0469618141456091
1777878190.9063137,0.2368217516065374,-0.12303550379247057,0.5196093549745535,1,1.0197162628173828,1.1982917785644531,0.020821751607994557,0.030463688105571804,0.04160901152839225
1777878190.9563231,0.2278109567601949,-0.12660751108788243,0.517003906525071,1,0.919342041015625,1.1210441589355469,0.01181095676165202,0.026891680810159954,0.03900356307890965
1777878191.008497,0.20984504184218153,-0.1348267933608764,0.5127731864877247,1,2.840280532836914,3.1938552856445312,-0.006154958156361332,0.018672398537165957,0.03477284304156336
1777878191.0591328,0.19146683554267135,-0.14461395258118442,0.5079019104117978,1,3.436565399169922,3.7789344787597656,-0.024533164455871496,0.008885239316857946,0.02990156696563647
1777878191.1090703,0.18317700677175194,-0.14972714474130552,0.5058043634957876,1,3.0765533447265625,3.495454788208008,-0.032822993226790914,0.0037720471567368463,0.0278040200496263
1777878191.1590867,0.16770606462406176,-0.15990144323932148,0.5021684567202606,1,3.069639205932617,3.4329891204833984,-0.04829393537448109,-0.006402251341279128,0.024168113274099186
1777878191.210282,0.1537081223499316,-0.1709225729320129,0.4993523282000689,1,4.182338714599609,4.513025283813477,-0.062291877648611264,-0.017423381033970536,0.021351984753907566
1777878191.2590125,0.1472202949490587,-0.1764741813468299,0.49840401000841517,1,2.844095230102539,3.143787384033203,-0.06877970504948415,-0.022974989448787536,0.02040366656225382
1777878191.3092787,0.1359855051378072,-0.18733489231779202,0.49821357845388564,1,3.026723861694336,3.337383270263672,-0.08001449486073567,-0.03383570041974965,0.020213235007724296
1777878191.3611665,0.12830873256427733,-0.19805583699059034,0.500361730320259,1,4.708290100097656,5.1364898681640625,-0.08769126743426553,-0.044556645092547975,0.02236138687409763
1777878191.4092176,0.12603296128752392,-0.20393666230367094,0.5025705270570267,1,2.8145313262939453,3.0312538146972656,-0.08996703871101894,-0.05043747040562857,0.024570183610865347
1777878191.4648504,0.1248361220253092,-0.21623907294400543,0.5081564835818739,1,6.900787353515625,7.245063781738281,-0.09116387797323365,-0.06273988104596306,0.030156140135712654
1777878191.5163498,0.12687392049417512,-0.2292236870164248,0.5151110380974406,1,8.282899856567383,8.594274520874023,-0.08912607950436774,-0.07572449511838242,0.037110694651279294
1777878191.5602326,0.12963229239483917,-0.23591555340790202,0.518346627741689,1,2.18963623046875,2.3996829986572266,-0.08636770760370369,-0.08241636150985965,0.04034628429552778
1777878191.6167657,0.13820828162887921,-0.24779954411865016,0.5251282442425922,1,8.494138717651367,8.822441101074219,-0.07779171836966363,-0.09430035222060779,0.04712790079643085
1777878191.6641188,0.15149533050273048,-0.25758449479637036,0.5319211745511659,1,4.299163818359375,4.637956619262695,-0.06450466949581238,-0.10408530289832801,0.05392083110500463
1777878191.7160368,0.1599173870623112,-0.26149652268578505,0.5354725101364973,1,5.825281143188477,6.154298782348633,-0.05608261293623166,-0.10799733078774265,0.05747216669033605
1777878191.7669046,0.17910781118652302,-0.26740899017054476,0.5421331641844037,1,6.6013336181640625,6.932735443115234,-0.03689218881201984,-0.11390979827250242,0.06413282073824239
1777878191.81595,0.20081934323333656,-0.2703581660006291,0.5483325268414546,1,5.630254745483398,5.925655364990234,-0.01518065676520629,-0.11685897410258672,0.07033218339529329
1777878191.8673344,0.22501094303981645,-0.26941853196179755,0.5538354967616675,1,4.858255386352539,5.188465118408203,0.009010943041273582,-0.11591934006375515,0.07583515331550623
1777878191.91646,0.23647425109533263,-0.26758678773390565,0.5564659272744675,1,3.9854049682617188,4.225969314575195,0.02047425109678977,-0.11408759583586331,0.07846558382830618
1777878191.964229,0.2590299229499236,-0.2600350949781155,0.560813386470277,1,1.619100570678711,1.8427371978759766,0.04302992295138074,-0.1065359030800731,0.08281304302411571
1777878192.0165722,0.2794871387557963,-0.24842575466237304,0.5631262579446925,1,1.6624927520751953,1.8587112426757812,0.06348713875725341,-0.09492656276433067,0.08512591449853124
1777878192.068073,0.28810783850588884,-0.24152127487340191,0.5634358058195633,1,2.975940704345703,3.2634735107421875,0.07210783850734598,-0.08802208297535954,0.08543546237340197
1777878192.1188583,0.3,-0.22433984074058805,0.5625508570551339,1,3.2243728637695312,3.6127567291259766,0.08649862406961892,-0.07084064884254568,0.0845505136089725
1777878192.1684158,0.3,-0.2043895205081064,0.560412349010495,1,2.6481151580810547,3.078937530517578,0.09600976351293367,-0.05089032861006404,0.08241200556433362
1777878192.2185988,0.3,-0.1935665836808409,0.5590381645113889,1,2.7909278869628906,3.187417984008789,0.09919379200150835,-0.040067391782798514,0.08103782106522761
1777878192.269225,0.3,-0.17358302590525948,0.5560848879302018,1,3.2961368560791016,3.737926483154297,0.10244454150070934,-0.02008383400721711,0.07808454448404056
1777878192.3172586,0.3,-0.15341561214827712,0.5520140445561402,1,1.4274120330810547,1.7316341400146484,0.10251878902555246,8.357974976525018e-05,0.07401370110997886
1777878192.3686783,0.3,-0.14442313484888478,0.5500162369422146,1,2.7031898498535156,3.083467483520508,0.10148648072451799,0.009076057049157593,0.07201589349605321
1777878192.418446,0.3,-0.1277519993278484,0.5461022753246758,1,2.489805221557617,2.8007030487060547,0.09604534124013565,0.02574719257019397,0.06810193187851449
1777878192.4669533,0.3,-0.11455930961583403,0.5425895809220361,1,0.9064674377441406,1.1615753173828125,0.08526322869381237,0.038939882282208335,0.06458923747587476
1777878192.5170448,0.2945146497731157,-0.10912771482420494,0.5407226120872245,1,0.8947849273681641,1.1792182922363281,0.07851464977457281,0.04437147707383743,0.06272226864106317
1777878192.5690997,0.2788110703064114,-0.10210718673813383,0.5360933788924964,1,2.7480125427246094,3.1392574310302734,0.06281107030786855,0.051392005159908535,0.05809303544633505
1777878192.619944,0.26411303080025295,-0.10007393258161519,0.5303718985701618,1,3.5452842712402344,3.9243698120117188,0.04811303080171009,0.05342525931642718,0.05237155512400045
1777878192.6674268,0.25589691100744183,-0.10078584456611392,0.5268093333010919,1,0.8296966552734375,1.0335445404052734,0.03989691100889898,0.05271334733192846,0.04880898985493063
1777878192.718937,0.23870359944535116,-0.10414030316472145,0.5194734672180114,1,2.105236053466797,2.428293228149414,0.022703599446808297,0.049358888733320914,0.04147312377185005
1777878192.7684119,0.22124275273383276,-0.1095424523051029,0.5118764714149218,1,1.6448497772216797,1.9004344940185547,0.0052427527352899034,0.04395673959293948,0.03387612796876049
1777878192.8200572,0.2126428261912265,-0.11315659135274056,0.5080467249319656,1,3.0617713928222656,3.446817398071289,-0.003357173807316356,0.0403426005453018,0.03004638148580427
1777878192.8702385,0.19737818770820179,-0.12186949604521596,0.5003221750687076,1,3.1707286834716797,3.5486221313476562,-0.01862181229034108,0.031629695852826406,0.022321831622546286
1777878192.920457,0.18441336038542133,-0.13465251786993554,0.49222127868099147,1,3.2958984375,3.7000179290771484,-0.03158663961312153,0.018846674028106816,0.014220935234830166
1777878192.9682674,0.1785079866981318,-0.14227760550162216,0.48857900947353244,1,1.1148452758789062,1.3976097106933594,-0.037492013300411055,0.011221586396420222,0.01057866602737114
1777878193.0203693,0.1671410061482057,-0.15821810899659197,0.48312225718175245,1,3.0841827392578125,3.432035446166992,-0.048858993850337144,-0.004718917098549602,0.005121913735591142
1777878193.0708168,0.15754126755334702,-0.1743521477790679,0.4805666736374593,1,2.0029544830322266,2.3190975189208984,-0.058458732445195845,-0.020852955881025537,0.002566330191298004
1777878193.1234288,0.14935187849089993,-0.19069622068011594,0.4803865454629315,1,3.440380096435547,3.8297176361083984,-0.06664812150764292,-0.037197028782073566,0.0023862020167701795
1777878193.1721644,0.14605464526133993,-0.19895892332465542,0.4810654098232105,1,2.053499221801758,2.3331642150878906,-0.06994535473720292,-0.045459731426613054,0.0030650663770491957
1777878193.2220175,0.1413812295399542,-0.21385157460272164,0.4838204611607465,1,1.9071102142333984,2.141714096069336,-0.07461877045858868,-0.06035238270467927,0.0058201177145851685
1777878193.2726483,0.14008774759794446,-0.22755600946638396,0.4877139865316834,1,1.7511844635009766,2.076387405395508,-0.07591225240059842,-0.07405681756834159,0.009713643085522083
1777878193.3255317,0.14122886217874486,-0.23377435213436998,0.4897228706491281,1,4.306793212890625,4.8675537109375,-0.07477113781979798,-0.08027516023632761,0.01172252720296682
1777878193.3765447,0.14599343964605288,-0.24426886749279178,0.4946554437061765,1,5.418062210083008,5.78618049621582,-0.07000656035248999,-0.09076967559474941,0.01665510026001516
1777878193.4250894,0.1500618304046787,-0.24931409169214194,0.49709701806893725,1,3.8955211639404297,4.2591094970703125,-0.06593816959386416,-0.09581489979409957,0.019096674622775936
1777878193.4736502,0.16157034066510995,-0.2582854642252471,0.5030318606511501,1,2.5086402893066406,2.7637481689453125,-0.0544296593334329,-0.10478627232720478,0.025031517204988765
1777878193.5239954,0.17853413436087168,-0.2654770890914222,0.5097994613520054,1,2.7306079864501953,3.030538558959961,-0.037465865637671174,-0.1119778971933798,0.03179911790584403
1777878193.5764282,0.19898543113585276,-0.2709443564154843,0.5160210679958233,1,4.919528961181641,5.289793014526367,-0.017014568862690108,-0.11744516451744191,0.03802072454966188
1777878193.6255956,0.20970469436856617,-0.2727947357658209,0.5189302218090185,1,4.044294357299805,4.384517669677734,-0.006295305629976676,-0.11929554386777855,0.04092987836285721
1777878193.674882,0.23275798800894743,-0.27344733758013884,0.524214099030598,1,3.287792205810547,3.5657882690429688,0.016757988010404557,-0.1199481456820965,0.04621375558443674
1777878193.7255077,0.256477422331448,-0.27204672746077363,0.5276354702743623,1,3.6630630493164062,3.9987564086914062,0.04047742233290511,-0.11854753556273129,0.04963512682820099
1777878193.7738416,0.2679522864832251,-0.2702313990745864,0.5289933913139626,1,1.3730525970458984,1.8734931945800781,0.051952286484682246,-0.116732207176544,0.050993047867801275
1777878193.8263857,0.2883557240133027,-0.2627921946488879,0.5317633069839083,1,3.925323486328125,4.308938980102539,0.07235572401475988,-0.10929300275084555,0.053762963537746955
1777878193.875878,0.3,-0.2470385764701419,0.5340815543474418,1,3.4284591674804688,3.748655319213867,0.0864199384861437,-0.09353938457209954,0.05608121090128046
1777878193.9242036,0.3,-0.23949392482182005,0.5347403390511675,1,1.5418529510498047,1.89971923828125,0.09303845983439533,-0.08599473292377768,0.05673999560500611
1777878193.973803,0.3,-0.22410765723098028,0.536133984015078,1,1.0120868682861328,1.2288093566894531,0.10597464126779851,-0.07060846533293791,0.05813364056891661
1777878194.0241065,0.3,-0.20525103919277982,0.5381179133174342,1,1.087188720703125,1.2934207916259766,0.1129404601374934,-0.051751847294737446,0.060117569871272855
1777878194.0742083,0.3,-0.19567004700314258,0.5392180695523527,1,1.0695457458496094,1.3172626495361328,0.11523339991758924,-0.04217085510510021,0.061217726106191424
1777878194.124346,0.3,-0.17648418141464636,0.5411437786907234,1,1.1072158813476562,1.344919204711914,0.1169222635707163,-0.022984989516603993,0.06314343524456201
1777878194.174696,0.3,-0.15878502798578464,0.5417613368278054,1,1.2087821960449219,1.5461444854736328,0.11508778093658614,-0.005285836087742274,0.0637609933816441
1777878194.2249615,0.3,-0.15020911270380305,0.5420016920347719,1,1.4691352844238281,1.7194747924804688,0.11257484614297905,0.0032900791942393204,0.06400134858861058
1777878194.2767162,0.3,-0.13391226649300642,0.5415172681769818,1,2.954244613647461,3.3702850341796875,0.10138252625998181,0.019586925405035954,0.0635169247308204
1777878194.3264005,0.3,-0.1207967542832625,0.5394838840096221,1,2.651214599609375,2.9959678649902344,0.08767988474935229,0.032702437614779874,0.06148354056346078
1777878194.3759892,0.29660831936106824,-0.11579885040077677,0.5376861040693492,1,2.091646194458008,2.489805221557617,0.0806083193625254,0.0377003414972656,0.059685760623187874
1777878194.4272358,0.2801154957649173,-0.10861394118079835,0.5330850202068498,1,3.283977508544922,3.7076473236083984,0.06411549576637442,0.044885250717244016,0.05508467676068842
1777878194.4765277,0.26232157175961385,-0.10598140620030005,0.5273640644087055,1,2.5529861450195312,2.9282569885253906,0.046321571761071004,0.047517785697742315,0.04936372096254425
1777878194.5262594,0.2531164869380777,-0.10646544911970256,0.5239166545279619,1,2.1376609802246094,2.4955272674560547,0.03711648693953484,0.04703374277833981,0.04591631108180059
1777878194.5753143,0.23473268726281868,-0.11036743955441167,0.5160191916959389,1,1.245737075805664,1.497030258178711,0.01873268726427583,0.0431317523436307,0.038018848249777616
1777878194.6276228,0.2170603348545804,-0.11751169271846246,0.5078341146760623,1,3.3292770385742188,3.7069320678710938,0.0010603348560375321,0.03598749917957992,0.029833771229900975
1777878194.6765409,0.20913672114972126,-0.12168088146575429,0.5035582291006017,1,2.1920204162597656,2.543210983276367,-0.006863278848821595,0.03181831043228808,0.025557885654440306
1777878194.7266064,0.1949156752054637,-0.13138768592285474,0.49548972961639537,1,2.239704132080078,2.538919448852539,-0.021084324793079152,0.02211150597518763,0.01748938617023406
1777878194.7760303,0.18220654842939477,-0.14214319651137058,0.487517339814919,1,1.1267662048339844,1.5323162078857422,-0.033793451569148106,0.011355995386671786,0.009516996368757684
1777878194.8262277,0.17670532955003693,-0.1484419957908769,0.4841403589142089,1,1.3179779052734375,1.522064208984375,-0.03929467044850594,0.005057196107165457,0.0061400154680475785
1777878194.8778453,0.1664089488652759,-0.1615899543235345,0.4789635913723813,1,2.6645660400390625,2.9931068420410156,-0.04959105113326696,-0.008090762425492143,0.00096324792621999
1777878194.9261775,0.1574768456866616,-0.1760786155427493,0.47590444839479945,1,1.096487045288086,1.2905597686767578,-0.05852315431188126,-0.022579423644706942,-0.0020958950513618943
1777878194.9781013,0.15273075818498152,-0.18381376546186337,0.47496121261071833,1,2.799510955810547,3.1135082244873047,-0.06326924181356133,-0.030314573563821,-0.0030391308354430144
1777878195.0291169,0.14148943034372097,-0.19612220185734067,0.4752671781853292,1,3.5619735717773438,3.9243698120117188,-0.07451056965482188,-0.0426230099592983,-0.0027331652608320947
1777878195.0794082,0.13163809381451527,-0.20712471515160746,0.4778437123447261,1,3.796100616455078,4.152059555053711,-0.08436190618402759,-0.053625523253565094,-0.0001566311014352395
1777878195.1300254,0.12803141472730056,-0.2125914033179143,0.4804650313357039,1,4.32586669921875,4.71186637878418,-0.0879685852712423,-0.05909221141987192,0.0024646878895425925
1777878195.177314,0.12444334007179984,-0.22268835076933524,0.4869557748780758,1,1.5685558319091797,1.7704963684082031,-0.09155665992674301,-0.06918915887129287,0.008955431431914455
1777878195.2277417,0.12637522083743827,-0.23183643119689834,0.49382478574438465,1,1.9054412841796875,2.1202564239501953,-0.08962477916110459,-0.07833723929885597,0.015824442298223336
1777878195.281214,0.12933197567207877,-0.23612117629429305,0.4966908907434932,1,5.080938339233398,5.511283874511719,-0.0866680243264641,-0.08262198439625068,0.018690547297331887
1777878195.3307443,0.13922486254796396,-0.24518212176503967,0.5017253088268018,1,4.538536071777344,4.931211471557617,-0.0767751374505789,-0.0916829298669973,0.023724965380640478
1777878195.380886,0.15446511750932534,-0.2540862377456484,0.5061036106942796,1,4.543781280517578,4.914045333862305,-0.06153488248921752,-0.10058704584760608,0.028103267248118274
1777878195.4302394,0.16428421747493668,-0.2584533538490005,0.5084201413475056,1,3.936767578125,4.181623458862305,-0.05171578252360618,-0.10495416195095808,0.030419797901344258
1777878195.4814029,0.18490562262668023,-0.26495002794152267,0.5144368937251202,1,4.794597625732422,5.179643630981445,-0.031094377371862623,-0.11145083604348033,0.036436550278958924
1777878195.5299563,0.20810639388893515,-0.2682064290636721,0.5220887778072669,1,3.451824188232422,3.6983489990234375,-0.007893606109607713,-0.1147072371656297,0.04408843436110564
1777878195.581391,0.21993377856834223,-0.2684707176493759,0.5261966597311715,1,4.468202590942383,4.8923492431640625,0.003933778569799385,-0.11497152575133357,0.048196316285010185
1777878195.6299505,0.24446711325007978,-0.2659358620765929,0.5337922190480453,1,2.788543701171875,3.131389617919922,0.02846711325153691,-0.11243667017855055,0.055791875601884
1777878195.681022,0.2662950025914945,-0.25850712052396957,0.5411485880158166,1,3.731250762939453,4.112720489501953,0.05029500259295167,-0.1050079286259272,0.06314824456965527
1777878195.7308247,0.27618016057166067,-0.25372753727515895,0.5441365769877303,1,3.429412841796875,3.8368701934814453,0.06018016057311779,-0.10022834537711661,0.06613623354156904
1777878195.778544,0.29405861966390606,-0.24179321633342474,0.5484884119063558,1,1.2552738189697266,1.474142074584961,0.0780586196653632,-0.08829402443538237,0.07048806846019451
1777878195.8311388,0.3,-0.22613561472578994,0.5512864830514659,1,3.5431385040283203,3.9703845977783203,0.08987354859332078,-0.07263642282774757,0.07328613960530453
1777878195.8799367,0.3,-0.21845591200150066,0.5520652599872261,1,2.245187759399414,2.6106834411621094,0.09560773362348737,-0.06495672010345829,0.07406491654106474
1777878195.932483,0.3,-0.20240844899762808,0.552400518433794,1,4.199743270874023,4.662275314331055,0.10386936198168631,-0.04890925709958571,0.07440017498763266
1777878195.9799495,0.3,-0.1861467447222006,0.5515007649777615,1,1.795053482055664,2.0470619201660156,0.108584589350227,-0.032647552824158224,0.07350042153160011
1777878196.0320518,0.3,-0.17828999560763892,0.5508124469354804,1,2.2182464599609375,2.5510787963867188,0.10967957649970089,-0.02479080370959655,0.07281210348931905
1777878196.0805864,0.3,-0.16361971887472976,0.5490499892362433,1,0.8764266967773438,1.0406970977783203,0.10805776644050981,-0.010120526976687402,0.07104964579008193
1777878196.1323235,0.3,-0.15120255805868926,0.5461245621305841,1,2.407550811767578,2.704620361328125,0.09969145415182548,0.002296633839353107,0.06812421868442281
1777878196.181135,0.3,-0.141839118163144,0.5421407117308307,1,1.0657310485839844,1.2664794921875,0.08678039288510264,0.011660073734898357,0.06414036828466933
1777878196.233756,0.29557598192336454,-0.13831202190517308,0.5398894664746815,1,2.2058486938476562,2.5403499603271484,0.07957598192482171,0.015187169992869287,0.061889123028520156
1777878196.2853825,0.2787312209617221,-0.13358849153455554,0.5344779054977704,1,2.451181411743164,2.866983413696289,0.06273122096317926,0.01991070036348684,0.05647756205160909
1777878196.335679,0.2611419052175502,-0.13206462876910258,0.5282889444611409,1,2.7620792388916016,3.0913352966308594,0.04514190521900735,0.02143456312893978,0.0502886010149796
1777878196.3852813,0.2519061171641088,-0.13251297173370877,0.5248118685031665,1,2.3124217987060547,2.6140213012695312,0.03590611716556599,0.020986220164333595,0.04681152505700525
1777878196.4357655,0.23239001126936354,-0.13535424185705047,0.5179511516607718,1,2.693653106689453,3.025531768798828,0.016390011270820695,0.01814495004099191,0.03995080821461049
1777878196.485849,0.21344352476150277,-0.14050381099281628,0.5109254711293248,1,2.693653106689453,3.0295848846435547,-0.002556475237040076,0.012995380905226075,0.03292512768316351
1777878196.534642,0.20415065483517317,-0.14391162558131598,0.5074149579220888,1,1.4019012451171875,1.667022705078125,-0.011849345163369699,0.009587566316726387,0.029414614475927525
1777878196.587326,0.18635179168238306,-0.15211224679528706,0.5003088040370082,1,1.5451908111572266,1.8546581268310547,-0.029648208316159802,0.0013869451027553187,0.022308460590846835
1777878196.638642,0.17104201045332135,-0.1617919037638947,0.4936508058600888,1,1.2922286987304688,1.5292167663574219,-0.0449579895452215,-0.008292711865852342,0.01565046241392746
1777878196.6905394,0.15704260099479667,-0.1710180583597272,0.4898973509326495,1,1.7709732055664062,2.871274948120117,-0.0589573990037462,-0.017518866461684823,0.011897007486488205
1777878196.741125,0.15064449992708526,-0.17602562691840506,0.4884964093388143,1,2.9408931732177734,3.280162811279297,-0.0653555000714576,-0.02252643502036268,0.01049606589265295
1777878196.7920272,0.13988526271454954,-0.1860707880303749,0.48687735363610907,1,3.8127899169921875,4.148006439208984,-0.0761147372839933,-0.03257159613233253,0.00887701018994775
1777878196.841938,0.13520629993660804,-0.19119362595201037,0.4867410992646187,1,3.5598278045654297,3.9212703704833984,-0.08079370006193481,-0.037694434053967996,0.008740755818457416
1777878196.892342,0.12842077057770646,-0.20185117729558494,0.4880980526223316,1,3.760099411010742,4.036664962768555,-0.08757922942083639,-0.04835198539754257,0.010097709176170241
1777878196.9428,0.12704118512599238,-0.2124427939583531,0.4915943623181583,1,3.999471664428711,4.401922225952148,-0.08895881487255047,-0.05894360206031074,0.01359401887199694
1777878196.9942427,0.1308915718149333,-0.2221425412790707,0.49640690988584135,1,4.428625106811523,4.7702789306640625,-0.08510842818360956,-0.06864334938102834,0.018406566439680028
1777878197.0422254,0.1349286587885834,-0.22652706108327184,0.498656744896843,1,2.4378299713134766,2.6848316192626953,-0.08107134120995944,-0.07302786918522947,0.020656401450681643
1777878197.0956445,0.14878172900501796,-0.23479170442217365,0.5022075352797127,1,4.050970077514648,4.33659553527832,-0.06721827099352491,-0.08129251252413128,0.024207191833551425
1777878197.1464734,0.16572919477164683,-0.24306134697520435,0.5063373195051971,1,4.364967346191406,4.707098007202148,-0.050270805226896025,-0.08956215507716198,0.028336976059035793
1777878197.196054,0.1749788819519557,-0.24726643612504573,0.5095662823574506,1,3.8633346557617188,4.204750061035156,-0.04102111804658715,-0.09376724422700336,0.03156593891128932
1777878197.2467093,0.19394930927946008,-0.25386320211673136,0.5168823086635397,1,4.473209381103516,4.787445068359375,-0.022050690719082763,-0.10036401021868899,0.038881965217378314
1777878197.295476,0.21656270463394228,-0.257793645726807,0.5253183365085289,1,3.229379653930664,3.4890174865722656,0.0005627046353994308,-0.10429445382876465,0.04731799306236756
1777878197.3462381,0.22724056321813094,-0.257255054966706,0.5303872486490491,1,3.849029541015625,4.17780876159668,0.011240563219588077,-0.10375586306866363,0.05238690520288772
1777878197.396493,0.24925494761653672,-0.25517992293306635,0.5392973272327766,1,4.004478454589844,4.38380241394043,0.033254947617993864,-0.10168073103502401,0.06129698378661519
1777878197.4458196,0.2711066102776382,-0.25078134039139877,0.5479177655498673,1,3.355741500854492,3.646373748779297,0.055106610279095365,-0.0972821484933564,0.06991742210370591
1777878197.4960175,0.28115905744214825,-0.247811372407961,0.5510149294124541,1,3.3965110778808594,3.749847412109375,0.06515905744360541,-0.09431218050991863,0.0730145859662928
1777878197.5455692,0.2961152002812829,-0.23763474584154942,0.5542526346524164,1,2.9349327087402344,3.2346248626708984,0.08011520028274002,-0.08413555394350705,0.07625229120625504
1777878197.5954597,0.3,-0.2240919665528368,0.5539808854390988,1,2.752065658569336,3.058910369873047,0.09198419946144175,-0.07059277465479444,0.0759805419929375
1777878197.6448786,0.3,-0.21625037360949087,0.5534847301292122,1,2.004384994506836,2.283334732055664,0.09656609608537939,-0.0627511817114485,0.07548438668305082
1777878197.69696,0.3,-0.1997871609173486,0.5520783409586829,1,2.7451515197753906,2.9609203338623047,0.10353694305273242,-0.046287969019306235,0.07407799751252153
1777878197.7462294,0.3,-0.1826361967164808,0.5499214422603071,1,1.8029212951660156,2.1665096282958984,0.10624511456396649,-0.029137004818438422,0.07192109881414585
1777878197.795866,0.3,-0.174044306804888,0.5485517500090924,1,1.043081283569336,1.2295246124267578,0.10582393690568997,-0.02054511490684563,0.07055140656293105
1777878197.8468874,0.3,-0.15749741410290327,0.5450934326592234,1,1.8029212951660156,2.1491050720214844,0.10192340698394214,-0.003998222204860902,0.06709308921306209
1777878197.8979468,0.3,-0.14334003988448626,0.5407448738072939,1,2.778768539428711,3.12042236328125,0.09483239408088005,0.010159152013556105,0.06274453036113256
1777878197.9473982,0.3,-0.13777380592585503,0.5383925276969344,1,2.163410186767578,2.497434616088867,0.09159786290922228,0.015725385972187325,0.06039218425077304
1777878197.9981327,0.2980396937452177,-0.12953943256288525,0.5335923368381236,1,2.6443004608154297,3.1585693359375,0.08203969374667484,0.023959759335157108,0.055591993391962254
1777878198.0466094,0.28373437897417597,-0.12396223720912043,0.5287658702212898,1,1.2524127960205078,1.4543533325195312,0.06773437897563311,0.029536954688921938,0.05076552677512856
1777878198.0980437,0.2750814258879959,-0.12232843331651448,0.5262108127075742,1,2.4459362030029297,2.756834030151367,0.05908142588945301,0.031170758581527888,0.04821046926141286
1777878198.1484132,0.25748977156031966,-0.12168897553430534,0.5200904119863481,1,2.6955604553222656,3.0717849731445312,0.04148977156177678,0.03181021636373703,0.04209006854018678
1777878198.198521,0.23760831763138973,-0.12461225590316231,0.5129309908058741,1,2.518892288208008,2.950906753540039,0.021608317632846867,0.028886935994880056,0.03493064735971277
1777878198.247682,0.22800179243090163,-0.1271880711663002,0.509148528620858,1,1.804351806640625,2.071380615234375,0.01200179243235878,0.026311120731742174,0.031148185174696707
1777878198.2997043,0.20835330666902224,-0.13368580298412633,0.5007834604956984,1,2.680540084838867,3.068685531616211,-0.0076466933295206065,0.01981338891391604,0.022783117049537116
1777878198.350722,0.18981809244292888,-0.14339061244662105,0.49335207458201363,1,3.6542415618896484,3.9987564086914062,-0.02618190755561397,0.010108579451421323,0.015351731135852288
1777878198.3995697,0.1812014369780352,-0.14916091751197688,0.49040146489087266,1,2.4394989013671875,2.7468204498291016,-0.03479856302050765,0.004338274386065488,0.012401121444711345
1777878198.4507911,0.16562183378504175,-0.16219308820407075,0.48617624293972006,1,3.515958786010742,3.900289535522461,-0.050378166213501094,-0.00869389630602839,0.008175899493558764
1777878198.5003088,0.15348438020552396,-0.17611357156512678,0.4842246753774341,1,3.0481815338134766,3.347158432006836,-0.0625156197930189,-0.022614379667084406,0.00622433193127276
1777878198.5507772,0.1478186711640226,-0.18386878929549594,0.48440799556141156,1,3.430604934692383,3.7260055541992188,-0.06818132883452024,-0.030369597397453568,0.0064076521152502605
1777878198.599772,0.13712452587460683,-0.19819953642625718,0.4863870278323045,1,2.3725032806396484,2.577543258666992,-0.07887547412393603,-0.04470034452821481,0.008386684386143178
1777878198.6519897,0.12774684109444714,-0.2110027704729274,0.49080847596822735,1,4.287004470825195,4.620790481567383,-0.08825315890409571,-0.05750357857488503,0.012808132522066015
1777878198.7018254,0.12432446913987666,-0.2166853214928122,0.4936588610348708,1,4.069328308105469,4.374504089355469,-0.0916755308586662,-0.06318612959476982,0.015658517588709453
1777878198.7506518,0.1206959822508474,-0.22642925643732784,0.5000041452590227,1,2.900362014770508,3.1197071075439453,-0.09530401774769545,-0.07293006453928547,0.022003801812861372
1777878198.8045475,0.12123038531646155,-0.23433626760124374,0.5063395756047891,1,6.611108779907227,6.948232650756836,-0.09476961468208131,-0.08083707570320137,0.028339232158627773
1777878198.8799758,0.12314043360063254,-0.2380854444846032,0.5094526315246354,1,32.009124755859375,32.26184844970703,-0.09285956639791032,-0.08458625258656083,0.031452288078474055
1777878198.9303815,0.13179614176840582,-0.2473146286742543,0.5153522350810493,1,30.956029891967773,31.16583824157715,-0.08420385823013704,-0.09381543677621193,0.03735189163488799
1777878198.9777184,0.14487843914101348,-0.2561593289053029,0.521224213010476,1,27.75263786315918,27.921438217163086,-0.07112156085752938,-0.10266013700726051,0.04322386956431466
1777878199.0265012,0.15291810497761738,-0.2598773054171417,0.5245389713626942,1,26.40247344970703,26.63445472717285,-0.06308189502092548,-0.10637811351909937,0.046538627916532876
1777878199.0712483,0.1721864663566367,-0.26597426788805656,0.5322543456081267,1,21.109580993652344,21.32248878479004,-0.04381353364190617,-0.11247507599001422,0.05425400216196538
1777878199.1031857,0.19422632924265354,-0.2693503403002181,0.5396575527396761,1,2.9859542846679688,3.201723098754883,-0.02177367075588932,-0.11585114840217575,0.06165720929351475
1777878199.1546762,0.20627784351853318,-0.2708400787471287,0.542977322149331,1,4.353046417236328,4.615545272827148,-0.009722156480009679,-0.11734088684908633,0.0649769787031697
1777878199.2047698,0.2298336426702034,-0.2705527266286638,0.5488782325743573,1,4.335641860961914,4.6443939208984375,0.013833642671660547,-0.11705353473062147,0.07087788912819601
1777878199.2544918,0.25139325593513273,-0.2647557520306732,0.5530875821663421,1,3.943920135498047,4.2858123779296875,0.035393255936589894,-0.11125656013263083,0.07508723872018076
1777878199.304513,0.2705161150720159,-0.25405444320296644,0.5556396170676727,1,3.941774368286133,4.251003265380859,0.054516115073473044,-0.10055525130492404,0.07763927362151135
1777878199.3538542,0.27877214829375674,-0.24809668666552373,0.5560994308230315,1,2.4139881134033203,2.6810169219970703,0.06277214829521387,-0.09459749476748136,0.0780990873768702
1777878199.4054072,0.2917345725684085,-0.23307919586179474,0.5566089813549966,1,3.0477046966552734,3.348112106323242,0.07573457256986568,-0.07958000396375237,0.07860863790883527
1777878199.455921,0.3,-0.21498108500541233,0.5569068486458059,1,3.4677982330322266,3.811359405517578,0.08479978330201593,-0.061481893107369956,0.07890650519964454
1777878199.5031974,0.3,-0.2047577849487416,0.5568413782076811,1,0.8533000946044922,1.032114028930664,0.08798797184664169,-0.05125859305069924,0.07884103476151982
1777878199.5548992,0.3,-0.1830865245638349,0.5556554384243542,1,2.351045608520508,2.692699432373047,0.09188226092186184,-0.029587332665792526,0.07765509497819281
1777878199.6044703,0.3,-0.1636857205127111,0.5542282233727979,1,1.89208984375,2.157926559448242,0.09339313508800332,-0.010186528614668733,0.07622787992663652
1777878199.6551409,0.3,-0.15380195276908037,0.5529532858728406,1,2.4018287658691406,2.738475799560547,0.09199486903906086,-0.00030276087103800475,0.07495294242667931
1777878199.7054098,0.3,-0.13654814658331055,0.5497481971117797,1,2.6247501373291016,2.9397010803222656,0.0849375710737185,0.016951045314731836,0.07174785366561835
1777878199.75352,0.292222722097061,-0.12524273019375703,0.544988108963439,1,0.7970333099365234,0.9753704071044922,0.07622272209851816,0.02825646170428532,0.06698776551727761
1777878199.8053398,0.28564773599290516,-0.12118057793918185,0.5420411778358493,1,2.387523651123047,2.7136802673339844,0.0696477359943623,0.032318613958860515,0.06404083438968791
1777878199.8557549,0.26957060297973773,-0.11696057430490608,0.5353546895891298,1,2.7039051055908203,3.0660629272460938,0.05357060298119488,0.036538617593136286,0.05735434614296847
1777878199.9055803,0.25185958731623226,-0.11804416918978607,0.5275544808437371,1,2.4781227111816406,2.805948257446289,0.0358595873176894,0.035455022708256304,0.04955413739757583
1777878199.9556189,0.24362498485852002,-0.12035631509344566,0.5235002398733701,1,2.348184585571289,2.6865005493164062,0.02762498485997717,0.03314287680459671,0.04549989642720886
1777878200.0055885,0.22477216212305984,-0.1282245153703901,0.514612375830716,1,2.223491668701172,2.4945735931396484,0.00877216212451697,0.025274676527652293,0.03661203238455467
1777878200.0561237,0.20734761409069277,-0.1392389484144934,0.5062555256826864,1,2.5615692138671875,2.865314483642578,-0.00865238590785009,0.01426024348354897,0.028255182236525123
1777878200.1063585,0.19902291708251546,-0.14620490829451113,0.502352154009051,1,2.704143524169922,3.0412673950195312,-0.01697708291602739,0.0072942836035312375,0.024351810562889604
1777878200.1566179,0.18372187894469844,-0.1620340785164554,0.4957157007995175,1,2.902507781982422,3.234386444091797,-0.032278121053844415,-0.008534886618413048,0.01771535735335615
1777878200.2068663,0.16914589902362265,-0.17976831478524508,0.490680862273232,1,3.078460693359375,3.3915042877197266,-0.04685410097492021,-0.02626912288720272,0.012680518827070664
1777878200.2573316,0.16264214425819762,-0.18835754281108613,0.4889682830228745,1,3.498554229736328,3.824949264526367,-0.05335785574034525,-0.03485835091304376,0.010967939576713152
1777878200.307735,0.14928473407484683,-0.20640907265425243,0.4886307762428935,1,3.834247589111328,4.1637420654296875,-0.06671526592369603,-0.05290988075621006,0.010630432796732175
1777878200.3589609,0.13648802828661327,-0.2237037521542771,0.49269341553102075,1,4.968404769897461,5.315065383911133,-0.0795119717119296,-0.07020456025623473,0.014693072084859406
1777878200.409065,0.13100308785409126,-0.23116181275390638,0.49574544737748055,1,5.026340484619141,5.335330963134766,-0.0849969121444516,-0.077662620855864,0.01774510393131925
1777878200.4605343,0.12179369876887708,-0.24435077035868638,0.5037886978368037,1,6.4144134521484375,6.7386627197265625,-0.09420630122966578,-0.09085157846064401,0.025788354390642334
1777878200.5431879,0.11620308845000041,-0.25374408296287276,0.512862832214822,1,39.081573486328125,39.28065299987793,-0.09979691154854245,-0.10024489106483042,0.03486248876866067
1777878200.5807705,0.11531324946035934,-0.2571907124352151,0.5179887128777685,1,26.57461166381836,26.799440383911133,-0.10068675053818352,-0.10369152053717273,0.03998836943160719
1777878200.6335478,0.11531324946035934,-0.2571907124352151,0.5179887128777685,0,29.468059539794922,29.482126235961914,-0.09842529157897864,-0.11011557930497934,0.051961816100282984
1777878200.6928444,0.11531324946035934,-0.2571907124352151,0.5179887128777685,0,38.72847557067871,38.744211196899414,-0.09055914095301862,-0.11590868973011487,0.06580275531946862
1777878200.7364824,0.11531324946035934,-0.2571907124352151,0.5179887128777685,0,32.25564956665039,32.2718620300293,-0.08507735625947685,-0.11839609435822637,0.07265962207876442
1777878200.7847784,0.11531324946035934,-0.2571907124352151,0.5179887128777685,0,30.224323272705078,30.236482620239258,-0.07005667359556744,-0.12301195662547865,0.08644597642320376
1777878200.8330994,0.11531324946035934,-0.2571907124352151,0.5179887128777685,0,28.472185134887695,28.48339080810547,-0.050518992724673015,-0.1266768920069981,0.09915649683986638
1777878200.8833566,0.17683786495877177,-0.28149848842313385,0.5832150997216289,1,28.427600860595703,28.65886688232422,-0.03916213503977108,-0.1279992965250915,0.10521475627546759
1777878200.9308457,0.1988997930663504,-0.28219725686492114,0.5939564111334715,1,25.838375091552734,26.056766510009766,-0.017100206932192476,-0.12869806496687874,0.11595606768731018
1777878200.9594154,0.22246318852257305,-0.28076373262920595,0.6031738396178434,1,4.371881484985352,4.587411880493164,0.006463188524030183,-0.1272645407311636,0.12517349617168208
1777878201.009326,0.2338085381370832,-0.27794657252352256,0.6069081704251623,1,4.089117050170898,4.37617301940918,0.017808538138540338,-0.12444738062548019,0.128907826979001
1777878201.0602922,0.2551345530526768,-0.26941342267563584,0.612743381725423,1,4.892826080322266,5.214691162109375,0.03913455305413393,-0.1159142307775935,0.13474303827926165
1777878201.1096904,0.27160349657595045,-0.25656256861323873,0.6162750679905616,1,4.161357879638672,4.535675048828125,0.05560349657740759,-0.10306337671519636,0.13827472454440032
1777878201.1596267,0.277912161719892,-0.24906568760749745,0.6169235201766611,1,3.9701461791992188,4.333972930908203,0.06191216172134916,-0.09556649570945508,0.13892317673049975
1777878201.2099977,0.28954269385313036,-0.2291481411193097,0.6157791074575794,1,4.223108291625977,4.6253204345703125,0.07354269385458752,-0.07564894922126733,0.13777876401141806
1777878201.256929,0.29678635130816355,-0.20963475160654108,0.6128362354140731,1,1.3010501861572266,1.5099048614501953,0.08078635130962071,-0.056135559708498706,0.1348358919679118
1777878201.308821,0.2991100542010562,-0.200143860873742,0.6107653002951844,1,2.9375553131103516,3.290414810180664,0.08311005420251334,-0.04664466897569963,0.13276495684902306
1777878201.3582277,0.2992010103463193,-0.18040606501016565,0.6045472724381539,1,2.328634262084961,2.633810043334961,0.08320101034777641,-0.026906873112123295,0.12654692899199252
1777878201.4084637,0.2974318146143787,-0.16158944816915627,0.5969526117365979,1,2.4559497833251953,2.783536911010742,0.08143181461583582,-0.008090256271113885,0.11895226829043656
1777878201.4572175,0.2949170667287614,-0.15225180674292393,0.592440851329961,1,1.2049674987792969,1.4438629150390625,0.07891706673021852,0.0012473851551184495,0.1144405078837997
1777878201.5085888,0.28648786225333117,-0.13612436766042968,0.5828643150807561,1,2.161741256713867,2.618074417114258,0.07048786225478833,0.01737482423761269,0.10486397163459474
1777878201.5587084,0.27727653288095006,-0.12613815917484777,0.5723797789279864,1,2.1240711212158203,2.5343894958496094,0.06127653288240719,0.027361032723194595,0.09437943548182506
1777878201.6084087,0.2711885713961884,-0.12282574279406003,0.5671713269579449,1,1.9156932830810547,2.1522045135498047,0.05518857139764554,0.030673449103982335,0.08917098351178364
1777878201.6579056,0.2554666625895593,-0.11831132766814056,0.5555156004679302,1,1.0919570922851562,1.3532638549804688,0.03946666259101647,0.03518786422990181,0.07751525702176892
1777878201.7079175,0.23828123342349544,-0.1182528102824778,0.5424587288359574,1,1.1315345764160156,1.3072490692138672,0.022281233424952574,0.035246381615564565,0.06445838538979602
1777878201.7581024,0.22937962858539762,-0.1202780797482672,0.535819670488109,1,1.117706298828125,1.3170242309570312,0.013379628586854774,0.033221112149775175,0.05781932704194766
1777878201.8097343,0.21184148767935732,-0.126884821748374,0.5223477969944107,1,2.5374889373779297,2.8581619262695312,-0.00415851231918553,0.026614370149668373,0.04434745354824933
1777878201.8611634,0.19593163764615812,-0.13778102985274138,0.5101502282365135,1,3.235340118408203,3.6110877990722656,-0.02006836235238474,0.015718162045300993,0.03214988479035213
1777878201.9108474,0.18850359851567614,-0.1444989015241009,0.5047569346964254,1,2.872467041015625,3.197193145751953,-0.027496401482866722,0.00900029037394147,0.02675659125026405
1777878201.9595551,0.17501726495521855,-0.15996231676515538,0.4950344757041807,1,1.5740394592285156,1.832723617553711,-0.040982735043324316,-0.006463124867113021,0.017034132258019377
1777878202.011425,0.16167694796960175,-0.1761932399922994,0.48872028734135897,1,3.236055374145508,3.5827159881591797,-0.0543230520289411,-0.02269404809425704,0.010719943895197655
1777878202.0616505,0.14933010230849286,-0.19151199580368913,0.48555483234428,1,2.353668212890625,2.6137828826904297,-0.06666989769005,-0.038012803905646764,0.007554488898118647
1777878202.1110513,0.14369133287855473,-0.1991301786712424,0.485230187600619,1,1.768350601196289,1.97601318359375,-0.07230866711998812,-0.045630986773200044,0.007229844154457675
1777878202.1641011,0.1340091801348288,-0.21277545826882088,0.48687552994645744,1,4.598140716552734,4.950046539306641,-0.08199081986371407,-0.05927626637077851,0.00887518650029609
1777878202.2147639,0.12646812368573107,-0.22591313895673631,0.4917318151576999,1,4.923582077026367,5.232810974121094,-0.08953187631281179,-0.07241394705869394,0.013731471711538594
1777878202.2661736,0.12403614781768577,-0.23149862372732138,0.4948284219444527,1,5.67936897277832,6.056308746337891,-0.09196385218085709,-0.07799943182927901,0.016828078498291356
1777878202.3164322,0.122189576991965,-0.24260670918415664,0.5019698085691644,1,5.9604644775390625,6.266355514526367,-0.09381042300657785,-0.08910751728611427,0.0239694651230031
1777878202.3684502,0.12349914112166108,-0.2486701152910424,0.5052300516990834,1,7.8639984130859375,8.190393447875977,-0.09250085887688178,-0.09517092339300004,0.02722970825292205
1777878202.4191737,0.130549100505485,-0.2615862307744682,0.5122772789446809,1,8.515119552612305,8.841276168823242,-0.08545089949305787,-0.10808703887642584,0.03427693549851953
1777878202.4661314,0.14257704114666658,-0.2731518684684098,0.5198792300737316,1,5.450725555419922,5.730628967285156,-0.07342295885187627,-0.11965267657036743,0.04187888662757033
1777878202.518423,0.1486727364796907,-0.2775982100778446,0.5235844864464363,1,6.944179534912109,7.265567779541016,-0.06732726351885217,-0.12409901817980218,0.04558414300027497
1777878202.5700443,0.165926681327287,-0.28592155476025677,0.5321092118544535,1,7.673025131225586,8.002519607543945,-0.05007331867125587,-0.1324223628622144,0.05410886840829215
1777878202.620412,0.1840113649805657,-0.29062593044332663,0.5401053760778916,1,7.951259613037109,8.280754089355469,-0.03198863501797716,-0.13712673854528423,0.06210503263173028
1777878202.6701636,0.20567344298023027,-0.2922915814842061,0.5481864749639244,1,7.601261138916016,7.957696914672852,-0.010326557018312582,-0.13879238958616374,0.07018613151776301
1777878202.7153125,0.21711285201492317,-0.2921597931274337,0.5520312617801246,1,2.7017593383789062,2.9222965240478516,0.0011128520163803087,-0.13866060122939133,0.07403091833396329
1777878202.767784,0.2398066697239461,-0.2897576137426585,0.5591099565051719,1,4.937410354614258,5.282163619995117,0.023806669725403254,-0.13625842184461612,0.08110961305901057
1777878202.8169372,0.2587143613901602,-0.2811282465367986,0.5646790346156978,1,4.122734069824219,4.432439804077148,0.042714361391617314,-0.1276290546387562,0.08667869116953641
1777878202.8673358,0.26830195766363757,-0.2751822223836764,0.5668489339526921,1,4.410505294799805,4.7550201416015625,0.052301957665094705,-0.12168303048563406,0.08884859050653071
1777878202.9151263,0.2848634971030413,-0.2615135939947928,0.5696213704820413,1,2.2535324096679688,2.47955322265625,0.06886349710449848,-0.1080144020967504,0.09162102703587996
1777878202.9665377,0.298294093653249,-0.2452334549972218,0.5707029898719423,1,3.5042762756347656,3.8270950317382812,0.08229409365470614,-0.09173426309917943,0.09270264642578105
1777878203.0157824,0.3,-0.2353417932035841,0.5705200686699536,1,2.6504993438720703,2.9773712158203125,0.08832410254112454,-0.08184260130554172,0.09251972522379227
1777878203.0663965,0.3,-0.21621744431756537,0.5692845894789937,1,3.132343292236328,3.515005111694336,0.09967544659151623,-0.062718252419523,0.09128424603283244
1777878203.116102,0.3,-0.19840802577219646,0.5672759275439732,1,2.7997493743896484,3.142118453979492,0.10754259313546251,-0.04490883387415409,0.08927558409781189
1777878203.1649199,0.3,-0.18932631785221224,0.5654540079486028,1,1.6357898712158203,1.9023418426513672,0.11029715854867916,-0.03582712595416987,0.08745366450244152
1777878203.2162304,0.3,-0.1725280259181492,0.5608797078407561,1,2.7468204498291016,3.119230270385742,0.1139442624938565,-0.019028834020106827,0.08287936439459487
1777878203.2656293,0.3,-0.16497893375352257,0.5582550167889194,1,2.2203922271728516,2.4547576904296875,0.11451986604436387,-0.011479741855480202,0.08025467334275808
1777878203.3147526,0.3,-0.15177421966803128,0.5535601427359558,1,1.1548995971679688,1.5234947204589844,0.11261612905970861,0.0017249722300110987,0.07555979928979442
1777878203.3643935,0.3,-0.14016297729971305,0.5490511871036752,1,0.8950233459472656,1.0998249053955078,0.10575847480813033,0.01333621459832933,0.07105084365751388
1777878203.4151962,0.3,-0.1313578246877278,0.5443066176781948,1,1.4767646789550781,1.7011165618896484,0.093719892943771,0.022141367210314566,0.06630627423203346
1777878203.4659588,0.3,-0.12891230547873328,0.5413949041576248,1,2.1042823791503906,2.446413040161133,0.08487344699875203,0.024586886419309104,0.06339456071146352
1777878203.5165093,0.2810495848724776,-0.1273178675942244,0.5354140343490629,1,2.5501251220703125,2.8760433197021484,0.06504958487393474,0.026181324303817977,0.057413690902901535
1777878203.566478,0.2599785358795951,-0.12955298312677643,0.5282382666071617,1,2.4347305297851562,2.775430679321289,0.04397853588105221,0.023946208771265937,0.050237923161000314
1777878203.6180513,0.24935384817445722,-0.13160510204141554,0.5244397343454945,1,2.501964569091797,2.828359603881836,0.03335384817591437,0.021894089856626837,0.04643939089933318
1777878203.6683896,0.2287731289583226,-0.1373595240354906,0.5163452701145185,1,2.7217864990234375,3.0775070190429688,0.012773128959779747,0.016139667862551776,0.038344926668357135
1777878203.7196805,0.20916685867589085,-0.14509331915236143,0.5093091307095418,1,3.4940242767333984,3.9167404174804688,-0.006833141322651995,0.008405872745680942,0.031308787263380385
1777878203.7676032,0.20004449618081643,-0.14925877330919815,0.506343112135586,1,1.4290809631347656,1.7132759094238281,-0.01595550381772643,0.004240418588844219,0.028342768689424737
1777878203.820958,0.1824378081594172,-0.15962274260919823,0.5024657263914084,1,3.8645267486572266,4.22215461730957,-0.033562191839125656,-0.006123550711155848,0.024465382945247124
1777878203.8706658,0.16742353203648294,-0.17231061622831267,0.5009476921970748,1,3.537416458129883,3.853321075439453,-0.04857646796205992,-0.018811424330270304,0.022947348750913508
1777878203.9183378,0.1610228266049972,-0.17921578269002336,0.5009609057163779,1,1.2598037719726562,1.4603137969970703,-0.05497717339354565,-0.025716590791980992,0.0229605622702165
1777878203.9685895,0.148300449367676,-0.19378812415614677,0.5023201958161945,1,1.4274120330810547,1.6357898712158203,-0.06769955063086687,-0.04028893225810441,0.02431985237003318
1777878204.0189013,0.1361517819825298,-0.206484452103483,0.5051638582600468,1,1.6601085662841797,1.855611801147461,-0.07984821801601306,-0.05298526020544064,0.027163514813885486
1777878204.0728738,0.12991433180707013,-0.2119435220554359,0.5071205889114843,1,5.268096923828125,5.601406097412109,-0.08608566819147274,-0.05844433015739353,0.02912024546532293
1777878204.125465,0.11766856414101595,-0.22212718760451058,0.5111862381061804,1,7.786035537719727,8.000373840332031,-0.0983314358575269,-0.06862799570646821,0.033185894660019
1777878204.180416,0.10880792712005155,-0.2307967734249948,0.5141962749780631,1,12.603998184204102,12.87698745727539,-0.1071920728784913,-0.07729758152695243,0.036195931531901704
1777878204.2215607,0.10646695467405463,-0.23369729343298448,0.515819400641871,1,3.736257553100586,3.976583480834961,-0.10953304532448822,-0.08019810153494211,0.03781905719570966
1777878204.2723308,0.10574838355705687,-0.23896677190679533,0.5195505932354786,1,4.437923431396484,4.683971405029297,-0.11025161644148598,-0.08546758000875296,0.0415502497893173
1777878204.3237782,0.11057904238960041,-0.24585842225362234,0.5247199571631772,1,5.874872207641602,6.082773208618164,-0.10542095760894245,-0.09235923035557997,0.046719613717015905
1777878204.370828,0.12137356387385956,-0.2536391275660473,0.5312652193084862,1,2.8984546661376953,3.087759017944336,-0.0946264361246833,-0.10013993566800491,0.05326487586232492
1777878204.4284787,0.1288854804945655,-0.2575032364737546,0.5352579161435538,1,10.26463508605957,10.572433471679688,-0.08711451950397736,-0.10400404457571222,0.05725757269739243
1777878204.4735818,0.1463059312175324,-0.2631194727237216,0.5433210907580531,1,4.895448684692383,5.174875259399414,-0.06969406878101045,-0.10962028082567926,0.06532074731189184
1777878204.5257168,0.15658030850918941,-0.264684841349473,0.5473794614999853,1,6.596565246582031,6.789445877075195,-0.059419691489353436,-0.11118564945143061,0.06937911805382393
1777878204.5735724,0.17868966514023474,-0.26545459779076586,0.5552354146304893,1,3.9033889770507812,4.115581512451172,-0.03731033485830811,-0.11195540589272351,0.07723507118432801
1777878204.622529,0.2025182314185264,-0.2624618868929486,0.5632532591938644,1,2.703428268432617,2.909421920776367,-0.013481768580016451,-0.10896269499490618,0.08525291574770301
1777878204.6782422,0.22719699660660284,-0.25660837781795864,0.5704473355841613,1,5.201101303100586,5.509138107299805,0.011196996608059975,-0.10310918591991625,0.092446992138
1777878204.7282777,0.23971764365313958,-0.2529953046939605,0.5737740989059893,1,4.683017730712891,5.011081695556641,0.023717643654596728,-0.09949611279591808,0.09577375545982797
1777878204.7773588,0.2624405271221742,-0.24393982780548085,0.5815194889354979,1,3.664255142211914,3.960847854614258,0.04644052712363134,-0.09044063590743848,0.10351914548933656
1777878204.8274338,0.28211724453108944,-0.22950663441425856,0.5870882968330234,1,3.6153793334960938,3.9637088775634766,0.0661172445325466,-0.07600744251621619,0.10908795338686209
1777878204.8751607,0.2904929411769191,-0.2218469499605191,0.5882330716799654,1,1.3554096221923828,1.5878677368164062,0.07449294117837625,-0.06834775806247673,0.11023272823380412
1777878204.9261785,0.3,-0.20328938965342266,0.587774533123112,1,2.2187232971191406,2.513408660888672,0.08738372195342123,-0.049790197755380294,0.10977418967695068
1777878204.9750776,0.3,-0.18490187964000654,0.5845617519177734,1,1.1200904846191406,1.3189315795898438,0.09462565691858854,-0.03140268774196417,0.10656140847161202
1777878205.0255277,0.3,-0.17682232825020064,0.5821465264952368,1,1.4030933380126953,1.6677379608154297,0.09793570777794403,-0.02332313635215827,0.10414618304907541
1777878205.076715,0.3,-0.1627409846484544,0.576407034109214,1,2.434968948364258,2.7790069580078125,0.10235580068431543,-0.009241792750412037,0.09840669066305271
1777878205.1254098,0.3,-0.15096936255581156,0.5702435814467671,1,1.1448860168457031,1.3461112976074219,0.103887353352688,0.0025298293422308105,0.09224323800060584
1777878205.1754248,0.3,-0.14612644842240952,0.5673437770355301,1,1.0039806365966797,1.203775405883789,0.1036059570407877,0.00737274347563284,0.08934343358936869
1777878205.2271578,0.3,-0.13844934054923952,0.5622386387730814,1,2.4175643920898438,2.773284912109375,0.10140779566743467,0.01504985134880285,0.08423829532692015
1777878205.277009,0.3,-0.1333562533163416,0.5587744747880414,1,2.1779537200927734,2.517223358154297,0.09618256532693711,0.020142938581700756,0.08077413134188013
1777878205.3267128,0.3,-0.13271819090244294,0.5578887141145094,1,1.8241405487060547,2.1533966064453125,0.09296654906307186,0.02078100099559943,0.07988837066834806
1777878205.3768678,0.3,-0.1383906442694613,0.5577732983281437,1,1.783609390258789,2.128124237060547,0.0866678139515749,0.015108547628581062,0.07977295488198241
1777878205.4258947,0.2897377052077953,-0.14322972013696583,0.556413568912837,1,0.9312629699707031,1.115560531616211,0.07373770520925241,0.010269471761076537,0.07841322546667565
1777878205.4776225,0.28155365682461764,-0.14565480467229297,0.5557246890065246,1,2.3288726806640625,2.660036087036133,0.06555365682607475,0.007844387225749413,0.07772434556036324
1777878205.5284712,0.2597592524529346,-0.15224759770349844,0.5540465704986431,1,3.064393997192383,3.4253597259521484,0.04375925245439172,0.0012515941945439313,0.07604622705248185
1777878205.5778754,0.23655046195946053,-0.16104765155023526,0.5513706049508319,1,2.500295639038086,2.767801284790039,0.02055046196091767,-0.00754845965219289,0.07337026150467053
1777878205.6286001,0.22395918936607945,-0.16665342602663458,0.5498347827988659,1,3.019571304321289,3.3516883850097656,0.007959189367536588,-0.013154234128592221,0.0718344393527045
1777878205.6798763,0.19908852171209332,-0.17947469657812354,0.5467745272478282,1,4.187345504760742,4.558324813842773,-0.01691147828644954,-0.025975504680081182,0.06877418380166679
1777878205.7294953,0.18693195379743124,-0.18665401274589874,0.5455719417149439,1,3.7622451782226562,4.096508026123047,-0.029068046201111607,-0.03315482084785637,0.06757159826878265
1777878205.7804356,0.16420293549559134,-0.20260533624179683,0.5445476042171865,1,4.642009735107422,4.942893981933594,-0.05179706450295151,-0.04910614434375446,0.06654726077102516
1777878205.8365648,0.14379134303975466,-0.21838584778809664,0.5454197135761978,1,10.827302932739258,11.029481887817383,-0.0722086569587882,-0.06488665589005427,0.0674193701300364
1777878205.8848293,0.12522331616593063,-0.23137933237180533,0.5477023449447755,1,8.912086486816406,9.234189987182617,-0.09077668383261224,-0.07788014047376296,0.06970200149861419
1777878205.937445,0.115815393157604,-0.23681478930917568,0.5495081368550561,1,11.150121688842773,11.522531509399414,-0.10018460684093886,-0.08331559741113331,0.0715077934088948
1777878206.0124595,0.115815393157604,-0.23681478930917568,0.5495081368550561,0,36.30828857421875,36.32307052612305,-0.11710618587526322,-0.08991933799903651,0.07555116115296005
1777878206.0525365,0.115815393157604,-0.23681478930917568,0.5495081368550561,0,26.2601375579834,26.271581649780273,-0.13170231784541603,-0.09225781507034714,0.0796971123769486
1777878206.106121,0.115815393157604,-0.23681478930917568,0.5495081368550561,0,29.44636344909668,29.45876121520996,-0.13771868427459077,-0.09246476558404237,0.0816591490260947
1777878206.1531398,0.115815393157604,-0.23681478930917568,0.5495081368550561,0,25.89106559753418,26.383161544799805,-0.14596167301661483,-0.09140688574898245,0.08515491357151661
1777878206.2028997,0.115815393157604,-0.23681478930917568,0.5495081368550561,0,26.052236557006836,26.067495346069336,-0.15022600234227246,-0.08908085989808442,0.08874028072898688
1777878206.25658,0.115815393157604,-0.23681478930917568,0.5495081368550561,0,29.650449752807617,29.6628475189209,-0.15083195830110638,-0.08752565447672936,0.09065212029323536
1777878206.3231862,0.115815393157604,-0.23681478930917568,0.5495081368550561,0,45.87268829345703,45.889854431152344,-0.1477783409629232,-0.08485311705024828,0.09384797278305788
1777878206.375232,0.115815393157604,-0.23681478930917568,0.5495081368550561,0,47.891855239868164,47.90353775024414,-0.1387372597910641,-0.08317435509631596,0.0962418003220071
1777878206.4124742,0.115815393157604,-0.23681478930917568,0.5495081368550561,0,35.06898880004883,35.0799560546875,-0.1308603905689162,-0.08197214972031139,0.09702078518888246
1777878206.463258,0.115815393157604,-0.23681478930917568,0.5495081368550561,0,35.77780723571777,35.791635513305664,-0.10971164749615164,-0.0786280934067955,0.09751754899087786
1777878206.5070891,0.1339261582677787,-0.22743534085278816,0.5745292718060029,1,29.274463653564453,29.512405395507812,-0.08207384173076415,-0.07393614895474579,0.09652892835984159
1777878206.532678,0.14879645726294383,-0.2245611041734599,0.5732676370188752,1,4.77910041809082,5.024433135986328,-0.06720354273559905,-0.07106191227541753,0.09526729357271388
1777878206.586263,0.1822690436030611,-0.21718190701237622,0.569776433894468,1,8.305788040161133,8.52346420288086,-0.033730956395481765,-0.06368271511433385,0.0917760904483067
1777878206.6345341,0.21674066341598247,-0.20824800614386443,0.5656725570812171,1,6.215572357177734,6.601572036743164,0.0007406634174396071,-0.054748814245822064,0.08767221363505581
1777878206.6804273,0.23461367663533234,-0.20378179823823764,0.5636459263288964,1,1.8177032470703125,2.043485641479492,0.018613676636789492,-0.05028260634019527,0.08564558288273516
1777878206.7302845,0.270899145458867,-0.19516198968520462,0.5605224989485486,1,1.4233589172363281,1.6598701477050781,0.05489914546032416,-0.04166279778716225,0.08252215550238724
1777878206.7804694,0.3,-0.1863879631697158,0.5571309578785342,1,1.3356208801269531,1.5645027160644531,0.08825617536325342,-0.03288877127167342,0.07913061443237285
1777878206.8308682,0.3,-0.18227825015213092,0.5549134473733472,1,1.5692710876464844,1.8444061279296875,0.10125095164411142,-0.028779058254088552,0.07691310392718591
1777878206.8827004,0.3,-0.17286007532009223,0.5496717687102054,1,1.2958049774169922,1.5339851379394531,0.11513154246105883,-0.019360883422049863,0.07167142526404405
1777878206.9344766,0.3,-0.1641751301745099,0.5454758932446138,1,2.6149749755859375,2.923250198364258,0.11940248660358588,-0.010675938276467553,0.0674755497984524
1777878206.9865677,0.3,-0.16099936219852243,0.5437808509146359,1,2.9854774475097656,3.3850669860839844,0.12057123367289463,-0.007500170300480058,0.06578050746847455
1777878207.0344925,0.3,-0.156751208764139,0.5412710104388084,1,0.9720325469970703,1.2171268463134766,0.11974947216574594,-0.003252016866096649,0.0632706669926471
1777878207.0844314,0.3,-0.15577175924217834,0.5402183244144529,1,0.8449554443359375,1.0831356048583984,0.11832132186045664,-0.002272567344135959,0.06221798096829164
1777878207.1355386,0.3,-0.15636100805363606,0.5400421218620756,1,1.6515254974365234,2.0461082458496094,0.11568352165553128,-0.0028618161555937077,0.06204177841591426
1777878207.1854157,0.3,-0.15702913331804721,0.5403857271861625,1,1.4820098876953125,1.7843246459960938,0.11405528235206426,-0.003529941420004845,0.06238538374000121
1777878207.2358234,0.3,-0.15887080243316232,0.5418806598029471,1,1.7552375793457031,2.106189727783203,0.1104975511372004,-0.005371610535119933,0.06388031635678577
1777878207.284657,0.3,-0.16084920301751493,0.5458507488768225,1,0.6799697875976562,0.8924007415771484,0.10475261596968218,-0.0073500111194725465,0.06785040543066122
1777878207.3362882,0.3,-0.16178927924419084,0.5493196812298,1,1.0178089141845703,1.3682842254638672,0.10087039611031376,-0.008290087346148486,0.07131933778363872
1777878207.3863897,0.3,-0.16402092863682488,0.5601796745068578,1,1.123666763305664,1.38092041015625,0.09140753909879742,-0.010521736738782525,0.08217933106069644
1777878207.4371471,0.2968095879936841,-0.16580727429940553,0.5749148158451057,1,1.7960071563720703,2.081155776977539,0.08080958799514126,-0.012308082401363163,0.0969144723989444
1777878207.4884238,0.29121123329808185,-0.16630866730720936,0.5821983078456245,1,2.927541732788086,3.27301025390625,0.07521123329953902,-0.012809475409166993,0.10419796439946324
1777878207.5379725,0.2797288616628129,-0.16733372430692334,0.5963989513284743,1,2.4030208587646484,2.7244091033935547,0.06372886166427004,-0.013834532408880967,0.11839860788231296
1777878207.588064,0.2667382404100176,-0.1671720282624427,0.6093487886742289,1,2.427816390991211,2.743959426879883,0.050738240411474754,-0.013672836364400337,0.13134844522806763
1777878207.637526,0.2600625384822206,-0.1665141602686579,0.614718635226942,1,1.814126968383789,2.117156982421875,0.04406253848367777,-0.013014968370615526,0.13671829178078068
1777878207.6868706,0.25043023356846034,-0.16599906792407265,0.6241790355185874,1,1.1856555938720703,1.4035701751708984,0.034430233569917486,-0.012499876026030282,0.14617869207242612
1777878207.7542825,0.24311473192386376,-0.16569687500923214,0.6322717271735494,1,18.48912239074707,18.741369247436523,0.027114731925320906,-0.012197683111189753,0.1542713837273881
1777878207.8084714,0.24034060366911797,-0.16560834629631802,0.6354144416718093,1,22.584915161132812,22.808313369750977,0.024340603670575098,-0.012109154398275646,0.15741409822564792
1777878207.8506906,0.23561539910437385,-0.16506466512150353,0.6404834498695391,1,14.751434326171875,14.968633651733398,0.019615399105831002,-0.011565473223461145,0.1624831064233777
1777878207.911616,0.23120122957916542,-0.16387018091375177,0.6445896379843254,1,25.612592697143555,25.82097053527832,0.015201229580622548,-0.010370989015709403,0.16658929453816407
1777878207.9564614,0.2288345365195901,-0.16295470517773009,0.6466102642426909,1,20.361661911010742,20.58553695678711,0.01283453652104724,-0.009455513279687702,0.1686099207965295
1777878207.9995203,0.22366854561073263,-0.1606983591496131,0.65,1,12.795686721801758,13.018131256103516,0.007668545612189769,-0.007199167251570743,0.17287263112306056
1777878208.0506246,0.21761917599295938,-0.15797840960277032,0.65,1,13.825178146362305,14.055490493774414,0.001619175994416534,-0.004479217704727964,0.17763311167149318
1777878208.114205,0.21392039978408947,-0.15635574063756613,0.65,1,26.908397674560547,27.185916900634766,-0.0020796002144533882,-0.002856548739523762,0.18061739199998222
1777878208.1587555,0.20497616104836544,-0.15231618552429524,0.65,1,21.392822265625,21.62003517150879,-0.011023838950177419,0.0011830063737471308,0.18865082586748236
1777878208.2085416,0.19412773507963577,-0.1473657488133852,0.65,1,21.111249923706055,21.347999572753906,-0.021872264918907078,0.006133443084657159,0.19956035380617043
1777878208.259148,0.1875433685013817,-0.144481938395086,0.65,1,21.392822265625,21.64769172668457,-0.028456631497161156,0.009017253502956374,0.20620324142225888
1777878208.322832,0.1875433685013817,-0.144481938395086,0.65,0,35.21299362182617,35.2327823638916,-0.04281086558567702,0.014644990601532584,0.22051298257843635
1777878208.3655694,0.1875433685013817,-0.144481938395086,0.65,0,27.888059616088867,27.901887893676758,-0.05985022016823687,0.020509199699104252,0.23502441841115693
1777878208.4189615,0.1875433685013817,-0.144481938395086,0.65,0,31.215667724609375,31.23021125793457,-0.06820471071219353,0.023287144701403403,0.2413908458514809
1777878208.471591,0.1875433685013817,-0.144481938395086,0.65,0,33.727407455444336,33.74338150024414,-0.08336732932587129,0.028236445600669957,0.2524857761709115
1777878208.5317683,0.1875433685013817,-0.144481938395086,0.65,0,43.86258125305176,43.878793716430664,-0.09715113592862815,0.03267359338719394,0.26191865294365285
1777878208.5804133,0.1875433685013817,-0.144481938395086,0.65,0,42.34504699707031,42.35982894897461,-0.10373738533893467,0.03479316131752711,0.26611115971124827
1777878208.6322575,0.1875433685013817,-0.144481938395086,0.65,0,40.44008255004883,40.4658317565918,-0.11507205445267049,0.0385381747545066,0.2729234701432348
1777878208.671438,0.1875433685013817,-0.144481938395086,0.65,0,29.512882232666016,29.52861785888672,-0.12450389810852933,0.041718038870662735,0.27806486352943255
1777878208.7218103,0.1875433685013817,-0.144481938395086,0.65,0,29.847145080566406,29.85858917236328,-0.12418368118929865,0.04160602556309834,0.27785289990520956
1777878208.771179,0.1875433685013817,-0.144481938395086,0.65,0,29.147624969482422,29.158353805541992,-0.11502662123175834,0.034219251196828615,0.2810263848094396
1777878208.8387413,0.1875433685013817,-0.144481938395086,0.65,0,46.4627742767334,46.47684097290039,-0.10261406961265877,0.02392458445988621,0.2826603725168958
1777878208.8889937,0.1875433685013817,-0.144481938395086,0.65,0,46.66614532470703,46.679019927978516,-0.10318178087235734,0.022797416736025394,0.2808715480955021
1777878208.9182806,0.1875433685013817,-0.144481938395086,0.65,0,25.72941780090332,25.745153427124023,-0.10323427835769619,0.02154906486970641,0.2862371098859667
1777878208.9869142,0.1875433685013817,-0.144481938395086,0.65,0,44.01063919067383,44.02732849121094,-0.10110304302079606,0.019864495349451235,0.2884672542006312
1777878209.032355,0.1875433685013817,-0.144481938395086,0.65,0,39.36624526977539,39.377689361572266,-0.09590162711955141,0.017867364878253356,0.2859955432173596
1777878209.0796504,0.1875433685013817,-0.144481938395086,0.65,0,36.5755558013916,36.589860916137695,-0.09228456802972029,0.016687375399251456,0.2841828021374523
1777878209.1271424,0.1875433685013817,-0.144481938395086,0.65,0,33.985137939453125,33.99848937988281,-0.08220650005118238,0.013402189794824881,0.2783669733813357
1777878209.17755,0.1875433685013817,-0.144481938395086,0.65,0,33.211708068847656,34.33108329772949,-0.07611265004971124,0.01186405015994485,0.27357803069735825
1777878209.2253637,0.1875433685013817,-0.144481938395086,0.65,0,31.971454620361328,31.987428665161133,-0.061621575902173285,0.008147791581064504,0.2630997271723917
1777878209.270747,0.1875433685013817,-0.144481938395086,0.65,0,27.299165725708008,27.31466293334961,-0.04485557395996965,0.0033455651972623263,0.25118597141983023
1777878209.3185248,0.18849164603455157,-0.15424252138574926,0.65,1,24.776935577392578,25.020837783813477,-0.027508353963991282,-0.0007433294877068897,0.23457059955533094
1777878209.3456872,0.19694099400772097,-0.15704553865386645,0.65,1,1.8739700317382812,2.1233558654785156,-0.01905900599082188,-0.0035463467558240758,0.2265975617890589
1777878209.395501,0.21332462829873447,-0.1617458838155904,0.65,1,1.613616943359375,1.859903335571289,-0.0026753716998083824,-0.008246691917548038,0.20900458398399174
1777878209.4466126,0.22108339431017177,-0.16386960756513877,0.65,1,2.569913864135742,2.889394760131836,0.005083394311628917,-0.0103704156670964,0.1996327183905554
1777878209.4963212,0.23358852610257708,-0.1671585173379933,0.65,1,2.2983551025390625,2.5360584259033203,0.017588526104034233,-0.013659325439950937,0.18106013105768948
1777878209.5479805,0.24354513852249243,-0.16996269183305995,0.6422254707555736,1,3.7169456481933594,4.113674163818359,0.027545138523949582,-0.016463499935017584,0.16422512730941224
1777878209.5958846,0.250419906094093,-0.17155747563512436,0.626583645665131,1,1.6727447509765625,1.943826675415039,0.03441990609555013,-0.018058283737081987,0.14858330221896965
1777878209.645164,0.2526307519346503,-0.17179733134441744,0.6197436727373784,1,0.9441375732421875,1.157999038696289,0.036630751936107445,-0.018298139446375067,0.14174332929121713
1777878209.6961904,0.2546609355997784,-0.17109603369496817,0.6075858854513589,1,1.7461776733398438,2.0856857299804688,0.03866093560123558,-0.01759684179692579,0.1295855420051976
1777878209.7461135,0.2556148527449575,-0.17020571532744203,0.5970885958574416,1,1.6794204711914062,1.9636154174804688,0.03961485274641462,-0.016706523429399656,0.11908825241128021
1777878209.7955804,0.25636879544646607,-0.17022796759748965,0.5924934968874253,1,1.0726451873779297,1.3380050659179688,0.04036879544792324,-0.01672877569944728,0.11449315344126396
1777878209.8454285,0.25772005045211677,-0.17075394702304383,0.5862389427429804,1,0.8866786956787109,1.1067390441894531,0.041720050453573916,-0.017254755125001464,0.10823859929681903
1777878209.8962936,0.2590093459994508,-0.17158011157497752,0.5835234445226658,1,1.5859603881835938,1.9073486328125,0.043009346000907944,-0.018080919676935148,0.1055231010765045
1777878209.946245,0.2596970840735064,-0.17208344807297915,0.583383009618226,1,1.4102458953857422,1.6942024230957031,0.04369708407496352,-0.01858425617493678,0.1053826661720646
1777878209.9963105,0.26024361049071004,-0.17280710973877642,0.5847166624952307,1,1.4333724975585938,1.7099380493164062,0.044243610492167185,-0.019307917840734046,0.10671631904906942
1777878210.0467827,0.26005000866395384,-0.17296650608780711,0.5875702373614988,1,1.8343925476074219,2.1200180053710938,0.04405000866541096,-0.019467314189764745,0.10956989391533756
1777878210.0961566,0.2596129732978274,-0.17267148588096942,0.5892355801853049,1,1.2230873107910156,1.463174819946289,0.04361297329928456,-0.01917229398292704,0.11123523673914357
1777878210.1473014,0.2573748852467231,-0.1704522437690811,0.5924854433989648,1,1.9466876983642578,2.2842884063720703,0.04137488524818025,-0.016953051871038738,0.11448509995280345
1777878210.1965678,0.25455677570122826,-0.16737472843756243,0.5953477910042219,1,0.9915828704833984,1.1837482452392578,0.03855677570268542,-0.013875536539520061,0.11734744755806056
1777878210.247323,0.2535941932398621,-0.16633017097573824,0.5965583057285215,1,1.5838146209716797,1.8582344055175781,0.03759419324131922,-0.01283097907769587,0.11855796228236026
1777878210.2975767,0.254050366563251,-0.1662015589937143,0.598887366076654,1,1.6968250274658203,2.05230712890625,0.03805036656470813,-0.012702367095671921,0.12088702263049272
1777878210.3476949,0.25455056711729956,-0.1664521953252523,0.5997691046625119,1,1.706838607788086,2.0935535430908203,0.03855056711875669,-0.012953003427209925,0.12176876121635058
1777878211.405454,0.2470904032911527,-0.16375146051489609,0.6203895621763735,1,1.0957717895507812,1.2671947479248047,-0.007453267353554411,0.002700614477083349,0.020622210771266816
1777878211.4553382,0.24465896867149808,-0.1634092385997143,0.6306750068156153,1,0.8368492126464844,1.2316703796386719,-0.009884701973209044,0.003042836392265144,0.03090765541050855
1777878211.506145,0.24251340866621426,-0.16274375192993246,0.6360593799089023,1,1.6827583312988281,1.9750595092773438,-0.012030261978492846,0.003708323062047006,0.03629202850379558
1777878211.55655,0.23789734385947225,-0.16131542174077657,0.6466266881976351,1,2.0351409912109375,2.3140907287597656,-0.016646326785234877,0.005136653251202897,0.04685933679252842
1777878211.60514,0.23328451943905273,-0.160256629137144,0.65,1,0.6999969482421875,0.8499622344970703,-0.021259151205654386,0.00619544585483546,0.05774493161049417
1777878211.6567905,0.23083708380875012,-0.15975045959341921,0.65,1,2.0117759704589844,2.3407936096191406,-0.023706586835957007,0.006701615398560248,0.06302328582394613
1777878211.707085,0.2254052632955632,-0.15858208197220552,0.65,1,2.2835731506347656,2.591848373413086,-0.029138407349143913,0.007869993019773924,0.07363537177692793
1777878211.7573395,0.21963025377862935,-0.15728026110690468,0.65,1,2.457857131958008,2.7649402618408203,-0.03491341686607777,0.009171813885074778,0.08388823607430278
1777878211.8068867,0.21666921431238906,-0.15647055666951398,0.65,1,1.9025802612304688,2.229928970336914,-0.03787445633231808,0.009981518322465452,0.08856672309608764
1777878211.8576393,0.21018282011804207,-0.15450450175920716,0.65,1,2.5167465209960938,2.9146671295166016,-0.044360850526665066,0.01194757323277229,0.09784512448553905
1777878211.9082403,0.2035413621577351,-0.1523901938546391,0.65,1,3.0727386474609375,3.437042236328125,-0.05100230848697203,0.014061881137340373,0.10640904010256684
1777878211.9577718,0.20016912650240745,-0.15124191795222422,0.65,1,2.5947093963623047,2.8951168060302734,-0.054374544142299676,0.015210157039755229,0.1101217827130851
1777878212.0084484,0.19373900781781084,-0.14909007504859856,0.65,1,3.094911575317383,3.4177303314208984,-0.060804662826896276,0.017361999943380876,0.11699163674848644
1777878212.0856113,0.1875180529763771,-0.14696185274405726,0.65,1,30.307769775390625,30.521869659423828,-0.06702561766833001,0.01949022224792217,0.12363495665057721
1777878212.1216345,0.18441251203457915,-0.14585872733573102,0.65,1,16.191720962524414,16.40176773071289,-0.07013115861012797,0.020593347656248415,0.12685746801254782
1777878212.182916,0.18441251203457915,-0.14585872733573102,0.65,0,26.081562042236328,27.492761611938477,-0.07707068316270146,0.023058051786239403,0.1331824460082131
1777878212.2361584,0.18441251203457915,-0.14585872733573102,0.65,0,30.663490295410156,30.679702758789062,-0.08444702428671862,0.025637956048783953,0.1392492848133141
1777878212.2751741,0.18441251203457915,-0.14585872733573102,0.65,0,19.64569091796875,19.658803939819336,-0.0882853680778396,0.02696126950459561,0.14215652116511773
1777878212.3307576,0.18441251203457915,-0.14585872733573102,0.65,0,25.159835815429688,25.17223358154297,-0.09592704915260454,0.0296259829858401,0.14754318286303453
1777878212.3881156,0.18441251203457915,-0.14585872733573102,0.65,0,32.44733810424805,32.462358474731445,-0.10362430755232808,0.032245973498356895,0.15237285345704477
1777878212.441445,0.18441251203457915,-0.14585872733573102,0.65,0,35.666465759277344,35.68458557128906,-0.10768965572383217,0.033598811446866925,0.15467025530820477
1777878212.482924,0.18441251203457915,-0.14585872733573102,0.65,0,27.11319923400879,27.12535858154297,-0.1160833159751078,0.03634852089627462,0.15881706584668953
1777878212.5350363,0.18441251203457915,-0.14585872733573102,0.65,0,29.157400131225586,29.168128967285156,-0.12420376918833492,0.03892096452126054,0.16239419641825487
1777878212.5854032,0.18441251203457915,-0.14585872733573102,0.65,0,29.44016456604004,29.453277587890625,-0.12828777980198308,0.0402414227337987,0.1640257166626491
1777878212.6338286,0.18441251203457915,-0.14585872733573102,0.65,0,27.765512466430664,27.776718139648438,-0.1354742695301862,0.04265538600653617,0.1660877467823939
1777878212.6832533,0.18441251203457915,-0.14585872733573102,0.65,0,27.144908905029297,27.15611457824707,-0.13991917626599615,0.04385204684829499,0.16631499312083042
1777878212.7349954,0.18441251203457915,-0.14585872733573102,0.65,0,28.8088321685791,28.821706771850586,-0.1409406325921268,0.04396975735230495,0.16575226571105056
1777878213.361069,0.19897467815795858,-0.14671247754884184,0.6261222474880821,1,2.7434825897216797,3.343343734741211,0.0085356856492558,-0.0002516877896433234,-0.01888396836423173
1777878213.4093795,0.2057440991682488,-0.14648686660942703,0.6100270272974067,1,1.657247543334961,1.9221305847167969,0.015305106659546019,-2.607685022851247e-05,-0.03497918855490709
1777878213.4600418,0.20797404708493622,-0.1464397687278602,0.6046137802208756,1,2.0918846130371094,2.4137496948242188,0.017535054576233437,2.1021031338316898e-05,-0.04039243563143809
1777878213.51142,0.21033842849927942,-0.14653305164437405,0.5993017035952677,1,3.333568572998047,3.721475601196289,0.01989943599057663,-7.226188517553411e-05,-0.04570451225704612
1777878213.5594938,0.21111733926284038,-0.1465215595048293,0.5981715822529066,1,1.371145248413086,1.714944839477539,0.020678346754137593,-6.07697456307954e-05,-0.04683463359940717
1777878213.6103914,0.21148219890474518,-0.1465432558294148,0.5983250608845435,1,1.7981529235839844,2.180814743041992,0.021043206396042388,-8.24660702162805e-05,-0.04668115496777022
1777878213.6614845,0.21135984004786323,-0.14645104703455572,0.5992424320245721,1,1.3768672943115234,1.6930103302001953,0.020920847539160466,9.74272464279724e-06,-0.045763783827741746
1777878213.711615,0.21056030901931952,-0.14622822944403802,0.6001703699807371,1,1.409769058227539,1.7404556274414062,0.02012131651061674,0.00023256031516051545,-0.0448358458715766
1777878213.762924,0.21040946587036885,-0.14620375926739854,0.6005943383539563,1,2.2802352905273438,2.6159286499023438,0.01997047336166608,0.00025703049179999493,-0.044411877498357566
1777878213.8120525,0.2102954324701479,-0.1462155039095724,0.6006698190757366,1,1.3203620910644531,1.6529560089111328,0.019856439961445115,0.0002452858496261173,-0.04433639677657719
1777878213.8628206,0.21005192244842666,-0.14652243570775228,0.6007339288407318,1,1.9965171813964844,2.290964126586914,0.019612929939723876,-6.164594855376238e-05,-0.04427228701158195
1777878213.9138284,0.21001396719179677,-0.1477064687169603,0.600749815363953,1,2.8553009033203125,3.226757049560547,0.019574974683094,-0.0012456789577618005,-0.04425640048836075
1777878213.9641793,0.2100388555754927,-0.1488262183688706,0.6008302562635041,1,2.38037109375,2.6695728302001953,0.019599863066789923,-0.0023654286096720795,-0.04417595958880974
1777878214.0150414,0.21008664180310507,-0.15248858007094085,0.6012629875436329,1,3.0066967010498047,3.3690929412841797,0.0196476492944023,-0.006027790311742345,-0.04374322830868086
1777878214.0652356,0.2096745911236127,-0.1585198731174906,0.6024087262537413,1,3.156423568725586,3.4902095794677734,0.019235598614909907,-0.012059083358292075,-0.04259748959857243
1777878214.1137812,0.2091951963725503,-0.1624633784680053,0.6034429400851055,1,1.3620853424072266,1.598358154296875,0.018756203863847517,-0.016002588708806775,-0.0415632757672083
1777878214.1667757,0.2084842474808824,-0.17147630376686368,0.6052831375062151,1,3.531217575073242,3.796100616455078,0.01804525497217961,-0.025015514007665163,-0.03972307834609872
1777878214.2173166,0.208047295265607,-0.18115602018439908,0.6059636979956698,1,3.9370059967041016,4.278659820556641,0.01760830275690424,-0.03469523042520055,-0.039042517856643935
1777878214.2661352,0.2077509783897935,-0.18602036292575636,0.6060020228849875,1,2.1996498107910156,2.524137496948242,0.017311985881090723,-0.039559573166557824,-0.039004192967326254
1777878214.3193405,0.20630806662982967,-0.19664384026010878,0.6055230240315137,1,5.249977111816406,5.61213493347168,0.0158690741211269,-0.05018305050091028,-0.03948319182080012
1777878214.3688073,0.2036054821021282,-0.20671576434051353,0.604684248634812,1,4.277229309082031,4.620552062988281,0.01316648959342543,-0.06025497458131503,-0.04032196721750181
1777878214.4225655,0.20187911927544808,-0.2116649162580304,0.6041761423360174,1,7.687568664550781,8.05354118347168,0.011440126766745313,-0.06520412649883188,-0.04083007351629646
1777878214.4706278,0.19786869183110462,-0.2226265224892064,0.6032455273515056,1,5.467891693115234,5.818605422973633,0.00742969932240185,-0.07616573273000789,-0.0417606885008082
1777878214.522982,0.19306291856935795,-0.2342312142716082,0.6026986782528534,1,7.786273956298828,8.034706115722656,0.0026239260606551653,-0.0877704245124097,-0.04230753759946037
1777878214.5861967,0.19038220560119248,-0.24027780706606983,0.6026486657718628,1,20.993709564208984,21.22664451599121,-5.6786907510293985e-05,-0.0938170173068713,-0.042357550080450994
1777878214.619719,0.18572954324691135,-0.25308526812737153,0.603002537354314,1,4.492759704589844,4.703760147094727,-0.0047094492617914315,-0.106624478368173,-0.04200367849799985
1777878214.7003212,0.1822066976173741,-0.2677186027754128,0.6038875483703419,1,34.82365608215332,35.13026237487793,-0.00823229489132868,-0.12125781301621431,-0.041118667481971856
1777878214.750402,0.18063984504268568,-0.27487737823451647,0.6044007400131355,1,34.821510314941406,35.13288497924805,-0.009799147466017089,-0.12841658847531795,-0.04060547583917831
1777878214.800728,0.1779489779085557,-0.2883140553744034,0.6053075631201088,1,35.15815734863281,35.39085388183594,-0.012490014600147053,-0.1418532656152049,-0.03969865273220501
1777878214.8517158,0.1779489779085557,-0.2883140553744034,0.6053075631201088,0,36.28349304199219,36.29732131958008,-0.0146839320441085,-0.15197346771834241,-0.03954653469367148
1777878214.909704,0.1779489779085557,-0.2883140553744034,0.6053075631201088,0,44.21281814575195,44.23046112060547,-0.01587590570996581,-0.1572883815498457,-0.03999995490990941
1777878214.9541044,0.1779489779085557,-0.2883140553744034,0.6053075631201088,0,38.54084014892578,38.55252265930176,-0.018185745793408467,-0.16516797647483206,-0.04193486985195786
1777878215.002214,0.1779489779085557,-0.2883140553744034,0.6053075631201088,0,36.568641662597656,36.581993103027344,-0.02046220676392048,-0.16978819310224735,-0.04453776786755612
1777878215.05184,0.1779489779085557,-0.2883140553744034,0.6053075631201088,0,36.11302375793457,36.127567291259766,-0.02117934707306244,-0.17156069069842905,-0.045731482671540896
1777878215.1038208,0.1779489779085557,-0.2883140553744034,0.6053075631201088,0,37.982940673828125,37.999629974365234,-0.022111055938946897,-0.17372773551009546,-0.04750960635532282
1777878215.1524284,0.1779489779085557,-0.2883140553744034,0.6053075631201088,0,36.535024642944336,36.545753479003906,-0.022856038656170405,-0.17425155404330384,-0.048358286718887845
1777878215.2021909,0.1779489779085557,-0.2883140553744034,0.6053075631201088,0,36.21721267700195,36.23032569885254,-0.023186269599771686,-0.1739893857686458,-0.04851372964917514
1777878215.2659006,0.1779489779085557,-0.2883140553744034,0.6053075631201088,0,49.87359046936035,49.88741874694824,-0.023600524086607566,-0.1733731540568545,-0.0486711639869436
1777878215.302547,0.1779489779085557,-0.2883140553744034,0.6053075631201088,0,36.21387481689453,36.224365234375,-0.02392486297220168,-0.1729013080292524,-0.04866201752524189
1777878215.3532107,0.1779489779085557,-0.2883140553744034,0.6053075631201088,0,36.78274154663086,36.79466247558594,-0.023996748129042365,-0.17287348242118816,-0.04861051768030853
1777878215.403248,0.1779489779085557,-0.2883140553744034,0.6053075631201088,0,36.74125671386719,36.75508499145508,-0.023972106821431596,-0.17396582943973243,-0.04829441106192161
1777878215.4540231,0.1779489779085557,-0.2883140553744034,0.6053075631201088,0,37.4455451965332,37.46223449707031,-0.024589976429369872,-0.1733649202112703,-0.04799850879791803
1777878215.504403,0.1779489779085557,-0.2883140553744034,0.6053075631201088,0,37.72735595703125,37.741661071777344,-0.02480937266295989,-0.1732369652086827,-0.04794277725889208
1777878215.542778,0.1779489779085557,-0.2883140553744034,0.6053075631201088,0,25.672435760498047,25.684833526611328,-0.02498109153649545,-0.17311345522531763,-0.04811958675444872
1777878215.5944633,0.1779489779085557,-0.2883140553744034,0.6053075631201088,0,27.29630470275879,27.310848236083984,-0.02495466360306363,-0.1724028803664735,-0.04867472341220796
1777878215.6621466,0.1779489779085557,-0.2883140553744034,0.6053075631201088,0,44.77739334106445,44.79050636291504,-0.025046013883369536,-0.17145887037553859,-0.049000444851667234
1777878215.7017543,0.1779489779085557,-0.2883140553744034,0.6053075631201088,0,34.31868553161621,34.331560134887695,-0.025112944337130592,-0.17021794530226775,-0.04933152049691281
1777878216.2807424,0.18371974355364862,-0.2776417358129798,0.5935821646369598,1,6.456851959228516,6.6890716552734375,0.005503510700142152,0.007013971057472146,-0.004054723793015219
1777878216.3380003,0.18601953737950522,-0.27568509861543355,0.5919130520234058,1,13.808488845825195,14.097929000854492,0.007803304525998742,0.008970608255018386,-0.005723836406569149
1777878216.3849654,0.18956210477242824,-0.2731612233843257,0.5893824511978314,1,10.541200637817383,10.866403579711914,0.011345871918921792,0.01149448348612625,-0.008254437232143617
1777878216.43229,0.1909531883855327,-0.27212447957914637,0.5881425660115476,1,7.802486419677734,8.158683776855469,0.012736955532026237,0.012531227291305569,-0.009494322418427398
1777878216.478383,0.1909549292970924,-0.2720032828960247,0.5878764898457326,1,3.9069652557373047,4.207372665405273,0.012738696443585938,0.01265242397442723,-0.009760398584242358
1777878216.532254,0.19015503077598916,-0.27259185814475695,0.5876806838200361,1,7.625341415405273,7.966756820678711,0.011938797922482716,0.012063848725695006,-0.009956204609938846
1777878216.582844,0.18892306272617304,-0.2740130420847132,0.5875376549172674,1,8.171558380126953,8.511781692504883,0.010706829872666565,0.010642664785738692,-0.01009923351270763
1777878216.6329033,0.18809218130464894,-0.2749974913835681,0.5875510766342763,1,8.170366287231445,8.498191833496094,0.009875948451142487,0.009658215486883823,-0.010085811795698663
1777878216.6856887,0.18684971785718174,-0.27750430519007185,0.5873993777797065,1,10.683298110961914,11.016845703125,0.00863348500367527,0.0071514016803800595,-0.010237510650268443
1777878216.7362044,0.18509330253969047,-0.28029788478157336,0.5869143351502752,1,10.970830917358398,11.340618133544922,0.006877069686184024,0.00435782208887861,-0.01072255327969978
1777878216.7857423,0.18375271208563576,-0.2814859858312534,0.586478343839982,1,10.349035263061523,10.640144348144531,0.0055364792321293006,0.0031697210391985475,-0.011158544589993009
1777878216.8327072,0.18043594234212917,-0.2839028610775633,0.5850439974870191,1,7.258176803588867,7.5397491455078125,0.0022197094886227016,0.0007528457928886595,-0.01259289094295591
1777878216.8860574,0.17623743522111815,-0.2870215938807108,0.5828759632793986,1,10.331153869628906,10.660886764526367,-0.0019787976323883197,-0.002365887010258888,-0.01476092515057634
1777878216.9373083,0.17397464530712478,-0.2891736637715032,0.5816659604198758,1,11.549711227416992,11.83629035949707,-0.004241587546381688,-0.004517956901051279,-0.015970928010099146
1777878217.0241852,0.16995348847256883,-0.29502346127896567,0.5797960956145106,1,48.43640327453613,48.680782318115234,-0.008262744380937638,-0.01036775440851373,-0.017840792815464343
1777878217.0587804,0.16753553261792936,-0.3036433067697386,0.5795469063000304,1,31.980037689208984,32.230377197265625,-0.010680700235577115,-0.018987599899286695,-0.01808998212994464
1777878217.1038215,0.16753553261792936,-0.3036433067697386,0.5795469063000304,0,27.12273597717285,27.135610580444336,-0.010964667836291103,-0.024614118630329807,-0.017287720203308137
1777878217.1607652,0.16753553261792936,-0.3036433067697386,0.5795469063000304,0,34.021854400634766,34.036874771118164,-0.009051484281294733,-0.03805245871663063,-0.014049301163012489
1777878217.2040386,0.16753553261792936,-0.3036433067697386,0.5795469063000304,0,27.104854583740234,27.118206024169922,-0.00448865295933782,-0.05265065792952758,-0.009111353756572904
1777878217.2543724,0.16753553261792936,-0.3036433067697386,0.5795469063000304,0,27.336835861206055,27.349233627319336,-0.001519866080388125,-0.05978182599997367,-0.006306148466713506
1777878217.3144758,0.16753553261792936,-0.3036433067697386,0.5795469063000304,0,37.403106689453125,37.41598129272461,0.004477759857366356,-0.07194839717220536,0.00037465698296325345
1777878217.3685164,0.1900439962075819,-0.3680193213818145,0.6050028915815711,1,41.12076759338379,41.33796691894531,0.011827763354075434,-0.08336361451136254,0.007366003151596037
1777878217.403232,0.1942498318415208,-0.37344096470305077,0.6083420910589803,1,25.689125061035156,25.909423828125,0.016033598988014347,-0.08878525783259883,0.01070520262900529
1777878217.4310596,0.2025725265348965,-0.38075201668302516,0.6152075291075024,1,3.4203529357910156,3.6575794219970703,0.024356293681390043,-0.09609630981257322,0.017570640677527484
1777878217.488272,0.2120926314752184,-0.38585156529703424,0.6210358787323234,1,10.463237762451172,10.782003402709961,0.033876398621711934,-0.1011958584265823,0.023398990302348363
1777878217.5378475,0.2167194730477373,-0.3864830416959412,0.6237039014395399,1,9.831666946411133,10.24007797241211,0.038503240194230834,-0.10182733482548928,0.02606701300956489
1777878217.5901368,0.22573627968232218,-0.3841116619122051,0.6285410007916585,1,11.215686798095703,11.626482009887695,0.047520046828815714,-0.09945595504175314,0.030904112361683583
1777878217.6401105,0.23520568307460793,-0.37662889801992405,0.6325663444973143,1,11.60430908203125,11.945724487304688,0.056989450221101474,-0.09197319114947214,0.03492945606733931
1777878217.691462,0.24000589210007603,-0.37160219493536933,0.6342231938319856,1,12.75634765625,13.072729110717773,0.06178965924656956,-0.0869464880649174,0.03658630540201063
1777878217.7364416,0.24413818356973868,-0.35450130733560403,0.6363009149477652,1,7.277488708496094,7.612705230712891,0.06592195071623222,-0.06984560046515209,0.038664026517790204
1777878217.7842937,0.24641970513648567,-0.33389770357948556,0.6375679213188868,1,5.134820938110352,5.40924072265625,0.06820347228297921,-0.04924199670903359,0.039931032888911824
1777878217.8325837,0.25030254306873323,-0.3259452844831153,0.638187232129473,1,3.386974334716797,3.6165714263916016,0.07208631021522677,-0.041289577612663414,0.04055034369949803
1777878217.883773,0.25794417961938176,-0.30974129746525364,0.6390071801870489,1,4.46319580078125,4.754066467285156,0.0797279467658753,-0.0250855905948017,0.041370291757073935
1777878217.9358435,0.26275688767422456,-0.2925388922671796,0.6388675239030266,1,5.163431167602539,5.495786666870117,0.0845406548207181,-0.007883185396727665,0.04123063547305157
1777878217.985622,0.2678525631732439,-0.2764825222255554,0.6381140736035871,1,4.818201065063477,5.110502243041992,0.08963633031973742,0.008173184644896525,0.0404771851736121
1777878218.0343187,0.2710320669027819,-0.26895310555454194,0.6374843933507991,1,3.4279823303222656,3.7703514099121094,0.09281583404927549,0.015702601315910017,0.039847504920824124
1777878218.084483,0.27553165949450253,-0.2536747596673891,0.6352103732119218,1,3.534078598022461,3.852367401123047,0.0973154266409961,0.03098094720306284,0.037573484781946734
1777878218.1340706,0.2762782990140777,-0.24584620875130184,0.6338389882765783,1,3.032207489013672,3.3805370330810547,0.09806206616057123,0.038809498119150104,0.03620209984660325
1777878218.182644,0.2757137812327084,-0.23058967316417017,0.6306924842415985,1,1.535654067993164,1.7752647399902344,0.09749754837920191,0.05406603370628176,0.033055595811623546
1777878218.2351818,0.27420517342516615,-0.2164793078944242,0.6274873843405062,1,3.962993621826172,4.21905517578125,0.09598894057165969,0.06817639897602774,0.02985049591053124
1777878218.2846284,0.27123529856514095,-0.20356474439878725,0.6241270204347438,1,3.149271011352539,3.488302230834961,0.09301906571163451,0.0810909624716647,0.026490132004768796
1777878218.3342297,0.26840906794828134,-0.19733771197455896,0.6223482740207579,1,2.6102066040039062,3.0012130737304688,0.09019283509477488,0.087317994895893,0.024711385590782946
1777878218.3851964,0.26118704195835174,-0.18605098968469805,0.6188252999904531,1,3.499269485473633,3.8957595825195312,0.08297080910484528,0.09860471718575389,0.021188411560478175
1777878218.4337637,0.2517460412210096,-0.17676521029995163,0.6147753499702114,1,1.8596649169921875,2.1626949310302734,0.0735298083675031,0.1078904965705003,0.01713846154023644
1777878218.4837883,0.24633738193978508,-0.173114985502545,0.6127147767999244,1,1.8193721771240234,2.1047592163085938,0.06812114908627862,0.11154072136790695,0.015077888369949402
1777878218.53516,0.23387120770727365,-0.16787383066368589,0.6081818131695865,1,3.078460693359375,3.4058094024658203,0.05565497485376719,0.11678187620676604,0.010544924739611522
1777878218.5858803,0.22174436479800805,-0.1656917580139305,0.6035668009995505,1,3.711223602294922,4.047870635986328,0.04352813194450158,0.11896394885652146,0.005929912569575528
1777878218.6363933,0.216513205463651,-0.16562884344390377,0.6010092707522817,1,4.024505615234375,4.415988922119141,0.038296972610144545,0.11902686342654818,0.0033723823223067474
1777878218.68575,0.20590628092785965,-0.1673453908240956,0.5959591855271476,1,3.4046173095703125,3.6993026733398438,0.027690048074353178,0.11731031604635633,-0.0016777029028274063
1777878218.734935,0.19367132862876457,-0.17148340691383568,0.5896543147978932,1,2.5637149810791016,2.8274059295654297,0.015455095775258115,0.11317229995661626,-0.00798257363208177
1777878218.7853868,0.18772514082469374,-0.17456642174419734,0.5864218419330296,1,2.739429473876953,3.1473636627197266,0.00950890797118727,0.11008928512625459,-0.011215046496945326
1777878218.8384798,0.17607241292768125,-0.18277260997127956,0.5792245017447682,1,5.859851837158203,6.195306777954102,-0.0021438199258252254,0.10188309689917238,-0.018412386685206675
1777878218.8898966,0.16435538969978458,-0.19328202423189558,0.5710069943258025,1,7.110357284545898,7.519006729125977,-0.013860843153721866,0.09137368263855636,-0.026629894104172457
1777878218.9391286,0.1587523614495499,-0.19922740353512308,0.5659999296208097,1,6.342411041259766,6.6967010498046875,-0.019463871403956542,0.08542830333532885,-0.031636958809165325
1777878218.9860744,0.14920459709271072,-0.21182417296589187,0.5564681369900891,1,3.3330917358398438,3.5600662231445312,-0.029011635760795747,0.07283153390456007,-0.04116875143988585
1777878219.0419075,0.1407938863523694,-0.22368984949920884,0.5512746489497625,1,8.956432342529297,9.308576583862305,-0.03742234650113708,0.06096585737124312,-0.046362239480212404
1777878219.093089,0.13692612718323632,-0.2286624257310916,0.5508726876388926,1,10.076284408569336,10.424613952636719,-0.04129010567027013,0.05599328113936033,-0.046764200791082386
1777878219.1616652,0.12896943532047925,-0.23648425656099933,0.5534945471958996,1,28.668880462646484,28.8846492767334,-0.049246797533027215,0.04817145030945261,-0.04414234123407537
1777878219.217783,0.12524525559875863,-0.23924691090902855,0.5556966020040067,1,33.864736557006836,34.09862518310547,-0.05297097725474783,0.04540879596142339,-0.04194028642596824
1777878219.2674043,0.1195816492115849,-0.2436675500064049,0.5607811955468204,1,33.07938575744629,33.33306312561035,-0.05863458364192157,0.04098815686404707,-0.03685569288315464
1777878219.317214,0.1195816492115849,-0.2436675500064049,0.5607811955468204,0,33.037424087524414,33.04934501647949,-0.06107342882801033,0.0383141480791474,-0.03257872817823469
1777878219.3690271,0.1195816492115849,-0.2436675500064049,0.5607811955468204,0,33.95509719848633,34.79576110839844,-0.061381195725393266,0.03682296559876562,-0.029146343777483808
1777878219.4190795,0.1195816492115849,-0.2436675500064049,0.5607811955468204,0,34.76119041442871,34.77334976196289,-0.06124642324346322,0.03628292889006382,-0.02756504594481307
1777878219.4727502,0.1195816492115849,-0.2436675500064049,0.5607811955468204,0,33.44297409057617,33.458709716796875,-0.060506077693308104,0.03532943916290525,-0.024623638739478062
1777878219.5304847,0.1195816492115849,-0.2436675500064049,0.5607811955468204,0,40.74597358703613,40.75956344604492,-0.05984756185488919,0.03439165349167332,-0.021713338668543355
1777878219.5760837,0.1195816492115849,-0.2436675500064049,0.5607811955468204,0,35.791873931884766,35.80927848815918,-0.05992330081872577,0.034026664951932795,-0.020238586671028107
1777878219.6221964,0.1195816492115849,-0.2436675500064049,0.5607811955468204,0,31.728267669677734,31.741857528686523,-0.05994666578066609,0.033303029744462836,-0.017579260788618524
1777878219.6662838,0.1195816492115849,-0.2436675500064049,0.5607811955468204,0,25.800704956054688,25.81048011779785,-0.060365671616022874,0.03293451045468787,-0.015122865413990926
1777878219.7207298,0.1195816492115849,-0.2436675500064049,0.5607811955468204,0,29.853343963623047,29.865026473999023,-0.059920774726740185,0.03256935551366916,-0.013547188849010036
1777878219.7670438,0.1195816492115849,-0.2436675500064049,0.5607811955468204,0,26.13663673400879,26.146411895751953,-0.05990744916092738,0.03272730207068948,-0.013103402835594658
1777878219.816825,0.1195816492115849,-0.2436675500064049,0.5607811955468204,0,25.823116302490234,25.837182998657227,-0.061361396815491166,0.03289046090494155,-0.012677720440122624
1777878219.8747342,0.1195816492115849,-0.2436675500064049,0.5607811955468204,0,33.648014068603516,33.65945816040039,-0.061751465786848515,0.03263129025189872,-0.01248905953456532
1777878219.9229524,0.1195816492115849,-0.2436675500064049,0.5607811955468204,0,30.618906021118164,30.630826950073242,-0.06156830369769544,0.032163714010869676,-0.012685131789649582
1777878219.9721608,0.1195816492115849,-0.2436675500064049,0.5607811955468204,0,29.64186668395996,29.654979705810547,-0.06300146314183491,0.0318636334740303,-0.013779862482235249
1777878220.041375,0.1195816492115849,-0.2436675500064049,0.5607811955468204,0,48.232316970825195,48.252105712890625,-0.06405996905752176,0.03151328664036074,-0.014377957886434034
1777878220.808035,0.12081766159088848,-0.23950499947710704,0.5551114246782277,1,10.58816909790039,10.918140411376953,0.004787986203021227,-0.00045281925109441623,0.0007969687249477029
1777878220.8491185,0.12115808651039846,-0.23924143300910514,0.5557634118365264,1,1.3887882232666016,1.6238689422607422,0.005128411122531201,-0.00018925278309250837,0.0014489558832465003
1777878220.9093702,0.12190855434144426,-0.2384552130724757,0.5552420994119125,1,11.594057083129883,11.800050735473633,0.005878878953577012,0.000596967153536937,0.000927643458632452
1777878220.9589567,0.12234714359806158,-0.2381796778059105,0.5543846417556452,1,11.069059371948242,11.244773864746094,0.0063174682101943295,0.000872502420102117,7.018580236519377e-05
1777878221.0073116,0.12196919800386063,-0.2396011540693537,0.5531262016312085,1,9.25445556640625,9.53364372253418,0.005939522615993381,-0.0005489738433410718,-0.001188254322071515
1777878221.0593054,0.12127885424124346,-0.24142584074505097,0.5529224053440669,1,8.291244506835938,8.51583480834961,0.0052491788533762145,-0.0023736605190383536,-0.0013920506092130573
1777878221.1233656,0.11816434076608114,-0.24965320677088243,0.5520157842415014,1,22.25041389465332,22.486209869384766,0.0021346653782138804,-0.010601026544869788,-0.0022986717117785375
1777878221.1605132,0.11650742148681888,-0.25310136686264245,0.551434803115751,1,9.001731872558594,9.297847747802734,0.000477746098951631,-0.01404918663662981,-0.0028796528375290096
1777878221.257444,0.11307657982873806,-0.2592848208382681,0.5505055572932709,1,55.95731735229492,56.162118911743164,-0.002953095559129187,-0.020232640612255437,-0.0038088986600091097
1777878221.3001487,0.11307657982873806,-0.2592848208382681,0.5505055572932709,0,40.94052314758301,40.95292091369629,-0.007353680692684095,-0.02738318211845797,-0.004923087458656467
1777878221.3430626,0.11307657982873806,-0.2592848208382681,0.5505055572932709,0,33.80560874938965,33.81609916687012,-0.012146039597056374,-0.03481337670051837,-0.005903912070535453
1777878221.3998318,0.11307657982873806,-0.2592848208382681,0.5505055572932709,0,40.28797149658203,40.30776023864746,-0.016678403938761573,-0.041981393993242355,-0.006398232818817802
1777878221.4537106,0.11307657982873806,-0.2592848208382681,0.5505055572932709,0,44.08907890319824,44.10696029663086,-0.018811242684069175,-0.04580505988303751,-0.006232668153762461
1777878221.4965498,0.11307657982873806,-0.2592848208382681,0.5505055572932709,0,34.346580505371094,34.36398506164551,-0.023121779637064684,-0.05435108651981296,-0.004977978844297563
1777878221.558569,0.11307657982873806,-0.2592848208382681,0.5505055572932709,0,46.29659652709961,46.315908432006836,-0.027536656020401815,-0.06404747911130804,-0.0022150533910971215
1777878221.592368,0.11307657982873806,-0.2592848208382681,0.5505055572932709,0,30.07030487060547,30.082225799560547,-0.0298008055936961,-0.06871896173493588,-0.00045643190642259517
1777878221.6522555,0.11307657982873806,-0.2592848208382681,0.5505055572932709,0,39.88051414489746,39.89434242248535,-0.03460550487993489,-0.07768647597361433,0.003445348879259274
1777878221.6956124,0.11307657982873806,-0.2592848208382681,0.5505055572932709,0,33.162593841552734,33.18214416503906,-0.0391566102675345,-0.08673095538454187,0.0070839399514598805
1777878221.7418053,0.11307657982873806,-0.2592848208382681,0.5505055572932709,0,29.262781143188477,29.27398681640625,-0.04105561191002204,-0.09062349736940967,0.008454578828100452
1777878221.7934668,0.11307657982873806,-0.2592848208382681,0.5505055572932709,0,29.904842376708984,29.915332794189453,-0.04396045707044834,-0.09686142102048942,0.010049230699894517
1777878221.8435616,0.11307657982873806,-0.2592848208382681,0.5505055572932709,0,29.964923858642578,29.97589111328125,-0.04583343791588305,-0.0989077071029898,0.010105888341177618
1777878221.8944564,0.11307657982873806,-0.2592848208382681,0.5505055572932709,0,30.469655990600586,30.483007431030273,-0.045876876485931764,-0.0986574056692705,0.00941828383731629
1777878221.9637475,0.11307657982873806,-0.2592848208382681,0.5505055572932709,0,49.69668388366699,49.715280532836914,-0.04373496742213097,-0.09599077243747145,0.006856322025515367
1777878221.99878,0.11307657982873806,-0.2592848208382681,0.5505055572932709,0,34.46793556213379,34.48081016540527,-0.04168407505451317,-0.0939812884637593,0.005135770821087925
1777878222.0482976,0.11307657982873806,-0.2592848208382681,0.5505055572932709,0,33.89286994934082,33.90645980834961,-0.036030555684915457,-0.08927642819130252,0.0012544466933009334
1777878222.1011412,0.11307657982873806,-0.2592848208382681,0.5505055572932709,0,36.03672981262207,36.0565185546875,-0.027027709486742012,-0.08277143796096911,-0.004596705030025992
1777878222.1577737,0.11307657982873806,-0.2592848208382681,0.5505055572932709,0,42.15216636657715,42.60897636413574,-0.018638431635188066,-0.07371132135986141,-0.011251750447012127
1777878222.2041502,0.11307657982873806,-0.2592848208382681,0.5505055572932709,0,38.854360580444336,38.867950439453125,-0.015127146275328376,-0.06859223128416789,-0.014293917581218236
1777878222.2505894,0.11307657982873806,-0.2592848208382681,0.5505055572932709,0,35.22157669067383,35.23731231689453,-0.006401308077257294,-0.06109104134183349,-0.021139730818770616
1777878222.291629,0.1205319777324869,-0.2961084340241633,0.5262877551575484,1,25.987625122070312,26.226043701171875,0.004502302344619657,-0.05705625379815071,-0.02802670079573155
1777878222.3207722,0.12617171986028267,-0.2947741407840209,0.5233928991214741,1,5.004167556762695,5.247354507446289,0.010142044472415408,-0.05572196055800829,-0.03092155683180589
1777878222.3767915,0.13685464744259518,-0.292709596882914,0.5182985483553355,1,10.792732238769531,11.152982711791992,0.02082497205472794,-0.05365741665690135,-0.03601590759794447
1777878222.4381778,0.1463682506091229,-0.29193802597268137,0.5129669918197304,1,22.250652313232422,22.48072624206543,0.03033857522125563,-0.05288584574666874,-0.04134746413354959
1777878222.4861755,0.1501785217212483,-0.29165315277706655,0.5106354611383954,1,20.181655883789062,20.410776138305664,0.03414884633338103,-0.05260097255105392,-0.04367899481488453
1777878222.5333629,0.15627961099864152,-0.2909929663171662,0.5065100761414166,1,17.24386215209961,17.47918128967285,0.04024993561077425,-0.051940786091153573,-0.047804379811863404
1777878222.5889914,0.16234339761283706,-0.2922888373828195,0.5034668522854476,1,22.736787796020508,23.05459976196289,0.046313722224969794,-0.05323665715680692,-0.05084760366783238
1777878222.6348767,0.16499493798156042,-0.29317866878012444,0.5024151269495385,1,18.62621307373047,18.86749267578125,0.048965262593693167,-0.054126488554111785,-0.05189932900374146
1777878222.6847425,0.1684201595055695,-0.29443016724830856,0.5028700090332481,1,18.388986587524414,18.646717071533203,0.05239048411770225,-0.05537798702229593,-0.05144444692003193
1777878222.7318625,0.16930292166782407,-0.2938079152208584,0.505626726678494,1,15.465259552001953,15.709400177001953,0.05327324627995683,-0.05475573499484579,-0.04868772927478607
1777878222.8017251,0.16912246716292298,-0.293410523261058,0.5061731896939007,1,35.234689712524414,35.46619415283203,0.05309279177505573,-0.05435834303504536,-0.04814126625937929
1777878222.8333127,0.16940719714324565,-0.29337045251853744,0.5046468855366109,1,16.543865203857422,16.794443130493164,0.05337752175537838,-0.05431827229252484,-0.049667570416669124
1777878222.881588,0.16927173325392048,-0.29327471958532414,0.5040100175169758,1,14.718294143676758,14.981746673583984,0.053242057866053225,-0.05422253935931154,-0.05030443843630418
1777878222.9365168,0.1693734587107785,-0.29420757986451296,0.5029505353117256,1,19.603252410888672,19.838571548461914,0.053343783322911245,-0.05515539963850033,-0.051363920641554345
1777878222.9876292,0.16986166851856327,-0.2962527367598049,0.5023676943861456,1,20.585060119628906,20.883560180664062,0.05383199313069603,-0.0572005565337923,-0.0519467615671344
1777878223.0380287,0.17175045210804626,-0.2984173099707623,0.5017655643985979,1,20.865917205810547,21.094322204589844,0.05572077672017901,-0.05936512974474967,-0.052548891554682176
1777878223.0854979,0.1726722455587835,-0.29908325858737483,0.5014880571638947,1,18.25237274169922,18.496990203857422,0.056642570170916236,-0.06003107836136223,-0.05282639878938536
1777878223.1383293,0.17455318831353048,-0.30026264540268033,0.5006768368100986,1,21.012306213378906,21.245479583740234,0.058523512925663226,-0.06121046517666767,-0.053637619143181436
1777878223.2106173,0.17599919517335377,-0.30112758659706085,0.5000235092690053,1,43.082475662231445,43.44820976257324,0.05996951978548651,-0.06207540637104822,-0.054290946684274644
1777878223.2415543,0.1766466841200341,-0.30148999363009965,0.49974962205666584,1,24.05405044555664,24.292469024658203,0.060617008732166855,-0.062437813404086995,-0.05456483389661412
1777878223.2837207,0.17663595605162802,-0.3009571906530479,0.49954426692510273,1,16.143798828125,16.402721405029297,0.06060628066376078,-0.06190501042703525,-0.05477018902817726
1777878223.3326397,0.17665744788468746,-0.3003894667718766,0.4995520076680894,1,14.858007431030273,15.115499496459961,0.06062777249682019,-0.06133728654586401,-0.05476244828519064
1777878223.3877425,0.17702508256945226,-0.300408562518047,0.4994905058708524,1,19.85645294189453,20.116567611694336,0.06099540718158501,-0.061356382292034356,-0.05482395008242759
1777878223.4351904,0.17774997874596032,-0.30058045066285144,0.4992339433367168,1,17.309188842773438,17.522096633911133,0.06172030335809309,-0.06152827043683878,-0.05508051261656324
1777878223.4850996,0.17755031300012208,-0.30005397399740386,0.4991482595448931,1,17.125606536865234,17.34185218811035,0.06152063761225482,-0.06100179377139123,-0.05516619640838688
1777878223.53431,0.177322766162388,-0.29966803428086564,0.4992082906430149,1,15.756607055664062,16.088247299194336,0.06129309077452076,-0.06061585405485298,-0.055106165310265076
1777878223.584914,0.1768374669920445,-0.2988853194873361,0.4994169700921999,1,16.110658645629883,16.335010528564453,0.060807791604177236,-0.0598331392613235,-0.05489748586108015
1777878223.6442738,0.17589368245107262,-0.29762349983788794,0.4997991277537317,1,25.232791900634766,25.421857833862305,0.05986400706320537,-0.05857131961187528,-0.05451532819954827
1777878223.6922483,0.17505444423176855,-0.296517859320214,0.5000110792347896,1,22.524595260620117,22.739410400390625,0.0590247688439013,-0.057465679094201416,-0.054303376718490406
1777878223.7439485,0.17483011775464802,-0.29619932188025516,0.5000174481657349,1,22.347450256347656,22.542476654052734,0.05880044236678075,-0.057147141654242534,-0.05429700778754511
1777878223.7877076,0.17475543079438427,-0.29571442377700063,0.5000543597601508,1,16.031742095947266,16.231060028076172,0.05872575540651703,-0.056662243550988034,-0.05426009619312919
1777878223.8354468,0.1739385828615073,-0.29418957603092133,0.5005810808178637,1,12.674570083618164,12.893915176391602,0.057908907473640046,-0.05513739580490867,-0.05373337513541637
1777878223.8892534,0.17377377565838936,-0.293753628398607,0.5007411346877262,1,16.457557678222656,16.659975051879883,0.05774410027052211,-0.0547014481725944,-0.05357332126555381
1777878223.9558961,0.17344901821626346,-0.29306784971403943,0.5010780200130582,1,32.921791076660156,33.26416015625,0.0574193428283962,-0.0540156694880268,-0.05323643594022179
1777878223.9906976,0.17291044175188078,-0.2921773072473187,0.5014585703874783,1,17.56906509399414,17.798662185668945,0.05688076636401353,-0.05312512702130606,-0.05285588556580163
1777878224.0455616,0.17276376511031416,-0.2918887733895206,0.5015950264307847,1,22.607803344726562,22.80735969543457,0.05673408972244692,-0.05283659316350792,-0.05271942952249534
1777878224.0904727,0.17269111456107628,-0.2917646318564076,0.5016929994507002,1,17.4407958984375,17.655611038208008,0.05666143917320901,-0.05271245163039498,-0.05262145650257971
1777878224.140003,0.1727426084625614,-0.2918818746184044,0.5017318018060123,1,16.8306827545166,17.124414443969727,0.05671293307469413,-0.052829694392391824,-0.052582654147267704
1777878224.1901853,0.17270921234589168,-0.29181831933666225,0.5017457822470979,1,16.94941520690918,17.22121238708496,0.056679536958024426,-0.05276613911064962,-0.05256867370618207
1777878224.239324,0.1724711291842176,-0.29136904703577426,0.5018554048614454,1,16.066312789916992,16.29161834716797,0.05644145379635034,-0.05231686680976161,-0.05245905109183463
1777878224.2908819,0.1726501095710228,-0.2912578443227686,0.5018248106196119,1,17.581462860107422,17.78435707092285,0.05662043418315556,-0.05220566409675592,-0.05248964533366805
1777878224.345842,0.1728832490711596,-0.2913466602839557,0.5017462544962127,1,22.47786521911621,22.711992263793945,0.056853573683292344,-0.05229448005794313,-0.052568201457067296
1777878224.397732,0.17347149643364518,-0.29173701993445356,0.5015223515905103,1,23.60844612121582,23.844003677368164,0.05744182104577791,-0.052684839708440956,-0.052792104362769654
1777878224.4578984,0.1736236408681921,-0.2918080287371273,0.5014519278563894,1,33.7066650390625,33.95438194274902,0.05759396548032486,-0.05275584851111467,-0.052862528096890626
1777878224.501685,0.17361337550200365,-0.29177888201503077,0.5014505898566682,1,27.380943298339844,27.617931365966797,0.0575837001141364,-0.05272670178901817,-0.052863866096611783
