x,y,z,success,ompl_ms,planned_duration_ms,motion_ms,total_ms,n_waypoints,joint_path_len
0.1025,-0.2858,0.4256,1,37.03,0.00,2179.74,2216.76,0,3.4939
0.1025,-0.2859,0.4256,1,32.84,0.00,397.01,429.85,0,0.1596
0.1025,-0.2859,0.4256,1,36.06,0.00,1323.96,1360.02,0,1.9930
0.1025,-0.2859,0.4256,1,22.45,0.00,364.35,386.80,0,0.1178
0.1025,-0.2859,0.4256,1,23.27,0.00,1202.08,1225.36,0,1.6013
0.1025,-0.2859,0.4256,1,30.17,0.00,1301.72,1331.89,0,1.9708
0.1025,-0.2859,0.4256,1,39.09,0.00,1717.53,1756.62,0,3.5010
0.1025,-0.2859,0.4256,1,22.18,0.00,237.38,259.57,0,0.0452
0.1025,-0.2859,0.4256,1,21.55,0.00,184.56,206.11,0,0.0126
0.1025,-0.2859,0.4256,1,28.63,0.00,1580.61,1609.25,0,2.9388
0.1025,-0.2859,0.4256,1,36.49,0.00,1583.44,1619.93,0,2.9422
0.1025,-0.2859,0.4256,1,30.07,0.00,219.37,249.44,0,0.0340
0.1025,-0.2859,0.4256,1,36.59,0.00,781.12,817.71,0,0.6352
0.1025,-0.2859,0.4256,1,43.93,0.00,2804.70,2848.62,0,7.4749
0.1025,-0.2859,0.4256,1,42.53,0.00,155.63,198.16,0,0.0104
0.1025,-0.2859,0.4256,1,32.04,0.00,2116.81,2148.85,0,3.7437
0.1025,-0.2859,0.4256,1,31.61,0.00,514.73,546.34,0,0.2171
0.1025,-0.2859,0.4256,1,45.97,0.00,1745.58,1791.55,0,2.6033
0.1025,-0.2859,0.4256,1,30.16,0.00,2177.72,2207.88,0,4.5648
0.1025,-0.2859,0.4256,1,25.08,0.00,743.67,768.75,0,0.5711
0.1025,-0.2859,0.4256,1,23.26,0.00,1649.60,1672.86,0,2.8646
0.1025,-0.2859,0.4256,1,27.00,0.00,576.03,603.03,0,0.2569
0.1025,-0.2859,0.4256,1,26.42,0.00,182.51,208.93,0,0.0222
0.1025,-0.2859,0.4256,1,46.35,0.00,1922.80,1969.15,0,3.9713
0.1025,-0.2859,0.4256,1,34.36,0.00,1704.90,1739.26,0,3.2681
0.1025,-0.2859,0.4256,1,34.64,0.00,580.21,614.85,0,0.2806
0.1025,-0.2859,0.4256,1,24.13,0.00,1324.75,1348.88,0,1.8764
0.1025,-0.2859,0.4256,1,33.21,0.00,964.75,997.96,0,1.0560
0.1025,-0.2859,0.4256,1,48.32,0.00,1362.19,1410.52,0,2.1493
0.1025,-0.2859,0.4256,1,11.71,0.00,589.32,601.02,0,0.3105
0.1025,-0.2859,0.4256,1,36.14,0.00,233.62,269.75,0,0.0294
0.1025,-0.2859,0.4256,1,19.52,0.00,443.31,462.84,0,0.1776
0.1025,-0.2859,0.4256,1,31.47,0.00,417.67,449.14,0,0.1649
0.1025,-0.2859,0.4256,1,23.33,0.00,164.21,187.54,0,0.0095
0.1025,-0.2859,0.4256,1,22.26,0.00,195.49,217.75,0,0.0129
0.1025,-0.2859,0.4256,1,32.05,0.00,178.28,210.33,0,0.0178
0.1025,-0.2859,0.4256,1,31.81,0.00,174.29,206.10,0,0.0188
0.1025,-0.2859,0.4256,1,29.64,0.00,1780.09,1809.73,0,3.7184
0.1025,-0.2859,0.4256,1,13.20,0.00,817.02,830.22,0,0.6896
0.1025,-0.2859,0.4256,1,32.75,0.00,1579.97,1612.71,0,2.6141
0.1025,-0.2859,0.4256,1,41.20,0.00,1741.37,1782.57,0,3.1550
0.1025,-0.2859,0.4256,1,46.96,0.00,1422.20,1469.16,0,2.3418
0.1025,-0.2859,0.4256,1,31.55,0.00,1275.80,1307.35,0,1.8714
0.1025,-0.2859,0.4256,1,29.52,0.00,951.46,980.98,0,1.0380
0.1025,-0.2859,0.4256,1,43.97,0.00,823.75,867.72,0,0.6976
0.1025,-0.2859,0.4256,1,40.95,0.00,1998.71,2039.66,0,3.7520
0.1025,-0.2859,0.4256,1,21.81,0.00,374.45,396.27,0,0.0855
0.1025,-0.2859,0.4256,1,56.31,0.00,1204.16,1260.47,0,1.0918
0.1025,-0.2859,0.4256,1,16.61,0.00,800.65,817.26,0,0.5232
0.1025,-0.2859,0.4256,1,32.05,0.00,236.44,268.50,0,0.0330
0.1025,-0.2859,0.4256,1,33.82,0.00,2243.42,2277.24,0,5.3978
0.1025,-0.2859,0.4256,1,20.79,0.00,243.02,263.81,0,0.0342
0.1025,-0.2859,0.4256,1,31.31,0.00,243.90,275.21,0,0.0325
0.1025,-0.2859,0.4256,1,42.46,0.00,1477.69,1520.15,0,2.5071
0.1025,-0.2859,0.4256,1,39.61,0.00,1456.38,1495.99,0,2.2919
0.1025,-0.2859,0.4256,1,22.92,0.00,640.62,663.54,0,0.3527
0.1025,-0.2859,0.4256,1,32.64,0.00,923.08,955.72,0,0.7952
0.1025,-0.2859,0.4256,1,53.23,0.00,1283.54,1336.77,0,1.7598
0.1025,-0.2859,0.4256,1,26.66,0.00,1581.32,1607.98,0,2.6726
0.1025,-0.2859,0.4256,1,46.09,0.00,1062.98,1109.07,0,1.0927
0.1025,-0.2859,0.4256,1,39.52,0.00,1510.57,1550.09,0,2.6826
0.1025,-0.2859,0.4256,1,33.39,0.00,2302.76,2336.15,0,5.3820
0.1025,-0.2859,0.4256,1,36.57,0.00,882.29,918.87,0,0.5137
0.1025,-0.2859,0.4256,1,30.04,0.00,1159.57,1189.61,0,0.8908
0.1025,-0.2859,0.4256,1,55.40,0.00,2820.10,2875.50,0,7.5835
0.1025,-0.2859,0.4256,1,43.59,0.00,655.72,699.31,0,0.4583
0.1025,-0.2859,0.4256,1,20.43,0.00,258.98,279.41,0,0.0521
0.1025,-0.2859,0.4256,1,21.45,0.00,216.65,238.10,0,0.0310
0.1025,-0.2859,0.4256,1,19.86,0.00,319.15,339.01,0,0.0758
0.1025,-0.2859,0.4256,1,41.30,0.00,2036.42,2077.72,0,4.7412
0.1025,-0.2859,0.4256,1,19.67,0.00,539.16,558.84,0,0.2520
0.1025,-0.2859,0.4256,1,27.33,0.00,1641.60,1668.93,0,2.3894
0.1025,-0.2859,0.4256,1,41.52,0.00,1837.53,1879.05,0,3.2532
0.1025,-0.2859,0.4256,1,40.08,0.00,338.62,378.71,0,0.0909
0.1025,-0.2859,0.4256,1,31.69,0.00,1315.23,1346.91,0,1.7554
0.1025,-0.2860,0.4257,1,21.16,0.00,357.42,378.58,0,0.0881
0.1025,-0.2860,0.4257,1,33.30,0.00,1015.73,1049.03,0,0.9648
0.1025,-0.2860,0.4257,1,29.81,0.00,1298.24,1328.06,0,1.8429
0.1025,-0.2860,0.4257,1,21.78,0.00,576.63,598.41,0,0.3227
0.1025,-0.2860,0.4257,1,32.85,0.00,1597.12,1629.97,0,3.0046
0.1025,-0.2860,0.4257,1,39.76,0.00,178.16,217.91,0,0.0074
0.1025,-0.2860,0.4257,1,11.60,0.00,216.58,228.18,0,0.0149
0.1025,-0.2860,0.4257,1,30.26,0.00,138.20,168.46,0,0.0058
0.1025,-0.2860,0.4257,1,20.96,0.00,217.38,238.34,0,0.0161
0.1025,-0.2860,0.4257,1,50.16,0.00,2058.44,2108.60,0,4.8564
0.1025,-0.2860,0.4257,1,29.34,0.00,1203.06,1232.40,0,1.5082
0.1025,-0.2860,0.4257,1,30.60,0.00,1164.21,1194.81,0,1.3807
0.1025,-0.2860,0.4257,1,30.88,0.00,477.27,508.16,0,0.1797
0.1025,-0.2860,0.4257,1,12.26,0.00,513.99,526.24,0,0.2258
0.1025,-0.2860,0.4257,1,31.39,0.00,2039.32,2070.71,0,4.7323
0.1025,-0.2860,0.4257,1,13.30,0.00,294.85,308.15,0,0.0648
0.1025,-0.2860,0.4257,1,25.09,0.00,1903.86,1928.95,0,4.2535
0.1025,-0.2860,0.4257,1,39.29,0.00,1894.38,1933.68,0,4.2633
0.1025,-0.2860,0.4257,1,29.38,0.00,1754.01,1783.39,0,3.7155
0.1025,-0.2860,0.4257,1,36.93,0.00,2341.39,2378.32,0,4.8074
0.1025,-0.2860,0.4257,1,39.93,0.00,2218.60,2258.53,0,4.1728
0.1025,-0.2860,0.4257,1,32.15,0.00,1335.74,1367.89,0,1.9932
0.1025,-0.2860,0.4257,1,39.27,0.00,1638.68,1677.95,0,2.9160
0.1025,-0.2860,0.4257,1,11.54,0.00,637.52,649.05,0,0.3404
0.1025,-0.2860,0.4257,1,28.34,0.00,1540.63,1568.97,0,1.9008
0.1025,-0.2860,0.4257,1,34.50,0.00,1554.30,1588.80,0,1.9562
0.1025,-0.2860,0.4257,1,25.27,0.00,1303.15,1328.42,0,1.6704
0.1025,-0.2860,0.4257,1,33.00,0.00,1013.55,1046.55,0,1.0954
0.1025,-0.2860,0.4257,1,32.67,0.00,737.48,770.14,0,0.5848
0.1025,-0.2860,0.4257,1,32.84,0.00,975.91,1008.75,0,0.9804
0.1025,-0.2860,0.4257,1,29.08,0.00,638.39,667.47,0,0.3768
0.1025,-0.2860,0.4257,1,30.11,0.00,2139.64,2169.75,0,4.0629
0.1025,-0.2860,0.4257,1,21.64,0.00,475.83,497.47,0,0.1264
0.1025,-0.2860,0.4257,1,32.72,0.00,2396.76,2429.48,0,5.4741
0.1025,-0.2860,0.4257,1,30.65,0.00,1620.04,1650.69,0,2.8432
0.1025,-0.2860,0.4257,1,39.04,0.00,1496.85,1535.89,0,2.3711
0.1025,-0.2860,0.4257,1,26.23,0.00,943.01,969.24,0,0.9106
0.1025,-0.2860,0.4257,1,19.87,0.00,397.35,417.22,0,0.1271
0.1025,-0.2860,0.4257,1,32.55,0.00,1015.09,1047.64,0,1.0246
0.1025,-0.2860,0.4257,1,30.84,0.00,518.27,549.12,0,0.2136
0.1025,-0.2860,0.4257,1,31.00,0.00,1639.26,1670.26,0,3.0594
0.1025,-0.2860,0.4257,1,45.63,0.00,1842.02,1887.66,0,3.6372
0.1025,-0.2860,0.4257,1,31.45,0.00,1756.05,1787.51,0,3.3611
0.1025,-0.2860,0.4257,1,41.12,0.00,1656.53,1697.66,0,2.9706
0.1025,-0.2860,0.4257,1,35.20,0.00,1516.77,1551.97,0,2.5313
0.1025,-0.2860,0.4257,1,27.04,0.00,699.90,726.94,0,0.5074
0.1025,-0.2860,0.4257,1,38.58,0.00,659.20,697.77,0,0.4568
0.1025,-0.2860,0.4257,1,35.42,0.00,662.81,698.23,0,0.4470
0.1025,-0.2860,0.4257,1,21.68,0.00,539.54,561.21,0,0.2718
0.1025,-0.2860,0.4257,1,32.39,0.00,1583.21,1615.60,0,2.7203
0.1025,-0.2860,0.4257,1,36.57,0.00,2082.35,2118.91,0,4.8829
0.1025,-0.2860,0.4257,1,41.77,0.00,216.77,258.53,0,0.0187
0.1025,-0.2860,0.4257,1,37.68,0.00,1901.94,1939.61,0,4.2408
0.1025,-0.2860,0.4257,1,33.97,0.00,2225.09,2259.06,0,4.2358
0.1025,-0.2860,0.4257,1,37.01,0.00,2018.47,2055.48,0,3.3244
0.1025,-0.2860,0.4257,1,35.27,0.00,1164.45,1199.72,0,1.2162
0.1025,-0.2860,0.4257,1,32.55,0.00,1934.55,1967.10,0,3.9493
0.1025,-0.2860,0.4257,1,40.04,0.00,1678.41,1718.44,0,3.0512
0.1025,-0.2860,0.4257,1,50.79,0.00,1758.15,1808.94,0,3.3483
0.1025,-0.2860,0.4257,1,30.22,0.00,1339.18,1369.40,0,2.0366
0.1025,-0.2860,0.4257,1,24.96,0.00,1182.89,1207.85,0,1.5737
0.1025,-0.2860,0.4257,1,33.89,0.00,2054.88,2088.77,0,4.4847
0.1026,-0.2859,0.4257,1,40.12,0.00,2177.34,2217.46,0,5.0149
0.1026,-0.2859,0.4257,1,28.36,0.00,1341.14,1369.50,0,2.1074
0.1026,-0.2859,0.4257,1,18.38,0.00,899.90,918.28,0,0.9218
0.1026,-0.2859,0.4257,1,53.64,0.00,1758.26,1811.89,0,3.3163
0.1026,-0.2859,0.4257,1,27.73,0.00,1197.74,1225.48,0,1.4651
0.1026,-0.2859,0.4257,1,36.19,0.00,1382.81,1419.00,0,2.1863
0.1026,-0.2859,0.4257,1,40.99,0.00,1276.34,1317.33,0,1.8142
0.1026,-0.2859,0.4257,1,46.07,0.00,2061.85,2107.91,0,4.7965
0.1026,-0.2859,0.4257,1,43.08,0.00,2096.28,2139.36,0,3.5898
0.1026,-0.2859,0.4257,1,29.19,0.00,1958.90,1988.09,0,3.0259
0.1026,-0.2859,0.4257,1,14.41,0.00,514.20,528.61,0,0.2250
0.1026,-0.2859,0.4257,1,38.39,0.00,1039.69,1078.08,0,0.8575
0.1026,-0.2859,0.4257,1,23.99,0.00,934.97,958.96,0,0.7120
0.1026,-0.2859,0.4257,1,35.34,0.00,2174.61,2209.95,0,5.0550
0.1026,-0.2859,0.4257,1,30.01,0.00,1376.90,1406.92,0,2.2447
0.1026,-0.2859,0.4257,1,30.33,0.00,519.54,549.88,0,0.2661
0.1026,-0.2859,0.4257,1,28.42,0.00,1539.33,1567.75,0,2.5380
0.1026,-0.2859,0.4257,1,25.53,0.00,1726.71,1752.24,0,3.1783
0.1026,-0.2859,0.4257,1,32.85,0.00,1381.05,1413.90,0,2.1587
0.1026,-0.2859,0.4257,1,38.04,0.00,1559.68,1597.73,0,2.8310
0.1026,-0.2859,0.4257,1,10.31,0.00,499.35,509.66,0,0.2353
0.1026,-0.2859,0.4257,1,44.24,0.00,1051.45,1095.69,0,1.2210
0.1026,-0.2859,0.4257,1,19.44,0.00,160.63,180.07,0,0.0127
0.1026,-0.2859,0.4257,1,25.53,0.00,993.10,1018.63,0,0.9945
0.1026,-0.2859,0.4257,1,36.48,0.00,1362.86,1399.34,0,1.9954
0.1026,-0.2859,0.4257,1,37.06,0.00,2121.88,2158.94,0,4.3809
0.1026,-0.2859,0.4257,1,30.97,0.00,2458.20,2489.18,0,6.0878
0.1026,-0.2859,0.4257,1,27.83,0.00,1259.09,1286.91,0,1.8717
0.1026,-0.2859,0.4257,1,43.64,0.00,1534.74,1578.37,0,2.7451
0.1026,-0.2859,0.4257,1,34.99,0.00,1895.84,1930.84,0,4.2515
0.1026,-0.2859,0.4257,1,42.77,0.00,974.39,1017.17,0,0.9059
0.1026,-0.2859,0.4257,1,31.24,0.00,657.62,688.86,0,0.3814
0.1026,-0.2859,0.4257,1,21.76,0.00,216.12,237.88,0,0.0330
0.1026,-0.2859,0.4257,1,39.01,0.00,1879.82,1918.83,0,4.0339
0.1026,-0.2859,0.4257,1,41.45,0.00,2377.69,2419.14,0,5.7500
0.1026,-0.2860,0.4257,1,42.89,0.00,1615.26,1658.15,0,2.4533
0.1026,-0.2860,0.4257,1,35.20,0.00,1173.66,1208.86,0,1.3351
0.1026,-0.2860,0.4257,1,27.62,0.00,1340.39,1368.01,0,1.7652
0.1026,-0.2860,0.4257,1,34.91,0.00,1793.67,1828.58,0,3.8655
0.1026,-0.2860,0.4257,1,46.01,0.00,1502.53,1548.54,0,2.6158
0.1026,-0.2860,0.4257,1,29.18,0.00,1062.86,1092.04,0,1.3026
0.1026,-0.2860,0.4257,1,37.69,0.00,677.50,715.18,0,0.4954
0.1026,-0.2860,0.4257,1,40.08,0.00,1274.48,1314.56,0,1.8517
0.1026,-0.2860,0.4257,1,32.89,0.00,250.95,283.84,0,0.0299
0.1026,-0.2860,0.4257,1,30.95,0.00,175.36,206.31,0,0.0137
0.1026,-0.2860,0.4257,1,30.35,0.00,1838.71,1869.06,0,3.9768
0.1026,-0.2860,0.4257,1,15.92,0.00,1841.78,1857.70,0,3.9727
0.1026,-0.2860,0.4257,1,36.42,0.00,1861.92,1898.34,0,4.0833
0.1026,-0.2860,0.4257,1,14.46,0.00,674.07,688.53,0,0.4544
0.1026,-0.2860,0.4257,1,43.93,0.00,1415.80,1459.74,0,2.3943
0.1026,-0.2860,0.4257,1,38.35,0.00,1620.90,1659.25,0,3.0320
0.1026,-0.2860,0.4257,1,36.06,0.00,682.35,718.41,0,0.4269
0.1026,-0.2860,0.4257,1,28.80,0.00,1717.95,1746.75,0,3.3236
0.1026,-0.2860,0.4257,1,32.93,0.00,795.41,828.35,0,0.6967
0.1026,-0.2860,0.4257,1,45.68,0.00,2242.57,2288.25,0,5.2300
0.1026,-0.2860,0.4257,1,29.28,0.00,1859.41,1888.69,0,3.5965
0.1026,-0.2860,0.4257,1,36.58,0.00,1525.71,1562.29,0,2.6502
0.1026,-0.2860,0.4257,1,22.78,0.00,281.83,304.61,0,0.0694
0.1026,-0.2860,0.4257,1,38.49,0.00,2199.96,2238.45,0,5.2457
0.1026,-0.2860,0.4257,1,25.60,0.00,1393.36,1418.96,0,2.0116
0.1026,-0.2860,0.4257,1,50.99,0.00,2357.32,2408.31,0,4.9093
0.1026,-0.2860,0.4257,1,42.28,0.00,2375.41,2417.69,0,5.1145
0.1026,-0.2860,0.4257,1,21.62,0.00,1457.72,1479.34,0,2.2112
0.1026,-0.2860,0.4257,1,37.29,0.00,1321.34,1358.64,0,1.7534
0.1025,-0.2861,0.4257,1,36.63,0.00,1541.29,1577.92,0,2.7945
0.1027,-0.2859,0.4257,1,41.76,0.00,1898.23,1939.99,0,4.0274
0.1027,-0.2859,0.4257,1,22.04,0.00,475.70,497.73,0,0.1855
0.1027,-0.2859,0.4257,1,27.50,0.00,761.97,789.47,0,0.5222
0.1026,-0.2859,0.4257,1,25.97,0.00,523.58,549.55,0,0.2339
0.1025,-0.2860,0.4257,1,24.48,0.00,1102.77,1127.25,0,1.1444
0.1025,-0.2860,0.4257,1,29.63,0.00,1416.52,1446.15,0,1.6634
0.1025,-0.2860,0.4257,1,39.68,0.00,1379.99,1419.67,0,1.5516
0.1027,-0.2859,0.4257,1,31.24,0.00,1434.91,1466.15,0,1.6796
0.1027,-0.2859,0.4257,1,33.28,0.00,1857.01,1890.29,0,3.2136
0.1027,-0.2859,0.4257,1,44.22,0.00,2154.61,2198.83,0,4.1308
0.1027,-0.2859,0.4257,1,37.71,0.00,1997.33,2035.03,0,3.3268
0.1028,-0.2859,0.4257,1,32.25,0.00,1197.39,1229.64,0,1.5340
0.1028,-0.2859,0.4257,1,42.43,0.00,936.90,979.33,0,0.9038
0.1027,-0.2860,0.4258,1,31.27,0.00,1895.07,1926.33,0,4.2065
0.1027,-0.2860,0.4258,1,24.21,0.00,215.47,239.68,0,0.0308
0.1027,-0.2860,0.4258,1,20.43,0.00,298.52,318.94,0,0.0816
0.1027,-0.2860,0.4258,1,20.40,0.00,298.12,318.52,0,0.0723
0.1027,-0.2860,0.4258,1,34.85,0.00,1554.18,1589.03,0,2.8713
0.1025,-0.2862,0.4258,1,29.82,0.00,1318.61,1348.42,0,1.8995
0.1025,-0.2863,0.4258,1,45.93,0.00,1702.73,1748.66,0,2.5096
0.1028,-0.2860,0.4258,1,35.53,0.00,1612.55,1648.08,0,2.2419
0.1029,-0.2860,0.4258,1,35.96,0.00,2047.04,2083.01,0,4.8159
0.1030,-0.2859,0.4258,1,33.16,0.00,341.93,375.10,0,0.0949
0.1031,-0.2859,0.4259,1,31.72,0.00,176.93,208.64,0,0.0112
0.1024,-0.2865,0.4259,1,21.05,0.00,239.05,260.10,0,0.0297
0.1031,-0.2860,0.4259,1,21.14,0.00,235.61,256.75,0,0.0232
0.1031,-0.2860,0.4259,1,22.27,0.00,616.18,638.46,0,0.3801
0.1032,-0.2859,0.4259,1,21.32,0.00,575.69,597.02,0,0.3101
0.1031,-0.2860,0.4259,1,34.60,0.00,1766.81,1801.41,0,3.6992
0.1034,-0.2859,0.4259,1,28.54,0.00,858.95,887.49,0,0.6717
0.1034,-0.2859,0.4259,1,12.13,0.00,575.92,588.05,0,0.2717
0.1033,-0.2860,0.4260,1,44.13,0.00,1100.39,1144.52,0,1.0893
0.1033,-0.2860,0.4260,1,31.09,0.00,1783.81,1814.90,0,3.3647
0.1025,-0.2867,0.4260,1,42.11,0.00,1332.43,1374.53,0,1.9645
0.1023,-0.2868,0.4260,1,35.24,0.00,1295.62,1330.87,0,1.8039
0.1023,-0.2870,0.4260,1,39.38,0.00,1218.32,1257.70,0,1.6365
0.1035,-0.2859,0.4260,1,16.18,0.00,1141.40,1157.58,0,1.2439
0.1023,-0.2870,0.4261,1,13.97,0.00,675.65,689.63,0,0.3711
0.1035,-0.2861,0.4261,1,22.73,0.00,715.83,738.55,0,0.4824
0.1023,-0.2870,0.4261,1,30.98,0.00,1175.24,1206.22,0,1.3273
0.1035,-0.2860,0.4261,1,50.88,0.00,1731.03,1781.91,0,3.2486
0.1022,-0.2872,0.4261,1,19.19,0.00,276.58,295.77,0,0.0981
0.1022,-0.2872,0.4261,1,20.89,0.00,799.44,820.33,0,0.6624
0.1035,-0.2861,0.4261,1,46.32,0.00,1700.68,1747.00,0,3.4107
0.1035,-0.2861,0.4261,1,25.13,0.00,212.21,237.34,0,0.0321
0.1035,-0.2861,0.4261,1,19.13,0.00,220.37,239.50,0,0.0340
0.1036,-0.2860,0.4262,1,20.09,0.00,217.95,238.03,0,0.0293
0.1022,-0.2873,0.4262,1,22.50,0.00,195.33,217.83,0,0.0271
0.1036,-0.2860,0.4263,1,26.28,0.00,533.36,559.64,0,0.2479
0.1022,-0.2876,0.4263,1,14.57,0.00,533.75,548.32,0,0.2654
0.1021,-0.2877,0.4264,1,34.84,0.00,173.35,208.19,0,0.0187
0.1037,-0.2860,0.4264,1,23.32,0.00,1197.95,1221.27,0,1.6061
0.1037,-0.2859,0.4265,1,40.69,0.00,855.79,896.48,0,0.7802
0.1022,-0.2879,0.4265,1,52.78,0.00,994.10,1046.88,0,1.1497
0.1021,-0.2883,0.4266,1,21.08,0.00,377.97,399.05,0,0.1218
0.1022,-0.2881,0.4266,1,36.65,0.00,1021.14,1057.80,0,1.2033
0.1021,-0.2884,0.4267,1,30.33,0.00,840.33,870.66,0,0.7307
0.1039,-0.2859,0.4268,1,29.38,0.00,736.83,766.21,0,0.4878
0.1021,-0.2887,0.4268,1,31.17,0.00,1259.34,1290.52,0,1.5818
0.1019,-0.2889,0.4269,1,30.45,0.00,696.12,726.58,0,0.3893
0.1020,-0.2889,0.4269,1,21.73,0.00,276.95,298.68,0,0.0492
0.1020,-0.2890,0.4270,1,26.99,0.00,1041.22,1068.21,0,0.9123
0.1040,-0.2858,0.4270,1,30.03,0.00,257.33,287.36,0,0.0611
0.1020,-0.2891,0.4270,1,36.16,0.00,1712.92,1749.08,0,2.2245
0.1021,-0.2894,0.4272,1,20.48,0.00,238.16,258.64,0,0.0174
0.1041,-0.2857,0.4272,1,23.27,0.00,1875.49,1898.76,0,2.7097
0.1020,-0.2895,0.4272,1,39.86,0.00,1338.89,1378.74,0,1.7655
0.1021,-0.2898,0.4274,1,18.15,0.00,460.14,478.29,0,0.1925
0.1042,-0.2857,0.4275,1,31.38,0.00,1297.44,1328.82,0,2.0144
0.1021,-0.2900,0.4275,1,36.89,0.00,2623.11,2660.00,0,6.5141
0.1021,-0.2902,0.4276,1,48.51,0.00,2897.48,2945.99,0,7.8957
0.1019,-0.2907,0.4278,1,29.03,0.00,1297.06,1326.09,0,1.8211
0.1021,-0.2904,0.4278,1,31.50,0.00,1639.62,1671.12,0,2.9785
0.1043,-0.2857,0.4278,1,29.28,0.00,1601.00,1630.28,0,2.8604
0.1019,-0.2910,0.4279,1,47.13,0.00,1320.34,1367.47,0,1.9847
0.1019,-0.2912,0.4280,1,17.43,0.00,200.64,218.07,0,0.0138
0.1019,-0.2914,0.4281,1,40.04,0.00,2439.40,2479.44,0,6.0102
0.1046,-0.2857,0.4283,1,35.25,0.00,1962.03,1997.28,0,3.9430
0.1020,-0.2916,0.4283,1,44.00,0.00,2034.70,2078.70,0,4.2160
0.1020,-0.2917,0.4284,1,24.38,0.00,1473.28,1497.66,0,1.9028
0.1020,-0.2921,0.4285,1,34.52,0.00,1235.92,1270.45,0,1.6416
0.1018,-0.2924,0.4286,1,35.21,0.00,1142.29,1177.50,0,1.5383
0.1020,-0.2923,0.4286,1,32.70,0.00,1276.44,1309.14,0,1.8802
0.1018,-0.2926,0.4287,1,31.94,0.00,1655.42,1687.36,0,2.7000
0.1047,-0.2858,0.4287,1,15.29,0.00,576.73,592.03,0,0.2082
0.1017,-0.2928,0.4288,1,41.67,0.00,1633.17,1674.85,0,2.5582
0.1018,-0.2930,0.4289,1,44.36,0.00,1815.84,1860.20,0,3.9569
0.1049,-0.2857,0.4291,1,28.78,0.00,1958.33,1987.10,0,4.4337
0.1018,-0.2932,0.4291,1,21.34,0.00,376.81,398.15,0,0.1121
0.2505,-0.1510,0.4291,1,34.71,0.00,1216.08,1250.79,0,2.7269
0.2505,-0.1510,0.4291,1,36.48,0.00,1020.01,1056.49,0,0.9315
0.2505,-0.1510,0.4291,1,30.21,0.00,1337.18,1367.39,0,1.6386
0.1013,-0.2938,0.4292,1,33.56,0.00,1217.04,1250.60,0,2.5994
0.1016,-0.2936,0.4292,1,29.95,0.00,1378.65,1408.60,0,2.3018
0.2505,-0.1510,0.4292,1,15.89,0.00,1759.11,1775.00,0,2.6200
0.2505,-0.1510,0.4292,1,29.41,0.00,380.57,409.97,0,0.0987
0.2505,-0.1510,0.4292,1,24.26,0.00,916.03,940.29,0,0.7237
0.2505,-0.1510,0.4292,1,19.99,0.00,378.71,398.70,0,0.0859
0.1013,-0.2941,0.4293,1,47.65,0.00,1918.83,1966.47,0,3.1785
0.2506,-0.1510,0.4293,1,33.96,0.00,2254.57,2288.52,0,4.4475
0.2506,-0.1510,0.4293,1,24.09,0.00,913.92,938.01,0,0.7366
0.2507,-0.1510,0.4294,1,30.25,0.00,499.47,529.72,0,0.1963
0.2507,-0.1510,0.4294,1,19.41,0.00,421.68,441.08,0,0.1304
0.2507,-0.1510,0.4294,1,28.42,0.00,678.05,706.47,0,0.3790
0.2507,-0.1508,0.4294,1,39.31,0.00,797.11,836.42,0,0.5338
0.1013,-0.2944,0.4294,1,32.17,0.00,1695.78,1727.95,0,4.9213
0.1051,-0.2857,0.4295,1,24.66,0.00,1174.17,1198.82,0,1.1419
0.2509,-0.1510,0.4295,1,31.42,0.00,1365.54,1396.97,0,4.2230
0.1013,-0.2946,0.4296,1,30.31,0.00,1880.23,1910.53,0,3.0250
0.2510,-0.1508,0.4296,1,42.89,0.00,1416.92,1459.81,0,2.0980
0.2511,-0.1510,0.4297,1,19.71,0.00,296.83,316.54,0,0.0624
0.2511,-0.1510,0.4297,1,18.78,0.00,291.59,310.37,0,0.0468
0.2511,-0.1508,0.4297,1,30.35,0.00,1176.21,1206.55,0,1.2623
0.2364,-0.2926,0.4297,1,29.79,0.00,2041.07,2070.86,0,4.7217
0.2367,-0.2927,0.4297,1,38.94,0.00,1717.29,1756.23,0,2.3516
0.2512,-0.1510,0.4298,1,31.56,0.00,897.97,929.53,0,1.2162
0.2512,-0.1510,0.4298,1,19.89,0.00,517.62,537.50,0,0.1969
0.2512,-0.1510,0.4298,1,38.77,0.00,1098.78,1137.55,0,1.0714
0.2512,-0.1508,0.4298,1,20.36,0.00,658.68,679.04,0,0.3401
0.2370,-0.2927,0.4298,1,29.91,0.00,1921.83,1951.74,0,2.8829
0.2360,-0.2926,0.4298,1,35.28,0.00,2619.80,2655.08,0,5.6816
0.2512,-0.1490,0.4298,1,25.93,0.00,1793.48,1819.41,0,3.9867
0.1011,-0.2951,0.4298,1,40.70,0.00,1397.01,1437.71,0,2.2995
0.2512,-0.1493,0.4298,1,34.05,0.00,1154.12,1188.17,0,2.2709
0.1015,-0.2949,0.4298,1,31.97,0.00,1601.99,1633.95,0,5.1654
0.2512,-0.1494,0.4298,1,42.01,0.00,1181.57,1223.59,0,2.8199
0.2512,-0.1495,0.4298,1,31.39,0.00,1436.16,1467.55,0,1.9403
0.2512,-0.1498,0.4298,1,32.02,0.00,496.69,528.71,0,0.1882
0.2512,-0.1501,0.4298,1,34.93,0.00,633.16,668.09,0,0.3380
0.2512,-0.1502,0.4298,1,38.87,0.00,899.96,938.83,0,0.6741
0.2359,-0.2926,0.4298,1,26.63,0.00,864.42,891.05,0,1.1287
0.2512,-0.1504,0.4298,1,27.84,0.00,939.34,967.18,0,1.2402
0.2363,-0.2927,0.4299,1,28.98,0.00,1559.06,1588.04,0,3.3610
0.2512,-0.1506,0.4299,1,27.85,0.00,1239.77,1267.62,0,1.3277
0.2513,-0.1507,0.4299,1,30.11,0.00,1858.06,1888.18,0,3.2835
0.2513,-0.1507,0.4299,1,20.93,0.00,257.04,277.97,0,0.0439
0.2513,-0.1509,0.4299,1,19.13,0.00,559.79,578.92,0,0.2294
0.2513,-0.1510,0.4299,1,20.27,0.00,718.24,738.51,0,0.4150
0.2513,-0.1510,0.4299,1,32.87,0.00,1577.10,1609.97,0,2.3652
0.2513,-0.1510,0.4299,1,29.23,0.00,917.30,946.52,0,0.7445
0.2513,-0.1510,0.4299,1,28.21,0.00,941.69,969.90,0,0.7595
0.2513,-0.1510,0.4299,1,33.82,0.00,1274.28,1308.10,0,1.5180
0.2513,-0.1510,0.4299,1,31.62,0.00,1896.26,1927.88,0,3.3210
0.2513,-0.1510,0.4299,1,32.66,0.00,634.33,666.99,0,0.3554
0.2513,-0.1510,0.4299,1,32.23,0.00,1417.75,1449.98,0,1.7719
0.2513,-0.1510,0.4299,1,18.60,0.00,360.10,378.70,0,0.0892
0.2513,-0.1510,0.4299,1,19.74,0.00,536.87,556.61,0,0.2227
0.2513,-0.1510,0.4299,1,30.02,0.00,1081.06,1111.07,0,1.0417
0.2513,-0.1510,0.4299,1,28.39,0.00,1578.34,1606.73,0,2.3574
0.2513,-0.1510,0.4299,1,26.63,0.00,1843.74,1870.37,0,3.1942
0.2513,-0.1510,0.4299,1,41.65,0.00,1115.40,1157.05,0,1.0793
0.2513,-0.1510,0.4299,1,30.52,0.00,577.10,607.62,0,0.2576
0.2513,-0.1510,0.4299,1,29.11,0.00,1040.49,1069.60,0,0.9316
0.2513,-0.1510,0.4299,1,20.76,0.00,297.73,318.49,0,0.0471
0.2513,-0.1510,0.4299,1,30.51,0.00,1636.71,1667.22,0,2.4696
0.2513,-0.1510,0.4299,1,28.49,0.00,1399.86,1428.35,0,1.7869
0.2513,-0.1510,0.4299,1,31.57,0.00,1777.32,1808.90,0,2.9583
0.2513,-0.1510,0.4299,1,28.51,0.00,1239.05,1267.56,0,1.4042
0.2513,-0.1510,0.4299,1,12.83,0.00,396.94,409.77,0,0.1260
0.2513,-0.1510,0.4299,1,30.55,0.00,316.48,347.03,0,0.0603
0.2513,-0.1510,0.4299,1,17.58,0.00,420.69,438.27,0,0.1357
0.2513,-0.1510,0.4299,1,30.70,0.00,659.54,690.23,0,0.3548
0.2513,-0.1510,0.4299,1,29.68,0.00,1198.67,1228.36,0,1.3088
0.2513,-0.1510,0.4299,1,28.98,0.00,477.95,506.93,0,0.1724
0.2513,-0.1510,0.4299,1,33.69,0.00,1564.70,1598.40,0,2.0919
0.2513,-0.1510,0.4299,1,28.05,0.00,159.79,187.84,0,0.0134
0.2513,-0.1510,0.4299,1,29.72,0.00,238.70,268.42,0,0.0281
0.2513,-0.1510,0.4299,1,27.71,0.00,1462.18,1489.89,0,1.9042
0.2513,-0.1510,0.4299,1,42.15,0.00,1298.29,1340.44,0,1.5488
0.2513,-0.1508,0.4299,1,26.96,0.00,939.85,966.81,0,0.7750
0.2513,-0.1508,0.4299,1,28.61,0.00,899.18,927.79,0,0.7128
0.2513,-0.1508,0.4299,1,24.98,0.00,1213.32,1238.30,0,1.3729
0.2513,-0.1508,0.4299,1,19.74,0.00,478.67,498.41,0,0.1703
0.2513,-0.1508,0.4299,1,18.28,0.00,219.17,237.45,0,0.0243
0.2513,-0.1508,0.4299,1,29.19,0.00,1420.96,1450.15,0,1.7530
0.2513,-0.1508,0.4299,1,30.74,0.00,1457.39,1488.13,0,1.8738
0.2513,-0.1508,0.4299,1,18.04,0.00,1260.02,1278.07,0,1.3916
0.2513,-0.1508,0.4299,1,37.11,0.00,1860.65,1897.76,0,3.2622
0.2513,-0.1508,0.4299,1,20.58,0.00,704.95,725.54,0,0.3669
0.2513,-0.1508,0.4299,1,22.80,0.00,1597.83,1620.63,0,2.3684
0.2513,-0.1508,0.4299,1,28.57,0.00,1460.37,1488.94,0,1.9754
0.2513,-0.1508,0.4299,1,42.17,0.00,2014.54,2056.71,0,3.7939
0.2513,-0.1508,0.4299,1,27.43,0.00,1512.09,1539.52,0,2.0639
0.2513,-0.1508,0.4299,1,20.04,0.00,338.30,358.34,0,0.0796
0.2513,-0.1508,0.4299,1,19.27,0.00,418.91,438.18,0,0.1303
0.2513,-0.1508,0.4299,1,30.61,0.00,1237.87,1268.48,0,1.3325
0.2513,-0.1508,0.4299,1,29.46,0.00,1878.75,1908.21,0,3.2839
0.2513,-0.1508,0.4299,1,16.79,0.00,1811.64,1828.42,0,3.1027
0.2513,-0.1508,0.4299,1,20.80,0.00,697.72,718.53,0,0.4101
0.2513,-0.1508,0.4299,1,9.65,0.00,212.37,222.01,0,0.0324
0.2513,-0.1508,0.4299,1,23.44,0.00,631.68,655.11,0,0.3537
0.2513,-0.1508,0.4299,1,30.60,0.00,257.57,288.17,0,0.0533
0.2513,-0.1508,0.4299,1,19.59,0.00,219.19,238.78,0,0.0237
0.2513,-0.1508,0.4299,1,18.66,0.00,399.37,418.03,0,0.1116
0.2513,-0.1508,0.4299,1,33.38,0.00,1615.26,1648.64,0,2.3439
0.2513,-0.1508,0.4299,1,27.54,0.00,1470.99,1498.53,0,1.9486
0.2513,-0.1508,0.4299,1,21.12,0.00,656.69,677.82,0,0.3504
0.2513,-0.1508,0.4299,1,8.57,0.00,229.92,238.50,0,0.0362
0.2513,-0.1508,0.4299,1,30.21,0.00,198.10,228.32,0,0.0184
0.2513,-0.1508,0.4299,1,28.84,0.00,1660.08,1688.92,0,2.4701
0.2513,-0.1508,0.4299,1,21.57,0.00,436.65,458.22,0,0.1308
0.2513,-0.1508,0.4299,1,36.69,0.00,1691.56,1728.24,0,2.6381
0.2513,-0.1508,0.4299,1,13.23,0.00,1876.02,1889.25,0,3.2792
0.2513,-0.1508,0.4299,1,24.66,0.00,1852.68,1877.34,0,3.2004
0.2513,-0.1508,0.4299,1,10.53,0.00,517.76,528.29,0,0.2175
0.2513,-0.1508,0.4299,1,28.58,0.00,710.22,738.80,0,0.4408
0.2513,-0.1508,0.4299,1,31.99,0.00,155.93,187.92,0,0.0152
0.2513,-0.1508,0.4299,1,18.64,0.00,169.34,187.98,0,0.0184
0.2513,-0.1508,0.4299,1,29.63,0.00,559.74,589.37,0,0.2567
0.2513,-0.1508,0.4299,1,21.47,0.00,557.68,579.16,0,0.2504
0.2513,-0.1508,0.4299,1,29.56,0.00,997.81,1027.37,0,0.8984
0.2513,-0.1508,0.4299,1,34.63,0.00,854.76,889.39,0,0.6357
0.2513,-0.1508,0.4299,1,28.64,0.00,559.35,587.99,0,0.2665
0.2513,-0.1508,0.4299,1,24.27,0.00,1313.35,1337.62,0,1.5636
0.2513,-0.1508,0.4299,1,30.47,0.00,358.29,388.76,0,0.0894
0.2513,-0.1508,0.4299,1,30.39,0.00,697.65,728.04,0,0.4040
0.2513,-0.1508,0.4299,1,18.90,0.00,518.94,537.84,0,0.2115
0.2513,-0.1508,0.4299,1,29.78,0.00,599.24,629.01,0,0.2923
0.2513,-0.1508,0.4299,1,18.91,0.00,659.55,678.45,0,0.3453
0.2513,-0.1508,0.4299,1,32.81,0.00,1194.35,1227.16,0,1.2916
0.2513,-0.1508,0.4299,1,28.84,0.00,1070.84,1099.68,0,1.0653
0.2513,-0.1508,0.4299,1,23.17,0.00,694.92,718.09,0,0.4018
0.2513,-0.1508,0.4299,1,36.87,0.00,611.72,648.59,0,0.3004
0.2513,-0.1508,0.4299,1,28.43,0.00,1678.94,1707.37,0,2.5097
0.2513,-0.1508,0.4299,1,45.49,0.00,2132.18,2177.67,0,4.2794
0.2513,-0.1508,0.4299,1,25.44,0.00,1433.49,1458.93,0,1.9082
0.2513,-0.1508,0.4299,1,27.19,0.00,1871.00,1898.19,0,3.2863
0.2513,-0.1508,0.4299,1,19.63,0.00,278.45,298.08,0,0.0531
0.2513,-0.1508,0.4299,1,40.11,0.00,1338.71,1378.82,0,1.5649
0.2513,-0.1508,0.4299,1,35.60,0.00,1411.82,1447.43,0,1.7553
0.2513,-0.1508,0.4299,1,11.62,0.00,297.04,308.65,0,0.0638
0.2513,-0.1508,0.4299,1,21.85,0.00,615.94,637.79,0,0.3048
0.2513,-0.1508,0.4299,1,20.63,0.00,717.85,738.48,0,0.4506
0.2513,-0.1508,0.4299,1,33.61,0.00,735.45,769.07,0,0.4713
0.2513,-0.1508,0.4299,1,36.09,0.00,732.64,768.73,0,0.4622
0.2357,-0.2926,0.4299,1,30.76,0.00,1476.52,1507.28,0,3.1217
0.1010,-0.2953,0.4299,1,32.39,0.00,1716.20,1748.60,0,3.3228
0.2512,-0.1488,0.4299,1,26.41,0.00,1894.03,1920.44,0,3.0143
0.2372,-0.2927,0.4299,1,40.83,0.00,1915.53,1956.36,0,2.5504
0.2373,-0.2928,0.4299,1,46.83,0.00,1871.25,1918.08,0,3.0734
0.1014,-0.2951,0.4299,1,32.50,0.00,1375.05,1407.55,0,2.7000
0.2514,-0.1508,0.4300,1,29.02,0.00,1232.53,1261.56,0,3.5246
0.2512,-0.1484,0.4300,1,20.64,0.00,674.39,695.03,0,0.4051
0.1054,-0.2857,0.4300,1,31.14,0.00,1197.09,1228.23,0,2.9147
0.2355,-0.2925,0.4300,1,31.78,0.00,1398.01,1429.78,0,3.5005
0.1011,-0.2956,0.4300,1,49.52,0.00,1357.19,1406.71,0,2.5505
0.2512,-0.1482,0.4300,1,27.95,0.00,1150.91,1178.86,0,2.8555
0.2515,-0.1510,0.4301,1,29.87,0.00,819.18,849.05,0,0.6160
0.1011,-0.2956,0.4301,1,36.46,0.00,1610.53,1646.99,0,2.3438
0.1004,-0.2962,0.4301,1,30.29,0.00,1257.16,1287.45,0,1.7892
0.1004,-0.2963,0.4302,1,27.84,0.00,1812.35,1840.19,0,3.9938
0.2512,-0.1480,0.4302,1,36.24,0.00,1171.99,1208.23,0,2.7025
0.0356,-0.2784,0.4302,1,33.44,0.00,1394.70,1428.14,0,3.2356
0.2376,-0.2928,0.4302,1,38.39,0.00,1578.80,1617.19,0,3.2996
0.1006,-0.2962,0.4302,1,36.42,0.00,1372.36,1408.78,0,1.6618
0.1010,-0.2959,0.4302,1,33.19,0.00,1116.02,1149.21,0,1.4642
0.2350,-0.2925,0.4302,1,29.38,0.00,1458.21,1487.59,0,2.5936
0.0356,-0.2782,0.4302,1,28.99,0.00,1527.39,1556.37,0,4.2192
0.2347,-0.2924,0.4302,1,27.79,0.00,1512.65,1540.43,0,2.6540
0.0356,-0.2779,0.4303,1,31.18,0.00,1537.13,1568.32,0,3.2122
0.0357,-0.2798,0.4303,1,51.45,0.00,2956.00,3007.46,0,7.3228
0.0357,-0.2789,0.4303,1,34.47,0.00,454.79,489.25,0,0.1179
0.2355,-0.2924,0.4303,1,40.55,0.00,2375.95,2416.51,0,9.5611
0.0357,-0.2791,0.4303,1,30.56,0.00,1538.64,1569.20,0,3.0568
0.0357,-0.2787,0.4303,1,37.68,0.00,1571.05,1608.74,0,3.2435
0.0357,-0.2794,0.4303,1,32.39,0.00,374.71,407.10,0,0.1173
0.0357,-0.2796,0.4303,1,19.63,0.00,329.92,349.55,0,0.0899
0.0384,-0.3475,0.4303,1,39.52,0.00,1197.35,1236.86,0,2.5752
0.0385,-0.3483,0.4303,1,30.09,0.00,1188.36,1218.45,0,1.8009
0.0357,-0.2777,0.4304,1,35.38,0.00,1313.26,1348.65,0,1.8125
0.1005,-0.2965,0.4304,1,26.04,0.00,1431.70,1457.74,0,2.8801
0.2378,-0.2928,0.4304,1,30.16,0.00,1368.06,1398.22,0,2.0040
0.2378,-0.2928,0.4304,1,27.46,0.00,1611.07,1638.54,0,2.2475
0.0384,-0.3489,0.4304,1,47.43,0.00,2131.12,2178.55,0,4.4207
0.2346,-0.2922,0.4304,1,25.76,0.00,1872.71,1898.47,0,3.6730
0.0999,-0.2971,0.4304,1,48.61,0.00,1349.06,1397.68,0,2.6003
0.0385,-0.3471,0.4304,1,32.44,0.00,1496.41,1528.85,0,2.0020
0.2513,-0.1478,0.4304,1,38.81,0.00,1508.03,1546.84,0,4.9774
0.1004,-0.2968,0.4304,1,41.92,0.00,1356.71,1398.63,0,3.9008
0.0357,-0.2776,0.4304,1,37.76,0.00,1110.34,1148.10,0,1.8371
0.0996,-0.2974,0.4304,1,28.25,0.00,1810.22,1838.47,0,3.9584
0.2379,-0.2928,0.4305,1,22.87,0.00,1895.35,1918.22,0,5.1667
0.0359,-0.2801,0.4305,1,30.37,0.00,1528.41,1558.78,0,2.2530
0.0706,-0.2575,0.4305,1,33.76,0.00,1613.97,1647.73,0,2.9120
0.0384,-0.3496,0.4305,1,33.61,0.00,1835.21,1868.83,0,3.3928
0.0386,-0.3466,0.4305,1,31.26,0.00,436.29,467.54,0,0.1714
0.0707,-0.2575,0.4305,1,16.34,0.00,952.42,968.76,0,1.4879
0.0707,-0.2575,0.4305,1,24.07,0.00,173.80,197.87,0,0.0098
0.0707,-0.2575,0.4305,1,21.78,0.00,156.63,178.41,0,0.0081
0.0707,-0.2575,0.4305,1,18.14,0.00,230.66,248.80,0,0.0392
0.0707,-0.2575,0.4305,1,23.59,0.00,235.46,259.05,0,0.0306
0.0707,-0.2575,0.4305,1,31.69,0.00,195.52,227.21,0,0.0244
0.0707,-0.2575,0.4305,1,31.20,0.00,1185.00,1216.20,0,1.5806
0.0707,-0.2575,0.4305,1,38.73,0.00,1152.15,1190.88,0,1.5859
0.0706,-0.2576,0.4305,1,27.45,0.00,190.45,217.90,0,0.0190
0.2519,-0.1510,0.4305,1,40.24,0.00,2808.23,2848.47,0,7.6555
0.1057,-0.2858,0.4305,1,38.41,0.00,2390.04,2428.45,0,4.6699
0.0706,-0.2577,0.4305,1,26.84,0.00,1271.10,1297.94,0,2.2453
0.0708,-0.2575,0.4305,1,44.91,0.00,2053.78,2098.69,0,4.7285
0.2343,-0.2921,0.4305,1,35.59,0.00,1552.86,1588.45,0,3.6201
0.0705,-0.2579,0.4306,1,34.49,0.00,1533.59,1568.09,0,2.8022
0.0383,-0.3504,0.4306,1,41.03,0.00,2557.13,2598.16,0,6.4865
0.0710,-0.2575,0.4306,1,40.58,0.00,1501.48,1542.06,0,2.4515
0.0360,-0.2805,0.4306,1,32.19,0.00,1091.56,1123.75,0,0.9726
0.0360,-0.2774,0.4306,1,36.75,0.00,1511.76,1548.51,0,2.4436
0.1029,-0.2473,0.4306,1,30.84,0.00,1728.07,1758.91,0,2.8900
0.1029,-0.2473,0.4306,1,35.60,0.00,1772.46,1808.05,0,3.3984
0.0711,-0.2575,0.4306,1,23.54,0.00,554.91,578.45,0,0.3912
0.0711,-0.2575,0.4306,1,43.35,0.00,294.92,338.28,0,0.0758
0.0711,-0.2575,0.4306,1,30.20,0.00,248.02,278.21,0,0.0406
0.0711,-0.2575,0.4306,1,29.89,0.00,1448.24,1478.14,0,2.6230
0.0705,-0.2580,0.4306,1,42.93,0.00,1556.22,1599.16,0,3.0253
0.2520,-0.1510,0.4306,1,25.09,0.00,1423.64,1448.73,0,2.8081
0.0995,-0.2977,0.4306,1,28.33,0.00,1769.66,1797.98,0,2.6012
0.1029,-0.2474,0.4306,1,34.52,0.00,1713.53,1748.04,0,3.0430
0.0712,-0.2575,0.4306,1,41.75,0.00,1376.56,1418.31,0,2.3191
0.1030,-0.2474,0.4306,1,32.06,0.00,635.90,667.96,0,0.7071
0.0383,-0.3511,0.4306,1,39.52,0.00,1809.92,1849.44,0,3.1300
0.1029,-0.2474,0.4307,1,34.24,0.00,935.36,969.61,0,1.6303
0.1029,-0.2474,0.4307,1,38.13,0.00,947.57,985.70,0,1.0268
0.1029,-0.2474,0.4307,1,15.39,0.00,813.23,828.62,0,0.7484
0.1029,-0.2474,0.4307,1,32.06,0.00,896.10,928.17,0,0.9247
0.1029,-0.2474,0.4307,1,30.28,0.00,288.02,318.29,0,0.0898
0.1029,-0.2474,0.4307,1,48.87,0.00,1709.52,1758.40,0,3.5330
0.1029,-0.2474,0.4307,1,22.95,0.00,375.15,398.10,0,0.1185
0.1029,-0.2474,0.4307,1,25.91,0.00,1652.57,1678.47,0,2.7302
0.1029,-0.2474,0.4307,1,54.90,0.00,2113.02,2167.92,0,4.9113
0.1029,-0.2474,0.4307,1,20.60,0.00,467.69,488.29,0,0.2318
0.1029,-0.2474,0.4307,1,31.43,0.00,2156.58,2188.02,0,4.9724
0.1029,-0.2474,0.4307,1,39.65,0.00,1968.21,2007.85,0,4.0719
0.1029,-0.2474,0.4307,1,35.41,0.00,1593.33,1628.74,0,2.8051
0.1029,-0.2474,0.4307,1,48.77,0.00,648.75,697.52,0,0.3542
0.1029,-0.2474,0.4307,1,31.99,0.00,1316.78,1348.76,0,1.8864
0.1029,-0.2474,0.4307,1,40.08,0.00,1208.25,1248.33,0,1.6307
0.1029,-0.2474,0.4307,1,20.31,0.00,648.07,668.38,0,0.3721
0.1029,-0.2474,0.4307,1,20.05,0.00,568.56,588.61,0,0.2847
0.1029,-0.2474,0.4307,1,20.13,0.00,1167.65,1187.78,0,1.3979
0.1029,-0.2474,0.4307,1,36.29,0.00,1453.27,1489.57,0,2.4853
0.0704,-0.2582,0.4307,1,30.42,0.00,1886.64,1917.06,0,4.2433
0.1029,-0.2475,0.4307,1,24.10,0.00,1334.22,1358.32,0,2.0208
0.0701,-0.2585,0.4307,1,30.85,0.00,1487.72,1518.57,0,2.4150
0.2340,-0.2922,0.4307,1,43.11,0.00,1535.53,1578.64,0,3.9776
0.0360,-0.2773,0.4307,1,38.33,0.00,1529.46,1567.79,0,2.1867
0.1030,-0.2474,0.4307,1,26.77,0.00,1711.65,1738.42,0,2.9703
0.1030,-0.2474,0.4307,1,32.09,0.00,1637.15,1669.24,0,2.9445
0.0389,-0.3462,0.4307,1,37.95,0.00,1489.49,1527.43,0,3.3088
0.0362,-0.2807,0.4307,1,27.82,0.00,931.45,959.28,0,1.4584
0.0715,-0.2576,0.4307,1,29.93,0.00,1367.58,1397.51,0,2.4859
0.0382,-0.3519,0.4307,1,19.98,0.00,1008.84,1028.82,0,1.5039
0.1031,-0.2474,0.4307,1,31.44,0.00,1236.28,1267.72,0,1.6907
0.1031,-0.2474,0.4307,1,31.98,0.00,356.99,388.97,0,0.0929
0.1031,-0.2474,0.4307,1,19.18,0.00,448.80,467.98,0,0.1813
0.2382,-0.2928,0.4307,1,32.99,0.00,1515.12,1548.11,0,2.5186
0.2514,-0.1476,0.4307,1,17.30,0.00,1850.84,1868.14,0,2.2764
0.1029,-0.2478,0.4307,1,26.67,0.00,1331.58,1358.25,0,2.5574
0.0716,-0.2575,0.4307,1,21.43,0.00,565.89,587.32,0,0.4920
0.0994,-0.2980,0.4307,1,33.34,0.00,1975.85,2009.19,0,4.0100
0.0698,-0.2588,0.4307,1,25.72,0.00,852.44,878.17,0,0.8087
0.0889,-0.3047,0.4307,1,31.47,0.00,1507.04,1538.51,0,2.6738
0.0891,-0.3047,0.4308,1,53.60,0.00,2274.27,2327.87,0,5.4683
0.1032,-0.2474,0.4308,1,23.96,0.00,1245.84,1269.80,0,1.1128
0.2520,-0.1508,0.4308,1,35.02,0.00,1693.73,1728.75,0,4.5496
0.0696,-0.2590,0.4308,1,36.22,0.00,1370.52,1406.73,0,3.0537
0.1028,-0.2479,0.4308,1,27.33,0.00,1070.60,1097.93,0,1.0939
0.2337,-0.2921,0.4308,1,29.37,0.00,1487.75,1517.12,0,2.9319
0.2334,-0.2920,0.4308,1,40.21,0.00,2267.36,2307.57,0,4.2790
0.0361,-0.2772,0.4308,1,33.76,0.00,1934.71,1968.48,0,3.8513
0.1033,-0.2474,0.4308,1,32.23,0.00,1365.57,1397.80,0,2.6728
0.0893,-0.3046,0.4308,1,26.26,0.00,1613.70,1639.96,0,3.2945
0.0885,-0.3051,0.4308,1,34.90,0.00,1531.53,1566.43,0,2.2454
0.0887,-0.3050,0.4308,1,25.42,0.00,1173.98,1199.41,0,1.3695
0.0884,-0.3052,0.4308,1,22.88,0.00,656.67,679.55,0,0.3675
0.1028,-0.2481,0.4308,1,30.76,0.00,1285.81,1316.57,0,2.5361
0.0721,-0.2575,0.4308,1,26.61,0.00,912.11,938.72,0,1.3771
0.1034,-0.2474,0.4309,1,30.95,0.00,567.10,598.05,0,0.4363
0.1028,-0.2482,0.4309,1,32.94,0.00,1735.66,1768.60,0,3.0494
0.2384,-0.2927,0.4309,1,40.02,0.00,1528.24,1568.27,0,3.1498
0.0882,-0.3054,0.4309,1,22.10,0.00,1365.81,1387.91,0,2.8833
0.1036,-0.2474,0.4309,1,31.45,0.00,1527.31,1558.76,0,3.1411
0.0364,-0.2812,0.4309,1,32.74,0.00,1554.84,1587.58,0,2.4356
0.0695,-0.2594,0.4309,1,11.23,0.00,527.27,538.51,0,0.4558
0.0723,-0.2575,0.4309,1,13.84,0.00,474.92,488.76,0,0.2629
0.0391,-0.3457,0.4309,1,30.78,0.00,987.75,1018.52,0,1.8683
0.0993,-0.2984,0.4309,1,23.52,0.00,674.40,697.92,0,1.0141
0.1027,-0.2485,0.4309,1,35.83,0.00,1992.63,2028.46,0,3.9885
0.0659,-0.2071,0.4309,1,40.00,0.00,1927.87,1967.88,0,4.8740
0.0724,-0.2575,0.4309,1,28.59,0.00,1030.26,1058.85,0,0.9431
0.0383,-0.3528,0.4309,1,37.28,0.00,1013.59,1050.87,0,1.3666
0.1027,-0.2485,0.4309,1,34.86,0.00,1467.73,1502.59,0,1.7959
0.0898,-0.3046,0.4310,1,40.38,0.00,2411.01,2451.39,0,5.9414
0.0905,-0.3041,0.4310,1,32.18,0.00,2329.82,2362.01,0,4.7293
0.0392,-0.3453,0.4310,1,45.50,0.00,729.16,774.66,0,0.9761
0.1027,-0.2486,0.4310,1,39.31,0.00,1444.99,1484.30,0,2.1053
0.1038,-0.2474,0.4310,1,22.24,0.00,630.41,652.64,0,0.3129
0.0881,-0.3056,0.4310,1,27.43,0.00,691.03,718.46,0,0.9139
0.0678,-0.2048,0.4310,1,44.66,0.00,1473.97,1518.63,0,1.7560
0.0794,-0.3103,0.4310,1,27.94,0.00,1270.99,1298.92,0,2.4424
0.0659,-0.2073,0.4310,1,26.68,0.00,1531.56,1558.24,0,3.0256
0.2332,-0.2919,0.4310,1,53.93,0.00,2053.81,2107.74,0,5.3906
0.1059,-0.2857,0.4310,1,21.84,0.00,1346.43,1368.27,0,2.7668
0.0363,-0.2771,0.4310,1,38.90,0.00,1570.09,1608.99,0,3.0099
0.0899,-0.3046,0.4310,1,53.64,0.00,2073.33,2126.97,0,5.2174
0.0726,-0.2575,0.4310,1,44.20,0.00,1474.35,1518.55,0,2.9266
0.0901,-0.3044,0.4310,1,34.69,0.00,1333.43,1368.12,0,2.5292
0.0877,-0.3058,0.4310,1,20.08,0.00,468.43,488.50,0,0.1606
0.0652,-0.2083,0.4310,1,36.71,0.00,1255.90,1292.61,0,2.8965
0.0870,-0.3063,0.4310,1,42.13,0.00,1831.95,1874.08,0,4.5814
0.2386,-0.2925,0.4310,1,34.72,0.00,1434.11,1468.83,0,3.5286
0.0654,-0.2080,0.4310,1,41.87,0.00,1695.57,1737.44,0,4.5168
0.0789,-0.3106,0.4310,1,30.63,0.00,1708.14,1738.77,0,4.6500
0.0665,-0.2067,0.4310,1,48.70,0.00,1189.08,1237.78,0,2.4940
0.0658,-0.2076,0.4310,1,34.20,0.00,1595.56,1629.76,0,2.9234
0.0650,-0.2085,0.4310,1,33.73,0.00,2013.94,2047.68,0,4.7707
0.1039,-0.2474,0.4310,1,39.50,0.00,1087.96,1127.47,0,1.3125
0.0695,-0.2597,0.4310,1,18.32,0.00,869.76,888.09,0,1.2335
0.2386,-0.2926,0.4310,1,32.51,0.00,1566.28,1598.79,0,2.5725
0.0677,-0.2053,0.4310,1,28.72,0.00,1669.68,1698.40,0,4.1358
0.0649,-0.2088,0.4310,1,36.06,0.00,911.68,947.74,0,0.8439
0.0681,-0.2048,0.4310,1,38.87,0.00,1749.38,1788.25,0,3.6445
0.0874,-0.3061,0.4310,1,34.85,0.00,1374.09,1408.94,0,3.5148
0.1026,-0.2488,0.4310,1,41.16,0.00,1647.07,1688.23,0,4.1564
0.0821,-0.3090,0.4310,1,48.01,0.00,1611.68,1659.69,0,4.0396
0.0728,-0.2575,0.4310,1,23.35,0.00,793.51,816.86,0,1.2216
0.0393,-0.3445,0.4310,1,19.09,0.00,969.10,988.19,0,1.9275
0.0991,-0.2988,0.4310,1,24.15,0.00,1816.06,1840.21,0,4.7601
0.0692,-0.2600,0.4310,1,41.04,0.00,1135.70,1176.74,0,1.3922
0.0800,-0.3102,0.4311,1,52.75,0.00,836.18,888.92,0,1.1844
0.1362,-0.1321,0.4311,1,19.62,0.00,1769.25,1788.87,0,2.2570
0.2514,-0.1473,0.4311,1,23.25,0.00,1334.90,1358.16,0,1.4183
0.0687,-0.2042,0.4311,1,40.97,0.00,1576.22,1617.19,0,3.2355
0.0908,-0.3041,0.4311,1,44.99,0.00,1313.01,1358.00,0,3.1671
0.0825,-0.3089,0.4311,1,39.28,0.00,1889.52,1928.80,0,4.2735
0.0643,-0.2096,0.4311,1,38.82,0.00,2049.16,2087.99,0,4.4425
0.0639,-0.2101,0.4311,1,36.70,0.00,911.10,947.80,0,0.8762
0.1362,-0.1326,0.4311,1,47.53,0.00,1250.20,1297.74,0,1.7628
0.0927,-0.3030,0.4311,1,30.45,0.00,1889.51,1919.96,0,2.6267
0.0729,-0.2575,0.4311,1,37.39,0.00,1350.18,1387.58,0,1.6900
0.0729,-0.2575,0.4311,1,22.46,0.00,555.59,578.05,0,0.2564
0.0366,-0.2815,0.4311,1,32.77,0.00,1755.44,1788.20,0,3.3974
0.0647,-0.2093,0.4311,1,35.85,0.00,1252.22,1288.06,0,1.2354
0.0670,-0.2065,0.4311,1,32.07,0.00,706.46,738.54,0,0.4991
0.0827,-0.3088,0.4311,1,18.11,0.00,1590.42,1608.53,0,2.3068
0.0921,-0.3034,0.4311,1,19.12,0.00,350.13,369.25,0,0.1367
0.0684,-0.2046,0.4311,1,49.44,0.00,1707.61,1757.04,0,2.7174
0.0685,-0.2045,0.4311,1,24.87,0.00,1093.45,1118.32,0,1.2624
0.0820,-0.3092,0.4311,1,42.60,0.00,2135.57,2178.17,0,4.3498
0.1041,-0.2474,0.4311,1,14.15,0.00,713.75,727.90,0,0.7358
0.0686,-0.2605,0.4311,1,32.32,0.00,1206.37,1238.68,0,2.3086
0.0383,-0.3535,0.4311,1,35.73,0.00,1494.50,1530.23,0,2.1728
0.1362,-0.1323,0.4311,1,34.78,0.00,2131.92,2166.70,0,3.6255
0.0683,-0.2607,0.4311,1,18.60,0.00,1970.19,1988.79,0,3.1971
0.0678,-0.2056,0.4311,1,27.59,0.00,1869.41,1897.01,0,3.5646
0.0690,-0.2040,0.4311,1,19.78,0.00,588.51,608.29,0,0.3649
0.0987,-0.2992,0.4311,1,31.84,0.00,1667.36,1699.20,0,2.6481
0.1363,-0.1317,0.4311,1,37.98,0.00,1069.60,1107.59,0,1.8566
0.0868,-0.3066,0.4311,1,28.96,0.00,1631.19,1660.15,0,1.9093
0.1362,-0.1328,0.4311,1,30.05,0.00,1626.05,1656.10,0,1.8972
0.1026,-0.2492,0.4311,1,47.87,0.00,1410.86,1458.73,0,3.5214
0.0955,-0.1459,0.4311,1,33.54,0.00,855.24,888.78,0,1.3831
0.0639,-0.2103,0.4311,1,24.92,0.00,1832.99,1857.91,0,3.2962
0.0915,-0.3039,0.4311,1,32.77,0.00,975.18,1007.95,0,1.3577
0.0808,-0.3099,0.4311,1,35.59,0.00,1173.13,1208.72,0,1.5029
0.0925,-0.3033,0.4311,1,19.78,0.00,388.48,408.26,0,0.1587
0.0937,-0.3025,0.4311,1,30.19,0.00,1747.20,1777.38,0,3.7869
0.1042,-0.2474,0.4311,1,25.62,0.00,713.15,738.77,0,0.7742
0.0691,-0.2040,0.4311,1,20.90,0.00,1147.19,1168.09,0,2.1833
0.0919,-0.3036,0.4311,1,32.71,0.00,1236.28,1268.99,0,2.6981
0.0691,-0.2040,0.4311,1,21.57,0.00,1086.09,1107.66,0,1.8357
0.0789,-0.3109,0.4311,1,30.66,0.00,1349.49,1380.16,0,3.3235
0.1363,-0.1314,0.4311,1,43.81,0.00,1312.77,1356.59,0,2.9563
0.0638,-0.2106,0.4311,1,41.08,0.00,1246.60,1287.68,0,1.8125
0.0820,-0.3093,0.4312,1,32.99,0.00,1775.64,1808.63,0,2.9055
0.0674,-0.2063,0.4312,1,18.16,0.00,1573.04,1591.20,0,2.0968
0.1362,-0.1331,0.4312,1,36.02,0.00,1170.30,1206.33,0,2.8882
0.0955,-0.1453,0.4312,1,28.36,0.00,1709.06,1737.42,0,3.9056
0.0935,-0.3027,0.4312,1,35.36,0.00,1953.10,1988.46,0,3.0526
0.2330,-0.2919,0.4312,1,29.68,0.00,1328.78,1358.46,0,3.3131
0.1043,-0.2474,0.4312,1,32.92,0.00,1475.18,1508.10,0,3.0914
0.0940,-0.3024,0.4312,1,36.36,0.00,852.42,888.79,0,1.4436
0.0913,-0.3041,0.4312,1,23.50,0.00,1650.50,1674.00,0,3.3546
0.1025,-0.2494,0.4312,1,36.54,0.00,2575.92,2612.46,0,6.4721
0.0816,-0.3095,0.4312,1,25.01,0.00,1434.63,1459.65,0,1.5078
0.0937,-0.3026,0.4312,1,26.98,0.00,1210.16,1237.13,0,1.4566
0.0831,-0.3087,0.4312,1,34.65,0.00,433.84,468.48,0,0.2519
0.0733,-0.2575,0.4312,1,26.30,0.00,1031.74,1058.04,0,0.8294
0.0957,-0.1466,0.4312,1,35.66,0.00,1433.00,1468.67,0,3.7426
0.0678,-0.2060,0.4312,1,33.43,0.00,1075.21,1108.65,0,0.7980
0.0836,-0.3085,0.4312,1,25.76,0.00,1092.46,1118.22,0,1.8866
0.0956,-0.1447,0.4312,1,34.21,0.00,1714.31,1748.52,0,1.9841
0.0695,-0.2038,0.4312,1,29.81,0.00,1467.98,1497.79,0,2.0007
0.0695,-0.2038,0.4312,1,20.37,0.00,367.58,387.95,0,0.1485
0.2538,-0.1595,0.4312,1,27.13,0.00,1491.46,1518.59,0,2.3529
0.2538,-0.1595,0.4312,1,18.41,0.00,1610.18,1628.59,0,2.4282
0.2538,-0.1596,0.4312,1,31.51,0.00,1285.75,1317.26,0,1.5594
0.2538,-0.1596,0.4312,1,33.40,0.00,1255.44,1288.84,0,1.4199
0.1364,-0.1310,0.4312,1,47.14,0.00,1350.98,1398.12,0,1.4244
0.0984,-0.2995,0.4312,1,29.27,0.00,1228.82,1258.09,0,2.2564
0.0695,-0.2038,0.4312,1,21.41,0.00,1306.87,1328.28,0,1.3626
0.0682,-0.2610,0.4312,1,27.31,0.00,1150.31,1177.61,0,1.0071
0.0364,-0.2770,0.4312,1,31.02,0.00,567.31,598.33,0,0.4928
0.2524,-0.1508,0.4312,1,48.88,0.00,1929.19,1978.08,0,3.8819
0.0637,-0.2111,0.4312,1,35.82,0.00,2152.57,2188.40,0,5.0771
0.0959,-0.1479,0.4312,1,20.24,0.00,1708.25,1728.49,0,2.8996
0.0696,-0.2038,0.4312,1,17.55,0.00,1391.06,1408.61,0,1.7476
0.0696,-0.2038,0.4312,1,28.42,0.00,1709.82,1738.24,0,3.4106
0.0696,-0.2038,0.4312,1,24.72,0.00,1652.87,1677.58,0,2.5052
0.0696,-0.2038,0.4312,1,24.28,0.00,1914.20,1938.47,0,3.4992
0.0696,-0.2038,0.4312,1,27.20,0.00,831.92,859.12,0,0.7426
0.0696,-0.2038,0.4312,1,36.03,0.00,752.88,788.92,0,0.6004
0.0930,-0.3031,0.4312,1,34.70,0.00,1952.07,1986.76,0,3.9081
0.0367,-0.2819,0.4312,1,28.90,0.00,809.43,838.33,0,0.7770
0.0956,-0.1441,0.4312,1,30.29,0.00,1708.41,1738.70,0,2.0986
0.0868,-0.3068,0.4312,1,32.66,0.00,1215.59,1248.25,0,2.2270
0.0960,-0.1484,0.4312,1,29.81,0.00,1348.19,1378.00,0,2.1685
0.0396,-0.3441,0.4312,1,35.26,0.00,1933.56,1968.82,0,3.1547
0.1045,-0.2474,0.4312,1,30.82,0.00,883.40,914.22,0,1.5881
0.0697,-0.2038,0.4313,1,28.47,0.00,874.65,903.12,0,0.9413
0.0697,-0.2038,0.4313,1,30.21,0.00,1387.87,1418.08,0,2.3530
0.0697,-0.2038,0.4313,1,12.25,0.00,635.57,647.82,0,0.4401
0.0697,-0.2038,0.4313,1,22.66,0.00,1195.70,1218.36,0,1.5555
0.0697,-0.2038,0.4313,1,29.52,0.00,787.98,817.50,0,0.6204
0.0957,-0.1436,0.4313,1,30.02,0.00,968.21,998.23,0,1.7044
0.1363,-0.1334,0.4313,1,30.16,0.00,1308.40,1338.56,0,1.7675
0.0633,-0.2116,0.4313,1,28.11,0.00,1030.90,1059.00,0,1.9600
0.0697,-0.2038,0.4313,1,43.20,0.00,1734.31,1777.51,0,3.4732
0.0960,-0.1473,0.4313,1,36.59,0.00,1051.61,1088.20,0,1.8810
0.1364,-0.1305,0.4313,1,24.99,0.00,1112.92,1137.91,0,1.4062
0.0932,-0.3030,0.4313,1,51.67,0.00,1146.61,1198.28,0,2.2659
0.0959,-0.1491,0.4313,1,50.81,0.00,1007.54,1058.35,0,1.8982
0.1025,-0.2497,0.4313,1,28.37,0.00,1129.74,1158.11,0,2.1424
0.0850,-0.3079,0.4313,1,34.85,0.00,1413.46,1448.31,0,1.8092
0.0848,-0.3080,0.4313,1,38.20,0.00,1590.16,1628.35,0,2.6689
0.2538,-0.1595,0.4313,1,26.20,0.00,1291.83,1318.04,0,3.1035
0.2389,-0.2926,0.4313,1,32.96,0.00,2415.79,2448.75,0,4.2825
0.0788,-0.3112,0.4313,1,35.12,0.00,1392.76,1427.88,0,1.8369
0.1363,-0.1337,0.4313,1,23.57,0.00,1574.26,1597.84,0,1.9143
0.1024,-0.2498,0.4313,1,28.48,0.00,1310.16,1338.64,0,2.8623
0.1364,-0.1303,0.4313,1,21.24,0.00,1327.69,1348.93,0,2.8806
0.2539,-0.1596,0.4313,1,38.07,0.00,1350.78,1388.85,0,2.3153
0.2539,-0.1596,0.4313,1,21.09,0.00,226.67,247.76,0,0.0323
0.2539,-0.1596,0.4313,1,17.21,0.00,430.09,447.31,0,0.1485
0.0384,-0.3541,0.4313,1,32.89,0.00,1325.85,1358.74,0,3.8065
0.2539,-0.1597,0.4313,1,28.01,0.00,1330.02,1358.02,0,3.7085
0.2539,-0.1597,0.4313,1,17.88,0.00,210.41,228.29,0,0.0192
0.2539,-0.1597,0.4313,1,29.82,0.00,429.20,459.02,0,0.1487
0.2539,-0.1597,0.4313,1,8.90,0.00,729.46,738.35,0,0.4564
0.2539,-0.1597,0.4313,1,29.98,0.00,668.11,698.10,0,0.3618
0.2539,-0.1597,0.4313,1,18.12,0.00,590.30,608.42,0,0.2761
0.2539,-0.1597,0.4313,1,19.91,0.00,488.37,508.27,0,0.1862
0.2539,-0.1597,0.4313,1,37.29,0.00,1231.02,1268.31,0,1.4026
0.2539,-0.1597,0.4313,1,32.79,0.00,795.72,828.51,0,0.5403
0.2539,-0.1597,0.4313,1,20.36,0.00,407.64,428.00,0,0.1234
0.2539,-0.1597,0.4313,1,21.48,0.00,607.41,628.88,0,0.3109
0.2539,-0.1597,0.4313,1,16.66,0.00,391.70,408.36,0,0.1032
0.2539,-0.1597,0.4313,1,18.65,0.00,609.80,628.45,0,0.3132
0.2539,-0.1597,0.4313,1,34.67,0.00,1413.08,1447.76,0,1.8082
0.2539,-0.1597,0.4313,1,10.28,0.00,628.49,638.77,0,0.3339
0.2539,-0.1597,0.4313,1,19.83,0.00,548.49,568.32,0,0.2591
0.2539,-0.1597,0.4313,1,21.08,0.00,547.28,568.36,0,0.2555
0.2539,-0.1597,0.4313,1,29.84,0.00,208.17,238.01,0,0.0181
0.2539,-0.1597,0.4313,1,31.79,0.00,646.87,678.66,0,0.3668
0.2539,-0.1597,0.4313,1,22.54,0.00,635.50,658.04,0,0.3613
0.2539,-0.1597,0.4313,1,29.22,0.00,248.69,277.91,0,0.0270
0.2539,-0.1597,0.4313,1,32.41,0.00,1359.43,1391.84,0,1.6605
0.2539,-0.1597,0.4313,1,18.61,0.00,556.28,574.89,0,0.2368
0.2539,-0.1597,0.4313,1,30.16,0.00,1427.70,1457.86,0,1.9214
0.2539,-0.1596,0.4313,1,31.18,0.00,326.84,358.02,0,0.0801
0.2539,-0.1595,0.4313,1,36.49,0.00,1311.88,1348.37,0,1.5145
0.2539,-0.1595,0.4313,1,32.11,0.00,427.59,459.70,0,0.1369
0.2539,-0.1598,0.4313,1,19.62,0.00,1607.41,1627.03,0,2.3808
0.2539,-0.1598,0.4313,1,35.56,0.00,1272.11,1307.68,0,1.4825
0.2539,-0.1598,0.4313,1,29.75,0.00,548.83,578.57,0,0.2252
0.2539,-0.1598,0.4313,1,25.19,0.00,1133.03,1158.22,0,1.1815
0.2539,-0.1598,0.4313,1,22.67,0.00,556.21,578.88,0,0.2700
0.2539,-0.1598,0.4313,1,18.74,0.00,429.02,447.76,0,0.1334
0.2539,-0.1598,0.4313,1,17.71,0.00,230.29,248.00,0,0.0279
0.2539,-0.1598,0.4313,1,18.95,0.00,649.41,668.36,0,0.3850
0.2539,-0.1598,0.4313,1,19.83,0.00,269.02,288.85,0,0.0328
0.2539,-0.1598,0.4313,1,24.26,0.00,834.12,858.38,0,0.6654
0.2539,-0.1598,0.4313,1,25.05,0.00,1248.70,1273.75,0,1.4084
0.2539,-0.1598,0.4313,1,10.94,0.00,551.80,562.74,0,0.2411
0.2539,-0.1598,0.4313,1,29.03,0.00,409.28,438.31,0,0.1101
0.2539,-0.1598,0.4313,1,20.51,0.00,1249.20,1269.71,0,1.4441
0.2539,-0.1598,0.4313,1,35.73,0.00,1591.84,1627.57,0,2.3428
0.2539,-0.1598,0.4313,1,39.27,0.00,1448.67,1487.94,0,1.9720
0.2539,-0.1598,0.4313,1,34.16,0.00,1774.89,1809.05,0,2.8930
0.2539,-0.1598,0.4313,1,21.15,0.00,426.30,447.45,0,0.1455
0.2539,-0.1598,0.4313,1,18.00,0.00,190.74,208.74,0,0.0232
0.2539,-0.1598,0.4313,1,28.83,0.00,644.56,673.40,0,0.3645
0.2539,-0.1598,0.4313,1,35.46,0.00,1847.47,1882.92,0,3.0720
0.2539,-0.1598,0.4313,1,20.49,0.00,347.87,368.36,0,0.0876
0.2539,-0.1598,0.4313,1,31.24,0.00,477.75,508.99,0,0.1541
0.2539,-0.1598,0.4313,1,32.42,0.00,1515.32,1547.75,0,2.0961
0.2539,-0.1598,0.4313,1,16.83,0.00,631.42,648.26,0,0.3361
0.2539,-0.1598,0.4313,1,20.76,0.00,588.06,608.82,0,0.2793
0.2539,-0.1598,0.4313,1,28.49,0.00,308.99,337.49,0,0.0654
0.2539,-0.1598,0.4313,1,28.14,0.00,509.94,538.08,0,0.2181
0.2539,-0.1598,0.4313,1,28.96,0.00,850.09,879.05,0,0.6680
0.2539,-0.1598,0.4313,1,19.99,0.00,589.06,609.04,0,0.2944
0.2539,-0.1598,0.4313,1,32.33,0.00,1435.20,1467.52,0,1.8800
0.2539,-0.1598,0.4313,1,32.17,0.00,736.07,768.24,0,0.4392
0.2539,-0.1598,0.4313,1,22.95,0.00,1875.07,1898.02,0,3.2922
0.2539,-0.1598,0.4313,1,19.29,0.00,409.42,428.71,0,0.1212
0.2539,-0.1598,0.4313,1,40.60,0.00,1787.32,1827.93,0,2.9990
0.2539,-0.1598,0.4313,1,30.92,0.00,1447.61,1478.53,0,1.9180
0.2539,-0.1598,0.4313,1,31.63,0.00,1586.52,1618.15,0,2.2967
0.2539,-0.1598,0.4313,1,19.91,0.00,568.66,588.57,0,0.2644
0.2539,-0.1598,0.4313,1,30.14,0.00,428.01,458.15,0,0.1314
0.2539,-0.1598,0.4313,1,31.96,0.00,1256.08,1288.04,0,1.4058
0.2539,-0.1598,0.4313,1,38.26,0.00,1289.71,1327.97,0,1.5474
0.2539,-0.1598,0.4313,1,21.45,0.00,547.44,568.89,0,0.2338
0.2539,-0.1598,0.4313,1,31.39,0.00,527.55,558.93,0,0.2206
0.2539,-0.1598,0.4313,1,45.60,0.00,1572.15,1617.75,0,2.2432
0.2539,-0.1598,0.4313,1,28.56,0.00,190.28,218.84,0,0.0221
0.2539,-0.1598,0.4313,1,29.26,0.00,188.19,217.45,0,0.0187
0.2539,-0.1598,0.4313,1,29.14,0.00,205.28,234.43,0,0.0172
0.2539,-0.1598,0.4313,1,19.37,0.00,208.83,228.20,0,0.0222
0.2539,-0.1598,0.4313,1,25.74,0.00,1848.03,1873.78,0,3.1059
0.2539,-0.1598,0.4313,1,36.29,0.00,1112.23,1148.53,0,1.1181
0.2539,-0.1598,0.4313,1,19.65,0.00,488.47,508.12,0,0.1720
0.2539,-0.1598,0.4313,1,41.05,0.00,1147.23,1188.29,0,1.2264
0.2539,-0.1598,0.4313,1,26.88,0.00,1250.71,1277.59,0,1.4178
0.2539,-0.1598,0.4313,1,28.37,0.00,1950.06,1978.43,0,3.5966
0.2539,-0.1598,0.4313,1,28.41,0.00,1050.57,1078.98,0,1.0314
0.2539,-0.1598,0.4313,1,32.18,0.00,1456.12,1488.30,0,1.9104
0.2539,-0.1598,0.4313,1,33.83,0.00,1014.68,1048.51,0,0.9235
0.2539,-0.1598,0.4313,1,34.30,0.00,1533.44,1567.75,0,2.1155
0.2539,-0.1598,0.4313,1,15.46,0.00,1452.74,1468.20,0,1.9276
0.2539,-0.1598,0.4313,1,32.21,0.00,1696.81,1729.02,0,2.5802
0.2539,-0.1598,0.4313,1,16.88,0.00,210.94,227.82,0,0.0227
0.2539,-0.1598,0.4313,1,21.65,0.00,666.70,688.36,0,0.3981
0.2539,-0.1598,0.4313,1,10.90,0.00,647.73,658.63,0,0.3651
0.2539,-0.1598,0.4313,1,29.44,0.00,667.99,697.43,0,0.4184
0.2539,-0.1598,0.4313,1,13.60,0.00,894.95,908.55,0,0.7011
0.2539,-0.1598,0.4313,1,27.32,0.00,1091.44,1118.76,0,1.0407
0.2539,-0.1598,0.4313,1,12.55,0.00,1056.54,1069.09,0,0.9741
0.2539,-0.1598,0.4313,1,21.59,0.00,555.51,577.10,0,0.2317
0.2539,-0.1598,0.4313,1,23.57,0.00,895.29,918.86,0,0.6920
0.2539,-0.1598,0.4313,1,21.54,0.00,726.38,747.93,0,0.4512
0.2539,-0.1598,0.4313,1,34.59,0.00,1172.71,1207.30,0,1.2211
0.2539,-0.1598,0.4313,1,26.21,0.00,1533.76,1559.97,0,2.1583
0.2539,-0.1598,0.4313,1,21.30,0.00,616.59,637.89,0,0.2894
0.2539,-0.1598,0.4313,1,26.95,0.00,1351.27,1378.22,0,1.7034
0.2539,-0.1598,0.4313,1,18.64,0.00,369.74,388.38,0,0.0955
0.2539,-0.1598,0.4313,1,19.50,0.00,328.74,348.24,0,0.0750
0.2539,-0.1598,0.4313,1,17.84,0.00,1150.84,1168.68,0,1.1837
0.2539,-0.1598,0.4313,1,31.44,0.00,487.67,519.11,0,0.2047
0.2539,-0.1598,0.4313,1,28.82,0.00,1207.83,1236.65,0,1.3029
0.2539,-0.1598,0.4313,1,22.18,0.00,1888.25,1910.43,0,3.3145
0.2539,-0.1598,0.4313,1,19.46,0.00,666.51,685.97,0,0.3440
0.2539,-0.1598,0.4313,1,30.63,0.00,748.38,779.01,0,0.4614
0.2539,-0.1598,0.4313,1,22.07,0.00,1375.05,1397.13,0,1.7021
0.2539,-0.1598,0.4313,1,33.06,0.00,1255.63,1288.69,0,1.3874
0.2539,-0.1598,0.4313,1,36.53,0.00,771.96,808.49,0,0.5143
0.2539,-0.1598,0.4313,1,19.88,0.00,568.19,588.07,0,0.2655
0.2539,-0.1598,0.4313,1,29.31,0.00,708.70,738.01,0,0.4331
0.2539,-0.1598,0.4313,1,39.70,0.00,909.65,949.35,0,0.7244
0.2539,-0.1598,0.4313,1,18.55,0.00,568.63,587.18,0,0.2463
0.2539,-0.1598,0.4313,1,26.39,0.00,1333.32,1359.72,0,1.6673
0.2539,-0.1594,0.4313,1,33.61,0.00,1473.22,1506.83,0,2.0396
0.2539,-0.1593,0.4313,1,25.24,0.00,1653.23,1678.47,0,2.5434
0.2539,-0.1591,0.4313,1,34.12,0.00,1613.59,1647.71,0,2.2482
0.2539,-0.1585,0.4313,1,31.51,0.00,147.04,178.55,0,0.0101
0.2539,-0.1589,0.4313,1,29.16,0.00,129.33,158.49,0,0.0039
0.2539,-0.1588,0.4313,1,17.65,0.00,210.63,228.28,0,0.0124
0.0842,-0.3084,0.4313,1,41.12,0.00,1926.73,1967.85,0,3.6173
0.2539,-0.1584,0.4313,1,14.03,0.00,1254.42,1268.44,0,3.1381
0.2539,-0.1584,0.4313,1,24.88,0.00,1573.71,1598.59,0,2.3109
0.2539,-0.1584,0.4313,1,22.35,0.00,1376.03,1398.39,0,1.7230
0.2539,-0.1584,0.4313,1,30.50,0.00,108.27,138.77,0,0.0039
0.2539,-0.1584,0.4313,1,20.41,0.00,407.46,427.87,0,0.1389
0.2539,-0.1584,0.4313,1,21.51,0.00,1466.98,1488.49,0,1.9817
0.2539,-0.1584,0.4313,1,29.29,0.00,1268.07,1297.37,0,1.4667
0.2539,-0.1584,0.4313,1,27.28,0.00,1631.56,1658.84,0,2.4568
0.2539,-0.1584,0.4313,1,40.12,0.00,1367.38,1407.50,0,1.7139
0.2539,-0.1584,0.4313,1,25.82,0.00,1092.24,1118.07,0,1.0791
0.2539,-0.1584,0.4313,1,32.40,0.00,1341.93,1374.32,0,1.7128
0.2539,-0.1587,0.4313,1,18.30,0.00,335.01,353.31,0,0.0762
0.2539,-0.1586,0.4313,1,20.22,0.00,287.59,307.81,0,0.0686
0.2539,-0.1586,0.4313,1,30.32,0.00,1768.50,1798.83,0,2.8269
0.0958,-0.1433,0.4313,1,33.72,0.00,1474.35,1508.07,0,2.8902
0.0783,-0.3114,0.4313,1,35.78,0.00,1132.23,1168.00,0,2.4372
0.0738,-0.2575,0.4313,1,28.02,0.00,1207.05,1235.07,0,1.1367
0.1047,-0.2474,0.4313,1,41.32,0.00,1250.29,1291.61,0,1.6211
0.1047,-0.2474,0.4313,1,29.19,0.00,749.97,779.16,0,0.5592
0.0631,-0.2122,0.4313,1,46.22,0.00,1351.70,1397.92,0,2.6739
0.1364,-0.1301,0.4313,1,26.47,0.00,1272.39,1298.86,0,1.5041
0.0866,-0.3071,0.4313,1,21.96,0.00,1738.09,1760.05,0,1.9716
0.1024,-0.2499,0.4313,1,30.76,0.00,1794.80,1825.56,0,3.3057
0.0958,-0.1429,0.4313,1,31.79,0.00,1526.93,1558.72,0,1.7794
0.0766,-0.3123,0.4313,1,46.59,0.00,1632.24,1678.83,0,2.4836
0.0864,-0.3072,0.4313,1,16.70,0.00,1391.55,1408.25,0,2.3150
0.0700,-0.2038,0.4313,1,28.63,0.00,2049.24,2077.87,0,3.9461
0.0681,-0.2614,0.4313,1,31.76,0.00,1887.40,1919.16,0,3.5715
0.0948,-0.3022,0.4314,1,29.00,0.00,1328.71,1357.71,0,2.5485
0.0982,-0.3000,0.4314,1,42.53,0.00,736.14,778.67,0,0.5330
0.2538,-0.1595,0.4314,1,36.25,0.00,1191.66,1227.91,0,2.9448
0.2391,-0.2924,0.4314,1,29.55,0.00,868.90,898.44,0,1.1281
0.2391,-0.2924,0.4314,1,29.24,0.00,1528.96,1558.20,0,1.9234
0.0628,-0.2127,0.4314,1,36.58,0.00,1851.13,1887.70,0,4.2619
0.0958,-0.1425,0.4314,1,34.80,0.00,1133.70,1168.49,0,2.2535
0.0762,-0.3126,0.4314,1,26.98,0.00,1391.48,1418.45,0,3.3764
0.1048,-0.2474,0.4314,1,44.55,0.00,1313.49,1358.04,0,3.0636
0.0862,-0.3074,0.4314,1,24.07,0.00,1293.62,1317.69,0,1.4178
0.0775,-0.3119,0.4314,1,39.17,0.00,2030.77,2069.94,0,4.9097
0.2390,-0.2926,0.4314,1,35.85,0.00,1370.98,1406.83,0,3.9596
0.0740,-0.2575,0.4314,1,35.07,0.00,1553.21,1588.27,0,3.2100
0.1365,-0.1297,0.4314,1,43.96,0.00,1855.36,1899.32,0,2.5323
0.0676,-0.2618,0.4314,1,43.67,0.00,1393.74,1437.41,0,1.8671
0.2540,-0.1584,0.4314,1,26.06,0.00,1392.77,1418.82,0,2.4703
0.0621,-0.2135,0.4314,1,44.18,0.00,1515.25,1559.43,0,3.1658
0.1025,-0.2500,0.4314,1,25.06,0.00,1090.78,1115.83,0,1.3184
0.2540,-0.1597,0.4314,1,23.32,0.00,2315.02,2338.34,0,4.6679
0.2540,-0.1597,0.4314,1,34.07,0.00,2073.95,2108.02,0,4.0086
0.2540,-0.1597,0.4314,1,29.68,0.00,608.98,638.66,0,0.3115
0.2540,-0.1597,0.4314,1,20.51,0.00,627.17,647.68,0,0.3107
0.2540,-0.1597,0.4314,1,34.88,0.00,1954.33,1989.21,0,3.4648
0.2540,-0.1597,0.4314,1,32.75,0.00,1675.11,1707.86,0,2.4936
0.2540,-0.1597,0.4314,1,30.67,0.00,1722.92,1753.58,0,2.6406
0.2540,-0.1597,0.4314,1,19.05,0.00,1233.59,1252.63,0,1.3340
0.0366,-0.2769,0.4314,1,36.34,0.00,1911.95,1948.29,0,3.7281
0.2540,-0.1598,0.4314,1,16.45,0.00,1871.62,1888.07,0,3.6003
0.2540,-0.1598,0.4314,1,21.39,0.00,507.13,528.52,0,0.2047
0.2540,-0.1598,0.4314,1,19.08,0.00,670.36,689.44,0,0.3664
0.2540,-0.1598,0.4314,1,20.03,0.00,567.56,587.59,0,0.2572
0.2540,-0.1598,0.4314,1,29.46,0.00,929.41,958.87,0,0.7726
0.2540,-0.1598,0.4314,1,23.95,0.00,1014.06,1038.01,0,0.9337
0.2540,-0.1598,0.4314,1,37.33,0.00,1070.81,1108.14,0,1.0544
0.2540,-0.1598,0.4314,1,32.73,0.00,1555.89,1588.62,0,2.1961
0.2540,-0.1598,0.4314,1,19.17,0.00,549.57,568.73,0,0.2695
0.2540,-0.1598,0.4314,1,21.82,0.00,215.19,237.01,0,0.0172
0.2540,-0.1598,0.4314,1,29.34,0.00,169.30,198.64,0,0.0187
0.2540,-0.1598,0.4314,1,35.15,0.00,1433.78,1468.93,0,1.9072
0.2540,-0.1598,0.4314,1,13.14,0.00,1432.41,1445.55,0,1.8815
0.2540,-0.1598,0.4314,1,19.91,0.00,250.50,270.41,0,0.0339
0.2540,-0.1598,0.4314,1,26.95,0.00,1731.39,1758.34,0,2.6966
0.2540,-0.1598,0.4314,1,40.91,0.00,806.96,847.88,0,0.5732
0.2540,-0.1598,0.4314,1,19.93,0.00,309.12,329.05,0,0.0656
0.2540,-0.1598,0.4314,1,44.34,0.00,473.67,518.01,0,0.1609
0.2540,-0.1598,0.4314,1,22.83,0.00,1255.19,1278.02,0,1.4497
0.2540,-0.1598,0.4314,1,27.39,0.00,712.57,739.96,0,0.4195
0.2540,-0.1598,0.4314,1,26.85,0.00,1070.61,1097.47,0,1.0056
0.2540,-0.1598,0.4314,1,31.26,0.00,226.75,258.01,0,0.0330
0.2540,-0.1598,0.4314,1,33.79,0.00,1794.82,1828.61,0,2.9978
0.2540,-0.1598,0.4314,1,26.50,0.00,1252.42,1278.91,0,1.4730
0.2540,-0.1598,0.4314,1,22.00,0.00,235.06,257.06,0,0.0270
0.2540,-0.1598,0.4314,1,9.97,0.00,208.53,218.50,0,0.0252
0.2540,-0.1598,0.4314,1,19.74,0.00,248.30,268.04,0,0.0365
0.2540,-0.1598,0.4314,1,19.68,0.00,288.72,308.40,0,0.0412
0.2540,-0.1598,0.4314,1,24.26,0.00,774.41,798.67,0,0.5293
0.2540,-0.1598,0.4314,1,24.15,0.00,1934.20,1958.35,0,3.4726
0.2540,-0.1598,0.4314,1,30.35,0.00,968.17,998.52,0,0.8061
0.2540,-0.1598,0.4314,1,30.84,0.00,1768.02,1798.85,0,2.8712
0.2540,-0.1598,0.4314,1,18.44,0.00,568.80,587.24,0,0.2905
0.2540,-0.1598,0.4314,1,24.47,0.00,1393.72,1418.19,0,1.7767
0.2540,-0.1598,0.4314,1,28.03,0.00,190.39,218.42,0,0.0121
0.2540,-0.1598,0.4314,1,29.40,0.00,1229.15,1258.55,0,1.3568
0.2540,-0.1598,0.4314,1,28.13,0.00,1010.79,1038.93,0,0.9251
0.0959,-0.1496,0.4314,1,42.88,0.00,1494.98,1537.87,0,3.0967
0.0624,-0.2132,0.4314,1,32.62,0.00,1455.89,1488.51,0,1.9306
0.0854,-0.3079,0.4314,1,25.70,0.00,973.34,999.03,0,1.2438
0.0959,-0.1420,0.4314,1,32.09,0.00,1995.67,2027.76,0,3.1207
0.1024,-0.2501,0.4314,1,50.34,0.00,1727.98,1778.32,0,2.4536
0.2540,-0.1585,0.4314,1,31.04,0.00,1346.55,1377.59,0,3.0711
0.0845,-0.3084,0.4314,1,47.73,0.00,1211.99,1259.73,0,2.2517
0.2540,-0.1584,0.4314,1,26.70,0.00,1308.92,1335.62,0,2.2585
0.0741,-0.2575,0.4314,1,38.03,0.00,2223.63,2261.67,0,6.7252
0.0619,-0.2139,0.4314,1,24.01,0.00,2224.86,2248.87,0,5.9261
0.2391,-0.2925,0.4314,1,46.24,0.00,1669.18,1715.42,0,2.6770
0.2391,-0.2925,0.4314,1,30.97,0.00,767.17,798.14,0,0.5205
0.2391,-0.2925,0.4314,1,20.12,0.00,1588.83,1608.94,0,2.2667
0.2391,-0.2925,0.4314,1,34.38,0.00,892.72,927.10,0,0.6456
0.2391,-0.2925,0.4314,1,31.77,0.00,1686.85,1718.61,0,2.6876
0.2391,-0.2925,0.4314,1,41.36,0.00,2407.17,2448.53,0,4.8811
0.2391,-0.2925,0.4314,1,39.34,0.00,1728.33,1767.67,0,2.5907
0.2391,-0.2925,0.4314,1,20.21,0.00,708.88,729.08,0,0.4351
0.2391,-0.2925,0.4314,1,39.64,0.00,1347.67,1387.31,0,1.5456
0.2391,-0.2925,0.4314,1,29.90,0.00,1049.14,1079.04,0,0.9308
0.2391,-0.2925,0.4314,1,19.71,0.00,348.53,368.24,0,0.0791
0.2391,-0.2925,0.4314,1,36.73,0.00,830.26,866.99,0,0.5661
0.2391,-0.2925,0.4314,1,35.38,0.00,713.80,749.18,0,0.4025
0.2391,-0.2925,0.4314,1,30.92,0.00,406.83,437.75,0,0.1202
0.2391,-0.2925,0.4314,1,26.77,0.00,1491.14,1517.90,0,1.9222
0.2391,-0.2925,0.4314,1,24.37,0.00,953.93,978.31,0,0.7104
0.2391,-0.2925,0.4314,1,28.45,0.00,1810.08,1838.53,0,2.8087
0.2391,-0.2925,0.4314,1,21.52,0.00,767.48,789.00,0,0.4845
0.2391,-0.2925,0.4314,1,16.33,0.00,831.53,847.86,0,0.5936
0.2391,-0.2925,0.4314,1,29.91,0.00,1488.85,1518.76,0,1.9204
0.2391,-0.2925,0.4314,1,36.53,0.00,1350.78,1387.31,0,1.5653
0.2391,-0.2925,0.4314,1,44.89,0.00,1693.14,1738.03,0,2.4707
0.2391,-0.2925,0.4314,1,21.88,0.00,566.21,588.09,0,0.2589
0.2391,-0.2925,0.4314,1,31.21,0.00,401.34,432.55,0,0.1162
0.2391,-0.2925,0.4314,1,44.13,0.00,1610.42,1654.54,0,2.2590
0.2391,-0.2925,0.4314,1,32.75,0.00,1435.26,1468.01,0,1.7646
0.2391,-0.2925,0.4314,1,44.16,0.00,1344.72,1388.89,0,1.4990
0.2391,-0.2925,0.4314,1,31.68,0.00,597.02,628.70,0,0.2679
0.2391,-0.2925,0.4314,1,28.20,0.00,1489.74,1517.94,0,1.8315
0.2391,-0.2925,0.4314,1,49.73,0.00,868.68,918.42,0,0.5365
0.2391,-0.2925,0.4314,1,30.15,0.00,467.52,497.67,0,0.1383
0.2391,-0.2925,0.4314,1,42.70,0.00,1895.42,1938.11,0,3.1116
0.2391,-0.2925,0.4314,1,35.04,0.00,2433.73,2468.76,0,5.0040
0.2391,-0.2925,0.4314,1,23.07,0.00,735.24,758.31,0,0.3403
0.2391,-0.2925,0.4314,1,45.60,0.00,2352.80,2398.40,0,4.6412
0.2391,-0.2925,0.4314,1,30.32,0.00,1627.78,1658.10,0,2.3254
0.2391,-0.2925,0.4314,1,31.31,0.00,1627.45,1658.77,0,2.3117
0.2391,-0.2925,0.4314,1,21.97,0.00,576.00,597.96,0,0.2623
0.2391,-0.2925,0.4314,1,20.39,0.00,347.80,368.19,0,0.0891
0.2391,-0.2925,0.4314,1,35.74,0.00,1512.67,1548.41,0,1.9785
0.2391,-0.2925,0.4314,1,24.24,0.00,1513.99,1538.22,0,1.9686
0.2391,-0.2925,0.4314,1,33.77,0.00,1794.16,1827.92,0,3.1489
0.2391,-0.2925,0.4314,1,41.46,0.00,1306.83,1348.29,0,1.7161
0.2391,-0.2925,0.4314,1,32.90,0.00,1495.45,1528.35,0,1.9796
0.2391,-0.2925,0.4314,1,19.35,0.00,549.33,568.68,0,0.2376
0.2391,-0.2925,0.4314,1,31.66,0.00,1315.65,1347.31,0,1.4734
0.2391,-0.2925,0.4314,1,31.97,0.00,1606.92,1638.88,0,2.2412
0.2391,-0.2925,0.4314,1,20.32,0.00,267.99,288.31,0,0.0527
0.2391,-0.2925,0.4314,1,27.70,0.00,1671.33,1699.03,0,2.4458
0.2391,-0.2925,0.4314,1,31.37,0.00,506.07,537.43,0,0.1817
0.2391,-0.2925,0.4314,1,30.09,0.00,1328.18,1358.27,0,1.4428
0.2391,-0.2925,0.4314,1,35.71,0.00,1452.19,1487.90,0,1.5495
0.2391,-0.2925,0.4314,1,29.50,0.00,68.59,98.08,0,0.0000
0.2391,-0.2925,0.4314,1,32.53,0.00,175.98,208.51,0,0.0103
0.2391,-0.2925,0.4314,1,30.68,0.00,2127.98,2158.66,0,3.7123
0.2391,-0.2925,0.4314,1,24.07,0.00,1233.26,1257.33,0,1.2736
0.2391,-0.2925,0.4314,1,28.01,0.00,2070.18,2098.19,0,3.7221
0.2391,-0.2925,0.4314,1,48.13,0.00,2290.15,2338.28,0,4.5768
0.2391,-0.2925,0.4314,1,28.91,0.00,189.71,218.62,0,0.0190
0.2391,-0.2925,0.4314,1,44.29,0.00,1654.50,1698.78,0,2.3422
0.2391,-0.2925,0.4314,1,13.16,0.00,594.31,607.46,0,0.2614
0.2391,-0.2925,0.4314,1,30.77,0.00,1067.75,1098.52,0,0.9816
0.2391,-0.2925,0.4314,1,43.68,0.00,1294.26,1337.94,0,1.4662
0.2391,-0.2925,0.4314,1,28.75,0.00,1669.93,1698.68,0,2.4342
0.2391,-0.2925,0.4314,1,27.31,0.00,1530.46,1557.77,0,1.8986
0.2391,-0.2925,0.4314,1,34.65,0.00,2013.90,2048.55,0,3.4789
0.2391,-0.2925,0.4314,1,14.75,0.00,493.69,508.44,0,0.1834
0.2391,-0.2925,0.4314,1,33.80,0.00,1694.87,1728.67,0,2.4769
0.2391,-0.2925,0.4314,1,14.12,0.00,1713.94,1728.06,0,2.2454
0.2391,-0.2925,0.4314,1,30.28,0.00,267.99,298.27,0,0.0295
0.2391,-0.2925,0.4314,1,12.10,0.00,446.55,458.65,0,0.1117
0.2391,-0.2925,0.4314,1,23.39,0.00,775.24,798.64,0,0.3713
0.2391,-0.2925,0.4314,1,23.19,0.00,1874.55,1897.73,0,2.7599
0.2391,-0.2925,0.4314,1,31.95,0.00,826.61,858.56,0,0.5425
0.2391,-0.2925,0.4314,1,31.58,0.00,1862.42,1894.00,0,3.0546
0.2391,-0.2925,0.4314,1,20.69,0.00,672.14,692.84,0,0.4068
0.2391,-0.2925,0.4314,1,25.09,0.00,1413.63,1438.72,0,1.8399
0.2391,-0.2925,0.4314,1,24.37,0.00,874.22,898.58,0,0.6477
0.2391,-0.2925,0.4314,1,20.46,0.00,1047.34,1067.79,0,0.9928
0.2391,-0.2925,0.4314,1,38.01,0.00,1450.50,1488.51,0,1.8736
0.2391,-0.2925,0.4314,1,30.76,0.00,1607.59,1638.35,0,2.2567
0.2391,-0.2925,0.4314,1,19.39,0.00,649.27,668.66,0,0.3164
0.2391,-0.2925,0.4314,1,21.02,0.00,626.32,647.34,0,0.2918
0.2391,-0.2925,0.4314,1,21.99,0.00,746.57,768.56,0,0.4015
0.2391,-0.2925,0.4314,1,33.03,0.00,2435.41,2468.44,0,5.0704
0.2391,-0.2925,0.4314,1,36.73,0.00,1691.65,1728.39,0,2.5340
0.2391,-0.2925,0.4314,1,33.81,0.00,1194.66,1228.47,0,1.1835
0.2391,-0.2925,0.4314,1,26.23,0.00,511.87,538.10,0,0.2116
0.2391,-0.2925,0.4314,1,20.99,0.00,567.75,588.74,0,0.2516
0.2391,-0.2925,0.4314,1,30.64,0.00,187.39,218.03,0,0.0218
0.2391,-0.2925,0.4314,1,31.48,0.00,1346.84,1378.32,0,1.5435
0.2391,-0.2925,0.4314,1,21.67,0.00,608.21,629.88,0,0.2973
0.2391,-0.2925,0.4314,1,18.98,0.00,608.60,627.58,0,0.2757
0.2391,-0.2925,0.4314,1,42.83,0.00,1515.51,1558.34,0,1.9742
0.2391,-0.2925,0.4314,1,25.91,0.00,1671.82,1697.73,0,2.4629
0.2391,-0.2925,0.4314,1,29.83,0.00,1328.79,1358.62,0,1.6039
0.2391,-0.2925,0.4314,1,31.30,0.00,1646.89,1678.19,0,2.4264
0.2391,-0.2925,0.4314,1,22.76,0.00,874.60,897.35,0,0.6021
0.2391,-0.2925,0.4314,1,29.45,0.00,1529.71,1559.16,0,2.0662
0.2391,-0.2925,0.4314,1,35.13,0.00,1532.76,1567.89,0,2.0293
0.2391,-0.2925,0.4314,1,34.53,0.00,1233.94,1268.46,0,1.2752
0.2391,-0.2925,0.4314,1,34.97,0.00,1833.63,1868.60,0,2.9483
0.2391,-0.2925,0.4314,1,48.72,0.00,928.92,977.64,0,0.7186
0.2391,-0.2925,0.4314,1,30.76,0.00,1207.52,1238.28,0,1.2800
0.2391,-0.2925,0.4314,1,21.19,0.00,326.98,348.17,0,0.0754
0.2391,-0.2925,0.4314,1,31.63,0.00,1487.38,1519.01,0,1.9352
0.2391,-0.2925,0.4314,1,44.77,0.00,2613.15,2657.92,0,6.2154
0.2391,-0.2925,0.4314,1,32.40,0.00,2396.12,2428.53,0,5.5181
0.2391,-0.2925,0.4314,1,29.11,0.00,708.73,737.84,0,0.3930
0.2391,-0.2925,0.4314,1,36.16,0.00,1612.23,1648.39,0,2.2885
0.2391,-0.2925,0.4314,1,21.29,0.00,546.69,567.99,0,0.2497
0.2391,-0.2925,0.4314,1,22.36,0.00,1525.96,1548.32,0,2.1152
0.2391,-0.2925,0.4314,1,40.51,0.00,1587.19,1627.70,0,2.2016
0.2391,-0.2925,0.4314,1,36.51,0.00,1573.41,1609.92,0,2.1522
0.2391,-0.2925,0.4314,1,43.90,0.00,1772.13,1816.03,0,2.7192
0.2391,-0.2925,0.4314,1,29.60,0.00,1709.13,1738.74,0,2.5224
0.2391,-0.2925,0.4314,1,21.00,0.00,508.92,529.91,0,0.1983
0.2391,-0.2925,0.4314,1,21.46,0.00,375.05,396.51,0,0.0879
0.2391,-0.2925,0.4314,1,19.07,0.00,789.64,808.70,0,0.4933
0.2391,-0.2925,0.4314,1,18.56,0.00,269.61,288.18,0,0.0308
0.2391,-0.2925,0.4314,1,21.01,0.00,606.95,627.96,0,0.2832
0.2391,-0.2925,0.4314,1,29.92,0.00,268.65,298.57,0,0.0494
0.2391,-0.2925,0.4314,1,41.11,0.00,1627.31,1668.42,0,2.3276
0.2391,-0.2925,0.4314,1,31.01,0.00,1346.66,1377.66,0,1.5474
0.2391,-0.2925,0.4314,1,29.89,0.00,567.99,597.88,0,0.2336
0.2391,-0.2925,0.4314,1,40.08,0.00,1408.33,1448.41,0,1.6988
0.2391,-0.2925,0.4314,1,33.19,0.00,977.12,1010.31,0,0.7503
0.2391,-0.2925,0.4314,1,29.70,0.00,787.32,817.02,0,0.5050
0.2391,-0.2925,0.4314,1,20.79,0.00,343.18,363.97,0,0.0822
0.2391,-0.2925,0.4314,1,15.31,0.00,987.01,1002.32,0,0.7887
0.2391,-0.2925,0.4314,1,45.42,0.00,1273.08,1318.50,0,1.3184
0.2391,-0.2925,0.4314,1,25.78,0.00,1194.34,1220.12,0,1.1607
0.2391,-0.2925,0.4314,1,19.16,0.00,206.90,226.05,0,0.0188
0.2391,-0.2925,0.4314,1,28.95,0.00,2069.06,2098.00,0,3.7066
0.2391,-0.2925,0.4314,1,20.14,0.00,688.24,708.38,0,0.3993
0.2391,-0.2925,0.4314,1,24.13,0.00,994.29,1018.41,0,0.8737
0.2391,-0.2925,0.4314,1,39.43,0.00,1468.93,1508.37,0,1.9038
0.2391,-0.2925,0.4314,1,31.16,0.00,826.84,858.00,0,0.5678
0.2391,-0.2925,0.4314,1,36.56,0.00,1792.66,1829.22,0,2.9047
0.2391,-0.2925,0.4314,1,30.03,0.00,507.47,537.50,0,0.2147
0.2391,-0.2925,0.4314,1,31.72,0.00,1426.66,1458.37,0,1.9555
0.2391,-0.2925,0.4314,1,28.58,0.00,649.56,678.14,0,0.3368
0.2391,-0.2925,0.4314,1,30.81,0.00,707.26,738.07,0,0.4204
0.2391,-0.2925,0.4314,1,47.35,0.00,1991.47,2038.82,0,3.4410
0.2391,-0.2925,0.4314,1,23.16,0.00,1854.58,1877.73,0,3.0049
0.2391,-0.2925,0.4314,1,36.36,0.00,1632.00,1668.35,0,2.3540
0.2391,-0.2925,0.4314,1,10.85,0.00,387.85,398.71,0,0.0967
0.2391,-0.2925,0.4314,1,11.39,0.00,607.23,618.62,0,0.2790
0.2391,-0.2925,0.4314,1,31.00,0.00,1787.45,1818.44,0,2.4623
0.2391,-0.2925,0.4314,1,30.50,0.00,1907.85,1938.34,0,2.8997
0.2391,-0.2925,0.4314,1,37.15,0.00,1410.69,1447.84,0,1.5962
0.2391,-0.2925,0.4314,1,38.86,0.00,1049.61,1088.47,0,0.8474
0.2391,-0.2925,0.4314,1,32.17,0.00,2006.09,2038.26,0,3.5110
0.2391,-0.2925,0.4314,1,31.22,0.00,668.41,699.62,0,0.3076
0.2391,-0.2925,0.4314,1,35.34,0.00,931.98,967.31,0,0.7238
0.2391,-0.2925,0.4314,1,33.48,0.00,1674.80,1708.28,0,2.4140
0.2391,-0.2925,0.4314,1,38.83,0.00,949.99,988.82,0,0.7303
0.2391,-0.2925,0.4314,1,25.21,0.00,1493.62,1518.84,0,1.9221
0.2391,-0.2925,0.4314,1,37.58,0.00,1310.82,1348.40,0,1.4786
0.2391,-0.2925,0.4314,1,18.16,0.00,249.14,267.29,0,0.0448
0.2391,-0.2925,0.4314,1,35.80,0.00,1892.34,1928.13,0,3.1269
0.2391,-0.2925,0.4314,1,31.94,0.00,467.17,499.12,0,0.1831
0.2391,-0.2925,0.4314,1,31.84,0.00,1336.95,1368.80,0,1.8140
0.2391,-0.2925,0.4314,1,47.48,0.00,1589.68,1637.17,0,2.5943
0.2391,-0.2925,0.4314,1,28.83,0.00,1249.74,1278.57,0,1.3727
0.2391,-0.2925,0.4314,1,30.56,0.00,1307.22,1337.78,0,1.4696
0.2391,-0.2925,0.4314,1,30.33,0.00,1448.82,1479.14,0,1.7250
0.2391,-0.2925,0.4314,1,35.10,0.00,1533.40,1568.50,0,1.9440
0.2391,-0.2925,0.4314,1,20.14,0.00,527.87,548.01,0,0.2115
0.2391,-0.2925,0.4314,1,16.86,0.00,1190.96,1207.82,0,1.2378
0.2391,-0.2925,0.4314,1,25.57,0.00,1532.62,1558.19,0,2.0186
0.2391,-0.2925,0.4314,1,20.19,0.00,568.53,588.73,0,0.2418
0.2391,-0.2925,0.4314,1,36.93,0.00,851.40,888.32,0,0.5909
0.2391,-0.2925,0.4314,1,19.04,0.00,368.93,387.97,0,0.0848
0.2391,-0.2925,0.4314,1,18.71,0.00,490.51,509.22,0,0.1782
0.2391,-0.2925,0.4314,1,32.09,0.00,2136.08,2168.17,0,3.7058
0.2391,-0.2925,0.4314,1,28.55,0.00,1825.23,1853.78,0,2.5841
0.2391,-0.2925,0.4314,1,31.50,0.00,1031.09,1062.58,0,0.8284
0.2391,-0.2925,0.4314,1,35.13,0.00,1533.51,1568.63,0,1.7610
0.2391,-0.2925,0.4314,1,33.08,0.00,1955.14,1988.22,0,3.0322
0.2391,-0.2925,0.4314,1,19.48,0.00,528.42,547.90,0,0.1977
0.2391,-0.2925,0.4314,1,26.79,0.00,1572.03,1598.82,0,2.1601
0.2391,-0.2925,0.4314,1,24.54,0.00,1533.67,1558.21,0,2.0333
0.2391,-0.2925,0.4314,1,34.93,0.00,451.20,486.13,0,0.1544
0.2391,-0.2925,0.4314,1,23.05,0.00,567.29,590.33,0,0.2288
0.2391,-0.2925,0.4314,1,49.24,0.00,2168.48,2217.73,0,4.0060
0.2391,-0.2925,0.4314,1,36.23,0.00,1392.33,1428.56,0,1.8018
0.2391,-0.2925,0.4314,1,27.23,0.00,1691.16,1718.39,0,2.4918
0.2391,-0.2925,0.4314,1,19.61,0.00,488.96,508.56,0,0.1663
0.2391,-0.2925,0.4314,1,20.41,0.00,487.33,507.74,0,0.1632
0.2391,-0.2925,0.4314,1,31.70,0.00,1807.03,1838.73,0,2.8510
0.2391,-0.2925,0.4314,1,24.28,0.00,774.04,798.32,0,0.5220
0.2391,-0.2925,0.4314,1,24.18,0.00,253.32,277.50,0,0.0478
0.2391,-0.2925,0.4314,1,32.11,0.00,1706.98,1739.10,0,2.5225
0.2391,-0.2925,0.4314,1,24.84,0.00,1313.64,1338.48,0,1.4719
0.2391,-0.2925,0.4314,1,25.17,0.00,1532.95,1558.12,0,2.0636
0.2391,-0.2925,0.4314,1,31.78,0.00,1116.02,1147.80,0,1.0001
0.2391,-0.2925,0.4314,1,35.25,0.00,1193.87,1229.13,0,1.1509
0.2391,-0.2925,0.4314,1,26.11,0.00,351.63,377.74,0,0.0774
0.2391,-0.2925,0.4314,1,22.14,0.00,1456.52,1478.66,0,1.8388
0.2391,-0.2925,0.4314,1,21.46,0.00,1046.87,1068.33,0,0.9386
0.2391,-0.2925,0.4314,1,32.65,0.00,2101.93,2134.58,0,3.8613
0.2391,-0.2925,0.4314,1,47.54,0.00,1834.15,1881.69,0,3.1857
0.2391,-0.2925,0.4314,1,23.23,0.00,915.06,938.28,0,0.6889
0.2391,-0.2925,0.4314,1,30.65,0.00,1368.34,1398.99,0,1.5948
0.2391,-0.2925,0.4314,1,36.33,0.00,653.11,689.44,0,0.3284
0.2391,-0.2925,0.4314,1,27.51,0.00,988.53,1016.04,0,0.8192
0.2391,-0.2925,0.4314,1,29.25,0.00,851.70,880.95,0,0.5859
0.2391,-0.2925,0.4314,1,37.06,0.00,868.87,905.93,0,0.6290
0.2391,-0.2925,0.4314,1,30.76,0.00,1087.62,1118.38,0,0.9957
0.2391,-0.2925,0.4314,1,44.33,0.00,1914.36,1958.69,0,3.4471
0.2391,-0.2925,0.4314,1,30.82,0.00,1127.36,1158.18,0,1.3256
0.2391,-0.2925,0.4314,1,20.94,0.00,507.45,528.38,0,0.2336
0.2391,-0.2925,0.4314,1,30.75,0.00,387.29,418.05,0,0.1270
0.2391,-0.2925,0.4314,1,44.03,0.00,1554.14,1598.17,0,2.4603
0.2391,-0.2925,0.4314,1,34.79,0.00,1273.76,1308.55,0,1.4498
0.2391,-0.2925,0.4314,1,20.24,0.00,828.21,848.45,0,0.5800
0.2391,-0.2925,0.4314,1,47.17,0.00,770.82,817.99,0,0.4850
0.2391,-0.2925,0.4314,1,42.78,0.00,1415.84,1458.62,0,1.6985
0.0847,-0.3083,0.4314,1,46.21,0.00,1872.14,1918.35,0,3.8595
0.2329,-0.2918,0.4314,1,30.81,0.00,1906.83,1937.64,0,3.9331
0.0627,-0.2131,0.4314,1,48.86,0.00,1610.22,1659.08,0,2.8265
0.0959,-0.1416,0.4314,1,30.23,0.00,1127.57,1157.80,0,2.1914
0.0704,-0.2038,0.4314,1,25.10,0.00,913.77,938.87,0,1.3946
0.0704,-0.2038,0.4314,1,39.16,0.00,648.61,687.77,0,0.4096
0.1024,-0.2502,0.4314,1,35.16,0.00,753.41,788.57,0,0.7935
0.1050,-0.2474,0.4314,1,20.76,0.00,587.48,608.24,0,0.2314
0.2392,-0.2924,0.4315,1,27.60,0.00,1530.50,1558.10,0,2.2257
0.2392,-0.2924,0.4315,1,35.37,0.00,1533.53,1568.90,0,1.7515
0.2392,-0.2924,0.4315,1,25.38,0.00,1941.47,1966.85,0,2.8805
0.2392,-0.2924,0.4315,1,34.45,0.00,1915.53,1949.98,0,2.8956
0.0704,-0.2040,0.4315,1,36.06,0.00,2372.37,2408.44,0,6.4761
0.0960,-0.1413,0.4315,1,40.73,0.00,868.01,908.75,0,0.7595
0.0617,-0.2142,0.4315,1,32.52,0.00,795.25,827.78,0,0.9882
0.0859,-0.3077,0.4315,1,28.42,0.00,1569.58,1598.00,0,2.4956
0.0703,-0.2041,0.4315,1,32.73,0.00,1015.95,1048.68,0,1.5130
0.2540,-0.1584,0.4315,1,39.38,0.00,1508.36,1547.74,0,2.3924
0.0978,-0.3004,0.4315,1,37.85,0.00,1670.25,1708.09,0,2.1354
0.1363,-0.1341,0.4315,1,22.60,0.00,1597.87,1620.47,0,1.8678
0.1365,-0.1290,0.4315,1,28.97,0.00,307.17,336.14,0,0.0945
0.0369,-0.2826,0.4315,1,40.39,0.00,1248.23,1288.62,0,2.5614
0.0398,-0.3437,0.4315,1,28.96,0.00,1209.43,1238.40,0,1.5747
0.0614,-0.2147,0.4315,1,31.09,0.00,1106.60,1137.69,0,1.7229
0.0960,-0.1410,0.4315,1,35.16,0.00,1393.36,1428.52,0,1.6256
0.2391,-0.2925,0.4315,1,22.61,0.00,1635.30,1657.91,0,2.7272
0.2391,-0.2925,0.4315,1,42.39,0.00,1727.05,1769.44,0,2.7011
0.2391,-0.2925,0.4315,1,21.10,0.00,266.24,287.34,0,0.0443
0.1020,-0.2509,0.4315,1,40.96,0.00,1747.10,1788.06,0,4.6279
0.0589,-0.2171,0.4315,1,30.48,0.00,1089.56,1120.04,0,1.2376
0.1003,-0.2623,0.4315,1,25.46,0.00,911.99,937.45,0,0.8511
0.2392,-0.2925,0.4315,1,32.96,0.00,2115.96,2148.92,0,4.1551
0.2392,-0.2925,0.4315,1,40.31,0.00,2066.95,2107.26,0,3.4842
0.2392,-0.2925,0.4315,1,35.86,0.00,2092.30,2128.16,0,3.9209
0.2392,-0.2925,0.4315,1,31.92,0.00,1806.41,1838.33,0,3.0878
0.2392,-0.2925,0.4315,1,28.81,0.00,571.12,599.93,0,0.2516
0.2392,-0.2925,0.4315,1,31.10,0.00,1456.50,1487.59,0,1.8374
0.0704,-0.2042,0.4315,1,37.32,0.00,1730.19,1767.51,0,4.6161
0.0862,-0.3076,0.4315,1,41.18,0.00,1067.52,1108.70,0,1.6798
0.0399,-0.3431,0.4315,1,43.58,0.00,1415.32,1458.90,0,2.6521
0.2539,-0.1595,0.4315,1,39.73,0.00,1347.70,1387.42,0,4.2097
0.0595,-0.2167,0.4315,1,33.32,0.00,1515.40,1548.72,0,2.8097
0.0744,-0.2576,0.4315,1,29.79,0.00,728.27,758.06,0,0.7671
0.0596,-0.2166,0.4315,1,53.04,0.00,1914.96,1968.00,0,3.9866
0.1366,-0.1286,0.4315,1,36.01,0.00,1274.73,1310.73,0,3.3015
0.1052,-0.2474,0.4315,1,27.10,0.00,1109.15,1136.24,0,1.7431
0.2515,-0.1472,0.4315,1,18.58,0.00,1329.83,1348.42,0,2.7172
0.1021,-0.2510,0.4315,1,24.62,0.00,1333.35,1357.97,0,2.2551
0.0612,-0.2151,0.4315,1,28.03,0.00,1572.06,1600.08,0,2.6768
0.1023,-0.2505,0.4315,1,25.81,0.00,1391.32,1417.13,0,1.9575
0.0243,-0.3182,0.4315,1,39.43,0.00,1548.18,1587.61,0,3.1679
0.1022,-0.2507,0.4315,1,39.27,0.00,849.46,888.72,0,1.3843
0.0593,-0.2169,0.4315,1,41.08,0.00,1547.34,1588.42,0,3.1823
0.1021,-0.2509,0.4315,1,24.93,0.00,1192.90,1217.83,0,2.1459
0.0588,-0.2174,0.4315,1,36.07,0.00,1793.76,1829.83,0,4.2612
0.1005,-0.2620,0.4315,1,17.35,0.00,989.61,1006.96,0,1.0380
0.1003,-0.2626,0.4315,1,31.68,0.00,167.08,198.75,0,0.0113
0.1002,-0.2629,0.4315,1,18.23,0.00,169.65,187.88,0,0.0084
0.2393,-0.2924,0.4315,1,14.28,0.00,1494.04,1508.33,0,2.1999
0.0998,-0.2636,0.4315,1,29.35,0.00,1488.65,1518.00,0,3.1444
0.0585,-0.2177,0.4316,1,34.44,0.00,1634.92,1669.36,0,2.7354
0.1362,-0.1343,0.4316,1,25.76,0.00,1051.04,1076.80,0,2.1003
0.0961,-0.1406,0.4316,1,33.19,0.00,1115.56,1148.75,0,1.3580
0.1022,-0.2508,0.4316,1,28.04,0.00,1251.17,1279.21,0,2.7947
0.0994,-0.2646,0.4316,1,33.94,0.00,714.10,748.04,0,0.3819
0.0760,-0.3130,0.4316,1,28.79,0.00,1628.84,1657.62,0,2.6064
0.0601,-0.2163,0.4316,1,22.12,0.00,1046.05,1068.16,0,1.8825
0.0366,-0.2768,0.4316,1,22.73,0.00,725.80,748.53,0,0.8886
0.0706,-0.2042,0.4316,1,27.34,0.00,971.50,998.84,0,1.3855
0.1021,-0.2511,0.4316,1,34.13,0.00,914.09,948.22,0,1.3377
0.0975,-0.3008,0.4316,1,28.67,0.00,750.01,778.67,0,0.5052
0.2526,-0.1508,0.4316,1,32.60,0.00,2215.36,2247.96,0,4.1202
0.0954,-0.3022,0.4316,1,20.75,0.00,1828.28,1849.04,0,3.0740
0.0747,-0.2575,0.4316,1,40.40,0.00,1683.42,1723.83,0,2.7046
0.0747,-0.2575,0.4316,1,28.82,0.00,1933.49,1962.31,0,4.1448
0.0747,-0.2575,0.4316,1,21.85,0.00,446.11,467.96,0,0.2147
0.0747,-0.2575,0.4316,1,19.39,0.00,549.23,568.62,0,0.3207
0.0747,-0.2575,0.4316,1,24.62,0.00,833.18,857.79,0,0.8308
0.0747,-0.2575,0.4316,1,31.64,0.00,587.86,619.50,0,0.3747
0.0747,-0.2575,0.4316,1,34.10,0.00,753.99,788.08,0,0.6601
0.0747,-0.2575,0.4316,1,13.50,0.00,514.94,528.45,0,0.3102
0.0747,-0.2575,0.4316,1,32.55,0.00,815.09,847.64,0,0.7817
0.0386,-0.3548,0.4316,1,27.37,0.00,1551.46,1578.83,0,2.3180
0.0746,-0.2576,0.4316,1,43.82,0.00,2814.41,2858.23,0,7.4358
0.1366,-0.1282,0.4316,1,34.46,0.00,1134.84,1169.30,0,2.4684
0.2392,-0.2925,0.4316,1,46.47,0.00,1530.55,1577.02,0,2.0525
0.1000,-0.2633,0.4316,1,40.55,0.00,1768.46,1809.02,0,3.6851
0.0962,-0.1402,0.4316,1,48.49,0.00,2029.51,2078.00,0,3.7041
0.1020,-0.2512,0.4316,1,41.38,0.00,1986.50,2027.88,0,3.5751
0.0584,-0.2180,0.4316,1,33.36,0.00,1055.14,1088.50,0,1.7871
0.0997,-0.2643,0.4316,1,33.69,0.00,1874.64,1908.34,0,4.6692
0.0965,-0.3016,0.4316,1,30.38,0.00,1387.84,1418.23,0,1.8084
0.2393,-0.2925,0.4316,1,48.53,0.00,1369.63,1418.17,0,2.1032
0.2393,-0.2925,0.4316,1,44.03,0.00,1514.36,1558.39,0,1.9416
0.2393,-0.2925,0.4316,1,28.72,0.00,2129.55,2158.27,0,3.9633
0.2393,-0.2925,0.4316,1,29.75,0.00,1488.72,1518.48,0,2.0135
0.2393,-0.2925,0.4316,1,21.46,0.00,485.98,507.44,0,0.1775
0.0581,-0.2183,0.4316,1,38.59,0.00,1649.73,1688.32,0,3.2619
0.0961,-0.3018,0.4316,1,54.01,0.00,2094.38,2148.39,0,4.8880
0.0238,-0.3158,0.4316,1,30.95,0.00,1227.32,1258.27,0,2.5298
0.0748,-0.2575,0.4316,1,30.30,0.00,768.55,798.85,0,1.1793
0.0748,-0.2575,0.4316,1,23.05,0.00,514.90,537.95,0,0.2796
0.0748,-0.2575,0.4316,1,27.27,0.00,1370.88,1398.15,0,2.2907
0.0748,-0.2575,0.4316,1,21.31,0.00,527.79,549.10,0,0.2767
0.0748,-0.2575,0.4316,1,52.38,0.00,2655.71,2708.08,0,8.5366
0.0748,-0.2575,0.4316,1,18.65,0.00,349.95,368.61,0,0.0692
0.0748,-0.2575,0.4316,1,21.87,0.00,566.64,588.51,0,0.2038
0.0748,-0.2575,0.4316,1,44.79,0.00,2694.12,2738.91,0,9.4456
0.0748,-0.2575,0.4316,1,32.95,0.00,1135.03,1167.98,0,1.6292
0.0748,-0.2575,0.4316,1,29.63,0.00,509.09,538.72,0,0.2875
0.0748,-0.2575,0.4316,1,18.75,0.00,369.15,387.90,0,0.1402
0.0748,-0.2575,0.4316,1,21.79,0.00,1406.43,1428.22,0,2.4345
0.0748,-0.2575,0.4316,1,19.05,0.00,1510.19,1529.23,0,2.8562
0.0748,-0.2575,0.4316,1,29.34,0.00,568.50,597.84,0,0.3492
0.0748,-0.2575,0.4316,1,38.96,0.00,1851.07,1890.03,0,3.9546
0.0748,-0.2575,0.4316,1,35.68,0.00,1050.57,1086.25,0,1.1166
0.0748,-0.2575,0.4316,1,20.72,0.00,507.33,528.04,0,0.2522
0.0748,-0.2575,0.4316,1,18.65,0.00,329.45,348.10,0,0.0602
0.0748,-0.2575,0.4316,1,20.77,0.00,368.06,388.83,0,0.1110
0.0748,-0.2575,0.4316,1,33.31,0.00,1514.64,1547.95,0,2.6823
0.0748,-0.2575,0.4316,1,34.85,0.00,813.27,848.13,0,0.7645
0.0748,-0.2575,0.4316,1,39.95,0.00,828.63,868.58,0,0.8151
0.0748,-0.2575,0.4316,1,39.20,0.00,868.71,907.91,0,0.9269
0.0748,-0.2575,0.4316,1,37.31,0.00,1191.17,1228.47,0,1.6372
0.0748,-0.2575,0.4316,1,28.83,0.00,1009.00,1037.83,0,1.1337
0.0748,-0.2575,0.4316,1,25.43,0.00,1633.07,1658.50,0,3.3393
0.0748,-0.2575,0.4316,1,23.49,0.00,1416.18,1439.68,0,2.5176
0.0748,-0.2575,0.4316,1,21.10,0.00,476.04,497.13,0,0.2166
0.0748,-0.2575,0.4316,1,31.94,0.00,1695.87,1727.81,0,3.2698
0.0748,-0.2575,0.4316,1,41.28,0.00,1867.32,1908.60,0,3.9948
0.0748,-0.2575,0.4316,1,10.21,0.00,228.55,238.76,0,0.0456
0.0748,-0.2575,0.4316,1,27.54,0.00,1050.09,1077.63,0,1.3564
0.0748,-0.2575,0.4316,1,23.66,0.00,1315.08,1338.74,0,1.9632
0.0748,-0.2575,0.4316,1,46.73,0.00,571.84,618.57,0,0.2738
0.0748,-0.2575,0.4316,1,29.40,0.00,928.79,958.18,0,0.9362
0.0748,-0.2575,0.4316,1,39.40,0.00,688.86,728.26,0,0.5131
0.0748,-0.2575,0.4316,1,49.01,0.00,1868.97,1917.98,0,3.5927
0.0748,-0.2575,0.4316,1,51.77,0.00,2433.54,2485.31,0,6.1855
0.0748,-0.2575,0.4316,1,29.38,0.00,531.50,560.88,0,0.2675
0.0748,-0.2575,0.4316,1,21.78,0.00,146.84,168.62,0,0.0111
0.0748,-0.2575,0.4316,1,11.20,0.00,187.19,198.39,0,0.0191
0.0748,-0.2575,0.4316,1,20.81,0.00,227.83,248.63,0,0.0427
0.0748,-0.2575,0.4316,1,21.08,0.00,207.07,228.15,0,0.0238
0.0748,-0.2575,0.4316,1,35.53,0.00,1432.44,1467.98,0,2.5428
0.0748,-0.2575,0.4316,1,45.15,0.00,1425.78,1470.93,0,2.5475
0.0748,-0.2575,0.4316,1,45.01,0.00,1811.27,1856.28,0,4.0609
0.0748,-0.2575,0.4316,1,28.29,0.00,1209.49,1237.78,0,1.5272
0.0748,-0.2575,0.4316,1,36.74,0.00,1873.52,1910.26,0,2.8494
0.0748,-0.2575,0.4316,1,17.99,0.00,209.01,227.01,0,0.0196
0.0748,-0.2575,0.4316,1,41.01,0.00,2807.73,2848.74,0,7.9594
0.0748,-0.2575,0.4316,1,19.60,0.00,308.29,327.89,0,0.0734
0.0748,-0.2575,0.4316,1,18.98,0.00,309.48,328.46,0,0.0753
0.0748,-0.2575,0.4316,1,28.43,0.00,170.07,198.50,0,0.0167
0.0748,-0.2575,0.4316,1,20.22,0.00,187.25,207.47,0,0.0203
0.0748,-0.2575,0.4316,1,28.63,0.00,1330.39,1359.01,0,2.1650
0.0748,-0.2575,0.4316,1,28.85,0.00,1069.32,1098.17,0,1.3934
0.0748,-0.2575,0.4316,1,18.77,0.00,849.34,868.11,0,0.8461
0.0748,-0.2575,0.4316,1,26.91,0.00,951.31,978.22,0,1.1089
0.0748,-0.2575,0.4316,1,26.01,0.00,393.08,419.09,0,0.1475
0.0748,-0.2575,0.4316,1,38.88,0.00,829.80,868.69,0,0.8540
0.0748,-0.2575,0.4316,1,29.26,0.00,348.36,377.62,0,0.1269
0.0748,-0.2575,0.4316,1,31.83,0.00,1426.60,1458.43,0,2.4451
0.0748,-0.2575,0.4316,1,29.77,0.00,1168.31,1198.08,0,1.3140
0.0748,-0.2575,0.4316,1,31.31,0.00,1486.75,1518.06,0,2.3575
0.0748,-0.2575,0.4316,1,29.79,0.00,929.44,959.23,0,0.9844
0.0748,-0.2575,0.4316,1,28.61,0.00,1450.18,1478.79,0,2.6100
0.0748,-0.2575,0.4316,1,21.54,0.00,195.20,216.74,0,0.0175
0.0748,-0.2575,0.4316,1,10.90,0.00,207.98,218.88,0,0.0177
0.0748,-0.2575,0.4316,1,18.95,0.00,208.93,227.88,0,0.0170
0.0748,-0.2575,0.4316,1,22.13,0.00,226.83,248.96,0,0.0238
0.0748,-0.2575,0.4316,1,22.20,0.00,316.03,338.22,0,0.0968
0.0748,-0.2575,0.4316,1,29.07,0.00,287.66,316.73,0,0.0810
0.0748,-0.2575,0.4316,1,24.67,0.00,195.08,219.76,0,0.0218
0.0748,-0.2575,0.4316,1,27.90,0.00,1311.50,1339.40,0,2.0684
0.0748,-0.2575,0.4316,1,37.46,0.00,1710.83,1748.29,0,3.3972
0.0748,-0.2575,0.4316,1,35.79,0.00,1071.56,1107.36,0,1.1703
0.0748,-0.2575,0.4316,1,38.37,0.00,2149.97,2188.34,0,4.1107
0.0748,-0.2575,0.4316,1,43.47,0.00,2415.93,2459.40,0,5.5944
0.0748,-0.2575,0.4316,1,29.92,0.00,1067.59,1097.51,0,1.4724
0.0748,-0.2575,0.4316,1,34.74,0.00,612.94,647.68,0,0.4098
0.0748,-0.2575,0.4316,1,33.24,0.00,1074.84,1108.08,0,1.4216
0.0673,-0.2625,0.4316,1,20.16,0.00,568.36,588.51,0,0.2639
0.1054,-0.2474,0.4316,1,35.57,0.00,612.65,648.23,0,0.7632
0.0577,-0.2187,0.4316,1,29.36,0.00,729.00,758.36,0,0.8257
0.1008,-0.2616,0.4316,1,34.07,0.00,1433.93,1468.00,0,2.8781
0.0243,-0.3177,0.4316,1,33.31,0.00,954.11,987.41,0,1.2927
0.0612,-0.2155,0.4316,1,40.37,0.00,1709.03,1749.40,0,4.9179
0.1020,-0.2513,0.4316,1,32.07,0.00,1796.36,1828.43,0,4.2728
0.0972,-0.3011,0.4316,1,41.27,0.00,946.53,987.80,0,0.6387
0.2540,-0.1584,0.4316,1,35.55,0.00,2194.05,2229.61,0,3.9398
0.1062,-0.2857,0.4316,1,50.92,0.00,1707.66,1758.58,0,3.0292
0.2325,-0.2918,0.4316,1,22.59,0.00,1575.12,1597.71,0,3.8311
0.0749,-0.2575,0.4316,1,39.25,0.00,1628.98,1668.23,0,4.1931
0.0749,-0.2575,0.4316,1,17.50,0.00,1270.76,1288.26,0,1.5007
0.0749,-0.2575,0.4316,1,19.32,0.00,1328.76,1348.08,0,1.6061
0.0749,-0.2575,0.4316,1,46.11,0.00,1972.98,2019.10,0,4.3190
0.0749,-0.2575,0.4316,1,19.26,0.00,387.88,407.14,0,0.1523
0.0749,-0.2575,0.4316,1,15.78,0.00,1352.71,1368.49,0,2.1226
0.0605,-0.2162,0.4316,1,22.69,0.00,655.36,678.05,0,0.5601
0.0748,-0.2576,0.4316,1,21.68,0.00,1587.68,1609.36,0,2.6849
0.0748,-0.2576,0.4316,1,51.39,0.00,1696.14,1747.54,0,3.3639
0.0748,-0.2576,0.4316,1,42.00,0.00,1556.49,1598.49,0,2.8143
0.0748,-0.2576,0.4316,1,25.86,0.00,1252.05,1277.91,0,1.9945
0.0748,-0.2576,0.4316,1,33.73,0.00,655.81,689.54,0,0.4643
0.0748,-0.2576,0.4316,1,17.41,0.00,189.97,207.38,0,0.0193
0.0748,-0.2576,0.4316,1,31.26,0.00,1368.20,1399.46,0,2.2950
0.0748,-0.2576,0.4316,1,36.52,0.00,1550.86,1587.38,0,2.8064
0.0748,-0.2576,0.4316,1,26.28,0.00,872.47,898.75,0,0.7817
0.0748,-0.2576,0.4316,1,34.52,0.00,932.84,967.36,0,0.8631
0.0748,-0.2576,0.4316,1,20.25,0.00,228.15,248.40,0,0.0360
0.0748,-0.2576,0.4316,1,25.00,0.00,1375.56,1400.57,0,2.1050
0.0748,-0.2576,0.4316,1,22.45,0.00,634.34,656.78,0,0.4295
0.0748,-0.2576,0.4316,1,35.53,0.00,1193.62,1229.15,0,1.5666
0.0748,-0.2576,0.4316,1,41.25,0.00,1908.38,1949.63,0,4.1548
0.0748,-0.2576,0.4316,1,32.31,0.00,1853.27,1885.58,0,4.0830
0.0748,-0.2576,0.4316,1,29.99,0.00,1988.75,2018.74,0,3.3323
0.0748,-0.2576,0.4316,1,37.45,0.00,1610.49,1647.94,0,2.0106
0.0748,-0.2576,0.4316,1,37.00,0.00,1772.15,1809.15,0,3.4479
0.0748,-0.2576,0.4316,1,44.08,0.00,1253.50,1297.58,0,1.8217
0.0748,-0.2576,0.4316,1,11.24,0.00,526.96,538.20,0,0.2650
0.0748,-0.2576,0.4316,1,40.89,0.00,1567.59,1608.49,0,2.9121
0.0748,-0.2576,0.4316,1,21.13,0.00,1566.74,1587.87,0,2.8978
0.0748,-0.2576,0.4316,1,29.62,0.00,1809.20,1838.81,0,3.9081
0.0748,-0.2576,0.4316,1,38.32,0.00,1469.85,1508.17,0,2.7438
0.0748,-0.2576,0.4316,1,30.65,0.00,787.88,818.52,0,0.7028
0.0748,-0.2576,0.4316,1,34.09,0.00,1073.90,1107.99,0,1.3172
0.0748,-0.2576,0.4316,1,28.77,0.00,1529.20,1557.97,0,2.9167
0.0748,-0.2576,0.4316,1,37.03,0.00,1611.39,1648.42,0,3.1778
0.0748,-0.2576,0.4316,1,31.77,0.00,666.02,697.79,0,0.4395
0.0748,-0.2576,0.4316,1,19.66,0.00,249.47,269.13,0,0.0387
0.0748,-0.2576,0.4316,1,33.49,0.00,814.13,847.62,0,0.6658
0.0748,-0.2576,0.4316,1,39.87,0.00,1248.76,1288.63,0,1.8449
0.0748,-0.2576,0.4316,1,36.04,0.00,1832.18,1868.22,0,3.7057
0.0748,-0.2576,0.4316,1,18.66,0.00,769.80,788.46,0,0.4451
0.0748,-0.2576,0.4316,1,31.98,0.00,1677.07,1709.05,0,2.8252
0.0748,-0.2576,0.4316,1,37.54,0.00,1649.99,1687.53,0,3.4686
0.0748,-0.2576,0.4316,1,41.08,0.00,786.93,828.02,0,0.6974
0.0748,-0.2576,0.4316,1,35.94,0.00,1532.98,1568.91,0,2.9097
0.0748,-0.2576,0.4316,1,26.29,0.00,1171.81,1198.10,0,1.4708
0.0748,-0.2576,0.4316,1,38.28,0.00,1330.72,1369.00,0,1.9270
0.0748,-0.2576,0.4316,1,14.98,0.00,872.63,887.61,0,0.8937
0.0748,-0.2576,0.4316,1,32.85,0.00,1016.20,1049.05,0,1.2639
0.0748,-0.2576,0.4316,1,39.43,0.00,1068.46,1107.89,0,1.3190
0.0748,-0.2576,0.4316,1,45.96,0.00,1652.31,1698.26,0,3.3850
0.0748,-0.2576,0.4316,1,31.66,0.00,1186.21,1217.88,0,1.6208
0.0748,-0.2576,0.4316,1,36.29,0.00,812.57,848.87,0,0.6087
0.0748,-0.2576,0.4316,1,33.16,0.00,1355.67,1388.83,0,1.9314
0.0748,-0.2576,0.4316,1,25.93,0.00,690.92,716.85,0,0.5026
0.0748,-0.2576,0.4316,1,40.22,0.00,1449.00,1489.22,0,2.1163
0.0748,-0.2576,0.4316,1,30.64,0.00,1228.51,1259.15,0,1.4054
0.0748,-0.2576,0.4316,1,33.81,0.00,493.93,527.74,0,0.2106
0.0245,-0.3189,0.4316,1,28.43,0.00,1408.98,1437.42,0,1.9277
0.1055,-0.2474,0.4316,1,29.17,0.00,1309.68,1338.85,0,3.5543
0.0238,-0.3153,0.4317,1,37.63,0.00,1210.94,1248.57,0,3.1693
0.1366,-0.1277,0.4317,1,45.30,0.00,2092.92,2138.23,0,3.5364
0.0577,-0.2189,0.4317,1,38.17,0.00,1870.74,1908.91,0,3.1018
0.0958,-0.3021,0.4317,1,15.75,0.00,1612.06,1627.81,0,3.7665
0.0968,-0.3015,0.4317,1,30.03,0.00,2028.32,2058.35,0,4.3686
0.0401,-0.3426,0.4317,1,27.32,0.00,910.94,938.26,0,0.9655
0.0750,-0.2575,0.4317,1,29.92,0.00,1608.67,1638.60,0,2.5643
0.2538,-0.1595,0.4317,1,25.81,0.00,1391.44,1417.24,0,2.6185
0.0998,-0.2640,0.4317,1,33.75,0.00,1314.51,1348.26,0,3.1402
0.0749,-0.2576,0.4317,1,26.88,0.00,1252.06,1278.94,0,1.8208
0.0749,-0.2576,0.4317,1,32.43,0.00,616.52,648.96,0,0.4431
0.0749,-0.2576,0.4317,1,24.49,0.00,1473.01,1497.50,0,2.7676
0.0749,-0.2576,0.4317,1,33.07,0.00,1735.28,1768.36,0,3.7560
0.0749,-0.2576,0.4317,1,16.57,0.00,991.87,1008.44,0,1.0964
0.0960,-0.1505,0.4317,1,23.55,0.00,1134.26,1157.81,0,1.9069
0.1020,-0.2515,0.4317,1,26.61,0.00,991.19,1017.80,0,1.1759
0.0710,-0.2042,0.4317,1,36.47,0.00,1711.64,1748.11,0,3.1704
0.0748,-0.2577,0.4317,1,40.06,0.00,829.06,869.13,0,0.8719
0.0748,-0.2577,0.4317,1,42.04,0.00,1615.85,1657.89,0,2.4774
0.0748,-0.2577,0.4317,1,40.03,0.00,2987.95,3027.98,0,7.4881
0.0748,-0.2577,0.4317,1,13.15,0.00,355.46,368.61,0,0.0743
0.0748,-0.2577,0.4317,1,11.16,0.00,447.63,458.79,0,0.1215
0.0748,-0.2577,0.4317,1,48.62,0.00,2929.24,2977.85,0,7.6133
0.0748,-0.2577,0.4317,1,39.14,0.00,1529.40,1568.54,0,2.3255
0.0748,-0.2577,0.4317,1,33.94,0.00,1534.64,1568.58,0,2.8729
0.0748,-0.2577,0.4317,1,21.63,0.00,1196.04,1217.66,0,1.7961
0.0748,-0.2577,0.4317,1,8.50,0.00,489.99,498.49,0,0.2537
0.0748,-0.2577,0.4317,1,36.01,0.00,1473.31,1509.32,0,2.4667
0.0748,-0.2577,0.4317,1,24.18,0.00,592.96,617.14,0,0.3060
0.0748,-0.2577,0.4317,1,29.88,0.00,628.33,658.21,0,0.3493
0.0748,-0.2577,0.4317,1,40.11,0.00,1928.34,1968.45,0,3.0650
0.0748,-0.2577,0.4317,1,47.03,0.00,2810.60,2857.63,0,7.9031
0.0748,-0.2577,0.4317,1,47.04,0.00,1891.76,1938.80,0,4.4250
0.0748,-0.2577,0.4317,1,39.00,0.00,368.94,407.93,0,0.1060
0.0748,-0.2577,0.4317,1,28.80,0.00,1589.41,1618.21,0,3.0298
0.0748,-0.2577,0.4317,1,21.94,0.00,1606.24,1628.18,0,3.0728
0.0748,-0.2577,0.4317,1,34.80,0.00,1313.62,1348.42,0,2.0185
0.0748,-0.2577,0.4317,1,28.33,0.00,1192.75,1221.08,0,1.6940
0.0748,-0.2577,0.4317,1,12.45,0.00,993.00,1005.46,0,0.9956
0.0748,-0.2577,0.4317,1,31.62,0.00,1067.02,1098.64,0,1.1748
0.0748,-0.2577,0.4317,1,24.72,0.00,654.25,678.97,0,0.4326
0.0748,-0.2577,0.4317,1,38.29,0.00,1269.47,1307.76,0,2.0085
0.0748,-0.2577,0.4317,1,28.44,0.00,210.02,238.46,0,0.0235
0.0748,-0.2577,0.4317,1,39.81,0.00,968.68,1008.48,0,1.1438
0.0748,-0.2577,0.4317,1,22.96,0.00,235.02,257.98,0,0.0321
0.0748,-0.2577,0.4317,1,29.05,0.00,1249.51,1278.56,0,1.9609
0.0748,-0.2577,0.4317,1,20.77,0.00,207.65,228.42,0,0.0336
0.0748,-0.2577,0.4317,1,20.13,0.00,368.09,388.22,0,0.1352
0.0748,-0.2577,0.4317,1,35.31,0.00,1733.47,1768.79,0,3.3484
0.0748,-0.2577,0.4317,1,21.60,0.00,506.30,527.90,0,0.1999
0.0748,-0.2577,0.4317,1,38.74,0.00,1249.92,1288.66,0,1.6001
0.0748,-0.2577,0.4317,1,22.57,0.00,555.79,578.36,0,0.2954
0.0748,-0.2577,0.4317,1,45.69,0.00,1452.55,1498.25,0,2.5195
0.0748,-0.2577,0.4317,1,30.54,0.00,1807.47,1838.01,0,3.7612
0.0748,-0.2577,0.4317,1,20.89,0.00,287.80,308.69,0,0.0523
0.0748,-0.2577,0.4317,1,19.57,0.00,328.10,347.67,0,0.0669
0.0748,-0.2577,0.4317,1,55.63,0.00,2733.04,2788.66,0,7.9916
0.0748,-0.2577,0.4317,1,21.03,0.00,207.00,228.03,0,0.0228
0.0748,-0.2577,0.4317,1,22.56,0.00,496.01,518.57,0,0.1492
0.0748,-0.2577,0.4317,1,47.01,0.00,2811.50,2858.51,0,7.7595
0.0748,-0.2577,0.4317,1,36.00,0.00,1612.44,1648.44,0,2.7542
0.0748,-0.2577,0.4317,1,29.89,0.00,1508.39,1538.28,0,2.9056
0.0748,-0.2577,0.4317,1,28.94,0.00,1449.32,1478.26,0,2.6838
0.0748,-0.2577,0.4317,1,30.95,0.00,486.96,517.91,0,0.2598
0.0748,-0.2577,0.4317,1,38.82,0.00,1550.96,1589.78,0,3.0352
0.0748,-0.2577,0.4317,1,21.86,0.00,616.12,637.98,0,0.4240
0.0748,-0.2577,0.4317,1,24.50,0.00,913.68,938.18,0,0.9501
0.0248,-0.3195,0.4317,1,34.27,0.00,1094.15,1128.42,0,1.0283
0.0993,-0.2650,0.4317,1,26.72,0.00,1831.81,1858.52,0,3.3274
0.0611,-0.2158,0.4317,1,24.13,0.00,873.69,897.82,0,1.3165
0.1019,-0.2516,0.4317,1,45.04,0.00,1373.15,1418.19,0,2.3207
0.0367,-0.2767,0.4317,1,36.28,0.00,1594.43,1630.71,0,3.8181
0.0609,-0.2161,0.4317,1,38.11,0.00,848.39,886.51,0,1.2838
0.0964,-0.1399,0.4317,1,27.37,0.00,1450.95,1478.32,0,1.6815
0.1056,-0.2474,0.4317,1,37.02,0.00,2171.56,2208.58,0,4.4661
0.1010,-0.2610,0.4317,1,31.11,0.00,786.75,817.86,0,0.5227
0.0750,-0.2576,0.4317,1,28.23,0.00,510.19,538.43,0,0.2478
0.0750,-0.2576,0.4317,1,19.82,0.00,227.75,247.57,0,0.0195
0.0750,-0.2576,0.4317,1,37.46,0.00,231.02,268.48,0,0.0213
0.0750,-0.2576,0.4317,1,32.66,0.00,1375.37,1408.03,0,2.3200
0.0750,-0.2576,0.4317,1,29.11,0.00,1369.61,1398.72,0,2.3236
0.0750,-0.2576,0.4317,1,55.82,0.00,1932.04,1987.86,0,4.5175
0.1010,-0.2613,0.4317,1,20.36,0.00,507.92,528.28,0,0.3646
0.2392,-0.2926,0.4317,1,49.53,0.00,1868.60,1918.14,0,5.2142
0.1367,-0.1274,0.4317,1,47.01,0.00,2031.48,2078.48,0,4.1506
0.0757,-0.3133,0.4317,1,28.90,0.00,1390.03,1418.94,0,2.6091
0.0242,-0.3173,0.4317,1,42.26,0.00,2396.02,2438.28,0,4.8442
0.0250,-0.3198,0.4317,1,18.87,0.00,282.54,301.41,0,0.0446
0.0785,-0.2916,0.4317,1,40.17,0.00,1914.50,1954.68,0,2.7654
0.0992,-0.2651,0.4317,1,29.07,0.00,1889.53,1918.60,0,4.3270
0.1012,-0.2606,0.4317,1,33.60,0.00,734.52,768.12,0,0.5519
0.0240,-0.3168,0.4317,1,32.78,0.00,2576.46,2609.25,0,6.4501
0.0575,-0.2193,0.4317,1,45.78,0.00,1991.92,2037.71,0,4.1045
0.1057,-0.2474,0.4317,1,40.42,0.00,1347.01,1387.43,0,2.1981
0.0749,-0.2577,0.4317,1,33.69,0.00,1555.99,1589.68,0,2.7065
0.0749,-0.2577,0.4317,1,21.69,0.00,175.68,197.37,0,0.0170
0.0252,-0.3203,0.4317,1,27.78,0.00,1470.61,1498.38,0,3.9381
0.0990,-0.2657,0.4317,1,45.80,0.00,1112.82,1158.61,0,1.2848
0.0386,-0.3555,0.4317,1,32.68,0.00,1915.57,1948.25,0,3.6606
0.0989,-0.2658,0.4318,1,37.28,0.00,1530.37,1567.65,0,2.5405
0.0787,-0.2912,0.4318,1,19.82,0.00,828.72,848.54,0,0.4762
0.0713,-0.2042,0.4318,1,37.51,0.00,1711.45,1748.97,0,4.5541
0.0965,-0.1395,0.4318,1,40.07,0.00,1486.95,1527.02,0,2.1121
0.1019,-0.2518,0.4318,1,43.51,0.00,1274.62,1318.13,0,2.9306
0.1363,-0.1346,0.4318,1,32.04,0.00,1187.07,1219.11,0,2.0293
0.0672,-0.2630,0.4318,1,37.48,0.00,2409.99,2447.47,0,5.0926
0.0572,-0.2197,0.4318,1,33.67,0.00,1715.47,1749.14,0,3.4050
0.0985,-0.2662,0.4318,1,34.58,0.00,992.85,1027.43,0,1.0934
0.1058,-0.2474,0.4318,1,33.50,0.00,1219.42,1252.93,0,1.4561
0.0372,-0.2831,0.4318,1,39.47,0.00,835.37,874.84,0,0.9737
0.1367,-0.1268,0.4318,1,33.18,0.00,1794.15,1827.33,0,2.9272
0.1019,-0.2519,0.4318,1,29.45,0.00,1950.41,1979.87,0,2.7459
0.2540,-0.1584,0.4318,1,15.19,0.00,1331.68,1346.87,0,2.4326
0.2322,-0.2917,0.4318,1,27.88,0.00,950.27,978.15,0,1.2574
0.0368,-0.2767,0.4318,1,32.51,0.00,1506.67,1539.17,0,3.4908
0.0786,-0.2920,0.4318,1,29.01,0.00,1227.93,1256.93,0,1.6894
0.0715,-0.2042,0.4318,1,40.24,0.00,1588.51,1628.75,0,2.1251
0.0983,-0.2664,0.4318,1,33.81,0.00,1594.19,1628.00,0,2.3250
0.0749,-0.2576,0.4318,1,37.97,0.00,1610.39,1648.36,0,3.2568
0.1059,-0.2474,0.4318,1,29.93,0.00,2768.57,2798.50,0,7.7907
0.0967,-0.1390,0.4318,1,30.11,0.00,1988.42,2018.53,0,4.8214
0.2515,-0.1470,0.4318,1,28.84,0.00,1509.61,1538.45,0,3.7989
0.1368,-0.1265,0.4318,1,34.37,0.00,1335.60,1369.98,0,1.4050
0.0987,-0.2661,0.4318,1,51.91,0.00,1514.82,1566.73,0,3.9509
0.0967,-0.1388,0.4318,1,41.17,0.00,1426.82,1467.99,0,3.9044
0.1019,-0.2520,0.4318,1,27.51,0.00,951.06,978.57,0,1.2465
0.0789,-0.2909,0.4319,1,26.45,0.00,911.66,938.11,0,1.6178
0.0967,-0.1385,0.4319,1,30.08,0.00,1388.83,1418.91,0,2.0012
0.0572,-0.2201,0.4319,1,30.35,0.00,1367.76,1398.11,0,1.4852
0.0756,-0.3137,0.4319,1,38.70,0.00,1528.66,1567.36,0,2.3524
0.1015,-0.2603,0.4319,1,36.45,0.00,1172.38,1208.83,0,1.1229
0.0403,-0.3420,0.4319,1,42.67,0.00,1675.30,1717.96,0,3.8761
0.0960,-0.1510,0.4319,1,39.75,0.00,1389.07,1428.81,0,3.7412
0.1019,-0.2521,0.4319,1,37.14,0.00,1190.45,1227.58,0,1.1619
0.1368,-0.1261,0.4319,1,29.98,0.00,1027.90,1057.87,0,1.4012
0.2538,-0.1596,0.4319,1,20.28,0.00,1380.90,1401.18,0,2.2332
0.0718,-0.2042,0.4319,1,35.69,0.00,1509.92,1545.62,0,3.0140
0.0718,-0.2042,0.4319,1,19.17,0.00,470.04,489.21,0,0.2539
0.0718,-0.2042,0.4319,1,19.54,0.00,168.09,187.63,0,0.0095
0.1363,-0.1349,0.4319,1,34.63,0.00,1114.17,1148.80,0,1.1279
0.1061,-0.2474,0.4319,1,27.97,0.00,1069.72,1097.68,0,1.4622
0.1061,-0.2474,0.4319,1,28.45,0.00,1330.16,1358.61,0,2.0284
0.1061,-0.2474,0.4319,1,25.55,0.00,1032.82,1058.36,0,1.1573
0.0572,-0.2204,0.4319,1,38.83,0.00,1429.08,1467.92,0,2.7568
0.0751,-0.3140,0.4319,1,32.67,0.00,1356.97,1389.64,0,3.3657
0.0968,-0.1381,0.4319,1,32.41,0.00,1134.46,1166.87,0,2.2363
0.2393,-0.2925,0.4319,1,29.32,0.00,1629.20,1658.52,0,3.1279
0.0370,-0.2766,0.4319,1,31.38,0.00,1956.86,1988.24,0,4.7305
0.0786,-0.2924,0.4319,1,40.60,0.00,706.78,747.37,0,0.6030
0.0968,-0.1379,0.4319,1,33.02,0.00,1695.68,1728.70,0,1.9053
0.0239,-0.3148,0.4319,1,35.58,0.00,1351.56,1387.14,0,3.3459
0.1368,-0.1257,0.4319,1,49.01,0.00,1509.71,1558.72,0,3.3809
0.0750,-0.2576,0.4319,1,36.65,0.00,2251.32,2287.96,0,4.2137
0.0968,-0.1378,0.4320,1,25.95,0.00,1872.29,1898.24,0,2.8327
0.0982,-0.2669,0.4320,1,32.30,0.00,1955.95,1988.25,0,3.2783
0.0255,-0.3210,0.4320,1,28.22,0.00,1328.67,1356.89,0,3.3009
0.0387,-0.3561,0.4320,1,36.33,0.00,771.82,808.15,0,0.7646
0.1062,-0.2475,0.4320,1,29.21,0.00,949.45,978.67,0,1.8022
0.1021,-0.2527,0.4320,1,30.83,0.00,987.53,1018.36,0,1.2052
0.0405,-0.3414,0.4320,1,29.35,0.00,1469.14,1498.49,0,2.6059
0.0568,-0.2207,0.4320,1,24.42,0.00,1214.83,1239.25,0,2.6461
0.0721,-0.2043,0.4320,1,27.18,0.00,1809.93,1837.11,0,4.1493
0.1362,-0.1350,0.4320,1,25.41,0.00,1072.32,1097.73,0,1.1032
0.1369,-0.1254,0.4320,1,23.72,0.00,743.41,767.14,0,0.3448
0.0969,-0.1376,0.4320,1,16.74,0.00,692.96,709.70,0,0.6315
0.0672,-0.2636,0.4320,1,33.71,0.00,1276.24,1309.95,0,1.3088
0.1017,-0.2599,0.4320,1,29.87,0.00,846.83,876.70,0,0.7741
0.1063,-0.2475,0.4320,1,30.03,0.00,926.78,956.81,0,1.2167
0.2529,-0.1508,0.4320,1,30.74,0.00,1490.77,1521.51,0,2.3202
0.0792,-0.2906,0.4320,1,40.68,0.00,1275.93,1316.61,0,3.7704
0.0982,-0.2672,0.4320,1,38.57,0.00,1749.74,1788.31,0,4.2821
0.1064,-0.2474,0.4320,1,32.13,0.00,1665.93,1698.06,0,3.1477
0.1021,-0.2525,0.4320,1,19.76,0.00,1408.46,1428.22,0,2.2960
0.0374,-0.2835,0.4320,1,27.77,0.00,771.36,799.13,0,0.8322
0.0794,-0.2898,0.4320,1,26.70,0.00,1266.93,1293.63,0,1.5061
0.0371,-0.2765,0.4320,1,24.32,0.00,1188.92,1213.24,0,1.9532
0.0969,-0.1374,0.4320,1,29.72,0.00,1068.10,1097.82,0,1.8953
0.1021,-0.2523,0.4320,1,35.92,0.00,1732.86,1768.78,0,4.7675
0.0372,-0.2763,0.4320,1,38.18,0.00,1289.33,1327.52,0,1.5292
0.2541,-0.1584,0.4320,1,44.81,0.00,1374.27,1419.08,0,3.5437
0.0794,-0.2902,0.4320,1,28.55,0.00,1269.24,1297.79,0,3.1565
0.0743,-0.3145,0.4320,1,35.93,0.00,993.58,1029.50,0,0.9665
0.0970,-0.1370,0.4321,1,47.17,0.00,1110.06,1157.23,0,2.2071
0.0970,-0.1367,0.4321,1,31.43,0.00,866.85,898.27,0,0.8279
0.1018,-0.2597,0.4321,1,46.65,0.00,927.84,974.49,0,1.3196
0.0567,-0.2212,0.4321,1,34.68,0.00,888.18,922.86,0,1.0015
0.0725,-0.2042,0.4321,1,27.97,0.00,1111.00,1138.98,0,1.8752
0.0970,-0.1367,0.4321,1,34.78,0.00,1992.21,2026.98,0,4.0630
0.1018,-0.2593,0.4321,1,21.07,0.00,1827.09,1848.16,0,2.7458
0.0751,-0.2575,0.4321,1,30.50,0.00,508.17,538.67,0,0.1800
0.0981,-0.2673,0.4321,1,18.97,0.00,1429.11,1448.08,0,2.5849
0.2529,-0.1508,0.4321,1,32.84,0.00,1296.53,1329.38,0,2.6877
0.2529,-0.1508,0.4321,1,19.67,0.00,647.66,667.33,0,0.3609
0.2529,-0.1508,0.4321,1,40.90,0.00,1568.74,1609.64,0,2.2910
0.2529,-0.1508,0.4321,1,31.17,0.00,1875.72,1906.89,0,3.3317
0.2529,-0.1508,0.4321,1,30.19,0.00,1328.07,1358.25,0,1.5881
0.2529,-0.1508,0.4321,1,19.58,0.00,409.09,428.67,0,0.1208
0.2529,-0.1508,0.4321,1,20.20,0.00,407.86,428.05,0,0.1190
0.2529,-0.1508,0.4321,1,29.82,0.00,548.75,578.57,0,0.2686
0.0562,-0.2219,0.4321,1,37.37,0.00,1490.36,1527.73,0,3.1004
0.1066,-0.2474,0.4321,1,40.55,0.00,1568.41,1608.95,0,3.2637
0.1066,-0.2474,0.4321,1,34.58,0.00,1504.44,1539.02,0,2.6498
0.1066,-0.2474,0.4321,1,33.52,0.00,1313.77,1347.29,0,2.0991
0.1066,-0.2474,0.4321,1,42.38,0.00,1272.88,1315.25,0,1.9689
0.1066,-0.2474,0.4321,1,30.86,0.00,1447.60,1478.46,0,2.3862
0.1066,-0.2474,0.4321,1,40.61,0.00,287.29,327.91,0,0.0424
0.1066,-0.2474,0.4321,1,26.09,0.00,733.06,759.16,0,0.5026
0.1066,-0.2474,0.4321,1,37.08,0.00,1250.37,1287.45,0,1.5328
0.1066,-0.2474,0.4321,1,23.95,0.00,2053.99,2077.94,0,4.6787
0.1066,-0.2474,0.4321,1,35.56,0.00,1473.17,1508.73,0,2.5650
0.1066,-0.2474,0.4321,1,20.87,0.00,1687.94,1708.80,0,3.5000
0.1066,-0.2474,0.4321,1,19.11,0.00,470.51,489.63,0,0.2340
0.1066,-0.2474,0.4321,1,23.35,0.00,192.84,216.18,0,0.0149
0.1066,-0.2474,0.4321,1,17.36,0.00,192.07,209.43,0,0.0229
0.0725,-0.2043,0.4321,1,38.47,0.00,1168.46,1206.93,0,1.4664
0.0725,-0.2043,0.4321,1,28.82,0.00,409.70,438.52,0,0.1691
0.0798,-0.2892,0.4321,1,38.81,0.00,1310.16,1348.97,0,3.2257
0.1021,-0.2530,0.4321,1,34.78,0.00,1393.64,1428.42,0,2.8843
0.0564,-0.2215,0.4321,1,34.07,0.00,1433.70,1467.77,0,2.5659
0.0388,-0.3566,0.4321,1,39.13,0.00,1828.74,1867.86,0,3.2512
0.1361,-0.1351,0.4321,1,38.55,0.00,1489.52,1528.08,0,2.7664
0.1370,-0.1250,0.4321,1,23.50,0.00,455.50,479.01,0,0.1205
0.0800,-0.2887,0.4321,1,33.68,0.00,1335.27,1368.95,0,2.8568
0.0557,-0.2224,0.4321,1,44.28,0.00,1092.46,1136.74,0,0.9252
0.1369,-0.1246,0.4321,1,43.71,0.00,1335.23,1378.95,0,3.6210
0.0796,-0.2897,0.4321,1,21.36,0.00,1087.42,1108.78,0,1.8474
0.0726,-0.2043,0.4321,1,52.63,0.00,1935.03,1987.67,0,3.6117
0.0257,-0.3217,0.4321,1,25.37,0.00,1713.04,1738.40,0,2.5690
0.0732,-0.3152,0.4321,1,33.25,0.00,1074.73,1107.98,0,1.2844
0.0971,-0.1365,0.4321,1,33.54,0.00,1375.15,1408.69,0,2.5054
0.1067,-0.2474,0.4321,1,36.39,0.00,992.05,1028.44,0,1.7527
0.1067,-0.2474,0.4321,1,36.24,0.00,1891.31,1927.55,0,3.9358
0.1067,-0.2474,0.4321,1,42.24,0.00,1206.57,1248.81,0,1.6817
0.1067,-0.2474,0.4321,1,26.63,0.00,811.73,838.36,0,0.6861
0.1067,-0.2474,0.4321,1,30.36,0.00,1447.84,1478.20,0,2.4445
0.1067,-0.2474,0.4321,1,37.93,0.00,1690.24,1728.18,0,3.2458
0.1067,-0.2474,0.4321,1,35.14,0.00,1053.39,1088.53,0,1.1393
0.1067,-0.2474,0.4321,1,18.07,0.00,1010.15,1028.22,0,1.1660
0.1067,-0.2474,0.4321,1,28.64,0.00,1050.09,1078.73,0,1.2974
0.1067,-0.2474,0.4321,1,39.30,0.00,1948.21,1987.50,0,4.2480
0.1067,-0.2474,0.4321,1,50.09,0.00,2209.02,2259.11,0,5.3071
0.1067,-0.2474,0.4321,1,22.78,0.00,515.17,537.95,0,0.2607
0.1067,-0.2474,0.4321,1,32.02,0.00,1366.04,1398.06,0,2.2460
0.1067,-0.2474,0.4321,1,21.54,0.00,346.88,368.42,0,0.1053
0.1067,-0.2474,0.4321,1,29.04,0.00,1349.20,1378.24,0,2.1658
0.1067,-0.2474,0.4321,1,28.42,0.00,1409.82,1438.24,0,2.4073
0.1067,-0.2474,0.4321,1,29.88,0.00,1528.33,1558.21,0,2.7004
0.1067,-0.2474,0.4321,1,27.93,0.00,1550.41,1578.34,0,2.7428
0.1067,-0.2474,0.4321,1,29.85,0.00,1528.41,1558.26,0,2.6425
0.1067,-0.2474,0.4321,1,20.00,0.00,1528.84,1548.84,0,2.7049
0.1067,-0.2474,0.4321,1,36.86,0.00,1271.17,1308.03,0,1.8403
0.1067,-0.2474,0.4321,1,31.75,0.00,1626.49,1658.25,0,2.5564
0.1067,-0.2474,0.4321,1,32.67,0.00,1055.51,1088.18,0,0.9489
0.1067,-0.2474,0.4321,1,28.79,0.00,1668.99,1697.78,0,3.0670
0.1067,-0.2474,0.4321,1,41.57,0.00,846.59,888.16,0,0.8618
0.1067,-0.2474,0.4321,1,23.14,0.00,1475.71,1498.86,0,2.4604
0.1067,-0.2474,0.4321,1,23.02,0.00,415.08,438.10,0,0.1361
0.1067,-0.2474,0.4321,1,27.92,0.00,1089.95,1117.87,0,1.3363
0.1067,-0.2474,0.4321,1,20.33,0.00,527.97,548.29,0,0.2773
0.1067,-0.2474,0.4321,1,13.08,0.00,235.20,248.28,0,0.0298
0.1067,-0.2474,0.4321,1,46.76,0.00,1252.45,1299.21,0,1.8130
0.1067,-0.2474,0.4321,1,29.03,0.00,228.50,257.53,0,0.0279
0.1067,-0.2474,0.4321,1,37.03,0.00,1151.68,1188.71,0,1.4918
0.1067,-0.2474,0.4321,1,29.26,0.00,409.07,438.33,0,0.1532
0.1067,-0.2474,0.4321,1,28.83,0.00,1509.15,1537.98,0,2.7390
0.1067,-0.2474,0.4321,1,42.90,0.00,1635.48,1678.38,0,3.2067
0.1067,-0.2474,0.4321,1,22.46,0.00,1495.05,1517.51,0,2.7146
0.1067,-0.2474,0.4321,1,22.85,0.00,685.57,708.42,0,0.5365
0.1067,-0.2474,0.4321,1,24.58,0.00,2094.06,2118.64,0,4.9113
0.1067,-0.2474,0.4321,1,26.17,0.00,1573.10,1599.26,0,2.8135
0.1067,-0.2474,0.4321,1,23.44,0.00,953.77,977.21,0,1.0659
0.1067,-0.2474,0.4321,1,35.05,0.00,893.43,928.48,0,0.9038
0.1067,-0.2474,0.4321,1,30.56,0.00,1588.17,1618.73,0,3.1079
0.1067,-0.2474,0.4321,1,27.92,0.00,830.03,857.95,0,0.7185
0.1067,-0.2474,0.4321,1,46.34,0.00,1771.36,1817.69,0,3.7038
0.1067,-0.2474,0.4321,1,25.47,0.00,512.95,538.42,0,0.2862
0.1067,-0.2474,0.4321,1,20.01,0.00,248.04,268.06,0,0.0508
0.1067,-0.2474,0.4321,1,35.13,0.00,1793.09,1828.23,0,3.8625
0.1067,-0.2474,0.4321,1,32.37,0.00,1306.13,1338.51,0,1.7191
0.1067,-0.2474,0.4321,1,23.47,0.00,1554.74,1578.21,0,2.6112
0.1067,-0.2474,0.4321,1,43.00,0.00,1396.16,1439.16,0,2.3272
0.1067,-0.2474,0.4321,1,41.48,0.00,1446.50,1487.98,0,2.5518
0.1067,-0.2474,0.4321,1,26.25,0.00,931.95,958.20,0,0.9163
0.1067,-0.2474,0.4321,1,41.67,0.00,1006.23,1047.90,0,1.1287
0.1067,-0.2474,0.4321,1,40.80,0.00,1547.56,1588.36,0,2.5557
0.1067,-0.2474,0.4321,1,13.03,0.00,1755.25,1768.28,0,3.3771
0.1067,-0.2474,0.4321,1,33.13,0.00,1205.51,1238.64,0,1.6794
0.1067,-0.2474,0.4321,1,45.82,0.00,752.66,798.48,0,0.5732
0.1067,-0.2474,0.4321,1,30.06,0.00,1167.73,1197.79,0,1.5251
0.1067,-0.2474,0.4321,1,13.92,0.00,674.92,688.84,0,0.4745
0.1067,-0.2474,0.4321,1,28.43,0.00,1245.86,1274.29,0,1.5648
0.1067,-0.2474,0.4321,1,34.85,0.00,507.53,542.38,0,0.2165
0.1067,-0.2474,0.4321,1,32.73,0.00,1156.69,1189.42,0,1.3982
0.1067,-0.2474,0.4321,1,35.57,0.00,1711.81,1747.38,0,3.5261
0.1067,-0.2474,0.4321,1,16.73,0.00,251.97,268.70,0,0.0318
0.1067,-0.2474,0.4321,1,36.53,0.00,290.42,326.95,0,0.0627
0.1067,-0.2474,0.4321,1,20.00,0.00,168.45,188.45,0,0.0158
0.1067,-0.2474,0.4321,1,20.89,0.00,167.72,188.61,0,0.0172
0.1067,-0.2474,0.4321,1,28.97,0.00,149.11,178.08,0,0.0188
0.1067,-0.2474,0.4321,1,24.66,0.00,794.64,819.30,0,0.6949
0.1067,-0.2474,0.4321,1,18.86,0.00,1627.93,1646.79,0,3.1761
0.1067,-0.2474,0.4321,1,20.38,0.00,587.95,608.33,0,0.3567
0.1067,-0.2474,0.4321,1,42.41,0.00,975.64,1018.05,0,1.0000
0.1067,-0.2474,0.4321,1,40.76,0.00,1687.64,1728.39,0,3.3357
0.1067,-0.2474,0.4321,1,42.70,0.00,2156.37,2199.07,0,5.1140
0.1067,-0.2474,0.4321,1,24.29,0.00,1573.89,1598.18,0,2.4818
0.1067,-0.2474,0.4321,1,25.79,0.00,1252.06,1277.85,0,1.6541
0.1067,-0.2474,0.4321,1,32.78,0.00,1834.93,1867.71,0,3.7959
0.1067,-0.2474,0.4321,1,25.63,0.00,812.39,838.03,0,0.7493
0.1067,-0.2474,0.4321,1,29.04,0.00,1749.88,1778.92,0,3.4300
0.1067,-0.2474,0.4321,1,27.19,0.00,1151.42,1178.61,0,1.2642
0.1067,-0.2474,0.4321,1,24.76,0.00,833.15,857.91,0,0.6520
0.1067,-0.2474,0.4321,1,32.48,0.00,1476.35,1508.82,0,2.4555
0.1067,-0.2474,0.4321,1,35.89,0.00,1331.80,1367.70,0,2.0191
0.1067,-0.2474,0.4321,1,26.85,0.00,311.73,338.58,0,0.0631
0.1067,-0.2474,0.4321,1,29.97,0.00,1128.83,1158.81,0,1.4199
0.1067,-0.2474,0.4321,1,34.59,0.00,1194.07,1228.66,0,1.6526
0.1067,-0.2474,0.4321,1,21.33,0.00,526.08,547.41,0,0.2912
0.1067,-0.2474,0.4321,1,30.84,0.00,1267.69,1298.53,0,1.9169
0.1067,-0.2474,0.4321,1,29.27,0.00,347.38,376.65,0,0.1141
0.1067,-0.2474,0.4321,1,19.27,0.00,150.58,169.85,0,0.0097
0.1067,-0.2474,0.4321,1,12.29,0.00,225.57,237.87,0,0.0350
0.1067,-0.2474,0.4321,1,26.81,0.00,1452.00,1478.81,0,2.5130
0.1067,-0.2474,0.4321,1,30.65,0.00,1267.35,1298.00,0,1.9653
0.1067,-0.2474,0.4321,1,35.29,0.00,552.88,588.17,0,0.3079
0.1067,-0.2474,0.4321,1,26.98,0.00,1591.95,1618.93,0,3.0943
0.1067,-0.2474,0.4321,1,17.02,0.00,1091.41,1108.43,0,1.3697
0.1067,-0.2474,0.4321,1,27.94,0.00,1730.01,1757.95,0,3.3874
0.1067,-0.2474,0.4321,1,40.55,0.00,928.47,969.02,0,0.8122
0.1067,-0.2474,0.4321,1,26.17,0.00,931.06,957.23,0,0.9096
0.1067,-0.2474,0.4321,1,38.73,0.00,1710.17,1748.91,0,3.5422
0.1067,-0.2474,0.4321,1,19.67,0.00,308.36,328.03,0,0.0801
0.1067,-0.2474,0.4321,1,21.25,0.00,467.71,488.96,0,0.2353
0.1067,-0.2474,0.4321,1,28.20,0.00,209.49,237.68,0,0.0278
0.1067,-0.2474,0.4321,1,29.70,0.00,209.33,239.02,0,0.0362
0.1067,-0.2474,0.4321,1,20.88,0.00,166.43,187.31,0,0.0152
0.1067,-0.2474,0.4321,1,46.36,0.00,2032.05,2078.41,0,4.7372
0.1067,-0.2474,0.4321,1,23.51,0.00,1335.26,1358.77,0,1.9502
0.1067,-0.2474,0.4321,1,26.35,0.00,851.52,877.87,0,0.8217
0.1067,-0.2474,0.4321,1,42.22,0.00,1555.93,1598.14,0,2.7187
0.1067,-0.2474,0.4321,1,16.14,0.00,1231.89,1248.02,0,1.5048
0.1067,-0.2474,0.4321,1,40.14,0.00,1148.48,1188.61,0,1.5367
0.1067,-0.2474,0.4321,1,31.69,0.00,1147.16,1178.85,0,1.5767
0.1067,-0.2474,0.4321,1,30.38,0.00,1507.48,1537.86,0,2.7562
0.1067,-0.2474,0.4321,1,34.05,0.00,694.31,728.36,0,0.5069
0.1067,-0.2474,0.4321,1,43.11,0.00,1514.58,1557.69,0,2.5756
0.1067,-0.2474,0.4321,1,16.73,0.00,731.70,748.44,0,0.4548
0.1067,-0.2474,0.4321,1,28.41,0.00,1230.06,1258.47,0,1.5198
0.0239,-0.3144,0.4321,1,23.63,0.00,894.86,918.50,0,1.5472
0.0374,-0.2762,0.4321,1,26.33,0.00,1232.04,1258.38,0,2.4509
0.0738,-0.3150,0.4321,1,19.74,0.00,1848.26,1868.00,0,4.1885
0.1022,-0.2537,0.4322,1,28.40,0.00,890.00,918.40,0,1.2323
0.0556,-0.2227,0.4322,1,38.16,0.00,749.96,788.12,0,0.8193
0.0751,-0.2575,0.4322,1,38.11,0.00,2010.34,2048.45,0,4.7726
0.0669,-0.2641,0.4322,1,20.91,0.00,428.27,449.18,0,0.0970
0.1359,-0.1351,0.4322,1,33.12,0.00,1774.09,1807.21,0,2.2423
0.1067,-0.2475,0.4322,1,37.01,0.00,1351.59,1388.61,0,3.1126
0.0803,-0.2884,0.4322,1,36.33,0.00,691.04,727.38,0,0.7602
0.0237,-0.3130,0.4322,1,28.10,0.00,1550.84,1578.94,0,1.9342
0.0961,-0.1514,0.4322,1,32.97,0.00,1115.23,1148.20,0,2.6518
0.1370,-0.1167,0.4322,1,39.58,0.00,948.50,988.08,0,1.6856
0.0787,-0.2929,0.4322,1,34.95,0.00,1453.20,1488.15,0,2.7267
0.1370,-0.1242,0.4322,1,30.50,0.00,1407.96,1438.47,0,3.2874
0.2530,-0.1507,0.4322,1,34.38,0.00,1452.78,1487.16,0,3.2525
0.2530,-0.1507,0.4322,1,22.34,0.00,1846.55,1868.89,0,3.1746
0.1022,-0.2539,0.4322,1,29.57,0.00,1328.57,1358.14,0,2.0823
0.0729,-0.2041,0.4322,1,21.07,0.00,1447.15,1468.22,0,2.2813
0.0729,-0.2041,0.4322,1,24.48,0.00,1213.39,1237.87,0,1.7530
0.0729,-0.2041,0.4322,1,24.49,0.00,1023.82,1048.32,0,1.1987
0.0729,-0.2041,0.4322,1,31.62,0.00,1127.64,1159.26,0,1.5968
0.0729,-0.2041,0.4322,1,32.54,0.00,455.10,487.64,0,0.1719
0.0729,-0.2041,0.4322,1,12.33,0.00,446.17,458.50,0,0.1840
0.0729,-0.2041,0.4322,1,20.80,0.00,387.44,408.24,0,0.1612
0.0729,-0.2041,0.4322,1,16.72,0.00,531.55,548.27,0,0.3054
0.0729,-0.2041,0.4322,1,36.52,0.00,953.60,990.11,0,1.1092
0.0729,-0.2041,0.4322,1,23.75,0.00,1373.31,1397.06,0,2.2918
0.0729,-0.2041,0.4322,1,29.89,0.00,1468.41,1498.29,0,2.5114
0.0729,-0.2041,0.4322,1,24.60,0.00,374.83,399.42,0,0.1112
0.0729,-0.2041,0.4322,1,30.93,0.00,886.88,917.81,0,0.7368
0.0729,-0.2041,0.4322,1,31.35,0.00,366.76,398.11,0,0.0986
0.0729,-0.2041,0.4322,1,33.52,0.00,1334.06,1367.59,0,1.8617
0.0729,-0.2041,0.4322,1,25.73,0.00,492.73,518.46,0,0.2087
0.0729,-0.2041,0.4322,1,29.76,0.00,1548.49,1578.25,0,2.9410
0.0729,-0.2041,0.4322,1,22.25,0.00,666.38,688.63,0,0.5132
0.0729,-0.2041,0.4322,1,31.42,0.00,1828.19,1859.61,0,3.9774
0.0729,-0.2041,0.4322,1,21.52,0.00,415.61,437.13,0,0.1317
0.0729,-0.2041,0.4322,1,42.58,0.00,1275.76,1318.34,0,1.9162
0.0729,-0.2041,0.4322,1,33.49,0.00,694.30,727.79,0,0.5274
0.2530,-0.1508,0.4322,1,43.80,0.00,1654.92,1698.72,0,3.0127
0.2530,-0.1508,0.4322,1,30.69,0.00,927.51,958.21,0,0.7605
0.2530,-0.1508,0.4322,1,19.93,0.00,508.23,528.16,0,0.2026
0.2530,-0.1508,0.4322,1,27.15,0.00,1910.92,1938.07,0,3.3862
0.2530,-0.1508,0.4322,1,20.31,0.00,208.31,228.63,0,0.0306
0.2530,-0.1508,0.4322,1,26.52,0.00,1811.44,1837.96,0,3.0000
0.2530,-0.1508,0.4322,1,18.26,0.00,1110.39,1128.65,0,1.1349
0.2530,-0.1508,0.4322,1,37.88,0.00,1170.77,1208.64,0,1.2259
0.2530,-0.1508,0.4322,1,34.32,0.00,1833.51,1867.83,0,3.1611
0.2530,-0.1508,0.4322,1,13.91,0.00,1314.66,1328.57,0,1.5941
0.2530,-0.1508,0.4322,1,28.79,0.00,1470.09,1498.88,0,1.9412
0.2530,-0.1508,0.4322,1,27.81,0.00,2010.10,2037.91,0,3.8032
0.2530,-0.1508,0.4322,1,22.48,0.00,555.64,578.13,0,0.2293
0.2530,-0.1508,0.4322,1,21.19,0.00,2087.91,2109.10,0,4.1236
0.2530,-0.1508,0.4322,1,18.41,0.00,570.32,588.73,0,0.2594
0.2530,-0.1508,0.4322,1,27.71,0.00,150.19,177.90,0,0.0086
0.2530,-0.1508,0.4322,1,30.01,0.00,568.10,598.11,0,0.2871
0.0238,-0.3138,0.4322,1,40.23,0.00,1548.44,1588.67,0,5.6343
0.1065,-0.2857,0.4322,1,28.12,0.00,909.85,937.97,0,1.0893
0.1370,-0.1186,0.4322,1,32.94,0.00,1534.85,1567.79,0,2.5926
0.2530,-0.1510,0.4322,1,27.76,0.00,1330.44,1358.20,0,2.3759
0.2530,-0.1510,0.4322,1,19.63,0.00,409.39,429.02,0,0.1043
0.2530,-0.1511,0.4322,1,44.82,0.00,1954.35,1999.18,0,3.5391
0.2530,-0.1511,0.4322,1,28.57,0.00,407.77,436.35,0,0.1303
0.2538,-0.1596,0.4322,1,20.53,0.00,468.52,489.05,0,0.2495
0.2530,-0.1510,0.4322,1,21.90,0.00,462.09,483.99,0,0.2207
0.2530,-0.1512,0.4322,1,27.55,0.00,1234.96,1262.51,0,1.3824
0.2530,-0.1512,0.4322,1,19.43,0.00,1289.20,1308.62,0,1.5586
0.2530,-0.1512,0.4322,1,18.20,0.00,430.15,448.34,0,0.1359
0.2530,-0.1512,0.4322,1,9.40,0.00,649.67,659.06,0,0.3687
0.2530,-0.1512,0.4322,1,32.67,0.00,1075.04,1107.71,0,1.0625
0.2530,-0.1512,0.4322,1,20.17,0.00,548.33,568.51,0,0.2438
0.2530,-0.1512,0.4322,1,31.61,0.00,1466.37,1497.99,0,1.9980
0.2530,-0.1512,0.4322,1,42.01,0.00,1726.77,1768.78,0,2.8268
0.2530,-0.1512,0.4322,1,10.18,0.00,687.74,697.93,0,0.3926
0.2530,-0.1512,0.4322,1,37.00,0.00,1411.52,1448.52,0,1.8815
0.2530,-0.1512,0.4322,1,26.95,0.00,1691.20,1718.15,0,2.7407
0.2530,-0.1512,0.4322,1,19.63,0.00,428.63,448.25,0,0.1312
0.2530,-0.1512,0.4322,1,39.97,0.00,1448.23,1488.21,0,1.9818
0.2530,-0.1512,0.4322,1,30.61,0.00,647.78,678.39,0,0.3657
0.2530,-0.1512,0.4322,1,32.40,0.00,1155.73,1188.13,0,1.2258
0.2530,-0.1512,0.4322,1,18.80,0.00,169.83,188.63,0,0.0113
0.2530,-0.1512,0.4322,1,19.21,0.00,289.32,308.53,0,0.0554
0.2530,-0.1512,0.4322,1,20.42,0.00,568.24,588.66,0,0.2707
0.2530,-0.1512,0.4322,1,21.51,0.00,1325.98,1347.49,0,1.6610
0.2530,-0.1512,0.4322,1,39.14,0.00,1489.53,1528.67,0,2.1253
0.2530,-0.1512,0.4322,1,32.29,0.00,2026.33,2058.63,0,3.8390
0.2530,-0.1511,0.4322,1,17.58,0.00,330.85,348.42,0,0.0800
0.2530,-0.1511,0.4322,1,32.99,0.00,1414.51,1447.50,0,1.7868
0.2530,-0.1513,0.4322,1,33.60,0.00,1255.23,1288.83,0,1.4573
0.1022,-0.2534,0.4322,1,53.84,0.00,1634.27,1688.11,0,2.5728
0.0730,-0.2042,0.4322,1,29.01,0.00,749.41,778.42,0,0.8129
0.0730,-0.2042,0.4322,1,39.77,0.00,1128.90,1168.67,0,1.4962
0.0730,-0.2042,0.4322,1,42.95,0.00,1574.33,1617.28,0,2.9816
0.0730,-0.2042,0.4322,1,39.79,0.00,2069.01,2108.81,0,5.0158
0.0730,-0.2042,0.4322,1,48.63,0.00,2210.01,2258.64,0,5.6650
0.0730,-0.2042,0.4322,1,29.11,0.00,169.05,198.16,0,0.0113
0.0730,-0.2042,0.4322,1,45.77,0.00,1312.18,1357.95,0,2.1094
0.0730,-0.2042,0.4322,1,33.73,0.00,556.31,590.03,0,0.3266
0.0730,-0.2042,0.4322,1,11.06,0.00,575.69,586.75,0,0.3387
0.0730,-0.2042,0.4322,1,28.36,0.00,1328.60,1356.96,0,2.1214
0.0730,-0.2042,0.4322,1,20.83,0.00,208.00,228.82,0,0.0143
0.0730,-0.2042,0.4322,1,9.45,0.00,128.07,137.51,0,0.0042
0.0730,-0.2042,0.4322,1,8.34,0.00,170.49,178.82,0,0.0118
0.0730,-0.2042,0.4322,1,20.00,0.00,188.58,208.58,0,0.0172
0.0730,-0.2042,0.4322,1,20.89,0.00,147.64,168.53,0,0.0113
0.0730,-0.2042,0.4322,1,20.54,0.00,327.57,348.11,0,0.1057
0.0730,-0.2042,0.4322,1,33.20,0.00,295.61,328.82,0,0.0857
0.0730,-0.2042,0.4322,1,21.90,0.00,206.18,228.08,0,0.0166
0.0730,-0.2042,0.4322,1,19.73,0.00,489.15,508.88,0,0.2594
0.0730,-0.2042,0.4322,1,9.93,0.00,247.97,257.90,0,0.0384
0.0730,-0.2042,0.4322,1,32.63,0.00,497.14,529.77,0,0.2802
0.0730,-0.2042,0.4322,1,19.47,0.00,227.24,246.71,0,0.0178
0.0730,-0.2042,0.4322,1,20.31,0.00,1588.71,1609.01,0,3.0166
0.0730,-0.2042,0.4322,1,42.43,0.00,713.09,755.52,0,0.5654
0.0730,-0.2042,0.4322,1,26.85,0.00,1452.04,1478.89,0,2.5013
0.0730,-0.2042,0.4322,1,18.34,0.00,149.58,167.93,0,0.0169
0.0730,-0.2042,0.4322,1,31.54,0.00,166.70,198.24,0,0.0136
0.0730,-0.2042,0.4322,1,20.34,0.00,128.01,148.35,0,0.0050
0.0730,-0.2042,0.4322,1,27.23,0.00,370.73,397.96,0,0.1539
0.0730,-0.2042,0.4322,1,32.00,0.00,1206.38,1238.38,0,1.7527
0.0730,-0.2042,0.4322,1,29.52,0.00,1250.53,1280.05,0,1.8712
0.0730,-0.2042,0.4322,1,18.44,0.00,149.09,167.54,0,0.0162
0.0730,-0.2042,0.4322,1,20.51,0.00,207.64,228.15,0,0.0187
0.0730,-0.2042,0.4322,1,19.74,0.00,168.27,188.01,0,0.0124
0.0730,-0.2042,0.4322,1,28.36,0.00,171.16,199.52,0,0.0118
0.0730,-0.2042,0.4322,1,11.14,0.00,256.22,267.36,0,0.0470
0.0730,-0.2042,0.4322,1,30.26,0.00,1349.11,1379.38,0,2.2212
0.0730,-0.2042,0.4322,1,19.95,0.00,407.23,427.18,0,0.1537
0.0730,-0.2042,0.4322,1,29.86,0.00,949.28,979.14,0,1.0547
0.0730,-0.2042,0.4322,1,29.22,0.00,1588.23,1617.45,0,3.0464
0.0730,-0.2042,0.4322,1,33.03,0.00,654.95,687.97,0,0.4132
0.0730,-0.2042,0.4322,1,38.71,0.00,1089.39,1128.10,0,1.3386
0.0730,-0.2042,0.4322,1,30.36,0.00,1448.35,1478.72,0,2.2898
0.0730,-0.2042,0.4322,1,29.92,0.00,1768.17,1798.08,0,3.5922
0.0730,-0.2042,0.4322,1,36.41,0.00,931.66,968.07,0,0.9816
0.0730,-0.2042,0.4322,1,19.46,0.00,1129.68,1149.14,0,1.4816
0.0730,-0.2042,0.4322,1,35.67,0.00,1751.63,1787.30,0,3.4366
0.0730,-0.2042,0.4322,1,28.85,0.00,1550.00,1578.86,0,2.5751
0.0730,-0.2042,0.4322,1,23.43,0.00,1214.35,1237.78,0,1.7496
0.0730,-0.2042,0.4322,1,32.21,0.00,355.82,388.03,0,0.0919
0.0730,-0.2042,0.4322,1,32.61,0.00,335.67,368.27,0,0.1003
0.0730,-0.2042,0.4322,1,36.41,0.00,952.56,988.97,0,1.0622
0.0730,-0.2042,0.4322,1,23.00,0.00,1195.57,1218.57,0,1.6253
0.0730,-0.2042,0.4322,1,31.42,0.00,1487.23,1518.65,0,2.6220
0.0730,-0.2042,0.4322,1,26.51,0.00,991.31,1017.82,0,1.1804
0.0730,-0.2042,0.4322,1,30.17,0.00,1808.85,1839.02,0,3.4984
0.0730,-0.2042,0.4322,1,18.03,0.00,343.60,361.63,0,0.0686
0.0730,-0.2042,0.4322,1,25.93,0.00,348.48,374.42,0,0.0748
0.0730,-0.2042,0.4322,1,51.78,0.00,2096.77,2148.55,0,4.9891
0.0730,-0.2042,0.4322,1,24.13,0.00,433.82,457.95,0,0.1857
0.0730,-0.2042,0.4322,1,39.14,0.00,1109.23,1148.37,0,1.4875
0.0730,-0.2042,0.4322,1,30.11,0.00,447.89,477.99,0,0.2188
0.0730,-0.2042,0.4322,1,32.62,0.00,1416.61,1449.23,0,2.2061
0.0730,-0.2042,0.4322,1,40.14,0.00,1547.05,1587.19,0,2.2383
0.0730,-0.2042,0.4322,1,35.01,0.00,1993.11,2028.12,0,4.1115
0.0730,-0.2042,0.4322,1,40.20,0.00,1588.81,1629.01,0,2.9771
0.0730,-0.2042,0.4322,1,34.78,0.00,1333.65,1368.43,0,2.1399
0.0730,-0.2042,0.4322,1,43.87,0.00,2674.13,2718.00,0,9.8972
0.0730,-0.2042,0.4322,1,33.00,0.00,635.23,668.23,0,0.3009
0.0730,-0.2042,0.4322,1,37.06,0.00,3070.97,3108.03,0,7.8483
0.0730,-0.2042,0.4322,1,35.04,0.00,1433.48,1468.52,0,1.9566
0.0730,-0.2042,0.4322,1,32.08,0.00,1606.71,1638.79,0,3.0735
0.0730,-0.2042,0.4322,1,29.91,0.00,1188.10,1218.00,0,1.6868
0.0730,-0.2042,0.4322,1,25.49,0.00,1432.63,1458.12,0,2.4754
0.0730,-0.2042,0.4322,1,31.46,0.00,386.48,417.94,0,0.1360
0.0730,-0.2042,0.4322,1,27.42,0.00,1370.88,1398.30,0,2.2734
0.0730,-0.2042,0.4322,1,36.39,0.00,671.97,708.36,0,0.4892
0.0730,-0.2042,0.4322,1,27.49,0.00,1271.33,1298.82,0,1.6852
0.0730,-0.2042,0.4322,1,37.99,0.00,1490.22,1528.22,0,2.4647
0.0730,-0.2042,0.4322,1,26.36,0.00,1531.84,1558.20,0,2.8636
0.0730,-0.2042,0.4322,1,21.46,0.00,1526.60,1548.07,0,2.7822
0.0730,-0.2042,0.4322,1,33.88,0.00,1774.06,1807.93,0,3.3833
0.0730,-0.2042,0.4322,1,27.65,0.00,930.59,958.25,0,0.7207
0.0730,-0.2042,0.4322,1,38.80,0.00,3189.04,3227.83,0,7.6462
0.0730,-0.2042,0.4322,1,35.29,0.00,633.46,668.76,0,0.2937
0.0730,-0.2042,0.4322,1,29.44,0.00,549.00,578.44,0,0.2170
0.0730,-0.2042,0.4322,1,51.71,0.00,3067.04,3118.75,0,7.8772
0.0730,-0.2042,0.4322,1,21.13,0.00,1385.52,1406.66,0,1.9050
0.0730,-0.2042,0.4322,1,29.74,0.00,911.38,941.12,0,0.8893
0.0730,-0.2042,0.4322,1,32.07,0.00,1395.10,1427.17,0,2.3077
0.0730,-0.2042,0.4322,1,32.02,0.00,1355.87,1387.89,0,2.2146
0.0730,-0.2042,0.4322,1,19.55,0.00,1189.57,1209.12,0,1.5019
0.0730,-0.2042,0.4322,1,25.31,0.00,734.38,759.68,0,0.4741
0.0730,-0.2042,0.4322,1,34.89,0.00,1791.75,1826.64,0,3.7380
0.0730,-0.2042,0.4322,1,33.21,0.00,1154.64,1187.86,0,1.5724
0.0730,-0.2042,0.4322,1,28.00,0.00,1250.51,1278.51,0,1.8585
0.0730,-0.2042,0.4322,1,35.24,0.00,855.14,890.38,0,0.8145
0.0730,-0.2042,0.4322,1,28.04,0.00,1367.85,1395.89,0,2.2239
0.0730,-0.2042,0.4322,1,33.77,0.00,1095.91,1129.68,0,1.4446
0.0730,-0.2042,0.4322,1,29.62,0.00,1067.27,1096.89,0,1.3284
0.0730,-0.2042,0.4322,1,29.40,0.00,1028.97,1058.37,0,1.2296
0.0730,-0.2042,0.4322,1,33.35,0.00,734.51,767.86,0,0.5078
0.0730,-0.2042,0.4322,1,32.24,0.00,686.38,718.62,0,0.4678
0.0730,-0.2042,0.4322,1,47.70,0.00,1570.22,1617.92,0,2.9021
0.0730,-0.2042,0.4322,1,22.02,0.00,601.31,623.33,0,0.3357
0.0730,-0.2042,0.4322,1,34.98,0.00,1272.52,1307.50,0,1.9141
0.0730,-0.2042,0.4322,1,26.36,0.00,888.98,915.34,0,0.9344
0.0730,-0.2042,0.4322,1,30.04,0.00,1087.75,1117.79,0,1.3986
0.0730,-0.2042,0.4322,1,48.78,0.00,1489.62,1538.40,0,2.6953
0.0730,-0.2042,0.4322,1,21.31,0.00,306.86,328.17,0,0.0752
0.0730,-0.2042,0.4322,1,28.97,0.00,1470.25,1499.22,0,2.6151
0.0730,-0.2042,0.4322,1,38.57,0.00,968.68,1007.25,0,1.0823
0.0730,-0.2042,0.4322,1,32.17,0.00,1566.56,1598.73,0,2.9442
0.0730,-0.2042,0.4322,1,42.04,0.00,1615.60,1657.65,0,2.5042
0.0730,-0.2042,0.4322,1,34.12,0.00,834.64,868.75,0,0.5525
0.0730,-0.2042,0.4322,1,11.12,0.00,446.66,457.78,0,0.1320
0.0730,-0.2042,0.4322,1,42.93,0.00,1895.40,1938.33,0,3.4287
0.0730,-0.2042,0.4322,1,33.63,0.00,1714.88,1748.51,0,3.5305
0.0730,-0.2042,0.4322,1,47.08,0.00,1351.72,1398.80,0,2.1615
0.0730,-0.2042,0.4322,1,37.70,0.00,990.19,1027.90,0,1.1845
0.0730,-0.2042,0.4322,1,24.47,0.00,1133.68,1158.15,0,1.5116
0.2530,-0.1514,0.4322,1,23.93,0.00,1494.70,1518.63,0,1.8588
0.1370,-0.1165,0.4322,1,44.52,0.00,1734.46,1778.98,0,3.4550
0.2530,-0.1516,0.4322,1,36.88,0.00,1549.68,1586.56,0,2.8821
0.2515,-0.1467,0.4322,1,25.60,0.00,913.49,939.08,0,0.8118
0.0729,-0.2043,0.4322,1,34.72,0.00,1473.36,1508.08,0,3.4950
0.2530,-0.1517,0.4322,1,39.60,0.00,1488.36,1527.96,0,2.1266
0.2530,-0.1517,0.4322,1,30.79,0.00,1228.51,1259.30,0,1.3914
0.2530,-0.1517,0.4322,1,21.16,0.00,186.46,207.62,0,0.0189
0.2530,-0.1516,0.4322,1,27.56,0.00,1531.12,1558.68,0,2.2117
0.2530,-0.1516,0.4322,1,40.52,0.00,2027.62,2068.14,0,3.9141
0.1067,-0.2474,0.4322,1,25.48,0.00,1672.67,1698.15,0,2.9194
0.1067,-0.2474,0.4322,1,39.00,0.00,1982.34,2021.34,0,4.3071
0.2530,-0.1518,0.4322,1,39.95,0.00,1514.97,1554.91,0,2.3046
0.2530,-0.1517,0.4322,1,35.99,0.00,1112.90,1148.89,0,1.1291
0.2530,-0.1517,0.4322,1,20.72,0.00,407.14,427.86,0,0.1311
0.2530,-0.1517,0.4322,1,30.64,0.00,1687.83,1718.47,0,2.6368
0.2530,-0.1517,0.4322,1,27.95,0.00,1509.70,1537.65,0,2.1654
0.2530,-0.1517,0.4322,1,28.39,0.00,1110.95,1139.34,0,1.0829
0.2530,-0.1517,0.4322,1,29.19,0.00,1128.23,1157.42,0,1.1171
0.2530,-0.1517,0.4322,1,26.29,0.00,911.67,937.96,0,0.7462
0.2530,-0.1517,0.4322,1,18.43,0.00,229.73,248.16,0,0.0265
0.2530,-0.1517,0.4322,1,30.46,0.00,1628.37,1658.82,0,2.4041
0.2530,-0.1516,0.4322,1,21.48,0.00,345.83,367.31,0,0.0825
0.2530,-0.1516,0.4322,1,21.99,0.00,686.91,708.90,0,0.4116
0.0730,-0.2041,0.4322,1,39.92,0.00,1488.26,1528.18,0,2.6060
0.0730,-0.2041,0.4322,1,33.36,0.00,1675.14,1708.51,0,3.3962
0.0730,-0.2041,0.4322,1,18.52,0.00,449.92,468.44,0,0.2204
0.0730,-0.2041,0.4322,1,26.23,0.00,752.49,778.71,0,0.6507
0.0730,-0.2041,0.4322,1,37.24,0.00,1411.05,1448.29,0,2.4306
0.0730,-0.2041,0.4322,1,22.81,0.00,1295.47,1318.29,0,1.7062
0.0730,-0.2041,0.4322,1,25.01,0.00,653.51,678.52,0,0.3691
0.0730,-0.2041,0.4322,1,39.73,0.00,588.34,628.07,0,0.3256
0.0730,-0.2041,0.4322,1,33.54,0.00,1154.16,1187.70,0,1.3925
0.0730,-0.2041,0.4322,1,33.11,0.00,1255.75,1288.87,0,1.6769
0.1370,-0.1239,0.4322,1,31.01,0.00,1726.86,1757.87,0,4.5992
0.0730,-0.2043,0.4322,1,32.30,0.00,936.45,968.75,0,1.6323
0.0730,-0.2042,0.4322,1,34.91,0.00,1113.49,1148.40,0,1.4812
0.0261,-0.3220,0.4322,1,24.88,0.00,1153.45,1178.33,0,1.5587
0.0675,-0.2436,0.4322,1,19.46,0.00,1388.72,1408.18,0,1.6243
0.1371,-0.1177,0.4322,1,31.54,0.00,1366.89,1398.43,0,1.7301
0.1370,-0.1173,0.4322,1,29.58,0.00,1108.81,1138.39,0,1.4254
0.0731,-0.2042,0.4322,1,31.96,0.00,1186.66,1218.62,0,1.1895
0.0731,-0.2042,0.4322,1,21.41,0.00,346.93,368.34,0,0.1021
0.0731,-0.2042,0.4322,1,20.99,0.00,187.76,208.74,0,0.0327
0.0731,-0.2042,0.4322,1,19.59,0.00,228.67,248.27,0,0.0390
0.0731,-0.2042,0.4322,1,28.28,0.00,1209.35,1237.63,0,1.8032
0.0731,-0.2042,0.4322,1,23.16,0.00,495.25,518.41,0,0.2357
0.0731,-0.2042,0.4322,1,37.86,0.00,1730.54,1768.40,0,3.4761
0.0731,-0.2042,0.4322,1,26.16,0.00,952.42,978.58,0,0.8902
0.0731,-0.2042,0.4322,1,31.36,0.00,986.72,1018.08,0,1.0647
0.0731,-0.2042,0.4322,1,36.23,0.00,1292.56,1328.79,0,1.7887
0.0731,-0.2042,0.4322,1,35.88,0.00,953.18,989.05,0,0.9028
0.0731,-0.2042,0.4322,1,34.89,0.00,552.59,587.49,0,0.2859
0.0731,-0.2042,0.4322,1,31.76,0.00,638.21,669.97,0,0.3841
0.0731,-0.2042,0.4322,1,28.71,0.00,1327.23,1355.94,0,2.1227
0.0731,-0.2042,0.4322,1,27.91,0.00,1514.38,1542.29,0,2.6451
0.0731,-0.2042,0.4322,1,30.53,0.00,314.54,345.07,0,0.0625
0.0731,-0.2042,0.4322,1,22.58,0.00,478.05,500.63,0,0.1827
0.0731,-0.2042,0.4322,1,34.25,0.00,591.16,625.42,0,0.2918
0.0731,-0.2042,0.4322,1,21.91,0.00,1426.58,1448.48,0,2.3499
0.0731,-0.2042,0.4322,1,28.92,0.00,789.20,818.12,0,0.7262
0.0731,-0.2042,0.4322,1,34.17,0.00,1434.10,1468.26,0,2.4666
0.0731,-0.2042,0.4322,1,19.96,0.00,1788.67,1808.63,0,3.8494
0.0731,-0.2042,0.4322,1,26.50,0.00,1771.32,1797.82,0,3.7381
0.0731,-0.2042,0.4322,1,33.44,0.00,395.21,428.64,0,0.1419
0.0731,-0.2042,0.4322,1,30.79,0.00,749.03,779.82,0,0.6806
0.0731,-0.2042,0.4322,1,28.06,0.00,1368.18,1396.24,0,2.2956
0.0731,-0.2042,0.4322,1,40.90,0.00,1470.22,1511.11,0,2.4815
0.0731,-0.2042,0.4322,1,41.72,0.00,1233.86,1275.58,0,1.7041
0.0731,-0.2042,0.4322,1,41.86,0.00,1726.56,1768.42,0,3.2256
0.1370,-0.1163,0.4322,1,41.96,0.00,1116.67,1158.63,0,2.4747
0.1370,-0.1163,0.4322,1,34.64,0.00,1093.18,1127.82,0,1.2776
0.0238,-0.3124,0.4322,1,38.20,0.00,1270.69,1308.89,0,3.2761
0.2394,-0.2925,0.4322,1,45.15,0.00,1452.95,1498.11,0,4.5550
0.1020,-0.2592,0.4322,1,44.31,0.00,1495.05,1539.36,0,2.7519
0.0730,-0.2043,0.4322,1,30.83,0.00,1006.79,1037.62,0,1.8146
0.0730,-0.2043,0.4322,1,32.58,0.00,1094.79,1127.37,0,1.4623
0.0731,-0.2041,0.4322,1,13.12,0.00,1476.33,1489.44,0,2.5938
0.0378,-0.2761,0.4322,1,32.12,0.00,975.91,1008.03,0,1.2828
0.1370,-0.1168,0.4322,1,35.89,0.00,1572.15,1608.04,0,2.6490
0.0555,-0.2230,0.4322,1,25.31,0.00,973.03,998.34,0,2.0523
0.1370,-0.1163,0.4322,1,17.65,0.00,1070.74,1088.38,0,2.3120
0.0731,-0.2043,0.4322,1,26.39,0.00,888.33,914.73,0,1.8113
0.0726,-0.3157,0.4322,1,36.03,0.00,996.06,1032.09,0,1.6692
0.0731,-0.2042,0.4322,1,45.77,0.00,1072.93,1118.71,0,1.8337
0.0676,-0.2436,0.4323,1,45.91,0.00,1252.04,1297.95,0,2.2254
0.0407,-0.3410,0.4323,1,39.31,0.00,1409.41,1448.72,0,2.6618
0.0730,-0.2044,0.4323,1,17.22,0.00,1630.50,1647.73,0,3.8213
0.0785,-0.2933,0.4323,1,34.42,0.00,953.27,987.69,0,1.3188
0.0732,-0.2042,0.4323,1,22.20,0.00,1146.66,1168.87,0,2.2188
0.0731,-0.2044,0.4323,1,38.90,0.00,628.92,667.82,0,0.4521
0.0731,-0.2043,0.4323,1,28.13,0.00,1070.77,1098.89,0,1.3801
0.0671,-0.2440,0.4323,1,27.57,0.00,1110.30,1137.87,0,2.0975
0.1371,-0.1179,0.4323,1,45.45,0.00,1092.84,1138.29,0,2.0758
0.0730,-0.2045,0.4323,1,27.78,0.00,790.20,817.98,0,1.3345
0.0376,-0.2840,0.4323,1,37.05,0.00,1292.14,1329.19,0,3.1693
0.1370,-0.1161,0.4323,1,30.63,0.00,1447.42,1478.05,0,3.9508
0.0670,-0.2441,0.4323,1,33.39,0.00,1535.59,1568.99,0,1.5134
0.1370,-0.1235,0.4323,1,29.92,0.00,1687.68,1717.60,0,2.1645
0.1370,-0.1170,0.4323,1,31.16,0.00,803.80,834.96,0,0.7992
0.1068,-0.2474,0.4323,1,31.70,0.00,1190.14,1221.84,0,1.9213
0.0980,-0.2679,0.4323,1,33.53,0.00,994.34,1027.87,0,1.3513
0.2531,-0.1517,0.4323,1,38.32,0.00,1730.29,1768.60,0,3.0054
0.2393,-0.2925,0.4323,1,36.41,0.00,1252.31,1288.72,0,1.2776
0.0675,-0.2436,0.4323,1,32.92,0.00,1615.61,1648.54,0,2.5581
0.0674,-0.2437,0.4323,1,18.80,0.00,1408.86,1427.66,0,1.8876
0.0378,-0.2761,0.4323,1,27.34,0.00,1592.37,1619.71,0,2.3106
0.0378,-0.2761,0.4323,1,39.64,0.00,1807.34,1846.98,0,4.1592
0.0545,-0.2240,0.4323,1,22.20,0.00,1476.20,1498.41,0,2.1849
0.1371,-0.1182,0.4323,1,32.32,0.00,1055.55,1087.86,0,2.0007
0.1370,-0.1194,0.4323,1,21.28,0.00,166.78,188.07,0,0.0111
0.0961,-0.1519,0.4323,1,31.87,0.00,747.10,778.97,0,0.6443
0.0542,-0.2243,0.4323,1,30.48,0.00,1168.07,1198.55,0,0.9314
0.1020,-0.2590,0.4323,1,19.52,0.00,1829.64,1849.16,0,4.3841
0.2273,-0.2797,0.4323,1,41.97,0.00,1455.22,1497.19,0,3.5070
0.0731,-0.2046,0.4323,1,26.65,0.00,1531.60,1558.25,0,2.7705
0.0731,-0.2046,0.4323,1,18.38,0.00,1429.48,1447.86,0,2.4193
0.0731,-0.2046,0.4323,1,47.47,0.00,2131.03,2178.50,0,5.2924
0.0731,-0.2046,0.4323,1,21.59,0.00,386.58,408.17,0,0.1168
0.0731,-0.2046,0.4323,1,33.11,0.00,1415.50,1448.61,0,2.1088
0.0731,-0.2046,0.4323,1,32.08,0.00,1517.14,1549.23,0,2.7694
0.0975,-0.1362,0.4323,1,24.50,0.00,1912.80,1937.30,0,3.7059
0.2321,-0.2914,0.4323,1,11.95,0.00,1567.23,1579.18,0,2.1836
0.0552,-0.2235,0.4323,1,36.62,0.00,1610.17,1646.78,0,3.1715
0.0549,-0.2238,0.4323,1,38.19,0.00,1070.45,1108.64,0,1.1685
0.0837,-0.2847,0.4323,1,34.05,0.00,1553.81,1587.87,0,2.3394
0.1022,-0.2544,0.4323,1,36.10,0.00,1532.31,1568.41,0,2.3758
0.0534,-0.2249,0.4323,1,41.86,0.00,1617.14,1659.00,0,3.5552
0.0263,-0.3223,0.4323,1,30.37,0.00,1268.16,1298.53,0,1.3004
0.1020,-0.2585,0.4323,1,39.17,0.00,1107.94,1147.11,0,1.0944
0.0555,-0.2233,0.4323,1,24.59,0.00,2113.80,2138.39,0,4.8615
0.0673,-0.2439,0.4323,1,49.35,0.00,1588.33,1637.68,0,2.1957
0.0539,-0.2246,0.4323,1,30.27,0.00,1828.53,1858.80,0,2.9785
0.1370,-0.1231,0.4323,1,20.02,0.00,1128.08,1148.10,0,2.5235
0.0724,-0.3159,0.4323,1,33.46,0.00,2154.85,2188.30,0,3.3275
0.0408,-0.3404,0.4323,1,45.16,0.00,1353.77,1398.93,0,2.7018
0.1370,-0.1196,0.4323,1,30.77,0.00,1686.92,1717.69,0,3.2046
0.0840,-0.2843,0.4323,1,30.81,0.00,1728.18,1758.99,0,2.0477
0.0982,-0.2678,0.4323,1,42.20,0.00,713.32,755.51,0,0.8563
0.0531,-0.2253,0.4323,1,32.42,0.00,1829.77,1862.19,0,3.9022
0.1022,-0.2579,0.4323,1,31.31,0.00,1256.08,1287.38,0,1.7147
0.2275,-0.2796,0.4323,1,31.98,0.00,1595.43,1627.41,0,3.9489
0.2275,-0.2796,0.4323,1,29.35,0.00,1688.77,1718.12,0,2.7423
0.2275,-0.2796,0.4323,1,40.09,0.00,1988.69,2028.78,0,3.4676
0.0667,-0.2647,0.4323,1,45.02,0.00,1452.93,1497.95,0,2.9293
0.2542,-0.1584,0.4324,1,23.08,0.00,1814.80,1837.88,0,6.0525
0.0680,-0.2436,0.4324,1,38.13,0.00,1430.27,1468.40,0,2.2683
0.2530,-0.1516,0.4324,1,33.57,0.00,1594.44,1628.01,0,3.0288
0.1371,-0.1189,0.4324,1,28.94,0.00,1329.79,1358.73,0,1.3940
0.2261,-0.2797,0.4324,1,37.53,0.00,1391.56,1429.09,0,2.4461
0.1370,-0.1200,0.4324,1,28.15,0.00,1388.95,1417.10,0,2.0354
0.0379,-0.2761,0.4324,1,20.74,0.00,1267.15,1287.90,0,2.8346
0.0747,-0.2177,0.4324,1,26.89,0.00,1091.34,1118.24,0,1.2858
0.1371,-0.1159,0.4324,1,45.11,0.00,1252.95,1298.06,0,2.8669
0.0834,-0.2853,0.4324,1,28.06,0.00,1810.76,1838.82,0,2.0665
0.0265,-0.3226,0.4324,1,42.19,0.00,2555.60,2597.79,0,9.5813
0.1358,-0.1353,0.4324,1,53.36,0.00,3137.10,3190.46,0,9.0409
0.0523,-0.2260,0.4324,1,31.26,0.00,1695.01,1726.27,0,2.5770
0.0977,-0.1361,0.4324,1,37.27,0.00,1411.65,1448.92,0,1.7593
0.0390,-0.3573,0.4324,1,27.24,0.00,1930.15,1957.38,0,3.4083
0.2531,-0.1517,0.4324,1,26.55,0.00,1451.51,1478.05,0,4.1273
0.0528,-0.2256,0.4324,1,43.79,0.00,1495.13,1538.92,0,3.7349
0.2262,-0.2798,0.4324,1,25.45,0.00,1532.48,1557.93,0,1.9732
0.0681,-0.2436,0.4324,1,30.66,0.00,1462.76,1493.42,0,1.9751
0.0681,-0.2436,0.4324,1,27.49,0.00,1912.61,1940.11,0,3.6555
0.0807,-0.2881,0.4324,1,33.77,0.00,1268.70,1302.46,0,1.6885
0.0731,-0.2046,0.4324,1,43.57,0.00,2073.78,2117.35,0,4.4977
0.1371,-0.1157,0.4324,1,38.47,0.00,1949.79,1988.26,0,3.1285
0.0813,-0.2875,0.4324,1,38.26,0.00,1909.36,1947.62,0,3.0063
0.2274,-0.2797,0.4324,1,29.42,0.00,1328.95,1358.37,0,2.2399
0.2274,-0.2797,0.4324,1,37.21,0.00,1911.10,1948.31,0,3.4036
0.2274,-0.2797,0.4324,1,24.75,0.00,2373.24,2397.99,0,5.0571
0.2274,-0.2797,0.4324,1,27.26,0.00,251.67,278.93,0,0.0232
0.2274,-0.2797,0.4324,1,30.64,0.00,1847.59,1878.22,0,2.8497
0.2274,-0.2797,0.4324,1,22.09,0.00,634.79,656.88,0,0.3070
0.2274,-0.2797,0.4324,1,17.93,0.00,290.83,308.76,0,0.0555
0.2274,-0.2797,0.4324,1,43.29,0.00,1535.41,1578.70,0,2.2030
0.2274,-0.2797,0.4324,1,28.75,0.00,269.43,298.18,0,0.0621
0.2274,-0.2797,0.4324,1,43.05,0.00,1395.77,1438.82,0,1.7718
0.2274,-0.2797,0.4324,1,25.27,0.00,1612.46,1637.74,0,2.3878
0.2274,-0.2797,0.4324,1,36.68,0.00,951.46,988.15,0,0.8426
0.2274,-0.2797,0.4324,1,28.39,0.00,1409.03,1437.42,0,1.8180
0.2274,-0.2797,0.4324,1,32.28,0.00,1806.32,1838.60,0,2.7747
0.2274,-0.2797,0.4324,1,24.62,0.00,1454.32,1478.95,0,1.6395
0.2274,-0.2797,0.4324,1,30.37,0.00,887.40,917.77,0,0.6553
0.2274,-0.2797,0.4324,1,33.24,0.00,1954.95,1988.19,0,3.5262
0.2274,-0.2797,0.4324,1,30.15,0.00,1907.25,1937.40,0,3.2123
0.2274,-0.2797,0.4324,1,28.90,0.00,1850.42,1879.32,0,3.1415
0.2274,-0.2797,0.4324,1,33.20,0.00,1235.94,1269.14,0,1.4124
0.2274,-0.2797,0.4324,1,16.51,0.00,1190.95,1207.46,0,1.3131
0.2274,-0.2797,0.4324,1,36.46,0.00,1391.91,1428.37,0,1.8313
0.2274,-0.2797,0.4324,1,37.88,0.00,2150.48,2188.36,0,4.5249
0.2274,-0.2797,0.4324,1,21.36,0.00,267.47,288.83,0,0.0504
0.2274,-0.2797,0.4324,1,21.11,0.00,406.58,427.69,0,0.1464
0.2274,-0.2797,0.4324,1,26.73,0.00,1211.84,1238.57,0,1.5240
0.0519,-0.2263,0.4324,1,47.95,0.00,2150.68,2198.63,0,6.2728
0.1371,-0.1227,0.4324,1,32.36,0.00,1356.59,1388.95,0,2.2758
0.0973,-0.2689,0.4324,1,22.19,0.00,2075.05,2097.24,0,3.1515
0.0819,-0.2868,0.4324,1,39.69,0.00,1629.31,1669.00,0,3.2559
0.0682,-0.2436,0.4324,1,30.13,0.00,707.85,737.97,0,0.6936
0.0977,-0.1357,0.4324,1,58.32,0.00,1550.19,1608.51,0,4.0414
0.0815,-0.2872,0.4324,1,30.33,0.00,1067.89,1098.22,0,1.5855
0.0809,-0.2879,0.4324,1,18.58,0.00,803.24,821.82,0,0.7946
0.0732,-0.2046,0.4324,1,22.51,0.00,1252.64,1275.16,0,1.1293
0.1023,-0.2548,0.4324,1,24.47,0.00,1834.60,1859.07,0,3.7531
0.0379,-0.2760,0.4324,1,27.26,0.00,810.49,837.76,0,0.9219
0.0379,-0.2760,0.4324,1,20.11,0.00,348.86,368.96,0,0.1185
0.0379,-0.2760,0.4324,1,36.53,0.00,1651.12,1687.65,0,3.5311
0.0829,-0.2860,0.4324,1,41.02,0.00,1407.22,1448.23,0,2.2974
0.1372,-0.1155,0.4324,1,30.70,0.00,1808.48,1839.18,0,2.9265
0.1022,-0.2574,0.4324,1,33.78,0.00,2414.21,2447.99,0,4.7814
0.0683,-0.2436,0.4324,1,39.67,0.00,2088.05,2127.72,0,4.5682
0.0753,-0.2574,0.4324,1,33.50,0.00,1515.59,1549.09,0,2.0031
0.2530,-0.1517,0.4324,1,42.49,0.00,1435.11,1477.59,0,4.8433
0.2276,-0.2796,0.4324,1,33.28,0.00,1221.63,1254.92,0,0.8900
0.1068,-0.2474,0.4324,1,37.94,0.00,1395.03,1432.97,0,1.9912
0.0783,-0.2938,0.4324,1,24.72,0.00,913.62,938.33,0,0.5605
0.1372,-0.1154,0.4324,1,50.66,0.00,1616.33,1666.99,0,2.0334
0.0978,-0.2686,0.4324,1,23.35,0.00,1395.19,1418.54,0,1.8061
0.2274,-0.2798,0.4324,1,41.53,0.00,1347.06,1388.60,0,1.8110
0.2274,-0.2798,0.4324,1,37.77,0.00,1750.45,1788.22,0,2.8722
0.2274,-0.2798,0.4324,1,32.16,0.00,1015.79,1047.95,0,0.8988
0.0972,-0.2691,0.4324,1,50.13,0.00,1648.32,1698.45,0,3.5933
0.0826,-0.2864,0.4324,1,31.16,0.00,1050.46,1081.62,0,1.7173
0.1023,-0.2550,0.4324,1,41.54,0.00,573.66,615.20,0,0.5657
0.2394,-0.2925,0.4324,1,27.10,0.00,1511.17,1538.27,0,3.0462
0.1370,-0.1205,0.4325,1,24.33,0.00,1513.60,1537.93,0,3.9995
0.1372,-0.1153,0.4325,1,19.69,0.00,348.35,368.03,0,0.0386
0.1370,-0.1209,0.4325,1,20.61,0.00,387.75,408.36,0,0.0513
0.1372,-0.1152,0.4325,1,24.99,0.00,1653.24,1678.23,0,2.9819
0.0747,-0.2181,0.4325,1,40.44,0.00,1088.19,1128.63,0,1.8564
0.2275,-0.2797,0.4325,1,33.06,0.00,1534.43,1567.49,0,2.6228
0.0269,-0.3228,0.4325,1,37.54,0.00,2351.36,2388.90,0,5.8013
0.0979,-0.2684,0.4325,1,44.18,0.00,793.65,837.82,0,1.0980
0.1022,-0.2553,0.4325,1,34.77,0.00,1413.95,1448.72,0,2.3050
0.1371,-0.1222,0.4325,1,28.99,0.00,1089.22,1118.21,0,1.6000
0.0846,-0.2838,0.4325,1,30.73,0.00,1367.40,1398.13,0,3.0919
0.0979,-0.1354,0.4325,1,32.97,0.00,1675.66,1708.63,0,2.1070
0.2319,-0.2913,0.4325,1,40.29,0.00,2208.19,2248.47,0,5.1592
0.2275,-0.2797,0.4325,1,38.64,0.00,1769.48,1808.12,0,3.0434
0.0685,-0.2436,0.4325,1,13.19,0.00,1514.55,1527.74,0,3.4778
0.0671,-0.2444,0.4325,1,46.45,0.00,1552.26,1598.71,0,2.9195
0.0750,-0.2176,0.4325,1,38.18,0.00,1230.26,1268.44,0,2.0356
0.2266,-0.2798,0.4325,1,32.30,0.00,1516.71,1549.02,0,1.9640
0.0239,-0.3119,0.4325,1,24.42,0.00,1812.69,1837.11,0,4.0994
0.0517,-0.2269,0.4325,1,28.56,0.00,1430.30,1458.86,0,1.8069
0.0390,-0.3577,0.4325,1,36.21,0.00,1251.59,1287.80,0,3.1415
0.1370,-0.1216,0.4325,1,35.74,0.00,1293.84,1329.58,0,3.8219
0.2274,-0.2800,0.4325,1,39.22,0.00,1897.77,1936.98,0,2.9194
0.0671,-0.2445,0.4325,1,34.80,0.00,1973.76,2008.55,0,5.3056
0.1069,-0.2474,0.4325,1,45.10,0.00,2033.01,2078.11,0,4.7422
0.2273,-0.2796,0.4325,1,38.79,0.00,1748.83,1787.62,0,4.1486
0.0969,-0.2695,0.4325,1,33.02,0.00,1356.17,1389.19,0,1.7359
0.1358,-0.1353,0.4325,1,32.47,0.00,1495.47,1527.94,0,3.9525
0.0753,-0.2173,0.4325,1,24.53,0.00,974.12,998.65,0,1.4864
0.1373,-0.1152,0.4325,1,14.94,0.00,1793.28,1808.22,0,2.5433
0.1373,-0.1152,0.4325,1,19.44,0.00,529.02,548.46,0,0.2555
0.0972,-0.2692,0.4325,1,32.49,0.00,1495.93,1528.43,0,2.1466
0.0972,-0.2692,0.4325,1,37.61,0.00,1850.59,1888.20,0,3.3479
0.0665,-0.2653,0.4325,1,32.30,0.00,2495.12,2527.42,0,6.5946
0.2274,-0.2796,0.4325,1,40.62,0.00,1427.84,1468.46,0,2.7450
0.0380,-0.2844,0.4325,1,34.77,0.00,1393.20,1427.97,0,3.0953
0.0980,-0.1352,0.4325,1,33.58,0.00,1874.85,1908.43,0,2.8119
0.1023,-0.2571,0.4325,1,16.97,0.00,2390.74,2407.72,0,5.2637
0.2395,-0.2923,0.4326,1,21.22,0.00,1487.69,1508.91,0,2.9109
0.0381,-0.2760,0.4326,1,24.83,0.00,1553.23,1578.06,0,3.0290
0.0272,-0.3233,0.4326,1,32.54,0.00,755.58,788.12,0,0.5957
0.0980,-0.1352,0.4326,1,20.74,0.00,2007.27,2028.01,0,3.1353
0.0967,-0.2698,0.4326,1,37.13,0.00,1671.36,1708.49,0,3.9282
0.0960,-0.1525,0.4326,1,33.91,0.00,1614.84,1648.74,0,3.5548
0.1023,-0.2566,0.4326,1,40.91,0.00,1967.77,2008.68,0,3.5443
0.0270,-0.3231,0.4326,1,34.82,0.00,715.00,749.82,0,1.1728
0.0966,-0.2698,0.4326,1,25.03,0.00,791.21,816.24,0,1.0967
0.1371,-0.1213,0.4326,1,32.86,0.00,1835.81,1868.66,0,2.1599
0.0689,-0.2436,0.4326,1,25.45,0.00,1693.24,1718.69,0,2.1659
0.0689,-0.2436,0.4326,1,32.38,0.00,495.45,527.83,0,0.2487
0.0733,-0.2046,0.4326,1,33.23,0.00,1034.68,1067.91,0,0.8798
0.0515,-0.2272,0.4326,1,24.19,0.00,1234.27,1258.46,0,2.3297
0.0723,-0.3164,0.4326,1,34.73,0.00,1211.96,1246.69,0,2.6049
0.1205,-0.2974,0.4326,1,23.60,0.00,1093.80,1117.40,0,1.8113
0.2542,-0.1584,0.4326,1,40.76,0.00,1547.25,1588.01,0,2.4932
0.1374,-0.1152,0.4326,1,44.70,0.00,1493.24,1537.94,0,3.2876
0.1374,-0.1152,0.4326,1,17.61,0.00,2191.67,2209.28,0,5.3519
0.1357,-0.1353,0.4326,1,42.54,0.00,1915.18,1957.71,0,3.6835
0.1023,-0.2557,0.4326,1,21.51,0.00,1446.80,1468.31,0,1.7032
0.2515,-0.1466,0.4326,1,22.22,0.00,1327.21,1349.43,0,3.2690
0.0739,-0.2192,0.4326,1,30.25,0.00,1467.12,1497.37,0,1.9933
0.2539,-0.1596,0.4326,1,44.14,0.00,1974.62,2018.77,0,4.1271
0.0736,-0.2195,0.4326,1,38.22,0.00,1469.24,1507.47,0,2.3127
0.2531,-0.1518,0.4326,1,28.95,0.00,1449.63,1478.59,0,3.2500
0.0671,-0.2448,0.4326,1,33.65,0.00,1414.67,1448.33,0,3.1964
0.0747,-0.2184,0.4326,1,30.07,0.00,967.72,997.79,0,1.4801
0.0981,-0.1351,0.4326,1,36.73,0.00,971.34,1008.07,0,0.8577
0.1023,-0.2561,0.4326,1,24.47,0.00,1114.40,1138.86,0,1.7234
0.0743,-0.2189,0.4326,1,29.36,0.00,1189.36,1218.72,0,1.4667
0.1206,-0.2974,0.4326,1,42.08,0.00,1175.57,1217.65,0,1.6011
0.1206,-0.2974,0.4326,1,32.93,0.00,975.26,1008.18,0,0.9481
0.1206,-0.2974,0.4326,1,32.92,0.00,855.69,888.61,0,0.6443
0.1355,-0.1354,0.4326,1,30.01,0.00,1188.09,1218.10,0,2.2973
0.1205,-0.2974,0.4326,1,60.62,0.00,1887.51,1948.13,0,2.5630
0.1205,-0.2974,0.4326,1,24.37,0.00,754.06,778.43,0,0.6006
0.0512,-0.2276,0.4326,1,31.13,0.00,1306.85,1337.97,0,2.2740
0.2268,-0.2797,0.4326,1,21.89,0.00,1806.62,1828.51,0,4.3254
0.0689,-0.2435,0.4326,1,41.75,0.00,1826.98,1868.73,0,4.4431
0.0690,-0.2436,0.4326,1,31.75,0.00,1426.29,1458.03,0,2.4729
0.0746,-0.2186,0.4326,1,35.83,0.00,1472.23,1508.06,0,2.9009
0.0754,-0.2573,0.4326,1,27.48,0.00,1051.10,1078.57,0,1.0493
0.0849,-0.2835,0.4326,1,32.08,0.00,826.75,858.83,0,0.6837
0.0784,-0.2941,0.4326,1,21.00,0.00,486.75,507.75,0,0.1355
0.0759,-0.2171,0.4327,1,40.04,0.00,2108.70,2148.74,0,4.7478
0.2530,-0.1517,0.4327,1,18.44,0.00,1469.92,1488.36,0,2.6819
0.0381,-0.2759,0.4327,1,41.09,0.00,2266.71,2307.80,0,5.0974
0.2273,-0.2796,0.4327,1,42.12,0.00,1926.39,1968.51,0,4.7968
0.1069,-0.2474,0.4327,1,21.29,0.00,1367.23,1388.52,0,1.8536
0.0691,-0.2436,0.4327,1,40.33,0.00,1827.58,1867.91,0,3.9311
0.0411,-0.3399,0.4327,1,35.98,0.00,1353.78,1389.76,0,3.5131
0.0966,-0.2701,0.4327,1,17.72,0.00,1509.45,1527.17,0,3.9613
0.1206,-0.2974,0.4327,1,32.39,0.00,737.01,769.41,0,0.4615
0.1206,-0.2974,0.4327,1,30.40,0.00,1026.69,1057.09,0,1.2443
0.1206,-0.2974,0.4327,1,31.39,0.00,407.68,439.08,0,0.1826
0.1206,-0.2974,0.4327,1,20.23,0.00,465.45,485.68,0,0.2181
0.1206,-0.2974,0.4327,1,29.63,0.00,1571.42,1601.04,0,2.6567
0.1206,-0.2974,0.4327,1,19.89,0.00,627.69,647.58,0,0.3477
0.1206,-0.2974,0.4327,1,32.99,0.00,1485.32,1518.31,0,2.3429
0.1206,-0.2974,0.4327,1,21.13,0.00,607.43,628.57,0,0.4075
0.1206,-0.2974,0.4327,1,19.89,0.00,508.12,528.01,0,0.2591
0.1206,-0.2974,0.4327,1,25.42,0.00,1012.96,1038.38,0,1.0739
0.1206,-0.2974,0.4327,1,19.69,0.00,1449.11,1468.80,0,2.3837
0.0276,-0.3234,0.4327,1,24.97,0.00,993.21,1018.18,0,2.3629
0.2261,-0.2799,0.4327,1,44.94,0.00,1333.23,1378.17,0,2.5211
0.2275,-0.2801,0.4327,1,36.06,0.00,832.39,868.45,0,0.6496
0.1354,-0.1354,0.4327,1,18.10,0.00,1710.22,1728.32,0,2.4302
0.0736,-0.2199,0.4327,1,31.39,0.00,1686.89,1718.28,0,2.3344
0.1376,-0.1152,0.4327,1,45.92,0.00,2212.42,2258.33,0,4.2310
0.0983,-0.1351,0.4327,1,29.60,0.00,1368.34,1397.95,0,1.4516
0.2258,-0.2800,0.4327,1,31.49,0.00,2287.00,2318.49,0,5.3660
0.0692,-0.2436,0.4327,1,42.67,0.00,1975.24,2017.91,0,5.5348
0.0762,-0.2170,0.4327,1,40.10,0.00,1568.50,1608.60,0,3.2137
0.0767,-0.2163,0.4327,1,39.76,0.00,1588.26,1628.01,0,3.0820
0.1206,-0.2975,0.4327,1,29.21,0.00,1629.26,1658.48,0,2.9415
0.0850,-0.2830,0.4327,1,21.25,0.00,787.04,808.29,0,0.8146
0.1207,-0.2974,0.4327,1,45.61,0.00,1847.37,1892.97,0,3.5888
0.1207,-0.2974,0.4327,1,45.63,0.00,868.44,914.07,0,0.6730
0.1207,-0.2974,0.4327,1,25.86,0.00,1672.35,1698.21,0,3.0179
0.1207,-0.2974,0.4327,1,28.97,0.00,2008.75,2037.71,0,4.2057
0.0672,-0.2451,0.4327,1,40.61,0.00,948.33,988.94,0,1.3596
0.0765,-0.2167,0.4327,1,10.23,0.00,527.75,537.98,0,0.4082
0.0693,-0.2436,0.4327,1,33.77,0.00,694.66,728.43,0,0.6240
0.0734,-0.2046,0.4327,1,37.28,0.00,1831.19,1868.47,0,4.4609
0.2275,-0.2802,0.4327,1,32.94,0.00,1554.99,1587.93,0,3.0262
0.2275,-0.2802,0.4327,1,31.03,0.00,1467.04,1498.07,0,2.0204
0.2529,-0.1518,0.4327,1,33.47,0.00,1495.55,1529.02,0,3.1211
0.1377,-0.1152,0.4327,1,31.55,0.00,1587.28,1618.83,0,2.9260
0.0735,-0.2202,0.4327,1,25.19,0.00,1831.97,1857.16,0,2.7312
0.0240,-0.3116,0.4327,1,29.02,0.00,1189.14,1218.16,0,2.9431
0.0770,-0.2162,0.4327,1,38.48,0.00,1550.08,1588.56,0,2.2270
0.1206,-0.2976,0.4327,1,49.76,0.00,1247.82,1297.58,0,1.5408
0.0695,-0.2436,0.4327,1,39.87,0.00,1448.34,1488.21,0,2.9925
0.0695,-0.2436,0.4327,1,31.90,0.00,1125.95,1157.85,0,1.5618
0.0512,-0.2281,0.4327,1,21.02,0.00,629.17,650.19,0,0.3958
0.0392,-0.3583,0.4327,1,33.72,0.00,1592.57,1626.29,0,4.5739
0.0382,-0.2848,0.4328,1,41.42,0.00,1767.11,1808.52,0,2.7532
0.0508,-0.2284,0.4328,1,39.11,0.00,1889.52,1928.63,0,4.0975
0.1208,-0.2974,0.4328,1,37.66,0.00,1690.96,1728.62,0,3.5636
0.0768,-0.2166,0.4328,1,31.56,0.00,1366.18,1397.74,0,2.5875
0.0716,-0.3170,0.4328,1,36.25,0.00,952.22,988.47,0,1.3886
0.0955,-0.2712,0.4328,1,30.10,0.00,868.42,898.51,0,0.6751
0.2275,-0.2804,0.4328,1,43.70,0.00,1354.71,1398.40,0,2.5877
0.0696,-0.2436,0.4328,1,31.16,0.00,1486.96,1518.12,0,3.1650
0.0696,-0.2436,0.4328,1,21.39,0.00,1887.08,1908.47,0,4.2393
0.0696,-0.2436,0.4328,1,16.94,0.00,810.79,827.73,0,0.6182
0.0696,-0.2436,0.4328,1,31.96,0.00,1326.86,1358.82,0,2.0937
0.0696,-0.2436,0.4328,1,22.61,0.00,535.43,558.04,0,0.2952
0.0696,-0.2436,0.4328,1,21.79,0.00,1286.90,1308.70,0,2.0851
0.0696,-0.2436,0.4328,1,43.93,0.00,791.62,835.55,0,0.7440
0.0696,-0.2436,0.4328,1,31.47,0.00,1111.09,1142.56,0,1.4895
0.0696,-0.2436,0.4328,1,18.97,0.00,427.53,446.50,0,0.1931
0.0696,-0.2436,0.4328,1,19.54,0.00,208.47,228.01,0,0.0298
0.0696,-0.2436,0.4328,1,36.48,0.00,1372.16,1408.64,0,2.2826
0.0696,-0.2436,0.4328,1,34.46,0.00,1174.67,1209.13,0,1.6778
0.0696,-0.2436,0.4328,1,30.93,0.00,706.47,737.41,0,0.6040
0.0696,-0.2436,0.4328,1,20.16,0.00,248.18,268.34,0,0.0542
0.0696,-0.2436,0.4328,1,21.01,0.00,247.10,268.10,0,0.0364
0.2272,-0.2796,0.4328,1,31.90,0.00,1466.20,1498.09,0,3.4149
0.0963,-0.2706,0.4328,1,34.83,0.00,1353.86,1388.69,0,1.6798
0.0784,-0.2944,0.4328,1,39.88,0.00,1707.93,1747.81,0,3.5841
0.2395,-0.2923,0.4328,1,31.41,0.00,1447.31,1478.72,0,3.0102
0.0932,-0.2731,0.4328,1,38.61,0.00,1849.24,1887.85,0,4.2319
0.0697,-0.2436,0.4328,1,37.83,0.00,1530.41,1568.24,0,2.9565
0.0697,-0.2436,0.4328,1,33.87,0.00,668.49,702.36,0,0.4329
0.0734,-0.2046,0.4328,1,36.43,0.00,1388.42,1424.85,0,2.9669
0.0722,-0.3168,0.4328,1,39.65,0.00,1588.14,1627.79,0,4.4277
0.0986,-0.1350,0.4328,1,57.56,0.00,1030.49,1088.05,0,2.5892
0.0960,-0.2709,0.4328,1,41.05,0.00,1408.60,1449.65,0,1.6917
0.0672,-0.2453,0.4328,1,30.19,0.00,647.21,677.40,0,0.6132
0.1209,-0.2974,0.4328,1,27.66,0.00,950.11,977.77,0,1.0858
0.0960,-0.1530,0.4328,1,23.01,0.00,1995.22,2018.23,0,3.5773
0.0954,-0.2714,0.4328,1,23.24,0.00,1935.17,1958.41,0,3.2694
0.0663,-0.2660,0.4328,1,33.75,0.00,1274.19,1307.94,0,1.8186
0.1070,-0.2473,0.4328,1,39.33,0.00,2049.61,2088.94,0,5.4165
0.0929,-0.2734,0.4328,1,23.18,0.00,515.00,538.18,0,0.3112
0.1206,-0.2977,0.4328,1,54.24,0.00,1415.08,1469.32,0,2.4344
0.0597,-0.3451,0.4328,1,34.26,0.00,932.56,966.82,0,1.9304
0.0926,-0.2736,0.4328,1,28.13,0.00,850.47,878.59,0,1.1871
0.0506,-0.2288,0.4328,1,44.96,0.00,793.28,838.24,0,0.7376
0.1379,-0.1152,0.4328,1,28.69,0.00,1589.00,1617.70,0,2.3224
0.1379,-0.1152,0.4328,1,36.91,0.00,1794.76,1831.67,0,3.6581
0.0382,-0.2758,0.4328,1,35.97,0.00,1329.39,1365.36,0,3.2002
0.0939,-0.2727,0.4329,1,26.01,0.00,749.27,775.28,0,0.6695
0.0699,-0.2436,0.4329,1,29.67,0.00,652.92,682.59,0,0.5458
0.0736,-0.2206,0.4329,1,42.70,0.00,1616.09,1658.79,0,3.5001
0.2276,-0.2804,0.4329,1,30.81,0.00,1526.20,1557.01,0,1.9739
0.0943,-0.2724,0.4329,1,39.54,0.00,1709.93,1749.47,0,4.5607
0.0988,-0.1350,0.4329,1,30.16,0.00,1306.94,1337.10,0,2.7783
0.2276,-0.2804,0.4329,1,33.39,0.00,1514.82,1548.21,0,2.6331
0.0922,-0.2741,0.4329,1,26.29,0.00,1331.65,1357.94,0,2.0845
0.1069,-0.2857,0.4329,1,18.79,0.00,530.12,548.91,0,0.2403
0.0711,-0.3174,0.4329,1,40.10,0.00,1880.10,1920.20,0,4.2634
0.1205,-0.2979,0.4329,1,57.90,0.00,1248.35,1306.25,0,2.1452
0.1353,-0.1355,0.4329,1,30.96,0.00,1367.43,1398.39,0,2.1518
0.0775,-0.2162,0.4329,1,27.39,0.00,1170.91,1198.29,0,2.3669
0.1380,-0.1152,0.4329,1,45.15,0.00,1193.13,1238.29,0,2.5096
0.0672,-0.2455,0.4329,1,42.01,0.00,1906.48,1948.49,0,3.1026
0.0937,-0.2729,0.4329,1,33.10,0.00,1275.50,1308.60,0,2.2531
0.1211,-0.2974,0.4329,1,31.52,0.00,1546.22,1577.74,0,3.2121
0.0916,-0.2745,0.4329,1,16.94,0.00,1412.12,1429.06,0,2.7047
0.0701,-0.2436,0.4329,1,27.57,0.00,670.32,697.88,0,0.5693
0.0854,-0.2826,0.4329,1,45.92,0.00,1031.95,1077.87,0,1.7887
0.0668,-0.2459,0.4329,1,23.90,0.00,1734.34,1758.25,0,4.1333
0.0413,-0.3396,0.4329,1,32.16,0.00,966.73,998.89,0,1.3250
0.0950,-0.2719,0.4329,1,29.35,0.00,2029.17,2058.52,0,4.1809
0.0601,-0.3451,0.4329,1,25.70,0.00,1551.54,1577.24,0,2.1487
0.0755,-0.2573,0.4329,1,40.43,0.00,1808.45,1848.88,0,3.0287
0.1069,-0.2473,0.4329,1,28.44,0.00,1649.81,1678.25,0,3.0709
0.1381,-0.1153,0.4329,1,46.31,0.00,1191.97,1238.28,0,1.5983
0.0670,-0.2458,0.4329,1,27.97,0.00,1250.39,1278.36,0,1.8687
0.0702,-0.2436,0.4329,1,18.31,0.00,429.38,447.69,0,0.1781
0.0702,-0.2436,0.4329,1,19.09,0.00,409.05,428.14,0,0.1647
0.0856,-0.2819,0.4329,1,37.95,0.00,970.00,1007.95,0,1.5781
0.2257,-0.2800,0.4329,1,37.99,0.00,1310.83,1348.82,0,2.2359
0.0818,-0.2110,0.4329,1,43.44,0.00,2776.02,2819.46,0,8.9510
0.1381,-0.1152,0.4329,1,42.80,0.00,2594.24,2637.04,0,11.1063
0.0953,-0.2718,0.4329,1,43.14,0.00,1814.29,1857.43,0,1.9241
0.1212,-0.2974,0.4329,1,32.89,0.00,1836.47,1869.37,0,3.9897
0.1212,-0.2974,0.4329,1,19.67,0.00,486.64,506.31,0,0.1961
0.1212,-0.2974,0.4329,1,32.48,0.00,1835.49,1867.98,0,3.8915
0.1212,-0.2974,0.4329,1,47.54,0.00,1870.37,1917.91,0,4.0341
0.2529,-0.1523,0.4329,1,38.06,0.00,1329.64,1367.71,0,3.6374
0.2316,-0.2912,0.4329,1,44.72,0.00,1033.45,1078.16,0,1.6470
0.0782,-0.2156,0.4330,1,34.59,0.00,1573.60,1608.19,0,3.1460
0.0279,-0.3239,0.4330,1,28.66,0.00,1711.45,1740.11,0,2.7413
0.0735,-0.2046,0.4330,1,35.91,0.00,1690.52,1726.43,0,2.4852
0.0990,-0.1350,0.4330,1,35.82,0.00,772.70,808.53,0,0.9291
0.0703,-0.2436,0.4330,1,42.23,0.00,1926.37,1968.60,0,3.3104
0.0703,-0.2436,0.4330,1,25.14,0.00,1872.13,1897.28,0,4.1409
0.0703,-0.2436,0.4330,1,33.92,0.00,1254.55,1288.47,0,1.4239
0.0703,-0.2436,0.4330,1,28.16,0.00,1190.21,1218.37,0,1.2917
0.0703,-0.2436,0.4330,1,33.44,0.00,614.62,648.06,0,0.3180
0.0703,-0.2436,0.4330,1,44.91,0.00,753.40,798.32,0,0.5179
0.0703,-0.2436,0.4330,1,35.55,0.00,1374.68,1410.24,0,1.6253
0.0703,-0.2436,0.4330,1,42.49,0.00,2513.91,2556.40,0,6.8445
0.0703,-0.2436,0.4330,1,21.51,0.00,186.33,207.83,0,0.0177
0.0703,-0.2436,0.4330,1,24.12,0.00,154.09,178.21,0,0.0094
0.0703,-0.2436,0.4330,1,22.98,0.00,525.76,548.73,0,0.2920
0.0703,-0.2436,0.4330,1,30.16,0.00,488.07,518.23,0,0.2537
0.0703,-0.2436,0.4330,1,24.14,0.00,214.83,238.97,0,0.0322
0.0703,-0.2436,0.4330,1,20.12,0.00,167.62,187.74,0,0.0179
0.0703,-0.2436,0.4330,1,21.59,0.00,166.51,188.10,0,0.0190
0.0703,-0.2436,0.4330,1,31.45,0.00,2026.74,2058.19,0,4.7760
0.0703,-0.2436,0.4330,1,23.81,0.00,1945.10,1968.91,0,3.2617
0.0703,-0.2436,0.4330,1,20.39,0.00,1783.77,1804.16,0,2.6884
0.0703,-0.2436,0.4330,1,40.82,0.00,1571.37,1612.19,0,2.7645
0.0703,-0.2436,0.4330,1,29.09,0.00,1529.51,1558.60,0,2.9205
0.0703,-0.2436,0.4330,1,28.96,0.00,189.26,218.21,0,0.0218
0.0703,-0.2436,0.4330,1,18.39,0.00,149.93,168.32,0,0.0133
0.0703,-0.2436,0.4330,1,21.55,0.00,226.53,248.08,0,0.0359
0.0703,-0.2436,0.4330,1,21.59,0.00,206.90,228.49,0,0.0254
0.0703,-0.2436,0.4330,1,8.87,0.00,510.55,519.42,0,0.2711
0.0703,-0.2436,0.4330,1,21.00,0.00,486.69,507.70,0,0.2746
0.0703,-0.2436,0.4330,1,37.73,0.00,1810.55,1848.28,0,4.0774
0.0703,-0.2436,0.4330,1,30.70,0.00,1327.77,1358.47,0,2.1550
0.0703,-0.2436,0.4330,1,37.30,0.00,1271.21,1308.51,0,2.0098
0.0703,-0.2436,0.4330,1,21.69,0.00,166.06,187.74,0,0.0170
0.0703,-0.2436,0.4330,1,43.38,0.00,2074.99,2118.37,0,4.9499
0.0703,-0.2436,0.4330,1,36.58,0.00,1871.90,1908.48,0,4.1541
0.0703,-0.2436,0.4330,1,16.54,0.00,1671.02,1687.57,0,3.3502
0.0703,-0.2436,0.4330,1,29.20,0.00,1249.27,1278.47,0,1.8727
0.0703,-0.2436,0.4330,1,29.84,0.00,1249.21,1279.04,0,1.9715
0.0703,-0.2436,0.4330,1,27.41,0.00,1210.42,1237.82,0,1.8123
0.0703,-0.2436,0.4330,1,36.70,0.00,1713.32,1750.02,0,3.3671
0.0703,-0.2436,0.4330,1,39.13,0.00,1366.98,1406.11,0,1.9633
0.0703,-0.2436,0.4330,1,26.12,0.00,1332.27,1358.40,0,2.1311
0.0703,-0.2436,0.4330,1,25.06,0.00,1193.89,1218.94,0,1.7241
0.0703,-0.2436,0.4330,1,24.66,0.00,1293.23,1317.89,0,2.0529
0.0703,-0.2436,0.4330,1,38.11,0.00,950.83,988.94,0,1.0857
0.0703,-0.2436,0.4330,1,45.40,0.00,1552.36,1597.76,0,2.6623
0.0703,-0.2436,0.4330,1,49.27,0.00,2129.89,2179.16,0,5.1966
0.0703,-0.2436,0.4330,1,31.89,0.00,226.01,257.90,0,0.0402
0.0703,-0.2436,0.4330,1,10.57,0.00,547.75,558.32,0,0.3432
0.0703,-0.2436,0.4330,1,19.62,0.00,429.35,448.97,0,0.1875
0.0703,-0.2436,0.4330,1,20.57,0.00,448.04,468.61,0,0.2315
0.0703,-0.2436,0.4330,1,22.21,0.00,334.85,357.07,0,0.1066
0.0703,-0.2436,0.4330,1,22.69,0.00,166.02,188.71,0,0.0132
0.0703,-0.2436,0.4330,1,32.27,0.00,145.80,178.06,0,0.0039
0.0703,-0.2436,0.4330,1,28.92,0.00,1610.08,1639.00,0,3.2588
0.0703,-0.2436,0.4330,1,38.09,0.00,1609.28,1647.37,0,3.2684
0.0703,-0.2436,0.4330,1,36.28,0.00,1052.57,1088.85,0,1.3905
0.0703,-0.2436,0.4330,1,34.36,0.00,653.25,687.61,0,0.4882
0.0703,-0.2436,0.4330,1,32.39,0.00,1183.40,1215.78,0,1.7000
0.0703,-0.2436,0.4330,1,26.77,0.00,1695.37,1722.13,0,2.9811
0.0703,-0.2436,0.4330,1,34.52,0.00,1593.51,1628.03,0,2.5546
0.0703,-0.2436,0.4330,1,41.60,0.00,1366.64,1408.24,0,2.3198
0.0703,-0.2436,0.4330,1,21.62,0.00,366.39,388.02,0,0.1184
0.0703,-0.2436,0.4330,1,37.67,0.00,1811.23,1848.89,0,3.8454
0.0703,-0.2436,0.4330,1,30.60,0.00,1927.12,1957.72,0,4.4064
0.0703,-0.2436,0.4330,1,30.88,0.00,1488.89,1519.77,0,2.7943
0.0703,-0.2436,0.4330,1,20.81,0.00,666.26,687.07,0,0.4522
0.0703,-0.2436,0.4330,1,39.45,0.00,1365.41,1404.86,0,2.2507
0.0703,-0.2436,0.4330,1,26.80,0.00,1575.19,1602.00,0,2.9601
0.0703,-0.2436,0.4330,1,38.79,0.00,1249.23,1288.02,0,1.7514
0.0703,-0.2436,0.4330,1,26.87,0.00,951.50,978.37,0,1.0442
0.0703,-0.2436,0.4330,1,22.75,0.00,1026.67,1049.43,0,1.2576
0.0703,-0.2436,0.4330,1,32.81,0.00,1074.72,1107.53,0,1.2811
0.0703,-0.2436,0.4330,1,31.22,0.00,1029.33,1060.55,0,1.1988
0.0703,-0.2436,0.4330,1,33.99,0.00,1691.87,1725.86,0,3.5688
0.0703,-0.2436,0.4330,1,19.85,0.00,548.41,568.26,0,0.3242
0.0703,-0.2436,0.4330,1,32.82,0.00,526.66,559.48,0,0.3066
0.0703,-0.2436,0.4330,1,35.16,0.00,1432.31,1467.47,0,2.5510
0.0703,-0.2436,0.4330,1,30.54,0.00,1227.47,1258.01,0,1.8889
0.0703,-0.2436,0.4330,1,33.17,0.00,1274.98,1308.15,0,2.0321
0.0703,-0.2436,0.4330,1,39.66,0.00,1709.07,1748.73,0,3.3028
0.0703,-0.2436,0.4330,1,35.53,0.00,2012.01,2047.55,0,4.6349
0.0703,-0.2436,0.4330,1,41.79,0.00,1026.23,1068.02,0,1.3121
0.0703,-0.2436,0.4330,1,51.55,0.00,1887.20,1938.75,0,4.3668
0.0703,-0.2436,0.4330,1,19.50,0.00,368.92,388.42,0,0.1083
0.0703,-0.2436,0.4330,1,36.58,0.00,711.99,748.57,0,0.5400
0.0703,-0.2436,0.4330,1,21.12,0.00,187.26,208.38,0,0.0200
0.0703,-0.2436,0.4330,1,38.06,0.00,1690.10,1728.16,0,3.5432
0.0703,-0.2436,0.4330,1,22.25,0.00,185.40,207.65,0,0.0200
0.0703,-0.2436,0.4330,1,22.53,0.00,546.20,568.73,0,0.3366
0.0703,-0.2436,0.4330,1,29.86,0.00,168.56,198.43,0,0.0132
0.0703,-0.2436,0.4330,1,40.69,0.00,1947.20,1987.90,0,4.5520
0.0703,-0.2436,0.4330,1,22.24,0.00,1046.33,1068.56,0,1.2444
0.0703,-0.2436,0.4330,1,20.38,0.00,628.26,648.65,0,0.4147
0.0703,-0.2436,0.4330,1,38.12,0.00,1205.60,1243.72,0,1.6568
0.0703,-0.2436,0.4330,1,16.45,0.00,785.92,802.36,0,0.7427
0.0703,-0.2436,0.4330,1,36.77,0.00,1131.92,1168.70,0,1.6072
0.0703,-0.2436,0.4330,1,18.72,0.00,649.69,668.40,0,0.4793
0.0703,-0.2436,0.4330,1,18.90,0.00,588.94,607.84,0,0.3781
0.0703,-0.2436,0.4330,1,22.39,0.00,526.21,548.60,0,0.3089
0.0703,-0.2436,0.4330,1,29.53,0.00,388.87,418.40,0,0.1294
0.0703,-0.2436,0.4330,1,24.23,0.00,1254.20,1278.43,0,1.9267
0.0703,-0.2436,0.4330,1,30.37,0.00,1408.14,1438.51,0,2.3687
0.0703,-0.2436,0.4330,1,44.37,0.00,1133.45,1177.82,0,1.2539
0.0703,-0.2436,0.4330,1,24.47,0.00,2013.84,2038.31,0,4.7296
0.0703,-0.2436,0.4330,1,23.89,0.00,374.30,398.19,0,0.1168
0.0703,-0.2436,0.4330,1,35.05,0.00,694.37,729.42,0,0.5534
0.0703,-0.2436,0.4330,1,29.49,0.00,467.56,497.06,0,0.2397
0.0703,-0.2436,0.4330,1,29.26,0.00,1329.11,1358.37,0,2.2600
0.0703,-0.2436,0.4330,1,35.76,0.00,1052.30,1088.06,0,1.3658
0.0703,-0.2436,0.4330,1,40.78,0.00,1650.45,1691.23,0,3.2795
0.0703,-0.2436,0.4330,1,43.26,0.00,1293.03,1336.29,0,1.9543
0.0703,-0.2436,0.4330,1,39.16,0.00,1488.25,1527.41,0,2.8281
0.0703,-0.2436,0.4330,1,18.85,0.00,509.82,528.68,0,0.2837
0.0703,-0.2436,0.4330,1,35.88,0.00,1552.81,1588.69,0,3.0382
0.0703,-0.2436,0.4330,1,37.38,0.00,1310.76,1348.14,0,1.9362
0.0703,-0.2436,0.4330,1,31.63,0.00,1866.80,1898.43,0,4.1639
0.0703,-0.2436,0.4330,1,32.90,0.00,1854.93,1887.83,0,4.0356
0.0703,-0.2436,0.4330,1,45.82,0.00,1932.18,1977.99,0,4.3569
0.0703,-0.2436,0.4330,1,29.67,0.00,428.93,458.60,0,0.1856
0.0703,-0.2436,0.4330,1,21.49,0.00,606.35,627.84,0,0.4002
0.0703,-0.2436,0.4330,1,23.55,0.00,554.94,578.49,0,0.3205
0.0703,-0.2436,0.4330,1,23.55,0.00,634.87,658.42,0,0.4574
0.0703,-0.2436,0.4330,1,19.12,0.00,349.16,368.28,0,0.1254
0.0703,-0.2436,0.4330,1,34.62,0.00,870.06,904.67,0,0.9314
0.0703,-0.2436,0.4330,1,26.92,0.00,895.45,922.37,0,0.9473
0.0703,-0.2436,0.4330,1,9.18,0.00,188.69,197.87,0,0.0132
0.0703,-0.2436,0.4330,1,28.74,0.00,1129.98,1158.72,0,1.5816
0.0703,-0.2436,0.4330,1,31.24,0.00,526.62,557.87,0,0.3106
0.0703,-0.2436,0.4330,1,15.65,0.00,1213.84,1229.50,0,1.7930
0.0703,-0.2436,0.4330,1,36.63,0.00,1011.04,1047.67,0,1.1722
0.0703,-0.2436,0.4330,1,19.29,0.00,209.20,228.49,0,0.0230
0.0703,-0.2436,0.4330,1,27.15,0.00,1092.26,1119.41,0,1.3972
0.0703,-0.2436,0.4330,1,46.88,0.00,930.90,977.79,0,1.0303
0.0703,-0.2436,0.4330,1,32.76,0.00,1585.66,1618.42,0,3.0257
0.0703,-0.2436,0.4330,1,21.35,0.00,1826.62,1847.97,0,3.9270
0.0703,-0.2436,0.4330,1,25.80,0.00,1552.76,1578.56,0,3.0272
0.0703,-0.2436,0.4330,1,38.68,0.00,1086.74,1125.42,0,1.3846
0.0703,-0.2436,0.4330,1,27.43,0.00,1374.08,1401.52,0,2.3644
0.0703,-0.2436,0.4330,1,16.50,0.00,771.94,788.44,0,0.6994
0.0703,-0.2436,0.4330,1,22.23,0.00,526.53,548.76,0,0.3139
0.0703,-0.2436,0.4330,1,28.36,0.00,1269.84,1298.20,0,2.0590
0.0703,-0.2436,0.4330,1,34.18,0.00,591.22,625.40,0,0.3259
0.0703,-0.2436,0.4330,1,21.08,0.00,1551.18,1572.26,0,2.7530
0.0703,-0.2436,0.4330,1,28.78,0.00,269.29,298.07,0,0.0496
0.0703,-0.2436,0.4330,1,32.44,0.00,1165.69,1198.13,0,1.2325
0.0703,-0.2436,0.4330,1,22.99,0.00,1415.16,1438.15,0,1.9142
0.0703,-0.2436,0.4330,1,27.23,0.00,1451.32,1478.55,0,2.4905
0.1205,-0.2981,0.4330,1,26.69,0.00,951.95,978.64,0,1.1180
0.2277,-0.2804,0.4330,1,31.71,0.00,1505.97,1537.68,0,3.2118
0.0736,-0.2210,0.4330,1,29.06,0.00,1850.24,1879.31,0,4.7598
0.0859,-0.2812,0.4330,1,32.97,0.00,1654.63,1687.59,0,3.5068
0.0913,-0.2749,0.4330,1,28.03,0.00,1268.56,1296.59,0,1.5772
0.0947,-0.2723,0.4330,1,27.04,0.00,674.50,701.54,0,0.3936
0.0597,-0.3453,0.4330,1,35.71,0.00,1350.99,1386.70,0,1.6109
0.2543,-0.1585,0.4330,1,29.59,0.00,1868.63,1898.22,0,3.5590
0.0781,-0.2158,0.4330,1,30.02,0.00,2108.61,2138.64,0,4.6346
0.0703,-0.3179,0.4330,1,29.00,0.00,1308.25,1337.25,0,1.5659
0.0704,-0.2436,0.4330,1,30.84,0.00,1067.65,1098.48,0,1.0660
0.0704,-0.2436,0.4330,1,19.05,0.00,949.66,968.71,0,1.1054
0.0704,-0.2436,0.4330,1,30.83,0.00,467.42,498.25,0,0.2392
0.0576,-0.3459,0.4330,1,32.02,0.00,1046.78,1078.80,0,1.3781
0.1213,-0.2974,0.4330,1,26.39,0.00,1451.92,1478.30,0,1.7990
0.1213,-0.2974,0.4330,1,24.76,0.00,1473.43,1498.18,0,1.9932
0.1213,-0.2974,0.4330,1,25.67,0.00,2032.17,2057.84,0,4.2384
0.1213,-0.2974,0.4330,1,20.36,0.00,608.21,628.57,0,0.4020
0.1213,-0.2974,0.4330,1,26.25,0.00,1251.41,1277.66,0,1.8293
0.1213,-0.2974,0.4330,1,51.21,0.00,988.34,1039.55,0,1.1064
0.1213,-0.2974,0.4330,1,44.60,0.00,753.34,797.94,0,0.6003
0.1213,-0.2974,0.4330,1,23.33,0.00,1654.70,1678.03,0,2.8278
0.1213,-0.2974,0.4330,1,40.67,0.00,1776.08,1816.75,0,2.3980
0.1213,-0.2974,0.4330,1,41.45,0.00,2548.46,2589.90,0,6.1766
0.1213,-0.2974,0.4330,1,24.86,0.00,550.81,575.66,0,0.3239
0.1213,-0.2974,0.4330,1,24.93,0.00,706.91,731.84,0,0.5518
0.1213,-0.2974,0.4330,1,28.23,0.00,369.97,398.20,0,0.1400
0.1213,-0.2974,0.4330,1,33.81,0.00,2051.24,2085.05,0,4.2713
0.1213,-0.2974,0.4330,1,28.78,0.00,952.88,981.66,0,0.6582
0.1213,-0.2974,0.4330,1,34.13,0.00,2495.98,2530.12,0,6.0948
0.1213,-0.2974,0.4330,1,32.70,0.00,154.04,186.74,0,0.0108
0.1213,-0.2974,0.4330,1,11.79,0.00,187.05,198.84,0,0.0171
0.1213,-0.2974,0.4330,1,50.82,0.00,2006.59,2057.41,0,4.4607
0.1213,-0.2974,0.4330,1,30.65,0.00,1608.06,1638.72,0,2.7967
0.1213,-0.2974,0.4330,1,17.60,0.00,1670.51,1688.11,0,2.9397
0.1213,-0.2974,0.4330,1,19.91,0.00,528.10,548.01,0,0.2106
0.1213,-0.2974,0.4330,1,19.22,0.00,768.89,788.11,0,0.5024
0.1213,-0.2974,0.4330,1,47.32,0.00,1632.14,1679.45,0,2.2549
0.1213,-0.2974,0.4330,1,30.94,0.00,1247.02,1277.96,0,1.2265
0.1213,-0.2974,0.4330,1,29.90,0.00,1566.97,1596.87,0,2.3888
0.1213,-0.2974,0.4330,1,34.35,0.00,2334.61,2368.96,0,4.7500
0.1213,-0.2974,0.4330,1,24.27,0.00,2073.37,2097.64,0,3.4143
0.1213,-0.2974,0.4330,1,31.83,0.00,1946.80,1978.63,0,4.2707
0.1213,-0.2974,0.4330,1,29.93,0.00,269.16,299.08,0,0.0497
0.1213,-0.2974,0.4330,1,20.48,0.00,207.22,227.70,0,0.0235
0.1213,-0.2974,0.4330,1,28.00,0.00,489.87,517.87,0,0.2310
0.1213,-0.2974,0.4330,1,18.76,0.00,469.60,488.36,0,0.2114
0.1213,-0.2974,0.4330,1,9.68,0.00,169.30,178.98,0,0.0184
0.1213,-0.2974,0.4330,1,21.75,0.00,146.19,167.94,0,0.0177
0.1213,-0.2974,0.4330,1,34.22,0.00,1674.54,1708.76,0,3.2611
0.1213,-0.2974,0.4330,1,28.27,0.00,649.87,678.14,0,0.4061
0.1213,-0.2974,0.4330,1,40.53,0.00,1547.58,1588.11,0,2.8814
0.1213,-0.2974,0.4330,1,31.45,0.00,226.99,258.43,0,0.0239
0.1213,-0.2974,0.4330,1,24.91,0.00,213.95,238.86,0,0.0229
0.1213,-0.2974,0.4330,1,25.36,0.00,232.85,258.20,0,0.0228
0.1213,-0.2974,0.4330,1,24.37,0.00,214.34,238.71,0,0.0341
0.1213,-0.2974,0.4330,1,19.68,0.00,568.72,588.39,0,0.3399
0.1213,-0.2974,0.4330,1,22.49,0.00,1295.25,1317.74,0,1.9539
0.1213,-0.2974,0.4330,1,53.00,0.00,954.78,1007.77,0,0.9776
0.1213,-0.2974,0.4330,1,31.74,0.00,1187.60,1219.34,0,1.6144
0.1213,-0.2974,0.4330,1,33.60,0.00,1254.52,1288.12,0,1.7898
0.1213,-0.2974,0.4330,1,26.04,0.00,1711.38,1737.42,0,3.4501
0.1213,-0.2974,0.4330,1,31.65,0.00,227.11,258.75,0,0.0307
0.1213,-0.2974,0.4330,1,37.66,0.00,2131.04,2168.70,0,4.8207
0.1213,-0.2974,0.4330,1,48.73,0.00,2128.86,2177.59,0,4.7985
0.1213,-0.2974,0.4330,1,37.73,0.00,1471.97,1509.70,0,2.5388
0.1213,-0.2974,0.4330,1,37.74,0.00,1708.97,1746.71,0,2.9441
0.1213,-0.2974,0.4330,1,29.67,0.00,1209.13,1238.79,0,1.3273
0.1213,-0.2974,0.4330,1,25.66,0.00,671.93,697.59,0,0.4067
0.1213,-0.2974,0.4330,1,21.31,0.00,1546.89,1568.20,0,2.1775
0.1213,-0.2974,0.4330,1,41.78,0.00,1147.35,1189.13,0,1.0754
0.1213,-0.2974,0.4330,1,32.38,0.00,1425.56,1457.94,0,2.1088
0.1213,-0.2974,0.4330,1,26.35,0.00,1512.27,1538.62,0,2.7158
0.1213,-0.2974,0.4330,1,28.07,0.00,1368.02,1396.08,0,2.2298
0.1382,-0.1152,0.4330,1,31.70,0.00,1988.44,2020.14,0,2.7220
0.1382,-0.1152,0.4330,1,35.60,0.00,552.48,588.08,0,0.2805
0.1382,-0.1152,0.4330,1,34.34,0.00,1174.42,1208.76,0,1.4481
0.0591,-0.3455,0.4330,1,54.31,0.00,3133.94,3188.26,0,9.5562
0.0780,-0.2161,0.4330,1,37.92,0.00,2931.72,2969.64,0,8.6407
0.0784,-0.2948,0.4330,1,34.61,0.00,1773.12,1807.73,0,2.8909
0.0662,-0.2665,0.4330,1,33.02,0.00,1914.52,1947.55,0,3.4225
0.0241,-0.3111,0.4330,1,25.07,0.00,813.18,838.25,0,0.9307
0.0604,-0.3451,0.4330,1,48.42,0.00,1770.06,1818.48,0,2.4708
0.0384,-0.2852,0.4330,1,26.51,0.00,1732.28,1758.79,0,4.1745
0.1351,-0.1355,0.4330,1,26.73,0.00,1851.56,1878.29,0,2.8017
0.0384,-0.2757,0.4330,1,22.91,0.00,2005.64,2028.55,0,3.4864
0.0507,-0.2294,0.4330,1,29.12,0.00,729.10,758.22,0,0.5853
0.0668,-0.2462,0.4330,1,23.12,0.00,465.20,488.32,0,0.2580
0.0594,-0.3454,0.4330,1,22.03,0.00,1047.71,1069.73,0,1.2482
0.0703,-0.2436,0.4330,1,32.99,0.00,1374.63,1407.62,0,1.5852
0.0703,-0.2436,0.4330,1,40.96,0.00,1687.16,1728.12,0,3.3571
0.0703,-0.2436,0.4330,1,34.13,0.00,1313.94,1348.07,0,1.8526
0.0703,-0.2436,0.4330,1,35.08,0.00,1112.89,1147.97,0,1.4813
0.0703,-0.2436,0.4330,1,25.28,0.00,552.67,577.95,0,0.3114
0.0703,-0.2436,0.4330,1,38.42,0.00,970.04,1008.46,0,1.1579
0.0703,-0.2436,0.4330,1,34.02,0.00,1334.72,1368.74,0,2.2223
0.0703,-0.2436,0.4330,1,28.80,0.00,1189.14,1217.94,0,1.7871
0.0703,-0.2436,0.4330,1,35.74,0.00,1454.92,1490.66,0,2.6110
0.0703,-0.2436,0.4330,1,45.86,0.00,2630.16,2676.02,0,10.7392
0.0786,-0.2155,0.4330,1,34.35,0.00,2854.17,2888.52,0,7.9613
0.1205,-0.2982,0.4330,1,40.02,0.00,1987.73,2027.75,0,4.1973
0.0818,-0.2112,0.4330,1,24.21,0.00,1914.18,1938.39,0,3.8760
0.0503,-0.2297,0.4330,1,28.28,0.00,890.18,918.47,0,0.8072
0.0393,-0.3591,0.4330,1,34.91,0.00,1733.14,1768.06,0,2.6804
0.1213,-0.2975,0.4330,1,32.25,0.00,1005.90,1038.15,0,2.1260
0.1213,-0.2975,0.4330,1,24.10,0.00,214.34,238.44,0,0.0338
0.1213,-0.2975,0.4330,1,19.75,0.00,667.99,687.73,0,0.4243
0.1213,-0.2975,0.4330,1,22.93,0.00,345.27,368.19,0,0.1011
0.1213,-0.2975,0.4330,1,24.03,0.00,417.44,441.47,0,0.1447
0.1213,-0.2975,0.4330,1,46.55,0.00,1548.90,1595.45,0,2.8889
0.1213,-0.2975,0.4330,1,21.37,0.00,206.99,228.36,0,0.0296
0.1213,-0.2975,0.4330,1,20.62,0.00,187.81,208.43,0,0.0228
0.1213,-0.2975,0.4330,1,37.93,0.00,2589.86,2627.79,0,6.5067
0.1213,-0.2975,0.4330,1,34.09,0.00,1875.16,1909.25,0,3.0225
0.1213,-0.2975,0.4330,1,22.64,0.00,1385.14,1407.78,0,2.0986
0.1213,-0.2975,0.4330,1,43.23,0.00,1135.36,1178.59,0,1.4371
0.1213,-0.2975,0.4330,1,39.90,0.00,1209.34,1249.24,0,1.4912
0.1213,-0.2975,0.4330,1,33.57,0.00,473.91,507.48,0,0.1597
0.1213,-0.2975,0.4330,1,40.71,0.00,807.24,847.95,0,0.5237
0.1213,-0.2975,0.4330,1,18.68,0.00,1289.34,1308.02,0,1.5548
0.1213,-0.2975,0.4330,1,36.98,0.00,1811.17,1848.15,0,3.7835
0.1213,-0.2975,0.4330,1,9.49,0.00,168.88,178.37,0,0.0133
0.1213,-0.2975,0.4330,1,30.77,0.00,187.58,218.36,0,0.0304
0.1213,-0.2975,0.4330,1,20.80,0.00,147.91,168.71,0,0.0094
0.1213,-0.2975,0.4330,1,18.19,0.00,410.00,428.19,0,0.1497
0.1213,-0.2975,0.4330,1,37.61,0.00,2071.24,2108.86,0,4.5637
0.1213,-0.2975,0.4330,1,39.21,0.00,529.60,568.80,0,0.2180
0.1213,-0.2975,0.4330,1,27.42,0.00,1511.59,1539.01,0,2.3387
0.1213,-0.2975,0.4330,1,29.40,0.00,827.38,856.78,0,0.7207
0.1213,-0.2975,0.4330,1,34.03,0.00,1034.81,1068.84,0,1.0441
0.1213,-0.2975,0.4330,1,37.38,0.00,1630.31,1667.69,0,2.8555
0.1213,-0.2975,0.4330,1,34.87,0.00,1594.86,1629.73,0,2.6989
0.1213,-0.2975,0.4330,1,34.63,0.00,1972.72,2007.35,0,4.3344
0.1213,-0.2975,0.4330,1,33.14,0.00,195.19,228.34,0,0.0199
0.1213,-0.2975,0.4330,1,25.45,0.00,172.59,198.04,0,0.0207
0.1213,-0.2975,0.4330,1,19.99,0.00,168.46,188.45,0,0.0123
0.1213,-0.2975,0.4330,1,36.63,0.00,133.00,169.64,0,0.0044
0.1213,-0.2975,0.4330,1,28.16,0.00,248.41,276.57,0,0.0359
0.1213,-0.2975,0.4330,1,30.72,0.00,208.00,238.72,0,0.0229
0.1213,-0.2975,0.4330,1,19.53,0.00,129.59,149.11,0,0.0077
0.1213,-0.2975,0.4330,1,16.40,0.00,150.64,167.04,0,0.0124
0.1213,-0.2975,0.4330,1,34.41,0.00,1414.05,1448.46,0,2.3350
0.1213,-0.2975,0.4330,1,28.46,0.00,1390.34,1418.81,0,2.2882
0.1213,-0.2975,0.4330,1,21.77,0.00,286.66,308.43,0,0.0654
0.1213,-0.2975,0.4330,1,17.37,0.00,170.75,188.12,0,0.0158
0.1213,-0.2975,0.4330,1,19.34,0.00,228.99,248.33,0,0.0239
0.1213,-0.2975,0.4330,1,22.17,0.00,187.37,209.54,0,0.0189
0.1213,-0.2975,0.4330,1,28.79,0.00,167.96,196.75,0,0.0214
0.1213,-0.2975,0.4330,1,33.24,0.00,155.53,188.77,0,0.0087
0.1213,-0.2975,0.4330,1,11.29,0.00,220.37,231.66,0,0.0161
0.1213,-0.2975,0.4330,1,18.66,0.00,146.50,165.16,0,0.0087
0.1213,-0.2975,0.4330,1,18.85,0.00,229.16,248.00,0,0.0366
0.1213,-0.2975,0.4330,1,24.53,0.00,1793.39,1817.93,0,3.7688
0.1213,-0.2975,0.4330,1,26.08,0.00,1872.60,1898.68,0,3.0621
0.1213,-0.2975,0.4330,1,31.26,0.00,1547.01,1578.27,0,1.9480
0.1213,-0.2975,0.4330,1,11.26,0.00,726.64,737.89,0,0.4247
0.1213,-0.2975,0.4330,1,32.90,0.00,1766.11,1799.01,0,3.2668
0.1213,-0.2975,0.4330,1,27.56,0.00,1750.03,1777.59,0,3.1847
0.1213,-0.2975,0.4330,1,45.30,0.00,1093.68,1138.98,0,1.0819
0.1213,-0.2975,0.4330,1,33.19,0.00,1657.35,1690.54,0,2.3267
0.1213,-0.2975,0.4330,1,33.14,0.00,1712.80,1745.94,0,2.6033
0.1213,-0.2975,0.4330,1,32.55,0.00,1595.50,1628.05,0,2.9099
0.1213,-0.2975,0.4330,1,35.71,0.00,932.91,968.62,0,0.9727
0.1213,-0.2975,0.4330,1,28.65,0.00,209.43,238.08,0,0.0294
0.1213,-0.2975,0.4330,1,23.20,0.00,215.59,238.79,0,0.0145
0.1213,-0.2975,0.4330,1,29.30,0.00,1968.37,1997.67,0,4.3528
0.0603,-0.3452,0.4330,1,52.64,0.00,2056.65,2109.28,0,3.6014
0.1383,-0.1152,0.4330,1,46.06,0.00,2347.66,2393.72,0,7.1627
0.0736,-0.2214,0.4331,1,30.18,0.00,1015.47,1045.65,0,1.3835
0.0821,-0.2107,0.4331,1,38.43,0.00,1806.66,1845.10,0,3.8735
0.0704,-0.2436,0.4331,1,34.37,0.00,1574.03,1608.40,0,2.6232
0.0704,-0.2436,0.4331,1,19.01,0.00,369.45,388.46,0,0.1566
0.0704,-0.2436,0.4331,1,30.56,0.00,1206.91,1237.47,0,1.8599
0.0704,-0.2436,0.4331,1,23.33,0.00,216.13,239.46,0,0.0238
0.0704,-0.2436,0.4331,1,35.18,0.00,751.73,786.90,0,0.6654
0.0704,-0.2436,0.4331,1,13.90,0.00,1374.40,1388.31,0,2.3959
0.0704,-0.2436,0.4331,1,37.20,0.00,791.21,828.40,0,0.7082
0.0704,-0.2436,0.4331,1,19.01,0.00,448.59,467.60,0,0.2005
0.0704,-0.2436,0.4331,1,42.15,0.00,1566.54,1608.69,0,3.0865
0.0704,-0.2436,0.4331,1,43.95,0.00,1454.73,1498.69,0,2.6640
0.0704,-0.2436,0.4331,1,32.03,0.00,1026.54,1058.57,0,1.3086
0.0704,-0.2436,0.4331,1,27.60,0.00,930.75,958.35,0,1.0255
0.0704,-0.2436,0.4331,1,28.23,0.00,1889.55,1917.79,0,4.2542
0.0582,-0.3459,0.4331,1,30.08,0.00,1989.18,2019.26,0,4.2600
0.0823,-0.2105,0.4331,1,35.18,0.00,2032.89,2068.07,0,4.7685
0.0960,-0.1536,0.4331,1,24.59,0.00,1173.63,1198.22,0,2.3673
0.0818,-0.2114,0.4331,1,48.58,0.00,910.18,958.76,0,1.2958
0.0912,-0.2752,0.4331,1,21.98,0.00,1315.59,1337.57,0,1.6352
0.2396,-0.2924,0.4331,1,22.35,0.00,1465.82,1488.17,0,1.8155
0.0862,-0.2807,0.4331,1,33.76,0.00,1475.70,1509.46,0,3.5667
0.0822,-0.2107,0.4331,1,29.40,0.00,1208.25,1237.65,0,1.1563
0.0587,-0.3457,0.4331,1,33.51,0.00,1194.99,1228.50,0,2.1794
0.0817,-0.2118,0.4331,1,13.52,0.00,1114.97,1128.48,0,2.1169
0.0993,-0.1349,0.4331,1,25.11,0.00,753.49,778.60,0,1.0699
0.2311,-0.2912,0.4331,1,43.55,0.00,1573.91,1617.45,0,2.3079
0.2528,-0.1524,0.4331,1,36.36,0.00,1652.17,1688.53,0,3.4767
0.2540,-0.1596,0.4331,1,20.23,0.00,388.00,408.23,0,0.1656
0.1070,-0.2473,0.4331,1,25.42,0.00,1390.97,1416.39,0,1.9988
0.0893,-0.2770,0.4331,1,31.99,0.00,1408.50,1440.49,0,2.9585
0.0909,-0.2755,0.4331,1,38.44,0.00,2429.46,2467.91,0,5.5588
0.1214,-0.2975,0.4331,1,36.97,0.00,1571.56,1608.53,0,2.0943
0.1214,-0.2975,0.4331,1,39.64,0.00,1988.88,2028.51,0,3.9378
0.1214,-0.2975,0.4331,1,32.27,0.00,456.33,488.60,0,0.1951
0.1214,-0.2975,0.4331,1,42.07,0.00,1795.65,1837.72,0,3.3678
0.1214,-0.2975,0.4331,1,20.97,0.00,727.38,748.35,0,0.4032
0.0735,-0.2216,0.4331,1,27.22,0.00,1451.16,1478.38,0,2.7613
0.1214,-0.2976,0.4331,1,37.81,0.00,1790.52,1828.33,0,4.0073
0.1214,-0.2976,0.4331,1,22.40,0.00,226.65,249.05,0,0.0444
0.2226,-0.1770,0.4331,1,33.27,0.00,1634.13,1667.41,0,1.9733
0.0607,-0.3452,0.4331,1,41.83,0.00,1426.46,1468.29,0,4.2548
0.1384,-0.1152,0.4331,1,25.34,0.00,1732.96,1758.30,0,3.8866
0.0735,-0.2046,0.4331,1,34.09,0.00,1853.94,1888.03,0,2.7554
0.0825,-0.2105,0.4331,1,38.48,0.00,1310.18,1348.66,0,2.0027
0.0282,-0.3241,0.4331,1,16.82,0.00,1351.58,1368.39,0,1.5658
0.1204,-0.2984,0.4331,1,27.37,0.00,1431.34,1458.71,0,2.0642
0.0669,-0.2464,0.4331,1,31.87,0.00,975.88,1007.75,0,1.1593
0.0818,-0.2116,0.4331,1,29.27,0.00,1168.61,1197.88,0,1.3742
0.2214,-0.1771,0.4331,1,50.43,0.00,1248.16,1298.59,0,3.4054
0.0501,-0.2301,0.4331,1,27.79,0.00,1290.85,1318.64,0,1.8758
0.0781,-0.2952,0.4331,1,40.71,0.00,1827.47,1868.18,0,4.7715
0.0699,-0.3183,0.4331,1,36.59,0.00,1251.56,1288.16,0,1.5787
0.0385,-0.2757,0.4331,1,24.95,0.00,1416.02,1440.97,0,1.8718
0.1214,-0.2977,0.4331,1,28.28,0.00,1383.87,1412.15,0,2.6562
0.0898,-0.2766,0.4331,1,17.21,0.00,1175.64,1192.85,0,1.7721
0.0995,-0.1349,0.4331,1,40.27,0.00,1143.23,1183.51,0,2.0812
0.1385,-0.1152,0.4332,1,45.79,0.00,744.74,790.53,0,1.0363
0.0416,-0.3391,0.4332,1,48.92,0.00,1852.50,1901.42,0,2.7732
0.0498,-0.2305,0.4332,1,28.99,0.00,1610.21,1639.20,0,2.5163
0.0756,-0.2572,0.4332,1,24.87,0.00,1012.26,1037.13,0,1.2408
0.0242,-0.3106,0.4332,1,36.64,0.00,1371.67,1408.31,0,1.7907
0.0609,-0.3452,0.4332,1,72.14,0.00,846.19,918.33,0,1.2530
0.2255,-0.2802,0.4332,1,36.13,0.00,1192.82,1228.95,0,2.0717
0.0904,-0.2761,0.4332,1,26.24,0.00,1391.84,1418.08,0,2.8933
0.1204,-0.2985,0.4332,1,29.07,0.00,729.28,758.35,0,0.4955
0.0568,-0.3465,0.4332,1,32.80,0.00,875.12,907.92,0,1.4442
0.0565,-0.3465,0.4332,1,38.07,0.00,2089.89,2127.96,0,4.4999
0.1214,-0.2977,0.4332,1,30.07,0.00,2027.08,2057.16,0,5.2692
0.0866,-0.2801,0.4332,1,40.76,0.00,907.44,948.20,0,1.0469
0.0705,-0.2436,0.4332,1,30.20,0.00,1268.55,1298.75,0,1.7478
0.0793,-0.2153,0.4332,1,17.36,0.00,710.75,728.11,0,0.4812
0.0736,-0.2220,0.4332,1,21.22,0.00,1026.90,1048.12,0,1.1353
0.1386,-0.1152,0.4332,1,34.22,0.00,1914.65,1948.87,0,3.0884
0.2709,-0.1379,0.4332,1,25.87,0.00,1452.37,1478.25,0,2.9191
0.0778,-0.2955,0.4332,1,40.81,0.00,1388.30,1429.10,0,3.4505
0.0661,-0.2671,0.4332,1,39.50,0.00,2247.86,2287.36,0,5.8640
0.0286,-0.3242,0.4332,1,37.53,0.00,1070.24,1107.77,0,2.2900
0.0496,-0.2308,0.4332,1,52.00,0.00,2185.58,2237.58,0,4.8026
0.0385,-0.2856,0.4332,1,33.48,0.00,725.94,759.43,0,0.8744
0.0562,-0.3467,0.4332,1,31.75,0.00,2127.42,2159.17,0,4.4534
0.0815,-0.2125,0.4332,1,34.43,0.00,1093.16,1127.59,0,1.7258
0.2280,-0.2804,0.4332,1,34.74,0.00,1513.41,1548.16,0,2.9954
0.0839,-0.2093,0.4332,1,35.66,0.00,1513.43,1549.09,0,1.7975
0.0839,-0.2093,0.4332,1,44.50,0.00,2232.51,2277.01,0,5.0773
0.2517,-0.1465,0.4332,1,44.54,0.00,1954.66,1999.21,0,5.0317
0.1070,-0.2472,0.4332,1,21.40,0.00,1466.66,1488.07,0,2.2513
0.1350,-0.1356,0.4332,1,42.92,0.00,1375.40,1418.32,0,1.4852
0.0799,-0.2146,0.4332,1,34.01,0.00,934.17,968.18,0,1.6187
0.0829,-0.2105,0.4332,1,32.43,0.00,1555.74,1588.17,0,2.9974
0.0669,-0.2468,0.4332,1,29.10,0.00,1089.54,1118.64,0,2.0594
0.0798,-0.2147,0.4332,1,27.95,0.00,929.61,957.56,0,1.5091
0.0817,-0.2122,0.4332,1,19.17,0.00,489.41,508.57,0,0.1954
0.1387,-0.1153,0.4332,1,24.87,0.00,933.37,958.25,0,1.4286
0.0819,-0.2120,0.4332,1,25.50,0.00,1313.80,1339.30,0,1.1659
0.1214,-0.2978,0.4332,1,24.07,0.00,1012.58,1036.65,0,1.3247
0.1386,-0.1150,0.4332,1,31.27,0.00,2087.24,2118.52,0,3.1206
0.1386,-0.1150,0.4332,1,17.32,0.00,691.73,709.05,0,0.4726
0.1386,-0.1150,0.4332,1,29.68,0.00,1527.99,1557.67,0,2.6565
0.1386,-0.1150,0.4332,1,28.45,0.00,150.85,179.29,0,0.0101
0.1386,-0.1150,0.4332,1,17.28,0.00,250.66,267.95,0,0.0558
0.1386,-0.1150,0.4332,1,19.71,0.00,228.59,248.29,0,0.0506
0.1386,-0.1150,0.4332,1,19.13,0.00,209.61,228.74,0,0.0128
0.1386,-0.1150,0.4332,1,19.28,0.00,148.39,167.67,0,0.0066
0.1386,-0.1150,0.4332,1,20.99,0.00,167.53,188.52,0,0.0083
0.1386,-0.1150,0.4332,1,27.10,0.00,2211.58,2238.68,0,5.5299
0.1386,-0.1150,0.4332,1,30.62,0.00,1907.91,1938.53,0,3.9947
0.1386,-0.1150,0.4332,1,40.54,0.00,1187.07,1227.61,0,1.6254
0.1386,-0.1150,0.4332,1,36.91,0.00,1811.32,1848.23,0,3.6618
0.1386,-0.1150,0.4332,1,40.51,0.00,827.24,867.75,0,0.6700
0.1386,-0.1150,0.4332,1,19.44,0.00,589.07,608.51,0,0.3211
0.1386,-0.1150,0.4332,1,33.54,0.00,1434.50,1468.04,0,2.2522
0.1386,-0.1150,0.4332,1,33.25,0.00,836.45,869.70,0,0.7493
0.1386,-0.1150,0.4332,1,42.44,0.00,1354.59,1397.04,0,1.9650
0.1386,-0.1150,0.4332,1,34.83,0.00,1773.57,1808.40,0,3.4958
0.1386,-0.1150,0.4332,1,30.38,0.00,548.47,578.84,0,0.3175
0.1386,-0.1150,0.4332,1,27.40,0.00,1391.03,1418.44,0,2.2043
0.1386,-0.1150,0.4332,1,40.16,0.00,927.26,967.41,0,0.9245
0.2705,-0.1375,0.4332,1,42.85,0.00,1535.47,1578.31,0,2.8786
0.0396,-0.3595,0.4332,1,38.74,0.00,1370.85,1409.59,0,3.8731
0.0890,-0.2776,0.4332,1,27.19,0.00,1169.47,1196.65,0,1.3782
0.0571,-0.3464,0.4333,1,28.06,0.00,1590.95,1619.01,0,2.3668
0.0835,-0.2097,0.4333,1,30.90,0.00,1266.49,1297.40,0,1.7677
0.0736,-0.2046,0.4333,1,29.64,0.00,1829.09,1858.72,0,3.8201
0.0840,-0.2093,0.4333,1,32.06,0.00,645.91,677.97,0,0.3376
0.0840,-0.2093,0.4333,1,33.82,0.00,1274.89,1308.71,0,1.7898
0.0840,-0.2093,0.4333,1,39.53,0.00,1628.58,1668.11,0,2.8154
0.1387,-0.1152,0.4333,1,29.71,0.00,1208.82,1238.52,0,2.5753
0.1387,-0.1152,0.4333,1,36.46,0.00,1630.57,1667.03,0,3.0111
0.1387,-0.1152,0.4333,1,26.04,0.00,352.52,378.56,0,0.0951
0.1387,-0.1152,0.4333,1,20.00,0.00,328.56,348.56,0,0.1028
0.0830,-0.2105,0.4333,1,37.37,0.00,1091.24,1128.61,0,1.1755
0.0574,-0.3464,0.4333,1,30.40,0.00,1367.85,1398.25,0,3.8430
0.2702,-0.1373,0.4333,1,34.39,0.00,1474.57,1508.97,0,4.5014
0.0814,-0.2128,0.4333,1,48.64,0.00,1590.89,1639.53,0,2.4126
0.0814,-0.2128,0.4333,1,29.90,0.00,406.64,436.54,0,0.1734
0.0668,-0.2470,0.4333,1,28.84,0.00,949.00,977.84,0,0.9062
0.2212,-0.1771,0.4333,1,44.39,0.00,2014.11,2058.50,0,4.3347
0.0611,-0.3452,0.4333,1,48.65,0.00,2069.15,2117.80,0,3.2992
0.0999,-0.1348,0.4333,1,48.80,0.00,2330.24,2379.04,0,4.4004
0.1387,-0.1151,0.4333,1,43.94,0.00,673.69,717.63,0,0.9771
0.1387,-0.1151,0.4333,1,28.07,0.00,1730.31,1758.38,0,3.3721
0.1387,-0.1151,0.4333,1,37.75,0.00,690.51,728.26,0,0.5257
0.0840,-0.2093,0.4333,1,39.93,0.00,1428.63,1468.55,0,1.3675
0.0840,-0.2093,0.4333,1,17.88,0.00,150.71,168.59,0,0.0078
0.0840,-0.2093,0.4333,1,9.68,0.00,148.52,158.20,0,0.0084
0.0840,-0.2093,0.4333,1,19.52,0.00,208.68,228.20,0,0.0137
0.0666,-0.2471,0.4333,1,25.99,0.00,632.29,658.28,0,0.5690
0.0837,-0.2095,0.4333,1,30.41,0.00,948.28,978.69,0,0.7729
0.2231,-0.1770,0.4333,1,27.01,0.00,1590.81,1617.82,0,2.8791
0.0550,-0.3471,0.4333,1,34.01,0.00,2114.73,2148.74,0,3.4650
0.0694,-0.3188,0.4333,1,24.41,0.00,593.45,617.87,0,0.4691
0.1387,-0.1150,0.4333,1,34.90,0.00,1733.48,1768.37,0,2.1078
0.2397,-0.2923,0.4333,1,28.01,0.00,1510.80,1538.81,0,4.1572
0.0831,-0.2105,0.4333,1,24.49,0.00,1633.05,1657.54,0,2.9169
0.0736,-0.2223,0.4333,1,32.37,0.00,896.32,928.68,0,1.1002
0.0706,-0.2436,0.4333,1,32.69,0.00,1315.80,1348.49,0,1.9952
0.1214,-0.2979,0.4333,1,42.18,0.00,955.90,998.08,0,1.2092
0.1214,-0.2979,0.4333,1,31.18,0.00,466.52,497.70,0,0.2061
0.1214,-0.2979,0.4333,1,20.04,0.00,408.68,428.72,0,0.1741
0.1214,-0.2979,0.4333,1,19.95,0.00,1168.78,1188.74,0,1.5322
0.1214,-0.2979,0.4333,1,35.16,0.00,1991.93,2027.08,0,3.6227
0.0840,-0.2092,0.4333,1,30.15,0.00,2208.50,2238.65,0,5.7484
0.0840,-0.2092,0.4333,1,34.94,0.00,1493.26,1528.20,0,2.6796
0.0840,-0.2092,0.4333,1,55.51,0.00,1733.56,1789.07,0,3.5757
0.0840,-0.2092,0.4333,1,24.42,0.00,113.39,137.81,0,0.0040
0.0840,-0.2092,0.4333,1,21.45,0.00,206.97,228.42,0,0.0208
0.0840,-0.2092,0.4333,1,19.29,0.00,208.74,228.03,0,0.0195
0.0840,-0.2092,0.4333,1,32.86,0.00,895.22,928.08,0,0.9463
0.0840,-0.2092,0.4333,1,18.35,0.00,890.78,909.13,0,0.9255
0.0840,-0.2092,0.4333,1,11.42,0.00,225.76,237.19,0,0.0229
0.0840,-0.2092,0.4333,1,29.26,0.00,149.06,178.33,0,0.0106
0.0840,-0.2092,0.4333,1,18.88,0.00,169.86,188.74,0,0.0148
0.0840,-0.2092,0.4333,1,19.84,0.00,188.59,208.42,0,0.0137
0.0840,-0.2092,0.4333,1,18.85,0.00,209.27,228.12,0,0.0263
0.0840,-0.2092,0.4333,1,9.81,0.00,208.74,218.55,0,0.0251
0.0840,-0.2092,0.4333,1,13.98,0.00,174.57,188.55,0,0.0099
0.0840,-0.2092,0.4333,1,49.70,0.00,1288.99,1338.70,0,1.9953
0.0840,-0.2092,0.4333,1,43.45,0.00,655.05,698.50,0,0.4735
0.1387,-0.1150,0.4333,1,21.96,0.00,1056.98,1078.94,0,1.4200
0.1387,-0.1150,0.4333,1,48.57,0.00,1228.98,1277.55,0,1.7018
0.1387,-0.1150,0.4333,1,28.45,0.00,170.21,198.66,0,0.0128
0.1387,-0.1150,0.4333,1,18.23,0.00,150.57,168.80,0,0.0097
0.1387,-0.1150,0.4333,1,20.31,0.00,207.43,227.74,0,0.0183
0.1387,-0.1150,0.4333,1,28.26,0.00,932.87,961.13,0,0.8638
0.1387,-0.1150,0.4333,1,27.68,0.00,1567.89,1595.56,0,2.7685
0.1387,-0.1150,0.4333,1,25.93,0.00,1532.46,1558.39,0,2.6523
0.1387,-0.1150,0.4333,1,29.03,0.00,269.45,298.49,0,0.0542
0.1387,-0.1150,0.4333,1,15.22,0.00,932.73,947.94,0,0.9658
0.1387,-0.1150,0.4333,1,10.17,0.00,168.26,178.43,0,0.0118
0.1387,-0.1150,0.4333,1,24.02,0.00,194.82,218.84,0,0.0146
0.1387,-0.1150,0.4333,1,28.88,0.00,148.71,177.59,0,0.0076
0.1387,-0.1150,0.4333,1,18.91,0.00,170.65,189.56,0,0.0110
0.1387,-0.1150,0.4333,1,38.30,0.00,149.50,187.80,0,0.0051
0.1387,-0.1150,0.4333,1,18.96,0.00,189.25,208.21,0,0.0125
0.1387,-0.1150,0.4333,1,28.21,0.00,370.47,398.67,0,0.1258
0.1387,-0.1150,0.4333,1,40.28,0.00,348.00,388.28,0,0.1118
0.1387,-0.1150,0.4333,1,30.13,0.00,228.43,258.56,0,0.0215
0.1387,-0.1150,0.4333,1,19.64,0.00,168.17,187.81,0,0.0103
0.1387,-0.1150,0.4333,1,23.44,0.00,155.48,178.91,0,0.0116
0.1387,-0.1150,0.4333,1,29.96,0.00,208.10,238.06,0,0.0165
0.1387,-0.1150,0.4333,1,20.04,0.00,1368.49,1388.52,0,2.1732
0.1387,-0.1150,0.4333,1,20.91,0.00,448.30,469.21,0,0.1694
0.1387,-0.1150,0.4333,1,38.06,0.00,1308.93,1346.99,0,2.0006
0.1387,-0.1150,0.4333,1,30.67,0.00,1787.50,1818.16,0,3.5872
0.1387,-0.1150,0.4333,1,37.17,0.00,1710.88,1748.06,0,3.3082
0.1387,-0.1150,0.4333,1,20.14,0.00,448.79,468.93,0,0.1899
0.1387,-0.1150,0.4333,1,28.69,0.00,389.18,417.88,0,0.1470
0.1387,-0.1150,0.4333,1,20.43,0.00,1431.00,1451.42,0,2.3302
0.1387,-0.1150,0.4333,1,45.68,0.00,1189.40,1235.09,0,1.5263
0.1387,-0.1150,0.4333,1,35.74,0.00,1853.06,1888.81,0,3.8157
0.1387,-0.1150,0.4333,1,19.86,0.00,187.88,207.74,0,0.0123
0.1387,-0.1150,0.4333,1,20.67,0.00,188.37,209.04,0,0.0100
0.1387,-0.1150,0.4333,1,20.22,0.00,188.09,208.31,0,0.0165
0.1387,-0.1150,0.4333,1,11.30,0.00,336.35,347.65,0,0.0766
0.1387,-0.1150,0.4333,1,34.94,0.00,1933.59,1968.53,0,4.2475
0.1387,-0.1150,0.4333,1,18.48,0.00,770.00,788.48,0,0.5576
0.1387,-0.1150,0.4333,1,29.15,0.00,508.51,537.65,0,0.2404
0.1387,-0.1150,0.4333,1,36.93,0.00,1411.40,1448.33,0,2.1750
0.1387,-0.1150,0.4333,1,35.47,0.00,893.09,928.55,0,0.8594
0.1387,-0.1150,0.4333,1,31.30,0.00,1006.69,1037.99,0,1.1051
0.1387,-0.1150,0.4333,1,22.63,0.00,375.73,398.36,0,0.1143
0.1387,-0.1150,0.4333,1,44.17,0.00,1694.27,1738.44,0,3.1889
0.1387,-0.1150,0.4333,1,21.56,0.00,146.67,168.23,0,0.0104
0.1387,-0.1150,0.4333,1,37.55,0.00,190.55,228.10,0,0.0157
0.1387,-0.1150,0.4333,1,19.61,0.00,149.13,168.74,0,0.0051
0.1387,-0.1150,0.4333,1,20.26,0.00,167.92,188.17,0,0.0142
0.1387,-0.1150,0.4333,1,18.05,0.00,170.48,188.53,0,0.0123
0.1387,-0.1150,0.4333,1,19.64,0.00,148.48,168.12,0,0.0106
0.1387,-0.1150,0.4333,1,20.73,0.00,147.73,168.46,0,0.0136
0.1387,-0.1150,0.4333,1,22.75,0.00,196.20,218.95,0,0.0133
0.1387,-0.1150,0.4333,1,21.30,0.00,156.37,177.66,0,0.0081
