t,x,y,z,success,ik_ms,total_ms,dx,dy,dz
1777970783.6629517,0.2159881534097202,-0.15267133123195592,0.48144270331419214,1,37.24479675292969,37.43243217468262,-1.1846588822667092e-05,0.0008278606660864635,0.003442359868030792
1777970783.6938756,0.2167011944273905,-0.15112367712562919,0.4819217839935088,1,18.468618392944336,18.643856048583984,0.0007011944288476402,0.0023755147724131703,0.003921440547347499
1777970783.7644365,0.2169669815156361,-0.1496675094109825,0.4821105744395726,1,38.762807846069336,38.95282745361328,0.000966981517093235,0.0038316824870598815,0.004110230993411318
1777970783.7952564,0.21677234117485936,-0.14696098760490606,0.4820681119331359,1,19.691944122314453,19.832849502563477,0.0007723411763164989,0.006538204293136299,0.004067768486974599
1777970783.8554738,0.21610177487661897,-0.14567000485131948,0.4819637773672002,1,29.425382614135742,29.59918975830078,0.00010177487807611074,0.007829187046722905,0.0039634339210389
1777970783.8984156,0.21528772175783556,-0.14452854482378646,0.4817876716551411,1,22.312402725219727,22.51410484313965,-0.0007122782407072981,0.008970647074255919,0.0037873282089797566
1777970783.9506419,0.21431274976436504,-0.1431693750006668,0.4813579541260993,1,24.456262588500977,24.641036987304688,-0.0016872502341778173,0.010329816897375596,0.0033576106799379224
1777970783.9943168,0.21291138064031417,-0.14160599967609702,0.4806462263192065,1,18.08309555053711,18.285036087036133,-0.0030886193582286836,0.011893192221945348,0.0026458828730451522
1777970784.0498028,0.21240485451357355,-0.14096458097869075,0.4802634364575525,1,23.382186889648438,23.55790138244629,-0.0035951454849693087,0.012534610919351638,0.0022630930113911596
1777970784.0955274,0.21190037073488763,-0.14041762408197433,0.480024134743848,1,19.01865005493164,19.214868545532227,-0.00409962926365523,0.013081567816068021,0.002023791297686678
1777970784.1523354,0.21158259645598024,-0.14000175956937572,0.4798314049671243,1,25.710344314575195,25.9249210357666,-0.00441740354256262,0.01349743232866664,0.00183106152096299
1777970784.2022047,0.210724205874203,-0.13923218338718335,0.47963370858833076,1,25.522708892822266,25.73847770690918,-0.005275794124339844,0.014267008510859033,0.0016333651421694129
1777970784.2506008,0.21028128185373574,-0.1389401921332508,0.4796441646640811,1,23.687124252319336,23.908138275146484,-0.005718718144807122,0.01455899976479158,0.0016438212179198108
1777970784.299986,0.2099821541037909,-0.13880758716628694,0.4798150033482653,1,22.977828979492188,23.150205612182617,-0.006017845894751961,0.014691604731755417,0.001814659902103971
1777970784.3513534,0.2097589594422854,-0.13870844434123314,0.4803147745136096,1,24.277925491333008,24.451255798339844,-0.00624104055625746,0.014790747556809217,0.0023144310674483026
1777970784.4016335,0.20929398005908414,-0.13829694306890683,0.48299444480659165,1,24.48582649230957,24.652481079101562,-0.006706019939458713,0.015202248829135553,0.004994101360430325
1777970784.4499516,0.2090670023310829,-0.1380250579737876,0.4851566314005437,1,22.681474685668945,22.914648056030273,-0.006932997667459945,0.015474133924254771,0.00715628795438239
1777970784.5001447,0.20888139833154357,-0.1376691230778851,0.4880543952661965,1,22.778034210205078,23.022890090942383,-0.007118601666999291,0.015830068820157278,0.01005405182003516
1777970784.5523572,0.20867317918473516,-0.13719689199482205,0.49179423674420486,1,24.965763092041016,25.16651153564453,-0.0073268208138076996,0.016302299903220338,0.013793893298043508
1777970784.6011832,0.20836647611559,-0.13636646536449756,0.5009616882307131,1,23.665189743041992,23.827552795410156,-0.007633523882952853,0.017132726533544806,0.022961344784551724
1777970784.6455944,0.20802413138526227,-0.13582542247914672,0.506416366750924,1,17.96746253967285,18.157482147216797,-0.00797586861328059,0.017673769418895646,0.028416023304762755
1777970784.7037375,0.20739964825193088,-0.1351743858695593,0.5118969274553467,1,25.85625648498535,26.223182678222656,-0.008600351746611973,0.018324806028483076,0.033896584009185354
1777970784.746714,0.20652634095200662,-0.13436165929298474,0.5173670931469441,1,18.976449966430664,19.136667251586914,-0.009473659046536242,0.019137532605057628,0.039366749700782744
1777970784.803052,0.20465241227055542,-0.1325163248119538,0.5280185195866193,1,25.21347999572754,25.389909744262695,-0.01134758772798744,0.020982867086088555,0.050018176140457976
1777970784.8505886,0.20376096559732765,-0.13151660390019845,0.5332908174021156,1,22.72820472717285,22.88508415222168,-0.01223903440121521,0.021982587997843916,0.05529047395595427
1777970784.8988981,0.20283513264512348,-0.1304394144352247,0.5383541440626123,1,20.818471908569336,21.027803421020508,-0.013164867353419374,0.023059777462817677,0.06035380061645096
1777970784.95337,0.20179765303266495,-0.12933453182358015,0.5435949777434157,1,25.243759155273438,25.43330192565918,-0.01420234696587791,0.02416466007446222,0.06559463429725432
1777970785.0044286,0.19979733698733942,-0.1276054332166171,0.55402723857149,1,26.148557662963867,26.352882385253906,-0.016202663011203433,0.025893758681425266,0.07602689512532873
1777970785.051034,0.1986723403863774,-0.12682319818504184,0.5595471991134564,1,22.742033004760742,22.894859313964844,-0.017327659612165452,0.026675993713000515,0.08154685566729512
1777970785.1056118,0.19758758781965804,-0.12611945888619502,0.5647319698559411,1,27.143478393554688,27.38213539123535,-0.018412412178884813,0.027379733011847332,0.08673162640977974
1777970785.153237,0.19653700646792918,-0.1255014935326703,0.5701497334771107,1,24.77741241455078,24.944782257080078,-0.019462993530613676,0.02799769836537208,0.09214939003094938
1777970785.201948,0.19412182498110284,-0.12434970031076222,0.5809893321153483,1,23.384571075439453,23.558855056762695,-0.02187817501744002,0.029149491587280155,0.10298898866918699
1777970785.2455606,0.19290932531482136,-0.12387088870759147,0.5862054787687097,1,16.90387725830078,17.061710357666016,-0.0230906746837215,0.0296283031904509,0.10820513532254827
1777970785.3014715,0.1917348027862871,-0.1234707462264262,0.5914986838414421,1,22.71437644958496,22.891998291015625,-0.024265197212255757,0.030028445671616166,0.11349834039528083
1777970785.354349,0.19074322637651522,-0.12316355786579408,0.5959580617057884,1,25.50482749938965,25.675535202026367,-0.025256773622027634,0.030335634032248288,0.11795771825962703
1777970785.4051719,0.18778890259825684,-0.12234609323938976,0.6075737619902466,1,26.203155517578125,26.459217071533203,-0.028211097400286017,0.03115309865865261,0.12957341854408524
1777970785.4531138,0.18602889456723165,-0.12182177736050638,0.6129707300885707,1,24.172067642211914,24.33609962463379,-0.029971105431311207,0.03167741453753599,0.13497038664240943
1777970785.4948092,0.18409036402569853,-0.12121158217937383,0.6177090667168297,1,15.766143798828125,15.941858291625977,-0.031909635972844325,0.03228760971866854,0.13970872327066836
1777970785.5456867,0.1818897912469025,-0.12053442611887556,0.6219389460957925,1,16.556978225708008,16.745805740356445,-0.034110208751640364,0.03296476577916681,0.14393860264963115
1777970785.613567,0.17760461974920025,-0.1191395329753838,0.6281925989382011,1,34.27934646606445,34.56234931945801,-0.03839538024934261,0.034359658922658576,0.15019225549203974
1777970785.6615202,0.17586425147462015,-0.11857262766298768,0.6303941104949464,1,32.25302696228027,32.457828521728516,-0.04013574852392271,0.034926564235054684,0.15239376704878507
1777970785.7000635,0.17444830783592277,-0.11807707423707764,0.6318268242996863,1,20.64681053161621,20.81751823425293,-0.041551692162620085,0.03542211766096473,0.15382648085352502
1777970785.7555737,0.17349249494469027,-0.11773787808444056,0.6324450079764254,1,26.099681854248047,26.245594024658203,-0.04250750505385259,0.03576131381360181,0.15444466453026406
1777970785.8047826,0.17258130184788514,-0.11745626171741469,0.6312484770523503,1,25.18606185913086,25.35557746887207,-0.043418698150657714,0.03604293018062767,0.15324813360618894
1777970785.8535857,0.17234312587956047,-0.11755058246694328,0.6293573670673157,1,23.833274841308594,24.033308029174805,-0.04365687411898239,0.03594860943109909,0.1513570236211544
1777970785.9054582,0.17212202692467313,-0.11774456336405448,0.6268090803734951,1,25.5889892578125,25.822877883911133,-0.04387797307386973,0.03575462853398789,0.14880873692733387
1777970785.957268,0.17176158283765322,-0.1180827139052201,0.6234273462729696,1,27.405977249145508,27.56500244140625,-0.04423841716088964,0.03541647799282227,0.14542700282680823
1777970785.995173,0.16961957922989335,-0.1187391471755578,0.6143336584200649,1,15.281915664672852,15.436649322509766,-0.04638042076864951,0.034760044722484576,0.13633331497390355
1777970786.0684621,0.16719030044663147,-0.11884882434705135,0.6082672235996108,1,38.359880447387695,38.54250907897949,-0.04880969955191139,0.03465036755099102,0.13026688015344953
1777970786.10252,0.16353551230660718,-0.11876163822421733,0.6008103342773511,1,22.370576858520508,22.530078887939453,-0.05246448769193568,0.03473755367382504,0.12280999083118976
1777970786.1548471,0.15452391251093217,-0.11794961689555575,0.5837953117685988,1,24.390459060668945,24.577856063842773,-0.06147608748761069,0.03554957500248662,0.10579496832243744
1777970786.2034125,0.14955625191713118,-0.11741734937123213,0.5749509603064342,1,22.75824546813965,22.91083335876465,-0.06644374808141168,0.03608184252681024,0.09695061686027295
1777970786.2565048,0.14402380808508444,-0.11691587495276883,0.5657269463166585,1,25.634050369262695,25.795936584472656,-0.07197619191345841,0.036583316945273545,0.08772660287049724
1777970786.3057194,0.1382357845393338,-0.11639892593589801,0.5563107390506832,1,24.77717399597168,24.936914443969727,-0.07776421545920906,0.037100265962144365,0.07831039560452184
1777970786.3572693,0.1268925758545515,-0.11597715475468634,0.5384403358650939,1,26.188135147094727,26.3521671295166,-0.08910742414399137,0.03752203714335602,0.06043999241893257
1777970786.4028852,0.1216567244391501,-0.11625037411521963,0.5305839697736179,1,19.274473190307617,19.423723220825195,-0.09434327555939276,0.03724881778282275,0.0525836263274566
1777970786.4491632,0.11614020800570485,-0.11676583748319898,0.5226244145175711,1,15.456676483154297,15.618562698364258,-0.09985979199283801,0.03673335441484339,0.04462407107140984
1777970786.5099173,0.11120286743264693,-0.11725617127381827,0.5154180898395359,1,25.25043487548828,25.442123413085938,-0.10479713256589593,0.036243020624224104,0.03741774639337449
1777970786.560019,0.10293790065227168,-0.11913067807733156,0.5027472324211467,1,25.12335777282715,25.311946868896484,-0.11306209934627118,0.03436851382071081,0.024746888974985393
1777970786.6136181,0.09909758346580624,-0.12058321543949327,0.4966467822165478,1,28.59973907470703,28.771400451660156,-0.11690241653273661,0.0329159764585491,0.018646438770386492
1777970786.6485956,0.09550617328106861,-0.12255227336103786,0.4907183323017542,1,13.527393341064453,13.691902160644531,-0.12049382671747425,0.030946918537004514,0.012717988855592915
1777970786.7261097,0.09241110779797987,-0.12514937111941415,0.4854818149837613,1,40.778160095214844,41.107892990112305,-0.12358889220056299,0.0283498207786282,0.00748147153760001
1777970786.7616463,0.08726475967729569,-0.13111239476787534,0.4765608993715815,1,26.34406089782715,26.51667594909668,-0.12873524032124717,0.022386797130167016,-0.0014394440745798265
1777970786.8097281,0.08544341891632726,-0.13417867117378518,0.4729943341135281,1,24.312973022460938,24.5208740234375,-0.1305565810822156,0.01932052072425719,-0.005006009332633232
1777970786.8521295,0.08406167231390482,-0.13774018531917975,0.46950581269971714,1,16.688823699951172,16.866207122802734,-0.13193832768463803,0.015759006578862603,-0.008494530746444184
1777970786.9226234,0.08296612181617485,-0.141404678288086,0.4666193960285989,1,36.98873519897461,37.194013595581055,-0.133033878182368,0.012094513609956364,-0.011380947417562431
1777970786.9554956,0.0814189251792945,-0.14956354373131575,0.4629728322850377,1,19.778728485107422,20.010948181152344,-0.13458107481924836,0.0039356481667266185,-0.015027511161123608
1777970787.0125363,0.08129110488428604,-0.1537900399930497,0.4620668556484907,1,26.827096939086914,26.98969841003418,-0.13470889511425682,-0.0002908480950073039,-0.01593348779767062
1777970787.0585043,0.08190131889528207,-0.1580575187238999,0.46151850138893813,1,22.67169952392578,22.87769317626953,-0.1340986811032608,-0.004558326825857509,-0.016481842057223223
1777970787.10961,0.0834468645593463,-0.16267031387843106,0.4612510362701956,1,23.635149002075195,23.81443977355957,-0.13255313543919656,-0.009171121980388691,-0.016749307175965705
1777970787.1495643,0.08814479728740215,-0.1722601922409177,0.4614262688015517,1,13.27061653137207,13.450860977172852,-0.1278552027111407,-0.018761000342875353,-0.01657407464460961
1777970787.2092083,0.09109504133315592,-0.17688367230743068,0.46172039775612955,1,22.7963924407959,22.974729537963867,-0.12490495866538694,-0.0233844804093883,-0.016279945690031772
1777970787.261396,0.09472250125249063,-0.18162208596735402,0.4623580897188373,1,24.929285049438477,25.11429786682129,-0.12127749874605223,-0.028122894069311663,-0.015642253727324057
1777970787.310156,0.0992916973290312,-0.18633820999531292,0.46302505731135657,1,23.634910583496094,23.79584312438965,-0.11670830266951165,-0.032839018097270536,-0.014975286134804727
1777970787.363926,0.11077422041824314,-0.19481552408070607,0.464830444295609,1,27.309417724609375,27.484893798828125,-0.10522577958029972,-0.04131633218266369,-0.013169899150552333
1777970787.3998363,0.117931297483014,-0.19967079037313457,0.4658852294930179,1,13.175249099731445,13.359785079956055,-0.09806870251552886,-0.04617159847509218,-0.01211511395314338
1777970787.4614968,0.12597028124981943,-0.2045209349435685,0.46729222738199505,1,24.762392044067383,24.924755096435547,-0.09002971874872343,-0.05102174304552613,-0.010708116064166301
1777970787.5113165,0.1341165615987998,-0.20910762618419343,0.46864710750242244,1,24.4905948638916,24.65510368347168,-0.08188343839974303,-0.05560843428615107,-0.00935323594373888
1777970787.5722878,0.15138493540570241,-0.21644071422733951,0.47200862419681566,1,35.39538383483887,35.570383071899414,-0.06461506459284044,-0.06294152232929716,-0.005991719249345662
1777970787.6023974,0.15997811010114107,-0.21879930012395749,0.47386099068111437,1,15.453100204467773,15.605688095092773,-0.05602188989740178,-0.06530010822591513,-0.004139352765046955
1777970787.6614006,0.1681972410582069,-0.22014516586346672,0.47616291457975074,1,24.277925491333008,24.451494216918945,-0.04780275894033595,-0.06664597396542433,-0.0018374288664105842
1777970787.716641,0.17633934447055705,-0.220645178980527,0.47911656490414833,1,29.083728790283203,29.27565574645996,-0.03966065552798581,-0.06714598708248463,0.0011162214579870378
1777970787.7598305,0.19136094482153837,-0.2181384490732165,0.48544379849801034,1,22.10855484008789,22.333383560180664,-0.024639055177004487,-0.06463925717517412,0.0074434550518490405
1777970787.802455,0.19843498333060827,-0.2153717272904762,0.48874644078713714,1,14.748096466064453,14.92762565612793,-0.017565016667934585,-0.061872535392433856,0.010746097340975813
1777970787.8554573,0.20502230928989856,-0.21214145732165024,0.4917890564125448,1,17.673969268798828,17.837047576904297,-0.010977690708644294,-0.058642265423607856,0.013788712966383454
1777970787.9151816,0.21106557903058515,-0.20870768015910446,0.4945256031669214,1,27.18329429626465,27.350902557373047,-0.004934420967957709,-0.0552084882610621,0.01652525972076005
1777970787.9563346,0.22293298037080223,-0.1993461432182409,0.4989968091848629,1,18.211841583251953,18.453598022460938,0.0069329803722593675,-0.045846951320198545,0.020996465738701592
1777970788.0225444,0.2279170092013341,-0.19295782476441825,0.5013232358005812,1,34.31439399719238,34.57021713256836,0.011917009202791234,-0.03945863286637587,0.02332289235441995
1777970788.0676901,0.23252101364432393,-0.1861838831643019,0.5032392934346688,1,29.208898544311523,29.389619827270508,0.01652101364578107,-0.032684691266259516,0.025238949988507425
1777970788.1041324,0.23650403895951339,-0.1789030401926751,0.5046563373914562,1,15.233516693115234,15.40684700012207,0.020504038960970528,-0.025403848294632755,0.026655993945294915
1777970788.162046,0.24329879753125888,-0.16443746417576938,0.5069678201606287,1,23.03600311279297,23.24962615966797,0.027298797532716024,-0.01093827227772702,0.028967476714467352
1777970788.221272,0.246306598772785,-0.15775173599775383,0.5077736672437618,1,25.661230087280273,25.86841583251953,0.030306598774242133,-0.004252544099711472,0.02977332379760056
1777970788.266531,0.2483322638335944,-0.15121633783396532,0.5083562909634011,1,20.871877670288086,21.027326583862305,0.032332263835051556,0.002282854064077036,0.030355947517239773
1777970788.3217807,0.2500823592577592,-0.13771230305387616,0.5088504265226982,1,25.983572006225586,26.200532913208008,0.03408235925921632,0.015786888844166194,0.030850083076536833
1777970788.370082,0.25001840744841647,-0.13132717522267517,0.5082217123315614,1,24.168014526367188,24.377822875976562,0.03401840744987361,0.02217201667536721,0.030221368885400085
1777970788.4202898,0.24922496841834668,-0.1255117556851743,0.5072988713166167,1,24.282217025756836,24.525880813598633,0.033224968419803824,0.027987436212868075,0.029298527870455282
1777970788.4632325,0.24746682741919698,-0.1201495533986695,0.5061158056937449,1,17.15397834777832,17.374038696289062,0.031466827420654125,0.03334963849937286,0.0281154622475836
1777970788.5119252,0.24057045544125005,-0.11158741039128586,0.5038163433874414,1,15.787839889526367,16.00480079650879,0.024570455442707195,0.04191178150675651,0.025815999941280116
1777970788.565702,0.23505547146758005,-0.1081348642364138,0.5029265530741431,1,19.520044326782227,19.701719284057617,0.01905547146903719,0.04536432766162857,0.024926209627981755
1777970788.618905,0.22826250643378498,-0.10499089601717315,0.5020738760385629,1,22.643089294433594,22.84717559814453,0.012262506435242126,0.04850829588086922,0.024073532592401553
1777970788.6749494,0.22073347739167765,-0.10262634368215162,0.5010535297316345,1,28.347492218017578,28.5952091217041,0.0047334773931347884,0.05087284821589075,0.023053186285473176
1777970788.725433,0.20289561920057034,-0.09955639454192018,0.4981060415186028,1,28.71537208557129,28.99312973022461,-0.01310438079797252,0.05394279735612219,0.020105698072441502
1777970788.7854445,0.19363874448377938,-0.09913344857727205,0.4960361781548486,1,38.73181343078613,38.92350196838379,-0.02236125551476348,0.054365743320770314,0.018035834708687276
1777970788.8212867,0.18299877860127495,-0.09956999275852103,0.4929967831186107,1,24.524450302124023,24.7037410736084,-0.03300122139726791,0.053929199139521336,0.014996439672449374
1777970788.8702738,0.17230844690599872,-0.10070448248748604,0.48962908165893815,1,23.427486419677734,23.621797561645508,-0.04369155309254413,0.052794709410556334,0.011628738212776796
1777970788.919603,0.16198170488169447,-0.10246249163581816,0.4858092845560544,1,22.621631622314453,22.864818572998047,-0.054018295116848386,0.051036700262224205,0.007808941109893053
1777970788.97191,0.14181445965283473,-0.10788968566107729,0.47690316798964383,1,24.957656860351562,25.14505386352539,-0.07418554034570812,0.04560950623696508,-0.0010971754565174963
1777970789.0180523,0.13274942655222996,-0.1113697081456603,0.47225546363866455,1,20.035982131958008,20.240306854248047,-0.0832505734463129,0.04212948375238207,-0.005744879807496744
1777970789.0776463,0.12527118540714102,-0.11553270038957651,0.4680110053115991,1,29.566526412963867,29.767274856567383,-0.09072881459140184,0.03796649150846586,-0.009989338134562181
1777970789.1245525,0.11348838308170528,-0.1250699345000577,0.4606161711811421,1,26.311635971069336,26.526689529418945,-0.10251161691683758,0.028429257397984672,-0.017384172265019204
1777970789.170611,0.1090926132659578,-0.12981445543635928,0.45677471196882635,1,22.22728729248047,22.507190704345703,-0.10690738673258506,0.02368473646168308,-0.021225631477335
1777970789.224554,0.10592817016985917,-0.13471444613823325,0.45290637120981225,1,26.122331619262695,26.366233825683594,-0.11007182982868369,0.018784745759809138,-0.025093972236349044
1777970789.2738025,0.10418357780139874,-0.13948778934605843,0.44939894007614556,1,25.32958984375,25.537967681884766,-0.11181642219714412,0.014011402551983923,-0.028601403370015793
1777970789.3259091,0.10401041855511417,-0.14969367452387766,0.44378507177860305,1,27.340173721313477,27.590513229370117,-0.11198958144342869,0.0038055173741647214,-0.03421527166755825
1777970789.3728807,0.1057200753133305,-0.15516525268451686,0.44204348375982216,1,24.19257164001465,24.47199821472168,-0.11027992468521236,-0.0016660607864744797,-0.03595685968633913
1777970789.4283898,0.10866302650305779,-0.1608028114514508,0.44084334156094873,1,29.684782028198242,29.91199493408203,-0.10733697349548507,-0.0073036195534084275,-0.03715700188521259
1777970789.474305,0.11271008246981273,-0.16695588608301004,0.44060101054365547,1,25.511741638183594,25.76446533203125,-0.10328991752873012,-0.013456694184967657,-0.037399332902505855
1777970789.5287893,0.12600572083191647,-0.18066807949728927,0.4416595502813231,1,29.94060516357422,30.160903930664062,-0.08999427916662639,-0.027168887599246905,-0.036340793164838237
1777970789.5800421,0.13403785692544726,-0.18801015287695821,0.4429125365579687,1,31.104564666748047,31.363725662231445,-0.0819621430730956,-0.03451096097891586,-0.03508780688819263
1777970789.6202111,0.14260022241818865,-0.195261934736285,0.44495196586826247,1,21.19588851928711,21.449565887451172,-0.07339977758035421,-0.04176274283824262,-0.033048377577898885
1777970789.675043,0.15065247087086844,-0.20144362322971504,0.44749623866559196,1,25.986194610595703,26.208162307739258,-0.06534752912767441,-0.04794443133167266,-0.030504104780569335
1777970789.7253473,0.16878641941627326,-0.2141432747674923,0.45446573641425014,1,26.224374771118164,26.4279842376709,-0.0472135805822696,-0.06064408286944993,-0.02353460703191121
1777970789.7743146,0.1772128181877002,-0.21839793879270314,0.45876397248571266,1,25.101184844970703,25.324344635009766,-0.03878718181084265,-0.06489874689466078,-0.019236370960448695
1777970789.834773,0.18505211304066035,-0.22042282581856587,0.4630768823011555,1,35.45570373535156,35.7058048248291,-0.030947886957882503,-0.06692363392052351,-0.014923461145005784
1777970789.8824105,0.19994128052902227,-0.21988087870673984,0.47184414577557654,1,32.9899787902832,33.28418731689453,-0.016058719469520588,-0.06638168680869745,-0.006156197670584812
1777970789.9253027,0.20611512391152448,-0.2171307248801131,0.4768213471463697,1,25.934457778930664,26.104450225830078,-0.00988487608701838,-0.06363153298207073,-0.0011789962997916514
1777970789.9750426,0.21195460019139417,-0.21276867492613472,0.4814215939838834,1,25.599241256713867,25.77352523803711,-0.004045399807148686,-0.05926948302809236,0.0034212505377221036
1777970790.022912,0.21706651197059051,-0.20738957547474268,0.48513194672147164,1,23.384571075439453,23.585081100463867,0.0010665119720476568,-0.0538903835767003,0.007131603275310344
1777970790.0761704,0.22206934780672927,-0.2010070383722231,0.48848100572794695,1,26.562213897705078,26.767253875732422,0.006069347808186409,-0.04750784647418076,0.010480662281785652
1777970790.1256378,0.23219347781564248,-0.18592860901335312,0.49425762587679467,1,25.918245315551758,26.089191436767578,0.016193477817099622,-0.03242941711531076,0.016257282430633374
1777970790.1759894,0.23688602259003427,-0.1777121564746582,0.49672031569752406,1,26.141881942749023,26.36098861694336,0.020886022591491415,-0.024212964576615828,0.018719972251362738
1777970790.2245803,0.24123961928254492,-0.16916938640510576,0.4991725516962382,1,24.672746658325195,24.885177612304688,0.025239619284002063,-0.015670194507063376,0.0211722082500769
1777970790.287428,0.2484695879962038,-0.1511652339395851,0.5031692127775182,1,37.279605865478516,37.47963905334473,0.03246958799766095,0.0023339579584572973,0.02516886933135687
1777970790.317669,0.25114911960827485,-0.14187806230925132,0.5049325045222701,1,17.51255989074707,17.67706871032715,0.035149119609731994,0.011621129588791038,0.026932161076108768
1777970790.3769963,0.25272901431592854,-0.1330696738536299,0.506303773803461,1,26.726722717285156,26.912927627563477,0.03672901431738568,0.020429518044412495,0.028303430357299666
1777970790.4260395,0.25284851075109005,-0.12447493651136164,0.5072061390761844,1,25.454282760620117,25.630474090576172,0.03684851075254719,0.029024255386680728,0.02920579563002304
1777970790.4649315,0.24845358923324318,-0.10896307192303785,0.5077064275150438,1,14.297962188720703,14.499187469482422,0.03245358923470032,0.04453611997500452,0.02970608406888245
1777970790.5246334,0.24359223925238488,-0.10243691322153967,0.5073345181425446,1,23.82802963256836,24.00994300842285,0.02759223925384202,0.0510622786765027,0.02933417469638333
1777970790.5810428,0.23655892020995617,-0.0963083781032366,0.5063019907670635,1,29.78348731994629,30.127525329589844,0.020558920211413312,0.05719081379480577,0.02830164732090218
1777970790.6373692,0.22886812964745848,-0.09167637373472645,0.5048405853556656,1,36.13162040710449,36.36908531188965,0.012868129648915622,0.06182281816331592,0.026840241909504264
1777970790.6731856,0.21063810071868325,-0.08599961145507376,0.5005328104563945,1,21.404266357421875,21.628379821777344,-0.005361899279859611,0.06749958044296861,0.02253246701023323
1777970790.7270653,0.20114921424520626,-0.08511843076115264,0.4978179171739133,1,21.902799606323242,22.146224975585938,-0.014850785753336593,0.06838076113688973,0.01981757372775203
1777970790.7839878,0.1912928595864527,-0.08518217796617596,0.4949126484391267,1,28.73849868774414,29.003620147705078,-0.024707140412090156,0.06831701393186641,0.016912304992965366
1777970790.8429406,0.1811534459109796,-0.08626445926809026,0.49172868770871225,1,37.73140907287598,37.891387939453125,-0.034846554087563264,0.06723473262995211,0.013728344262550929
1777970790.870973,0.16341344734725852,-0.09102944758987144,0.48523328355709927,1,15.465736389160156,15.844106674194336,-0.05258655265128434,0.06246974430817092,0.007232940110937919
1777970790.9291565,0.15526312398634268,-0.09491523290531184,0.48166515895038886,1,23.679018020629883,23.967742919921875,-0.06073687601220018,0.05858395899273052,0.0036648155042275643
1777970790.973351,0.14754347852163077,-0.0996222052039621,0.4779090423640075,1,17.750978469848633,18.088102340698242,-0.06845652147691209,0.05387698669408027,-9.130108215382737e-05
1777970791.0290697,0.14046928844874218,-0.1042772836371951,0.47438725426938444,1,23.44369888305664,23.720264434814453,-0.07553071154980068,0.04922190826084727,-0.0036130891767769124
1777970791.0861936,0.13405595340072,-0.10909253101905104,0.4710797941612821,1,30.405044555664062,30.61223030090332,-0.08194404659782287,0.044406660878991325,-0.006920549284879202
1777970791.1301327,0.1244894922610354,-0.11937304151516094,0.4641963672096677,1,24.157047271728516,24.359941482543945,-0.09151050773750746,0.03412615038288143,-0.01380397623649357
1777970791.1762843,0.12123413151092226,-0.12487398829231637,0.46107755481295987,1,19.804954528808594,19.997835159301758,-0.0947658684876206,0.028625203605726,-0.016922788633201485
1777970791.23741,0.11841853299978855,-0.13020743922428618,0.45836074015453854,1,30.72834014892578,30.917644500732422,-0.09758146699875431,0.023291752673756203,-0.01963960329162276
1777970791.2771723,0.1149994381268983,-0.14015109461262745,0.4542258576416427,1,20.456314086914062,20.62845230102539,-0.10100056187164455,0.013348097285414917,-0.023774485804518658
1777970791.3419418,0.11486088460448457,-0.1447172256640461,0.45270328584808206,1,34.89947319030762,35.1259708404541,-0.10113911539405829,0.008781966233996269,-0.025297057598079292
1777970791.3832731,0.11623082342037541,-0.14847221081843678,0.45080590948392973,1,26.048898696899414,26.25417709350586,-0.09976917657816745,0.005026981079605586,-0.02719443396223159
1777970791.4428406,0.11932238375730385,-0.1518271725760706,0.4486234781192181,1,35.401105880737305,35.64620018005371,-0.09667761624123901,0.0016720193219717794,-0.029376865326943197
1777970791.4792345,0.1299675393571988,-0.15991467419616004,0.4458987705671873,1,21.754741668701172,21.936416625976562,-0.08603246064134407,-0.00641548229811767,-0.032101572878974055
1777970791.5316358,0.13607996830126484,-0.16349634475597086,0.44597221501707385,1,23.86617660522461,24.1091251373291,-0.079920031697278,-0.009997152857928501,-0.03202812842908748
1777970791.582386,0.14234389654661617,-0.16669655656957694,0.4467304128522295,1,21.970748901367188,22.189617156982422,-0.07365610345192669,-0.013197364671534553,-0.03126993059393185
1777970791.6430392,0.1564219712720195,-0.1714997159970152,0.44968886788585893,1,32.0582389831543,32.421112060546875,-0.05957802872652335,-0.018000524098972834,-0.028311475560302418
1777970791.6835673,0.16402317285795354,-0.17211669221767806,0.45002901092201336,1,22.565126419067383,22.850990295410156,-0.05197682714058932,-0.018617500319635674,-0.027971332524147963
1777970791.738519,0.17241089295840117,-0.17228837284925863,0.4493644289457145,1,26.981592178344727,27.205228805541992,-0.043589107040141684,-0.018789180951216247,-0.028635914500446863
1777970791.7913308,0.18051837388752445,-0.17224706114566865,0.4493829187445034,1,29.17647361755371,29.37626838684082,-0.035481626111018405,-0.01874786924762628,-0.02861742470165793
1777970791.8521755,0.19356726513310077,-0.16974987278254816,0.4502730571108696,1,39.57033157348633,39.82090950012207,-0.02243273486544209,-0.016250680884505778,-0.0277272863352917
1777970791.8893402,0.19950577350788484,-0.16875148253815075,0.4510655098137815,1,26.66306495666504,26.921987533569336,-0.016494226490658015,-0.015252290640108399,-0.026934833632379807
1777970791.9398992,0.20551946028274937,-0.16806385378554622,0.45208476891196114,1,26.868104934692383,27.13942527770996,-0.010480539715793491,-0.01456466188750384,-0.02591557453420021
1777970791.9887497,0.21125297357490225,-0.16805528055280272,0.4539019005829258,1,25.751113891601562,25.95353126525879,-0.00474702642364061,-0.014556088654760338,-0.024098442863235564
1777970792.0424688,0.21581032242714598,-0.16776362145307785,0.4552625329546306,1,29.3729305267334,29.589176177978516,-0.00018967757139687347,-0.014264429555035485,-0.022737810491530758
1777970792.0864775,0.22644918268568248,-0.16821548318821786,0.4555508226884225,1,21.98028564453125,22.431373596191406,0.010449182687139624,-0.014716291290175487,-0.02244952075773879
1777970792.1418874,0.22799953713346732,-0.16820404785182896,0.45604022254086307,1,27.34971046447754,27.68874168395996,0.011999537134924465,-0.014704855953786608,-0.021960120905298225
1777970792.1878438,0.22708932253296957,-0.16749025543310764,0.45711987118414743,1,23.35500717163086,23.57339859008789,0.01108932253442671,-0.013991063535065254,-0.020880472262013894
1777970809.5032904,0.21167694821951835,-0.15768284842563812,0.4688411903483267,1,32.85813331604004,33.0348014831543,-0.015323018674358424,0.010233210602639167,0.011662445211480521
1777970809.542054,0.21480856487261274,-0.162181248576726,0.49101355770028965,1,21.735191345214844,21.90685272216797,-0.012191402021264036,0.005734810451551303,0.03383481256344345
1777970809.6061573,0.20992913895341667,-0.1633995116862574,0.5045519634442328,1,35.66741943359375,35.928964614868164,-0.01707082794046011,0.004516547342019894,0.047373218307386555
1777970809.6458526,0.21494007720323366,-0.14551497094747504,0.5125497392386391,1,25.179624557495117,25.348901748657227,-0.012059889690643116,0.022401088080802267,0.055370994101792886
1777970809.6958568,0.23307379366109948,-0.10060873511699511,0.5301041865921075,1,24.97553825378418,25.194644927978516,0.006073826767222706,0.06730732391128219,0.07292544145526127
1777970809.752481,0.2315588451753518,-0.09422612427584288,0.5320670239820169,1,30.920982360839844,31.670570373535156,0.004558878281475026,0.07368993475243442,0.07488827884517069
1777970809.7989547,0.22463828397152158,-0.08797389440317371,0.5334586139609917,1,27.94170379638672,28.095483779907227,-0.002361682922355196,0.07994216462510359,0.07627986882414546
1777970809.8481183,0.2179233882929983,-0.08415251005438884,0.534237429748811,1,26.5047550201416,26.67093276977539,-0.009076578600878488,0.08376354897388846,0.07705868461196491
1777970809.8975513,0.20584497362013807,-0.08049816655716491,0.5336183669122777,1,25.796175003051758,25.981903076171875,-0.02115499327373871,0.0874178924711124,0.07643962177543151
1777970809.9589171,0.20044395867866927,-0.0800282299418682,0.5323698851175064,1,36.86070442199707,37.16850280761719,-0.02655600821520751,0.0878878290864091,0.07519113998066014
1777970809.9913518,0.1952275288961705,-0.08054387063927615,0.5301915127403959,1,18.346786499023438,18.55015754699707,-0.031772437997706265,0.08737218838900115,0.07301276760354965
1777970810.0500538,0.1899494884879473,-0.08200460505169968,0.5274086393588499,1,26.98659896850586,27.149677276611328,-0.03705047840592948,0.08591145397657762,0.07022989422200362
1777970810.0950296,0.17922770937810772,-0.0869512656077523,0.5214004845464824,1,21.87061309814453,22.057294845581055,-0.04777225751576905,0.080964793420525,0.06422173940963614
1777970810.1445148,0.17364826672250133,-0.09014558553200411,0.51850960786855,1,21.267175674438477,21.479368209838867,-0.053351700171375444,0.0777704734962732,0.06133086273170388
1777970810.1975462,0.1678754057247521,-0.09352877229216941,0.5159352938355201,1,24.242401123046875,24.435758590698242,-0.05912456116912468,0.0743872867361079,0.05875654869867383
1777970810.2379708,0.16170682567270392,-0.09757418064784582,0.5137228642935809,1,14.062643051147461,14.215946197509766,-0.06529314122117286,0.07034187838043149,0.05654411915673474
1777970810.29821,0.1499401413547274,-0.10644052438387283,0.5101469133033689,1,23.987770080566406,24.142742156982422,-0.07705982553914936,0.061475534644404466,0.05296816816652267
1777970810.3538978,0.14434809346162095,-0.11123741355076773,0.5084455982197867,1,29.443740844726562,29.626131057739258,-0.08265187343225583,0.05667864547750957,0.051266853082940544
1777970810.3924148,0.13897603511828166,-0.1155975800844789,0.5068358851679251,1,17.515897750854492,17.721891403198242,-0.08802393177559513,0.0523184789437984,0.049657140031078933
1777970810.450075,0.13359651052328184,-0.11966382230632781,0.5052051978503261,1,25.096893310546875,25.29764175415039,-0.09340345637059494,0.04825223672194949,0.04802645271347991
1777970810.51163,0.12441840068551141,-0.12680894321696662,0.5022113197445128,1,36.55743598937988,36.79347038269043,-0.10258156620836537,0.0411071158113107,0.04503257460766663
1777970810.5461338,0.12068736329209465,-0.1305959219995994,0.5010075190955092,1,21.06451988220215,21.24190330505371,-0.10631260360178213,0.0373201370286779,0.04382877395866308
1777970810.608626,0.1175001333866845,-0.1342909833913581,0.5000289186908589,1,33.42938423156738,33.64205360412598,-0.10949983350719228,0.03362507563691923,0.042850173554012716
1777970810.6491945,0.11467490767262448,-0.13814529048570917,0.49927779025864594,1,23.935794830322266,24.121761322021484,-0.1123250592212523,0.029770768542568132,0.04209904512179974
1777970810.6910257,0.1097666436472652,-0.14544779111626072,0.49755677132893594,1,15.678167343139648,15.911102294921875,-0.11723332324661158,0.022468267912016587,0.040378026192089744
1777970810.7472398,0.10776633537368568,-0.14840705273014634,0.496468861546979,1,21.85368537902832,22.04298973083496,-0.11923363152019109,0.01950900629813096,0.03929011641013283
1777970810.798276,0.10617581069285582,-0.15096947464287144,0.49539862229447407,1,22.79949188232422,23.001432418823242,-0.12082415620102095,0.01694658438540586,0.038219877157627896
1777970810.8529177,0.10486047363917267,-0.15342650574338762,0.4944391220447035,1,27.37736701965332,27.558565139770508,-0.1221394932547041,0.014489553284889684,0.03726037690785733
1777970810.9009337,0.10314842969973853,-0.1578945269522254,0.49311413258720493,1,25.255441665649414,25.42281150817871,-0.12385153719413824,0.010021532076051914,0.035935387450358736
1777970810.9480112,0.10278308313407039,-0.16014994976220698,0.4928298896805018,1,22.292137145996094,22.447586059570312,-0.12421688375980638,0.007766109266070326,0.035651144543655616
1777970810.9924593,0.10278860435617028,-0.16233673636835588,0.4925549451315132,1,16.5560245513916,16.72053337097168,-0.1242113625377065,0.005579322659921407,0.035376199994666985
1777970811.0554836,0.10315942732224914,-0.16471409630785333,0.492395271840269,1,29.477357864379883,29.668807983398438,-0.12384053957162763,0.003201962720423973,0.03521652670342282
1777970811.1113777,0.10616769908472332,-0.1696510630155974,0.4922239561359625,1,35.1557731628418,35.500526428222656,-0.12083226780915346,-0.0017350039873200995,0.03504521099911628
1777970811.152859,0.1095760037707802,-0.17252885169085508,0.4918863267862891,1,26.738643646240234,26.914596557617188,-0.11742396312309658,-0.004612792662577789,0.034707581649442903
1777970811.2103257,0.11433135129090738,-0.17560899034039046,0.4913375873570589,1,34.04998779296875,34.32011604309082,-0.1126686156029694,-0.007692931312113169,0.034158842220212676
1777970811.2482235,0.12018506565540651,-0.17853725751033997,0.49095291075187275,1,21.957874298095703,22.134780883789062,-0.10681490123847026,-0.010621198482062666,0.03377416561502655
1777970811.3091424,0.13577602785554443,-0.18492345226064094,0.49119046405089994,1,32.726287841796875,32.94491767883301,-0.09122393903833234,-0.017007393232363652,0.034011718914053746
1777970811.3492293,0.14556245797631687,-0.18860288689264276,0.4917870534096329,1,22.771835327148438,22.948503494262695,-0.08143750891755991,-0.02068682786436546,0.034608308272786714
1777970811.4033966,0.15561432142230788,-0.1917532479608106,0.4920897829984967,1,26.8247127532959,26.994943618774414,-0.07138564547156889,-0.02383718893253331,0.03491103786165051
1777970811.4487545,0.16590901196198582,-0.19459998946978999,0.49255276737182296,1,22.125244140625,22.277355194091797,-0.061090954931890956,-0.026683930441512682,0.03537402223497674
1777970811.5010486,0.18463235297375696,-0.1977715159892709,0.49208269115910386,1,24.315595626831055,24.501800537109375,-0.04236761392011981,-0.029855456960993593,0.03490394602225769
1777970811.5528665,0.19233704856116116,-0.19804011769674332,0.49154561752839265,1,26.002883911132812,26.216983795166016,-0.03466291833271562,-0.030124058668466014,0.03436687239154648
1777970811.6134925,0.19828137695864545,-0.19719518339012904,0.49086252295721283,1,36.50259971618652,36.78131103515625,-0.028718589935231326,-0.029279124361851733,0.033683777820366634
1777970811.6509228,0.2026359131416062,-0.19550468445304392,0.4904987009810252,1,23.958921432495117,24.132490158081055,-0.024364053752270576,-0.027588625424766616,0.03331995584417899
1777970811.6992059,0.20794440287384278,-0.19149695497414357,0.49110505525366316,1,22.1712589263916,22.34625816345215,-0.019055564020034,-0.023580895945866265,0.03392631011681696
1777970811.7538946,0.20960052964681553,-0.18915796831509815,0.49206645688905665,1,26.78847312927246,26.973724365234375,-0.01739943724706125,-0.021241909286820848,0.03488771175221045
1777970811.8036199,0.21132639618392732,-0.18693539237521759,0.49327192814291493,1,26.358842849731445,26.51214599609375,-0.015673570709949458,-0.01901933334694028,0.03609318300606873
1777970811.858114,0.21350585966396146,-0.18518946226920213,0.4943648736056421,1,30.586957931518555,30.922412872314453,-0.013494107229915314,-0.017273403240924814,0.037186128468795876
1777970811.893275,0.22005652374856374,-0.1830747856131077,0.4981518594791869,1,15.613317489624023,15.815496444702148,-0.006943443145313033,-0.015158726584830404,0.04097311434234069
1777970811.967447,0.22359900880284042,-0.18200952274130175,0.5010196494578538,1,39.70599174499512,39.91246223449707,-0.0034009580910363546,-0.014093463713024446,0.04384090432100757
1777970812.00178,0.2276181109809401,-0.18034876561044957,0.5042609397213876,1,23.847579956054688,24.048805236816406,0.0006181440870633159,-0.01243270658217227,0.04708219458454144
1777970812.0610332,0.23159621231963023,-0.17744717438208843,0.5074891648393668,1,32.79519081115723,32.99760818481445,0.004596245425753459,-0.009531115353811126,0.050310419702520565
1777970812.1020007,0.23647570538100993,-0.1675238798506647,0.5143651259197742,1,23.601293563842773,23.799657821655273,0.00947573848713315,0.00039217917761261156,0.05718638078292804
1777970812.1545844,0.23774000759824923,-0.1608607418345953,0.5179900348667731,1,26.111841201782227,26.3063907623291,0.010740040704372456,0.0070553171936819925,0.060811289729926846
1777970812.2084363,0.23888422547551835,-0.15372273497471423,0.5216053990064087,1,29.91461753845215,30.07674217224121,0.011884258581641577,0.014193324053563078,0.06442665386956249
1777970812.2476501,0.23912089468840725,-0.14607403078210696,0.5249708909163494,1,18.315792083740234,18.49842071533203,0.012120927794530473,0.021842028246170334,0.06779214577950318
1777970812.303941,0.2366396417473824,-0.13064158154240435,0.5284943405864677,1,24.478435516357422,24.68585968017578,0.009639674853505614,0.03727447748587294,0.07131559544962146
1777970812.3589504,0.23440240277991506,-0.12269342209928043,0.5284895460335921,1,29.478073120117188,29.638290405273438,0.007402435886038283,0.045222636928996876,0.07131080089674596
1777970812.4052565,0.23182174020312735,-0.11573514785185196,0.5281908264983285,1,25.584697723388672,25.76613426208496,0.004821773309250571,0.052180911176425336,0.07101208136148232
1777970812.456435,0.22936035866650625,-0.1097283158467418,0.5274166260429057,1,26.680469512939453,26.883363723754883,0.0023603917726294776,0.05818774318153551,0.07023788090605956
1777970812.505755,0.22134444568019374,-0.09989700845162133,0.5257628270160741,1,25.86531639099121,26.074647903442383,-0.00565552121368304,0.06801905057665597,0.06858408187922788
1777970812.5546212,0.21546244654144897,-0.09611659688201926,0.5250566206393193,1,24.727582931518555,24.929523468017578,-0.011537520352427805,0.07179946214625804,0.06787787550247314
1777970812.6059284,0.2088910680086845,-0.0937836201129828,0.5245777050967421,1,25.773286819458008,25.979995727539062,-0.018108898885192265,0.0741324389152945,0.06739895995989587
1777970812.6645272,0.20188562122496892,-0.09269000242252384,0.5239435941977743,1,34.26861763000488,34.509897232055664,-0.025114345668907856,0.07522605660575346,0.06676484906092808
1777970812.7052894,0.18454016160048586,-0.09206187955176245,0.5215996712524795,1,25.018692016601562,25.1920223236084,-0.04245980529339091,0.07585417947651485,0.06442092611563331
1777970812.7562985,0.1749142200182387,-0.09275175857246307,0.520240485817521,1,25.973796844482422,26.131153106689453,-0.05208574687563808,0.07516430045581424,0.06306174068067483
1777970812.80524,0.1652538993825694,-0.09427579201603187,0.5182506757624769,1,24.816513061523438,24.99079704284668,-0.06174606751130737,0.07364026701224544,0.061071930625630655
1777970812.8549392,0.15651213061245167,-0.0966484485279436,0.5160659297684672,1,24.396896362304688,24.6126651763916,-0.0704878362814251,0.0712676105003337,0.05888718463162099
1777970812.905512,0.14135290884392043,-0.10336320510651202,0.5121345609439575,1,24.97243881225586,25.122642517089844,-0.08564705804995634,0.06455285392176528,0.05495581580711126
1777970812.9545956,0.135224740802506,-0.10702178936869454,0.5106051592311596,1,23.877382278442383,24.053096771240234,-0.09177522609137079,0.060894269659582764,0.053426414094313396
1777970813.0095248,0.12907850881930338,-0.11153874866353378,0.5093364674271065,1,28.682231903076172,28.8543701171875,-0.09792145807457338,0.05637731036474353,0.05215772229026025
1777970813.0552564,0.11879154217549547,-0.12119660288760473,0.5073947042018223,1,23.108959197998047,23.305654525756836,-0.10820842471838131,0.046719456140672584,0.05021595906497617
1777970813.1055024,0.11490637929961414,-0.12574219428223274,0.5063425609431454,1,23.241758346557617,23.456573486328125,-0.11209358759426263,0.04217386474604457,0.04916381580629922
1777970813.1484025,0.11185535744385665,-0.13035534640397559,0.5054892134311547,1,14.46533203125,14.632463455200195,-0.11514460945002013,0.03756071262430172,0.04831046829430852
1777970813.1986947,0.10964965797305423,-0.1356030238300958,0.5049906823217287,1,14.132022857666016,14.312028884887695,-0.11735030892082254,0.03231303519818152,0.04781193718488255
1777970813.2559662,0.10649329380816633,-0.14740661395455196,0.5040547519439544,1,21.302461624145508,21.48270606994629,-0.12050667308571045,0.02050944507372536,0.046876006807108184
1777970813.3048916,0.10511303828904993,-0.15313975761957463,0.5034104522222009,1,20.194053649902344,20.35999298095703,-0.12188692860482685,0.014776301408702675,0.046231707085354734
1777970813.3580844,0.10375664597307833,-0.15883681000842126,0.5025832130341655,1,23.308277130126953,23.48494529724121,-0.12324332092079844,0.009079249019856059,0.04540446789731936
1777970813.4075701,0.1027127968133172,-0.16455026206727158,0.5015715040698554,1,22.713422775268555,22.89438247680664,-0.12428717008055958,0.0033657969610057237,0.0443927589330092
1777970813.4547653,0.10431809333744575,-0.17520265061288057,0.49869536894837646,1,19.840478897094727,20.016193389892578,-0.12268187355643102,-0.007286591584603264,0.04151662381153026
1777970813.5097556,0.10765187899850792,-0.18101302501730687,0.4971843918060661,1,24.74689483642578,24.921417236328125,-0.11934808789536885,-0.013096965989029569,0.04000564666921991
1777970813.5545115,0.112779873047606,-0.18680513132418647,0.4955174358462735,1,19.277334213256836,19.45018768310547,-0.11422009384627077,-0.018889072295909165,0.03833869070942733
1777970813.6032183,0.1192752285044221,-0.19203509180851175,0.4938672761228632,1,15.814065933227539,18.079042434692383,-0.10772473838945468,-0.024119032780234445,0.036688530986017015
1777970813.665262,0.13567587952412313,-0.2012477434268569,0.49146020102312094,1,29.811859130859375,30.072450637817383,-0.09132408736975364,-0.033331684398579586,0.034281455886274764
1777970813.707792,0.14586806186411336,-0.20539388138522413,0.4909950527062474,1,22.346019744873047,22.511959075927734,-0.08113190502976342,-0.03747782235694683,0.03381630756940118
1777970813.7553985,0.15623905392160525,-0.2091539994184078,0.49088594620282955,1,19.808530807495117,19.97661590576172,-0.07076091297227152,-0.041237940390130484,0.03370720106598335
1777970813.810135,0.1663159615849642,-0.2126369237178951,0.49197986331766896,1,24.46746826171875,24.632930755615234,-0.060684005308912575,-0.044720864689617806,0.03480111818082274
1777970813.878078,0.1861488167976117,-0.2166154483897626,0.494367215535323,1,42.11163520812988,42.4656867980957,-0.04085115009626508,-0.048699389361485296,0.03718847039847678
1777970813.9127822,0.1968747602826011,-0.21763273052015777,0.49603824198666113,1,26.915550231933594,27.103185653686523,-0.030125206611275684,-0.04971667149188047,0.038859496849814934
1777970813.9618788,0.2065245878139605,-0.21788086608789245,0.49737791393201036,1,26.014089584350586,26.189565658569336,-0.020475379079916284,-0.049964807059615146,0.04019916879516419
1777970814.0135152,0.2146326548183049,-0.2171509284385621,0.49940577977029377,1,27.587413787841797,27.742624282836914,-0.012367312075571874,-0.04923486941028479,0.0422270346334476
1777970814.070421,0.22752328239376443,-0.2103768714135431,0.5040162408151747,1,34.3935489654541,34.58595275878906,0.0005233154998876555,-0.042460812385265806,0.04683749567832851
1777970814.1066601,0.2330015364476088,-0.20570199813348097,0.5056463386646799,1,20.375490188598633,20.573854446411133,0.006001569553732017,-0.03778593910520367,0.0484675935278337
1777970814.1650028,0.23796896813114482,-0.20080955098522693,0.5073721004754699,1,28.649091720581055,28.8546085357666,0.010969001237268045,-0.03289349195694963,0.05019335533862368
1777970814.2104487,0.242026452677474,-0.19454460879505678,0.5093309739934182,1,24.078369140625,24.22642707824707,0.015026485783597221,-0.026628549766779475,0.05215222885657195
1777970814.259601,0.2472562622087402,-0.18108385046641173,0.5129432360141563,1,23.102283477783203,23.264169692993164,0.02025629531486342,-0.01316779143813443,0.055764490877310086
1777970814.3068395,0.24872081725462752,-0.1739216654400635,0.5145416367967376,1,20.260095596313477,20.421504974365234,0.02172085036075075,-0.006005606411786185,0.05736289165989139
1777970814.360145,0.24930429394889184,-0.16609495775611618,0.5159978961347663,1,23.397445678710938,23.608922958374023,0.02230432705501506,0.0018211012721611186,0.05881915099792011
1777970814.4176836,0.24949761683636218,-0.15849189049315437,0.5172510140859253,1,30.89594841003418,31.07762336730957,0.022497649942485404,0.009424168535122929,0.06007226894907916
1777970814.4576898,0.24937977638168662,-0.14332367443538668,0.5191950330501609,1,20.81751823425293,21.01898193359375,0.02237980948780985,0.02459238459289062,0.062016287913314705
1777970814.505912,0.24854641427645813,-0.13573254251110992,0.5197315314547567,1,18.98503303527832,19.17266845703125,0.021546447382581352,0.03218351651716739,0.06255278631791054
1777970814.5743256,0.24730294303493178,-0.1283888984770663,0.5200309381733872,1,37.171363830566406,37.3997688293457,0.020302976141055,0.039527160551211,0.06285219303654102
1777970814.6214898,0.24509063179095464,-0.12141919025569738,0.520141652797625,1,34.169673919677734,34.395456314086914,0.018090664897077863,0.04649686877257993,0.06296290766077883
1777970814.6621675,0.23713422156156952,-0.1097445658218553,0.5197774183811497,1,24.69635009765625,24.899005889892578,0.010134254667692744,0.058171493206422016,0.06259867324430352
1777970814.7119253,0.2322225841992755,-0.10495375362671308,0.5190259699096014,1,24.321556091308594,24.534940719604492,0.005222617305398719,0.06296230540156422,0.0618472247727552
1777970814.7751732,0.22620648887885364,-0.10086277312218746,0.5180866839674733,1,37.16254234313965,37.430524826049805,-0.0007934780150231358,0.06705328590608985,0.060907938830627104
1777970814.8128903,0.2194782819271801,-0.09784116076918584,0.5169162594765117,1,24.915456771850586,25.076866149902344,-0.007521684966696668,0.07007489825909147,0.059737514339665454
1777970814.8696353,0.2044455717721339,-0.09440362627310744,0.5143577875885239,1,31.479358673095703,31.750202178955078,-0.02255439512174287,0.07351243275516986,0.05717904245167768
1777970814.9144595,0.19549170748160305,-0.09375070160903126,0.5130478838434832,1,26.297569274902344,26.50165557861328,-0.031508259412273726,0.07416535741924604,0.055869138706637025
1777970814.9617827,0.18626119930703194,-0.09385733990966913,0.51166752547464,1,23.558616638183594,23.74887466430664,-0.04073876758684483,0.07405871911860817,0.05448878033779378
1777970815.013457,0.17668175866078556,-0.09445103058288465,0.509894621150508,1,25.10380744934082,25.267362594604492,-0.050318208233091216,0.07346502844539265,0.052715876013661817
1777970815.0617712,0.1610074674594106,-0.09842219535864676,0.5065435520623706,1,23.346900939941406,23.52619171142578,-0.06599249943446617,0.06949386366963055,0.04936480692552436
1777970815.1251156,0.15402593753734564,-0.10087875639447247,0.5053232579110902,1,36.45515441894531,36.73720359802246,-0.07297402935653113,0.06703730263380484,0.04814451277424403
1777970815.16472,0.1471760096254758,-0.10288948681525277,0.5037058068913984,1,26.09705924987793,26.28040313720703,-0.07982395726840097,0.06502657221302453,0.04652706175455229
1777970815.2036543,0.13992639131442708,-0.10453571753766239,0.5011314020771596,1,14.92619514465332,15.086174011230469,-0.0870735755794497,0.06338034149061492,0.043952656940313334
1777970815.270425,0.1256110188689197,-0.10951004486241142,0.4945470002442066,1,30.937671661376953,31.592845916748047,-0.10138894802495707,0.05840601416586589,0.03736825510736039
1777970815.3138478,0.11979560293895,-0.11332392578425203,0.4918090468510078,1,24.73759651184082,24.925947189331055,-0.10720436395492677,0.05459213324402527,0.03463030171416162
1777970815.3648005,0.11487793407560029,-0.11753929869857441,0.4895934423637658,1,25.557279586791992,25.740385055541992,-0.11212203281827648,0.0503767603297029,0.03241469722691959
1777970815.4153576,0.11074854546186963,-0.12203098971067514,0.4876048845797959,1,26.04222297668457,26.22199058532715,-0.11625142143200715,0.04588506931760217,0.030426139442949696
1777970815.464536,0.1043008042389731,-0.13198770279545696,0.48455069732818473,1,25.167226791381836,25.32792091369629,-0.12269916265490367,0.03592835623282034,0.027371952191338533
1777970815.5173566,0.1013990892362808,-0.13678288949554596,0.4829608655731248,1,27.88567543029785,28.055429458618164,-0.12560087765759598,0.031133169532731347,0.02578212043627856
1777970815.5612242,0.09872380649183915,-0.14051988658571024,0.48063465287396834,1,21.696090698242188,21.85225486755371,-0.12827616040203763,0.027396172442567063,0.02345590773712214
1777970815.6172574,0.09663517321905779,-0.1431463507147368,0.47774153129388947,1,27.458667755126953,27.64153480529785,-0.13036479367481899,0.0247697083135405,0.020562786157043267
1777970815.6628215,0.09658461446483319,-0.14769813036411888,0.472057158694241,1,22.955894470214844,23.131847381591797,-0.1304153524290436,0.020217928664158405,0.014878413557394776
1777970815.7144096,0.09805046658334046,-0.15102038211814103,0.4702880013584575,1,24.451494216918945,24.651527404785156,-0.1289495003105363,0.01689567691013627,0.013109256221611326
1777970815.7654727,0.10003516341302898,-0.15455387806217752,0.46954419124278585,1,25.475025177001953,25.64096450805664,-0.1269648034808478,0.013362180966099785,0.012365446105939648
1777970815.8165286,0.1065021695870335,-0.16216590594195196,0.47045398520748294,1,25.92015266418457,26.109933853149414,-0.12049779730684328,0.00575015308632533,0.013275240070636712
1777970815.8682046,0.11182338024940061,-0.16632078572783549,0.471445855892768,1,27.15134620666504,27.342557907104492,-0.11517658664447616,0.0015952733004418185,0.01426711075592177
1777970815.9161916,0.11800883590175276,-0.1710195777043596,0.4729404830100713,1,24.250507354736328,24.457693099975586,-0.10899113099212401,-0.003103518676082301,0.01576173787322513
1777970815.971696,0.12466923903103388,-0.17507552094654732,0.47428370311007917,1,29.523134231567383,29.75177764892578,-0.10233072786284289,-0.0071594619182700076,0.017104957973232998
1777970816.0173974,0.14108210801983206,-0.1833817284536531,0.47807685381884335,1,25.20298957824707,25.36296844482422,-0.08591785887404471,-0.015465669425375805,0.020898108681997152
1777970816.06973,0.150576840378653,-0.18731084612464188,0.48086266066650274,1,27.397632598876953,27.611732482910156,-0.07642312651522379,-0.01939478709636458,0.023683915529656513
1777970816.1176198,0.16044547139243187,-0.19101858476990474,0.48421244197935115,1,25.200605392456055,25.424718856811523,-0.0665544955014449,-0.02310252574162744,0.02703369684250495
1777970816.1725295,0.1706725087442063,-0.19426254341359658,0.48815535900425955,1,30.04288673400879,30.258655548095703,-0.05632745814967047,-0.02634648438531928,0.030976613867413377
1777970816.225607,0.19424515559960695,-0.19960736628520295,0.49571197740829304,1,32.96232223510742,33.273935317993164,-0.032754811294269826,-0.03169130725692565,0.03853323227144684
1777970816.2723105,0.20508982279698032,-0.2005184501531847,0.49892203466682106,1,29.613256454467773,29.834985733032227,-0.021910144096896456,-0.0326023911249074,0.04174328952997486
1777970816.3197093,0.21446035962862048,-0.1997623424321447,0.5020012285107913,1,25.83789825439453,26.052474975585938,-0.012539607265256297,-0.03184628340386739,0.04482248337394515
1777970816.371542,0.22249224957386438,-0.1975416013345869,0.5050046549617733,1,26.437997817993164,26.62968635559082,-0.0045077173200124,-0.029625542306309594,0.04782590982492707
1777970816.4229195,0.23699964545213392,-0.18999841260781933,0.5091507099225328,1,27.77242660522461,27.951955795288086,0.009999678558257147,-0.022082353579542024,0.05197196478568658
1777970816.4733324,0.24225622057531201,-0.1842801490671515,0.5104318663657887,1,27.97079086303711,28.233766555786133,0.015256253681435239,-0.016364090038874207,0.05325312122894252
1777970816.5228562,0.24570410513355526,-0.17769164256193654,0.5118013434559348,1,27.383804321289062,27.585744857788086,0.01870413823967848,-0.009775583533659232,0.054622598319088556
1777970816.569507,0.24825737693335886,-0.169951316662752,0.5131007915306911,1,23.830413818359375,24.01876449584961,0.02125741003948209,-0.0020352576344747075,0.05592204639384493
1777970816.6246734,0.25119713018102446,-0.15431684197241846,0.5151036490529941,1,28.79476547241211,28.963327407836914,0.02419716328714769,0.013599217055858842,0.05792490391614795
1777970816.6681554,0.2518276350202289,-0.1450371586982272,0.5159443780341363,1,22.225141525268555,22.40157127380371,0.024827668126352148,0.02287890033005012,0.058765632897290074
1777970816.72184,0.2519198744824036,-0.135919729584419,0.516313930597617,1,25.78449249267578,26.005029678344727,0.024919907588526857,0.03199632944385829,0.059135185460770734
1777970816.7850082,0.25074651536614206,-0.12746484879671877,0.5163582531020154,1,38.81955146789551,39.09039497375488,0.02374654847226529,0.04045121023155855,0.0591795079651693
1777970816.8193836,0.23958404691219215,-0.11198112718363022,0.5162726049539015,1,23.241043090820312,23.399829864501953,0.012584080018315374,0.05593493184464708,0.05909385981705528
1777970816.8602831,0.23096099451126428,-0.10504033371764268,0.5153444436371278,1,14.057397842407227,14.254093170166016,0.003961027617387508,0.06287572531063462,0.05816569850028164
1777970816.9280148,0.22180129194941978,-0.09893554599481275,0.5137027859297574,1,31.626462936401367,31.798839569091797,-0.005198674944456999,0.06898051303346456,0.056524040792911165
1777970816.9721289,0.21278760322314835,-0.09392564443724224,0.51150654377857,1,25.670766830444336,25.845050811767578,-0.014212363670728423,0.07399041459103506,0.05432779864172371
1777970817.0304134,0.19369767317968506,-0.08665096320303878,0.5073239865639307,1,33.56289863586426,33.9813232421875,-0.033302293714191716,0.08126509582523853,0.050145241427084514
1777970817.0856352,0.18369731381950327,-0.08481496827771876,0.5049373140976218,1,38.939476013183594,39.12782669067383,-0.043302653074373504,0.08310109075055855,0.04775856896077557
1777970817.1110203,0.17436795322385729,-0.08393916342186468,0.5025563779357728,1,14.124631881713867,14.310836791992188,-0.05263201367001949,0.08397689560641262,0.04537763279892662
1777970817.1707122,0.16500989613466444,-0.08408758565323175,0.49999327603507754,1,23.700952529907227,23.856401443481445,-0.06199007075921234,0.08382847337504555,0.04281453089823134
1777970817.222942,0.14781416897323343,-0.08732886100337318,0.49456440885164654,1,25.827884674072266,26.011943817138672,-0.07918579792064334,0.08058719802490412,0.03738566371480037
1777970817.2726552,0.13973480316790937,-0.09040585565819065,0.4920761027529914,1,25.44093132019043,25.657176971435547,-0.0872651637259674,0.07751020337008666,0.03489735761614521
1777970817.3223994,0.13239950153497793,-0.09447013551510303,0.48973941372153934,1,25.136232376098633,25.321245193481445,-0.09460046535889885,0.07344592351317428,0.03256066858469314
1777970817.3884387,0.12578223075351846,-0.09962712386381034,0.4876668268785245,1,40.82012176513672,41.05520248413086,-0.10121773614035831,0.06828893516446696,0.030488081741678302
1777970817.4151595,0.11413062503233276,-0.11184668476180237,0.4838948468796391,1,17.541885375976562,17.71998405456543,-0.11286934186154401,0.056069374266474924,0.026716101742792875
1777970817.4784741,0.10973685566547643,-0.11845636558674887,0.48257422743166956,1,30.780553817749023,30.96771240234375,-0.11726311122840034,0.04945969344152844,0.025395482294823385
1777970817.5219057,0.10618271764626835,-0.12479957767901818,0.4816362173852282,1,24.112701416015625,24.33609962463379,-0.12081724924760842,0.04311648134925912,0.024457472248382017
1777970817.5717564,0.10266001404867148,-0.13223534107471235,0.48103273414082404,1,23.888826370239258,24.094104766845703,-0.1243399528452053,0.03568071795356495,0.023853989003977838
1777970817.6211128,0.09616200040013195,-0.14708560414158237,0.48099877726158524,1,23.121356964111328,23.308753967285156,-0.13083796649374482,0.020830454886694938,0.023820032124739043
1777970817.6730247,0.09329810332452673,-0.15435711781140665,0.4814821952730629,1,24.9631404876709,25.1467227935791,-0.13370186356935004,0.013558941216870665,0.02430345013621671
1777970817.7220893,0.09098868926630735,-0.1620290587974928,0.48235143231866706,1,23.927927017211914,24.14226531982422,-0.13601127762756943,0.00588700023078452,0.02517268718182089
1777970817.7752266,0.08983907190128362,-0.16943780320040755,0.48347259057943703,1,26.998281478881836,27.194499969482422,-0.13716089499259315,-0.001521744172130246,0.026293845442590863
1777970817.8255389,0.09286196940761302,-0.18432370861967698,0.48659799332861087,1,27.24289894104004,27.458906173706055,-0.13413799748626376,-0.016407649591399676,0.02941924819176467
1777970817.8732798,0.09684384579798075,-0.19191218826486575,0.48824213916783765,1,24.94502067565918,25.1309871673584,-0.13015612109589603,-0.023996129236588448,0.031063394030991426
1777970817.9144568,0.10204518985600813,-0.19860000509180126,0.4897431691382802,1,16.00170135498047,16.163110733032227,-0.12495477703786864,-0.030683946063523954,0.032564424001434
1777970817.9811072,0.10940439183180355,-0.20493510174796853,0.49161934081067904,1,32.54246711730957,32.71627426147461,-0.11759557506207323,-0.037019042719691225,0.03444059567383284
1777970818.0219154,0.12780804733424078,-0.21429951704588068,0.4946804367750973,1,23.131608963012695,23.369789123535156,-0.099191919559636,-0.04638345801760338,0.03750169163825112
1777970818.0816736,0.1384524510893586,-0.2178124974465428,0.49590392205013034,1,32.82523155212402,33.05792808532715,-0.08854751580451817,-0.04989643841826549,0.03872517691328414
1777970818.1323185,0.15088281640312193,-0.2199674578189268,0.49598471457570215,1,33.100128173828125,33.34689140319824,-0.07611715049075485,-0.05205139879064949,0.038805969438855975
1777970818.1707997,0.1625486758138541,-0.22177759124303836,0.4964838437271647,1,21.621227264404297,21.814823150634766,-0.06445129108002268,-0.05386153221476106,0.0393050985903185
1777970818.2234228,0.1861732483936241,-0.22167647498397203,0.4973617631406875,1,24.150371551513672,24.335384368896484,-0.040826718500252684,-0.053760415955694724,0.0401830180038413
1777970818.2744937,0.19620318126918695,-0.21950656078505576,0.4988863460670714,1,25.086641311645508,25.295019149780273,-0.03079678562468982,-0.051590501756778456,0.041707600930225186
1777970818.3246412,0.205400699326163,-0.21564681381992473,0.5006391055285722,1,25.13909339904785,25.362491607666016,-0.02159926756771377,-0.04773075479164743,0.04346036039172593
1777970818.37179,0.2230169086986668,-0.20468024057915024,0.5045366561580236,1,22.01676368713379,22.2017765045166,-0.003983058195209971,-0.03676418155087294,0.047357911021177396
1777970818.4236588,0.23034190877241195,-0.19774649481838386,0.5062163542618474,1,23.725032806396484,23.909330368041992,0.003341941878535176,-0.029830435790106552,0.04903760912500127
1777970818.4754174,0.23629996496161976,-0.18988792873495733,0.5080346101608861,1,25.392770767211914,25.591611862182617,0.009299998067742982,-0.021971869706680025,0.05085586502403999
1777970818.5260139,0.24128241553346225,-0.18034181772672286,0.5097787627619002,1,25.906085968017578,26.09562873840332,0.014282448639585471,-0.01242575869844556,0.05260001762505401
1777970818.5665886,0.24821036255682172,-0.1591575215099189,0.5130924642715589,1,15.315771102905273,15.50745964050293,0.021210395662944942,0.00875853751835838,0.055913719134712714
1777970818.6225827,0.2505505023968243,-0.149018094666417,0.5142370194955499,1,18.321752548217773,18.50414276123047,0.02355053550294753,0.01889796436186031,0.05705827435870375
1777970818.6878495,0.2519428374854915,-0.13914205896215617,0.5150789234071975,1,32.06372261047363,32.23276138305664,0.024942870591614735,0.02877400006612113,0.05790017827035136
1777970818.7304816,0.2521511750249636,-0.12941951848491795,0.5155563048461183,1,24.631023406982422,24.804115295410156,0.025151208131086816,0.03849654054335935,0.058377559709272026
1777970818.7852056,0.25034769737313967,-0.11172891531602064,0.5150577391849354,1,29.329299926757812,29.51955795288086,0.023347730479262863,0.056187143712256665,0.05787899404808912
1777970818.8296494,0.2475039302853817,-0.10401594923318024,0.5142622572525326,1,23.61297607421875,23.89383316040039,0.020503963391504926,0.06390010979509707,0.05708351211568641
1777970818.8750417,0.24315460618465404,-0.09742376746229625,0.513331810615334,1,19.04010772705078,19.222736358642578,0.016154639290777262,0.07049229156598105,0.05615306547848778
1777970818.933196,0.23746876427422586,-0.09146971122808113,0.5123011107100384,1,27.13155746459961,27.304410934448242,0.010468797380349087,0.07644634780019617,0.05512236557319214
1777970818.9830549,0.22487865047148814,-0.0830566807024751,0.510243483989842,1,26.833295822143555,27.101755142211914,-0.002121316422388636,0.0848593783258022,0.053064738852995785
1777970819.03115,0.21718722191654863,-0.08049833596113395,0.5099424574081391,1,24.85513687133789,25.104999542236328,-0.009812744977328147,0.08741772306714335,0.05276371227129292
1777970819.0817084,0.20855495514546646,-0.07871479268634861,0.509619796049253,1,25.417327880859375,25.59971809387207,-0.018445011748410317,0.0892012663419287,0.05244105091240675
1777970819.131042,0.20028236329454943,-0.0780253768018962,0.508682196592998,1,24.482250213623047,24.69801902770996,-0.026717603599327344,0.08989068222638111,0.05150345145615179
1777970819.1916072,0.1826052617226812,-0.07991726604462021,0.5060890705078845,1,34.889936447143555,35.1259708404541,-0.044394705171195564,0.08799879298365709,0.04891032537103837
1777970819.229152,0.17371035040787366,-0.08263325255600942,0.5044921386424773,1,22.396326065063477,22.581100463867188,-0.05328961648600311,0.08528280647226788,0.0473133935056311
1777970819.2815447,0.16532677904342646,-0.08614352825586735,0.5027311228320986,1,24.72829818725586,24.911165237426758,-0.06167318785045031,0.08177253077240995,0.045552377695252444
1777970819.3478444,0.15703851689121787,-0.09071289535723101,0.5010326596302425,1,40.88950157165527,41.1524772644043,-0.06996145000265891,0.0772031636710463,0.04385391449339629
1777970819.3848648,0.1422764687481413,-0.1029703398638113,0.49915746188833643,1,27.886629104614258,28.100967407226562,-0.08472349814573549,0.06494571916446601,0.0419787167514902
1777970819.4270248,0.1355787575072083,-0.10998863077632895,0.49859163742079227,1,19.984006881713867,20.13421058654785,-0.09142120938666848,0.057927428251948354,0.04141289228394604
1777970819.4795039,0.12919423665799176,-0.11749472120285794,0.4984689381880779,1,22.400379180908203,22.55535125732422,-0.09780573023588501,0.05042133782541937,0.041290193051231716
1777970819.5254853,0.12274894745347095,-0.12565876902168754,0.4984948462606531,1,18.283605575561523,18.465518951416016,-0.10425101944040582,0.04225729000658975,0.04131610112380693
1777970819.5744514,0.11033130062767549,-0.14329554377310572,0.49849695332427296,1,17.11106300354004,17.304420471191406,-0.11666866626620129,0.024620515255171574,0.041318208187426764
1777970819.6286447,0.10467074038375757,-0.1522496213415949,0.49838086096738654,1,20.999431610107422,21.205902099609375,-0.12232922651011921,0.01566643768668241,0.04120211583054034
1777970819.6819978,0.09961129406015276,-0.1609166260257434,0.49813979557178645,1,24.337053298950195,24.498701095581055,-0.12738867283372401,0.006999433002533917,0.04096105043494025
1777970819.7350008,0.09486755404564193,-0.1690845178775391,0.49780174232187097,1,27.15754508972168,27.341604232788086,-0.13213241284823485,-0.0011684588492617831,0.04062299718502477
1777970819.8021545,0.08743622214939331,-0.1840030028367992,0.4971161439394499,1,44.09027099609375,44.38519477844238,-0.13956374474448346,-0.01608694380852191,0.03993739880260372
1777970819.8458583,0.08563304611155736,-0.1905641395021661,0.4968930864075458,1,37.789106369018555,37.99700736999512,-0.1413669207823194,-0.022648080473888804,0.03971434127069959
1777970819.8847458,0.08563059873509635,-0.19694146236126991,0.497122345772855,1,26.31521224975586,26.599407196044922,-0.14136936815878043,-0.02902540333299261,0.039943600636008825
1777970819.9358804,0.08755428570233734,-0.20308544642066487,0.4977729532981828,1,27.390003204345703,27.619123458862305,-0.13944568119153944,-0.03516938739238756,0.040594208161336576
1777970819.978385,0.09751768170613442,-0.21505084944829958,0.4995924354983508,1,19.79660987854004,19.978761672973633,-0.12948228518774235,-0.04713479042002228,0.04241369036150461
1777970820.0317864,0.10648676536126125,-0.22112196298041056,0.50066008975939,1,23.154258728027344,23.31995964050293,-0.12051320153261552,-0.05320590395213326,0.04348134462254383
1777970820.0839815,0.11796309327130494,-0.22718298539790419,0.5016273875341577,1,25.1920223236084,25.365114212036133,-0.10903687362257183,-0.05926692636962688,0.044448642397311555
1777970820.1438355,0.13212022747438268,-0.23392855380003336,0.502639582998274,1,34.73067283630371,35.0339412689209,-0.09487973941949411,-0.06601249477175605,0.04546083786142788
1777970820.1846468,0.16454342361239055,-0.24642681489427987,0.5058005389491101,1,25.62236785888672,25.77066421508789,-0.062456543281486226,-0.07851075586600256,0.04862179381226395
1777970820.2257242,0.18007036720592515,-0.2509261470063524,0.5082203821292934,1,16.628265380859375,16.82591438293457,-0.04692959968795163,-0.0830100879780751,0.05104163699244718
1777970820.2887056,0.19406485620394778,-0.25202603509343235,0.510730499167342,1,29.50763702392578,29.68764305114746,-0.03293511068992899,-0.08410997606515508,0.053551754030495835
1777970820.3316379,0.20628264967605747,-0.25155172236493345,0.5122107115639112,1,22.37725257873535,22.58467674255371,-0.020717317217819303,-0.08363566333665615,0.05503196642706501
1777970820.3835857,0.22752386727000973,-0.24516674001678612,0.5110213980568693,1,24.22475814819336,24.43695068359375,0.0005239003761329519,-0.07725068098850882,0.05384265292002306
1777970820.42999,0.2345527487338585,-0.23934128640855984,0.5115377729798758,1,20.464420318603516,20.653486251831055,0.0075527818399817315,-0.07142522738028254,0.054359027843029595
1777970820.4805908,0.24103425658926064,-0.23070398837811515,0.5133842509320642,1,20.87116241455078,21.034717559814453,0.014034289695383867,-0.06278792934983785,0.05620550579521799
1777970820.5351918,0.2457594837256991,-0.20679238619287058,0.519965517813469,1,24.51324462890625,24.657249450683594,0.018759516831822337,-0.03887632716459327,0.06278677267662286
1777970820.584606,0.24828972948415273,-0.19466478967186468,0.5237336067062006,1,23.840665817260742,24.02639389038086,0.021289762590275957,-0.026748730643587376,0.06655486156935438
1777970820.6494827,0.25213513728171877,-0.183914971839541,0.5273452257001905,1,38.57231140136719,38.81645202636719,0.025135170387841993,-0.0159989128112637,0.0701664805633443
1777970820.7058642,0.2555197488667156,-0.1729367279253439,0.5310612469954211,1,43.641090393066406,43.91789436340332,0.028519781972838804,-0.005020668897066594,0.07388250185857495
1777970820.7338693,0.2602834769958096,-0.14888689852320008,0.5373000162120557,1,21.59857749938965,21.75760269165039,0.03328351010193284,0.019029160505077233,0.08012127107520953
1777970820.7911458,0.26212831299251294,-0.13785792638251845,0.5401700334710229,1,28.264522552490234,28.42545509338379,0.03512834609863619,0.03005813264575885,0.08299128833417664
1777970820.849911,0.2617885988594923,-0.1273606101649583,0.5431623937621822,1,36.79656982421875,37.1401309967041,0.03478863196561552,0.04055544886331901,0.08598364862533599
1777970820.8873825,0.25861789307978506,-0.11698978233517399,0.5460723514995619,1,24.34825897216797,24.539709091186523,0.03161792618590828,0.05092627669310332,0.08889360636271573
1777970820.9302213,0.24346598847794387,-0.09900722186232655,0.5490826420416155,1,16.974925994873047,17.13705062866211,0.016466021584067098,0.06890883716595075,0.09190389690476929
1777970820.98383,0.2332158223909085,-0.09192840662271562,0.5483110215594014,1,20.48802375793457,20.637035369873047,0.006215855497031714,0.07598765240556168,0.09113227642255514
1777970821.0375009,0.22148455142224446,-0.086316649303241,0.5460746143704975,1,24.076223373413086,24.236679077148438,-0.005515415471632312,0.0815994097250363,0.0888958692336513
1777970821.0893373,0.21081180301198035,-0.08303168960694378,0.543614356471196,1,25.819778442382812,25.988340377807617,-0.016188163881896422,0.08488436942133352,0.08643561133434985
1777970821.14175,0.18799105951569003,-0.08069545826980337,0.5393830260271325,1,28.071880340576172,28.23805809020996,-0.03900890737818674,0.08722060075847393,0.08220428089028628
1777970821.1775382,0.1750403209773161,-0.08126763352415943,0.5375995740152602,1,13.689279556274414,13.85045051574707,-0.05195964591656069,0.08664842550411787,0.08042082887841401
1777970821.2424138,0.16264133742465822,-0.08346657589288166,0.5366799229518717,1,28.36775779724121,28.562068939208984,-0.06435862946921855,0.08444948313539564,0.07950117781502551
1777970821.3028536,0.15097043324570075,-0.08724755711084473,0.5369117304106991,1,38.50746154785156,38.73801231384277,-0.07602953364817602,0.08066850191743258,0.07973298527385288
1777970821.3355303,0.13110285834048388,-0.09706212805443631,0.5406558591490211,1,21.15631103515625,21.33941650390625,-0.0958971085533929,0.07085393097384099,0.08347711401217497
1777970821.3791168,0.12254069677519652,-0.10277823010455178,0.5442896755005573,1,14.681100845336914,14.889955520629883,-0.10445927011868025,0.06513782892372552,0.08711093036371112
1777970821.4412935,0.11516391684698543,-0.10907150551940636,0.5492500272588448,1,26.78966522216797,26.972293853759766,-0.11183605004689134,0.05884455350887093,0.09207128212199861
1777970821.4855807,0.10878229202806868,-0.11561146273806691,0.554940153839784,1,21.014690399169922,21.18659019470215,-0.1182176748658081,0.0523045962902104,0.09776140870293779
1777970821.5423512,0.097851499305216,-0.12781798900123226,0.5657001278733029,1,26.47852897644043,26.636123657226562,-0.12914846758866078,0.04009807002704506,0.10852138273645673
1777970821.590505,0.09214978080283484,-0.13370592946170978,0.5708556185052451,1,24.55759048461914,24.72400665283203,-0.13485018609104193,0.03421012956656751,0.11367687336839898
1777970821.6419008,0.08664797467539839,-0.13940736023021189,0.5756555484090679,1,25.664329528808594,25.86054801940918,-0.14035199221847838,0.02850869879806542,0.11847680327222168
1777970821.8476753,0.08104676310896392,-0.1454636988429452,0.5800689660244956,1,181.36167526245117,181.55837059020996,-0.14595320378491286,0.022452360185332115,0.12289022088764946
1777970822.004363,0.08104676310896392,-0.1454636988429452,0.5800689660244956,0,156.1298370361328,156.14008903503418,-0.16550618558967115,-0.005861748560885116,0.13126005724481762
1777970822.1816685,0.08104676310896392,-0.1454636988429452,0.5800689660244956,0,174.0894317626953,174.1030216217041,-0.1510957840781793,-0.0321861073160892,0.14787496689341653
1777970822.2063,0.11286412598565504,-0.22783514318339948,0.6267551593994367,1,23.618698120117188,23.84495735168457,-0.11413584090822174,-0.059919084155122176,0.1695764142625905
1777970822.2584207,0.13317297543059944,-0.23678904965698394,0.6259664311415605,1,24.37591552734375,25.732994079589844,-0.09382699146327733,-0.06887299062870664,0.16878768600471422
1777970822.3096838,0.14257061911166544,-0.23954772399144475,0.6230930279603206,1,26.542186737060547,26.828765869140625,-0.08442934778221134,-0.07163166496316745,0.16591428282347442
1777970822.3509471,0.15214906944173653,-0.24180019579468068,0.61881242241485,1,17.05646514892578,17.269134521484375,-0.07485089745214024,-0.07388413676640337,0.16163367727800385
1777970822.4128897,0.16336029401284052,-0.24286599218712682,0.6129055658089863,1,28.84078025817871,29.017925262451172,-0.06363967288103625,-0.07494993315884951,0.15572682067214005
1777970822.4589615,0.18790812085460423,-0.2425201032000185,0.5975373789817745,1,24.82151985168457,25.01988410949707,-0.03909184603927254,-0.07460404417174119,0.1403586338449283
1777970822.509246,0.19884603250726057,-0.24013443376026858,0.5883100214060064,1,23.76842498779297,23.994922637939453,-0.028153934386616203,-0.07221837473199127,0.1311312762691602
1777970822.5624285,0.2092442227905435,-0.2353567904291139,0.5782147246616125,1,26.940107345581055,27.12559700012207,-0.017755744103333276,-0.06744073140083659,0.12103597952476633
1777970822.6139452,0.21801784154741372,-0.22863422836535643,0.5682417477277012,1,28.148412704467773,28.328418731689453,-0.00898212534646306,-0.06071816933707913,0.11106300259085497
1777970822.659768,0.23377715934015295,-0.21549799572186018,0.551959750438077,1,23.806333541870117,23.992538452148438,0.00677719244627617,-0.04758193669358288,0.09478100530123076
1777970822.704461,0.24096515470397842,-0.2080350255116819,0.5446328544429692,1,18.441200256347656,18.666505813598633,0.013965187810101642,-0.0401189664834046,0.08745410930612298
1777970822.755109,0.24666450547892668,-0.1990126192116592,0.537551397887372,1,19.04439926147461,19.243478775024414,0.019664538585049907,-0.03109656018338189,0.08037265275052585
1777970822.8141978,0.25076937161872054,-0.18785566204629858,0.5310069943090996,1,28.084278106689453,28.254270553588867,0.023769404724843762,-0.01993960301802128,0.07382824917225345
1777970822.8571868,0.2553238971919426,-0.16470708422775163,0.5229313215875048,1,20.94292640686035,21.178245544433594,0.028323930298065847,0.003208974800525677,0.06575257645065857
1777970822.9118054,0.2555896757336388,-0.15286253693940274,0.5210911780471796,1,25.355815887451172,25.562286376953125,0.028589708839761974,0.01505352208887456,0.06391243291033347
1777970822.9624333,0.2533483760731754,-0.14098826237420103,0.5204477293272161,1,25.688648223876953,25.869131088256836,0.02634840917929865,0.02692779665407627,0.06326898419036983
1777970823.0123687,0.24948419406544758,-0.12936449649914733,0.5204266452777967,1,25.46834945678711,25.665283203125,0.02248422717157081,0.03855156252912996,0.06324790014095048
1777970823.0582933,0.23628038906387416,-0.10926594439248907,0.5213135388322078,1,21.320343017578125,21.503686904907227,0.009280422169997388,0.058650114635788224,0.06413479369536161
1777970823.113994,0.2282539590397793,-0.10194989310931094,0.5214920769069556,1,26.816129684448242,27.02951431274414,0.0012539921459025216,0.06596616591896637,0.06431333177010948
1777970823.161635,0.21847941141023927,-0.09632065195107872,0.5212563632674297,1,24.36971664428711,24.602413177490234,-0.008520555483637504,0.07159540707719858,0.06407761813058355
1777970823.2122755,0.20885502215350998,-0.09287666254622967,0.5207690812777677,1,24.96814727783203,25.15435218811035,-0.018144944740366792,0.07503939648204763,0.06359033614092148
1777970823.2625425,0.18440965376758314,-0.09136810117520955,0.5187463804078911,1,25.1007080078125,25.292396545410156,-0.04259031312629363,0.07654795785306776,0.061567635271044946
1777970823.3278787,0.17287403113346742,-0.09346990636687494,0.5173026712568818,1,40.198564529418945,40.45391082763672,-0.05412593576040936,0.07444615266140236,0.06012392612003556
1777970823.360326,0.16289659150798813,-0.09710044297010344,0.5153801121556505,1,22.47929573059082,22.661209106445312,-0.06410337538588864,0.07081561605817387,0.05820136701880435
1777970823.404071,0.15378925449474978,-0.10298660466606069,0.513325771507164,1,14.899492263793945,15.038490295410156,-0.07321071239912699,0.06492945436221662,0.056147026370317765
1777970823.4636796,0.14323768654297142,-0.1173703511746151,0.511180563066853,1,24.40667152404785,24.570941925048828,-0.08376228035090535,0.050545707853662206,0.054001817930006774
1777970823.51638,0.14145746074063276,-0.12620801404204984,0.5113717827173381,1,26.599884033203125,26.764869689941406,-0.08554250615324402,0.04170804498622746,0.05419303758049186
1777970823.5680146,0.1412390116536475,-0.13530864561232886,0.5122941687307853,1,28.06687355041504,28.22589874267578,-0.08576095524022928,0.03260741341594846,0.05511542359393906
1777970823.614716,0.14469065658346486,-0.15531749896809835,0.5164266351101847,1,24.65224266052246,24.798154830932617,-0.0823093103104119,0.012598560060178954,0.05924788997333849
1777970823.6680062,0.14822364093319257,-0.1652922618063334,0.5193031219772508,1,27.81844139099121,27.99201011657715,-0.07877632596068421,0.002623797221943891,0.06212437684040463
1777970823.7174072,0.15298148494693883,-0.17570868431797845,0.5231063028205997,1,27.132272720336914,27.324199676513672,-0.07401848194693794,-0.007792625289701149,0.06592755768375345
1777970823.766523,0.1586966723692962,-0.18647709316612027,0.5273724083026777,1,26.173114776611328,26.363849639892578,-0.06830329452458059,-0.018561034137842963,0.07019366316583156
1777970823.8167086,0.17119816101161833,-0.20546488772174587,0.5351749381607769,1,26.28922462463379,26.467084884643555,-0.05580180588225844,-0.03754882869346857,0.07799619302393068
1777970823.8627644,0.1787647646761152,-0.21374472514137313,0.5383250764498251,1,22.269248962402344,22.44281768798828,-0.048235202217761564,-0.04582866611309583,0.08114633131297891
1777970823.9136496,0.18700279836810063,-0.2211614360759685,0.5407943346994275,1,23.06389808654785,23.257732391357422,-0.039997168525776144,-0.053245377047691195,0.08361558956258128
1777970823.9633322,0.19565807542133054,-0.22730349833613017,0.5425289016282748,1,22.58777618408203,22.777318954467773,-0.031341891472546235,-0.05938743930785287,0.08535015649142863
1777970824.0076408,0.2109688203287818,-0.23314007856765046,0.5445093510358154,1,16.872644424438477,17.055511474609375,-0.016031146565094967,-0.06522401953937315,0.0873306058989692
1777970824.0691411,0.21905748318609214,-0.2331659233345737,0.5442956486828958,1,28.257369995117188,28.452634811401367,-0.007942483707784637,-0.0652498643062964,0.08711690354604958
1777970824.1274843,0.22651735513310745,-0.23162888767155854,0.5435195155540966,1,36.42010688781738,36.67902946472168,-0.0004826117607693303,-0.06371282864328123,0.08634077041725036
1777970824.166792,0.23315336126712288,-0.2283594390401217,0.542300929722217,1,25.109052658081055,25.30193328857422,0.006153394373246107,-0.060443380011844405,0.08512218458537081
1777970824.2172654,0.24695461091615212,-0.21851550731648023,0.5380233708313455,1,24.75142478942871,24.959564208984375,0.019954644022275342,-0.050599448288202925,0.0808446256944993
1777970824.2700267,0.25401191959870173,-0.21129084235187795,0.535379198108509,1,27.46272087097168,27.62627601623535,0.027011952704824982,-0.043374783323600646,0.07820045297166284
1777970824.3155694,0.26028356828976484,-0.2032773247501987,0.5329696902578825,1,22.901296615600586,23.095369338989258,0.03328360139588807,-0.03536126572192139,0.07579094512103636
1777970824.3754125,0.26622977639348844,-0.19376774213727577,0.5308893046547885,1,32.65857696533203,32.86147117614746,0.03922980949961169,-0.025851683108998463,0.07371055951794223
1777970824.4168148,0.27078011110833555,-0.16676466682606236,0.5288292802314633,1,24.03426170349121,24.190425872802734,0.04378014421445878,0.0011513922022149403,0.07165053509461708
1777970824.4650676,0.27264185570303073,-0.15261043271184888,0.5284415077904611,1,22.184371948242188,22.381305694580078,0.04564188880915396,0.015305626316428414,0.07126276265361485
1777970824.5188804,0.2735132394241551,-0.13875545178546905,0.5283781997867283,1,25.871992111206055,26.059389114379883,0.04651327253027834,0.029160607242808265,0.07119945464988206
1777970824.566237,0.2728549929387344,-0.12453321830367148,0.5284377368717444,1,23.146867752075195,23.34427833557129,0.04585502604485758,0.04338284072460582,0.07125899173489825
1777970824.6223278,0.2602981898694658,-0.09787021419939851,0.5293353935795306,1,29.178380966186523,29.355525970458984,0.033298222975589015,0.0700458448288788,0.07215664844268442
1777970824.6728299,0.24821410946713454,-0.08707823567802539,0.5290634886053881,1,29.52098846435547,29.73484992980957,0.021214142573257766,0.08083782335025191,0.07188474346854187
1777970824.70784,0.2325113906738249,-0.07816920036903334,0.5278170440956182,1,14.477252960205078,14.662027359008789,0.005511423779948121,0.08974685865924396,0.07063829895877204
1777970824.7734337,0.2158459445109977,-0.07208385000525529,0.5260679364037353,1,29.890775680541992,30.097007751464844,-0.011154022382879075,0.09583220902302202,0.06888919126688903
1777970824.8118474,0.18050578555604482,-0.06904846847280559,0.5213053213395871,1,18.131256103515625,18.28455924987793,-0.04649418133783195,0.09886759055547172,0.06412657620274081
1777970824.866785,0.16247078202335252,-0.07258850303159674,0.5183513758750894,1,22.97067642211914,23.152589797973633,-0.06452918487052425,0.09532755599668057,0.06117263073824317
1777970824.9177425,0.1455046214987322,-0.07919321621643666,0.5149489080644787,1,23.837566375732422,24.0476131439209,-0.08149534539514458,0.08872284281184065,0.05777016292763244
1777970824.9710445,0.13116370092038623,-0.087636192770145,0.5110319642364154,1,27.081012725830078,27.270793914794922,-0.09583626597349054,0.0802798662581323,0.05385321909956925
1777970825.017303,0.10750662266961573,-0.10751395205674438,0.5022972286314806,1,23.30303192138672,23.46968650817871,-0.11949334422426104,0.06040210697153293,0.04511848349463443
1777970825.069207,0.09870414030841315,-0.11847116547151532,0.4985612767846247,1,25.13909339904785,25.307893753051758,-0.12829582658546362,0.04944489355676198,0.0413825316477785
1777970825.1222022,0.09169780992391816,-0.13047247573970003,0.49570405867318745,1,27.702808380126953,27.87923812866211,-0.13530215696995862,0.037443583288577276,0.038525313536341255
1777970825.1685555,0.08582210020076506,-0.1431122940639034,0.4935737239668491,1,23.962020874023438,24.158716201782227,-0.14117786669311172,0.024803764964373892,0.03639497883000292
1777970825.235184,0.07465849324402288,-0.1696145135812168,0.4924337262640078,1,39.91985321044922,40.16685485839844,-0.1523414736498539,-0.0016984545529394879,0.03525498112716158
1777970825.270744,0.0702064303297342,-0.18282205693182307,0.49362889139612703,1,25.363445281982422,25.57516098022461,-0.15679353656414258,-0.01490599790354577,0.036450146259280836
1777970825.3226945,0.06775014599058721,-0.19638285914534928,0.4960040947438519,1,27.015209197998047,27.208566665649414,-0.15924982090328957,-0.028466800117071978,0.03882534960700568
1777970825.3669097,0.06827932904891612,-0.20878509179344884,0.4989441252772121,1,20.951032638549805,21.132707595825195,-0.15872063784496065,-0.04086903276517154,0.041765380140365904
1777970825.4298923,0.08028932041560069,-0.23327615924404144,0.5054295249621158,1,33.83755683898926,34.02900695800781,-0.14671064647827609,-0.06536010021576413,0.048250779825269624
1777970825.470202,0.09049944861990275,-0.2448173974741606,0.5086761465047814,1,23.897409439086914,24.099349975585938,-0.13650051827397403,-0.07690133844588329,0.051497401367935236
1777970825.5195968,0.10311198308616965,-0.25595955805314363,0.5117045487823866,1,23.20575714111328,23.42820167541504,-0.12388798380770713,-0.0880434990248663,0.054525803645540355
1777970825.577061,0.11833831068770112,-0.2671978421064992,0.5149586623735181,1,30.451059341430664,30.68256378173828,-0.10866165620617566,-0.09928178307822191,0.057779917236671904
1777970825.622025,0.15256671599791524,-0.2842014538804007,0.521481331032549,1,25.391578674316406,25.55227279663086,-0.07443325089596153,-0.11628539485212339,0.06430258589570279
1777970825.6764226,0.16961893637271266,-0.28656548384530756,0.5244194455296199,1,29.466867446899414,29.63852882385254,-0.05738103052116411,-0.11864942481703028,0.06724070039277379
1777970825.7210288,0.18515168106666288,-0.28425761434639746,0.5274645009972407,1,24.00350570678711,24.16706085205078,-0.041848285827213894,-0.11634155531812015,0.07028575586039454
1777970825.783224,0.20008212423360835,-0.2771518486515228,0.5306033854777622,1,36.06772422790527,36.2858772277832,-0.02691784266026842,-0.10923578962324551,0.07342464034091603
1777970825.820504,0.23006945350034974,-0.2518737436946178,0.5346467732063575,1,23.185014724731445,23.35834503173828,0.0030694866064729653,-0.08395768466634049,0.07746802806951127
1777970825.8728738,0.2429372680854211,-0.23600083178540257,0.5353509855622711,1,25.490760803222656,25.653839111328125,0.015937301191544323,-0.06808477275712527,0.07817224042542494
1777970825.924786,0.25212533864835396,-0.2183145153709073,0.535267568351555,1,26.95751190185547,27.116060256958008,0.02512537175447721,-0.05039845634262999,0.07808882321470878
1777970825.9706666,0.25788061373126125,-0.1971901753884228,0.5338839188572384,1,22.719621658325195,22.898435592651367,0.03088064683738445,-0.029274116360145486,0.0767051737203922
1777970826.0244925,0.2638207353178809,-0.15952919404202234,0.5291947071647056,1,26.491880416870117,26.688337326049805,0.03682076842400414,0.00838686498625496,0.07201596202785948
1777970826.0770085,0.2620584725023538,-0.14279366962062817,0.5266384519152107,1,28.955698013305664,29.124975204467773,0.035058505608477064,0.025122389407649118,0.06945970677836456
1777970826.123426,0.25687902925896794,-0.12659840938267442,0.5238612572050345,1,25.137662887573242,25.464773178100586,0.029879062365091164,0.041317649645602875,0.06668251206818832
1777970826.1753755,0.24766760877066804,-0.11269065747147324,0.5212087754907893,1,27.123451232910156,27.327537536621094,0.020667641876791265,0.05522540155680407,0.0640300303539431
1777970826.2225876,0.22458086631734603,-0.09271521814820798,0.5142889808757745,1,24.29652214050293,24.47652816772461,-0.002419100576530747,0.07520084088006933,0.0571102357389283
1777970826.2723317,0.21048886712943546,-0.08688041604377712,0.5098715079782234,1,23.94270896911621,24.140596389770508,-0.016511099764441317,0.08103564298450018,0.052692762841377305
1777970826.3234491,0.19523947002771508,-0.08436941134419562,0.5053040023091167,1,24.999618530273438,25.176048278808594,-0.0317604968661617,0.08354664768408168,0.04812525717227051
1777970826.3682055,0.17984580866411148,-0.08448230922221012,0.5005568995354599,1,19.69170570373535,19.875764846801758,-0.04715415822976529,0.08343374980606719,0.0433781543986137
1777970826.4143763,0.14891074121766917,-0.09312806054583841,0.4895484537981415,1,15.29073715209961,15.482425689697266,-0.07808922567620759,0.07478799848243889,0.032369708661295266
1777970826.4708502,0.13514610786788675,-0.10119109725619779,0.4840477121359883,1,16.608715057373047,16.789674758911133,-0.09185385902599003,0.06672496177207951,0.026868966999142097
1777970826.5333009,0.12266210070914557,-0.11129469466228963,0.47943050191498227,1,28.959989547729492,29.147624969482422,-0.1043378661847312,0.05662136436598768,0.02225175677813604
1777970826.5812533,0.10334314044062234,-0.13291212026786095,0.47193655572972815,1,26.592016220092773,26.79133415222168,-0.12365682645325443,0.03500393876041635,0.01475781059288192
1777970826.63158,0.09701963394698351,-0.14407958146537775,0.46786403355406436,1,26.77464485168457,26.957035064697266,-0.12998033294689326,0.023836477562899555,0.010685288417218164
1777970826.692847,0.09270378578211608,-0.15652278603525532,0.46378186970665536,1,37.90283203125,38.07830810546875,-0.1342961811117607,0.011393272993021966,0.006603124569809188
1777970826.7265701,0.08988402708840978,-0.17009602014779082,0.46088955240121476,1,21.35944366455078,21.53778076171875,-0.137115939805467,-0.0021799611195135182,0.003710807264368593
1777970826.7849603,0.08492575101655628,-0.19830903199884928,0.45934925462903886,1,29.52098846435547,29.86288070678711,-0.1420742158773205,-0.030392972970571974,0.002170509492192635
1777970826.844455,0.08495965266387281,-0.21321775198415233,0.46041961665776954,1,39.07966613769531,39.28232192993164,-0.14204031423000396,-0.04530169295587502,0.0032408715209233108
1777970826.880049,0.08776578861879089,-0.23020891097797647,0.4620958955107106,1,24.65224266052246,24.812936782836914,-0.13923417827508588,-0.06229285194969916,0.004917150373864393
1777970826.929768,0.09290262480957856,-0.24676582929158902,0.4649462095147504,1,24.221181869506836,24.38044548034668,-0.13409734208429822,-0.07884977026331172,0.007767464377904182
1777970826.982854,0.10971867601676806,-0.2765949384423846,0.47518528725103576,1,27.13942527770996,27.33635902404785,-0.11728129087710872,-0.10867887941410728,0.01800654211418956
1777970827.0346642,0.12088639748720179,-0.28922407371619724,0.4821688114871714,1,18.887042999267578,19.07491683959961,-0.10611356940667499,-0.12130801468791994,0.02499006635032519
1777970827.0896673,0.1338745166043248,-0.2987061916959053,0.4903995233464955,1,23.718833923339844,23.895740509033203,-0.09312545028955196,-0.13079013266762796,0.033220778209649304
1777970827.1389692,0.16317677088526145,-0.3036421699661375,0.5075644848485417,1,22.888660430908203,23.113727569580078,-0.06382319600861533,-0.13572611093786022,0.05038573971169544
1777970827.204315,0.1777173246702329,-0.29762557464718375,0.5142505461854425,1,38.144588470458984,38.38181495666504,-0.04928264222364387,-0.12970951561890648,0.05707180104859638
1777970827.2389271,0.190024787521494,-0.28771166430767814,0.5192604199802948,1,22.73416519165039,22.92609214782715,-0.03697517937238279,-0.11979560527940086,0.06208167484344858
1777970827.2960622,0.20268348257913388,-0.27444621538407077,0.5228495089849149,1,29.70409393310547,29.921293258666992,-0.024316484314742898,-0.10653015635579346,0.06567076384806873
1777970827.343482,0.22622479232071743,-0.2415381116077253,0.5266438472275099,1,27.040481567382812,27.271032333374023,-0.0007751745731593429,-0.07362205257944798,0.06946510209066376
1777970827.3942087,0.23565800308945944,-0.2227926768335747,0.5271555929855997,1,27.579307556152344,27.81963348388672,0.008658036195582669,-0.0548766178052974,0.06997684784875347
1777970827.4426477,0.24418072845811878,-0.1995568273196442,0.5262183049631244,1,25.85625648498535,26.134729385375977,0.017180761564242003,-0.03164076829136689,0.06903955982627821
1777970827.493676,0.25122091829511417,-0.1761468968054724,0.5248687568234909,1,26.792526245117188,26.987075805664062,0.024220951401237423,-0.008230837777195105,0.06769001168664465
1777970827.5411897,0.25687146660448806,-0.13211592977110578,0.521579805255493,1,24.20830726623535,24.412870407104492,0.029871499710611288,0.03580012925717152,0.0644010601186468
1777970827.5975256,0.25179689071864664,-0.11129726085512892,0.5194918470632722,1,30.416011810302734,30.612707138061523,0.024796923824769834,0.05661879817314839,0.06231310192642607
1777970827.6411545,0.24294503018850142,-0.0940232600234793,0.5175942476377362,1,23.96869659423828,24.178743362426758,0.01594506329462464,0.073892799004798,0.060415502500889964
1777970827.69356,0.22942941927341085,-0.07901699311467544,0.5145676184508523,1,26.328086853027344,26.510953903198242,0.0024294523795340695,0.08889906591360186,0.05738887331400605
1777970827.7399485,0.19677288348146266,-0.06088737338102787,0.5067047213374922,1,22.63045310974121,22.81785011291504,-0.03022708341241412,0.10702868564724943,0.04952597620064597
1777970827.7929897,0.17766830399282596,-0.05883505546074974,0.5022332595116213,1,25.601863861083984,25.789976119995117,-0.049331662901050816,0.10908100356752756,0.045054514374775145
1777970827.842843,0.16055690100491601,-0.06080382322303053,0.4976662189725168,1,25.348663330078125,25.562763214111328,-0.06644306588896076,0.10711223580524677,0.040487473835670584
1777970827.8923182,0.14577502494596448,-0.06618342701401152,0.4927438732537644,1,24.65653419494629,24.88088607788086,-0.0812249419479123,0.10173263201426579,0.0355651281169182
1777970827.9412436,0.11980679601742936,-0.08409596404303185,0.47919124759791526,1,23.46968650817871,23.654699325561523,-0.10719317087644742,0.08382009498524545,0.02201250246106906
1777970827.9964046,0.11025748880953573,-0.09446485629195643,0.47230429510345606,1,28.4881591796875,28.664350509643555,-0.11674247808434104,0.07345120273632087,0.015125549966609891
1777970828.042402,0.10236485601947093,-0.10521594966229353,0.4657556757867962,1,24.28722381591797,24.477720260620117,-0.12463511087440585,0.06270010936598377,0.00857693064995002
1777970828.100543,0.09619402316528544,-0.11638492989094898,0.4597616336836427,1,32.26065635681152,32.445669174194336,-0.13080594372859133,0.05153112913732833,0.0025828885467965024
1777970828.142347,0.09081238248430576,-0.1413461110386851,0.4534040089954664,1,23.93937110900879,24.11675453186035,-0.13618758440957102,0.026569947989592196,-0.0037747361413798253
1777970828.194451,0.08972891171137828,-0.15693465618956196,0.45239696354028647,1,25.92015266418457,26.134967803955078,-0.1372710551824985,0.010981402838715348,-0.004781781596559703
1777970828.2449675,0.0890961547723082,-0.17179853612064092,0.45260924081151654,1,26.255369186401367,26.439189910888672,-0.13790381212156858,-0.003882477092363612,-0.004569504325329626
1777970828.3017988,0.09196823735570062,-0.19995661950262034,0.4568640562470682,1,32.448530197143555,32.63378143310547,-0.13503172953817616,-0.03204056047434303,-0.00031468888977798093
1777970828.3432553,0.09613563619317353,-0.2129917527869477,0.4606046420676969,1,23.828506469726562,24.01566505432129,-0.13086433070070325,-0.045075693758670404,0.0034258969308507137
1777970828.4074337,0.10222131396264118,-0.2251800150312375,0.4655609418238976,1,37.89353370666504,38.14268112182617,-0.12477865293123559,-0.05726395600296019,0.008382196687051424
1777970828.4615455,0.11020252560710517,-0.2368855829542501,0.47163428426746834,1,41.844844818115234,42.14334487915039,-0.11679744128677161,-0.0689695239259728,0.014455539130622141
1777970828.4941776,0.13279849378695321,-0.2562166879945957,0.4865647267261889,1,24.461746215820312,24.652481079101562,-0.09420147310692356,-0.08830062896631838,0.029385981589342663
1777970828.543719,0.14675987374492808,-0.26355391406759887,0.4938655871785358,1,23.75650405883789,24.018287658691406,-0.0802400931489487,-0.09563785503932157,0.036686842041689594
1777970828.5972672,0.16219169781951465,-0.2707881734361755,0.500008566677995,1,26.644468307495117,26.855945587158203,-0.06480826907436213,-0.1028721144078982,0.04282982154114873
1777970828.6438062,0.17828891940665284,-0.274384797808339,0.5061962072510864,1,23.11873435974121,23.325443267822266,-0.048711047487223935,-0.10646873878006172,0.04901746211424021
1777970828.6991177,0.1935788604010781,-0.2739372601279487,0.5125882662287682,1,28.146743774414062,28.34773063659668,-0.03342110649279867,-0.10602120109967142,0.05540952109192193
1777970828.7379203,0.21758435245517116,-0.2625341343483989,0.5239138671319383,1,16.873836517333984,17.076492309570312,-0.009415614438705616,-0.09461807532012162,0.06673512199509214
1777970828.805159,0.22745878284517518,-0.25208419812004346,0.5293046842717206,1,34.02209281921387,34.21330451965332,0.00045881595129840247,-0.08416813909176613,0.07212593913487447
1777970828.8465743,0.2367447680361508,-0.2395413837134437,0.5333029034380486,1,24.527311325073242,24.71446990966797,0.009744801142274023,-0.07162532468516639,0.07612415830120245
1777970828.9086652,0.25194408659083745,-0.21276081987697923,0.5386385879190209,1,34.055233001708984,34.24715995788574,0.024944119696960698,-0.044844760848701926,0.08145984278217469
1777970828.9447398,0.2583309236718859,-0.19776824642396015,0.5400905757052784,1,19.89459991455078,20.0502872467041,0.03133095677800918,-0.02985218739568285,0.08291183056843221
1777970829.007214,0.26138607844525785,-0.17949422101488127,0.5399822876199585,1,32.19199180603027,32.436370849609375,0.034386111551381104,-0.011578161986603969,0.08280354248311228
1777970829.0446782,0.26176890625616844,-0.15959623015877503,0.5393765164299844,1,19.65951919555664,19.846439361572266,0.034768939362291695,0.008319828869502277,0.08219777129313827
1777970829.0943594,0.26246898220618375,-0.1266684438609695,0.5386311257762886,1,19.12069320678711,19.31285858154297,0.03546901531230698,0.04124761516730779,0.08145238063944238
1777970829.151438,0.2645375870231068,-0.11332657636706073,0.5377324918272177,1,25.989770889282227,26.3063907623291,0.03753762012923004,0.054589482661216576,0.08055374669037152
1777970829.214212,0.26346872122691756,-0.10138578073832136,0.5369522337773531,1,38.56348991394043,38.770198822021484,0.03646875433304078,0.06653027828995595,0.07977348864050687
1777970829.248307,0.25908095292205635,-0.08957280755348443,0.5360854604539936,1,22.584915161132812,22.786855697631836,0.03208098602817955,0.07834325147479287,0.07890671531714741
1777970829.3005197,0.24391075743394397,-0.07079981976096379,0.5344587966139285,1,24.732589721679688,24.92547035217285,0.016910790540067194,0.09711623926731351,0.07728005147708233
1777970829.3523688,0.2352878875630801,-0.06457304858131305,0.5329798313179142,1,26.52263641357422,26.69548988342285,0.008287920669203336,0.10334301044696426,0.07580108618106801
1777970829.4027503,0.2258136315858648,-0.06012510033467419,0.5305111126689201,1,26.723861694335938,26.902437210083008,-0.0011863353080119876,0.10779095869360311,0.0733323675320739
1777970829.4520018,0.2146735689511222,-0.05763378678338629,0.5275869026016604,1,25.800228118896484,26.01003646850586,-0.012326397942754586,0.11028227224489101,0.07040815746481423
1777970829.5066874,0.18935548793621576,-0.05892075785001981,0.5203682638544557,1,30.304670333862305,30.56025505065918,-0.037644478957661015,0.1089953011782575,0.06318951871760947
1777970829.5514374,0.17676858973344942,-0.06251102989631857,0.5167446264077589,1,25.078773498535156,25.252580642700195,-0.05023137716042736,0.10540502913195873,0.05956588127091263
1777970829.6061938,0.16382693448338256,-0.06815430156998623,0.5127993402854549,1,29.742717742919922,29.91962432861328,-0.06317303241049421,0.09976175745829108,0.055620595148608676
1777970829.6489048,0.1514418902444618,-0.07569174174905104,0.5085876715484154,1,22.2628116607666,22.464752197265625,-0.07555807664941497,0.09222431727922627,0.05140892641156919
1777970829.7124774,0.14088257545306176,-0.08414357844492491,0.5048170275065362,1,34.92403030395508,35.125017166137695,-0.08611739144081501,0.08377248058335239,0.04763828236969003
1777970829.7509573,0.12233760697118778,-0.1054248186884844,0.4977781959952845,1,23.33855628967285,23.549556732177734,-0.10466235992268899,0.062491240339792906,0.0405994508584383
1777970829.8042064,0.11523107957740336,-0.11670427395608751,0.4948678729977908,1,26.560068130493164,26.733875274658203,-0.11176888731647341,0.05121178507218979,0.03768912786094461
1777970829.8523324,0.10986500462417366,-0.12885495354430945,0.49256694915554744,1,24.446487426757812,24.774551391601562,-0.11713496226970312,0.03906110548396785,0.035388204018701214
1777970829.902399,0.1021705974684246,-0.1547180743699146,0.4916176342660016,1,24.525165557861328,24.714231491088867,-0.12482936942545217,0.013197984658362694,0.03443888912915538
1777970829.960985,0.09822722127072298,-0.1700998336876156,0.49325032209491204,1,32.972097396850586,33.16783905029297,-0.1287727456231538,-0.0021837746593383056,0.036071576958065815
1777970830.0035524,0.09408760026839513,-0.18331812368691142,0.49592497417468095,1,25.36797523498535,25.5892276763916,-0.13291236662548164,-0.015402064658634113,0.03874622903783473
1777970830.056216,0.08973868353123218,-0.19573622014634123,0.49924835926841016,1,27.966737747192383,28.173446655273438,-0.1372612833626446,-0.02782016111806393,0.04206961413156399
1777970830.1172762,0.08582435929753321,-0.2199369218503559,0.5065874478114953,1,38.942575454711914,39.15238380432129,-0.14117560759634357,-0.0520208628220786,0.04940870267464917
1777970830.1513524,0.08763511545701705,-0.23096491665487007,0.5104976515489141,1,22.97353744506836,23.159503936767578,-0.13936485143685973,-0.06304885762659276,0.05331890641206799
1777970830.2051406,0.09155618084315323,-0.24115307981723316,0.5143664748362318,1,26.67999267578125,26.872873306274414,-0.13544378605072355,-0.07323702078895586,0.05718772969938561
1777970830.260529,0.0981776247039268,-0.2507253964015075,0.5182118983171424,1,31.897544860839844,32.085418701171875,-0.12882234218994998,-0.08280933737323021,0.061033153180296174
1777970830.3006296,0.11971600662627246,-0.26949508608566497,0.5258636657993804,1,21.85845375061035,22.019624710083008,-0.10728396026760431,-0.10157902705738764,0.06868492066253418
1777970830.3588145,0.1328376845907696,-0.2767140775040419,0.5285857294394154,1,29.95133399963379,30.11155128479004,-0.09416228230310716,-0.10879801847576462,0.07140698430256917
1777970830.4142897,0.14662034564200596,-0.2817276273528714,0.5311823098584524,1,35.305023193359375,35.52103042602539,-0.08037962125187081,-0.11381156832459408,0.07400356472160616
1777970830.454438,0.16138267330946082,-0.2865967663379838,0.5335977473236622,1,25.320768356323242,25.496482849121094,-0.06561729358441595,-0.1186807073097065,0.07641900218681597
1777970830.497251,0.1864785885933391,-0.28939306147833593,0.5381065322358445,1,17.79794692993164,18.015146255493164,-0.040521378300537675,-0.12147700245005863,0.08092778709899824
1777970830.5553498,0.19652130688142028,-0.28247932018016186,0.5399417625472007,1,25.73394775390625,25.956153869628906,-0.0304786600124565,-0.11456326115188456,0.08276301741035452
1777970830.6002507,0.20701013446572275,-0.2711620029363138,0.5413154785510621,1,20.613670349121094,20.797014236450195,-0.019989832428154025,-0.10324594390803651,0.08413673341421596
1777970830.6528068,0.21645910230635573,-0.258747245795658,0.5429577700673605,1,23.090600967407227,23.264408111572266,-0.010540864587521043,-0.0908311867673807,0.08577902493051431
1777970830.7158747,0.23266794536102595,-0.22975650246245533,0.5495580183086539,1,36.093711853027344,36.252498626708984,0.005667978467149171,-0.06184044343417802,0.09237927317180776
1777970830.7529724,0.23912300164647604,-0.21331122797487256,0.5545780063662413,1,22.71580696105957,22.9337215423584,0.012123034752599265,-0.04539516894659526,0.09739926122939509
1777970830.8057783,0.2443955336125378,-0.1963889300392025,0.5590114791081483,1,25.467634201049805,25.657176971435547,0.01739556671866102,-0.028472871010925188,0.10183273397130206
1777970830.8578835,0.2482265796440619,-0.17880783872644512,0.5626071548665574,1,27.47178077697754,27.681827545166016,0.021226612750185114,-0.01089177969816782,0.10542840972971125
1777970830.9047356,0.2514097648229347,-0.14250407091841077,0.565926975766402,1,24.243593215942383,24.487018585205078,0.024409797929057925,0.02541198810986653,0.10874823062955591
1777970830.9552019,0.2511972940415011,-0.12519546753828353,0.5647062090006566,1,24.63507652282715,24.846792221069336,0.02419732714762432,0.042720591489993756,0.10752746386381037
1777970831.0087626,0.24867240390805725,-0.1096306053756759,0.5617922267312774,1,28.084754943847656,28.256893157958984,0.02167243701418048,0.058285453652601404,0.1046134815944312
1777970831.0567315,0.23523726354902608,-0.08407475756255661,0.5511848967164882,1,25.870800018310547,26.142358779907227,0.008237296655149301,0.08384130146572069,0.09400615157964202
1777970831.1098378,0.22435143469413915,-0.07529570766745873,0.5446577928860568,1,28.9156436920166,29.106616973876953,-0.0026485321997376243,0.09262035136081857,0.08747904774921059
1777970831.1537356,0.21438866979388424,-0.06988057785102866,0.5391898270144119,1,22.76301383972168,22.947072982788086,-0.012611297099992536,0.09803548117724864,0.08201108187756563
1777970831.210014,0.20945943558636643,-0.06765285136767683,0.5365666099372147,1,28.9614200592041,29.13188934326172,-0.01754053130751035,0.10026320766060047,0.07938786480036854
1777970831.2561235,0.2074175785117499,-0.06678346357387631,0.5354897017584738,1,25.038480758666992,25.20465850830078,-0.019582388382126864,0.101132595454401,0.07831095662162757
1777970831.3011854,0.20730209160515717,-0.0667360024986696,0.5354291034601764,1,19.704580307006836,19.916772842407227,-0.019697875288719607,0.10118005652960771,0.07825035832333019
1777970831.3541255,0.20727353430678241,-0.06672438283241289,0.5354141400472494,1,21.83842658996582,22.028684616088867,-0.01972643258709436,0.10119167619586442,0.07823539491040324
1777970831.4059744,0.20726669000074943,-0.06672161752421654,0.5354105573377015,1,23.456811904907227,23.647546768188477,-0.019733276893127344,0.10119444150406076,0.07823181220085534
1777970831.4482114,0.20726471666849985,-0.06672082501682372,0.5354095252498268,1,15.393733978271484,15.583515167236328,-0.01973525022537692,0.10119523401145358,0.07823078011298054
1777970831.5283098,0.20726463266876888,-0.06672079150178216,0.5354094813564962,1,40.85874557495117,41.01705551147461,-0.019735334225107898,0.10119526752649514,0.0782307362196501
1777970831.5621426,0.2072646137753875,-0.06672078398339308,0.5354094714875406,1,24.524688720703125,24.724721908569336,-0.019735353118489285,0.10119527504488422,0.07823072635069434
1777970831.6181788,0.2072646095629617,-0.0667207823107845,0.5354094692878489,1,30.324459075927734,30.509233474731445,-0.019735357330915082,0.1011952767174928,0.07823072415100271
1777970831.6626334,0.20726460842555494,-0.06672078186012428,0.5354094686940807,1,24.641990661621094,24.830341339111328,-0.019735358468321834,0.10119527716815302,0.07823072355723446
1777970831.7147777,0.20726460838068783,-0.06672078184239458,0.535409468670667,1,26.48305892944336,26.700258255004883,-0.019735358513188944,0.10119527718588273,0.07823072353382078
1777970831.7540762,0.20726460837091698,-0.06672078183853815,0.5354094686655689,1,15.16413688659668,15.355348587036133,-0.019735358522959795,0.10119527718973916,0.07823072352872276
1777970831.8137894,0.2072646083687978,-0.06672078183770261,0.5354094686644634,1,24.747133255004883,24.925947189331055,-0.01973535852507899,0.1011952771905747,0.0782307235276172
1777970831.8645604,0.20726460836824112,-0.06672078183748338,0.535409468664173,1,25.36797523498535,25.579452514648438,-0.019735358525635655,0.10119527719079392,0.07823072352732685
1777970831.9040105,0.20726460836821997,-0.06672078183747504,0.535409468664162,1,14.766216278076172,14.94145393371582,-0.019735358525656804,0.10119527719080226,0.0782307235273158
1777970831.9651253,0.20726460836821542,-0.06672078183747325,0.5354094686641596,1,25.792360305786133,25.969982147216797,-0.019735358525661356,0.10119527719080405,0.07823072352731342
1777970832.0160763,0.20726460836821448,-0.06672078183747288,0.5354094686641592,1,26.529312133789062,26.689529418945312,-0.0197353585256623,0.10119527719080443,0.07823072352731293
1777970832.0697007,0.20726460836821425,-0.06672078183747278,0.5354094686641591,1,29.775619506835938,29.942035675048828,-0.019735358525662522,0.10119527719080453,0.07823072352731282
1777970832.119806,0.20726460836821425,-0.06672078183747278,0.5354094686641591,1,29.819488525390625,30.007123947143555,-0.019735358525662522,0.10119527719080453,0.07823072352731282
1777970832.1651785,0.20726460836821425,-0.06672078183747278,0.5354094686641591,1,25.108814239501953,25.296926498413086,-0.019735358525662522,0.10119527719080453,0.07823072352731282
1777970832.2099998,0.20726460836821425,-0.06672078183747278,0.5354094686641591,1,19.895076751708984,20.04861831665039,-0.019735358525662522,0.10119527719080453,0.07823072352731282
1777970832.2678075,0.20726460836821425,-0.06672078183747278,0.5354094686641591,1,27.533531188964844,27.692317962646484,-0.019735358525662522,0.10119527719080453,0.07823072352731282
1777970832.3197117,0.20726460836821425,-0.06672078183747278,0.5354094686641591,1,29.261112213134766,29.439210891723633,-0.019735358525662522,0.10119527719080453,0.07823072352731282
1777970832.3733752,0.20726460836821425,-0.06672078183747278,0.5354094686641591,1,31.51726722717285,31.82077407836914,-0.019735358525662522,0.10119527719080453,0.07823072352731282
1777970832.423491,0.20726460836821425,-0.06672078183747278,0.5354094686641591,1,31.49700164794922,31.673431396484375,-0.019735358525662522,0.10119527719080453,0.07823072352731282
1777970832.4663332,0.20726460836821425,-0.06672078183747278,0.5354094686641591,1,24.246931076049805,24.443626403808594,-0.019735358525662522,0.10119527719080453,0.07823072352731282
1777970832.5333147,0.20726460836821425,-0.06672078183747278,0.5354094686641591,1,39.00861740112305,39.25776481628418,-0.019735358525662522,0.10119527719080453,0.07823072352731282
1777970832.5745928,0.20726460836821425,-0.06672078183747278,0.5354094686641591,1,30.216217041015625,30.491113662719727,-0.019735358525662522,0.10119527719080453,0.07823072352731282
1777970832.617923,0.20726460836821425,-0.06672078183747278,0.5354094686641591,1,23.432254791259766,23.60057830810547,-0.019735358525662522,0.10119527719080453,0.07823072352731282
1777970832.6732066,0.20726460836821425,-0.06672078183747278,0.5354094686641591,1,28.50484848022461,28.705596923828125,-0.019735358525662522,0.10119527719080453,0.07823072352731282
1777970832.7202518,0.20726460836821425,-0.06672078183747278,0.5354094686641591,1,25.381803512573242,25.588035583496094,-0.019735358525662522,0.10119527719080453,0.07823072352731282
1777970832.7618275,0.20726460836821425,-0.06672078183747278,0.5354094686641591,1,16.956329345703125,17.1353816986084,-0.019735358525662522,0.10119527719080453,0.07823072352731282
1777970832.8333135,0.20726460836821425,-0.06672078183747278,0.5354094686641591,1,38.30409049987793,38.55085372924805,-0.019735358525662522,0.10119527719080453,0.07823072352731282
1777970832.8643715,0.20726460836821425,-0.06672078183747278,0.5354094686641591,1,19.298791885375977,19.52981948852539,-0.019735358525662522,0.10119527719080453,0.07823072352731282
1777970832.9447014,0.20726460836821425,-0.06672078183747278,0.5354094686641591,1,49.4227409362793,49.780845642089844,-0.019735358525662522,0.10119527719080453,0.07823072352731282
1777970832.9686108,0.20726460836821425,-0.06672078183747278,0.5354094686641591,1,23.246049880981445,23.696184158325195,-0.019735358525662522,0.10119527719080453,0.07823072352731282
1777970833.0187201,0.20726460836821425,-0.06672078183747278,0.5354094686641591,1,20.015478134155273,20.421266555786133,-0.019735358525662522,0.10119527719080453,0.07823072352731282
1777970833.0771396,0.20726460836821425,-0.06672078183747278,0.5354094686641591,1,28.52463722229004,28.753280639648438,-0.019735358525662522,0.10119527719080453,0.07823072352731282
1777970833.1170032,0.20726460836821425,-0.06672078183747278,0.5354094686641591,1,18.393754959106445,18.59259605407715,-0.019735358525662522,0.10119527719080453,0.07823072352731282
1777970833.1701038,0.20726460836821425,-0.06672078183747278,0.5354094686641591,1,21.422386169433594,21.612167358398438,-0.019735358525662522,0.10119527719080453,0.07823072352731282
1777970833.2289195,0.20726460836821425,-0.06672078183747278,0.5354094686641591,1,30.173063278198242,30.374526977539062,-0.019735358525662522,0.10119527719080453,0.07823072352731282
1777970833.2724183,0.20726460836821425,-0.06672078183747278,0.5354094686641591,1,23.56433868408203,23.783206939697266,-0.019735358525662522,0.10119527719080453,0.07823072352731282
1777970833.3258405,0.20726460836821425,-0.06672078183747278,0.5354094686641591,1,26.95322036743164,27.123451232910156,-0.019735358525662522,0.10119527719080453,0.07823072352731282
1777970833.3781824,0.20726460836821425,-0.06672078183747278,0.5354094686641591,1,29.097557067871094,29.409408569335938,-0.019735358525662522,0.10119527719080453,0.07823072352731282
1777970833.43057,0.20726460836821425,-0.06672078183747278,0.5354094686641591,1,30.649185180664062,30.838966369628906,-0.019735358525662522,0.10119527719080453,0.07823072352731282
1777970833.4702663,0.20726460836821425,-0.06672078183747278,0.5354094686641591,1,20.305156707763672,20.497560501098633,-0.019735358525662522,0.10119527719080453,0.07823072352731282
1777970833.5284865,0.20726460836821425,-0.06672078183747278,0.5354094686641591,1,28.072595596313477,28.240680694580078,-0.019735358525662522,0.10119527719080453,0.07823072352731282
1777970833.580709,0.20726460836821425,-0.06672078183747278,0.5354094686641591,1,29.916763305664062,30.09963035583496,-0.019735358525662522,0.10119527719080453,0.07823072352731282
1777970833.6392066,0.20726460836821425,-0.06672078183747278,0.5354094686641591,1,38.24424743652344,38.44118118286133,-0.019735358525662522,0.10119527719080453,0.07823072352731282
1777970833.672436,0.20726460836821425,-0.06672078183747278,0.5354094686641591,1,21.395206451416016,21.603822708129883,-0.019735358525662522,0.10119527719080453,0.07823072352731282
1777970833.7388363,0.20726460836821425,-0.06672078183747278,0.5354094686641591,1,37.75763511657715,37.96076774597168,-0.019735358525662522,0.10119527719080453,0.07823072352731282
1777970833.7842946,0.20726460836821425,-0.06672078183747278,0.5354094686641591,1,32.413482666015625,32.616376876831055,-0.019735358525662522,0.10119527719080453,0.07823072352731282
1777970833.8193877,0.20726460836821425,-0.06672078183747278,0.5354094686641591,1,15.834569931030273,16.07489585876465,-0.019735358525662522,0.10119527719080453,0.07823072352731282
1777970833.8788943,0.20726460836821425,-0.06672078183747278,0.5354094686641591,1,25.333166122436523,25.53105354309082,-0.019735358525662522,0.10119527719080453,0.07823072352731282
1777970833.9278076,0.20726460836821425,-0.06672078183747278,0.5354094686641591,1,24.163246154785156,24.357080459594727,-0.019735358525662522,0.10119527719080453,0.07823072352731282
1777970833.9799633,0.20726460836821425,-0.06672078183747278,0.5354094686641591,1,26.232242584228516,26.437759399414062,-0.019735358525662522,0.10119527719080453,0.07823072352731282
1777970834.0303338,0.20726460836821425,-0.06672078183747278,0.5354094686641591,1,25.69103240966797,25.897502899169922,-0.019735358525662522,0.10119527719080453,0.07823072352731282
1777970834.082267,0.20726460836821425,-0.06672078183747278,0.5354094686641591,1,27.422428131103516,27.640104293823242,-0.019735358525662522,0.10119527719080453,0.07823072352731282
1777970834.1324658,0.20726460836821425,-0.06672078183747278,0.5354094686641591,1,27.527809143066406,27.692794799804688,-0.019735358525662522,0.10119527719080453,0.07823072352731282
1777970834.187355,0.20726460836821425,-0.06672078183747278,0.5354094686641591,1,31.262874603271484,31.438827514648438,-0.019735358525662522,0.10119527719080453,0.07823072352731282
1777970834.2382677,0.20726460836821425,-0.06672078183747278,0.5354094686641591,1,31.578779220581055,31.769275665283203,-0.019735358525662522,0.10119527719080453,0.07823072352731282
1777970834.2840395,0.20726460836821425,-0.06672078183747278,0.5354094686641591,1,27.225494384765625,27.405500411987305,-0.019735358525662522,0.10119527719080453,0.07823072352731282
1777970834.3334718,0.20726460836821425,-0.06672078183747278,0.5354094686641591,1,26.43561363220215,26.63278579711914,-0.019735358525662522,0.10119527719080453,0.07823072352731282
1777970834.3844151,0.20726460836821425,-0.06672078183747278,0.5354094686641591,1,26.927709579467773,27.167320251464844,-0.019735358525662522,0.10119527719080453,0.07823072352731282
1777970834.439056,0.20726460836821425,-0.06672078183747278,0.5354094686641591,1,31.535863876342773,31.719207763671875,-0.019735358525662522,0.10119527719080453,0.07823072352731282
1777970834.4819121,0.20726460836821425,-0.06672078183747278,0.5354094686641591,1,24.27983283996582,24.43695068359375,-0.019735358525662522,0.10119527719080453,0.07823072352731282
1777970834.53077,0.20726460836821425,-0.06672078183747278,0.5354094686641591,1,23.05006980895996,23.213624954223633,-0.019735358525662522,0.10119527719080453,0.07823072352731282
1777970834.5871537,0.20726460836821425,-0.06672078183747278,0.5354094686641591,1,29.108285903930664,29.466867446899414,-0.019735358525662522,0.10119527719080453,0.07823072352731282
1777970834.6406536,0.20726460836821425,-0.06672078183747278,0.5354094686641591,1,32.73415565490723,32.93728828430176,-0.019735358525662522,0.10119527719080453,0.07823072352731282
1777970834.6826296,0.20726460836821425,-0.06672078183747278,0.5354094686641591,1,24.695396423339844,24.862051010131836,-0.019735358525662522,0.10119527719080453,0.07823072352731282
1777970834.7328105,0.20726460836821425,-0.06672078183747278,0.5354094686641591,1,24.830341339111328,24.98769760131836,-0.019735358525662522,0.10119527719080453,0.07823072352731282
1777970834.7904692,0.20726460836821425,-0.06672078183747278,0.5354094686641591,1,32.32288360595703,32.54270553588867,-0.019735358525662522,0.10119527719080453,0.07823072352731282
1777970834.8241014,0.20726460836821425,-0.06672078183747278,0.5354094686641591,1,15.911102294921875,16.110658645629883,-0.019735358525662522,0.10119527719080453,0.07823072352731282
1777970834.88245,0.20726460836821425,-0.06672078183747278,0.5354094686641591,1,24.159908294677734,24.381637573242188,-0.019735358525662522,0.10119527719080453,0.07823072352731282
1777970834.9320245,0.20726460836821425,-0.06672078183747278,0.5354094686641591,1,23.711681365966797,23.90313148498535,-0.019735358525662522,0.10119527719080453,0.07823072352731282
1777970834.9818842,0.20726460836821425,-0.06672078183747278,0.5354094686641591,1,23.479700088500977,23.672819137573242,-0.019735358525662522,0.10119527719080453,0.07823072352731282
1777970835.0257423,0.20726460836821425,-0.06672078183747278,0.5354094686641591,1,17.264127731323242,17.488956451416016,-0.019735358525662522,0.10119527719080453,0.07823072352731282
1777970835.0840645,0.20726460836821425,-0.06672078183747278,0.5354094686641591,1,25.493860244750977,25.71845054626465,-0.019735358525662522,0.10119527719080453,0.07823072352731282
1777970835.1325924,0.20726460836821425,-0.06672078183747278,0.5354094686641591,1,23.952245712280273,24.16682243347168,-0.019735358525662522,0.10119527719080453,0.07823072352731282
1777970835.1848567,0.20726460836821425,-0.06672078183747278,0.5354094686641591,1,26.12471580505371,26.347637176513672,-0.019735358525662522,0.10119527719080453,0.07823072352731282
1777970835.2340887,0.20726460836821425,-0.06672078183747278,0.5354094686641591,1,25.30360221862793,25.507688522338867,-0.019735358525662522,0.10119527719080453,0.07823072352731282
1777970835.2886758,0.20726460836821425,-0.06672078183747278,0.5354094686641591,1,29.768705368041992,29.932022094726562,-0.019735358525662522,0.10119527719080453,0.07823072352731282
1777970835.3342283,0.20726460836821425,-0.06672078183747278,0.5354094686641591,1,25.183439254760742,25.395631790161133,-0.019735358525662522,0.10119527719080453,0.07823072352731282
1777970835.3872836,0.20726460836821425,-0.06672078183747278,0.5354094686641591,1,28.191804885864258,28.392791748046875,-0.019735358525662522,0.10119527719080453,0.07823072352731282
1777970835.4339833,0.20726460836821425,-0.06672078183747278,0.5354094686641591,1,24.814844131469727,25.012969970703125,-0.019735358525662522,0.10119527719080453,0.07823072352731282
1777970835.4845834,0.20726460836821425,-0.06672078183747278,0.5354094686641591,1,25.364398956298828,25.53558349609375,-0.019735358525662522,0.10119527719080453,0.07823072352731282
1777970835.5340981,0.20726460836821425,-0.06672078183747278,0.5354094686641591,1,24.7800350189209,24.985790252685547,-0.019735358525662522,0.10119527719080453,0.07823072352731282
1777970835.5832932,0.20726460836821425,-0.06672078183747278,0.5354094686641591,1,23.817062377929688,24.016857147216797,-0.019735358525662522,0.10119527719080453,0.07823072352731282
1777970835.6357408,0.20726460836821425,-0.06672078183747278,0.5354094686641591,1,25.942564010620117,26.13544464111328,-0.019735358525662522,0.10119527719080453,0.07823072352731282
1777970835.6869838,0.20726460836821425,-0.06672078183747278,0.5354094686641591,1,26.837587356567383,27.179479598999023,-0.019735358525662522,0.10119527719080453,0.07823072352731282
1777970835.735919,0.20726460836821425,-0.06672078183747278,0.5354094686641591,1,25.85005760192871,26.05128288269043,-0.019735358525662522,0.10119527719080453,0.07823072352731282
1777970835.7869415,0.20726460836821425,-0.06672078183747278,0.5354094686641591,1,26.7336368560791,26.900053024291992,-0.019735358525662522,0.10119527719080453,0.07823072352731282
1777970835.839332,0.20726460836821425,-0.06672078183747278,0.5354094686641591,1,29.01911735534668,29.193878173828125,-0.019735358525662522,0.10119527719080453,0.07823072352731282
1777970835.8998535,0.20726460836821425,-0.06672078183747278,0.5354094686641591,1,39.43014144897461,39.63780403137207,-0.019735358525662522,0.10119527719080453,0.07823072352731282
1777970835.935899,0.20726460836821425,-0.06672078183747278,0.5354094686641591,1,25.43044090270996,25.69103240966797,-0.019735358525662522,0.10119527719080453,0.07823072352731282
1777970835.982596,0.20726460836821425,-0.06672078183747278,0.5354094686641591,1,21.962881088256836,22.252798080444336,-0.019735358525662522,0.10119527719080453,0.07823072352731282
1777970836.041271,0.20726460836821425,-0.06672078183747278,0.5354094686641591,1,30.626296997070312,30.801773071289062,-0.019735358525662522,0.10119527719080453,0.07823072352731282
1777970836.0849183,0.20726460836821425,-0.06672078183747278,0.5354094686641591,1,23.09870719909668,23.288965225219727,-0.019735358525662522,0.10119527719080453,0.07823072352731282
1777970836.1367178,0.20726460836821425,-0.06672078183747278,0.5354094686641591,1,24.78957176208496,24.99985694885254,-0.019735358525662522,0.10119527719080453,0.07823072352731282
1777970836.1886034,0.20726460836821425,-0.06672078183747278,0.5354094686641591,1,25.66385269165039,26.734113693237305,-0.019735358525662522,0.10119527719080453,0.07823072352731282
1777970836.2503622,0.20726460836821425,-0.06672078183747278,0.5354094686641591,1,36.55576705932617,36.744117736816406,-0.019735358525662522,0.10119527719080453,0.07823072352731282
1777970836.284496,0.20726460836821425,-0.06672078183747278,0.5354094686641591,1,20.539522171020508,20.73073387145996,-0.019735358525662522,0.10119527719080453,0.07823072352731282
1777970836.344527,0.20726460836821425,-0.06672078183747278,0.5354094686641591,1,30.35759925842285,30.54213523864746,-0.019735358525662522,0.10119527719080453,0.07823072352731282
1777970836.3898156,0.20726460836821425,-0.06672078183747278,0.5354094686641591,1,25.54798126220703,25.727033615112305,-0.019735358525662522,0.10119527719080453,0.07823072352731282
1777970836.442284,0.20726460836821425,-0.06672078183747278,0.5354094686641591,1,27.708768844604492,27.918577194213867,-0.019735358525662522,0.10119527719080453,0.07823072352731282
1777970836.4848351,0.20726460836821425,-0.06672078183747278,0.5354094686641591,1,20.237445831298828,20.423412322998047,-0.019735358525662522,0.10119527719080453,0.07823072352731282
1777970836.5412726,0.20726460836821425,-0.06672078183747278,0.5354094686641591,1,26.4890193939209,26.700496673583984,-0.019735358525662522,0.10119527719080453,0.07823072352731282
1777970836.5926583,0.20726460836821425,-0.06672078183747278,0.5354094686641591,1,27.739286422729492,27.9233455657959,-0.019735358525662522,0.10119527719080453,0.07823072352731282
1777970836.6429756,0.20726460836821425,-0.06672078183747278,0.5354094686641591,1,27.978897094726562,28.180599212646484,-0.019735358525662522,0.10119527719080453,0.07823072352731282
1777970836.6945968,0.20726460836821425,-0.06672078183747278,0.5354094686641591,1,29.221773147583008,29.433727264404297,-0.019735358525662522,0.10119527719080453,0.07823072352731282
1777970836.738275,0.20726460836821425,-0.06672078183747278,0.5354094686641591,1,22.830724716186523,23.03767204284668,-0.019735358525662522,0.10119527719080453,0.07823072352731282
1777970836.7816107,0.20726460836821425,-0.06672078183747278,0.5354094686641591,1,15.894651412963867,16.07799530029297,-0.019735358525662522,0.10119527719080453,0.07823072352731282
1777970836.840901,0.20726460836821425,-0.06672078183747278,0.5354094686641591,1,25.1312255859375,25.293588638305664,-0.019735358525662522,0.10119527719080453,0.07823072352731282
1777970836.8887346,0.20726460836821425,-0.06672078183747278,0.5354094686641591,1,22.784709930419922,22.974014282226562,-0.019735358525662522,0.10119527719080453,0.07823072352731282
1777970836.9427192,0.20726460836821425,-0.06672078183747278,0.5354094686641591,1,26.74722671508789,26.920080184936523,-0.019735358525662522,0.10119527719080453,0.07823072352731282
1777970837.0051892,0.20726460836821425,-0.06672078183747278,0.5354094686641591,1,38.97547721862793,39.32547569274902,-0.019735358525662522,0.10119527719080453,0.07823072352731282
1777970837.0440886,0.20726460836821425,-0.06672078183747278,0.5354094686641591,1,27.950525283813477,28.143644332885742,-0.019735358525662522,0.10119527719080453,0.07823072352731282
1777970837.081128,0.20726460836821425,-0.06672078183747278,0.5354094686641591,1,14.911890029907227,15.091896057128906,-0.019735358525662522,0.10119527719080453,0.07823072352731282
1777970837.13962,0.20726460836821425,-0.06672078183747278,0.5354094686641591,1,23.36573600769043,23.52166175842285,-0.019735358525662522,0.10119527719080453,0.07823072352731282
1777970837.193281,0.20726460836821425,-0.06672078183747278,0.5354094686641591,1,26.802539825439453,26.975154876708984,-0.019735358525662522,0.10119527719080453,0.07823072352731282
1777970837.2435524,0.20726460836821425,-0.06672078183747278,0.5354094686641591,1,26.888132095336914,27.09221839904785,-0.019735358525662522,0.10119527719080453,0.07823072352731282
1777970837.2875664,0.20726460836821425,-0.06672078183747278,0.5354094686641591,1,20.322561264038086,20.487308502197266,-0.019735358525662522,0.10119527719080453,0.07823072352731282
1777970837.3453805,0.20726460836821425,-0.06672078183747278,0.5354094686641591,1,28.043508529663086,28.228282928466797,-0.019735358525662522,0.10119527719080453,0.07823072352731282
1777970837.3895407,0.20726460836821425,-0.06672078183747278,0.5354094686641591,1,22.136926651000977,22.31597900390625,-0.019735358525662522,0.10119527719080453,0.07823072352731282
1777970837.4446907,0.20726460836821425,-0.06672078183747278,0.5354094686641591,1,27.127504348754883,27.320384979248047,-0.019735358525662522,0.10119527719080453,0.07823072352731282
1777970837.4963806,0.20726460836821425,-0.06672078183747278,0.5354094686641591,1,28.777122497558594,28.946876525878906,-0.019735358525662522,0.10119527719080453,0.07823072352731282
1777970837.5432942,0.20726460836821425,-0.06672078183747278,0.5354094686641591,1,25.588274002075195,25.78568458557129,-0.019735358525662522,0.10119527719080453,0.07823072352731282
1777970837.5935197,0.20726460836821425,-0.06672078183747278,0.5354094686641591,1,25.761127471923828,25.951862335205078,-0.019735358525662522,0.10119527719080453,0.07823072352731282
1777970837.645744,0.20726460836821425,-0.06672078183747278,0.5354094686641591,1,27.731657028198242,28.110027313232422,-0.019735358525662522,0.10119527719080453,0.07823072352731282
1777970837.6972451,0.20726460836821425,-0.06672078183747278,0.5354094686641591,1,29.242753982543945,29.45566177368164,-0.019735358525662522,0.10119527719080453,0.07823072352731282
1777970837.7443352,0.20726460836821425,-0.06672078183747278,0.5354094686641591,1,26.297569274902344,26.453733444213867,-0.019735358525662522,0.10119527719080453,0.07823072352731282
1777970837.7916522,0.20726460836821425,-0.06672078183747278,0.5354094686641591,1,23.447275161743164,23.619413375854492,-0.019735358525662522,0.10119527719080453,0.07823072352731282
1777970837.8331811,0.20726460836821425,-0.06672078183747278,0.5354094686641591,1,14.905929565429688,15.101909637451172,-0.019735358525662522,0.10119527719080453,0.07823072352731282
1777970837.908777,0.20726460836821425,-0.06672078183747278,0.5354094686641591,1,39.75987434387207,39.955854415893555,-0.019735358525662522,0.10119527719080453,0.07823072352731282
1777970837.9382944,0.20726460836821425,-0.06672078183747278,0.5354094686641591,1,19.222497940063477,19.38176155090332,-0.019735358525662522,0.10119527719080453,0.07823072352731282
1777970838.011217,0.20726460836821425,-0.06672078183747278,0.5354094686641591,1,41.817665100097656,42.092323303222656,-0.019735358525662522,0.10119527719080453,0.07823072352731282
1777970838.0435886,0.20726460836821425,-0.06672078183747278,0.5354094686641591,1,24.158000946044922,24.338245391845703,-0.019735358525662522,0.10119527719080453,0.07823072352731282
1777970838.095875,0.20726460836821425,-0.06672078183747278,0.5354094686641591,1,26.394128799438477,26.588916778564453,-0.019735358525662522,0.10119527719080453,0.07823072352731282
1777970838.1452212,0.20726460836821425,-0.06672078183747278,0.5354094686641591,1,25.575876235961914,25.86078643798828,-0.019735358525662522,0.10119527719080453,0.07823072352731282
1777970838.1985223,0.20726460836821425,-0.06672078183747278,0.5354094686641591,1,28.92923355102539,29.10780906677246,-0.019735358525662522,0.10119527719080453,0.07823072352731282
1777970838.2486153,0.20726460836821425,-0.06672078183747278,0.5354094686641591,1,28.774738311767578,29.010295867919922,-0.019735358525662522,0.10119527719080453,0.07823072352731282
1777970838.3008387,0.20726460836821425,-0.06672078183747278,0.5354094686641591,1,30.97367286682129,31.142711639404297,-0.019735358525662522,0.10119527719080453,0.07823072352731282
1777970838.3465824,0.20726460836821425,-0.06672078183747278,0.5354094686641591,1,26.725292205810547,26.89051628112793,-0.019735358525662522,0.10119527719080453,0.07823072352731282
1777970838.3973534,0.20726460836821425,-0.06672078183747278,0.5354094686641591,1,27.405977249145508,27.602672576904297,-0.019735358525662522,0.10119527719080453,0.07823072352731282
1777970838.4526944,0.20726460836821425,-0.06672078183747278,0.5354094686641591,1,32.501935958862305,32.78779983520508,-0.019735358525662522,0.10119527719080453,0.07823072352731282
1777970838.4918962,0.20726460836821425,-0.06672078183747278,0.5354094686641591,1,21.751880645751953,21.926403045654297,-0.019735358525662522,0.10119527719080453,0.07823072352731282
1777970838.5414236,0.20726460836821425,-0.06672078183747278,0.5354094686641591,1,20.954608917236328,21.12746238708496,-0.019735358525662522,0.10119527719080453,0.07823072352731282
1777970838.5974352,0.20726460836821425,-0.06672078183747278,0.5354094686641591,1,26.810884475708008,26.999950408935547,-0.019735358525662522,0.10119527719080453,0.07823072352731282
1777970838.6386123,0.20726460836821425,-0.06672078183747278,0.5354094686641591,1,17.588138580322266,17.78697967529297,-0.019735358525662522,0.10119527719080453,0.07823072352731282
1777970838.7037582,0.20726460836821425,-0.06672078183747278,0.5354094686641591,1,31.651735305786133,31.879186630249023,-0.019735358525662522,0.10119527719080453,0.07823072352731282
1777970838.7551615,0.20726460836821425,-0.06672078183747278,0.5354094686641591,1,32.82880783081055,33.0197811126709,-0.019735358525662522,0.10119527719080453,0.07823072352731282
1777970838.798219,0.20726460836821425,-0.06672078183747278,0.5354094686641591,1,25.835037231445312,26.00407600402832,-0.019735358525662522,0.10119527719080453,0.07823072352731282
1777970838.8495529,0.20726460836821425,-0.06672078183747278,0.5354094686641591,1,26.852130889892578,27.048110961914062,-0.019735358525662522,0.10119527719080453,0.07823072352731282
1777970838.8993554,0.20726460836821425,-0.06672078183747278,0.5354094686641591,1,26.384592056274414,26.581287384033203,-0.019735358525662522,0.10119527719080453,0.07823072352731282
1777970838.9464366,0.20726460836821425,-0.06672078183747278,0.5354094686641591,1,23.413419723510742,23.622989654541016,-0.019735358525662522,0.10119527719080453,0.07823072352731282
1777970838.9879916,0.20726460836821425,-0.06672078183747278,0.5354094686641591,1,15.006303787231445,15.149354934692383,-0.019735358525662522,0.10119527719080453,0.07823072352731282
1777970839.0465465,0.20726460836821425,-0.06672078183747278,0.5354094686641591,1,23.462533950805664,23.62680435180664,-0.019735358525662522,0.10119527719080453,0.07823072352731282
1777970839.0979135,0.20726460836821425,-0.06672078183747278,0.5354094686641591,1,24.437904357910156,24.615049362182617,-0.019735358525662522,0.10119527719080453,0.07823072352731282
1777970839.1485684,0.20726460836821425,-0.06672078183747278,0.5354094686641591,1,25.01702308654785,25.1922607421875,-0.019735358525662522,0.10119527719080453,0.07823072352731282
1777970839.2055304,0.20726460836821425,-0.06672078183747278,0.5354094686641591,1,31.515121459960938,31.764745712280273,-0.019735358525662522,0.10119527719080453,0.07823072352731282
1777970839.2490525,0.20726460836821425,-0.06672078183747278,0.5354094686641591,1,24.512529373168945,24.703502655029297,-0.019735358525662522,0.10119527719080453,0.07823072352731282
1777970839.3133643,0.20726460836821425,-0.06672078183747278,0.5354094686641591,1,38.56849670410156,38.84267807006836,-0.019735358525662522,0.10119527719080453,0.07823072352731282
1777970839.3453376,0.20726460836821425,-0.06672078183747278,0.5354094686641591,1,20.589828491210938,20.770788192749023,-0.019735358525662522,0.10119527719080453,0.07823072352731282
1777970839.4022107,0.20726460836821425,-0.06672078183747278,0.5354094686641591,1,27.39262580871582,27.57430076599121,-0.019735358525662522,0.10119527719080453,0.07823072352731282
1777970839.463253,0.20726460836821425,-0.06672078183747278,0.5354094686641591,1,37.86611557006836,38.48385810852051,-0.019735358525662522,0.10119527719080453,0.07823072352731282
1777970839.5024228,0.20726460836821425,-0.06672078183747278,0.5354094686641591,1,27.22001075744629,27.56810188293457,-0.019735358525662522,0.10119527719080453,0.07823072352731282
1777970839.546259,0.20726460836821425,-0.06672078183747278,0.5354094686641591,1,21.17156982421875,21.344423294067383,-0.019735358525662522,0.10119527719080453,0.07823072352731282
1777970839.591237,0.20726460836821425,-0.06672078183747278,0.5354094686641591,1,15.35487174987793,15.549898147583008,-0.019735358525662522,0.10119527719080453,0.07823072352731282
1777970839.6559038,0.20726460836821425,-0.06672078183747278,0.5354094686641591,1,26.73792839050293,26.940345764160156,-0.019735358525662522,0.10119527719080453,0.07823072352731282
1777970839.7034972,0.20726460836821425,-0.06672078183747278,0.5354094686641591,1,24.265050888061523,24.48558807373047,-0.019735358525662522,0.10119527719080453,0.07823072352731282
1777970839.7577837,0.20726460836821425,-0.06672078183747278,0.5354094686641591,1,28.10835838317871,28.30672264099121,-0.019735358525662522,0.10119527719080453,0.07823072352731282
1777970839.803826,0.20726460836821425,-0.06672078183747278,0.5354094686641591,1,23.190736770629883,23.396015167236328,-0.019735358525662522,0.10119527719080453,0.07823072352731282
1777970839.8626902,0.20726460836821425,-0.06672078183747278,0.5354094686641591,1,31.92138671875,32.09853172302246,-0.019735358525662522,0.10119527719080453,0.07823072352731282
1777970839.9004571,0.20726460836821425,-0.06672078183747278,0.5354094686641591,1,19.492387771606445,19.67644691467285,-0.019735358525662522,0.10119527719080453,0.07823072352731282
1777970839.9594195,0.20726460836821425,-0.06672078183747278,0.5354094686641591,1,28.19085121154785,28.380870819091797,-0.019735358525662522,0.10119527719080453,0.07823072352731282
1777970840.0130055,0.20726460836821425,-0.06672078183747278,0.5354094686641591,1,31.41641616821289,31.66985511779785,-0.019735358525662522,0.10119527719080453,0.07823072352731282
1777970840.051036,0.20726460836821425,-0.06672078183747278,0.5354094686641591,1,19.258499145507812,19.61207389831543,-0.019735358525662522,0.10119527719080453,0.07823072352731282
1777970840.1092844,0.20726460836821425,-0.06672078183747278,0.5354094686641591,1,27.199506759643555,27.37593650817871,-0.019735358525662522,0.10119527719080453,0.07823072352731282
1777970840.1622865,0.20726460836821425,-0.06672078183747278,0.5354094686641591,1,29.939889907836914,30.138254165649414,-0.019735358525662522,0.10119527719080453,0.07823072352731282
1777970840.2097235,0.20726460836821425,-0.06672078183747278,0.5354094686641591,1,27.050018310546875,27.21238136291504,-0.019735358525662522,0.10119527719080453,0.07823072352731282
1777970840.2607284,0.20726460836821425,-0.06672078183747278,0.5354094686641591,1,25.94614028930664,26.13973617553711,-0.019735358525662522,0.10119527719080453,0.07823072352731282
1777970840.3139453,0.20726460836821425,-0.06672078183747278,0.5354094686641591,1,28.922557830810547,29.103994369506836,-0.019735358525662522,0.10119527719080453,0.07823072352731282
1777970840.363124,0.20726460836821425,-0.06672078183747278,0.5354094686641591,1,27.5266170501709,27.73261070251465,-0.019735358525662522,0.10119527719080453,0.07823072352731282
1777970840.4067776,0.20726460836821425,-0.06672078183747278,0.5354094686641591,1,21.118640899658203,21.30579948425293,-0.019735358525662522,0.10119527719080453,0.07823072352731282
1777970840.4671898,0.20726460836821425,-0.06672078183747278,0.5354094686641591,1,31.30054473876953,31.472206115722656,-0.019735358525662522,0.10119527719080453,0.07823072352731282
1777970840.5105646,0.20726460836821425,-0.06672078183747278,0.5354094686641591,1,24.59096908569336,24.775266647338867,-0.019735358525662522,0.10119527719080453,0.07823072352731282
1777970840.5739682,0.20726460836821425,-0.06672078183747278,0.5354094686641591,1,37.9328727722168,38.1319522857666,-0.019735358525662522,0.10119527719080453,0.07823072352731282
1777970840.6117508,0.20726460836821425,-0.06672078183747278,0.5354094686641591,1,25.637388229370117,25.847911834716797,-0.019735358525662522,0.10119527719080453,0.07823072352731282
1777970840.6619468,0.20726460836821425,-0.06672078183747278,0.5354094686641591,1,25.780439376831055,25.980472564697266,-0.019735358525662522,0.10119527719080453,0.07823072352731282
1777970840.709312,0.20726460836821425,-0.06672078183747278,0.5354094686641591,1,23.1020450592041,23.278236389160156,-0.019735358525662522,0.10119527719080453,0.07823072352731282
1777970840.768907,0.20726460836821425,-0.06672078183747278,0.5354094686641591,1,32.47880935668945,32.68289566040039,-0.019735358525662522,0.10119527719080453,0.07823072352731282
1777970840.8100822,0.20726460836821425,-0.06672078183747278,0.5354094686641591,1,23.566484451293945,23.763418197631836,-0.019735358525662522,0.10119527719080453,0.07823072352731282
1777970840.865,0.20726460836821425,-0.06672078183747278,0.5354094686641591,1,28.380393981933594,28.549909591674805,-0.019735358525662522,0.10119527719080453,0.07823072352731282
1777970840.9110763,0.20726460836821425,-0.06672078183747278,0.5354094686641591,1,24.365663528442383,24.555683135986328,-0.019735358525662522,0.10119527719080453,0.07823072352731282
1777970840.9669425,0.20726460836821425,-0.06672078183747278,0.5354094686641591,1,30.087709426879883,30.269384384155273,-0.019735358525662522,0.10119527719080453,0.07823072352731282
1777970841.0139997,0.20726460836821425,-0.06672078183747278,0.5354094686641591,1,27.019977569580078,27.187347412109375,-0.019735358525662522,0.10119527719080453,0.07823072352731282
1777970841.054832,0.20726460836821425,-0.06672078183747278,0.5354094686641591,1,16.90077781677246,17.082691192626953,-0.019735358525662522,0.10119527719080453,0.07823072352731282
1777970841.1062558,0.20726460836821425,-0.06672078183747278,0.5354094686641591,1,18.177509307861328,18.456697463989258,-0.019735358525662522,0.10119527719080453,0.07823072352731282
1777970841.1612778,0.20726460836821425,-0.06672078183747278,0.5354094686641591,1,23.21314811706543,23.394346237182617,-0.019735358525662522,0.10119527719080453,0.07823072352731282
1777970841.2120733,0.20726460836821425,-0.06672078183747278,0.5354094686641591,1,23.934125900268555,24.118900299072266,-0.019735358525662522,0.10119527719080453,0.07823072352731282
1777970841.2655401,0.20726460836821425,-0.06672078183747278,0.5354094686641591,1,27.31919288635254,27.495622634887695,-0.019735358525662522,0.10119527719080453,0.07823072352731282
1777970841.3183632,0.20726460836821425,-0.06672078183747278,0.5354094686641591,1,29.98971939086914,30.16519546508789,-0.019735358525662522,0.10119527719080453,0.07823072352731282
1777970841.365632,0.20726460836821425,-0.06672078183747278,0.5354094686641591,1,27.118682861328125,27.324676513671875,-0.019735358525662522,0.10119527719080453,0.07823072352731282
1777970841.4236917,0.20726460836821425,-0.06672078183747278,0.5354094686641591,1,35.07828712463379,35.31646728515625,-0.019735358525662522,0.10119527719080453,0.07823072352731282
1777970841.466158,0.20726460836821425,-0.06672078183747278,0.5354094686641591,1,27.39882469177246,27.637958526611328,-0.019735358525662522,0.10119527719080453,0.07823072352731282
1777970841.5139327,0.20726460836821425,-0.06672078183747278,0.5354094686641591,1,25.057077407836914,25.253772735595703,-0.019735358525662522,0.10119527719080453,0.07823072352731282
1777970841.5737803,0.20726460836821425,-0.06672078183747278,0.5354094686641591,1,34.673452377319336,34.93905067443848,-0.019735358525662522,0.10119527719080453,0.07823072352731282
1777970841.6154633,0.20726460836821425,-0.06672078183747278,0.5354094686641591,1,26.2758731842041,26.448965072631836,-0.019735358525662522,0.10119527719080453,0.07823072352731282
1777970841.6562445,0.20726460836821425,-0.06672078183747278,0.5354094686641591,1,17.011642456054688,17.190217971801758,-0.019735358525662522,0.10119527719080453,0.07823072352731282
1777970841.716442,0.20726460836821425,-0.06672078183747278,0.5354094686641591,1,27.067899703979492,27.28891372680664,-0.019735358525662522,0.10119527719080453,0.07823072352731282
1777970841.7630186,0.20726460836821425,-0.06672078183747278,0.5354094686641591,1,23.62346649169922,23.802757263183594,-0.019735358525662522,0.10119527719080453,0.07823072352731282
1777970841.8167834,0.20726460836821425,-0.06672078183747278,0.5354094686641591,1,27.30274200439453,27.514934539794922,-0.019735358525662522,0.10119527719080453,0.07823072352731282
1777970841.8610501,0.20726460836821425,-0.06672078183747278,0.5354094686641591,1,21.48294448852539,21.672964096069336,-0.019735358525662522,0.10119527719080453,0.07823072352731282
1777970841.9209657,0.20726460836821425,-0.06672078183747278,0.5354094686641591,1,31.333208084106445,31.514644622802734,-0.019735358525662522,0.10119527719080453,0.07823072352731282
1777970841.9672503,0.20726460836821425,-0.06672078183747278,0.5354094686641591,1,27.46295928955078,27.671098709106445,-0.019735358525662522,0.10119527719080453,0.07823072352731282
1777970842.0183012,0.20726460836821425,-0.06672078183747278,0.5354094686641591,1,28.356075286865234,28.545379638671875,-0.019735358525662522,0.10119527719080453,0.07823072352731282
1777970842.0597339,0.20726460836821425,-0.06672078183747278,0.5354094686641591,1,19.761323928833008,19.919872283935547,-0.019735358525662522,0.10119527719080453,0.07823072352731282
1777970842.1195786,0.20726460836821425,-0.06672078183747278,0.5354094686641591,1,29.51335906982422,29.68144416809082,-0.019735358525662522,0.10119527719080453,0.07823072352731282
1777970842.16635,0.20726460836821425,-0.06672078183747278,0.5354094686641591,1,26.173830032348633,26.352643966674805,-0.019735358525662522,0.10119527719080453,0.07823072352731282
1777970842.2160275,0.20726460836821425,-0.06672078183747278,0.5354094686641591,1,25.780439376831055,25.975704193115234,-0.019735358525662522,0.10119527719080453,0.07823072352731282
1777970842.2671258,0.20726460836821425,-0.06672078183747278,0.5354094686641591,1,26.825428009033203,27.019023895263672,-0.019735358525662522,0.10119527719080453,0.07823072352731282
1777970842.3163998,0.20726460836821425,-0.06672078183747278,0.5354094686641591,1,26.04389190673828,26.196718215942383,-0.019735358525662522,0.10119527719080453,0.07823072352731282
1777970842.3643193,0.20726460836821425,-0.06672078183747278,0.5354094686641591,1,23.44965934753418,23.601531982421875,-0.019735358525662522,0.10119527719080453,0.07823072352731282
1777970842.417949,0.20726460836821425,-0.06672078183747278,0.5354094686641591,1,27.01544761657715,27.178525924682617,-0.019735358525662522,0.10119527719080453,0.07823072352731282
1777970842.4748285,0.20726460836821425,-0.06672078183747278,0.5354094686641591,1,33.791303634643555,33.985137939453125,-0.019735358525662522,0.10119527719080453,0.07823072352731282
1777970842.5161068,0.20726460836821425,-0.06672078183747278,0.5354094686641591,1,25.016307830810547,25.182247161865234,-0.019735358525662522,0.10119527719080453,0.07823072352731282
1777970842.5679696,0.20726460836821425,-0.06672078183747278,0.5354094686641591,1,26.800870895385742,26.971817016601562,-0.019735358525662522,0.10119527719080453,0.07823072352731282
1777970842.6167827,0.20726460836821425,-0.06672078183747278,0.5354094686641591,1,25.041818618774414,25.19989013671875,-0.019735358525662522,0.10119527719080453,0.07823072352731282
1777970842.6694288,0.20726460836821425,-0.06672078183747278,0.5354094686641591,1,26.87239646911621,27.053117752075195,-0.019735358525662522,0.10119527719080453,0.07823072352731282
1777970842.7153797,0.20726460836821425,-0.06672078183747278,0.5354094686641591,1,22.72963523864746,22.94445037841797,-0.019735358525662522,0.10119527719080453,0.07823072352731282
1777970842.7650657,0.20726460836821425,-0.06672078183747278,0.5354094686641591,1,22.360801696777344,22.56178855895996,-0.019735358525662522,0.10119527719080453,0.07823072352731282
1777970842.8197212,0.20726460836821425,-0.06672078183747278,0.5354094686641591,1,26.844263076782227,27.04620361328125,-0.019735358525662522,0.10119527719080453,0.07823072352731282
1777970842.8706944,0.20726460836821425,-0.06672078183747278,0.5354094686641591,1,27.358531951904297,27.551651000976562,-0.019735358525662522,0.10119527719080453,0.07823072352731282
1777970842.9330835,0.20726460836821425,-0.06672078183747278,0.5354094686641591,1,37.25409507751465,37.46914863586426,-0.019735358525662522,0.10119527719080453,0.07823072352731282
1777970842.972582,0.20726460836821425,-0.06672078183747278,0.5354094686641591,1,26.58247947692871,26.84473991394043,-0.019735358525662522,0.10119527719080453,0.07823072352731282
1777970843.0178134,0.20726460836821425,-0.06672078183747278,0.5354094686641591,1,21.850109100341797,22.01366424560547,-0.019735358525662522,0.10119527719080453,0.07823072352731282
1777970843.0890427,0.20726460836821425,-0.06672078183747278,0.5354094686641591,1,42.90127754211426,43.18499565124512,-0.019735358525662522,0.10119527719080453,0.07823072352731282
1777970843.1190062,0.20726460836821425,-0.06672078183747278,0.5354094686641591,1,22.830724716186523,23.054838180541992,-0.019735358525662522,0.10119527719080453,0.07823072352731282
1777970843.174585,0.20726460836821425,-0.06672078183747278,0.5354094686641591,1,28.327465057373047,28.508901596069336,-0.019735358525662522,0.10119527719080453,0.07823072352731282
1777970843.2220223,0.20726460836821425,-0.06672078183747278,0.5354094686641591,1,25.653362274169922,25.821208953857422,-0.019735358525662522,0.10119527719080453,0.07823072352731282
1777970843.275902,0.20726460836821425,-0.06672078183747278,0.5354094686641591,1,29.345273971557617,29.530048370361328,-0.019735358525662522,0.10119527719080453,0.07823072352731282
1777970843.3209794,0.20726460836821425,-0.06672078183747278,0.5354094686641591,1,24.33609962463379,24.50108528137207,-0.019735358525662522,0.10119527719080453,0.07823072352731282
1777970843.3607354,0.20726460836821425,-0.06672078183747278,0.5354094686641591,1,14.004230499267578,14.207124710083008,-0.019735358525662522,0.10119527719080453,0.07823072352731282
1777970843.4250598,0.20726460836821425,-0.06672078183747278,0.5354094686641591,1,28.184175491333008,28.383731842041016,-0.019735358525662522,0.10119527719080453,0.07823072352731282
1777970843.4659455,0.20726460836821425,-0.06672078183747278,0.5354094686641591,1,18.969058990478516,19.15764808654785,-0.019735358525662522,0.10119527719080453,0.07823072352731282
1777970843.5339112,0.20726460836821425,-0.06672078183747278,0.5354094686641591,1,36.78250312805176,36.97085380554199,-0.019735358525662522,0.10119527719080453,0.07823072352731282
1777970843.5735514,0.20726460836821425,-0.06672078183747278,0.5354094686641591,1,26.34263038635254,26.54719352722168,-0.019735358525662522,0.10119527719080453,0.07823072352731282
1777970843.6243558,0.20726460836821425,-0.06672078183747278,0.5354094686641591,1,27.121305465698242,27.298688888549805,-0.019735358525662522,0.10119527719080453,0.07823072352731282
1777970843.6713624,0.20726460836821425,-0.06672078183747278,0.5354094686641591,1,23.999452590942383,24.22308921813965,-0.019735358525662522,0.10119527719080453,0.07823072352731282
1777970843.7279377,0.20726460836821425,-0.06672078183747278,0.5354094686641591,1,30.358076095581055,30.716419219970703,-0.019735358525662522,0.10119527719080453,0.07823072352731282
1777970843.781783,0.20726460836821425,-0.06672078183747278,0.5354094686641591,1,34.23142433166504,34.40570831298828,-0.019735358525662522,0.10119527719080453,0.07823072352731282
1777970843.8217733,0.20726460836821425,-0.06672078183747278,0.5354094686641591,1,24.08313751220703,24.25694465637207,-0.019735358525662522,0.10119527719080453,0.07823072352731282
1777970843.8674457,0.20726460836821425,-0.06672078183747278,0.5354094686641591,1,19.610881805419922,19.789934158325195,-0.019735358525662522,0.10119527719080453,0.07823072352731282
1777970843.927589,0.20726460836821425,-0.06672078183747278,0.5354094686641591,1,29.584646224975586,29.798269271850586,-0.019735358525662522,0.10119527719080453,0.07823072352731282
1777970843.9739108,0.20726460836821425,-0.06672078183747278,0.5354094686641591,1,25.833606719970703,26.0469913482666,-0.019735358525662522,0.10119527719080453,0.07823072352731282
1777970844.0294013,0.20726460836821425,-0.06672078183747278,0.5354094686641591,1,31.050443649291992,31.228303909301758,-0.019735358525662522,0.10119527719080453,0.07823072352731282
1777970844.072439,0.20726460836821425,-0.06672078183747278,0.5354094686641591,1,23.99730682373047,24.174928665161133,-0.019735358525662522,0.10119527719080453,0.07823072352731282
1777970844.1285486,0.20726460836821425,-0.06672078183747278,0.5354094686641591,1,29.8612117767334,30.055522918701172,-0.019735358525662522,0.10119527719080453,0.07823072352731282
1777970844.1704187,0.20726460836821425,-0.06672078183747278,0.5354094686641591,1,21.640777587890625,21.899700164794922,-0.019735358525662522,0.10119527719080453,0.07823072352731282
1777970844.2242699,0.20726460836821425,-0.06672078183747278,0.5354094686641591,1,25.444984436035156,25.66671371459961,-0.019735358525662522,0.10119527719080453,0.07823072352731282
1777970844.273084,0.20726460836821425,-0.06672078183747278,0.5354094686641591,1,24.213552474975586,24.408817291259766,-0.019735358525662522,0.10119527719080453,0.07823072352731282
1777970844.324242,0.20726460836821425,-0.06672078183747278,0.5354094686641591,1,25.3293514251709,25.54464340209961,-0.019735358525662522,0.10119527719080453,0.07823072352731282
1777970844.3884065,0.20726460836821425,-0.06672078183747278,0.5354094686641591,1,39.45636749267578,39.63351249694824,-0.019735358525662522,0.10119527719080453,0.07823072352731282
1777970844.4182699,0.20726460836821425,-0.06672078183747278,0.5354094686641591,1,19.21868324279785,19.395112991333008,-0.019735358525662522,0.10119527719080453,0.07823072352731282
1777970844.4839535,0.20726460836821425,-0.06672078183747278,0.5354094686641591,1,34.66033935546875,34.859418869018555,-0.019735358525662522,0.10119527719080453,0.07823072352731282
1777970844.5176592,0.20726460836821425,-0.06672078183747278,0.5354094686641591,1,18.139362335205078,18.377065658569336,-0.019735358525662522,0.10119527719080453,0.07823072352731282
1777970844.5683842,0.20726460836821425,-0.06672078183747278,0.5354094686641591,1,18.79596710205078,18.981218338012695,-0.019735358525662522,0.10119527719080453,0.07823072352731282
1777970844.628109,0.20726460836821425,-0.06672078183747278,0.5354094686641591,1,28.33271026611328,28.5031795501709,-0.019735358525662522,0.10119527719080453,0.07823072352731282
1777970844.679613,0.20726460836821425,-0.06672078183747278,0.5354094686641591,1,29.746055603027344,29.94537353515625,-0.019735358525662522,0.10119527719080453,0.07823072352731282
1777970844.737276,0.20726460836821425,-0.06672078183747278,0.5354094686641591,1,36.31234169006348,36.68832778930664,-0.019735358525662522,0.10119527719080453,0.07823072352731282
1777970844.7899349,0.20726460836821425,-0.06672078183747278,0.5354094686641591,1,38.99240493774414,39.26420211791992,-0.019735358525662522,0.10119527719080453,0.07823072352731282
1777970844.8211322,0.20726460836821425,-0.06672078183747278,0.5354094686641591,1,20.251750946044922,20.43318748474121,-0.019735358525662522,0.10119527719080453,0.07823072352731282
1777970844.8783991,0.20726460836821425,-0.06672078183747278,0.5354094686641591,1,27.399539947509766,27.614355087280273,-0.019735358525662522,0.10119527719080453,0.07823072352731282
1777970844.9265122,0.20726460836821425,-0.06672078183747278,0.5354094686641591,1,25.488615036010742,25.67768096923828,-0.019735358525662522,0.10119527719080453,0.07823072352731282
1777970844.97413,0.20726460836821425,-0.06672078183747278,0.5354094686641591,1,22.994518280029297,23.21934700012207,-0.019735358525662522,0.10119527719080453,0.07823072352731282
1777970845.0236733,0.20726460836821425,-0.06672078183747278,0.5354094686641591,1,22.46403694152832,22.690296173095703,-0.019735358525662522,0.10119527719080453,0.07823072352731282
1777970845.076759,0.20726460836821425,-0.06672078183747278,0.5354094686641591,1,25.530099868774414,25.704145431518555,-0.019735358525662522,0.10119527719080453,0.07823072352731282
1777970845.1267204,0.20726460836821425,-0.06672078183747278,0.5354094686641591,1,25.1920223236084,25.383710861206055,-0.019735358525662522,0.10119527719080453,0.07823072352731282
1777970845.18592,0.20726460836821425,-0.06672078183747278,0.5354094686641591,1,31.607389450073242,31.79335594177246,-0.019735358525662522,0.10119527719080453,0.07823072352731282
1777970845.2331986,0.20726460836821425,-0.06672078183747278,0.5354094686641591,1,28.720378875732422,28.92160415649414,-0.019735358525662522,0.10119527719080453,0.07823072352731282
1777970845.2831705,0.20726460836821425,-0.06672078183747278,0.5354094686641591,1,28.520822525024414,28.751611709594727,-0.019735358525662522,0.10119527719080453,0.07823072352731282
1777970845.3386784,0.20726460836821425,-0.06672078183747278,0.5354094686641591,1,33.913612365722656,34.197092056274414,-0.019735358525662522,0.10119527719080453,0.07823072352731282
1777970845.3859377,0.20726460836821425,-0.06672078183747278,0.5354094686641591,1,30.844688415527344,31.076431274414062,-0.019735358525662522,0.10119527719080453,0.07823072352731282
1777970845.4337478,0.20726460836821425,-0.06672078183747278,0.5354094686641591,1,28.552770614624023,28.78093719482422,-0.019735358525662522,0.10119527719080453,0.07823072352731282
1777970845.4846041,0.20726460836821425,-0.06672078183747278,0.5354094686641591,1,28.337717056274414,29.510498046875,-0.019735358525662522,0.10119527719080453,0.07823072352731282
1777970845.532419,0.20726460836821425,-0.06672078183747278,0.5354094686641591,1,27.002573013305664,27.257204055786133,-0.019735358525662522,0.10119527719080453,0.07823072352731282
1777970845.5803812,0.20726460836821425,-0.06672078183747278,0.5354094686641591,1,24.92809295654297,25.13432502746582,-0.019735358525662522,0.10119527719080453,0.07823072352731282
1777970845.6337411,0.20726460836821425,-0.06672078183747278,0.5354094686641591,1,28.19657325744629,28.41782569885254,-0.019735358525662522,0.10119527719080453,0.07823072352731282
1777970845.6841822,0.20726460836821425,-0.06672078183747278,0.5354094686641591,1,28.26380729675293,28.46693992614746,-0.019735358525662522,0.10119527719080453,0.07823072352731282
1777970845.733202,0.20726460836821425,-0.06672078183747278,0.5354094686641591,1,27.022600173950195,27.217864990234375,-0.019735358525662522,0.10119527719080453,0.07823072352731282
1777970845.7813556,0.20726460836821425,-0.06672078183747278,0.5354094686641591,1,25.114774703979492,25.272369384765625,-0.019735358525662522,0.10119527719080453,0.07823072352731282
1777970845.8323567,0.20726460836821425,-0.06672078183747278,0.5354094686641591,1,25.992870330810547,26.185035705566406,-0.019735358525662522,0.10119527719080453,0.07823072352731282
1777970845.883729,0.20726460836821425,-0.06672078183747278,0.5354094686641591,1,27.175426483154297,27.377843856811523,-0.019735358525662522,0.10119527719080453,0.07823072352731282
1777970845.932118,0.20726460836821425,-0.06672078183747278,0.5354094686641591,1,25.44569969177246,25.59661865234375,-0.019735358525662522,0.10119527719080453,0.07823072352731282
1777970845.9818861,0.20726460836821425,-0.06672078183747278,0.5354094686641591,1,25.0394344329834,25.211572647094727,-0.019735358525662522,0.10119527719080453,0.07823072352731282
1777970846.0346825,0.20726460836821425,-0.06672078183747278,0.5354094686641591,1,27.750730514526367,27.903318405151367,-0.019735358525662522,0.10119527719080453,0.07823072352731282
1777970846.082318,0.20726460836821425,-0.06672078183747278,0.5354094686641591,1,25.19965171813965,25.399208068847656,-0.019735358525662522,0.10119527719080453,0.07823072352731282
1777970846.1307924,0.20726460836821425,-0.06672078183747278,0.5354094686641591,1,23.560762405395508,23.72574806213379,-0.019735358525662522,0.10119527719080453,0.07823072352731282
1777970846.1742275,0.20726460836821425,-0.06672078183747278,0.5354094686641591,1,16.772985458374023,17.092227935791016,-0.019735358525662522,0.10119527719080453,0.07823072352731282
1777970846.2443693,0.20726460836821425,-0.06672078183747278,0.5354094686641591,1,36.951541900634766,37.16731071472168,-0.019735358525662522,0.10119527719080453,0.07823072352731282
1777970846.2816653,0.20726460836821425,-0.06672078183747278,0.5354094686641591,1,24.197101593017578,24.39570426940918,-0.019735358525662522,0.10119527719080453,0.07823072352731282
1777970846.330307,0.20726460836821425,-0.06672078183747278,0.5354094686641591,1,22.763490676879883,22.979259490966797,-0.019735358525662522,0.10119527719080453,0.07823072352731282
1777970846.394038,0.20726460836821425,-0.06672078183747278,0.5354094686641591,1,36.42392158508301,36.62443161010742,-0.019735358525662522,0.10119527719080453,0.07823072352731282
1777970846.4461267,0.20726460836821425,-0.06672078183747278,0.5354094686641591,1,38.34891319274902,38.56229782104492,-0.019735358525662522,0.10119527719080453,0.07823072352731282
1777970846.4855988,0.20726460836821425,-0.06672078183747278,0.5354094686641591,1,27.715682983398438,27.982234954833984,-0.019735358525662522,0.10119527719080453,0.07823072352731282
1777970846.5330937,0.20726460836821425,-0.06672078183747278,0.5354094686641591,1,25.194644927978516,25.410890579223633,-0.019735358525662522,0.10119527719080453,0.07823072352731282
1777970846.5837944,0.20726460836821425,-0.06672078183747278,0.5354094686641591,1,25.83909034729004,26.03602409362793,-0.019735358525662522,0.10119527719080453,0.07823072352731282
1777970846.6482356,0.20726460836821425,-0.06672078183747278,0.5354094686641591,1,40.197134017944336,40.39812088012695,-0.019735358525662522,0.10119527719080453,0.07823072352731282
1777970846.6811385,0.20726460836821425,-0.06672078183747278,0.5354094686641591,1,22.905588150024414,23.134469985961914,-0.019735358525662522,0.10119527719080453,0.07823072352731282
1777970846.7341182,0.20726460836821425,-0.06672078183747278,0.5354094686641591,1,25.808095932006836,26.031017303466797,-0.019735358525662522,0.10119527719080453,0.07823072352731282
1777970846.7855272,0.20726460836821425,-0.06672078183747278,0.5354094686641591,1,26.97277069091797,27.196884155273438,-0.019735358525662522,0.10119527719080453,0.07823072352731282
1777970846.8349164,0.20726460836821425,-0.06672078183747278,0.5354094686641591,1,26.219844818115234,26.437044143676758,-0.019735358525662522,0.10119527719080453,0.07823072352731282
1777970846.8910463,0.20726460836821425,-0.06672078183747278,0.5354094686641591,1,32.08446502685547,32.25994110107422,-0.019735358525662522,0.10119527719080453,0.07823072352731282
1777970846.9558342,0.20726460836821425,-0.06672078183747278,0.5354094686641591,1,46.64731025695801,46.9508171081543,-0.019735358525662522,0.10119527719080453,0.07823072352731282
1777970846.9832244,0.20726460836821425,-0.06672078183747278,0.5354094686641591,1,24.042129516601562,24.287939071655273,-0.019735358525662522,0.10119527719080453,0.07823072352731282
1777970847.0320158,0.20726460836821425,-0.06672078183747278,0.5354094686641591,1,22.744417190551758,22.962570190429688,-0.019735358525662522,0.10119527719080453,0.07823072352731282
1777970847.091708,0.20726460836821425,-0.06672078183747278,0.5354094686641591,1,32.271385192871094,32.46355056762695,-0.019735358525662522,0.10119527719080453,0.07823072352731282
1777970847.1457703,0.20726460836821425,-0.06672078183747278,0.5354094686641591,1,36.09108924865723,36.298513412475586,-0.019735358525662522,0.10119527719080453,0.07823072352731282
1777970847.184161,0.20726460836821425,-0.06672078183747278,0.5354094686641591,1,24.37877655029297,24.638652801513672,-0.019735358525662522,0.10119527719080453,0.07823072352731282
1777970847.2338097,0.20726460836821425,-0.06672078183747278,0.5354094686641591,1,24.021625518798828,24.213075637817383,-0.019735358525662522,0.10119527719080453,0.07823072352731282
1777970847.2836058,0.20726460836821425,-0.06672078183747278,0.5354094686641591,1,23.69546890258789,23.874759674072266,-0.019735358525662522,0.10119527719080453,0.07823072352731282
1777970847.3363628,0.20726460836821425,-0.06672078183747278,0.5354094686641591,1,26.391029357910156,26.583433151245117,-0.019735358525662522,0.10119527719080453,0.07823072352731282
1777970847.386191,0.20726460836821425,-0.06672078183747278,0.5354094686641591,1,26.173114776611328,26.346683502197266,-0.019735358525662522,0.10119527719080453,0.07823072352731282
1777970847.4396243,0.20726460836821425,-0.06672078183747278,0.5354094686641591,1,29.506206512451172,29.715538024902344,-0.019735358525662522,0.10119527719080453,0.07823072352731282
1777970847.4876454,0.20726460836821425,-0.06672078183747278,0.5354094686641591,1,27.142763137817383,27.36067771911621,-0.019735358525662522,0.10119527719080453,0.07823072352731282
1777970847.5372403,0.20726460836821425,-0.06672078183747278,0.5354094686641591,1,26.598215103149414,26.791810989379883,-0.019735358525662522,0.10119527719080453,0.07823072352731282
1777970847.5863657,0.20726460836821425,-0.06672078183747278,0.5354094686641591,1,25.593996047973633,25.791168212890625,-0.019735358525662522,0.10119527719080453,0.07823072352731282
1777970847.6383893,0.20726460836821425,-0.06672078183747278,0.5354094686641591,1,27.530670166015625,27.71902084350586,-0.019735358525662522,0.10119527719080453,0.07823072352731282
1777970847.6872485,0.20726460836821425,-0.06672078183747278,0.5354094686641591,1,26.335477828979492,26.5500545501709,-0.019735358525662522,0.10119527719080453,0.07823072352731282
1777970847.7377973,0.20726460836821425,-0.06672078183747278,0.5354094686641591,1,26.862621307373047,27.040481567382812,-0.019735358525662522,0.10119527719080453,0.07823072352731282
1777970847.788837,0.20726460836821425,-0.06672078183747278,0.5354094686641591,1,27.806758880615234,28.00774574279785,-0.019735358525662522,0.10119527719080453,0.07823072352731282
1777970847.848071,0.20726460836821425,-0.06672078183747278,0.5354094686641591,1,36.6365909576416,36.85617446899414,-0.019735358525662522,0.10119527719080453,0.07823072352731282
1777970847.886824,0.20726460836821425,-0.06672078183747278,0.5354094686641591,1,25.159835815429688,25.32505989074707,-0.019735358525662522,0.10119527719080453,0.07823072352731282
1777970847.9420555,0.20726460836821425,-0.06672078183747278,0.5354094686641591,1,29.787540435791016,29.99567985534668,-0.019735358525662522,0.10119527719080453,0.07823072352731282
1777970847.99018,0.20726460836821425,-0.06672078183747278,0.5354094686641591,1,27.689218521118164,27.908802032470703,-0.019735358525662522,0.10119527719080453,0.07823072352731282
1777970848.033752,0.20726460836821425,-0.06672078183747278,0.5354094686641591,1,21.094322204589844,21.286725997924805,-0.019735358525662522,0.10119527719080453,0.07823072352731282
1777970848.077174,0.20726460836821425,-0.06672078183747278,0.5354094686641591,1,14.497518539428711,14.687061309814453,-0.019735358525662522,0.10119527719080453,0.07823072352731282
1777970848.1405203,0.20726460836821425,-0.06672078183747278,0.5354094686641591,1,27.667760848999023,27.84109115600586,-0.019735358525662522,0.10119527719080453,0.07823072352731282
1777970848.1862748,0.20726460836821425,-0.06672078183747278,0.5354094686641591,1,23.279190063476562,23.464441299438477,-0.019735358525662522,0.10119527719080453,0.07823072352731282
1777970848.243148,0.20726460836821425,-0.06672078183747278,0.5354094686641591,1,30.02142906188965,30.193805694580078,-0.019735358525662522,0.10119527719080453,0.07823072352731282
1777970848.288378,0.20726460836821425,-0.06672078183747278,0.5354094686641591,1,25.1615047454834,25.327205657958984,-0.019735358525662522,0.10119527719080453,0.07823072352731282
1777970848.3429966,0.20726460836821425,-0.06672078183747278,0.5354094686641591,1,28.7325382232666,28.994321823120117,-0.019735358525662522,0.10119527719080453,0.07823072352731282
1777970848.3939714,0.20726460836821425,-0.06672078183747278,0.5354094686641591,1,25.409460067749023,29.785633087158203,-0.019735358525662522,0.10119527719080453,0.07823072352731282
1777970848.4384875,0.20726460836821425,-0.06672078183747278,0.5354094686641591,1,23.218393325805664,23.417949676513672,-0.019735358525662522,0.10119527719080453,0.07823072352731282
1777970848.5034866,0.20726460836821425,-0.06672078183747278,0.5354094686641591,1,37.96076774597168,38.14339637756348,-0.019735358525662522,0.10119527719080453,0.07823072352731282
1777970848.5375798,0.20726460836821425,-0.06672078183747278,0.5354094686641591,1,21.89350128173828,22.104740142822266,-0.019735358525662522,0.10119527719080453,0.07823072352731282
1777970848.5936997,0.20726460836821425,-0.06672078183747278,0.5354094686641591,1,27.892351150512695,28.07140350341797,-0.019735358525662522,0.10119527719080453,0.07823072352731282
1777970848.6427531,0.20726460836821425,-0.06672078183747278,0.5354094686641591,1,25.48050880432129,25.70486068725586,-0.019735358525662522,0.10119527719080453,0.07823072352731282
1777970848.6935,0.20726460836821425,-0.06672078183747278,0.5354094686641591,1,26.227712631225586,26.379108428955078,-0.019735358525662522,0.10119527719080453,0.07823072352731282
1777970848.744819,0.20726460836821425,-0.06672078183747278,0.5354094686641591,1,27.19402313232422,27.388811111450195,-0.019735358525662522,0.10119527719080453,0.07823072352731282
1777970848.8006778,0.20726460836821425,-0.06672078183747278,0.5354094686641591,1,32.43112564086914,32.87196159362793,-0.019735358525662522,0.10119527719080453,0.07823072352731282
1777970848.8591406,0.20726460836821425,-0.06672078183747278,0.5354094686641591,1,40.94433784484863,41.24307632446289,-0.019735358525662522,0.10119527719080453,0.07823072352731282
1777970848.9003205,0.20726460836821425,-0.06672078183747278,0.5354094686641591,1,32.073259353637695,32.28163719177246,-0.019735358525662522,0.10119527719080453,0.07823072352731282
1777970848.942616,0.20726460836821425,-0.06672078183747278,0.5354094686641591,1,24.317502975463867,24.50108528137207,-0.019735358525662522,0.10119527719080453,0.07823072352731282
1777970848.9933193,0.20726460836821425,-0.06672078183747278,0.5354094686641591,1,24.953365325927734,25.12216567993164,-0.019735358525662522,0.10119527719080453,0.07823072352731282
1777970849.043449,0.20726460836821425,-0.06672078183747278,0.5354094686641591,1,25.020360946655273,25.181055068969727,-0.019735358525662522,0.10119527719080453,0.07823072352731282
1777970849.0906556,0.20726460836821425,-0.06672078183747278,0.5354094686641591,1,22.070646286010742,22.248268127441406,-0.019735358525662522,0.10119527719080453,0.07823072352731282
1777970849.1474936,0.20726460836821425,-0.06672078183747278,0.5354094686641591,1,28.654098510742188,28.87415885925293,-0.019735358525662522,0.10119527719080453,0.07823072352731282
1777970849.1928217,0.20726460836821425,-0.06672078183747278,0.5354094686641591,1,23.856163024902344,24.051189422607422,-0.019735358525662522,0.10119527719080453,0.07823072352731282
1777970849.2505834,0.20726460836821425,-0.06672078183747278,0.5354094686641591,1,31.308889389038086,31.534433364868164,-0.019735358525662522,0.10119527719080453,0.07823072352731282
1777970849.2990253,0.20726460836821425,-0.06672078183747278,0.5354094686641591,1,29.24323081970215,29.67667579650879,-0.019735358525662522,0.10119527719080453,0.07823072352731282
1777970849.3434243,0.20726460836821425,-0.06672078183747278,0.5354094686641591,1,23.769378662109375,23.926973342895508,-0.019735358525662522,0.10119527719080453,0.07823072352731282
1777970849.3949573,0.20726460836821425,-0.06672078183747278,0.5354094686641591,1,25.159597396850586,25.33745765686035,-0.019735358525662522,0.10119527719080453,0.07823072352731282
1777970849.4465208,0.20726460836821425,-0.06672078183747278,0.5354094686641591,1,26.61752700805664,26.821136474609375,-0.019735358525662522,0.10119527719080453,0.07823072352731282
1777970849.4964747,0.20726460836821425,-0.06672078183747278,0.5354094686641591,1,26.391267776489258,26.575326919555664,-0.019735358525662522,0.10119527719080453,0.07823072352731282
1777970849.5399113,0.20726460836821425,-0.06672078183747278,0.5354094686641591,1,19.784212112426758,19.952774047851562,-0.019735358525662522,0.10119527719080453,0.07823072352731282
1777970849.6081972,0.20726460836821425,-0.06672078183747278,0.5354094686641591,1,37.7497673034668,38.05065155029297,-0.019735358525662522,0.10119527719080453,0.07823072352731282
1777970849.6466715,0.20726460836821425,-0.06672078183747278,0.5354094686641591,1,26.265621185302734,26.463985443115234,-0.019735358525662522,0.10119527719080453,0.07823072352731282
1777970849.6920002,0.20726460836821425,-0.06672078183747278,0.5354094686641591,1,21.558761596679688,21.722078323364258,-0.019735358525662522,0.10119527719080453,0.07823072352731282
1777970849.7460828,0.20726460836821425,-0.06672078183747278,0.5354094686641591,1,25.562286376953125,25.728702545166016,-0.019735358525662522,0.10119527719080453,0.07823072352731282
1777970849.796549,0.20726460836821425,-0.06672078183747278,0.5354094686641591,1,25.839567184448242,25.986433029174805,-0.019735358525662522,0.10119527719080453,0.07823072352731282
