t,x,y,z,success,ik_ms,total_ms,dx,dy,dz
1777876583.150553,0.2004216880398686,-0.27779332199310436,0.5311769883723209,1,13.342618942260742,13.641595840454102,-0.015578311958674268,0.017433439997329853,0.0014426332992395138
1777876583.191818,0.19507204218385707,-0.2710009525353786,0.5307890793536073,1,4.716634750366211,4.899740219116211,-0.020927957814685788,0.024225809455055605,0.0010547242805259704
1777876583.2478275,0.1895027584765939,-0.2617665186827429,0.5295403699634997,1,10.592937469482422,10.848760604858398,-0.02649724152194896,0.03346024330769126,-0.00019398510958162224
1777876583.2951663,0.1890190253159346,-0.25819191724020035,0.5296384755309008,1,7.651090621948242,8.006095886230469,-0.02698097468260827,0.03703484475023382,-9.587954218046035e-05
1777876583.3493521,0.1901980353436766,-0.2575519967982451,0.5297278152464265,1,11.797904968261719,11.986732482910156,-0.025801964654866266,0.03767476519218911,-6.539826654772263e-06
1777876583.4048722,0.19311648844232335,-0.25800928535322,0.5299391198737009,1,17.070293426513672,17.386674880981445,-0.022883511556219517,0.037217476637214184,0.00020476480061953906
1777876583.4524014,0.19461043132387917,-0.2585998611132951,0.5304573172596933,1,14.553546905517578,14.858245849609375,-0.021389568674663673,0.0366269008771391,0.0007229621866119765
1777876583.5009499,0.19498604200881312,-0.258636679948115,0.5305652753179095,1,13.040781021118164,13.29350471496582,-0.02101395798972974,0.036590082042319144,0.0008309202448281844
1777876583.5534508,0.19535748723000346,-0.2587531718038544,0.5307180723998501,1,15.510082244873047,15.74254035949707,-0.020642512768539394,0.03647359018657978,0.0009837173267688779
1777876583.5996258,0.19551886221206458,-0.25891406162263864,0.5305071089513818,1,11.591672897338867,11.862993240356445,-0.02048113778647829,0.03631270036779555,0.0007727538783005028
1777876583.6514528,0.19540293626402794,-0.2588457708647142,0.5303425809360628,1,13.280153274536133,13.594865798950195,-0.02059706373451492,0.036380991125719964,0.0006082258629814749
1777876583.6934319,0.19516469293464578,-0.25872706999548023,0.5300170018385284,1,5.242347717285156,5.475044250488281,-0.02083530706389707,0.03649969199495395,0.0002826467654471129
1777876583.7496567,0.19492643292779377,-0.25860245951723626,0.5297624848530352,1,11.335372924804688,11.632204055786133,-0.02107356707074908,0.03662430247319792,2.8129779953887935e-05
1777876583.7992127,0.1949125494307211,-0.2586211108707535,0.5296072731713163,1,9.452581405639648,9.708404541015625,-0.021087450567821762,0.03660565111968067,-0.00012708190176500406
1777876583.8618798,0.19512806532919297,-0.25895406879203264,0.5292976602516337,1,20.563125610351562,22.280216217041016,-0.02087193466934989,0.03627269319840157,-0.00043669482144762656
1777876583.8977592,0.19515740029244652,-0.25924504249030367,0.529187847461245,1,7.239580154418945,7.494211196899414,-0.020842599706096344,0.03598171950013053,-0.0005465076118363194
1777876583.9515293,0.195087251898135,-0.25934878469892597,0.5291643527785912,1,10.823726654052734,11.161327362060547,-0.020912748100407864,0.03587797729150821,-0.0005700022944901545
1777876584.0063436,0.1946418293809817,-0.2594215877442948,0.5291565570597832,1,15.537738800048828,15.82026481628418,-0.021358170617561158,0.03580517424613938,-0.0005777980132981586
1777876584.0512135,0.19423300674715477,-0.25950656194940713,0.529062185693808,1,10.207653045654297,10.450601577758789,-0.02176699325138808,0.035720200041027064,-0.0006721693792733352
1777876584.0995505,0.19389793573841294,-0.2596504707817924,0.5288816014426319,1,7.559776306152344,7.754325866699219,-0.02210206426012993,0.035576291208641794,-0.0008527536304494404
1777876584.1463618,0.19373662740096861,-0.2597134269921166,0.5287753448594934,1,4.080295562744141,4.306793212890625,-0.022263372597574244,0.03551333499831759,-0.0009590102135879144
1777876584.2010107,0.19340149331317646,-0.25973281863242503,0.5285539816085091,1,8.593082427978516,8.854150772094727,-0.022598506685366407,0.03549394335800915,-0.0011803734645721847
1777876584.2516944,0.19310166612920915,-0.2595817914094414,0.5283318159369673,1,9.2620849609375,9.464502334594727,-0.02289833386933371,0.035644970580992835,-0.0014025391361139616
1777876584.303404,0.19299432118150733,-0.259532076749186,0.5282321619606697,1,10.691642761230469,10.982990264892578,-0.02300567881703551,0.03569468524124822,-0.0015021931124116414
1777876584.354658,0.19292687315107962,-0.25949169167655306,0.5281245497599518,1,11.208772659301758,12.06827163696289,-0.023073126847463245,0.035735070313881095,-0.001609805313129431
1777876585.764173,0.20315118849528255,-0.2827144773622336,0.5297855647084457,1,13.87929916381836,14.259815216064453,0.00946586080475136,-0.023091484328920317,0.0019366024355968597
1777876585.8127122,0.20869181142403045,-0.290548318275622,0.5320508593958809,1,12.166500091552734,12.502431869506836,0.015006483733499268,-0.030925325242308732,0.004201897123032136
1777876585.8628347,0.21199660426468198,-0.29455274092639955,0.5336656862102106,1,12.118816375732422,12.453079223632812,0.018311276574150798,-0.03492974789308627,0.005816723937361774
1777876585.9046302,0.21970509313047268,-0.3029139851562088,0.5378021695898778,1,3.993511199951172,4.1980743408203125,0.026019765439941493,-0.04329099212289554,0.00995320731702902
1777876585.964535,0.2288330598758746,-0.31144415590864855,0.5429827020777815,1,12.833118438720703,13.176202774047852,0.035147732185343436,-0.051821162875335294,0.015133739804932662
1777876586.0155706,0.23431409436095665,-0.3160410294877632,0.5459282063054318,1,13.882160186767578,14.11128044128418,0.04062876667042547,-0.05641803645444991,0.018079244032582955
1777876586.056781,0.24499647480551626,-0.32435738740328107,0.5524374245358965,1,4.935979843139648,5.124092102050781,0.051311147114985085,-0.06473439436996782,0.024588462263047717
1777876586.1121044,0.2554640623958873,-0.3314316237836558,0.5589469450442222,1,10.117530822753906,10.373353958129883,0.06177873470535614,-0.07180863075034254,0.031097982771373378
1777876586.1640804,0.26092281042396176,-0.334559274048565,0.5621624669000479,1,11.932849884033203,12.25137710571289,0.0672374827334306,-0.07493628101525175,0.034313504627199065
1777876586.2129967,0.271107348605685,-0.33941037684295,0.5676452910231339,1,10.378122329711914,10.661125183105469,0.07742202091515377,-0.07978738380963675,0.03979632875028504
1777876586.307407,0.2758304516768372,-0.34091140200507386,0.5699946170020048,1,54.68630790710449,54.91280555725098,0.08214512398630601,-0.08128840897176061,0.04214565472915595
1777876586.3463523,0.2839178155841455,-0.34115985486885003,0.5745164229142189,1,38.50150108337402,38.706064224243164,0.09023248789361436,-0.08153686183553678,0.046667460641370014
1777876586.4115243,0.29092104142279074,-0.3380905837774531,0.5781559280182559,1,53.4365177154541,53.65872383117676,0.09723571373225955,-0.07846759074413985,0.0503069657454071
1777876586.4678185,0.2969077664459491,-0.33287623078935746,0.5810788264677764,1,55.65810203552246,55.86409568786621,0.1032224387554179,-0.07325323775604418,0.05322986419492764
1777876586.5014114,0.299874324084926,-0.32936800649221887,0.5824886443512995,1,33.074378967285156,33.29133987426758,0.10618899639439479,-0.06974501345890562,0.054639682078450755
1777876586.5551136,0.3,-0.3164155488927991,0.5856598268006171,1,32.70602226257324,32.90224075317383,0.1147067190414169,-0.056792555859485824,0.057810864527768256
1777876586.6032748,0.3,-0.3114992586854498,0.5864773613054142,1,30.740976333618164,30.956745147705078,0.11731443455287024,-0.05187626565213656,0.05862839903256537
1777876586.653641,0.3,-0.30147158370293475,0.5881227761378828,1,31.01634979248047,31.243562698364258,0.12187514170547296,-0.0418485906696215,0.06027381386503393
1777876586.7028182,0.3,-0.29149595868768174,0.589659122438936,1,30.032873153686523,30.253887176513672,0.12529869227710283,-0.031872965654368465,0.06181016016608721
1777876586.7535539,0.3,-0.2864234168329972,0.5904407779875724,1,30.682086944580078,30.912160873413086,0.12650668632361184,-0.026800423799683934,0.06259181571472357
1777876586.8046215,0.3,-0.2757409322268495,0.5914489425831468,1,31.685352325439453,31.91351890563965,0.12809814492946925,-0.016117939193536185,0.06359998031029805
1777876586.8542466,0.3,-0.2652326461258213,0.5920872839310214,1,31.24094009399414,31.47292137145996,0.12828190311551863,-0.005609653092508077,0.06423832165817256
1777876586.9044728,0.3,-0.26007481579642,0.592251907726574,1,31.388521194458008,31.62074089050293,0.1278724709238801,-0.0004518227631067212,0.06440294545372513
1777876586.9534183,0.3,-0.2509011982380661,0.592338011015329,1,30.23695945739746,30.47490119934082,0.1261355842347792,0.008721794795247165,0.0644890487424802
1777876587.0034554,0.3,-0.24226797428745372,0.591923017000674,1,30.187368392944336,30.42149543762207,0.12270166387481556,0.017355018745859527,0.0640740547278251
1777876587.0681825,0.3,-0.2382832553841021,0.591390518034944,1,44.88325119018555,45.08829116821289,0.12029860449238815,0.02133973764921114,0.06354155576209516
1777876587.106148,0.3,-0.23113903687356557,0.5897985183135732,1,32.74703025817871,32.95564651489258,0.1137780608589916,0.028483956159747678,0.06194955604072444
1777876587.167303,0.29916671650374327,-0.22573350495452382,0.5874567586545572,1,43.59602928161621,43.81108283996582,0.10548138881321212,0.033889488078789436,0.05960779638170838
1777876587.1781287,0.29451799772200715,-0.22362010085665204,0.5860472895251204,1,4.178762435913086,4.399299621582031,0.10083267003147597,0.03600289217666122,0.058198327252271614
1777876587.232091,0.2843414556602773,-0.22057840653042268,0.5824606251495664,1,7.60960578918457,7.849693298339844,0.0906561279697461,0.03904458650289058,0.05461166287671762
1777876587.2849226,0.2735479852279525,-0.21962189156722717,0.5783748127700705,1,9.925365447998047,10.197877883911133,0.07986265753742129,0.04000110146608611,0.05052585049722168
1777876587.3416562,0.2674633108234043,-0.21992916271457705,0.5760538445457823,1,15.620708465576172,16.01099967956543,0.07377798313287312,0.03969383031873622,0.04820488227293353
1777876587.3903987,0.2501444276348946,-0.22024831644026938,0.5699259670843491,1,13.11635971069336,13.417482376098633,0.056459099944363385,0.039374676593043896,0.04207700481150028
1777876587.4409924,0.23358115315112044,-0.22206319283048004,0.5635884331466006,1,13.197183609008789,13.529062271118164,0.03989582546058926,0.03755980020283321,0.03573947087375178
1777876587.4906142,0.2262356338951073,-0.22351504375071993,0.5605352457228712,1,12.292146682739258,12.5732421875,0.03255030620457613,0.03610794928259334,0.03268628345002238
1777876587.5339332,0.21225827501588007,-0.22697275737555955,0.5543687311080869,1,5.417823791503906,5.6362152099609375,0.018572947325348886,0.0326502356577537,0.026519768835238076
1777876587.5831106,0.1983072798943866,-0.2312684739586461,0.5482196354064246,1,4.36854362487793,4.59742546081543,0.00462195220385541,0.028354519074667156,0.0203706731335758
1777876587.6426368,0.18448217591527336,-0.2360575107029056,0.5427098854527292,1,12.51220703125,12.817859649658203,-0.009203151775257835,0.023565482330407672,0.014860923179880366
1777876587.6906626,0.17808007608149698,-0.23832539274968711,0.5401506983038504,1,10.521173477172852,10.738372802734375,-0.015605251609034197,0.021297600283626136,0.012301736031001577
1777876587.7429633,0.16613891513253853,-0.24315477227394144,0.5353470770877761,1,12.577056884765625,12.920141220092773,-0.02754641255799266,0.016468220759371807,0.007498114814927216
1777876587.7952542,0.15672570086386664,-0.24837493243508516,0.5317259812690704,1,14.688968658447266,14.964818954467773,-0.03695962682666453,0.01124806059822811,0.0038770189962216567
1777876587.846599,0.15327179128939977,-0.2508374270736631,0.5303293908723647,1,15.77901840209961,16.102313995361328,-0.0404135364011314,0.008785565959650174,0.0024804285995158742
1777876587.9282389,0.14837653937220718,-0.25621405838457423,0.5287416030925912,1,47.50871658325195,47.740936279296875,-0.04530878831832401,0.003408934648739051,0.0008926408197423644
1777876587.9707062,0.1462301620551291,-0.2632246984087476,0.5285869206460894,1,39.542436599731445,39.78443145751953,-0.04745516563540208,-0.003601705375434333,0.0007379583732404979
1777876588.0320957,0.14635464735292208,-0.26767907033330857,0.5289093120340764,1,50.872087478637695,51.07307434082031,-0.04733068033760911,-0.008056077299995287,0.0010603497612275761
1777876588.0894127,0.14825182325379452,-0.2777513131468217,0.5302225811159275,1,57.025909423828125,57.244300842285156,-0.04543350443673666,-0.01812832011350847,0.0023736188430786564
1777876588.1379693,0.14981919265174676,-0.28344128974687344,0.531251173972237,1,47.303199768066406,47.51396179199219,-0.043866135038784435,-0.023818296713560172,0.0034022116993881676
1777876588.1768482,0.15634436610183178,-0.2997148665017693,0.5348502193989784,1,36.16023063659668,36.37957572937012,-0.03734096158869941,-0.04009187346845604,0.0070012571261294995
1777876588.2239463,0.15941579526086047,-0.3050397050463365,0.5362442892922213,1,33.113956451416016,33.36453437805176,-0.034269532429670714,-0.04541671201302323,0.008395327019372546
1777876588.274431,0.1680382493565851,-0.3168407708517528,0.5394859101172211,1,33.60104560852051,33.83898735046387,-0.025647078333946083,-0.05721777781843952,0.011636947844372324
1777876588.3239639,0.17333783251644283,-0.3230904796971882,0.5411546309984248,1,33.06007385253906,33.28847885131836,-0.02034749517408834,-0.06346748666387493,0.013305668725575953
1777876588.3746533,0.1855185266199639,-0.3361731634654422,0.5451103754291035,1,33.66231918334961,33.90789031982422,-0.008166801070567276,-0.07655017043212893,0.01726141315625462
1777876588.395872,0.19827385748581672,-0.34840127034607665,0.5496571438337315,1,4.774808883666992,4.973173141479492,0.0045885297952855345,-0.0887782773127634,0.021808181560882687
1777876588.4456809,0.2048099489720291,-0.35368792090336154,0.5519270543088619,1,4.49371337890625,4.706621170043945,0.011124621281497915,-0.09406492787004829,0.024078092036013035
1777876588.4960701,0.2182160323365249,-0.3624753807037059,0.5573317718461807,1,4.797220230102539,5.030632019042969,0.02453070464599371,-0.10285238767039263,0.029482809573331818
1777876588.5520473,0.23118995898193628,-0.3670416208360673,0.5627462991202998,1,10.384082794189453,10.775327682495117,0.0375046312914051,-0.10741862780275403,0.034897336847450944
1777876588.6046746,0.2369964124053234,-0.367343296448487,0.5657062485612565,1,12.807607650756836,13.028621673583984,0.04331108471479223,-0.10772030341517376,0.03785728628840769
1777876588.6524186,0.24953978733848153,-0.3676678233474761,0.5704529986133932,1,10.444402694702148,10.702371597290039,0.05585445964795036,-0.10804483031416286,0.04260403634054431
1777876588.7052674,0.2614611502202504,-0.36637975789562016,0.5743523559950825,1,13.203620910644531,13.472318649291992,0.0677758225297192,-0.10675676486230691,0.04650339372223372
1777876588.7825212,0.2668035107412389,-0.3647538817259764,0.5760052467778642,1,40.453433990478516,40.666818618774414,0.07311818305070773,-0.10513088869266314,0.04815628450501541
1777876588.8226628,0.27557216618624514,-0.3599766748004171,0.5793922600885779,1,30.5020809173584,30.742883682250977,0.08188683849571396,-0.10035368176710387,0.0515432978157291
1777876588.9135802,0.2817726873408396,-0.3535410200977224,0.5826233875546785,1,71.31600379943848,71.53487205505371,0.08808735965030841,-0.09391802706440915,0.05477442528182966
1777876588.9542167,0.28685569599320077,-0.34516016066368643,0.5856548421229706,1,40.30942916870117,40.55595397949219,0.0931703683026696,-0.08553716763037318,0.05780587985012177
1777876589.0091405,0.2916474331034191,-0.3348332427557534,0.588246321949951,1,43.04766654968262,43.270111083984375,0.09796210541288793,-0.07521024972244013,0.06039735967710215
1777876589.0498543,0.29637468588766697,-0.3230689865886515,0.5903003393044619,1,33.617496490478516,33.8592529296875,0.10268935819713577,-0.06344599355533827,0.06245137703161309
1777876589.1298823,0.29852318053685956,-0.3168725614780417,0.591197726187441,1,62.503814697265625,62.71195411682129,0.10483785284632839,-0.05724956844472846,0.06334876391459225
1777876589.164536,0.2967927252216529,-0.30428559822909146,0.5927911035852167,1,33.74361991882324,33.94746780395508,0.1031073975311217,-0.04466260519577821,0.06494214131236783
1777876589.2115295,0.295449473090038,-0.2912176777616908,0.5940162048098894,1,30.64870834350586,30.872821807861328,0.1017641453995068,-0.031594684728377495,0.0661672425370406
1777876589.2349703,0.29418836354858485,-0.27762401189930214,0.5946795928903644,1,4.000663757324219,4.197835922241211,0.10050303585805369,-0.018001018865988885,0.06683063061751557
1777876589.2882524,0.2916259511960585,-0.26513528655911844,0.5951487827907764,1,7.259607315063477,7.496356964111328,0.09794062350552735,-0.005512293525805206,0.06729982051792754
1777876589.3403878,0.2895398590265644,-0.2591509645389983,0.5954536137423123,1,9.214639663696289,9.492158889770508,0.09585453133603321,0.00047202849431499105,0.06760465146946353
1777876589.3929598,0.2904369496156257,-0.2522137810991877,0.5955823688463602,1,11.303901672363281,11.536359786987305,0.09675162192509452,0.0074092119341255674,0.06773340657351132
1777876589.4476485,0.2893880193549861,-0.24901971071802564,0.5955348847068331,1,15.667915344238281,16.025304794311523,0.09570269166445491,0.010603282315287621,0.06768592243398432
1777876589.494463,0.2830309156073396,-0.2423674691328968,0.5943107450547668,1,12.32600212097168,12.604951858520508,0.08934558791680842,0.017255523900416445,0.0664617827819179
1777876589.5432374,0.27145116011527065,-0.23657312819843063,0.5921278378783001,1,10.96963882446289,11.296510696411133,0.07776583242473946,0.02304986483488264,0.06427887560545129
1777876589.5962558,0.2587406553183552,-0.23349973358394274,0.5882273112173305,1,13.691186904907227,13.955831527709961,0.06505532762782404,0.026123259449370523,0.06037834894448164
1777876589.636539,0.251031003086996,-0.2322874825117443,0.5858859670631303,1,3.993511199951172,4.183769226074219,0.05734567539646481,0.027335510521568962,0.05803700479028151
1777876589.6898577,0.2346008231354278,-0.23255562120890538,0.5800861098960034,1,7.229804992675781,7.433414459228516,0.0409154954448966,0.027067371824407896,0.05223714762315461
1777876589.7367127,0.22746243000847627,-0.2345464872304001,0.5770337657051151,1,4.004716873168945,4.219293594360352,0.0337771023179451,0.025076505802913138,0.04918480343226624
1777876589.7986877,0.21023966344396858,-0.23895710366317446,0.5701691317610476,1,15.711784362792969,16.04437828063965,0.0165543357534374,0.020665889370138815,0.042320169488198715
1777876589.8440516,0.1939475335630715,-0.244044630896653,0.5638342047062833,1,10.980367660522461,11.250734329223633,0.00026220587254032184,0.015578362136660279,0.03598524243343444
1777876589.8961515,0.18089406707314634,-0.25034843762990355,0.556932372438681,1,12.950897216796875,13.284444808959961,-0.012791260617384835,0.009274555403409712,0.029083410165832116
1777876589.9477184,0.17546173817401423,-0.2535145554062126,0.5534420898218045,1,14.358043670654297,14.696359634399414,-0.01822358951651694,0.006108437627100671,0.025593127548955704
1777876589.9908266,0.16397784937922136,-0.2592812028437671,0.5463893774146853,1,7.474422454833984,7.721900939941406,-0.029707478311309828,0.00034179018954615115,0.018540415141836512
1777876590.080204,0.15422803568461116,-0.26533139176295595,0.539779200064537,1,46.79512977600098,47.01995849609375,-0.03945729200592002,-0.005708398729642655,0.011930237791688163
1777876590.1133912,0.1501936678708704,-0.26863992965230066,0.5367582882932436,1,29.955148696899414,30.173540115356445,-0.043491659819660765,-0.009016936618987378,0.008909326020394764
1777876590.1697137,0.14424072834078663,-0.2754123005260785,0.5320627816052786,1,35.31789779663086,35.54987907409668,-0.049444599349744545,-0.01578930749276526,0.004213819332429779
1777876590.2164073,0.14039170733648743,-0.2824305324555658,0.5294124810557367,1,31.297922134399414,31.505107879638672,-0.05329362035404376,-0.02280753942225254,0.0015635187828878447
1777876590.2672286,0.13915330350192107,-0.2857955633907134,0.5286720306774698,1,30.730485916137695,30.950069427490234,-0.05453202418861011,-0.026172570357400102,0.0008230684046210135
1777876590.3183613,0.13840768869936432,-0.2931102665409419,0.528556285689428,1,31.748533248901367,31.97336196899414,-0.055277638991166854,-0.03348727350762863,0.0007073234165791559
1777876590.3678591,0.14032005864757394,-0.3013394812741297,0.5296828332680947,1,31.18300437927246,31.39209747314453,-0.053365269042957235,-0.041716488240816404,0.0018338709952459356
1777876590.4306,0.14245732453860088,-0.30571746483999634,0.5306135967251028,1,42.83905029296875,43.07413101196289,-0.051228003151930296,-0.046094471806683066,0.00276463445225391
1777876590.4742126,0.14908007459858894,-0.3164440614487383,0.531847272890093,1,36.251068115234375,36.585092544555664,-0.04460525309194224,-0.05682106841542507,0.003998310617244191
1777876590.518869,0.15937043525590028,-0.3277675163428123,0.5331010004829587,1,30.895709991455078,31.119823455810547,-0.034314892434630914,-0.06814452330949904,0.005252038210109937
1777876590.5689483,0.1657370115934922,-0.3336092966098304,0.534294804539129,1,30.864953994750977,31.099557876586914,-0.027948316097038975,-0.07398630357651716,0.006445842266280248
1777876590.6184387,0.1804303070848643,-0.34504191946885565,0.536798980487492,1,30.3347110748291,30.568361282348633,-0.013255020605666877,-0.08541892643554237,0.008950018214643106
1777876590.6424687,0.19475949737432988,-0.354735005338287,0.5414869619749113,1,4.302740097045898,4.502058029174805,0.001074169683798705,-0.09511201230497372,0.013637999702062482
1777876590.7029073,0.20175438036195786,-0.3583761417754467,0.5442435642744569,1,14.554023742675781,14.861345291137695,0.008069052671426697,-0.09875314874213344,0.016394602001608076
1777876590.7502625,0.2165657240968044,-0.36395538682222794,0.5506570002357751,1,11.467933654785156,11.681795120239258,0.02288039640627322,-0.10433239378891469,0.022808037962926277
1777876590.8030732,0.23220939628307657,-0.36799927092509976,0.5578326423087835,1,14.070510864257812,14.389276504516602,0.0385240685925454,-0.10837627789178648,0.02998368003593462
1777876590.8520463,0.24640445711649062,-0.36956713404148006,0.5652738164595109,1,12.679576873779297,13.011455535888672,0.05271912942595943,-0.10994414100816681,0.037424854186662124
1777876590.9017868,0.25328330963203,-0.3694613984125389,0.5682910143888453,1,12.197017669677734,12.567758560180664,0.0595979819414988,-0.10983840537922561,0.040442052115996496
1777876590.9883354,0.26550928770693905,-0.3672727811989425,0.5724151111194906,1,48.83861541748047,49.053192138671875,0.0718239600164079,-0.10764978816562927,0.04456614884664174
1777876591.0212698,0.2706601925655143,-0.36515113778827946,0.5741594257162361,1,31.263113021850586,31.48198127746582,0.07697486487498317,-0.1055281447549662,0.04631046344338727
1777876591.070261,0.2788112646554587,-0.35845839108573685,0.5776985217370186,1,30.162572860717773,30.385494232177734,0.08512593696492753,-0.09883539805242357,0.049849559464169794
1777876591.125505,0.28214644326110405,-0.3538396997754891,0.5794130415561802,1,35.13479232788086,35.34674644470215,0.08846111557057286,-0.09421670674217585,0.05156407928333144
1777876591.1766794,0.29044908459716084,-0.3367482839439919,0.5836093864098406,1,36.11445426940918,36.33260726928711,0.09676375690662965,-0.07712529091067867,0.055760424136991824
1777876591.221592,0.2927004569014196,-0.33074505763296425,0.5849644403558127,1,30.859947204589844,31.08692169189453,0.09901512921088844,-0.071122064599651,0.057115478082963876
1777876591.2712793,0.2964136327806559,-0.31801236738327965,0.5877451583577139,1,30.506134033203125,30.739307403564453,0.10272830509012475,-0.05838937434996637,0.05989619608486509
1777876591.3214962,0.2976642283148275,-0.3120636773497629,0.5889839408300546,1,30.64870834350586,30.869483947753906,0.10397890062429628,-0.052440684316449646,0.06113497855720568
1777876591.3734393,0.2989565968178,-0.3011501944507447,0.5912853788630621,1,32.45902061462402,32.69362449645996,0.10527126912726882,-0.04152720141743142,0.06343641659021321
1777876591.4255471,0.29896809147262776,-0.2886588411558275,0.5929215144973543,1,34.47365760803223,34.70015525817871,0.1052827637820966,-0.02903584812251425,0.06507255222450543
1777876591.4758234,0.29761220246399744,-0.27639856398629226,0.5936131329872166,1,34.706830978393555,34.934043884277344,0.10392687477346625,-0.016775570952979005,0.06576417071436783
1777876591.5425503,0.29629816658694924,-0.27027657656814696,0.593586593159721,1,50.70376396179199,50.98104476928711,0.10261283889641805,-0.010653583534833713,0.06573763088687212
1777876591.551406,0.29202865297417646,-0.2584706317868205,0.5926608990395091,1,8.57686996459961,8.75401496887207,0.0983433252836453,0.0011523612464927752,0.0648119367666603
1777876591.6025605,0.2891417516718605,-0.25323751782074994,0.5917885310932546,1,9.557485580444336,9.787321090698242,0.09545642398132931,0.006385475212563316,0.06393956882040577
1777876591.6486099,0.28067697303983236,-0.24359343309559067,0.5895118131262413,1,5.586147308349609,5.782604217529297,0.08699164534930119,0.016029559937722593,0.061662850853392494
1777876591.7006686,0.2710730865457205,-0.23847438968101364,0.586452505942825,1,7.201910018920898,7.49516487121582,0.07738775885518928,0.021148603352299636,0.05860354366997625
1777876591.748713,0.26021416870062597,-0.23585229097181132,0.5829287919501728,1,4.84466552734375,5.087137222290039,0.06652884101009478,0.02377070206150196,0.055079829677323985
1777876591.8041,0.25412574765614926,-0.23523718919126674,0.5811796435466848,1,9.63282585144043,9.874343872070312,0.060440419965618074,0.02438580384204654,0.053330681273836
1777876591.8568234,0.23973137069900444,-0.23472099311979655,0.5770429490978519,1,12.12310791015625,12.420177459716797,0.04604604300847325,0.0249019999135167,0.04919398682500309
1777876591.9023726,0.22439200603309234,-0.23698451484045469,0.5727785552706068,1,6.7424774169921875,6.988525390625,0.030706678342561147,0.022638478192858566,0.04492959299775805
1777876591.9540784,0.21686905867011771,-0.23868157375579352,0.5707372274249652,1,8.443117141723633,8.645057678222656,0.023183730979586537,0.02094141927751976,0.04288826515211645
1777876592.0090828,0.2012948457774485,-0.24403185557894963,0.5668527260546933,1,13.22031021118164,13.47494125366211,0.007609518086917313,0.015591137454363621,0.03900376378184442
1777876592.0535069,0.18939740301827196,-0.25215517965097956,0.5626657288851449,1,7.571697235107422,7.826328277587891,-0.004287924672259233,0.00746781338233371,0.03481676661229609
1777876592.1005728,0.18289023050928954,-0.2564587282729573,0.5603562346545188,1,4.590034484863281,4.774570465087891,-0.010795097181241645,0.0031642647603559587,0.032507272381669894
1777876592.1610389,0.16995754112370992,-0.2653401633961754,0.5553969931232765,1,14.689445495605469,14.983654022216797,-0.02372778656682127,-0.005717170362862109,0.027548030850427726
1777876592.250613,0.15844562270353485,-0.27485500881600267,0.5499764456034715,1,54.16607856750488,54.42500114440918,-0.03523970498699633,-0.015232015782689415,0.022127483330622647
1777876592.2978687,0.15317428876729697,-0.280036873422753,0.5473206778243775,1,46.881914138793945,47.15085029602051,-0.04051103892323421,-0.020413880389439767,0.019471715551528705
1777876592.3483973,0.14843263487596559,-0.2850823923344572,0.5447768828925569,1,46.622276306152344,46.889305114746094,-0.045252692814565586,-0.025459399301143923,0.016927920619708006
1777876592.402493,0.13693900258595565,-0.2990511105299355,0.5383876852927801,1,50.710439682006836,50.91047286987305,-0.05674632510457552,-0.039428117496622214,0.010538723019931348
1777876592.4534822,0.13121344399980195,-0.30750781742787997,0.5360318627279324,1,49.783945083618164,50.02188682556152,-0.062471883690729216,-0.04788482439456669,0.008182900455083499
1777876592.4995666,0.12933265518653297,-0.3114140772593108,0.5355518150154015,1,45.725107192993164,45.975446701049805,-0.0643526725039982,-0.051791084225997555,0.0077028527425526405
1777876592.550955,0.12770690892192227,-0.31928008027914295,0.5358991531239794,1,46.7984676361084,47.034263610839844,-0.06597841876860891,-0.0596570872458297,0.008050190851130602
1777876592.617289,0.12998495667559248,-0.32832526828051317,0.5375739826790535,1,62.534332275390625,62.74890899658203,-0.0637003710149387,-0.06870227524719989,0.009725020406204668
1777876592.6590989,0.13680665126328062,-0.3385724531750694,0.540784090853001,1,41.52202606201172,41.71872138977051,-0.05687867642725055,-0.07894946014175615,0.01293512858015219
1777876592.6985161,0.14233770031315957,-0.34426783075497647,0.5433840171450971,1,30.686616897583008,30.918359756469727,-0.05134762737737162,-0.08464483772166322,0.015535054872248301
1777876592.748815,0.1564065036446139,-0.35736934881081517,0.5501010460774691,1,30.947208404541016,31.161785125732422,-0.03727882404591728,-0.09774635577750192,0.022252083804620338
1777876592.799115,0.17318677600602495,-0.3700075469668157,0.5576176320299536,1,31.154870986938477,31.381845474243164,-0.02049855168450622,-0.11038455393350245,0.02976866975710474
1777876592.8556147,0.1818074274869726,-0.3759914077245113,0.5616768419526259,1,37.58645057678223,37.82463073730469,-0.01187790020355859,-0.11636841469119803,0.03382787967977708
1777876592.898448,0.19896845245818923,-0.38626384414649984,0.5691808682827555,1,30.351638793945312,30.58457374572754,0.005283124767658059,-0.12664085111318657,0.04133190600990668
1777876592.9234996,0.21529804324196933,-0.39284904861925296,0.5760404512953785,1,5.319356918334961,5.566596984863281,0.021612715551438157,-0.1332260555859397,0.04819148902252972
1777876592.9825592,0.22386254099027109,-0.3946085491773406,0.5785841299007138,1,14.180660247802734,14.518260955810547,0.0301772132997399,-0.13498555614402735,0.05073516762786505
1777876593.0308893,0.23990848481658542,-0.39562576903111174,0.5829550145273519,1,12.558937072753906,12.794971466064453,0.046223157126054244,-0.13600277599779848,0.05510605225450299
1777876593.103887,0.2550423623508615,-0.3928206264773966,0.5873670226193687,1,35.48264503479004,35.7053279876709,0.06135703466033029,-0.1331976334440833,0.05951806034651982
1777876593.1490316,0.2614507419492089,-0.38932835482267064,0.5897964957038893,1,30.556440353393555,30.790090560913086,0.06776541425867776,-0.12970536178935738,0.06194753343104039
1777876593.2377417,0.27377499303469804,-0.37904382411548826,0.5940255418399897,1,69.17047500610352,69.41485404968262,0.08008966534416687,-0.11942083108217501,0.06617657956714085
1777876593.2710698,0.2845439157169827,-0.3664668897004154,0.59758985934243,1,33.019304275512695,33.225059509277344,0.0908585880264515,-0.10684389666710216,0.06974089706958114
1777876593.3224,0.2934109842206727,-0.35263693730310924,0.6005041116840562,1,34.03043746948242,34.281253814697266,0.09972565653014148,-0.09301394426979599,0.07265514941120736
1777876593.3980222,0.3,-0.3385394974442542,0.603126240403058,1,59.53717231750488,59.78536605834961,0.10664849754878701,-0.07891650441094096,0.07527727813020915
1777876593.4323056,0.3,-0.33147416899492477,0.6043817399732335,1,33.71071815490723,33.95342826843262,0.10938883183181375,-0.07185117596161152,0.07653277770038468
1777876593.4804876,0.3,-0.31736635260770746,0.6063353372759235,1,31.764745712280273,32.010555267333984,0.11382986758038946,-0.05774335957439418,0.07848637500307461
1777876593.5297537,0.3,-0.30453665940654046,0.6073570291177868,1,30.95221519470215,31.200647354125977,0.11706773587554657,-0.044913666373227204,0.07950806684493791
1777876593.5796156,0.3,-0.29165763679059953,0.6075892210422877,1,30.770301818847656,31.006336212158203,0.11934133973500548,-0.03203464375728629,0.07974025876943894
1777876593.6298623,0.3,-0.285339673822261,0.6073795586055425,1,30.950069427490234,31.177520751953125,0.12028595743087618,-0.025716680788947704,0.07953059633269369
1777876593.6808662,0.3,-0.27289673589295244,0.6069594104666195,1,31.886816024780273,32.11236000061035,0.12139736833711771,-0.013273742859639157,0.07911044819377067
1777876593.7302742,0.3,-0.26146069220169477,0.6070804207547086,1,31.220674514770508,31.453371047973633,0.12072931716859579,-0.0018376991683814736,0.07923145848185972
1777876593.7801566,0.3,-0.25559408468222256,0.6068648281675333,1,31.001567840576172,31.24380111694336,0.11940515720701354,0.004028908351090724,0.07901586589468447
1777876593.830173,0.3,-0.24555622018960965,0.6057520054707215,1,30.983448028564453,31.215429306030273,0.11556752022757208,0.014066772843703612,0.07790304319787264
1777876593.9125907,0.3,-0.23781195796039517,0.6037978612937732,1,63.26031684875488,63.51518630981445,0.11006749531449624,0.02181103507291811,0.07594889902092439
1777876593.961279,0.3,-0.23502200012385202,0.6026939885297012,1,48.33722114562988,48.58732223510742,0.10659024928860321,0.024600992909461245,0.07484502625685237
1777876593.968964,0.28710098961170916,-0.23005068865931605,0.5992486218809161,1,4.894733428955078,5.1021575927734375,0.093415661921178,0.029572304373997216,0.07139965960806727
1777876594.027943,0.27924607166571624,-0.22791544375696543,0.5974897320925107,1,13.606786727905273,13.97252082824707,0.08556074397518504,0.031707549276347835,0.06964076981966184
1777876594.0744658,0.24630764193950982,-0.2152848713498011,0.5908356554162154,1,9.596824645996094,9.848594665527344,0.05262231424897866,0.04433812168351217,0.06298669314336658
1777876594.126664,0.22678162473549102,-0.2156298083399719,0.5846838602040981,1,11.676311492919922,11.96742057800293,0.03309629704495983,0.043993184693341375,0.05683489793124933
1777876594.178464,0.2195739726923988,-0.21820960155854283,0.5813875877913008,1,13.430118560791016,13.67497444152832,0.02588864500186764,0.04141339147477043,0.053538625518452065
1777876594.2195966,0.20522781923663636,-0.2260680021031325,0.5740675028446098,1,4.505634307861328,4.727840423583984,0.011542491546105189,0.033554990930180786,0.04621854057176104
1777876594.279865,0.19228476506028092,-0.23612726545502244,0.5659852735380946,1,14.505624771118164,14.821767807006836,-0.0014005626302502506,0.02349572757829084,0.038136311265245734
1777876594.3293443,0.18622709044082408,-0.24162140769836637,0.5615509442572941,1,13.878107070922852,14.169454574584961,-0.007458237249707093,0.018001585334946904,0.03370198198444532
1777876594.3783164,0.17369701478272995,-0.25252679001763045,0.5530469683415188,1,12.26043701171875,12.609243392944336,-0.019988312907801228,0.007096203015682825,0.02519800606866996
1777876594.4277997,0.16129759680117114,-0.2632803733628586,0.5447016218134628,1,11.600732803344727,11.98577880859375,-0.03238773088936004,-0.003657380329545337,0.01685265954061399
1777876594.529351,0.15537715919210482,-0.26857090075820705,0.5407543760083525,1,63.271522521972656,63.46011161804199,-0.03830816849842635,-0.008947907724893775,0.012905413735503683
1777876594.57894,0.14476654057281318,-0.2784199585869649,0.533943336637531,1,48.955678939819336,49.19934272766113,-0.04891878711771801,-0.01879696555365161,0.006094374364682235
1777876594.6233633,0.13529163695541344,-0.2873935792679855,0.5286218574665772,1,43.19429397583008,43.55263710021973,-0.058393690735117736,-0.027770586234672198,0.0007728951937283346
1777876594.670212,0.12788250740344514,-0.29568648608115455,0.5253919028235048,1,39.94417190551758,40.18092155456543,-0.06580282028708605,-0.0360634930478413,-0.00245705944934399
1777876594.7163954,0.1236114298240647,-0.3034117099793618,0.5239882202045486,1,35.85982322692871,36.089420318603516,-0.07007389786646648,-0.043788716946048536,-0.003860742068300206
1777876594.7666943,0.12318788335583934,-0.30751304107911986,0.5238358780710172,1,35.933494567871094,36.168575286865234,-0.07049744433469184,-0.04789004804580661,-0.004013084201831697
1777876594.8150873,0.12519997333717167,-0.31693536092798963,0.5246603192372146,1,34.1799259185791,34.43193435668945,-0.0684853543533595,-0.05731236789467638,-0.0031886430356342643
1777876594.866594,0.1317287560477539,-0.32822530449198317,0.5260878601300678,1,35.6900691986084,35.92276573181152,-0.061956571642777285,-0.06860231145866992,-0.0017611021427810097
1777876594.9167428,0.13662870811222833,-0.33483863265178127,0.5272077446447011,1,35.74991226196289,35.97259521484375,-0.05705661957830286,-0.07521563961846799,-0.0006412176281477694
1777876594.9667554,0.1491862025145261,-0.3482076418938316,0.5289476107793114,1,35.66765785217285,35.904884338378906,-0.04449912517600508,-0.08858464886051833,0.0010986485064626225
1777876595.01906,0.16441276691200463,-0.3624303367599877,0.531313325516345,1,37.04237937927246,37.28508949279785,-0.029272560778526545,-0.10280734372667445,0.0034643632434961727
1777876595.0666382,0.17300059676858343,-0.36904338616593735,0.5322851339520507,1,34.42215919494629,34.66010093688965,-0.020684730921947753,-0.10942039313262407,0.004436171679201795
1777876595.0978994,0.19058314106775817,-0.3810814585834566,0.5362162959350882,1,15.50436019897461,15.83719253540039,-0.0031021866227730014,-0.12145846555014335,0.008367333662239379
1777876595.1500094,0.2069088091468802,-0.38848751075022714,0.5435016945544273,1,17.578601837158203,17.868757247924805,0.013223481456349015,-0.12886451771691387,0.01565273228157843
1777876595.1972852,0.2144134051912313,-0.38985718143509634,0.5478188287235977,1,14.772415161132812,15.04659652709961,0.020728077500700146,-0.13023418840178308,0.019969866450748802
1777876595.2502549,0.22997404415681982,-0.3898593349584131,0.5568723511832312,1,17.325639724731445,17.5931453704834,0.03628871646628865,-0.1302363419250998,0.029023388910382343
1777876595.2962759,0.24436844354120102,-0.38653454425690814,0.5666439479646739,1,13.128995895385742,13.448238372802734,0.050683115850669855,-0.12691155122359488,0.03879498569182501
1777876595.3411126,0.25083798567140236,-0.38400634992948296,0.5709114612822946,1,7.996320724487305,8.202791213989258,0.05715265798087118,-0.12438335689616968,0.04306249900944578
1777876595.4519882,0.2635983267251286,-0.3766433266976655,0.578627877658723,1,68.70412826538086,68.98331642150879,0.06991299903459744,-0.11702033366435223,0.050778915385874236
1777876595.5023713,0.2736719828649173,-0.3651537091401395,0.5847056603318166,1,49.51000213623047,49.805402755737305,0.07998665517438612,-0.10553071610682623,0.05685669805896773
1777876595.5631118,0.28211106493368404,-0.3497832763481962,0.5881343459252049,1,59.62848663330078,59.845685958862305,0.08842573724315286,-0.09016028331488297,0.060285383652356056
1777876595.6151083,0.2893311555166062,-0.33268755074766837,0.5912220841885774,1,51.64480209350586,51.89633369445801,0.09564582782607504,-0.07306455771435512,0.06337312191572847
1777876595.6673784,0.2924576314784378,-0.32440768274515486,0.5925067261265379,1,51.93662643432617,52.16217041015625,0.0987723037879066,-0.0647846897118416,0.06465776385368907
1777876595.7180219,0.29716692486562923,-0.30818764004267113,0.5950437508124133,1,50.26602745056152,50.52375793457031,0.10348159717509807,-0.04856464700935788,0.06719478853956456
1777876595.7711554,0.29878464491092055,-0.2934908029011346,0.5970581501608561,1,52.2456169128418,52.504777908325195,0.10509931722038936,-0.03386780986782133,0.06920918788800723
1777876595.8180869,0.2984236581032937,-0.27783854348649173,0.5976578610703804,1,44.91305351257324,45.143842697143555,0.10473833041276252,-0.018215550453178436,0.06980889879753163
1777876595.882704,0.2961036964330711,-0.26280182809961034,0.5965168749476046,1,59.41486358642578,59.69429016113281,0.10241836874253994,-0.003178835066297056,0.06866791267475585
1777876595.890343,0.29048380507761884,-0.250248562801464,0.5935859600814454,1,6.386995315551758,6.667375564575195,0.09679847738708765,0.009374430231849237,0.06573699780859654
1777876595.9422796,0.2865008812384514,-0.2450120302340156,0.5916744807768146,1,7.95292854309082,8.184671401977539,0.09281555354792025,0.014610962799297661,0.06382551850396578
1777876595.9980707,0.27691800527144117,-0.23689514536630008,0.5870637338028136,1,13.40937614440918,13.764381408691406,0.08323267758091,0.022727847667013204,0.05921477152996481
1777876596.044236,0.2670339826057964,-0.23228787437347484,0.5830913194459307,1,9.546518325805664,9.825468063354492,0.07334865491526522,0.027335118659838425,0.055242357173081895
1777876596.0902743,0.26135223294608323,-0.23107627367725403,0.5808726504813289,1,5.55729866027832,5.807161331176758,0.06766690525555207,0.02854671935605925,0.05302368820848004
1777876596.1596704,0.24923138155985722,-0.23067122298245832,0.5753983849629541,1,22.734403610229492,22.969722747802734,0.05554605386932604,0.028951770050854947,0.047549422690105356
1777876596.2005796,0.23278627134383093,-0.23320891084909168,0.5671949984117096,1,13.379096984863281,13.71455192565918,0.03910094365329974,0.026414082184221574,0.03934603613886081
1777876596.2498906,0.22430652751656677,-0.23548774351085566,0.5623577003353691,1,12.644290924072266,12.961149215698242,0.030621199826035575,0.024135249522457616,0.034508738062520326
1777876596.2981882,0.20780339468406195,-0.24129276317183213,0.5517681770317747,1,10.428428649902344,10.683774948120117,0.014118066993530779,0.018330229861481126,0.023919214758925843
1777876596.3503687,0.191456967712613,-0.24883747312633497,0.5402601386227764,1,12.513160705566406,12.824535369873047,-0.0022283599779181654,0.010785519906978305,0.012411176349927569
1777876596.401592,0.18385059004777013,-0.2526237079450116,0.534958232260679,1,13.713836669921875,13.953924179077148,-0.00983473764276105,0.006999285088301679,0.007109269987830104
1777876596.449745,0.16971905524373265,-0.26036507981289253,0.5267637601230818,1,11.672258377075195,11.975765228271484,-0.02396627244679852,-0.000742086779579279,-0.001085202149767088
1777876596.4956748,0.15783572570148524,-0.2687327659272253,0.520974637115548,1,7.179021835327148,7.375478744506836,-0.03584960198904594,-0.009109772893912002,-0.006874325157300756
1777876596.5525446,0.15283946412075022,-0.2730400832017015,0.518618150359684,1,13.776779174804688,14.107704162597656,-0.04084586356978096,-0.013417090168388185,-0.009230811913164903
1777876596.6317434,0.14400716781141532,-0.28171026639317237,0.5158220466669456,1,43.005943298339844,43.22361946105957,-0.04967815987911587,-0.02208727335985909,-0.012026915605903236
1777876596.6889548,0.13725134643752912,-0.2902469256328433,0.5156596174326491,1,49.410343170166016,49.62754249572754,-0.056433981253002065,-0.030623932599530043,-0.012189344840199741
1777876596.7897658,0.13122035373822835,-0.30451038256288093,0.5176819547483268,1,50.01115798950195,50.27508735656738,-0.06246497395230282,-0.04488738952956768,-0.010167007524522022
1777876596.829655,0.1302526115835827,-0.30987473288167633,0.5186561755705328,1,39.29471969604492,39.53433036804199,-0.06343271610694848,-0.05025173984836305,-0.009192786702316082
1777876596.8859375,0.13047293874341853,-0.32665263262310834,0.5225400828139029,1,45.514822006225586,45.73225975036621,-0.06321238894711265,-0.06702963958979506,-0.005308879458945981
1777876596.9423404,0.1320711810804578,-0.332169965650482,0.5239197582470684,1,51.49054527282715,51.68461799621582,-0.0616141466100734,-0.07254697261716876,-0.003929204025780418
1777876596.988884,0.13798417641783386,-0.3429131829424681,0.5264314983348346,1,45.54629325866699,45.78256607055664,-0.05570115127269732,-0.08329018990915484,-0.0014174639380142365
1777876597.0373814,0.1475889273991762,-0.3544316537189828,0.5291994654346197,1,43.96867752075195,44.2047119140625,-0.04609640029135498,-0.0948086606856695,0.0013505031617708704
1777876597.0911217,0.15355021157013124,-0.36023393348186067,0.5304155465513309,1,47.00183868408203,47.23381996154785,-0.040135116120399945,-0.10061094044854742,0.0025665842784820814
1777876597.1294909,0.16733202071917705,-0.3716722586686673,0.5336410037629875,1,34.00301933288574,34.20090675354004,-0.02635330697135413,-0.11204926563535407,0.005792041490138719
1777876597.1762447,0.18292000501576233,-0.3809515476280501,0.5367611797754143,1,30.618906021118164,30.837535858154297,-0.010765322674768832,-0.12132855459473686,0.008912217502565413
1777876597.2067444,0.1910272092845491,-0.38403562639522876,0.5381739939807048,1,11.070966720581055,11.249303817749023,-0.0026581184059820675,-0.1244126333619155,0.010325031707855974
1777876597.2520745,0.2081035071365818,-0.3882251888399871,0.5416524702935454,1,4.283905029296875,4.455089569091797,0.014418179446050628,-0.1286021958066738,0.013803508020696475
1777876597.302435,0.2258568278242649,-0.3898739996803519,0.5464799679916434,1,4.557371139526367,4.767417907714844,0.03217150013373372,-0.13025100664703865,0.018631005718794665
1777876597.3627894,0.23385816063962395,-0.3894528444047299,0.549617923452823,1,14.63460922241211,15.010833740234375,0.040172832949092775,-0.12982985137141662,0.021768961179974157
1777876597.4065468,0.24529927992332756,-0.38413462796928394,0.5564861507592229,1,8.449792861938477,8.701324462890625,0.0516139522327964,-0.12451163493597066,0.028637188486374057
1777876597.4940724,0.25697962009301206,-0.378021318457207,0.5628670452023491,1,45.917510986328125,46.133995056152344,0.0632942924024809,-0.11839832542389374,0.035018082929500295
1777876597.5579395,0.26229875934546143,-0.37389284955382407,0.5657006619352823,1,59.05795097351074,59.26108360290527,0.06861343165493025,-0.11426985652051082,0.03785169966243349
1777876597.6010284,0.27110412729206956,-0.36305417631317377,0.5692929789565566,1,41.74447059631348,41.944265365600586,0.07741879960153839,-0.10343118327986052,0.04144401668370779
1777876597.6392906,0.27868383637713334,-0.3493532307259708,0.5719786508421217,1,29.928207397460938,30.121326446533203,0.08499850868660219,-0.08973023769265752,0.04412968856927287
1777876597.6894045,0.2885131252440057,-0.33995245282992126,0.5758758907205339,1,29.97303009033203,30.169248580932617,0.09482779755347452,-0.08032945979660798,0.048026928447685024
1777876597.7733357,0.2911605773685455,-0.33302950063562387,0.5773872410506751,1,61.29574775695801,61.539411544799805,0.09747524967801431,-0.07340650760231059,0.04953827877782627
1777876597.803324,0.29554201479062847,-0.31858774774712667,0.5800168851351636,1,29.66785430908203,29.883146286010742,0.1018566871000973,-0.05896475471381339,0.05216792286231478
1777876597.8733182,0.2991444726093058,-0.3044664685420516,0.5822339762499678,1,49.53408241271973,49.76153373718262,0.10545914491877466,-0.04484347550873834,0.054385013977118896
1777876597.9070761,0.3,-0.2910221409986409,0.5839932374402799,1,32.55176544189453,32.70983695983887,0.107733750177061,-0.03139914796532764,0.056144275167431014
1777876597.9553812,0.3,-0.27815414919348225,0.5843978169315872,1,30.60150146484375,30.81369400024414,0.10837152025976017,-0.018531156160168955,0.05654885465873836
1777876598.005543,0.3,-0.27186309729841385,0.5840606563947477,1,30.657052993774414,30.884981155395508,0.10817321232252934,-0.012240104265100568,0.05621169412189887
1777876598.076317,0.2998567064325942,-0.2596567191083391,0.58378941780798,1,51.2998104095459,51.52249336242676,0.10617137874206302,-3.3726075025802826e-05,0.05594045553513121
1777876598.134464,0.29786164006050514,-0.2538845694894674,0.5837599594451641,1,57.17611312866211,57.387590408325195,0.10417631236997398,0.005738423543845864,0.055910997172315256
1777876598.191355,0.2906896602753,-0.2439968798800995,0.5830476206185649,1,56.476593017578125,56.781768798828125,0.09700433258476883,0.015626113153213786,0.05519865834571608
1777876598.2010062,0.28511071509538755,-0.23693863225430253,0.5824778329393087,1,9.290456771850586,9.486913681030273,0.09142538740485635,0.02268436077901073,0.05462887066645978
1777876598.2561834,0.27622559087859394,-0.2319917930058992,0.5812448618974674,1,14.242172241210938,14.555931091308594,0.08254026318806278,0.027631200027414066,0.05339589962461859
1777876598.3052938,0.26563455399836167,-0.22952246674700788,0.5790817886599446,1,12.964963912963867,13.400793075561523,0.0719492263078305,0.030100526286305385,0.051232826387095774
1777876598.3606393,0.25320665170468626,-0.2292925081125033,0.575654229856074,1,18.321514129638672,18.668413162231445,0.0595213240141551,0.03033048492080999,0.047805267583225126
1777876598.4069939,0.24609893508963196,-0.22988451700688226,0.5736293899264483,1,14.641523361206055,14.935731887817383,0.05241360739910079,0.02973847602643101,0.04578042765359945
1777876598.4567573,0.23096498300048482,-0.23273143644667593,0.5688776890627235,1,14.335870742797852,14.634132385253906,0.03727965530995365,0.026891556586637347,0.04102872678987463
1777876598.5070276,0.2150994470990717,-0.23710026755415092,0.5627368280651484,1,14.409542083740234,14.742851257324219,0.021414119408540502,0.022522725479162328,0.034887865792299466
1777876598.5521734,0.2074916270247004,-0.23975438805699817,0.5593018286816944,1,9.491205215454102,9.745121002197266,0.013806299334169209,0.019868604976315096,0.03145286640884565
1777876598.6060133,0.191950399977905,-0.24539701573963202,0.5515541022697321,1,12.98666000366211,13.298273086547852,-0.001734927712626187,0.01422597729368126,0.023705139996883333
1777876598.6573544,0.1767777288757334,-0.25179941306733533,0.5432083572617294,1,14.284372329711914,14.549493789672852,-0.016907598814797788,0.007823579965977906,0.015359394988880587
1777876598.7056098,0.16977842666984536,-0.2550010311543887,0.5394439297622826,1,12.525558471679688,12.761592864990234,-0.023906901020685815,0.004621961878924538,0.011594967489433748
1777876598.7548807,0.15741201658574913,-0.26138907360094105,0.533356749924791,1,11.503219604492188,11.81793212890625,-0.03627331110478205,-0.0017660805676277813,0.005507787651942153
1777876598.8518865,0.146855851920656,-0.27023273168658596,0.529652073431883,1,58.58325958251953,58.800458908081055,-0.046829475769875166,-0.010609738653272707,0.001803111159034164
1777876598.8980353,0.14278973503270273,-0.27514924525531803,0.5285737729731959,1,40.46940803527832,40.71617126464844,-0.05089559265782844,-0.015526252222004752,0.0007248107003469742
1777876598.9513643,0.13779772639480717,-0.28498433040799254,0.5270353132780831,1,43.14732551574707,43.39241981506348,-0.05588760129572401,-0.025361337374679285,-0.000813648994765763
1777876598.991432,0.1358880558806997,-0.2956657101098707,0.5253302570159283,1,33.200979232788086,33.429622650146484,-0.05779727180983149,-0.03604271707655744,-0.0025187052569205226
1777876599.0418243,0.13509917064937177,-0.3073704568235143,0.5245291989248677,1,33.506155014038086,33.7376594543457,-0.0585861570411594,-0.047747463790201075,-0.0033197633479811334
1777876599.1190424,0.13516761170655467,-0.31297443016908266,0.5244030272705437,1,60.484886169433594,60.71734428405762,-0.05851771598397652,-0.05335143713576938,-0.00344593500230516
1777876599.1523497,0.13687368355690904,-0.3242707533055514,0.5246607083781348,1,33.01262855529785,33.19358825683594,-0.05681164413362213,-0.06464776027223813,-0.003188253894714048
1777876599.2024581,0.14119264271804857,-0.3370750759095823,0.5256453925017769,1,32.81664848327637,33.071279525756836,-0.05249268497248261,-0.07745208287626902,-0.002203569771071952
1777876599.2527404,0.14870066980868374,-0.3504583039156507,0.526725381054531,1,33.04409980773926,33.29658508300781,-0.04498465788184745,-0.09083531088233741,-0.0011235812183178345
1777876599.3029509,0.15871326351890347,-0.3629274192836301,0.5284001666493614,1,33.274173736572266,33.48422050476074,-0.03497206417162772,-0.10330442625031684,0.0005512043765125291
1777876599.3529358,0.16469581846708187,-0.3690025584711082,0.5297112904897321,1,33.12230110168457,33.35738182067871,-0.028989509223449325,-0.10937956543779491,0.0018623282168833064
1777876599.4262052,0.1784290356264694,-0.3797606681003551,0.5330277866909483,1,56.26177787780762,56.46491050720215,-0.015256292064061783,-0.12013767506704183,0.005178824418099463
1777876599.475398,0.18610573618607384,-0.38429678405863027,0.5353496755753591,1,48.89202117919922,49.08394813537598,-0.007579591504457327,-0.12467379102531702,0.007500713302510259
1777876599.4821455,0.20142533544852717,-0.3913962392961722,0.5414555757022139,1,5.434989929199219,5.594015121459961,0.0077400077579959925,-0.1317732462628589,0.013606613429365137
1777876599.5341518,0.2161571926563061,-0.39527617405040766,0.5506450034955759,1,7.276058197021484,7.559776306152344,0.022471864965774913,-0.1356531810170944,0.022796041222727
1777876599.5881054,0.22684474894612497,-0.3907007118905417,0.5609065633532934,1,10.792970657348633,11.144638061523438,0.0331594212555938,-0.1310777188572284,0.03305760108044448
1777876599.6401982,0.23192305480370795,-0.38715369544958333,0.5647472533169607,1,11.432170867919922,11.629104614257812,0.03823772711317678,-0.12753070241627007,0.036898291044111915
1777876599.6903596,0.24242967899261555,-0.37858299600807105,0.570581042147417,1,11.420726776123047,11.703252792358398,0.04874435130208437,-0.1189600029747578,0.04273207987456819
1777876599.741116,0.25196285697423904,-0.36881331112656585,0.5751954627070405,1,12.08949089050293,12.369394302368164,0.05827752928370785,-0.10919031809325257,0.04734650043419169
1777876599.7917979,0.2569393722465936,-0.3637683662479274,0.5770265626928895,1,12.572288513183594,12.82048225402832,0.0632540445560624,-0.10414537321461413,0.04917760042004069
1777876599.8422785,0.2680632952103359,-0.35290036070765135,0.5792360004980299,1,12.872457504272461,13.224124908447266,0.07437796751980474,-0.0932773676743381,0.0513870382251811
1777876599.9354672,0.2782166746968321,-0.3401867350114599,0.5798911884954692,1,56.093454360961914,56.30683898925781,0.08453134700630094,-0.08056374197814666,0.05204222622262031
1777876599.9749086,0.2822509823974767,-0.33295749800573715,0.580063351604318,1,39.09707069396973,39.324045181274414,0.08856565470694554,-0.07333450497242387,0.052214389331469206
1777876600.035858,0.2894216347458091,-0.31846190512386313,0.5802339122965166,1,49.973249435424805,50.194740295410156,0.09573630705527793,-0.05883891209054985,0.052384950023667706
1777876600.0840209,0.29183433324887575,-0.3110290769784579,0.5805125777602315,1,47.59812355041504,47.81794548034668,0.09814900555834459,-0.05140608394514461,0.052663615487382624
1777876600.1183603,0.294275905194675,-0.29690388148597496,0.5803597973653867,1,31.441450119018555,31.65125846862793,0.10059057750414384,-0.03728088845266171,0.05251083509253786
1777876600.1673605,0.29373788129257616,-0.2839421645019734,0.5803211100832881,1,30.371665954589844,30.577659606933594,0.10005255360204499,-0.024319171468660153,0.05247214781043931
1777876600.1916957,0.2912665903330765,-0.2728562700183675,0.5804522903721625,1,4.637002944946289,4.845857620239258,0.09758126264254534,-0.013233276985054207,0.05260332809931371
1777876600.2482076,0.28487200249306194,-0.2627071423175925,0.580628019668741,1,10.95890998840332,11.275291442871094,0.09118667480253076,-0.003084149284279261,0.05277905739589216
1777876600.3019686,0.28076171585533455,-0.25850556976919503,0.5805327041245028,1,14.670610427856445,14.949560165405273,0.08707638816480338,0.0011174232641182197,0.05268374185165395
1777876600.3472078,0.27079126692028,-0.2512110815465182,0.5795329763758763,1,9.83119010925293,10.117053985595703,0.07710593922974883,0.008411911486795057,0.05168401410302752
1777876600.4015799,0.2579870386956101,-0.24551752428739382,0.5776321333712423,1,14.05024528503418,14.389276504516602,0.06430171100507896,0.014105468745919461,0.049783171098393475
1777876600.4531605,0.25093760077679034,-0.2435033896994313,0.5763066866496251,1,15.531301498413086,15.806198120117188,0.057252273086259166,0.016119603333881946,0.04845772437677634
1777876600.4978707,0.23452065454820406,-0.24159277473874116,0.5726344494209751,1,10.19740104675293,10.449647903442383,0.040835326857672875,0.018030218294572103,0.04478548714812627
1777876600.551618,0.2173408062037398,-0.24313670723922165,0.5668347750337388,1,13.695955276489258,14.026880264282227,0.023655478513208622,0.01648628579409163,0.03898581276088999
1777876600.603369,0.20848239757408082,-0.2448334493691439,0.5632103416295239,1,15.41447639465332,15.696048736572266,0.014797069883549637,0.014789543664169374,0.03536137935667505
1777876600.6439266,0.19159534389564042,-0.24998735074935527,0.5550464431235351,1,5.84864616394043,6.17527961730957,-0.0020899837948907462,0.009635642283957996,0.027197480850686295
1777876600.7062025,0.17560650516378562,-0.2573049052481133,0.5468906483672115,1,18.049240112304688,18.369197845458984,-0.01807882252674557,0.002318087785199985,0.019041686094362676
1777876600.7512314,0.16825582267532865,-0.2613814115110624,0.5430744677026498,1,12.97140121459961,13.212203979492188,-0.025429505015202518,-0.0017584184777491435,0.015225505429800945
1777876600.8442557,0.1548230323530925,-0.2701232045885573,0.5366763542142254,1,55.86528778076172,56.09869956970215,-0.03886229533743867,-0.01050021155524404,0.00882739194137664
1777876600.8910003,0.1485774543790611,-0.2745306403017114,0.5342077012652519,1,44.5101261138916,44.736385345458984,-0.04510787331147007,-0.014907647268398175,0.006358738992403003
1777876600.926934,0.13279089996877963,-0.2878803840187811,0.5298125908238722,1,30.399560928344727,30.60293197631836,-0.060894427721751555,-0.028257390985467812,0.0019636285510234094
1777876600.977629,0.12899691397930915,-0.29266908996330737,0.5295502948884234,1,31.00109100341797,31.205415725708008,-0.06468841371122203,-0.03304609692999409,0.0017013326155745426
1777876601.0284667,0.12334701130867896,-0.3035398474001053,0.5309187102372542,1,31.653404235839844,31.857728958129883,-0.07033831638185221,-0.04391685436679203,0.003069747964405428
1777876601.0775673,0.12131483041295377,-0.3152583238897406,0.5346687079110639,1,30.68089485168457,30.89618682861328,-0.07237049727757741,-0.05563533085642734,0.006819745638215129
1777876601.1293552,0.12204257329868952,-0.3220388331317065,0.5374997381219323,1,31.731605529785156,31.95047378540039,-0.07164275439184166,-0.06241584009839325,0.009650775849083491
1777876601.1782367,0.12204257329868952,-0.3220388331317065,0.5374997381219323,0,30.750274658203125,30.765056610107422,-0.067440568047556,-0.07594038320196812,0.016038897423170446
1777876601.2301502,0.12204257329868952,-0.3220388331317065,0.5374997381219323,0,32.56034851074219,32.57560729980469,-0.05930939097087036,-0.09038564512972098,0.023809060627426645
1777876601.2781854,0.12204257329868952,-0.3220388331317065,0.5374997381219323,0,30.494213104248047,30.513286590576172,-0.053327406016635645,-0.09786827871234911,0.027753772019493656
1777876601.3277948,0.12204257329868952,-0.3220388331317065,0.5374997381219323,0,30.074119567871094,30.08723258972168,-0.03894254596315977,-0.11152109598754097,0.034353237232599074
1777876601.3786852,0.17198846859008574,-0.38212109579775966,0.5677961183526123,1,30.67779541015625,30.8840274810791,-0.021696859100445436,-0.12249810276444638,0.03994715607976356
1777876601.4300108,0.1817230420003729,-0.38621718829128643,0.5700184297860583,1,31.92448616027832,32.152652740478516,-0.011962285690158269,-0.12659419525797316,0.042169467513209456
1777876601.4796953,0.20002939118535487,-0.3912358020650365,0.5741820054926638,1,31.534910202026367,31.76712989807129,0.006344063494823698,-0.13161280903172323,0.046333043219815004
1777876601.502756,0.2203648525276076,-0.3919731158758959,0.5786855580659198,1,4.55927848815918,4.761934280395508,0.02667952483707641,-0.13235012284258263,0.05083659579307102
1777876601.5619133,0.23009956202353818,-0.39106151326705635,0.5807483752284277,1,13.512134552001953,13.825416564941406,0.036414234333006994,-0.13143852023374308,0.05289941295557893
1777876601.613092,0.24808087839859497,-0.38568468973501085,0.5854250698540626,1,14.541387557983398,14.898538589477539,0.05439555070806379,-0.1260616967016976,0.05757610758121377
1777876601.6953893,0.26426239567996584,-0.3766786204691198,0.5921002340897201,1,46.868324279785156,47.086238861083984,0.07057706798943467,-0.11705562743580654,0.06425127181687135
1777876601.728911,0.27119944947738056,-0.3709334835400999,0.595654453609548,1,30.358076095581055,30.549049377441406,0.07751412178684938,-0.11131049050678667,0.06780549133669925
1777876601.779434,0.28329372609615716,-0.3555813206802126,0.6021804829658176,1,30.61842918395996,30.857086181640625,0.089608398405626,-0.09595832764689931,0.07433152069296875
1777876601.8295896,0.2917677549644344,-0.3385608755992291,0.6067451950309616,1,30.7614803314209,30.983924865722656,0.09808242727390325,-0.07893788256591582,0.07889623275811272
1777876601.878811,0.2950024156076419,-0.32997946575179615,0.6083615451129234,1,29.87837791442871,30.08580207824707,0.10131708791711072,-0.0703564727184829,0.08051258284007456
1777876601.9292955,0.2998994939471757,-0.3135890704710208,0.6099556226049111,1,30.263185501098633,30.481815338134766,0.1062141662566445,-0.05396607743770755,0.0821066603320623
1777876601.9790046,0.3,-0.2978854638112155,0.6095133702886139,1,29.925107955932617,30.151844024658203,0.10896848530530838,-0.03826247077790225,0.08166440801576506
1777876602.0301566,0.3,-0.29003514772216055,0.6085270171620659,1,31.02898597717285,31.239986419677734,0.10910399553647541,-0.03041215468884731,0.08067805488921712
1777876602.0790982,0.3,-0.2761888603330997,0.6051288039016851,1,29.89363670349121,30.10082244873047,0.10727198006312764,-0.016565867299786444,0.07727984162883625
1777876602.1034021,0.29154502300532203,-0.2647351999536311,0.6011803113398759,1,4.126548767089844,4.331350326538086,0.09785969531479087,-0.005112206920317816,0.07333134906702704
1777876602.1619706,0.2806732614665952,-0.25633395079193466,0.5960625381991882,1,12.511253356933594,12.819766998291016,0.08698793377606405,0.0032890422413785897,0.06821357592633942
1777876602.2111828,0.27476598666004415,-0.253074406631801,0.5930747123869543,1,11.595010757446289,11.866331100463867,0.08108065896951298,0.006548586401512305,0.06522575011410547
1777876602.2630603,0.26033076503789687,-0.24880994784621463,0.586137618426197,1,13.205528259277344,13.539791107177734,0.06664543734736571,0.010813045187098622,0.05828865615334821
1777876602.3147488,0.2524876912132115,-0.24816516786763196,0.58285635954284,1,14.499425888061523,14.937162399291992,0.05880236352268032,0.011457825165681307,0.05500739726999121
1777876602.3637128,0.2358750131709343,-0.24809684673833987,0.5753043877902438,1,13.563156127929688,13.806343078613281,0.042189685480403125,0.011526146294973408,0.04745542551739504
1777876602.413461,0.21876594918124062,-0.250109528146652,0.5668472569779923,1,13.16070556640625,13.502120971679688,0.02508062149070945,0.009513464886661285,0.03899829470514344
1777876602.4558668,0.2104856144191293,-0.25188357574769765,0.5625997882154802,1,5.627155303955078,5.820035934448242,0.016800286728598124,0.007739417285615599,0.03475082594263133
1777876602.513691,0.1940198740451741,-0.2572851905599557,0.5544808922720921,1,13.221263885498047,13.544797897338867,0.00033454635464290425,0.002337802473357589,0.026631929999243256
1777876602.5571601,0.17749470861118882,-0.2655830148292461,0.5460851006687214,1,6.385087966918945,6.618022918701172,-0.01619061907934236,-0.005960021795932871,0.018236138395872566
1777876602.6156135,0.16362456097979772,-0.27561749683835124,0.5389173439861689,1,13.86880874633789,14.186382293701172,-0.030060766710733454,-0.015994503805037946,0.011068381713320079
1777876602.698155,0.157652794470224,-0.2812230048798936,0.5358089777027818,1,46.40769958496094,46.63658142089844,-0.03603253322030715,-0.021600011846580336,0.007960015429932986
1777876602.743246,0.14757190510686974,-0.29239253759167416,0.5301289977909304,1,41.50581359863281,41.70513153076172,-0.04611342258366145,-0.03276954455836088,0.0022800355180815496
1777876602.7978585,0.13930621631358917,-0.3044173760661734,0.5255353008461096,1,43.648481369018555,43.868303298950195,-0.05437911137694202,-0.044794383032860166,-0.002313661426739236
1777876602.8587036,0.13613661248322625,-0.31054226479294,0.5241959849676264,1,54.1536808013916,54.46171760559082,-0.05754871520730493,-0.050919271759626725,-0.0036529773052224254
1777876602.9079225,0.13173344143140148,-0.3232818913292606,0.522594156813481,1,48.738956451416016,48.964500427246094,-0.061951886259129695,-0.06365889829594733,-0.0052548054593678645
1777876602.9604475,0.12997261042031188,-0.33747781908542396,0.5227848399103908,1,51.212310791015625,51.43427848815918,-0.0637127172702193,-0.0778548260521107,-0.005064122362457998
1777876603.0138385,0.13065558512633574,-0.3447012175372916,0.5237788699899638,1,52.38199234008789,52.602291107177734,-0.06302974256419544,-0.08507822450397835,-0.004070092282885011
1777876603.0666678,0.13460516364527006,-0.35880774382435854,0.5270755374966162,1,52.27017402648926,52.48308181762695,-0.059080164045261126,-0.09918475079104529,-0.0007734247762326354
1777876603.1200192,0.14285996691152342,-0.3720606364705599,0.5299545593461289,1,52.976131439208984,53.22527885437012,-0.05082536077900777,-0.11243764343724667,0.0021055970732800564
1777876603.1962936,0.15382999050000887,-0.38342841090082325,0.5329261217050508,1,75.93154907226562,76.13611221313477,-0.039855337190522304,-0.12380541786751,0.005077159432202001
1777876603.2312407,0.16919015350324404,-0.39262324856516073,0.5371674683044321,1,34.6066951751709,34.82198715209961,-0.024495174187287146,-0.13300025553184747,0.009318506031583296
1777876603.2811422,0.18591764954221177,-0.3978766112559839,0.5437317068120837,1,34.39974784851074,34.62958335876465,-0.007767678148319417,-0.13825361822267063,0.01588274453923487
1777876603.3034186,0.20529412996030524,-0.40057936489907103,0.5504182280767688,1,6.598472595214844,6.856203079223633,0.011608802269774064,-0.14095637186575777,0.022569265803919922
1777876603.352514,0.21485658233274094,-0.4009700750304639,0.5537741757534638,1,5.518674850463867,5.726337432861328,0.02117125464220975,-0.14134708199715063,0.02592521348061494
1777876603.401573,0.23220358589670473,-0.3992875643218173,0.5598072728367863,1,4.300832748413086,4.50587272644043,0.03851825820617354,-0.139664571288504,0.03195831056393751
1777876603.4796138,0.24805264087852147,-0.39638279852799474,0.563257069279838,1,31.897306442260742,32.11832046508789,0.054367313187990284,-0.13675980549468147,0.03540810700698918
1777876603.5283523,0.2605509202405194,-0.39058013889955384,0.5635628114133409,1,30.46417236328125,30.67636489868164,0.0668655925499882,-0.13095714586624058,0.03571384914049207
1777876603.5813398,0.26575057831969007,-0.3864777220400186,0.5633128870092579,1,33.31732749938965,33.579349517822266,0.0720652506291589,-0.12685472900670536,0.035463924736409067
1777876603.6385863,0.27505264526621703,-0.37551515752913917,0.5637016439166527,1,40.34686088562012,40.58670997619629,0.08136731757568587,-0.11589216449582591,0.03585268164380379
1777876603.7079937,0.279075283634866,-0.3689641411739043,0.5644452534814699,1,59.71717834472656,59.9370002746582,0.08538995594433485,-0.10934114814059105,0.03659629120862112
1777876603.7394009,0.2892049498720048,-0.3475467456215544,0.5666055131495475,1,30.423641204833984,30.615568161010742,0.0955196221814736,-0.08792375258824113,0.03875655087669869
1777876603.7909617,0.2905800449296685,-0.34167362252898437,0.5668933493729471,1,31.848669052124023,32.06467628479004,0.09689471723913728,-0.08205062949567112,0.0390443871000983
1777876603.8623428,0.2899793068446089,-0.3285630547763754,0.5678957841291132,1,53.13873291015625,53.365468978881836,0.09629397915407771,-0.0689400617430621,0.040046821856264424
1777876603.919044,0.28923084727646303,-0.32079450321673725,0.5684009975725469,1,55.917978286743164,56.16044998168945,0.09554551958593185,-0.061171510183424,0.040552035299698135
1777876603.9680378,0.28778610782579644,-0.3055984422064913,0.5689266349074833,1,48.590898513793945,48.857688903808594,0.09410078013526525,-0.045975449173178015,0.04107767263463449
1777876603.9758995,0.2859835935915231,-0.29258818971730083,0.5689808281808354,1,5.977392196655273,6.157159805297852,0.0922982659009919,-0.03296519668398755,0.04113186590798657
1777876604.02853,0.2826422160764433,-0.2805319202306629,0.5685075819906363,1,8.438348770141602,8.7127685546875,0.0889568883859121,-0.020908927197349672,0.04065861971778751
1777876604.0838668,0.2768130617075739,-0.26966009983499406,0.5679532365094587,1,13.706684112548828,13.970136642456055,0.08312773401704275,-0.010037106801680781,0.04010427423660987
1777876604.1321974,0.273170040189888,-0.2643025980872597,0.5676507218395369,1,11.862039566040039,12.22085952758789,0.07948471249935685,-0.00467960505394642,0.039801759566688126
1777876604.186633,0.267367188656536,-0.2598501470289958,0.5665516155148674,1,15.891075134277344,16.2351131439209,0.07368186096600486,-0.0002271539956825025,0.03870265324201865
1777876604.2263556,0.2612226234684742,-0.25847265121165364,0.5649999624190828,1,6.023645401000977,6.239891052246094,0.067537295777943,0.0011503418216596145,0.037151000146233966
1777876604.2870424,0.25757968326845265,-0.25825440185927123,0.563820108675669,1,16.51740074157715,16.819000244140625,0.06389435557792146,0.0013685911740420192,0.035971146402820176
1777876604.333332,0.249438959734223,-0.2588910933499207,0.5608680891054223,1,12.608766555786133,13.00191879272461,0.05575363204369183,0.0007318996833925451,0.033019126832573444
1777876604.3863719,0.23939147247794404,-0.26064345652880205,0.5573103560360987,1,15.244007110595703,15.456676483154297,0.045706144787412854,-0.0010204634954887742,0.029461393763249865
1777876604.428252,0.23344598389022952,-0.262264563327142,0.5551419139405043,1,7.002830505371094,7.230997085571289,0.03976065619969836,-0.0026415702938287072,0.027292951667655406
1777876604.4831269,0.22156945092376865,-0.26644451719331086,0.5504918551699268,1,11.758565902709961,12.081384658813477,0.02788412323323746,-0.006821524159997608,0.022642892897078
1777876604.530492,0.2092687460802566,-0.27225291652390615,0.5451413240157156,1,8.43954086303711,8.725404739379883,0.015583418389725446,-0.012629923490592901,0.017292361742866705
1777876604.583779,0.20273912429151608,-0.2755036593504837,0.542374139780949,1,11.185407638549805,11.436939239501953,0.009053796600984905,-0.015880666317170458,0.014525177508100166
1777876604.633637,0.18919677164118068,-0.2830977750680033,0.5372309696051114,1,10.811328887939453,11.093616485595703,-0.004488556049350494,-0.02347478203469007,0.009382007332262625
1777876604.687674,0.17508979511254774,-0.29210849687308416,0.5332985117378513,1,14.678716659545898,15.02537727355957,-0.018595532577983444,-0.032485503839770904,0.005449549465002375
1777876604.7362537,0.1681851442889542,-0.2969610304232352,0.5319290900465317,1,13.177871704101562,13.514995574951172,-0.02550018340157697,-0.037338037389921905,0.004080127773682822
1777876604.8206284,0.15574733876927865,-0.3065627784480716,0.5296936277009413,1,47.60122299194336,47.82700538635254,-0.03793798892125254,-0.04693978541475834,0.0018446654280924943
1777876604.857319,0.14997936286963864,-0.31144392803411763,0.5286251962676646,1,32.672882080078125,32.89079666137695,-0.04370596482089253,-0.051820935000804355,0.000776233994815731
1777876604.9268186,0.1400708533690529,-0.3207744735791054,0.5271449363314404,1,51.230669021606445,51.45692825317383,-0.05361447432147828,-0.06115148054579213,-0.0007040259414084205
1777876604.9734476,0.1358788225945,-0.32608426952470815,0.5263836269023093,1,46.04458808898926,46.23913764953613,-0.05780650509603119,-0.0664612764913949,-0.0014653353705395417
1777876605.0325098,0.12748234253623855,-0.3411585832531282,0.5266352017618172,1,53.13253402709961,55.01556396484375,-0.06620298515429263,-0.08153559021981492,-0.0012137605110316488
1777876605.0829613,0.12619380878509773,-0.34609281937319736,0.5275173629485876,1,49.8661994934082,50.1101016998291,-0.06749151890543344,-0.0864698263398841,-0.0003315993242611337
1777876605.133819,0.12619380878509773,-0.34609281937319736,0.5275173629485876,0,50.71616172790527,50.72760581970215,-0.06751886342835747,-0.09625639347428182,0.0024039217109533273
1777876605.184316,0.12619380878509773,-0.34609281937319736,0.5275173629485876,0,49.68428611755371,49.696922302246094,-0.06421246153961785,-0.10518534536684278,0.0055857369020203
1777876605.238034,0.12619380878509773,-0.34609281937319736,0.5275173629485876,0,53.2221794128418,53.2383918762207,-0.06118385721213449,-0.10965733163699422,0.007004410104119861
1777876605.2939138,0.12619380878509773,-0.34609281937319736,0.5275173629485876,0,51.96022987365723,51.97429656982422,-0.057055197539327945,-0.11426974141088343,0.008349220113111643
1777876605.3281627,0.15410417034102764,-0.3873124495582158,0.5400490081653896,1,33.6155891418457,33.84661674499512,-0.039581157349503536,-0.12768945652490254,0.012200045892540742
1777876605.37502,0.16879019281892996,-0.3945837095827351,0.5446462845224019,1,30.31754493713379,30.529022216796875,-0.024895134871601214,-0.13496071654942182,0.016797322249553083
1777876605.461706,0.18713331354459084,-0.40055628852400793,0.5509852252171632,1,66.92934036254883,67.15130805969238,-0.006552014145940342,-0.14093329549069467,0.02313626294431435
1777876605.4667609,0.20571770541133633,-0.40458274113959375,0.5590450112311066,1,3.961801528930664,4.148006439208984,0.012032377720805136,-0.14495974810628048,0.031196048958257797
1777876605.524349,0.22502191171822122,-0.4073883601736059,0.5685367373330231,1,11.31439208984375,11.667966842651367,0.031336584027690045,-0.14776536714029265,0.040687775060174285
1777876605.5769608,0.2330497584216191,-0.4069889162818256,0.5740267758712736,1,13.811349868774414,14.08529281616211,0.039364430731087925,-0.14736592324851233,0.046177813598424766
1777876605.6251266,0.24612342495864983,-0.40360473269672986,0.5862904357491271,1,11.936187744140625,12.16435432434082,0.05243809726811866,-0.1439817396634166,0.05844147347627822
1777876605.7070389,0.2567600183226587,-0.39560719886029205,0.6018178305789378,1,43.78318786621094,44.02971267700195,0.06307469063212753,-0.1359842058269788,0.073968868306089
1777876605.7433448,0.26059262011274015,-0.3898269735402055,0.609998094132324,1,30.03239631652832,30.26890754699707,0.06690729242220896,-0.13020398050689225,0.08214913185947512
1777876605.7763739,0.2665682507880679,-0.3761223656301505,0.6251581926896383,1,11.921405792236328,12.218713760375977,0.07288292309753673,-0.11649937259683725,0.09730923041678957
1777876605.8278267,0.2705085922705198,-0.36139875106786856,0.6373386837429493,1,12.325048446655273,12.681245803833008,0.07682326457998864,-0.10177575803455531,0.10948972147010055
1777876605.8738148,0.27217001302613186,-0.35321233921046674,0.6427416120130602,1,8.342504501342773,8.591175079345703,0.07848468533560067,-0.09358934617715349,0.11489264974021135
1777876605.9283113,0.2751618287437232,-0.3354948859878012,0.65,1,12.713909149169922,13.001441955566406,0.08147650105319199,-0.07587189295448794,0.1230478268708419
1777876605.9781854,0.27805195291662943,-0.31749768866642303,0.65,1,12.460708618164062,12.811899185180664,0.08436662522609822,-0.05787469563310975,0.12744901358109406
1777876606.0219328,0.27954903724744007,-0.3086955020790151,0.65,1,6.229877471923828,6.485462188720703,0.08586370955690889,-0.04907250904570183,0.1284515405651479
1777876606.0744984,0.2811497293116264,-0.2899155450548029,0.65,1,8.60285758972168,8.875370025634766,0.08746440162109526,-0.030292552021489588,0.12956389827592432
1777876606.1302555,0.27909550559042373,-0.2710790682068661,0.65,1,14.314651489257812,14.544248580932617,0.08541017789989253,-0.011456075173552835,0.12785247987519116
1777876606.1710343,0.2763081822722413,-0.2617260865295347,0.65,1,5.030632019042969,5.252838134765625,0.08262285458171009,-0.0021030934962214393,0.12555440990548536
1777876606.2253642,0.2705830655525841,-0.2497840376427312,0.6493851287969341,1,8.454561233520508,8.715629577636719,0.07689773786205292,0.009838955390582077,0.12153616652408522
1777876606.2737947,0.26890617268605954,-0.24726561958999727,0.6479544497342091,1,5.634784698486328,5.846261978149414,0.07522084499552838,0.012357373443315986,0.12010548746136035
1777876606.3323677,0.26404124420264113,-0.23983452274651715,0.6438751032097533,1,14.01972770690918,14.316558837890625,0.07035591651210994,0.019788470286796117,0.11602614093690444
1777876606.3859854,0.24417935112733183,-0.2244522861971373,0.629375586345013,1,17.165422439575195,17.386913299560547,0.05049402343680065,0.03517070683617596,0.10152662407216423
1777876606.4296396,0.22185424621319388,-0.21437393479900432,0.6135467680087157,1,11.126279830932617,11.41357421875,0.028168918522662706,0.04524905823430895,0.08569780573586683
1777876606.4775345,0.21502544246472322,-0.21219258890780412,0.6087650060887999,1,8.835554122924805,9.115457534790039,0.02134011477419203,0.04743040412550914,0.08091604381595105
1777876606.5321987,0.21423878969933563,-0.2119594539227544,0.6082153881197794,1,13.351202011108398,13.669013977050781,0.020553462008804438,0.047663539110558865,0.08036642584693057
1777876606.5774238,0.1929467141177864,-0.217960408920133,0.5909213876118398,1,8.542299270629883,8.801698684692383,-0.0007386135727447578,0.041662584113180266,0.0630724253389909
1777876606.6237726,0.184663177149385,-0.22195628380220145,0.5832276457842815,1,4.542350769042969,4.788637161254883,-0.009022150541146199,0.03766670923111182,0.055378683511432686
1777876606.6817324,0.16701389921333454,-0.23839372088816613,0.5615489555372927,1,12.418270111083984,12.705087661743164,-0.026671428477196626,0.021229272145147124,0.033699993264443825
1777876606.736796,0.15659931822029094,-0.25524003156343517,0.54783497464455,1,17.247915267944336,17.55046844482422,-0.03708600947024024,0.004382961469878113,0.019986012371701167
1777876606.8321626,0.14844353134051252,-0.27279307568721345,0.5394860071445581,1,62.600135803222656,62.8354549407959,-0.045241796350018654,-0.013170082653900198,0.011637044871709277
1777876606.8668993,0.14401650481213418,-0.28202903291478904,0.5368358047642655,1,34.1486930847168,34.35945510864258,-0.04966882287839699,-0.022406039881475756,0.008986842491416708
1777876606.9131458,0.13582457664804046,-0.30005466118377544,0.5346571040717377,1,30.275344848632812,30.495882034301758,-0.05786075104249072,-0.04043166815046216,0.006808141798888889
1777876606.985092,0.1303496022351095,-0.31664114434097973,0.5365068056940026,1,51.51510238647461,51.790714263916016,-0.0633357254554217,-0.05701815130766648,0.008657843421153742
1777876607.032829,0.12927831613541663,-0.3350880552349158,0.5412085582466102,1,46.5388298034668,46.82159423828125,-0.06440701155511457,-0.07546506220160255,0.013359595973761323
1777876607.0812218,0.12927831613541663,-0.3350880552349158,0.5412085582466102,0,45.13096809387207,45.145273208618164,-0.06302854277803234,-0.08403479260447617,0.0167640781267479
1777876607.1411536,0.12927831613541663,-0.3350880552349158,0.5412085582466102,0,54.98862266540527,55.01055717468262,-0.05519385615101413,-0.10050506427997481,0.0244040244543416
1777876607.1924522,0.12927831613541663,-0.3350880552349158,0.5412085582466102,0,51.09977722167969,51.113128662109375,-0.04142556664373916,-0.11520224982700829,0.03278785265212871
1777876607.2401447,0.1609869937899008,-0.3810684715273353,0.5650785283069466,1,46.581268310546875,46.82135581970215,-0.032698333900630365,-0.12144547849402205,0.03722956603409777
1777876607.279923,0.18162121816293164,-0.3912947199630914,0.574876991940112,1,35.95757484436035,36.1781120300293,-0.012064109527599525,-0.13167172692977813,0.0470280296672632
1777876607.330564,0.20433996998376275,-0.3951879731153819,0.5840026462888804,1,36.253929138183594,36.50808334350586,0.010654642293231572,-0.13556498008206863,0.05615368401603162
1777876607.3505847,0.2281472230316466,-0.3940286278079021,0.591349111870304,1,6.1931610107421875,6.44683837890625,0.03446189534111543,-0.13440563477458883,0.06350014959745523
1777876607.4087,0.2398328678947945,-0.3917035908388748,0.5941707597854193,1,13.731718063354492,13.996362686157227,0.04614754020426332,-0.13208059780556153,0.06632179751257049
1777876607.4907737,0.2612526473383281,-0.3818314369012288,0.5982342931145141,1,45.15790939331055,45.40371894836426,0.06756731964779693,-0.12220844386791553,0.07038533084166526
1777876607.5528958,0.27874256689019106,-0.36472223693210903,0.6013043066491484,1,57.135820388793945,57.3885440826416,0.08505723919965989,-0.10509924389879578,0.07345534437629958
1777876607.5987697,0.2862067305025208,-0.3536711133015968,0.602442284805232,1,45.48287391662598,45.720577239990234,0.09252140281198966,-0.09404812026828353,0.0745933225323832
1777876607.6511621,0.2991549382098293,-0.3269064543732152,0.6039803728381502,1,47.75643348693848,47.99175262451172,0.10546961051929811,-0.06728346133990194,0.07613141056530137
1777876607.6848123,0.3,-0.2968593634864196,0.6042894372104753,1,30.944108963012695,31.156539916992188,0.11480947760928555,-0.03723637045310636,0.0764404749376265
1777876607.750924,0.3,-0.26546512907164477,0.6027273643824022,1,46.27537727355957,46.58055305480957,0.1200193772214768,-0.005842136038331516,0.07487840210955336
1777876607.8061504,0.3,-0.2539757720478572,0.601683286480441,1,51.53083801269531,51.732540130615234,0.11895087222904396,0.005647220985456072,0.0738343242075922
1777876607.8463192,0.3,-0.24418974371268226,0.6003271126436007,1,39.36290740966797,39.5815372467041,0.11650777221564566,0.015433249320631004,0.07247815037075184
1777876607.9089885,0.2994242131083505,-0.21423392233441285,0.5942441290550501,1,51.773786544799805,51.99933052062988,0.10573888541781933,0.04538907069890042,0.06639516678220123
1777876607.940522,0.2941768091455494,-0.2059573028506594,0.5917691150076972,1,30.852556228637695,31.063318252563477,0.10049148145501823,0.05366569018265385,0.06392015273484845
1777876607.9907227,0.2830810895486285,-0.19562618851799926,0.5860642021901573,1,30.981063842773438,31.209468841552734,0.08939576185809732,0.063996804515314,0.05821523991730852
1777876608.0138974,0.268405126601149,-0.19206082725761933,0.5794127506998066,1,4.098415374755859,4.301309585571289,0.07471979891061781,0.06756216577569393,0.05156378842695779
1777876608.0654576,0.24895216301153067,-0.19412635945281648,0.5726994417978665,1,5.324840545654297,5.541086196899414,0.05526683532099948,0.06549663358049679,0.04485047952501768
1777876608.116402,0.2407290040085999,-0.1975561454590548,0.5692467545817083,1,6.147146224975586,6.400585174560547,0.04704367631806871,0.06206684757425846,0.04139779230885946
1777876608.1769924,0.22103128830014213,-0.20755580808043478,0.5612774295585014,1,16.497135162353516,16.87145233154297,0.027345960609610954,0.0520671849528785,0.0334284672856525
1777876608.2238688,0.20107056041358667,-0.22082155336983594,0.5527765011619696,1,12.847900390625,13.224601745605469,0.007385232723055505,0.03880143966347731,0.02492753888912079
1777876608.2737062,0.1917183200332918,-0.2287696173271065,0.5485946368356873,1,12.589454650878906,12.892723083496094,-0.001967007657239361,0.03085337570620679,0.02074567456283849
1777876608.3254333,0.17498188494781292,-0.24548509588465173,0.5411558700503949,1,14.200210571289062,14.546394348144531,-0.018703442742718273,0.014137897148661524,0.013306907777546013
1777876608.3797572,0.16029719556405317,-0.2627660927284104,0.5343862847780186,1,17.790555953979492,18.13673973083496,-0.03338813212647801,-0.003143099695097115,0.006537322505169758
1777876608.420962,0.15352736720415408,-0.2715887462865843,0.5315671998284114,1,8.19087028503418,8.440256118774414,-0.040157960486377105,-0.011965753253271025,0.003718237555562519
1777876608.522263,0.14152775404118142,-0.2890371019080252,0.5279294772957694,1,59.270620346069336,59.530019760131836,-0.052157573649349746,-0.029414108874711922,8.051502292066859e-05
1777876608.570561,0.13581049006425316,-0.29796139885475487,0.5271523881703186,1,47.63364791870117,47.90520668029785,-0.05787483762627801,-0.03833840582144159,-0.0006965741025301703
1777876608.6198149,0.12646079845757435,-0.315245865624153,0.5268218516909405,1,46.68569564819336,46.98348045349121,-0.06722452923295681,-0.05562287259083977,-0.0010271105819083456
1777876608.6688707,0.12111664084298991,-0.3319463691894194,0.5277700791885146,1,45.729875564575195,45.98045349121094,-0.07256868684754127,-0.07232337615610614,-7.888308433418728e-05
1777876608.7377055,0.12111664084298991,-0.3319463691894194,0.5277700791885146,0,64.10360336303711,64.11862373352051,-0.07377232871918273,-0.08848409300346523,0.003784307659832613
1777876608.786715,0.12111664084298991,-0.3319463691894194,0.5277700791885146,0,48.38871955871582,48.403263092041016,-0.06888584789963785,-0.10509109146382058,0.010972870704293113
1777876608.8250005,0.12111664084298991,-0.3319463691894194,0.5277700791885146,0,35.52556037902832,35.54368019104004,-0.05702181637075555,-0.12048443276121097,0.018775245845676455
1777876608.873843,0.15368181433758193,-0.3926374205411829,0.5541383051820493,1,34.12675857543945,34.36851501464844,-0.04000351335294923,-0.13301442750786963,0.026289342909200535
1777876608.9237592,0.16425626126230986,-0.39763390161522927,0.5585117100140341,1,33.96415710449219,34.20233726501465,-0.029429066428221316,-0.138010908581916,0.030662747741185263
1777876608.973619,0.18883942027214343,-0.4043223153162178,0.5671545988335839,1,33.699750900268555,33.95223617553711,-0.0048459074183877645,-0.14469932228290455,0.039305636560735005
1777876609.0019763,0.20259453162652766,-0.40582315893086945,0.5716948884134987,1,11.883974075317383,12.205839157104492,0.008909203935996491,-0.1462001658975562,0.04384592614064981
1777876609.0463161,0.23141227669137482,-0.40361256849968374,0.5805018788062978,1,6.15692138671875,6.393671035766602,0.03772694900084363,-0.14398957546637048,0.05265291653344897
1777876609.136048,0.2595212693471637,-0.3926233129248558,0.589302000002413,1,45.598745346069336,45.77207565307617,0.0658359416566325,-0.13300031989154254,0.061453037729564175
1777876609.17419,0.2726850149884932,-0.38389691307060747,0.5927283971331094,1,32.69839286804199,32.927751541137695,0.078999687297962,-0.12427392003729422,0.06487943486026057
1777876609.2229943,0.29494282712364506,-0.3607120460657714,0.5971134133511717,1,31.395912170410156,31.64815902709961,0.10125749943311387,-0.10108905303245812,0.06926445107832291
1777876609.2731373,0.3,-0.3285325895709443,0.5990977320939836,1,31.316757202148438,31.553268432617188,0.11869365783700092,-0.06890959653763103,0.07124876982113487
1777876609.326657,0.3,-0.2939653271048819,0.5980727312795555,1,34.819602966308594,35.05086898803711,0.12831216761293326,-0.03434233407156863,0.07022376900670671
1777876609.390865,0.3,-0.2775778335556964,0.5968634891982497,1,48.8889217376709,49.12924766540527,0.13015856548124957,-0.017954840522383123,0.06901452692540086
1777876609.429645,0.3,-0.24841992579212868,0.5919902067141677,1,37.70327568054199,37.90545463562012,0.12949273113826992,0.011203067241184597,0.06414124444131884
1777876609.4730303,0.3,-0.22800051216153672,0.5867093021300889,1,30.922889709472656,31.166791915893555,0.12023053728342446,0.031622480871776555,0.05886033985724005
1777876609.5237982,0.3,-0.2214595154876147,0.583772061156013,1,31.609773635864258,31.843900680541992,0.11164611770714251,0.03816347754569857,0.05592309888316413
1777876609.54701,0.28141732780369283,-0.21684278520603856,0.5779380791080397,1,4.717588424682617,4.996538162231445,0.08773200011316165,0.042780207827274694,0.05008911683519086
1777876609.6053412,0.24522571052642972,-0.22267935764718097,0.5691390539339901,1,12.490510940551758,12.810230255126953,0.05154038283589855,0.036943635386132295,0.04129009166114127
1777876609.6588948,0.22312577104762152,-0.2293792249965126,0.5633900273122265,1,15.871286392211914,16.29328727722168,0.029440443357090347,0.03024376803680067,0.03554106503937772
1777876609.7054965,0.18543171205693937,-0.2463307774473763,0.550604139274083,1,12.472391128540039,12.791872024536133,-0.008253615633591817,0.013292215585936948,0.022755177001234188
1777876609.8003855,0.15275129620155561,-0.26704989330800843,0.5369064269122036,1,57.409048080444336,57.64269828796387,-0.04093403148897556,-0.007426900274695156,0.009057464639354751
1777876609.897451,0.12100650652634413,-0.29768061344296626,0.5255469823987071,1,46.566009521484375,46.792030334472656,-0.07267882116418704,-0.03805762040965298,-0.002301979874141692
1777876609.933914,0.11099676585331857,-0.3161007429898958,0.5254597685388882,1,31.24403953552246,31.48341178894043,-0.08268856183721261,-0.05647774995658254,-0.0023891937339606054
1777876609.9834065,0.11099676585331857,-0.3161007429898958,0.5254597685388882,0,30.88974952697754,30.907630920410156,-0.0857724606565111,-0.0751105067901552,0.00198091027352839
1777876610.033255,0.11099676585331857,-0.3161007429898958,0.5254597685388882,0,30.646324157714844,30.660390853881836,-0.08462223256051767,-0.08435059451642808,0.005143131440741369
1777876610.0845437,0.11099676585331857,-0.3161007429898958,0.5254597685388882,0,31.85105323791504,31.86798095703125,-0.07593022817665805,-0.10293674673029786,0.013513215099816456
1777876610.1364126,0.11099676585331857,-0.3161007429898958,0.5254597685388882,0,31.604766845703125,33.70308876037598,-0.06842496788306061,-0.11098046050661116,0.017327312438345628
1777876610.1896563,0.11099676585331857,-0.3161007429898958,0.5254597685388882,0,36.83876991271973,36.853790283203125,-0.04911211774833935,-0.12393134021401649,0.02416598488342591
1777876610.2347465,0.1725874702419473,-0.3921873159384198,0.5601734228171261,1,31.628131866455078,31.8453311920166,-0.021097857448583897,-0.13256432290510656,0.032324460544277324
1777876610.257838,0.20461521176359482,-0.3936221550556876,0.5694114141307727,1,4.698991775512695,4.872798919677734,0.010929884073063638,-0.13399916202237433,0.041562451857923864
1777876610.3161566,0.22013011788845163,-0.3919135837115656,0.5743541721719195,1,12.765645980834961,13.08298110961914,0.026444790197920454,-0.13229059067825233,0.04650520989907074
1777876610.3672972,0.24801230061421356,-0.38579324157663375,0.5827587732720287,1,13.822317123413086,14.137983322143555,0.05432697292368238,-0.12617024854332048,0.054909810999179895
1777876610.4478176,0.27288277758367796,-0.3654046513636827,0.5919737451781556,1,44.35849189758301,44.577836990356445,0.07919744989314678,-0.10578165833036947,0.06412478290530679
1777876610.484694,0.28333049773905705,-0.352993372737918,0.5950372313182047,1,30.79962730407715,30.999422073364258,0.08964517004852587,-0.0933703797046047,0.06718826904535588
1777876610.536651,0.2994196420127566,-0.3254634825563302,0.5967059200380697,1,32.06324577331543,32.27519989013672,0.10573431432222546,-0.06584048952301692,0.06885695776522086
1777876610.586959,0.3,-0.29829338155619795,0.5952870632671259,1,32.1650505065918,32.37771987915039,0.11518347441850073,-0.038670388522884694,0.06743810099427705
1777876610.6350887,0.3,-0.28478055503221583,0.5940367344634752,1,30.271530151367188,30.47657012939453,0.11781297957675076,-0.02515756199890258,0.06618777219062635
1777876610.7009833,0.3,-0.2595303399393162,0.5910763941326793,1,46.08297348022461,46.245574951171875,0.11878009574802059,9.265309399705823e-05,0.06322743185983046
1777876610.7347913,0.3,-0.23846586396591196,0.5874959446547718,1,29.705047607421875,29.88910675048828,0.11346766647702422,0.02115712906740129,0.05964698238192301
1777876610.7888887,0.3,-0.2316381090657828,0.5857485666599356,1,32.703399658203125,32.88412094116211,0.1086501861557615,0.027984883967530474,0.05789960438708674
1777876610.8113525,0.2879566200135212,-0.22960547757639949,0.582903500468928,1,5.000114440917969,5.241155624389648,0.09427129232298999,0.030017515456913793,0.055054538196079174
1777876610.8649952,0.2724908814495197,-0.23000712240666243,0.5787866007439891,1,8.579254150390625,8.815526962280273,0.07880555375898857,0.029615870626650845,0.05093763847114035
1777876610.921429,0.26206285337687585,-0.2320498150887122,0.5763222495250084,1,14.881610870361328,15.187978744506836,0.06837752568634466,0.027573177944601082,0.04847328725215964
1777876610.969741,0.2395728506846145,-0.23971297357294813,0.5700013747214607,1,13.095855712890625,13.380050659179688,0.04588752299408332,0.019910019460365122,0.04215241244861186
1777876611.016494,0.21633796099263092,-0.2513686296743012,0.5621666403979783,1,9.744644165039062,10.017871856689453,0.022652633302099753,0.00825436335901207,0.034317678125129425
1777876611.06156,0.2049972997965859,-0.25837885643081937,0.5578791749092744,1,4.71949577331543,4.966497421264648,0.011311972106054719,0.001244136602493881,0.030030212636425538
1777876611.1185322,0.18381821458659378,-0.27342801611020673,0.5500805036980758,1,11.570215225219727,11.878490447998047,-0.009867113103937385,-0.01380502307689345,0.022231541425227024
1777876611.2249691,0.1651091870874629,-0.28847168991851213,0.5440172862076934,1,67.77358055114746,67.9788589477539,-0.028576140603068297,-0.028848696885198852,0.01616832393484456
1777876611.279522,0.1502332891232338,-0.30262605771225026,0.5394681449625868,1,53.258657455444336,53.45654487609863,-0.04345203856729736,-0.04300306467893701,0.01161918268973789
1777876611.3099205,0.13934643858347434,-0.3167178939573472,0.5362995673556998,1,29.900550842285156,30.162572860717773,-0.054338889107056844,-0.05709490092403392,0.008450605082850997
1777876611.3609145,0.13535433580778827,-0.3235954436714005,0.5353324913581328,1,30.853271484375,31.055450439453125,-0.058330991882742905,-0.0639724506380872,0.007483529085283887
1777876611.4107773,0.13078302299769934,-0.337177777872387,0.5357082660220637,1,30.612945556640625,30.82728385925293,-0.06290230469283184,-0.07755478483907376,0.007859303749214841
1777876611.4608145,0.13078302299769934,-0.337177777872387,0.5357082660220637,0,30.7619571685791,30.77530860900879,-0.06266261799995546,-0.08935493666061818,0.010587136120343545
1777876611.5114884,0.13078302299769934,-0.337177777872387,0.5357082660220637,0,31.36134147644043,31.380414962768555,-0.06068136733773765,-0.09535304883179009,0.012570634680224659
1777876611.5606034,0.13078302299769934,-0.337177777872387,0.5357082660220637,0,30.39836883544922,30.41696548461914,-0.051840989381163695,-0.10722092847895183,0.017435565124544507
1777876611.6237347,0.15536907796347157,-0.37594147179196247,0.5506891150806341,1,43.289899826049805,43.49946975708008,-0.038316249727059604,-0.11631847875864922,0.02284015280778523
1777876611.660636,0.17295117602892587,-0.3831575158246108,0.5564375103630796,1,30.100107192993164,30.31158447265625,-0.02073415166160531,-0.1235345227912975,0.028588548090230776
1777876611.7118943,0.18338410085782497,-0.3858989893025195,0.559743518631659,1,31.18753433227539,31.421184539794922,-0.010301226832706192,-0.12627599626920621,0.03189455635881026
1777876611.736245,0.2042846650521179,-0.38935113349110456,0.5667688852857634,1,5.534648895263672,5.722522735595703,0.010599337361586714,-0.1297281404577913,0.038919923012914616
1777876611.7938235,0.22511066182409437,-0.38986759155249767,0.5743830310317324,1,12.716293334960938,12.99905776977539,0.031425334133563194,-0.1302445985191844,0.04653406875888355
1777876611.844239,0.23466566155353774,-0.3890773057666833,0.5780229812753271,1,13.042688369750977,13.325929641723633,0.040980333863006556,-0.12945431273337005,0.05017401900247832
1777876611.8948076,0.25255011002126254,-0.3849922425903645,0.5842246770444517,1,13.537406921386719,13.80777359008789,0.058864782330731384,-0.12536924955705125,0.05637571477160282
1777876611.9922276,0.2690300475523644,-0.377544932519567,0.588892794816665,1,60.935020446777344,61.16008758544922,0.07534471986183325,-0.11792193948625375,0.06104383254381623
1777876612.0940714,0.28999901783521903,-0.36002405141796556,0.5927194905738349,1,50.94480514526367,51.15318298339844,0.09631369014468787,-0.10040105838465228,0.06487052830098601
1777876612.1244116,0.2956014939693579,-0.3526917069753621,0.593489382694446,1,29.804229736328125,29.995203018188477,0.10191616627882673,-0.09306871394204887,0.06564042042159711
1777876612.1792758,0.3,-0.3292574853573591,0.5953920907783591,1,34.36589241027832,34.72900390625,0.11448571472982089,-0.06963449232404582,0.06754312850551025
1777876612.233345,0.3,-0.3216860355660991,0.595590622610966,1,38.213253021240234,38.45643997192383,0.11716564332523619,-0.06206304253278584,0.06774166033811717
1777876612.3004587,0.3,-0.30626812056797953,0.5951775547157939,1,55.191755294799805,55.35483360290527,0.12102393694555784,-0.04664512753466625,0.06732859244294509
1777876612.3304427,0.3,-0.29101871519395345,0.5939366603895619,1,29.618501663208008,29.8004150390625,0.12224287066047261,-0.031395722160640196,0.06608769811671314
1777876612.38184,0.3,-0.27725823592111587,0.5929751933052196,1,30.88688850402832,31.113624572753906,0.11857710985766946,-0.017635242887802605,0.06512623103237086
1777876612.4308062,0.3,-0.271223676148299,0.5922426728007479,1,29.7849178314209,30.025243759155273,0.11538944451745224,-0.011600683114985758,0.06439371052789909
1777876612.4838161,0.2991093079851682,-0.26072141506801805,0.5898477060878193,1,32.10854530334473,32.34124183654785,0.10542398029463701,-0.0010984220347047685,0.06199874381497049
1777876612.506961,0.2876448127489485,-0.25371313090950876,0.5871428735513267,1,5.281209945678711,5.471706390380859,0.09395948505841732,0.005909862123804482,0.05929391127847784
1777876612.563254,0.2817040630479434,-0.251474946264016,0.58546899449204,1,11.35873794555664,11.671304702758789,0.0880187353574122,0.00814804676929723,0.05762003221919118
1777876612.6173613,0.2695576237991576,-0.24984109527929826,0.5817561162011066,1,15.39468765258789,15.668869018554688,0.07587229610862645,0.009781897754015001,0.05390715392825778
1777876612.6650074,0.2563077279170146,-0.2511845812053474,0.577715750758597,1,12.989044189453125,13.247966766357422,0.06262240022648345,0.008438411827965828,0.04986678848574823
1777876612.71506,0.2495843038835105,-0.2531014407489386,0.5756491576650479,1,12.018680572509766,13.221025466918945,0.05589897619297931,0.00652155228437469,0.047800195392199
1777876612.7671983,0.23617712642659186,-0.2586624818210925,0.5713862441729657,1,14.992713928222656,15.2740478515625,0.04249179873606069,0.0009605112122207382,0.043537281900116895
1777876612.8168557,0.2227081892997933,-0.2667888533598159,0.5671413871441457,1,14.588356018066406,14.870643615722656,0.02902286160926213,-0.007165860326502613,0.03929242487129694
1777876612.8670626,0.21583207557911274,-0.2715747027052878,0.5648201775392014,1,14.499187469482422,14.776945114135742,0.022146747888581564,-0.011951709671974495,0.03697121526635258
1777876612.9065032,0.20147639829356437,-0.2825006569874798,0.5598104597409511,1,4.0035247802734375,4.201650619506836,0.0077910706030332,-0.022877663954166502,0.03196149746810231
1777876612.9673164,0.18750032000615613,-0.29431622550796815,0.5555097931320291,1,13.674736022949219,13.993978500366211,-0.006185007684375035,-0.0346932324746549,0.027660830859180273
1777876613.0462375,0.18066349809079774,-0.30028534365046305,0.553596981682788,1,41.290283203125,41.49222373962402,-0.013021829599733444,-0.0406623506171498,0.02574801940993918
1777876613.0845551,0.16649109753144362,-0.3123697593286436,0.5498472618453913,1,29.573440551757812,29.77728843688965,-0.027194230159087555,-0.05274676629533033,0.021998299572542547
1777876613.1348915,0.15345465336629988,-0.3247551190756511,0.5458304379135084,1,29.828548431396484,30.04765510559082,-0.04023067432423131,-0.0651321260423378,0.017981475640659578
1777876613.189776,0.14750766528554757,-0.3302968132280264,0.5442222607338001,1,34.61027145385742,34.78240966796875,-0.04617766240498362,-0.07067382019471315,0.01637329846095121
1777876613.2417426,0.13613047079897023,-0.3398991575843427,0.5422648178328581,1,34.21187400817871,34.398794174194336,-0.05755485689156096,-0.08027616455102944,0.014415855560009266
1777876613.2909093,0.13613047079897023,-0.3398991575843427,0.5422648178328581,0,33.258676528930664,33.27441215515137,-0.06819767587124136,-0.08843160568095522,0.013992416782816507
1777876613.3380337,0.13613047079897023,-0.3398991575843427,0.5422648178328581,0,30.268192291259766,30.28273582458496,-0.07282518094916952,-0.09210779132156104,0.014321937368560328
1777876613.3902664,0.13613047079897023,-0.3398991575843427,0.5422648178328581,0,32.45067596435547,32.46450424194336,-0.07917771434354666,-0.09884824017093415,0.016237191756622416
1777876613.4422276,0.13613047079897023,-0.3398991575843427,0.5422648178328581,0,34.1029167175293,34.11602973937988,-0.08119302712909517,-0.10562668701422791,0.01992087047611864
1777876613.5139444,0.13613047079897023,-0.3398991575843427,0.5422648178328581,0,55.69648742675781,55.71746826171875,-0.08043599459714772,-0.1092814451792153,0.022231361948623643
1777876613.55219,0.13613047079897023,-0.3398991575843427,0.5422648178328581,0,38.076162338256836,38.086891174316406,-0.07519940406961195,-0.11669136588047964,0.02734838907462649
1777876613.6270344,0.13613047079897023,-0.3398991575843427,0.5422648178328581,0,62.722206115722656,62.73508071899414,-0.06517651054341708,-0.12451137242780742,0.03241858208423281
1777876613.657855,0.13613047079897023,-0.3398991575843427,0.5422648178328581,0,30.663251876831055,30.67493438720703,-0.051405654678246246,-0.1319836064285702,0.03775278602015387
1777876613.707196,0.13613047079897023,-0.3398991575843427,0.5422648178328581,0,29.910802841186523,29.925107955932617,-0.03547203369544281,-0.13794340519977555,0.04291321584095847
1777876613.757429,0.13613047079897023,-0.3398991575843427,0.5422648178328581,0,30.063152313232422,30.077219009399414,-0.026379650462942474,-0.140627440959731,0.04591920364577283
1777876613.8083231,0.1876178784448144,-0.40278701054803323,0.5799333824229226,1,30.70664405822754,30.925750732421875,-0.0060674492457167845,-0.14316401751471997,0.0520844201500738
1777876613.8592768,0.20841596480785926,-0.4028581869694844,0.5858104667884348,1,31.543970108032227,31.773090362548828,0.01473063711732808,-0.14323519393617112,0.05796150451558597
1777876613.8817546,0.21925823169298425,-0.4021044455886784,0.5883739439285703,1,4.013538360595703,4.187107086181641,0.02557290400245308,-0.14248145255536515,0.06052498165572154
1777876613.935616,0.23836861279487237,-0.39819309280230847,0.5928741832818265,1,7.770776748657227,8.00013542175293,0.04468328510434119,-0.1385700997689952,0.06502522100897766
1777876613.9821656,0.25542034567587696,-0.3896303406541444,0.5957180063271476,1,4.236936569213867,4.462003707885742,0.06173501798534576,-0.13000734762083116,0.06786904405429872
1777876614.0697696,0.2630661121286878,-0.3839585866914109,0.5962324579674466,1,41.76521301269531,41.97049140930176,0.06938078443815661,-0.12433559365809767,0.0683834956945978
1777876614.1081903,0.2758918279866892,-0.3704087883705009,0.5960838229884989,1,30.066728591918945,30.314207077026367,0.08220650029615802,-0.11078579533718765,0.06823486071565009
1777876614.1581063,0.28601102150034524,-0.3551498398602727,0.5954361674945835,1,29.939889907836914,30.17115592956543,0.09232569380981405,-0.09552684682695943,0.06758720522173471
1777876614.2087498,0.290312863524396,-0.3477892124221524,0.5952102051557355,1,30.51304817199707,30.72357177734375,0.09662753583386484,-0.08816621938883913,0.06736124288288665
1777876614.2584639,0.29684693526548533,-0.33258749612237226,0.5948475968037588,1,30.15875816345215,30.376195907592773,0.10316160757495414,-0.07296450308905898,0.06699863453090987
1777876614.309937,0.3,-0.3163931454177677,0.59407204090641,1,31.579017639160156,31.795501708984375,0.10758343310932975,-0.056770152384454445,0.0662230786335612
1777876614.3592622,0.3,-0.3088907520867812,0.5935662077685288,1,30.803203582763672,31.024694442749023,0.10919567083821972,-0.049267759053467905,0.06571724549567994
1777876614.4097047,0.3,-0.2948016669352514,0.5924915010632882,1,31.145095825195312,31.386375427246094,0.1113161130647168,-0.03517867390193814,0.06464253879043932
1777876614.4705162,0.3,-0.2821656421339626,0.5912618621516416,1,41.814565658569336,42.08183288574219,0.11100457051381783,-0.022542649100649334,0.0634128998787927
1777876614.5264583,0.3,-0.276391939200468,0.5904815852132954,1,47.73449897766113,47.96886444091797,0.11001477782847623,-0.016768946167154727,0.06263262294044661
1777876614.5771759,0.3,-0.2662794573366348,0.5886380276199776,1,46.90718650817871,47.14632034301758,0.10664869682043614,-0.006656464303321494,0.060789065347128746
1777876614.5888798,0.29306093563120184,-0.25699772119152275,0.5860763025539332,1,8.37850570678711,8.629798889160156,0.09937560794067063,0.0026252718417905385,0.05822734028108437
1777876614.6401799,0.2821584210638039,-0.24945171758262208,0.5832741291193014,1,9.638071060180664,9.89985466003418,0.08847309337327271,0.0101712754506912,0.05542516684645262
1777876614.6932244,0.2761683659080662,-0.24655671508307353,0.5813468328165723,1,12.535333633422852,12.842178344726562,0.08248303821753501,0.01306627795023975,0.05349787054372351
1777876614.749281,0.26419700961125014,-0.2432563599323698,0.5773320013966757,1,18.434762954711914,18.800735473632812,0.07051168192071895,0.016366633100943467,0.04948303912382686
1777876614.794011,0.2504733460641638,-0.24299884757775608,0.5727335568727602,1,12.992620468139648,13.289690017700195,0.05678801837363267,0.016624145455557196,0.044884594599911336
1777876614.8445873,0.24255466173125043,-0.24361193694010008,0.5701861379908091,1,13.424158096313477,13.738393783569336,0.048869334040719255,0.01601105609321317,0.042337175717960224
1777876614.8927903,0.22697913945995346,-0.24658027812878913,0.5650195038024739,1,11.482715606689453,11.77835464477539,0.03329381176942227,0.013042714904524147,0.03717054152962508
1777876614.9451904,0.21153080497881938,-0.2513592254260565,0.5598875614480786,1,13.461828231811523,14.025449752807617,0.01784547728828819,0.008263767607256764,0.032038599175229734
1777876614.987895,0.20383324593187843,-0.2543492986752766,0.5574280809632461,1,6.406545639038086,6.639242172241211,0.010147918241347262,0.005273694358036665,0.02957911869039734
1777876615.0446818,0.18864564037277737,-0.2612188011201267,0.5523606454886141,1,12.948989868164062,13.266324996948242,-0.005039687317753813,-0.0015958080868134078,0.024511683215765228
1777876615.0908859,0.17443809492574017,-0.26834363909287273,0.5465285344034458,1,9.02104377746582,9.321451187133789,-0.019247232764791004,-0.008720646059559481,0.01867957213059701
1777876615.1484997,0.167981889118198,-0.27168276168530797,0.5431474212075377,1,16.590595245361328,16.80302619934082,-0.025703438572333183,-0.01205976865199472,0.015298458934688813
1777876615.2302384,0.15721250839858195,-0.27855145389968244,0.5370595284620198,1,48.24423789978027,48.470258712768555,-0.03647281929194924,-0.018928460866369165,0.00921056618917098
1777876615.272887,0.15243843837389714,-0.2821654825370489,0.5341591474067294,1,40.42792320251465,40.6794548034668,-0.04124688931663405,-0.02254248950373562,0.006310185133880604
1777876615.3426304,0.14452280363324274,-0.2903452153520186,0.5300942775721196,1,60.15801429748535,60.35017967224121,-0.049162524057288444,-0.030722222318705347,0.0022453152992706893
1777876615.3810754,0.13937869124379626,-0.2984901305100454,0.5272660520062961,1,38.11526298522949,38.294076919555664,-0.054306636446734925,-0.038867137476732164,-0.0005829102665527719
1777876615.4230285,0.136739628318529,-0.3070341499874197,0.5250458623982072,1,29.82354164123535,30.026674270629883,-0.05694569937200216,-0.0474111569541064,-0.0028030998746417096
1777876615.4786181,0.13646896584564747,-0.31187217583364846,0.5247445775466076,1,32.5770378112793,32.82356262207031,-0.05721636184488371,-0.05224918280033518,-0.00310438472624118
1777876615.5262008,0.13769299663130835,-0.32161698065420335,0.5254482645985457,1,30.126571655273438,30.33757209777832,-0.055992331059222834,-0.061993987620890076,-0.0024006976743032316
1777876615.576326,0.1419745430342168,-0.3336769067311324,0.5280133404711502,1,30.1513671875,30.37548065185547,-0.05171078465631439,-0.07405391369781918,0.00016437819830140282
1777876615.6262796,0.14933303717919227,-0.34620764437171514,0.5300469867291784,1,30.059337615966797,30.271530151367188,-0.04435229051133892,-0.08658465133840189,0.002198024456329571
1777876615.684668,0.15387727359112624,-0.3521320064124681,0.5310972489264416,1,36.91864013671875,37.109375,-0.039808054099404924,-0.09250901337915486,0.0032482866535928356
1777876615.7278297,0.16680248244018547,-0.3641806750981189,0.5319456253076216,1,29.97589111328125,30.201196670532227,-0.02688284525034572,-0.10455768206480566,0.00409666303477272
1777876615.7781436,0.18164114899582146,-0.37608426099145487,0.5328885284952674,1,30.229568481445312,30.450820922851562,-0.012044178694709733,-0.11646126795814161,0.005039566222418475
1777876615.8023665,0.19733254777705433,-0.3862583497507799,0.5352532383349056,1,3.953695297241211,4.131317138671875,0.0036472200865231477,-0.12663535671746662,0.007404276062056722
1777876615.8601272,0.20559683515413144,-0.39030624255728386,0.536792100403139,1,11.452198028564453,11.734485626220703,0.011911507463600266,-0.1306832495239706,0.008943138130290115
1777876615.91175,0.22144308999448953,-0.3960893978056899,0.5405330748589651,1,12.893915176391602,13.261556625366211,0.027757762303958343,-0.13646640477237665,0.012684112586116188
1777876615.9611254,0.22860404790125347,-0.3974920596255997,0.5428914289199318,1,12.21323013305664,12.603044509887695,0.03491872021072229,-0.13786906659228643,0.015042466647082982
1777876616.0449297,0.2417374730590247,-0.39639783910431264,0.5488497537936324,1,46.11396789550781,46.32568359375,0.048052145368493525,-0.13677484607099938,0.021000791520783553
1777876616.0816448,0.2549065271011259,-0.39245500789255267,0.555406736597107,1,30.192136764526367,30.40766716003418,0.061221199410594694,-0.1328320148592394,0.02755777432425819
1777876616.1500843,0.26097518520039087,-0.38952623385957924,0.5581871502472046,1,48.04277420043945,48.281192779541016,0.06728985750985968,-0.12990324082626598,0.03033818797435571
1777876616.1847088,0.2715723922834429,-0.3815065251456767,0.5623883335678642,1,32.28116035461426,32.48906135559082,0.07788706459291168,-0.12188353211236343,0.03453937129501542
1777876616.2333326,0.28054445090694735,-0.37070369592382746,0.566528360114638,1,30.767202377319336,30.98130226135254,0.08685912321641615,-0.11108070289051421,0.03867939784178924
1777876616.2836869,0.2887488372480477,-0.3579016056938864,0.5696058988902147,1,30.841827392578125,31.060457229614258,0.09506350955751648,-0.09827861266057315,0.04175693661736592
1777876616.3335423,0.2923131419233132,-0.3515080738742019,0.5708458075817328,1,30.599355697631836,30.829191207885742,0.09862781423278202,-0.09188508084088866,0.04299684530888389
1777876616.4199946,0.29704474010001275,-0.336854080376922,0.5739487369007491,1,66.93792343139648,67.20328330993652,0.10335941240948157,-0.07723108734360874,0.04609977462790032
1777876616.4527655,0.2993421679398192,-0.3221910899629882,0.5771163265476078,1,32.362937927246094,32.595157623291016,0.10565684024928805,-0.06256809692967492,0.04926736427475901
1777876616.50192,0.3,-0.30794626342689607,0.579889140848657,1,31.397104263305664,31.627655029296875,0.1085918976387631,-0.04832327039358279,0.05204017857580816
1777876616.5512185,0.3,-0.3009129459570791,0.581137958237332,1,30.614137649536133,30.8377742767334,0.10974192336132281,-0.041289952923765846,0.05328899596448326
1777876616.6028774,0.3,-0.2876066494099715,0.5830195200020725,1,32.1812629699707,32.433271408081055,0.11088253254404808,-0.027983656376658256,0.05517055772922358
1777876616.6509128,0.3,-0.27546483460384635,0.5841217355930162,1,30.178308486938477,30.415773391723633,0.1104619773988536,-0.015841841570533075,0.05627277332016736
1777876616.719144,0.3,-0.26411283981102074,0.584687202871966,1,45.39966583251953,45.63736915588379,0.10797447902121589,-0.004489846777707446,0.05683824059911718
1777876616.755047,0.2997728032454128,-0.2587564472426829,0.5848647940201488,1,31.265735626220703,31.47268295288086,0.10608747555488159,0.0008665457906304186,0.057015831747299905
1777876616.8146036,0.298556331387509,-0.2523674983733873,0.5851443238637669,1,40.281057357788086,40.509939193725586,0.10487100369697779,0.00725549465992599,0.05729536159091808
1777876616.855056,0.2953948851472592,-0.24718359401044782,0.5848515793125999,1,30.69472312927246,30.90977668762207,0.101709557456728,0.012439399022865436,0.057002617039751055
1777876616.8798497,0.29247862933385765,-0.24446846500282438,0.5844374563483222,1,5.188465118408203,5.344152450561523,0.09879330164332646,0.015154528030488876,0.056588494075473415
1777876616.9347742,0.28410402322939293,-0.23983775328239987,0.5833262314277459,1,9.847879409790039,10.172367095947266,0.09041869553886174,0.019785239750913383,0.05547726915489704
1777876616.9837847,0.27339369553532056,-0.23661018532305,0.5813704354939728,1,8.836030960083008,9.123086929321289,0.07970836784478937,0.023012807710263275,0.05352147322112404
1777876617.038204,0.2674432894243738,-0.23597260058051245,0.5801016317678326,1,13.164043426513672,13.471126556396484,0.07375796173384264,0.023650392452800803,0.05225266949498375
1777876617.095132,0.25231419594186544,-0.23627540923844026,0.577760292260558,1,13.341903686523438,13.51165771484375,0.05862886825133425,0.023347583794872992,0.04991132998770917
1777876617.1500518,0.2357156585450578,-0.2387198249565557,0.5739132767503652,1,16.994237899780273,17.3187255859375,0.042030330854526614,0.02090316807675756,0.046064314477516334
1777876617.1965678,0.22090037259811093,-0.24322500318949866,0.5687121305736068,1,13.329744338989258,13.663053512573242,0.027215044907579748,0.016397989843814603,0.04086316830075797
1777876617.2473676,0.2138642293147101,-0.24609872932100324,0.5657840354272176,1,13.939619064331055,14.281272888183594,0.020178901624178916,0.013524263712310039,0.037935073154368774
1777876617.2964964,0.20058065324740304,-0.2522103121062746,0.5601038666079037,1,12.93802261352539,13.256549835205078,0.006895325556871874,0.007412680927038687,0.03225490433505483
1777876617.3456564,0.18685013874241665,-0.2591122675492624,0.5551045427101008,1,12.101888656616211,12.354850769042969,-0.006835188948114523,0.0005107254840508446,0.02725558043725196
1777876617.3931344,0.18002231912296718,-0.26277884162086496,0.5527997235209758,1,8.739233016967773,9.004592895507812,-0.013663008567563995,-0.003155848587551663,0.024950761248127014
1777876617.4768133,0.16708969862886677,-0.2699584938248698,0.5481636429448926,1,42.440176010131836,42.65236854553223,-0.026595629061664412,-0.010335500791556554,0.020314680672043735
1777876617.515175,0.1548479392024651,-0.27787063799697076,0.5437583012185248,1,30.232906341552734,30.469179153442383,-0.038837388488066095,-0.018247644963657522,0.015909338945675873
1777876617.5652974,0.14937949863917838,-0.28194146743617166,0.5419045723234608,1,30.308008193969727,30.525922775268555,-0.044305829051352795,-0.02231847440285839,0.014055610050612004
1777876617.615679,0.13941680043571988,-0.29039010463721654,0.5389744912469393,1,30.626773834228516,30.8377742767334,-0.0542685272548113,-0.03076711160390326,0.01112552897409045
1777876617.6801238,0.13073916732017654,-0.298637211291304,0.5373487533449718,1,40.87567329406738,41.11194610595703,-0.06294616037035465,-0.039014218257990715,0.009499791072122996
1777876617.7190967,0.12297071825646623,-0.3076049469249235,0.5366277765153514,1,29.82020378112793,30.027389526367188,-0.07071460943406495,-0.04798195389161024,0.00877881424250259
1777876617.77013,0.11958078696237746,-0.3121564786995714,0.5366261922884121,1,30.741453170776367,30.96747398376465,-0.07410454072815371,-0.05253348566625814,0.008777230015563312
1777876617.8194447,0.11958078696237746,-0.3121564786995714,0.5366261922884121,0,30.199527740478516,30.21717071533203,-0.0795769539731966,-0.06147553328200166,0.009573947208603974
1777876617.8698537,0.11958078696237746,-0.3121564786995714,0.5366261922884121,0,30.573368072509766,30.58791160583496,-0.08307200636152835,-0.0707273677194165,0.01159820250700229
1777876617.9206839,0.11958078696237746,-0.3121564786995714,0.5366261922884121,0,31.114578247070312,31.134366989135742,-0.0840471811137108,-0.07537317779804543,0.013032448789618518
1777876617.9699054,0.11958078696237746,-0.3121564786995714,0.5366261922884121,0,30.24744987487793,30.261754989624023,-0.08430339710685648,-0.08473666786665383,0.01646982699033419
1777876618.0208619,0.11958078696237746,-0.3121564786995714,0.5366261922884121,0,31.154870986938477,31.17203712463379,-0.08335517765295243,-0.0896809994996035,0.018369454266832418
1777876618.0701191,0.11958078696237746,-0.3121564786995714,0.5366261922884121,0,30.363798141479492,30.37738800048828,-0.07930344992170864,-0.09953003494436542,0.022294157882753823
1777876618.1208246,0.11958078696237746,-0.3121564786995714,0.5366261922884121,0,31.006336212158203,31.020164489746094,-0.07279538192902167,-0.10925000711199391,0.026068701172413628
1777876618.1833315,0.11958078696237746,-0.3121564786995714,0.5366261922884121,0,43.39146614074707,43.410539627075195,-0.0638539243784683,-0.11826866737632284,0.029133668781976818
1777876618.2244394,0.11958078696237746,-0.3121564786995714,0.5366261922884121,0,34.43002700805664,34.45005416870117,-0.05862461937579957,-0.12216889087525458,0.030271514258016642
1777876618.2772396,0.11958078696237746,-0.3121564786995714,0.5366261922884121,0,37.139177322387695,37.15920448303223,-0.044790588560480495,-0.12901698376444753,0.03253502467781362
1777876618.324601,0.1647940523566261,-0.39386537220446116,0.5626762894491912,1,34.22284126281738,34.48629379272461,-0.028891275333905085,-0.1342423791711479,0.034827327176342376
1777876618.3723588,0.1736324562547718,-0.39572182391726546,0.5636907099938966,1,31.891822814941406,32.12261199951172,-0.020052871435759387,-0.1360988308839522,0.03584174772104781
1777876618.4209738,0.1914810898599684,-0.3983872629931566,0.5657360254753878,1,30.427217483520508,30.669450759887695,-0.002204237830562794,-0.1387642699598433,0.03788706320253893
1777876618.4447603,0.20905854565464826,-0.3991278158148728,0.5679380732160026,1,4.172325134277344,4.365205764770508,0.015373217964117085,-0.1395048227815595,0.04008911094315377
1777876618.5031133,0.21780722992173887,-0.39883129441293,0.5689467583928455,1,12.246131896972656,12.568473815917969,0.0241219022312077,-0.13920830137961676,0.041097796119996685
1777876618.5533977,0.2330815068410743,-0.3964674121806004,0.5707679889583238,1,12.442827224731445,12.798786163330078,0.0393961791505431,-0.13684441914728712,0.04291902668547494
1777876618.6029277,0.244368684375089,-0.39083445544684514,0.5737304474372299,1,11.91401481628418,12.237548828125,0.05068335668455782,-0.13121146241353188,0.045881485164381036
1777876618.6549232,0.2508469109005371,-0.3876752791582963,0.57490614600193,1,13.113975524902344,14.172554016113281,0.05716158321000595,-0.12805228612498304,0.04705718372908114
1777876618.7339656,0.26261841149825116,-0.3807571443717444,0.5764928112099427,1,42.88172721862793,43.11966896057129,0.06893308380771995,-0.12113415133843115,0.04864384893709387
1777876618.7714345,0.2721090326889724,-0.37360620370368436,0.5779590484550531,1,30.347824096679688,30.55739402770996,0.07842370499844124,-0.11398321067037108,0.05011008618220421
1777876618.8217766,0.27641197542616225,-0.3697177400635759,0.5786575214998716,1,30.52067756652832,30.76767921447754,0.0827266477356311,-0.11009474703026263,0.05080855922702276
1777876618.874214,0.28426878905732544,-0.36143395820589075,0.5798309420031125,1,32.93871879577637,33.1416130065918,0.09058346136679427,-0.1018109651725775,0.051981979730263674
1777876618.9273632,0.29100816530547774,-0.3523050408257822,0.5810384563921881,1,35.94517707824707,36.16952896118164,0.09732283761494655,-0.09268204779246893,0.05318949411933928
1777876618.9744086,0.2939092694033335,-0.34758456188317216,0.5817002353300758,1,32.8984260559082,33.135175704956055,0.10022394171280231,-0.08796156884985888,0.053851273057226964
1777876619.0405974,0.29915893213809175,-0.33686733294824545,0.5832082016110443,1,48.932552337646484,49.18408393859863,0.10547360444756058,-0.0772443399149322,0.05535923933819537
1777876619.0774264,0.3,-0.3260071881935453,0.5846895794411072,1,34.606218338012695,34.83247756958008,0.10957286272870033,-0.06638419516023204,0.05684061716825834
1777876619.123228,0.3,-0.3216657797548414,0.5857007336345739,1,30.271530151367188,30.503034591674805,0.11256659072578824,-0.06204278672152812,0.057851771361725
1777876619.173071,0.3,-0.314461183090774,0.5877306012885577,1,30.053377151489258,30.272245407104492,0.11966761518617373,-0.054838190057460726,0.05988163901570883
1777876619.223545,0.3,-0.30450154775579336,0.5885691999861564,1,30.454635620117188,30.67636489868164,0.1230073544284583,-0.044878554722480105,0.06072023771330759
1777876619.2958586,0.3,-0.2991313707344546,0.5888206789323007,1,52.55556106567383,52.78515815734863,0.12327654666853426,-0.039508377701141364,0.0609717166594519
1777876619.346117,0.3,-0.2940732066046689,0.5891442227976653,1,48.92134666442871,49.608707427978516,0.12284490039628886,-0.03445021357135562,0.06129526052481652
1777876619.3982458,0.3,-0.2848536077917323,0.589481999206054,1,50.916433334350586,51.20730400085449,0.12016268824465408,-0.025230614758419034,0.061633036933205265
1777876619.450146,0.3,-0.2785042697456726,0.5889755948773664,1,51.088809967041016,51.31649971008301,0.11431572088983426,-0.018881276712359354,0.061126632604517575
1777876619.4562879,0.2874010123822257,-0.26246458927951616,0.5860071668814234,1,5.780696868896484,5.965709686279297,0.09371568469169454,-0.0028415962462028793,0.05815820460857452
1777876619.516724,0.2753524001362304,-0.25706873333463265,0.5834977808945926,1,14.127492904663086,14.41812515258789,0.08166707244569922,0.0025542596986806304,0.05564881862174371
1777876619.5671275,0.26295263613055353,-0.2543000599777815,0.5804420448974055,1,14.327526092529297,14.611244201660156,0.06926730844002237,0.005322933055531789,0.052593082624556614
1777876619.6169333,0.2562030628424928,-0.25381785729965406,0.5786361942729958,1,14.030218124389648,14.322519302368164,0.06251773515196159,0.00580513573365922,0.05078723200014697
1777876619.6606812,0.24194132561872958,-0.2540500033418913,0.5755688358801682,1,7.828235626220703,8.077144622802734,0.04825599792819841,0.00557298969142192,0.04771987360731935
1777876619.7134602,0.22752633615910478,-0.25618263857007917,0.5708957233673756,1,10.487556457519531,10.762453079223633,0.03384100846857361,0.0034403544632341104,0.043046761094526806
1777876619.7681572,0.2208277218813111,-0.2574664100121824,0.568376254388621,1,15.056848526000977,15.369892120361328,0.02714239419077994,0.0021565830211308507,0.04052729211577224
1777876619.8194668,0.20554187056866952,-0.26202454511944495,0.5632103750879378,1,16.180992126464844,16.602039337158203,0.011856542878138332,-0.0024015520861317002,0.03536141281508894
1777876619.8693068,0.1907670272473287,-0.2676307901644339,0.5586364263345227,1,16.0677433013916,16.38484001159668,-0.0029183004432024985,-0.00800779713112064,0.030787464061673823
1777876619.9132016,0.18375223035318378,-0.27081508490657713,0.5562913638174883,1,9.78708267211914,10.059356689453125,-0.0099330973373474,-0.011192091873263879,0.028442401544639458
1777876619.9985335,0.17105155361985655,-0.2789016982813059,0.5515716542858135,1,44.957876205444336,45.19534111022949,-0.02263377407067462,-0.019278705247992647,0.023722692012964636
1777876620.0475354,0.16108695888483565,-0.2890317906841945,0.5477791381321387,1,43.939828872680664,44.187068939208984,-0.03259836880569554,-0.02940879765088121,0.019930175859289863
1777876620.095594,0.15725189611639667,-0.29461565962858344,0.546050732991454,1,41.907310485839844,42.130231857299805,-0.03643343157413452,-0.034992666595270186,0.018201770718605213
1777876620.1375358,0.15013940802134262,-0.3057563315066519,0.5429838645952367,1,33.68330001831055,33.931732177734375,-0.04354591966918855,-0.04613333847333863,0.015134902322387903
1777876620.1883843,0.14410738679208684,-0.31581857112110356,0.5408496577691644,1,34.46388244628906,34.681081771850586,-0.04957794089844433,-0.05619557808779031,0.0130006954963156
1777876620.260389,0.14154434572061253,-0.32057560945543134,0.5401710451577925,1,55.95898628234863,56.21218681335449,-0.05214098196991866,-0.06095261642211809,0.012322082884943616
1777876620.3063872,0.13781367728771726,-0.3299487104747739,0.5399356704078963,1,45.57681083679199,45.80259323120117,-0.05587165040281391,-0.07032571744146067,0.012086708135047461
1777876620.346458,0.13603971504256263,-0.33968760015378013,0.5417649802988048,1,34.95287895202637,35.22062301635742,-0.05764561264796856,-0.08006460712046685,0.013916018025955955
1777876620.395249,0.13603971504256263,-0.33968760015378013,0.5417649802988048,0,33.96773338317871,33.9818000793457,-0.05707731267039604,-0.09035002743054098,0.01685259370016793
1777876620.4478424,0.13603971504256263,-0.33968760015378013,0.5417649802988048,0,36.43631935119629,36.45205497741699,-0.0558477308950494,-0.09538736462899448,0.01856753707840303
1777876620.5135016,0.13603971504256263,-0.33968760015378013,0.5417649802988048,0,51.81407928466797,51.83577537536621,-0.051117270736109034,-0.10534297394344576,0.022254944767367283
1777876620.6054585,0.13603971504256263,-0.33968760015378013,0.5417649802988048,0,41.40973091125488,41.4273738861084,-0.03765564805211454,-0.11878910421757187,0.027583314902173403
1777876620.6666992,0.16814918383494065,-0.3866068508156098,0.5596665571264829,1,52.349090576171875,52.58631706237793,-0.02553614385559054,-0.12698385778229654,0.031817594853634154
1777876620.697666,0.17497336715402356,-0.38958532319625566,0.5614376230173755,1,30.617237091064453,30.7919979095459,-0.018711960536507605,-0.1299623301629424,0.033588660744526676
1777876620.7485232,0.1890982093963793,-0.39327440042964085,0.5651997731312994,1,31.305789947509766,31.522274017333984,-0.004587118294151868,-0.13365140739632758,0.03735081085845058
1777876620.7715125,0.20439677332799736,-0.3945305499189203,0.5694249588861581,1,4.207849502563477,4.455327987670898,0.010711445637466182,-0.13490755688560702,0.04157599661330919
1777876620.8226097,0.21924443780737718,-0.3933953974955408,0.5733404753888133,1,5.291938781738281,5.503416061401367,0.025559110116846015,-0.13377240446222755,0.04549151311596443
1777876620.8812723,0.22642575277034768,-0.39226168038716724,0.5751280093609579,1,13.574361801147461,13.98611068725586,0.03274042507981651,-0.13263868735385398,0.04727904708810904
1777876620.9305782,0.24020184755054805,-0.3888228980253438,0.5786450317601582,1,12.828826904296875,13.19575309753418,0.04651651986001686,-0.12919990499203055,0.050796069487309456
1777876620.9809546,0.25375689641813354,-0.3847620104589916,0.5813881039436853,1,13.18502426147461,13.492107391357422,0.06007156872760238,-0.12513901742567834,0.05353914167083647
1777876621.0794892,0.26001134878689325,-0.3814528371137153,0.5825589356853408,1,60.556888580322266,60.791015625,0.06632602109636204,-0.12182984408040205,0.05470997341249199
1777876621.1163976,0.27104603676667993,-0.37255225068166875,0.5847940593206938,1,36.53717041015625,36.7283821105957,0.07736070907614877,-0.11292925764835547,0.05694509704784498
1777876621.161234,0.28002377769803244,-0.35898825256749345,0.5870894904737199,1,31.241178512573242,31.47721290588379,0.08633845000750127,-0.09936525953418017,0.05924052820087111
1777876621.2105753,0.288273613198768,-0.344637208564503,0.5888061634322862,1,30.511856079101562,30.727624893188477,0.09458828550823682,-0.08501421553118972,0.0609572011594374
1777876621.280415,0.29523200635214375,-0.3304756495749275,0.5905071658148319,1,49.527645111083984,49.77726936340332,0.1015466786616126,-0.0708526565416142,0.062658203541983
1777876621.311473,0.2980973419180043,-0.32355061401946283,0.5913688176825611,1,30.611753463745117,30.8072566986084,0.10441201422747311,-0.06392762098614958,0.06351985540971232
1777876621.3984277,0.3,-0.3104574168925137,0.5930146494596076,1,66.80440902709961,67.03066825866699,0.10848571396614941,-0.05083442385920044,0.06516568718675873
1777876621.4387858,0.3,-0.29801449348279146,0.5943851109554069,1,39.49880599975586,39.72029685974121,0.11049708898498166,-0.038391500449478186,0.06653614868255806
1777876621.4836104,0.3,-0.28731967628374355,0.5954080372355999,1,34.22045707702637,34.47604179382324,0.11019044100040447,-0.0276966832504303,0.067559074962751
1777876621.5527852,0.3,-0.2820608099201681,0.5959252632538949,1,52.39582061767578,52.62160301208496,0.1085315957756215,-0.022437816886854797,0.0680763009810461
1777876621.5838552,0.2967242444936287,-0.2729143542941495,0.5962349608006235,1,30.252456665039062,30.47919273376465,0.10303891680309753,-0.013291361260836257,0.0683859985277747
1777876621.6227639,0.28863492767849314,-0.2653220858993293,0.5950655311532991,1,12.336254119873047,12.720584869384766,0.09494959998796194,-0.0056990928660160395,0.0672165688804502
1777876621.6759,0.2797526351238535,-0.2602988410101302,0.5929858992340525,1,13.36669921875,15.693187713623047,0.08606730743332235,-0.0006758479768169262,0.06513693696120368
1777876621.719953,0.27449090579565466,-0.25873906593181434,0.591440304283757,1,9.340524673461914,9.602546691894531,0.0808055781051235,0.0008839271014989408,0.06359134201090823
1777876621.7741203,0.26291776942017814,-0.2574881450566488,0.5874637487146782,1,13.304948806762695,13.593196868896484,0.06923244172964696,0.0021348479766644807,0.05961478644182941
1777876621.8200958,0.2497959876696269,-0.25877149160013196,0.5822384699093313,1,9.238243103027344,9.445428848266602,0.056110659979095735,0.0008515014331813009,0.05438950763648244
1777876621.8709168,0.23527454373877946,-0.2624960082291156,0.5770196054754438,1,9.937763214111328,10.211706161499023,0.041589216048248286,-0.002873015195802339,0.04917064320259505
1777876621.9261827,0.22800616016840344,-0.26478425116655924,0.5747394615977355,1,14.791011810302734,15.038013458251953,0.03432083247787226,-0.005161258133245944,0.046890499324886675
1777876621.9762547,0.21393428933098155,-0.2703659425136654,0.5695518015789163,1,14.714479446411133,15.008687973022461,0.020248961640450376,-0.010742949480352135,0.04170283930606742
1777876622.018685,0.20699060064985106,-0.273471712125419,0.5669141026380873,1,7.171630859375,7.387638092041016,0.013305272959319872,-0.013848719092105735,0.03906514036523846
1777876622.075244,0.19354725633587053,-0.2802648367083424,0.5615124060050902,1,13.363122940063477,13.705968856811523,-0.00013807135466065417,-0.02064184367502915,0.03366344373224144
1777876622.1279678,0.18134114075022448,-0.28755451163677886,0.5573140512600386,1,15.662193298339844,16.06130599975586,-0.0123441869403067,-0.027931518603465585,0.029465088987189792
1777876622.2117124,0.16983251899294013,-0.29522290973405185,0.5536623953525026,1,49.30591583251953,49.54814910888672,-0.02385280869759105,-0.0355999167007386,0.025813433079653732
1777876622.2620177,0.16485026821806764,-0.2994355651176068,0.5518013819160096,1,47.46580123901367,47.731876373291016,-0.028835059472463544,-0.03981257208429352,0.023952419643160795
1777876622.318374,0.1570634909442361,-0.3090298555386825,0.5478125364702185,1,53.54022979736328,53.80654335021973,-0.03662183674629506,-0.049406862505369256,0.019963574197369695
1777876622.3503144,0.15352170171417806,-0.313238519027814,0.5463935961361076,1,31.32915496826172,31.531810760498047,-0.040163625976353125,-0.05361552599450077,0.01854463386325876
1777876622.401184,0.14390536754099473,-0.32550876233582504,0.544050143854084,1,32.09710121154785,32.32622146606445,-0.04977996014953646,-0.06588576930251176,0.01620118158123523
1777876622.4501693,0.14155568839815655,-0.3295127369279592,0.5439648227528351,1,30.81798553466797,31.05473518371582,-0.05212963929237463,-0.0698897438946459,0.01611586047998629
1777876622.5016572,0.13850391844231447,-0.3377819705408902,0.544802335413364,1,32.21940994262695,32.47857093811035,-0.05518140924821672,-0.07815897750757696,0.016953373140515125
1777876622.552868,0.13850391844231447,-0.3377819705408902,0.544802335413364,0,32.43613243103027,32.45210647583008,-0.05560851736264901,-0.08684795606014757,0.019193194500852197
1777876622.6015146,0.13850391844231447,-0.3377819705408902,0.544802335413364,0,30.905723571777344,30.924558639526367,-0.05446688671096556,-0.09156364521782871,0.02067539205326509
1777876622.6522987,0.13850391844231447,-0.3377819705408902,0.544802335413364,0,31.629562377929688,31.64505958557129,-0.04925059285937428,-0.10171118612827891,0.024224563458706685
1777876622.7019706,0.13850391844231447,-0.3377819705408902,0.544802335413364,0,31.23950958251953,31.255245208740234,-0.04559989489101219,-0.10674410163657201,0.026055436704776724
1777876622.7522035,0.15764379095004433,-0.37666878920084246,0.5574052501950709,1,31.14151954650879,31.384706497192383,-0.03604153674048686,-0.1170457961675292,0.029556287922222084
1777876622.8021972,0.17180363360779957,-0.38754443455724996,0.5612085913765557,1,31.043529510498047,31.299114227294922,-0.021881694082731613,-0.1279214415239367,0.03335962910370685
1777876622.852417,0.18584028945461345,-0.3964305107038789,0.5656197948230761,1,31.20279312133789,31.438589096069336,-0.00784503823591774,-0.13680751767056565,0.03777083255022728
1777876622.902855,0.19335970277015369,-0.3996659351929575,0.567719625445248,1,31.58736228942871,31.824350357055664,-0.0003256249203774809,-0.14004294215964425,0.03987066317239914
1777876622.9256277,0.20567711026923355,-0.40402155717911936,0.5732935648172032,1,4.288911819458008,4.505395889282227,0.011991782578702375,-0.1443985641458061,0.04544460254435433
1777876622.9754176,0.21832453329310209,-0.40434443332735176,0.5784582695815699,1,4.052400588989258,4.252910614013672,0.024639205602570893,-0.1447214402940385,0.05060930730872106
1777876623.0408394,0.2252115050124446,-0.40317915796412385,0.5806288940002142,1,19.132375717163086,19.491910934448242,0.03152617732191343,-0.14355616493081058,0.05277993172736537
1777876623.086101,0.23820580863673912,-0.3988614753099611,0.5842598900163257,1,14.386177062988281,14.683008193969727,0.04452048094620794,-0.1392384822766478,0.05641092774347692
1777876623.1344206,0.2502456318874476,-0.39140943843904646,0.5877204068349272,1,12.073040008544922,12.946128845214844,0.056560304196916385,-0.1317864454057332,0.0598714445620784
1777876623.1825242,0.25574805690359265,-0.386621606274688,0.589309761754946,1,10.779142379760742,10.998010635375977,0.06206272921306149,-0.12699861324137474,0.0614607994820972
1777876623.2534196,0.2649154926208289,-0.37529215151834266,0.5924959611286346,1,31.60405158996582,31.836748123168945,0.07123016493029775,-0.11566915848502941,0.06464699885578573
1777876623.304029,0.27387365079585985,-0.36206830702571374,0.5947603826625497,1,32.15670585632324,32.3793888092041,0.08018832310532868,-0.10244531399240046,0.06691142038970087
1777876623.3616726,0.27832279121431447,-0.3553662836777171,0.595776056388391,1,39.666175842285156,39.91508483886719,0.08463746352378329,-0.09574329064440386,0.06792709411554218
1777876623.4052327,0.2852011961197751,-0.3412106592204641,0.5971109459448323,1,32.747507095336914,32.978057861328125,0.09151586842924396,-0.08158766618715087,0.06926198367198338
1777876623.4535275,0.2910303228882624,-0.3269911475426355,0.59736271583597,1,30.9293270111084,31.174182891845703,0.09734499519773122,-0.06736815450932222,0.06951375356312114
1777876623.5233104,0.2933513601651856,-0.3202461774366711,0.5970256834183192,1,50.554752349853516,50.798654556274414,0.0996660324746544,-0.06062318440335786,0.06917672114547038
1777876623.5814862,0.29662605138538634,-0.30748506486337346,0.5957732868562564,1,57.029008865356445,57.295799255371094,0.10294072369485517,-0.04786207183006018,0.06792432458340758
1777876623.6360266,0.29853996278868244,-0.29538144153093365,0.5939273062456898,1,54.11887168884277,54.31342124938965,0.10485463509815128,-0.0357584484976204,0.06607834397284101
1777876623.672725,0.29843555426813817,-0.2899934763728696,0.5929694636742244,1,36.133527755737305,36.33880615234375,0.104750226577607,-0.03037048333955633,0.06512050140137562
1777876623.716518,0.29554329322156114,-0.2798080918467458,0.5907788942211865,1,29.83999252319336,30.047178268432617,0.10185796553102995,-0.020185098813432556,0.06292993194833767
1777876623.7406402,0.2889815179676372,-0.27088465343543605,0.5883618470614628,1,3.965139389038086,4.156351089477539,0.09529619027710602,-0.0112616604021228,0.06051288478861393
1777876623.7908034,0.2798889729265653,-0.26404632571723546,0.5863035878414127,1,4.020929336547852,4.192352294921875,0.0862036452360341,-0.004423332683922185,0.0584546255685638
1777876623.8509843,0.27469344535813306,-0.26128106188379085,0.585107528920382,1,14.089345932006836,14.331817626953125,0.08100811766760187,-0.001658068850477562,0.05725856664753319
1777876623.8969858,0.26266824550057566,-0.25723645506631004,0.5827075245751375,1,10.000944137573242,10.272502899169922,0.06898291781004445,0.0023865379670032355,0.05485856230228871
1777876623.9490106,0.2489386466972798,-0.2555995097884986,0.5794416838594635,1,11.9476318359375,12.239456176757812,0.05525331900674863,0.004023483244814649,0.05159272158661464
1777876624.0004735,0.24128686971445698,-0.2558328685872161,0.576954345510821,1,13.315439224243164,13.631105422973633,0.04760154202392581,0.003790124446097151,0.04910538323797216
1777876624.0505006,0.2266664184767475,-0.2583343891570946,0.571828456092668,1,13.238191604614258,13.561010360717773,0.032981090786216326,0.0012886038762186247,0.043979493819819124
1777876624.0995328,0.21263163724024636,-0.2629372572042783,0.5664617268849886,1,12.213945388793945,12.50910758972168,0.0189463095497152,-0.003314264170965031,0.038612764612139784
1777876624.1487267,0.2058656674674215,-0.26548314556347896,0.5639742467774328,1,10.914325714111328,11.206626892089844,0.012180339776890306,-0.00586015253016571,0.036125284504583965
1777876624.2007554,0.19246858679411616,-0.2710466307200562,0.5593432918121493,1,12.866020202636719,13.16070556640625,-0.0012167408964150134,-0.011423637686742955,0.03149432953930037
1777876624.2482224,0.17859764500153205,-0.2774762485329726,0.5550431379348423,1,10.154962539672852,10.52546501159668,-0.015087682688999128,-0.017853255499659312,0.0271941756619935
1777876624.3398793,0.17229588749545754,-0.2807316546365172,0.553050794378264,1,51.76949501037598,51.9864559173584,-0.021389440195073633,-0.021108661603203946,0.025201832105415125
1777876624.3951154,0.1662853791405223,-0.2840261909658427,0.551156060804683,1,54.55303192138672,54.756879806518555,-0.02739994855000888,-0.024403197932529444,0.023307098531834217
1777876624.4290743,0.1547364296890717,-0.29159014652940907,0.5474415858700492,1,33.35762023925781,33.533573150634766,-0.038948898001459474,-0.031967153496095815,0.01959262359720043
1777876624.4765913,0.14222537098941224,-0.30422421488812407,0.5439878606824662,1,30.739545822143555,30.951976776123047,-0.051459956701118935,-0.044601221854810816,0.01613889840961734
1777876624.527294,0.1397188902838632,-0.3088377731027582,0.5436579417363373,1,31.385183334350586,31.59499168395996,-0.053966437406667976,-0.04921478006944492,0.01580897946348847
1777876624.580123,0.13719460209476445,-0.3179771712849583,0.5440680835725986,1,32.404184341430664,32.6237678527832,-0.05649072559576674,-0.05835417825164503,0.016219121299749777
1777876624.6495037,0.13746923593860025,-0.3267654354006241,0.545450890619438,1,51.572322845458984,51.7888069152832,-0.05621609175193092,-0.0671424423673108,0.01760192834658916
1777876624.67956,0.13871360476808942,-0.33127672056444873,0.5465850020563359,1,29.72269058227539,29.881000518798828,-0.05497172292244177,-0.07165372753113548,0.018736039783487028
1777876624.7976372,0.15045571898265908,-0.34881318542083084,0.5532294387612204,1,32.503366470336914,32.72724151611328,-0.0432296087078721,-0.08919019238751759,0.025380476488371637
1777876624.845215,0.16011416183955346,-0.3559503053006578,0.556617113448901,1,29.9985408782959,30.242204666137695,-0.03357116585097773,-0.09632731226734455,0.02876815117605214
1777876624.9231913,0.17179244537869026,-0.36267957353565,0.5606962006130173,1,57.92522430419922,58.09521675109863,-0.02189288231184093,-0.10305658050233675,0.03284723834016849
1777876624.9674277,0.1784609762700861,-0.3655064633648986,0.5625343779396397,1,43.80083084106445,44.06929016113281,-0.015224351420445056,-0.10588347033158536,0.03468541566679081
1777876625.0093794,0.19349619828269585,-0.3708307579499799,0.5671860819457786,1,35.57753562927246,35.78448295593262,-0.00018912940783532336,-0.11120776491666663,0.03933711967292971
1777876625.0286791,0.2106453711038062,-0.37473894961337195,0.5712624637527173,1,4.143476486206055,4.350900650024414,0.016960043413275047,-0.11511595658005867,0.04341350147986844
1777876625.0802507,0.22703916789287287,-0.376929314680614,0.5753805209064277,1,5.295515060424805,5.492210388183594,0.03335384020234169,-0.11730632164730077,0.04753155863357884
1777876625.1401258,0.23577112966007047,-0.37683444242864333,0.5769305608317574,1,12.597799301147461,12.830734252929688,0.04208580196953928,-0.11721144939533006,0.04908159855890854
1777876625.1827228,0.2509641886083342,-0.37485135981983364,0.5790039142329064,1,5.16963005065918,5.3539276123046875,0.057278860917803036,-0.11522836678652036,0.05115495196005758
1777876625.2794688,0.26509089598999597,-0.3706630299214263,0.5800786750787699,1,51.26166343688965,51.49078369140625,0.0714055682994648,-0.11104003688811302,0.052229712805921
1777876625.3272843,0.2711172593862114,-0.3677150290274816,0.5806235911079656,1,46.62919044494629,46.85616493225098,0.0774319316956802,-0.10809203599416835,0.052774628835116764
1777876625.3792858,0.2805653895185508,-0.3589887626178138,0.5813627189808758,1,48.02989959716797,48.26045036315918,0.08688006182801963,-0.09936576958450057,0.05351375670802691
1777876625.4396899,0.28737321690911105,-0.34581564742663007,0.5815429599565849,1,58.36176872253418,58.52866172790527,0.09368788921857989,-0.08619265439331682,0.05369399768373608
1777876625.473481,0.2945295776288256,-0.33420201680612177,0.5823373078398301,1,33.42628479003906,33.6148738861084,0.1008442499382944,-0.07457902377280849,0.054488345566981226
1777876625.5214648,0.3,-0.32148112616647767,0.5839051671072821,1,31.035900115966797,31.25286102294922,0.10679649954886138,-0.06185813313316439,0.05605620483443333
1777876625.570095,0.3,-0.3149555475362685,0.5848014927547766,1,29.636383056640625,29.82306480407715,0.10881865970382397,-0.055332554502955225,0.05695253048192769
1777876625.6272674,0.3,-0.30154762493104803,0.5864607677247324,1,36.54170036315918,36.75365447998047,0.11106251427237081,-0.04192463189773475,0.05861180545188357
1777876625.6705494,0.3,-0.29040805295627237,0.5868493834881745,1,29.765605926513672,29.9680233001709,0.11483527545338103,-0.03078505992295913,0.059000421215325685
1777876625.7222707,0.3,-0.2834689822884285,0.5870970362253362,1,31.370878219604492,31.598806381225586,0.11380614356428674,-0.023845989255115205,0.05924807395248736
1777876625.7888691,0.3,-0.2699744318779665,0.5874799131723625,1,47.59526252746582,47.83797264099121,0.10651122540748147,-0.010351438844653213,0.05963095089951365
1777876625.8497136,0.29517519974099393,-0.2645874869152211,0.5874266548497792,1,58.373451232910156,58.56728553771973,0.10148987205046273,-0.004964493881907839,0.059577692576930304
1777876625.8543189,0.28305271804178483,-0.25620728974212703,0.5868871332848994,1,3.9262771606445312,4.066705703735352,0.08936739035125364,0.0034157032911862617,0.05903817101205054
1777876625.9135315,0.2684730430738917,-0.25127072255615696,0.5860497110837523,1,12.795448303222656,13.163566589355469,0.0747877153833605,0.00835227047715631,0.0582007488109034
1777876625.9622133,0.2517409995627911,-0.24968787147936228,0.5835819278448124,1,11.499881744384766,11.779069900512695,0.05805567187225994,0.009935121553950987,0.05573296557196361
1777876626.0121229,0.234554122087468,-0.2514349272235593,0.5791158379812174,1,11.169195175170898,11.438846588134766,0.040868794396936844,0.008188065809753925,0.05126687570836849
1777876626.062053,0.22604417945792835,-0.25336945657219717,0.576169921835545,1,10.998725891113281,11.275291442871094,0.03235885176739717,0.00625353646111608,0.04832095956269619
1777876626.1144207,0.21023578204825316,-0.25859948572472125,0.5691904016873546,1,12.479305267333984,13.460397720336914,0.016550454357721997,0.0010235073085920338,0.041341439414505764
1777876626.1627932,0.20265130276748702,-0.2620212938096539,0.5654793550327685,1,11.286497116088867,11.781692504882812,0.00896597507695584,-0.002398300776340609,0.037630392759919654
1777876626.2131119,0.18806513958160173,-0.27039417984421116,0.5582308797973735,1,11.596918106079102,11.903524398803711,-0.005620188108929457,-0.010771186810897879,0.0303819175245247
1777876626.2556295,0.17477467012901568,-0.2796066838825317,0.5516958337997834,1,4.1027069091796875,4.309415817260742,-0.0189106575615155,-0.01998369084921843,0.0238468715269345
1777876626.3416994,0.1633344422199525,-0.2894215966751164,0.5455378121488077,1,40.13371467590332,40.33613204956055,-0.03035088547057868,-0.02979860364180316,0.017688849875958826
1777876626.381705,0.15786958360222247,-0.29449982968252025,0.5427362500262468,1,29.87813949584961,30.129432678222656,-0.035815744088308704,-0.034876836649207,0.014887287753397961
1777876626.4322512,0.1490987364381654,-0.3043174549127911,0.5392198975659712,1,30.37571907043457,30.602216720581055,-0.04458659125236578,-0.044694461879477856,0.011370935293122372
1777876626.4822896,0.1417866318418688,-0.314162115768205,0.5374847502468834,1,30.397415161132812,30.61366081237793,-0.051898695848662385,-0.05453912273489177,0.009635787974034533
1777876626.5323405,0.1386742924927227,-0.3188046374495032,0.5369789526921533,1,30.376434326171875,30.590057373046875,-0.055011035197808485,-0.05918164441618996,0.00912999041930447
1777876626.58167,0.13426780361430582,-0.32553344443585347,0.5365406478306832,1,29.619216918945312,29.83689308166504,-0.059417524076225366,-0.06591045140254022,0.008691685557834394
1777876626.6334138,0.13324787707644378,-0.32780436986394984,0.5365421249367902,1,31.287670135498047,31.501293182373047,-0.0604374506140874,-0.06818137683063656,0.00869316266394142
1777876626.682822,0.13407430875744253,-0.3309039894031169,0.5369740876087233,1,30.57575225830078,30.813932418823242,-0.05961101893308866,-0.07128099636980363,0.009125125335874465
1777876626.7333531,0.13861118424568022,-0.33129974241251614,0.5377087249700313,1,31.003475189208984,31.23784065246582,-0.05507414344485096,-0.07167674937920289,0.009859762697182466
1777876626.7981138,0.14628306693166482,-0.3307879394871197,0.5381743238061755,1,45.67861557006836,45.92537879943848,-0.04740226075886637,-0.07116494645380646,0.01032536153332661
1777876626.8328738,0.1508776446156049,-0.3306056756515545,0.5390650422956456,1,30.14683723449707,30.38167953491211,-0.04280768307492627,-0.07098268261824127,0.011216080022796754
1777876626.8838449,0.16233004632454834,-0.3307717320217676,0.5429089165200552,1,31.04877471923828,31.25596046447754,-0.031355281365982826,-0.07114873898845432,0.01505995424720645
1777876626.933207,0.17485722485228072,-0.331261298767877,0.5491809275356202,1,30.347824096679688,30.575037002563477,-0.01882810283825047,-0.07163830573456374,0.02133196526277141
1777876626.9837387,0.18134439460846624,-0.3316031131328086,0.553169308064899,1,30.801773071289062,31.032800674438477,-0.01234093308206494,-0.07198012009949535,0.025320345792050124
1777876627.0071018,0.19461282940660168,-0.33220222845779745,0.5617963780629505,1,4.097223281860352,4.298210144042969,0.0009275017160704918,-0.0725792354244842,0.033947415790101576
1777876627.0572956,0.20714456253042207,-0.3325118114788167,0.5707664282686801,1,4.204511642456055,4.413843154907227,0.013459234839890895,-0.07288881844550345,0.0429174659958312
1777876627.1184664,0.21317205823765395,-0.3324506010483769,0.5748317088414014,1,15.154838562011719,15.505552291870117,0.01948673054712278,-0.07282760801506367,0.046982746568552614
1777876627.1660771,0.22460135894006,-0.3316024698522362,0.5819256552127936,1,12.676477432250977,12.951374053955078,0.03091603124952881,-0.07197947681892293,0.05407669293994473
1777876627.2187307,0.2341754114561857,-0.3293325277622783,0.5870824876973896,1,15.258073806762695,15.543937683105469,0.040490083765654515,-0.06970953472896503,0.05923352542454079
1777876627.2665145,0.23847238884449323,-0.327528975813803,0.5890158860903604,1,12.056350708007812,12.331485748291016,0.04478706115396205,-0.06790598278048975,0.0611669238175115
1777876627.3172152,0.24585951080914215,-0.32345823093724707,0.5915099603667004,1,12.603282928466797,12.933492660522461,0.05217418311861096,-0.06383523790393382,0.06366099809385158
1777876627.3682992,0.25017167853074734,-0.31846067847912113,0.5930257586243269,1,12.215852737426758,12.553930282592773,0.056486350840216186,-0.05883768544580788,0.06517679635147812
1777876627.4164345,0.2516427126899422,-0.315940405730565,0.593498309659916,1,10.325908660888672,10.650634765625,0.05795738499941102,-0.0563174126972517,0.06564934738706722
1777876627.470123,0.2538844059841804,-0.31213527044677625,0.5941978463906168,1,13.926506042480469,14.245748519897461,0.060199078293649226,-0.05251227741346297,0.06634888411776797
1777876627.5115843,0.25514618688832,-0.30959659738848194,0.594047771353611,1,5.448579788208008,5.649089813232422,0.061460859197788854,-0.04997360435516869,0.06619880908076209
1777876627.569318,0.2559458614569264,-0.30893850397181294,0.5938663097005805,1,12.965917587280273,13.290882110595703,0.06226053376639521,-0.04931551093849969,0.06601734742773163
1777876627.617804,0.2581197147884077,-0.3080734228658065,0.5932594248783728,1,11.395931243896484,11.721611022949219,0.06443438709787648,-0.04845042983249327,0.06541046260552395
1777876627.6711943,0.2585574384480595,-0.3055924799125153,0.5925484819288638,1,12.955427169799805,13.222694396972656,0.06487211075752834,-0.04596948687920206,0.06469951965601498
1777876627.7198756,0.2590568768421158,-0.3039266207173565,0.5923283669887963,1,11.571645736694336,11.82246208190918,0.06537154915158462,-0.04430362768404324,0.06447940471594753
1777876627.7676187,0.26255656708582287,-0.300698690627524,0.5925821075255944,1,9.236812591552734,9.498357772827148,0.06887123939529172,-0.041075697594210744,0.0647331452527456
1777876627.8222063,0.2697915449341231,-0.29700865720697206,0.5934333966435219,1,13.562679290771484,13.911008834838867,0.07610621724359191,-0.03738566417365878,0.06558443437067302
1777876627.899057,0.2793210878208592,-0.29312494482501233,0.5940114910848652,1,40.47513008117676,40.70878028869629,0.085635760130328,-0.03350195179169907,0.06616252881201637
1777876627.9418275,0.2846327685055467,-0.291070897149921,0.5942110987902931,1,33.07914733886719,33.3096981048584,0.09094744081501553,-0.031447904116607764,0.06636213651744424
1777876627.9933696,0.29634899705240236,-0.287223383600482,0.594090381172542,1,34.52467918395996,34.76572036743164,0.10266366936187117,-0.027600390567168745,0.0662414188996932
1777876628.0443683,0.3,-0.28518432483090916,0.5935132321707213,1,35.486698150634766,35.70294380187988,0.10885461819371521,-0.025561331797595926,0.06566426989787248
1777876628.0931711,0.3,-0.2800256027007924,0.5916100504967114,1,34.24501419067383,34.468650817871094,0.11796084595888573,-0.02040260966747913,0.0637610882238626
1777876628.1619732,0.3,-0.27458604604992043,0.5888420967206027,1,52.92916297912598,53.16162109375,0.1253373697703744,-0.014963053016607164,0.06099313444775385
1777876628.2051182,0.3,-0.2720668480326819,0.5869809613091689,1,42.729854583740234,42.942047119140625,0.12930371892195447,-0.012443854999368606,0.05913199903632005
1777876628.2798507,0.3,-0.2678618963837054,0.5828954915135655,1,67.1391487121582,67.32678413391113,0.1370268414170644,-0.008238903350392138,0.0550465292407166
1777876628.32098,0.3,-0.2610110537907946,0.575677515927438,1,39.763450622558594,39.99161720275879,0.1468188629098758,-0.0013880607574813103,0.04782855365458914
1777876628.3839476,0.3,-0.25877368311321847,0.5738520635439807,1,52.68096923828125,52.86240577697754,0.1488725497744937,0.0008493099200947846,0.0460031012711318
1777876628.4383385,0.3,-0.2544459548557636,0.5712150493250902,1,53.47466468811035,53.82561683654785,0.15085228740212225,0.005177038177549637,0.04336608705224133
1777876628.4764946,0.3,-0.25254127628239376,0.5703235283252497,1,37.68491744995117,37.89258003234863,0.15152605805233432,0.007081716750919523,0.04247456605240081
1777876628.5194242,0.3,-0.24791559360026297,0.5687100956514919,1,30.04288673400879,30.280351638793945,0.15268020300102247,0.011707399433050297,0.04086113337864308
1777876628.5697174,0.3,-0.24674365462442238,0.5683916287151604,1,30.267953872680664,30.483007431030273,0.15278484976261647,0.012879338408890897,0.0405426664423115
1777876628.61934,0.3,-0.24492785967232156,0.5678320294099359,1,29.809951782226562,30.0295352935791,0.1524240202634261,0.014695133360991722,0.03998306713708706
1777876628.6732764,0.3,-0.24422824910828067,0.567580895050378,1,33.55288505554199,33.772945404052734,0.1517272429188353,0.01539474392503258,0.039731932777529184
1777876628.7200897,0.3,-0.2434914784171276,0.5672026068684961,1,30.23052215576172,30.445337295532227,0.14958772057897618,0.016131514616185658,0.03935364459564726
1777876628.7703483,0.3,-0.24362661191031693,0.5673068123957574,1,30.415058135986328,30.646085739135742,0.14657198868178484,0.015996381122996353,0.03945785012290861
1777876628.8204267,0.3,-0.24466120763602572,0.5672843219741875,1,30.491113662719727,30.68852424621582,0.14323053640000766,0.014961785397287528,0.039435359701338726
1777876628.8716085,0.3,-0.24532641707047176,0.5672923668177882,1,31.543970108032227,31.77046775817871,0.14139722420811252,0.01429657596284152,0.03944340454493933
1777876628.9365978,0.3,-0.24654354804592987,0.5680164447906565,1,45.74775695800781,45.96710205078125,0.13473559543493327,0.013079444987383407,0.040167482517807704
1777876628.9722238,0.3,-0.24700726938028442,0.5686742828969831,1,30.513286590576172,30.733346939086914,0.12405151621277553,0.012615723653028849,0.040825320624134215
1777876629.023669,0.3,-0.24758579229318367,0.5685725232130134,1,31.851768493652344,32.10163116455078,0.11732502063250276,0.012037200740129608,0.04072356094016464
1777876629.073801,0.2971100572053149,-0.24926259979372084,0.5687555127729942,1,31.922101974487305,32.15670585632324,0.10342472951478371,0.010360393239592439,0.0409065505001454
1777876629.1222332,0.2821708930779019,-0.2520956854551696,0.5688583972727708,1,30.303001403808594,30.506134033203125,0.0884855653873707,0.0075273075781436966,0.041009434999921976
1777876629.1725454,0.27478226754316737,-0.2538254862437222,0.5688289047086621,1,30.506372451782227,30.742406845092773,0.0810969398526362,0.005797506789591053,0.040979942435813245
1777876629.201715,0.25939047510014873,-0.257453700348909,0.568425945108173,1,9.519100189208984,9.81903076171875,0.06570514740961755,0.002169292684404231,0.040576982835324175
1777876629.2555418,0.24271034422482363,-0.26143023450652,0.5672091215413398,1,13.284683227539062,13.580083847045898,0.04902501653429244,-0.001807241473206725,0.03936015926849098
1777876629.3095357,0.23374346900723314,-0.263569779863297,0.566412763160413,1,17.129898071289062,17.3947811126709,0.04005814131670195,-0.003946786829983742,0.03856380088756416
1777876629.3553965,0.21488224219965002,-0.26827218154211196,0.5641874043506648,1,12.846231460571289,13.170003890991211,0.02119691450911884,-0.008649188508798686,0.03633844207781599
1777876629.4060082,0.19792818213195312,-0.27289290502002317,0.5618660038963443,1,13.416051864624023,13.713359832763672,0.0042428544414219345,-0.013269911986709917,0.034017041623495475
1777876629.4550605,0.1897637857689185,-0.2746534669925811,0.5609925969252847,1,12.342453002929688,12.55488395690918,-0.003921541921612686,-0.015030473959267848,0.03314363465243585
1777876629.5035691,0.17341561081993415,-0.2773941213829638,0.5590388552634333,1,10.688066482543945,11.008024215698242,-0.02026971687059704,-0.017771128349650583,0.03118989299058449
1777876629.5827177,0.15931924944548306,-0.27950150253925043,0.5574717890454978,1,39.94941711425781,40.13800621032715,-0.034366078245048115,-0.01987850950593717,0.02962282677264896
1777876629.6231782,0.15319423509285654,-0.28059768187359435,0.5568152779049345,1,30.290603637695312,30.5173397064209,-0.04049109259767463,-0.020974688840281086,0.028966315632085668
1777876629.6743205,0.14117865281539263,-0.2833963121689193,0.555011188615887,1,31.368732452392578,31.590938568115234,-0.052506674875138555,-0.02377331913560604,0.027162226343038172
1777876629.7456992,0.13168438229576018,-0.2876927966207869,0.5522303492160875,1,52.66094207763672,52.880287170410156,-0.06200094539477101,-0.028069803587473616,0.024381386943238638
1777876629.7839136,0.12773008843105643,-0.2907167017222093,0.5504684687570742,1,37.15991973876953,37.42074966430664,-0.06595523925947476,-0.03109370868889605,0.02261950648422541
1777876629.8301642,0.12183943194960813,-0.2968178430232856,0.547111575508135,1,33.34641456604004,33.5850715637207,-0.07184589574092305,-0.03719484998997237,0.019262613235286274
1777876629.8843467,0.11853997532179956,-0.30013936590238516,0.5445707650297757,1,37.49251365661621,37.72401809692383,-0.07514535236873161,-0.04051637286907191,0.016721802756926897
1777876629.932108,0.11656337745234756,-0.2999894667647569,0.5455653459564338,1,34.25431251525879,34.48987007141113,-0.07712195023818362,-0.04036647373144363,0.017716383683584986
1777876629.982586,0.11424144613469336,-0.29798607427426593,0.5477348756463197,1,34.6369743347168,34.8818302154541,-0.07944388155583781,-0.03836308124095268,0.019885913373470947
1777876630.0318127,0.11551218416563487,-0.295695006898838,0.5479848465012261,1,33.7522029876709,34.0118408203125,-0.07817314352489631,-0.036072013865524735,0.02013588422837734
1777876630.1083493,0.11718143949823642,-0.29536299994201537,0.5483525113057813,1,60.245513916015625,60.451507568359375,-0.07650388819229476,-0.03574000690870212,0.02050354903293251
1777876630.1574006,0.123718022451827,-0.2947695323192052,0.5495404458420129,1,48.61092567443848,48.8429069519043,-0.06996730523870417,-0.03514653928589197,0.02169148356916406
1777876630.209172,0.1348651020910066,-0.2943143116706714,0.5514484484168102,1,48.37346076965332,48.62093925476074,-0.05882022559952458,-0.03469131863735815,0.02359948614396138
1777876630.2556098,0.14922984972958644,-0.2940606122332112,0.5542747985011504,1,44.356346130371094,44.58904266357422,-0.044455477960944734,-0.03443761919989795,0.02642583622830149
1777876630.3141696,0.15769374221931473,-0.29392312892900285,0.5561425100791785,1,52.814483642578125,53.06720733642578,-0.03599158547121645,-0.0343001358956896,0.028293547806329665
1777876630.3685205,0.17497120010314438,-0.29324771354990653,0.5602677922399264,1,53.42864990234375,53.708553314208984,-0.01871412758738679,-0.03362472051659328,0.03241882996707755
1777876630.3737843,0.19250195589796035,-0.292005009938379,0.5648679071859395,1,4.889011383056641,5.046367645263672,-0.0011833717925708231,-0.03238201690506577,0.03701894491309071
1777876630.4285078,0.2105107902263815,-0.28960824283806763,0.5697309355175662,1,8.999824523925781,9.304523468017578,0.01682546253585033,-0.029985249804754366,0.04188197324471727
1777876630.4814959,0.21910399837729885,-0.2879903862479238,0.5720709320126951,1,11.859416961669922,12.144327163696289,0.025418670686767682,-0.02836739321461053,0.04422196973984627
1777876630.5364442,0.2360071091153171,-0.28456969059732906,0.5763925386406801,1,16.67046546936035,16.868114471435547,0.04232178142478594,-0.024946697564015796,0.04854357636783123
1777876630.5831323,0.25199413330437415,-0.2805787909249764,0.5797198912974304,1,13.115882873535156,13.478755950927734,0.058308805613842975,-0.020955797891663117,0.051870929024581534
1777876630.6305318,0.2671481802136935,-0.27599767377066353,0.5817291824268125,1,10.51640510559082,10.773897171020508,0.07346285252316234,-0.01637468073735028,0.05388022015396368
1777876630.728169,0.2737473997700585,-0.27359891643567147,0.5823040614305618,1,57.84034729003906,58.07805061340332,0.08006207207952735,-0.013975923402358176,0.054455099157712974
1777876630.7978702,0.2870935765981907,-0.26908842066856836,0.5830686049078186,1,68.0837631225586,68.2828426361084,0.09340824890765953,-0.009465427635255083,0.05521964263496987
1777876630.8367062,0.3,-0.2649131195277846,0.5831517025869818,1,38.385868072509766,38.56778144836426,0.10679147487957764,-0.005290126494471359,0.05530274031413301
1777876630.8796103,0.3,-0.26089021128680623,0.5828651438765069,1,30.74812889099121,30.972957611083984,0.11979452860464689,-0.0012672182534929771,0.05501618160365809
1777876630.9292052,0.3,-0.25734395452312203,0.5822583755066726,1,30.25341033935547,30.486106872558594,0.13161328572886208,0.0022790385101912475,0.054409413233823714
1777876630.9790552,0.3,-0.2540375697162282,0.5809736568768323,1,30.034542083740234,30.250072479248047,0.1431530978340496,0.0055854233170850726,0.053124694603983454
1777876631.0292413,0.3,-0.2526549738512478,0.5799996375539506,1,30.141830444335938,30.379533767700195,0.1484934162587312,0.006968019182065438,0.052150675281101774
1777876631.0862293,0.3,-0.24847646841299212,0.5781425149060102,1,37.01663017272949,37.224769592285156,0.15558110977599993,0.011146524620321147,0.05029355263316133
1777876631.1322389,0.3,-0.24658979714230472,0.5772221346422106,1,32.85074234008789,33.09822082519531,0.15842020046281258,0.013033195891008528,0.04937317236936173
1777876631.1825337,0.3,-0.24361422462081722,0.5759939520531716,1,33.10394287109375,33.34808349609375,0.16340665079249825,0.01600876841249603,0.048144989780322826
1777876631.2524242,0.3,-0.24161862611877344,0.5755904435189934,1,52.98447608947754,53.145408630371094,0.16706391197045142,0.01800436691453984,0.047741481246144496
1777876631.3178213,0.3,-0.24116049013916685,0.5756685636835646,1,64.41164016723633,64.61834907531738,0.16953545292760064,0.0184625028941464,0.04781960141071575
1777876631.3475518,0.3,-0.24029732868963005,0.575984036569595,1,29.350757598876953,29.541492462158203,0.17139861824732,0.019325664343683227,0.048135074296746155
1777876631.4171548,0.3,-0.23931046700957792,0.576533894151726,1,48.60258102416992,48.82192611694336,0.16724647552210617,0.02031252602373533,0.048684931878877076
1777876631.4769843,0.3,-0.23933180903325446,0.5769180881420396,1,53.86209487915039,54.106950759887695,0.16513364987720908,0.020291184000058818,0.04906912586919075
1777876631.5172653,0.3,-0.23957720313666786,0.5774350865137232,1,39.869070053100586,40.0700569152832,0.16284805585243534,0.02004578989664542,0.04958612424087441
1777876631.5678802,0.3,-0.24064121553389942,0.5768119162973211,1,40.05885124206543,40.31538963317871,0.14863643227186266,0.01898177749941385,0.04896295402447227
1777876631.6224535,0.3,-0.2409640578895877,0.5759709611557302,1,44.54827308654785,44.814109802246094,0.14109154490919318,0.01865893514372556,0.04812199888288143
1777876631.669572,0.3,-0.24242496292677823,0.5741666773835006,1,41.62144660949707,41.84556007385254,0.12480766250027082,0.017198030106535048,0.04631771511065174
1777876631.734014,0.3,-0.24452946625384608,0.572810823865988,1,55.95755577087402,56.19525909423828,0.10838365468174092,0.015093526779467195,0.04496186159313915
1777876631.7691092,0.28390837211199904,-0.24753673109163196,0.5715619882815913,1,33.96153450012207,34.18326377868652,0.09022304442146785,0.012086261941681303,0.04371302600874251
1777876631.8193305,0.2751454284295497,-0.24923342328431097,0.5713563136920219,1,34.0883731842041,34.32965278625488,0.0814601007390185,0.010389569749002292,0.043507351419173015
1777876631.841339,0.2577103512528435,-0.2531562424447365,0.5708492413157293,1,6.031274795532227,6.270170211791992,0.06402502356231228,0.00646675058857675,0.04300027904288046
1777876631.8937292,0.24060527885860233,-0.2573638405961246,0.5704667146609416,1,6.258249282836914,6.481409072875977,0.04691995116807116,0.002259152437188633,0.04261775238809276
1777876631.9420457,0.23251625563440337,-0.25938601277478235,0.5702721052346367,1,4.489421844482422,4.703998565673828,0.0388309279438722,0.00023698025853091664,0.04242314296178786
1777876632.0042825,0.21580833302261593,-0.26380503222373775,0.5699198424284713,1,16.347885131835938,16.777515411376953,0.022123005332084757,-0.004182039190424466,0.042070880155622395
1777876632.0515313,0.1999717024704783,-0.2684301908751645,0.5687980891923196,1,13.566732406616211,13.913393020629883,0.00628637477994713,-0.008807197841851272,0.040949126919470724
1777876632.1027522,0.1928376580324417,-0.2708854366279394,0.5679750070161205,1,14.445304870605469,14.796733856201172,-0.000847669658089455,-0.01126244359462615,0.04012604474327165
1777876632.145812,0.17888929362757267,-0.2762117761767257,0.5655758250419981,1,7.184505462646484,7.48133659362793,-0.014796034062958503,-0.01658878314341243,0.037726862769149314
1777876632.2437701,0.16630273614534372,-0.28134209889851325,0.5624965985728925,1,54.96573448181152,55.219411849975586,-0.02738259154518747,-0.021719105865199984,0.034647636300043666
1777876632.2943468,0.161178111811754,-0.28376953773660823,0.5608468272843105,1,49.28398132324219,49.53813552856445,-0.03250721587877716,-0.024146544703294984,0.032997865011461576
1777876632.3446288,0.15598842133818627,-0.286214390817052,0.5591290517987928,1,49.36504364013672,49.582719802856445,-0.0376969063523449,-0.02659139778373877,0.03128008952594398
1777876632.3925998,0.14347744801978252,-0.2928850823629423,0.5544520734186554,1,47.01972007751465,47.24693298339844,-0.05020787967074867,-0.03326208932962903,0.02660311114580659
1777876632.4429712,0.13685542414391458,-0.29573498543215454,0.5519215656038008,1,47.30987548828125,47.5611686706543,-0.05682990354661661,-0.03611199239884129,0.02407260333095201
1777876632.4974012,0.1344441587826448,-0.2968954558429331,0.5504756277746082,1,50.92811584472656,51.143646240234375,-0.05924116890788638,-0.03727246280961981,0.02262666550175941
1777876632.543662,0.13278895406747115,-0.2993084822692303,0.5474536177962704,1,45.18699645996094,45.39012908935547,-0.06089637362306002,-0.03968548923591704,0.019604655523421624
1777876632.6012719,0.13469854158160116,-0.30173633358517216,0.54497049375559,1,52.22010612487793,52.500247955322266,-0.05898678610893002,-0.04211334055185888,0.017121531482741176
1777876632.6510358,0.13812689065804837,-0.30313974299795965,0.544105624233568,1,47.35374450683594,47.600746154785156,-0.0555584370324828,-0.04351674996464637,0.01625666196071914
1777876632.7155943,0.14015970780584444,-0.30338250361287983,0.5441970053658698,1,60.776710510253906,61.03706359863281,-0.053525619884686744,-0.04375951057956655,0.01634804309302096
1777876632.7665715,0.14424224885876846,-0.30312188629831044,0.5451417490617858,1,50.519466400146484,50.73356628417969,-0.04944307883176272,-0.04349889326499719,0.01729278678893703
1777876632.7974997,0.14622689130309768,-0.3028197778891581,0.5458414789996773,1,30.3189754486084,30.51471710205078,-0.047458436387433495,-0.04319678485584484,0.017992516726828396
1777876632.8481114,0.15092957473131807,-0.30127322953910535,0.5501353105666849,1,30.827999114990234,31.050443649291992,-0.042755752959213106,-0.041650236505792096,0.022286348293836043
1777876632.8994427,0.151826101227707,-0.3010773534863353,0.5533434009626831,1,32.03320503234863,32.274723052978516,-0.04185922646282417,-0.041454360453022046,0.025494438689834264
1777876632.9484897,0.15415984158829033,-0.3024705396980191,0.5596547858436232,1,31.073331832885742,31.286954879760742,-0.039525486102240846,-0.042847546664705874,0.03180582357077429
1777876632.998894,0.15794149141451902,-0.3044537835652029,0.5624958488020769,1,31.36920928955078,31.584501266479492,-0.03574383627601216,-0.04483079053188964,0.03464688652922813
1777876633.0554328,0.16035818449415729,-0.3052751639725748,0.5634507632180323,1,37.76288032531738,37.966012954711914,-0.0333271431963739,-0.045652170939261535,0.03560180094518356
1777876633.097962,0.16520329094600728,-0.3072346296144203,0.5659667338280959,1,30.210256576538086,30.43818473815918,-0.02848203674452389,-0.04761163658110702,0.03811777155524714
1777876633.1485138,0.16993046132847506,-0.30811026980563705,0.5690797586568229,1,30.644893646240234,30.87019920349121,-0.023754866362056114,-0.0484872767723238,0.04123079638397409
1777876633.198742,0.17263299407410956,-0.30912613534731326,0.5700149647936187,1,30.828237533569336,31.042814254760742,-0.021052333616421615,-0.049503142314000007,0.04216600252076983
1777876633.268665,0.17814838286227885,-0.3110728762371861,0.5702978526769162,1,49.54648017883301,49.73864555358887,-0.015536944828252333,-0.05144988320387282,0.04244889040406741
1777876633.2994146,0.18254926513420083,-0.3124303044862224,0.5687768878319691,1,29.96659278869629,30.167818069458008,-0.011136062556330335,-0.052807311452909136,0.040927925559120254
1777876633.3500772,0.18564614264083462,-0.31329472001975817,0.5651961447991656,1,30.549287796020508,30.770301818847656,-0.008039185049696551,-0.053671726986444915,0.03734718252631678
1777876633.4243462,0.18639711778226492,-0.31343561148957066,0.5630532807354935,1,54.69560623168945,54.914236068725586,-0.007288209908266266,-0.05381261845625741,0.035204318462644726
1777876633.4558082,0.18606272336709834,-0.3125815863185185,0.5586680623193604,1,30.845165252685547,31.04686737060547,-0.007622604323432831,-0.05295859328520526,0.030819100046511547
1777876633.5053709,0.18472985197827246,-0.31121385870343604,0.5549931743000787,1,30.312299728393555,30.516862869262695,-0.008955475712258708,-0.05159086567012279,0.02714421202722984
1777876633.5551717,0.18424098482864587,-0.31086474756252985,0.5536243611436297,1,30.043840408325195,30.25031089782715,-0.009444342861885297,-0.0512417545292166,0.02577539887078085
1777876633.605554,0.182996963115602,-0.3102390151435962,0.5521233238591307,1,30.393600463867188,30.585765838623047,-0.010688364574929169,-0.050616022110282946,0.02427436158628179
1777876633.6577055,0.18182467057919802,-0.3093493028874564,0.5521157295658619,1,32.35960006713867,32.598257064819336,-0.011860657111333169,-0.04972630985414313,0.024266767293013063
1777876633.712834,0.1812155812841756,-0.30891580968195925,0.5524851541600406,1,37.316322326660156,37.564754486083984,-0.012469746406355597,-0.04929281664864597,0.024636191887191752
1777876633.7811108,0.1791755947151079,-0.3081496981761452,0.553931700409618,1,55.43112754821777,55.67765235900879,-0.014509732975423269,-0.0485267051428319,0.02608273813676922
1777876633.8160868,0.17759398228803291,-0.30806593065365767,0.5548965452597469,1,33.83278846740723,34.043312072753906,-0.016091345402498278,-0.04844293762034442,0.027047582986898026
1777876633.8629599,0.1703884248522158,-0.3073479228525167,0.5586336756326709,1,30.556440353393555,30.857324600219727,-0.023296902838315363,-0.04772492981920347,0.030784713359821976
1777876633.9134967,0.16727836823393388,-0.30716896972603924,0.559839382954211,1,31.052827835083008,31.285524368286133,-0.026406959456597295,-0.04754597669272599,0.031990420681362194
1777876633.9633293,0.16084628132467907,-0.30643153395365036,0.5615323235977702,1,30.76624870300293,31.038284301757812,-0.032839046365852116,-0.04680854092033708,0.03368336132492131
1777876634.0137482,0.15532858073660893,-0.3062116171485839,0.5623034087351463,1,31.113624572753906,31.378746032714844,-0.03835674695392224,-0.04658862411527066,0.03445444646229742
1777876634.0653286,0.15364066788236713,-0.30649374529443907,0.5622845587181321,1,32.572269439697266,32.79304504394531,-0.04004465980816405,-0.04687075226112582,0.034435596445283226
1777876634.1149392,0.1529799231711585,-0.3078265796813549,0.56158138110314,1,31.53705596923828,31.759262084960938,-0.04070540451937267,-0.04820358664804163,0.0337324188302912
1777876634.18088,0.1557763758001426,-0.3095956459631221,0.5595035994341667,1,45.75395584106445,45.98689079284668,-0.03790895189038856,-0.04997265292980883,0.0316546371613179
1777876634.2208035,0.15806353467086007,-0.31053153587503896,0.5578107919719739,1,35.619258880615234,35.806894302368164,-0.035621793019671104,-0.050908542841725676,0.029961829699125062
1777876634.2698152,0.16392940155476157,-0.31207152796979987,0.5525381668411993,1,34.05642509460449,34.299373626708984,-0.029755926135769613,-0.052448534936486615,0.024689204568350456
1777876634.3182592,0.17001765469048777,-0.3120089489248847,0.546842939680025,1,32.475948333740234,32.69648551940918,-0.02366767300004341,-0.052385955891571426,0.01899397740717608
1777876634.3890028,0.1730453043587466,-0.3116105559861024,0.5442518528045933,1,53.10463905334473,53.32040786743164,-0.02064002333178458,-0.051987562952789126,0.01640289053174452
1777876634.4199204,0.17577709453994056,-0.3113082506533593,0.5421038091359962,1,30.50851821899414,30.723094940185547,-0.017908233150590612,-0.05168525762004607,0.014254846863147326
1777876634.4994097,0.1813042896332762,-0.31059695532982184,0.5392851521304458,1,59.497833251953125,59.75031852722168,-0.012381038057254982,-0.050973962296508565,0.011436189857597007
1777876634.5499043,0.1818319805960299,-0.310135837035545,0.5391999891466259,1,48.38728904724121,48.61569404602051,-0.011853347094501292,-0.0505128440022317,0.011351026873777044
1777876634.5991883,0.1808888990226708,-0.3091715300579869,0.5387523499159582,1,46.63968086242676,46.863555908203125,-0.012796428667860377,-0.04954853702467367,0.010903387643109365
1777876634.6338687,0.17995577468446125,-0.3089588826679128,0.5387822906814063,1,31.22258186340332,31.461477279663086,-0.013729553006069936,-0.049335889634599575,0.010933328408557416
1777876634.6837547,0.1767221695289455,-0.3086416991757577,0.5398370368096145,1,30.992984771728516,31.25286102294922,-0.016963158161585678,-0.049018706142444426,0.011988074536765689
1777876634.7346303,0.17258168470489765,-0.30722176613872465,0.5427170901766292,1,31.78572654724121,32.00984001159668,-0.021103642985633518,-0.04759877310541137,0.014868127903780323
1777876634.7844527,0.17058428669480566,-0.3060098339914599,0.544232593711047,1,31.502485275268555,31.73065185546875,-0.023101040995725512,-0.04638684095814667,0.016383631438198182
1777876634.834185,0.16653257216272285,-0.3028144495465255,0.5473477355860044,1,31.157493591308594,31.38589859008789,-0.027152755527808325,-0.043191456513212226,0.019498773313155523
1777876634.8846278,0.16061855512949147,-0.30073269705993877,0.5509399351375833,1,31.536579132080078,31.775236129760742,-0.03306677256103972,-0.04110970402662552,0.0230909728647345
1777876634.934096,0.15750957758140882,-0.29985931279325395,0.552760026691886,1,30.950546264648438,31.16631507873535,-0.03617575010912235,-0.0402363197599407,0.024911064419037076
1777876635.0138667,0.15040453787388317,-0.2983332511112848,0.5567988180621728,1,60.56618690490723,60.78672409057617,-0.04328078981664802,-0.0387102580779715,0.02894985578932393
1777876635.0484965,0.14307349082313342,-0.29719411454370614,0.5608318118851164,1,34.211158752441406,34.415245056152344,-0.05061183686739777,-0.037571121510392866,0.03298284961226757
1777876635.0990543,0.13692079614876426,-0.2954562020360578,0.5642888600930445,1,34.62076187133789,34.87396240234375,-0.05676453154176691,-0.03583320900274457,0.03643989782019566
1777876635.158216,0.13692079614876426,-0.2954562020360578,0.5642888600930445,0,43.630123138427734,43.648481369018555,-0.05921448710910338,-0.034694014861993264,0.03794126528461493
1777876635.1999013,0.13692079614876426,-0.2954562020360578,0.5642888600930445,0,35.01486778259277,35.03298759460449,-0.06362564761003814,-0.03313821773427876,0.04071907628534099
1777876635.278764,0.13692079614876426,-0.2954562020360578,0.5642888600930445,0,63.83180618286133,63.84730339050293,-0.06640428385915467,-0.03233746617745396,0.04343636544353631
1777876635.3257313,0.13692079614876426,-0.2954562020360578,0.5642888600930445,0,46.33164405822754,46.34523391723633,-0.0672453006541761,-0.0321769073463829,0.04487733900199064
1777876635.3779888,0.13692079614876426,-0.2954562020360578,0.5642888600930445,0,48.56467247009277,48.58040809631348,-0.0681894063263469,-0.03242125971916186,0.04819664759044873
1777876635.4325848,0.13692079614876426,-0.2954562020360578,0.5642888600930445,0,53.101301193237305,53.114891052246094,-0.06819223280932057,-0.03250039029507053,0.04868866672763025
1777876635.4999259,0.13692079614876426,-0.2954562020360578,0.5642888600930445,0,66.55740737915039,66.57981872558594,-0.06722050093881682,-0.03258946923416818,0.04850364280236021
1777876635.5548956,0.13692079614876426,-0.2954562020360578,0.5642888600930445,0,54.62765693664551,54.64363098144531,-0.06397563484075358,-0.033006848351250215,0.04711906542792335
1777876635.5916753,0.13692079614876426,-0.2954562020360578,0.5642888600930445,0,34.37209129333496,34.38615798950195,-0.058179717857680176,-0.03409199182087243,0.045757701142902465
1777876635.6387992,0.1442017216265211,-0.2957661476832188,0.5721456453803209,1,31.22258186340332,31.45289421081543,-0.04948360606401008,-0.03614315464990554,0.04429668310747203
1777876635.6888096,0.14857211667060014,-0.29682255129131835,0.5713404750113724,1,31.130313873291016,31.36610984802246,-0.045113211019931036,-0.03719955825800507,0.043491512738523634
1777876635.7398555,0.15742947749990494,-0.2991003765462927,0.569258564899077,1,32.1042537689209,32.33981132507324,-0.03625585019062626,-0.03947738351297943,0.04140960262622822
1777876635.7888892,0.1656147878870076,-0.30179824643433384,0.5662053242635567,1,31.007766723632812,31.232118606567383,-0.028070539803523586,-0.04217525340102059,0.038356361990707855
1777876635.8392613,0.16947655682403065,-0.3032522301804159,0.5643842846524006,1,31.287670135498047,31.520366668701172,-0.024208770866500536,-0.04362923714710264,0.036535322379551774
1777876635.8903732,0.17435598529902394,-0.30571467058456003,0.560558981139859,1,32.34720230102539,32.570838928222656,-0.019329342391507236,-0.04609167755124678,0.03271001886701021
1777876635.939191,0.17564605679413714,-0.3069034193839221,0.5567742141989586,1,30.840158462524414,31.22425079345703,-0.01803927089639403,-0.04728042635060885,0.028925251926109705
1777876635.989165,0.174888092218735,-0.3062943978581223,0.5549829759136317,1,30.878543853759766,31.093358993530273,-0.018797235471796188,-0.04667140482480904,0.027134013640782866
1777876636.039278,0.1714264120156311,-0.30321931554205195,0.5515898720056983,1,30.920028686523438,31.15558624267578,-0.02225891567490007,-0.04359632250873867,0.02374090973284943
1777876636.0898683,0.16727265938340038,-0.29889633793274617,0.5497938837213738,1,31.333208084106445,31.57329559326172,-0.0264126683071308,-0.03927334489943289,0.021944921448525043
1777876636.1396146,0.16683159166054923,-0.29802078260872894,0.5487871769284685,1,31.01181983947754,31.24070167541504,-0.026853736029981937,-0.03839778957541569,0.020938214655619583
1777876636.2421095,0.16895103915427803,-0.29696261067251367,0.5428577356282488,1,33.10513496398926,33.34784507751465,-0.024734288536253153,-0.03733961763920039,0.015008773355399935
1777876636.2910953,0.16837297013734537,-0.2977508060071066,0.5410921114476824,1,31.95357322692871,32.193660736083984,-0.025312357553185803,-0.038127812973793376,0.013243149174833609
1777876636.3404808,0.16776921114462934,-0.2979302675865229,0.540716824536623,1,31.22997283935547,31.4791202545166,-0.025916116545901827,-0.03830727455320963,0.012867862263774153
1777876636.3899806,0.16792479215640518,-0.299160800934572,0.5406499298132523,1,30.707359313964844,30.920028686523438,-0.025760535534126,-0.0395378079012587,0.012800967540403461
1777876636.4412134,0.16892338495477752,-0.30056158566149793,0.5410237184195593,1,31.83746337890625,32.08446502685547,-0.02476194273575367,-0.04093859262818465,0.013174756146710435
1777876636.515677,0.17379179272954484,-0.30545947198778145,0.5428634685899938,1,55.97257614135742,56.25319480895996,-0.019893534960986343,-0.04583647895446817,0.015014506317145009
1777876636.5659406,0.17788399710308356,-0.30896751566077635,0.5442797518635822,1,45.74894905090332,45.96662521362305,-0.01580133058744762,-0.0493445226274631,0.016430789590733394
1777876636.5740178,0.1962260599992262,-0.3217310636608869,0.5496164885855764,1,3.8688182830810547,3.9947032928466797,0.002540732308695037,-0.06210807062757363,0.02176752631272765
1777876636.6249328,0.21352244695735503,-0.33137225442807444,0.5541763216163758,1,4.61125373840332,4.840373992919922,0.019837119266823862,-0.07174926139476119,0.02632735934352692
1777876636.6821346,0.22198967261164546,-0.33583765446090813,0.5565344163264058,1,11.658668518066406,11.935234069824219,0.02830434492111427,-0.07621466142759488,0.02868545405355695
1777876636.7327142,0.2401972207423539,-0.3440295955306389,0.5607421476638876,1,12.004375457763672,12.334108352661133,0.04651189305182272,-0.08440660249732561,0.03289318539103882
1777876636.782693,0.2582123563134168,-0.34989313290674157,0.564099728929095,1,12.001514434814453,12.279748916625977,0.06452702862288565,-0.09027013987342832,0.03625076665624614
1777876636.8370733,0.26554996905378286,-0.3512302696419073,0.5653669095744507,1,15.942811965942383,16.396045684814453,0.07186464136325169,-0.09160727660859401,0.03751794730160181
1777876636.9132006,0.27939767991309045,-0.35013147786453674,0.5675581084103114,1,42.22702980041504,42.44565963745117,0.08571235222255928,-0.09050848483122349,0.03970914613746261
1777876636.9507172,0.2901882270666169,-0.3455197618361059,0.5692186651248299,1,29.717206954956055,29.91771697998047,0.09650289937608574,-0.08589676880279264,0.04136970285198106
1777876637.0021088,0.29506515922412113,-0.34187852909255284,0.569945905870573,1,31.009435653686523,31.218767166137695,0.10137983153358995,-0.08225553605923959,0.04209694359772417
1777876637.0658317,0.3,-0.33229503144617517,0.5711272773141056,1,44.664621353149414,44.84701156616211,0.11033001783202197,-0.07267203841286192,0.0432783150412568
1777876637.101038,0.3,-0.3211089406787833,0.5720858056360589,1,29.804706573486328,30.01546859741211,0.11756616262934393,-0.061485947645470065,0.04423684336321014
1777876637.1518872,0.3,-0.31511736643629773,0.572340953870393,1,30.54976463317871,30.771970748901367,0.12075949959467895,-0.05549437340298445,0.04449199159754412
1777876637.2017317,0.3,-0.30233302552712493,0.5727801242535714,1,30.338525772094727,30.54499626159668,0.1236380389694645,-0.04271003249381168,0.04493116198072254
1777876637.2700233,0.3,-0.29035395457632934,0.5729072092933767,1,48.42019081115723,48.67148399353027,0.12477464226464256,-0.03073096154301609,0.045058247020527895
1777876637.3164713,0.3,-0.28496447319521295,0.5730372016324031,1,44.840335845947266,45.01485824584961,0.12525950145882525,-0.025341480161899688,0.04518823935955429
1777876637.3547225,0.3,-0.27539436228008074,0.5729946017293321,1,33.002376556396484,33.22911262512207,0.12573588083848625,-0.01577136924676746,0.045145639456483366
1777876637.4074652,0.3,-0.2684438386272854,0.572998688474075,1,35.665035247802734,35.89153289794922,0.12485651859207127,-0.008820845593972101,0.0451497262012262
1777876637.4544504,0.3,-0.26622435959266794,0.5731524311875418,1,32.584190368652344,32.811641693115234,0.123887121291246,-0.006601366559354657,0.045303468914692946
1777876637.5183945,0.3,-0.26422430589547774,0.5740886753081618,1,46.45228385925293,46.65684700012207,0.12071490009721499,-0.004601312862164503,0.04623971303531297
1777876637.5520358,0.3,-0.2649362466633417,0.5759394192304044,1,29.79111671447754,30.015945434570312,0.11589587877582168,-0.00531325363002845,0.048090456957555525
