t,x,y,z,success,ik_ms,total_ms,dx,dy,dz
1777876426.8698492,0.2057214416800689,-0.29600184529558937,0.5464029845618851,1,35.57991981506348,35.81404685974121,-0.010278558318473949,-0.0007750833051552025,0.016668629488803724
1777876426.9026737,0.20549408221215548,-0.2979464648740193,0.5491588773517854,1,19.338130950927734,19.56343650817871,-0.010505917786387382,-0.00271970288358514,0.0194245222787041
1777876426.9594488,0.20566916056036846,-0.3026541577629746,0.5544572500087039,1,26.04198455810547,26.252269744873047,-0.010330839438174401,-0.00742739577254041,0.024722894935622595
1777876427.0083194,0.2060445786817073,-0.30826606991840744,0.5597796932344725,1,22.984981536865234,23.200273513793945,-0.00995542131683555,-0.013039307927973226,0.030045338161391214
1777876427.0629985,0.20626345120231845,-0.3113227906819269,0.5624041975081394,1,26.751995086669922,27.003765106201172,-0.009736548796224404,-0.01609602869149271,0.032669842435058154
1777876427.1084766,0.20697633113479708,-0.3174949446996056,0.5675507364358033,1,22.84073829650879,23.049116134643555,-0.009023668863745789,-0.022268182709171386,0.03781638136272206
1777876427.1492987,0.20849979646578676,-0.32331641215432405,0.5722789687875673,1,13.571977615356445,13.799905776977539,-0.007500203532756093,-0.02808965016388984,0.04254461371448598
1777876427.2038934,0.2097567113366267,-0.32620502135550233,0.5746190620265685,1,18.031597137451172,18.25881004333496,-0.00624328866191614,-0.030978259365068178,0.044884706953487175
1777876427.2802389,0.2131140406920535,-0.3318392802164901,0.5794870441302816,1,44.29268836975098,44.56830024719238,-0.002885959306489362,-0.03661251822605591,0.0497526890572003
1777876427.2998443,0.21721841093168753,-0.3367127856639674,0.5840143937663107,1,13.771533966064453,13.982534408569336,0.0012184109331446827,-0.04148602367353321,0.05428003869322934
1777876427.3643925,0.21964499916352195,-0.33898451692948317,0.5861690003029154,1,28.251171112060547,28.442859649658203,0.003644999164979089,-0.04375775493904896,0.05643464522983416
1777876427.411795,0.2290553951090357,-0.3459423911061224,0.5892955076161209,1,25.58612823486328,25.7718563079834,0.013055395110492828,-0.05071562911568822,0.05956115254303958
1777876427.4598205,0.23887145021151418,-0.351343124839266,0.5918261043758474,1,23.525238037109375,23.73027801513672,0.02287145021297133,-0.056116362848831786,0.062091749302766105
1777876427.5103872,0.2431029714141782,-0.35313158805667855,0.5928938098323406,1,23.645401000976562,23.8649845123291,0.027102971415635328,-0.057904826066244364,0.06315945475925931
1777876427.5538995,0.25138222413764705,-0.3557502100066986,0.5950690207431042,1,15.51675796508789,15.723466873168945,0.03538222413910418,-0.060523448016264414,0.06533466567002288
1777876427.6029556,0.25638218240370053,-0.3540682286953628,0.5973326080774806,1,14.481067657470703,14.691352844238281,0.04038218240515765,-0.0588414667049286,0.06759825300439924
1777876427.6587946,0.25870752730165025,-0.3531991741112751,0.5985274395296855,1,20.096302032470703,20.458459854125977,0.042707527303107375,-0.05797241212084095,0.06879308445660419
1777876427.7207947,0.26372183567234475,-0.3509989692088952,0.6009189192341933,1,32.09233283996582,32.3185920715332,0.04772183567380187,-0.05577220721846096,0.07118456416111199
1777876427.7631896,0.2669349634779337,-0.34834085279346894,0.6034579541699188,1,24.389982223510742,24.677038192749023,0.05093496347939087,-0.05311409080303478,0.07372359909683741
1777876427.8166833,0.2693073749111854,-0.3448613668426411,0.6055869155129152,1,27.1456241607666,27.454376220703125,0.053307374912642515,-0.04963460485220697,0.07585256043983388
1777876427.8643231,0.2704166307913371,-0.3426271621333654,0.6064569196851733,1,24.80483055114746,25.028467178344727,0.05441663079279426,-0.04740040014293126,0.07672256461209201
1777876427.9161057,0.272455473107709,-0.3372161541734855,0.6080367806004221,1,26.46160125732422,26.69978141784668,0.056455473109166134,-0.04198939218305134,0.07830242552734076
1777876427.9548633,0.27334777226268536,-0.3340634524776903,0.6086855068558954,1,15.030860900878906,15.244245529174805,0.05734777226414251,-0.038836690487256104,0.07895115178281414
1777876428.0163443,0.2746497880130396,-0.32771893914012484,0.6096478291045453,1,26.291608810424805,26.52883529663086,0.05864978801449674,-0.03249217714969069,0.07991347403146404
1777876428.0590563,0.2765061361056801,-0.31500191212595796,0.6111368751077877,1,18.899917602539062,19.09160614013672,0.06050613610713724,-0.019775150135523806,0.08140252003470635
1777876428.1304412,0.27545419756553785,-0.3021660270795693,0.6123025014760562,1,40.1616096496582,40.38810729980469,0.059454197566995,-0.00693926508913513,0.08256814640297491
1777876428.15759,0.27436476350337247,-0.29636602150831004,0.6127615419601853,1,17.256736755371094,17.46368408203125,0.058364763504829616,-0.0011392595178758708,0.08302718688710392
1777876428.224503,0.2722024311778351,-0.28580706242529524,0.6130672657290583,1,34.024953842163086,34.308433532714844,0.056202431179292224,0.00941969956513894,0.08333291065597706
1777876428.2579618,0.26922633008487,-0.2763495126485435,0.6126467707741862,1,16.44730567932129,16.662120819091797,0.05322633008632716,0.018877249341890667,0.08291241570110487
1777876428.331779,0.2672866095768829,-0.2721254299750364,0.612125706436918,1,40.16375541687012,40.41123390197754,0.05128660957834002,0.023101332015397796,0.08239135136383664
1777876428.3642914,0.2615310245999407,-0.26391168418897415,0.6105759426970461,1,20.80678939819336,22.744417190551758,0.04553102460139786,0.03131507780146006,0.0808415876239648
1777876428.423983,0.2529059946032005,-0.2563779594372174,0.6084518812161664,1,31.868934631347656,32.1044921875,0.03690599460465766,0.03884880255321674,0.07871752614308514
1777876428.466726,0.24783711351302545,-0.2531861085855972,0.6070884684841199,1,24.54829216003418,24.733304977416992,0.0318371135144826,0.042040653404836995,0.0773541134110386
1777876428.5166593,0.23692101175218214,-0.24834558324668304,0.6034042070102312,1,24.36351776123047,24.567365646362305,0.020921011753639286,0.04688117874375114,0.0736698519371499
1777876428.5699737,0.22494014913193533,-0.24505188076029075,0.5986414588079153,1,27.120590209960938,27.355432510375977,0.008940149133392465,0.05017488123014344,0.068907103734834
1777876428.618734,0.21879518830648817,-0.2437686753601837,0.596058769133935,1,25.87437629699707,26.071786880493164,0.002795188307945305,0.05145808663025046,0.06632441406085371
1777876428.6613345,0.23228450532747844,-0.2470951386024712,0.594478456219736,1,18.40496063232422,18.59760284423828,0.016284505328935585,0.04813162338796298,0.0647441011466548
1777876428.7097826,0.23310200091360989,-0.24889244508318098,0.5913568429969598,1,16.59393310546875,16.835689544677734,0.017102000915067035,0.04633431690725322,0.06162248792387846
1777876428.7824392,0.22958102046116968,-0.2496248426983704,0.5893959507778714,1,38.74039649963379,38.97213935852051,0.013581020462626818,0.04560191929206378,0.059661595704790085
1777876428.832861,0.21701178570613805,-0.25197384242893184,0.5849187826694983,1,38.602352142333984,38.92040252685547,0.0010117857075952058,0.04325291956150232,0.05518442759641694
1777876428.8618214,0.21035365343555745,-0.2535592795931548,0.5826392210263256,1,17.39645004272461,17.61794090270996,-0.005646346562985412,0.041667482397279396,0.05290486595324426
1777876428.9180918,0.19719514642072056,-0.25736145444384184,0.5779629721560724,1,23.577451705932617,23.808717727661133,-0.018804853577822293,0.03786530754659233,0.04822861708299104
1777876428.9714258,0.18428414274220503,-0.2621619675810558,0.5736469725781231,1,25.851011276245117,26.086091995239258,-0.031715857256337826,0.03306479440937836,0.043912617505041864
1777876429.0271454,0.1708811420729653,-0.26690108026356435,0.5693212086330565,1,31.419754028320312,31.64196014404297,-0.04511885792557757,0.028325681726869847,0.03958685355997518
1777876429.0690672,0.16454984664183597,-0.26924191472538717,0.5673270095640233,1,23.221969604492188,23.42700958251953,-0.051450153356706885,0.025984847265047004,0.037592654490942
1777876429.1281154,0.1529129647455032,-0.2742589716065298,0.5632134083136173,1,32.15622901916504,32.41848945617676,-0.06308703525303967,0.02096779038390441,0.033479053240535996
1777876429.1592112,0.14203900906616895,-0.2795910677505996,0.5601587145720687,1,13.299226760864258,13.518810272216797,-0.0739609909323739,0.015635694239834602,0.030424359498987356
1777876429.2240293,0.13705440847270406,-0.2820470770665315,0.5587720808775012,1,28.011083602905273,28.220415115356445,-0.07894559152583881,0.013179684923902715,0.029037725804419892
1777876429.2756665,0.12843452419352552,-0.28726504093782584,0.5562600473196899,1,27.940750122070312,28.147220611572266,-0.08756547580501733,0.007961721052608353,0.02652569224660861
1777876429.3206835,0.12498678086781967,-0.2900052578789442,0.5554307362684273,1,22.330284118652344,22.556066513061523,-0.09101321913072319,0.005221504111489972,0.025696381195346
1777876429.3734174,0.11926009918774677,-0.2956636020293194,0.5543579198530215,1,24.96647834777832,25.182008743286133,-0.09673990081079609,-0.0004368400388852084,0.024623564779940224
1777876429.4304838,0.1152309517872607,-0.3014790259390562,0.553708807265305,1,31.955480575561523,32.18388557434082,-0.10076904821128216,-0.0062522639486219805,0.023974452192223696
1777876429.4621727,0.11317922520139001,-0.3083774706749858,0.553780313361089,1,13.543128967285156,13.785839080810547,-0.10282077479715285,-0.01315070868455162,0.024045958288007728
1777876429.5125647,0.11346067762853174,-0.31609115003197963,0.5545087069426354,1,13.909101486206055,14.13583755493164,-0.10253932237001112,-0.020864388041545445,0.024774351869554144
1777876429.5629132,0.11428078231934552,-0.31996209419425653,0.5550185069587995,1,14.201641082763672,14.423608779907227,-0.10171921767919734,-0.024735332203822347,0.025284151885718198
1777876429.6165576,0.11725464892536624,-0.32769379465270715,0.556251670248497,1,17.759323120117188,17.95506477355957,-0.09874535107317661,-0.032467032662272965,0.026517315175415675
1777876429.6722791,0.12242122922264626,-0.33610711188288644,0.5576533240474216,1,23.36883544921875,23.613452911376953,-0.0935787707758966,-0.04088034989245226,0.027918968974340267
1777876429.7145803,0.12565506822051176,-0.3400480853283614,0.5585133491081072,1,15.570402145385742,15.80667495727539,-0.0903449317780311,-0.04482132333792718,0.028778994035025963
1777876429.767919,0.1337339334056459,-0.3471430055504452,0.5605445815948635,1,18.829345703125,19.05655860900879,-0.08226606659289695,-0.05191624356001104,0.03081022652178217
1777876429.8253846,0.13813693472945654,-0.3503178551786317,0.5616219959935289,1,26.209115982055664,26.416540145874023,-0.0778630652690863,-0.05509109318819752,0.0318876409204476
1777876429.8763623,0.14819221139359662,-0.3561694738862736,0.5636335282990599,1,27.080774307250977,27.295827865600586,-0.06780778860494624,-0.06094271189583947,0.033899173225978615
1777876429.9170687,0.15954705941391986,-0.3613500748617401,0.566368002003105,1,17.621517181396484,17.960309982299805,-0.056452940584623,-0.06612331287130593,0.03663364693002363
1777876429.988076,0.16571250648130037,-0.3632439981999258,0.567835101865291,1,38.572072982788086,38.84410858154297,-0.05028749351724249,-0.0680172362094916,0.03810074679220965
1777876430.0202959,0.17800907174758718,-0.36554874079265165,0.5710329932687541,1,20.778894424438477,21.0263729095459,-0.037990928250955666,-0.0703219788022175,0.041298638195672824
1777876430.0672898,0.1904420170724304,-0.36654371258457946,0.5744555694949868,1,17.7154541015625,17.95196533203125,-0.02555798292611248,-0.07131695059414528,0.04472121442190551
1777876430.1209571,0.2040344146292015,-0.3662811129195893,0.5781478053412012,1,21.24500274658203,21.540403366088867,-0.011965585369341357,-0.0710543509291551,0.048413450268119926
1777876430.1757903,0.2108675466697409,-0.36570167618586413,0.5801022238684461,1,25.121688842773438,25.33864974975586,-0.00513245332880196,-0.07047491419542992,0.050367868795364784
1777876430.218928,0.22375755266338943,-0.3636556892661038,0.5842585239009479,1,17.21358299255371,17.435073852539062,0.007757552664846561,-0.06842892727566963,0.05452416882786657
1777876430.2730036,0.23538942781185743,-0.3598867290177039,0.5889778777178487,1,21.210670471191406,21.43263816833496,0.019389427813314576,-0.06465996702726973,0.05924352264476743
1777876430.323821,0.24194810795606247,-0.35866943931364625,0.5909812503662104,1,21.994590759277344,22.162199020385742,0.02594810795751961,-0.06344267732321207,0.061246895293129114
1777876430.3691525,0.25340187915002993,-0.35482558468417114,0.5942407028917378,1,17.000436782836914,17.209291458129883,0.03740187915148708,-0.05959882269373695,0.06450634781865655
1777876430.4303021,0.26173011975503574,-0.34788464562591304,0.5965705614852952,1,27.84276008605957,28.18608283996582,0.0457301197564929,-0.052657883635478825,0.06683620641221383
1777876430.4704573,0.2654421358024404,-0.3435824220728788,0.5975685598992848,1,17.933130264282227,18.184423446655273,0.04944213580389755,-0.04835566008244466,0.06783420482620356
1777876430.5355315,0.272632838347068,-0.33473648321983474,0.5988517199777683,1,32.88698196411133,33.185482025146484,0.056632838348525096,-0.03950972122940055,0.069117364904687
1777876430.5882673,0.2785111122549708,-0.32542085960529826,0.5995498507260291,1,34.7442626953125,35.189151763916016,0.06251111225642797,-0.03019409761486408,0.06981549565294776
1777876430.6323013,0.28097152820061966,-0.320468834028093,0.5998406615606263,1,28.519153594970703,29.08802032470703,0.0649715282020768,-0.025242072037658797,0.07010630648754504
1777876430.6779308,0.2850161195401304,-0.30966971680607536,0.6005887796733974,1,24.29366111755371,24.54090118408203,0.06901611954158757,-0.014442954815641146,0.07085442460031613
1777876430.7278636,0.287469740530336,-0.29832529729481905,0.6012505934683086,1,24.158716201782227,24.3685245513916,0.0714697405317932,-0.0030985353043848363,0.0715162383952273
1777876430.782093,0.2879030646791243,-0.2919300081277191,0.6017973888349195,1,28.08976173400879,28.333187103271484,0.07190306468058147,0.003296753862715121,0.07206303376183823
1777876430.8215466,0.2866281134930522,-0.2793450397045648,0.6027449045355057,1,17.013072967529297,17.22121238708496,0.07062811349450931,0.015881722285869343,0.07301054946242438
1777876430.8757818,0.28523565384855276,-0.2674180806995008,0.6035130895512845,1,21.177291870117188,21.352291107177734,0.06923565385000988,0.027808681290933404,0.07377873447820318
1777876430.9245286,0.2838944611779724,-0.2619408215839256,0.6040182642722647,1,19.76943016052246,20.044326782226562,0.06789446117942954,0.03328594040650856,0.07428390919918341
1777876430.978515,0.2799687985053601,-0.2518558204273067,0.6048632870315898,1,23.726224899291992,23.95009994506836,0.06396879850681725,0.04337094156312747,0.07512893195850848
1777876431.0221577,0.27401268273656215,-0.2435959430690966,0.6056022451672404,1,17.28987693786621,17.52924919128418,0.058012682738019274,0.05163081892133757,0.07586789009415904
1777876431.0911465,0.2702318850175971,-0.23995211069216654,0.6056713821696322,1,35.86602210998535,36.08965873718262,0.05423188501905422,0.055274651298267655,0.07593702709655097
1777876431.1349916,0.26220504447363463,-0.23490774912358695,0.60527038278892,1,26.382923126220703,26.564359664916992,0.04620504447509175,0.06031901286684723,0.07553602771583864
1777876431.1926005,0.2526958769924189,-0.23271776312403358,0.6048080434977067,1,33.83016586303711,34.079790115356445,0.036695876993876074,0.06250899886640061,0.07507368842462536
1777876431.225746,0.24748447233035858,-0.2326009681462849,0.6042878134711899,1,16.976118087768555,17.174482345581055,0.031484472331815734,0.06262579384414929,0.07455345839810859
1777876431.280568,0.2357947417629443,-0.23472309676248504,0.6026904293483222,1,21.635770797729492,21.83842658996582,0.01979474176440143,0.06050366522794913,0.07295607427524091
1777876431.3294332,0.22394896406922654,-0.2391585701704868,0.6004795483271881,1,20.354509353637695,20.638227462768555,0.007948964070683684,0.05606819181994738,0.07074519325410682
1777876431.3865504,0.21783392202953364,-0.24202003607202638,0.5991565371424827,1,26.942014694213867,27.132511138916016,0.001833922030990781,0.0532067259184078,0.0694221820694014
1777876431.431932,0.20427473470953458,-0.2490584084621272,0.5956478648652386,1,21.988391876220703,22.195100784301758,-0.011725265289008267,0.04616835352830698,0.06591350979215721
1777876431.4913,0.1903300501723583,-0.2571199954062441,0.5913163738193836,1,27.569293975830078,31.50653839111328,-0.02566994982618456,0.0381067665841901,0.061582018746302356
1777876431.5291147,0.17680889122724813,-0.26498509227389044,0.5865045773938841,1,19.0732479095459,19.272327423095703,-0.03919110877129471,0.030241669716543712,0.05677022232080278
1777876431.587474,0.1693847428832387,-0.2690143055784499,0.5835166740963477,1,27.15444564819336,27.36353874206543,-0.04661525711530415,0.02621245641198429,0.053782319023266356
1777876431.6395905,0.15489129380894345,-0.27645840893613727,0.577116720914643,1,28.984546661376953,29.41727638244629,-0.06110870618959942,0.018768353054296916,0.04738236584156171
1777876431.6871073,0.14161046712634262,-0.2838650826011808,0.5709344598271298,1,26.64923667907715,26.882171630859375,-0.07438953287220025,0.011361679389253393,0.041200104754048436
1777876431.737632,0.1356683407136569,-0.2875317139372531,0.5680113630990011,1,27.11653709411621,27.34661102294922,-0.08033165928488595,0.007695048053181094,0.038277008025919775
1777876431.7852495,0.12481641916703566,-0.29485010603973616,0.5623125649172085,1,24.52993392944336,24.77097511291504,-0.0911835808315072,0.0003766559506980377,0.032578209844127196
1777876431.8367934,0.11994121561566373,-0.29838209730140974,0.5593480138605914,1,26.02529525756836,26.230335235595703,-0.09605878438287913,-0.0031553353109755877,0.02961365878751006
1777876431.8832114,0.11189519953153745,-0.30484142150743154,0.5539894295153567,1,21.4388370513916,21.748065948486328,-0.1041048004670054,-0.00961465951699736,0.024255074442275405
1777876431.932283,0.10589611951938938,-0.3106846899726835,0.5502675181915304,1,20.563602447509766,20.774126052856445,-0.11010388047915348,-0.015457927982249292,0.020533163118449126
1777876432.0142,0.10146482376048335,-0.3161890585507953,0.5482500084798905,1,52.416086196899414,52.629709243774414,-0.1145351762380595,-0.020962296560361138,0.01851565340680919
1777876432.0288434,0.09988159028847884,-0.3187839439755592,0.5477765594373823,1,14.368295669555664,14.558076858520508,-0.11611840971006401,-0.02355718198512502,0.018042204364301012
1777876432.0868583,0.09836954231123798,-0.3239597880191363,0.5475775926350074,1,22.289752960205078,22.478342056274414,-0.11763045768730487,-0.02873302602870212,0.017843237561926087
1777876432.145931,0.10013009315421564,-0.32935915920795744,0.5480924716558404,1,29.026508331298828,29.210805892944336,-0.11586990684432721,-0.034132397217523286,0.018358116582759147
1777876432.2034314,0.10247905136120378,-0.3323149735188222,0.5486979167141924,1,36.36622428894043,36.612749099731445,-0.11352094863733908,-0.03708821152838804,0.018963561641111116
1777876432.2444944,0.10928725382863305,-0.33850446165635295,0.5503251446682653,1,26.489973068237305,26.670217514038086,-0.1067127461699098,-0.043277699665918795,0.02059078959518406
1777876432.287097,0.11918411646317287,-0.34484168993653164,0.5525385792311687,1,18.535852432250977,18.71490478515625,-0.09681588353536999,-0.049614927946097426,0.022804224158087326
1777876432.3468146,0.12526355038841774,-0.3484134016690882,0.5538595953045735,1,28.12647819519043,28.316736221313477,-0.09073644961012511,-0.053186639678653974,0.0241252402314922
1777876432.3928862,0.1392904933944836,-0.3560940815548935,0.5568015120317115,1,24.079561233520508,24.27196502685547,-0.07670950660405926,-0.060867319564459316,0.027067156958630136
1777876432.4477792,0.15503188188083394,-0.36317821205557427,0.5601287505650906,1,28.872251510620117,29.112577438354492,-0.06096811811770892,-0.06795145006514008,0.030394395492009323
1777876432.5065095,0.1629175683716586,-0.3656324917509524,0.561838079890393,1,37.419795989990234,37.74738311767578,-0.05308243162688426,-0.07040572976051823,0.03210372481731171
1777876432.5498729,0.17937314504222,-0.36990226737613563,0.5653823364127932,1,30.85184097290039,31.0666561126709,-0.03662685495632287,-0.07467550538570147,0.03564798133971189
1777876432.5892386,0.19549653194284553,-0.3717895216636447,0.569686072298677,1,20.112991333007812,20.367860794067383,-0.020503468055697326,-0.07656275967321052,0.03995171722559568
1777876432.6485164,0.20919962848017248,-0.37161639491374,0.5750549722651013,1,29.349088668823242,29.55484390258789,-0.006800371518370367,-0.07638963292330578,0.04532061719202001
1777876432.6911054,0.21579083498080226,-0.3703635546077356,0.5777032645789558,1,21.829605102539062,22.07207679748535,-0.00020916501774059099,-0.07513679261730144,0.047968909505874485
1777876432.7413108,0.2278826553452246,-0.36605058534253176,0.5831145457119592,1,21.81267738342285,21.99411392211914,0.01188265534668173,-0.07082382335209761,0.053380190638877875
1777876432.7913795,0.2329060270334448,-0.36306777908945376,0.5860312742429526,1,21.30866050720215,21.521329879760742,0.01690602703490194,-0.06784101709901957,0.056296919169871326
1777876432.860053,0.24231793853953815,-0.3566982135772495,0.591330499335009,1,39.9019718170166,40.1148796081543,0.026317938540995282,-0.0614714515868153,0.06159614426192776
1777876432.8902442,0.25165909714023377,-0.3501880570352538,0.5947410539407104,1,20.008325576782227,20.22528648376465,0.03565909714169092,-0.054961295044819586,0.06500669886762911
1777876432.936659,0.2595205129358476,-0.3423701725776299,0.5971943252389234,1,16.20793342590332,16.547679901123047,0.043520512937304766,-0.04714341058719573,0.06745997016584201
1777876432.9984,0.2631728996350522,-0.338396254217197,0.5982718368882526,1,28.01227569580078,28.207063674926758,0.04717289963650934,-0.04316949222676278,0.06853748181517125
1777876433.037957,0.2697830701747619,-0.33027457949786554,0.6004922108599723,1,17.531871795654297,17.716407775878906,0.053783070176219035,-0.03504781750743133,0.07075785578689098
1777876433.0952249,0.272653994968858,-0.3261350385233931,0.601643346046707,1,24.607419967651367,24.854183197021484,0.056653994970315154,-0.030908276532958884,0.07190899097362566
1777876433.1378806,0.27781900869708204,-0.3172048204200443,0.6041384231708389,1,17.129898071289062,17.378807067871094,0.06181900869853916,-0.02197805842961012,0.07440406809775754
1777876433.1882992,0.2820595791865388,-0.30796283732410457,0.6067814531792394,1,17.492055892944336,17.755746841430664,0.0660595791879959,-0.012736075333670355,0.07704709810615809
1777876433.2424886,0.28477063946937764,-0.2978284207328822,0.6099580393996443,1,21.624326705932617,21.88563346862793,0.06877063947083478,-0.0026016587424480264,0.08022368432656304
1777876433.294426,0.28551827372066474,-0.2927489571211784,0.6114347671083464,1,23.52118492126465,23.727893829345703,0.06951827372212188,0.0024778048692557925,0.08170041203526517
1777876433.348227,0.2856277491037613,-0.2825645092641493,0.6143086168171772,1,27.10103988647461,27.47058868408203,0.06962774910521849,0.012662252726284906,0.08457426174409591
1777876433.396598,0.2844216530180903,-0.27291851970127856,0.6167888596312519,1,25.396108627319336,25.772571563720703,0.06842165301954747,0.02230824228915565,0.08705450455817056
1777876433.4510722,0.28304807650478286,-0.26824452303609936,0.6177243143702096,1,29.976844787597656,30.165910720825195,0.06704807650624,0.02698223895433481,0.08798995929712826
1777876433.4956548,0.27956695974465096,-0.25993540725740805,0.6189615721968654,1,24.447917938232422,24.65057373046875,0.06356695974610807,0.035291354733026165,0.08922721712378409
1777876433.5524445,0.27691164252623224,-0.25307328487661485,0.6183903792912249,1,30.797243118286133,30.997514724731445,0.06091164252768939,0.04215347711381935,0.0886560242181435
1777876433.5969431,0.27374693179718695,-0.2498737772495813,0.6176073682536467,1,25.229930877685547,25.421142578125,0.057746931798644104,0.04535298474085289,0.08787301318056542
1777876433.639789,0.26340396272226396,-0.24570093774968135,0.6155543675798415,1,17.070770263671875,17.301559448242188,0.04740396272372111,0.04952582424075283,0.08582001250676016
1777876433.6968863,0.2491840590840185,-0.24474736429609717,0.6122660230924398,1,24.11031723022461,24.315357208251953,0.033184059085475635,0.050479397694337,0.08253166801935855
1777876433.7517781,0.24239830126884374,-0.24546834636252127,0.6101862530979631,1,28.93543243408203,29.117107391357422,0.026398301270300885,0.049758415627912916,0.08045189802488183
1777876433.793515,0.22782843268493938,-0.24917325128277723,0.6051888274611562,1,20.517587661743164,20.71094512939453,0.01182843268639653,0.04605351070765697,0.07545447238807493
1777876433.8520968,0.2131163622035021,-0.2546857434795473,0.5998317684408893,1,28.799772262573242,29.00528907775879,-0.002883637795040757,0.04054101851088687,0.07009741336780798
1777876433.8996003,0.2051138765807206,-0.2580972667155698,0.5968359655111269,1,26.174068450927734,26.42679214477539,-0.01088612341782224,0.037129495274864366,0.0671016104380456
1777876433.946505,0.18920860471601705,-0.2653569453322372,0.5908543383377031,1,23.070812225341797,23.26512336730957,-0.026791395282525807,0.029869816658197004,0.061119983264621744
1777876434.002387,0.1724443196376993,-0.27328441650763496,0.5845200473647225,1,28.25617790222168,28.48982810974121,-0.04355568036084358,0.021942345482799205,0.054785692291641166
1777876434.0540268,0.16467096833429812,-0.27710032698687964,0.5815440205673268,1,28.993606567382812,29.195070266723633,-0.051329031664244754,0.018126435003554528,0.05180966549424552
1777876434.0969644,0.14786418271428092,-0.286627224304231,0.5748203835967016,1,21.864891052246094,22.044897079467773,-0.06813581728426193,0.00859953768620321,0.04508602852362036
1777876434.1489735,0.13311060434907201,-0.2966531973841754,0.569930485767046,1,22.794723510742188,23.003816604614258,-0.08288939564947084,-0.0014264353937411822,0.04019613069396462
1777876434.2175932,0.1262303424405556,-0.30205668838996325,0.5680502650549653,1,41.155338287353516,41.425466537475586,-0.08976965755798728,-0.00682992639952909,0.03831590998188393
1777876434.2488694,0.11353820576932572,-0.3129616419260527,0.5655929967604697,1,22.332429885864258,22.535085678100586,-0.10246179422921714,-0.01773487993561848,0.035858641687388365
1777876434.296652,0.10385484971321096,-0.32207064711575883,0.5643235168135874,1,20.025014877319336,20.258188247680664,-0.1121451502853319,-0.02684388512532468,0.03458916174050607
1777876434.348501,0.09978095654239147,-0.3261342860359431,0.5639116447445739,1,21.783113479614258,22.004127502441406,-0.11621904345615139,-0.030907524045508922,0.03417728967149258
1777876434.3970568,0.09292386555438625,-0.3329670833860078,0.5632902618580269,1,20.2484130859375,20.441055297851562,-0.1230761344441566,-0.037740321395573595,0.0335559067849456
1777876434.4461625,0.08773510754844643,-0.33846069953134217,0.5626833235300741,1,19.110679626464844,19.28424835205078,-0.12826489245009642,-0.04323393754090801,0.03294896845699277
1777876434.500483,0.08606423510498365,-0.340794302332787,0.5622812762793377,1,23.289918899536133,23.5135555267334,-0.1299357648935592,-0.04556754034235283,0.032546921206256296
1777876434.5445378,0.0847294688647443,-0.34540007210616486,0.561484741107551,1,17.10653305053711,17.321348190307617,-0.13127053113379855,-0.050173310115730646,0.031750386034469724
1777876434.6215928,0.08626008825927212,-0.35095523745071155,0.5610521777447586,1,44.01135444641113,44.27909851074219,-0.12973991173927074,-0.05572847546027737,0.03131782267167727
1777876434.6542678,0.08840992284920576,-0.3543200286735373,0.5610370204754255,1,26.299238204956055,26.551008224487305,-0.1275900771493371,-0.059093266683103135,0.03130266540234414
1777876434.694682,0.09536435828711184,-0.36144573351010467,0.561337758924802,1,16.680002212524414,16.874313354492188,-0.12063564171143101,-0.06621897151967049,0.03160340385172067
1777876434.7452483,0.10574228334241509,-0.36895548720655275,0.561965095733751,1,17.1968936920166,17.380714416503906,-0.11025771665612777,-0.07372872521611856,0.03223074066066971
1777876434.806137,0.11262639187391063,-0.37368379179235667,0.5622190378471467,1,27.957677841186523,28.165817260742188,-0.10337360812463223,-0.07845702980192246,0.03248468277406533
1777876434.8503084,0.1275757022787289,-0.3830627854824674,0.5639533390169054,1,21.652698516845703,21.886110305786133,-0.08842429771981397,-0.08783602349203323,0.03421898394382403
1777876434.9030948,0.14399000157359468,-0.3897752771808153,0.5656032963120773,1,24.28436279296875,24.515151977539062,-0.07200999842494818,-0.09454851519038107,0.035868941238995984
1777876434.9617178,0.1512951088246999,-0.3920957544779673,0.5662648249282924,1,32.54199028015137,32.76205062866211,-0.06470489117384295,-0.09686899248753308,0.03653046985521116
1777876434.9983954,0.1683163684833143,-0.39517007787339575,0.56824987603311,1,18.700361251831055,18.935441970825195,-0.04768363151522855,-0.09994331588296157,0.03851552096002859
1777876435.0457604,0.18395124663591422,-0.39630612315764413,0.5705129959138032,1,16.065597534179688,16.283750534057617,-0.03204875336262865,-0.10107936116720997,0.040778640840721865
1777876435.0993097,0.1988501530847514,-0.3942407154392642,0.5725459929840757,1,19.511938095092773,19.739151000976562,-0.01714984691379144,-0.09901395344882999,0.042811637910994405
1777876435.1527352,0.20584768939327505,-0.3925159222324325,0.5736458172302178,1,22.86076545715332,23.058652877807617,-0.010152310605267813,-0.0972891602419983,0.043911462157136476
1777876435.2060163,0.2205525864196083,-0.38786355288911956,0.5766377772212499,1,26.069164276123047,26.282310485839844,0.004552586421065437,-0.0926367908986854,0.04690342214816857
1777876435.2492156,0.23347421541266652,-0.3834273071606995,0.5803556176397725,1,19.1800594329834,19.405364990234375,0.017474215414123674,-0.0882005451702653,0.05062126256669115
1777876435.3112223,0.23957203157943266,-0.38036218179433134,0.5819071888083679,1,30.988693237304688,31.342029571533203,0.023572031580889795,-0.08513541980389713,0.052172833735286576
1777876435.3576477,0.2502855006613883,-0.3725343869755036,0.5845200695708089,1,27.41074562072754,27.64749526977539,0.03428550066284545,-0.07730762498506943,0.05478571449772764
1777876435.401088,0.2596281165165279,-0.363262348351067,0.5865978947085043,1,20.810842514038086,21.0263729095459,0.043628116517985045,-0.06803558636063284,0.05686353963542303
1777876435.4570925,0.26358989677832234,-0.35832670984758386,0.5875189480256209,1,26.18861198425293,26.38983726501465,0.04758989677977949,-0.06309994785714965,0.05778459295253961
1777876435.5063317,0.27087473743259044,-0.3469024355745287,0.5895747933901289,1,25.395870208740234,25.5892276763916,0.05487473743404756,-0.0516756735840945,0.05984043831704754
1777876435.5547812,0.2760310862456149,-0.33545363830093544,0.5918689170885356,1,23.600339889526367,23.778438568115234,0.06003108624707205,-0.04022687631050123,0.062134562015454274
1777876435.6068792,0.27793613356268615,-0.3296072543366885,0.593134543439074,1,25.565147399902344,25.783538818359375,0.0619361335641433,-0.03438049234625434,0.06340018836599276
1777876435.6543684,0.28009301119586816,-0.3183800832216889,0.5956991278544842,1,23.03767204284668,23.21767807006836,0.06409301119732533,-0.023153321231254742,0.06596477278140286
1777876435.7114112,0.28038112761689593,-0.31227724612032315,0.5969741817975623,1,28.725147247314453,30.019760131835938,0.0643811276183531,-0.017050484129888965,0.06723982672448107
1777876435.7588408,0.27860226499600693,-0.30126461760711615,0.5992766988168391,1,27.155399322509766,27.35137939453125,0.06260226499746407,-0.006037855616681978,0.06954234374375776
1777876435.8098445,0.27643580524401073,-0.29188702584738935,0.6014945087511564,1,27.989864349365234,28.18465232849121,0.06043580524546786,0.0033397361430448635,0.07176015367807513
1777876435.8678362,0.27386058323497564,-0.28531544670986975,0.6040042118433742,1,35.669565200805664,36.11183166503906,0.05786058323643279,0.009911315280564464,0.07426985677029282
1777876435.9219544,0.2716122953016561,-0.28275754021911387,0.60605248354929,1,39.87407684326172,40.140628814697266,0.055612295303113214,0.012469221771320316,0.07631812847620868
1777876435.9518726,0.26533079854158387,-0.2795427008796276,0.6132102878205233,1,19.755840301513672,19.971609115600586,0.04933079854304102,0.01568406111080657,0.08347593274744203
1777876436.0074553,0.25889622971270765,-0.2784509767046937,0.6229803935753362,1,25.137662887573242,25.376081466674805,0.042896229714164784,0.016775785285740488,0.09324603850225492
1777876436.05639,0.2553540414369751,-0.27869175513807426,0.6294191502805537,1,23.994922637939453,24.219274520874023,0.03935404143843226,0.016535006852359924,0.09968479520747241
1777876436.1016467,0.2469600081578566,-0.2794174708072875,0.6436234441489646,1,19.176006317138672,19.396305084228516,0.030960008159313747,0.015809291183146654,0.1138890890758833
1777876436.167864,0.23731918430672203,-0.28029106528432357,0.65,1,35.11691093444824,35.39299964904785,0.021319184308179175,0.014935696706110627,0.12912698507926806
1777876436.2011776,0.23216869970801465,-0.2807923198231191,0.65,1,18.431425094604492,18.65077018737793,0.016168699709471802,0.014434442167315098,0.1375232474030838
1777876436.2607121,0.22220687781851972,-0.2815498262062008,0.65,1,27.842044830322266,28.027772903442383,0.006206877819976871,0.013676935784233388,0.15364918301984287
1777876436.3066978,0.21276081310904082,-0.28213893310655264,0.65,1,23.7579345703125,23.943185806274414,-0.0032391868895020395,0.013087828883881547,0.1698039427811609
1777876436.3579443,0.2084541860733129,-0.28215638257342485,0.65,1,24.651765823364258,24.871826171875,-0.007545813925229974,0.013070379417009337,0.17788610788308637
1777876436.4280252,0.20039560402168188,-0.281626934663452,0.65,1,44.579505920410156,44.909000396728516,-0.015604395976860967,0.013599827326982186,0.19339283303945562
1777876436.4701862,0.19708921119750522,-0.28123161822024995,0.65,1,36.798715591430664,36.99445724487305,-0.01891078880103765,0.013995143770184224,0.20042471481082527
1777876436.504521,0.1897764114473655,-0.28023322994684574,0.65,1,19.52958106994629,19.77252960205078,-0.02622358855117735,0.014993532043588428,0.21606314013618597
1777876436.5581288,0.18213061883264392,-0.2787502330187467,0.65,1,21.973848342895508,22.228479385375977,-0.03386938116589894,0.016476528971687526,0.2296935877639639
1777876436.6101975,0.17375541277847034,-0.2766868304252267,0.65,1,24.0018367767334,24.175405502319336,-0.0422445872200725,0.01853993156520753,0.2415005379813945
1777876436.6556618,0.16926123331091047,-0.2755663301518849,0.65,1,19.3636417388916,19.56009864807129,-0.04673876668763239,0.019660431838549236,0.24671201668577317
1777876436.725238,0.1604141169838544,-0.27360294679432884,0.65,1,38.01703453063965,38.260459899902344,-0.055585883014688454,0.02162381519610533,0.2550347457551656
1777876436.759214,0.15260953851254053,-0.2721742050865304,0.65,1,21.87061309814453,22.050857543945312,-0.06339046148600233,0.023052556903903787,0.2595001283014432
1777876436.8094008,0.14983577735974413,-0.2719144382906627,0.65,1,21.862506866455078,22.083044052124023,-0.06616422263879874,0.023312323699771473,0.2597375971452883
1777876436.8675225,0.1473395118044434,-0.2726448985047294,0.65,1,29.8459529876709,30.069351196289062,-0.06866048819409945,0.022581863485704803,0.25670761264181413
1777876436.9052846,0.14741183190527882,-0.2743787461709794,0.65,1,17.557621002197266,17.742633819580078,-0.06858816809326404,0.020848015819454765,0.24813396091550216
1777876436.9515197,0.14788241915831546,-0.2754440956874131,0.65,1,13.738155364990234,13.963937759399414,-0.06811758084022738,0.01978266630302103,0.24170924939657745
1777876437.0104845,0.14939873313287577,-0.2779579408542042,0.65,1,22.663116455078125,22.85456657409668,-0.06660126686566707,0.017268821136229934,0.2268420889887904
1777876437.06161,0.15125630363611056,-0.2810737849140711,0.65,1,23.52738380432129,23.80990982055664,-0.0647436963624323,0.014152977076363121,0.20684289927201388
1777876437.1127055,0.15244382223333403,-0.28265764475043365,0.65,1,24.608135223388672,24.829387664794922,-0.06355617776520882,0.012569117240000524,0.19651549949516123
1777876437.175167,0.15509682073913164,-0.28578840968130514,0.65,1,36.99517250061035,37.2157096862793,-0.060903179259411216,0.009438352309129025,0.17632461895535645
1777876437.2133956,0.1596311737857363,-0.288455553002447,0.65,1,25.144100189208984,25.365114212036133,-0.056368826212806554,0.006771208987987179,0.1565840621418892
1777876437.2645404,0.16280820870875942,-0.28966000115827883,0.65,1,26.253223419189453,26.432275772094727,-0.05319179128978343,0.0055667608321553624,0.14656595817690732
1777876437.3124301,0.1695112956057792,-0.29205207598042143,0.65,1,23.603200912475586,23.82659912109375,-0.04648870439276364,0.0031746860100127505,0.12741624776994254
1777876437.3546662,0.17698257682847976,-0.29430132658366137,0.637289529200167,1,15.808343887329102,16.012907028198242,-0.039017423170063105,0.0009254354067728121,0.1075551741270857
1777876437.4163983,0.1832158100617614,-0.29673368943491285,0.619032975235773,1,27.444839477539062,27.648448944091797,-0.03278418993678145,-0.0015069274444786535,0.08929862016269169
1777876437.4533353,0.18590970698451562,-0.2979242948249775,0.6102099206556652,1,14.229536056518555,14.463663101196289,-0.030090293014027235,-0.002697532834543326,0.08047556558258388
1777876437.509414,0.1902034494033494,-0.300355078528992,0.5938336341035908,1,20.237207412719727,20.45297622680664,-0.025796550595193448,-0.005128316538557845,0.06409927903050944
1777876437.558523,0.19152243854401638,-0.30191441497183913,0.586237811223355,1,19.28853988647461,19.479751586914062,-0.024477561454526474,-0.006687652981404932,0.05650345615027378
1777876437.6170404,0.19226917889543468,-0.30474113927995106,0.5730588678096035,1,27.608156204223633,27.835369110107422,-0.023730821103108174,-0.009514377289516873,0.043324512736522186
1777876437.6621094,0.1913653548233133,-0.3070628348572557,0.5625531970237804,1,22.576570510864258,22.808551788330078,-0.02463464517522956,-0.011836072866821506,0.03281884195069905
1777876437.7277966,0.18834912468121673,-0.3086901726882907,0.5535982637497301,1,38.01727294921875,38.24353218078613,-0.02765087531732613,-0.013463410697856504,0.023863908676648792
1777876437.764971,0.18654711592832568,-0.3094400305904572,0.5500580169806273,1,25.113821029663086,25.313138961791992,-0.029452884070217192,-0.01421326860002306,0.020323661907545934
1777876437.8096497,0.182311529220323,-0.3105270544338342,0.5437303058409477,1,19.704580307006836,19.90675926208496,-0.03368847077821984,-0.01530029244340006,0.013995950767866389
1777876437.8582747,0.17925525806231574,-0.31178274884741175,0.5386601927344942,1,18.172264099121094,18.436431884765625,-0.036744741936227135,-0.016555986856977595,0.008925837661412868
1777876437.9182029,0.1778024017932979,-0.31231436552309955,0.5367990663211852,1,28.09453010559082,28.286218643188477,-0.03819759820524496,-0.017087603532665363,0.007064711248103969
1777876437.95824,0.17564317788333397,-0.3132479645877801,0.5342136254905125,1,18.04184913635254,18.24355125427246,-0.04035682211520888,-0.01802120259734591,0.00447927041743118
1777876438.0153913,0.17437416199298583,-0.3137731944903488,0.5327087334718389,1,25.080442428588867,25.26235580444336,-0.04162583800555701,-0.01854643249991464,0.002974378398757624
1777876438.068429,0.1740490582816574,-0.31395328569735603,0.5324172832727067,1,27.99081802368164,28.204917907714844,-0.04195094171688546,-0.018726523706921877,0.0026829281996253868
1777876438.1141286,0.17359910600795803,-0.3140001786179908,0.5325963522022799,1,23.379802703857422,23.60677719116211,-0.04240089399058483,-0.018773416627556605,0.0028619971291985735
1777876438.1658998,0.17370404034267364,-0.314382858483222,0.5331363553525026,1,25.012731552124023,25.232791900634766,-0.04229595965586922,-0.019156096492787794,0.0034020002794212523
1777876438.222577,0.17406978110427024,-0.3150627542412119,0.5334532468600577,1,31.651735305786133,31.859397888183594,-0.041930218894272606,-0.01983599225077773,0.0037188917869763263
1777876438.259997,0.1751488837348345,-0.31775113571407787,0.534383361894762,1,19.006967544555664,19.223690032958984,-0.04085111626370834,-0.022524373723643687,0.004649006821680637
1777876438.3151834,0.17719173767751778,-0.32284903693634737,0.5360598286152827,1,23.749351501464844,23.990631103515625,-0.03880826232102509,-0.027622274945913183,0.006325473542201421
1777876438.36876,0.17877529540716897,-0.32635896912897955,0.5373239912332408,1,26.699542999267578,26.943445205688477,-0.037224704591373885,-0.031132207138545337,0.007589636160159521
1777876438.4102874,0.18294041292231517,-0.3351890875792668,0.5413852723484447,1,18.6767578125,18.916606903076172,-0.03305958707622769,-0.03996232558883259,0.011650917275363437
1777876438.469954,0.18861097314981415,-0.344845985904331,0.5467799113605023,1,28.139352798461914,28.4116268157959,-0.02738902684872872,-0.04961922391389684,0.017045556287421035
1777876438.5279386,0.19278678810695238,-0.3501853843808056,0.5497959368951492,1,35.999298095703125,36.34524345397949,-0.023213211891590476,-0.054958622390371414,0.020061581822067895
1777876438.5734348,0.20236205416700861,-0.3591669616711882,0.5553719512019584,1,31.463146209716797,31.75830841064453,-0.01363794583153425,-0.06394019968075404,0.025637596128877116
1777876438.615489,0.21330791861433826,-0.3663228006578233,0.56139530170537,1,23.517370223999023,23.749113082885742,-0.0026920813842045907,-0.07109603866738912,0.03166094663228864
1777876438.6751878,0.21985506299342877,-0.3697827397455353,0.5645164580594485,1,33.04886817932129,33.25223922729492,0.003855062994885923,-0.07455597775510112,0.03478210298636722
1777876438.7129781,0.2330026397916326,-0.3746291229052183,0.5718787435639077,1,20.679712295532227,20.901918411254883,0.017002639793089754,-0.07940236091478411,0.04214438849082638
1777876438.7651527,0.2454612412653659,-0.37716424282126415,0.5793506084379021,1,22.702693939208984,23.011207580566406,0.029461241266823042,-0.08193748083083,0.049616253364820825
1777876438.8220587,0.25127785732933183,-0.37772310725545355,0.5823272993493885,1,29.56986427307129,29.8159122467041,0.035277857330788955,-0.08249634526501934,0.05259294427630724
1777876438.8677206,0.26216868570669305,-0.37663135282518656,0.5865593632990953,1,25.174617767333984,25.426149368286133,0.046168685708150185,-0.08140459083475238,0.05682500822601405
1777876438.918783,0.27153397838271864,-0.3713728442722326,0.5889140873725848,1,26.072978973388672,26.33380889892578,0.05553397838417579,-0.07614608228179845,0.059179732299503504
1777876438.9632332,0.27553982132860194,-0.36738659340274504,0.5897124134432046,1,20.36309242248535,20.606279373168945,0.05953982133005906,-0.07215983141231089,0.05997805837012331
1777876439.0281086,0.28251129648431267,-0.35740463600784683,0.5907127866775868,1,35.09068489074707,35.35056114196777,0.06651129648576981,-0.06217787401741265,0.06097843160450542
1777876439.0676749,0.2879257036522821,-0.34549970516546136,0.5912344721672138,1,24.3532657623291,24.59406852722168,0.07192570365373924,-0.0502729431750272,0.061500117094132514
1777876439.1172724,0.2900336359173903,-0.33865799823267584,0.591299415948526,1,23.84352684020996,24.096012115478516,0.0740336359188474,-0.04343123624224168,0.06156506087544468
1777876439.1682785,0.2932746789309779,-0.3244607539819619,0.5911374179919363,1,23.946046829223633,24.178028106689453,0.07727467893243509,-0.029233991991527708,0.06140306291885496
1777876439.2245998,0.2946595719609659,-0.30968461407004694,0.5920039546615398,1,28.212785720825195,28.43785285949707,0.07865957196242304,-0.014457852079612754,0.062269599588458485
1777876439.2666488,0.2926640506793081,-0.2981339604335439,0.5926118810702843,1,17.09270477294922,17.276525497436523,0.07666405068076523,-0.002907198443109729,0.06287752599720298
1777876439.3293746,0.2913448875426177,-0.29202159405956807,0.5944249356239337,1,29.408693313598633,29.613018035888672,0.07534488754407487,0.003205167930866129,0.06469058055085247
1777876439.3772578,0.2881745184368575,-0.28041047558288856,0.6002354348519331,1,27.222156524658203,27.418136596679688,0.07217451843831463,0.014816286407545592,0.07050107977885181
1777876439.4255874,0.2844119341922712,-0.27055031422907955,0.6070090642431534,1,24.94335174560547,25.170087814331055,0.06841193419372829,0.024676447761354636,0.07727470917007212
1777876439.4712112,0.2824858651791175,-0.26621435897446316,0.6100001505719135,1,20.460844039916992,20.682334899902344,0.06648586518057464,0.029012403015971022,0.08026579549883223
1777876439.5355802,0.27786286540512367,-0.25741468282631164,0.6154264150698221,1,34.6219539642334,34.88898277282715,0.06186286540658079,0.03781207916412253,0.08569205999674077
1777876439.5790765,0.27504302039986833,-0.2527784286007427,0.6174745235974146,1,27.992725372314453,28.226137161254883,0.05904302040132548,0.042448333389691506,0.08774016852433328
1777876439.6247404,0.2673687877745254,-0.2432240461989318,0.619747669267622,1,23.6203670501709,23.808717727661133,0.05136878777598252,0.05200271579150238,0.09001331419454069
1777876439.6763732,0.2562329766499899,-0.23491655097443054,0.6192404704985295,1,24.664640426635742,24.884700775146484,0.04023297665144702,0.06031021101600366,0.08950611542544816
1777876439.720109,0.24217645844694805,-0.22906474075590152,0.6171281232919037,1,18.294811248779297,18.540620803833008,0.02617645844840518,0.06616202123453266,0.08739376821882235
1777876439.7836308,0.23393486396340127,-0.22731041367462432,0.6158867917617041,1,31.680583953857422,31.958580017089844,0.017934863964858418,0.06791634831580987,0.08615243668862285
1777876439.8275,0.2185446462808997,-0.22766419677816213,0.6128046828272624,1,25.51865577697754,25.74777603149414,0.002544646282356851,0.06756256521227204,0.08307032775418113
1777876439.8766508,0.20771267746455907,-0.2338718216439008,0.6077105877153799,1,23.831844329833984,24.0478515625,-0.008287322533983794,0.06135494034653338,0.07797623264229858
1777876439.9352405,0.201463272771858,-0.23703921179520845,0.6053896903800151,1,31.795740127563477,32.03415870666504,-0.014536727226684858,0.05818755019522573,0.07565533530693383
1777876439.9685352,0.18794817970223227,-0.2441422972060196,0.6006496073303731,1,14.84060287475586,15.06948471069336,-0.028051820296310606,0.0510844647844146,0.07091525225729174
1777876440.028698,0.17363777817502069,-0.25244877284291267,0.5957161912969999,1,23.250579833984375,23.456335067749023,-0.042362221823522186,0.04277798914752154,0.06598183622391857
1777876440.0854137,0.16629250594097994,-0.2571841850335789,0.5928206405307677,1,28.491735458374023,28.677940368652344,-0.04970749405756291,0.03804257695685524,0.06308628545768635
1777876440.121257,0.15266093917559342,-0.266199972528666,0.587114951931459,1,14.003753662109375,14.237165451049805,-0.06333906082294943,0.02902678946176815,0.05738059685837776
1777876440.1725872,0.1408022852909947,-0.2749743806986841,0.5827981717232382,1,15.129804611206055,15.380382537841797,-0.07519771470754816,0.020252381291750138,0.05306381665015691
1777876440.2343338,0.13580728392847188,-0.2789119796250921,0.5810564600825394,1,26.73792839050293,26.961326599121094,-0.08019271607007097,0.016314782365342076,0.05132210500945805
1777876440.2924354,0.1280029086941666,-0.2869762483752318,0.5791632736573847,1,34.711599349975586,35.017967224121094,-0.08799709130437625,0.008250513615202418,0.049428918584303407
1777876440.341498,0.12563830396069925,-0.29523879020050137,0.5815384765113911,1,33.69951248168945,33.98728370666504,-0.0903616960378436,-1.2028210067210887e-05,0.05180412143830983
1777876440.3969836,0.12643236926699458,-0.2991208074300858,0.5840258902000461,1,39.15572166442871,39.41822052001953,-0.08956763073154826,-0.0038940454396515917,0.05429153512696482
1777876440.4275718,0.13196829028761234,-0.30665458882473506,0.590460839519989,1,19.721269607543945,19.95849609375,-0.08403170971093052,-0.011427826834300853,0.06072648444690763
1777876440.4868228,0.13821242796937297,-0.314384117311696,0.5966994290422004,1,28.81646156311035,29.108524322509766,-0.07778757202916989,-0.01915735532126181,0.06696507396911913
1777876440.5343924,0.14100523128047937,-0.31855037867913616,0.5990483297129787,1,26.371002197265625,26.60655975341797,-0.07499476871806349,-0.023323616688701948,0.0693139746398974
1777876440.5920765,0.14451121140000306,-0.3277659601530658,0.6028758564192922,1,33.78772735595703,34.1184139251709,-0.0714887885985398,-0.032539198162631594,0.07314150134621085
1777876440.6308122,0.14800071048827373,-0.3386065535051762,0.6042659994602915,1,22.551298141479492,22.77541160583496,-0.06799928951026912,-0.043379791514742,0.07453164438721019
1777876440.689205,0.15235345595988833,-0.35022624904984423,0.6046890847746876,1,30.054807662963867,30.280590057373047,-0.06364654403865452,-0.054999487059410046,0.07495472970160631
1777876440.7333488,0.15525535612218616,-0.35655193821589914,0.6048287353033048,1,23.43583106994629,23.674964904785156,-0.06074464387635668,-0.061325176225464934,0.07509438023022354
1777876440.7914107,0.1627745693650591,-0.36893449487842656,0.6048461707495622,1,31.37826919555664,31.605005264282227,-0.053225430633483756,-0.07370773288799237,0.07511181567648084
1777876440.8368192,0.17283556869267572,-0.381213307182385,0.6049799877114481,1,26.816129684448242,26.99732780456543,-0.04316443130586714,-0.08598654519195079,0.0752456326383668
1777876440.898612,0.17777961755998048,-0.38627195077348236,0.6050375818016113,1,38.398027420043945,38.683176040649414,-0.03822038243856238,-0.09104518878304818,0.07530322672852996
1777876440.9328053,0.18827424183561028,-0.3949568853572882,0.6050060018159636,1,22.480010986328125,22.82547950744629,-0.02772575816293258,-0.099730123366854,0.07527164674288236
1777876440.9934611,0.19343247424904791,-0.39816550272109197,0.6049873255911058,1,33.17856788635254,33.41531753540039,-0.022567525749494954,-0.10293874073065776,0.07525297051802451
1777876441.0358195,0.2042038806482876,-0.40319203092421274,0.6045972239473754,1,25.367259979248047,25.682687759399414,-0.01179611935025527,-0.10796526893377853,0.07486286887429407
1777876441.090125,0.21480836397780226,-0.4066139595415442,0.6043719180403969,1,29.65402603149414,29.903173446655273,-0.0011916360207406065,-0.11138719755111004,0.07463756296731561
1777876441.1294856,0.21976523993666358,-0.4077423412325778,0.6043537602218939,1,17.87424087524414,19.093751907348633,0.0037652399381207166,-0.11251557924214364,0.07461940514881263
1777876441.1845753,0.22930538840858292,-0.40791841130929163,0.6037549468009403,1,23.8039493560791,24.10292625427246,0.013305388410040066,-0.11269164931885747,0.07402059172785902
1777876441.2337399,0.2385424272307434,-0.40505178383109874,0.6018306764100876,1,23.015499114990234,23.22864532470703,0.022542427232200533,-0.10982502184066459,0.07209632133700626
1777876441.2948875,0.24756726790203268,-0.39875771749067723,0.5989208713583112,1,33.37454795837402,33.56456756591797,0.031567267903489814,-0.10353095550024308,0.06918651628522987
1777876441.3308067,0.25210081446890914,-0.39432666101729474,0.5973720808420878,1,19.04010772705078,19.30069923400879,0.03610081447036626,-0.09909989902686053,0.06763772576900648
1777876441.3802652,0.26078665349872604,-0.38376428532661416,0.5946075639750904,1,17.893075942993164,18.115758895874023,0.04478665350018316,-0.08853752333617998,0.06487320890200914
1777876441.4563384,0.2690097109874716,-0.37053277043788224,0.592498610805372,1,43.828725814819336,44.08836364746094,0.05300971098892878,-0.07530600844744803,0.06276425573229068
1777876441.4818966,0.272618361047339,-0.36338101535074296,0.5916575506209351,1,19.213199615478516,19.461631774902344,0.05661836104879615,-0.06815425336030881,0.06192319554785376
1777876441.5303314,0.27873516561206746,-0.34810458338698536,0.5905314286183835,1,17.57955551147461,17.80867576599121,0.0627351656135246,-0.0528778213965512,0.06079707354530214
1777876441.587205,0.2721693867911077,-0.3247187017959774,0.5904496419708386,1,24.321556091308594,24.556636810302734,0.056169386792564856,-0.029491939805543183,0.060715286897757334
1777876441.6418025,0.2695997205230216,-0.31595160055841,0.5905286338118213,1,28.29885482788086,28.553009033203125,0.05359972052447876,-0.0207248385679758,0.06079427873874004
1777876441.6903112,0.26773477391497913,-0.29557550083364187,0.5910795955979369,1,26.02076530456543,26.213884353637695,0.05173477391643628,-0.00034873884320768544,0.06134524052485556
1777876441.7336156,0.2659762977807121,-0.2785385705814224,0.5923385956167397,1,16.90673828125,17.14324951171875,0.0499762977821692,0.016688191409011816,0.06260424054365837
1777876441.791288,0.2645369309959926,-0.2707984173862977,0.593289755597576,1,24.358749389648438,24.581432342529297,0.048536930997449775,0.02442834460413651,0.06355540052449468
1777876441.8378694,0.2600063752959129,-0.25645271220121796,0.5955148675893915,1,20.925283432006836,21.1179256439209,0.04400637529737005,0.03877404978921624,0.06578051251631027
1777876441.8832135,0.2534610501571644,-0.2435032538296696,0.5979985805961819,1,16.141414642333984,16.386747360229492,0.03746105015862158,0.05172350816076457,0.06826422552310059
1777876441.9357324,0.24924735877203968,-0.23750117538166038,0.5993570492586093,1,18.22948455810547,18.465280532836914,0.03324735877349682,0.05772558660877379,0.06962269418552802
1777876441.9892404,0.23959852697286757,-0.2276384257719,0.6018017914993123,1,21.38686180114746,21.672725677490234,0.02359852697432472,0.06758833621853419,0.07206743642623098
1777876442.0418139,0.22809161373780976,-0.2204249239197636,0.6033494494656484,1,23.9717960357666,24.18231964111328,0.012091613739266892,0.07480183807067058,0.07361509439256712
1777876442.0988739,0.22135702415334854,-0.21750274032100958,0.6036615610076891,1,30.917882919311523,31.16464614868164,0.005357024154805677,0.0777240216694246,0.07392720593460778
1777876442.144266,0.2075907027457374,-0.213295352011493,0.6030099746106936,1,26.221275329589844,26.462793350219727,-0.008409297252805453,0.08193140997894119,0.07327561953761225
1777876442.187239,0.22262259940559326,-0.23101173695311014,0.6012789938794527,1,19.13166046142578,19.372224807739258,0.006622599407050393,0.06421502503732404,0.07154463880637135
1777876442.2556758,0.22743498301023649,-0.23940022215398762,0.5998081459598172,1,37.369728088378906,37.59288787841797,0.011434983011693621,0.05582653983644656,0.07007379088673597
1777876442.2923164,0.22084565586343496,-0.24807178871220398,0.594999890708447,1,23.917198181152344,24.177074432373047,0.0048456558648921,0.04715497327823019,0.0652655356353657
1777876442.3379824,0.20703412655146483,-0.2545270553998846,0.5882006210769191,1,19.462108612060547,19.7298526763916,-0.008965873447078027,0.04069970659054953,0.05846626600383774
1777876442.4083922,0.19817759146586278,-0.2579784593054203,0.5843451437015059,1,39.84546661376953,40.0691032409668,-0.01782240853268009,0.03724830268501392,0.05461078862842464
1777876442.4434495,0.18150165863578654,-0.26521378051478617,0.5767119379139798,1,24.59239959716797,24.984121322631836,-0.034498341362756306,0.030012981475647987,0.046977582840898514
1777876442.4986272,0.16386477607309613,-0.2729615548580985,0.5681814952478116,1,29.72579002380371,29.950857162475586,-0.052135223925446714,0.022265207132335707,0.03844714017473032
1777876442.547947,0.15494331888274868,-0.27679392069293723,0.5642062117133836,1,28.84364128112793,29.203176498413086,-0.06105668111579419,0.018432841297496963,0.03447185664030224
1777876442.5867555,0.1387290041990225,-0.2841078335874233,0.5572594317144005,1,17.722368240356445,17.938852310180664,-0.07727099579952036,0.011118928403010903,0.02752507664131919
1777876442.6460676,0.12664922411906782,-0.2912189080352908,0.5522082874247896,1,26.891469955444336,27.158737182617188,-0.08935077587947504,0.004007853955143331,0.022473932351708255
1777876442.6952834,0.12212816927317077,-0.29519861034344286,0.5503192274868762,1,22.886991500854492,23.065567016601562,-0.09387183072537209,2.8151646991297907e-05,0.020584872413794905
1777876442.7443194,0.11625080089006018,-0.30374274299946613,0.5482023809143176,1,21.668672561645508,21.912813186645508,-0.09974919910848268,-0.008515981009031975,0.018468025841236302
1777876442.8042526,0.11329444713270707,-0.3122181433740267,0.547599836442475,1,31.604290008544922,31.817197799682617,-0.10270555286583578,-0.01699138138359252,0.017865481369393706
1777876442.854384,0.1127235014936507,-0.32059619043284115,0.5475866030400218,1,31.49700164794922,31.90159797668457,-0.10327649850489216,-0.025369428442407,0.017852247966940536
1777876442.9025862,0.11321353396569864,-0.3247324014348566,0.5472631665416461,1,29.82640266418457,30.01260757446289,-0.10278646603284422,-0.029505639444422416,0.017528811468564772
1777876442.9483507,0.11523914285322132,-0.3323579548196983,0.5459095960025407,1,25.511980056762695,25.702714920043945,-0.10076085714532154,-0.03713119282926411,0.016175240929459447
1777876442.997044,0.11957950317351826,-0.34116888498331677,0.5433985815053669,1,23.871898651123047,24.06167984008789,-0.0964204968250246,-0.045942122992882556,0.01366422643228559
1777876443.0567355,0.12268592390492855,-0.3457117936771505,0.5421339128728099,1,33.44845771789551,33.675193786621094,-0.0933140760936143,-0.05048503168671631,0.012399557799728532
1777876443.0981007,0.13145977456875704,-0.3552830194019541,0.5399751784144504,1,24.727821350097656,25.029897689819336,-0.08454022542978581,-0.06005625741151993,0.010240823341369061
1777876443.15278,0.14238538994833624,-0.3648046873668672,0.5392375056679902,1,25.67744255065918,25.87604522705078,-0.07361461005020661,-0.06957792537643306,0.009503150594908943
1777876443.2045588,0.14863993283427385,-0.36990478622928147,0.5398170564928467,1,27.390241622924805,27.600765228271484,-0.06736006716426902,-0.07467802423884726,0.010082701419765458
1777876443.252071,0.16138864612944737,-0.3788290412041986,0.5417078350499192,1,24.811506271362305,25.025367736816406,-0.054611353869095484,-0.08360227921376437,0.01197347997683787
1777876443.3127155,0.17546271987570017,-0.38674020493315486,0.5448729270551764,1,35.37297248840332,35.59136390686035,-0.040537280122842675,-0.09151344294272071,0.015138571982095138
1777876443.3586664,0.18268649128643466,-0.3896015151671245,0.5470361184594987,1,31.237363815307617,31.458377838134766,-0.03331350871210821,-0.09437475317669033,0.01730176338641748
1777876443.4154944,0.19633494454420172,-0.39392725783484656,0.5517628505612149,1,37.82820701599121,38.10429573059082,-0.019665055454341142,-0.09870049584441237,0.022028495488133605
1777876443.4541416,0.2080944677415404,-0.39148999794664224,0.5571325267021668,1,26.418209075927734,26.69811248779297,-0.007905532257002454,-0.09626323595620806,0.02739817162908549
1777876443.5003266,0.21355055513356375,-0.38945427611485184,0.5591680056998071,1,22.394418716430664,22.60565757751465,-0.002449444864979118,-0.09422751412441763,0.029433650626725726
1777876443.5479424,0.2263327699821822,-0.38599943507862267,0.5608373543345423,1,19.925355911254883,20.15376091003418,0.010332769983639349,-0.09077267308818851,0.03110299926146103
1777876443.604792,0.23795792777435637,-0.37963943247375065,0.5625006477011162,1,26.700258255004883,26.913166046142578,0.021957927775813506,-0.0844126704833165,0.03276629262803491
1777876443.6548247,0.24323421314878452,-0.3754262817606556,0.5633964979552082,1,26.394367218017578,26.591777801513672,0.027234213150241667,-0.08019951977022141,0.03366214288212693
1777876443.7020648,0.2528956930020016,-0.36625554777045327,0.5647524192219932,1,23.448467254638672,23.67115020751953,0.036895693003458734,-0.07102878578001909,0.03501806414891182
1777876443.758269,0.2613766303931561,-0.3565761802852109,0.5662475972822324,1,29.552221298217773,29.753684997558594,0.04537663039461328,-0.06134941829477672,0.036513242209151094
1777876443.8053088,0.26523394833591896,-0.35148895729293805,0.5671238474836301,1,26.511192321777344,26.714324951171875,0.04923394833737608,-0.0562621953025039,0.03738949241054875
1777876443.8508298,0.27187667150694983,-0.3410187754373995,0.5693693592498528,1,21.954059600830078,22.153377532958984,0.055876671508406965,-0.04579201344696532,0.03963500417677144
1777876443.8945913,0.2752277473082814,-0.3294147426972136,0.5715575319562237,1,15.646219253540039,15.854120254516602,0.05922774730973857,-0.03418798070677939,0.04182317688314245
1777876443.9549205,0.2740566042541247,-0.31485355606066934,0.574134047562631,1,25.8944034576416,26.088714599609375,0.058056604255581824,-0.019626794070235182,0.04439969248954964
1777876444.0047376,0.27387342778703827,-0.3088132347546755,0.5748433381909348,1,25.64096450805664,25.841951370239258,0.05787342778849542,-0.01358647276424127,0.045108983117853545
1777876444.0584772,0.27266290817127076,-0.29727142381364546,0.5755136025231293,1,29.1292667388916,29.35051918029785,0.05666290817272788,-0.002044661823211308,0.04577924745004806
1777876444.1052363,0.2698416556594525,-0.2859554264987561,0.5759859581259643,1,25.804758071899414,26.057004928588867,0.05384165566090963,0.009271335491678093,0.04625160305288298
1777876444.1538525,0.2677472386967557,-0.28051256922544676,0.5762689269052582,1,24.379968643188477,24.583101272583008,0.05174723869821283,0.014714192764987422,0.04653457183217689
1777876444.1956453,0.26218313278845984,-0.2703722286232979,0.5763865938070535,1,16.097307205200195,16.30878448486328,0.04618313278991699,0.02485453336713625,0.046652238733972166
1777876444.2469733,0.2587472140582853,-0.2659510930691035,0.576163731163752,1,17.15373992919922,17.344236373901367,0.04274721405974246,0.029275668921330683,0.046429376090670625
1777876444.3001056,0.24975638003716705,-0.2583197317084143,0.5754635690364511,1,20.206212997436523,20.392894744873047,0.0337563800386242,0.036907030282019845,0.04572921396336983
1777876444.3523502,0.2405197415574374,-0.2545840151841306,0.574026325047784,1,21.916627883911133,22.111892700195312,0.024519741558894546,0.04064274680630359,0.04429196997470258
1777876444.3997097,0.23336415923553042,-0.25341260312664443,0.5729710271579777,1,19.109010696411133,19.323348999023438,0.01736415923698755,0.041814158863789766,0.0432366720848963
1777876444.4517574,0.21826052400715576,-0.2526042523502349,0.5699550250288379,1,21.040916442871094,21.289348602294922,0.002260524008612895,0.04262250964019927,0.04022066995575652
1777876444.4953942,0.20215978145419652,-0.2545860444869618,0.565669328473574,1,14.742136001586914,14.91403579711914,-0.013840218544346333,0.040640717503472354,0.035934973400492703
1777876444.5507374,0.18572694099909512,-0.2588664972563939,0.559972814991761,1,19.97542381286621,20.160675048828125,-0.03027305899944773,0.036360264734040276,0.030238459918679652
1777876444.6037674,0.17774800134700935,-0.2617442800314709,0.5568712719701194,1,22.637128829956055,22.86529541015625,-0.038251998651533496,0.033482481958963334,0.027136916897038163
1777876444.6607735,0.16228392094281793,-0.26810282119421425,0.5511183835511911,1,29.4647216796875,29.695510864257812,-0.05371607905572493,0.02712394079621991,0.021384028478109808
1777876444.7040005,0.14906296457178003,-0.2745386832943283,0.5473500929733232,1,22.641420364379883,22.861242294311523,-0.06693703542676284,0.020688078696105866,0.01761573790024181
1777876444.7588072,0.14275568521177567,-0.27847971752558875,0.5460721573889544,1,27.278661727905273,27.573347091674805,-0.0732443147867672,0.0167470444648454,0.01633780231587316
1777876444.8099544,0.1312183559986754,-0.28675531246708363,0.5445109426907997,1,28.345584869384766,28.55062484741211,-0.08478164399986746,0.008471449523350577,0.014776587617718412
1777876444.8628743,0.12141988980137086,-0.29526000556237125,0.5434112252422326,1,31.10790252685547,31.31556510925293,-0.094580110197172,-3.3243571937069394e-05,0.013676870169151312
1777876444.90107,0.11716781700979534,-0.29957388574013666,0.5428494563379931,1,19.18792724609375,19.387483596801758,-0.09883218298874752,-0.004347123749702461,0.013115101264911805
1777876444.9573877,0.1101042899455888,-0.30826743897022557,0.5419046995571069,1,25.39372444152832,25.610685348510742,-0.10589571005295406,-0.013040676979791416,0.012170344484025597
1777876445.01135,0.10507916948698495,-0.3178859546144378,0.5420457843518687,1,29.28948402404785,29.544591903686523,-0.1109208305115579,-0.02265919262400365,0.012311429278787311
1777876445.0605025,0.10359708428955283,-0.3226733589856393,0.5425910206464151,1,28.369665145874023,28.592348098754883,-0.11240291570899003,-0.027446596995205103,0.012856665573333759
1777876445.1075578,0.10317258952558747,-0.3320456908756585,0.5443084580853568,1,25.333881378173828,25.56633949279785,-0.11282741047295539,-0.03681892888522431,0.014574103012275415
1777876445.158723,0.10575781001754138,-0.34198318320314525,0.546281994510721,1,26.164531707763672,26.384830474853516,-0.11024218998100148,-0.046756421212711036,0.016547639437639677
1777876445.2062278,0.10833010609917838,-0.3476768050143192,0.5469253659675914,1,23.526430130004883,23.82946014404297,-0.10766989389936447,-0.05245004302388501,0.017191010894510146
1777876445.2624023,0.11589756709392034,-0.35833890164379945,0.5487641083360761,1,29.407739639282227,29.73198890686035,-0.10010243290462252,-0.06311213965336529,0.019029753262994803
1777876445.3027325,0.12751446303069203,-0.36950771713851926,0.5508494112944123,1,19.791364669799805,20.019054412841797,-0.08848553696785083,-0.07428095514808505,0.021115056221331082
1777876445.3601003,0.1344879110546606,-0.37487536193378623,0.551741938121093,1,27.09484100341797,27.30727195739746,-0.08151208894388226,-0.07964859994335202,0.02200758304801162
1777876445.4074864,0.1488160365093222,-0.38437676470534593,0.5541051624509441,1,24.416685104370117,24.630308151245117,-0.06718396348922065,-0.08915000271491175,0.024370807377862756
1777876445.4593756,0.16506800058130947,-0.3913293744518932,0.5572719489086781,1,26.13234519958496,26.40223503112793,-0.05093199941723339,-0.09610261246145899,0.027537593835596882
1777876445.5027125,0.17294484955218453,-0.3936147000109156,0.559580300284487,1,19.46854591369629,19.67477798461914,-0.04305515044635834,-0.0983879380204814,0.029845945211405725
1777876445.5547986,0.18849826994851263,-0.3959262207121555,0.5642674328732858,1,21.370649337768555,21.711111068725586,-0.027501730050030225,-0.10069945872172131,0.034533077800204516
1777876445.6081257,0.20357245256098744,-0.3954810315022983,0.5696486610326152,1,24.747848510742188,24.966001510620117,-0.012427547437555427,-0.10025426951186411,0.03991430595953394
1777876445.6600657,0.211090643690618,-0.3942452369320334,0.5722088362174168,1,26.37481689453125,26.63111686706543,-0.004909356307924849,-0.09901847494159918,0.04247448114433551
1777876445.70259,0.22487304223435853,-0.39109467118120944,0.5771479157307213,1,18.268585205078125,18.487215042114258,0.008873042235815677,-0.09586790919077529,0.04741356065763999
1777876445.7583375,0.2383668389178226,-0.38690625947028845,0.5812584119455575,1,23.8039493560791,23.999452590942383,0.02236683891927973,-0.09167949747985424,0.05152405687247624
1777876445.8005726,0.24496330266941774,-0.3839820967760761,0.583489562334964,1,15.931844711303711,16.1287784576416,0.028963302670874887,-0.08875533478564193,0.05375520726188261
1777876445.8653572,0.25683671896931637,-0.3756382917603929,0.5876592381028949,1,30.466079711914062,30.69472312927246,0.04083671897077353,-0.08041152976995866,0.057924883029813586
1777876445.900172,0.2662574308945199,-0.36444708485784083,0.590789815499188,1,15.22970199584961,15.44332504272461,0.05025743089597707,-0.06922032286740668,0.06105546042610667
1777876445.9507308,0.2705398953644129,-0.35838113247533,0.5919305382947804,1,14.124631881713867,14.341592788696289,0.05453989536587007,-0.06315437048489578,0.062196183221699106
1777876446.0076404,0.27765051637503146,-0.34675316229571684,0.5928246478098699,1,20.940780639648438,21.17133140563965,0.06165051637648863,-0.05152640030528266,0.06309029273678858
1777876446.078767,0.2778650800688562,-0.33024969231543366,0.5936448352096001,1,41.97359085083008,42.2368049621582,0.061865080070313334,-0.03502293032499945,0.06391048013651882
1777876446.1170852,0.2781751881014575,-0.3232288575766687,0.5938146721460258,1,30.254125595092773,30.476093292236328,0.06217518810291465,-0.02800209558623451,0.06408031707294445
1777876446.164226,0.27932702734637704,-0.3110349796895381,0.5937602480089004,1,27.350664138793945,27.571916580200195,0.06332702734783419,-0.015808217699103927,0.06402589293581903
1777876446.2179925,0.27966498204231105,-0.30103756240411506,0.5935550010055748,1,31.024932861328125,31.238794326782227,0.06366498204376822,-0.005810800413680858,0.06382064593249351
1777876446.2640622,0.27950289183218424,-0.295902279369197,0.5934201876118181,1,26.999950408935547,27.22334861755371,0.06350289183364141,-0.0006755173787628133,0.06368583253873679
1777876446.3026042,0.27857493077534856,-0.28645102206402007,0.5935368712020791,1,15.458345413208008,15.68460464477539,0.0625749307768057,0.008775739926414089,0.06380251612899783
1777876446.352724,0.2770664245155592,-0.27899431158718635,0.5940169198869553,1,15.29693603515625,15.54107666015625,0.06106642451701635,0.01623245040324786,0.06428256481387391
1777876446.4193885,0.27589918088778737,-0.2753216779744055,0.5944748153199638,1,31.426668167114258,31.67557716369629,0.05989918088924449,0.019905084016028682,0.06474046024688254
1777876446.4677212,0.27701151076959135,-0.27181278438332235,0.5960740462581076,1,29.639720916748047,29.980897903442383,0.06101151077104847,0.023413977607111863,0.06633969118502628
1777876446.5130215,0.27861483664335385,-0.26865052461435707,0.5972397112399226,1,24.92356300354004,25.209903717041016,0.06261483664481102,0.026576237376077116,0.06750535616684122
1777876446.5617688,0.2783610378873315,-0.26698583874770093,0.5975936985969494,1,23.446321487426758,23.65708351135254,0.06236103788878864,0.028240923242733237,0.0678593435238681
1777876446.617083,0.2742593774955578,-0.26385367931327086,0.5978457400085513,1,27.3134708404541,28.903722763061523,0.05825937749701495,0.03137308267716335,0.06811138493546993
1777876446.6670403,0.26746063640957307,-0.2621252156877689,0.597538883723517,1,28.558969497680664,28.76591682434082,0.05146063641103022,0.03310154630266525,0.06780452865043574
1777876446.7263556,0.2625632503979024,-0.26193856577592256,0.5970516743274528,1,37.70709037780762,37.89973258972168,0.04656325039935955,0.03328819621451162,0.06731731925437145
1777876446.7766612,0.2519884758893424,-0.2627288270695039,0.5945433375261913,1,37.89973258972168,38.12694549560547,0.03598847589079957,0.03249793492093028,0.06480898245310993
1777876446.8088522,0.2396420745779626,-0.2650557276046844,0.590407188429159,1,19.967079162597656,20.30491828918457,0.02364207457941974,0.030171034385749806,0.06067283335607768
1777876446.8598616,0.23262122491520276,-0.2667015664967234,0.5880068089809283,1,20.22099494934082,20.494461059570312,0.01662122491665991,0.02852519549371081,0.05827245390784691
1777876446.9181783,0.21652325983304208,-0.27109583366490875,0.5824454868022189,1,28.260469436645508,28.484344482421875,0.0005232598344992179,0.02413092832552545,0.052711131729137606
1777876446.964149,0.1983692456194155,-0.27582625713730324,0.5766882117152136,1,24.16372299194336,24.391889572143555,-0.017630754379127374,0.019400504853130926,0.046953856642132266
1777876447.027398,0.1888463918594318,-0.2780803139576544,0.5735743540825977,1,36.7584228515625,36.97800636291504,-0.027153608139111052,0.01714644803277976,0.043839999009516364
1777876447.0800958,0.17126345415607336,-0.28325129143812894,0.5674107282632938,1,39.08824920654297,39.504051208496094,-0.04473654584246951,0.011975470552305231,0.03767637319021249
1777876447.1238074,0.15569363349388732,-0.289134309003909,0.5614877136713222,1,29.109716415405273,33.15281867980957,-0.060306366504655526,0.0060924529865251514,0.031753358598240904
1777876447.1659515,0.14143915270214047,-0.2956701133098221,0.5559239135909854,1,24.95265007019043,25.181055068969727,-0.07456084729640237,-0.00044335131938795513,0.02618955851790406
1777876447.224719,0.13509161912496676,-0.2986853858920206,0.5532552315233343,1,33.62107276916504,33.8749885559082,-0.08090838087357612,-0.0034586239015864245,0.023520876450253067
1777876447.265787,0.12465819017299443,-0.30417785848512036,0.548327672245445,1,24.62029457092285,24.85346794128418,-0.09134180982554843,-0.008951096494686187,0.018593317172363646
1777876447.3212802,0.11596806926896652,-0.3091429256100193,0.5438703565147841,1,29.1440486907959,29.361248016357422,-0.10003193072957633,-0.01391616361958517,0.014136001441702767
1777876447.3666668,0.1123097066670338,-0.3113270014821571,0.5421729515804817,1,24.41859245300293,24.63984489440918,-0.10369029333150906,-0.01610023949172293,0.012438596507400437
1777876447.4188917,0.10605117006906074,-0.31481341405840596,0.5393526516318884,1,26.517868041992188,26.746034622192383,-0.10994882992948211,-0.019586652067971777,0.009618296558807096
1777876447.4661376,0.10158724316500911,-0.31782513192885586,0.5370986645092504,1,23.70929718017578,23.92721176147461,-0.11441275683353375,-0.02259836993842171,0.00736430943616901
1777876447.513893,0.10019465840246686,-0.3193328086700114,0.5363616699537319,1,21.39759063720703,21.612167358398438,-0.115805341596076,-0.02410604667957722,0.006627314880650631
1777876447.5694993,0.0992233244807271,-0.3224034595194078,0.5354338104063445,1,26.76558494567871,27.056217193603516,-0.11677667551781576,-0.027176697528973615,0.005699455333263159
1777876447.6166046,0.10020074331996856,-0.32530113048015935,0.5349863910285902,1,23.810625076293945,24.10745620727539,-0.1157992566785743,-0.030074368489725167,0.005252035955508896
1777876447.676454,0.10139439774038941,-0.3265909604608397,0.5346880324310287,1,33.59198570251465,33.87331962585449,-0.11460560225815344,-0.0313641984704055,0.00495367735794737
1777876447.723362,0.10459080845172533,-0.3290739829828417,0.5346408668431735,1,30.054092407226562,30.26270866394043,-0.11140919154681753,-0.0338472209924075,0.004906511770092131
1777876447.7705047,0.10826699050111786,-0.3301599286563457,0.5346935625729556,1,27.116775512695312,27.33325958251953,-0.107733009497425,-0.03493316666591148,0.004959207499874316
1777876447.8204165,0.1098155855186801,-0.3298818834402285,0.5348472665973396,1,26.929140090942383,27.144908905029297,-0.10618441447986275,-0.03465512144979435,0.0051129115242582665
1777876447.86902,0.11223512425875289,-0.3278766283052005,0.534816765573895,1,25.169849395751953,25.461673736572266,-0.10376487573978997,-0.03264986631476627,0.005082410500813712
1777876447.9188657,0.11325309726678703,-0.3242890095701385,0.5343118816600996,1,24.78647232055664,25.056123733520508,-0.10274690273175582,-0.029062247579704326,0.004577526587018224
1777876447.9652052,0.11347065386585123,-0.3224704719110597,0.5340697899719938,1,20.523548126220703,20.741701126098633,-0.10252934613269163,-0.027243709920625553,0.004335434898912541
1777876448.0243003,0.11408536040217468,-0.319802182088625,0.5335671665188416,1,29.561996459960938,29.775381088256836,-0.10191463959636818,-0.024575420098190803,0.00383281144576033
1777876448.0703223,0.11512589589583558,-0.31851907758228404,0.5332140223070326,1,25.432825088500977,25.639772415161133,-0.10087410410270728,-0.023292315591849855,0.003479667233951274
1777876448.1180298,0.11578091006621943,-0.3184834932682487,0.5331093510975617,1,23.064136505126953,23.293256759643555,-0.10021908993232342,-0.023256731277814524,0.0033749960244804783
1777876448.1726463,0.11741150320742472,-0.3197710806122381,0.5331980458780159,1,26.95012092590332,27.195215225219727,-0.09858849679111814,-0.024544318621803896,0.0034636908049346313
1777876448.2233493,0.12013694466430813,-0.32297385314897753,0.5334343684963487,1,27.51922607421875,27.745485305786133,-0.09586305533423473,-0.02774709115854332,0.003700013423267437
1777876448.2814624,0.122197201049259,-0.3253952489797932,0.5336545637018607,1,35.54368019104004,35.77113151550293,-0.09380279894928385,-0.03016848698935906,0.003920208628779377
1777876448.3175862,0.12800277127206297,-0.33122320092797086,0.5342273187853577,1,20.849227905273438,21.022319793701172,-0.08799722872647989,-0.03599643893753665,0.004492963712276414
1777876448.3686855,0.1365826231782449,-0.3384348345893884,0.5355410296728828,1,21.692752838134766,21.891117095947266,-0.07941737682029795,-0.04320807259895418,0.005806674599801456
1777876448.420708,0.141732493071469,-0.34231365931715685,0.5363231919956795,1,23.61917495727539,23.834705352783203,-0.07426750692707386,-0.04708689732672264,0.006588836922598186
1777876448.4647985,0.15332984150039725,-0.35097888519566356,0.5381980966569911,1,17.695903778076172,17.90332794189453,-0.0626701584981456,-0.05575212320522935,0.008463741583909848
1777876448.5387185,0.16694991479799942,-0.3610984527831532,0.5406474213080954,1,41.40782356262207,41.70870780944824,-0.04905008520054345,-0.06587169079271907,0.010913066235014111
1777876448.5755513,0.17372359839880847,-0.3660976266838006,0.5419268690357493,1,27.527332305908203,27.756690979003906,-0.0422764015997344,-0.0708708646933664,0.012192513962668017
1777876448.6254394,0.18728630433361232,-0.3766500572703658,0.545251893717392,1,27.376413345336914,27.561187744140625,-0.028713695664930528,-0.08142329527993167,0.015517538644310665
1777876448.6651666,0.20080575100832543,-0.3858887333212989,0.5499061671462071,1,17.038345336914062,17.239093780517578,-0.01519424899021743,-0.09066197133086476,0.02017181207312574
1777876448.7211595,0.2061458301429499,-0.38904585007971426,0.5532834580189862,1,22.935867309570312,23.143768310546875,-0.009854169855592954,-0.09381908808928005,0.02354910294590486
1777876448.7727914,0.21491215114769374,-0.3926970338322656,0.5595282273169627,1,24.505615234375,24.695396423339844,-0.0010878488508491158,-0.09747027184183146,0.029793872243881372
1777876448.8303852,0.2230973535889252,-0.39453691254702566,0.5650587297259535,1,31.7535400390625,31.950712203979492,0.007097353590382355,-0.09931015055659148,0.03532437465287215
1777876448.8708048,0.22760694113250424,-0.3958544695080951,0.5670373872110116,1,21.96669578552246,22.29928970336914,0.011606941133961386,-0.10062770751766095,0.037303032137930334
1777876448.9255974,0.2344572578709845,-0.3958260530893932,0.5712342799824119,1,26.793479919433594,27.01711654663086,0.018457257872441644,-0.10059929109895902,0.04149992490933058
1777876448.9678295,0.23980269148429662,-0.3925805036872907,0.5758780355792306,1,18.77617835998535,18.96977424621582,0.023802691485753764,-0.09735374169685648,0.04614368050614923
1777876449.0304792,0.24511115235016695,-0.38787329459373376,0.5792537199054829,1,31.284570693969727,31.514406204223633,0.029111152351624085,-0.09264653260329955,0.04951936483240161
1777876449.0751388,0.24803495827218067,-0.38489858546340106,0.5805753094320519,1,25.889158248901367,26.101350784301758,0.032034958273637816,-0.08967182347296684,0.05084095435897059
1777876449.1204014,0.25340990064182006,-0.37625423550169546,0.5821788193983486,1,21.080732345581055,21.284818649291992,0.037409900643277184,-0.08102747351126124,0.05244446432526733
1777876449.1651387,0.2559015894521264,-0.3718854422929637,0.5827325873051626,1,15.753507614135742,15.954732894897461,0.0399015894535835,-0.07665868030252954,0.05299823223208137
1777876449.2192109,0.2634632191327862,-0.36240263782415794,0.5835726355535537,1,18.79405975341797,19.06609535217285,0.04746321913424335,-0.06717587583372378,0.05383828048047233
1777876449.274931,0.26724310036489657,-0.3497612331904776,0.584699410818325,1,24.493932723999023,24.70850944519043,0.05124310036635372,-0.05453447120004343,0.05496505574524369
1777876449.3381522,0.2704523988438343,-0.3373544012840921,0.5857650260031791,1,37.551164627075195,37.88018226623535,0.05445239884529144,-0.042127639293657926,0.056030670930097864
1777876449.379107,0.27160632137833274,-0.3314540354429151,0.5864881787212215,1,28.322696685791016,28.55515480041504,0.05560632137978989,-0.03622727345248086,0.05675382364814023
1777876449.4230478,0.27239265082426145,-0.31775516578205487,0.5884716456240692,1,22.221803665161133,22.446632385253906,0.0563926508257186,-0.022528403791620716,0.05873729055098785
1777876449.4766147,0.2711388910403632,-0.3056163504891663,0.5910959848619246,1,25.72321891784668,25.94733238220215,0.055138891041820355,-0.01038958849873213,0.061361629788843346
1777876449.53216,0.2702467764143184,-0.2999564907761736,0.5925460989274416,1,31.105518341064453,31.40425682067871,0.05424677641577553,-0.004729728785739407,0.06281174385436028
1777876449.5713809,0.2671283495627107,-0.2896716330252984,0.5951879510503326,1,20.380258560180664,20.572662353515625,0.051128349564167834,0.005555128965135769,0.06545359597725137
1777876449.6388657,0.26480295039007834,-0.2848933848756697,0.5960000952795005,1,37.74666786193848,37.96792030334473,0.04880295039153546,0.010333377114764508,0.06626574020641915
1777876449.686695,0.25939465570623405,-0.2769268827858199,0.5964903110309555,1,35.41398048400879,35.68005561828613,0.043394655707691195,0.01829987920461426,0.0667559559578742
1777876449.7215066,0.252660914777212,-0.2715222064134054,0.5958414471446056,1,19.89912986755371,20.098447799682617,0.03666091477866914,0.02370455557702876,0.06610709207152428
1777876449.7807705,0.24873409164614355,-0.2695757569303813,0.5953355005770694,1,29.014110565185547,29.250621795654297,0.032734091647600695,0.025651005060052856,0.06560114550398807
1777876449.8229191,0.2391993468241625,-0.2669539931640468,0.5937830429901959,1,21.146535873413086,21.352529525756836,0.02319934682561963,0.028272768826387407,0.06404868791711464
1777876449.8806486,0.22686940650596674,-0.26592377116298954,0.5913662184746821,1,28.70655059814453,28.98430824279785,0.010869406507423886,0.029302990827444628,0.061631863401600734
1777876449.9287481,0.21303930646939492,-0.2671238185938367,0.5877842030126801,1,26.799917221069336,27.012109756469727,-0.002960693529147927,0.02810294339659747,0.05804984793959873
1777876449.9792228,0.20558454673199983,-0.2682746925539634,0.5858054956174227,1,26.446819305419922,26.705026626586914,-0.010415453266543022,0.02695206943647077,0.056071140544341355
1777876450.032264,0.18943927450621623,-0.27134974362758446,0.5812109676615441,1,29.426097869873047,29.62779998779297,-0.026560725492326635,0.02387701836284971,0.05147661258846283
1777876450.0747771,0.1737969497810784,-0.27539668742127577,0.5755933496584869,1,21.805524826049805,22.10402488708496,-0.04220305021746445,0.019830074569158404,0.04585899458540552
1777876450.122283,0.16573589657925378,-0.2781461676696062,0.5722593043805719,1,19.327402114868164,19.569873809814453,-0.05026410341928907,0.017080594320827952,0.042524949307490574
1777876450.180292,0.15085258907152568,-0.284322891107486,0.5655048954066468,1,27.27031707763672,27.48847007751465,-0.06514741092701717,0.010903870882948197,0.035770540333565526
1777876450.231235,0.13801069934789106,-0.290305111893523,0.5591380444077605,1,27.304887771606445,27.545690536499023,-0.07798930065065178,0.004921650096911201,0.029403689334679163
1777876450.2856362,0.13191789197944592,-0.2934363887041388,0.5559749701385304,1,31.28790855407715,31.677961349487305,-0.08408210801909693,0.0017903732862953742,0.02624061506544908
1777876450.334007,0.12093452564683926,-0.2998279098665612,0.5500966072306318,1,29.422760009765625,29.660463333129883,-0.0950654743517036,-0.004601147876127032,0.020362252157550532
1777876450.3774536,0.11405903571396503,-0.3050829180759342,0.5458777057551243,1,22.876739501953125,23.069381713867188,-0.10194096428457783,-0.0098561560855,0.016143350682042965
1777876450.4236248,0.11150822474999462,-0.3075604232657715,0.544251739249347,1,18.362998962402344,18.581628799438477,-0.10449177524854823,-0.012333661275337332,0.014517384176265725
1777876450.4750626,0.10747005989302333,-0.31270735981317843,0.541564454004109,1,19.584178924560547,19.910812377929688,-0.10852994010551953,-0.01748059782274422,0.011830098931027717
1777876450.5350213,0.10522548734838003,-0.31798274156084777,0.53942761787999,1,29.555320739746094,29.776334762573242,-0.11077451265016283,-0.022755979570413587,0.009693262806908715
1777876450.5824566,0.10478108104624365,-0.32075665625949434,0.5385037907630794,1,26.374340057373047,26.627540588378906,-0.11121891895229921,-0.025529894269060188,0.008769435689998085
1777876450.6206021,0.10621273637518747,-0.3259843365465478,0.5365228155868058,1,14.483213424682617,14.736175537109375,-0.10978726362335539,-0.03075757455611358,0.006788460513724531
1777876450.6874547,0.11151190131204265,-0.3325223438122,0.5343746129804348,1,31.109094619750977,31.293630599975586,-0.1044880986865002,-0.037295581821765816,0.004640257907353472
1777876450.7305663,0.1150486282239093,-0.3361152836729082,0.5334640474815704,1,23.898839950561523,24.14703369140625,-0.10095137177463356,-0.04088852168247406,0.003729692408489041
1777876450.7916412,0.1237052813978014,-0.34353269988183033,0.5318365904228533,1,34.82460975646973,35.0794792175293,-0.09229471860074145,-0.048305937891396145,0.0021022353497719692
1777876450.8390403,0.13336200793517222,-0.3502806816933216,0.5305668670572246,1,32.21631050109863,32.45902061462402,-0.08263799206337064,-0.05505391970288742,0.0008325119841432749
1777876450.8797529,0.13902055180692036,-0.35414801990404654,0.5299255928679881,1,22.864341735839844,23.096799850463867,-0.0769794481916225,-0.058921257913612385,0.00019123779490685944
1777876450.9383464,0.15140092543962175,-0.3623535021234529,0.5292498106837017,1,31.24213218688965,31.4786434173584,-0.0645990745589211,-0.06712674013301873,-0.00048454438937957367
1777876450.9882224,0.16307186138682683,-0.36988170014007826,0.5300524036604841,1,30.545949935913086,30.917644500732422,-0.052928138611716025,-0.07465493814964405,0.00031804858740280134
1777876451.0331373,0.16881308104346163,-0.37349898762032463,0.5310905916964394,1,25.416851043701172,25.630950927734375,-0.04718691895508123,-0.07827222562989045,0.0013562366233580286
1777876451.0867822,0.17918338982401152,-0.37885986610587896,0.5339180546244727,1,28.17988395690918,28.386354446411133,-0.03681661017453133,-0.08363310411544475,0.004183699551391369
1777876451.1284988,0.19098834466213246,-0.3847033216761684,0.537947059219692,1,19.72055435180664,20.033597946166992,-0.0250116553364104,-0.08947655968573423,0.008212704146610739
1777876451.189491,0.2031235855859517,-0.3879967940602901,0.5430065422501166,1,30.541658401489258,30.8835506439209,-0.012876414412591158,-0.09277003206985593,0.013272187177035252
1777876451.2363822,0.20904836697581747,-0.38826342929955365,0.5455399960495582,1,27.444124221801758,27.68683433532715,-0.006951633022725404,-0.09303666730911947,0.01580564097647684
1777876451.2861855,0.22127794144336108,-0.38583066305565783,0.5490888443229556,1,27.210474014282227,27.41074562072754,0.005277941444818218,-0.09060390106522365,0.01935448924987423
1777876451.3347301,0.22532773829898287,-0.38276467547179405,0.551439110808563,1,25.578737258911133,25.810718536376953,0.009327738300440015,-0.08753791348135984,0.021704755735481703
1777876451.3869345,0.2338812267752276,-0.37660086881141874,0.5561185251419297,1,27.537107467651367,27.771949768066406,0.01788122677668475,-0.08137410682098459,0.02638417006884845
1777876451.4336653,0.2426512440946975,-0.3690494012101947,0.5608617273663935,1,24.150371551513672,24.38640594482422,0.026651244096154623,-0.07382263921976054,0.03112737229331223
1777876451.4921992,0.24959276256241233,-0.3580662495238257,0.565281993153066,1,31.84056282043457,32.091617584228516,0.03359276256386947,-0.0628394875333915,0.035547638079984706
1777876451.5361927,0.252997608040102,-0.3522927039266919,0.5672574951337294,1,25.792360305786133,26.019811630249023,0.03699760804155914,-0.057065941936257664,0.037523140060648004
1777876451.5907724,0.26085990341736515,-0.3417479983649286,0.5708551333455838,1,30.318737030029297,30.52973747253418,0.04485990341882228,-0.0465212363744944,0.04112077827250248
1777876451.6396306,0.26710645897365504,-0.33097755187532935,0.5739113914964054,1,28.94735336303711,29.19936180114746,0.05110645897511216,-0.03575078988489516,0.04417703642332404
1777876451.6997344,0.2693147455341791,-0.3255393051793386,0.5756037332198531,1,38.77425193786621,38.99216651916504,0.05331474553563625,-0.030312543188904445,0.04586937814677181
1777876451.7309859,0.2726085886338624,-0.31497434712698746,0.5788596969876816,1,19.914865493774414,20.14327049255371,0.056608588635319514,-0.01974758513655328,0.04912534191460028
1777876451.798895,0.2746678363555865,-0.30539908325002263,0.5825706732723573,1,37.67561912536621,37.880659103393555,0.05866783635704365,-0.010172321259588474,0.052836318199276
1777876451.8371763,0.2754061704786589,-0.30099151833825716,0.5846287502976544,1,25.856733322143555,26.057720184326172,0.059406170480116045,-0.005764756347822961,0.05489439522457309
1777876451.8855722,0.2758798132341948,-0.2934554772521646,0.5888488894149235,1,24.157047271728516,24.380922317504883,0.05987981323565195,0.001771284738269624,0.059114534341842176
1777876451.9377651,0.27418024971189514,-0.2867046137339825,0.592683166727037,1,26.11851692199707,26.356935501098633,0.05818024971335226,0.008522148256451728,0.0629488116539557
1777876451.9892647,0.26980135265540295,-0.2808038481591002,0.5938931045203808,1,27.459383010864258,27.70853042602539,0.0538013526568601,0.014422913831333983,0.06415874944729955
1777876452.0432413,0.2616148927123416,-0.2721726338866588,0.5956772208274392,1,31.388282775878906,31.610727310180664,0.04561489271379878,0.023054128103775412,0.06594286575435787
1777876452.0773628,0.254327100160246,-0.26830288590085083,0.5972243899131279,1,15.42806625366211,15.685319900512695,0.03832710016170313,0.026923876089583382,0.06749003484004656
1777876452.1407554,0.2507245991174984,-0.2675507338976823,0.5978005226661297,1,28.79643440246582,29.003620147705078,0.034724599118955514,0.02767602809275188,0.06806616759304839
1777876452.190885,0.24218213532319435,-0.26715490166810624,0.5981397697190199,1,28.841257095336914,29.07395362854004,0.026182135324651502,0.028071860322327932,0.06840541464593868
1777876452.2343524,0.23176358885865733,-0.26818167654427216,0.5974446402349316,1,22.054195404052734,22.358417510986328,0.015763588860114468,0.02704508544616202,0.06771028516185035
1777876452.3016875,0.22590471425609737,-0.2690430164825108,0.5968836257646789,1,39.025068283081055,39.266347885131836,0.0099047142575545,0.026183745507923406,0.06714927069159755
1777876452.336019,0.213139263042535,-0.27121936560688914,0.5946662492515247,1,23.277997970581055,23.4832763671875,-0.002860736956007845,0.024007396383545043,0.0649318941784433
1777876452.3940294,0.19809414662858704,-0.2740997435935511,0.5910096793242572,1,30.670881271362305,30.896663665771484,-0.017905853369955826,0.02112701839688308,0.061275324251175906
1777876452.4387324,0.19004727865964055,-0.2761439838528093,0.5884442580138396,1,25.231361389160156,25.525569915771484,-0.025952721338902293,0.01908277813762488,0.05870990294075832
1777876452.4999607,0.17426044477484626,-0.2810045843674803,0.5823698427070279,1,35.924434661865234,36.16976737976074,-0.041739555223696614,0.014222177622953858,0.052635487633946584
1777876452.5320709,0.1599254361979754,-0.2859079121383397,0.5759123699860271,1,17.194509506225586,17.43483543395996,-0.05607456380056748,0.009318849852094455,0.04617801491294577
1777876452.604133,0.15206398869703136,-0.2889240637813686,0.5722148866935239,1,39.23845291137695,39.44516181945801,-0.06393601130151151,0.006302698209065621,0.04248053162044265
1777876452.6375873,0.1378854410125724,-0.2946150857793899,0.56455882710158,1,22.553205490112305,22.830724716186523,-0.07811455898597044,0.0006116762110442708,0.0348244720284987
1777876452.6860447,0.12479014160057428,-0.3003007382421049,0.5566351952881177,1,20.57790756225586,20.79606056213379,-0.09120985839796858,-0.00507397625167072,0.026900840215036352
1777876452.741233,0.11880552389993282,-0.30286972075603563,0.5529872050381937,1,25.56610107421875,25.77662467956543,-0.09719447609861004,-0.007642958765601435,0.023252849965112326
1777876452.7886865,0.10806121216473641,-0.3076034230755669,0.5463342224292828,1,22.846221923828125,23.104429244995117,-0.10793878783380645,-0.012376661085132662,0.016599867356201496
1777876452.8405106,0.10052598983859667,-0.3124942613201669,0.5410192736528137,1,24.619102478027344,24.887800216674805,-0.11547401015994618,-0.017267499329732705,0.011284918579732392
1777876452.8873158,0.09829255886254959,-0.31519768455795016,0.5389685491214957,1,21.237850189208984,21.49343490600586,-0.11770744113599327,-0.019970922567515953,0.009234194048414364
1777876452.938151,0.09629667910488354,-0.3208339120150743,0.5357412791074295,1,22.06110954284668,22.26996421813965,-0.11970332089365932,-0.025607150024640063,0.006006924034348202
1777876452.9842389,0.09765399528156385,-0.32692506118153064,0.5339852116191038,1,18.02229881286621,18.278121948242188,-0.11834600471697901,-0.03169829919109643,0.004250856546022516
1777876453.0321133,0.09902167593741765,-0.33012825345865293,0.5338189902908316,1,15.005111694335938,15.262603759765625,-0.11697832406112521,-0.03490149146821872,0.004084635217750217
1777876453.0862794,0.10304389717316034,-0.3365089301908346,0.5335959475239019,1,18.65696907043457,18.881797790527344,-0.11295610282538252,-0.041282168200400426,0.0038615924508205793
1777876453.134161,0.10819747415079406,-0.34305635898860587,0.5333306338244753,1,15.643835067749023,15.867948532104492,-0.1078025258477488,-0.04782959699817166,0.0035962787513939623
1777876453.1845953,0.11185546820696235,-0.34702344742805247,0.5329480212244551,1,15.958309173583984,16.187429428100586,-0.10414453179158051,-0.051796685437618256,0.003213666151373744
1777876453.2508962,0.11997830013659919,-0.35544290721206634,0.5322346740449324,1,32.170772552490234,32.39321708679199,-0.09602169986194367,-0.060216145221632156,0.0025003189718510455
1777876453.2866642,0.12931377391501106,-0.36472075189426045,0.5313059253337981,1,17.820358276367188,18.034696578979492,-0.0866862260835318,-0.06949398990382627,0.001571570260716755
1777876453.3416831,0.1343439530087828,-0.36965309941007507,0.5308744904773898,1,22.76444435119629,22.983312606811523,-0.08165604698976006,-0.07442633741964086,0.0011401354043084344
1777876453.3833997,0.1447685742349787,-0.3789208811581829,0.530761613960883,1,14.422178268432617,14.640331268310547,-0.07123142576356417,-0.08369411916774874,0.001027258887801634
1777876453.4405138,0.15396630630627553,-0.3863814523842875,0.5335513346013909,1,21.433115005493164,21.664857864379883,-0.062033693692267335,-0.09115469039385332,0.0038169795283096164
1777876453.4975843,0.1582115650513631,-0.3895413838378937,0.5357698748087242,1,28.331518173217773,28.571128845214844,-0.05778843494717976,-0.0943146218474595,0.006035519735642897
1777876453.5591214,0.1674122715771954,-0.3961102012528239,0.5398208280404229,1,39.682865142822266,40.01808166503906,-0.04858772842134746,-0.10088343926238974,0.010086472967341588
1777876453.5974646,0.17737395929265656,-0.4014884578723005,0.5466131299903022,1,26.328563690185547,26.557207107543945,-0.038626040705886294,-0.10626169588186632,0.016878774917220916
1777876453.6435158,0.18204353707193704,-0.40321051622236326,0.5503634822211956,1,22.19390869140625,22.51124382019043,-0.0339564629266058,-0.1079837542319291,0.02062912714811429
1777876453.7006733,0.19160535696922348,-0.40338646914794346,0.558766622694994,1,29.245615005493164,29.580116271972656,-0.02439464302931938,-0.10815970715750928,0.029032267621912678
1777876453.74711,0.20052495869849007,-0.39926875292308855,0.5678135557254488,1,25.692462921142578,25.935649871826172,-0.015475041300052776,-0.10404199093265437,0.038079200652367466
1777876453.8083076,0.20910357231491603,-0.391503518238252,0.5770619613075207,1,36.834716796875,37.056922912597656,-0.006896427683626825,-0.09627675624781781,0.04732760623443944
1777876453.8445432,0.21437688110426562,-0.3880181323877178,0.5809001104550647,1,22.99642562866211,23.23007583618164,-0.0016231188942772423,-0.09279137039728363,0.05116575538198345
1777876453.8981757,0.2251492869215564,-0.3824401358117199,0.5869252049577596,1,26.393651962280273,26.664257049560547,0.009149286923013526,-0.08721337382128572,0.05719084988467826
1777876453.9501472,0.23038826456196743,-0.38032528527718734,0.5891080593700861,1,28.23638916015625,28.474092483520508,0.014388264563424576,-0.08509852328675313,0.05937370429700478
1777876454.004351,0.238927244689353,-0.37495583258295184,0.5928484912104998,1,32.19938278198242,32.61208534240723,0.02292724469081015,-0.07972907059251769,0.06311413613741848
1777876454.0559354,0.2453003380113336,-0.3672305479871518,0.5955228426600678,1,33.79249572753906,34.12151336669922,0.029300338012790743,-0.07200378599671761,0.06578848758698652
1777876454.1108081,0.24954086620504726,-0.35905860612765184,0.5979299053849421,1,38.59114646911621,38.9401912689209,0.033540866206504406,-0.06383184413721762,0.06819555031186074
1777876454.1449165,0.2515465703620317,-0.3536394816524312,0.5993247450812056,1,22.72796630859375,22.9189395904541,0.03554657036348883,-0.05841271966199699,0.06959039000812428
1777876454.189005,0.25473306855034333,-0.34278598165526064,0.602294806713711,1,16.70384407043457,16.931772232055664,0.03873306855180048,-0.047559219664826485,0.07256045164062974
1777876454.2404203,0.255943737789107,-0.33007142149979496,0.6052656708778196,1,17.562150955200195,17.825841903686523,0.03994373779056413,-0.03484465950936075,0.0755313158047383
1777876454.3085694,0.25601201297720794,-0.32373973319658145,0.6067765797716612,1,32.77230262756348,33.21647644042969,0.04001201297866507,-0.028512971206147264,0.0770422246985799
1777876454.3498287,0.25584157406042846,-0.31494264493860036,0.6096694900348099,1,24.15013313293457,24.390459060668945,0.03984157406188558,-0.019715882948166147,0.07993513496172859
1777876454.4095433,0.25368905144417253,-0.30767308698397355,0.6129871038043573,1,33.52832794189453,33.854007720947266,0.03768905144562968,-0.01244632499353937,0.08325274873127597
1777876454.448752,0.25161184751231375,-0.3042128547102335,0.6145714730554819,1,22.570371627807617,22.788524627685547,0.03561184751377087,-0.008986092719799305,0.08483711798240054
1777876454.506595,0.24645378405316792,-0.2978963958428891,0.6170528354176821,1,30.322551727294922,30.541419982910156,0.03045378405462506,-0.0026696338524548613,0.0873184803446008
1777876454.5414267,0.2421863612268389,-0.2933858871336523,0.6178795430471916,1,14.461278915405273,14.664888381958008,0.026186361228296033,0.0018408748567818461,0.08814518797411032
1777876454.5989676,0.23434646849786409,-0.29046001287288103,0.6178030136378295,1,20.366430282592773,20.5535888671875,0.018346468499321235,0.0047667491175531485,0.08806865856474821
1777876454.6628451,0.2299503865457708,-0.2895327460565808,0.6173627078857962,1,34.06524658203125,34.35540199279785,0.013950386547227932,0.00569401593385338,0.08762835281271483
1777876454.6988313,0.2208234141361972,-0.28883604108083044,0.6156062465277947,1,20.035505294799805,20.232677459716797,0.004823414137654337,0.006390720909603756,0.08587189145471338
1777876454.7590942,0.21042689177320714,-0.28939897513512125,0.6124344695839956,1,29.977083206176758,30.364274978637695,-0.005573108225335716,0.005827786855312961,0.08270011451091425
1777876454.7991943,0.20401207538527152,-0.2900678592591262,0.6101969937552916,1,20.163297653198242,20.372629165649414,-0.011987924613271334,0.005158902731307979,0.08046263868221022
1777876454.8607078,0.18995018492351326,-0.2925120592572704,0.6049298797568081,1,31.59642219543457,31.783103942871094,-0.026049815075029608,0.0027147027331637374,0.07519552468372684
1777876454.9012907,0.18291963943043005,-0.2944113713548927,0.6017504301258736,1,22.06254005432129,22.268295288085938,-0.033080360568112824,0.000815390635541452,0.07201607505279223
1777876454.944534,0.16983620394590365,-0.29964270442254337,0.5951413975025919,1,15.26498794555664,15.464544296264648,-0.0461637960526392,-0.00441594243210916,0.06540704242951051
1777876455.0034406,0.15748548288059072,-0.3041830811989106,0.5882372700100575,1,24.11937713623047,24.30558204650879,-0.05851451711795214,-0.008956319208476407,0.05850291493697621
1777876455.0607376,0.1498868175507342,-0.3064758777116317,0.584001961840264,1,30.819177627563477,30.988216400146484,-0.06611318244780864,-0.011249115721197522,0.0542676067671827
1777876455.1055067,0.13403745154432017,-0.31005923013942516,0.5747578529391972,1,24.53899383544922,24.808645248413086,-0.08196254845422268,-0.014832468148990946,0.0450234978661159
1777876455.158381,0.11984754487500257,-0.31407378671078046,0.5669288385085053,1,27.385234832763672,27.60171890258789,-0.09615245512354029,-0.018847024720346245,0.037194483435423996
1777876455.1988358,0.10926327215947768,-0.3205037962523196,0.5604907289285573,1,17.370223999023438,17.589092254638672,-0.10673672783906518,-0.025277034261885434,0.030756373855476003
1777876455.2658136,0.10576314400511486,-0.32425443582722724,0.5576985173801411,1,34.1494083404541,34.47556495666504,-0.110236855993428,-0.029027673836793055,0.0279641623070598
1777876455.317545,0.1023582008742539,-0.3327715972590678,0.552643934001723,1,35.00699996948242,35.37106513977051,-0.11364179912428896,-0.037544835268633614,0.0229095789286416
1777876455.3674867,0.10181921741880287,-0.34268756560181146,0.5476891673878806,1,34.9431037902832,35.2022647857666,-0.11418078257973999,-0.04746080361137725,0.01795481231479939
1777876455.4133039,0.10184399165812325,-0.3472973026019049,0.5457857996337968,1,30.770301818847656,30.951976776123047,-0.11415600834041961,-0.052070540611470706,0.016051444560715458
1777876455.465012,0.10261852731380511,-0.3562991340737649,0.5424284140327729,1,32.3336124420166,32.51957893371582,-0.11338147268473775,-0.06107237208333072,0.012694058959691591
1777876455.5073686,0.10623554360476162,-0.3667273182731768,0.5393191174240081,1,24.530649185180664,24.72996711730957,-0.10976445639378124,-0.0715005562827426,0.009584762350926763
1777876455.55559,0.10925476185040137,-0.3721959408064446,0.537935623969293,1,22.687911987304688,22.870540618896484,-0.10674523814814149,-0.07696917881601043,0.0082012688962117
1777876455.6079996,0.11759901060032407,-0.38290772420135244,0.5359510564780812,1,25.01511573791504,25.19965171813965,-0.09840098939821879,-0.08768096221091828,0.006216701404999803
1777876455.6642377,0.12843560025731066,-0.393380046201789,0.5338590465875565,1,31.17823600769043,31.360626220703125,-0.08756439974123222,-0.09815328421135483,0.004124691514475108
1777876455.727441,0.13352247062787076,-0.3969058613028674,0.533844315062946,1,44.28291320800781,44.47650909423828,-0.0824775293706721,-0.10167909931243321,0.004109959989864728
1777876455.7507386,0.14482537652195712,-0.4014879683747865,0.5350216716489533,1,16.520261764526367,17.726421356201172,-0.07117462347658574,-0.1062612063843523,0.005287316575872045
1777876455.8055272,0.15848509573073907,-0.40690515261316607,0.5365480208108856,1,22.268056869506836,22.46260643005371,-0.05751490426780379,-0.11167839062273191,0.006813665737804335
1777876455.8640778,0.1656635415730482,-0.40916367583129776,0.5381210277405759,1,29.95014190673828,30.152082443237305,-0.05033645842549468,-0.1139369138408636,0.008386672667494606
1777876455.9076862,0.17807724628205118,-0.41040739833375406,0.5445776413644446,1,23.502826690673828,23.679018020629883,-0.03792275371649169,-0.11518063634331988,0.014843286291363306
1777876455.9683366,0.190891200177305,-0.4115191953188121,0.553663047978394,1,33.44368934631348,33.67328643798828,-0.025108799821237884,-0.11629243332837788,0.023928692905312757
1777876456.0212154,0.19855889203119373,-0.4134752858398819,0.5572534913100357,1,36.306142807006836,36.50975227355957,-0.01744110796734913,-0.1182485238494477,0.02751913623695436
1777876456.0608633,0.2128294796895977,-0.41467288148022163,0.5636196269208044,1,24.47223663330078,24.6734619140625,-0.0031705203089451503,-0.11944611948978745,0.03388527184772306
1777876456.1149232,0.22342568070939214,-0.41131396372263496,0.5698618112998943,1,27.535438537597656,27.740001678466797,0.007425680710849279,-0.1160872017322008,0.040127456226813005
1777876456.1554155,0.22734235866843452,-0.40799749111435457,0.572818096616935,1,17.97962188720703,18.200397491455078,0.011342358669891667,-0.11277072912392039,0.043083741543853596
1777876456.2158127,0.23440508672856797,-0.3994822134195793,0.5780539254029426,1,28.14316749572754,28.34916114807129,0.018405086730025118,-0.10425545142914511,0.048319570329861374
1777876456.2683506,0.2407795436962935,-0.38962300074921985,0.5821635919021584,1,30.572891235351562,30.853986740112305,0.024779543697750657,-0.09439623875878567,0.05242923682907702
1777876456.3064556,0.24369016840090313,-0.38409954401733837,0.583776002788604,1,18.58043670654297,18.772602081298828,0.027690168402360264,-0.08887278202690416,0.05404164771552262
1777876456.36145,0.2489394157407498,-0.3711793321475943,0.5864632121592567,1,23.47731590270996,23.71501922607422,0.03293941574220694,-0.07595257015716012,0.05672885708617532
1777876456.4086554,0.25157027324463344,-0.35688380450939156,0.5887541555715349,1,20.442485809326172,20.678043365478516,0.035570273246090585,-0.06165704251895737,0.05901980049845356
1777876456.463169,0.25369991314143964,-0.351237828945528,0.5890926787855412,1,24.881601333618164,25.090694427490234,0.03769991314289676,-0.05601106695509386,0.05935832371245983
1777876456.5083368,0.2581271487857296,-0.33912970293191436,0.5899834004399326,1,19.40178871154785,19.832372665405273,0.04212714878718674,-0.04390294094148017,0.06024904536685123
1777876456.5650954,0.2610658849661986,-0.3271964518542525,0.591233558943605,1,26.227951049804688,26.504039764404297,0.04506588496765573,-0.03196968986381832,0.06149920387052365
1777876456.6117198,0.2619141727879537,-0.32108200212233984,0.5918635041238276,1,22.570133209228516,22.807598114013672,0.045914172789410825,-0.025855240131905627,0.062129149050746284
1777876456.6662612,0.2624314007642584,-0.308708436196788,0.5929913386614502,1,27.068138122558594,27.278900146484375,0.04643140076571558,-0.013481674206353822,0.06325698358836884
1777876456.7115576,0.26110217041937617,-0.2977092721436344,0.5930910907542885,1,22.283077239990234,22.487640380859375,0.04510217042083332,-0.0024825101532002514,0.0633567356812071
1777876456.7689385,0.2584978856556414,-0.2900984737318833,0.5935051892878156,1,29.425859451293945,29.8154354095459,0.042497885657098576,0.005128288258550884,0.06377083421473431
1777876456.812806,0.25624142314306547,-0.28782124876156245,0.5942953749961446,1,23.372173309326172,23.59151840209961,0.040241423144522594,0.007405513228871757,0.06456101992306335
1777876456.8672144,0.24873258006759136,-0.28526332353022277,0.593702276493934,1,27.500152587890625,27.678728103637695,0.03273258006904851,0.009963438460211416,0.06396792142085268
1777876456.9115598,0.2356893938070836,-0.283436502413199,0.5901684583087715,1,19.578933715820312,19.765853881835938,0.01968939380854074,0.011790259577235188,0.060434103235690206
1777876456.9707527,0.22829442093515348,-0.28285317845549407,0.5877584598266556,1,28.650283813476562,28.885602951049805,0.012294420936610616,0.0123735835349401,0.05802410475357432
1777876457.0135598,0.2124521376392985,-0.2836093945934044,0.5827167264182077,1,21.343469619750977,21.594762802124023,-0.0035478623592443623,0.011617367397029815,0.05298237134512639
1777876457.0687878,0.194787216613355,-0.2853079968446617,0.5769437106778996,1,26.57294273376465,26.769638061523438,-0.021212783385187863,0.009918765145772529,0.0472093556048183
1777876457.1080968,0.18551164598584502,-0.2862469547705877,0.5737709740731217,1,15.797138214111328,15.985965728759766,-0.030488354012697824,0.008979807219846453,0.0440366190000404
1777876457.1705816,0.16590540925188427,-0.28723704560327856,0.5668866180061449,1,28.141260147094727,28.363466262817383,-0.0500945907466586,0.007989716387155635,0.03715226293306362
1777876457.213081,0.14728003675996607,-0.28780691979189965,0.5604116936533156,1,20.60556411743164,20.817041397094727,-0.06871996323857679,0.007419842198534532,0.03067733858023424
1777876457.261144,0.13831896055276918,-0.28735915092723097,0.5571118545275103,1,18.512964248657227,18.724918365478516,-0.07768103944577368,0.007867611063203245,0.027377499454429
1777876457.3143368,0.1227535063568391,-0.28538122848676417,0.550511713966704,1,20.803213119506836,21.834611892700195,-0.09324649364170376,0.009845533503670026,0.020777358893622686
1777876457.3754814,0.11120425021693517,-0.2828487039327822,0.5447719591841161,1,32.64975547790527,32.85813331604004,-0.10479574978160769,0.012378058057651964,0.015037604111034837
1777876457.420986,0.106903611375538,-0.2819424897881586,0.5427760244991399,1,27.946949005126953,28.18441390991211,-0.10909638862300486,0.013284272202275571,0.013041669426058597
1777876457.483989,0.10154652288862712,-0.2812439901124123,0.5402576696321273,1,40.80080986022949,41.01443290710449,-0.11445347710991574,0.01398277187802191,0.010523314559045996
1777876457.5181785,0.09929139309102042,-0.28245007413053796,0.539941445078092,1,24.81389045715332,25.019168853759766,-0.11670860690752244,0.012776687859896219,0.010207090005010785
1777876457.5698826,0.09912623879677801,-0.2836750025243291,0.5404352377233805,1,22.929906845092773,23.249149322509766,-0.11687376120176485,0.011551759466105094,0.010700882650299275
1777876457.6243243,0.10042625449463755,-0.2882707271163394,0.5426416909670313,1,25.70819854736328,25.93231201171875,-0.11557374550390531,0.006956034874094824,0.012907335893949982
1777876457.6678865,0.10261983867495247,-0.2957336612046102,0.5456077522992206,1,18.938541412353516,19.14215087890625,-0.11338016132359038,-0.0005068992141760431,0.015873397226139396
1777876457.7312295,0.10365299259547794,-0.3006634616030747,0.5472924457534721,1,31.91232681274414,32.13167190551758,-0.11234700740306491,-0.005436699612640539,0.017558090680390867
1777876457.7820697,0.10533537875888918,-0.31253064444426193,0.5509201685006199,1,32.527923583984375,32.897233963012695,-0.11066462123965368,-0.017303882453827746,0.021185813427538582
1777876457.8194015,0.10597633230231965,-0.32667954428072427,0.5547142946085596,1,19.92344856262207,20.14613151550293,-0.11002366769622321,-0.03145278229029008,0.024979939535478245
1777876457.8879864,0.10568181582616532,-0.3341280201597326,0.556872736752963,1,38.11359405517578,38.35797309875488,-0.11031818417237754,-0.0389012581692984,0.027138381679881696
1777876457.925154,0.10385869094641062,-0.35121645086970943,0.5613356514154957,1,25.28691291809082,25.481462478637695,-0.11214130905213224,-0.05598968887927522,0.03160129634241438
1777876457.9906106,0.09842435633465588,-0.36832676103749784,0.5670974729544984,1,40.6193733215332,40.82322120666504,-0.11757564366388698,-0.07309999904706363,0.03736311788141712
1777876458.0331848,0.09084626952000893,-0.38448902279373265,0.5735392567236379,1,31.743288040161133,32.16361999511719,-0.12515373047853393,-0.0892622608032985,0.04380490165055659
1777876458.092052,0.0867144922773633,-0.3928186428336663,0.57675826803011,1,40.63749313354492,40.88115692138672,-0.12928550772117955,-0.09759188084323214,0.04702391295702869
1777876458.1228929,0.07889166781635115,-0.40947854732930133,0.5830380763786137,1,21.43383026123047,21.642446517944336,-0.1371083321821917,-0.11425178533886715,0.053303721305532376
1777876458.1712825,0.07164831869943772,-0.4251087049027543,0.5891114540804556,1,19.125938415527344,19.68550682067871,-0.14435168129910514,-0.1298819429123201,0.05937709900737437
1777876458.2237833,0.06870719946088574,-0.43212591832078107,0.5916049474336597,1,21.848201751708984,22.041797637939453,-0.14729280053765711,-0.13689915633034686,0.061870592360578326
1777876458.2885418,0.06368545914948626,-0.4464963634317809,0.5956260091919697,1,36.3314151763916,36.660194396972656,-0.1523145408490566,-0.15126960144134674,0.06589165411888843
1777876458.322095,0.05926864761782652,-0.45,0.5988017134009942,1,19.688129425048828,20.027875900268555,-0.15673135238071634,-0.16439213062193161,0.06906735832791294
1777876458.3842225,0.05730356202215875,-0.45,0.6000194819403197,1,31.833171844482422,32.07731246948242,-0.1586964379763841,-0.17040976744790778,0.07028512686723846
1777876458.4225729,0.05304636909685104,-0.45,0.6029523234668357,1,20.094633102416992,20.327091217041016,-0.16295363090169182,-0.18148496177503834,0.07321796839375436
1777876458.473201,0.04970921774717746,-0.45,0.606282476177993,1,20.743370056152344,20.910263061523438,-0.1662907822513654,-0.19034025102765365,0.07654812110491173
1777876458.5354874,0.04931078027453284,-0.45,0.6079105449764157,1,32.804250717163086,33.01811218261719,-0.16668921972401002,-0.19425029349793235,0.07817618990333439
1777876458.5805323,0.05072153372954499,-0.45,0.6106424146022437,1,27.75120735168457,28.031587600708008,-0.16527846626899786,-0.20049268907218523,0.08090805952916233
1777876458.6292794,0.05445227144394285,-0.45,0.61308295630235,1,26.447296142578125,26.642560958862305,-0.1615477285546,-0.20540843640050063,0.08334860122926864
1777876458.6925118,0.056812738736510576,-0.45,0.6143788914523841,1,39.62421417236328,39.82877731323242,-0.15918726126203228,-0.20907219330249358,0.08464453637930283
1777876458.721156,0.06216365708405,-0.45,0.6166630546715793,1,17.939090728759766,18.143415451049805,-0.15383634291449286,-0.21142484038367795,0.086928699598498
1777876458.773557,0.0666858731909998,-0.45,0.6184403617875318,1,20.29728889465332,20.471572875976562,-0.14931412680754305,-0.21119072948531645,0.08870600671445045
1777876458.8367488,0.06854270729428766,-0.45,0.6192240645447957,1,33.339500427246094,33.57267379760742,-0.1474572927042552,-0.2112057893896687,0.08948970947171443
1777876458.8835206,0.0704847230742314,-0.45,0.6204856651682332,1,30.025482177734375,30.269622802734375,-0.14551527692431146,-0.21091135065360914,0.09075131009515194
1777876458.9285402,0.07007786776094169,-0.45,0.6212942828702718,1,25.00128746032715,25.220394134521484,-0.14592213223760117,-0.21087685741737552,0.09155992779719051
1777876458.982759,0.06866680183778545,-0.45,0.6215487094262401,1,28.371095657348633,28.639793395996094,-0.1473331981607574,-0.21120357835235667,0.09181435435315878
1777876459.0300639,0.06351248809944798,-0.45,0.6221689432456524,1,25.656938552856445,25.849342346191406,-0.15248751189909487,-0.2126096019445898,0.09243458817257115
1777876459.0847964,0.0555069424367598,-0.45,0.6230099402679349,1,29.263734817504883,29.4954776763916,-0.16049305756178306,-0.21463476034590248,0.09327558519485359
1777876459.1394434,0.051063387816356665,-0.45,0.6234548469136303,1,32.23299980163574,32.47499465942383,-0.1649366121821862,-0.2156803867111751,0.09372049184054901
1777876459.1808443,0.04103174154352515,-0.45,0.624597471408729,1,23.294448852539062,23.535490036010742,-0.1749682584550177,-0.21774810141885412,0.09486311633564776
1777876459.2321033,0.0314559408362684,-0.45,0.6255638926089114,1,22.14360237121582,22.356271743774414,-0.18454405916227445,-0.21936307103443656,0.09582953753583011
1777876459.2869365,0.027417189623202026,-0.45,0.6258100748773383,1,26.880502700805664,27.066707611083984,-0.18858281037534083,-0.21986422323755164,0.096075719804257
1777876459.329141,0.02530846647772511,-0.45,0.6258273699227149,1,18.947839736938477,19.20461654663086,-0.19069153352081775,-0.22001764033876428,0.09609301484963362
1777876459.3926826,0.024234582750428307,-0.45,0.6256553535151967,1,32.42802619934082,32.688140869140625,-0.19176541724811455,-0.21878468487112604,0.09592099844211549
1777876459.4348423,0.02368632344269822,-0.45,0.6249625059420465,1,24.56831932067871,24.774551391601562,-0.19231367655584464,-0.20896689695728723,0.09522815086896515
1777876459.482681,0.024928868332227738,-0.45,0.6244398014208451,1,22.30215072631836,22.537946701049805,-0.19107113166631512,-0.19979179347099632,0.09470544634776375
1777876459.5339584,0.025917198680280362,-0.45,0.6233354647637271,1,23.53692054748535,23.741722106933594,-0.1900828013182625,-0.20823318900499635,0.09360110969064583
1777876459.5908957,0.02767472774692384,-0.45,0.6229631826629736,1,30.371665954589844,30.56621551513672,-0.18832527225161902,-0.20978963400775716,0.09322882758989223
1777876459.6332498,0.03311234951463504,-0.45,0.6228568126040621,1,22.592544555664062,22.81975746154785,-0.18288765048390782,-0.20542189314365053,0.09312245753098078
1777876459.6807063,0.038444990799436696,-0.45,0.623252515282879,1,19.972562789916992,20.210742950439453,-0.17755500919910616,-0.19806582857264107,0.0935181602097976
1777876459.737432,0.0429554898313568,-0.45,0.6237615047726746,1,26.601552963256836,26.866912841796875,-0.17304451016718606,-0.18828921226260995,0.0940271496995933
1777876459.7930286,0.045108163584782285,-0.45,0.6239778307843075,1,32.050132751464844,32.256126403808594,-0.17089183641376057,-0.17974068295651083,0.0942434757112262
1777876459.8468933,0.048102894654250106,-0.45,0.6245090590564739,1,35.38203239440918,35.599470138549805,-0.16789710534429275,-0.16608293110382225,0.09477470398339263
1777876459.8860939,0.04920144988979455,-0.45,0.6253997400941034,1,24.534940719604492,24.762392044067383,-0.1667985501087483,-0.15749671212185043,0.09566538502102204
1777876459.9528027,0.04938900432249774,-0.4478880950825096,0.6258292866707323,1,40.89951515197754,41.227102279663086,-0.16661099567604512,-0.15266133309207544,0.09609493159765102
1777876459.9851456,0.04983552569318245,-0.438054427978976,0.6263501057933923,1,23.28944206237793,23.52166175842285,-0.1661644743053604,-0.14282766598854177,0.09661575072031106
1777876460.0300252,0.05041766397057776,-0.4330432455833355,0.6263031644216717,1,17.913818359375,18.138647079467773,-0.1655823360279651,-0.13781648359290136,0.09656880934859036
1777876460.0871887,0.05242706445000128,-0.4232028037006853,0.6256399595318605,1,24.926424026489258,25.230884552001953,-0.16357293554854158,-0.12797604171025115,0.09590560445877919
1777876460.1415994,0.055667403645579705,-0.41309323757522964,0.624184975191447,1,29.35504913330078,29.563188552856445,-0.16033259635296315,-0.11786647558479549,0.09445062011836566
1777876460.1959136,0.060108286584831194,-0.40367606382646304,0.6220269145209787,1,33.611297607421875,33.82992744445801,-0.15589171341371166,-0.10844930183602888,0.09229255944789733
1777876460.2396123,0.06293069326046785,-0.3993713142488584,0.6207772559206475,1,27.193307876586914,27.42457389831543,-0.153069306738075,-0.10414455225842426,0.09104290084756621
1777876460.2875955,0.07049039062431642,-0.3915055399091839,0.6180763749947994,1,25.12049674987793,25.333166122436523,-0.14550960937422644,-0.0962787779187497,0.08834201992171811
1777876460.3359702,0.08046279994413794,-0.3863377081996803,0.6156878514136032,1,23.35953712463379,23.593425750732422,-0.13553720005440492,-0.09111094620924609,0.08595349634052182
1777876460.3904686,0.08584766699781082,-0.3847298395651905,0.614793216496782,1,27.67157554626465,27.91881561279297,-0.13015233300073203,-0.08950307757475634,0.08505886142370073
1777876460.433811,0.0984511473364186,-0.3836971953028441,0.6133697453352621,1,20.939350128173828,21.176576614379883,-0.11754885266212425,-0.08847043331240986,0.08363539026218078
1777876460.4965727,0.11160413402024305,-0.3855341452374411,0.6124761633273448,1,33.46848487854004,33.698081970214844,-0.1043958659782998,-0.09030738324700696,0.08274180825426353
1777876460.5369658,0.11831893976899724,-0.3873584162181819,0.6121874939589312,1,23.76866340637207,23.969411849975586,-0.09768106022954562,-0.09213165422774769,0.08245313888584992
1777876460.5888822,0.13226092690840593,-0.3918604834404386,0.6116190944715892,1,25.611162185668945,25.826692581176758,-0.08373907309013692,-0.09663372145000443,0.08188473939850796
1777876460.6400156,0.14796835223446259,-0.3973487698062392,0.6105949621914378,1,26.686429977416992,26.894092559814453,-0.06803164776408029,-0.102122007815805,0.08086060711835652
1777876460.690152,0.15644752350933544,-0.40024968472255795,0.6100963401560288,1,26.665210723876953,26.935815811157227,-0.059552476489207425,-0.10502292273212374,0.08036198508294742
1777876460.730006,0.17333092659019053,-0.40569568325395056,0.6088988208121717,1,16.50071144104004,16.748905181884766,-0.04266907340835233,-0.1104689212635164,0.07916446573909039
1777876460.783251,0.19056571398226985,-0.41060268036860925,0.6077137832577163,1,19.71745491027832,19.926071166992188,-0.02543428601627301,-0.11537591837817507,0.07797942818463502
1777876460.8386962,0.1995169890237033,-0.4125554121549143,0.606867359327131,1,25.07328987121582,25.278329849243164,-0.01648301097483957,-0.11732865016448013,0.07713300425404973
1777876460.8849044,0.21552059563748016,-0.41383890887088903,0.6049987073817478,1,21.022796630859375,21.236896514892578,-0.0004794043610627033,-0.11861214688045482,0.0752643523086665
1777876460.9439752,0.2286958208465345,-0.4107171304623165,0.6024976608469899,1,29.42204475402832,29.653310775756836,0.012695820847991639,-0.11549036847188235,0.0727633057739085
1777876460.9896896,0.23448523970792368,-0.4074114185474864,0.6012719951938705,1,25.093793869018555,25.301218032836914,0.018485239709380825,-0.11218465655705226,0.07153764012078923
1777876461.031824,0.24527674888780582,-0.39759833502480946,0.5993617401249081,1,17.127037048339844,17.37213134765625,0.029276748889262953,-0.10237157303437525,0.06962738505182674
1777876461.089342,0.25537089196905377,-0.3853897388585048,0.5985270030235151,1,22.687435150146484,22.923707962036133,0.03937089197051092,-0.0901629768680706,0.06879264795043381
1777876461.1403627,0.2602076551293665,-0.3785352310353927,0.5986504661487646,1,22.975444793701172,23.188114166259766,0.04420765513082366,-0.08330846904495853,0.06891611107568325
1777876461.189225,0.2686515530335864,-0.3646166146361812,0.599533171466253,1,21.749258041381836,21.970510482788086,0.052651553035043534,-0.06938985264574701,0.06979881639317165
1777876461.2388709,0.2694408288723439,-0.347875801023816,0.6010149956539296,1,21.256208419799805,21.534204483032227,0.053440828873801006,-0.05264903903338178,0.07128064058084824
1777876461.3000119,0.26591934205891044,-0.3381962234735334,0.6018991675938027,1,32.19151496887207,32.37152099609375,0.04991934206036756,-0.04296946148309924,0.07216481252072136
1777876461.3369718,0.26602833064973674,-0.3242335502933936,0.6035680516099249,1,18.96071434020996,19.16980743408203,0.050028330651193866,-0.02900678830295947,0.07383369653684357
1777876461.3911824,0.265916573923952,-0.3113581662667223,0.6049046727033486,1,22.93682098388672,23.3156681060791,0.049916573925409165,-0.01613140427628809,0.0751703176302673
1777876461.4443536,0.2627768126726051,-0.2995415973724098,0.6057488992662671,1,24.87468719482422,25.078535079956055,0.04677681267406227,-0.004314835381975607,0.0760145441931858
1777876461.4946456,0.2602583427584762,-0.29448224801464695,0.6057436984825043,1,25.080442428588867,25.29001235961914,0.04425834275993334,0.0007445139757872449,0.07600934340942297
1777876461.5451908,0.2531025340554287,-0.2851495489907328,0.6045781267494335,1,25.50983428955078,25.736093521118164,0.03710253405688587,0.01007721299970138,0.07484377167635209
1777876461.5916307,0.2535970075034255,-0.2841816195119343,0.6025920292934999,1,20.837783813476562,21.03710174560547,0.037597007504882644,0.011045142478499886,0.0728576742204185
1777876461.6490183,0.25127770929467547,-0.28327882835202944,0.6006843882122173,1,28.12933921813965,28.34630012512207,0.03527770929613259,0.01194793363840474,0.07095003313913592
1777876461.707603,0.2425585734455835,-0.2817212413463772,0.5957801458036663,1,36.6063117980957,36.859750747680664,0.026558573447040636,0.013505520644056968,0.06604579073058503
1777876461.7487483,0.23061466953971405,-0.281427988613263,0.5903632628585527,1,27.71592140197754,27.935504913330078,0.014614669541171181,0.013798773377171197,0.060628907785471406
1777876461.8031864,0.2223790928999721,-0.281758914212789,0.5871242122970263,1,31.90755844116211,32.12237358093262,0.0063790929014292536,0.013467847777645231,0.057389857223945004
1777876461.8472106,0.20422386783420426,-0.28361788631242224,0.5792608367367681,1,25.838851928710938,26.07417106628418,-0.011776132164338586,0.011608875678011929,0.04952648166368682
1777876461.8883417,0.18544463367290615,-0.287108960793267,0.5707071645703404,1,16.953229904174805,17.149925231933594,-0.030555366325636702,0.00811780119716718,0.04097280949725908
1777876461.9373882,0.17525799415766577,-0.2897170672346937,0.5660913803170463,1,15.874862670898438,16.091346740722656,-0.04074200584087708,0.005509694755740452,0.03635702524396499
1777876461.9998512,0.1563615580262111,-0.2962255840779445,0.5577328577029865,1,28.156518936157227,28.391361236572266,-0.05963844197233174,-0.0009988220875103149,0.02799850262990521
1777876462.0478718,0.13997466303758216,-0.3038008699065483,0.5506474697484012,1,26.02696418762207,26.25131607055664,-0.0760253369609607,-0.008574107916114113,0.02091311467531986
1777876462.0967417,0.13253299954738645,-0.30794905130754857,0.5476071652266998,1,24.797677993774414,25.00462532043457,-0.0834670004511564,-0.01272228931711436,0.017872810153618482
1777876462.1500647,0.12022444010052191,-0.3160870942063764,0.5430677837756641,1,28.010129928588867,28.2440185546875,-0.09577555989802095,-0.020860332215942162,0.013333428702582764
1777876462.1993318,0.10951737708946935,-0.3246286002566783,0.5398022796415705,1,27.21858024597168,27.448177337646484,-0.10648262290907351,-0.029401838266244068,0.010067924568489185
1777876462.2493699,0.1052588391126687,-0.3283766916207319,0.5386683257811943,1,27.184247970581055,27.374267578125,-0.11074116088587416,-0.03314992963029775,0.008933970708113005
1777876462.2889924,0.09801649982876803,-0.3354034505718011,0.5373147412143053,1,16.7236328125,16.92795753479004,-0.11798350016977482,-0.04017668858136689,0.007580386141224055
1777876462.3496246,0.09291334570532589,-0.3426422820548696,0.537631050673283,1,27.24599838256836,27.479887008666992,-0.12308665429321697,-0.04741552006443542,0.007896695600201634
1777876462.4049175,0.09170687361537863,-0.3464688904159309,0.5384008636354146,1,31.92925453186035,32.1505069732666,-0.12429312638316423,-0.05124212842549672,0.008666508562333357
1777876462.4549298,0.09234047029363088,-0.3545971977120411,0.5409021266976448,1,30.889511108398438,31.094789505004883,-0.12365952970491198,-0.05937043572160691,0.011167771624563491
1777876462.5121775,0.09710106971483326,-0.3649882350158662,0.5422382259462615,1,36.68522834777832,37.78386116027832,-0.1188989302837096,-0.06976147302543198,0.01250387087318014
1777876462.5461938,0.10082413906728319,-0.3714678007551222,0.5423105347514227,1,21.29983901977539,21.57449722290039,-0.11517586093125967,-0.07624103876468805,0.012576179678341383
1777876462.5934105,0.11015721705714476,-0.38431188846164654,0.543156428359154,1,17.68326759338379,17.888307571411133,-0.1058427829413981,-0.08908512647121233,0.013422073286072735
1777876462.647376,0.12203981352467952,-0.39700710025404484,0.5447950328370226,1,21.567583084106445,21.772146224975586,-0.09396018647386334,-0.10178033826361063,0.015060677763941238
1777876462.6974275,0.12817712950231921,-0.40266632214648157,0.545646485581359,1,21.50106430053711,21.74067497253418,-0.08782287049622364,-0.10743956015604736,0.015912130508277715
1777876462.7465928,0.14109385626906473,-0.4129052520114962,0.5480246164317495,1,20.55191993713379,20.854473114013672,-0.07490614372947813,-0.11767849002106204,0.018290261358668135
1777876462.8022346,0.15416331865135716,-0.4202451627761308,0.5515253671657594,1,26.213645935058594,26.4127254486084,-0.0618366813471857,-0.12501840078569662,0.021791012092678134
1777876462.8581328,0.1611326493608815,-0.4229483047869175,0.5539335695956482,1,32.02509880065918,32.22990036010742,-0.05486735063766136,-0.1277215427964833,0.02419921452256696
1777876462.8982432,0.1745833731781482,-0.4251620849502492,0.5617737468118281,1,22.04275131225586,22.27020263671875,-0.04141662682039467,-0.12993532295981505,0.032039391738746835
1777876462.9439735,0.1856933772953544,-0.4196899413242767,0.571743443867159,1,17.74001121520996,17.95339584350586,-0.03030662270318845,-0.12446317933384257,0.04200908879407776
1777876462.9927685,0.19213321586945462,-0.4173885061625529,0.5756496639246932,1,16.11471176147461,16.391277313232422,-0.02386678412908823,-0.12216174417211872,0.04591530885161187
1777876463.06372,0.20647457178194942,-0.4141276941722938,0.5827652453037975,1,36.35764122009277,36.72671318054199,-0.009525428216593447,-0.11890093218185957,0.053030890230716166
1777876463.1030684,0.21884719399053065,-0.41066820857856934,0.5879997913620182,1,25.753259658813477,25.99358558654785,0.0028471939919877953,-0.11544144658813518,0.05826543628893683
1777876463.1697216,0.22420415419144385,-0.4076955476995726,0.589888425677754,1,42.153120040893555,42.46211051940918,0.008204154192900992,-0.1124687857091384,0.06015407060467268
1777876463.2150464,0.23318572752504543,-0.39992350428314355,0.5926429254530918,1,37.38045692443848,37.71209716796875,0.01718572752650257,-0.10469674229270937,0.06290857038001055
1777876463.2436364,0.23996503315507567,-0.3906828291507268,0.5943562012595595,1,16.013383865356445,16.25847816467285,0.023965033156532818,-0.09545606716029259,0.06462184618647815
1777876463.3050957,0.24282129936035082,-0.38582595165984546,0.5950620815868632,1,27.39405632019043,27.608871459960938,0.026821299361807972,-0.0905991896694113,0.06532772651378192
1777876463.353827,0.24789599257720474,-0.3756575839776999,0.5963546976124087,1,25.92778205871582,26.13997459411621,0.03189599257866189,-0.08043082198726573,0.06662034253932733
1777876463.3939571,0.25208225609104146,-0.3653684916926516,0.5977987139367847,1,15.844345092773438,16.087770462036133,0.03608225609249862,-0.07014172970221746,0.06806435886370342
1777876463.4606707,0.2538602435519596,-0.35990471465651397,0.5988959635060129,1,32.37199783325195,32.57298469543457,0.037860243553416696,-0.06467795266607979,0.06916160843293162
1777876463.5046487,0.2564358719310549,-0.349395803977412,0.6015255792174686,1,26.201486587524414,26.43609046936035,0.040435871932512045,-0.054169041986977834,0.07179122414438735
1777876463.5569925,0.25770182321616336,-0.33920575866869196,0.6044402765835933,1,27.766704559326172,28.0148983001709,0.0417018232176205,-0.04397899667825775,0.07470592151051204
1777876463.6195345,0.25725653814902383,-0.3291367115338205,0.6069379987055686,1,40.203094482421875,40.465593338012695,0.04125653815048095,-0.0339099495433863,0.07720364363248736
1777876463.655298,0.2590889429212039,-0.32606647970566893,0.6086631742479905,1,25.88677406311035,26.160240173339844,0.043088942922661015,-0.030839717715234777,0.07892881917490925
1777876463.707231,0.2600931220674885,-0.3195060201284845,0.6119859666858309,1,27.799129486083984,28.0153751373291,0.044093122068945646,-0.02427925813805032,0.08225161161274964
1777876463.7674642,0.2592314014563472,-0.3165299249158797,0.6134555800872686,1,37.778377532958984,38.055419921875,0.043231401457804346,-0.021303162925445512,0.0837212250141873
1777876463.8029652,0.255800408296762,-0.31024994843567066,0.6155020723363066,1,23.15974235534668,23.413896560668945,0.039800408298219105,-0.015023186445236453,0.08576771726322534
1777876463.8466747,0.2504748678940104,-0.3048304820702101,0.6159074318290184,1,16.576051712036133,16.753196716308594,0.03447486789546756,-0.009603720079775904,0.08617307675593715
1777876463.9071689,0.24058273391144272,-0.2991692951701055,0.6138791404064873,1,26.927947998046875,27.15754508972168,0.02458273391289987,-0.003942533179671331,0.08414478533340594
1777876463.960926,0.2334699553798216,-0.2961392197331549,0.6118740898150221,1,30.605554580688477,30.831336975097656,0.017469955381278733,-0.0009124577427206959,0.08213973474194086
1777876463.9980493,0.22924489098619827,-0.29658427322032543,0.6073525875216461,1,17.714738845825195,17.89712905883789,0.013244890987655411,-0.0013575112298912506,0.07761823244856478
1777876464.0532258,0.2255979456178369,-0.29686285357254055,0.6047308289364386,1,20.52593231201172,20.725488662719727,0.009597945619294036,-0.0016360915821063693,0.07499647386335734
1777876464.1026254,0.2143141219342985,-0.2973576259277041,0.5986585776801452,1,19.47188377380371,19.727230072021484,-0.0016858780642443685,-0.002130863937269939,0.0689242226070639
1777876464.157328,0.2013497449693249,-0.2988452462526645,0.5921154498513359,1,24.09672737121582,24.321317672729492,-0.014650255029217976,-0.003618484262230326,0.062381094778254646
1777876464.2042367,0.1870257650472893,-0.3023203689802646,0.5850394138896414,1,20.95317840576172,21.181106567382812,-0.02897423495125356,-0.007093606989830428,0.05530505881656009
1777876464.2602618,0.1802693425205286,-0.3045650419132881,0.5818714207941628,1,25.77996253967285,26.014089584350586,-0.035730657478014266,-0.00933827992285391,0.05213706572108141
1777876464.3198328,0.16664012155448923,-0.31044302559671466,0.5754462918126089,1,34.52563285827637,34.74545478820801,-0.049359878444053616,-0.01521626360628045,0.04571193673952752
1777876464.352818,0.1534372266910626,-0.31766116084079876,0.5686433882141474,1,17.40741729736328,17.64965057373047,-0.06256277330748025,-0.022434398850364606,0.038909033141066134
1777876464.4128964,0.14712254196412436,-0.3215828947906586,0.5652198383965072,1,25.06732940673828,25.327682495117188,-0.0688774580344185,-0.02635613280022439,0.035485483323425916
1777876464.4698298,0.13569153286526084,-0.33010515764993986,0.5583224281441986,1,31.864404678344727,32.158851623535156,-0.08030846713328202,-0.034878395659505707,0.028588073071117312
1777876464.518119,0.1259726535236042,-0.33756623869083946,0.551808759281839,1,30.159473419189453,30.36212921142578,-0.09002734647493867,-0.042339476700405304,0.02207440420875769
1777876464.580278,0.12162002891507828,-0.34087497884402945,0.5487980486463712,1,42.16194152832031,42.45400428771973,-0.09437997108346458,-0.04564821685359527,0.01906369357328987
1777876464.6128352,0.11418624105099912,-0.3472925273330316,0.5433801538805032,1,24.675607681274414,24.942636489868164,-0.10181375894754374,-0.052065765342597464,0.013645798807421894
1777876464.6588097,0.10940488357234152,-0.35472739033886963,0.5396291139017966,1,20.55668830871582,20.7672119140625,-0.10659511642620134,-0.05950062834843545,0.009894758828715267
1777876464.716869,0.10849293685390497,-0.35869327753623825,0.5383922992453434,1,28.522729873657227,28.7322998046875,-0.10750706314463788,-0.06346651554580404,0.008657944172262032
1777876464.76341,0.10886752990416806,-0.36791234953617713,0.5371358176623011,1,24.98006820678711,25.21657943725586,-0.1071324700943748,-0.07268558754574295,0.007401462589219823
1777876464.8266225,0.11248324390659861,-0.3770982485317562,0.5354548700520627,1,38.0403995513916,38.28096389770508,-0.10351675609194425,-0.08187148654132206,0.005720514978981392
1777876464.8756983,0.11508689927220489,-0.38148953039323363,0.534219919347294,1,37.015676498413086,37.26959228515625,-0.10091310072633797,-0.08626276840279948,0.0044855642742126015
1777876464.9213197,0.12023519866297666,-0.3892562003830014,0.5331851938903913,1,31.827449798583984,32.06324577331543,-0.0957648013355662,-0.09402943839256722,0.00345083881731003
1777876464.9660647,0.1273139564923547,-0.3960583011817052,0.5331579158061542,1,26.48186683654785,26.709318161010742,-0.08868604350618817,-0.10083153919127102,0.003423560733072907
1777876465.0139313,0.13529759261095423,-0.40077983093331526,0.5364463335249575,1,22.861003875732422,23.113250732421875,-0.08070240738758863,-0.10555306894288105,0.006711978451876245
1777876465.062393,0.1395304094680353,-0.40190899050003726,0.539367367331737,1,21.222591400146484,21.453857421875,-0.07646959053050754,-0.10668222850960304,0.009633012258655621
1777876465.107564,0.14990834509141385,-0.40309867746909567,0.547154886969576,1,16.190528869628906,16.425609588623047,-0.06609165490712901,-0.10787191547866151,0.017420531896494687
1777876465.1713512,0.15583609445850663,-0.40348209348715913,0.5511800643306521,1,29.854774475097656,30.108213424682617,-0.06016390554003622,-0.10825533149672492,0.021445709257570812
1777876465.2196267,0.1703751388438965,-0.404449510947012,0.5592118480918941,1,28.072595596313477,28.30028533935547,-0.04562486115464636,-0.10922274895657777,0.029477493018812712
1777876465.2582378,0.18694866895033746,-0.40574214625710603,0.566189628337072,1,16.477346420288086,16.663312911987305,-0.029051331048205405,-0.11051538426667187,0.036455273263990715
1777876465.3096375,0.2021891614660693,-0.40521152467264987,0.5727325039861143,1,17.090320587158203,17.350435256958008,-0.013810838532473571,-0.10998476268221569,0.042998148913033
1777876465.3692656,0.20983270933071582,-0.4044672746626884,0.5757109504641251,1,26.678800582885742,26.873350143432617,-0.0061672906678270425,-0.10924051267225418,0.04597659539104384
1777876465.4301393,0.2233807101201751,-0.4013696449774781,0.5806924105962965,1,37.29128837585449,37.59407997131348,0.007380710121632245,-0.10614288298704394,0.050958055523215244
1777876465.4735203,0.2339637898728037,-0.39453431263492733,0.5854189587438339,1,30.548572540283203,30.915260314941406,0.017963789874260845,-0.09930755064449315,0.05568460367075257
1777876465.514637,0.23812019061716283,-0.38921166837951626,0.5882263627504564,1,21.251916885375977,21.49677276611328,0.02212019061861998,-0.09398490638908205,0.05849200767737506
1777876465.5719924,0.24472254320662498,-0.3762699458366364,0.5934339945449915,1,28.508901596069336,28.778076171875,0.028722543208082117,-0.08104318384620221,0.06369963947191015
1777876465.6135526,0.2502321009337768,-0.36135822802094353,0.5984708320153952,1,19.593000411987305,19.828319549560547,0.03423210093523391,-0.06613146603050937,0.06873647694231386
1777876465.6682932,0.25284285491154485,-0.35364087627349355,0.6008434550562651,1,23.58841896057129,23.794174194335938,0.03684285491300201,-0.05841411428305937,0.07110909998318381
1777876465.711296,0.25724493108473717,-0.33843412152967434,0.6048318709802252,1,16.451597213745117,16.700029373168945,0.041244931086194335,-0.04320735953924018,0.07509751590714381
1777876465.7602973,0.2606317874838258,-0.32604062917826515,0.6076491942550338,1,15.33198356628418,15.593767166137695,0.04463178748528294,-0.03081386718783094,0.0779148391819525
1777876465.8178322,0.2620764290856949,-0.32034366080985,0.6084884658403343,1,22.823810577392578,23.06962013244629,0.04607642908715202,-0.025116898819415784,0.07875411076725304
1777876465.86883,0.2628481923305965,-0.3086075773912569,0.6088792907194055,1,23.683547973632812,23.871660232543945,0.0468481923320536,-0.013380815400822699,0.07914493564632416
1777876465.9271696,0.26000722807645416,-0.296783546515321,0.6083076663623245,1,31.89849853515625,32.08661079406738,0.04400722807791129,-0.0015567845248868617,0.07857331128924319
1777876465.966952,0.25772414256999354,-0.2916793601342239,0.6076216702667175,1,19.098997116088867,19.344091415405273,0.04172414257145069,0.003547401856210289,0.07788731519363623
1777876466.0205808,0.25083562919459174,-0.28302509346647925,0.6055453491181237,1,22.64261245727539,22.904157638549805,0.0348356291960489,0.012201668523954934,0.0758109940450424
1777876466.0752044,0.24112076086829745,-0.2759800412852493,0.6026668749162393,1,27.142047882080078,27.406692504882812,0.025120760869754587,0.01924672070518492,0.07293251984315796
1777876466.13421,0.23522046956191497,-0.27326472884801334,0.6010603538621263,1,36.01813316345215,36.22150421142578,0.01922046956337211,0.021962033142420817,0.07132599878904498
1777876466.1738825,0.22199777428905437,-0.2699458524131852,0.5970310133105694,1,25.4976749420166,25.778770446777344,0.005997774290511515,0.025280909577248975,0.06729665823748804
1777876466.2257316,0.20740838581348506,-0.27058999246948146,0.5910627268701678,1,27.293920516967773,27.5421142578125,-0.0085916141850578,0.024636769520952714,0.06132837179708645
1777876466.2823603,0.20119344792204988,-0.2719334014463717,0.5878289442394289,1,33.75697135925293,34.011125564575195,-0.014806552076492986,0.023293360544062516,0.05809458916634756
1777876466.336587,0.1864383299000923,-0.27557734322328514,0.5806097724251094,1,37.636756896972656,37.89806365966797,-0.029561670098450555,0.01964941876714904,0.05087541735202803
1777876466.3705168,0.1699227416657652,-0.27930031604449324,0.573569238635917,1,21.233320236206055,21.44598960876465,-0.04607725833277765,0.015926445945940948,0.04383488356283574
1777876466.4234052,0.16136812758411234,-0.28163088472320147,0.5702865800967591,1,24.014711380004883,24.23262596130371,-0.0546318724144305,0.0135958772672327,0.040552225023677835
1777876466.4753454,0.1439367722891615,-0.2876488514564596,0.563140584459463,1,25.851964950561523,26.090145111083984,-0.07206322770938137,0.0075779105339746355,0.033406229386381686
1777876466.5304742,0.12907546817282,-0.29449537294639627,0.5563752239481293,1,30.887365341186523,31.157493591308594,-0.08692453182572284,0.0007313890440379389,0.026640868875048046
1777876466.568717,0.11731303599031428,-0.3017500554915169,0.550409835690618,1,18.95284652709961,19.312143325805664,-0.09868696400822857,-0.006523293501082689,0.020675480617536622
1777876466.6226618,0.11206100620525686,-0.30585796016790984,0.5477620908106949,1,22.597312927246094,22.905349731445312,-0.103938993793286,-0.010631198177475668,0.01802773573761364
1777876466.6730855,0.10361156671901961,-0.3144232906835226,0.5439513669682953,1,22.986412048339844,23.2546329498291,-0.11238843327952325,-0.019196528693088383,0.014217011895213967
1777876466.7274835,0.10014618819335377,-0.31928466753064944,0.5424979884232162,1,26.862144470214844,27.216672897338867,-0.11585381180518908,-0.024057905540215224,0.012763633350134827
1777876466.7708204,0.09410250723175809,-0.3300696911657499,0.5409060492959642,1,20.174026489257812,20.403623580932617,-0.12189749276678477,-0.03484292917531576,0.011171694222882937
1777876466.8219678,0.08990847249936995,-0.34052487290287814,0.5406020568758289,1,21.248340606689453,21.489620208740234,-0.1260915274991729,-0.04529811091244393,0.010867701802747556
1777876466.8708532,0.08822418363426585,-0.3512548820328478,0.5419813691730633,1,20.107746124267578,20.35045623779297,-0.127775816364277,-0.056028120042413615,0.012247014099981954
1777876466.919178,0.08858076001452381,-0.3562278053561468,0.5429735964697503,1,18.39423179626465,18.61095428466797,-0.12741923998401905,-0.061001043365712604,0.013239241396669023
1777876466.9849977,0.09206344228573454,-0.36660627637413834,0.5443885593882529,1,34.0116024017334,34.33680534362793,-0.12393655771280832,-0.07137951438370418,0.014654204315171608
1777876467.0296338,0.09871421237564665,-0.37736152665440204,0.5448845293194076,1,28.737783432006836,28.9151668548584,-0.11728578762289621,-0.08213476466396788,0.015150174246326212
1777876467.0897613,0.10290219229650804,-0.38231530720414686,0.5450139209794689,1,38.69175910949707,38.98167610168457,-0.11309780770203481,-0.08708854521371265,0.015279565906387585
1777876467.132505,0.11302611682634689,-0.392375146080142,0.5457709682742269,1,31.323909759521484,31.584501266479492,-0.10297388317219597,-0.0971483840897078,0.016036613201145578
1777876467.172189,0.12477874842353678,-0.40175527170127273,0.5473574563180934,1,20.95341682434082,21.179676055908203,-0.09122125157500607,-0.10652850971083855,0.017623101245012065
1777876467.2265658,0.13132938096402366,-0.4059518278974391,0.5481733335631249,1,25.25806427001953,25.47621726989746,-0.0846706190345192,-0.11072506590700495,0.018438978490043667
1777876467.287862,0.14483434439231216,-0.413203792281688,0.5507716808857465,1,36.39340400695801,36.69619560241699,-0.0711656556062307,-0.11797703029125381,0.021037325812665174
1777876467.3321931,0.1516073005178526,-0.41573449731837187,0.5522609013618356,1,30.175447463989258,30.553817749023438,-0.06439269948069025,-0.12050773532793768,0.02252654628875429
1777876467.3735888,0.16616985577414145,-0.41899053832777583,0.5566409748289592,1,21.647214889526367,21.85201644897461,-0.049830144224401414,-0.12376377633734165,0.02690661975587796
1777876467.4220285,0.18101202745668155,-0.42020472157759137,0.5611932202763936,1,19.908905029296875,20.10798454284668,-0.0349879725418613,-0.12497795958715716,0.03145886520331228
1777876467.4859743,0.19762259035046348,-0.42063231292731695,0.5658792013130619,1,32.90057182312012,33.12826156616211,-0.018377409648079365,-0.12540555093688274,0.03614484623998059
1777876467.5248516,0.2061785314049174,-0.4203168691939271,0.5679136611047655,1,21.701574325561523,21.918773651123047,-0.009821468593625447,-0.12509010720349292,0.03817930603168417
1777876467.5744998,0.22027888269010365,-0.41730840063041763,0.5709051009614532,1,21.317720413208008,21.503210067749023,0.004278882691560779,-0.12208163863998342,0.04117074588837185
1777876467.6301641,0.23064795630573962,-0.410777548626604,0.5735501546937222,1,26.878833770751953,27.0693302154541,0.01464795630719675,-0.11555078663616977,0.04381579962064087
1777876467.694783,0.2350674254258733,-0.40593772455786337,0.5752876156763893,1,41.399240493774414,41.597843170166016,0.019067425427330455,-0.11071096256742921,0.04555326060330804
1777876467.7303445,0.24285499755087095,-0.39412341293760667,0.5789130672437592,1,25.348424911499023,25.529861450195312,0.026854997552328085,-0.09889665094717251,0.04917871217067794
1777876467.775435,0.250103357112739,-0.3802820267521464,0.5812731397273607,1,20.31397819519043,20.51854133605957,0.03410335711419613,-0.08505526476171218,0.051538784654279406
1777876467.8333712,0.25239969410967766,-0.37174990007205444,0.5820082192331595,1,28.22709083557129,28.38730812072754,0.03639969411113483,-0.07652313808162028,0.05227386416007822
1777876467.8794057,0.24855493350276237,-0.347687874584358,0.5836832169137811,1,20.444869995117188,24.13463592529297,0.0325549335042195,-0.0524611125939238,0.05394886184069975
1777876467.9220989,0.24860853341860087,-0.32828935313348545,0.5847398595768059,1,16.52669906616211,16.73126220703125,0.03260853342005802,-0.03306259114305127,0.0550055045037246
1777876467.9762857,0.248970452283313,-0.31961839778105733,0.5850008385236897,1,20.633459091186523,20.83420753479004,0.03297045228477014,-0.024391635790623145,0.055266483450608334
1777876468.0281744,0.24874252848099032,-0.30245317086954754,0.5846499088892683,1,22.186279296875,22.39203453063965,0.03274252848244747,-0.007226408879113355,0.054915553816186985
1777876468.071908,0.24646158927946726,-0.2863830944610001,0.5822408205955953,1,15.889883041381836,16.078710556030273,0.030461589280924413,0.008843667529434107,0.05250646552251398
1777876468.1323273,0.24470235781907354,-0.2790018084685252,0.5802261177516168,1,25.74634552001953,25.94780921936035,0.028702357820530676,0.016224953521909016,0.05049176267853546
1777876468.189318,0.23857862144684755,-0.264129876537564,0.5744939261890973,1,31.717300415039062,31.892061233520508,0.022578621448304685,0.031096885452870218,0.044759571116016084
1777876468.231136,0.23294486390814131,-0.25568207329899756,0.5693786639371848,1,23.450374603271484,23.643970489501953,0.01694486390959845,0.03954468869143661,0.039644308864103514
1777876468.2915747,0.23049144981047354,-0.25635012385145955,0.5654078289103946,1,33.64109992980957,33.87045860290527,0.014491449811930693,0.03887663813897464,0.03567347383731338
1777876468.3274024,0.22518557726098812,-0.2553794385926708,0.5633533434567565,1,19.45948600769043,19.607067108154297,0.009185577262445267,0.03984732339776337,0.033618988383675164
1777876468.3777254,0.20974524699333855,-0.253067271439791,0.5588305389158237,1,19.635915756225586,19.84405517578125,-0.006254753005204304,0.042159490550643136,0.029096183842742377
1777876468.428523,0.2003751987435656,-0.2524657772289405,0.5561964977139708,1,20.296335220336914,20.49875259399414,-0.015624801254977248,0.04276098476149369,0.026462142640889516
1777876468.473051,0.18194977741667545,-0.25302399420064675,0.5500452226642603,1,14.74452018737793,14.969110488891602,-0.034050222581867406,0.04220276778978742,0.020310867591178946
1777876468.5309706,0.16516649509789882,-0.25692097085056886,0.5428690925141462,1,22.560834884643555,22.782564163208008,-0.05083350490064405,0.03830579113986535,0.013134737441064914
1777876468.5901222,0.1566500663874875,-0.26015489711355533,0.5394602385478386,1,31.630277633666992,31.848907470703125,-0.05934993361105536,0.03507186487687888,0.009725883474757321
1777876468.635045,0.1402664196163773,-0.267841653485586,0.5327918213372247,1,26.48615837097168,26.684999465942383,-0.07573358038216554,0.027385108504848182,0.0030574662641433825
1777876468.6869798,0.12607123565796474,-0.2758584438251083,0.5263830611701901,1,28.160810470581055,28.357267379760742,-0.08992876434057812,0.01936831816532586,-0.0033512939028911837
1777876468.7364552,0.11981402800828048,-0.2801265283185823,0.5236731829979264,1,27.532100677490234,27.752161026000977,-0.09618597199026238,0.015100233671851898,-0.006061172075154914
1777876468.7857304,0.10862836572149207,-0.2883959954477347,0.5193697883645796,1,26.458263397216797,26.688337326049805,-0.10737163427705079,0.0068307665426994985,-0.010364566708501742
1777876468.8352718,0.09858326618302113,-0.2953527914268687,0.5163622716985965,1,25.899410247802734,26.07107162475586,-0.11741673381552173,-0.00012602943643451325,-0.013372083374484804
1777876468.888857,0.09407079112653288,-0.298741552975207,0.5149541629120478,1,29.298782348632812,29.558181762695312,-0.12192920887200998,-0.0035147909847728087,-0.0147801921610336
1777876468.935199,0.08747680980455957,-0.3056922140045417,0.5128930657778492,1,25.455951690673828,25.808095932006836,-0.12852319019398328,-0.010465452014107562,-0.01684128929523214
1777876468.9798663,0.0847976618832163,-0.3136973186505878,0.5115334850309469,1,20.02573013305664,20.412921905517578,-0.13120233811532656,-0.018470556660153598,-0.018200870042134443
1777876469.0444396,0.08669763399297925,-0.32277317532961586,0.5115573991904974,1,34.64913368225098,34.883737564086914,-0.1293023660055636,-0.027546413339181675,-0.018176955882583987
1777876469.0907044,0.0890083174573881,-0.3276978170803435,0.5117037101370387,1,30.820369720458984,31.068801879882812,-0.12699168254115475,-0.03247105508990933,-0.018030644936042534
1777876469.1426725,0.09435490974464772,-0.338254338824454,0.5137408917486737,1,32.56106376647949,32.829999923706055,-0.12164509025389514,-0.04302757683401984,-0.015993463324407695
1777876469.176468,0.1012331594537331,-0.35002750888598955,0.5163589827938297,1,16.35289192199707,16.590356826782227,-0.11476684054480976,-0.054800746895555336,-0.013375372279251521
1777876469.2433066,0.10533081117354925,-0.3563341609297268,0.5175741026823405,1,33.09345245361328,33.333778381347656,-0.1106691888249936,-0.06110739893929265,-0.012160252390740853
1777876469.2969232,0.11366227093969813,-0.3684973576755106,0.5196278930672189,1,36.518096923828125,36.87310218811035,-0.10233772905884472,-0.07327059568507646,-0.01010646200586237
1777876469.3388238,0.11805181530093609,-0.37450234490161494,0.520604516171703,1,28.341054916381836,28.5797119140625,-0.09794818469760677,-0.07927558291118073,-0.009129838901378334
1777876469.3887784,0.12733402640521152,-0.38586517869464354,0.5223776923977147,1,28.26237678527832,28.47146987915039,-0.08866597359333134,-0.09063841670420938,-0.007356662675366596
1777876469.435679,0.13653873338395184,-0.39515362096446327,0.5249623221226487,1,24.875879287719727,25.104284286499023,-0.07946126661459103,-0.09992685897402911,-0.00477203295043261
1777876469.4820914,0.14697630708209675,-0.4030142669987211,0.5286149937993152,1,21.205663681030273,21.456003189086914,-0.06902369291644611,-0.1077875050082869,-0.0011193612737660646
1777876469.5493503,0.1522305973980209,-0.4059262576835535,0.5305237859920279,1,38.26427459716797,38.64121437072754,-0.06376940260052197,-0.11069949569311935,0.0007894309189465792
1777876469.590428,0.16338511398537975,-0.41075911673303833,0.5361210838883234,1,29.42681312561035,29.6323299407959,-0.0526148860131631,-0.11553235474260412,0.006386728815242063
1777876469.6357555,0.1747182542702781,-0.41311757513782454,0.5436382384584684,1,24.020671844482422,24.21879768371582,-0.041281745728264777,-0.11789081314739039,0.013903883385387047
1777876469.687191,0.1798815854259883,-0.41321044108848126,0.548631452638612,1,25.359153747558594,25.578975677490234,-0.036118414572554554,-0.11798367909804708,0.018897097565530742
1777876469.7370548,0.19005995817048432,-0.41079212362842876,0.5628119210042412,1,25.127887725830078,25.35104751586914,-0.02594004182805855,-0.1155653616379946,0.03307756593115986
1777876469.7869744,0.201527654134059,-0.4056400796502273,0.5755457059868107,1,24.926424026489258,25.20275115966797,-0.014472345864483864,-0.11041331765979315,0.0458113509137293
1777876469.8281717,0.20718236259342332,-0.40221279533175275,0.5811424693818766,1,16.152620315551758,16.366004943847656,-0.008817637405119545,-0.10698603334131856,0.051408114308795286
1777876469.890652,0.21761037193039198,-0.39327836319660026,0.5907922620196296,1,28.590679168701172,28.749942779541016,0.001610371931849118,-0.09805160120616604,0.061057906946548314
1777876469.939781,0.22842189646175962,-0.38129984353670354,0.597725377996924,1,27.206897735595703,27.414321899414062,0.012421896463216765,-0.08607308154626939,0.06799102292384274
1777876469.98446,0.2330904413395242,-0.37483589623031754,0.600063577354937,1,21.825551986694336,22.02606201171875,0.017090441340981345,-0.07960913423988333,0.07032922228185562
1777876470.0353012,0.24152041857691267,-0.3599995228059742,0.6032478508426535,1,22.433996200561523,22.6442813873291,0.02552041857836982,-0.06477276081554001,0.07351349576957225
1777876470.0937748,0.24832936743471853,-0.3433881294636816,0.6045670518936074,1,30.679702758789062,31.086206436157227,0.032329367436175684,-0.048161367473247424,0.07483269682052604
1777876470.1409106,0.250658888362124,-0.33453983705024637,0.6045734410732455,1,27.921199798583984,28.116941452026367,0.034658888363581185,-0.03931307505981216,0.07483908600016415
1777876470.187728,0.25401693144627835,-0.31664815764997223,0.6023834642367923,1,24.41239356994629,24.654865264892578,0.03801693144773547,-0.021421395659538073,0.07264910916371105
1777876470.2305024,0.25302278612801904,-0.2995868046036731,0.5989645571917643,1,17.17972755432129,17.400503158569336,0.03702278612947619,-0.0043600426132389125,0.06923020211868307
1777876470.302704,0.2505529160332956,-0.2916147113843032,0.5972163539479423,1,39.25204277038574,39.47734832763672,0.03455291603475275,0.0036120506061309426,0.06748199887486092
1777876470.3405058,0.2431635874429929,-0.2781322974096815,0.5931073133960394,1,26.8707275390625,27.07672119140625,0.027163587444450056,0.017094464580752727,0.06337295832295811
1777876470.394253,0.2302656546600689,-0.2667269478115275,0.5868141525299352,1,29.9527645111084,30.170202255249023,0.014265654661526052,0.028499814178906707,0.05707979745685386
1777876470.4555833,0.22359985087450296,-0.26279837932120437,0.5840099948222589,1,41.10097885131836,41.33772850036621,0.007599850875960108,0.032428382669229816,0.05427563974917755
1777876470.4920108,0.21198396589206378,-0.25752966176867675,0.578069046401827,1,27.050256729125977,27.261018753051758,-0.00401603410647907,0.03769710022175743,0.048334691328745634
1777876470.536201,0.1991011216145292,-0.255727347524659,0.5714772190123689,1,21.08621597290039,21.244287490844727,-0.016898878384013646,0.03949941446577522,0.0417428639392876
1777876470.6029525,0.19227047679388368,-0.2561032593627186,0.5677322674248557,1,35.48860549926758,35.80474853515625,-0.02372952320465918,0.03912350262771555,0.037997912351774445
1777876470.6454034,0.17787913683964973,-0.2593778172355973,0.559014292326046,1,27.840614318847656,28.17368507385254,-0.03812086315889313,0.03584894475483691,0.029279937252964787
1777876470.68932,0.16488677774089297,-0.2656470731065154,0.5502726582385246,1,21.780967712402344,21.976947784423828,-0.05111322225764988,0.02957968888391875,0.0205383031654433
1777876470.739425,0.1580027550358914,-0.2697864544992577,0.5455278462599537,1,21.733522415161133,21.93164825439453,-0.05799724496265146,0.025440307491176484,0.015793491186872392
1777876470.7923203,0.14585241616466238,-0.279058688602997,0.5368083986068691,1,22.962331771850586,23.285388946533203,-0.07014758383388048,0.0161680733874372,0.007074043533787787
1777876470.84772,0.13465529997402426,-0.2895204401902031,0.5297465089484683,1,28.380393981933594,28.621196746826172,-0.0813447000245186,0.005706321800231062,1.2153875386972102e-05
1777876470.8895094,0.12959148803308845,-0.2951164680349926,0.52648353589961,1,20.097732543945312,20.31850814819336,-0.0864085119654544,0.00011029395544162601,-0.0032508191734713296
1777876470.9452713,0.11918005982144514,-0.3050774187989803,0.5221798680476707,1,25.72154998779297,25.903701782226562,-0.09681994017709772,-0.009850656808546104,-0.007554487025410644
1777876470.9913275,0.11052300592586334,-0.3144792066585358,0.5188731103297564,1,21.62313461303711,21.90542221069336,-0.10547699407267952,-0.01925244466810158,-0.010861244743325005
1777876471.0516174,0.1068995588658905,-0.31945045698841235,0.5180426715581691,1,28.528213500976562,32.021284103393555,-0.10910044113265235,-0.024223694997978162,-0.01169168351491219
1777876471.0920057,0.10090084915831299,-0.3301593047833642,0.517200098357015,1,22.130489349365234,22.349119186401367,-0.11509915084022987,-0.03493254279293004,-0.01253425671606636
1777876471.1380184,0.0981868602031723,-0.34111585229303665,0.5173734590694332,1,17.978191375732422,18.195629119873047,-0.11781313979537056,-0.04588909030260249,-0.012360896003648134
1777876471.1936717,0.09893155722435334,-0.3519349207958541,0.5184956304199568,1,23.42963218688965,23.64492416381836,-0.11706844277418951,-0.05670815880541988,-0.011238724653124504
1777876471.2448695,0.10048176775633835,-0.35763869734483933,0.5196210683735335,1,24.34682846069336,24.5208740234375,-0.1155182322422045,-0.062411935354405146,-0.010113286699547815
1777876471.2954183,0.10534178536821304,-0.36783815165485734,0.5216839992029016,1,24.653196334838867,24.999141693115234,-0.11065821463032982,-0.07261138966442313,-0.008050355870179632
1777876471.3621182,0.1132357168969022,-0.37740436313842557,0.5235745680015109,1,41.30101203918457,41.61548614501953,-0.10276428310164065,-0.08217760114799139,-0.0061597870715703745
1777876471.3982391,0.11822754380052924,-0.38163082520448843,0.5241751404570486,1,27.324438095092773,27.65512466430664,-0.09777245619801361,-0.08640406321405428,-0.005559214616032711
1777876471.448582,0.12963159099362184,-0.3901624191557821,0.5256361410056287,1,27.68230438232422,27.884721755981445,-0.08636840900492102,-0.09493565716534794,-0.0040982140674526435
1777876471.4962292,0.1430489541233086,-0.3976809447384525,0.5272516304610767,1,24.57118034362793,24.806499481201172,-0.07295104587523428,-0.10245418274801835,-0.0024827246120045637
1777876471.55037,0.15014338090460372,-0.4006483692610304,0.5286481794450935,1,28.624534606933594,28.84364128112793,-0.06585661909393914,-0.10542160727059624,-0.0010861756279878718
1777876471.6000516,0.16546607996100782,-0.4039169236416444,0.5323113634958138,1,28.211593627929688,28.43761444091797,-0.05053392003753503,-0.1086901616512102,0.0025770084227324935
1777876471.6482022,0.18094989203088246,-0.40376959527623274,0.5376603711231442,1,25.931358337402344,26.23891830444336,-0.03505010796766041,-0.10854283328579856,0.007926016050062955
1777876471.696344,0.18878609892313192,-0.40260295537129964,0.5409336557649571,1,24.02019500732422,24.217605590820312,-0.027213901075410926,-0.10737619338086543,0.011199300691875858
1777876471.7571623,0.20479669722974347,-0.3990325533213219,0.5478508935001581,1,34.2862606048584,34.50965881347656,-0.01120330276879937,-0.10380579133088777,0.01811653842707682
1777876471.7957444,0.21905542098112815,-0.3944217014843996,0.554560552749197,1,22.788047790527344,23.016691207885742,0.003055420982585287,-0.09919493949396538,0.024826197676115686
1777876471.8415408,0.2257963054254809,-0.39143391618063594,0.5579317422283051,1,18.2645320892334,18.497705459594727,0.009796305426938053,-0.09620715419020179,0.02819738715522381
1777876471.8895879,0.23736000560667528,-0.383754467729269,0.56447642039374,1,16.235828399658203,16.44301414489746,0.021360005608132428,-0.08852770573883487,0.034742065320658766
1777876471.9445236,0.24573807242760926,-0.37389925842945937,0.5695828592608296,1,21.108150482177734,21.30889892578125,0.02973807242906639,-0.07867249643902516,0.0398485041877483
1777876471.9986439,0.24900702577485914,-0.3680420869345753,0.571867209537443,1,25.04444122314453,25.254487991333008,0.03300702577631628,-0.07281532494414111,0.042132854464361706
1777876472.0505414,0.25072741308526275,-0.3505621684621698,0.576248241251439,1,26.75628662109375,26.99756622314453,0.03472741308671989,-0.055335406471735626,0.046513886178357736
1777876472.1013756,0.24994625097311993,-0.3320316596689862,0.5797590046463874,1,26.75604820251465,26.992321014404297,0.03394625097457706,-0.036804897678551995,0.05002464957330607
1777876472.162241,0.2500638385269853,-0.3239124237282467,0.5811140968468264,1,36.73839569091797,37.01663017272949,0.034063838528442476,-0.02868566173781248,0.051379741773745054
1777876472.2090368,0.24973833372957602,-0.30860292711765475,0.5834569775014321,1,33.44917297363281,33.719539642333984,0.03373833373103317,-0.013376165127220563,0.05372262242835084
1777876472.254241,0.24762814892963256,-0.2944815805325629,0.5854586759752726,1,28.52034568786621,28.849363327026367,0.03162814893108971,0.0007451814578712662,0.055724320902191225
1777876472.313648,0.24594891946935762,-0.2882483728793044,0.5862546129055101,1,37.935495376586914,38.13052177429199,0.029948919470814774,0.006978389111129815,0.05652025783242879
1777876472.3588958,0.24108791393010945,-0.27656734866195226,0.5873868506226494,1,31.878232955932617,32.12380409240723,0.025087913931566584,0.018659413328481908,0.05765249554956805
1777876472.4062684,0.2341978920869072,-0.2667042744576801,0.5878963575732657,1,25.89106559753418,26.114463806152344,0.01819789208836433,0.028522487532754076,0.058162002500184405
1777876472.446082,0.2314659407036277,-0.2638432721483878,0.5878146666745316,1,15.679359436035156,15.857934951782227,0.015465940705084842,0.03138348984204635,0.058080311601450316
1777876472.508188,0.2266765338661499,-0.26174778853074365,0.5868938596384551,1,27.626514434814453,27.855873107910156,0.01067653386760703,0.0334789734596905,0.057159504565373775
1777876472.5631208,0.21898214716137826,-0.26072537034423005,0.5853300778324374,1,32.43231773376465,32.67526626586914,0.0029821471628353885,0.034501391646204124,0.05559572275935607
1777876472.600198,0.21376698068311958,-0.2606639492588432,0.5840930185769487,1,19.353628158569336,19.580602645874023,-0.0022330193154232736,0.03456281273159098,0.054358663503867435
1777876472.6487362,0.20249853337544804,-0.2621682198822377,0.5810363529008578,1,17.719507217407227,17.951011657714844,-0.013501466623094822,0.03305854210819646,0.05130199782777644
1777876472.6999924,0.19176846598915434,-0.26611150629829466,0.5769642146424402,1,18.458843231201172,18.70894432067871,-0.02423153400938852,0.029115255692139505,0.04722985956935889
1777876472.757969,0.18031221030894337,-0.27373590701615635,0.5712215110531905,1,26.372432708740234,26.63588523864746,-0.03568778968959948,0.02149085497427783,0.04148715598010924
1777876472.8069794,0.17464125527461266,-0.2786366393238176,0.5675132766585891,1,25.326013565063477,25.56753158569336,-0.04135874472393021,0.01659012266661658,0.037778921585507746
1777876472.8523207,0.1642223375047805,-0.2892082630138389,0.559553370480679,1,20.603179931640625,20.800113677978516,-0.05177766249376235,0.006018498976595288,0.029819015407597627
1777876472.9021752,0.15464345919851769,-0.3014393620124853,0.5510439558787448,1,19.055843353271484,19.285202026367188,-0.06135654080002516,-0.006212600022051096,0.021309600805663423
1777876472.95029,0.15011302348631642,-0.3079272780073128,0.5468764238518061,1,16.834497451782227,17.06075668334961,-0.06588697651222644,-0.012700516016878632,0.01714206877872477
1777876473.015307,0.14131860597851742,-0.3203315887742442,0.5395122795489266,1,30.82752227783203,31.061649322509766,-0.07468139402002545,-0.02510482678381004,0.009777924475845294
1777876473.0602372,0.13222185289646327,-0.3334094684126401,0.5332663046237451,1,25.716781616210938,25.918960571289062,-0.08377814710207959,-0.038182706422205864,0.003531949550663868
1777876473.104191,0.12790335792168286,-0.33968282943195477,0.5310004582304511,1,19.587039947509766,19.80733871459961,-0.08809664207686,-0.044456067441520586,0.0012661031573697676
1777876473.1689858,0.11920066501237775,-0.35199830003648214,0.5282151407257135,1,34.24239158630371,34.45696830749512,-0.09679933498616511,-0.05677153804604798,-0.0015192143473677644
1777876473.209167,0.11087515631590017,-0.36395159800418797,0.5279817819736357,1,24.39093589782715,24.595975875854492,-0.10512484368264269,-0.06872483601375379,-0.001752573099445695
1777876473.2722442,0.10692663450156073,-0.3690784173399093,0.5285841176241967,1,37.36543655395508,37.581443786621094,-0.10907336549698213,-0.07385165534947516,-0.001150237448884664
1777876473.3073153,0.10055595742667936,-0.3782094458478015,0.5301835995304798,1,22.3691463470459,22.552490234375,-0.1154440425718635,-0.08298268385736726,0.0004492444573984816
1777876473.3599286,0.09673102190495292,-0.3869363379496466,0.5318694480219873,1,24.89471435546875,25.08711814880371,-0.11926897809358994,-0.09170957595921242,0.0021350929489060144
1777876473.4082973,0.09621635146830396,-0.39153996969573923,0.5322944560016978,1,23.164987564086914,23.395299911499023,-0.1197836485302389,-0.09631320770530508,0.0025601009286164156
1777876473.463432,0.0974255540535841,-0.39969305039785763,0.5325153687070059,1,28.110027313232422,28.33414077758789,-0.11857444594495875,-0.10446628840742347,0.002781013633924613
1777876473.5142405,0.10099999620953751,-0.40456090922114574,0.5325529200706351,1,28.521299362182617,28.7477970123291,-0.11500000378900535,-0.10933414723071153,0.0028185649975538962
1777876473.5633452,0.10395761428351513,-0.40620761977139686,0.532491812135223,1,26.946067810058594,27.169227600097656,-0.11204238571502773,-0.1109808577809627,0.0027574570621417133
1777876473.6135225,0.11092785502864867,-0.4091075865614897,0.5325461029804295,1,27.0998477935791,27.301549911499023,-0.10507214496989419,-0.11388082457105553,0.002811747907348172
1777876473.6605024,0.121537314983376,-0.4136688405933585,0.5347890741406054,1,22.86696434020996,23.08201789855957,-0.09446268501516686,-0.1184420786029243,0.005054719067524062
1777876473.7110374,0.1273273542603159,-0.41627239205072686,0.5365975108086339,1,23.19502830505371,23.42844009399414,-0.08867264573822695,-0.1210456300602927,0.006863155735552635
1777876473.7655697,0.14144916718477696,-0.42148709104484994,0.5406226740820096,1,27.715444564819336,27.914047241210938,-0.0745508328137659,-0.12626032905441578,0.010888319008928324
1777876473.8154655,0.15475723932183555,-0.42506213166605245,0.5458854439488041,1,27.4810791015625,27.708053588867188,-0.06124276067670732,-0.12983536967561823,0.016151088875722808
1777876473.8669393,0.16153476193395733,-0.4263744698731944,0.5492536592161177,1,28.863191604614258,29.0987491607666,-0.05446523806458553,-0.13114770788276023,0.019519304143036348
1777876473.9221625,0.17538649612390927,-0.4268585895910162,0.5569005981459676,1,34.02996063232422,34.25455093383789,-0.04061350387463358,-0.13163182760058198,0.027166243072886342
1777876473.9727392,0.1885308153246783,-0.42532646930778606,0.5642168285753871,1,26.613473892211914,26.840925216674805,-0.027469184673864548,-0.13009970731735185,0.034482473502305815
1777876474.0243647,0.20288311079818122,-0.4229263296895083,0.5691814969166545,1,28.010129928588867,28.38587760925293,-0.013116889200361623,-0.12769956769907412,0.039447141843573195
1777876474.0730982,0.20916431756180826,-0.42078389080295786,0.5709495606904609,1,26.244163513183594,26.49402618408203,-0.006835682436734596,-0.12555712881252368,0.04121520561737962
1777876474.1206994,0.22179733320858921,-0.41530902742604525,0.5739371958188529,1,23.662328720092773,23.88620376586914,0.00579733321004635,-0.12008226543561107,0.044202840745771604
1777876474.1736367,0.23262504462134312,-0.4077024052824558,0.5767445952993664,1,26.46470069885254,26.705026626586914,0.016625044622800254,-0.11247564329202164,0.04701024022628508
1777876474.2148097,0.23727234091544544,-0.4029583417005751,0.5783414823772675,1,17.630338668823242,17.861366271972656,0.02127234091690259,-0.10773157971014088,0.04860712730418614
1777876474.272602,0.24418444089339097,-0.39060433479720713,0.5816728898911329,1,25.113582611083984,25.33745765686035,0.028184440894848124,-0.09537757280677295,0.05193853481805156
1777876474.3242066,0.24996828365802234,-0.3762348724605652,0.585037039241088,1,26.459217071533203,26.686906814575195,0.033968283659479494,-0.08100811047013098,0.055302684168006634
1777876474.3684845,0.25266691127831165,-0.36965914743382455,0.5866791471386006,1,20.703792572021484,20.939111709594727,0.036666911279768795,-0.0744323854433904,0.056944792065519265
1777876474.4226048,0.25872508957817136,-0.35790670400867985,0.5899664948405382,1,24.242639541625977,24.487733840942383,0.0427250895796285,-0.0626799420182457,0.06023213976745692
1777876474.469685,0.26362273482417226,-0.3438291331550561,0.593214043196842,1,21.27528190612793,21.485567092895508,0.04762273482562938,-0.048602371164621905,0.06347968812376072
1777876474.5215442,0.26545161507105225,-0.3360090166335962,0.5948284602562415,1,22.948265075683594,23.175954818725586,0.0494516150725094,-0.04078225464316204,0.06509410518316018
1777876474.5739503,0.2677190244659964,-0.32021224946946425,0.5975653552756149,1,25.259971618652344,25.478601455688477,0.051719024467453543,-0.02498548747903004,0.06783100020253363
1777876474.6285772,0.26813555188599886,-0.3046549724848281,0.5991299993287025,1,29.80637550354004,29.987573623657227,0.05213555188745601,-0.00942821049439388,0.06939564425562114
1777876474.6712687,0.2662271950466138,-0.2897107878109382,0.5994580822911032,1,22.184133529663086,22.386789321899414,0.05022719504807096,0.0055159741794959805,0.06972372721802185
1777876474.7253513,0.2626838648260244,-0.28062903347969176,0.5993590936323099,1,26.145458221435547,26.34286880493164,0.046683864827481554,0.014597728510742425,0.06962473855922854
1777876474.7673438,0.2549089641450104,-0.2652320197412088,0.5986133652819738,1,18.042802810668945,18.27263832092285,0.03890896414646753,0.02999474224922538,0.06887901020889256
1777876474.827701,0.2458281499692993,-0.25488730695090545,0.5969210610852066,1,27.675151824951172,27.89759635925293,0.029828149970756453,0.040339455039528765,0.06718670601212524
1777876474.874965,0.23892241422279978,-0.2504638093477645,0.5955922531255669,1,24.88565444946289,25.115251541137695,0.022922414224256928,0.044762952642669676,0.06585789805248549
1777876474.9305656,0.22558502340055248,-0.2445882860914236,0.5920224097994905,1,30.393123626708984,30.645370483398438,0.009585023402009618,0.05063847589901058,0.062288054726409234
1777876474.979602,0.21159632998285635,-0.24206403771944535,0.5864490147928042,1,29.372692108154297,29.61421012878418,-0.004403670015686499,0.05316272427098884,0.05671465971972293
1777876475.0281904,0.20443394062544412,-0.24211680463823865,0.5832093263041691,1,27.872562408447266,28.093576431274414,-0.011566059373098729,0.053109957352195536,0.053474971231087826
1777876475.0825377,0.18876550880232845,-0.24524310925845733,0.5748144214959577,1,32.00960159301758,32.36746788024902,-0.02723449119621441,0.04998365273197686,0.045080066422876416
1777876475.1296344,0.17362055044603592,-0.25298681551841345,0.5650143854807603,1,29.06656265258789,29.2665958404541,-0.04237944955250694,0.04223994647202073,0.03528003040767906
1777876475.172118,0.1668905892993245,-0.25784785126888476,0.5605306359711538,1,21.411657333374023,21.623849868774414,-0.049109410699218356,0.03737891072154939,0.030796280898072497
1777876475.23181,0.15329965696343067,-0.2697903411933925,0.5511237617072294,1,31.00132942199707,31.278610229492188,-0.06270034303511218,0.02543642079704167,0.021389406634148074
1777876475.2954452,0.14107496963621616,-0.28359640265227826,0.5421980988278141,1,44.219017028808594,44.77500915527344,-0.0749250303623267,0.01163035933815594,0.012463743754732803
1777876475.3315423,0.13542592552411273,-0.2908129209700382,0.5384642873634297,1,30.43818473815918,30.724287033081055,-0.08057407447443013,0.00441384102039602,0.008729932290348394
1777876475.3731873,0.12626247888512468,-0.30549409700139885,0.532510506833532,1,22.066593170166016,22.264480590820312,-0.08973752111341818,-0.01026733501096469,0.002776151760450693
1777876475.4274957,0.11806631196625827,-0.32144314749796454,0.528891385982528,1,26.180028915405273,26.419639587402344,-0.09793368803228458,-0.026216385507530332,-0.0008429690905532375
1777876475.4759996,0.11420126817871967,-0.32952702796887506,0.5277255508409754,1,24.4753360748291,24.851560592651367,-0.10179873181982318,-0.03430026597844088,-0.0020088042321059277
1777876475.5282052,0.10640959422953236,-0.3448871973227554,0.526315418375529,1,26.724576950073242,26.97300910949707,-0.1095904057690105,-0.04966043533232126,-0.0034189366975523744
1777876475.580877,0.10060215758670782,-0.3576960644149185,0.5255973207153606,1,29.24323081970215,29.49237823486328,-0.11539784241183504,-0.06246930242448431,-0.004137034357720698
1777876475.6266465,0.09879808144467075,-0.3638712913360839,0.5256300007429562,1,24.83677864074707,25.059223175048828,-0.1172019185538721,-0.06864452934564974,-0.004104354330125098
1777876475.678821,0.09850946953843734,-0.37506174013673255,0.5266723513356888,1,26.762962341308594,26.986122131347656,-0.11749053046010552,-0.07983497814629834,-0.0030620037373925643
1777876475.7331893,0.10260959121967744,-0.3824701490412432,0.5279282505378144,1,30.446290969848633,31.29410743713379,-0.11339040877886541,-0.08724338705080906,-0.001806104535266806
1777876475.7687736,0.10703469665731902,-0.3853507443623477,0.5277647228343121,1,15.968561172485352,16.23249053955078,-0.10896530334122384,-0.09012398237191349,-0.00196963223876917
1777876475.8253329,0.11873057237513024,-0.3923360119102283,0.5278129082178542,1,22.516965866088867,22.733211517333984,-0.09726942762341262,-0.09710924991979414,-0.0019214468552271532
1777876475.8727107,0.13480610523624503,-0.40158321503680405,0.5296852825685358,1,19.78588104248047,20.02573013305664,-0.08119389476229782,-0.10635645304636984,-4.907250454554146e-05
1777876475.9202237,0.14331270067430774,-0.40560869851622117,0.5316052655809977,1,17.199039459228516,17.480134963989258,-0.07268729932423514,-0.11038193652578696,0.0018709105079164484
1777876475.9756176,0.16177805204971063,-0.410370261464148,0.5373511291383375,1,21.1794376373291,22.776365280151367,-0.05422194794883224,-0.1151434994737138,0.007616774065256182
1777876476.027299,0.1817257205246013,-0.4106268404291277,0.5464662922635506,1,23.637771606445312,23.889780044555664,-0.03427427947394158,-0.11540007843869354,0.01673193719046931
1777876476.0825534,0.1913392007429438,-0.4100042435416682,0.5510524607821962,1,28.580188751220703,29.064655303955078,-0.024660799255599063,-0.11477748155123399,0.021318105709114882
1777876476.1330786,0.20882026097689302,-0.40595564014884855,0.5600081922792273,1,28.982877731323242,29.227733612060547,-0.007179739021649846,-0.1107288781584144,0.030273837206146015
1777876476.2233787,0.22951727501409788,-0.39389619024502864,0.5700885275165359,1,18.21589469909668,18.42021942138672,0.013517275015555018,-0.09866942825459443,0.040354172443454614
1777876476.279652,0.24009842956048322,-0.3817348988297343,0.574343696323801,1,24.311542510986328,24.555206298828125,0.024098429561940353,-0.08650813683930011,0.044609341250719685
1777876476.3323755,0.2530990999954584,-0.3704041467022524,0.5767102200054106,1,27.02474594116211,27.25672721862793,0.03709909999691551,-0.0751773847118182,0.04697586493232935
1777876476.3873656,0.25824350820238073,-0.3632792772391763,0.5780949170526279,1,31.354904174804688,31.591176986694336,0.042243508203837855,-0.06805251524874215,0.04836056197954669
1777876476.4404304,0.26546423530712415,-0.34802846976381374,0.5805747357192621,1,34.302711486816406,34.57188606262207,0.049464235308581274,-0.052801707773379586,0.05084038064618074
1777876476.4835103,0.2697334520472453,-0.33137496743128636,0.5829936184126076,1,27.328968048095703,27.564525604248047,0.05373345204870245,-0.036148205440852205,0.05325926333952629
1777876476.5296388,0.2704808405667093,-0.3223653270764386,0.5838848325447988,1,23.350238800048828,23.6055850982666,0.05448084056816641,-0.027138565086004457,0.05415047747171756
1777876476.583213,0.2668939915273641,-0.3010787421617739,0.5832802124954829,1,26.85070037841797,27.109622955322266,0.05089399152882124,-0.005851980171339727,0.053545857422401574
1777876476.6329157,0.2570187932995767,-0.27834039805060495,0.5802724775017599,1,26.46660804748535,26.763439178466797,0.04101879330103387,0.016886363939829202,0.050538122428678584
1777876476.6833844,0.25064686601500846,-0.26959031366786457,0.578642079560952,1,26.90887451171875,27.1298885345459,0.0346468660164656,0.02563644832256959,0.04890772448787071
1777876476.7344587,0.23788016562199657,-0.25611596386881563,0.573961951549923,1,27.758121490478516,28.00726890563965,0.02188016562345372,0.03911079812161854,0.04422759647684177
1777876476.780745,0.22180650597287221,-0.24808440473919113,0.5681579562833062,1,23.884296417236328,24.126529693603516,0.00580650597432935,0.04714235725124305,0.03842360121022492
1777876476.8309093,0.21300385427170374,-0.24596742681215095,0.564755292947618,1,23.779869079589844,24.03569221496582,-0.0029961457268391223,0.04925933517828322,0.03502093787453661
1777876476.8765779,0.19428673365213686,-0.24545212044729053,0.5569522184270418,1,19.304990768432617,19.687175750732422,-0.021713266346405993,0.049774641543143636,0.027217863353960453
1777876476.9366856,0.17887942947141044,-0.24993181290496436,0.547597311995141,1,28.304576873779297,29.702186584472656,-0.03712057052713243,0.04529494908546981,0.017862956922059664
1777876476.9888875,0.17185751120214476,-0.25409057281568154,0.5432501630290044,1,31.594038009643555,31.822919845581055,-0.0441424887963981,0.041136189174752646,0.01351580795592311
1777876477.0316484,0.15943450133153947,-0.26596068869043016,0.5353221390788898,1,24.101734161376953,24.361133575439453,-0.05656549866700339,0.029266073300004025,0.005587784005808449
1777876477.083781,0.14881030904964554,-0.28062669623077474,0.5290635955836123,1,26.21293067932129,26.430130004882812,-0.06718969094889732,0.014600065759659414,-0.0006707594894689861
1777876477.1270692,0.14392471392553707,-0.28877549724150364,0.526126773183033,1,19.414663314819336,19.65045928955078,-0.07207528607300578,0.006451264748930541,-0.0036075818900483114
1777876477.177435,0.1342701770598725,-0.3040799536675507,0.522342166748436,1,19.633054733276367,19.927501678466797,-0.08172982293867037,-0.008853191677116484,-0.007392188324645332
1777876477.2362082,0.12504019851825776,-0.3178005363811882,0.5209222854014857,1,28.43499183654785,28.65433692932129,-0.09095980148028508,-0.022573774390754003,-0.008812069671595694
1777876477.2824757,0.12061276705009208,-0.32445669198790894,0.5207694459897085,1,24.533510208129883,24.782896041870117,-0.09538723294845078,-0.029229929997474785,-0.00896490908337283
1777876477.3465223,0.11361876947627961,-0.33659565961363364,0.5212617431215021,1,38.48552703857422,38.73753547668457,-0.10238123052226325,-0.04136889762319945,-0.008472611951579195
1777876477.3775358,0.1105061838523491,-0.3475501867708621,0.522597375368349,1,19.47164535522461,19.694089889526367,-0.10549381614619376,-0.052323424780427896,-0.007136979704732288
1777876477.4305983,0.11131971913828836,-0.357856301604913,0.5253857499510796,1,22.18937873840332,22.443771362304688,-0.1046802808602545,-0.06262953961447881,-0.004348605122001761
1777876477.4885712,0.11261809479707058,-0.36250275059363735,0.5271616506848895,1,30.09319305419922,30.330657958984375,-0.10338190520147228,-0.06727598860320314,-0.002572704388191835
1777876477.543097,0.1167926613006722,-0.37012325070935614,0.5307433212494216,1,34.56878662109375,34.78550910949707,-0.09920733869787066,-0.07489648871892196,0.0010089661763402896
1777876477.5831811,0.11921031079424672,-0.3729626829714445,0.5329356782231599,1,24.614810943603516,24.802684783935547,-0.09678968920429613,-0.07773592098101031,0.0032013231500785944
1777876477.641579,0.12572489961283517,-0.37683159402198396,0.5370912098826586,1,32.00030326843262,33.05935859680176,-0.09027510038570769,-0.0816048320315498,0.007356854809577304
1777876477.6839945,0.134977194043286,-0.3789061830984337,0.5414938124247517,1,25.00605583190918,25.2532958984375,-0.08102280595525684,-0.0836794211079995,0.011759457351670374
1777876477.730795,0.14709073855728588,-0.37991613519192236,0.5467867771887436,1,21.349668502807617,21.586179733276367,-0.06890926144125697,-0.0846893732014882,0.017052422115662283
1777876477.7926793,0.1545128677921161,-0.38006808092700683,0.5493971982900533,1,33.149003982543945,33.38456153869629,-0.06148713220642676,-0.08484131893657262,0.019662843216971995
1777876477.834084,0.1715363887767969,-0.3802780824311164,0.5547855509973225,1,24.471521377563477,24.72066879272461,-0.04446361122174597,-0.08505132044068223,0.025051195924241258
1777876477.882767,0.19016920698327672,-0.3796421676707493,0.5594871412235916,1,23.034334182739258,23.2696533203125,-0.025830793015266147,-0.08441540568031511,0.0297527861505102
1777876477.9496267,0.19988818443957854,-0.3786849441011287,0.5623885953946094,1,39.855241775512695,40.06195068359375,-0.01611181555896432,-0.0834581821106945,0.032654240321528104
1777876477.9908948,0.2188270901921997,-0.3751602158305224,0.5680822455469825,1,31.008243560791016,31.26072883605957,0.002827090193656852,-0.07993345384008824,0.03834789047390119
1777876478.033678,0.23821074402245482,-0.3702299707273845,0.5721693260617067,1,23.787975311279297,24.043560028076172,0.022210744023911967,-0.07500320873695035,0.042434970988625385
1777876478.0838733,0.2480761265671815,-0.3668723187598631,0.5739018455180969,1,23.79012107849121,24.15180206298828,0.03207612656863865,-0.07164555676942891,0.04416749044501559
1777876478.1412594,0.26132262175727383,-0.3562375442301783,0.5770054065182189,1,31.16893768310547,31.429290771484375,0.045322621758730954,-0.06101078223974407,0.04727105144513756
1777876478.1857054,0.26972998018930155,-0.3435940638000715,0.5796790776115067,1,25.602340698242188,25.827646255493164,0.05372998019075869,-0.0483673018096373,0.0499447225384254
1777876478.2403593,0.27292771156016465,-0.3366236882185798,0.5802105282493365,1,30.117511749267578,30.324459075927734,0.056927711561621776,-0.04139692622814564,0.05047617317625519
1777876478.2860582,0.27582855878722123,-0.32064439625101293,0.5809888311701762,1,25.645017623901367,25.883197784423828,0.0598285587886784,-0.025417634260578748,0.05125447609709492
1777876478.3324118,0.2757837989050809,-0.30486957571410317,0.5819579664369139,1,21.36397361755371,21.671295166015625,0.059783798906538045,-0.009642813723669,0.052223611363832606
1777876478.3921702,0.2754121236742989,-0.29712235287895666,0.5824894696280674,1,30.985593795776367,31.247615814208984,0.059412123675756025,-0.0018955908885224804,0.05275511455498602
1777876478.4477797,0.2737175265242322,-0.2828412842646266,0.5840414787150974,1,36.49187088012695,36.798715591430664,0.05771752652568935,0.012385477725807559,0.05430712364201604
1777876478.4958436,0.27108986487441544,-0.2700322746331599,0.5858749391790514,1,34.59358215332031,34.787893295288086,0.055089864875872606,0.025194487357274295,0.05614058410597017
1777876478.537379,0.2711962398481548,-0.26500589137652375,0.5867085519328467,1,26.039600372314453,26.23438835144043,0.055196239849611896,0.03022087061391046,0.056974196859765326
1777876478.5958812,0.26752402381363005,-0.255562608435829,0.5878497148559974,1,34.3937873840332,34.59930419921875,0.051524023815087173,0.03966415355460515,0.0581153597829161
1777876478.6342506,0.25715695124695875,-0.2464097315318532,0.5876055072254358,1,22.536039352416992,22.748231887817383,0.0411569512484159,0.04881703045858099,0.057871152152354555
1777876478.6775608,0.2494961810104726,-0.24268358791790995,0.5866736158903542,1,15.764236450195312,15.976428985595703,0.033496181011929756,0.05254317407252425,0.05693926081727284
1777876478.730513,0.2321974223310067,-0.23824473316145753,0.5839213826522356,1,18.59760284423828,18.78833770751953,0.016197422332463858,0.056982028828976655,0.05418702757915429
1777876478.7935262,0.21210180455916144,-0.2380763894099252,0.5789090302650657,1,31.51082992553711,31.725168228149414,-0.0038981954393814203,0.057150372580508986,0.04917467519198432
1777876478.8436718,0.20130942522152437,-0.23971828034702156,0.5752057302244338,1,31.601905822753906,31.7995548248291,-0.014690574777018496,0.05550848164341263,0.04547137515135251
1777876478.883814,0.1804490579067518,-0.24516966363544238,0.5664747075114317,1,21.676301956176758,21.878719329833984,-0.03555094209179105,0.05005709835499181,0.03674035243835038
1777876478.9312322,0.1617736449566114,-0.253289966974192,0.5573442939349083,1,18.964052200317383,19.176721572875977,-0.054226355041931476,0.0419367950162422,0.027609938861826888
1777876478.9935734,0.1532799055364375,-0.25843157525147775,0.5531872016832086,1,30.953407287597656,31.15677833557129,-0.06272009446210536,0.036795186738956404,0.02345284661012726
1777876479.0349946,0.13732240578746632,-0.27044147436514443,0.5460281737774502,1,22.15099334716797,22.44877815246582,-0.07867759421107653,0.02478528762528974,0.0162938187043688
1777876479.0885103,0.12368488406288011,-0.28350768307759466,0.540430436110003,1,25.297880172729492,25.504589080810547,-0.09231511593566274,0.011719078912839492,0.010696081036921684
1777876479.1389174,0.11766896651677528,-0.2907341418292224,0.5386988651281607,1,25.63309669494629,25.834083557128906,-0.09833103348176758,0.004492620161211755,0.008964510055079367
1777876479.2064521,0.10811559603845222,-0.3047999223755883,0.5373002992144769,1,42.78707504272461,43.155670166015625,-0.10788440396009064,-0.009573160385154086,0.00756594414139556
1777876479.2432518,0.10028666793885746,-0.3187056529032143,0.5370726112015322,1,29.74081039428711,29.91938591003418,-0.1157133320596854,-0.02347889091278013,0.00733825612845089
1777876479.2902012,0.09771274429660357,-0.32499244087374324,0.537203495822224,1,26.54552459716797,26.77321434020996,-0.11828725570193929,-0.029765678883309027,0.0074691407491426845
1777876479.3396752,0.09529469548725653,-0.3372531663354045,0.5376723952898084,1,24.945735931396484,25.311946868896484,-0.12070530451128633,-0.042026404344970264,0.007938040216727109
1777876479.3896797,0.09675727903094933,-0.3497288288175845,0.5395827512209636,1,25.05040168762207,25.23040771484375,-0.11924272096759353,-0.05450206682715031,0.009848396147882243
1777876479.4317975,0.09912301449785499,-0.35580893744542597,0.5407526826323117,1,17.09723472595215,17.31729507446289,-0.11687698550068787,-0.06058217545499181,0.011018327559230393
1777876479.4985218,0.1069523040016373,-0.3670052879413013,0.542605243755864,1,33.74218940734863,33.96487236022949,-0.10904769599690556,-0.07177852595086712,0.012870888682782723
1777876479.5321028,0.11794296194934106,-0.3768303395993737,0.5448130009861776,1,17.269372940063477,17.48514175415039,-0.0980570380492018,-0.08160357760893949,0.015078645913096295
1777876479.5878005,0.1255462671139037,-0.38160294621668756,0.5453692348839712,1,21.387577056884766,21.555662155151367,-0.09045373288463915,-0.08637618422625334,0.01563487981088979
1777876479.6398196,0.14284778714022253,-0.3895211438368597,0.5473986902864374,1,23.28658103942871,23.49114418029785,-0.07315221285832033,-0.09429438184642552,0.017664335213356062
1777876479.697771,0.16138218540179827,-0.3949230019445752,0.5502886822710465,1,31.17966651916504,31.361103057861328,-0.054617814596744585,-0.09969623995414104,0.020554327197965228
1777876479.7501812,0.17009713043091151,-0.39554054913524894,0.5524121370728192,1,33.348798751831055,33.53548049926758,-0.045902869567631344,-0.10031378714481479,0.022677781999737967
1777876479.7939851,0.18718170829441003,-0.3941158642077701,0.5568647671535611,1,27.065038681030273,27.271747589111328,-0.028818291704132824,-0.0988891022173359,0.027130412080479886
1777876479.8501627,0.20310336341073995,-0.39072332327849213,0.5620008277487575,1,32.273054122924805,32.50575065612793,-0.012896636587802913,-0.09549656128805792,0.032266472675676186
1777876479.890548,0.21034049700132412,-0.3884567444866738,0.564014123096882,1,22.649526596069336,22.853851318359375,-0.005659502997218728,-0.09322998249623962,0.034279768023800755
1777876479.9374535,0.2233573000541894,-0.38157136569687733,0.5681678481718166,1,19.479990005493164,19.677400588989258,0.007357300055646554,-0.08634460370644317,0.0384334930987353
1777876479.995377,0.23469517996312037,-0.3733695214993671,0.5718293431582899,1,27.346134185791016,27.527809143066406,0.018695179964577514,-0.0781427595089329,0.04209498808520865
1777876480.045766,0.24388896041566668,-0.36248334663547266,0.5743762002915187,1,26.96824073791504,27.219295501708984,0.027888960417123833,-0.06725658464503845,0.04464184521843736
1777876480.0970013,0.24766464424845552,-0.3555285819910031,0.5756019904245173,1,27.99367904663086,28.19228172302246,0.03166464424991267,-0.06030182000056897,0.04586763535143605
1777876480.141892,0.253146636110738,-0.34034758975128765,0.57775599753127,1,22.808074951171875,23.004531860351562,0.03714663611219513,-0.045120827760853494,0.04802164245818872
1777876480.185722,0.2552788136451804,-0.33223462735934706,0.5787619463373891,1,16.498804092407227,16.65663719177246,0.039278813646637524,-0.0370078653689129,0.04902759126430773
1777876480.2490375,0.25794397885675363,-0.3169129501331066,0.5801618124055331,1,29.645681381225586,29.86907958984375,0.04194397885821078,-0.021686188142672425,0.05042745733245182
1777876480.304356,0.25742177751507994,-0.30287440626385964,0.5804314471202422,1,34.75451469421387,35.04538536071777,0.04142177751653706,-0.007647644273425458,0.05069709204716092
1777876480.3480186,0.2515810130694428,-0.28998981951519587,0.5793926165921112,1,28.250455856323242,28.47743034362793,0.03558101307089994,0.005236942475238288,0.04965826151902988
1777876480.405046,0.24772908067359176,-0.28484110473737634,0.5785852409599619,1,35.14266014099121,35.356998443603516,0.031729080675048905,0.010385657253057831,0.048850885886880545
1777876480.4431832,0.23974238605609904,-0.27676350715757175,0.5766031755141715,1,23.25439453125,23.44036102294922,0.023742386057556193,0.018463254832862416,0.04686882044109017
1777876480.4972517,0.23059355249203034,-0.2711720551794391,0.5752245449501139,1,27.201414108276367,27.444124221801758,0.014593552493487476,0.024054706810995086,0.04549018987703262
1777876480.5517335,0.22524608726863368,-0.26906830974162477,0.5747316295952752,1,31.62980079650879,31.852006912231445,0.009246087270090818,0.026158452248809402,0.04499727452219394
1777876480.5946448,0.21284986733677633,-0.26639568515498463,0.5728929046060447,1,24.377822875976562,24.683237075805664,-0.0031501326617665304,0.02883107683544954,0.04315854953296339
1777876480.6471143,0.19923859020764284,-0.26589003243283316,0.5696346447042866,1,26.6268253326416,26.80659294128418,-0.01676140979090003,0.029336729557601027,0.03990028963120527
1777876480.7021587,0.19180498595563555,-0.26650692482096516,0.5673482706735977,1,31.449556350708008,31.66365623474121,-0.024195014042907314,0.028719837169468992,0.037613915600516454
1777876480.7423692,0.17785808576038625,-0.2693410978908552,0.5618469256930877,1,21.608591079711914,21.790504455566406,-0.03814191423815659,0.025885664099579,0.03211257062000641
1777876480.8038263,0.17114078299609842,-0.2716281937936074,0.5590225927093097,1,32.8679084777832,33.185720443725586,-0.044859217002444454,0.023598568196826777,0.029288237636228308
1777876480.8581874,0.1582835893256498,-0.27672808925690706,0.5533115208751992,1,37.233591079711914,37.47105598449707,-0.05771641067289307,0.01849867273352715,0.02357716580211786
1777876480.8905706,0.14487620648111732,-0.28195327191215236,0.5464228255165285,1,19.56939697265625,19.774675369262695,-0.07112379351742554,0.013273490078281852,0.016688470443447283
1777876480.9544244,0.13768417700942243,-0.28457785229125154,0.5420551501550434,1,33.33926200866699,33.548831939697266,-0.07831582298912043,0.01064890969918264,0.012320795081962002
1777876480.9986837,0.12559895214008587,-0.29080342241120427,0.5336203755031916,1,27.505159378051758,27.72808074951172,-0.09040104785845698,0.004423339579229912,0.0038860204301102708
1777876481.0487769,0.11592585975483206,-0.29905421920333575,0.5269754596428277,1,27.547121047973633,27.753829956054688,-0.1000741402437108,-0.003827457212901564,-0.0027588954302536703
1777876481.0931418,0.10860838180877644,-0.3093095676684545,0.5222502355941265,1,21.26288414001465,22.06277847290039,-0.10739161818976642,-0.014082805678020338,-0.007484119478954797
1777876481.149865,0.1060268692052764,-0.31530522321195853,0.5203414341246266,1,28.49864959716797,28.67889404296875,-0.10997313079326645,-0.020078461221524374,-0.009392920948454647
1777876481.194348,0.10148360984357283,-0.3265671547208402,0.5177125690948456,1,22.803068161010742,23.075342178344727,-0.11451639015497003,-0.03134039273040598,-0.01202178597823566
1777876481.2454443,0.09850960588987001,-0.33712400403303766,0.5170630961870618,1,23.713350296020508,24.01447296142578,-0.11749039410867285,-0.041897242042603505,-0.01267125888601954
1777876481.2967381,0.09770182019584153,-0.3421963302601237,0.5173162914172935,1,25.022029876708984,25.223493576049805,-0.11829817980270133,-0.04696956826968951,-0.012418063655787771
1777876481.3481007,0.09772558165915193,-0.3517882733905777,0.5186203289581472,1,26.314735412597656,26.538610458374023,-0.11827441833939092,-0.056561511400143566,-0.011114026114934006
1777876481.3938472,0.10018886704030364,-0.36042700614162987,0.5203901640042068,1,22.000789642333984,22.205829620361328,-0.11581113295823922,-0.06520024415119569,-0.009344191068874533
1777876481.458072,0.10231771384373411,-0.36460688889441123,0.5213738057825934,1,36.12995147705078,36.35287284851074,-0.11368228615480874,-0.06938012690397705,-0.008360549290487879
1777876481.4946465,0.10846231695263242,-0.3732179370248172,0.5237239318894561,1,22.6900577545166,22.8579044342041,-0.10753768304591044,-0.07799117503438299,-0.006010423183625199
1777876481.5484207,0.11641131727075615,-0.38129937586438123,0.5264666194058242,1,26.33190155029297,26.554346084594727,-0.0995886827277867,-0.08607261387394702,-0.0032677356672571184
1777876481.6070101,0.12124084439925409,-0.38529794667474204,0.5280949300376537,1,33.49947929382324,34.37042236328125,-0.09475915559928877,-0.09007118468430789,-0.0016394250354275497
1777876481.6625981,0.1318601783668081,-0.39226555907965277,0.5329183875817827,1,39.46709632873535,39.733171463012695,-0.08413982163173475,-0.09703879708921856,0.0031840325087013205
1777876481.7014863,0.14405677438462494,-0.39855979933936336,0.5389977135189304,1,28.35369110107422,28.56135368347168,-0.07194322561391792,-0.10333303734892915,0.009263358445849142
1777876481.751146,0.15044276492466807,-0.4014731194365003,0.5419488336622554,1,27.57549285888672,27.785539627075195,-0.06555723507387479,-0.10624635744606617,0.012214478589174085
1777876481.800079,0.16336252420693953,-0.4052251955907641,0.5495792821474001,1,25.055646896362305,25.287389755249023,-0.052637475791603314,-0.10999843360032993,0.019844927074318855
1777876481.8454978,0.17612915601219556,-0.4067219455114867,0.55659733493011,1,20.42984962463379,20.630359649658203,-0.039870843986347305,-0.11149518352105253,0.026862979857028648
1777876481.898231,0.1828510394308171,-0.40725992971857783,0.5599548431815448,1,22.803783416748047,23.03934097290039,-0.03314896056772576,-0.11203316772814362,0.030220488108463478
1777876481.9506712,0.19666144872977465,-0.4086329625423877,0.5662696336169507,1,25.059223175048828,25.377273559570312,-0.019338551268768198,-0.11340620055195352,0.036535278543869384
1777876482.0021095,0.20842407662980766,-0.40595420402759114,0.5717053378812261,1,26.495933532714844,26.7336368560791,-0.0075759233687352,-0.11072744203715695,0.041970982808144805
1777876482.0523763,0.21341329153498503,-0.40331509764981055,0.5741899583788552,1,26.63111686706543,26.85236930847168,-0.002586708463557824,-0.10808833565937634,0.04445560330577394
1777876482.1148055,0.22189259820002022,-0.39609113920140615,0.5796431375555964,1,37.43267059326172,37.813663482666016,0.005892598201477368,-0.100864377210972,0.04990878248251502
1777876482.1643727,0.2294358272120531,-0.3871933529917062,0.5848147903724261,1,37.09101676940918,37.325382232666016,0.013435827213510242,-0.09196659100127205,0.055080435299344845
1777876482.1974573,0.23595705580694415,-0.3759291980902145,0.5890579670225697,1,19.847393035888672,20.094871520996094,0.0199570558084013,-0.08070243609978037,0.05932361194948845
1777876482.251668,0.23941104671785188,-0.37037855697480954,0.5907995724970001,1,23.998260498046875,24.19114112854004,0.023411046719309013,-0.07515179498437535,0.061065217423918794
1777876482.3014734,0.245848098737246,-0.3587571614000837,0.5933745537606322,1,23.734092712402344,23.952245712280273,0.02984809873870315,-0.0635303994096495,0.06364019868755086
1777876482.3641298,0.24874347373568528,-0.35254982155622705,0.5941358554154736,1,36.33856773376465,36.54623031616211,0.03274347373714243,-0.057323059565792894,0.06440150034239234
1777876482.409626,0.25322419736956714,-0.33813391639886825,0.5949095244846827,1,31.18610382080078,31.429290771484375,0.0372241973710243,-0.04290715440843407,0.0651751694116014
1777876482.453834,0.25675910844810707,-0.32217233812426227,0.5954481647529063,1,25.375843048095703,25.560379028320312,0.040759108449564214,-0.026945576133828086,0.06571380967982499
1777876482.4992952,0.25786522639908194,-0.3147261215762729,0.5957529669610822,1,20.699739456176758,20.936012268066406,0.041865226400539086,-0.019499359585838705,0.06601861188800089
1777876482.5465806,0.2583051514858663,-0.29995696950020123,0.596455592449626,1,17.818212509155273,18.031835556030273,0.042305151487323424,-0.004730207509767062,0.0667212373765447
1777876482.605449,0.25476307828498557,-0.28541105680564205,0.5967883714026432,1,26.582002639770508,26.788949966430664,0.038763078286442716,0.009815705184792106,0.06705401632956183
1777876482.6476102,0.25164641692128664,-0.2786854993813685,0.5962939384136454,1,18.71037483215332,18.91350746154785,0.03564641692274379,0.016541262609065688,0.06655958334056408
1777876482.7094438,0.24332406312508384,-0.2680328210536205,0.5945145220059087,1,30.23052215576172,30.58004379272461,0.02732406312654099,0.027193940936813682,0.06478016693282744
1777876482.7607381,0.23267153203635288,-0.2597825702924797,0.591474635049055,1,31.57210350036621,31.786441802978516,0.01667153203781003,0.03544419169795447,0.0617402799759737
1777876482.819167,0.2286081035669491,-0.25728259485454213,0.589783117955823,1,39.76893424987793,40.158987045288086,0.012608103568406255,0.03794416713589206,0.06004876288274169
1777876482.8537686,0.21824689604721206,-0.2544913332811235,0.5863614043454517,1,23.85878562927246,24.09505844116211,0.0022468960486692058,0.040735428709310684,0.056627049272370444
1777876482.908274,0.2046293257181503,-0.2542867308795287,0.5814521538404407,1,28.235673904418945,28.450965881347656,-0.011370674280392581,0.04094003111090552,0.05171779876735942
1777876482.9498165,0.19069358336933004,-0.257082110349799,0.5766062559440596,1,19.73557472229004,19.9429988861084,-0.02530641662921283,0.03814465164063516,0.04687190087097826
1777876483.0082598,0.18383494757599037,-0.2592687935356026,0.5742881182309577,1,28.07784080505371,28.316736221313477,-0.03216505242255249,0.035957968454831596,0.04455376315787642
1777876483.0511165,0.17064500379478398,-0.2649756849185271,0.5698764428654814,1,20.406246185302734,20.61009407043457,-0.045354996203758886,0.030251077071907134,0.04014208779240008
1777876483.0990934,0.16458144959435003,-0.2685143917634917,0.5679923873706387,1,18.018245697021484,18.26190948486328,-0.05141855040419282,0.02671237022694252,0.03825803229755744
1777876483.1604354,0.15271879036155425,-0.276643348867468,0.5642880455999774,1,29.063940048217773,29.31499481201172,-0.0632812096369886,0.018583413122966186,0.03455369052689609
1777876483.2221239,0.1419979246501063,-0.28562804098370487,0.5606632385173537,1,40.38238525390625,40.602684020996094,-0.07400207534843657,0.009598721006729344,0.030928883444272408
1777876483.2707613,0.13247770044678908,-0.2954093546254082,0.5564964922950836,1,38.42949867248535,38.67912292480469,-0.08352229955175378,-0.00018259263497399925,0.026762137222002227
1777876483.3089488,0.12820220216569253,-0.30067194504214806,0.5543913157136151,1,26.543140411376953,26.746511459350586,-0.08779779783285033,-0.0054451830517138755,0.0246569606405338
1777876483.3503387,0.11992872893405096,-0.3115768761546931,0.5509577995807774,1,17.828941345214844,18.043041229248047,-0.0960712710644919,-0.01635011416425894,0.021223444507696046
1777876483.4043372,0.11302561096600616,-0.3217865965939186,0.54902902229593,1,21.761417388916016,21.994590759277344,-0.1029743890325367,-0.02655983460348446,0.019294667222848692
1777876483.4562225,0.10993307412485306,-0.3265659322712552,0.5485426642222331,1,23.581504821777344,23.776531219482422,-0.1060669258736898,-0.031339170280821005,0.01880830914915181
1777876483.5069373,0.10508923929278471,-0.3355462308826196,0.5480905540700293,1,24.13320541381836,24.341821670532227,-0.11091076070575814,-0.04031946889218538,0.018356198996948
1777876483.564444,0.10258212087210902,-0.3441076922274533,0.5484344499535214,1,31.50463104248047,31.8148136138916,-0.11341787912643383,-0.04888093023701914,0.018700094880440117
1777876483.6169302,0.1024347669178158,-0.3481564733941527,0.5487243234888044,1,33.52785110473633,34.16872024536133,-0.11356523308072705,-0.05292971140371852,0.01898996841572311
1777876483.6591084,0.10425722319822547,-0.3558148151556898,0.5494457182176247,1,25.919437408447266,26.182889938354492,-0.11174277680031738,-0.06058805316525562,0.01971136314454333
1777876483.7034645,0.10935496168291312,-0.3657602116454164,0.5499573953615512,1,20.201444625854492,20.523548126220703,-0.10664503831562974,-0.07053344965498223,0.020223040288469853
1777876483.7611518,0.11386119963938798,-0.37136686997623325,0.5500133193058399,1,27.92215347290039,28.117656707763672,-0.10213880035915487,-0.07614010798579907,0.020278964232758524
1777876483.804171,0.12461219456578819,-0.3817990502330902,0.5509265714574343,1,20.827054977416992,21.042823791503906,-0.09138780543275467,-0.086572288242656,0.021192216384352983
1777876483.861352,0.13660123268469287,-0.3881915327930534,0.5546342283787932,1,27.878284454345703,28.102397918701172,-0.07939876731384998,-0.09296477080261925,0.024899873305711872
1777876483.9095898,0.14365972941616265,-0.3911695715075204,0.5564917440946092,1,25.76756477355957,25.98738670349121,-0.07234027058238021,-0.09594280951708625,0.026757389021527883
1777876483.9587812,0.15928329802332156,-0.3975161246360253,0.5600367532240348,1,24.51181411743164,24.805545806884766,-0.056716701975221294,-0.10228936264559113,0.030302398150953494
1777876484.00931,0.1764811855759808,-0.40235767633843567,0.5638716246755161,1,24.797677993774414,25.01511573791504,-0.039518814422562054,-0.10713091434800151,0.03413726960243478
1777876484.0531383,0.1830877799732364,-0.40236402558023765,0.5665211091476283,1,16.61825180053711,16.846656799316406,-0.032912220025306485,-0.10713726358980344,0.03678675407454698
1777876484.118238,0.1958269593775174,-0.3994249882644144,0.57244518326581,1,30.388593673706055,30.629634857177734,-0.02017304062102545,-0.10419822627398026,0.04271082819272869
1777876484.1681666,0.20640071032787863,-0.3918776157970575,0.5790445589780973,1,30.170202255249023,30.516624450683594,-0.009599289670664236,-0.09665085380662328,0.049310203905015934
1777876484.2290137,0.2140700596940627,-0.3776467051818246,0.5858423928255014,1,39.907217025756836,40.84515571594238,-0.0019299403044801614,-0.0824199431913904,0.056108037752420147
1777876484.2613013,0.2185742104724555,-0.3702567411173342,0.5889497711519592,1,22.813796997070312,23.03910255432129,0.0025742104739126456,-0.07502997912690001,0.05921541607887797
1777876484.3170474,0.22766764927964922,-0.3547495448914688,0.5944980778158196,1,28.385162353515625,28.615951538085938,0.011667649281106363,-0.059522782901034604,0.06476372274273834
1777876484.3620791,0.2344094169099559,-0.33927252908864647,0.5991275781681702,1,23.31399917602539,23.566484451293945,0.018409416911413047,-0.044045767098212285,0.06939322309508883
1777876484.434797,0.23680664559798972,-0.3307482595730512,0.6010335918350845,1,45.98259925842285,46.21386528015137,0.02080664559944686,-0.03552149758261705,0.07129923676200318
1777876484.4634867,0.24142279351117255,-0.3146245805997,0.6041514608669525,1,23.714542388916016,23.919343948364258,0.025422793512629695,-0.019397818609265843,0.0744171057938712
1777876484.5192142,0.24295397564827845,-0.30708167692772803,0.6052769964536766,1,29.352188110351562,29.54387664794922,0.026953975649735597,-0.011854914937293848,0.07554264138059535
1777876484.564143,0.24512414685612688,-0.29380347274535173,0.6067139776187105,1,24.07050132751465,24.316787719726562,0.029124146857584028,0.0014232892450824486,0.07697962254562915
1777876484.617083,0.24546766794458996,-0.28268899302986517,0.6070952253976906,1,26.953935623168945,27.196407318115234,0.02946766794604711,0.012537768960569046,0.07736087032460923
1777876484.659602,0.24204785109553414,-0.2735567049241806,0.6061214567230411,1,18.887042999267578,19.1190242767334,0.026047851096991294,0.021670057066253606,0.07638710164995972
1777876484.7209358,0.23889489651155527,-0.2697768789145366,0.6053468199620758,1,30.12824058532715,30.325889587402344,0.022894896513012415,0.025449883075897572,0.07561246488899456
1777876484.7653005,0.22927457410075036,-0.2635789110551651,0.6033456488174389,1,24.407148361206055,24.60312843322754,0.013274574102207518,0.03164785093526906,0.07361129374435754
1777876484.821187,0.2178570770034658,-0.25972743409600607,0.6005609387525002,1,30.144929885864258,30.445337295532227,0.0018570770049229426,0.035499327894428126,0.07082658367941883
1777876484.8686104,0.21085758220543022,-0.2584666618303548,0.5987670226251977,1,27.373313903808594,27.782917022705078,-0.005142417793112641,0.03676010016007937,0.06903266755211636
1777876484.9236856,0.195625902277967,-0.2578646667414212,0.5941252926573362,1,32.40823745727539,32.65666961669922,-0.02037409772057585,0.037362095249012975,0.0643909375842549
1777876484.9645045,0.17987961552389153,-0.2601471372926456,0.5884680216535448,1,23.191213607788086,23.413896560668945,-0.03612038447465134,0.03507962469778855,0.05873366658046353
1777876485.0199294,0.17213646869113805,-0.2620798426957249,0.5852982829892445,1,28.52177619934082,28.746843338012695,-0.04386353130740481,0.033146919294709296,0.05556392791616312
1777876485.0606923,0.1564558582715766,-0.2675005554383081,0.5783464809082177,1,19.20342445373535,19.428253173828125,-0.05954414172696626,0.027726206552126098,0.04861212583513641
1777876485.113849,0.14272939103496962,-0.273913130020503,0.5723468077583291,1,22.19533920288086,22.406339645385742,-0.07327060896357324,0.021313631969931218,0.042612452685247826
1777876485.1632724,0.13573124972640682,-0.2781818853913446,0.5693832941765273,1,21.525144577026367,21.73447608947754,-0.08026875027213604,0.017044876599089584,0.03964893910344601
1777876485.2245438,0.12334309125412653,-0.28763698036654184,0.5642297897751399,1,32.694339752197266,32.883405685424805,-0.09265690874441633,0.007589781623892372,0.03449543470205864
1777876485.2704728,0.11404492288652904,-0.2975882779776129,0.5597479464289642,1,28.34939956665039,28.60736846923828,-0.10195507711201382,-0.002361515987178736,0.03001359135588293
1777876485.3199954,0.11058110389038095,-0.30248173637853204,0.5578384552482134,1,27.81057357788086,28.034687042236328,-0.10541889610816191,-0.0072549743880978845,0.028104100175132138
1777876485.383786,0.10497737292247505,-0.3131735284809121,0.5547720825539333,1,41.409969329833984,41.73755645751953,-0.1110226270760678,-0.01794676649047794,0.025037727480851958
1777876485.4145024,0.1006902553148124,-0.32370945894867575,0.5531639285052441,1,22.086381912231445,22.310733795166016,-0.11530974468373045,-0.028482696958241543,0.023429573432162835
1777876485.4682841,0.09899888833551862,-0.3282862755839377,0.5525075922622642,1,25.799989700317383,26.003599166870117,-0.11700111166302424,-0.03305951359350351,0.022773237189182935
1777876485.5171237,0.09667449912011486,-0.33672666122025047,0.5522487042682742,1,24.534225463867188,24.778366088867188,-0.119325500878428,-0.041499899229816284,0.02251434919519292
1777876485.5765069,0.0973533507586187,-0.3441310052556461,0.5531786496557188,1,33.80870819091797,34.01780128479004,-0.11864664923992416,-0.04890424326521195,0.023444294582637484
1777876485.6160662,0.09924446484413593,-0.3477235498632522,0.5540540255486107,1,22.7963924407959,23.000001907348633,-0.11675553515440693,-0.05249678787281803,0.024319670475529395
1777876485.6674662,0.10589807225206566,-0.354611682488188,0.5558677129479409,1,24.092912673950195,24.3375301361084,-0.1101019277464772,-0.05938492049775379,0.02613335787485965
1777876485.7156632,0.11655716488620682,-0.36149047273987633,0.5576287122126957,1,19.545555114746094,19.797563552856445,-0.09944283511233604,-0.06626371074944212,0.02789435713961444
1777876485.7707486,0.12366931419962554,-0.3650657650864265,0.558477571078813,1,24.550437927246094,24.782657623291016,-0.09233068579891732,-0.06983900309599234,0.02874321600573171
1777876485.8258858,0.1405951280913878,-0.3720139147968445,0.5596145253071013,1,29.659032821655273,29.865503311157227,-0.07540487190715504,-0.0767871528064103,0.02988017023401996
1777876485.8641093,0.15990175472336804,-0.3785252638640843,0.5608469919124262,1,17.764568328857422,18.019914627075195,-0.05609824527517481,-0.08329850187365012,0.03111263683934488
1777876485.9275625,0.16908598354787488,-0.3804329578828512,0.5617471956197192,1,31.10671043395996,31.368494033813477,-0.046914016450667985,-0.08520619589241701,0.03201284054663784
1777876485.9753547,0.18531340522925713,-0.38185353150974666,0.5653741050079701,1,28.351306915283203,28.5797119140625,-0.030686594769285737,-0.08662676951931245,0.03563974993488881
1777876486.0191672,0.20156243770941223,-0.37875302642508535,0.5698672616917067,1,22.097349166870117,22.311925888061523,-0.014437562289130637,-0.08352626443465114,0.0401329066186253
1777876486.0850863,0.21017716037147077,-0.37664005390874755,0.5724185780421805,1,37.88614273071289,38.19131851196289,-0.005822839627072078,-0.08141329191831334,0.04268422296909927
1777876486.1205482,0.22585387149242875,-0.3697070693636709,0.5768331518092443,1,23.33831787109375,23.56719970703125,0.009853871493885898,-0.07448030737323671,0.04709879673616297
1777876486.1747456,0.23895332594210805,-0.35925286547905966,0.580144950506432,1,27.463912963867188,27.684688568115234,0.022953325943565202,-0.06402610348862545,0.05041059543335069
1777876486.2179797,0.24935667275820186,-0.3460804932510009,0.5825070037756653,1,20.26224136352539,20.517826080322266,0.033356672759659,-0.05085373126056669,0.05277264870258407
1777876486.27888,0.2538323869820311,-0.3394919292792728,0.5834527396093302,1,31.052827835083008,31.322956085205078,0.03783238698348821,-0.044265167288838614,0.05371838453624889
1777876486.328665,0.26091902950858054,-0.3255739371020626,0.5852066012517698,1,30.77244758605957,30.98893165588379,0.044919029510037685,-0.030347175111628405,0.05547224617868849
1777876486.379717,0.26378654636687426,-0.31803500221711023,0.5859851265289627,1,31.749725341796875,31.97312355041504,0.047786546368331385,-0.022808240226676074,0.056250771455881414
1777876486.4239402,0.2674712656626479,-0.30380538200036844,0.5874782034462109,1,25.445222854614258,25.664329528808594,0.05147126566410503,-0.008578620009934229,0.057743848373129604
1777876486.485759,0.2680853166448478,-0.28976975748263184,0.5877635615622314,1,37.09816932678223,37.30130195617676,0.052085316646304926,0.005457004507802343,0.058029206489150165
1777876486.5217211,0.26621031706461595,-0.28260352192734384,0.5870703053139508,1,21.518468856811523,21.84915542602539,0.05021031706607312,0.012623240063090374,0.057335950240869474
1777876486.577877,0.2589982731650655,-0.2702304530949574,0.5848557881906206,1,27.632951736450195,27.92072296142578,0.04299827316652264,0.02499630889547677,0.055121433117539226
1777876486.6235807,0.2475855942314588,-0.2597165012319445,0.5817339953042828,1,23.31376075744629,23.560762405395508,0.03158559423291594,0.03551026075848969,0.05199964023120151
1777876486.6738489,0.23266774373945143,-0.2522992560681434,0.5777931588647165,1,23.563623428344727,23.783445358276367,0.016667743740908562,0.04292750592229075,0.048058803791635143
1777876486.7261515,0.22466629151867232,-0.24992597405213862,0.575419616834475,1,25.779247283935547,25.969982147216797,0.00866629152012946,0.04530078793829555,0.04568526176139365
1777876486.7736156,0.2083740043564418,-0.24797690572895245,0.570090275160967,1,22.837400436401367,23.062705993652344,-0.007625995642101063,0.04724985626148173,0.04035592008788565
1777876486.8222942,0.20011275784030813,-0.24802017927739087,0.5672911062369634,1,21.295785903930664,21.752595901489258,-0.015887242158234727,0.047206582713043316,0.03755675116388216
1777876486.8725243,0.18362903532451197,-0.24964932675333093,0.560671149168618,1,21.629810333251953,21.85988426208496,-0.032370964674030875,0.04557743523710325,0.03093679409553669
1777876486.928219,0.16815664151740686,-0.25418184250442877,0.5535756155492754,1,27.289390563964844,27.514934539794922,-0.047843358481136,0.0410449194860054,0.02384126047619409
1777876486.9714947,0.15445518145362708,-0.2602569937689385,0.5466026366743697,1,20.49422264099121,20.73049545288086,-0.06154481854491578,0.034969768221495695,0.016868281601288344
1777876487.0290394,0.14777662003430314,-0.2642079776404293,0.5435038543138372,1,27.915477752685547,28.165102005004883,-0.06822337996423972,0.031018784350004866,0.01376949924075592
1777876487.0723796,0.13511455867163358,-0.27336513811610896,0.5382817076244667,1,21.20351791381836,21.431922912597656,-0.0808854413269093,0.021861623874325248,0.008547352551385362
1777876487.1415493,0.123754449770827,-0.2836346348313464,0.5348653060572659,1,40.262699127197266,40.517568588256836,-0.09224555022771586,0.011592127159087792,0.00513095098418459
1777876487.1717262,0.118750252514473,-0.2887145560901794,0.5335728856555064,1,20.380258560180664,20.615816116333008,-0.09724974748406985,0.006512205900254822,0.0038385305824251287
1777876487.2278574,0.10946408743062139,-0.29965443142851167,0.5317074386183038,1,26.332855224609375,26.570796966552734,-0.10653591256792147,-0.004427669438077486,0.001973083545222465
1777876487.2966254,0.10262594527209407,-0.3101268193189573,0.5308974130775286,1,44.936180114746094,45.20583152770996,-0.11337405472644879,-0.01490005732852312,0.0011630580044472705
1777876487.318402,0.09982250200359119,-0.3149217719168821,0.5310318407023443,1,16.672134399414062,16.893625259399414,-0.11617749799495167,-0.019695009926447904,0.0012974856292630524
1777876487.3873935,0.09699287208816404,-0.32433862675227443,0.5314951697423017,1,35.64929962158203,35.84408760070801,-0.11900712791037882,-0.029111864761840245,0.0017608146692204424
1777876487.4242795,0.09777936699219286,-0.33317907080847575,0.5332126695222951,1,22.420644760131836,22.672653198242188,-0.11822063300635,-0.03795230881804154,0.003478314449213732
1777876487.4735641,0.0993042449766984,-0.33751283389439546,0.5345632968897903,1,21.510839462280273,21.847248077392578,-0.11669575502184446,-0.04228607190396125,0.004828941816709023
1777876487.5246513,0.10396236862333785,-0.3454527096010398,0.5382129882444187,1,22.628068923950195,22.867441177368164,-0.112037631375205,-0.05022594761060564,0.008478633171337291
1777876487.5716631,0.11238711861404654,-0.3520314020880402,0.5420325105026824,1,19.628524780273438,19.83046531677246,-0.10361288138449631,-0.05680464009760597,0.012298155429601089
1777876487.6263435,0.11860791161797024,-0.3550710162485834,0.543891119284883,1,24.2307186126709,24.415254592895508,-0.09739208838057262,-0.05984425425814924,0.014156764211801717
1777876487.6753483,0.13307039288844053,-0.36129984486758737,0.5473109344554175,1,23.084163665771484,23.322343826293945,-0.08292960711010233,-0.06607308287715316,0.017576579382336192
1777876487.7308197,0.15178071144036617,-0.36825906130246555,0.5504461650010641,1,27.980566024780273,28.420209884643555,-0.06421928855817668,-0.07303229931203137,0.02071180992798277
1777876487.7757502,0.16187884945983863,-0.37153575312388876,0.5519807199176946,1,23.044347763061523,23.256778717041016,-0.05412115053870423,-0.0763089911334546,0.022246364844613252
1777876487.8365796,0.1814886194919066,-0.37677619880537616,0.5563148281734956,1,33.76579284667969,33.9512825012207,-0.03451138050663628,-0.081549436814942,0.026580473100414354
1777876487.8783612,0.20091287320871865,-0.3795404818474364,0.5619517073450441,1,25.41828155517578,25.633811950683594,-0.015087126789824205,-0.08431371985700217,0.03221735227196274
1777876487.9273827,0.2095012837804619,-0.38004754898676224,0.5648407744865106,1,24.35469627380371,24.58477020263672,-0.006498716218080944,-0.08482078699632806,0.03510641941342929
1777876487.9782603,0.22479310341977152,-0.37726729915207535,0.5709721259828721,1,24.96194839477539,25.173425674438477,0.008793103421228653,-0.08204053716164117,0.04123777090979077
1777876488.02645,0.23693034904882462,-0.3679707905560717,0.578056961098249,1,22.949695587158203,23.180007934570312,0.020930349050281773,-0.0727440285656375,0.04832260602516767
1777876488.0847344,0.24179703502392616,-0.3615096286197935,0.581020561676973,1,30.477046966552734,30.682086944580078,0.025797035025383296,-0.06628286662935937,0.05128620660389166
1777876488.1250353,0.24791056947704496,-0.34409351882625355,0.5864278343230573,1,20.087003707885742,20.322799682617188,0.03191056947850209,-0.04886675683581937,0.05669347924997606
1777876488.1965292,0.2525497485006149,-0.32399348500325476,0.5915393552018022,1,41.49889945983887,41.77045822143555,0.03654974850207205,-0.028766723012820572,0.061805000128720936
1777876488.2280178,0.25423156935399266,-0.3138660323809953,0.5936645910715457,1,22.997617721557617,23.186683654785156,0.03823156935544981,-0.018639270390561125,0.06393023599846441
1777876488.2887397,0.25546291927077674,-0.29390858505755757,0.5974230510475415,1,33.43939781188965,33.66684913635254,0.039462919272233894,0.0013181769328766135,0.06768869597446016
1777876488.328627,0.2570445422755949,-0.27911516091000343,0.5996018723573477,1,19.79351043701172,20.02406120300293,0.041044542277052086,0.01611160108043075,0.06986751728426638
1777876488.3853521,0.25681487865761243,-0.2729575324615205,0.5995022165910642,1,26.355266571044922,26.59010887145996,0.040814878659069596,0.022269229528913706,0.06976786151798291
1777876488.4450758,0.25247669080257096,-0.2629985630721376,0.5978825932608741,1,36.01551055908203,36.25297546386719,0.03647669080402808,0.03222819891829659,0.06814823818779284
1777876488.4777696,0.24431865928500804,-0.2566123771500037,0.5952891914412713,1,18.665075302124023,18.872737884521484,0.028318659286465174,0.03861438484043049,0.06555483636819004
1777876488.531044,0.23907593137535685,-0.2544750235422534,0.5936762226749135,1,21.844148635864258,22.06730842590332,0.023075931376813984,0.040751738448180835,0.06394186760183215
1777876488.5893142,0.22658416111064894,-0.2520532510453677,0.5893933441079049,1,29.458999633789062,29.819726943969727,0.010584161112106076,0.043173510945066496,0.059658989034823556
1777876488.6448736,0.2113437270570182,-0.2521239013598374,0.5839949539054528,1,34.917354583740234,35.25876998901367,-0.004656272941524646,0.04310286063059679,0.05426059883237148
1777876488.6797173,0.19348708648400695,-0.2555142055528177,0.576559302879787,1,19.762039184570312,20.01953125,-0.022512913514535902,0.039712556437616536,0.04682494780670563
1777876488.7377324,0.1838605728570909,-0.25863357606274273,0.5719445921721248,1,27.71139144897461,27.94623374938965,-0.032139427141451946,0.036593185927691424,0.04221023709904346
1777876488.7777362,0.16542876502422282,-0.2669454077323065,0.5623025671143183,1,17.609834671020508,17.87090301513672,-0.05057123497432005,0.028281354258127667,0.03256821204123689
1777876488.8353806,0.1486885017694396,-0.2770349675485254,0.5528441301404272,1,25.23970603942871,25.467634201049805,-0.06731149822910328,0.018191794441908743,0.0231097750673459
1777876488.8783667,0.14078345537392795,-0.28316031758988636,0.548529256593913,1,18.13793182373047,18.387794494628906,-0.07521654462461493,0.012066444400547827,0.018794901520831703
1777876488.9363995,0.12713922912545017,-0.2963334469194445,0.5415616575281312,1,25.86674690246582,26.117563247680664,-0.08886077087309267,-0.0011066849290103653,0.01182730245504994
1777876488.9855607,0.1160497744870214,-0.31010672480366064,0.536482319671935,1,23.058176040649414,23.270845413208008,-0.09995022551152145,-0.014879962813226427,0.006747964598853774
1777876489.0396757,0.11171494610479671,-0.31644722486708754,0.5349800431227344,1,26.937007904052734,27.169227600097656,-0.10428505389374615,-0.021220462876653384,0.00524568804965312
1777876489.0953164,0.10504722350725315,-0.32932658845364304,0.533972154572292,1,28.96571159362793,29.271841049194336,-0.1109527764912897,-0.03409982646320883,0.004237799499210632
1777876489.1362138,0.1018976748857209,-0.3416184163976008,0.534895544963685,1,19.70219612121582,20.031452178955078,-0.11410232511282195,-0.04639165440716664,0.005161189890603615
1777876489.2086854,0.10192208644243675,-0.34818982318115244,0.5361296970981153,1,42.151451110839844,42.417049407958984,-0.11407791355610611,-0.052963061190718225,0.006395342025033959
1777876489.2410998,0.10442550140635895,-0.36113111994212654,0.5391870821698075,1,24.49655532836914,24.747133255004883,-0.11157449859218391,-0.06590435795169239,0.009452727096726163
1777876489.3041205,0.11164837425271171,-0.376289593288692,0.5419017434061316,1,37.42861747741699,37.63866424560547,-0.10435162574583115,-0.08106283129825781,0.012167388333050297
1777876489.3357499,0.11659147639218823,-0.3830850302098785,0.5431262068473347,1,18.859148025512695,19.10257339477539,-0.09940852360635463,-0.08785826821944434,0.013391851774253428
1777876489.3830683,0.12793493818975762,-0.3940754331940065,0.5460675621182625,1,16.05081558227539,16.330242156982422,-0.08806506180878523,-0.09884867120357235,0.016333207045181146
1777876489.4353487,0.14092530725825128,-0.40263290323291834,0.5494565459626398,1,18.225908279418945,18.440723419189453,-0.07507469274029158,-0.10740614124248418,0.01972219088955854
1777876489.4905283,0.14776589283358293,-0.4058002823300625,0.5515967942993085,1,23.26798439025879,23.51522445678711,-0.06823410716495992,-0.1105735203396283,0.021862439226227267
1777876489.5449555,0.16329010223574936,-0.41024496205533245,0.5558530119896854,1,27.707338333129883,27.889013290405273,-0.052709897762793494,-0.11501820006489827,0.02611865691660414
1777876489.5854654,0.1795941975032297,-0.41203865970831977,0.5607606848331316,1,18.04041862487793,18.26190948486328,-0.03640580249531318,-0.11681189771788561,0.031026329760050247
1777876489.6442432,0.18773883930823237,-0.4113866504851761,0.563248781743819,1,26.669025421142578,26.90863609313965,-0.028261160690310476,-0.11615988849474193,0.0335144266707377
1777876489.6922739,0.20257936081329728,-0.4077768225598777,0.5680091718508509,1,24.6734619140625,24.891376495361328,-0.013420639185245574,-0.11255006056944347,0.03827481677776951
1777876489.7447042,0.21790575982496432,-0.4010931851318439,0.5724590699992904,1,26.82638168334961,27.10127830505371,0.001905759826421459,-0.10586642314140973,0.04272471492620915
1777876489.7925117,0.22473908196537942,-0.3968540037486894,0.5744314599474458,1,24.60193634033203,24.805784225463867,0.008739081966836572,-0.10162724175825524,0.04469710487436454
1777876489.8343117,0.23707332780916915,-0.3863528106908991,0.5780910250594811,1,16.276836395263672,16.50714874267578,0.021073327810626298,-0.09112604870046492,0.048356669986399745
1777876489.883372,0.24833332350465612,-0.3729306323182872,0.5815355760306751,1,15.176534652709961,15.431404113769531,0.032333323506113266,-0.07770387032785303,0.05180122095759374
1777876489.9591975,0.2531587502821919,-0.3654604315905067,0.5831850044045969,1,40.53139686584473,40.81892967224121,0.037158750283649046,-0.07023366960007252,0.05345064933151552
1777876489.9938416,0.2612496106143203,-0.35026794097680775,0.5862630926846661,1,25.091171264648438,25.34627914428711,0.045249610615777404,-0.05504117898637356,0.05652873761158482
1777876490.0382223,0.2675239764240486,-0.3349898500453069,0.5890488602284585,1,19.259214401245117,19.47927474975586,0.051523976425505776,-0.03976308805487269,0.05931450515537714
1777876490.0947275,0.2699484866719084,-0.327465069251635,0.5903881170585276,1,25.7418155670166,25.95996856689453,0.05394848667336553,-0.03223830726120078,0.06065376198544621
1777876490.136668,0.27169884024124996,-0.31328471352548504,0.5928725904101696,1,17.569541931152344,17.77172088623047,0.0556988402427071,-0.01805795153505088,0.06313823533708827
1777876490.202608,0.27161007847380775,-0.29995135302260345,0.5943358026840794,1,32.774925231933594,33.049583435058594,0.0556100784752649,-0.004724591032169254,0.0646014476109981
1777876490.2379785,0.26958059462808875,-0.28760989317624586,0.5937844915636512,1,18.169879913330078,18.408775329589844,0.053580594629545876,0.007616868814188341,0.06405013649056995
1777876490.2871346,0.2675619897347056,-0.2818272741784124,0.592958469476451,1,17.113447189331055,17.369508743286133,0.05156198973616271,0.01339948781202177,0.06322411440336977
1777876490.335441,0.2608777193522563,-0.2710162333562546,0.5911209506379799,1,15.393733978271484,15.593290328979492,0.04487771935371341,0.024210528634179607,0.06138659556489856
1777876490.387869,0.2517389641627173,-0.2615258673246118,0.5879505094083975,1,17.325401306152344,17.540454864501953,0.03573896416417446,0.033700894665822365,0.05821615433531627
1777876490.438597,0.24641109343940004,-0.25731572114082224,0.5853752495178529,1,17.972230911254883,18.185138702392578,0.030411093440857177,0.03791104084961193,0.0556408944447716
1777876490.4939456,0.23476636690296826,-0.2508342596512395,0.5802326898845411,1,23.209095001220703,23.4377384185791,0.018766366904425395,0.04439250233919469,0.050498334811459794
1777876490.5482433,0.21994161941762652,-0.24727058596942175,0.5745516836639145,1,27.37116813659668,27.61673927307129,0.00394161941908365,0.04795617602101243,0.04481732859083318
1777876490.5978916,0.2124958461072261,-0.24710224985843832,0.5716439465145723,1,26.929140090942383,27.16541290283203,-0.0035041538913167455,0.04812451213199588,0.041909591441490944
1777876490.6533186,0.19621059997409568,-0.24938629758724423,0.5654869180434398,1,32.12451934814453,32.38987922668457,-0.019789400024447193,0.04584046440318995,0.03575256297035846
1777876490.7123954,0.18005557846359332,-0.254112099082358,0.5582283269758763,1,40.90428352355957,41.193246841430664,-0.03594442153494953,0.04111466290807621,0.028493971902795016
1777876490.743403,0.17196112887127415,-0.2573796214184216,0.5544174378903058,1,21.892309188842773,22.106170654296875,-0.044038871127268696,0.037847140572012605,0.024683082817224488
1777876490.8005898,0.1562743186862529,-0.2652198574069008,0.5462279364666953,1,28.948068618774414,29.209375381469727,-0.05972568131228993,0.03000690458353336,0.016493581393614003
1777876490.8422062,0.14178867839892767,-0.27436803600671894,0.5369886362929105,1,20.504474639892578,20.748615264892578,-0.0742113215996152,0.020858725983715243,0.007254281219829163
1777876490.8959143,0.1348696264231859,-0.2790794668296805,0.53262103067305,1,23.99444580078125,24.20496940612793,-0.08113037357535696,0.01614729516075368,0.002886675599968691
1777876490.9377394,0.12278630693382522,-0.2883944606829302,0.5252061249628459,1,15.466451644897461,15.66767692565918,-0.09321369306471763,0.006832301307504035,-0.0045282301102353845
1777876491.0001624,0.11242754263337237,-0.29727290760756864,0.5195449083885635,1,27.60910987854004,27.909040451049805,-0.10357245736517048,-0.0020461456171344816,-0.010189446684517836
1777876491.0564003,0.10796367707545557,-0.3012073742887474,0.5173825805470681,1,33.76007080078125,34.00993347167969,-0.10803632292308729,-0.005980612298313204,-0.012351774526013187
1777876491.0952163,0.09991377436403179,-0.30853681934783783,0.5143226917551325,1,22.43208885192871,22.655248641967773,-0.11608622563451107,-0.013310057357403648,-0.015411663317948868
1777876491.1534986,0.09378051898259249,-0.315838019195671,0.5126662867238911,1,28.69582176208496,28.943777084350586,-0.12221948101595037,-0.02061125720523685,-0.017068068349190182
1777876491.2147892,0.0918531664935473,-0.3196474139663299,0.5123654093572669,1,37.98103332519531,38.23232650756836,-0.12414683350499556,-0.024420651975895713,-0.01736894571581432
1777876491.2522962,0.09064891520214433,-0.32758969469862675,0.5136110779562866,1,25.30050277709961,25.562763214111328,-0.12535108479639853,-0.03236293270819257,-0.016123277116794787
1777876491.2981198,0.09177822331051799,-0.3347394807299499,0.5164028425258353,1,21.040916442871094,21.325111389160156,-0.12422177668802487,-0.03951271873951573,-0.013331512547245912
1777876491.3633437,0.09497370030164395,-0.34210465134671714,0.5204709638585254,1,35.51888465881348,35.742998123168945,-0.1210262996968989,-0.046877889356282954,-0.009263391214555924
1777876491.4022202,0.09751738099968366,-0.3458584600934643,0.5223726716832391,1,24.325847625732422,24.541616439819336,-0.1184826189988592,-0.05063169810303017,-0.007361683389842194
1777876491.444134,0.10544305011544791,-0.35452235262412857,0.5261231976794217,1,16.206026077270508,16.408681869506836,-0.11055694988309495,-0.059295590633694384,-0.0036111573936596225
1777876491.493994,0.11046536480728003,-0.35920451551700805,0.5280776533716253,1,15.984058380126953,16.167402267456055,-0.10553463519126283,-0.06397775352657384,-0.001656701701456001
1777876491.5680044,0.12318042906345214,-0.3694764794490062,0.5327132786088284,1,39.83569145202637,40.114641189575195,-0.09281957093509072,-0.07424971745857198,0.002978923535747191
1777876491.6043308,0.13939674270361666,-0.3792165818079692,0.5386576760539191,1,26.17168426513672,26.376962661743164,-0.0766032572949262,-0.083989819817535,0.00892332098083784
1777876491.6606483,0.15823357081643566,-0.38880288730301615,0.5442557100938064,1,31.68034553527832,31.911611557006836,-0.05776642918210719,-0.09357612531258197,0.014521355020725019
1777876491.7066946,0.1683233903700996,-0.392860240910069,0.5473834668114667,1,27.717113494873047,27.909040451049805,-0.047676609628443244,-0.09763347891963484,0.017649111738385313
1777876491.7516222,0.18699633887100575,-0.39859553303451706,0.5540499413722926,1,22.52507209777832,22.766828536987305,-0.029003661127537106,-0.10336877104408287,0.02431558629921125
1777876491.8127007,0.1965800088843943,-0.40062140542056035,0.5571522224737383,1,32.80019760131836,33.03098678588867,-0.019419991114148546,-0.10539464343012614,0.027417867400657013
1777876491.865037,0.2148693203482793,-0.40042901461663016,0.5630998371103751,1,35.088300704956055,35.30168533325195,-0.0011306796502635677,-0.10520225262619595,0.03336548203729388
1777876491.9034877,0.23090101666989413,-0.39565250860568524,0.568412220037812,1,23.486614227294922,23.688316345214844,0.014901016671351262,-0.10042574661525103,0.03867786496473072
1777876491.9579072,0.2439526970203439,-0.38630226349094743,0.5723642122112229,1,27.835607528686523,28.04088592529297,0.02795269702180104,-0.09107550150051325,0.04262985713814155
1777876491.9979668,0.24821971659241143,-0.3788870712758228,0.5741396836855093,1,17.64845848083496,17.905473709106445,0.03221971659386857,-0.08366030928538856,0.04440532861242802
1777876492.052267,0.2557382010070651,-0.3628807835962191,0.5767469641721792,1,21.910905838012695,22.154808044433594,0.03973820100852226,-0.06765402160578496,0.047012609099097845
1777876492.099286,0.26360765930138613,-0.34832903068637283,0.5779554588025708,1,18.82171630859375,19.102811813354492,0.047607659302843296,-0.05310226869593865,0.04822110372948951
1777876492.1630435,0.26748158823110696,-0.34091796974573535,0.5783640634213705,1,32.55200386047363,32.790184020996094,0.051481588232564095,-0.045691207755301166,0.048629708348289225
1777876492.2078907,0.2734067285880237,-0.3257276000008267,0.5792179348934503,1,27.35614776611328,27.560949325561523,0.05740672858948082,-0.030500838010392467,0.04948357982036894
1777876492.255165,0.2769171759884635,-0.3102931583336257,0.5800171892765275,1,24.596452713012695,24.775028228759766,0.06091717598992064,-0.015066396343191513,0.05028283420344617
1777876492.3005102,0.277918903582365,-0.3028932739141088,0.5804231306450666,1,19.675731658935547,20.009279251098633,0.061918903583822106,-0.007666511923674596,0.05068877557198527
1777876492.36864,0.277949668962531,-0.28978290200529055,0.5815535533533274,1,37.64009475708008,37.94741630554199,0.06194966896398812,0.005443859985143629,0.05181919828024601
1777876492.4110157,0.2749070639360232,-0.2782544783519729,0.5820848669529527,1,29.84929084777832,30.12824058532715,0.05890706393748033,0.016972283638461247,0.05235051187987137
1777876492.4594278,0.27241235238395245,-0.2733316815401598,0.5820660485108187,1,28.24878692626953,28.451204299926758,0.0564123523854096,0.021895080450274385,0.05233169343773735
1777876492.5033724,0.2656668199900441,-0.2649616783991091,0.5816338188200821,1,22.09305763244629,22.307872772216797,0.049666819991501236,0.030265083591325057,0.051899463747000836
1777876492.5613642,0.25681562003675495,-0.2582181033256098,0.5803784101529073,1,29.98948097229004,30.25221824645996,0.040815620038212076,0.037008658664824376,0.05064405507982589
1777876492.6101387,0.251863898174158,-0.25513511889275525,0.5796747676789208,1,28.543949127197266,28.75375747680664,0.03586389817561512,0.040091643097678945,0.04994041260583943
1777876492.6526103,0.24069670109000926,-0.25116445456558834,0.5778838665372673,1,20.856618881225586,21.087646484375,0.024696701091466412,0.044062307424845834,0.048149511464186015
1777876492.698248,0.22742842257590928,-0.24969104911717674,0.5752029471638309,1,16.444683074951172,16.67618751525879,0.01142842257736642,0.045535712873257445,0.04546859209074959
1777876492.7596483,0.22070044748692533,-0.25005054302748003,0.573457749706617,1,27.674198150634766,27.888059616088867,0.004700447488382463,0.04517621896295415,0.04372339463353567
1777876492.8024094,0.20746286591183785,-0.2530734540191206,0.569561378906137,1,20.359516143798828,20.595788955688477,-0.008537134086705006,0.042153307971313544,0.03982702383305574
1777876492.853892,0.1940199964586467,-0.25902426720600685,0.5646807638777193,1,21.80027961730957,22.005558013916016,-0.021980003539896157,0.036202494784427316,0.034946408804637924
1777876492.9139264,0.18756269433856554,-0.2629147682892813,0.5621003766975516,1,31.697511672973633,31.951189041137695,-0.028437305659977326,0.0323119937011529,0.03236602162447033
1777876492.953837,0.1757078217995896,-0.2716189050558274,0.5567319244319281,1,21.564483642578125,21.777629852294922,-0.04029217819895326,0.02360785693460675,0.026997569358846833
1777876493.0102336,0.17008609530164434,-0.27665927673475843,0.5540219260062844,1,27.86421775817871,28.131484985351562,-0.045913904696898516,0.018567485255675767,0.024287570933203127
1777876493.0586882,0.15897035556755906,-0.2884181697081495,0.5486069475869902,1,26.2753963470459,26.475191116333008,-0.05702964443098378,0.00680859228228467,0.018872592513908985
1777876493.1126149,0.14934014243380103,-0.30000531840913736,0.5444181273949856,1,29.982805252075195,30.193567276000977,-0.06665985756474183,-0.004778556418703145,0.014683772321904362
1777876493.1648483,0.1403560714475986,-0.3117688371129992,0.5414455645166926,1,31.8906307220459,32.099008560180664,-0.07564392855094428,-0.01654207512256503,0.011711209443611259
1777876493.2089558,0.13586924441204237,-0.317693625390975,0.5403209025343562,1,25.85434913635254,26.047229766845703,-0.08013075558650049,-0.022466863400540854,0.010586547461274867
1777876493.2595387,0.12720360231694508,-0.32864203154718163,0.5389071427925215,1,26.355266571044922,26.56722068786621,-0.08879639768159778,-0.03341526955674745,0.009172787719440231
1777876493.3248117,0.11927414811114906,-0.3389172243681394,0.5386024356319026,1,41.56637191772461,41.771888732910156,-0.0967258518873938,-0.04369046237770527,0.008868080558821254
1777876493.3618484,0.11592119607931747,-0.343801515354502,0.5388730812778249,1,28.444528579711914,28.749704360961914,-0.10007880391922538,-0.048574753364067774,0.009138726204743583
1777876493.414368,0.11107317913369474,-0.35282926541947685,0.5400178054996059,1,30.98154067993164,31.192302703857422,-0.10492682086484811,-0.05760250342904266,0.010283450426524544
1777876493.4579556,0.10907490330297409,-0.3630168286527501,0.5405571720910941,1,22.751808166503906,22.955656051635742,-0.10692509669556877,-0.0677900666623159,0.010822817018012826
1777876493.5249236,0.10912466170158677,-0.3672605489340459,0.5412754597111229,1,39.49999809265137,39.73722457885742,-0.10687533829695609,-0.07203378694361176,0.011541104638041623
1777876493.5622902,0.11200010680556435,-0.3747054156901666,0.5431141088988004,1,26.57341957092285,26.811838150024414,-0.1039998931929785,-0.07947865369973242,0.013379753825719126
1777876493.6100452,0.11874997106056885,-0.3821910365336614,0.5446052437392841,1,24.28889274597168,24.53780174255371,-0.097250028937974,-0.08696427454322722,0.014870888666202745
1777876493.6676788,0.1235016702193032,-0.38572627951808647,0.545127965031836,1,30.05528450012207,30.42912483215332,-0.09249832977923966,-0.09049951752765226,0.015393609958754731
1777876493.707559,0.13491778624220355,-0.39247372325126006,0.5459622629291131,1,19.976377487182617,20.250320434570312,-0.08108221375633931,-0.09724696126082591,0.016227907856031787
1777876493.7630816,0.14917228626662873,-0.3984427322201592,0.5465768155152779,1,25.242090225219727,25.486469268798828,-0.06682771373191412,-0.10321597022972501,0.016842460442196575
1777876493.818625,0.1566520143920818,-0.4010665529518938,0.5472853215563106,1,30.663490295410156,30.907154083251953,-0.05934798560646106,-0.10583979096145962,0.017550966483229322
1777876493.87106,0.17302539716175733,-0.4044341786701005,0.5487877645813254,1,32.96184539794922,33.19358825683594,-0.04297460283678554,-0.10920741667966632,0.019053409508244037
1777876493.9187007,0.1885196956164593,-0.4042567367357145,0.5519554275566171,1,30.308008193969727,30.527830123901367,-0.027480304382083577,-0.10902997474528034,0.022221072483535775
1777876493.959704,0.19629836994428376,-0.402907354039313,0.5540105756296413,1,21.274089813232422,21.46601676940918,-0.019701630054259102,-0.10768059204887884,0.02427622055656
1777876494.0076509,0.21121641393720744,-0.3978592841150167,0.5585163585687928,1,19.194364547729492,19.387006759643555,-0.004783586061335408,-0.10263252212458249,0.02878200349571146
1777876494.0606909,0.22666314862200918,-0.3915644725386802,0.5623705873378985,1,22.118806838989258,22.350072860717773,0.010663148623466324,-0.09633771054824605,0.032636232264817155
1777876494.1147482,0.2338143442746934,-0.3877354121618689,0.564003875619536,1,25.900602340698242,26.177406311035156,0.017814344276150536,-0.0925086501714347,0.03426952054645467
1777876494.1692219,0.24575919120806974,-0.3788295546793691,0.5669438498471355,1,30.21383285522461,30.58338165283203,0.02975919120952688,-0.08360279268893486,0.03720949477405423
1777876494.2221956,0.2558160018832518,-0.36708311360377005,0.5695127167756876,1,33.25057029724121,33.47182273864746,0.03981600188470897,-0.07185635161333587,0.039778361702606284
1777876494.259872,0.2610011499919184,-0.3622789741186989,0.5704462515384745,1,20.914077758789062,21.10886573791504,0.04500114999337559,-0.0670522121282647,0.040711896465393166
1777876494.3180828,0.2678730194607122,-0.3512052061533903,0.5723757060931972,1,28.933286666870117,29.1445255279541,0.051873019462169316,-0.05597844416295611,0.04264135102011587
1777876494.366795,0.2696500892259606,-0.3368652543152346,0.5752222787441885,1,27.407407760620117,27.791261672973633,0.05365008922741777,-0.041638492324800463,0.04548792367110718
1777876494.4135795,0.2699387893037479,-0.32383096641913883,0.5776245023246566,1,24.298429489135742,24.513959884643555,0.053938789305204994,-0.02860420442870465,0.04789014725157523
1777876494.4800775,0.2695426132710571,-0.3183614315118177,0.5782054287684416,1,40.75956344604492,40.93647003173828,0.05354261327251426,-0.023134669521383572,0.04847107369536028
1777876494.5107076,0.2670675532471405,-0.308646233293954,0.578098882598702,1,21.266937255859375,21.450281143188477,0.05106755324859765,-0.013419471303519809,0.04836452752562074
1777876494.570462,0.26518066131709067,-0.3045736297143993,0.5777121230896342,1,30.777692794799805,30.989885330200195,0.04918066131854781,-0.009346867723965077,0.04797776801655288
1777876494.6169462,0.25740904438303464,-0.29648548413129017,0.576712633271599,1,27.199506759643555,27.425050735473633,0.041409044384491785,-0.0012587221408559973,0.04697827819851771
1777876494.6678078,0.25168678383517556,-0.2916206329885233,0.5767094279037918,1,27.983427047729492,28.194904327392578,0.03568678383663273,0.00360612900191086,0.04697507283071046
1777876494.724519,0.24871185047771827,-0.289678362559897,0.5775224164906014,1,34.630775451660156,34.83986854553223,0.0327118504791754,0.005548399430537199,0.04778806141752007
1777876494.763835,0.2478840445304379,-0.2895270060655066,0.5779931573897344,1,23.86474609375,24.05834197998047,0.03188404453189506,0.0056997559249276075,0.048258802316653124
1777876494.806345,0.24671090104199053,-0.2901749228290498,0.5785785458632964,1,16.259193420410156,16.492605209350586,0.030710901043447682,0.005051839161384408,0.04884419079021512
1777876494.8683634,0.2471121451929072,-0.29200371987271717,0.5784603791636632,1,27.960538864135742,28.19657325744629,0.03111214519436433,0.0032230421177169982,0.04872602409058191
1777876494.9204938,0.24770798863131155,-0.29308686292996083,0.5781913397922278,1,29.85668182373047,30.107975006103516,0.031707988632768684,0.0021398990604733353,0.0484569847191465
1777876494.9678955,0.24800215640562154,-0.2949915706999485,0.5772976728909661,1,27.166128158569336,27.382612228393555,0.03200215640707867,0.00023519129048568677,0.04756331781788482
1777876495.0135384,0.24719009302250528,-0.29660485907199824,0.5758133650601622,1,22.702693939208984,22.91727066040039,0.031190093023962424,-0.001378097081564042,0.04607900998708087
1777876495.0738676,0.24638478032256192,-0.2975136984290424,0.5743092216278354,1,32.65047073364258,32.90867805480957,0.03038478032401907,-0.0022869364386081947,0.04457486655475403
1777876495.1117692,0.24305532699351212,-0.2994625307702465,0.5689065418262431,1,20.525693893432617,20.745277404785156,0.02705532699496927,-0.004235768779812299,0.03917218675316178
1777876495.1670718,0.2403153958585121,-0.3029422896943401,0.5607718456352913,1,25.7720947265625,25.956392288208008,0.02431539585996926,-0.007715527703905933,0.031037490562209905
1777876495.2157705,0.2401329620426586,-0.30550898902511114,0.5558957240305553,1,24.277210235595703,24.576663970947266,0.024132962044115754,-0.01028222703467696,0.02616136895747397
1777876495.2583477,0.2387847543053742,-0.3102922970027473,0.5473321835199061,1,16.515493392944336,16.729354858398438,0.02278475430683135,-0.015065535012313114,0.017597828446824806
1777876495.316547,0.23885703897718424,-0.31494863880734114,0.5399016364379143,1,24.647235870361328,24.850845336914062,0.022857038978641393,-0.019721876816906958,0.01016728136483308
1777876495.3578458,0.23922846756578783,-0.3168496133828509,0.5369933591232643,1,15.735626220703125,15.94233512878418,0.023228467567244983,-0.021622851392416736,0.007259004050182961
1777876495.419192,0.24063651686381593,-0.3195297014170929,0.5312801516779646,1,26.96084976196289,27.182340621948242,0.024636516865273066,-0.02430293942665876,0.0015457966048832775
1777876495.4718537,0.24135607551814037,-0.32050622732005785,0.5266758193044497,1,29.517173767089844,29.77752685546875,0.025356075519597517,-0.02527946532962369,-0.0030585357686315345
1777876495.5235312,0.24126756177462216,-0.32046648682061585,0.5247809990888306,1,31.195878982543945,31.387805938720703,0.0252675617760793,-0.025239724830181665,-0.004953355984250701
1777876495.5703824,0.24108687857705022,-0.31969156571113244,0.5222033412174976,1,27.8472900390625,28.075695037841797,0.025086878578507353,-0.02446480372069823,-0.007531013855583704
1777876495.6182683,0.2413236656278266,-0.3185819955717646,0.5210189288762996,1,23.802518844604492,24.012088775634766,0.025323665629283724,-0.02335523358133043,-0.008715426196781624
1777876495.671748,0.2407170732827102,-0.3179635953668567,0.5210104513132148,1,27.161598205566406,27.392864227294922,0.024717073284167328,-0.02273683337642249,-0.008723903759866494
1777876495.7217069,0.23869853736936866,-0.31691788021084755,0.5214126038371547,1,26.74245834350586,26.95178985595703,0.022698537370825812,-0.02169111822041339,-0.008321751235926628
1777876495.7633145,0.23643292252516182,-0.3159012845906707,0.5219279969587383,1,17.887115478515625,18.118619918823242,0.020432922526618956,-0.0206745226002365,-0.007806358114343083
1777876495.8166227,0.2355167673314828,-0.3154404546893639,0.5221968115626776,1,21.122217178344727,21.338462829589844,0.019516767332939937,-0.020213692698929697,-0.007537543510403685
1777876495.8709154,0.23374394103703236,-0.3145803234748152,0.5227128559155736,1,23.8037109375,24.030685424804688,0.017743941038489495,-0.019353561484381,-0.0070214991575077434
1777876495.9125621,0.23305590910132595,-0.3142552642440535,0.5229203215560906,1,15.388965606689453,15.625715255737305,0.017055909102783103,-0.019028502253619323,-0.006814033516990753
1777876495.9770412,0.23281977436861648,-0.31411458435900164,0.5230010351923055,1,29.294490814208984,29.498577117919922,0.016819774370073627,-0.018887822368567425,-0.006733319880775829
1777876496.033695,0.232021233538135,-0.31353753208174956,0.5231774586267532,1,35.82429885864258,36.069393157958984,0.016021233539592138,-0.018310770091315376,-0.006556896446328023
1777876496.0764952,0.23201407453530687,-0.31376076565502947,0.5231309810396776,1,28.473615646362305,28.77664566040039,0.01601407453676402,-0.01853400366459529,-0.006603374033403719
1777876496.144364,0.23146304316173538,-0.3139802848588983,0.5233793341387082,1,46.019792556762695,46.330928802490234,0.015463043163192518,-0.01875352286846413,-0.006355020934373151
1777876496.1683276,0.22963499520246522,-0.31573987260281244,0.5239076162334951,1,20.021438598632812,20.2481746673584,0.013634995203922376,-0.02051311061237826,-0.0058267388395861625
1777876496.2190678,0.22798128428011086,-0.32024710414904267,0.5265991474350269,1,20.67112922668457,20.89405059814453,0.011981284281567993,-0.025020342158608516,-0.0031352076380544575
1777876496.2902334,0.22658789781823374,-0.32614339804202774,0.5305886943674675,1,41.53871536254883,41.882991790771484,0.010587897819690877,-0.03091663605159356,0.0008543392943862124
1777876496.3251984,0.22606527040380914,-0.3292693989654173,0.5321248818585649,1,26.375770568847656,26.568174362182617,0.010065270405266273,-0.03404263697498308,0.0023905267854835155
1777876496.3703506,0.22527044480982528,-0.33525542931898394,0.5338984948463312,1,21.45552635192871,21.657705307006836,0.009270444811282412,-0.04002866732854976,0.004164139773249878
1777876496.4278872,0.22531504853398265,-0.34195396557883245,0.5332599069051074,1,27.805566787719727,28.007030487060547,0.009315048535439796,-0.04672720358839827,0.003525551832026075
1777876496.4770162,0.22595955657457184,-0.345410355325519,0.5318749505802427,1,26.835918426513672,27.042865753173828,0.00995955657602899,-0.05018359333508479,0.00214059550716144
1777876496.5377219,0.22677137998427097,-0.351287481018708,0.5283905842392282,1,36.818742752075195,37.05573081970215,0.010771379985728101,-0.05606071902827384,-0.0013437708338531057
1777876496.577358,0.22751540960570388,-0.3558922091679758,0.5247890210887444,1,26.4279842376709,26.641845703125,0.011515409607161013,-0.060665447177541604,-0.004945333984336969
1777876496.6342475,0.22774823213740783,-0.3575014778274225,0.5232680120916966,1,32.38034248352051,33.415794372558594,0.01174823213886498,-0.062274715836988265,-0.006466342981384751
1777876496.6746716,0.22802401421653523,-0.3581373341486829,0.5225843095145946,1,23.556232452392578,23.758649826049805,0.012024014217992388,-0.06291057215824866,-0.007150045558486806
1777876496.722256,0.22780132789346827,-0.3569076192607017,0.5223776105175538,1,21.110057830810547,21.29340171813965,0.011801327894925412,-0.06168085727026748,-0.007356744555527456
1777876496.7769377,0.2279039389127384,-0.3563980057079366,0.5221529074842396,1,25.627851486206055,25.871992111206055,0.011903938914195562,-0.06117124371750243,-0.007581447588841758
1777876496.8363156,0.2282840672840214,-0.3560048057621655,0.5214109791120858,1,34.99650955200195,35.2017879486084,0.012284067285478546,-0.060778043771731294,-0.008323375960995534
1777876496.8897154,0.22839038872259643,-0.3558707539887741,0.5210458301010494,1,37.305355072021484,37.544965744018555,0.012390388724053555,-0.06064399199833992,-0.008688524972031854
1777876496.926032,0.2284302606838301,-0.35594547213992767,0.5209146343750264,1,23.442506790161133,23.693323135375977,0.012430260685287235,-0.06071871014949351,-0.008819720698054957
1777876496.9797919,0.2283916169618867,-0.35607224373357516,0.5207211275336667,1,27.067899703979492,27.298688888549805,0.012391616963343836,-0.060845481743141,-0.00901322753941454
1777876497.023379,0.22853879420172854,-0.3556671579627091,0.5206782858700609,1,20.61009407043457,20.87712287902832,0.012538794203185676,-0.06044039597227488,-0.009056069203020364
1777876497.0771835,0.22892477017458765,-0.3545088767154205,0.5214935456007337,1,24.32847023010254,24.551868438720703,0.012924770176044792,-0.05928211472498629,-0.008240809472347593
1777876497.12046,0.22937032885869257,-0.3487560051018652,0.5266749309448099,1,17.55523681640625,17.75193214416504,0.01337032886014971,-0.05352924311143106,-0.003059424128271454
1777876497.1729178,0.22901115765057609,-0.33874025569524885,0.5390008343609972,1,19.913434982299805,20.148277282714844,0.013011157652033228,-0.043513493704814665,0.009266479287915866
1777876497.2278216,0.2282768492191235,-0.33329950939005293,0.5481719062921223,1,24.755001068115234,24.974346160888672,0.01227684922058063,-0.038072747399618745,0.018437551219040973
1777876497.2762098,0.22643126686906662,-0.3257998349232136,0.5655974418747295,1,22.85933494567871,23.134708404541016,0.010431266870523752,-0.030573072932779444,0.035863086801648195
1777876497.3456683,0.22657658271977188,-0.32407708158952564,0.577809205577466,1,42.093753814697266,42.4189567565918,0.010576582721229015,-0.02885031959909143,0.04807485050438467
1777876497.386904,0.22678239412158072,-0.3240430636700137,0.5820681179793118,1,32.38368034362793,32.59634971618652,0.010782394123037858,-0.02881630167957952,0.052333762906230485
1777876497.432435,0.2272297681149231,-0.3232684487944145,0.5857671201265763,1,27.31180191040039,27.592897415161133,0.011229768116380247,-0.02804168680398031,0.05603276505349498
1777876497.4832628,0.22788113662078302,-0.3212700078201115,0.5864005270686947,1,28.126239776611328,28.34939956665039,0.011881136622240156,-0.026043245829677347,0.0566661719956134
1777876497.5296607,0.22798699187193996,-0.3200791676955952,0.5861321852604945,1,24.060726165771484,24.260282516479492,0.0119869918733971,-0.024852405705161035,0.05639783018741322
1777876497.5831225,0.22788298155809206,-0.317827659483058,0.5850648451262217,1,26.58534049987793,26.822566986083984,0.011882981559549192,-0.022600897492623867,0.05533049005314044
1777876497.6405423,0.22762409200755382,-0.31652663553708354,0.5843067083066409,1,33.84566307067871,34.150123596191406,0.011624092009010968,-0.02129987354664936,0.05457235323355952
1777876497.6836462,0.22769502340475098,-0.3159956906518697,0.5839549647803088,1,26.938199996948242,27.148723602294922,0.011695023406208128,-0.020768928661435565,0.05422060970722754
1777876497.7430193,0.2277234778144437,-0.3154224741185292,0.5835331826034803,1,36.23843193054199,36.49735450744629,0.011723477815900822,-0.020195712128094984,0.053798827530398954
1777876497.7816076,0.227527609852805,-0.3150610916869777,0.5833477823768751,1,24.760961532592773,24.98912811279297,0.011527609854262148,-0.01983432969654353,0.05361342730379379
1777876497.8334205,0.22742170240480397,-0.31489829914499273,0.5832827246549371,1,26.48758888244629,26.728391647338867,0.01142170240626112,-0.01967153715455855,0.053548369581855826
1777876497.879104,0.2272330576452073,-0.3146523494049197,0.5832333882820023,1,22.044897079467773,22.248506546020508,0.011233057646664428,-0.019425587414485523,0.053499033208921
1777876497.9297898,0.22695951592465977,-0.31460984932372016,0.5833178679290347,1,21.942853927612305,22.164583206176758,0.010959515926116915,-0.019383087333286003,0.05358351285595338
1777876497.9740143,0.22673812175525732,-0.3145280993890148,0.5833796097920901,1,16.16668701171875,16.368627548217773,0.010738121756714465,-0.019301337398580615,0.053645254719008814
1777876498.0331788,0.22614580229519698,-0.31416253840674124,0.5834351469487252,1,24.98006820678711,25.39992332458496,0.010145802296654113,-0.018935776416307087,0.05370079187564391
1777876498.0873842,0.22566310840282633,-0.3132162737955637,0.583132077115268,1,29.31356430053711,29.547691345214844,0.009663108404283464,-0.01798951180512956,0.05339772204218669
1777876498.1260993,0.22509681070427978,-0.3122563358655003,0.5826333172087279,1,17.68040657043457,17.926692962646484,0.009096810705736917,-0.017029573875066067,0.05289896213564657
1777876498.1998765,0.22473632184346137,-0.31182199315880565,0.5822567666699591,1,41.411638259887695,41.61715507507324,0.008736321844918508,-0.016595231168371444,0.05252241159687771
1777876498.223511,0.22379167496880242,-0.3108374762737791,0.5810704451070341,1,14.921903610229492,15.164852142333984,0.007791674970259559,-0.0156107142833449,0.0513360900339528
1777876498.284385,0.22324793271505977,-0.31000356411954155,0.5799517834526076,1,25.760889053344727,25.968074798583984,0.007247932716516928,-0.014776802129107397,0.05021742837952629
1777876498.3362823,0.22241264429338084,-0.3064415328728289,0.5745518455549123,1,27.582645416259766,27.791976928710938,0.006412644294837989,-0.011214770882394698,0.04481749048183109
1777876498.391667,0.2200901761284591,-0.30393768113206837,0.5668465041291906,1,32.73606300354004,32.9744815826416,0.004090176129916252,-0.008710919141634188,0.03711214905610923
1777876498.4308069,0.218691021755115,-0.30329477369825697,0.5631981961510625,1,21.82745933532715,22.053241729736328,0.002691021756572147,-0.008068011707822786,0.033463841077981185
1777876498.4991925,0.21637806940697898,-0.3023138140530539,0.5559215703559903,1,40.11273384094238,40.370941162109375,0.00037806940843611997,-0.007087052062619739,0.02618721528290903
1777876498.533293,0.21556294223329717,-0.3021837156781205,0.5496104869354297,1,24.147987365722656,24.3527889251709,-0.0004370577652456978,-0.0069569536876863125,0.019876131862348424
1777876498.5973067,0.21542637132037992,-0.30197499687800144,0.5445450855314413,1,37.9786491394043,38.297414779663086,-0.0005736286781629421,-0.0067482348875672615,0.014810730458360066
1777876498.6353881,0.21549529338532375,-0.30188865157602995,0.5425182370736996,1,26.08633041381836,26.314258575439453,-0.0005047066132191011,-0.0066618895855957705,0.012783882000618349
1777876498.6823757,0.21606198904491442,-0.30169132801324494,0.5380218876963132,1,22.85146713256836,23.099422454833984,6.198904637155084e-05,-0.0064645660228107305,0.008287532623231952
1777876498.747913,0.2167106988813338,-0.3020542888204535,0.5345093776325572,1,37.95957565307617,38.33174705505371,0.0007106988827909264,-0.006827526830019304,0.004775022559475886
1777876498.789169,0.21666516865266638,-0.3024811978095955,0.5340656689939979,1,29.33526039123535,29.532909393310547,0.0006651686541235338,-0.007254435819161312,0.004331313920916555
1777876498.8314495,0.21658971098184218,-0.3022913802693469,0.5324504881122143,1,21.536827087402344,21.740436553955078,0.0005897109832993172,-0.0070646182789126655,0.0027161330391329286
1777876498.882328,0.21569716971210862,-0.30169761162044967,0.5318085288225131,1,22.227048873901367,22.55725860595703,-0.00030283028643424137,-0.006470849630015485,0.002074173749431703
1777876498.9315925,0.215208766995992,-0.3015700690762933,0.5317759521309852,1,21.396160125732422,21.747112274169922,-0.0007912330025508507,-0.006343307085859118,0.00204159705790382
1777876498.978317,0.2144680465528119,-0.3017088815152725,0.531746149990541,1,18.197298049926758,18.401384353637695,-0.0015319534457309478,-0.006482119524838306,0.002011794917459779
1777876499.039189,0.21400576610163935,-0.3020953693688132,0.5318246267564287,1,28.92470359802246,29.195547103881836,-0.001994233896903501,-0.006868607378379049,0.0020902716833473695
1777876499.0825877,0.21388141081994452,-0.3022226019788824,0.5318281761528879,1,21.81720733642578,22.11761474609375,-0.0021185891785983416,-0.006995839988448188,0.002093821079806636
1777876499.132495,0.21380974703858058,-0.3024844454564195,0.5316821775992308,1,21.529674530029297,21.80171012878418,-0.00219025295996228,-0.007257683465985348,0.0019478225261494037
1777876499.1954076,0.21379279738085238,-0.3026455147079569,0.531528848287016,1,33.20479393005371,33.38885307312012,-0.0022072026176904805,-0.0074187527175227225,0.001794493213934635
1777876499.249891,0.21378937294487185,-0.30264981524774304,0.5314351251902416,1,37.47844696044922,37.76144981384277,-0.002210627053671012,-0.007423053257308854,0.0017007701171603412
1777876499.2833538,0.2136773769547854,-0.30262194559793837,0.5312069146034052,1,20.917654037475586,21.137475967407227,-0.0023226230437574658,-0.0073951836075041855,0.0014725595303238526
1777876499.3394096,0.21360399939229535,-0.3026483082386216,0.5311029628950713,1,26.622295379638672,26.89361572265625,-0.002396000606247499,-0.00742154624818743,0.0013686078219899492
1777876499.3916712,0.21346238538638404,-0.30261894428012437,0.5309206555759417,1,28.89108657836914,29.100418090820312,-0.002537614612158824,-0.0073921822896901995,0.0011863005028603588
1777876499.4426649,0.21332437965060513,-0.30251813076542,0.530783132932361,1,29.556989669799805,30.020952224731445,-0.002675620347937717,-0.007291368774985846,0.0010487778592796898
1777876499.4822853,0.2132734379996167,-0.3024654334660011,0.5306668387969985,1,19.348859786987305,19.60015296936035,-0.0027265619989261525,-0.007238671475566866,0.0009324837239172157
1777876499.5422206,0.21330689764296693,-0.30248798048898234,0.5306103884211818,1,29.198169708251953,29.42657470703125,-0.0026931023555759326,-0.007261218498548161,0.000876033348100505
1777876499.5909824,0.213350362426076,-0.30253592238006555,0.5305482706435016,1,27.928829193115234,28.12981605529785,-0.002649637572466855,-0.007309160389631392,0.0008139155704203066
1777876499.633357,0.2133380260811462,-0.30252259844959095,0.5305151963406995,1,20.174026489257812,20.427465438842773,-0.0026619739173966775,-0.00729583645915674,0.0007808412676182375
1777876499.6841085,0.21333525716155366,-0.30247638942014043,0.530499003856789,1,20.894765853881836,21.1029052734375,-0.002664742836989191,-0.007249627429706279,0.0007646487837077234
1777876499.743487,0.2133884201599311,-0.3024151803125965,0.5304385393922785,1,30.147790908813477,30.38811683654785,-0.002611579838611773,-0.0071884183221623404,0.0007041843191971514
1777876499.7875524,0.213450721093679,-0.3024121440065971,0.5304568703000034,1,24.16372299194336,24.391889572143555,-0.0025492789048638664,-0.007185382016162922,0.0007225152269221824
1777876499.8513708,0.21348014204305216,-0.30240729290576523,0.5304770797910834,1,37.80388832092285,38.150787353515625,-0.002519857955490687,-0.0071805309153310515,0.0007427247180021163
1777876499.9007533,0.21355300198191282,-0.30241440475499076,0.5304819411141019,1,35.27569770812988,35.4921817779541,-0.0024469980166300434,-0.007187642764556579,0.0007475860410205079
1777876499.9451895,0.2136331829428098,-0.302446336874709,0.5304567311652073,1,27.942657470703125,28.3205509185791,-0.0023668170557330365,-0.007219574884274826,0.0007223760921259981
1777876500.0028265,0.21371246646087036,-0.30249320412417313,0.5304502324437461,1,35.64882278442383,35.87937355041504,-0.002287533537672505,-0.007266442133738976,0.0007158773706647942
1777876500.042506,0.21391505013969994,-0.3026325749988994,0.5304354268231999,1,25.264739990234375,25.482892990112305,-0.002084949858842909,-0.007405813008465212,0.0007010717501186037
1777876500.0993607,0.21415439865216085,-0.3029224512318127,0.5304774423753256,1,31.998395919799805,32.23776817321777,-0.0018456013463820087,-0.007695689241378562,0.000743087302244233
1777876500.138928,0.21418272401444471,-0.30327840417261154,0.5307294484077307,1,21.559476852416992,21.76189422607422,-0.0018172759840981434,-0.008051642182177327,0.0009950933346494564
1777876500.1893945,0.21429312123288036,-0.3047939749134604,0.5317649322025717,1,21.860361099243164,22.08423614501953,-0.0017068787656624937,-0.009567212923026217,0.0020305771294903824
1777876500.237914,0.21441044750273944,-0.3072214314559291,0.5332979173764532,1,20.31397819519043,20.53213119506836,-0.0015895524958034132,-0.011994669465494934,0.0035635623033718478
1777876500.303164,0.21441510255341203,-0.30869750938420903,0.534184764882678,1,35.34102439880371,35.57085990905762,-0.001584897445130816,-0.013470747393774879,0.004450409809596698
1777876500.336332,0.2143328416036414,-0.3115747976309531,0.535697636434222,1,18.48006248474121,18.69678497314453,-0.0016671583949014607,-0.016348035640518926,0.005963281361140695
1777876500.3889477,0.21480757036854975,-0.3140609420348568,0.5358033833940853,1,21.021127700805664,21.23427391052246,-0.001192429629993122,-0.01883418004442261,0.006069028321003991
1777876500.453984,0.2151446001024564,-0.3148171876552923,0.5356033057641678,1,35.96091270446777,36.18049621582031,-0.0008553998960864478,-0.019590425664858135,0.0058689506910864775
1777876500.4948866,0.2151466601396707,-0.3151051650659221,0.5355133986950552,1,26.694536209106445,26.908397674560547,-0.0008533398588721625,-0.019878403075487966,0.005779043621973894
1777876500.5478745,0.21482066361530705,-0.3149543631380262,0.5356110296310855,1,29.597759246826172,29.829025268554688,-0.0011793363832358211,-0.019727601147592033,0.005876674558004197
1777876500.5950751,0.2145677073024449,-0.3150009192271348,0.5356533544809082,1,25.636911392211914,25.868892669677734,-0.0014322926960979518,-0.019774157236700646,0.0059189994078268915
1777876500.646617,0.21395698054102918,-0.315133551191763,0.5356605386007476,1,26.966333389282227,27.210474014282227,-0.002043019457513659,-0.01990678920132885,0.005926183527666287
1777876500.6874793,0.21344889784494694,-0.3146837223037039,0.5356632898030866,1,17.82393455505371,18.018722534179688,-0.0025511021535959202,-0.019456960313269683,0.005928934730005296
1777876500.7531793,0.21321624899744218,-0.3148643175623169,0.5356234683026349,1,31.943559646606445,32.15193748474121,-0.00278375100110069,-0.019637555571882764,0.005889113229553496
1777876500.8036776,0.21342771939047078,-0.31550618854693824,0.5354249965688221,1,32.21702575683594,32.553672790527344,-0.002572280608072061,-0.020279426556504027,0.005690641495740861
1777876500.8483813,0.2140343033575283,-0.316442196035739,0.5349702079198271,1,27.00185775756836,27.195453643798828,-0.0019656966410145638,-0.02121543404530482,0.005235852846745825
1777876500.9092214,0.2150198570745136,-0.3168450594923937,0.5344345389887863,1,37.726640701293945,37.97793388366699,-0.0009801429240292522,-0.021618297501959566,0.004700183915705092
1777876500.9468024,0.21540286095566674,-0.31694880486209953,0.5342364322597245,1,25.21514892578125,25.451183319091797,-0.0005971390428761228,-0.021722042871665376,0.004502077186643166
1777876500.9900882,0.2160589128721834,-0.3173096832260939,0.5339446878378209,1,18.4323787689209,18.641233444213867,5.8912873640536156e-05,-0.022082921235659664,0.004210332764739588
1777876501.0613086,0.21641241980712567,-0.3176968452040845,0.5337754705236558,1,39.30783271789551,39.635419845581055,0.0004124198085828229,-0.02247008321365032,0.004041115450574548
1777876501.1083696,0.2165186669357138,-0.3178621785527458,0.5337266609399514,1,36.42082214355469,36.629676818847656,0.0005186669371709599,-0.022635416562311633,0.0039923058668700565
1777876501.1571002,0.2168326184047866,-0.3180377600491945,0.5336121304850345,1,35.08257865905762,35.27951240539551,0.0008326184062437403,-0.022810998058760273,0.0038777754119532284
1777876501.1889203,0.2171830511692884,-0.31795229529734725,0.5334863086179323,1,16.845226287841797,17.0443058013916,0.001183051170745554,-0.022725533306913098,0.003751953544851
1777876501.2626014,0.21699529595921066,-0.31765988285693314,0.5335729963775308,1,39.95537757873535,40.30299186706543,0.0009952959606677955,-0.022433120866498985,0.0038386413044494486
1777876501.3126044,0.21606338549743548,-0.3169497994580718,0.5337675358216124,1,39.84522819519043,40.11964797973633,6.338549889261386e-05,-0.021723037467637596,0.004033180748531137
1777876501.3507009,0.21554407886188826,-0.31654717090541595,0.5336959451461644,1,27.812719345092773,28.19037437438965,-0.0004559211366546023,-0.021320408914981742,0.003961590073083075
1777876501.4033952,0.21543615207171557,-0.31632500755115395,0.5336217292312819,1,30.437946319580078,30.77220916748047,-0.0005638479268272739,-0.021098245560719764,0.0038873741582006183
1777876501.4438818,0.21534801281861404,-0.3162187161604602,0.5335511269074356,1,20.834684371948242,21.059274673461914,-0.0006519871799288215,-0.020991954170026028,0.003816771834354249
1777876501.4978826,0.21536286480198236,-0.3161491995879684,0.5334179592500498,1,24.625539779663086,24.87468719482422,-0.0006371351965605149,-0.020922437597534205,0.0036836041769684053
1777876501.5508878,0.21541472095520525,-0.31617047283133726,0.5333100246031137,1,27.4200439453125,27.676820755004883,-0.0005852790433376054,-0.0209437108409031,0.003575669530032459
1777876501.5894887,0.21526897120718477,-0.3161645195115905,0.5331517144395946,1,15.750885009765625,15.981912612915039,-0.0007310287913580779,-0.02093775752115634,0.0034173593665133423
1777876501.6513698,0.21497402387888148,-0.3158437573302327,0.5331160610938276,1,27.205944061279297,27.4045467376709,-0.001025976119661369,-0.020616995339798494,0.00338170602074625
1777876501.7021744,0.21481824006948966,-0.3157150428107046,0.533061255901212,1,24.49655532836914,24.7495174407959,-0.001181759929053193,-0.02048828082027046,0.003326900828130676
1777876501.7508144,0.2146128635208776,-0.31568179316593026,0.5329464512020312,1,23.108482360839844,23.333311080932617,-0.0013871364776652448,-0.020455031175496047,0.0032120961289499456
1777876501.8055484,0.21461853870049633,-0.3158164316577709,0.53280280218102,1,19.768714904785156,19.963741302490234,-0.0013814612980465324,-0.02058966966733672,0.0030684471079387154
1777876501.8589962,0.21476589295782056,-0.3160149324450414,0.5326725867966831,1,22.208690643310547,22.423982620239258,-0.0012341070407222918,-0.020788170454607263,0.0029382317236017336
1777876501.9043765,0.21488586519813596,-0.3160270175618628,0.5326168161963087,1,16.324520111083984,16.543865203857422,-0.0011141348004069032,-0.020800255571428644,0.0028824611232274103
1777876501.9565191,0.21517784361660933,-0.31600260867493535,0.532531826834709,1,18.37611198425293,18.585205078125,-0.0008221563819335309,-0.020775846684501192,0.0027974717616277567
1777876502.011335,0.21520333349809417,-0.315750914449339,0.5325089289509863,1,23.090839385986328,23.31686019897461,-0.0007966665004486978,-0.02052415245890482,0.0027745738779049803
1777876502.05959,0.21523246882020589,-0.3156840595050687,0.5324961983814214,1,21.017789840698242,21.260499954223633,-0.0007675311783369651,-0.020457297514634515,0.002761843308340048
1777876502.1079555,0.2152749049364874,-0.3155983074546883,0.5324439809900618,1,19.278526306152344,19.594907760620117,-0.00072509506205546,-0.0203715454642541,0.002709625916980485
1777876502.1723197,0.21514815645125362,-0.3155467821377992,0.5324627124445012,1,33.58721733093262,33.85758399963379,-0.0008518435472892258,-0.02032002014736503,0.002728357371419854
1777876502.2140322,0.21502788495786665,-0.3154284445063239,0.532472456398713,1,25.318384170532227,25.536060333251953,-0.0009721150406762011,-0.020201682515889746,0.002738101325631681
1777876502.273911,0.21498805740330829,-0.31537650314328364,0.5324763187951886,1,35.09020805358887,35.327911376953125,-0.0010119425952345718,-0.020149741152849454,0.0027419637221073323
1777876502.3087366,0.21496628966776138,-0.3151473774009106,0.5324063770012069,1,19.845962524414062,20.06673812866211,-0.0010337103307814857,-0.019920615410476378,0.002672021928125601
1777876502.3666568,0.21494806197651573,-0.3151601948572382,0.5323671673461507,1,27.550697326660156,27.772188186645508,-0.0010519380220271185,-0.01993343286680399,0.0026328122730694473
1777876502.4079032,0.2149163798139346,-0.31512907398194434,0.532320761033675,1,18.548250198364258,18.777847290039062,-0.0010836201846082527,-0.01990231199151013,0.00258640596059366
1777876502.4663806,0.21482882733318728,-0.31479915047333995,0.5323081598093601,1,26.9467830657959,27.175188064575195,-0.0011711726653555743,-0.019572388482905795,0.0025738047362788077
1777876502.5195007,0.214664477129891,-0.31456749544062623,0.5322818592844095,1,30.001401901245117,30.222415924072266,-0.0013355228686518575,-0.01934073345019205,0.0025475042113282387
1777876502.5574253,0.21458707846617667,-0.3144130395902877,0.5322344517620231,1,17.757177352905273,17.96889305114746,-0.0014129215323661903,-0.01918627759985353,0.0025000966889418066
1777876502.6066186,0.21452682130270095,-0.3141090488833077,0.5321617596700008,1,16.865968704223633,17.089366912841797,-0.0014731786958419174,-0.018882286892873523,0.002427404596919494
1777876502.6577206,0.21456179965766456,-0.3141963476188089,0.5320923810030337,1,17.512083053588867,17.74144172668457,-0.0014382003408782984,-0.01896958562837467,0.002358025929952365
1777876502.7099257,0.21461727476903084,-0.31429689980916475,0.5320261192640277,1,19.619464874267578,19.850492477416992,-0.0013827252295120288,-0.019070137818730543,0.002291764190946295
1777876502.7651844,0.2148374535700251,-0.31443829195961714,0.5318747772787928,1,24.844646453857422,25.032758712768555,-0.0011625464285177703,-0.019211529969182933,0.002140422205711548
1777876502.8199213,0.21496885323761744,-0.3143076159519599,0.5318279930987073,1,29.335737228393555,29.569149017333984,-0.0010311467609254027,-0.01908085396152573,0.0020936380256259823
1777876502.868637,0.21474381924831534,-0.31409969775743707,0.531932567897045,1,27.88066864013672,28.100013732910156,-0.0012561807502275216,-0.018872935767002913,0.002198212823963659
1777876502.911976,0.21389545417305597,-0.3135282442088432,0.5322740557216262,1,20.192623138427734,20.42222023010254,-0.0021045458254868796,-0.018301482218408993,0.002539700648544946
1777876502.9641273,0.2129568589848933,-0.3129248425127886,0.5326679306558684,1,22.35889434814453,22.5522518157959,-0.003043141013649546,-0.017698080522354415,0.002933575582787118
1777876503.0273428,0.21254074949664048,-0.31268032306477783,0.5328432306529347,1,35.33005714416504,35.54725646972656,-0.0034592505019023848,-0.01745356107434365,0.0031088755798534123
1777876503.0685785,0.21182997651987132,-0.3120610238907404,0.5331770094775437,1,26.374101638793945,26.682615280151367,-0.004170023478671549,-0.016834261900306235,0.0034426544044623697
1777876503.1179163,0.21130081544664028,-0.31150856237827007,0.5334978090227134,1,25.723934173583984,25.942564010620117,-0.004699184551902567,-0.016281800387835887,0.0037634539496320674
1777876503.167341,0.21105524931759073,-0.3113918053121775,0.5336276940869422,1,25.05183219909668,25.289297103881836,-0.004944750680952133,-0.016165043321743344,0.003893339013860901
1777876503.2184415,0.21085060975466485,-0.3113377490315923,0.5337344423647326,1,25.973081588745117,26.215076446533203,-0.005149390243877998,-0.01611098704115807,0.00400008729165123
1777876503.26566,0.21047224441437823,-0.3111175369536801,0.5339018490149469,1,23.025035858154297,23.259878158569336,-0.005527755584164622,-0.015890774963245924,0.004167493941865524
1777876503.3171067,0.21064268472189573,-0.3113211119745969,0.5338419108865983,1,24.374723434448242,24.63078498840332,-0.005357315276647116,-0.01609434998416273,0.004107555813516989
1777876503.3738708,0.21120788582734173,-0.3115653276761783,0.5336450428820121,1,31.073570251464844,31.271934509277344,-0.004792114171201116,-0.016338565685744127,0.003910687808930752
1777876503.419894,0.21137405758430636,-0.3116520560285032,0.5336710046613576,1,27.01592445373535,27.23073959350586,-0.0046259424142365,-0.016425294038069027,0.003936649588276303
1777876503.4643362,0.21129233282602158,-0.31168570795154116,0.5337282718082874,1,21.32105827331543,21.57306671142578,-0.004707667172521274,-0.016458945961106947,0.00399391673520616
1777876503.5205746,0.21106685705122571,-0.3116160068981102,0.5338272105686841,1,27.452468872070312,27.727127075195312,-0.004933142947317143,-0.016389244907676015,0.004092855495602787
1777876503.567918,0.2108681693816677,-0.31144161259872644,0.5339237869740681,1,24.809598922729492,25.019168853759766,-0.005131830616875159,-0.016214850608292253,0.004189431900986695
1777876503.6189487,0.21079310853918254,-0.3113711206213363,0.5339789254689509,1,25.629520416259766,25.873661041259766,-0.005206891459360333,-0.01614435863090216,0.004244570395869542
1777876503.6820993,0.21066838599806195,-0.31134457498347334,0.5340651377961877,1,38.63048553466797,38.95974159240723,-0.005331614000480912,-0.016117812993039132,0.004330782723106386
1777876503.7196422,0.21059940959758783,-0.3113098634486997,0.5341072020076482,1,26.113510131835938,26.38554573059082,-0.005400590400955037,-0.016083101458265553,0.004372846934566868
1777876503.7648518,0.2105767301712622,-0.3113038740183649,0.5341171805191445,1,21.339893341064453,21.548748016357422,-0.005423269827280662,-0.016077112027930718,0.004382825446063117
1777876503.8219144,0.21050902098087,-0.3112493800834164,0.5341423736650179,1,28.278827667236328,28.513431549072266,-0.005490979017672856,-0.016022618092982194,0.004408018591936597
1777876503.8824916,0.21046502150511903,-0.31122126279581486,0.5341703249421015,1,37.148237228393555,37.40644454956055,-0.005534978493423819,-0.015994500805380674,0.004435969869020118
1777876503.9126081,0.21045865491969962,-0.31118689168860914,0.5341830130777389,1,17.22574234008789,17.49444007873535,-0.005541345078843227,-0.01596012969817498,0.004448658004657546
1777876503.9671292,0.2104423391013186,-0.31113017685551914,0.534194196866312,1,21.615028381347656,21.851539611816406,-0.005557660897224259,-0.01590341486508498,0.004459841793230675
1777876504.0287557,0.21044151471830258,-0.31110878064962155,0.5342110440339002,1,32.01007843017578,32.54294395446777,-0.005558485280240277,-0.01588201865918734,0.0044766889608188545
1777876504.0626013,0.21047097896275208,-0.3111270673354881,0.5342185174481003,1,16.15595817565918,16.347408294677734,-0.005529021035790768,-0.01590030534505396,0.004484162375019071
1777876504.1320906,0.21054308940043912,-0.31115478492163795,0.5342142669338837,1,35.37130355834961,35.61520576477051,-0.0054569105981037425,-0.015928022931203767,0.0044799118608024185
1777876504.178299,0.21063216272120813,-0.31122416190459073,0.5341920949045864,1,31.16321563720703,31.376361846923828,-0.005367837277334718,-0.01599739991415655,0.004457739831505138
1777876504.2127957,0.2106682880625708,-0.31124262943425796,0.5341848321311784,1,15.62190055847168,15.852689743041992,-0.00533171193597206,-0.016015867443823745,0.0044504770580971464
1777876504.2744505,0.2107145523789588,-0.3112257325573823,0.5342088311852353,1,27.163028717041016,27.40764617919922,-0.005285447619584056,-0.0159989705669481,0.004474476112153965
1777876504.3308136,0.21066577092375785,-0.31121387796516997,0.5342060841111759,1,33.49184989929199,33.69307518005371,-0.005334229074785007,-0.01598711597473579,0.004471729038094563
1777876504.3759427,0.2106428872056173,-0.31119417939243293,0.5341994339992227,1,28.534889221191406,28.760910034179688,-0.005357112792925563,-0.01596741740199875,0.004465078926141314
1777876504.4211404,0.21065703918561415,-0.3111907787516428,0.5341899785010065,1,23.557186126708984,23.776769638061523,-0.005342960812928704,-0.01596401676120865,0.004455623427925111
1777876504.4650624,0.21074257845479866,-0.3112316775497661,0.534156315039609,1,17.473697662353516,17.64369010925293,-0.005257421543744201,-0.01600491555933195,0.004421959966527694
1777876504.5190325,0.21080686542834315,-0.3112657828524744,0.5341341062228402,1,21.33464813232422,21.53301239013672,-0.005193134570199695,-0.01603902086204026,0.004399751149758824
1777876504.5692668,0.21092430138787568,-0.3112881423790519,0.5340415066005734,1,21.425962448120117,21.62480354309082,-0.005075698610667173,-0.016061380388617735,0.004307151527492066
1777876504.63632,0.21096939952648094,-0.31125166855987807,0.5338990370586837,1,38.24186325073242,38.58685493469238,-0.0050306004720619205,-0.01602490656944386,0.004164681985602395
1777876504.6942348,0.21095082132509446,-0.31105058154897935,0.533849382356761,1,46.12851142883301,46.4329719543457,-0.005049178673448403,-0.01582381955854517,0.004115027283679719
1777876504.7211807,0.21096892933678743,-0.3088614117047297,0.5336040441657689,1,22.983551025390625,23.316144943237305,-0.00503107066175542,-0.013634649714295538,0.003869689092687617
1777876504.7828918,0.211063423697354,-0.3048205330855449,0.5322476988265856,1,34.689903259277344,34.93356704711914,-0.004936576301188857,-0.009593771095110698,0.0025133437535043504
1777876504.8233874,0.21101885270710063,-0.3026429669238663,0.5308481246337923,1,25.115489959716797,25.350332260131836,-0.004981147291442216,-0.007416204933432091,0.001113769560711006
1777876504.88108,0.21069605573420971,-0.29960493083035833,0.5284626090460498,1,32.76395797729492,32.965898513793945,-0.005303944264333137,-0.004378168839924146,-0.0012717460270315409
1777876504.919265,0.21042151275547688,-0.2977695871956031,0.5273743839260957,1,20.800352096557617,21.010160446166992,-0.005578487243065963,-0.0025428252051688804,-0.002359971146985655
1777876504.9808528,0.21033914062269665,-0.2977571909244187,0.5273931359340412,1,32.32741355895996,32.508134841918945,-0.0056608593758462195,-0.00253042893398453,-0.0023412191390400766
1777876505.0362182,0.210387097289762,-0.29848809370683965,0.5278097398508975,1,37.60337829589844,37.802934646606445,-0.005612902708780863,-0.003261331716405469,-0.0019246152221838037
1777876505.0736668,0.21049725856845813,-0.2987773204319307,0.5278898220576699,1,24.951457977294922,25.15411376953125,-0.005502741430084723,-0.0035505584414965152,-0.0018445330154113898
1777876505.1291366,0.21055371510719978,-0.2986928472025811,0.5276640692723874,1,28.490066528320312,28.75661849975586,-0.005446284891343085,-0.0034660852121469188,-0.0020702858006939467
1777876505.1742625,0.21056230227487677,-0.29873446528128933,0.5275632126214338,1,23.53978157043457,23.73671531677246,-0.005437697723666091,-0.0035077032908551187,-0.002171142451647498
1777876505.2288973,0.2105884379202619,-0.2990299735949804,0.5275462613941588,1,28.11598777770996,28.310537338256836,-0.005411562078280946,-0.003803211604546247,-0.0021880936789224203
1777876505.2794669,0.2107077717523579,-0.2992708048589036,0.5275791992597718,1,28.591394424438477,28.806209564208984,-0.005292228246184978,-0.004044042868469419,-0.002155155813309495
1777876505.3266468,0.21072113610961668,-0.2992425810801649,0.5275474904708484,1,25.67601203918457,25.8939266204834,-0.0052788638889261705,-0.004015819089730699,-0.0021868646022329824
1777876505.3709471,0.21064416644591338,-0.2990953467809574,0.5274390803909587,1,19.921064376831055,20.123958587646484,-0.005355833552629481,-0.003868584790523183,-0.0022952746821226916
1777876505.436272,0.21051039574072133,-0.2990119905850878,0.527374953992273,1,35.14242172241211,35.384416580200195,-0.005489604257821523,-0.0037852285946536335,-0.002359401080808357
1777876505.4753966,0.21048363485167298,-0.2990114074584329,0.5273738318441863,1,24.06907081604004,24.405241012573242,-0.005516365146869866,-0.0037846454679987263,-0.002360523228895031
1777876505.5349052,0.21047492575088936,-0.29902733898862677,0.527404094745592,1,33.640146255493164,33.844947814941406,-0.005525074247653507,-0.0038005769981925563,-0.002330260327489342
1777876505.5699947,0.2105041872619221,-0.2990642769935293,0.5274203633247341,1,18.66316795349121,18.862485885620117,-0.005495812736620767,-0.003837515003095107,-0.0023139917483472397
1777876505.6299958,0.21052421729825743,-0.2990933242898379,0.5274236983977683,1,28.48196029663086,28.67746353149414,-0.005475782700285425,-0.003866562299403742,-0.0023106566753129942
1777876505.6760762,0.21054151470172733,-0.29910611731630576,0.5274210572803891,1,24.389266967773438,24.603605270385742,-0.005458485296815516,-0.0038793553258715807,-0.0023132977926921955
1777876505.740925,0.21062151119719963,-0.29914891079450534,0.5274236177508502,1,39.157867431640625,39.38579559326172,-0.005378488801343229,-0.003922148804071185,-0.0023107373222310823
1777876505.7751915,0.21065050507500313,-0.29917693381445376,0.5274589441446038,1,23.310422897338867,23.552656173706055,-0.005349494923539727,-0.003950171824019549,-0.0022754109284774393
1777876505.8313627,0.2106599923299477,-0.2992384168506699,0.5275514425125474,1,29.4189453125,29.66761589050293,-0.005340007668595145,-0.004011654860235678,-0.0021829125605339617
1777876505.8768566,0.21064610944994172,-0.2994369376142337,0.5277659066962882,1,24.80912208557129,25.01535415649414,-0.00535389054860113,-0.004210175623799495,-0.001968448376793143
1777876505.9184306,0.21064154955767211,-0.29956323063036777,0.5279013385857211,1,16.287803649902344,16.472339630126953,-0.00535845044087075,-0.0043364686399335745,-0.0018330164873601937
1777876505.9963017,0.21055929962088676,-0.300052508989598,0.5284252171501189,1,43.623924255371094,43.898582458496094,-0.005440700377656087,-0.004825746999163799,-0.0013091379229623612
1777876506.0380316,0.2104130104118091,-0.3008112975551423,0.5291707717812482,1,34.534454345703125,34.810543060302734,-0.005586989586733752,-0.005584535564708129,-0.0005635832918332029
1777876506.0853038,0.2100794718551822,-0.3050223451421452,0.5320659601539054,1,31.609296798706055,31.853199005126953,-0.005920528143360665,-0.00979558315171103,0.002331605080824077
1777876506.1297002,0.2096877633040096,-0.3104446872206992,0.533938214607347,1,23.79775047302246,24.023056030273438,-0.00631223669453327,-0.015217925230264995,0.004203859534265768
1777876506.1926796,0.20939136660245483,-0.3119315969207326,0.5340406925474831,1,35.79068183898926,36.05508804321289,-0.006608633396088019,-0.016704834930298396,0.004306337474401761
1777876506.2450533,0.20940851008631056,-0.3118305179656452,0.5339611930403255,1,38.146257400512695,38.33627700805664,-0.006591489912232289,-0.01660375597521102,0.004226837967244233
1777876506.2825437,0.20953114494599048,-0.3118541505570026,0.5339097653044913,1,25.23183822631836,25.5587100982666,-0.006468855052552382,-0.016627388566568452,0.004175410231409951
1777876506.334003,0.20943527090257752,-0.3119992507620044,0.5338584061709359,1,26.683568954467773,26.883363723754883,-0.006564729095965345,-0.016772488771570226,0.004124051097854672
1777876506.373525,0.2093297726930427,-0.31200431854668353,0.5338446919415948,1,15.921831130981445,16.131877899169922,-0.006670227305500147,-0.01677755655624938,0.004110336868513496
1777876506.4244628,0.2093463827210009,-0.31216147788727866,0.5337561455926078,1,16.81995391845703,17.03023910522461,-0.006653617277541969,-0.016934715896844504,0.004021790519526468
1777876506.4891858,0.21043472991499634,-0.31292170476915404,0.533314405934855,1,31.47411346435547,31.68630599975586,-0.005565270083546528,-0.01769494277871983,0.0035800508617736815
1777876506.535052,0.21107214487805218,-0.31315774612390124,0.5330346464591245,1,27.17757225036621,27.395009994506836,-0.004927855120490675,-0.017930984133467054,0.0033002913860431388
1777876506.5834496,0.21201022474103653,-0.3136192597516084,0.5325925578316025,1,25.306224822998047,25.504589080810547,-0.003989775257506309,-0.01839249776117427,0.0028582027585211944
1777876506.635382,0.21259592480099668,-0.3138629532050313,0.5322547912334947,1,27.138471603393555,27.35137939453125,-0.0034040751975461803,-0.018636191214597142,0.002520436160413468
1777876506.6823094,0.21283155116294689,-0.3138875605804693,0.5320126254498904,1,23.662805557250977,23.900508880615234,-0.0031684488355959647,-0.018660798590035083,0.0022782703768090967
1777876506.734887,0.2128731631061061,-0.313834793105955,0.5319099066940952,1,26.102542877197266,26.385784149169922,-0.0031268368924367573,-0.01860803111552084,0.0021755516210139186
1777876506.7914073,0.21312642069982254,-0.31384152942829047,0.5316706518060856,1,32.58967399597168,32.83095359802246,-0.0028735792987203204,-0.01861476743785631,0.0019362967330043696
1777876506.8520525,0.21358603735265497,-0.3140894883551593,0.5313556784844475,1,42.07348823547363,42.3734188079834,-0.0024139626458878904,-0.018862726364725135,0.0016213234113661712
1777876506.8976038,0.21391609882253199,-0.31428568904517296,0.5311732287681156,1,37.57500648498535,37.80484199523926,-0.0020839011760108717,-0.0190589270547388,0.0014388736950342457
1777876506.9527876,0.21420379213981666,-0.3144373095245909,0.5309097803095277,1,42.64712333679199,42.92750358581543,-0.0017962078587262023,-0.019210547534156713,0.0011754252364464118
1777876506.9808586,0.21406652295257467,-0.31425314132595944,0.530787910303245,1,20.643234252929688,20.924091339111328,-0.0019334770459681835,-0.019026379335525256,0.001053555230163719
1777876507.0342698,0.21405332647947567,-0.3142082383239452,0.5307282569424672,1,24.000167846679688,24.197101593017578,-0.001946673519067181,-0.01898147633351102,0.0009939018693858256
1777876507.0890572,0.21402660515006916,-0.3141890982983028,0.5306074745189313,1,28.620243072509766,28.815031051635742,-0.0019733948484736974,-0.018962336307868644,0.0008731194458499458
1777876507.1369393,0.2138665887498617,-0.3140198081414741,0.5305396943943596,1,24.52850341796875,24.72400665283203,-0.0021334112486811538,-0.018793046151039966,0.00080533932127827
1777876507.1853788,0.21370698982175412,-0.31388105600067284,0.5305353369810457,1,22.870779037475586,23.087263107299805,-0.0022930101767887207,-0.018654294010238687,0.0008009819079643904
1777876507.2317028,0.21335804343507833,-0.31366918972110586,0.530549667120913,1,18.991708755493164,19.191503524780273,-0.002641956563464526,-0.018442427730671673,0.0008153120478317372
1777876507.2933059,0.21301019853369926,-0.3135009433844257,0.5305877239210816,1,30.452489852905273,30.69138526916504,-0.0029898014648435875,-0.018274181393991534,0.0008533688480002882
1777876507.3518643,0.21292521724440994,-0.31345220771076054,0.5305951535295901,1,38.91801834106445,39.154767990112305,-0.003074782754132907,-0.01822544572032636,0.0008607984565088059
1777876507.39062,0.2128623804264046,-0.3133905534714615,0.5305724376832507,1,27.628421783447266,27.83823013305664,-0.0031376195721382547,-0.018163791481027314,0.0008380826101693703
1777876507.4373507,0.21273709457997633,-0.31338406087446524,0.5305726138011451,1,24.247169494628906,24.464130401611328,-0.003262905418566532,-0.01815729888403106,0.0008382587280637219
1777876507.4949965,0.2126311702115815,-0.3133501686170541,0.5305773016009079,1,31.81767463684082,32.029151916503906,-0.003368829786961347,-0.018123406626619903,0.0008429465278265991
1777876507.5381916,0.212524308583107,-0.313289441024028,0.5306030328233322,1,24.750947952270508,24.967432022094727,-0.0034756914154358623,-0.018062679033593793,0.000868677750250943
1777876507.5996287,0.21249943615139144,-0.3133322674421236,0.5306027528783128,1,35.924673080444336,36.12947463989258,-0.0035005638471514167,-0.01810550545168943,0.0008683978052314856
1777876507.6329174,0.21249950150819136,-0.313356827561709,0.5305784588536054,1,18.418073654174805,18.65863800048828,-0.0035004984903514863,-0.018130065571274834,0.0008441037805241719
1777876507.7086494,0.21260626807190555,-0.31346359405748614,0.5305359643468015,1,42.3891544342041,42.64354705810547,-0.0033937319266373125,-0.018236832067051983,0.0008016092737201802
1777876507.754213,0.21255754218197326,-0.3135053030221826,0.5305696499912824,1,35.65859794616699,38.11812400817871,-0.0034424578165696135,-0.01827854103174839,0.0008352949182010572
1777876507.790093,0.2124908604149629,-0.3134600480919022,0.5305931422169463,1,23.647785186767578,23.855209350585938,-0.0035091395835799427,-0.018233286101467988,0.0008587871438650585
1777876507.8390126,0.21233803188402678,-0.3134076422253077,0.5306507800038225,1,22.50504493713379,22.70054817199707,-0.0036619681145160787,-0.018180880234873492,0.0009164249307411776
1777876507.8853624,0.21218115884569794,-0.31347112620192746,0.5307122914922084,1,18.46027374267578,18.644094467163086,-0.0038188411528449276,-0.01824436421149328,0.000977936419127079
1777876507.9564662,0.2121027125136171,-0.31358415899673187,0.5307631745938908,1,39.39414024353027,39.67428207397461,-0.0038972874849257655,-0.01835739700629771,0.001028819520809507
1777876507.9903088,0.21175937623133065,-0.314610109450006,0.5311119418648423,1,23.135662078857422,23.43010902404785,-0.004240623767212202,-0.01938334745957182,0.0013775867917610318
1777876508.0452714,0.21095643922264581,-0.31510703565944004,0.5321053552460516,1,28.017759323120117,28.211355209350586,-0.0050435607758970505,-0.019880273669005855,0.002371000172970296
1777876508.096524,0.2099167491912918,-0.31429555162608025,0.5330676538080237,1,29.210567474365234,29.404163360595703,-0.006083250807251063,-0.019068789635646066,0.0033332987349423485
1777876508.1349475,0.2075578617638587,-0.31177561513966967,0.5353052532724184,1,17.57669448852539,17.751216888427734,-0.008442138234684142,-0.01654885314923546,0.005570898199337135
1777876508.189656,0.20729995778351246,-0.30993729502847245,0.5373022455267548,1,21.930694580078125,22.143840789794922,-0.008700042215030387,-0.014710533038038265,0.007567890453673412
1777876508.2533169,0.2075955599474053,-0.30959508168848227,0.5382122124039455,1,35.50076484680176,35.744428634643555,-0.008404440051137559,-0.01436831969804811,0.008477857330864091
1777876508.291182,0.20788020946748736,-0.3097399419309782,0.539072355043523,1,23.193836212158203,23.3917236328125,-0.008119790531055507,-0.014513179940543991,0.009337999970441692
1777876508.3346477,0.20770441169296067,-0.3099756100925448,0.5394546576443499,1,16.59989356994629,16.823530197143555,-0.008295588305582177,-0.014748848102110662,0.009720302571268546
1777876508.3959372,0.2074018547317044,-0.3099217455071098,0.5392200576761317,1,27.504920959472656,27.710914611816406,-0.008598145266838476,-0.014694983516675614,0.009485702603050428
1777876508.444999,0.20719105304192958,-0.3097202053585097,0.5390631215192783,1,26.373863220214844,26.549100875854492,-0.00880894695661328,-0.01449344336807551,0.009328766446196964
1777876508.488871,0.20693158833554276,-0.30940236950427824,0.5388195464937907,1,20.15233039855957,20.362377166748047,-0.009068411663000112,-0.01417560751384403,0.009085191420709363
1777876508.5492294,0.2069246124604419,-0.309311165606157,0.5387793381080649,1,28.713703155517578,28.997182846069336,-0.009075387538100978,-0.014084403615722857,0.009044983034983578
1777876508.608538,0.2069593249390367,-0.30919653319194096,0.5386905954309138,1,37.92428970336914,38.16819190979004,-0.009040675059506141,-0.013969771201506775,0.00895624035783247
1777876508.6508918,0.20706627957198598,-0.30907056861583593,0.5383763556170368,1,30.13777732849121,30.35426139831543,-0.008933720426556865,-0.013843806625401772,0.008642000543955503
1777876508.6981893,0.20731575553039303,-0.3084142151456166,0.5375985472582491,1,27.361631393432617,27.599811553955078,-0.008684244468149839,-0.013187453155182466,0.00786419218516779
1777876508.7593484,0.20748736756403607,-0.30789623359602003,0.5370016109572441,1,38.376808166503906,38.67197036743164,-0.008512632434506777,-0.01266947160558582,0.007267255884162757
1777876508.80067,0.20789658696206686,-0.30630969994602963,0.5355313880014246,1,29.724597930908203,29.94084358215332,-0.008103413036476,-0.011082937955595423,0.005797032928343299
1777876508.8481746,0.2083043234727483,-0.30464674520520707,0.5342094880396485,1,27.14085578918457,27.3587703704834,-0.007695676525794559,-0.009419983214772859,0.004475132966567243
1777876508.9065669,0.20842780215523163,-0.30416989664600447,0.533800635896484,1,35.38656234741211,35.66741943359375,-0.007572197843311236,-0.008943134655570284,0.004066280823402685
1777876508.9465406,0.20876482087677128,-0.3017534520983619,0.5326031772835218,1,25.282621383666992,25.531768798828125,-0.007235179121771559,-0.006526690107927696,0.0028688222104404845
1777876508.9889393,0.20798823820207266,-0.2996824807322055,0.5313566739990238,1,17.69113540649414,17.89093017578125,-0.008011761796470208,-0.0044557187417713084,0.0016223189259424453
1777876509.0412188,0.20743737204855478,-0.2997197931351099,0.5314696050052847,1,19.8671817779541,20.092010498046875,-0.00856262794998807,-0.004493031144675669,0.0017352499322033782
1777876509.1036851,0.20687696290597143,-0.3003296777879866,0.5318330629846713,1,31.879186630249023,32.1199893951416,-0.009123037092571416,-0.0051029157975524125,0.0020987079115899546
1777876509.1428244,0.2066191281824672,-0.30061817943864366,0.5322772635983056,1,19.85001564025879,20.079612731933594,-0.009380871816075664,-0.005391417448209451,0.0025429085252242772
1777876509.2122037,0.2065220470803113,-0.3006323359795144,0.5324450714010244,1,39.05010223388672,39.29543495178223,-0.009477952918231558,-0.005405573989080217,0.0027107163279430774
1777876509.248143,0.20627032662283998,-0.30028310005555403,0.5326422733989329,1,24.953603744506836,25.175094604492188,-0.00972967337570288,-0.00505633806511982,0.002907918325851591
1777876509.2950044,0.20601619585875355,-0.3001429764820961,0.5327376466692568,1,21.73328399658203,21.937131881713867,-0.009983804139789311,-0.004916214491661908,0.0030032915961755585
1777876509.36037,0.20594117608489088,-0.30021145078574996,0.5328020684461529,1,36.77725791931152,37.110328674316406,-0.010058823913651989,-0.004984688795315773,0.0030677133730715803
1777876509.402569,0.2057463752946159,-0.3002785327594325,0.5329437535082386,1,28.97953987121582,29.23297882080078,-0.010253624703926954,-0.005051770768998293,0.003209398435157336
1777876509.4636078,0.20560919333723415,-0.30036295374970434,0.53303574565125,1,39.646148681640625,39.876461029052734,-0.010390806661308705,-0.005136191759270159,0.0033013905781687156
1777876509.4935648,0.2055483774321117,-0.3003947015947378,0.5330596869246284,1,18.97740364074707,19.21367645263672,-0.010451622566431146,-0.005167939604303617,0.003325331851547021
1777876509.541711,0.20545566369239365,-0.3004604366198932,0.5331172252808686,1,17.160892486572266,17.36283302307129,-0.010544336306149218,-0.005233674629458979,0.003382870207787228
1777876509.6053798,0.2055749160815645,-0.3006185036196206,0.5331123858677408,1,30.073881149291992,30.275344848632812,-0.010425083916978363,-0.005391741629186403,0.003378030794659488
1777876509.6517665,0.20588602213734158,-0.3008437654704809,0.5329901750220871,1,26.0009765625,26.232481002807617,-0.01011397786120126,-0.005617003480046734,0.0032558199490058254
1777876509.704327,0.2070632120189391,-0.3016308043890893,0.5325339713098043,1,28.41925621032715,28.66959571838379,-0.008936787979603768,-0.006404042398655135,0.0027996162367229516
1777876509.7526395,0.20796848996583303,-0.30225996259253823,0.5321691477661635,1,26.669740676879883,26.89838409423828,-0.00803151003270982,-0.0070332006021040505,0.0024347926930822633
1777876509.7956295,0.20801831039652552,-0.3022667465935328,0.5321395403907451,1,18.119335174560547,19.039154052734375,-0.007981689602017325,-0.007039984603098626,0.002405185317663802
1777876509.858577,0.2078432816352712,-0.3021439963454702,0.532191709615065,1,31.672000885009766,31.92591667175293,-0.008156718363271663,-0.006917234355035967,0.0024573545419837445
1777876509.9021935,0.20754150324185028,-0.30191800093790994,0.5322683805185623,1,25.22110939025879,25.47621726989746,-0.008458496756692586,-0.006691238947475753,0.0025340254454809946
1777876511.2642484,0.22323010553231248,-0.25085825747444884,0.49729184007579064,1,34.029245376586914,34.28053855895996,0.007879517382069094,-0.00014681040217605357,-0.00890139429344236
1777876511.2983086,0.223311232289581,-0.251388004873373,0.4989485856074718,1,18.2797908782959,18.47553253173828,0.0079606441393376,-0.0006765578011002221,-0.007244648761761202
1777876511.3731654,0.22310771043287347,-0.2518600139354755,0.5002938443323387,1,42.23132133483887,42.510986328125,0.007757122282630088,-0.0011485668632027213,-0.005899390036894311
1777876511.4066017,0.2228202175243047,-0.2519085051475685,0.5007082911107936,1,25.672197341918945,25.88820457458496,0.007469629374061319,-0.0011970580752957288,-0.005484943258439387
1777876511.4549468,0.22207405680392886,-0.25191466582965527,0.5013317256866386,1,23.952960968017578,24.162769317626953,0.00672346865368547,-0.0012032187573824682,-0.004861508682594433
1777876511.5133069,0.22131699602701496,-0.2519803369013003,0.5018808201290635,1,30.97391128540039,31.16631507873535,0.005966407876771572,-0.0012688898290275363,-0.004312414240169496
1777876511.5554929,0.22099767365146045,-0.252041154788294,0.5021051880281039,1,23.047924041748047,23.282289505004883,0.005647085501217074,-0.0013297077160212,-0.004088046341129088
1777876512.0702393,0.23288716825269873,-0.26461421968890475,0.5033773711165807,1,32.29689598083496,32.55462646484375,0.011582818856493766,-0.021351616895861486,0.005114528148873573
1777876512.1124175,0.23809483635112244,-0.2726455219140665,0.5077711560127756,1,24.7802734375,24.97267723083496,0.01679048695491748,-0.0293829191210232,0.009508313045068481
1777876512.1687694,0.24148991109194945,-0.27706556928593606,0.5106499401913541,1,30.898332595825195,31.24547004699707,0.020185561695744467,-0.03380296649289277,0.012387097223647031
1777876512.224354,0.24910402221585692,-0.2854887298965815,0.5170004933871577,1,35.83359718322754,36.27920150756836,0.02779967281965194,-0.04222612710353821,0.018737650419450615
1777876512.2623668,0.253639645719825,-0.28972300582587135,0.5201953915205286,1,23.96678924560547,24.191617965698242,0.03233529632362004,-0.04646040303282806,0.021932548552821583
1777876512.3268049,0.2637700078343237,-0.2979294667161006,0.5269372888599816,1,38.17629814147949,38.362741470336914,0.042465658438118746,-0.05466686392305731,0.02867444589227451
1777876512.3608928,0.2732594933827567,-0.304566223978043,0.5335574328074238,1,22.06110954284668,22.404909133911133,0.051955143986551704,-0.061303621184999685,0.035294589839716756
1777876512.4196467,0.28079454741627813,-0.3086458212715413,0.5397422599950078,1,29.616832733154297,29.840946197509766,0.05949019802007315,-0.06538321847849796,0.041479417027300694
1777876512.4803503,0.2847113666077053,-0.310267425260491,0.5424500275186792,1,40.06505012512207,40.36760330200195,0.06340701721150033,-0.06700482246744768,0.044187184550972106
1777876512.5152197,0.29199273045317364,-0.3120158853715057,0.547152667404358,1,24.944305419921875,25.156497955322266,0.07068838105696865,-0.06875328257846242,0.04888982443665087
1777876512.5680108,0.2985288451249385,-0.31138953074520936,0.5510033937382657,1,27.632951736450195,27.889728546142578,0.07722449572873355,-0.0681269279521661,0.05274055077055862
1777876512.6164966,0.3,-0.31008423418418296,0.5529027869132489,1,25.969505310058594,26.198148727416992,0.0803225054516837,-0.0668216313911397,0.0546399439455418
1777876512.665536,0.3,-0.3062592335485833,0.5564277581302695,1,24.840831756591797,25.064706802368164,0.08600303387888103,-0.06299663075553999,0.058164915162562336
1777876512.715318,0.3,-0.3035244774398817,0.5584114785436335,1,24.483442306518555,24.732589721679688,0.08878394150649857,-0.06026187464683841,0.06014863557592646
1777876512.7711024,0.3,-0.2966161586803463,0.5620468450205742,1,30.130863189697266,30.459165573120117,0.09415092248913345,-0.053353555887303006,0.06378400205286713
1777876512.8150856,0.3,-0.28754812073807895,0.5656744472122806,1,24.1396427154541,24.36971664428711,0.09896814833105688,-0.04428551794503566,0.06741160424457343
1777876512.883605,0.3,-0.27717657069634877,0.5687608948458537,1,42.41299629211426,42.839765548706055,0.10298256686476667,-0.033913967903305475,0.07049805187814662
1777876512.9119353,0.3,-0.2712942044138046,0.569737045724422,1,20.86162567138672,21.0878849029541,0.10313639871888478,-0.02803160162076132,0.07147420275671489
1777876512.972654,0.3,-0.25952622794237445,0.5708816430416168,1,31.44526481628418,31.713008880615234,0.10392327304244064,-0.01626362514933119,0.07261880007390975
1777876513.0137117,0.3,-0.2489952592849391,0.5716013892731586,1,21.938085556030273,22.167682647705078,0.10637665990457368,-0.005732656491895818,0.0733385463054515
1777876513.0623674,0.3,-0.24401543815327073,0.5718188999244262,1,20.481109619140625,20.723342895507812,0.10689602866605574,-0.0007528353602274385,0.07355605695671921
1777876513.118663,0.3,-0.23359947589759117,0.5722673675026944,1,26.743412017822266,26.959896087646484,0.10719397932627461,0.009663126895452123,0.07400452453498726
1777876513.163016,0.3,-0.2286845450990444,0.5724537102016363,1,20.964860916137695,21.19731903076172,0.10701982066147592,0.014578057693998892,0.07419086723392915
1777876513.2131414,0.3,-0.21914215462658287,0.5727806598046794,1,21.023988723754883,21.217823028564453,0.10598664607201924,0.024120448166460418,0.07451781683697235
1777876513.2642548,0.3,-0.21038882929763997,0.572927519241188,1,21.980762481689453,22.208690643310547,0.10416337831569805,0.03287377349540334,0.07466467627348089
1777876513.3264575,0.3,-0.20210016975783007,0.5730766709981173,1,34.10792350769043,34.33513641357422,0.10152277558689207,0.04116243303521322,0.0748138280304103
1777876513.3821762,0.3,-0.1980568152772578,0.5730350431434318,1,39.68954086303711,39.96467590332031,0.09988887094789561,0.045205787515785495,0.07477220017572472
1777876513.4180512,0.3,-0.19048672976157802,0.5725023461487592,1,25.49266815185547,25.76422691345215,0.09603676395694372,0.052775873031465276,0.07423950318105207
1777876513.4641333,0.3,-0.18429134372918238,0.5711826781463594,1,21.558046340942383,21.790027618408203,0.09159953413847485,0.05897125906386092,0.07291983517865228
1777876513.5273957,0.3,-0.1817266011754924,0.5702867872223973,1,34.7135066986084,34.97505187988281,0.08851889992196446,0.06153600161755088,0.07202394425469033
1777876513.560818,0.3,-0.17746479510442298,0.5677114200529529,1,18.052101135253906,18.287181854248047,0.08015904301396096,0.0657978076886203,0.06944857708524584
1777876513.6599724,0.2899816873933608,-0.1751481551060103,0.5645110385830284,1,67.15250015258789,67.40069389343262,0.06867733799715581,0.06811444768703298,0.06624819561532133
1777876513.6865194,0.2826923233718201,-0.17466778059084254,0.5628338050607965,1,25.124549865722656,25.342226028442383,0.06138797397561515,0.06859482220220074,0.0645709620930894
1777876513.7393343,0.26869965492698666,-0.17555626136470345,0.5599593067212973,1,27.843475341796875,28.045654296875,0.0473953055307817,0.06770634142833984,0.0616964637535903
1777876513.7937224,0.25692434573886747,-0.1783627445271785,0.5573849396224355,1,32.12404251098633,32.355546951293945,0.03561999634266251,0.06489985826586478,0.059122096654728416
1777876513.835876,0.2463635655619463,-0.18227146029133193,0.5537475758692066,1,24.172067642211914,24.42455291748047,0.025059216165741333,0.06099114250171137,0.055484732901499564
1777876513.8918064,0.234917780549239,-0.18608168649081236,0.5468822238366018,1,29.648780822753906,29.854297637939453,0.013613431153034036,0.05718091630223092,0.048619380868894765
1777876513.9374404,0.2294012387819456,-0.18841768278559792,0.5437881575175497,1,25.17986297607422,25.386810302734375,0.00809688938574063,0.05484492000744537,0.045525314549842606
1777876513.993412,0.21889528517108978,-0.19301542933011712,0.5390003499336534,1,30.883312225341797,31.138896942138672,-0.0024090642251151824,0.05024717346292616,0.04073750696594634
1777876514.0307975,0.21019717016300224,-0.19754519609382912,0.5357438559230084,1,18.126964569091797,18.450498580932617,-0.011107179233202737,0.045717406699214175,0.03748101295530142
1777876514.0917122,0.20660867212924192,-0.19942205810183483,0.534546019230393,1,29.000043869018555,29.233932495117188,-0.014695677266963062,0.043840544691208475,0.03628317626268592
1777876514.1360326,0.20060050105581792,-0.20272205946363756,0.5327073258928454,1,23.331165313720703,23.524999618530273,-0.02070384834038705,0.04054054332940574,0.03444448292513833
1777876514.1909254,0.19556667071021364,-0.2041526979832282,0.5321008933147637,1,27.8322696685791,28.359174728393555,-0.025737678685991326,0.039109904809815105,0.03383805034705663
1777876514.2528765,0.1934835044460284,-0.20456821431146727,0.5319833300925272,1,39.795637130737305,40.207862854003906,-0.02782084495017657,0.03869438848157601,0.033720487124820106
1777876514.2952378,0.19032351109106727,-0.20504643474363513,0.5320351029254454,1,31.86345100402832,32.07874298095703,-0.030980838305137714,0.03821616804940817,0.03377225995773835
1777876514.3384721,0.18841171769535212,-0.20546590779656312,0.5319520628508368,1,25.035858154296875,25.248050689697266,-0.03289263170085285,0.03779669499648017,0.03368921988312981
1777876514.3830261,0.1876557558215632,-0.2057928440177609,0.5317686966489006,1,19.50812339782715,19.753694534301758,-0.033648593574641755,0.037469758775282386,0.03350585368119356
1777876514.4430685,0.1854373191887851,-0.2069085527193063,0.5311549301855725,1,28.638124465942383,28.83291244506836,-0.03586703020741987,0.03635405007373699,0.03289208721786538
1777876514.4859154,0.18236647446594087,-0.20866820214079182,0.5305618446732382,1,20.44057846069336,20.674943923950195,-0.0389378749302641,0.03459440065225147,0.032299001705531113
1777876514.5470822,0.18084173425876615,-0.21018362684339423,0.5301359922274144,1,31.306982040405273,31.581878662109375,-0.04046261513743881,0.033078975949649064,0.031873149259707266
1777876514.597005,0.1775416461067132,-0.2124509923997534,0.5288502345991566,1,31.172513961791992,31.43620491027832,-0.04376270328949178,0.03081161039328989,0.030587391631449506
1777876514.6390226,0.17518765548792736,-0.21389591583271284,0.5273748370525971,1,23.227930068969727,23.433685302734375,-0.04611669390827759,0.029366686960330457,0.029111994084890118
1777876514.6929138,0.17412448807372483,-0.21463359952316222,0.5266243117940259,1,25.666236877441406,25.851011276245117,-0.047179861322480136,0.028629003269881076,0.028361468826318893
1777876514.7577076,0.17286098325477472,-0.21654497613350873,0.5253027202346244,1,40.16828536987305,40.4813289642334,-0.04844336614143024,0.02671762665953456,0.027039877266917315
1777876514.791295,0.17215858243224189,-0.22016127645956846,0.5241980392562096,1,23.839235305786133,24.018526077270508,-0.049145766963963076,0.023101326333474823,0.02593519628850248
1777876514.8470395,0.17181007235475731,-0.2247165863599164,0.5235235345145801,1,27.290821075439453,27.53615379333496,-0.04949427704144765,0.018546016433126894,0.025260691546873007
1777876514.905596,0.17150220087627502,-0.22725907509740548,0.5233369912089146,1,33.11586380004883,33.34927558898926,-0.04980214851992995,0.016003527695637815,0.02507414824120756
1777876514.9527128,0.17141835421984608,-0.2324002113571195,0.5231687166480452,1,29.851436614990234,30.16066551208496,-0.04988599517635888,0.010862391435923796,0.02490587368033812
1777876515.018114,0.17140583415735822,-0.2377823859088572,0.5234763177466285,1,45.18938064575195,45.47882080078125,-0.04989851523884674,0.005480216884186095,0.02521347477892147
1777876515.0429642,0.17166889967013493,-0.2404905260188302,0.5238623491739257,1,19.999027252197266,20.270586013793945,-0.049635449726070036,0.0027720767742131086,0.02559950620621866
1777876515.090243,0.1734124676052964,-0.24613637020666057,0.524881246873424,1,17.21954345703125,17.484426498413086,-0.04789188179090855,-0.0028737674136172786,0.02661840390571687
1777876515.152769,0.17642309118409288,-0.25222375175485434,0.525970419939652,1,29.67381477355957,29.91652488708496,-0.044881258212112085,-0.008961148961811022,0.027707576971944974
1777876515.1994078,0.17848472912998956,-0.2552778093381438,0.5264129742931971,1,26.230812072753906,26.470661163330078,-0.04281962026621542,-0.01201520654510052,0.028150131325490005
1777876515.247812,0.1840355766642191,-0.2616784793066429,0.5271899986857508,1,24.567842483520508,24.80292320251465,-0.03726877273198585,-0.018415876513599605,0.028927155718043756
1777876515.3008366,0.19164668373629562,-0.26873257553639585,0.5278403643561882,1,27.507781982421875,27.75263786315918,-0.029657665659909363,-0.02546997274335258,0.029577521388481118
1777876515.3467383,0.19622943942338744,-0.2723288407028168,0.5282130303367552,1,21.512746810913086,21.7437744140625,-0.02507490997281754,-0.02906623790977353,0.029950187369048045
1777876515.4082177,0.20610807534548303,-0.2801909168849779,0.5294212860040962,1,32.088518142700195,32.318115234375,-0.015196274050721938,-0.03692831409193459,0.031158443036389177
1777876515.4550538,0.21742749241521542,-0.28798038675281884,0.5312947509272318,1,28.627872467041016,28.8543701171875,-0.003876856980989541,-0.04471778395977555,0.033031907959524674
1777876515.496043,0.22285145981445542,-0.2917072369603971,0.5324198026129023,1,19.46234703063965,19.701480865478516,0.0015471104182504455,-0.048444634167353784,0.03415695964519527
1777876515.5499225,0.23461726814278253,-0.2985985614117447,0.5352029924679005,1,23.270130157470703,23.4982967376709,0.01331291874657755,-0.05533595861870136,0.03694014950019339
1777876515.6046748,0.24678042244205214,-0.3043073391458642,0.5380343295788148,1,27.8780460357666,28.169631958007812,0.025476073045847168,-0.06104473635282093,0.039771486611107784
1777876515.6509771,0.253587501159914,-0.3069647431656827,0.5387691839117211,1,23.964643478393555,24.22809600830078,0.03228315176370908,-0.06370214037263938,0.04050634094401411
1777876515.698359,0.2663285331038484,-0.3117830178854867,0.5408249615562993,1,21.31199836730957,21.52538299560547,0.04502418370764342,-0.06852041509244339,0.04256211858859232
1777876515.7474158,0.27647545292417447,-0.3134622915808438,0.5441182886221,1,20.19524574279785,20.53213119506836,0.055171103527969494,-0.07019968878780056,0.0458554456543929
1777876515.8049874,0.28479924662739586,-0.311852777027335,0.5466220915073822,1,27.575016021728516,27.8322696685791,0.06349489723119087,-0.0685901742342917,0.048359248539675076
1777876515.8548255,0.2892891840466739,-0.3105633337741853,0.5477580200742083,1,27.277469635009766,27.491331100463867,0.06798483465046895,-0.067300730981142,0.049495177106501184
1777876515.9049878,0.2970904392912092,-0.30522668338102044,0.5501626087186916,1,26.233434677124023,26.4279842376709,0.07578608989500424,-0.061964080587977116,0.05189976575098453
1777876515.9569757,0.3,-0.30122506460722076,0.5511657781155208,1,27.98914909362793,28.20897102355957,0.07909183222656915,-0.05796246181417747,0.0529029351478137
1777876516.0045686,0.3,-0.29149631319909747,0.5530222196484038,1,25.394439697265625,25.761127471923828,0.08450194731460031,-0.048233710406054175,0.054759376680696734
1777876516.0530229,0.3,-0.28170716623864733,0.5536440209718336,1,23.880720138549805,24.13630485534668,0.08932784290480789,-0.03844456344560404,0.05538117800412661
1777876516.1002376,0.3,-0.2759273587638358,0.5536757970453337,1,21.008014678955078,21.251916885375977,0.09161344713295669,-0.03266475597079249,0.05541295407762657
1777876516.1583648,0.3,-0.2649018379842135,0.5538486892742864,1,29.06203269958496,29.31666374206543,0.09428426271823925,-0.021639235191170253,0.05558584630657938
1777876516.2059255,0.3,-0.2553669957471054,0.5541888580863064,1,26.53670310974121,26.78537368774414,0.09685736950867219,-0.012104392954062126,0.0559260151185993
1777876516.2694542,0.3,-0.24582772342402734,0.554392516960107,1,39.37721252441406,39.64042663574219,0.09682797211494981,-0.002565120630984047,0.05612967399239997
1777876516.305183,0.3,-0.24131820461861264,0.5541193396569446,1,25.074005126953125,25.292396545410156,0.09570829552421412,0.0019443981744306504,0.05585649668923748
1777876516.3624723,0.3,-0.23395112980461763,0.5537866696173992,1,32.19914436340332,32.48906135559082,0.09161032077231304,0.009311472988425662,0.05552382664969218
1777876516.404196,0.3,-0.23096844770704675,0.5538162417183194,1,23.87404441833496,24.156808853149414,0.08896680545502256,0.012294155085996544,0.05555339875061234
1777876516.4617717,0.3,-0.2261560763803637,0.5542914847382227,1,31.334400177001953,31.603336334228516,0.0827450083851198,0.017106526412679596,0.05602864177051557
1777876516.5148976,0.2963449275298585,-0.22158114565931364,0.5549491645286466,1,33.0355167388916,34.64221954345703,0.07504057813365356,0.02168145713372964,0.056686321560939605
1777876516.5518994,0.28644416492250735,-0.2165358029179929,0.555648884287701,1,21.2554931640625,21.50702476501465,0.06513981552630235,0.02672679987505039,0.05738604131999388
1777876516.6005194,0.28119255154395945,-0.2144996115586387,0.5560445171287891,1,18.54729652404785,18.768310546875,0.0598882021477545,0.028762991234404595,0.057781674161082076
1777876516.6500626,0.27202397647085313,-0.21136282305000517,0.5571908495812234,1,17.995357513427734,18.225431442260742,0.050719627074648145,0.03189977974303812,0.058928006613516354
1777876516.707202,0.26186175798688827,-0.2088652231957676,0.5581863846242449,1,25.077342987060547,25.278568267822266,0.04055740859068328,0.03439737959727568,0.059923541656537745
1777876516.7722294,0.2564839240699152,-0.20795213175029803,0.5585071786452692,1,39.9627685546875,40.22479057312012,0.03517957467371024,0.03531047104274526,0.060244335677562114
1777876516.8051379,0.24570031945399246,-0.2067558862931042,0.5586163892043642,1,22.762298583984375,23.06342124938965,0.024395970057787486,0.0365067164999391,0.060353546236657105
1777876516.878479,0.23393144981671565,-0.20654267502069412,0.5579214878703337,1,46.08774185180664,46.315908432006836,0.012627100420510677,0.036719927772349156,0.05965864490262663
1777876516.9177492,0.2273705609546185,-0.2070035170526646,0.557273051565577,1,35.20083427429199,35.421133041381836,0.006066211558413526,0.0362590857403787,0.05901020859786998
1777876516.9562538,0.21555370734965665,-0.20860487243234538,0.5557796706895893,1,23.612499237060547,23.839473724365234,-0.0057506420465483175,0.034657730360697914,0.05751682772188229
1777876517.0133467,0.20491391217184074,-0.2113266939283595,0.5539552952737882,1,30.622482299804688,30.879974365234375,-0.01639043722436422,0.031935908864683796,0.055692452306081094
1777876517.0621681,0.19999594906905446,-0.21296078799061213,0.5529562648821064,1,29.37006950378418,29.594898223876953,-0.021308400327150517,0.030301814802431146,0.05469342191439935
1777876517.1029952,0.19064809563869944,-0.2168258965909463,0.5511896727509202,1,20.11728286743164,20.330190658569336,-0.030656253757505525,0.026436706202096982,0.052926829783213156
1777876517.1581821,0.18234424673759905,-0.22148968570749666,0.5492567271157524,1,25.142431259155273,25.3603458404541,-0.038960102658605916,0.021772917085546642,0.05099388414804525
1777876517.210878,0.1789556739753882,-0.22398380512428528,0.5484320885372597,1,27.74643898010254,27.960777282714844,-0.04234867542081676,0.019278797668758008,0.050169245569552594
1777876517.254767,0.17393866256251356,-0.23018798273051688,0.5465713806564962,1,21.589279174804688,21.78215980529785,-0.04736568683369141,0.01307462006252641,0.04830853768878912
1777876517.3205981,0.1713160447956146,-0.23730337895332795,0.5446454171849806,1,37.317514419555664,37.529945373535156,-0.04998830460059037,0.0059592238397153385,0.046382574217273556
1777876517.3572257,0.17040376746043714,-0.24101179524164276,0.5435658024874046,1,23.76580238342285,23.972034454345703,-0.05090058193576782,0.00225080755140053,0.04530295951969757
1777876517.4086747,0.16897934853331378,-0.2486804073942854,0.5407789794287349,1,24.974584579467773,25.251150131225586,-0.05232500086289118,-0.00541780460124211,0.04251613646102784
1777876517.4549663,0.16769829656954308,-0.2561510875124284,0.5375448099766406,1,20.927906036376953,21.130800247192383,-0.053606052826661886,-0.012888484719385085,0.039281967008933494
1777876517.5189111,0.16729527418746298,-0.25961253528312433,0.5359300435663928,1,33.249616622924805,33.46109390258789,-0.054009075208742,-0.01634993249008107,0.03766720059868583
1777876517.5566795,0.16814479852948297,-0.266072807785189,0.5334139786399544,1,20.70474624633789,20.894289016723633,-0.053159550866722007,-0.0228102049921457,0.035151135672247334
1777876517.6179843,0.17090548718984272,-0.27295300972505515,0.5316147385889385,1,31.906843185424805,32.08518028259277,-0.050398862206362256,-0.02969040693201186,0.033351895621231434
1777876517.662694,0.17311512944208707,-0.27648720538540406,0.5309051593134244,1,26.47566795349121,26.690244674682617,-0.04818921995411791,-0.03322460259236079,0.032642316345717404
1777876517.7178056,0.17971731470368058,-0.28340426248570944,0.529871578006918,1,31.31246566772461,31.713485717773438,-0.0415870346925244,-0.04014165969266614,0.03160873503921093
1777876517.7765117,0.18970370844517587,-0.289880847020487,0.5287841321056496,1,39.95966911315918,40.20428657531738,-0.031600640951029116,-0.046618244227443706,0.030521289137942505
1777876517.8079562,0.19639366970542177,-0.29327502452863274,0.5279204173101183,1,21.15631103515625,21.34394645690918,-0.024910679690783193,-0.05001242173558945,0.029657574342411196
1777876517.8702374,0.2107931989735285,-0.30049917430436046,0.5267450698654608,1,33.34999084472656,33.57076644897461,-0.010511150422676478,-0.0572365715113172,0.028482226897753662
1777876517.9215848,0.2263587716439203,-0.30853523261005816,0.5263753696108652,1,34.465789794921875,34.82222557067871,0.005054422247715327,-0.06527262981701487,0.028112526643158067
1777876517.964535,0.23422160153039057,-0.31237062947799366,0.5264253435410112,1,27.486324310302734,27.71759033203125,0.012917252134185604,-0.06910802668495034,0.028162500573304137
1777876518.0142918,0.25050598920627415,-0.32001915002379716,0.527693447153846,1,27.158737182617188,27.405261993408203,0.0292016398100692,-0.07675654723075387,0.02943060418613893
1777876518.0633597,0.2629118696204231,-0.3230739436596099,0.5294149119583977,1,26.221275329589844,26.398897171020508,0.04160752022421814,-0.0798113408665666,0.03115206899069064
1777876518.109983,0.2686279976194492,-0.32413878986396755,0.5299980963327673,1,22.69911766052246,22.928237915039062,0.04732364822324427,-0.08087618707092425,0.03173525336506018
1777876518.157285,0.281574656280536,-0.32675984153381005,0.5290574608218869,1,19.930601119995117,20.15519142150879,0.060270306884331055,-0.08349723874076675,0.03079461785417984
1777876518.2142813,0.29145751376029616,-0.32761735586932733,0.5292502732097846,1,26.84617042541504,27.055740356445312,0.07015316436409122,-0.08435475307628404,0.030987430242077528
1777876518.2632468,0.2951718452158809,-0.3270647127031861,0.5301512560922076,1,25.71725845336914,25.94757080078125,0.07386749581967597,-0.08380210991014281,0.03188841312450057
1777876518.3297513,0.3,-0.3235734280835869,0.5330560764248355,1,41.94498062133789,42.24658012390137,0.07942820369842565,-0.08031082529054362,0.034793233457128446
1777876518.3667893,0.3,-0.31656064105777976,0.5365177996408937,1,28.941869735717773,29.15191650390625,0.08481834714917366,-0.07329803826473646,0.03825495667318673
1777876518.4171576,0.3,-0.3124099156181216,0.5384000127473538,1,29.255390167236328,29.44159507751465,0.08731586413980935,-0.0691473128250783,0.04013716977964671
1777876518.4752228,0.3,-0.2993790438944137,0.5445081888224618,1,37.18757629394531,37.431955337524414,0.0838958963080379,-0.05611644110137043,0.0462453458547547
1777876518.5270395,0.3,-0.28765094582874573,0.548530244076013,1,38.59972953796387,38.90371322631836,0.08228145459741418,-0.044388343035702466,0.050267401108306006
1777876518.5725775,0.3,-0.2822296201621044,0.550075843877686,1,34.178733825683594,34.36470031738281,0.08270154339334446,-0.03896701736906108,0.05181300090997897
1777876518.6300483,0.3,-0.2748245941023551,0.5537679864616702,1,41.19062423706055,41.420936584472656,0.08888222287188016,-0.03156199130931181,0.05550514349396317
1777876518.660123,0.3,-0.266315026319925,0.5562994479721113,1,21.216869354248047,21.439552307128906,0.0924759757984403,-0.023052423526881666,0.058036605004404274
1777876518.7055852,0.3,-0.26134386650675634,0.557279265210843,1,16.51287078857422,16.7233943939209,0.09322603026491483,-0.018081263713713047,0.05901642224313593
1777876518.7690861,0.3,-0.25155997876403774,0.5589377656445456,1,29.90269660949707,30.122041702270508,0.09347897666981092,-0.008297375970994447,0.060674922676838536
1777876518.8159852,0.3,-0.24216558631015345,0.5604489250734127,1,26.748180389404297,26.93772315979004,0.09146494539423974,0.0010970164828898454,0.062186082105705635
1777876518.8611045,0.3,-0.23422954864161483,0.5616634522377233,1,21.426916122436523,21.785497665405273,0.08776196663572827,0.009033054151428466,0.06340060927001617
1777876518.9250429,0.3,-0.23074808190654994,0.5621954522939224,1,35.28308868408203,35.49528121948242,0.08520879108163312,0.012514520886493352,0.0639326093262154
1777876518.970199,0.3,-0.2253737216367378,0.5628422552082881,1,30.367374420166016,30.58910369873047,0.07926048810269251,0.01788888115630549,0.06457941224058103
1777876519.021671,0.2933227791168608,-0.22142791013641572,0.5638328971618154,1,31.764984130859375,31.981229782104492,0.07201842972065581,0.021834692656627575,0.06557005419410834
1777876519.0594392,0.29013778696446724,-0.21985180948417682,0.564189037080893,1,19.28091049194336,19.483327865600586,0.06883343756826224,0.023410793308866473,0.06592619411318593
1777876519.1323051,0.2804369537582711,-0.21729235445595213,0.5649859778441342,1,41.86415672302246,42.098045349121094,0.05913260436206614,0.025970248337091162,0.06672313487642714
1777876519.1663437,0.2744175959731632,-0.21637549499698708,0.5653946442415148,1,25.379180908203125,25.73394775390625,0.0531132465769582,0.026887107796056214,0.06713180127380773
1777876519.2288861,0.2637371490401979,-0.21528282752583267,0.565788687524546,1,37.96744346618652,38.178205490112305,0.04243279964399293,0.027979775267210627,0.067525844556839
1777876519.2655017,0.25245736949755454,-0.21542052213646298,0.5653659090013606,1,24.517536163330078,24.72662925720215,0.031153020101349578,0.02784208065658031,0.06710306603365357
1777876519.3281472,0.24078336006147338,-0.21582747635431626,0.5643491260858031,1,37.070512771606445,37.286996841430664,0.01947901066526842,0.027435126438727017,0.06608628311809608
1777876519.3701625,0.2348005726906703,-0.2161137176772685,0.5638194566560086,1,28.987646102905273,29.212236404418945,0.013496223294465353,0.027148885115774804,0.06555661368830154
1777876519.4108903,0.22295488558228738,-0.21712105448537508,0.5622446516961884,1,19.716978073120117,19.898653030395508,0.0016505361860823936,0.02614154830766821,0.06398180872848139
1777876519.4785829,0.2115562910882717,-0.2187766907022049,0.5600692314664599,1,37.30368614196777,37.505149841308594,-0.009748058307933277,0.02448591209083839,0.061806388498752855
1777876519.517091,0.20654292072495156,-0.2198366879139778,0.5588759708900294,1,25.73227882385254,25.953054428100586,-0.014761428671253393,0.023425914879065493,0.060613127922322325
1777876519.5722039,0.1977032564858207,-0.22248701359814027,0.5564155600755701,1,30.75242042541504,30.972003936767578,-0.023601092910384272,0.02077558919490302,0.05815271710786312
1777876519.6158855,0.1901970215081326,-0.22619970641742593,0.5539457922660553,1,24.31035041809082,24.50871467590332,-0.03110732788807237,0.017062896375617365,0.055682949298348265
1777876519.6643403,0.18672358310691226,-0.22840327678994407,0.5526447307149632,1,22.69434928894043,22.891521453857422,-0.034580766289292714,0.014859326003099221,0.054381887747256136
1777876519.7173247,0.18041000862409767,-0.23357063612931855,0.5497469802185553,1,25.60710906982422,25.819063186645508,-0.040894340772107296,0.009691966663724738,0.05148413725084823
1777876519.764753,0.17532588972366583,-0.23939139180992064,0.5470205966782207,1,22.953271865844727,23.16737174987793,-0.04597845967253913,0.0038712109831226527,0.04875775371051359
1777876519.8168333,0.17324404964066503,-0.24228109092151184,0.5457085015400752,1,25.004148483276367,25.176048278808594,-0.04806029975553995,0.0009815118715314625,0.047445658572368106
1777876519.8649256,0.1687059111176546,-0.2488774459081441,0.5427878764438737,1,23.01335334777832,23.209333419799805,-0.05259843827855038,-0.005614843115100798,0.04452503347616661
1777876519.9201462,0.16464369607888607,-0.25558377171516233,0.5399287016287158,1,28.141021728515625,28.35369110107422,-0.05666065331731889,-0.012321168922119069,0.04166585866100874
1777876519.9835196,0.1627763653279774,-0.2590587225112105,0.538452435158211,1,41.402339935302734,41.62955284118652,-0.05852798406822756,-0.01579611971816719,0.040189592190503845
1777876520.017202,0.15885596168571745,-0.26606758137677156,0.5352780862164489,1,24.372339248657227,24.60169792175293,-0.06244838771048753,-0.022804978583728264,0.0370152432487418
1777876520.0698197,0.1553188703623028,-0.27249438627784744,0.532112654227463,1,26.842117309570312,27.089595794677734,-0.06598547903390217,-0.029231783484804152,0.03384981125975596
1777876520.1145368,0.15376898293693952,-0.27564664204783884,0.5304431015768324,1,21.495819091796875,21.73447608947754,-0.06753536645926544,-0.03238403925479552,0.03218025860912536
1777876520.184256,0.15118150644063444,-0.28119176691161857,0.5273242932234631,1,41.133880615234375,41.376590728759766,-0.07012284295557053,-0.037929164118575276,0.029061450255756002
1777876520.2192724,0.15033578958210425,-0.28655524798137155,0.5245607431553708,1,25.868892669677734,26.092529296875,-0.07096855981410072,-0.04329264518832829,0.026297900187663772
1777876520.2649863,0.15102392183509347,-0.28878240684585327,0.5233846356574593,1,20.797252655029297,21.016359329223633,-0.0702804275611115,-0.045519804052809976,0.025121792689752266
1777876520.3229692,0.15528697295927923,-0.29329418172301025,0.5212286168709397,1,28.717517852783203,28.91683578491211,-0.06601737643692573,-0.050031578929966986,0.02296577390323258
1777876520.3741472,0.16327473767318756,-0.298486808290147,0.5190839507897287,1,29.272794723510742,29.486656188964844,-0.0580296117230174,-0.05522420549710372,0.020821107822021567
1777876520.4146516,0.16837535165490128,-0.3014443270681804,0.5181600874413103,1,19.301891326904297,19.523143768310547,-0.05292899774130369,-0.058181724275137126,0.0198972444736032
1777876520.4712934,0.1807345775678761,-0.3081609879172386,0.5169894287667649,1,23.40865135192871,23.645639419555664,-0.04056977182832887,-0.06489838512419532,0.01872658579905788
1777876520.5224144,0.1959679029938946,-0.3160640004433011,0.516774633908808,1,24.33919906616211,24.55425262451172,-0.02533644640231035,-0.07280139765025778,0.018511790941100878
1777876520.571418,0.20406574953782508,-0.3200627629463827,0.5171379572608267,1,23.20122718811035,23.444652557373047,-0.017238599858379895,-0.0768001601533394,0.018875114293119583
1777876520.6254914,0.219798893739375,-0.32753738619255274,0.5184076227078426,1,27.22764015197754,27.436017990112305,-0.001505455656829982,-0.08427478339950945,0.020144779740135482
1777876520.6736653,0.23599336025630777,-0.3338781649655515,0.5209159023707336,1,25.319576263427734,25.54607391357422,0.014689010860102804,-0.09061556217250821,0.022653059403026504
1777876520.7241857,0.2433283285039371,-0.3358423612981413,0.5228814062734296,1,23.405790328979492,23.615121841430664,0.022023979107732135,-0.09257975850509803,0.02461856330572252
1777876520.7699125,0.2570179020832763,-0.3381033380446147,0.5275611237902922,1,19.005775451660156,19.258975982666016,0.03571355268707135,-0.09484073525157138,0.029298280822585107
1777876520.822907,0.27031993347617067,-0.3384824103975378,0.5319835817415909,1,21.279573440551758,21.595001220703125,0.04901558407996568,-0.09521980760449453,0.03372073877388386
1777876520.8797212,0.2813466837086174,-0.33577965946533794,0.5359087061947907,1,28.031349182128906,28.295516967773438,0.06004233431241238,-0.09251705667229468,0.03764586322708362
1777876520.9199045,0.28574057194719127,-0.33322233249111544,0.5377521040918887,1,18.09096336364746,18.329143524169922,0.06443622255098627,-0.08995972969807212,0.039489261124181566
1777876520.9832652,0.2934690635130899,-0.32472215626383905,0.5417928655879963,1,31.400442123413086,31.599998474121094,0.07216471411688491,-0.08145955347079573,0.043530022620289294
1777876521.0284884,0.2999676562432297,-0.3133881014088382,0.5458837818167369,1,26.552677154541016,26.762008666992188,0.07866330684702472,-0.0701254986157949,0.04762093884902987
1777876521.072355,0.3,-0.306616401644791,0.5476378964057727,1,19.72484588623047,19.973039627075195,0.08158706132737656,-0.06335379885174769,0.04937505343806554
1777876521.133646,0.3,-0.29336846349698714,0.5505872346380032,1,30.225038528442383,30.54213523864746,0.08568377418091888,-0.05010586070394385,0.05232439167029615
1777876521.1812131,0.3,-0.28750372095225235,0.5515132664931047,1,27.766704559326172,28.009414672851562,0.08725602367302429,-0.04424111815920906,0.053250423525397675
1777876521.2500706,0.3,-0.2735530369285208,0.5527134239983671,1,45.81189155578613,46.18978500366211,0.09022923782412853,-0.030290434135477495,0.054450581030660014
1777876521.2782152,0.3,-0.2606907372915499,0.5540743877678145,1,24.03092384338379,24.25980567932129,0.0910150944943384,-0.01742813449850658,0.05581154480010747
1777876521.3341546,0.3,-0.24841951019713693,0.5555879836538291,1,29.868364334106445,30.107975006103516,0.0891742587329292,-0.005156907404093636,0.05732514068612208
1777876521.383913,0.3,-0.24290206413322596,0.5563728482482061,1,29.569625854492188,29.809236526489258,0.08748579319422761,0.0003605386598173471,0.05811000528049907
1777876521.4322965,0.3,-0.23292378945504613,0.5573466719571701,1,27.025222778320312,27.23383903503418,0.08275338957434974,0.01033881333799716,0.0590838289894631
1777876521.4781315,0.2977102388356011,-0.22501498994233068,0.557765178296258,1,20.070791244506836,20.28036117553711,0.07640588943939616,0.018247612850712608,0.05950233532855097
1777876521.5361805,0.2947671905944983,-0.2233883806229387,0.5576522750985847,1,28.023958206176758,28.231143951416016,0.07346284119829335,0.019874222170104608,0.05938943213087765
1777876521.5835235,0.2874592165597577,-0.21965346523896997,0.5571731764536964,1,25.154829025268555,25.467634201049805,0.0661548671635527,0.023609137554073317,0.058910333485989334
1777876521.6332173,0.27684886005794257,-0.2152984690341449,0.5563602837904597,1,24.69325065612793,24.9788761138916,0.055544510661737594,0.02796413375889839,0.058097440822752575
1777876521.681233,0.27069901888762865,-0.21316121586703254,0.5555313076077728,1,22.632837295532227,22.869586944580078,0.04939466949142366,0.030101386926010748,0.05726846464006572
1777876521.75168,0.2568657125875364,-0.2098821141688899,0.5527085671107403,1,42.88291931152344,43.15447807312012,0.03556136319133139,0.03338048862415338,0.05444572414303323
1777876521.781884,0.24343217143982304,-0.2085731973556107,0.5491413139760739,1,23.075103759765625,23.31066131591797,0.02212782204361808,0.03468940543743261,0.05087847100836683
1777876521.848618,0.23662204060436764,-0.2087018294204644,0.5468066796506065,1,39.70932960510254,39.969444274902344,0.015317691208162672,0.0345607733725789,0.04854383668289944
1777876521.876934,0.22413737546668122,-0.2099837486548862,0.5414771680143452,1,17.988920211791992,18.167495727539062,0.002833026070476242,0.033278854138157093,0.04321432504663809
1777876521.9557185,0.21209144038794836,-0.21313886650589353,0.535748178675008,1,46.54502868652344,46.8592643737793,-0.009212909008256612,0.030123736287149774,0.03748533570730089
1777876521.9874225,0.20611935946908103,-0.21510914563483838,0.5332098964667711,1,26.98230743408203,27.23240852355957,-0.015184989927123943,0.028153457158204914,0.034947053499064074
1777876522.0343542,0.19421599128340608,-0.21970561435939318,0.5292150753802177,1,23.841381072998047,24.08885955810547,-0.027088358112798888,0.023556988433650103,0.030952232412510626
1777876522.0894406,0.18353579167583717,-0.22565719709761772,0.5263797169254804,1,28.860807418823242,29.108762741088867,-0.037768557720367815,0.01760540569542557,0.02811687395777332
1777876522.1321144,0.17447234909718903,-0.23245915126667974,0.5233472882117968,1,21.378755569458008,21.610021591186523,-0.04683200029901594,0.010803451526363556,0.025084445244089662
1777876522.179248,0.17120864247518125,-0.23591902054387032,0.5217895854354714,1,18.21303367614746,18.453359603881836,-0.050095706921023726,0.007343582249172975,0.023526742467764303
1777876522.231032,0.16791300203704357,-0.24288955399167989,0.5189017274389898,1,19.921064376831055,20.159244537353516,-0.05339134735916141,0.00037304880136339313,0.020638884471282745
